ISO-10303-21;
HEADER;
FILE_DESCRIPTION (( 'STEP AP214' ),
    '1' );
FILE_NAME ('BM1.6×4.step',
    '2018-09-04T14:31:42',
    ( 'IT Division' ),
    ( 'IT' ),
    'SwSTEP 2.0',
    'SolidWorks 2016',
    '' );
FILE_SCHEMA (( 'AUTOMOTIVE_DESIGN' ));
ENDSEC;

DATA;
#1 = DIRECTION ( 'NONE',  ( -0.7913225578020795000, -0.2191057685624263100, -0.5707900416933035000 ) ) ;
#2 = VERTEX_POINT ( 'NONE', #440 ) ;
#3 = CARTESIAN_POINT ( 'NONE',  ( 0.2666666666666668300, -0.2526867492235977400, 0.5134449304814183700 ) ) ;
#4 = CARTESIAN_POINT ( 'NONE',  ( 0.0000000000000000000, -0.4032276487223181400, -9.876228986710004500E-017 ) ) ;
#5 = CARTESIAN_POINT ( 'NONE',  ( 0.8000000000000000400, 0.3792718107531265500, 0.1934846820079770300 ) ) ;
#6 = B_SPLINE_CURVE_WITH_KNOTS ( 'NONE', 3,
 ( #747, #297, #53, #163 ),
 .UNSPECIFIED., .F., .F.,
 ( 4, 4 ),
 ( 0.0000000000000000000, 1.000000000000000000 ),
 .UNSPECIFIED. ) ;
#7 = CARTESIAN_POINT ( 'NONE',  ( 0.2666666666666666600, 0.1703599460477335800, 0.4435405681425532700 ) ) ;
#8 = EDGE_CURVE ( 'NONE', #428, #621, #319, .T. ) ;
#9 = DIRECTION ( 'NONE',  ( 0.0000000000000000000, 0.7071067811865472400, -0.7071067811865479100 ) ) ;
#10 = CARTESIAN_POINT ( 'NONE',  ( 0.8000000000000000400, -0.1835871578591227500, 0.3754725071964871200 ) ) ;
#11 = CARTESIAN_POINT ( 'NONE',  ( 0.0000000000000000000, -0.4774994594754447000, -0.1934846820079769200 ) ) ;
#12 = MECHANICAL_DESIGN_GEOMETRIC_PRESENTATION_REPRESENTATION (  '', ( #347 ), #799 ) ;
#13 = LINE ( 'NONE', #1420, #865 ) ;
#14 = CARTESIAN_POINT ( 'NONE',  ( 0.7999999999999991600, 0.3450780787433699300, -0.1044069646682903400 ) ) ;
#15 = CLOSED_SHELL ( 'NONE', ( #541, #239, #195, #1196, #789, #545, #439, #1421, #943, #170, #1027, #1308, #91, #321, #185, #1266, #1505, #1001, #1066, #647, #529, #1007, #445, #1239, #953, #19, #1023, #654, #417, #206, #1205, #1362, #1295, #250, #1429, #680, #37, #559, #1248, #363, #144, #633, #991, #719, #216, #610, #802, #1390 ) ) ;
#16 = ORIENTED_EDGE ( 'NONE', *, *, #382, .T. ) ;
#17 = EDGE_CURVE ( 'NONE', #489, #1500, #1148, .T. ) ;
#18 = DIRECTION ( 'NONE',  ( 0.0000000000000000000, 0.7071067811865479100, -0.7071067811865472400 ) ) ;
#19 = ADVANCED_FACE ( 'NONE', ( #576 ), #1366, .F. ) ;
#20 = EDGE_LOOP ( 'NONE', ( #271, #1253, #1186, #595 ) ) ;
#21 = ORIENTED_EDGE ( 'NONE', *, *, #507, .T. ) ;
#22 = CARTESIAN_POINT ( 'NONE',  ( 0.8000000000000000400, 0.3792718107531265500, -0.1934846820079770300 ) ) ;
#23 = PRODUCT_DEFINITION_CONTEXT ( 'detailed design', #222, 'design' ) ;
#24 = CARTESIAN_POINT ( 'NONE',  ( 0.8000000000000000400, 0.1934846820079768600, -0.3792718107531266600 ) ) ;
#25 = DIRECTION ( 'NONE',  ( 0.0000000000000000000, 0.0000000000000000000, 1.000000000000000000 ) ) ;
#26 = LINE ( 'NONE', #635, #1519 ) ;
#27 = CARTESIAN_POINT ( 'NONE',  ( 0.8000000000000000400, 0.3049999999999999900, 0.0000000000000000000 ) ) ;
#28 = LINE ( 'NONE', #628, #103 ) ;
#29 = CARTESIAN_POINT ( 'NONE',  ( 0.0000000000000000000, 0.4965711163987844800, 0.2132339608863092500 ) ) ;
#30 = CARTESIAN_POINT ( 'NONE',  ( 0.4000000000000000200, -0.1340995371148527300, 0.4055898137744480300 ) ) ;
#31 = SURFACE_STYLE_FILL_AREA ( #1220 ) ;
#32 = EDGE_LOOP ( 'NONE', ( #1275, #1502, #611, #249 ) ) ;
#33 = ORIENTED_EDGE ( 'NONE', *, *, #443, .T. ) ;
#34 = ORIENTED_EDGE ( 'NONE', *, *, #273, .T. ) ;
#35 = EDGE_CURVE ( 'NONE', #187, #1399, #606, .T. ) ;
#36 = DIRECTION ( 'NONE',  ( -0.7913225578020798300, -0.5707900416933035000, 0.2191057685624252800 ) ) ;
#37 = ADVANCED_FACE ( 'NONE', ( #688 ), #199, .T. ) ;
#38 = CARTESIAN_POINT ( 'NONE',  ( 0.8000000000000000400, -0.07471439222172821000, -0.3336801680734513600 ) ) ;
#39 = CARTESIAN_POINT ( 'NONE',  ( 0.8000000000000000400, -0.3336801680734513000, -0.07471439222172843200 ) ) ;
#40 = EDGE_CURVE ( 'NONE', #166, #1500, #1294, .T. ) ;
#41 = CIRCLE ( 'NONE', #90, 0.1000000000000000500 ) ;
#42 = VECTOR ( 'NONE', #1401, 1000.000000000000100 ) ;
#43 = ORIENTED_EDGE ( 'NONE', *, *, #1263, .T. ) ;
#44 = ORIENTED_EDGE ( 'NONE', *, *, #662, .T. ) ;
#45 = DIRECTION ( 'NONE',  ( 0.0000000000000000000, 0.0000000000000000000, 1.000000000000000000 ) ) ;
#46 = ORIENTED_EDGE ( 'NONE', *, *, #177, .T. ) ;
#47 = ORIENTED_EDGE ( 'NONE', *, *, #264, .T. ) ;
#48 = CARTESIAN_POINT ( 'NONE',  ( 0.0000000000000000000, -0.4304760285479638500, -0.7063593425555220200 ) ) ;
#49 = EDGE_LOOP ( 'NONE', ( #171, #665, #1172, #1184 ) ) ;
#50 = EDGE_CURVE ( 'NONE', #234, #1371, #1217, .T. ) ;
#51 = CARTESIAN_POINT ( 'NONE',  ( 0.0000000000000000000, 0.6491443717855025500, 0.3712281919129669100 ) ) ;
#52 = CARTESIAN_POINT ( 'NONE',  ( 0.8000000000000000400, 0.07471439222172814000, -0.3336801680734513600 ) ) ;
#53 = CARTESIAN_POINT ( 'NONE',  ( 0.5333333333333333300, 0.2724817975213058000, -0.4883009880205918000 ) ) ;
#54 = DIRECTION ( 'NONE',  ( 0.9738802282005275500, 0.1445850461505936200, 0.1750784554127639800 ) ) ;
#55 = EDGE_CURVE ( 'NONE', #752, #152, #104, .T. ) ;
#56 = PLANE ( 'NONE',  #602 ) ;
#57 = LINE ( 'NONE', #30, #1031 ) ;
#58 = AXIS2_PLACEMENT_3D ( 'NONE', #535, #290, #1107 ) ;
#59 = CARTESIAN_POINT ( 'NONE',  ( 0.8000000000000006000, 0.1044069646682904100, -0.3450780787433703800 ) ) ;
#60 = VECTOR ( 'NONE', #1050, 999.9999999999998900 ) ;
#61 = CARTESIAN_POINT ( 'NONE',  ( 0.0000000000000000000, -0.4774994594754447000, 0.1934846820079770000 ) ) ;
#62 = VECTOR ( 'NONE', #631, 1000.000000000000000 ) ;
#63 = ORIENTED_EDGE ( 'NONE', *, *, #68, .F. ) ;
#64 = EDGE_LOOP ( 'NONE', ( #873, #720, #452, #503 ) ) ;
#65 = CARTESIAN_POINT ( 'NONE',  ( 0.8000000000000000400, -0.3792718107531266000, -0.1934846820079772200 ) ) ;
#66 = CARTESIAN_POINT ( 'NONE',  ( 0.5333333333333333300, 0.3816199318741158000, 0.1143044888171445600 ) ) ;
#67 = ORIENTED_EDGE ( 'NONE', *, *, #1080, .F. ) ;
#68 = EDGE_CURVE ( 'NONE', #962, #1076, #705, .T. ) ;
#69 = CARTESIAN_POINT ( 'NONE',  ( 0.2666666666666666600, -0.4435405681425533300, 0.1703599460477335200 ) ) ;
#70 = PRESENTATION_LAYER_ASSIGNMENT (  '', '', ( #145 ) ) ;
#71 = CARTESIAN_POINT ( 'NONE',  ( 4.625000000000000900, 0.0000000000000000000, 0.0000000000000000000 ) ) ;
#72 = CARTESIAN_POINT ( 'NONE',  ( 0.0000000000000000000, 0.1934846820079770500, -0.4774994594754447000 ) ) ;
#73 = CARTESIAN_POINT ( 'NONE',  ( -3.442001378349206100, 0.0000000000000000000, 0.0000000000000000000 ) ) ;
#74 = FACE_OUTER_BOUND ( 'NONE', #895, .T. ) ;
#75 = AXIS2_PLACEMENT_3D ( 'NONE', #1185, #483, #1302 ) ;
#76 = CYLINDRICAL_SURFACE ( 'NONE', #308, 1.330000000000000100 ) ;
#77 = DIRECTION ( 'NONE',  ( -1.000000000000000000, -0.0000000000000000000, -0.0000000000000000000 ) ) ;
#78 = CARTESIAN_POINT ( 'NONE',  ( 0.8000000000000000400, 0.1835871578591228300, 0.3754725071964870600 ) ) ;
#79 = ORIENTED_EDGE ( 'NONE', *, *, #1241, .F. ) ;
#80 = ORIENTED_EDGE ( 'NONE', *, *, #1475, .T. ) ;
#81 = CARTESIAN_POINT ( 'NONE',  ( 0.8000000000000000400, -0.3792718107531265500, -0.1934846820079771900 ) ) ;
#82 = CARTESIAN_POINT ( 'NONE',  ( 0.5333333333333333300, -0.1538488159931849200, 0.4082901959107347900 ) ) ;
#83 = ORIENTED_EDGE ( 'NONE', *, *, #676, .F. ) ;
#84 = ORIENTED_EDGE ( 'NONE', *, *, #1064, .F. ) ;
#85 = VERTEX_POINT ( 'NONE', #1155 ) ;
#86 = PLANE ( 'NONE',  #508 ) ;
#87 = DIRECTION ( 'NONE',  ( -1.000000000000000000, -0.0000000000000000000, -0.0000000000000000000 ) ) ;
#88 = EDGE_CURVE ( 'NONE', #579, #151, #184, .T. ) ;
#89 = CARTESIAN_POINT ( 'NONE',  ( 0.0000000000000000000, -0.5919294010154827500, -0.3119803552779703600 ) ) ;
#90 = AXIS2_PLACEMENT_3D ( 'NONE', #288, #310, #882 ) ;
#91 = ADVANCED_FACE ( 'NONE', ( #1274 ), #76, .T. ) ;
#92 = DIRECTION ( 'NONE',  ( -0.4461966605208797500, -0.6328145621507199600, 0.6328145621507200700 ) ) ;
#93 = CARTESIAN_POINT ( 'NONE',  ( 1.348449999999998400, 0.0000000000000000000, -0.6484500000000000800 ) ) ;
#94 = CARTESIAN_POINT ( 'NONE',  ( 0.2666666666666666600, 0.3514789130346347400, -0.5973301652880568200 ) ) ;
#95 = CARTESIAN_POINT ( 'NONE',  ( 0.0000000000000000000, 0.4774994594754447000, -0.1934846820079770300 ) ) ;
#96 = CARTESIAN_POINT ( 'NONE',  ( 0.8000000000000000400, 0.07471439222172811300, -0.3336801680734513600 ) ) ;
#97 = SURFACE_STYLE_USAGE ( .BOTH. , #566 ) ;
#98 = CARTESIAN_POINT ( 'NONE',  ( 0.4000000000000000200, -0.4055898137744480300, 0.1340995371148526500 ) ) ;
#99 = EDGE_CURVE ( 'NONE', #1076, #1349, #1291, .T. ) ;
#100 = DIRECTION ( 'NONE',  ( 0.0000000000000000000, 0.0000000000000000000, 1.000000000000000000 ) ) ;
#101 = VECTOR ( 'NONE', #1178, 1000.000000000000100 ) ;
#102 = CARTESIAN_POINT ( 'NONE',  ( 0.4000000000000000200, 0.4055898137744480300, -0.1340995371148527300 ) ) ;
#103 = VECTOR ( 'NONE', #641, 1000.000000000000200 ) ;
#104 = LINE ( 'NONE', #651, #1036 ) ;
#105 = VERTEX_POINT ( 'NONE', #24 ) ;
#106 = DIRECTION ( 'NONE',  ( -0.0000000000000000000, 0.6946583704589961400, -0.7193398003386523000 ) ) ;
#107 = ORIENTED_EDGE ( 'NONE', *, *, #1522, .T. ) ;
#108 = CARTESIAN_POINT ( 'NONE',  ( 0.0000000000000000000, -0.3119803552779702400, -0.5919294010154837500 ) ) ;
#109 = ORIENTED_EDGE ( 'NONE', *, *, #1210, .T. ) ;
#110 = DIRECTION ( 'NONE',  ( 0.0000000000000000000, 0.0000000000000000000, -1.000000000000000000 ) ) ;
#111 = ORIENTED_EDGE ( 'NONE', *, *, #1450, .T. ) ;
#112 = CARTESIAN_POINT ( 'NONE',  ( 0.0000000000000000000, -0.3119803552779703600, 0.5919294010154830800 ) ) ;
#113 = CARTESIAN_POINT ( 'NONE',  ( 0.0000000000000000000, -0.1934846820079771700, -0.4774994594754446400 ) ) ;
#114 = AXIS2_PLACEMENT_3D ( 'NONE', #732, #496, #738 ) ;
#115 = UNCERTAINTY_MEASURE_WITH_UNIT (LENGTH_MEASURE( 1.000000000000000100E-005 ), #759, 'distance_accuracy_value', 'NONE');
#116 = CARTESIAN_POINT ( 'NONE',  ( 0.1184499999999930300, 0.0000000000000000000, 0.0000000000000000000 ) ) ;
#117 = CONICAL_SURFACE ( 'NONE', #1452, 0.6484500000000000800, 0.7853981633974429500 ) ;
#118 = VECTOR ( 'NONE', #509, 1000.000000000000000 ) ;
#119 = EDGE_CURVE ( 'NONE', #1209, #392, #1410, .T. ) ;
#120 = CYLINDRICAL_SURFACE ( 'NONE', #1368, 1.330000000000000100 ) ;
#121 = PLANE ( 'NONE',  #477 ) ;
#122 = CARTESIAN_POINT ( 'NONE',  ( 0.2666666666666666600, -0.3514789130346348500, 0.5973301652880568200 ) ) ;
#123 = ORIENTED_EDGE ( 'NONE', *, *, #350, .T. ) ;
#124 = AXIS2_PLACEMENT_3D ( 'NONE', #1487, #914, #776 ) ;
#125 = EDGE_LOOP ( 'NONE', ( #894, #1256, #1417, #876 ) ) ;
#126 = ORIENTED_EDGE ( 'NONE', *, *, #1004, .T. ) ;
#127 = ORIENTED_EDGE ( 'NONE', *, *, #220, .F. ) ;
#128 = ORIENTED_EDGE ( 'NONE', *, *, #1450, .F. ) ;
#129 = CARTESIAN_POINT ( 'NONE',  ( 0.0000000000000000000, 0.6872876856321823400, -0.4107267496696314100 ) ) ;
#130 = PRESENTATION_STYLE_ASSIGNMENT (( #982 ) ) ;
#131 = CARTESIAN_POINT ( 'NONE',  ( 0.0000000000000000000, -0.7063593425555222400, 0.4304760285479633500 ) ) ;
#132 = LINE ( 'NONE', #713, #681 ) ;
#133 = LINE ( 'NONE', #95, #1459 ) ;
#134 = CIRCLE ( 'NONE', #194, 1.330000000000000100 ) ;
#135 = EDGE_CURVE ( 'NONE', #711, #152, #1386, .T. ) ;
#136 = DIRECTION ( 'NONE',  ( 0.0000000000000000000, 0.3583679495453011000, 0.9335804264972015200 ) ) ;
#137 = ORIENTED_EDGE ( 'NONE', *, *, #8, .F. ) ;
#138 = AXIS2_PLACEMENT_3D ( 'NONE', #1283, #1407, #696 ) ;
#139 = ORIENTED_EDGE ( 'NONE', *, *, #344, .F. ) ;
#140 = ORIENTED_EDGE ( 'NONE', *, *, #1485, .F. ) ;
#141 = CARTESIAN_POINT ( 'NONE',  ( 0.8000000000000000400, -0.3792718107531265500, 0.1934846820079771100 ) ) ;
#142 = DIRECTION ( 'NONE',  ( 0.9738802282005275500, 0.1445850461505936200, -0.1750784554127639800 ) ) ;
#143 = EDGE_CURVE ( 'NONE', #1125, #474, #537, .T. ) ;
#144 = ADVANCED_FACE ( 'NONE', ( #718 ), #121, .T. ) ;
#145 = STYLED_ITEM ( 'NONE', ( #1392 ), #439 ) ;
#146 = CARTESIAN_POINT ( 'NONE',  ( 4.800000000000000700, 0.0000000000000000000, 0.4968911086754463900 ) ) ;
#147 = LINE ( 'NONE', #1083, #118 ) ;
#148 = PLANE ( 'NONE',  #114 ) ;
#149 = LINE ( 'NONE', #571, #372 ) ;
#150 = CARTESIAN_POINT ( 'NONE',  ( 0.3999999999999999700, 2.710505431213760800E-017, -0.3541138243611588500 ) ) ;
#151 = VERTEX_POINT ( 'NONE', #1197 ) ;
#152 = VERTEX_POINT ( 'NONE', #829 ) ;
#153 = EDGE_CURVE ( 'NONE', #1315, #392, #843, .T. ) ;
#154 = PLANE ( 'NONE',  #1211 ) ;
#155 = EDGE_LOOP ( 'NONE', ( #1039, #1375, #978, #1171 ) ) ;
#156 = AXIS2_PLACEMENT_3D ( 'NONE', #1087, #1334, #1337 ) ;
#157 = CARTESIAN_POINT ( 'NONE',  ( 0.0000000000000000000, -0.4774994594754447000, -0.1934846820079769200 ) ) ;
#158 = EDGE_CURVE ( 'NONE', #1414, #938, #800, .T. ) ;
#159 = VECTOR ( 'NONE', #136, 999.9999999999998900 ) ;
#160 = CARTESIAN_POINT ( 'NONE',  ( -0.0000000000000000000, -0.4965711163987844800, 0.2132339608863091100 ) ) ;
#161 = VECTOR ( 'NONE', #304, 1000.000000000000100 ) ;
#162 = CIRCLE ( 'NONE', #722, 0.7999999999999997100 ) ;
#163 = CARTESIAN_POINT ( 'NONE',  ( 0.8000000000000000400, 0.1934846820079768600, -0.3792718107531266600 ) ) ;
#164 = CARTESIAN_POINT ( 'NONE',  ( 0.8000000000000000400, 0.3374794716300910100, 0.08461191637058236600 ) ) ;
#165 = VERTEX_POINT ( 'NONE', #883 ) ;
#166 = VERTEX_POINT ( 'NONE', #484 ) ;
#167 = CARTESIAN_POINT ( 'NONE',  ( 0.5333333333333333300, -0.3905100198863221100, -0.1274859312091579900 ) ) ;
#168 = CARTESIAN_POINT ( 'NONE',  ( 0.5333333333333333300, -0.4082901959107349500, 0.1538488159931848700 ) ) ;
#169 = ORIENTED_EDGE ( 'NONE', *, *, #153, .F. ) ;
#170 = ADVANCED_FACE ( 'NONE', ( #519 ), #1325, .T. ) ;
#171 = ORIENTED_EDGE ( 'NONE', *, *, #1322, .F. ) ;
#172 = CARTESIAN_POINT ( 'NONE',  ( 0.5333333333333334400, -0.2724817975213056900, 0.4883009880205916900 ) ) ;
#173 = DIRECTION ( 'NONE',  ( -1.000000000000000000, -0.0000000000000000000, -0.0000000000000000000 ) ) ;
#174 = CARTESIAN_POINT ( 'NONE',  ( 0.0000000000000000000, -0.6491443717855032200, 0.3712281919129670800 ) ) ;
#175 = CARTESIAN_POINT ( 'NONE',  ( 0.5333333333333333300, -0.4794109000083853800, -0.2593003551292925000 ) ) ;
#176 = SURFACE_SIDE_STYLE ('',( #31 ) ) ;
#177 = EDGE_CURVE ( 'NONE', #915, #1209, #772, .T. ) ;
#178 = COLOUR_RGB ( '',0.6470588235294118000, 0.6196078431372549200, 0.5882352941176470800 ) ;
#179 = MECHANICAL_DESIGN_GEOMETRIC_PRESENTATION_REPRESENTATION (  '', ( #486 ), #561 ) ;
#180 = CARTESIAN_POINT ( 'NONE',  ( 0.8414213562373098500, 0.0000000000000000000, 0.0000000000000000000 ) ) ;
#181 = CARTESIAN_POINT ( 'NONE',  ( 0.8000000000000000400, -0.3336801680734513600, 0.07471439222172823700 ) ) ;
#182 = VECTOR ( 'NONE', #1011, 1000.000000000000100 ) ;
#183 = CARTESIAN_POINT ( 'NONE',  ( 0.8000000000000000400, -0.3754725071964868900, -0.1835871578591231300 ) ) ;
#184 = LINE ( 'NONE', #102, #385 ) ;
#185 = ADVANCED_FACE ( 'NONE', ( #1309 ), #303, .F. ) ;
#186 = ORIENTED_EDGE ( 'NONE', *, *, #190, .T. ) ;
#187 = VERTEX_POINT ( 'NONE', #93 ) ;
#188 = VERTEX_POINT ( 'NONE', #1376 ) ;
#189 = CARTESIAN_POINT ( 'NONE',  ( 0.5333333333333333300, -0.2724817975213058000, -0.4883009880205918000 ) ) ;
#190 = EDGE_CURVE ( 'NONE', #392, #505, #1070, .T. ) ;
#191 = CARTESIAN_POINT ( 'NONE',  ( 0.7999999999999994900, -0.3564759894132885600, -0.1340995371148525600 ) ) ;
#192 = CARTESIAN_POINT ( 'NONE',  ( 0.2666666666666666600, -0.1538945854125608700, 0.4295596956747803100 ) ) ;
#193 = DIRECTION ( 'NONE',  ( 0.0000000000000000000, 0.0000000000000000000, 1.000000000000000000 ) ) ;
#194 = AXIS2_PLACEMENT_3D ( 'NONE', #463, #218, #100 ) ;
#195 = ADVANCED_FACE ( 'NONE', ( #424 ), #120, .T. ) ;
#196 = DIRECTION ( 'NONE',  ( 0.0000000000000000000, 0.0000000000000000000, 1.000000000000000000 ) ) ;
#197 = CARTESIAN_POINT ( 'NONE',  ( 0.8000000000000001600, -0.02490479740724279800, 0.3145600560244837300 ) ) ;
#198 = CARTESIAN_POINT ( 'NONE',  ( 0.5333333333333331000, 0.2329374703452654300, 0.4616307239839728100 ) ) ;
#199 = PLANE ( 'NONE',  #1405 ) ;
#200 = DIRECTION ( 'NONE',  ( -1.000000000000000000, -0.0000000000000000000, -0.0000000000000000000 ) ) ;
#201 = DIRECTION ( 'NONE',  ( -0.0000000000000000000, 0.9335804264972009700, 0.3583679495453026000 ) ) ;
#202 = DIRECTION ( 'NONE',  ( 0.0000000000000000000, 0.0000000000000000000, 1.000000000000000000 ) ) ;
#203 = CARTESIAN_POINT ( 'NONE',  ( 0.7999999999999996000, 0.1044069646682902900, 0.3450780787433699900 ) ) ;
#204 = CARTESIAN_POINT ( 'NONE',  ( 0.5333333333333333300, -0.1274859312091579900, 0.3905100198863221100 ) ) ;
#205 = EDGE_CURVE ( 'NONE', #187, #839, #751, .T. ) ;
#206 = ADVANCED_FACE ( 'NONE', ( #471 ), #553, .T. ) ;
#207 = VECTOR ( 'NONE', #1416, 1000.000000000000000 ) ;
#208 =( NAMED_UNIT ( * ) PLANE_ANGLE_UNIT ( ) SI_UNIT ( $, .RADIAN. ) );
#209 = VECTOR ( 'NONE', #201, 999.9999999999998900 ) ;
#210 = TOROIDAL_SURFACE ( 'NONE', #1089, 0.7484500000000000600, 0.1000000000000000100 ) ;
#211 = DIRECTION ( 'NONE',  ( 0.0000000000000000000, 0.0000000000000000000, -1.000000000000000000 ) ) ;
#212 = ORIENTED_EDGE ( 'NONE', *, *, #507, .F. ) ;
#213 = ORIENTED_EDGE ( 'NONE', *, *, #17, .F. ) ;
#214 =( NAMED_UNIT ( * ) PLANE_ANGLE_UNIT ( ) SI_UNIT ( $, .RADIAN. ) );
#215 = ORIENTED_EDGE ( 'NONE', *, *, #1229, .T. ) ;
#216 = ADVANCED_FACE ( 'NONE', ( #256 ), #1152, .T. ) ;
#217 = ORIENTED_EDGE ( 'NONE', *, *, #1214, .F. ) ;
#218 = DIRECTION ( 'NONE',  ( -1.000000000000000000, -0.0000000000000000000, -0.0000000000000000000 ) ) ;
#219 = CARTESIAN_POINT ( 'NONE',  ( 0.5333333333333333300, 0.2724817975213058000, -0.4883009880205918000 ) ) ;
#220 = EDGE_CURVE ( 'NONE', #915, #1315, #1524, .T. ) ;
#221 = PLANE ( 'NONE',  #1071 ) ;
#222 = APPLICATION_CONTEXT ( 'automotive_design' ) ;
#223 = FACE_OUTER_BOUND ( 'NONE', #155, .T. ) ;
#224 = CARTESIAN_POINT ( 'NONE',  ( 0.2666666666666666600, -0.2032906673180794600, -0.4715023130780994200 ) ) ;
#225 = PLANE ( 'NONE',  #1514 ) ;
#226 = LINE ( 'NONE', #804, #1167 ) ;
#227 = CARTESIAN_POINT ( 'NONE',  ( 0.2666666666666665500, -0.3020828311291163200, 0.5553875478847377600 ) ) ;
#228 = VECTOR ( 'NONE', #106, 1000.000000000000000 ) ;
#229 = LINE ( 'NONE', #892, #62 ) ;
#230 = ORIENTED_EDGE ( 'NONE', *, *, #205, .T. ) ;
#231 = EDGE_LOOP ( 'NONE', ( #896, #1328, #1020, #648 ) ) ;
#232 = CARTESIAN_POINT ( 'NONE',  ( -0.0000000000000000000, 0.2132339608863092800, 0.4965711163987843700 ) ) ;
#233 = ORIENTED_EDGE ( 'NONE', *, *, #1454, .T. ) ;
#234 = VERTEX_POINT ( 'NONE', #1142 ) ;
#235 = CARTESIAN_POINT ( 'NONE',  ( 0.8414213562373098500, 0.0000000000000000000, 0.6484500000000000800 ) ) ;
#236 = ORIENTED_EDGE ( 'NONE', *, *, #737, .T. ) ;
#237 = CARTESIAN_POINT ( 'NONE',  ( 0.8000000000000000400, -5.421010862427522200E-017, 0.3049999999999999400 ) ) ;
#238 = MECHANICAL_DESIGN_GEOMETRIC_PRESENTATION_REPRESENTATION (  '', ( #690 ), #327 ) ;
#239 = ADVANCED_FACE ( 'NONE', ( #970 ), #210, .F. ) ;
#240 = CARTESIAN_POINT ( 'NONE',  ( 0.5333333333333331000, 0.4616307239839729200, -0.2329374703452656300 ) ) ;
#241 = LINE ( 'NONE', #1005, #1249 ) ;
#242 = CARTESIAN_POINT ( 'NONE',  ( 0.8000000000000003800, 0.04980959481448547800, 0.3241201120489675100 ) ) ;
#243 = CARTESIAN_POINT ( 'NONE',  ( 0.5333333333333327700, 0.4082901959107348400, -0.1538488159931847600 ) ) ;
#244 = ORIENTED_EDGE ( 'NONE', *, *, #1022, .T. ) ;
#245 = ORIENTED_EDGE ( 'NONE', *, *, #939, .T. ) ;
#246 = EDGE_LOOP ( 'NONE', ( #846, #997, #801 ) ) ;
#247 = ORIENTED_EDGE ( 'NONE', *, *, #760, .F. ) ;
#248 = CARTESIAN_POINT ( 'NONE',  ( 0.8000000000000000400, -0.3792718107531265500, -0.1934846820079771100 ) ) ;
#249 = ORIENTED_EDGE ( 'NONE', *, *, #528, .F. ) ;
#250 = ADVANCED_FACE ( 'NONE', ( #336 ), #298, .F. ) ;
#251 = CARTESIAN_POINT ( 'NONE',  ( 0.7999999999999999300, 0.3145600560244837800, 0.02490479740724278100 ) ) ;
#252 = CARTESIAN_POINT ( 'NONE',  ( 0.2666666666666665500, 0.5553875478847382100, -0.3020828311291163200 ) ) ;
#253 = DIRECTION ( 'NONE',  ( 0.0000000000000000000, 0.0000000000000000000, 1.000000000000000000 ) ) ;
#254 = CONICAL_SURFACE ( 'NONE', #58, 0.6484500000000000800, 0.7853981633974429500 ) ;
#255 = FACE_OUTER_BOUND ( 'NONE', #1353, .T. ) ;
#256 = FACE_OUTER_BOUND ( 'NONE', #623, .T. ) ;
#257 = CARTESIAN_POINT ( 'NONE',  ( 0.8000000000000000400, -0.1934846820079768000, -0.3792718107531267100 ) ) ;
#258 = ORIENTED_EDGE ( 'NONE', *, *, #685, .F. ) ;
#259 = DIRECTION ( 'NONE',  ( 0.0000000000000000000, 0.0000000000000000000, 1.000000000000000000 ) ) ;
#260 = CARTESIAN_POINT ( 'NONE',  ( 0.0000000000000000000, 0.4032276487223181400, 0.0000000000000000000 ) ) ;
#261 = EDGE_LOOP ( 'NONE', ( #128, #820, #233, #1062 ) ) ;
#262 = B_SPLINE_CURVE_WITH_KNOTS ( 'NONE', 3,
 ( #38, #1340, #1482, #1354 ),
 .UNSPECIFIED., .F., .F.,
 ( 4, 4 ),
 ( 0.0000000000000000000, 1.000000000000000000 ),
 .UNSPECIFIED. ) ;
#263 = DIRECTION ( 'NONE',  ( -1.000000000000000000, -0.0000000000000000000, -0.0000000000000000000 ) ) ;
#264 = EDGE_CURVE ( 'NONE', #579, #406, #990, .T. ) ;
#265 = DIRECTION ( 'NONE',  ( -0.0000000000000000000, 0.0000000000000000000, 1.000000000000000000 ) ) ;
#266 = AXIS2_PLACEMENT_3D ( 'NONE', #116, #461, #1513 ) ;
#267 = CARTESIAN_POINT ( 'NONE',  ( 0.8000000000000000400, -0.1934846820079767800, 0.3792718107531267100 ) ) ;
#268 = LINE ( 'NONE', #306, #1271 ) ;
#269 = CARTESIAN_POINT ( 'NONE',  ( -3.442001378349206100, 0.0000000000000000000, 0.0000000000000000000 ) ) ;
#270 = ORIENTED_EDGE ( 'NONE', *, *, #40, .F. ) ;
#271 = ORIENTED_EDGE ( 'NONE', *, *, #1287, .F. ) ;
#272 = ORIENTED_EDGE ( 'NONE', *, *, #706, .F. ) ;
#273 = EDGE_CURVE ( 'NONE', #187, #936, #149, .T. ) ;
#274 = EDGE_LOOP ( 'NONE', ( #1373, #1293, #215, #822 ) ) ;
#275 = ORIENTED_EDGE ( 'NONE', *, *, #1299, .T. ) ;
#276 = DIRECTION ( 'NONE',  ( 0.0000000000000000000, 0.9335804264972011900, -0.3583679495453019900 ) ) ;
#277 = CARTESIAN_POINT ( 'NONE',  ( -3.442001378349206100, 0.0000000000000000000, 0.0000000000000000000 ) ) ;
#278 = CARTESIAN_POINT ( 'NONE',  ( 0.5333333333333333300, -0.2724817975213058000, -0.4883009880205918000 ) ) ;
#279 = DIRECTION ( 'NONE',  ( -1.000000000000000000, 0.0000000000000000000, -0.0000000000000000000 ) ) ;
#280 = B_SPLINE_CURVE_WITH_KNOTS ( 'NONE', 3,
 ( #983, #281, #172, #1471 ),
 .UNSPECIFIED., .F., .F.,
 ( 4, 4 ),
 ( 0.0000000000000000000, 1.000000000000000000 ),
 .UNSPECIFIED. ) ;
#281 = CARTESIAN_POINT ( 'NONE',  ( 0.2666666666666667700, -0.3514789130346346900, 0.5973301652880566000 ) ) ;
#282 = DIRECTION ( 'NONE',  ( 0.0000000000000000000, 0.0000000000000000000, 1.000000000000000000 ) ) ;
#283 = CARTESIAN_POINT ( 'NONE',  ( 0.2666666666666665500, -0.5553875478847381000, 0.3020828311291162700 ) ) ;
#284 = EDGE_CURVE ( 'NONE', #523, #807, #134, .T. ) ;
#285 = AXIS2_PLACEMENT_3D ( 'NONE', #1115, #639, #1122 ) ;
#286 = CARTESIAN_POINT ( 'NONE',  ( 0.8000000000000000400, 0.1934846820079768600, 0.3792718107531266600 ) ) ;
#287 = LINE ( 'NONE', #1233, #1520 ) ;
#288 = CARTESIAN_POINT ( 'NONE',  ( 0.8414213562373098500, 0.0000000000000000000, 0.7484500000000000600 ) ) ;
#289 = DIRECTION ( 'NONE',  ( -0.5850050122996965900, -0.8110296761427610000, 0.0000000000000000000 ) ) ;
#290 = DIRECTION ( 'NONE',  ( -1.000000000000000000, -0.0000000000000000000, -0.0000000000000000000 ) ) ;
#291 = ORIENTED_EDGE ( 'NONE', *, *, #652, .T. ) ;
#292 = EDGE_LOOP ( 'NONE', ( #1151, #236, #291, #1463 ) ) ;
#293 = EDGE_CURVE ( 'NONE', #357, #1219, #1446, .T. ) ;
#294 = CARTESIAN_POINT ( 'NONE',  ( 0.2666666666666666600, -0.5973301652880569400, -0.3514789130346347400 ) ) ;
#295 = SURFACE_STYLE_USAGE ( .BOTH. , #176 ) ;
#296 = ORIENTED_EDGE ( 'NONE', *, *, #745, .T. ) ;
#297 = CARTESIAN_POINT ( 'NONE',  ( 0.2666666666666665000, 0.3514789130346348000, -0.5973301652880569400 ) ) ;
#298 = B_SPLINE_SURFACE_WITH_KNOTS ( 'NONE', 3, 3, ( 
 ( #1002, #900, #189, #1009 ),
 ( #301, #426, #459, #695 ),
 ( #469, #1413, #940, #1044 ),
 ( #108, #1041, #342, #1169 ),
 ( #927, #224, #1286, #581 ),
 ( #1269, #1523, #1159, #1278 ),
 ( #335, #1047, #1391, #701 ) ),
 .UNSPECIFIED., .F., .F., .F.,
 ( 4, 1, 1, 1, 4 ),
 ( 4, 4 ),
 ( 0.0000000000000000000, 0.07673106764425409500, 0.1534621352885081900, 0.2301932029327623500, 0.3069242705770163800 ),
 ( 0.0000000000000000000, 1.000000000000000000 ),
 .UNSPECIFIED. ) ;
#299 = CARTESIAN_POINT ( 'NONE',  ( -0.0000000000000000000, -0.6872876856321823400, -0.4107267496696312400 ) ) ;
#300 = DIRECTION ( 'NONE',  ( -0.0000000000000000000, 0.3583679495453008200, -0.9335804264972016300 ) ) ;
#301 = CARTESIAN_POINT ( 'NONE',  ( 0.0000000000000000000, -0.4107267496696316300, -0.6872876856321823400 ) ) ;
#302 = DIRECTION ( 'NONE',  ( -1.000000000000000000, -0.0000000000000000000, -0.0000000000000000000 ) ) ;
#303 = B_SPLINE_SURFACE_WITH_KNOTS ( 'NONE', 3, 3, ( 
 ( #723, #1082, #66, #1311 ),
 ( #29, #634, #992, #164 ),
 ( #1099, #889, #400, #1355 ),
 ( #1440, #742, #1112, #624 ),
 ( #51, #1223, #408, #629 ),
 ( #756, #524, #1465, #655 ),
 ( #1260, #671, #543, #447 ) ),
 .UNSPECIFIED., .F., .F., .F.,
 ( 4, 1, 1, 1, 4 ),
 ( 4, 4 ),
 ( 0.6930757294229833400, 0.7698067970672375400, 0.8465378647114916200, 0.9232689323557458100, 1.000000000000000000 ),
 ( 0.0000000000000000000, 1.000000000000000000 ),
 .UNSPECIFIED. ) ;
#304 = DIRECTION ( 'NONE',  ( -0.0000000000000000000, 0.7071067811865474600, 0.7071067811865474600 ) ) ;
#305 = CARTESIAN_POINT ( 'NONE',  ( -3.442001378349206100, 0.0000000000000000000, 1.330000000000000100 ) ) ;
#306 = CARTESIAN_POINT ( 'NONE',  ( 0.8000000000000000400, 0.3792718107531265500, 0.1934846820079770300 ) ) ;
#307 = COLOUR_RGB ( '',0.6470588235294118000, 0.6196078431372549200, 0.5882352941176470800 ) ;
#308 = AXIS2_PLACEMENT_3D ( 'NONE', #568, #1517, #809 ) ;
#309 = B_SPLINE_SURFACE_WITH_KNOTS ( 'NONE', 3, 3, ( 
 ( #855, #1314, #1442, #725 ),
 ( #1097, #875, #764, #881 ),
 ( #174, #283, #515, #740 ),
 ( #532, #391, #411, #1342 ),
 ( #999, #403, #168, #986 ),
 ( #160, #69, #645, #1460 ),
 ( #61, #1114, #1110, #1226 ) ),
 .UNSPECIFIED., .F., .F., .F.,
 ( 4, 1, 1, 1, 4 ),
 ( 4, 4 ),
 ( 0.0000000000000000000, 0.07673106764425409500, 0.1534621352885081900, 0.2301932029327623500, 0.3069242705770163800 ),
 ( 0.0000000000000000000, 1.000000000000000000 ),
 .UNSPECIFIED. ) ;
#310 = DIRECTION ( 'NONE',  ( 0.0000000000000000000, -1.000000000000000000, 0.0000000000000000000 ) ) ;
#311 = LINE ( 'NONE', #343, #467 ) ;
#312 = DIRECTION ( 'NONE',  ( -0.5850050122996967000, 0.0000000000000000000, 0.8110296761427608900 ) ) ;
#313 = CARTESIAN_POINT ( 'NONE',  ( 0.8000000000000001600, -0.04980959481448557500, 0.3241201120489674600 ) ) ;
#314 = CARTESIAN_POINT ( 'NONE',  ( -0.0000000000000000000, 0.4107267496696313500, -0.6872876856321822300 ) ) ;
#315 = B_SPLINE_SURFACE_WITH_KNOTS ( 'NONE', 3, 3, ( 
 ( #346, #1292, #1198, #1061 ),
 ( #129, #1441, #1181, #352 ),
 ( #491, #252, #240, #834 ),
 ( #1427, #1065, #485, #947 ),
 ( #1077, #844, #243, #14 ),
 ( #1437, #1303, #478, #1423 ),
 ( #724, #826, #830, #598 ) ),
 .UNSPECIFIED., .F., .F., .F.,
 ( 4, 1, 1, 1, 4 ),
 ( 4, 4 ),
 ( 0.0000000000000000000, 0.07673106764425417800, 0.1534621352885083600, 0.2301932029327625200, 0.3069242705770167100 ),
 ( 0.0000000000000000000, 1.000000000000000000 ),
 .UNSPECIFIED. ) ;
#316 = B_SPLINE_CURVE_WITH_KNOTS ( 'NONE', 3,
 ( #769, #796, #1021, #1491 ),
 .UNSPECIFIED., .F., .F.,
 ( 4, 4 ),
 ( 0.0000000000000000000, 1.000000000000000000 ),
 .UNSPECIFIED. ) ;
#317 = DIRECTION ( 'NONE',  ( -1.000000000000000000, -0.0000000000000000000, -0.0000000000000000000 ) ) ;
#318 = ORIENTED_EDGE ( 'NONE', *, *, #840, .F. ) ;
#319 = LINE ( 'NONE', #1257, #935 ) ;
#320 = ORIENTED_EDGE ( 'NONE', *, *, #1475, .F. ) ;
#321 = ADVANCED_FACE ( 'NONE', ( #893 ), #1054, .F. ) ;
#322 = CARTESIAN_POINT ( 'NONE',  ( 0.0000000000000000000, 0.4032276487223181400, 0.0000000000000000000 ) ) ;
#323 = DIRECTION ( 'NONE',  ( 0.0000000000000000000, 0.0000000000000000000, 1.000000000000000000 ) ) ;
#324 = CARTESIAN_POINT ( 'NONE',  ( 0.0000000000000000000, 1.084202172485504400E-016, 0.4032276487223180300 ) ) ;
#325 = ORIENTED_EDGE ( 'NONE', *, *, #1064, .T. ) ;
#326 = CARTESIAN_POINT ( 'NONE',  ( 0.8000000000000000400, -0.07471439222172825100, 0.3336801680734514100 ) ) ;
#327 =( GEOMETRIC_REPRESENTATION_CONTEXT ( 3 ) GLOBAL_UNCERTAINTY_ASSIGNED_CONTEXT ( ( #965 ) ) GLOBAL_UNIT_ASSIGNED_CONTEXT ( ( #1105, #398, #1225 ) ) REPRESENTATION_CONTEXT ( 'NONE', 'WORKASPACE' ) );
#328 = PLANE ( 'NONE',  #466 ) ;
#329 = CARTESIAN_POINT ( 'NONE',  ( 0.0000000000000000000, 0.1934846820079770500, -0.4774994594754447000 ) ) ;
#330 = CARTESIAN_POINT ( 'NONE',  ( 0.8000000000000000400, -0.1934846820079768000, -0.3792718107531266600 ) ) ;
#331 = CARTESIAN_POINT ( 'NONE',  ( 0.0000000000000000000, 0.7063593425555222400, 0.4304760285479635200 ) ) ;
#332 = CYLINDRICAL_SURFACE ( 'NONE', #371, 0.6484500000000000800 ) ;
#333 = B_SPLINE_SURFACE_WITH_KNOTS ( 'NONE', 3, 3, ( 
 ( #913, #192, #1134, #326 ),
 ( #1247, #1030, #204, #1119 ),
 ( #906, #783, #82, #1236 ),
 ( #112, #3, #1280, #1264 ),
 ( #1161, #227, #937, #806 ),
 ( #698, #1512, #1176, #10 ),
 ( #345, #122, #1518, #930 ) ),
 .UNSPECIFIED., .F., .F., .F.,
 ( 4, 1, 1, 1, 4 ),
 ( 4, 4 ),
 ( 0.6930757294229833400, 0.7698067970672375400, 0.8465378647114916200, 0.9232689323557458100, 1.000000000000000000 ),
 ( 0.0000000000000000000, 1.000000000000000000 ),
 .UNSPECIFIED. ) ;
#334 = VECTOR ( 'NONE', #867, 1000.000000000000000 ) ;
#335 = CARTESIAN_POINT ( 'NONE',  ( 0.0000000000000000000, -0.1934846820079771700, -0.4774994594754446400 ) ) ;
#336 = FACE_OUTER_BOUND ( 'NONE', #292, .T. ) ;
#337 = EDGE_LOOP ( 'NONE', ( #388, #1147 ) ) ;
#338 = ORIENTED_EDGE ( 'NONE', *, *, #153, .T. ) ;
#339 = VERTEX_POINT ( 'NONE', #1195 ) ;
#340 = DIRECTION ( 'NONE',  ( -0.3585659369575345800, 0.0000000000000000000, 0.9335044021608924800 ) ) ;
#341 = ORIENTED_EDGE ( 'NONE', *, *, #119, .T. ) ;
#342 = CARTESIAN_POINT ( 'NONE',  ( 0.5333333333333335500, -0.1933931431692252100, -0.4349604599473541100 ) ) ;
#343 = CARTESIAN_POINT ( 'NONE',  ( 0.8000000000000000400, 0.1934846820079768600, 0.3792718107531266600 ) ) ;
#344 = EDGE_CURVE ( 'NONE', #938, #1414, #1086, .T. ) ;
#345 = CARTESIAN_POINT ( 'NONE',  ( 0.0000000000000000000, -0.4304760285479638500, 0.7063593425555220200 ) ) ;
#346 = CARTESIAN_POINT ( 'NONE',  ( 0.0000000000000000000, 0.7063593425555222400, -0.4304760285479635200 ) ) ;
#347 = STYLED_ITEM ( 'NONE', ( #1384 ), #1339 ) ;
#348 = CARTESIAN_POINT ( 'NONE',  ( 0.0000000000000000000, 1.330000000000000100, 0.0000000000000000000 ) ) ;
#349 = FACE_OUTER_BOUND ( 'NONE', #734, .T. ) ;
#350 = EDGE_CURVE ( 'NONE', #707, #1349, #863, .T. ) ;
#351 = CARTESIAN_POINT ( 'NONE',  ( 0.5333333333333333300, 0.1143044888171444700, 0.3816199318741158000 ) ) ;
#352 = CARTESIAN_POINT ( 'NONE',  ( 0.8000000000000000400, 0.3754725071964869500, -0.1835871578591230500 ) ) ;
#353 = LINE ( 'NONE', #584, #423 ) ;
#354 = AXIS2_PLACEMENT_3D ( 'NONE', #1101, #1224, #1332 ) ;
#355 = CARTESIAN_POINT ( 'NONE',  ( 0.5333333333333333300, -0.3816199318741158000, -0.1143044888171445600 ) ) ;
#356 = CYLINDRICAL_SURFACE ( 'NONE', #831, 0.7999999999999999300 ) ;
#357 = VERTEX_POINT ( 'NONE', #378 ) ;
#358 = VECTOR ( 'NONE', #317, 1000.000000000000000 ) ;
#359 = ORIENTED_EDGE ( 'NONE', *, *, #68, .T. ) ;
#360 = ORIENTED_EDGE ( 'NONE', *, *, #1380, .T. ) ;
#361 = ORIENTED_EDGE ( 'NONE', *, *, #482, .T. ) ;
#362 = FILL_AREA_STYLE ('',( #849 ) ) ;
#363 = ADVANCED_FACE ( 'NONE', ( #1123 ), #1449, .T. ) ;
#364 = EDGE_CURVE ( 'NONE', #357, #489, #501, .T. ) ;
#365 = CARTESIAN_POINT ( 'NONE',  ( 0.0000000000000000000, 1.084202172485504300E-016, -0.4032276487223179800 ) ) ;
#366 = SHAPE_DEFINITION_REPRESENTATION ( #739, #979 ) ;
#367 = FACE_BOUND ( 'NONE', #605, .T. ) ;
#368 = EDGE_CURVE ( 'NONE', #642, #936, #1102, .T. ) ;
#369 = SURFACE_STYLE_USAGE ( .BOTH. , #712 ) ;
#370 = CONICAL_SURFACE ( 'NONE', #1216, 0.7999999999999997100, 0.7853981633974432800 ) ;
#371 = AXIS2_PLACEMENT_3D ( 'NONE', #269, #393, #259 ) ;
#372 = VECTOR ( 'NONE', #1403, 1000.000000000000000 ) ;
#373 = ORIENTED_EDGE ( 'NONE', *, *, #528, .T. ) ;
#374 = EDGE_LOOP ( 'NONE', ( #137, #502, #1154, #837 ) ) ;
#375 = EDGE_LOOP ( 'NONE', ( #83, #823, #16, #127 ) ) ;
#376 = ORIENTED_EDGE ( 'NONE', *, *, #556, .T. ) ;
#377 = CARTESIAN_POINT ( 'NONE',  ( 0.0000000000000000000, 0.4304760285479636300, 0.7063593425555221300 ) ) ;
#378 = CARTESIAN_POINT ( 'NONE',  ( 0.0000000000000000000, 1.084202172485504300E-016, -0.4032276487223179800 ) ) ;
#379 = EDGE_CURVE ( 'NONE', #936, #642, #162, .T. ) ;
#380 = DIRECTION ( 'NONE',  ( -0.7071067811865513500, 0.0000000000000000000, 0.7071067811865438000 ) ) ;
#381 = DIRECTION ( 'NONE',  ( -1.000000000000000000, -0.0000000000000000000, -0.0000000000000000000 ) ) ;
#382 = EDGE_CURVE ( 'NONE', #1371, #1315, #1367, .T. ) ;
#383 = DIRECTION ( 'NONE',  ( 0.0000000000000000000, 0.0000000000000000000, 1.000000000000000000 ) ) ;
#384 = VECTOR ( 'NONE', #866, 1000.000000000000000 ) ;
#385 = VECTOR ( 'NONE', #1272, 1000.000000000000200 ) ;
#386 = DIRECTION ( 'NONE',  ( 0.0000000000000000000, 0.9335804264972011900, -0.3583679495453019900 ) ) ;
#387 = ORIENTED_EDGE ( 'NONE', *, *, #1412, .F. ) ;
#388 = ORIENTED_EDGE ( 'NONE', *, *, #1443, .T. ) ;
#389 = ORIENTED_EDGE ( 'NONE', *, *, #1277, .F. ) ;
#390 = B_SPLINE_CURVE_WITH_KNOTS ( 'NONE', 3,
 ( #131, #715, #1317, #141 ),
 .UNSPECIFIED., .F., .F.,
 ( 4, 4 ),
 ( 0.0000000000000000000, 1.000000000000000000 ),
 .UNSPECIFIED. ) ;
#391 = CARTESIAN_POINT ( 'NONE',  ( 0.2666666666666667700, -0.5134449304814185900, 0.2526867492235978000 ) ) ;
#392 = VERTEX_POINT ( 'NONE', #1093 ) ;
#393 = DIRECTION ( 'NONE',  ( -1.000000000000000000, -0.0000000000000000000, -0.0000000000000000000 ) ) ;
#394 = CARTESIAN_POINT ( 'NONE',  ( 0.8000000000000000400, 0.3792718107531265500, -0.1934846820079770300 ) ) ;
#395 = PRESENTATION_LAYER_ASSIGNMENT (  '', '', ( #690 ) ) ;
#396 = DIRECTION ( 'NONE',  ( 0.0000000000000000000, 0.0000000000000000000, 1.000000000000000000 ) ) ;
#397 = DIRECTION ( 'NONE',  ( -0.0000000000000000000, 0.7071067811865476800, 0.7071067811865474600 ) ) ;
#398 =( NAMED_UNIT ( * ) PLANE_ANGLE_UNIT ( ) SI_UNIT ( $, .RADIAN. ) );
#399 = CIRCLE ( 'NONE', #124, 0.7999999999999999300 ) ;
#400 = CARTESIAN_POINT ( 'NONE',  ( 0.5333333333333333300, 0.4082901959107346800, 0.1538488159931849000 ) ) ;
#401 = LINE ( 'NONE', #564, #228 ) ;
#402 = CARTESIAN_POINT ( 'NONE',  ( 0.0000000000000000000, -0.4965711163987844800, -0.2132339608863091700 ) ) ;
#403 = CARTESIAN_POINT ( 'NONE',  ( 0.2666666666666666600, -0.4715023130780997000, 0.2032906673180792400 ) ) ;
#404 = VECTOR ( 'NONE', #1262, 999.9999999999998900 ) ;
#405 = ORIENTED_EDGE ( 'NONE', *, *, #1511, .F. ) ;
#406 = VERTEX_POINT ( 'NONE', #260 ) ;
#407 = DIRECTION ( 'NONE',  ( -1.000000000000000000, -0.0000000000000000000, -0.0000000000000000000 ) ) ;
#408 = CARTESIAN_POINT ( 'NONE',  ( 0.5333333333333331000, 0.4616307239839728100, 0.2329374703452654900 ) ) ;
#409 = CARTESIAN_POINT ( 'NONE',  ( 0.7999999999999994900, 0.1340995371148523400, -0.3564759894132889000 ) ) ;
#410 = ORIENTED_EDGE ( 'NONE', *, *, #1174, .F. ) ;
#411 = CARTESIAN_POINT ( 'NONE',  ( 0.5333333333333335500, -0.4349604599473538800, 0.1933931431692253200 ) ) ;
#412 = CARTESIAN_POINT ( 'NONE',  ( 0.0000000000000000000, -0.4032276487223181400, -9.876228986710004500E-017 ) ) ;
#413 = DIRECTION ( 'NONE',  ( -0.0000000000000000000, -0.9335804264972011900, -0.3583679495453016600 ) ) ;
#414 = CARTESIAN_POINT ( 'NONE',  ( 0.2666666666666666600, 0.1538945854125607600, -0.4295596956747803100 ) ) ;
#415 = DIRECTION ( 'NONE',  ( 0.0000000000000000000, 0.0000000000000000000, 1.000000000000000000 ) ) ;
#416 = EDGE_CURVE ( 'NONE', #406, #711, #450, .T. ) ;
#417 = ADVANCED_FACE ( 'NONE', ( #960 ), #309, .F. ) ;
#418 = CARTESIAN_POINT ( 'NONE',  ( 0.0000000000000000000, 0.4774994594754447000, -0.1934846820079771100 ) ) ;
#419 = LINE ( 'NONE', #248, #767 ) ;
#420 = CARTESIAN_POINT ( 'NONE',  ( 0.8000000000000000400, -0.3792718107531265500, -0.1934846820079771100 ) ) ;
#421 = CARTESIAN_POINT ( 'NONE',  ( 0.1184499999999930300, 0.0000000000000000000, 1.330000000000000100 ) ) ;
#422 = CARTESIAN_POINT ( 'NONE',  ( 0.7707106781186552300, 1.229385767032133300E-016, -0.6777393218813447800 ) ) ;
#423 = VECTOR ( 'NONE', #1165, 1000.000000000000000 ) ;
#424 = FACE_OUTER_BOUND ( 'NONE', #32, .T. ) ;
#425 = CARTESIAN_POINT ( 'NONE',  ( 0.7999999999999997100, 0.3145600560244838400, -0.02490479740724282600 ) ) ;
#426 = CARTESIAN_POINT ( 'NONE',  ( 0.2666666666666666600, -0.3350135523994620100, -0.5833492928202840300 ) ) ;
#427 = CARTESIAN_POINT ( 'NONE',  ( 0.5333333333333333300, 0.2593003551292922800, 0.4794109000083854900 ) ) ;
#428 = VERTEX_POINT ( 'NONE', #616 ) ;
#429 = ORIENTED_EDGE ( 'NONE', *, *, #1412, .T. ) ;
#430 = EDGE_CURVE ( 'NONE', #1232, #357, #229, .T. ) ;
#431 = CARTESIAN_POINT ( 'NONE',  ( 0.8000000000000004900, -0.3678739000832080800, -0.1637921095614151300 ) ) ;
#432 = CARTESIAN_POINT ( 'NONE',  ( 0.5333333333333333300, 0.4883009880205918000, -0.2724817975213059100 ) ) ;
#433 = ORIENTED_EDGE ( 'NONE', *, *, #745, .F. ) ;
#434 = ORIENTED_EDGE ( 'NONE', *, *, #1322, .T. ) ;
#435 = AXIS2_PLACEMENT_3D ( 'NONE', #348, #924, #211 ) ;
#436 = ORIENTED_EDGE ( 'NONE', *, *, #709, .F. ) ;
#437 = CARTESIAN_POINT ( 'NONE',  ( 0.0000000000000000000, 0.4304760285479635200, -0.7063593425555220200 ) ) ;
#438 = CARTESIAN_POINT ( 'NONE',  ( -3.442001378349206100, 0.0000000000000000000, 0.0000000000000000000 ) ) ;
#439 = ADVANCED_FACE ( 'NONE', ( #640 ), #356, .T. ) ;
#440 = CARTESIAN_POINT ( 'NONE',  ( 0.0000000000000000000, 0.4304760285479635200, -0.7063593425555220200 ) ) ;
#441 = CARTESIAN_POINT ( 'NONE',  ( 0.5333333333333333300, 0.2724817975213058000, 0.4883009880205918000 ) ) ;
#442 = CARTESIAN_POINT ( 'NONE',  ( 0.0000000000000000000, 0.7063593425555222400, 0.4304760285479635200 ) ) ;
#443 = EDGE_CURVE ( 'NONE', #105, #1088, #449, .T. ) ;
#444 = SURFACE_STYLE_FILL_AREA ( #362 ) ;
#445 = ADVANCED_FACE ( 'NONE', ( #603 ), #510, .F. ) ;
#446 = DIRECTION ( 'NONE',  ( -0.8787234366922867000, 0.3375241634370024200, 0.3375241634370027600 ) ) ;
#447 = CARTESIAN_POINT ( 'NONE',  ( 0.8000000000000000400, 0.3792718107531265500, 0.1934846820079770800 ) ) ;
#448 = LINE ( 'NONE', #465, #945 ) ;
#449 = LINE ( 'NONE', #394, #1445 ) ;
#450 = LINE ( 'NONE', #971, #684 ) ;
#451 = EDGE_LOOP ( 'NONE', ( #1331, #43, #275, #687 ) ) ;
#452 = ORIENTED_EDGE ( 'NONE', *, *, #368, .T. ) ;
#453 = EDGE_CURVE ( 'NONE', #1209, #428, #797, .T. ) ;
#454 = CARTESIAN_POINT ( 'NONE',  ( 0.0000000000000000000, -0.4032276487223181400, -9.876228986710004500E-017 ) ) ;
#455 = DIRECTION ( 'NONE',  ( -0.5850050122996967000, 0.0000000000000000000, 0.8110296761427610000 ) ) ;
#456 = EDGE_LOOP ( 'NONE', ( #860, #1060, #1014, #490 ) ) ;
#457 = AXIS2_PLACEMENT_3D ( 'NONE', #71, #1238, #658 ) ;
#458 = FILL_AREA_STYLE ('',( #1508 ) ) ;
#459 = CARTESIAN_POINT ( 'NONE',  ( 0.5333333333333333300, -0.2593003551292923900, -0.4794109000083856000 ) ) ;
#460 = DIRECTION ( 'NONE',  ( 0.4590477357562596200, -0.4037213871785530500, -0.7913812089199970800 ) ) ;
#461 = DIRECTION ( 'NONE',  ( -1.000000000000000000, -0.0000000000000000000, -0.0000000000000000000 ) ) ;
#462 =( NAMED_UNIT ( * ) SI_UNIT ( $, .STERADIAN. ) SOLID_ANGLE_UNIT ( ) );
#463 = CARTESIAN_POINT ( 'NONE',  ( 0.1184499999999930300, 0.0000000000000000000, 0.0000000000000000000 ) ) ;
#464 = CARTESIAN_POINT ( 'NONE',  ( 1.499999999999999600, 0.0000000000000000000, 0.0000000000000000000 ) ) ;
#465 = CARTESIAN_POINT ( 'NONE',  ( 0.8000000000000000400, -0.3049999999999999900, -7.470345474798852800E-017 ) ) ;
#466 = AXIS2_PLACEMENT_3D ( 'NONE', #330, #446, #675 ) ;
#467 = VECTOR ( 'NONE', #460, 1000.000000000000000 ) ;
#468 = LINE ( 'NONE', #1285, #835 ) ;
#469 = CARTESIAN_POINT ( 'NONE',  ( 0.0000000000000000000, -0.3712281919129674100, -0.6491443717855023300 ) ) ;
#470 = DIRECTION ( 'NONE',  ( 0.1138834974989000900, 0.9275066560604726700, -0.3560364475175794600 ) ) ;
#471 = FACE_OUTER_BOUND ( 'NONE', #731, .T. ) ;
#472 = ORIENTED_EDGE ( 'NONE', *, *, #1103, .T. ) ;
#473 = EDGE_LOOP ( 'NONE', ( #1149, #341, #186, #879 ) ) ;
#474 = VERTEX_POINT ( 'NONE', #48 ) ;
#475 = ORIENTED_EDGE ( 'NONE', *, *, #1454, .F. ) ;
#476 = CARTESIAN_POINT ( 'NONE',  ( 0.8000000000000000400, 0.3792718107531265500, 0.1934846820079770300 ) ) ;
#477 = AXIS2_PLACEMENT_3D ( 'NONE', #1426, #941, #1180 ) ;
#478 = CARTESIAN_POINT ( 'NONE',  ( 0.5333333333333333300, 0.3905100198863221100, -0.1274859312091579900 ) ) ;
#479 = CARTESIAN_POINT ( 'NONE',  ( 0.0000000000000000000, 0.4774994594754447000, 0.1934846820079770300 ) ) ;
#480 = DIRECTION ( 'NONE',  ( 0.1138834974989000900, 0.3560364475175793500, 0.9275066560604726700 ) ) ;
#481 = LINE ( 'NONE', #1439, #1338 ) ;
#482 = EDGE_CURVE ( 'NONE', #1219, #2, #574, .T. ) ;
#483 = DIRECTION ( 'NONE',  ( 1.000000000000000000, 0.0000000000000000000, 0.0000000000000000000 ) ) ;
#484 = CARTESIAN_POINT ( 'NONE',  ( 0.8000000000000000400, -0.3792718107531265500, -0.1934846820079771100 ) ) ;
#485 = CARTESIAN_POINT ( 'NONE',  ( 0.5333333333333339900, 0.4349604599473537700, -0.1933931431692253500 ) ) ;
#486 = STYLED_ITEM ( 'NONE', ( #1179 ), #979 ) ;
#487 = FACE_OUTER_BOUND ( 'NONE', #1499, .T. ) ;
#488 = COLOUR_RGB ( '',0.6470588235294118000, 0.6196078431372549200, 0.5882352941176470800 ) ;
#489 = VERTEX_POINT ( 'NONE', #527 ) ;
#490 = ORIENTED_EDGE ( 'NONE', *, *, #1299, .F. ) ;
#491 = CARTESIAN_POINT ( 'NONE',  ( 0.0000000000000000000, 0.6491443717855035500, -0.3712281919129670800 ) ) ;
#492 = ORIENTED_EDGE ( 'NONE', *, *, #794, .F. ) ;
#493 = B_SPLINE_CURVE_WITH_KNOTS ( 'NONE', 3,
 ( #1352, #771, #1370, #1231 ),
 .UNSPECIFIED., .F., .F.,
 ( 4, 4 ),
 ( 0.0000000000000000000, 1.000000000000000000 ),
 .UNSPECIFIED. ) ;
#494 = CARTESIAN_POINT ( 'NONE',  ( 0.0000000000000000000, -0.1934846820079771700, -0.4774994594754446400 ) ) ;
#495 = AXIS2_PLACEMENT_3D ( 'NONE', #600, #506, #253 ) ;
#496 = DIRECTION ( 'NONE',  ( -0.4461966605208797500, -0.6328145621507199600, -0.6328145621507200700 ) ) ;
#497 = VECTOR ( 'NONE', #1477, 1000.000000000000000 ) ;
#498 = EDGE_CURVE ( 'NONE', #505, #165, #1307, .T. ) ;
#499 = CARTESIAN_POINT ( 'NONE',  ( 4.625000000000000900, 9.797174393178824900E-017, -0.7999999999999999300 ) ) ;
#500 = LINE ( 'NONE', #669, #1100 ) ;
#501 = LINE ( 'NONE', #150, #1072 ) ;
#502 = ORIENTED_EDGE ( 'NONE', *, *, #1049, .T. ) ;
#503 = ORIENTED_EDGE ( 'NONE', *, *, #273, .F. ) ;
#504 = DIRECTION ( 'NONE',  ( 0.4590477357562596200, 0.4037213871785528800, -0.7913812089199973000 ) ) ;
#505 = VERTEX_POINT ( 'NONE', #1137 ) ;
#506 = DIRECTION ( 'NONE',  ( -1.000000000000000000, -0.0000000000000000000, -0.0000000000000000000 ) ) ;
#507 = EDGE_CURVE ( 'NONE', #188, #579, #133, .T. ) ;
#508 = AXIS2_PLACEMENT_3D ( 'NONE', #1268, #552, #1033 ) ;
#509 = DIRECTION ( 'NONE',  ( -0.4999999999999995000, 1.060575238724907300E-016, -0.8660254037844389300 ) ) ;
#510 = PLANE ( 'NONE',  #354 ) ;
#511 = CARTESIAN_POINT ( 'NONE',  ( 4.800000000000000700, 0.0000000000000000000, 0.0000000000000000000 ) ) ;
#512 = FACE_OUTER_BOUND ( 'NONE', #1188, .T. ) ;
#513 = DIRECTION ( 'NONE',  ( 1.000000000000000000, 0.0000000000000000000, 0.0000000000000000000 ) ) ;
#514 = CARTESIAN_POINT ( 'NONE',  ( 0.7707106781186552300, 0.0000000000000000000, 0.0000000000000000000 ) ) ;
#515 = CARTESIAN_POINT ( 'NONE',  ( 0.5333333333333331000, -0.4616307239839729200, 0.2329374703452655500 ) ) ;
#516 = LINE ( 'NONE', #331, #42 ) ;
#517 = CONICAL_SURFACE ( 'NONE', #1139, 0.7999999999999999300, 1.047197551196598300 ) ;
#518 = CARTESIAN_POINT ( 'NONE',  ( -3.442001378349206100, 0.0000000000000000000, 0.7999999999999999300 ) ) ;
#519 = FACE_OUTER_BOUND ( 'NONE', #819, .T. ) ;
#520 = CARTESIAN_POINT ( 'NONE',  ( 0.5333333333333333300, 0.1274859312091579100, -0.3905100198863221100 ) ) ;
#521 = EDGE_LOOP ( 'NONE', ( #212, #1313, #376, #1480 ) ) ;
#522 = ORIENTED_EDGE ( 'NONE', *, *, #905, .F. ) ;
#523 = VERTEX_POINT ( 'NONE', #421 ) ;
#524 = CARTESIAN_POINT ( 'NONE',  ( 0.2666666666666666600, 0.5833492928202839200, 0.3350135523994619600 ) ) ;
#525 = CARTESIAN_POINT ( 'NONE',  ( 0.8000000000000000400, -5.421010862427522200E-017, -0.3049999999999999400 ) ) ;
#526 = CARTESIAN_POINT ( 'NONE',  ( 0.0000000000000000000, -0.5347144302454646100, -0.2527325186429734700 ) ) ;
#527 = CARTESIAN_POINT ( 'NONE',  ( 0.8000000000000000400, -5.421010862427522200E-017, -0.3049999999999999400 ) ) ;
#528 = EDGE_CURVE ( 'NONE', #523, #339, #890, .T. ) ;
#529 = ADVANCED_FACE ( 'NONE', ( #1146 ), #333, .F. ) ;
#530 = PRESENTATION_LAYER_ASSIGNMENT (  '', '', ( #486 ) ) ;
#531 = CARTESIAN_POINT ( 'NONE',  ( 0.0000000000000000000, 1.084202172485504400E-016, 0.4032276487223180300 ) ) ;
#532 = CARTESIAN_POINT ( 'NONE',  ( 0.0000000000000000000, -0.5919294010154833000, 0.3119803552779702400 ) ) ;
#533 = CARTESIAN_POINT ( 'NONE',  ( 1.020000000000000000, 0.0000000000000000000, 0.0000000000000000000 ) ) ;
#534 = DIRECTION ( 'NONE',  ( -1.000000000000000000, -0.0000000000000000000, -0.0000000000000000000 ) ) ;
#535 = CARTESIAN_POINT ( 'NONE',  ( 0.8000000000000003800, 0.0000000000000000000, 0.0000000000000000000 ) ) ;
#536 = LINE ( 'NONE', #923, #1121 ) ;
#537 = LINE ( 'NONE', #1187, #815 ) ;
#538 = AXIS2_PLACEMENT_3D ( 'NONE', #514, #381, #45 ) ;
#539 = ORIENTED_EDGE ( 'NONE', *, *, #714, .T. ) ;
#540 = ORIENTED_EDGE ( 'NONE', *, *, #652, .F. ) ;
#541 = ADVANCED_FACE ( 'NONE', ( #836 ), #517, .T. ) ;
#542 = DIRECTION ( 'NONE',  ( 0.4590477357562596200, 0.4037213871785528800, 0.7913812089199973000 ) ) ;
#543 = CARTESIAN_POINT ( 'NONE',  ( 0.5333333333333333300, 0.4883009880205918000, 0.2724817975213059100 ) ) ;
#544 = CARTESIAN_POINT ( 'NONE',  ( 0.8000000000000000400, 0.3792718107531265500, -0.1934846820079770300 ) ) ;
#545 = ADVANCED_FACE ( 'NONE', ( #1250 ), #370, .T. ) ;
#546 = CARTESIAN_POINT ( 'NONE',  ( 0.2666666666666666600, 0.3350135523994618400, -0.5833492928202839200 ) ) ;
#547 = VECTOR ( 'NONE', #975, 1000.000000000000000 ) ;
#548 = DIRECTION ( 'NONE',  ( -0.0000000000000000000, -0.6946583704589960300, 0.7193398003386523000 ) ) ;
#549 = LINE ( 'NONE', #872, #1120 ) ;
#550 = CARTESIAN_POINT ( 'NONE',  ( -3.442001378349206100, 0.0000000000000000000, 0.6484500000000000800 ) ) ;
#551 = VECTOR ( 'NONE', #1141, 999.9999999999998900 ) ;
#552 = DIRECTION ( 'NONE',  ( 0.1138834974989001200, -0.9275066560604726700, -0.3560364475175793500 ) ) ;
#553 = PLANE ( 'NONE',  #1497 ) ;
#554 = ORIENTED_EDGE ( 'NONE', *, *, #1277, .T. ) ;
#555 = ORIENTED_EDGE ( 'NONE', *, *, #862, .T. ) ;
#556 = EDGE_CURVE ( 'NONE', #1088, #151, #638, .T. ) ;
#557 = CARTESIAN_POINT ( 'NONE',  ( 0.0000000000000000000, -0.6491443717855032200, -0.3712281919129666900 ) ) ;
#558 = ORIENTED_EDGE ( 'NONE', *, *, #996, .F. ) ;
#559 = ADVANCED_FACE ( 'NONE', ( #853 ), #1393, .T. ) ;
#560 = ORIENTED_EDGE ( 'NONE', *, *, #364, .T. ) ;
#561 =( GEOMETRIC_REPRESENTATION_CONTEXT ( 3 ) GLOBAL_UNCERTAINTY_ASSIGNED_CONTEXT ( ( #697 ) ) GLOBAL_UNIT_ASSIGNED_CONTEXT ( ( #922, #214, #1397 ) ) REPRESENTATION_CONTEXT ( 'NONE', 'WORKASPACE' ) );
#562 = CARTESIAN_POINT ( 'NONE',  ( 0.8000000000000000400, 0.3049999999999999900, 0.0000000000000000000 ) ) ;
#563 = ORIENTED_EDGE ( 'NONE', *, *, #625, .F. ) ;
#564 = CARTESIAN_POINT ( 'NONE',  ( 0.0000000000000000000, -0.4774994594754447000, 0.1934846820079769200 ) ) ;
#565 = CARTESIAN_POINT ( 'NONE',  ( 0.8000000000000000400, 0.3049999999999999900, 0.0000000000000000000 ) ) ;
#566 = SURFACE_SIDE_STYLE ('',( #615 ) ) ;
#567 = EDGE_CURVE ( 'NONE', #839, #187, #959, .T. ) ;
#568 = CARTESIAN_POINT ( 'NONE',  ( -3.442001378349206100, 0.0000000000000000000, 0.0000000000000000000 ) ) ;
#569 = PLANE ( 'NONE',  #1468 ) ;
#570 = APPLICATION_CONTEXT ( 'automotive_design' ) ;
#571 = CARTESIAN_POINT ( 'NONE',  ( 1.499999999999999600, 0.0000000000000000000, -0.7999999999999997100 ) ) ;
#572 = LINE ( 'NONE', #1364, #1474 ) ;
#573 = DIRECTION ( 'NONE',  ( -0.0000000000000000000, 0.7193398003386528600, 0.6946583704589954800 ) ) ;
#574 = LINE ( 'NONE', #750, #1168 ) ;
#575 = EDGE_LOOP ( 'NONE', ( #1183, #1218, #976, #1040 ) ) ;
#576 = FACE_OUTER_BOUND ( 'NONE', #575, .T. ) ;
#577 = ORIENTED_EDGE ( 'NONE', *, *, #612, .T. ) ;
#578 = EDGE_CURVE ( 'NONE', #777, #489, #262, .T. ) ;
#579 = VERTEX_POINT ( 'NONE', #418 ) ;
#580 = PRESENTATION_LAYER_ASSIGNMENT (  '', '', ( #347 ) ) ;
#581 = CARTESIAN_POINT ( 'NONE',  ( 0.8000000000000000400, -0.1044069646682903700, -0.3450780787433702600 ) ) ;
#582 = DIRECTION ( 'NONE',  ( 0.0000000000000000000, 0.3583679495453010500, 0.9335804264972015200 ) ) ;
#583 = CARTESIAN_POINT ( 'NONE',  ( 4.625000000000000900, 0.0000000000000000000, 0.0000000000000000000 ) ) ;
#584 = CARTESIAN_POINT ( 'NONE',  ( 0.0000000000000000000, -0.7063593425555222400, 0.4304760285479633500 ) ) ;
#585 = EDGE_CURVE ( 'NONE', #1088, #1500, #28, .T. ) ;
#586 = CARTESIAN_POINT ( 'NONE',  ( 0.8000000000000000400, 0.07471439222172816800, 0.3336801680734513600 ) ) ;
#587 = CARTESIAN_POINT ( 'NONE',  ( 0.4000000000000000200, 2.710505431213761100E-017, 0.3541138243611590100 ) ) ;
#588 = COLOUR_RGB ( '',0.6470588235294118000, 0.6196078431372549200, 0.5882352941176470800 ) ;
#589 = FACE_OUTER_BOUND ( 'NONE', #473, .T. ) ;
#590 = VECTOR ( 'NONE', #1489, 1000.000000000000200 ) ;
#591 = CARTESIAN_POINT ( 'NONE',  ( 0.7999999999999999300, 0.3241201120489675700, 0.04980959481448555400 ) ) ;
#592 = EDGE_LOOP ( 'NONE', ( #1075, #325, #492, #871 ) ) ;
#593 = ORIENTED_EDGE ( 'NONE', *, *, #597, .T. ) ;
#594 = ORIENTED_EDGE ( 'NONE', *, *, #859, .F. ) ;
#595 = ORIENTED_EDGE ( 'NONE', *, *, #17, .T. ) ;
#596 = ORIENTED_EDGE ( 'NONE', *, *, #864, .T. ) ;
#597 = EDGE_CURVE ( 'NONE', #2, #105, #6, .T. ) ;
#598 = CARTESIAN_POINT ( 'NONE',  ( 0.8000000000000000400, 0.3336801680734513600, -0.07471439222172832100 ) ) ;
#599 = CARTESIAN_POINT ( 'NONE',  ( 0.0000000000000000000, -0.4032276487223181400, -9.876228986710004500E-017 ) ) ;
#600 = CARTESIAN_POINT ( 'NONE',  ( 4.800000000000000700, 0.0000000000000000000, 0.0000000000000000000 ) ) ;
#601 = EDGE_CURVE ( 'NONE', #621, #165, #280, .T. ) ;
#602 = AXIS2_PLACEMENT_3D ( 'NONE', #989, #790, #908 ) ;
#603 = FACE_OUTER_BOUND ( 'NONE', #934, .T. ) ;
#604 =( NAMED_UNIT ( * ) PLANE_ANGLE_UNIT ( ) SI_UNIT ( $, .RADIAN. ) );
#605 = EDGE_LOOP ( 'NONE', ( #805, #608, #577, #359, #245, #692, #1255, #1461, #1433, #361, #296, #21, #47, #44, #1094, #950, #1091, #46, #1017, #1411 ) ) ;
#606 = LINE ( 'NONE', #689, #358 ) ;
#607 = DIRECTION ( 'NONE',  ( 0.3585659369575344700, 0.0000000000000000000, 0.9335044021608924800 ) ) ;
#608 = ORIENTED_EDGE ( 'NONE', *, *, #685, .T. ) ;
#609 = DIRECTION ( 'NONE',  ( -0.0000000000000000000, -0.9335804264972011900, -0.3583679495453019900 ) ) ;
#610 = ADVANCED_FACE ( 'NONE', ( #869 ), #762, .T. ) ;
#611 = ORIENTED_EDGE ( 'NONE', *, *, #1443, .F. ) ;
#612 = EDGE_CURVE ( 'NONE', #1464, #962, #814, .T. ) ;
#613 = AXIS2_PLACEMENT_3D ( 'NONE', #1079, #36, #735 ) ;
#614 = CARTESIAN_POINT ( 'NONE',  ( 0.7999999999999999300, -0.3241201120489675700, -0.04980959481448563700 ) ) ;
#615 = SURFACE_STYLE_FILL_AREA ( #458 ) ;
#616 = CARTESIAN_POINT ( 'NONE',  ( 0.0000000000000000000, -0.1934846820079771700, 0.4774994594754446400 ) ) ;
#617 = CIRCLE ( 'NONE', #138, 0.6777393218813447800 ) ;
#618 = LINE ( 'NONE', #1074, #1323 ) ;
#619 = CIRCLE ( 'NONE', #981, 1.330000000000000100 ) ;
#620 = ORIENTED_EDGE ( 'NONE', *, *, #1210, .F. ) ;
#621 = VERTEX_POINT ( 'NONE', #791 ) ;
#622 = EDGE_LOOP ( 'NONE', ( #974, #775, #758, #916 ) ) ;
#623 = EDGE_LOOP ( 'NONE', ( #620, #320, #247, #1298 ) ) ;
#624 = CARTESIAN_POINT ( 'NONE',  ( 0.8000000000000004900, 0.3564759894132890100, 0.1340995371148529200 ) ) ;
#625 = EDGE_CURVE ( 'NONE', #807, #870, #287, .T. ) ;
#626 = CARTESIAN_POINT ( 'NONE',  ( 0.8000000000000000400, -0.1934846820079768000, -0.3792718107531267100 ) ) ;
#627 = SURFACE_SIDE_STYLE ('',( #1166 ) ) ;
#628 = CARTESIAN_POINT ( 'NONE',  ( 0.8000000000000000400, 0.3792718107531265500, -0.1934846820079770300 ) ) ;
#629 = CARTESIAN_POINT ( 'NONE',  ( 0.7999999999999996000, 0.3678739000832078600, 0.1637921095614147400 ) ) ;
#630 = CARTESIAN_POINT ( 'NONE',  ( 0.0000000000000000000, 0.2132339608863093000, -0.4965711163987844800 ) ) ;
#631 = DIRECTION ( 'NONE',  ( -0.0000000000000000000, 0.9335804264972015200, 0.3583679495453009300 ) ) ;
#632 = DIRECTION ( 'NONE',  ( 0.5850050122996967000, 0.0000000000000000000, 0.8110296761427608900 ) ) ;
#633 = ADVANCED_FACE ( 'NONE', ( #255 ), #1492, .T. ) ;
#634 = CARTESIAN_POINT ( 'NONE',  ( 0.2666666666666666600, 0.4435405681425533300, 0.1703599460477336300 ) ) ;
#635 = CARTESIAN_POINT ( 'NONE',  ( 0.4000000000000000200, -0.1340995371148527300, -0.4055898137744480300 ) ) ;
#636 = CARTESIAN_POINT ( 'NONE',  ( 0.8000000000000006000, -0.3450780787433704300, -0.1044069646682907300 ) ) ;
#637 = FACE_OUTER_BOUND ( 'NONE', #898, .T. ) ;
#638 = LINE ( 'NONE', #565, #60 ) ;
#639 = DIRECTION ( 'NONE',  ( -1.000000000000000000, -0.0000000000000000000, -0.0000000000000000000 ) ) ;
#640 = FACE_OUTER_BOUND ( 'NONE', #125, .T. ) ;
#641 = DIRECTION ( 'NONE',  ( 0.4590477357562596200, -0.7913812089199969700, 0.4037213871785533800 ) ) ;
#642 = VERTEX_POINT ( 'NONE', #1116 ) ;
#643 = ORIENTED_EDGE ( 'NONE', *, *, #760, .T. ) ;
#644 = CARTESIAN_POINT ( 'NONE',  ( 0.2666666666666665000, -0.5134449304814180400, -0.2526867492235977400 ) ) ;
#645 = CARTESIAN_POINT ( 'NONE',  ( 0.5333333333333333300, -0.3905100198863221100, 0.1274859312091579100 ) ) ;
#646 = ORIENTED_EDGE ( 'NONE', *, *, #498, .F. ) ;
#647 = ADVANCED_FACE ( 'NONE', ( #1202 ), #785, .T. ) ;
#648 = ORIENTED_EDGE ( 'NONE', *, *, #1511, .T. ) ;
#649 = DIRECTION ( 'NONE',  ( 0.0000000000000000000, -0.7071067811865479100, 0.7071067811865472400 ) ) ;
#650 = CARTESIAN_POINT ( 'NONE',  ( 0.2666666666666668900, 0.2032906673180792700, -0.4715023130781000300 ) ) ;
#651 = CARTESIAN_POINT ( 'NONE',  ( 0.4000000000000000200, 0.4055898137744480300, 0.1340995371148526700 ) ) ;
#652 = EDGE_CURVE ( 'NONE', #1310, #777, #1476, .T. ) ;
#653 = CARTESIAN_POINT ( 'NONE',  ( 0.0000000000000000000, -0.4774994594754447000, 0.1934846820079770000 ) ) ;
#654 = ADVANCED_FACE ( 'NONE', ( #487 ), #86, .F. ) ;
#655 = CARTESIAN_POINT ( 'NONE',  ( 0.8000000000000000400, 0.3754725071964869500, 0.1835871578591230200 ) ) ;
#656 = CARTESIAN_POINT ( 'NONE',  ( 0.8000000000000000400, -5.421010862427522200E-017, 0.3049999999999999400 ) ) ;
#657 = DIRECTION ( 'NONE',  ( -1.000000000000000000, -0.0000000000000000000, -0.0000000000000000000 ) ) ;
#658 = DIRECTION ( 'NONE',  ( 0.0000000000000000000, 0.0000000000000000000, 1.000000000000000000 ) ) ;
#659 = CIRCLE ( 'NONE', #1194, 0.1000000000000000500 ) ;
#660 = DIRECTION ( 'NONE',  ( -1.000000000000000000, -0.0000000000000000000, -0.0000000000000000000 ) ) ;
#661 = FACE_OUTER_BOUND ( 'NONE', #733, .T. ) ;
#662 = EDGE_CURVE ( 'NONE', #406, #752, #1431, .T. ) ;
#663 = CARTESIAN_POINT ( 'NONE',  ( 0.2666666666666668300, -0.5553875478847382100, -0.3020828311291161000 ) ) ;
#664 = VECTOR ( 'NONE', #609, 999.9999999999998900 ) ;
#665 = ORIENTED_EDGE ( 'NONE', *, *, #929, .F. ) ;
#666 = AXIS2_PLACEMENT_3D ( 'NONE', #1478, #407, #396 ) ;
#667 = VECTOR ( 'NONE', #1242, 1000.000000000000000 ) ;
#668 = ORIENTED_EDGE ( 'NONE', *, *, #1356, .F. ) ;
#669 = CARTESIAN_POINT ( 'NONE',  ( 0.0000000000000000000, 0.1934846820079770500, 0.4774994594754447000 ) ) ;
#670 = VERTEX_POINT ( 'NONE', #1516 ) ;
#671 = CARTESIAN_POINT ( 'NONE',  ( 0.2666666666666666600, 0.5973301652880569400, 0.3514789130346347400 ) ) ;
#672 = CARTESIAN_POINT ( 'NONE',  ( 0.8000000000000008200, 0.1340995371148525900, 0.3564759894132891700 ) ) ;
#673 = EDGE_LOOP ( 'NONE', ( #563, #596, #373, #272 ) ) ;
#674 = DIRECTION ( 'NONE',  ( 0.7071067811865511300, 8.659560562354889700E-017, 0.7071067811865440200 ) ) ;
#675 = DIRECTION ( 'NONE',  ( 0.3585659369575345800, 0.0000000000000000000, 0.9335044021608924800 ) ) ;
#676 = EDGE_CURVE ( 'NONE', #85, #915, #500, .T. ) ;
#677 = DIRECTION ( 'NONE',  ( 0.0000000000000000000, 0.9335804264972011900, -0.3583679495453016600 ) ) ;
#678 = CARTESIAN_POINT ( 'NONE',  ( 0.8000000000000000400, -0.3792718107531265500, 0.1934846820079771100 ) ) ;
#679 = DIRECTION ( 'NONE',  ( 0.0000000000000000000, 0.7071067811865479100, 0.7071067811865471300 ) ) ;
#680 = ADVANCED_FACE ( 'NONE', ( #946 ), #328, .T. ) ;
#681 = VECTOR ( 'NONE', #942, 1000.000000000000000 ) ;
#682 = CARTESIAN_POINT ( 'NONE',  ( 0.0000000000000000000, 1.084202172485504400E-016, -0.4032276487223180300 ) ) ;
#683 = CARTESIAN_POINT ( 'NONE',  ( 0.0000000000000000000, 0.1934846820079770500, 0.4774994594754447000 ) ) ;
#684 = VECTOR ( 'NONE', #848, 1000.000000000000100 ) ;
#685 = EDGE_CURVE ( 'NONE', #670, #1464, #401, .T. ) ;
#686 = PLANE ( 'NONE',  #1281 ) ;
#687 = ORIENTED_EDGE ( 'NONE', *, *, #864, .F. ) ;
#688 = FACE_OUTER_BOUND ( 'NONE', #20, .T. ) ;
#689 = CARTESIAN_POINT ( 'NONE',  ( -3.442001378349206100, 7.941222169071012300E-017, -0.6484500000000000800 ) ) ;
#690 = STYLED_ITEM ( 'NONE', ( #130 ), #1421 ) ;
#691 = ORIENTED_EDGE ( 'NONE', *, *, #99, .F. ) ;
#692 = ORIENTED_EDGE ( 'NONE', *, *, #143, .T. ) ;
#693 = DIRECTION ( 'NONE',  ( -1.000000000000000000, -0.0000000000000000000, -0.0000000000000000000 ) ) ;
#694 = EDGE_CURVE ( 'NONE', #151, #711, #1244, .T. ) ;
#695 = CARTESIAN_POINT ( 'NONE',  ( 0.8000000000000001600, -0.1835871578591227700, -0.3754725071964871200 ) ) ;
#696 = DIRECTION ( 'NONE',  ( 0.0000000000000000000, 0.0000000000000000000, 1.000000000000000000 ) ) ;
#697 = UNCERTAINTY_MEASURE_WITH_UNIT (LENGTH_MEASURE( 1.000000000000000100E-005 ), #922, 'distance_accuracy_value', 'NONE');
#698 = CARTESIAN_POINT ( 'NONE',  ( -0.0000000000000000000, -0.4107267496696316300, 0.6872876856321822300 ) ) ;
#699 = AXIS2_PLACEMENT_3D ( 'NONE', #599, #728, #1213 ) ;
#700 = LINE ( 'NONE', #518, #547 ) ;
#701 = CARTESIAN_POINT ( 'NONE',  ( 0.8000000000000000400, -0.07471439222172825100, -0.3336801680734514100 ) ) ;
#702 = CARTESIAN_POINT ( 'NONE',  ( 0.0000000000000000000, 0.7063593425555222400, 0.4304760285479635200 ) ) ;
#703 = CARTESIAN_POINT ( 'NONE',  ( 0.4000000000000000200, -0.4055898137744480300, -0.1340995371148526500 ) ) ;
#704 = FACE_OUTER_BOUND ( 'NONE', #521, .T. ) ;
#705 = LINE ( 'NONE', #454, #1012 ) ;
#706 = EDGE_CURVE ( 'NONE', #870, #339, #619, .T. ) ;
#707 = VERTEX_POINT ( 'NONE', #1016 ) ;
#708 = ORIENTED_EDGE ( 'NONE', *, *, #1174, .T. ) ;
#709 = EDGE_CURVE ( 'NONE', #1464, #1090, #909, .T. ) ;
#710 = ORIENTED_EDGE ( 'NONE', *, *, #350, .F. ) ;
#711 = VERTEX_POINT ( 'NONE', #1297 ) ;
#712 = SURFACE_SIDE_STYLE ('',( #444 ) ) ;
#713 = CARTESIAN_POINT ( 'NONE',  ( 4.625000000000000900, 0.0000000000000000000, 0.7999999999999999300 ) ) ;
#714 = EDGE_CURVE ( 'NONE', #1310, #1500, #536, .T. ) ;
#715 = CARTESIAN_POINT ( 'NONE',  ( 0.2666666666666666600, -0.5973301652880569400, 0.3514789130346347400 ) ) ;
#716 = DIRECTION ( 'NONE',  ( 0.0000000000000000000, 0.9335804264972014100, 0.3583679495453011600 ) ) ;
#717 = DIRECTION ( 'NONE',  ( 0.9925461516413227600, -2.017726301065591800E-016, -0.1218693434051405100 ) ) ;
#718 = FACE_OUTER_BOUND ( 'NONE', #755, .T. ) ;
#719 = ADVANCED_FACE ( 'NONE', ( #1389 ), #221, .T. ) ;
#720 = ORIENTED_EDGE ( 'NONE', *, *, #768, .T. ) ;
#721 = ORIENTED_EDGE ( 'NONE', *, *, #944, .F. ) ;
#722 = AXIS2_PLACEMENT_3D ( 'NONE', #1326, #966, #383 ) ;
#723 = CARTESIAN_POINT ( 'NONE',  ( 0.0000000000000000000, 0.4774994594754447000, 0.1934846820079770300 ) ) ;
#724 = CARTESIAN_POINT ( 'NONE',  ( 0.0000000000000000000, 0.4774994594754447000, -0.1934846820079771100 ) ) ;
#725 = CARTESIAN_POINT ( 'NONE',  ( 0.8000000000000000400, -0.3792718107531265500, 0.1934846820079771100 ) ) ;
#726 = CARTESIAN_POINT ( 'NONE',  ( 0.2666666666666666600, -0.3514789130346348500, -0.5973301652880568200 ) ) ;
#727 = CARTESIAN_POINT ( 'NONE',  ( 0.8000000000000003800, 0.0000000000000000000, 0.0000000000000000000 ) ) ;
#728 = DIRECTION ( 'NONE',  ( 0.1138834974989000900, -0.9275066560604725600, 0.3560364475175799600 ) ) ;
#729 = VECTOR ( 'NONE', #1003, 1000.000000000000000 ) ;
#730 = VECTOR ( 'NONE', #956, 1000.000000000000100 ) ;
#731 = EDGE_LOOP ( 'NONE', ( #1258, #1037, #1348, #821 ) ) ;
#732 = CARTESIAN_POINT ( 'NONE',  ( 0.8000000000000000400, 0.1934846820079768600, 0.3792718107531266600 ) ) ;
#733 = EDGE_LOOP ( 'NONE', ( #84, #1506, #244, #140 ) ) ;
#734 = EDGE_LOOP ( 'NONE', ( #213, #1207, #540, #539 ) ) ;
#735 = DIRECTION ( 'NONE',  ( 0.5850050122996965900, -0.8110296761427611100, 0.0000000000000000000 ) ) ;
#736 = ORIENTED_EDGE ( 'NONE', *, *, #220, .T. ) ;
#737 = EDGE_CURVE ( 'NONE', #474, #1310, #969, .T. ) ;
#738 = DIRECTION ( 'NONE',  ( 0.0000000000000000000, 0.7071067811865476800, -0.7071067811865474600 ) ) ;
#739 = PRODUCT_DEFINITION_SHAPE ( 'NONE', 'NONE',  #761 ) ;
#740 = CARTESIAN_POINT ( 'NONE',  ( 0.7999999999999998200, -0.3678739000832077500, 0.1637921095614147900 ) ) ;
#741 = DIRECTION ( 'NONE',  ( -0.7913225578020795000, -0.2191057685624262800, 0.5707900416933036100 ) ) ;
#742 = CARTESIAN_POINT ( 'NONE',  ( 0.2666666666666668300, 0.5134449304814188200, 0.2526867492235976800 ) ) ;
#743 = CARTESIAN_POINT ( 'NONE',  ( 0.5333333333333333300, 0.1143044888171444500, -0.3816199318741158000 ) ) ;
#744 =( NAMED_UNIT ( * ) PLANE_ANGLE_UNIT ( ) SI_UNIT ( $, .RADIAN. ) );
#745 = EDGE_CURVE ( 'NONE', #2, #188, #1409, .T. ) ;
#746 = LINE ( 'NONE', #237, #101 ) ;
#747 = CARTESIAN_POINT ( 'NONE',  ( 0.0000000000000000000, 0.4304760285479635200, -0.7063593425555220200 ) ) ;
#748 = CARTESIAN_POINT ( 'NONE',  ( 0.8000000000000000400, -0.3792718107531265500, 0.1934846820079771100 ) ) ;
#749 = CARTESIAN_POINT ( 'NONE',  ( 0.2666666666666666600, -0.4435405681425533300, -0.1703599460477335800 ) ) ;
#750 = CARTESIAN_POINT ( 'NONE',  ( 0.0000000000000000000, 0.1934846820079770500, -0.4774994594754447000 ) ) ;
#751 = CIRCLE ( 'NONE', #1425, 0.6484500000000000800 ) ;
#752 = VERTEX_POINT ( 'NONE', #479 ) ;
#753 = DIRECTION ( 'NONE',  ( 0.0000000000000000000, -1.224646799147353200E-016, 1.000000000000000000 ) ) ;
#754 = VERTEX_POINT ( 'NONE', #422 ) ;
#755 = EDGE_LOOP ( 'NONE', ( #79, #1015, #555 ) ) ;
#756 = CARTESIAN_POINT ( 'NONE',  ( -0.0000000000000000000, 0.6872876856321823400, 0.4107267496696313500 ) ) ;
#757 = CARTESIAN_POINT ( 'NONE',  ( 0.5333333333333337700, 0.1538488159931848700, -0.4082901959107351800 ) ) ;
#758 = ORIENTED_EDGE ( 'NONE', *, *, #694, .T. ) ;
#759 =( LENGTH_UNIT ( ) NAMED_UNIT ( * ) SI_UNIT ( .MILLI., .METRE. ) );
#760 = EDGE_CURVE ( 'NONE', #1215, #1090, #618, .T. ) ;
#761 = PRODUCT_DEFINITION ( '未知', '', #1318, #23 ) ;
#762 = PLANE ( 'NONE',  #1301 ) ;
#763 = CARTESIAN_POINT ( 'NONE',  ( 1.499999999999999600, 0.0000000000000000000, 0.0000000000000000000 ) ) ;
#764 = CARTESIAN_POINT ( 'NONE',  ( 0.5333333333333333300, -0.4794109000083854900, 0.2593003551292925000 ) ) ;
#765 = VECTOR ( 'NONE', #200, 1000.000000000000000 ) ;
#766 = DIRECTION ( 'NONE',  ( -0.5850050122996965900, -0.8110296761427610000, 0.0000000000000000000 ) ) ;
#767 = VECTOR ( 'NONE', #18, 1000.000000000000000 ) ;
#768 = EDGE_CURVE ( 'NONE', #839, #642, #241, .T. ) ;
#769 = CARTESIAN_POINT ( 'NONE',  ( 0.0000000000000000000, -0.7063593425555222400, -0.4304760285479634100 ) ) ;
#770 = LINE ( 'NONE', #748, #729 ) ;
#771 = CARTESIAN_POINT ( 'NONE',  ( 0.7999999999999997100, -0.3241201120489676200, 0.04980959481448550600 ) ) ;
#772 = LINE ( 'NONE', #531, #1228 ) ;
#773 = DIRECTION ( 'NONE',  ( 0.0000000000000000000, 0.0000000000000000000, 1.000000000000000000 ) ) ;
#774 = ORIENTED_EDGE ( 'NONE', *, *, #430, .F. ) ;
#775 = ORIENTED_EDGE ( 'NONE', *, *, #88, .T. ) ;
#776 = DIRECTION ( 'NONE',  ( 0.0000000000000000000, 0.0000000000000000000, 1.000000000000000000 ) ) ;
#777 = VERTEX_POINT ( 'NONE', #1385 ) ;
#778 = ORIENTED_EDGE ( 'NONE', *, *, #1356, .T. ) ;
#779 = EDGE_LOOP ( 'NONE', ( #217, #963, #360, #1126 ) ) ;
#780 = CARTESIAN_POINT ( 'NONE',  ( 0.0000000000000000000, 0.0000000000000000000, 0.0000000000000000000 ) ) ;
#781 = DIRECTION ( 'NONE',  ( -0.4461966605208798100, 0.6328145621507196300, 0.6328145621507201800 ) ) ;
#782 = CARTESIAN_POINT ( 'NONE',  ( 0.8414213562373098500, 0.0000000000000000000, 0.0000000000000000000 ) ) ;
#783 = CARTESIAN_POINT ( 'NONE',  ( 0.2666666666666666600, -0.2032906673180793500, 0.4715023130780994200 ) ) ;
#784 = DIRECTION ( 'NONE',  ( 0.4590477357562596200, -0.7913812089199969700, -0.4037213871785533800 ) ) ;
#785 = PLANE ( 'NONE',  #1203 ) ;
#786 = DIRECTION ( 'NONE',  ( -0.7913225578020798300, 0.5707900416933036100, 0.2191057685624251100 ) ) ;
#787 = CARTESIAN_POINT ( 'NONE',  ( 0.2666666666666665500, 0.2032906673180789000, 0.4715023130780994800 ) ) ;
#788 = CARTESIAN_POINT ( 'NONE',  ( 0.7999999999999996000, 0.02490479740724269700, -0.3145600560244836700 ) ) ;
#789 = ADVANCED_FACE ( 'Bface2', ( #1343 ), #1144, .T. ) ;
#790 = DIRECTION ( 'NONE',  ( 0.1138834974989001000, 0.9275066560604726700, 0.3560364475175793500 ) ) ;
#791 = CARTESIAN_POINT ( 'NONE',  ( 0.0000000000000000000, -0.4304760285479638500, 0.7063593425555220200 ) ) ;
#792 = CARTESIAN_POINT ( 'NONE',  ( 0.8000000000000000400, 0.1835871578591228000, -0.3754725071964870600 ) ) ;
#793 = LINE ( 'NONE', #113, #1069 ) ;
#794 = EDGE_CURVE ( 'NONE', #1221, #1330, #399, .T. ) ;
#795 = DIRECTION ( 'NONE',  ( 0.0000000000000000000, -0.9335804264972009700, 0.3583679495453026000 ) ) ;
#796 = CARTESIAN_POINT ( 'NONE',  ( 0.2666666666666670500, -0.5973301652880568200, -0.3514789130346346300 ) ) ;
#797 = LINE ( 'NONE', #995, #334 ) ;
#798 = CARTESIAN_POINT ( 'NONE',  ( 0.8000000000000000400, -5.421010862427522200E-017, -0.3049999999999999400 ) ) ;
#799 =( GEOMETRIC_REPRESENTATION_CONTEXT ( 3 ) GLOBAL_UNCERTAINTY_ASSIGNED_CONTEXT ( ( #1379 ) ) GLOBAL_UNIT_ASSIGNED_CONTEXT ( ( #961, #604, #964 ) ) REPRESENTATION_CONTEXT ( 'NONE', 'WORKASPACE' ) );
#800 = CIRCLE ( 'NONE', #899, 0.4968911086754463900 ) ;
#801 = ORIENTED_EDGE ( 'NONE', *, *, #1287, .T. ) ;
#802 = ADVANCED_FACE ( 'NONE', ( #661 ), #1098, .T. ) ;
#803 = VERTEX_POINT ( 'NONE', #442 ) ;
#804 = CARTESIAN_POINT ( 'NONE',  ( -3.442001378349206100, 9.797174393178824900E-017, -0.7999999999999999300 ) ) ;
#805 = ORIENTED_EDGE ( 'NONE', *, *, #929, .T. ) ;
#806 = CARTESIAN_POINT ( 'NONE',  ( 0.7999999999999996000, -0.1637921095614146800, 0.3678739000832078600 ) ) ;
#807 = VERTEX_POINT ( 'NONE', #1504 ) ;
#808 = CARTESIAN_POINT ( 'NONE',  ( 0.2666666666666666600, 0.1538945854125607600, 0.4295596956747803100 ) ) ;
#809 = DIRECTION ( 'NONE',  ( 0.0000000000000000000, 0.0000000000000000000, 1.000000000000000000 ) ) ;
#810 = AXIS2_PLACEMENT_3D ( 'NONE', #1135, #1259, #312 ) ;
#811 = DIRECTION ( 'NONE',  ( 0.5850050122996965900, -0.8110296761427610000, 0.0000000000000000000 ) ) ;
#812 = DIRECTION ( 'NONE',  ( 0.0000000000000000000, 0.0000000000000000000, 1.000000000000000000 ) ) ;
#813 = DIRECTION ( 'NONE',  ( -0.4461966605208795800, 0.6328145621507197400, -0.6328145621507204100 ) ) ;
#814 = LINE ( 'NONE', #412, #932 ) ;
#815 = VECTOR ( 'NONE', #9, 1000.000000000000000 ) ;
#816 = DIRECTION ( 'NONE',  ( 0.9738802282005274400, -0.1750784554127641800, -0.1445850461505933900 ) ) ;
#817 = DIRECTION ( 'NONE',  ( 0.0000000000000000000, 0.0000000000000000000, 1.000000000000000000 ) ) ;
#818 = CARTESIAN_POINT ( 'NONE',  ( 0.8000000000000000400, -0.1934846820079768000, 0.3792718107531267100 ) ) ;
#819 = EDGE_LOOP ( 'NONE', ( #1234, #1447, #34, #1398 ) ) ;
#820 = ORIENTED_EDGE ( 'NONE', *, *, #1029, .F. ) ;
#821 = ORIENTED_EDGE ( 'NONE', *, *, #1344, .T. ) ;
#822 = ORIENTED_EDGE ( 'NONE', *, *, #1522, .F. ) ;
#823 = ORIENTED_EDGE ( 'NONE', *, *, #1085, .T. ) ;
#824 = CARTESIAN_POINT ( 'NONE',  ( 0.2666666666666664400, 0.5973301652880570500, 0.3514789130346346900 ) ) ;
#825 = CARTESIAN_POINT ( 'NONE',  ( 0.8000000000000000400, 0.07471439222172821000, 0.3336801680734513600 ) ) ;
#826 = CARTESIAN_POINT ( 'NONE',  ( 0.2666666666666666600, 0.4295596956747803100, -0.1538945854125608700 ) ) ;
#827 = EDGE_CURVE ( 'NONE', #1125, #166, #316, .T. ) ;
#828 = CARTESIAN_POINT ( 'NONE',  ( 0.5333333333333333300, 0.1274859312091579100, 0.3905100198863221100 ) ) ;
#829 = CARTESIAN_POINT ( 'NONE',  ( 0.8000000000000000400, 0.3336801680734513600, 0.07471439222172829300 ) ) ;
#830 = CARTESIAN_POINT ( 'NONE',  ( 0.5333333333333333300, 0.3816199318741158000, -0.1143044888171446000 ) ) ;
#831 = AXIS2_PLACEMENT_3D ( 'NONE', #277, #1335, #1467 ) ;
#832 = FACE_OUTER_BOUND ( 'NONE', #1436, .T. ) ;
#833 = CARTESIAN_POINT ( 'NONE',  ( 0.8000000000000000400, 0.1934846820079768600, 0.3792718107531266600 ) ) ;
#834 = CARTESIAN_POINT ( 'NONE',  ( 0.7999999999999997100, 0.3678739000832075800, -0.1637921095614148800 ) ) ;
#835 = VECTOR ( 'NONE', #931, 1000.000000000000200 ) ;
#836 = FACE_OUTER_BOUND ( 'NONE', #592, .T. ) ;
#837 = ORIENTED_EDGE ( 'NONE', *, *, #601, .F. ) ;
#838 = VECTOR ( 'NONE', #925, 1000.000000000000100 ) ;
#839 = VERTEX_POINT ( 'NONE', #1138 ) ;
#840 = EDGE_CURVE ( 'NONE', #752, #803, #1430, .T. ) ;
#841 = CARTESIAN_POINT ( 'NONE',  ( 0.8000000000000000400, -5.421010862427522200E-017, 0.3049999999999999400 ) ) ;
#842 = ORIENTED_EDGE ( 'NONE', *, *, #293, .F. ) ;
#843 = B_SPLINE_CURVE_WITH_KNOTS ( 'NONE', 3,
 ( #825, #242, #1059, #841 ),
 .UNSPECIFIED., .F., .F.,
 ( 4, 4 ),
 ( 0.0000000000000000000, 1.000000000000000000 ),
 .UNSPECIFIED. ) ;
#844 = CARTESIAN_POINT ( 'NONE',  ( 0.2666666666666663900, 0.4715023130780997000, -0.2032906673180791500 ) ) ;
#845 = ORIENTED_EDGE ( 'NONE', *, *, #905, .T. ) ;
#846 = ORIENTED_EDGE ( 'NONE', *, *, #585, .F. ) ;
#847 = CARTESIAN_POINT ( 'NONE',  ( 0.8000000000000000400, 0.07471439222172821000, 0.3336801680734513600 ) ) ;
#848 = DIRECTION ( 'NONE',  ( 0.9925461516413227600, -0.1218693434051409100, -0.0000000000000000000 ) ) ;
#849 = FILL_AREA_STYLE_COLOUR ( '', #588 ) ;
#850 = AXIS2_PLACEMENT_3D ( 'NONE', #1175, #470, #582 ) ;
#851 = LINE ( 'NONE', #267, #1428 ) ;
#852 = FACE_OUTER_BOUND ( 'NONE', #952, .T. ) ;
#853 = FACE_OUTER_BOUND ( 'NONE', #246, .T. ) ;
#854 = VECTOR ( 'NONE', #1018, 1000.000000000000200 ) ;
#855 = CARTESIAN_POINT ( 'NONE',  ( 0.0000000000000000000, -0.7063593425555222400, 0.4304760285479634100 ) ) ;
#856 = ORIENTED_EDGE ( 'NONE', *, *, #1191, .T. ) ;
#857 = PRODUCT ( 'BM1.6×4', 'BM1.6×4', '', ( #1402 ) ) ;
#858 = ORIENTED_EDGE ( 'NONE', *, *, #578, .T. ) ;
#859 = EDGE_CURVE ( 'NONE', #188, #1088, #1458, .T. ) ;
#860 = ORIENTED_EDGE ( 'NONE', *, *, #1029, .T. ) ;
#861 = CARTESIAN_POINT ( 'NONE',  ( 0.8000000000000000400, -5.421010862427522200E-017, 0.3049999999999999400 ) ) ;
#862 = EDGE_CURVE ( 'NONE', #234, #1500, #268, .T. ) ;
#863 = B_SPLINE_CURVE_WITH_KNOTS ( 'NONE', 3,
 ( #967, #1438, #614, #39 ),
 .UNSPECIFIED., .F., .F.,
 ( 4, 4 ),
 ( 0.0000000000000000000, 1.000000000000000000 ),
 .UNSPECIFIED. ) ;
#864 = EDGE_CURVE ( 'NONE', #807, #523, #1084, .T. ) ;
#865 = VECTOR ( 'NONE', #1192, 1000.000000000000000 ) ;
#866 = DIRECTION ( 'NONE',  ( -0.0000000000000000000, -0.7071067811865479100, -0.7071067811865472400 ) ) ;
#867 = DIRECTION ( 'NONE',  ( 0.0000000000000000000, -0.9335804264972015200, 0.3583679495453009300 ) ) ;
#868 = CIRCLE ( 'NONE', #538, 0.6777393218813447800 ) ;
#869 = FACE_OUTER_BOUND ( 'NONE', #1055, .T. ) ;
#870 = VERTEX_POINT ( 'NONE', #1237 ) ;
#871 = ORIENTED_EDGE ( 'NONE', *, *, #1022, .F. ) ;
#872 = CARTESIAN_POINT ( 'NONE',  ( 0.4000000000000000200, -0.3541138243611590700, -8.673287230754429900E-017 ) ) ;
#873 = ORIENTED_EDGE ( 'NONE', *, *, #567, .F. ) ;
#874 = EDGE_LOOP ( 'NONE', ( #594, #433, #593, #33 ) ) ;
#875 = CARTESIAN_POINT ( 'NONE',  ( 0.2666666666666666600, -0.5833492928202839200, 0.3350135523994619600 ) ) ;
#876 = ORIENTED_EDGE ( 'NONE', *, *, #1380, .F. ) ;
#877 = EDGE_CURVE ( 'NONE', #489, #1282, #1419, .T. ) ;
#878 = FILL_AREA_STYLE_COLOUR ( '', #178 ) ;
#879 = ORIENTED_EDGE ( 'NONE', *, *, #1049, .F. ) ;
#880 =( GEOMETRIC_REPRESENTATION_CONTEXT ( 3 ) GLOBAL_UNCERTAINTY_ASSIGNED_CONTEXT ( ( #1127 ) ) GLOBAL_UNIT_ASSIGNED_CONTEXT ( ( #917, #208, #462 ) ) REPRESENTATION_CONTEXT ( 'NONE', 'WORKASPACE' ) );
#881 = CARTESIAN_POINT ( 'NONE',  ( 0.8000000000000001600, -0.3754725071964869500, 0.1835871578591230800 ) ) ;
#882 = DIRECTION ( 'NONE',  ( 0.0000000000000000000, 0.0000000000000000000, -1.000000000000000000 ) ) ;
#883 = CARTESIAN_POINT ( 'NONE',  ( 0.8000000000000000400, -0.1934846820079768000, 0.3792718107531267100 ) ) ;
#884 = CARTESIAN_POINT ( 'NONE',  ( 0.2666666666666665000, 0.2526867492235976300, -0.5134449304814177100 ) ) ;
#885 =( NAMED_UNIT ( * ) SI_UNIT ( $, .STERADIAN. ) SOLID_ANGLE_UNIT ( ) );
#886 = AXIS2_PLACEMENT_3D ( 'NONE', #438, #1361, #415 ) ;
#887 = FACE_OUTER_BOUND ( 'NONE', #375, .T. ) ;
#888 = DIRECTION ( 'NONE',  ( -0.7913225578020796100, 0.5707900416933035000, -0.2191057685624252200 ) ) ;
#889 = CARTESIAN_POINT ( 'NONE',  ( 0.2666666666666666600, 0.4715023130780992600, 0.2032906673180793200 ) ) ;
#890 = LINE ( 'NONE', #305, #1345 ) ;
#891 = CARTESIAN_POINT ( 'NONE',  ( 0.2666666666666666600, -0.5833492928202839200, -0.3350135523994618400 ) ) ;
#892 = CARTESIAN_POINT ( 'NONE',  ( 0.0000000000000000000, 1.084202172485504400E-016, -0.4032276487223180300 ) ) ;
#893 = FACE_OUTER_BOUND ( 'NONE', #261, .T. ) ;
#894 = ORIENTED_EDGE ( 'NONE', *, *, #794, .T. ) ;
#895 = EDGE_LOOP ( 'NONE', ( #63, #708, #123, #691 ) ) ;
#896 = ORIENTED_EDGE ( 'NONE', *, *, #862, .F. ) ;
#897 = CARTESIAN_POINT ( 'NONE',  ( 0.5333333333333333300, 0.2724817975213058000, 0.4883009880205918000 ) ) ;
#898 = EDGE_LOOP ( 'NONE', ( #1206, #230, #107, #778 ) ) ;
#899 = AXIS2_PLACEMENT_3D ( 'NONE', #1347, #173, #282 ) ;
#900 = CARTESIAN_POINT ( 'NONE',  ( 0.2666666666666666600, -0.3514789130346348500, -0.5973301652880568200 ) ) ;
#901 = CARTESIAN_POINT ( 'NONE',  ( 0.2666666666666666600, 0.3514789130346347400, 0.5973301652880568200 ) ) ;
#902 = VECTOR ( 'NONE', #811, 1000.000000000000000 ) ;
#903 = CARTESIAN_POINT ( 'NONE',  ( 0.2666666666666665500, 0.3020828311291160500, 0.5553875478847377600 ) ) ;
#904 = CYLINDRICAL_SURFACE ( 'NONE', #156, 0.7999999999999999300 ) ;
#905 = EDGE_CURVE ( 'NONE', #1219, #1282, #468, .T. ) ;
#906 = CARTESIAN_POINT ( 'NONE',  ( 0.0000000000000000000, -0.2527325186429738000, 0.5347144302454639500 ) ) ;
#907 = AXIS2_PLACEMENT_3D ( 'NONE', #1034, #693, #812 ) ;
#908 = DIRECTION ( 'NONE',  ( 0.0000000000000000000, -0.3583679495453009300, 0.9335804264972015200 ) ) ;
#909 = LINE ( 'NONE', #98, #590 ) ;
#910 = CARTESIAN_POINT ( 'NONE',  ( 0.5333333333333331000, 0.1538488159931846200, 0.4082901959107347300 ) ) ;
#911 = ORIENTED_EDGE ( 'NONE', *, *, #1263, .F. ) ;
#912 = VERTEX_POINT ( 'NONE', #235 ) ;
#913 = CARTESIAN_POINT ( 'NONE',  ( 0.0000000000000000000, -0.1934846820079771700, 0.4774994594754446400 ) ) ;
#914 = DIRECTION ( 'NONE',  ( -1.000000000000000000, -0.0000000000000000000, -0.0000000000000000000 ) ) ;
#915 = VERTEX_POINT ( 'NONE', #1408 ) ;
#916 = ORIENTED_EDGE ( 'NONE', *, *, #416, .F. ) ;
#917 =( LENGTH_UNIT ( ) NAMED_UNIT ( * ) SI_UNIT ( .MILLI., .METRE. ) );
#918 = ORIENTED_EDGE ( 'NONE', *, *, #612, .F. ) ;
#919 = DIRECTION ( 'NONE',  ( -0.0000000000000000000, -0.7193398003386526400, -0.6946583704589958100 ) ) ;
#920 = CARTESIAN_POINT ( 'NONE',  ( 0.8000000000000000400, -0.07471439222172823700, 0.3336801680734513600 ) ) ;
#921 = PLANE ( 'NONE',  #435 ) ;
#922 =( LENGTH_UNIT ( ) NAMED_UNIT ( * ) SI_UNIT ( .MILLI., .METRE. ) );
#923 = CARTESIAN_POINT ( 'NONE',  ( 0.8000000000000000400, -0.1934846820079767800, -0.3792718107531267100 ) ) ;
#924 = DIRECTION ( 'NONE',  ( 1.000000000000000000, 0.0000000000000000000, 0.0000000000000000000 ) ) ;
#925 = DIRECTION ( 'NONE',  ( 0.5850050122996965900, 1.441508421023273100E-016, 0.8110296761427610000 ) ) ;
#926 = DIRECTION ( 'NONE',  ( 0.0000000000000000000, 0.0000000000000000000, 1.000000000000000000 ) ) ;
#927 = CARTESIAN_POINT ( 'NONE',  ( 0.0000000000000000000, -0.2527325186429740200, -0.5347144302454639500 ) ) ;
#928 = FACE_OUTER_BOUND ( 'NONE', #456, .T. ) ;
#929 = EDGE_CURVE ( 'NONE', #621, #670, #353, .T. ) ;
#930 = CARTESIAN_POINT ( 'NONE',  ( 0.8000000000000000400, -0.1934846820079768000, 0.3792718107531267100 ) ) ;
#931 = DIRECTION ( 'NONE',  ( 0.9738802282005274400, -0.1445850461505935900, 0.1750784554127641800 ) ) ;
#932 = VECTOR ( 'NONE', #1358, 999.9999999999998900 ) ;
#933 = PRODUCT_RELATED_PRODUCT_CATEGORY ( 'part', '', ( #857 ) ) ;
#934 = EDGE_LOOP ( 'NONE', ( #1129, #736, #338, #1462 ) ) ;
#935 = VECTOR ( 'NONE', #1507, 1000.000000000000100 ) ;
#936 = VERTEX_POINT ( 'NONE', #1156 ) ;
#937 = CARTESIAN_POINT ( 'NONE',  ( 0.5333333333333331000, -0.2329374703452655500, 0.4616307239839728100 ) ) ;
#938 = VERTEX_POINT ( 'NONE', #1394 ) ;
#939 = EDGE_CURVE ( 'NONE', #1076, #1125, #987, .T. ) ;
#940 = CARTESIAN_POINT ( 'NONE',  ( 0.5333333333333331000, -0.2329374703452655700, -0.4616307239839728100 ) ) ;
#941 = DIRECTION ( 'NONE',  ( -0.8787234366922867000, -0.3375241634370025900, -0.3375241634370026400 ) ) ;
#942 = DIRECTION ( 'NONE',  ( -0.4999999999999995000, 0.0000000000000000000, 0.8660254037844389300 ) ) ;
#943 = ADVANCED_FACE ( 'NONE', ( #1456, #367 ), #921, .F. ) ;
#944 = EDGE_CURVE ( 'NONE', #803, #85, #516, .T. ) ;
#945 = VECTOR ( 'NONE', #1051, 999.9999999999998900 ) ;
#946 = FACE_OUTER_BOUND ( 'NONE', #1073, .T. ) ;
#947 = CARTESIAN_POINT ( 'NONE',  ( 0.8000000000000010400, 0.3564759894132892300, -0.1340995371148529500 ) ) ;
#948 = EDGE_LOOP ( 'NONE', ( #258, #434, #643, #436 ) ) ;
#949 = EDGE_LOOP ( 'NONE', ( #1481, #721, #554, #1058 ) ) ;
#950 = ORIENTED_EDGE ( 'NONE', *, *, #944, .T. ) ;
#951 = ORIENTED_EDGE ( 'NONE', *, *, #1096, .F. ) ;
#952 = EDGE_LOOP ( 'NONE', ( #405, #1396, #1329, #1013 ) ) ;
#953 = ADVANCED_FACE ( 'NONE', ( #1387 ), #569, .T. ) ;
#954 = EDGE_CURVE ( 'NONE', #474, #1232, #793, .T. ) ;
#955 = PLANE ( 'NONE',  #1372 ) ;
#956 = DIRECTION ( 'NONE',  ( 0.9738802282005275500, 0.1750784554127642100, 0.1445850461505931200 ) ) ;
#957 = PLANE ( 'NONE',  #1042 ) ;
#958 = DIRECTION ( 'NONE',  ( -1.000000000000000000, -0.0000000000000000000, -0.0000000000000000000 ) ) ;
#959 = CIRCLE ( 'NONE', #666, 0.6484500000000000800 ) ;
#960 = FACE_OUTER_BOUND ( 'NONE', #948, .T. ) ;
#961 =( LENGTH_UNIT ( ) NAMED_UNIT ( * ) SI_UNIT ( .MILLI., .METRE. ) );
#962 = VERTEX_POINT ( 'NONE', #4 ) ;
#963 = ORIENTED_EDGE ( 'NONE', *, *, #1485, .T. ) ;
#964 =( NAMED_UNIT ( * ) SI_UNIT ( $, .STERADIAN. ) SOLID_ANGLE_UNIT ( ) );
#965 = UNCERTAINTY_MEASURE_WITH_UNIT (LENGTH_MEASURE( 1.000000000000000100E-005 ), #1105, 'distance_accuracy_value', 'NONE');
#966 = DIRECTION ( 'NONE',  ( -1.000000000000000000, -0.0000000000000000000, -0.0000000000000000000 ) ) ;
#967 = CARTESIAN_POINT ( 'NONE',  ( 0.8000000000000000400, -0.3049999999999999900, -7.470345474798852800E-017 ) ) ;
#968 = CIRCLE ( 'NONE', #75, 0.6484500000000000800 ) ;
#969 = B_SPLINE_CURVE_WITH_KNOTS ( 'NONE', 3,
 ( #1200, #726, #278, #626 ),
 .UNSPECIFIED., .F., .F.,
 ( 4, 4 ),
 ( 0.0000000000000000000, 1.000000000000000000 ),
 .UNSPECIFIED. ) ;
#970 = FACE_OUTER_BOUND ( 'NONE', #1208, .T. ) ;
#971 = CARTESIAN_POINT ( 'NONE',  ( 0.4000000000000000200, 0.3541138243611590700, 0.0000000000000000000 ) ) ;
#972 = EDGE_LOOP ( 'NONE', ( #1466, #845, #472, #1230 ) ) ;
#973 = ORIENTED_EDGE ( 'NONE', *, *, #55, .T. ) ;
#974 = ORIENTED_EDGE ( 'NONE', *, *, #264, .F. ) ;
#975 = DIRECTION ( 'NONE',  ( -1.000000000000000000, -0.0000000000000000000, -0.0000000000000000000 ) ) ;
#976 = ORIENTED_EDGE ( 'NONE', *, *, #996, .T. ) ;
#977 =( GEOMETRIC_REPRESENTATION_CONTEXT ( 3 ) GLOBAL_UNCERTAINTY_ASSIGNED_CONTEXT ( ( #115 ) ) GLOBAL_UNIT_ASSIGNED_CONTEXT ( ( #759, #744, #885 ) ) REPRESENTATION_CONTEXT ( 'NONE', 'WORKASPACE' ) );
#978 = ORIENTED_EDGE ( 'NONE', *, *, #135, .T. ) ;
#979 = ADVANCED_BREP_SHAPE_REPRESENTATION ( 'BM1.6×4', ( #1339, #1032 ), #880 ) ;
#980 = CARTESIAN_POINT ( 'NONE',  ( 0.2666666666666666600, 0.3514789130346347400, 0.5973301652880568200 ) ) ;
#981 = AXIS2_PLACEMENT_3D ( 'NONE', #780, #77, #196 ) ;
#982 = SURFACE_STYLE_USAGE ( .BOTH. , #627 ) ;
#983 = CARTESIAN_POINT ( 'NONE',  ( 0.0000000000000000000, -0.4304760285479638500, 0.7063593425555220200 ) ) ;
#984 = DIRECTION ( 'NONE',  ( 0.9925461516413227600, 0.1218693434051409100, 2.984938026305899500E-017 ) ) ;
#985 = B_SPLINE_CURVE_WITH_KNOTS ( 'NONE', 3,
 ( #702, #824, #1057, #476 ),
 .UNSPECIFIED., .F., .F.,
 ( 4, 4 ),
 ( 0.0000000000000000000, 1.000000000000000000 ),
 .UNSPECIFIED. ) ;
#986 = CARTESIAN_POINT ( 'NONE',  ( 0.8000000000000000400, -0.3450780787433702600, 0.1044069646682904600 ) ) ;
#987 = LINE ( 'NONE', #11, #207 ) ;
#988 = VECTOR ( 'NONE', #795, 999.9999999999998900 ) ;
#989 = CARTESIAN_POINT ( 'NONE',  ( 0.0000000000000000000, 0.4774994594754447000, -0.1934846820079771100 ) ) ;
#990 = LINE ( 'NONE', #1400, #404 ) ;
#991 = ADVANCED_FACE ( 'NONE', ( #1182 ), #686, .T. ) ;
#992 = CARTESIAN_POINT ( 'NONE',  ( 0.5333333333333333300, 0.3905100198863221100, 0.1274859312091579900 ) ) ;
#993 = CARTESIAN_POINT ( 'NONE',  ( 0.5333333333333329900, 0.1933931431692249600, -0.4349604599473532700 ) ) ;
#994 = CARTESIAN_POINT ( 'NONE',  ( 0.5333333333333337700, -0.4082901959107351800, -0.1538488159931849800 ) ) ;
#995 = CARTESIAN_POINT ( 'NONE',  ( 0.0000000000000000000, 1.084202172485504400E-016, 0.4032276487223180300 ) ) ;
#996 = EDGE_CURVE ( 'NONE', #1349, #166, #448, .T. ) ;
#997 = ORIENTED_EDGE ( 'NONE', *, *, #443, .F. ) ;
#998 = CARTESIAN_POINT ( 'NONE',  ( 0.7707106781186552300, 0.0000000000000000000, 0.6777393218813447800 ) ) ;
#999 = CARTESIAN_POINT ( 'NONE',  ( 0.0000000000000000000, -0.5347144302454645000, 0.2527325186429735800 ) ) ;
#1000 = CARTESIAN_POINT ( 'NONE',  ( 0.8000000000000000400, -5.421010862427522200E-017, -0.3049999999999999400 ) ) ;
#1001 = ADVANCED_FACE ( 'NONE', ( #704 ), #315, .F. ) ;
#1002 = CARTESIAN_POINT ( 'NONE',  ( 0.0000000000000000000, -0.4304760285479638500, -0.7063593425555220200 ) ) ;
#1003 = DIRECTION ( 'NONE',  ( 0.4590477357562596200, 0.7913812089199968600, -0.4037213871785535500 ) ) ;
#1004 = EDGE_CURVE ( 'NONE', #392, #1500, #746, .T. ) ;
#1005 = CARTESIAN_POINT ( 'NONE',  ( 1.499999999999999600, 9.797174393178822500E-017, 0.7999999999999997100 ) ) ;
#1006 = AXIS2_PLACEMENT_3D ( 'NONE', #1319, #263, #25 ) ;
#1007 = ADVANCED_FACE ( 'NONE', ( #589 ), #957, .F. ) ;
#1008 = CARTESIAN_POINT ( 'NONE',  ( 0.8000000000000000400, 0.3336801680734514100, -0.07471439222172843200 ) ) ;
#1009 = CARTESIAN_POINT ( 'NONE',  ( 0.8000000000000000400, -0.1934846820079768000, -0.3792718107531267100 ) ) ;
#1010 = CARTESIAN_POINT ( 'NONE',  ( 0.2666666666666666600, 0.3350135523994618400, 0.5833492928202839200 ) ) ;
#1011 = DIRECTION ( 'NONE',  ( 0.0000000000000000000, 0.6946583704589960300, 0.7193398003386523000 ) ) ;
#1012 = VECTOR ( 'NONE', #1288, 1000.000000000000000 ) ;
#1013 = ORIENTED_EDGE ( 'NONE', *, *, #585, .T. ) ;
#1014 = ORIENTED_EDGE ( 'NONE', *, *, #284, .F. ) ;
#1015 = ORIENTED_EDGE ( 'NONE', *, *, #50, .F. ) ;
#1016 = CARTESIAN_POINT ( 'NONE',  ( 0.8000000000000000400, -0.3049999999999999900, -7.470345474798852800E-017 ) ) ;
#1017 = ORIENTED_EDGE ( 'NONE', *, *, #453, .T. ) ;
#1018 = DIRECTION ( 'NONE',  ( 0.9738802282005274400, -0.1445850461505935900, -0.1750784554127641800 ) ) ;
#1019 = CARTESIAN_POINT ( 'NONE',  ( 0.7999999999999996000, 0.1637921095614147400, 0.3678739000832078600 ) ) ;
#1020 = ORIENTED_EDGE ( 'NONE', *, *, #135, .F. ) ;
#1021 = CARTESIAN_POINT ( 'NONE',  ( 0.5333333333333335500, -0.4883009880205918000, -0.2724817975213058600 ) ) ;
#1022 = EDGE_CURVE ( 'NONE', #1414, #1221, #132, .T. ) ;
#1023 = ADVANCED_FACE ( 'NONE', ( #74 ), #1068, .F. ) ;
#1024 = CARTESIAN_POINT ( 'NONE',  ( 0.8000000000000000400, -0.3049999999999999900, -7.470345474798852800E-017 ) ) ;
#1025 = DIRECTION ( 'NONE',  ( 1.000000000000000000, 0.0000000000000000000, 0.0000000000000000000 ) ) ;
#1026 = CARTESIAN_POINT ( 'NONE',  ( 0.5333333333333329900, -0.4349604599473532700, -0.1933931431692251500 ) ) ;
#1027 = ADVANCED_FACE ( 'Bface2', ( #637 ), #332, .T. ) ;
#1028 = CARTESIAN_POINT ( 'NONE',  ( 1.348449999999998400, 0.0000000000000000000, 0.0000000000000000000 ) ) ;
#1029 = EDGE_CURVE ( 'NONE', #1190, #754, #868, .T. ) ;
#1030 = CARTESIAN_POINT ( 'NONE',  ( 0.2666666666666666600, -0.1703599460477336900, 0.4435405681425532700 ) ) ;
#1031 = VECTOR ( 'NONE', #142, 1000.000000000000100 ) ;
#1032 = AXIS2_PLACEMENT_3D ( 'NONE', #1515, #926, #1273 ) ;
#1033 = DIRECTION ( 'NONE',  ( 0.0000000000000000000, 0.3583679495453009300, -0.9335804264972015200 ) ) ;
#1034 = CARTESIAN_POINT ( 'NONE',  ( 0.8414213562373098500, 0.0000000000000000000, 0.0000000000000000000 ) ) ;
#1035 = CARTESIAN_POINT ( 'NONE',  ( 0.2666666666666668300, 0.3020828311291162100, -0.5553875478847384300 ) ) ;
#1036 = VECTOR ( 'NONE', #816, 1000.000000000000200 ) ;
#1037 = ORIENTED_EDGE ( 'NONE', *, *, #143, .F. ) ;
#1038 = ORIENTED_EDGE ( 'NONE', *, *, #364, .F. ) ;
#1039 = ORIENTED_EDGE ( 'NONE', *, *, #662, .F. ) ;
#1040 = ORIENTED_EDGE ( 'NONE', *, *, #827, .F. ) ;
#1041 = CARTESIAN_POINT ( 'NONE',  ( 0.2666666666666667700, -0.2526867492235977400, -0.5134449304814189300 ) ) ;
#1042 = AXIS2_PLACEMENT_3D ( 'NONE', #1193, #480, #1300 ) ;
#1043 = APPLICATION_PROTOCOL_DEFINITION ( 'draft international standard', 'automotive_design', 1998, #222 ) ;
#1044 = CARTESIAN_POINT ( 'NONE',  ( 0.7999999999999998200, -0.1637921095614146600, -0.3678739000832080800 ) ) ;
#1045 = CARTESIAN_POINT ( 'NONE',  ( 0.8000000000000000400, 0.07471439222172811300, -0.3336801680734513600 ) ) ;
#1046 = FACE_OUTER_BOUND ( 'NONE', #451, .T. ) ;
#1047 = CARTESIAN_POINT ( 'NONE',  ( 0.2666666666666666600, -0.1538945854125608700, -0.4295596956747803100 ) ) ;
#1048 = PLANE ( 'NONE',  #850 ) ;
#1049 = EDGE_CURVE ( 'NONE', #428, #505, #57, .T. ) ;
#1050 = DIRECTION ( 'NONE',  ( -0.0000000000000000000, -0.3583679495453011000, 0.9335804264972015200 ) ) ;
#1051 = DIRECTION ( 'NONE',  ( 0.0000000000000000000, -0.3583679495453011000, -0.9335804264972015200 ) ) ;
#1052 = FACE_OUTER_BOUND ( 'NONE', #949, .T. ) ;
#1053 = AXIS2_PLACEMENT_3D ( 'NONE', #365, #1305, #386 ) ;
#1054 = TOROIDAL_SURFACE ( 'NONE', #907, 0.7484500000000000600, 0.1000000000000000100 ) ;
#1055 = EDGE_LOOP ( 'NONE', ( #270, #558, #710, #109 ) ) ;
#1056 = ORIENTED_EDGE ( 'NONE', *, *, #40, .T. ) ;
#1057 = CARTESIAN_POINT ( 'NONE',  ( 0.5333333333333332100, 0.4883009880205918500, 0.2724817975213058600 ) ) ;
#1058 = ORIENTED_EDGE ( 'NONE', *, *, #50, .T. ) ;
#1059 = CARTESIAN_POINT ( 'NONE',  ( 0.8000000000000003800, 0.02490479740724270800, 0.3145600560244836700 ) ) ;
#1060 = ORIENTED_EDGE ( 'NONE', *, *, #1434, .T. ) ;
#1061 = CARTESIAN_POINT ( 'NONE',  ( 0.8000000000000000400, 0.3792718107531265500, -0.1934846820079771100 ) ) ;
#1062 = ORIENTED_EDGE ( 'NONE', *, *, #1229, .F. ) ;
#1063 = CARTESIAN_POINT ( 'NONE',  ( 0.2666666666666666600, -0.4295596956747803100, -0.1538945854125607600 ) ) ;
#1064 = EDGE_CURVE ( 'NONE', #938, #1330, #147, .T. ) ;
#1065 = CARTESIAN_POINT ( 'NONE',  ( 0.2666666666666670000, 0.5134449304814182600, -0.2526867492235978500 ) ) ;
#1066 = ADVANCED_FACE ( 'NONE', ( #1052 ), #148, .T. ) ;
#1067 = PLANE ( 'NONE',  #1053 ) ;
#1068 = PLANE ( 'NONE',  #699 ) ;
#1069 = VECTOR ( 'NONE', #573, 1000.000000000000100 ) ;
#1070 = B_SPLINE_CURVE_WITH_KNOTS ( 'NONE', 3,
 ( #1124, #197, #313, #920 ),
 .UNSPECIFIED., .F., .F.,
 ( 4, 4 ),
 ( 0.0000000000000000000, 1.000000000000000000 ),
 .UNSPECIFIED. ) ;
#1071 = AXIS2_PLACEMENT_3D ( 'NONE', #1162, #1521, #340 ) ;
#1072 = VECTOR ( 'NONE', #1212, 1000.000000000000200 ) ;
#1073 = EDGE_LOOP ( 'NONE', ( #1448, #1104, #1056 ) ) ;
#1074 = CARTESIAN_POINT ( 'NONE',  ( 0.8000000000000000400, -0.3049999999999999900, -7.470345474798852800E-017 ) ) ;
#1075 = ORIENTED_EDGE ( 'NONE', *, *, #158, .T. ) ;
#1076 = VERTEX_POINT ( 'NONE', #157 ) ;
#1077 = CARTESIAN_POINT ( 'NONE',  ( 0.0000000000000000000, 0.5347144302454646100, -0.2527325186429735200 ) ) ;
#1078 = CARTESIAN_POINT ( 'NONE',  ( 0.8000000000000000400, -0.3336801680734513600, -0.07471439222172836200 ) ) ;
#1079 = CARTESIAN_POINT ( 'NONE',  ( 0.8000000000000000400, 0.3792718107531266000, 0.1934846820079771400 ) ) ;
#1080 = EDGE_CURVE ( 'NONE', #165, #1215, #1365, .T. ) ;
#1081 = DIRECTION ( 'NONE',  ( 0.1138834974988999200, 0.3560364475175796200, -0.9275066560604726700 ) ) ;
#1082 = CARTESIAN_POINT ( 'NONE',  ( 0.2666666666666666600, 0.4295596956747803100, 0.1538945854125607900 ) ) ;
#1083 = CARTESIAN_POINT ( 'NONE',  ( 4.625000000000000900, 9.797174393178824900E-017, -0.7999999999999999300 ) ) ;
#1084 = CIRCLE ( 'NONE', #266, 1.330000000000000100 ) ;
#1085 = EDGE_CURVE ( 'NONE', #85, #1371, #1267, .T. ) ;
#1086 = CIRCLE ( 'NONE', #495, 0.4968911086754463900 ) ;
#1087 = CARTESIAN_POINT ( 'NONE',  ( -3.442001378349206100, 0.0000000000000000000, 0.0000000000000000000 ) ) ;
#1088 = VERTEX_POINT ( 'NONE', #1444 ) ;
#1089 = AXIS2_PLACEMENT_3D ( 'NONE', #180, #87, #1240 ) ;
#1090 = VERTEX_POINT ( 'NONE', #181 ) ;
#1091 = ORIENTED_EDGE ( 'NONE', *, *, #676, .T. ) ;
#1092 = ORIENTED_EDGE ( 'NONE', *, *, #190, .F. ) ;
#1093 = CARTESIAN_POINT ( 'NONE',  ( 0.8000000000000000400, -5.421010862427522200E-017, 0.3049999999999999400 ) ) ;
#1094 = ORIENTED_EDGE ( 'NONE', *, *, #840, .T. ) ;
#1095 = CARTESIAN_POINT ( 'NONE',  ( 0.8000000000000000400, -5.421010862427522200E-017, -0.3049999999999999400 ) ) ;
#1096 = EDGE_CURVE ( 'NONE', #1215, #1500, #770, .T. ) ;
#1097 = CARTESIAN_POINT ( 'NONE',  ( 0.0000000000000000000, -0.6872876856321823400, 0.4107267496696313000 ) ) ;
#1098 = CONICAL_SURFACE ( 'NONE', #1157, 0.7999999999999999300, 1.047197551196598300 ) ;
#1099 = CARTESIAN_POINT ( 'NONE',  ( 0.0000000000000000000, 0.5347144302454637200, 0.2527325186429738000 ) ) ;
#1100 = VECTOR ( 'NONE', #919, 1000.000000000000000 ) ;
#1101 = CARTESIAN_POINT ( 'NONE',  ( 0.0000000000000000000, 0.1934846820079770500, 0.4774994594754447000 ) ) ;
#1102 = CIRCLE ( 'NONE', #1006, 0.7999999999999997100 ) ;
#1103 = EDGE_CURVE ( 'NONE', #1282, #105, #1306, .T. ) ;
#1104 = ORIENTED_EDGE ( 'NONE', *, *, #1344, .F. ) ;
#1105 =( LENGTH_UNIT ( ) NAMED_UNIT ( * ) SI_UNIT ( .MILLI., .METRE. ) );
#1106 = EDGE_LOOP ( 'NONE', ( #318, #973, #1158, #389 ) ) ;
#1107 = DIRECTION ( 'NONE',  ( 0.0000000000000000000, 0.0000000000000000000, 1.000000000000000000 ) ) ;
#1108 = ORIENTED_EDGE ( 'NONE', *, *, #1004, .F. ) ;
#1109 = CARTESIAN_POINT ( 'NONE',  ( 0.8000000000000000400, -0.3374794716300910100, -0.08461191637058244900 ) ) ;
#1110 = CARTESIAN_POINT ( 'NONE',  ( 0.5333333333333333300, -0.3816199318741158000, 0.1143044888171445000 ) ) ;
#1111 = CARTESIAN_POINT ( 'NONE',  ( 0.8000000000000003800, 7.941222169071012300E-017, -0.6484500000000000800 ) ) ;
#1112 = CARTESIAN_POINT ( 'NONE',  ( 0.5333333333333336600, 0.4349604599473539900, 0.1933931431692252900 ) ) ;
#1113 = CARTESIAN_POINT ( 'NONE',  ( 0.2666666666666666600, 0.1703599460477336300, -0.4435405681425533300 ) ) ;
#1114 = CARTESIAN_POINT ( 'NONE',  ( 0.2666666666666666600, -0.4295596956747803100, 0.1538945854125607600 ) ) ;
#1115 = CARTESIAN_POINT ( 'NONE',  ( 0.0000000000000000000, 0.0000000000000000000, 0.0000000000000000000 ) ) ;
#1116 = CARTESIAN_POINT ( 'NONE',  ( 1.499999999999999600, 0.0000000000000000000, 0.7999999999999997100 ) ) ;
#1117 = DIRECTION ( 'NONE',  ( 0.5850050122996965900, 0.8110296761427610000, 1.986449793803493200E-016 ) ) ;
#1118 = CARTESIAN_POINT ( 'NONE',  ( 0.8000000000000000400, 0.1934846820079768600, -0.3792718107531266600 ) ) ;
#1119 = CARTESIAN_POINT ( 'NONE',  ( 0.8000000000000000400, -0.08461191637058229600, 0.3374794716300910100 ) ) ;
#1120 = VECTOR ( 'NONE', #984, 1000.000000000000100 ) ;
#1121 = VECTOR ( 'NONE', #542, 1000.000000000000200 ) ;
#1122 = DIRECTION ( 'NONE',  ( 0.0000000000000000000, 0.0000000000000000000, 1.000000000000000000 ) ) ;
#1123 = FACE_OUTER_BOUND ( 'NONE', #231, .T. ) ;
#1124 = CARTESIAN_POINT ( 'NONE',  ( 0.8000000000000000400, -5.421010862427522200E-017, 0.3049999999999999400 ) ) ;
#1125 = VERTEX_POINT ( 'NONE', #1472 ) ;
#1126 = ORIENTED_EDGE ( 'NONE', *, *, #379, .F. ) ;
#1127 = UNCERTAINTY_MEASURE_WITH_UNIT (LENGTH_MEASURE( 1.000000000000000100E-005 ), #917, 'distance_accuracy_value', 'NONE');
#1128 = ORIENTED_EDGE ( 'NONE', *, *, #709, .T. ) ;
#1129 = ORIENTED_EDGE ( 'NONE', *, *, #177, .F. ) ;
#1130 = AXIS2_PLACEMENT_3D ( 'NONE', #511, #279, #265 ) ;
#1131 = DIRECTION ( 'NONE',  ( -1.000000000000000000, -0.0000000000000000000, -0.0000000000000000000 ) ) ;
#1132 = CARTESIAN_POINT ( 'NONE',  ( 0.8000000000000000400, 0.1934846820079768600, 0.3792718107531266600 ) ) ;
#1133 = CARTESIAN_POINT ( 'NONE',  ( 0.5333333333333336600, -0.4616307239839732000, -0.2329374703452656300 ) ) ;
#1134 = CARTESIAN_POINT ( 'NONE',  ( 0.5333333333333333300, -0.1143044888171445700, 0.3816199318741158000 ) ) ;
#1135 = CARTESIAN_POINT ( 'NONE',  ( 0.8000000000000000400, -5.421010862427522200E-017, 0.3049999999999999400 ) ) ;
#1136 = CARTESIAN_POINT ( 'NONE',  ( 0.2666666666666669400, 0.2526867492235979600, 0.5134449304814185900 ) ) ;
#1137 = CARTESIAN_POINT ( 'NONE',  ( 0.8000000000000000400, -0.07471439222172823700, 0.3336801680734513600 ) ) ;
#1138 = CARTESIAN_POINT ( 'NONE',  ( 1.348449999999998400, 8.869198281124916800E-017, 0.6484500000000000800 ) ) ;
#1139 = AXIS2_PLACEMENT_3D ( 'NONE', #583, #1170, #817 ) ;
#1140 = CIRCLE ( 'NONE', #457, 0.7999999999999999300 ) ;
#1141 = DIRECTION ( 'NONE',  ( 0.0000000000000000000, 0.3583679495453011000, 0.9335804264972015200 ) ) ;
#1142 = CARTESIAN_POINT ( 'NONE',  ( 0.8000000000000000400, 0.3792718107531265500, 0.1934846820079770300 ) ) ;
#1143 = CARTESIAN_POINT ( 'NONE',  ( 0.0000000000000000000, 0.4304760285479635200, 0.7063593425555220200 ) ) ;
#1144 = CYLINDRICAL_SURFACE ( 'NONE', #886, 0.6484500000000000800 ) ;
#1145 = CARTESIAN_POINT ( 'NONE',  ( 0.0000000000000000000, 0.4774994594754447000, 0.1934846820079770300 ) ) ;
#1146 = FACE_OUTER_BOUND ( 'NONE', #374, .T. ) ;
#1147 = ORIENTED_EDGE ( 'NONE', *, *, #706, .T. ) ;
#1148 = LINE ( 'NONE', #798, #838 ) ;
#1149 = ORIENTED_EDGE ( 'NONE', *, *, #453, .F. ) ;
#1150 = CARTESIAN_POINT ( 'NONE',  ( 0.7999999999999997100, 0.3241201120489676200, -0.04980959481448561700 ) ) ;
#1151 = ORIENTED_EDGE ( 'NONE', *, *, #954, .F. ) ;
#1152 = PLANE ( 'NONE',  #1395 ) ;
#1153 = CARTESIAN_POINT ( 'NONE',  ( 0.5333333333333336600, 0.2329374703452655500, -0.4616307239839732000 ) ) ;
#1154 = ORIENTED_EDGE ( 'NONE', *, *, #498, .T. ) ;
#1155 = CARTESIAN_POINT ( 'NONE',  ( 0.0000000000000000000, 0.4304760285479636300, 0.7063593425555221300 ) ) ;
#1156 = CARTESIAN_POINT ( 'NONE',  ( 1.499999999999999600, 9.797174393178823700E-017, -0.7999999999999997100 ) ) ;
#1157 = AXIS2_PLACEMENT_3D ( 'NONE', #1382, #657, #193 ) ;
#1158 = ORIENTED_EDGE ( 'NONE', *, *, #1316, .T. ) ;
#1159 = CARTESIAN_POINT ( 'NONE',  ( 0.5333333333333333300, -0.1274859312091579900, -0.3905100198863221100 ) ) ;
#1160 = CARTESIAN_POINT ( 'NONE',  ( 0.8000000000000000400, 0.1934846820079768600, -0.3792718107531266600 ) ) ;
#1161 = CARTESIAN_POINT ( 'NONE',  ( 0.0000000000000000000, -0.3712281919129671300, 0.6491443717855026600 ) ) ;
#1162 = CARTESIAN_POINT ( 'NONE',  ( 0.8000000000000000400, -0.3792718107531265500, 0.1934846820079771100 ) ) ;
#1163 = CARTESIAN_POINT ( 'NONE',  ( 0.8000000000000000400, 0.08461191637058221300, 0.3374794716300909500 ) ) ;
#1164 = LINE ( 'NONE', #562, #902 ) ;
#1165 = DIRECTION ( 'NONE',  ( -0.0000000000000000000, -0.7071067811865472400, -0.7071067811865479100 ) ) ;
#1166 = SURFACE_STYLE_FILL_AREA ( #1455 ) ;
#1167 = VECTOR ( 'NONE', #302, 1000.000000000000000 ) ;
#1168 = VECTOR ( 'NONE', #1503, 1000.000000000000000 ) ;
#1169 = CARTESIAN_POINT ( 'NONE',  ( 0.8000000000000003800, -0.1340995371148526700, -0.3564759894132892300 ) ) ;
#1170 = DIRECTION ( 'NONE',  ( -1.000000000000000000, -0.0000000000000000000, -0.0000000000000000000 ) ) ;
#1171 = ORIENTED_EDGE ( 'NONE', *, *, #55, .F. ) ;
#1172 = ORIENTED_EDGE ( 'NONE', *, *, #601, .T. ) ;
#1173 = EDGE_LOOP ( 'NONE', ( #842, #560, #1296, #522 ) ) ;
#1174 = EDGE_CURVE ( 'NONE', #962, #707, #549, .T. ) ;
#1175 = CARTESIAN_POINT ( 'NONE',  ( 0.0000000000000000000, 0.4032276487223181400, 0.0000000000000000000 ) ) ;
#1176 = CARTESIAN_POINT ( 'NONE',  ( 0.5333333333333333300, -0.2593003551292923900, 0.4794109000083854900 ) ) ;
#1177 = DIRECTION ( 'NONE',  ( 0.5850050122996967000, -0.8110296761427610000, 0.0000000000000000000 ) ) ;
#1178 = DIRECTION ( 'NONE',  ( 0.5850050122996965900, 1.441508421023273100E-016, -0.8110296761427610000 ) ) ;
#1179 = PRESENTATION_STYLE_ASSIGNMENT (( #97 ) ) ;
#1180 = DIRECTION ( 'NONE',  ( -0.3585659369575344700, 0.0000000000000000000, 0.9335044021608924800 ) ) ;
#1181 = CARTESIAN_POINT ( 'NONE',  ( 0.5333333333333333300, 0.4794109000083854900, -0.2593003551292925000 ) ) ;
#1182 = FACE_OUTER_BOUND ( 'NONE', #1498, .T. ) ;
#1183 = ORIENTED_EDGE ( 'NONE', *, *, #939, .F. ) ;
#1184 = ORIENTED_EDGE ( 'NONE', *, *, #1080, .T. ) ;
#1185 = CARTESIAN_POINT ( 'NONE',  ( 0.8414213562373098500, 0.0000000000000000000, 0.0000000000000000000 ) ) ;
#1186 = ORIENTED_EDGE ( 'NONE', *, *, #877, .F. ) ;
#1187 = CARTESIAN_POINT ( 'NONE',  ( 0.0000000000000000000, -0.7063593425555222400, -0.4304760285479633500 ) ) ;
#1188 = EDGE_LOOP ( 'NONE', ( #1369, #139 ) ) ;
#1189 = DIRECTION ( 'NONE',  ( -0.8787234366922867000, -0.3375241634370025900, 0.3375241634370026400 ) ) ;
#1190 = VERTEX_POINT ( 'NONE', #998 ) ;
#1191 = EDGE_CURVE ( 'NONE', #1232, #777, #26, .T. ) ;
#1192 = DIRECTION ( 'NONE',  ( 0.4590477357562596200, -0.4037213871785530500, 0.7913812089199970800 ) ) ;
#1193 = CARTESIAN_POINT ( 'NONE',  ( 0.0000000000000000000, 1.084202172485504400E-016, 0.4032276487223180300 ) ) ;
#1194 = AXIS2_PLACEMENT_3D ( 'NONE', #1469, #1243, #753 ) ;
#1195 = CARTESIAN_POINT ( 'NONE',  ( 0.0000000000000000000, 0.0000000000000000000, 1.330000000000000100 ) ) ;
#1196 = ADVANCED_FACE ( 'NONE', ( #928 ), #254, .T. ) ;
#1197 = CARTESIAN_POINT ( 'NONE',  ( 0.8000000000000000400, 0.3336801680734514100, -0.07471439222172843200 ) ) ;
#1198 = CARTESIAN_POINT ( 'NONE',  ( 0.5333333333333333300, 0.4883009880205918000, -0.2724817975213059100 ) ) ;
#1199 = FACE_OUTER_BOUND ( 'NONE', #972, .T. ) ;
#1200 = CARTESIAN_POINT ( 'NONE',  ( 0.0000000000000000000, -0.4304760285479638500, -0.7063593425555220200 ) ) ;
#1201 = DIRECTION ( 'NONE',  ( 0.0000000000000000000, 0.0000000000000000000, 1.000000000000000000 ) ) ;
#1202 = FACE_OUTER_BOUND ( 'NONE', #874, .T. ) ;
#1203 = AXIS2_PLACEMENT_3D ( 'NONE', #1509, #92, #1251 ) ;
#1204 = VECTOR ( 'NONE', #717, 1000.000000000000300 ) ;
#1205 = ADVANCED_FACE ( 'NONE', ( #1199 ), #1336, .F. ) ;
#1206 = ORIENTED_EDGE ( 'NONE', *, *, #35, .F. ) ;
#1207 = ORIENTED_EDGE ( 'NONE', *, *, #578, .F. ) ;
#1208 = EDGE_LOOP ( 'NONE', ( #911, #111, #668, #475 ) ) ;
#1209 = VERTEX_POINT ( 'NONE', #324 ) ;
#1210 = EDGE_CURVE ( 'NONE', #707, #1500, #572, .T. ) ;
#1211 = AXIS2_PLACEMENT_3D ( 'NONE', #1095, #741, #632 ) ;
#1212 = DIRECTION ( 'NONE',  ( 0.9925461516413227600, -2.017726301065592000E-016, 0.1218693434051409400 ) ) ;
#1213 = DIRECTION ( 'NONE',  ( 0.0000000000000000000, -0.3583679495453014900, -0.9335804264972013000 ) ) ;
#1214 = EDGE_CURVE ( 'NONE', #1330, #936, #226, .T. ) ;
#1215 = VERTEX_POINT ( 'NONE', #678 ) ;
#1216 = AXIS2_PLACEMENT_3D ( 'NONE', #464, #1284, #110 ) ;
#1217 = LINE ( 'NONE', #5, #1346 ) ;
#1218 = ORIENTED_EDGE ( 'NONE', *, *, #99, .T. ) ;
#1219 = VERTEX_POINT ( 'NONE', #329 ) ;
#1220 = FILL_AREA_STYLE ('',( #1351 ) ) ;
#1221 = VERTEX_POINT ( 'NONE', #1270 ) ;
#1222 = PLANE ( 'NONE',  #1130 ) ;
#1223 = CARTESIAN_POINT ( 'NONE',  ( 0.2666666666666665500, 0.5553875478847377600, 0.3020828311291162100 ) ) ;
#1224 = DIRECTION ( 'NONE',  ( 0.1138834974988999200, -0.3560364475175801800, 0.9275066560604724500 ) ) ;
#1225 =( NAMED_UNIT ( * ) SI_UNIT ( $, .STERADIAN. ) SOLID_ANGLE_UNIT ( ) );
#1226 = CARTESIAN_POINT ( 'NONE',  ( 0.8000000000000000400, -0.3336801680734513600, 0.07471439222172823700 ) ) ;
#1227 = CIRCLE ( 'NONE', #1457, 0.6484500000000000800 ) ;
#1228 = VECTOR ( 'NONE', #413, 1000.000000000000000 ) ;
#1229 = EDGE_CURVE ( 'NONE', #1399, #912, #1227, .T. ) ;
#1230 = ORIENTED_EDGE ( 'NONE', *, *, #597, .F. ) ;
#1231 = CARTESIAN_POINT ( 'NONE',  ( 0.8000000000000000400, -0.3049999999999999900, -7.470345474798852800E-017 ) ) ;
#1232 = VERTEX_POINT ( 'NONE', #1484 ) ;
#1233 = CARTESIAN_POINT ( 'NONE',  ( -3.442001378349206100, 1.628780242865979600E-016, -1.330000000000000100 ) ) ;
#1234 = ORIENTED_EDGE ( 'NONE', *, *, #768, .F. ) ;
#1235 = DIRECTION ( 'NONE',  ( -0.7913225578020796100, 0.2191057685624259200, 0.5707900416933036100 ) ) ;
#1236 = CARTESIAN_POINT ( 'NONE',  ( 0.8000000000000000400, -0.1044069646682904800, 0.3450780787433702100 ) ) ;
#1237 = CARTESIAN_POINT ( 'NONE',  ( 0.0000000000000000000, 1.628780242865979600E-016, -1.330000000000000100 ) ) ;
#1238 = DIRECTION ( 'NONE',  ( -1.000000000000000000, -0.0000000000000000000, -0.0000000000000000000 ) ) ;
#1239 = ADVANCED_FACE ( 'NONE', ( #887 ), #1357, .F. ) ;
#1240 = DIRECTION ( 'NONE',  ( 0.0000000000000000000, 0.0000000000000000000, 1.000000000000000000 ) ) ;
#1241 = EDGE_CURVE ( 'NONE', #1371, #1500, #311, .T. ) ;
#1242 = DIRECTION ( 'NONE',  ( 0.4590477357562596200, 0.7913812089199968600, 0.4037213871785535500 ) ) ;
#1243 = DIRECTION ( 'NONE',  ( -0.0000000000000000000, 1.000000000000000000, 1.224646799147353200E-016 ) ) ;
#1244 = B_SPLINE_CURVE_WITH_KNOTS ( 'NONE', 3,
 ( #1008, #1150, #425, #1374 ),
 .UNSPECIFIED., .F., .F.,
 ( 4, 4 ),
 ( 0.0000000000000000000, 1.000000000000000000 ),
 .UNSPECIFIED. ) ;
#1245 = FACE_OUTER_BOUND ( 'NONE', #622, .T. ) ;
#1246 = CARTESIAN_POINT ( 'NONE',  ( 0.5333333333333333300, -0.4883009880205918000, -0.2724817975213059100 ) ) ;
#1247 = CARTESIAN_POINT ( 'NONE',  ( 0.0000000000000000000, -0.2132339608863093900, 0.4965711163987843700 ) ) ;
#1248 = ADVANCED_FACE ( 'NONE', ( #852 ), #225, .T. ) ;
#1249 = VECTOR ( 'NONE', #674, 1000.000000000000000 ) ;
#1250 = FACE_OUTER_BOUND ( 'NONE', #64, .T. ) ;
#1251 = DIRECTION ( 'NONE',  ( 0.0000000000000000000, -0.7071067811865476800, -0.7071067811865474600 ) ) ;
#1252 = CARTESIAN_POINT ( 'NONE',  ( 0.0000000000000000000, 0.3119803552779705800, 0.5919294010154833000 ) ) ;
#1253 = ORIENTED_EDGE ( 'NONE', *, *, #1103, .F. ) ;
#1254 = CARTESIAN_POINT ( 'NONE',  ( 0.0000000000000000000, 0.7063593425555222400, -0.4304760285479635200 ) ) ;
#1255 = ORIENTED_EDGE ( 'NONE', *, *, #954, .T. ) ;
#1256 = ORIENTED_EDGE ( 'NONE', *, *, #1214, .T. ) ;
#1257 = CARTESIAN_POINT ( 'NONE',  ( 0.0000000000000000000, -0.1934846820079771700, 0.4774994594754446400 ) ) ;
#1258 = ORIENTED_EDGE ( 'NONE', *, *, #737, .F. ) ;
#1259 = DIRECTION ( 'NONE',  ( -0.7913225578020795000, 0.2191057685624258600, -0.5707900416933036100 ) ) ;
#1260 = CARTESIAN_POINT ( 'NONE',  ( 0.0000000000000000000, 0.7063593425555222400, 0.4304760285479635200 ) ) ;
#1261 = CARTESIAN_POINT ( 'NONE',  ( 0.0000000000000000000, 0.3712281919129668000, 0.6491443717855027700 ) ) ;
#1262 = DIRECTION ( 'NONE',  ( -0.0000000000000000000, -0.3583679495453011000, 0.9335804264972015200 ) ) ;
#1263 = EDGE_CURVE ( 'NONE', #754, #1190, #617, .T. ) ;
#1264 = CARTESIAN_POINT ( 'NONE',  ( 0.8000000000000004900, -0.1340995371148524200, 0.3564759894132892300 ) ) ;
#1265 = CARTESIAN_POINT ( 'NONE',  ( 0.8000000000000000400, -0.3792718107531265500, 0.1934846820079771100 ) ) ;
#1266 = ADVANCED_FACE ( 'NONE', ( #223 ), #1048, .F. ) ;
#1267 = B_SPLINE_CURVE_WITH_KNOTS ( 'NONE', 3,
 ( #377, #980, #897, #286 ),
 .UNSPECIFIED., .F., .F.,
 ( 4, 4 ),
 ( 0.0000000000000000000, 1.000000000000000000 ),
 .UNSPECIFIED. ) ;
#1268 = CARTESIAN_POINT ( 'NONE',  ( 0.0000000000000000000, -0.4774994594754447000, 0.1934846820079770000 ) ) ;
#1269 = CARTESIAN_POINT ( 'NONE',  ( -0.0000000000000000000, -0.2132339608863093900, -0.4965711163987843700 ) ) ;
#1270 = CARTESIAN_POINT ( 'NONE',  ( 4.625000000000000900, 0.0000000000000000000, 0.7999999999999999300 ) ) ;
#1271 = VECTOR ( 'NONE', #784, 1000.000000000000200 ) ;
#1272 = DIRECTION ( 'NONE',  ( 0.9738802282005274400, -0.1750784554127641800, 0.1445850461505933900 ) ) ;
#1273 = DIRECTION ( 'NONE',  ( 1.000000000000000000, 0.0000000000000000000, 0.0000000000000000000 ) ) ;
#1274 = FACE_OUTER_BOUND ( 'NONE', #673, .T. ) ;
#1275 = ORIENTED_EDGE ( 'NONE', *, *, #284, .T. ) ;
#1276 = CARTESIAN_POINT ( 'NONE',  ( 0.0000000000000000000, 0.7063593425555222400, -0.4304760285479635200 ) ) ;
#1277 = EDGE_CURVE ( 'NONE', #803, #234, #985, .T. ) ;
#1278 = CARTESIAN_POINT ( 'NONE',  ( 0.8000000000000000400, -0.08461191637058229600, -0.3374794716300910100 ) ) ;
#1279 = CARTESIAN_POINT ( 'NONE',  ( 0.8000000000000000400, 0.3049999999999999900, 0.0000000000000000000 ) ) ;
#1280 = CARTESIAN_POINT ( 'NONE',  ( 0.5333333333333336600, -0.1933931431692250700, 0.4349604599473537700 ) ) ;
#1281 = AXIS2_PLACEMENT_3D ( 'NONE', #818, #1, #455 ) ;
#1282 = VERTEX_POINT ( 'NONE', #1045 ) ;
#1283 = CARTESIAN_POINT ( 'NONE',  ( 0.7707106781186552300, 0.0000000000000000000, 0.0000000000000000000 ) ) ;
#1284 = DIRECTION ( 'NONE',  ( 1.000000000000000000, 0.0000000000000000000, 0.0000000000000000000 ) ) ;
#1285 = CARTESIAN_POINT ( 'NONE',  ( 0.4000000000000000200, 0.1340995371148525900, -0.4055898137744480300 ) ) ;
#1286 = CARTESIAN_POINT ( 'NONE',  ( 0.5333333333333333300, -0.1538488159931849200, -0.4082901959107347900 ) ) ;
#1287 = EDGE_CURVE ( 'NONE', #105, #1500, #13, .T. ) ;
#1288 = DIRECTION ( 'NONE',  ( 0.0000000000000000000, -0.3583679495453014300, -0.9335804264972013000 ) ) ;
#1289 = CARTESIAN_POINT ( 'NONE',  ( 0.7999999999999996000, 0.04980959481448542900, -0.3241201120489675100 ) ) ;
#1290 = VECTOR ( 'NONE', #276, 999.9999999999998900 ) ;
#1291 = LINE ( 'NONE', #703, #730 ) ;
#1292 = CARTESIAN_POINT ( 'NONE',  ( 0.2666666666666666600, 0.5973301652880569400, -0.3514789130346347400 ) ) ;
#1293 = ORIENTED_EDGE ( 'NONE', *, *, #35, .T. ) ;
#1294 = LINE ( 'NONE', #420, #667 ) ;
#1295 = ADVANCED_FACE ( 'NONE', ( #832 ), #955, .F. ) ;
#1296 = ORIENTED_EDGE ( 'NONE', *, *, #877, .T. ) ;
#1297 = CARTESIAN_POINT ( 'NONE',  ( 0.8000000000000000400, 0.3049999999999999900, 0.0000000000000000000 ) ) ;
#1298 = ORIENTED_EDGE ( 'NONE', *, *, #1096, .T. ) ;
#1299 = EDGE_CURVE ( 'NONE', #1190, #523, #481, .T. ) ;
#1300 = DIRECTION ( 'NONE',  ( 0.0000000000000000000, -0.9335804264972015200, 0.3583679495453009300 ) ) ;
#1301 = AXIS2_PLACEMENT_3D ( 'NONE', #65, #888, #289 ) ;
#1302 = DIRECTION ( 'NONE',  ( 0.0000000000000000000, 0.0000000000000000000, 1.000000000000000000 ) ) ;
#1303 = CARTESIAN_POINT ( 'NONE',  ( 0.2666666666666666600, 0.4435405681425533300, -0.1703599460477336300 ) ) ;
#1304 = LINE ( 'NONE', #550, #765 ) ;
#1305 = DIRECTION ( 'NONE',  ( 0.1138834974988999500, -0.3560364475175804000, -0.9275066560604723300 ) ) ;
#1306 = LINE ( 'NONE', #525, #1290 ) ;
#1307 = LINE ( 'NONE', #656, #988 ) ;
#1308 = ADVANCED_FACE ( 'NONE', ( #1046 ), #117, .T. ) ;
#1309 = FACE_OUTER_BOUND ( 'NONE', #1106, .T. ) ;
#1310 = VERTEX_POINT ( 'NONE', #257 ) ;
#1311 = CARTESIAN_POINT ( 'NONE',  ( 0.8000000000000000400, 0.3336801680734513600, 0.07471439222172829300 ) ) ;
#1312 = ORIENTED_EDGE ( 'NONE', *, *, #1241, .T. ) ;
#1313 = ORIENTED_EDGE ( 'NONE', *, *, #859, .T. ) ;
#1314 = CARTESIAN_POINT ( 'NONE',  ( 0.2666666666666666600, -0.5973301652880569400, 0.3514789130346347400 ) ) ;
#1315 = VERTEX_POINT ( 'NONE', #847 ) ;
#1316 = EDGE_CURVE ( 'NONE', #152, #234, #1473, .T. ) ;
#1317 = CARTESIAN_POINT ( 'NONE',  ( 0.5333333333333333300, -0.4883009880205918000, 0.2724817975213059100 ) ) ;
#1318 = PRODUCT_DEFINITION_FORMATION_WITH_SPECIFIED_SOURCE ( '任何', '', #857, .NOT_KNOWN. ) ;
#1319 = CARTESIAN_POINT ( 'NONE',  ( 1.499999999999999600, 0.0000000000000000000, 0.0000000000000000000 ) ) ;
#1320 = CARTESIAN_POINT ( 'NONE',  ( 0.8000000000000000400, -0.3792718107531265500, 0.1934846820079771100 ) ) ;
#1321 = FACE_OUTER_BOUND ( 'NONE', #1173, .T. ) ;
#1322 = EDGE_CURVE ( 'NONE', #670, #1215, #390, .T. ) ;
#1323 = VECTOR ( 'NONE', #300, 999.9999999999998900 ) ;
#1324 = MECHANICAL_DESIGN_GEOMETRIC_PRESENTATION_REPRESENTATION (  '', ( #145 ), #977 ) ;
#1325 = CONICAL_SURFACE ( 'NONE', #1333, 0.7999999999999997100, 0.7853981633974432800 ) ;
#1326 = CARTESIAN_POINT ( 'NONE',  ( 1.499999999999999600, 0.0000000000000000000, 0.0000000000000000000 ) ) ;
#1327 = ORIENTED_EDGE ( 'NONE', *, *, #382, .F. ) ;
#1328 = ORIENTED_EDGE ( 'NONE', *, *, #1316, .F. ) ;
#1329 = ORIENTED_EDGE ( 'NONE', *, *, #556, .F. ) ;
#1330 = VERTEX_POINT ( 'NONE', #499 ) ;
#1331 = ORIENTED_EDGE ( 'NONE', *, *, #1434, .F. ) ;
#1332 = DIRECTION ( 'NONE',  ( 0.0000000000000000000, -0.9335804264972011900, -0.3583679495453017100 ) ) ;
#1333 = AXIS2_PLACEMENT_3D ( 'NONE', #763, #513, #1470 ) ;
#1334 = DIRECTION ( 'NONE',  ( -1.000000000000000000, -0.0000000000000000000, -0.0000000000000000000 ) ) ;
#1335 = DIRECTION ( 'NONE',  ( -1.000000000000000000, -0.0000000000000000000, -0.0000000000000000000 ) ) ;
#1336 = B_SPLINE_SURFACE_WITH_KNOTS ( 'NONE', 3, 3, ( 
 ( #72, #414, #743, #52 ),
 ( #630, #1113, #520, #1341 ),
 ( #1359, #650, #757, #59 ),
 ( #1479, #884, #993, #409 ),
 ( #1510, #1035, #1153, #1383 ),
 ( #314, #546, #1501, #792 ),
 ( #437, #94, #219, #1160 ) ),
 .UNSPECIFIED., .F., .F., .F.,
 ( 4, 1, 1, 1, 4 ),
 ( 4, 4 ),
 ( 0.6930757294229835700, 0.7698067970672377600, 0.8465378647114918400, 0.9232689323557459200, 1.000000000000000000 ),
 ( 0.0000000000000000000, 1.000000000000000000 ),
 .UNSPECIFIED. ) ;
#1337 = DIRECTION ( 'NONE',  ( 0.0000000000000000000, 0.0000000000000000000, 1.000000000000000000 ) ) ;
#1338 = VECTOR ( 'NONE', #380, 1000.000000000000000 ) ;
#1339 = MANIFOLD_SOLID_BREP ( '切除-旋转1', #15 ) ;
#1340 = CARTESIAN_POINT ( 'NONE',  ( 0.7999999999999998200, -0.04980959481448551900, -0.3241201120489676200 ) ) ;
#1341 = CARTESIAN_POINT ( 'NONE',  ( 0.8000000000000000400, 0.08461191637058219900, -0.3374794716300910100 ) ) ;
#1342 = CARTESIAN_POINT ( 'NONE',  ( 0.8000000000000003800, -0.3564759894132891200, 0.1340995371148528700 ) ) ;
#1343 = FACE_OUTER_BOUND ( 'NONE', #274, .T. ) ;
#1344 = EDGE_CURVE ( 'NONE', #166, #1310, #419, .T. ) ;
#1345 = VECTOR ( 'NONE', #1495, 1000.000000000000000 ) ;
#1346 = VECTOR ( 'NONE', #1486, 1000.000000000000000 ) ;
#1347 = CARTESIAN_POINT ( 'NONE',  ( 4.800000000000000700, 0.0000000000000000000, 0.0000000000000000000 ) ) ;
#1348 = ORIENTED_EDGE ( 'NONE', *, *, #827, .T. ) ;
#1349 = VERTEX_POINT ( 'NONE', #1424 ) ;
#1350 = CARTESIAN_POINT ( 'NONE',  ( 0.2666666666666668900, -0.4715023130780999200, -0.2032906673180792700 ) ) ;
#1351 = FILL_AREA_STYLE_COLOUR ( '', #488 ) ;
#1352 = CARTESIAN_POINT ( 'NONE',  ( 0.8000000000000000400, -0.3336801680734513600, 0.07471439222172823700 ) ) ;
#1353 = EDGE_LOOP ( 'NONE', ( #1108, #169, #1327, #1312 ) ) ;
#1354 = CARTESIAN_POINT ( 'NONE',  ( 0.8000000000000000400, -5.421010862427522200E-017, -0.3049999999999999400 ) ) ;
#1355 = CARTESIAN_POINT ( 'NONE',  ( 0.8000000000000000400, 0.3450780787433702100, 0.1044069646682904000 ) ) ;
#1356 = EDGE_CURVE ( 'NONE', #912, #1399, #968, .T. ) ;
#1357 = B_SPLINE_SURFACE_WITH_KNOTS ( 'NONE', 3, 3, ( 
 ( #1143, #901, #441, #1132 ),
 ( #1490, #1010, #427, #78 ),
 ( #1261, #903, #198, #1019 ),
 ( #1252, #1136, #1378, #672 ),
 ( #1494, #787, #910, #203 ),
 ( #232, #7, #828, #1163 ),
 ( #683, #808, #351, #586 ) ),
 .UNSPECIFIED., .F., .F., .F.,
 ( 4, 1, 1, 1, 4 ),
 ( 4, 4 ),
 ( 0.0000000000000000000, 0.07673106764425423300, 0.1534621352885084700, 0.2301932029327626600, 0.3069242705770169300 ),
 ( 0.0000000000000000000, 1.000000000000000000 ),
 .UNSPECIFIED. ) ;
#1358 = DIRECTION ( 'NONE',  ( -0.0000000000000000000, 0.3583679495453011000, -0.9335804264972015200 ) ) ;
#1359 = CARTESIAN_POINT ( 'NONE',  ( 0.0000000000000000000, 0.2527325186429736900, -0.5347144302454648300 ) ) ;
#1360 = DIRECTION ( 'NONE',  ( 0.5850050122996967000, 0.0000000000000000000, 0.8110296761427610000 ) ) ;
#1361 = DIRECTION ( 'NONE',  ( -1.000000000000000000, -0.0000000000000000000, -0.0000000000000000000 ) ) ;
#1362 = ADVANCED_FACE ( 'NONE', ( #1321 ), #1067, .F. ) ;
#1363 = FACE_OUTER_BOUND ( 'NONE', #779, .T. ) ;
#1364 = CARTESIAN_POINT ( 'NONE',  ( 0.8000000000000000400, -0.3049999999999999900, -7.470345474798852800E-017 ) ) ;
#1365 = LINE ( 'NONE', #1320, #384 ) ;
#1366 = B_SPLINE_SURFACE_WITH_KNOTS ( 'NONE', 3, 3, ( 
 ( #1418, #1063, #355, #1078 ),
 ( #402, #749, #167, #1109 ),
 ( #526, #1350, #994, #636 ),
 ( #89, #644, #1026, #191 ),
 ( #557, #663, #1133, #431 ),
 ( #299, #891, #175, #183 ),
 ( #1381, #294, #1246, #81 ) ),
 .UNSPECIFIED., .F., .F., .F.,
 ( 4, 1, 1, 1, 4 ),
 ( 4, 4 ),
 ( 0.6930757294229835700, 0.7698067970672377600, 0.8465378647114918400, 0.9232689323557459200, 1.000000000000000000 ),
 ( 0.0000000000000000000, 1.000000000000000000 ),
 .UNSPECIFIED. ) ;
#1367 = LINE ( 'NONE', #861, #664 ) ;
#1368 = AXIS2_PLACEMENT_3D ( 'NONE', #73, #660, #202 ) ;
#1369 = ORIENTED_EDGE ( 'NONE', *, *, #158, .F. ) ;
#1370 = CARTESIAN_POINT ( 'NONE',  ( 0.7999999999999997100, -0.3145600560244838400, 0.02490479740724271500 ) ) ;
#1371 = VERTEX_POINT ( 'NONE', #833 ) ;
#1372 = AXIS2_PLACEMENT_3D ( 'NONE', #494, #1081, #716 ) ;
#1373 = ORIENTED_EDGE ( 'NONE', *, *, #567, .T. ) ;
#1374 = CARTESIAN_POINT ( 'NONE',  ( 0.8000000000000000400, 0.3049999999999999900, 0.0000000000000000000 ) ) ;
#1375 = ORIENTED_EDGE ( 'NONE', *, *, #416, .T. ) ;
#1376 = CARTESIAN_POINT ( 'NONE',  ( 0.0000000000000000000, 0.7063593425555222400, -0.4304760285479635200 ) ) ;
#1377 = CARTESIAN_POINT ( 'NONE',  ( 0.8000000000000000400, -5.421010862427522200E-017, -0.3049999999999999400 ) ) ;
#1378 = CARTESIAN_POINT ( 'NONE',  ( 0.5333333333333338800, 0.1933931431692252600, 0.4349604599473538800 ) ) ;
#1379 = UNCERTAINTY_MEASURE_WITH_UNIT (LENGTH_MEASURE( 1.000000000000000100E-005 ), #961, 'distance_accuracy_value', 'NONE');
#1380 = EDGE_CURVE ( 'NONE', #1221, #642, #700, .T. ) ;
#1381 = CARTESIAN_POINT ( 'NONE',  ( 0.0000000000000000000, -0.7063593425555222400, -0.4304760285479634100 ) ) ;
#1382 = CARTESIAN_POINT ( 'NONE',  ( 4.625000000000000900, 0.0000000000000000000, 0.0000000000000000000 ) ) ;
#1383 = CARTESIAN_POINT ( 'NONE',  ( 0.8000000000000004900, 0.1637921095614148200, -0.3678739000832079700 ) ) ;
#1384 = PRESENTATION_STYLE_ASSIGNMENT (( #369 ) ) ;
#1385 = CARTESIAN_POINT ( 'NONE',  ( 0.8000000000000000400, -0.07471439222172821000, -0.3336801680734513600 ) ) ;
#1386 = B_SPLINE_CURVE_WITH_KNOTS ( 'NONE', 3,
 ( #1422, #251, #591, #1435 ),
 .UNSPECIFIED., .F., .F.,
 ( 4, 4 ),
 ( 0.0000000000000000000, 1.000000000000000000 ),
 .UNSPECIFIED. ) ;
#1387 = FACE_OUTER_BOUND ( 'NONE', #49, .T. ) ;
#1388 = APPLICATION_PROTOCOL_DEFINITION ( 'draft international standard', 'automotive_design', 1998, #570 ) ;
#1389 = FACE_OUTER_BOUND ( 'NONE', #1415, .T. ) ;
#1390 = ADVANCED_FACE ( 'Bface3', ( #512 ), #1222, .F. ) ;
#1391 = CARTESIAN_POINT ( 'NONE',  ( 0.5333333333333333300, -0.1143044888171445700, -0.3816199318741158000 ) ) ;
#1392 = PRESENTATION_STYLE_ASSIGNMENT (( #295 ) ) ;
#1393 = PLANE ( 'NONE',  #1488 ) ;
#1394 = CARTESIAN_POINT ( 'NONE',  ( 4.800000000000000700, 7.941167725410236600E-017, -0.4968911086754463900 ) ) ;
#1395 = AXIS2_PLACEMENT_3D ( 'NONE', #1024, #786, #766 ) ;
#1396 = ORIENTED_EDGE ( 'NONE', *, *, #694, .F. ) ;
#1397 =( NAMED_UNIT ( * ) SI_UNIT ( $, .STERADIAN. ) SOLID_ANGLE_UNIT ( ) );
#1398 = ORIENTED_EDGE ( 'NONE', *, *, #379, .T. ) ;
#1399 = VERTEX_POINT ( 'NONE', #1451 ) ;
#1400 = CARTESIAN_POINT ( 'NONE',  ( 0.0000000000000000000, 0.4032276487223181400, 0.0000000000000000000 ) ) ;
#1401 = DIRECTION ( 'NONE',  ( 0.0000000000000000000, -0.7071067811865474600, 0.7071067811865474600 ) ) ;
#1402 = PRODUCT_CONTEXT ( 'NONE', #570, 'mechanical' ) ;
#1403 = DIRECTION ( 'NONE',  ( 0.7071067811865511300, 0.0000000000000000000, -0.7071067811865440200 ) ) ;
#1404 = DIRECTION ( 'NONE',  ( -0.7913225578020797200, -0.5707900416933036100, -0.2191057685624253100 ) ) ;
#1405 = AXIS2_PLACEMENT_3D ( 'NONE', #1118, #1235, #1360 ) ;
#1406 = CIRCLE ( 'NONE', #285, 1.330000000000000100 ) ;
#1407 = DIRECTION ( 'NONE',  ( -1.000000000000000000, -0.0000000000000000000, -0.0000000000000000000 ) ) ;
#1408 = CARTESIAN_POINT ( 'NONE',  ( 0.0000000000000000000, 0.1934846820079770500, 0.4774994594754447000 ) ) ;
#1409 = LINE ( 'NONE', #1276, #161 ) ;
#1410 = LINE ( 'NONE', #587, #1204 ) ;
#1411 = ORIENTED_EDGE ( 'NONE', *, *, #8, .T. ) ;
#1412 = EDGE_CURVE ( 'NONE', #165, #1500, #851, .T. ) ;
#1413 = CARTESIAN_POINT ( 'NONE',  ( 0.2666666666666665500, -0.3020828311291164900, -0.5553875478847375400 ) ) ;
#1414 = VERTEX_POINT ( 'NONE', #146 ) ;
#1415 = EDGE_LOOP ( 'NONE', ( #951, #67, #429 ) ) ;
#1416 = DIRECTION ( 'NONE',  ( 0.0000000000000000000, -0.6946583704589961400, -0.7193398003386523000 ) ) ;
#1417 = ORIENTED_EDGE ( 'NONE', *, *, #368, .F. ) ;
#1418 = CARTESIAN_POINT ( 'NONE',  ( 0.0000000000000000000, -0.4774994594754447000, -0.1934846820079769200 ) ) ;
#1419 = B_SPLINE_CURVE_WITH_KNOTS ( 'NONE', 3,
 ( #1000, #788, #1289, #96 ),
 .UNSPECIFIED., .F., .F.,
 ( 4, 4 ),
 ( 0.0000000000000000000, 1.000000000000000000 ),
 .UNSPECIFIED. ) ;
#1420 = CARTESIAN_POINT ( 'NONE',  ( 0.8000000000000000400, 0.1934846820079768600, -0.3792718107531266600 ) ) ;
#1421 = ADVANCED_FACE ( 'NONE', ( #1363 ), #904, .T. ) ;
#1422 = CARTESIAN_POINT ( 'NONE',  ( 0.8000000000000000400, 0.3049999999999999900, 0.0000000000000000000 ) ) ;
#1423 = CARTESIAN_POINT ( 'NONE',  ( 0.8000000000000000400, 0.3374794716300910100, -0.08461191637058238000 ) ) ;
#1424 = CARTESIAN_POINT ( 'NONE',  ( 0.8000000000000000400, -0.3336801680734513000, -0.07471439222172843200 ) ) ;
#1425 = AXIS2_PLACEMENT_3D ( 'NONE', #1028, #534, #323 ) ;
#1426 = CARTESIAN_POINT ( 'NONE',  ( 0.8000000000000000400, 0.1934846820079768600, 0.3792718107531266600 ) ) ;
#1427 = CARTESIAN_POINT ( 'NONE',  ( 0.0000000000000000000, 0.5919294010154827500, -0.3119803552779702400 ) ) ;
#1428 = VECTOR ( 'NONE', #504, 1000.000000000000200 ) ;
#1429 = ADVANCED_FACE ( 'NONE', ( #349 ), #154, .T. ) ;
#1430 = LINE ( 'NONE', #1145, #182 ) ;
#1431 = LINE ( 'NONE', #322, #551 ) ;
#1432 = VECTOR ( 'NONE', #677, 1000.000000000000000 ) ;
#1433 = ORIENTED_EDGE ( 'NONE', *, *, #293, .T. ) ;
#1434 = EDGE_CURVE ( 'NONE', #754, #807, #1453, .T. ) ;
#1435 = CARTESIAN_POINT ( 'NONE',  ( 0.8000000000000000400, 0.3336801680734513600, 0.07471439222172829300 ) ) ;
#1436 = EDGE_LOOP ( 'NONE', ( #774, #856, #858, #1038 ) ) ;
#1437 = CARTESIAN_POINT ( 'NONE',  ( -0.0000000000000000000, 0.4965711163987844800, -0.2132339608863092500 ) ) ;
#1438 = CARTESIAN_POINT ( 'NONE',  ( 0.7999999999999999300, -0.3145600560244837300, -0.02490479740724286400 ) ) ;
#1439 = CARTESIAN_POINT ( 'NONE',  ( 0.8000000000000003800, 0.0000000000000000000, 0.6484500000000000800 ) ) ;
#1440 = CARTESIAN_POINT ( 'NONE',  ( 0.0000000000000000000, 0.5919294010154836400, 0.3119803552779700200 ) ) ;
#1441 = CARTESIAN_POINT ( 'NONE',  ( 0.2666666666666666600, 0.5833492928202839200, -0.3350135523994620100 ) ) ;
#1442 = CARTESIAN_POINT ( 'NONE',  ( 0.5333333333333333300, -0.4883009880205918000, 0.2724817975213059100 ) ) ;
#1443 = EDGE_CURVE ( 'NONE', #339, #870, #1406, .T. ) ;
#1444 = CARTESIAN_POINT ( 'NONE',  ( 0.8000000000000000400, 0.3792718107531265500, -0.1934846820079770300 ) ) ;
#1445 = VECTOR ( 'NONE', #397, 1000.000000000000000 ) ;
#1446 = LINE ( 'NONE', #682, #1432 ) ;
#1447 = ORIENTED_EDGE ( 'NONE', *, *, #205, .F. ) ;
#1448 = ORIENTED_EDGE ( 'NONE', *, *, #714, .F. ) ;
#1449 = PLANE ( 'NONE',  #613 ) ;
#1450 = EDGE_CURVE ( 'NONE', #754, #1399, #659, .T. ) ;
#1451 = CARTESIAN_POINT ( 'NONE',  ( 0.8414213562373098500, 7.941222169071012300E-017, -0.6484500000000000800 ) ) ;
#1452 = AXIS2_PLACEMENT_3D ( 'NONE', #727, #958, #1201 ) ;
#1453 = LINE ( 'NONE', #1111, #497 ) ;
#1454 = EDGE_CURVE ( 'NONE', #1190, #912, #41, .T. ) ;
#1455 = FILL_AREA_STYLE ('',( #878 ) ) ;
#1456 = FACE_OUTER_BOUND ( 'NONE', #337, .T. ) ;
#1457 = AXIS2_PLACEMENT_3D ( 'NONE', #782, #1025, #773 ) ;
#1458 = B_SPLINE_CURVE_WITH_KNOTS ( 'NONE', 3,
 ( #1254, #1496, #432, #544 ),
 .UNSPECIFIED., .F., .F.,
 ( 4, 4 ),
 ( 0.0000000000000000000, 1.000000000000000000 ),
 .UNSPECIFIED. ) ;
#1459 = VECTOR ( 'NONE', #548, 1000.000000000000100 ) ;
#1460 = CARTESIAN_POINT ( 'NONE',  ( 0.8000000000000000400, -0.3374794716300909500, 0.08461191637058231000 ) ) ;
#1461 = ORIENTED_EDGE ( 'NONE', *, *, #430, .T. ) ;
#1462 = ORIENTED_EDGE ( 'NONE', *, *, #119, .F. ) ;
#1463 = ORIENTED_EDGE ( 'NONE', *, *, #1191, .F. ) ;
#1464 = VERTEX_POINT ( 'NONE', #653 ) ;
#1465 = CARTESIAN_POINT ( 'NONE',  ( 0.5333333333333333300, 0.4794109000083854900, 0.2593003551292924500 ) ) ;
#1466 = ORIENTED_EDGE ( 'NONE', *, *, #482, .F. ) ;
#1467 = DIRECTION ( 'NONE',  ( 0.0000000000000000000, 0.0000000000000000000, 1.000000000000000000 ) ) ;
#1468 = AXIS2_PLACEMENT_3D ( 'NONE', #1265, #813, #679 ) ;
#1469 = CARTESIAN_POINT ( 'NONE',  ( 0.8414213562373098500, 9.165868968218366500E-017, -0.7484500000000000600 ) ) ;
#1470 = DIRECTION ( 'NONE',  ( 0.0000000000000000000, 0.0000000000000000000, -1.000000000000000000 ) ) ;
#1471 = CARTESIAN_POINT ( 'NONE',  ( 0.8000000000000000400, -0.1934846820079768000, 0.3792718107531267100 ) ) ;
#1472 = CARTESIAN_POINT ( 'NONE',  ( 0.0000000000000000000, -0.7063593425555222400, -0.4304760285479634100 ) ) ;
#1473 = LINE ( 'NONE', #27, #159 ) ;
#1474 = VECTOR ( 'NONE', #1117, 1000.000000000000000 ) ;
#1475 = EDGE_CURVE ( 'NONE', #1090, #707, #493, .T. ) ;
#1476 = LINE ( 'NONE', #1377, #209 ) ;
#1477 = DIRECTION ( 'NONE',  ( -0.7071067811865513500, 8.659560562354888500E-017, -0.7071067811865438000 ) ) ;
#1478 = CARTESIAN_POINT ( 'NONE',  ( 1.348449999999998400, 0.0000000000000000000, 0.0000000000000000000 ) ) ;
#1479 = CARTESIAN_POINT ( 'NONE',  ( 0.0000000000000000000, 0.3119803552779702400, -0.5919294010154820800 ) ) ;
#1480 = ORIENTED_EDGE ( 'NONE', *, *, #88, .F. ) ;
#1481 = ORIENTED_EDGE ( 'NONE', *, *, #1085, .F. ) ;
#1482 = CARTESIAN_POINT ( 'NONE',  ( 0.7999999999999999300, -0.02490479740724275600, -0.3145600560244838400 ) ) ;
#1483 = CARTESIAN_POINT ( 'NONE',  ( 0.4000000000000000200, 0.1340995371148526500, 0.4055898137744480300 ) ) ;
#1484 = CARTESIAN_POINT ( 'NONE',  ( 0.0000000000000000000, -0.1934846820079771700, -0.4774994594754446400 ) ) ;
#1485 = EDGE_CURVE ( 'NONE', #1330, #1221, #1140, .T. ) ;
#1486 = DIRECTION ( 'NONE',  ( 0.0000000000000000000, -0.7071067811865476800, 0.7071067811865474600 ) ) ;
#1487 = CARTESIAN_POINT ( 'NONE',  ( 4.625000000000000900, 0.0000000000000000000, 0.0000000000000000000 ) ) ;
#1488 = AXIS2_PLACEMENT_3D ( 'NONE', #22, #1189, #607 ) ;
#1489 = DIRECTION ( 'NONE',  ( 0.9738802282005274400, 0.1750784554127641800, -0.1445850461505933900 ) ) ;
#1490 = CARTESIAN_POINT ( 'NONE',  ( 0.0000000000000000000, 0.4107267496696313000, 0.6872876856321822300 ) ) ;
#1491 = CARTESIAN_POINT ( 'NONE',  ( 0.8000000000000000400, -0.3792718107531265500, -0.1934846820079771100 ) ) ;
#1492 = PLANE ( 'NONE',  #810 ) ;
#1493 = CARTESIAN_POINT ( 'NONE',  ( 0.8000000000000000400, -0.1934846820079768000, -0.3792718107531266600 ) ) ;
#1494 = CARTESIAN_POINT ( 'NONE',  ( 0.0000000000000000000, 0.2527325186429731900, 0.5347144302454641700 ) ) ;
#1495 = DIRECTION ( 'NONE',  ( -1.000000000000000000, -0.0000000000000000000, -0.0000000000000000000 ) ) ;
#1496 = CARTESIAN_POINT ( 'NONE',  ( 0.2666666666666666600, 0.5973301652880569400, -0.3514789130346347400 ) ) ;
#1497 = AXIS2_PLACEMENT_3D ( 'NONE', #1493, #781, #649 ) ;
#1498 = EDGE_LOOP ( 'NONE', ( #387, #646, #1092, #126 ) ) ;
#1499 = EDGE_LOOP ( 'NONE', ( #918, #1128, #80, #410 ) ) ;
#1500 = VERTEX_POINT ( 'NONE', #533 ) ;
#1501 = CARTESIAN_POINT ( 'NONE',  ( 0.5333333333333333300, 0.2593003551292922800, -0.4794109000083854900 ) ) ;
#1502 = ORIENTED_EDGE ( 'NONE', *, *, #625, .T. ) ;
#1503 = DIRECTION ( 'NONE',  ( 0.0000000000000000000, 0.7193398003386526400, -0.6946583704589958100 ) ) ;
#1504 = CARTESIAN_POINT ( 'NONE',  ( 0.1184499999999930300, 1.628780242865979900E-016, -1.330000000000000100 ) ) ;
#1505 = ADVANCED_FACE ( 'NONE', ( #1245 ), #56, .F. ) ;
#1506 = ORIENTED_EDGE ( 'NONE', *, *, #344, .T. ) ;
#1507 = DIRECTION ( 'NONE',  ( 0.0000000000000000000, -0.7193398003386528600, 0.6946583704589954800 ) ) ;
#1508 = FILL_AREA_STYLE_COLOUR ( '', #307 ) ;
#1509 = CARTESIAN_POINT ( 'NONE',  ( 0.8000000000000000400, 0.3792718107531265500, -0.1934846820079770300 ) ) ;
#1510 = CARTESIAN_POINT ( 'NONE',  ( 0.0000000000000000000, 0.3712281919129669600, -0.6491443717855034400 ) ) ;
#1511 = EDGE_CURVE ( 'NONE', #711, #1500, #1164, .T. ) ;
#1512 = CARTESIAN_POINT ( 'NONE',  ( 0.2666666666666666600, -0.3350135523994620100, 0.5833492928202839200 ) ) ;
#1513 = DIRECTION ( 'NONE',  ( 0.0000000000000000000, 0.0000000000000000000, 1.000000000000000000 ) ) ;
#1514 = AXIS2_PLACEMENT_3D ( 'NONE', #1279, #1404, #1177 ) ;
#1515 = CARTESIAN_POINT ( 'NONE',  ( 0.0000000000000000000, 0.0000000000000000000, 0.0000000000000000000 ) ) ;
#1516 = CARTESIAN_POINT ( 'NONE',  ( 0.0000000000000000000, -0.7063593425555222400, 0.4304760285479633500 ) ) ;
#1517 = DIRECTION ( 'NONE',  ( -1.000000000000000000, -0.0000000000000000000, -0.0000000000000000000 ) ) ;
#1518 = CARTESIAN_POINT ( 'NONE',  ( 0.5333333333333333300, -0.2724817975213058000, 0.4883009880205918000 ) ) ;
#1519 = VECTOR ( 'NONE', #54, 1000.000000000000100 ) ;
#1520 = VECTOR ( 'NONE', #1131, 1000.000000000000000 ) ;
#1521 = DIRECTION ( 'NONE',  ( -0.8787234366922867000, 0.3375241634370024200, -0.3375241634370027600 ) ) ;
#1522 = EDGE_CURVE ( 'NONE', #839, #912, #1304, .T. ) ;
#1523 = CARTESIAN_POINT ( 'NONE',  ( 0.2666666666666666600, -0.1703599460477336900, -0.4435405681425532700 ) ) ;
#1524 = LINE ( 'NONE', #1483, #854 ) ;
ENDSEC;
END-ISO-10303-21;
