ISO-10303-21;
HEADER;
FILE_DESCRIPTION (( 'STEP AP214' ),
    '1' );
FILE_NAME ('ÈÈÈÛÂÝÄ¸ÊµÑé2.STEP',
    '2026-04-15T13:11:46',
    ( '' ),
    ( '' ),
    'SwSTEP 2.0',
    'SolidWorks 2026',
    '' );
FILE_SCHEMA (( 'AUTOMOTIVE_DESIGN' ));
ENDSEC;

DATA;
#1 = ADVANCED_FACE ( 'NONE', ( #963 ), #680, .F. ) ;
#2 = VERTEX_POINT ( 'NONE', #200 ) ;
#3 = DIRECTION ( 'NONE',  ( 1.000000000000000000, 0.000000000000000000, 0.000000000000000000 ) ) ;
#4 = ORIENTED_EDGE ( 'NONE', *, *, #155, .T. ) ;
#5 = CARTESIAN_POINT ( 'NONE',  ( 31.99999999999994671, 24.00000000000000000, 3.000000000000000000 ) ) ;
#6 = EDGE_LOOP ( 'NONE', ( #1832, #216 ) ) ;
#7 = DIRECTION ( 'NONE',  ( -0.000000000000000000, -0.000000000000000000, -1.000000000000000000 ) ) ;
#8 = CARTESIAN_POINT ( 'NONE',  ( 39.99999999999997158, 16.00000000000000000, 0.000000000000000000 ) ) ;
#9 = AXIS2_PLACEMENT_3D ( 'NONE', #1969, #1008, #1306 ) ;
#10 = EDGE_CURVE ( 'NONE', #82, #1513, #119, .T. ) ;
#11 = ORIENTED_EDGE ( 'NONE', *, *, #531, .F. ) ;
#12 = DIRECTION ( 'NONE',  ( -0.000000000000000000, -0.000000000000000000, -1.000000000000000000 ) ) ;
#13 = EDGE_CURVE ( 'NONE', #901, #412, #994, .T. ) ;
#14 = VECTOR ( 'NONE', #628, 1000.000000000000000 ) ;
#15 = ORIENTED_EDGE ( 'NONE', *, *, #458, .T. ) ;
#16 = VECTOR ( 'NONE', #1968, 1000.000000000000000 ) ;
#17 = CIRCLE ( 'NONE', #382, 1.600000000000000755 ) ;
#18 = VECTOR ( 'NONE', #954, 1000.000000000000000 ) ;
#19 = DIRECTION ( 'NONE',  ( -1.000000000000000000, 0.000000000000000000, 0.000000000000000000 ) ) ;
#20 = FACE_OUTER_BOUND ( 'NONE', #1100, .T. ) ;
#21 = ORIENTED_EDGE ( 'NONE', *, *, #1924, .F. ) ;
#22 = CYLINDRICAL_SURFACE ( 'NONE', #1061, 1.649999999999998579 ) ;
#23 = CARTESIAN_POINT ( 'NONE',  ( 32.00000000000000000, 8.000000000000000000, 3.000000000000000000 ) ) ;
#24 = DIRECTION ( 'NONE',  ( -0.000000000000000000, -0.000000000000000000, -1.000000000000000000 ) ) ;
#25 = FACE_BOUND ( 'NONE', #301, .T. ) ;
#26 = EDGE_LOOP ( 'NONE', ( #1569, #692, #229, #574 ) ) ;
#27 = EDGE_CURVE ( 'NONE', #373, #1864, #979, .T. ) ;
#28 = LINE ( 'NONE', #1115, #18 ) ;
#29 = DIRECTION ( 'NONE',  ( 1.000000000000000000, 0.000000000000000000, 0.000000000000000000 ) ) ;
#30 = CARTESIAN_POINT ( 'NONE',  ( 48.00000000000000000, 48.00000000000000000, 0.000000000000000000 ) ) ;
#31 = LINE ( 'NONE', #1121, #312 ) ;
#32 = EDGE_LOOP ( 'NONE', ( #1377, #1133, #771, #441 ) ) ;
#33 = DIRECTION ( 'NONE',  ( 1.000000000000000000, 0.000000000000000000, 0.000000000000000000 ) ) ;
#34 = ORIENTED_EDGE ( 'NONE', *, *, #1762, .F. ) ;
#35 = EDGE_CURVE ( 'NONE', #618, #343, #1879, .T. ) ;
#36 = CARTESIAN_POINT ( 'NONE',  ( 41.75000000000000000, 8.000000000000000000, 0.000000000000000000 ) ) ;
#37 = CARTESIAN_POINT ( 'NONE',  ( 9.549999999999943867, 24.00000000000000000, 0.000000000000000000 ) ) ;
#38 = PRODUCT_DEFINITION_FORMATION_WITH_SPECIFIED_SOURCE ( 'ä»', '', #1742, .NOT_KNOWN. ) ;
#39 = EDGE_CURVE ( 'NONE', #272, #1382, #803, .T. ) ;
#40 = DIRECTION ( 'NONE',  ( -0.000000000000000000, -0.000000000000000000, -1.000000000000000000 ) ) ;
#41 = CARTESIAN_POINT ( 'NONE',  ( 14.39999999999997016, 16.00000000000000000, 0.000000000000000000 ) ) ;
#42 = ORIENTED_EDGE ( 'NONE', *, *, #167, .F. ) ;
#43 = FACE_OUTER_BOUND ( 'NONE', #185, .T. ) ;
#44 = AXIS2_PLACEMENT_3D ( 'NONE', #344, #972, #1903 ) ;
#45 = ORIENTED_EDGE ( 'NONE', *, *, #1747, .T. ) ;
#46 = DIRECTION ( 'NONE',  ( 1.000000000000000000, 0.000000000000000000, 0.000000000000000000 ) ) ;
#47 = CYLINDRICAL_SURFACE ( 'NONE', #763, 1.700000000000000178 ) ;
#48 = AXIS2_PLACEMENT_3D ( 'NONE', #695, #371, #1645 ) ;
#49 = AXIS2_PLACEMENT_3D ( 'NONE', #394, #873, #1339 ) ;
#50 = AXIS2_PLACEMENT_3D ( 'NONE', #1270, #778, #1410 ) ;
#51 = CARTESIAN_POINT ( 'NONE',  ( 8.000000000000000000, 8.000000000000000000, 0.000000000000000000 ) ) ;
#52 = EDGE_CURVE ( 'NONE', #1072, #1267, #651, .T. ) ;
#53 = DIRECTION ( 'NONE',  ( 1.000000000000000000, 0.000000000000000000, 0.000000000000000000 ) ) ;
#54 = ORIENTED_EDGE ( 'NONE', *, *, #284, .T. ) ;
#55 = VERTEX_POINT ( 'NONE', #1648 ) ;
#56 = DIRECTION ( 'NONE',  ( 1.000000000000000000, 0.000000000000000000, 0.000000000000000000 ) ) ;
#57 = ORIENTED_EDGE ( 'NONE', *, *, #52, .F. ) ;
#58 = DIRECTION ( 'NONE',  ( 0.000000000000000000, 0.000000000000000000, 1.000000000000000000 ) ) ;
#59 = ORIENTED_EDGE ( 'NONE', *, *, #1232, .T. ) ;
#60 = CARTESIAN_POINT ( 'NONE',  ( 22.34999999999991971, 32.00000000000000000, 3.000000000000000000 ) ) ;
#61 = DIRECTION ( 'NONE',  ( 1.000000000000000000, 0.000000000000000000, 0.000000000000000000 ) ) ;
#62 = DIRECTION ( 'NONE',  ( 0.000000000000000000, 0.000000000000000000, 1.000000000000000000 ) ) ;
#63 = EDGE_CURVE ( 'NONE', #299, #1548, #1694, .T. ) ;
#64 = ORIENTED_EDGE ( 'NONE', *, *, #1991, .F. ) ;
#65 = DIRECTION ( 'NONE',  ( -1.000000000000000000, 0.000000000000000000, 0.000000000000000000 ) ) ;
#66 = CYLINDRICAL_SURFACE ( 'NONE', #212, 1.649999999999998579 ) ;
#67 = EDGE_CURVE ( 'NONE', #1047, #1462, #1419, .T. ) ;
#68 = ORIENTED_EDGE ( 'NONE', *, *, #1340, .F. ) ;
#69 = ORIENTED_EDGE ( 'NONE', *, *, #599, .F. ) ;
#70 = CARTESIAN_POINT ( 'NONE',  ( 22.35000000000000142, 8.000000000000000000, 3.000000000000000000 ) ) ;
#71 = AXIS2_PLACEMENT_3D ( 'NONE', #1597, #1616, #833 ) ;
#72 = CARTESIAN_POINT ( 'NONE',  ( 14.39999999999994174, 24.00000000000000000, 3.000000000000000000 ) ) ;
#73 = CARTESIAN_POINT ( 'NONE',  ( 17.59999999999989129, 40.00000000000000000, 0.000000000000000000 ) ) ;
#74 = ORIENTED_EDGE ( 'NONE', *, *, #757, .F. ) ;
#75 = DIRECTION ( 'NONE',  ( -0.000000000000000000, -0.000000000000000000, -1.000000000000000000 ) ) ;
#76 = CARTESIAN_POINT ( 'NONE',  ( 33.69999999999994600, 24.00000000000000000, 3.000000000000000000 ) ) ;
#77 = EDGE_CURVE ( 'NONE', #843, #767, #414, .T. ) ;
#78 = ORIENTED_EDGE ( 'NONE', *, *, #559, .F. ) ;
#79 = EDGE_CURVE ( 'NONE', #1551, #854, #1453, .T. ) ;
#80 = VECTOR ( 'NONE', #1944, 1000.000000000000000 ) ;
#81 = CARTESIAN_POINT ( 'NONE',  ( 31.99999999999997158, 16.00000000000000000, 0.000000000000000000 ) ) ;
#82 = VERTEX_POINT ( 'NONE', #1491 ) ;
#83 = CYLINDRICAL_SURFACE ( 'NONE', #411, 1.649999999999998579 ) ;
#84 = VECTOR ( 'NONE', #429, 1000.000000000000000 ) ;
#85 = AXIS2_PLACEMENT_3D ( 'NONE', #1315, #62, #687 ) ;
#86 = CARTESIAN_POINT ( 'NONE',  ( 15.99999999999994493, 24.00000000000000000, 3.000000000000000000 ) ) ;
#87 = DIRECTION ( 'NONE',  ( -1.000000000000000000, 0.000000000000000000, 0.000000000000000000 ) ) ;
#88 = AXIS2_PLACEMENT_3D ( 'NONE', #1037, #456, #1063 ) ;
#89 = CARTESIAN_POINT ( 'NONE',  ( 23.99999999999988987, 40.00000000000000000, 3.000000000000000000 ) ) ;
#90 = CARTESIAN_POINT ( 'NONE',  ( 0.000000000000000000, 0.000000000000000000, 0.000000000000000000 ) ) ;
#91 = ORIENTED_EDGE ( 'NONE', *, *, #559, .T. ) ;
#92 =( LENGTH_UNIT ( ) NAMED_UNIT ( * ) SI_UNIT ( .MILLI., .METRE. ) );
#93 = EDGE_CURVE ( 'NONE', #1034, #537, #345, .T. ) ;
#94 = ORIENTED_EDGE ( 'NONE', *, *, #1235, .F. ) ;
#95 = CARTESIAN_POINT ( 'NONE',  ( 9.549999999999972289, 16.00000000000000000, 3.000000000000000000 ) ) ;
#96 = CARTESIAN_POINT ( 'NONE',  ( 48.00000000000000000, 48.00000000000000000, 0.000000000000000000 ) ) ;
#97 = DIRECTION ( 'NONE',  ( -1.000000000000000000, 0.000000000000000000, 0.000000000000000000 ) ) ;
#98 = VERTEX_POINT ( 'NONE', #226 ) ;
#99 = DIRECTION ( 'NONE',  ( 0.000000000000000000, 0.000000000000000000, 1.000000000000000000 ) ) ;
#100 = DIRECTION ( 'NONE',  ( 0.000000000000000000, 0.000000000000000000, 1.000000000000000000 ) ) ;
#101 = VERTEX_POINT ( 'NONE', #1958 ) ;
#102 = FACE_OUTER_BOUND ( 'NONE', #941, .T. ) ;
#103 = ORIENTED_EDGE ( 'NONE', *, *, #142, .T. ) ;
#104 = CARTESIAN_POINT ( 'NONE',  ( 33.69999999999994600, 24.00000000000000000, 0.000000000000000000 ) ) ;
#105 = ADVANCED_FACE ( 'NONE', ( #1155 ), #1039, .F. ) ;
#106 = FACE_BOUND ( 'NONE', #794, .T. ) ;
#107 = EDGE_CURVE ( 'NONE', #1994, #1323, #183, .T. ) ;
#108 = EDGE_LOOP ( 'NONE', ( #1176, #485, #622, #831 ) ) ;
#109 = DIRECTION ( 'NONE',  ( 1.000000000000000000, 0.000000000000000000, 0.000000000000000000 ) ) ;
#110 = DIRECTION ( 'NONE',  ( 0.000000000000000000, 0.000000000000000000, 1.000000000000000000 ) ) ;
#111 = ORIENTED_EDGE ( 'NONE', *, *, #643, .T. ) ;
#112 = CARTESIAN_POINT ( 'NONE',  ( 31.99999999999988987, 40.00000000000000000, 3.000000000000000000 ) ) ;
#113 = ORIENTED_EDGE ( 'NONE', *, *, #2001, .F. ) ;
#114 = DIRECTION ( 'NONE',  ( -0.000000000000000000, -0.000000000000000000, -1.000000000000000000 ) ) ;
#115 = VECTOR ( 'NONE', #230, 1000.000000000000000 ) ;
#116 = AXIS2_PLACEMENT_3D ( 'NONE', #397, #430, #1814 ) ;
#117 = DIRECTION ( 'NONE',  ( 0.000000000000000000, 0.000000000000000000, 1.000000000000000000 ) ) ;
#118 = AXIS2_PLACEMENT_3D ( 'NONE', #23, #1272, #1600 ) ;
#119 = CIRCLE ( 'NONE', #1754, 1.649999999999998579 ) ;
#120 = EDGE_LOOP ( 'NONE', ( #482, #140 ) ) ;
#121 = ADVANCED_FACE ( 'NONE', ( #1793 ), #860, .F. ) ;
#122 = CARTESIAN_POINT ( 'NONE',  ( 23.99999999999994671, 24.00000000000000000, 3.000000000000000000 ) ) ;
#123 = AXIS2_PLACEMENT_3D ( 'NONE', #795, #663, #1572 ) ;
#124 = PLANE ( 'NONE',  #1218 ) ;
#125 = VECTOR ( 'NONE', #336, 1000.000000000000000 ) ;
#126 = ORIENTED_EDGE ( 'NONE', *, *, #1975, .F. ) ;
#127 = VERTEX_POINT ( 'NONE', #374 ) ;
#128 = FACE_BOUND ( 'NONE', #500, .T. ) ;
#129 = ORIENTED_EDGE ( 'NONE', *, *, #1211, .F. ) ;
#130 = DIRECTION ( 'NONE',  ( 0.000000000000000000, 0.000000000000000000, 1.000000000000000000 ) ) ;
#131 = DIRECTION ( 'NONE',  ( 0.000000000000000000, 0.000000000000000000, 1.000000000000000000 ) ) ;
#132 = EDGE_CURVE ( 'NONE', #1889, #2007, #254, .T. ) ;
#133 = ORIENTED_EDGE ( 'NONE', *, *, #1840, .F. ) ;
#134 = EDGE_CURVE ( 'NONE', #1034, #82, #1305, .T. ) ;
#135 = EDGE_LOOP ( 'NONE', ( #1423, #892 ) ) ;
#136 = FACE_BOUND ( 'NONE', #1112, .T. ) ;
#137 = VERTEX_POINT ( 'NONE', #849 ) ;
#138 = DIRECTION ( 'NONE',  ( 1.000000000000000000, 0.000000000000000000, 0.000000000000000000 ) ) ;
#139 = DIRECTION ( 'NONE',  ( 0.000000000000000000, 0.000000000000000000, 1.000000000000000000 ) ) ;
#140 = ORIENTED_EDGE ( 'NONE', *, *, #1606, .F. ) ;
#141 = ORIENTED_EDGE ( 'NONE', *, *, #1005, .F. ) ;
#142 = EDGE_CURVE ( 'NONE', #632, #563, #1884, .T. ) ;
#143 = CARTESIAN_POINT ( 'NONE',  ( 15.99999999999994493, 24.00000000000000000, 0.000000000000000000 ) ) ;
#144 = AXIS2_PLACEMENT_3D ( 'NONE', #586, #1321, #1048 ) ;
#145 = VERTEX_POINT ( 'NONE', #1167 ) ;
#146 = CARTESIAN_POINT ( 'NONE',  ( 22.34999999999997300, 16.00000000000000000, 3.000000000000000000 ) ) ;
#147 = DIRECTION ( 'NONE',  ( 1.000000000000000000, 0.000000000000000000, 0.000000000000000000 ) ) ;
#148 = VECTOR ( 'NONE', #180, 1000.000000000000000 ) ;
#149 = AXIS2_PLACEMENT_3D ( 'NONE', #1955, #846, #1790 ) ;
#150 = ORIENTED_EDGE ( 'NONE', *, *, #1326, .T. ) ;
#151 = CARTESIAN_POINT ( 'NONE',  ( 38.24999999999994316, 24.00000000000000000, 3.000000000000000000 ) ) ;
#152 = AXIS2_PLACEMENT_3D ( 'NONE', #340, #658, #627 ) ;
#153 = VECTOR ( 'NONE', #484, 1000.000000000000000 ) ;
#154 = ORIENTED_EDGE ( 'NONE', *, *, #1145, .F. ) ;
#155 = EDGE_CURVE ( 'NONE', #1387, #775, #1478, .T. ) ;
#156 = DIRECTION ( 'NONE',  ( 0.000000000000000000, 0.000000000000000000, 1.000000000000000000 ) ) ;
#157 = ADVANCED_FACE ( 'NONE', ( #1177 ), #235, .F. ) ;
#158 = ORIENTED_EDGE ( 'NONE', *, *, #589, .T. ) ;
#159 = DIRECTION ( 'NONE',  ( 1.000000000000000000, 0.000000000000000000, 0.000000000000000000 ) ) ;
#160 = CARTESIAN_POINT ( 'NONE',  ( 16.00000000000000000, 8.000000000000000000, 0.000000000000000000 ) ) ;
#161 = ORIENTED_EDGE ( 'NONE', *, *, #935, .F. ) ;
#162 = DIRECTION ( 'NONE',  ( 1.000000000000000000, 0.000000000000000000, 0.000000000000000000 ) ) ;
#163 = VERTEX_POINT ( 'NONE', #1016 ) ;
#164 = CYLINDRICAL_SURFACE ( 'NONE', #1590, 1.549999999999999378 ) ;
#165 = ORIENTED_EDGE ( 'NONE', *, *, #1203, .T. ) ;
#166 = CARTESIAN_POINT ( 'NONE',  ( 8.000000000000000000, 8.000000000000000000, 3.000000000000000000 ) ) ;
#167 = EDGE_CURVE ( 'NONE', #843, #1158, #714, .T. ) ;
#168 = FACE_OUTER_BOUND ( 'NONE', #1215, .T. ) ;
#169 = ORIENTED_EDGE ( 'NONE', *, *, #1148, .T. ) ;
#170 = DIRECTION ( 'NONE',  ( -0.000000000000000000, -0.000000000000000000, -1.000000000000000000 ) ) ;
#171 = ORIENTED_EDGE ( 'NONE', *, *, #1555, .T. ) ;
#172 = CARTESIAN_POINT ( 'NONE',  ( 40.00000000000000000, 8.000000000000000000, 3.000000000000000000 ) ) ;
#173 = DIRECTION ( 'NONE',  ( -0.000000000000000000, -0.000000000000000000, -1.000000000000000000 ) ) ;
#174 = ORIENTED_EDGE ( 'NONE', *, *, #67, .T. ) ;
#175 = DIRECTION ( 'NONE',  ( -0.000000000000000000, -0.000000000000000000, -1.000000000000000000 ) ) ;
#176 = DIRECTION ( 'NONE',  ( -0.000000000000000000, -0.000000000000000000, -1.000000000000000000 ) ) ;
#177 = CIRCLE ( 'NONE', #1150, 1.549999999999999378 ) ;
#178 = ADVANCED_FACE ( 'NONE', ( #561 ), #1813, .F. ) ;
#179 = CIRCLE ( 'NONE', #1721, 1.549999999999999378 ) ;
#180 = DIRECTION ( 'NONE',  ( -0.000000000000000000, -0.000000000000000000, -1.000000000000000000 ) ) ;
#181 = CIRCLE ( 'NONE', #1355, 1.700000000000000178 ) ;
#182 = FACE_BOUND ( 'NONE', #813, .T. ) ;
#183 = CIRCLE ( 'NONE', #446, 1.750000000000001554 ) ;
#184 = PRODUCT_DEFINITION_CONTEXT ( 'detailed design', #764, 'design' ) ;
#185 = EDGE_LOOP ( 'NONE', ( #1298, #278, #1109, #1020 ) ) ;
#186 = AXIS2_PLACEMENT_3D ( 'NONE', #1106, #1288, #532 ) ;
#187 = VECTOR ( 'NONE', #1669, 1000.000000000000000 ) ;
#188 = CARTESIAN_POINT ( 'NONE',  ( 15.99999999999988987, 40.00000000000000000, 3.000000000000000000 ) ) ;
#189 = LINE ( 'NONE', #808, #774 ) ;
#190 = DIRECTION ( 'NONE',  ( 0.000000000000000000, 0.000000000000000000, 1.000000000000000000 ) ) ;
#191 = DIRECTION ( 'NONE',  ( 1.000000000000000000, 0.000000000000000000, 0.000000000000000000 ) ) ;
#192 = VERTEX_POINT ( 'NONE', #270 ) ;
#193 = DIRECTION ( 'NONE',  ( 1.000000000000000000, 0.000000000000000000, 0.000000000000000000 ) ) ;
#194 = VERTEX_POINT ( 'NONE', #884 ) ;
#195 = EDGE_CURVE ( 'NONE', #1551, #635, #1852, .T. ) ;
#196 = DIRECTION ( 'NONE',  ( 1.000000000000000000, 0.000000000000000000, 0.000000000000000000 ) ) ;
#197 = CARTESIAN_POINT ( 'NONE',  ( 7.999999999999944933, 24.00000000000000000, 3.000000000000000000 ) ) ;
#198 = CARTESIAN_POINT ( 'NONE',  ( 33.70000000000000284, 8.000000000000000000, 3.000000000000000000 ) ) ;
#199 = CARTESIAN_POINT ( 'NONE',  ( 9.549999999999943867, 24.00000000000000000, 3.000000000000000000 ) ) ;
#200 = CARTESIAN_POINT ( 'NONE',  ( 9.549999999999998934, 8.000000000000000000, 3.000000000000000000 ) ) ;
#201 = FACE_BOUND ( 'NONE', #362, .T. ) ;
#202 = ORIENTED_EDGE ( 'NONE', *, *, #1773, .F. ) ;
#203 = CARTESIAN_POINT ( 'NONE',  ( 30.29999999999994387, 24.00000000000000000, 0.000000000000000000 ) ) ;
#204 = ADVANCED_FACE ( 'NONE', ( #1531 ), #1073, .F. ) ;
#205 = LINE ( 'NONE', #60, #958 ) ;
#206 = LINE ( 'NONE', #1173, #1791 ) ;
#207 = DIRECTION ( 'NONE',  ( -0.000000000000000000, -0.000000000000000000, -1.000000000000000000 ) ) ;
#208 = ORIENTED_EDGE ( 'NONE', *, *, #383, .T. ) ;
#209 = EDGE_LOOP ( 'NONE', ( #654, #908 ) ) ;
#210 = VECTOR ( 'NONE', #314, 1000.000000000000000 ) ;
#211 = FACE_BOUND ( 'NONE', #1632, .T. ) ;
#212 = AXIS2_PLACEMENT_3D ( 'NONE', #236, #1640, #724 ) ;
#213 = EDGE_LOOP ( 'NONE', ( #1938, #250 ) ) ;
#214 = AXIS2_PLACEMENT_3D ( 'NONE', #1892, #811, #950 ) ;
#215 = DIRECTION ( 'NONE',  ( 0.000000000000000000, 0.000000000000000000, 1.000000000000000000 ) ) ;
#216 = ORIENTED_EDGE ( 'NONE', *, *, #1065, .F. ) ;
#217 = VECTOR ( 'NONE', #1546, 1000.000000000000000 ) ;
#218 = CARTESIAN_POINT ( 'NONE',  ( 33.69999999999991758, 32.00000000000000000, 3.000000000000000000 ) ) ;
#219 = AXIS2_PLACEMENT_3D ( 'NONE', #903, #130, #1226 ) ;
#220 = EDGE_CURVE ( 'NONE', #1513, #82, #703, .T. ) ;
#221 = CIRCLE ( 'NONE', #88, 1.750000000000001554 ) ;
#222 = CARTESIAN_POINT ( 'NONE',  ( 7.999999999999944933, 24.00000000000000000, 3.000000000000000000 ) ) ;
#223 = CARTESIAN_POINT ( 'NONE',  ( 17.59999999999994458, 24.00000000000000000, 0.000000000000000000 ) ) ;
#224 = EDGE_CURVE ( 'NONE', #1029, #1477, #1559, .T. ) ;
#225 = ORIENTED_EDGE ( 'NONE', *, *, #814, .T. ) ;
#226 = CARTESIAN_POINT ( 'NONE',  ( 17.59999999999991971, 32.00000000000000000, 0.000000000000000000 ) ) ;
#227 = DIRECTION ( 'NONE',  ( 1.000000000000000000, 0.000000000000000000, 0.000000000000000000 ) ) ;
#228 = EDGE_LOOP ( 'NONE', ( #540, #1335 ) ) ;
#229 = ORIENTED_EDGE ( 'NONE', *, *, #1615, .F. ) ;
#230 = DIRECTION ( 'NONE',  ( -0.000000000000000000, -0.000000000000000000, -1.000000000000000000 ) ) ;
#231 = CARTESIAN_POINT ( 'NONE',  ( 41.74999999999995026, 24.00000000000000000, 3.000000000000000000 ) ) ;
#232 = LINE ( 'NONE', #712, #1828 ) ;
#233 = EDGE_LOOP ( 'NONE', ( #717, #1647, #1763, #615 ) ) ;
#234 = ADVANCED_FACE ( 'NONE', ( #302 ), #1352, .F. ) ;
#235 = CYLINDRICAL_SURFACE ( 'NONE', #1789, 1.700000000000000178 ) ;
#236 = CARTESIAN_POINT ( 'NONE',  ( 23.99999999999997158, 16.00000000000000000, 3.000000000000000000 ) ) ;
#237 = ORIENTED_EDGE ( 'NONE', *, *, #1028, .F. ) ;
#238 = DIRECTION ( 'NONE',  ( 1.000000000000000000, 0.000000000000000000, 0.000000000000000000 ) ) ;
#239 = CIRCLE ( 'NONE', #1373, 1.700000000000000178 ) ;
#240 = ORIENTED_EDGE ( 'NONE', *, *, #935, .T. ) ;
#241 = FACE_OUTER_BOUND ( 'NONE', #357, .T. ) ;
#242 = DIRECTION ( 'NONE',  ( 1.000000000000000000, 0.000000000000000000, 0.000000000000000000 ) ) ;
#243 = CARTESIAN_POINT ( 'NONE',  ( 23.99999999999997158, 16.00000000000000000, 3.000000000000000000 ) ) ;
#244 = ORIENTED_EDGE ( 'NONE', *, *, #1108, .F. ) ;
#245 = CARTESIAN_POINT ( 'NONE',  ( 31.99999999999988987, 40.00000000000000000, 3.000000000000000000 ) ) ;
#246 = LINE ( 'NONE', #1178, #1984 ) ;
#247 = APPLICATION_CONTEXT ( 'automotive_design' ) ;
#248 = EDGE_CURVE ( 'NONE', #55, #323, #770, .T. ) ;
#249 = AXIS2_PLACEMENT_3D ( 'NONE', #1237, #1408, #1348 ) ;
#250 = ORIENTED_EDGE ( 'NONE', *, *, #220, .T. ) ;
#251 = CIRCLE ( 'NONE', #1655, 1.750000000000001554 ) ;
#252 = ORIENTED_EDGE ( 'NONE', *, *, #276, .T. ) ;
#253 = CARTESIAN_POINT ( 'NONE',  ( 9.549999999999915445, 32.00000000000000000, 0.000000000000000000 ) ) ;
#254 = CIRCLE ( 'NONE', #1623, 1.550000000000000933 ) ;
#255 = AXIS2_PLACEMENT_3D ( 'NONE', #1810, #1467, #1165 ) ;
#256 = CYLINDRICAL_SURFACE ( 'NONE', #997, 1.750000000000001554 ) ;
#257 = CIRCLE ( 'NONE', #1359, 1.549999999999999378 ) ;
#258 = CARTESIAN_POINT ( 'NONE',  ( 15.99999999999991651, 32.00000000000000000, 0.000000000000000000 ) ) ;
#259 = AXIS2_PLACEMENT_3D ( 'NONE', #1634, #514, #1172 ) ;
#260 = CARTESIAN_POINT ( 'NONE',  ( 31.99999999999991829, 32.00000000000000000, 3.000000000000000000 ) ) ;
#261 = DIRECTION ( 'NONE',  ( 0.000000000000000000, 0.000000000000000000, 1.000000000000000000 ) ) ;
#262 = ORIENTED_EDGE ( 'NONE', *, *, #1724, .T. ) ;
#263 = EDGE_CURVE ( 'NONE', #2, #1161, #1233, .T. ) ;
#264 = MANIFOLD_SOLID_BREP ( '\X2\51f853f0\X0\-\X2\62c94f38\X0\1', #1585 ) ;
#265 = EDGE_LOOP ( 'NONE', ( #395, #1733, #335, #1883 ) ) ;
#266 = ADVANCED_FACE ( 'NONE', ( #748 ), #1366, .F. ) ;
#267 = DIRECTION ( 'NONE',  ( 0.000000000000000000, 0.000000000000000000, 1.000000000000000000 ) ) ;
#268 = FACE_BOUND ( 'NONE', #1765, .T. ) ;
#269 = ORIENTED_EDGE ( 'NONE', *, *, #921, .F. ) ;
#270 = CARTESIAN_POINT ( 'NONE',  ( 38.24999999999997158, 16.00000000000000000, 0.000000000000000000 ) ) ;
#271 = DIRECTION ( 'NONE',  ( 1.000000000000000000, 0.000000000000000000, 0.000000000000000000 ) ) ;
#272 = VERTEX_POINT ( 'NONE', #438 ) ;
#273 = CARTESIAN_POINT ( 'NONE',  ( 0.000000000000000000, 0.000000000000000000, 3.000000000000000000 ) ) ;
#274 = ORIENTED_EDGE ( 'NONE', *, *, #1368, .T. ) ;
#275 = LINE ( 'NONE', #1570, #338 ) ;
#276 = EDGE_CURVE ( 'NONE', #1253, #2015, #610, .T. ) ;
#277 = FACE_BOUND ( 'NONE', #1204, .T. ) ;
#278 = ORIENTED_EDGE ( 'NONE', *, *, #788, .T. ) ;
#279 = CARTESIAN_POINT ( 'NONE',  ( 17.59999999999997300, 16.00000000000000000, 3.000000000000000000 ) ) ;
#280 = VERTEX_POINT ( 'NONE', #287 ) ;
#281 = ORIENTED_EDGE ( 'NONE', *, *, #39, .T. ) ;
#282 = CIRCLE ( 'NONE', #116, 1.550000000000000933 ) ;
#283 = CARTESIAN_POINT ( 'NONE',  ( 9.549999999999972289, 16.00000000000000000, 3.000000000000000000 ) ) ;
#284 = EDGE_CURVE ( 'NONE', #464, #1006, #1422, .T. ) ;
#285 = CIRCLE ( 'NONE', #1587, 1.750000000000001554 ) ;
#286 = VERTEX_POINT ( 'NONE', #1702 ) ;
#287 = CARTESIAN_POINT ( 'NONE',  ( 38.24999999999991473, 32.00000000000000000, 0.000000000000000000 ) ) ;
#288 = EDGE_CURVE ( 'NONE', #2007, #1889, #1527, .T. ) ;
#289 = CARTESIAN_POINT ( 'NONE',  ( 0.000000000000000000, 47.99999999999999289, 0.000000000000000000 ) ) ;
#290 = CIRCLE ( 'NONE', #347, 1.600000000000004086 ) ;
#291 = ORIENTED_EDGE ( 'NONE', *, *, #1935, .T. ) ;
#292 = ORIENTED_EDGE ( 'NONE', *, *, #1897, .F. ) ;
#293 = FACE_BOUND ( 'NONE', #120, .T. ) ;
#294 = ORIENTED_EDGE ( 'NONE', *, *, #491, .F. ) ;
#295 = DIRECTION ( 'NONE',  ( 0.000000000000000000, 0.000000000000000000, 1.000000000000000000 ) ) ;
#296 = LINE ( 'NONE', #1074, #1316 ) ;
#297 = EDGE_CURVE ( 'NONE', #1838, #1079, #449, .T. ) ;
#298 = ORIENTED_EDGE ( 'NONE', *, *, #220, .F. ) ;
#299 = VERTEX_POINT ( 'NONE', #2016 ) ;
#300 = FACE_BOUND ( 'NONE', #2024, .T. ) ;
#301 = EDGE_LOOP ( 'NONE', ( #1714, #1593 ) ) ;
#302 = FACE_OUTER_BOUND ( 'NONE', #1945, .T. ) ;
#303 = CARTESIAN_POINT ( 'NONE',  ( 38.24999999999991473, 32.00000000000000000, 3.000000000000000000 ) ) ;
#304 = EDGE_LOOP ( 'NONE', ( #1528, #584 ) ) ;
#305 = LINE ( 'NONE', #1516, #2012 ) ;
#306 = ADVANCED_FACE ( 'NONE', ( #1768 ), #946, .F. ) ;
#307 = EDGE_LOOP ( 'NONE', ( #1839, #2009, #1494, #1010 ) ) ;
#308 = DIRECTION ( 'NONE',  ( -0.000000000000000000, -0.000000000000000000, -1.000000000000000000 ) ) ;
#309 = ORIENTED_EDGE ( 'NONE', *, *, #912, .T. ) ;
#310 = DIRECTION ( 'NONE',  ( 1.000000000000000000, 0.000000000000000000, 0.000000000000000000 ) ) ;
#311 = DIRECTION ( 'NONE',  ( 0.000000000000000000, 0.000000000000000000, 1.000000000000000000 ) ) ;
#312 = VECTOR ( 'NONE', #353, 1000.000000000000000 ) ;
#313 = ORIENTED_EDGE ( 'NONE', *, *, #167, .T. ) ;
#314 = DIRECTION ( 'NONE',  ( -0.000000000000000000, -0.000000000000000000, -1.000000000000000000 ) ) ;
#315 = CIRCLE ( 'NONE', #897, 1.700000000000000178 ) ;
#316 = AXIS2_PLACEMENT_3D ( 'NONE', #2013, #1688, #1834 ) ;
#317 = EDGE_LOOP ( 'NONE', ( #1041, #1601, #565, #747 ) ) ;
#318 = EDGE_CURVE ( 'NONE', #852, #1848, #1089, .T. ) ;
#319 = CARTESIAN_POINT ( 'NONE',  ( 25.64999999999991687, 32.00000000000000000, 3.000000000000000000 ) ) ;
#320 = VERTEX_POINT ( 'NONE', #937 ) ;
#321 = DIRECTION ( 'NONE',  ( -1.000000000000000000, 0.000000000000000000, 0.000000000000000000 ) ) ;
#322 = CARTESIAN_POINT ( 'NONE',  ( 25.64999999999997016, 16.00000000000000000, 0.000000000000000000 ) ) ;
#323 = VERTEX_POINT ( 'NONE', #957 ) ;
#324 = CARTESIAN_POINT ( 'NONE',  ( 40.00000000000000000, 8.000000000000000000, 3.000000000000000000 ) ) ;
#325 = ORIENTED_EDGE ( 'NONE', *, *, #1508, .F. ) ;
#326 = DIRECTION ( 'NONE',  ( -1.000000000000000000, 0.000000000000000000, 0.000000000000000000 ) ) ;
#327 = DIRECTION ( 'NONE',  ( -0.000000000000000000, -0.000000000000000000, -1.000000000000000000 ) ) ;
#328 = ADVANCED_FACE ( 'NONE', ( #1433 ), #486, .F. ) ;
#329 = ORIENTED_EDGE ( 'NONE', *, *, #79, .T. ) ;
#330 = CARTESIAN_POINT ( 'NONE',  ( 38.24999999999994316, 24.00000000000000000, 3.000000000000000000 ) ) ;
#331 = DIRECTION ( 'NONE',  ( -1.000000000000000000, 0.000000000000000000, 0.000000000000000000 ) ) ;
#332 = ORIENTED_EDGE ( 'NONE', *, *, #1736, .T. ) ;
#333 = FACE_BOUND ( 'NONE', #546, .T. ) ;
#334 = CIRCLE ( 'NONE', #1378, 1.649999999999998579 ) ;
#335 = ORIENTED_EDGE ( 'NONE', *, *, #1498, .T. ) ;
#336 = DIRECTION ( 'NONE',  ( -0.000000000000000000, -0.000000000000000000, -1.000000000000000000 ) ) ;
#337 = CYLINDRICAL_SURFACE ( 'NONE', #583, 1.700000000000000178 ) ;
#338 = VECTOR ( 'NONE', #1668, 1000.000000000000000 ) ;
#339 = EDGE_CURVE ( 'NONE', #618, #1571, #2022, .T. ) ;
#340 = CARTESIAN_POINT ( 'NONE',  ( 39.99999999999991473, 32.00000000000000000, 3.000000000000000000 ) ) ;
#341 = FACE_OUTER_BOUND ( 'NONE', #1038, .T. ) ;
#342 = EDGE_CURVE ( 'NONE', #526, #1387, #548, .T. ) ;
#343 = VERTEX_POINT ( 'NONE', #1241 ) ;
#344 = CARTESIAN_POINT ( 'NONE',  ( 23.99999999999991829, 32.00000000000000000, 3.000000000000000000 ) ) ;
#345 = CIRCLE ( 'NONE', #1317, 1.649999999999998579 ) ;
#346 = ORIENTED_EDGE ( 'NONE', *, *, #1337, .T. ) ;
#347 = AXIS2_PLACEMENT_3D ( 'NONE', #1254, #1101, #159 ) ;
#348 = CIRCLE ( 'NONE', #1662, 1.649999999999998579 ) ;
#349 = VECTOR ( 'NONE', #502, 1000.000000000000000 ) ;
#350 = CARTESIAN_POINT ( 'NONE',  ( 14.39999999999999858, 8.000000000000000000, 0.000000000000000000 ) ) ;
#351 = DIRECTION ( 'NONE',  ( -0.000000000000000000, -0.000000000000000000, -1.000000000000000000 ) ) ;
#352 = DIRECTION ( 'NONE',  ( 0.000000000000000000, 0.000000000000000000, 1.000000000000000000 ) ) ;
#353 = DIRECTION ( 'NONE',  ( -0.000000000000000000, -0.000000000000000000, -1.000000000000000000 ) ) ;
#354 = DIRECTION ( 'NONE',  ( -0.000000000000000000, -0.000000000000000000, -1.000000000000000000 ) ) ;
#355 = DIRECTION ( 'NONE',  ( -0.000000000000000000, -0.000000000000000000, -1.000000000000000000 ) ) ;
#356 = ADVANCED_FACE ( 'NONE', ( #1909 ), #22, .F. ) ;
#357 = EDGE_LOOP ( 'NONE', ( #1066, #1704, #291, #1169 ) ) ;
#358 = CARTESIAN_POINT ( 'NONE',  ( 17.59999999999989129, 40.00000000000000000, 3.000000000000000000 ) ) ;
#359 = LINE ( 'NONE', #835, #440 ) ;
#360 = CARTESIAN_POINT ( 'NONE',  ( 7.999999999999890754, 40.00000000000000000, 3.000000000000000000 ) ) ;
#361 = DIRECTION ( 'NONE',  ( 0.000000000000000000, 0.000000000000000000, 1.000000000000000000 ) ) ;
#362 = EDGE_LOOP ( 'NONE', ( #1770, #1710 ) ) ;
#363 = DIRECTION ( 'NONE',  ( 1.000000000000000000, 0.000000000000000000, 0.000000000000000000 ) ) ;
#364 = FACE_BOUND ( 'NONE', #495, .T. ) ;
#365 = ORIENTED_EDGE ( 'NONE', *, *, #342, .F. ) ;
#366 = EDGE_CURVE ( 'NONE', #1904, #163, #290, .T. ) ;
#367 = LINE ( 'NONE', #358, #673 ) ;
#368 = VERTEX_POINT ( 'NONE', #1131 ) ;
#369 = ADVANCED_FACE ( 'NONE', ( #969 ), #1729, .F. ) ;
#370 = CARTESIAN_POINT ( 'NONE',  ( 25.64999999999997016, 16.00000000000000000, 3.000000000000000000 ) ) ;
#371 = DIRECTION ( 'NONE',  ( 0.000000000000000000, 0.000000000000000000, 1.000000000000000000 ) ) ;
#372 = FACE_OUTER_BOUND ( 'NONE', #1835, .T. ) ;
#373 = VERTEX_POINT ( 'NONE', #1576 ) ;
#374 = CARTESIAN_POINT ( 'NONE',  ( 30.30000000000000071, 8.000000000000000000, 3.000000000000000000 ) ) ;
#375 = FACE_BOUND ( 'NONE', #454, .T. ) ;
#376 = AXIS2_PLACEMENT_3D ( 'NONE', #715, #735, #1825 ) ;
#377 = ORIENTED_EDGE ( 'NONE', *, *, #39, .F. ) ;
#378 = AXIS2_PLACEMENT_3D ( 'NONE', #1739, #1434, #331 ) ;
#379 = DIRECTION ( 'NONE',  ( -0.000000000000000000, -0.000000000000000000, -1.000000000000000000 ) ) ;
#380 = EDGE_LOOP ( 'NONE', ( #879, #616, #281, #68 ) ) ;
#381 = DIRECTION ( 'NONE',  ( 0.000000000000000000, 0.000000000000000000, 1.000000000000000000 ) ) ;
#382 = AXIS2_PLACEMENT_3D ( 'NONE', #1777, #1965, #1338 ) ;
#383 = EDGE_CURVE ( 'NONE', #101, #2, #257, .T. ) ;
#384 = CARTESIAN_POINT ( 'NONE',  ( 23.99999999999994671, 24.00000000000000000, 0.000000000000000000 ) ) ;
#385 = DIRECTION ( 'NONE',  ( 1.000000000000000000, 0.000000000000000000, 0.000000000000000000 ) ) ;
#386 = ORIENTED_EDGE ( 'NONE', *, *, #1686, .F. ) ;
#387 = CARTESIAN_POINT ( 'NONE',  ( 39.99999999999988631, 40.00000000000000000, 0.000000000000000000 ) ) ;
#388 = CARTESIAN_POINT ( 'NONE',  ( 14.39999999999994174, 24.00000000000000000, 3.000000000000000000 ) ) ;
#389 = VERTEX_POINT ( 'NONE', #330 ) ;
#390 = VERTEX_POINT ( 'NONE', #30 ) ;
#391 = LINE ( 'NONE', #1507, #1580 ) ;
#392 = FACE_OUTER_BOUND ( 'NONE', #888, .T. ) ;
#393 = ADVANCED_FACE ( 'NONE', ( #1119 ), #809, .F. ) ;
#394 = CARTESIAN_POINT ( 'NONE',  ( 24.00000000000000000, 8.000000000000000000, 0.000000000000000000 ) ) ;
#395 = ORIENTED_EDGE ( 'NONE', *, *, #731, .F. ) ;
#396 = DIRECTION ( 'NONE',  ( -1.000000000000000000, 0.000000000000000000, 0.000000000000000000 ) ) ;
#397 = CARTESIAN_POINT ( 'NONE',  ( 7.999999999999890754, 40.00000000000000000, 3.000000000000000000 ) ) ;
#398 = VERTEX_POINT ( 'NONE', #977 ) ;
#399 = CARTESIAN_POINT ( 'NONE',  ( 23.99999999999994671, 24.00000000000000000, 0.000000000000000000 ) ) ;
#400 = ORIENTED_EDGE ( 'NONE', *, *, #63, .T. ) ;
#401 = DIRECTION ( 'NONE',  ( 1.000000000000000000, 0.000000000000000000, 0.000000000000000000 ) ) ;
#402 = CARTESIAN_POINT ( 'NONE',  ( 22.34999999999994458, 24.00000000000000000, 0.000000000000000000 ) ) ;
#403 = CYLINDRICAL_SURFACE ( 'NONE', #1031, 1.600000000000000755 ) ;
#404 = EDGE_CURVE ( 'NONE', #713, #55, #1890, .T. ) ;
#405 = VERTEX_POINT ( 'NONE', #198 ) ;
#406 = DIRECTION ( 'NONE',  ( 0.000000000000000000, 0.000000000000000000, 1.000000000000000000 ) ) ;
#407 = DIRECTION ( 'NONE',  ( 1.000000000000000000, 0.000000000000000000, 0.000000000000000000 ) ) ;
#408 = ADVANCED_FACE ( 'NONE', ( #1900 ), #1279, .F. ) ;
#409 = EDGE_LOOP ( 'NONE', ( #560, #1829 ) ) ;
#410 = AXIS2_PLACEMENT_3D ( 'NONE', #820, #1751, #33 ) ;
#411 = AXIS2_PLACEMENT_3D ( 'NONE', #534, #1929, #1950 ) ;
#412 = VERTEX_POINT ( 'NONE', #1922 ) ;
#413 = CARTESIAN_POINT ( 'NONE',  ( 15.99999999999997335, 16.00000000000000000, 0.000000000000000000 ) ) ;
#414 = CIRCLE ( 'NONE', #1658, 1.700000000000000178 ) ;
#415 = AXIS2_PLACEMENT_3D ( 'NONE', #978, #207, #1609 ) ;
#416 = LINE ( 'NONE', #96, #961 ) ;
#417 = AXIS2_PLACEMENT_3D ( 'NONE', #1375, #1692, #451 ) ;
#418 = CIRCLE ( 'NONE', #1557, 1.549999999999999378 ) ;
#419 = EDGE_LOOP ( 'NONE', ( #806, #169, #945, #69 ) ) ;
#420 = DIRECTION ( 'NONE',  ( -1.000000000000000000, 0.000000000000000000, 0.000000000000000000 ) ) ;
#421 = DIRECTION ( 'NONE',  ( 0.000000000000000000, 0.000000000000000000, 1.000000000000000000 ) ) ;
#422 = ORIENTED_EDGE ( 'NONE', *, *, #824, .T. ) ;
#423 = ADVANCED_FACE ( 'NONE', ( #1110 ), #1441, .F. ) ;
#424 = DIRECTION ( 'NONE',  ( 0.000000000000000000, 0.000000000000000000, 1.000000000000000000 ) ) ;
#425 = ORIENTED_EDGE ( 'NONE', *, *, #297, .T. ) ;
#426 = LINE ( 'NONE', #880, #2019 ) ;
#427 = FACE_OUTER_BOUND ( 'NONE', #752, .T. ) ;
#428 = ORIENTED_EDGE ( 'NONE', *, *, #1650, .F. ) ;
#429 = DIRECTION ( 'NONE',  ( -0.000000000000000000, -0.000000000000000000, -1.000000000000000000 ) ) ;
#430 = DIRECTION ( 'NONE',  ( 0.000000000000000000, 0.000000000000000000, 1.000000000000000000 ) ) ;
#431 = EDGE_LOOP ( 'NONE', ( #133, #94 ) ) ;
#432 = ADVANCED_FACE ( 'NONE', ( #1271 ), #1820, .F. ) ;
#433 = VERTEX_POINT ( 'NONE', #231 ) ;
#434 = DIRECTION ( 'NONE',  ( -0.000000000000000000, -0.000000000000000000, -1.000000000000000000 ) ) ;
#435 = EDGE_CURVE ( 'NONE', #390, #1477, #416, .T. ) ;
#436 = DIRECTION ( 'NONE',  ( -1.000000000000000000, 0.000000000000000000, 0.000000000000000000 ) ) ;
#437 = EDGE_LOOP ( 'NONE', ( #1246, #1737, #126, #57 ) ) ;
#438 = CARTESIAN_POINT ( 'NONE',  ( 38.25000000000000000, 8.000000000000000000, 3.000000000000000000 ) ) ;
#439 = CARTESIAN_POINT ( 'NONE',  ( 0.000000000000000000, 47.99999999999999289, 3.000000000000000000 ) ) ;
#440 = VECTOR ( 'NONE', #1619, 1000.000000000000000 ) ;
#441 = ORIENTED_EDGE ( 'NONE', *, *, #766, .F. ) ;
#442 = AXIS2_PLACEMENT_3D ( 'NONE', #1562, #1095, #162 ) ;
#443 = EDGE_LOOP ( 'NONE', ( #1515, #1361 ) ) ;
#444 = VECTOR ( 'NONE', #749, 1000.000000000000000 ) ;
#445 = FACE_BOUND ( 'NONE', #409, .T. ) ;
#446 = AXIS2_PLACEMENT_3D ( 'NONE', #1659, #527, #840 ) ;
#447 = ADVANCED_FACE ( 'NONE', ( #1151 ), #720, .F. ) ;
#448 = CIRCLE ( 'NONE', #85, 1.700000000000000178 ) ;
#449 = CIRCLE ( 'NONE', #802, 1.700000000000000178 ) ;
#450 = VERTEX_POINT ( 'NONE', #1022 ) ;
#451 = DIRECTION ( 'NONE',  ( 1.000000000000000000, 0.000000000000000000, 0.000000000000000000 ) ) ;
#452 = CARTESIAN_POINT ( 'NONE',  ( 38.25000000000000000, 8.000000000000000000, 0.000000000000000000 ) ) ;
#453 = CIRCLE ( 'NONE', #1993, 1.549999999999999378 ) ;
#454 = EDGE_LOOP ( 'NONE', ( #1524, #252 ) ) ;
#455 = VERTEX_POINT ( 'NONE', #1930 ) ;
#456 = DIRECTION ( 'NONE',  ( 0.000000000000000000, 0.000000000000000000, 1.000000000000000000 ) ) ;
#457 = ORIENTED_EDGE ( 'NONE', *, *, #665, .F. ) ;
#458 = EDGE_CURVE ( 'NONE', #775, #821, #1252, .T. ) ;
#459 = DIRECTION ( 'NONE',  ( -0.000000000000000000, -0.000000000000000000, -1.000000000000000000 ) ) ;
#460 = LINE ( 'NONE', #904, #473 ) ;
#461 = ORIENTED_EDGE ( 'NONE', *, *, #284, .F. ) ;
#462 = ORIENTED_EDGE ( 'NONE', *, *, #1292, .F. ) ;
#463 = LINE ( 'NONE', #1432, #349 ) ;
#464 = VERTEX_POINT ( 'NONE', #72 ) ;
#465 =( LENGTH_UNIT ( ) NAMED_UNIT ( * ) SI_UNIT ( .MILLI., .METRE. ) );
#466 = DIRECTION ( 'NONE',  ( 0.000000000000000000, 0.000000000000000000, 1.000000000000000000 ) ) ;
#467 = ORIENTED_EDGE ( 'NONE', *, *, #589, .F. ) ;
#468 = DIRECTION ( 'NONE',  ( 0.000000000000000000, 0.000000000000000000, 1.000000000000000000 ) ) ;
#469 = EDGE_CURVE ( 'NONE', #145, #1161, #1283, .T. ) ;
#470 = ORIENTED_EDGE ( 'NONE', *, *, #1650, .T. ) ;
#471 = DIRECTION ( 'NONE',  ( 1.000000000000000000, 0.000000000000000000, 0.000000000000000000 ) ) ;
#472 = AXIS2_PLACEMENT_3D ( 'NONE', #1187, #110, #572 ) ;
#473 = VECTOR ( 'NONE', #755, 1000.000000000000000 ) ;
#474 = EDGE_LOOP ( 'NONE', ( #1225, #1114 ) ) ;
#475 = CARTESIAN_POINT ( 'NONE',  ( 23.99999999999997158, 16.00000000000000000, 3.000000000000000000 ) ) ;
#476 = CARTESIAN_POINT ( 'NONE',  ( 23.99999999999994671, 24.00000000000000000, 3.000000000000000000 ) ) ;
#477 = AXIS2_PLACEMENT_3D ( 'NONE', #260, #551, #65 ) ;
#478 = CIRCLE ( 'NONE', #1388, 1.750000000000001554 ) ;
#479 = EDGE_LOOP ( 'NONE', ( #425, #488 ) ) ;
#480 = CARTESIAN_POINT ( 'NONE',  ( 22.35000000000000142, 8.000000000000000000, 3.000000000000000000 ) ) ;
#481 = CIRCLE ( 'NONE', #1631, 1.649999999999998579 ) ;
#482 = ORIENTED_EDGE ( 'NONE', *, *, #1308, .F. ) ;
#483 = ADVANCED_FACE ( 'NONE', ( #392 ), #1788, .F. ) ;
#484 = DIRECTION ( 'NONE',  ( -0.000000000000000000, -0.000000000000000000, -1.000000000000000000 ) ) ;
#485 = ORIENTED_EDGE ( 'NONE', *, *, #2011, .T. ) ;
#486 = CYLINDRICAL_SURFACE ( 'NONE', #511, 1.700000000000000178 ) ;
#487 = DIRECTION ( 'NONE',  ( -1.000000000000000000, 0.000000000000000000, 0.000000000000000000 ) ) ;
#488 = ORIENTED_EDGE ( 'NONE', *, *, #1439, .T. ) ;
#489 = FACE_OUTER_BOUND ( 'NONE', #1000, .T. ) ;
#490 = ORIENTED_EDGE ( 'NONE', *, *, #878, .F. ) ;
#491 = EDGE_CURVE ( 'NONE', #412, #901, #17, .T. ) ;
#492 = DIRECTION ( 'NONE',  ( -0.000000000000000000, -0.000000000000000000, -1.000000000000000000 ) ) ;
#493 = DIRECTION ( 'NONE',  ( -1.000000000000000000, 0.000000000000000000, 0.000000000000000000 ) ) ;
#494 = EDGE_CURVE ( 'NONE', #433, #389, #1032, .T. ) ;
#495 = EDGE_LOOP ( 'NONE', ( #1350, #936 ) ) ;
#496 = DIRECTION ( 'NONE',  ( -2.891205793294678326E-16, -1.000000000000000000, 0.000000000000000000 ) ) ;
#497 = CARTESIAN_POINT ( 'NONE',  ( 15.99999999999988987, 40.00000000000000000, 0.000000000000000000 ) ) ;
#498 = VERTEX_POINT ( 'NONE', #568 ) ;
#499 = CARTESIAN_POINT ( 'NONE',  ( 9.549999999999998934, 8.000000000000000000, 0.000000000000000000 ) ) ;
#500 = EDGE_LOOP ( 'NONE', ( #1141, #1614 ) ) ;
#501 = CARTESIAN_POINT ( 'NONE',  ( 24.00000000000000000, 8.000000000000000000, 3.000000000000000000 ) ) ;
#502 = DIRECTION ( 'NONE',  ( 1.000000000000000000, -0.000000000000000000, -0.000000000000000000 ) ) ;
#503 = DIRECTION ( 'NONE',  ( 1.000000000000000000, 1.445602896647339163E-16, 0.000000000000000000 ) ) ;
#504 = EDGE_CURVE ( 'NONE', #2015, #1253, #1886, .T. ) ;
#505 = CARTESIAN_POINT ( 'NONE',  ( 7.999999999999890754, 40.00000000000000000, 3.000000000000000000 ) ) ;
#506 = CIRCLE ( 'NONE', #1951, 1.600000000000000755 ) ;
#507 = ORIENTED_EDGE ( 'NONE', *, *, #1259, .T. ) ;
#508 = FACE_BOUND ( 'NONE', #135, .T. ) ;
#509 = CIRCLE ( 'NONE', #609, 1.600000000000000755 ) ;
#510 = ORIENTED_EDGE ( 'NONE', *, *, #1044, .F. ) ;
#511 = AXIS2_PLACEMENT_3D ( 'NONE', #1263, #7, #636 ) ;
#512 = VECTOR ( 'NONE', #822, 1000.000000000000000 ) ;
#513 = LINE ( 'NONE', #1896, #900 ) ;
#514 = DIRECTION ( 'NONE',  ( 0.000000000000000000, 0.000000000000000000, 1.000000000000000000 ) ) ;
#515 = DIRECTION ( 'NONE',  ( 1.445602896647339163E-16, -1.000000000000000000, 0.000000000000000000 ) ) ;
#516 = DIRECTION ( 'NONE',  ( 1.000000000000000000, 0.000000000000000000, 0.000000000000000000 ) ) ;
#517 = ADVANCED_FACE ( 'NONE', ( #686 ), #256, .F. ) ;
#518 = ORIENTED_EDGE ( 'NONE', *, *, #1108, .T. ) ;
#519 = FACE_BOUND ( 'NONE', #1077, .T. ) ;
#520 = EDGE_CURVE ( 'NONE', #1144, #390, #206, .T. ) ;
#521 = VERTEX_POINT ( 'NONE', #1940 ) ;
#522 = CYLINDRICAL_SURFACE ( 'NONE', #123, 1.550000000000000266 ) ;
#523 = DIRECTION ( 'NONE',  ( -0.000000000000000000, -0.000000000000000000, -1.000000000000000000 ) ) ;
#524 = DIRECTION ( 'NONE',  ( -0.000000000000000000, -0.000000000000000000, -1.000000000000000000 ) ) ;
#525 = DIRECTION ( 'NONE',  ( 0.000000000000000000, 1.000000000000000000, -0.000000000000000000 ) ) ;
#526 = VERTEX_POINT ( 'NONE', #535 ) ;
#527 = DIRECTION ( 'NONE',  ( 0.000000000000000000, 0.000000000000000000, 1.000000000000000000 ) ) ;
#528 = DIRECTION ( 'NONE',  ( -0.000000000000000000, -0.000000000000000000, -1.000000000000000000 ) ) ;
#529 = UNCERTAINTY_MEASURE_WITH_UNIT (LENGTH_MEASURE( 1.000000000000000082E-05 ), #92, 'distance_accuracy_value', 'NONE');
#530 = ORIENTED_EDGE ( 'NONE', *, *, #983, .F. ) ;
#531 = EDGE_CURVE ( 'NONE', #577, #1171, #1457, .T. ) ;
#532 = DIRECTION ( 'NONE',  ( 1.000000000000000000, 0.000000000000000000, 0.000000000000000000 ) ) ;
#533 = ORIENTED_EDGE ( 'NONE', *, *, #606, .F. ) ;
#534 = CARTESIAN_POINT ( 'NONE',  ( 23.99999999999988987, 40.00000000000000000, 3.000000000000000000 ) ) ;
#535 = CARTESIAN_POINT ( 'NONE',  ( 9.549999999999915445, 32.00000000000000000, 3.000000000000000000 ) ) ;
#536 = FACE_OUTER_BOUND ( 'NONE', #26, .T. ) ;
#537 = VERTEX_POINT ( 'NONE', #1656 ) ;
#538 = DIRECTION ( 'NONE',  ( -0.000000000000000000, -0.000000000000000000, -1.000000000000000000 ) ) ;
#539 = FACE_OUTER_BOUND ( 'NONE', #594, .T. ) ;
#540 = ORIENTED_EDGE ( 'NONE', *, *, #1211, .T. ) ;
#541 = VECTOR ( 'NONE', #828, 1000.000000000000000 ) ;
#542 = AXIS2_PLACEMENT_3D ( 'NONE', #476, #782, #147 ) ;
#543 =( GEOMETRIC_REPRESENTATION_CONTEXT ( 3 ) GLOBAL_UNCERTAINTY_ASSIGNED_CONTEXT ( ( #1296 ) ) GLOBAL_UNIT_ASSIGNED_CONTEXT ( ( #465, #1861, #1715 ) ) REPRESENTATION_CONTEXT ( 'NONE', 'WORKASPACE' ) );
#544 = CARTESIAN_POINT ( 'NONE',  ( 38.24999999999997158, 16.00000000000000000, 3.000000000000000000 ) ) ;
#545 = EDGE_CURVE ( 'NONE', #389, #433, #899, .T. ) ;
#546 = EDGE_LOOP ( 'NONE', ( #1459, #1638 ) ) ;
#547 = DIRECTION ( 'NONE',  ( -0.000000000000000000, -0.000000000000000000, -1.000000000000000000 ) ) ;
#548 = CIRCLE ( 'NONE', #642, 1.549999999999997602 ) ;
#549 = CARTESIAN_POINT ( 'NONE',  ( 39.99999999999994316, 24.00000000000000000, 3.000000000000000000 ) ) ;
#550 = DIRECTION ( 'NONE',  ( 0.000000000000000000, 0.000000000000000000, 1.000000000000000000 ) ) ;
#551 = DIRECTION ( 'NONE',  ( -0.000000000000000000, -0.000000000000000000, -1.000000000000000000 ) ) ;
#552 = DIRECTION ( 'NONE',  ( 1.000000000000000000, 0.000000000000000000, 0.000000000000000000 ) ) ;
#553 = EDGE_LOOP ( 'NONE', ( #691, #103 ) ) ;
#554 = CARTESIAN_POINT ( 'NONE',  ( 25.64999999999997016, 16.00000000000000000, 3.000000000000000000 ) ) ;
#555 = ORIENTED_EDGE ( 'NONE', *, *, #768, .F. ) ;
#556 = CARTESIAN_POINT ( 'NONE',  ( 6.449999999999945111, 24.00000000000000000, 3.000000000000000000 ) ) ;
#557 = CARTESIAN_POINT ( 'NONE',  ( 39.99999999999991473, 32.00000000000000000, 3.000000000000000000 ) ) ;
#558 = DIRECTION ( 'NONE',  ( -1.000000000000000000, 0.000000000000000000, 0.000000000000000000 ) ) ;
#559 = EDGE_CURVE ( 'NONE', #127, #405, #1725, .T. ) ;
#560 = ORIENTED_EDGE ( 'NONE', *, *, #318, .F. ) ;
#561 = FACE_OUTER_BOUND ( 'NONE', #990, .T. ) ;
#562 = CARTESIAN_POINT ( 'NONE',  ( 41.74999999999995026, 24.00000000000000000, 0.000000000000000000 ) ) ;
#563 = VERTEX_POINT ( 'NONE', #1290 ) ;
#564 = DIRECTION ( 'NONE',  ( 0.000000000000000000, 0.000000000000000000, 1.000000000000000000 ) ) ;
#565 = ORIENTED_EDGE ( 'NONE', *, *, #1986, .F. ) ;
#566 = DIRECTION ( 'NONE',  ( 0.000000000000000000, -1.000000000000000000, 0.000000000000000000 ) ) ;
#567 = AXIS2_PLACEMENT_3D ( 'NONE', #1971, #564, #1180 ) ;
#568 = CARTESIAN_POINT ( 'NONE',  ( 30.29999999999989058, 40.00000000000000000, 0.000000000000000000 ) ) ;
#569 = PLANE ( 'NONE',  #1626 ) ;
#570 = ADVANCED_FACE ( 'NONE', ( #856 ), #1487, .F. ) ;
#571 = DIRECTION ( 'NONE',  ( 1.000000000000000000, 0.000000000000000000, 0.000000000000000000 ) ) ;
#572 = DIRECTION ( 'NONE',  ( 1.000000000000000000, 0.000000000000000000, 0.000000000000000000 ) ) ;
#573 = VECTOR ( 'NONE', #379, 1000.000000000000000 ) ;
#574 = ORIENTED_EDGE ( 'NONE', *, *, #1456, .F. ) ;
#575 = CIRCLE ( 'NONE', #1718, 1.700000000000000178 ) ;
#576 = DIRECTION ( 'NONE',  ( 0.000000000000000000, 0.000000000000000000, 1.000000000000000000 ) ) ;
#577 = VERTEX_POINT ( 'NONE', #402 ) ;
#578 = CARTESIAN_POINT ( 'NONE',  ( 39.99999999999988631, 40.00000000000000000, 3.000000000000000000 ) ) ;
#579 = VECTOR ( 'NONE', #595, 1000.000000000000000 ) ;
#580 = CIRCLE ( 'NONE', #49, 1.649999999999998579 ) ;
#581 = FACE_BOUND ( 'NONE', #1220, .T. ) ;
#582 = AXIS2_PLACEMENT_3D ( 'NONE', #384, #1953, #1003 ) ;
#583 = AXIS2_PLACEMENT_3D ( 'NONE', #5, #1757, #1745 ) ;
#584 = ORIENTED_EDGE ( 'NONE', *, *, #824, .F. ) ;
#585 = DIRECTION ( 'NONE',  ( -1.000000000000000000, 0.000000000000000000, 0.000000000000000000 ) ) ;
#586 = CARTESIAN_POINT ( 'NONE',  ( 15.99999999999997335, 16.00000000000000000, 3.000000000000000000 ) ) ;
#587 = ADVANCED_FACE ( 'NONE', ( #1364 ), #769, .F. ) ;
#588 = ORIENTED_EDGE ( 'NONE', *, *, #1675, .F. ) ;
#589 = EDGE_CURVE ( 'NONE', #767, #498, #1866, .T. ) ;
#590 = LINE ( 'NONE', #853, #573 ) ;
#591 = VERTEX_POINT ( 'NONE', #283 ) ;
#592 = CARTESIAN_POINT ( 'NONE',  ( 30.29999999999994387, 24.00000000000000000, 3.000000000000000000 ) ) ;
#593 = PLANE ( 'NONE',  #929 ) ;
#594 = EDGE_LOOP ( 'NONE', ( #1641, #1125, #4, #1785 ) ) ;
#595 = DIRECTION ( 'NONE',  ( -0.000000000000000000, -0.000000000000000000, -1.000000000000000000 ) ) ;
#596 = CYLINDRICAL_SURFACE ( 'NONE', #922, 1.700000000000000178 ) ;
#597 = EDGE_LOOP ( 'NONE', ( #1468, #1275, #129, #377 ) ) ;
#598 = EDGE_LOOP ( 'NONE', ( #262, #756, #1054, #1684 ) ) ;
#599 = EDGE_CURVE ( 'NONE', #932, #192, #1888, .T. ) ;
#600 = CARTESIAN_POINT ( 'NONE',  ( 8.000000000000000000, 8.000000000000000000, 3.000000000000000000 ) ) ;
#601 = EDGE_LOOP ( 'NONE', ( #1652, #1749 ) ) ;
#602 = DIRECTION ( 'NONE',  ( 1.000000000000000000, 0.000000000000000000, 0.000000000000000000 ) ) ;
#603 = LINE ( 'NONE', #1681, #742 ) ;
#604 = ORIENTED_EDGE ( 'NONE', *, *, #263, .F. ) ;
#605 = ORIENTED_EDGE ( 'NONE', *, *, #1508, .T. ) ;
#606 = EDGE_CURVE ( 'NONE', #1161, #145, #1036, .T. ) ;
#607 = FACE_BOUND ( 'NONE', #1987, .T. ) ;
#608 = AXIS2_PLACEMENT_3D ( 'NONE', #1549, #114, #931 ) ;
#609 = AXIS2_PLACEMENT_3D ( 'NONE', #497, #1592, #191 ) ;
#610 = CIRCLE ( 'NONE', #417, 1.700000000000000178 ) ;
#611 = ORIENTED_EDGE ( 'NONE', *, *, #458, .F. ) ;
#612 = CARTESIAN_POINT ( 'NONE',  ( 0.000000000000000000, 47.99999999999999289, 3.000000000000000000 ) ) ;
#613 = DIRECTION ( 'NONE',  ( -0.000000000000000000, 0.000000000000000000, -1.000000000000000000 ) ) ;
#614 = CIRCLE ( 'NONE', #259, 1.600000000000000755 ) ;
#615 = ORIENTED_EDGE ( 'NONE', *, *, #134, .F. ) ;
#616 = ORIENTED_EDGE ( 'NONE', *, *, #1550, .T. ) ;
#617 = DIRECTION ( 'NONE',  ( 1.000000000000000000, 0.000000000000000000, 0.000000000000000000 ) ) ;
#618 = VERTEX_POINT ( 'NONE', #729 ) ;
#619 = CARTESIAN_POINT ( 'NONE',  ( 23.99999999999988987, 40.00000000000000000, 0.000000000000000000 ) ) ;
#620 = EDGE_CURVE ( 'NONE', #280, #343, #221, .T. ) ;
#621 = DIRECTION ( 'NONE',  ( 1.000000000000000000, 0.000000000000000000, 0.000000000000000000 ) ) ;
#622 = ORIENTED_EDGE ( 'NONE', *, *, #52, .T. ) ;
#623 = FACE_BOUND ( 'NONE', #1049, .T. ) ;
#624 = ORIENTED_EDGE ( 'NONE', *, *, #13, .T. ) ;
#625 = FACE_OUTER_BOUND ( 'NONE', #1506, .T. ) ;
#626 = ORIENTED_EDGE ( 'NONE', *, *, #1370, .F. ) ;
#627 = DIRECTION ( 'NONE',  ( 1.000000000000000000, 0.000000000000000000, 0.000000000000000000 ) ) ;
#628 = DIRECTION ( 'NONE',  ( -0.000000000000000000, -0.000000000000000000, -1.000000000000000000 ) ) ;
#629 = ADVANCED_FACE ( 'NONE', ( #427, #300, #581, #882, #607, #293, #268, #136, #106, #898, #1046, #445, #1509, #1349, #1198, #1985, #1222, #1536, #1679, #759, #277, #1859, #890, #128, #743, #914 ), #593, .F. ) ;
#630 = ORIENTED_EDGE ( 'NONE', *, *, #77, .F. ) ;
#631 = CARTESIAN_POINT ( 'NONE',  ( 7.999999999999972466, 16.00000000000000000, 3.000000000000000000 ) ) ;
#632 = VERTEX_POINT ( 'NONE', #753 ) ;
#633 = CIRCLE ( 'NONE', #1247, 1.750000000000001554 ) ;
#634 = CARTESIAN_POINT ( 'NONE',  ( 23.99999999999997158, 16.00000000000000000, 0.000000000000000000 ) ) ;
#635 = VERTEX_POINT ( 'NONE', #1053 ) ;
#636 = DIRECTION ( 'NONE',  ( -1.000000000000000000, 0.000000000000000000, 0.000000000000000000 ) ) ;
#637 = CARTESIAN_POINT ( 'NONE',  ( 40.00000000000000000, 8.000000000000000000, 3.000000000000000000 ) ) ;
#638 = AXIS2_PLACEMENT_3D ( 'NONE', #773, #1396, #2029 ) ;
#639 = AXIS2_PLACEMENT_3D ( 'NONE', #387, #698, #571 ) ;
#640 = ORIENTED_EDGE ( 'NONE', *, *, #1908, .T. ) ;
#641 = CARTESIAN_POINT ( 'NONE',  ( 48.00000000000000000, 48.00000000000000000, 3.000000000000000000 ) ) ;
#642 = AXIS2_PLACEMENT_3D ( 'NONE', #1599, #190, #2036 ) ;
#643 = EDGE_CURVE ( 'NONE', #591, #137, #1093, .T. ) ;
#644 = ORIENTED_EDGE ( 'NONE', *, *, #1401, .F. ) ;
#645 = EDGE_CURVE ( 'NONE', #682, #819, #418, .T. ) ;
#646 = DIRECTION ( 'NONE',  ( -0.000000000000000000, -0.000000000000000000, -1.000000000000000000 ) ) ;
#647 = CARTESIAN_POINT ( 'NONE',  ( 23.99999999999991829, 32.00000000000000000, 3.000000000000000000 ) ) ;
#648 = ORIENTED_EDGE ( 'NONE', *, *, #757, .T. ) ;
#649 = CARTESIAN_POINT ( 'NONE',  ( 25.64999999999991687, 32.00000000000000000, 3.000000000000000000 ) ) ;
#650 = CYLINDRICAL_SURFACE ( 'NONE', #1523, 1.700000000000000178 ) ;
#651 = LINE ( 'NONE', #1265, #896 ) ;
#652 = DIRECTION ( 'NONE',  ( -1.000000000000000000, 0.000000000000000000, 0.000000000000000000 ) ) ;
#653 = PRODUCT_DEFINITION ( 'æœ', '', #38, #184 ) ;
#654 = ORIENTED_EDGE ( 'NONE', *, *, #107, .F. ) ;
#655 = CARTESIAN_POINT ( 'NONE',  ( 24.00000000000000000, 8.000000000000000000, 0.000000000000000000 ) ) ;
#656 = EDGE_CURVE ( 'NONE', #2, #101, #453, .T. ) ;
#657 = DIRECTION ( 'NONE',  ( -1.000000000000000000, 0.000000000000000000, 0.000000000000000000 ) ) ;
#658 = DIRECTION ( 'NONE',  ( 0.000000000000000000, 0.000000000000000000, 1.000000000000000000 ) ) ;
#659 = DIRECTION ( 'NONE',  ( -0.000000000000000000, -0.000000000000000000, -1.000000000000000000 ) ) ;
#660 = ORIENTED_EDGE ( 'NONE', *, *, #1518, .T. ) ;
#661 = FACE_BOUND ( 'NONE', #758, .T. ) ;
#662 = ORIENTED_EDGE ( 'NONE', *, *, #645, .F. ) ;
#663 = DIRECTION ( 'NONE',  ( -0.000000000000000000, -0.000000000000000000, -1.000000000000000000 ) ) ;
#664 = CARTESIAN_POINT ( 'NONE',  ( 17.60000000000000142, 8.000000000000000000, 0.000000000000000000 ) ) ;
#665 = EDGE_CURVE ( 'NONE', #1803, #368, #1461, .T. ) ;
#666 = DIRECTION ( 'NONE',  ( -0.000000000000000000, -0.000000000000000000, -1.000000000000000000 ) ) ;
#667 = DIRECTION ( 'NONE',  ( 0.000000000000000000, 0.000000000000000000, 1.000000000000000000 ) ) ;
#668 = AXIS2_PLACEMENT_3D ( 'NONE', #885, #1672, #271 ) ;
#669 = EDGE_LOOP ( 'NONE', ( #1411, #274, #1293, #848 ) ) ;
#670 = CYLINDRICAL_SURFACE ( 'NONE', #827, 1.649999999999998579 ) ;
#671 = AXIS2_PLACEMENT_3D ( 'NONE', #988, #696, #558 ) ;
#672 = VERTEX_POINT ( 'NONE', #1230 ) ;
#673 = VECTOR ( 'NONE', #646, 1000.000000000000000 ) ;
#674 = AXIS2_PLACEMENT_3D ( 'NONE', #1907, #1278, #934 ) ;
#675 = LINE ( 'NONE', #1137, #1458 ) ;
#676 = DIRECTION ( 'NONE',  ( -1.000000000000000000, 0.000000000000000000, 0.000000000000000000 ) ) ;
#677 = CARTESIAN_POINT ( 'NONE',  ( 39.99999999999991473, 32.00000000000000000, 3.000000000000000000 ) ) ;
#678 = CYLINDRICAL_SURFACE ( 'NONE', #671, 1.649999999999998579 ) ;
#679 = EDGE_CURVE ( 'NONE', #762, #98, #1697, .T. ) ;
#680 = CYLINDRICAL_SURFACE ( 'NONE', #1250, 1.750000000000001554 ) ;
#681 = CARTESIAN_POINT ( 'NONE',  ( 25.64999999999994529, 24.00000000000000000, 0.000000000000000000 ) ) ;
#682 = VERTEX_POINT ( 'NONE', #37 ) ;
#683 = CARTESIAN_POINT ( 'NONE',  ( 25.64999999999999858, 8.000000000000000000, 3.000000000000000000 ) ) ;
#684 = VERTEX_POINT ( 'NONE', #664 ) ;
#685 = LINE ( 'NONE', #1919, #1610 ) ;
#686 = FACE_OUTER_BOUND ( 'NONE', #1915, .T. ) ;
#687 = DIRECTION ( 'NONE',  ( 1.000000000000000000, 0.000000000000000000, 0.000000000000000000 ) ) ;
#688 = CARTESIAN_POINT ( 'NONE',  ( 15.99999999999997335, 16.00000000000000000, 3.000000000000000000 ) ) ;
#689 = CARTESIAN_POINT ( 'NONE',  ( 47.99999999999998579, 0.000000000000000000, 0.000000000000000000 ) ) ;
#690 = ADVANCED_FACE ( 'NONE', ( #1107 ), #1726, .F. ) ;
#691 = ORIENTED_EDGE ( 'NONE', *, *, #1986, .T. ) ;
#692 = ORIENTED_EDGE ( 'NONE', *, *, #1897, .T. ) ;
#693 = CYLINDRICAL_SURFACE ( 'NONE', #1654, 1.549999999999998490 ) ;
#694 =( GEOMETRIC_REPRESENTATION_CONTEXT ( 3 ) GLOBAL_UNCERTAINTY_ASSIGNED_CONTEXT ( ( #529 ) ) GLOBAL_UNIT_ASSIGNED_CONTEXT ( ( #92, #887, #1482 ) ) REPRESENTATION_CONTEXT ( 'NONE', 'WORKASPACE' ) );
#695 = CARTESIAN_POINT ( 'NONE',  ( 31.99999999999991829, 32.00000000000000000, 0.000000000000000000 ) ) ;
#696 = DIRECTION ( 'NONE',  ( -0.000000000000000000, -0.000000000000000000, -1.000000000000000000 ) ) ;
#697 = EDGE_LOOP ( 'NONE', ( #1651, #1307, #1858, #530 ) ) ;
#698 = DIRECTION ( 'NONE',  ( 0.000000000000000000, 0.000000000000000000, 1.000000000000000000 ) ) ;
#699 = VECTOR ( 'NONE', #1703, 1000.000000000000000 ) ;
#700 = CARTESIAN_POINT ( 'NONE',  ( 39.99999999999991473, 32.00000000000000000, 3.000000000000000000 ) ) ;
#701 = ORIENTED_EDGE ( 'NONE', *, *, #1849, .T. ) ;
#702 = EDGE_CURVE ( 'NONE', #1574, #1851, #189, .T. ) ;
#703 = CIRCLE ( 'NONE', #1854, 1.649999999999998579 ) ;
#704 = AXIS2_PLACEMENT_3D ( 'NONE', #505, #361, #1264 ) ;
#705 = VECTOR ( 'NONE', #175, 1000.000000000000000 ) ;
#706 = CARTESIAN_POINT ( 'NONE',  ( 31.99999999999997158, 16.00000000000000000, 3.000000000000000000 ) ) ;
#707 = ORIENTED_EDGE ( 'NONE', *, *, #1921, .F. ) ;
#708 = EDGE_CURVE ( 'NONE', #2027, #286, #1363, .T. ) ;
#709 = LINE ( 'NONE', #556, #730 ) ;
#710 = CIRCLE ( 'NONE', #1830, 1.700000000000000178 ) ;
#711 = DIRECTION ( 'NONE',  ( -1.000000000000000000, 0.000000000000000000, 0.000000000000000000 ) ) ;
#712 = CARTESIAN_POINT ( 'NONE',  ( 14.39999999999999858, 8.000000000000000000, 3.000000000000000000 ) ) ;
#713 = VERTEX_POINT ( 'NONE', #319 ) ;
#714 = LINE ( 'NONE', #1331, #16 ) ;
#715 = CARTESIAN_POINT ( 'NONE',  ( 40.00000000000000000, 8.000000000000000000, 0.000000000000000000 ) ) ;
#716 = ORIENTED_EDGE ( 'NONE', *, *, #1480, .T. ) ;
#717 = ORIENTED_EDGE ( 'NONE', *, *, #93, .T. ) ;
#718 = CARTESIAN_POINT ( 'NONE',  ( 23.99999999999991829, 32.00000000000000000, 3.000000000000000000 ) ) ;
#719 = EDGE_CURVE ( 'NONE', #1548, #299, #745, .T. ) ;
#720 = CYLINDRICAL_SURFACE ( 'NONE', #1192, 1.549999999999999378 ) ;
#721 = DIRECTION ( 'NONE',  ( -0.000000000000000000, -0.000000000000000000, -1.000000000000000000 ) ) ;
#722 = EDGE_LOOP ( 'NONE', ( #1962, #1097, #1980, #202 ) ) ;
#723 = DIRECTION ( 'NONE',  ( 1.000000000000000000, 0.000000000000000000, 0.000000000000000000 ) ) ;
#724 = DIRECTION ( 'NONE',  ( -1.000000000000000000, 0.000000000000000000, 0.000000000000000000 ) ) ;
#725 = ORIENTED_EDGE ( 'NONE', *, *, #1145, .T. ) ;
#726 = DIRECTION ( 'NONE',  ( 1.000000000000000000, 0.000000000000000000, 0.000000000000000000 ) ) ;
#727 = ORIENTED_EDGE ( 'NONE', *, *, #866, .T. ) ;
#728 = CARTESIAN_POINT ( 'NONE',  ( 22.34999999999991971, 32.00000000000000000, 3.000000000000000000 ) ) ;
#729 = CARTESIAN_POINT ( 'NONE',  ( 41.74999999999992184, 32.00000000000000000, 3.000000000000000000 ) ) ;
#730 = VECTOR ( 'NONE', #1653, 1000.000000000000000 ) ;
#731 = EDGE_CURVE ( 'NONE', #1462, #398, #1078, .T. ) ;
#732 = EDGE_LOOP ( 'NONE', ( #1136, #1068, #611, #1284 ) ) ;
#733 = CARTESIAN_POINT ( 'NONE',  ( 15.99999999999994493, 24.00000000000000000, 3.000000000000000000 ) ) ;
#734 = EDGE_CURVE ( 'NONE', #1992, #455, #463, .T. ) ;
#735 = DIRECTION ( 'NONE',  ( 0.000000000000000000, 0.000000000000000000, 1.000000000000000000 ) ) ;
#736 = ORIENTED_EDGE ( 'NONE', *, *, #63, .F. ) ;
#737 = AXIS2_PLACEMENT_3D ( 'NONE', #160, #139, #1693 ) ;
#738 = ORIENTED_EDGE ( 'NONE', *, *, #520, .F. ) ;
#739 = CARTESIAN_POINT ( 'NONE',  ( 14.39999999999988844, 40.00000000000000000, 0.000000000000000000 ) ) ;
#740 = CIRCLE ( 'NONE', #638, 1.649999999999998579 ) ;
#741 = VECTOR ( 'NONE', #24, 1000.000000000000000 ) ;
#742 = VECTOR ( 'NONE', #1067, 1000.000000000000000 ) ;
#743 = FACE_BOUND ( 'NONE', #474, .T. ) ;
#744 = AXIS2_PLACEMENT_3D ( 'NONE', #1452, #1635, #1466 ) ;
#745 = CIRCLE ( 'NONE', #1393, 1.549999999999999378 ) ;
#746 = EDGE_CURVE ( 'NONE', #1446, #2007, #1713, .T. ) ;
#747 = ORIENTED_EDGE ( 'NONE', *, *, #2026, .F. ) ;
#748 = FACE_OUTER_BOUND ( 'NONE', #1700, .T. ) ;
#749 = DIRECTION ( 'NONE',  ( -0.000000000000000000, -0.000000000000000000, -1.000000000000000000 ) ) ;
#750 = ADVANCED_FACE ( 'NONE', ( #1564 ), #164, .F. ) ;
#751 = ORIENTED_EDGE ( 'NONE', *, *, #1280, .F. ) ;
#752 = EDGE_LOOP ( 'NONE', ( #1437, #518, #1300, #1210 ) ) ;
#753 = CARTESIAN_POINT ( 'NONE',  ( 41.74999999999989342, 40.00000000000000000, 0.000000000000000000 ) ) ;
#754 = ORIENTED_EDGE ( 'NONE', *, *, #708, .F. ) ;
#755 = DIRECTION ( 'NONE',  ( -0.000000000000000000, -0.000000000000000000, -1.000000000000000000 ) ) ;
#756 = ORIENTED_EDGE ( 'NONE', *, *, #1297, .T. ) ;
#757 = EDGE_CURVE ( 'NONE', #286, #2027, #710, .T. ) ;
#758 = EDGE_LOOP ( 'NONE', ( #1779, #1058 ) ) ;
#759 = FACE_BOUND ( 'NONE', #1932, .T. ) ;
#760 = ORIENTED_EDGE ( 'NONE', *, *, #866, .F. ) ;
#761 = DIRECTION ( 'NONE',  ( 1.000000000000000000, 0.000000000000000000, -0.000000000000000000 ) ) ;
#762 = VERTEX_POINT ( 'NONE', #1400 ) ;
#763 = AXIS2_PLACEMENT_3D ( 'NONE', #1499, #1138, #1289 ) ;
#764 = APPLICATION_CONTEXT ( 'automotive_design' ) ;
#765 = AXIS2_PLACEMENT_3D ( 'NONE', #578, #1880, #1051 ) ;
#766 = EDGE_CURVE ( 'NONE', #1566, #635, #481, .T. ) ;
#767 = VERTEX_POINT ( 'NONE', #2033 ) ;
#768 = EDGE_CURVE ( 'NONE', #405, #127, #965, .T. ) ;
#769 = CYLINDRICAL_SURFACE ( 'NONE', #316, 1.549999999999999378 ) ;
#770 = CIRCLE ( 'NONE', #924, 1.649999999999998579 ) ;
#771 = ORIENTED_EDGE ( 'NONE', *, *, #195, .T. ) ;
#772 = DIRECTION ( 'NONE',  ( -0.000000000000000000, -0.000000000000000000, -1.000000000000000000 ) ) ;
#773 = CARTESIAN_POINT ( 'NONE',  ( 23.99999999999991829, 32.00000000000000000, 0.000000000000000000 ) ) ;
#774 = VECTOR ( 'NONE', #1735, 1000.000000000000000 ) ;
#775 = VERTEX_POINT ( 'NONE', #816 ) ;
#776 = DIRECTION ( 'NONE',  ( -1.000000000000000000, 0.000000000000000000, 0.000000000000000000 ) ) ;
#777 = ORIENTED_EDGE ( 'NONE', *, *, #719, .F. ) ;
#778 = DIRECTION ( 'NONE',  ( 0.000000000000000000, 0.000000000000000000, 1.000000000000000000 ) ) ;
#779 = ADVANCED_FACE ( 'NONE', ( #625 ), #337, .F. ) ;
#780 = ORIENTED_EDGE ( 'NONE', *, *, #620, .T. ) ;
#781 = CARTESIAN_POINT ( 'NONE',  ( 24.00000000000000000, 8.000000000000000000, 3.000000000000000000 ) ) ;
#782 = DIRECTION ( 'NONE',  ( 0.000000000000000000, 0.000000000000000000, 1.000000000000000000 ) ) ;
#783 = VERTEX_POINT ( 'NONE', #1249 ) ;
#784 = CYLINDRICAL_SURFACE ( 'NONE', #858, 1.549999999999999378 ) ;
#785 = ORIENTED_EDGE ( 'NONE', *, *, #1235, .T. ) ;
#786 = DIRECTION ( 'NONE',  ( -1.000000000000000000, 0.000000000000000000, 0.000000000000000000 ) ) ;
#787 = ORIENTED_EDGE ( 'NONE', *, *, #491, .T. ) ;
#788 = EDGE_CURVE ( 'NONE', #1848, #1583, #1421, .T. ) ;
#789 = DIRECTION ( 'NONE',  ( 1.000000000000000000, 0.000000000000000000, 0.000000000000000000 ) ) ;
#790 = CARTESIAN_POINT ( 'NONE',  ( 25.64999999999999858, 8.000000000000000000, 0.000000000000000000 ) ) ;
#791 = ADVANCED_FACE ( 'NONE', ( #20 ), #1099, .F. ) ;
#792 = VERTEX_POINT ( 'NONE', #956 ) ;
#793 = CARTESIAN_POINT ( 'NONE',  ( 9.549999999999915445, 32.00000000000000000, 3.000000000000000000 ) ) ;
#794 = EDGE_LOOP ( 'NONE', ( #461, #1519 ) ) ;
#795 = CARTESIAN_POINT ( 'NONE',  ( 7.999999999999890754, 40.00000000000000000, 3.000000000000000000 ) ) ;
#796 = VECTOR ( 'NONE', #355, 1000.000000000000000 ) ;
#797 = CARTESIAN_POINT ( 'NONE',  ( 17.59999999999997300, 16.00000000000000000, 3.000000000000000000 ) ) ;
#798 = ORIENTED_EDGE ( 'NONE', *, *, #1869, .T. ) ;
#799 = CARTESIAN_POINT ( 'NONE',  ( 48.00000000000000000, 48.00000000000000000, 3.000000000000000000 ) ) ;
#800 = DIRECTION ( 'NONE',  ( -1.000000000000000000, 0.000000000000000000, 0.000000000000000000 ) ) ;
#801 = AXIS2_PLACEMENT_3D ( 'NONE', #637, #1730, #1413 ) ;
#802 = AXIS2_PLACEMENT_3D ( 'NONE', #909, #1538, #138 ) ;
#803 = LINE ( 'NONE', #1426, #741 ) ;
#804 = DIRECTION ( 'NONE',  ( -1.000000000000000000, -1.445602896647339163E-16, 0.000000000000000000 ) ) ;
#805 = EDGE_CURVE ( 'NONE', #1977, #2015, #1588, .T. ) ;
#806 = ORIENTED_EDGE ( 'NONE', *, *, #851, .F. ) ;
#807 = DIRECTION ( 'NONE',  ( 0.000000000000000000, 0.000000000000000000, 1.000000000000000000 ) ) ;
#808 = CARTESIAN_POINT ( 'NONE',  ( 41.75000000000000000, 8.000000000000000000, 3.000000000000000000 ) ) ;
#809 = CYLINDRICAL_SURFACE ( 'NONE', #1625, 1.550000000000000266 ) ;
#810 = CARTESIAN_POINT ( 'NONE',  ( 31.99999999999991829, 32.00000000000000000, 3.000000000000000000 ) ) ;
#811 = DIRECTION ( 'NONE',  ( 0.000000000000000000, 0.000000000000000000, 1.000000000000000000 ) ) ;
#812 = CYLINDRICAL_SURFACE ( 'NONE', #1449, 1.750000000000001554 ) ;
#813 = EDGE_LOOP ( 'NONE', ( #1386, #1972 ) ) ;
#814 = EDGE_CURVE ( 'NONE', #684, #1902, #614, .T. ) ;
#815 = CARTESIAN_POINT ( 'NONE',  ( 23.99999999999991829, 32.00000000000000000, 3.000000000000000000 ) ) ;
#816 = CARTESIAN_POINT ( 'NONE',  ( 6.449999999999920242, 32.00000000000000000, 0.000000000000000000 ) ) ;
#817 = DIRECTION ( 'NONE',  ( -1.000000000000000000, 2.891205793294678326E-16, 0.000000000000000000 ) ) ;
#818 = CARTESIAN_POINT ( 'NONE',  ( 22.34999999999997300, 16.00000000000000000, 3.000000000000000000 ) ) ;
#819 = VERTEX_POINT ( 'NONE', #1021 ) ;
#820 = CARTESIAN_POINT ( 'NONE',  ( 39.99999999999988631, 40.00000000000000000, 3.000000000000000000 ) ) ;
#821 = VERTEX_POINT ( 'NONE', #253 ) ;
#822 = DIRECTION ( 'NONE',  ( -0.000000000000000000, -0.000000000000000000, -1.000000000000000000 ) ) ;
#823 = LINE ( 'NONE', #95, #115 ) ;
#824 = EDGE_CURVE ( 'NONE', #713, #1076, #1664, .T. ) ;
#825 = DIRECTION ( 'NONE',  ( 0.000000000000000000, 0.000000000000000000, 1.000000000000000000 ) ) ;
#826 = CARTESIAN_POINT ( 'NONE',  ( 40.00000000000000000, 8.000000000000000000, 3.000000000000000000 ) ) ;
#827 = AXIS2_PLACEMENT_3D ( 'NONE', #1285, #528, #1143 ) ;
#828 = DIRECTION ( 'NONE',  ( -0.000000000000000000, -0.000000000000000000, -1.000000000000000000 ) ) ;
#829 = CYLINDRICAL_SURFACE ( 'NONE', #44, 1.649999999999998579 ) ;
#830 = MECHANICAL_DESIGN_GEOMETRIC_PRESENTATION_REPRESENTATION (  '', ( #1821 ), #543 ) ;
#831 = ORIENTED_EDGE ( 'NONE', *, *, #1012, .F. ) ;
#832 = AXIS2_PLACEMENT_3D ( 'NONE', #677, #1622, #1139 ) ;
#833 = DIRECTION ( 'NONE',  ( -1.000000000000000000, 0.000000000000000000, 0.000000000000000000 ) ) ;
#834 = ORIENTED_EDGE ( 'NONE', *, *, #814, .F. ) ;
#835 = CARTESIAN_POINT ( 'NONE',  ( 47.99999999999998579, 0.000000000000000000, 3.000000000000000000 ) ) ;
#836 = DIRECTION ( 'NONE',  ( -1.000000000000000000, 0.000000000000000000, 0.000000000000000000 ) ) ;
#837 = ADVANCED_FACE ( 'NONE', ( #241 ), #1130, .F. ) ;
#838 = CARTESIAN_POINT ( 'NONE',  ( 31.99999999999988987, 40.00000000000000000, 0.000000000000000000 ) ) ;
#839 = ORIENTED_EDGE ( 'NONE', *, *, #734, .F. ) ;
#840 = DIRECTION ( 'NONE',  ( 1.000000000000000000, 0.000000000000000000, 0.000000000000000000 ) ) ;
#841 = DIRECTION ( 'NONE',  ( 1.000000000000000000, 0.000000000000000000, 0.000000000000000000 ) ) ;
#842 = ORIENTED_EDGE ( 'NONE', *, *, #1711, .F. ) ;
#843 = VERTEX_POINT ( 'NONE', #855 ) ;
#844 = FACE_OUTER_BOUND ( 'NONE', #732, .T. ) ;
#845 = CARTESIAN_POINT ( 'NONE',  ( 39.99999999999994316, 24.00000000000000000, 3.000000000000000000 ) ) ;
#846 = DIRECTION ( 'NONE',  ( 0.000000000000000000, 0.000000000000000000, 1.000000000000000000 ) ) ;
#847 = EDGE_CURVE ( 'NONE', #1994, #192, #1450, .T. ) ;
#848 = ORIENTED_EDGE ( 'NONE', *, *, #1439, .F. ) ;
#849 = CARTESIAN_POINT ( 'NONE',  ( 6.449999999999973532, 16.00000000000000000, 3.000000000000000000 ) ) ;
#850 = CARTESIAN_POINT ( 'NONE',  ( 30.29999999999997229, 16.00000000000000000, 0.000000000000000000 ) ) ;
#851 = EDGE_CURVE ( 'NONE', #1323, #932, #685, .T. ) ;
#852 = VERTEX_POINT ( 'NONE', #70 ) ;
#853 = CARTESIAN_POINT ( 'NONE',  ( 38.24999999999988631, 40.00000000000000000, 3.000000000000000000 ) ) ;
#854 = VERTEX_POINT ( 'NONE', #370 ) ;
#855 = CARTESIAN_POINT ( 'NONE',  ( 33.69999999999988916, 40.00000000000000000, 3.000000000000000000 ) ) ;
#856 = FACE_OUTER_BOUND ( 'NONE', #1166, .T. ) ;
#857 = DIRECTION ( 'NONE',  ( 1.000000000000000000, 0.000000000000000000, 0.000000000000000000 ) ) ;
#858 = AXIS2_PLACEMENT_3D ( 'NONE', #631, #919, #776 ) ;
#859 = ORIENTED_EDGE ( 'NONE', *, *, #1401, .T. ) ;
#860 = CYLINDRICAL_SURFACE ( 'NONE', #1525, 1.649999999999998579 ) ;
#861 = VECTOR ( 'NONE', #1794, 1000.000000000000000 ) ;
#862 = DIRECTION ( 'NONE',  ( 1.000000000000000000, -0.000000000000000000, -0.000000000000000000 ) ) ;
#863 = ORIENTED_EDGE ( 'NONE', *, *, #1451, .F. ) ;
#864 = AXIS2_PLACEMENT_3D ( 'NONE', #1511, #1007, #109 ) ;
#865 = VECTOR ( 'NONE', #434, 1000.000000000000000 ) ;
#866 = EDGE_CURVE ( 'NONE', #299, #819, #709, .T. ) ;
#867 = CIRCLE ( 'NONE', #2020, 1.700000000000000178 ) ;
#868 = DIRECTION ( 'NONE',  ( 0.000000000000000000, 0.000000000000000000, 1.000000000000000000 ) ) ;
#869 = ORIENTED_EDGE ( 'NONE', *, *, #224, .F. ) ;
#870 = CIRCLE ( 'NONE', #1062, 1.600000000000000755 ) ;
#871 = DIRECTION ( 'NONE',  ( -1.000000000000000000, 0.000000000000000000, 0.000000000000000000 ) ) ;
#872 = DIRECTION ( 'NONE',  ( -0.000000000000000000, -0.000000000000000000, -1.000000000000000000 ) ) ;
#873 = DIRECTION ( 'NONE',  ( 0.000000000000000000, 0.000000000000000000, 1.000000000000000000 ) ) ;
#874 = DIRECTION ( 'NONE',  ( -0.000000000000000000, -0.000000000000000000, -1.000000000000000000 ) ) ;
#875 = CARTESIAN_POINT ( 'NONE',  ( 39.99999999999994316, 24.00000000000000000, 0.000000000000000000 ) ) ;
#876 = ORIENTED_EDGE ( 'NONE', *, *, #768, .T. ) ;
#877 = CARTESIAN_POINT ( 'NONE',  ( 39.99999999999988631, 40.00000000000000000, 0.000000000000000000 ) ) ;
#878 = EDGE_CURVE ( 'NONE', #455, #1782, #359, .T. ) ;
#879 = ORIENTED_EDGE ( 'NONE', *, *, #702, .F. ) ;
#880 = CARTESIAN_POINT ( 'NONE',  ( 41.74999999999995026, 24.00000000000000000, 3.000000000000000000 ) ) ;
#881 = ADVANCED_FACE ( 'NONE', ( #1644 ), #47, .F. ) ;
#882 = FACE_BOUND ( 'NONE', #1707, .T. ) ;
#883 = ORIENTED_EDGE ( 'NONE', *, *, #1065, .T. ) ;
#884 = CARTESIAN_POINT ( 'NONE',  ( 41.74999999999989342, 40.00000000000000000, 3.000000000000000000 ) ) ;
#885 = CARTESIAN_POINT ( 'NONE',  ( 31.99999999999994671, 24.00000000000000000, 3.000000000000000000 ) ) ;
#886 = ORIENTED_EDGE ( 'NONE', *, *, #1533, .F. ) ;
#887 =( NAMED_UNIT ( * ) PLANE_ANGLE_UNIT ( ) SI_UNIT ( $, .RADIAN. ) );
#888 = EDGE_LOOP ( 'NONE', ( #507, #2030, #1050, #644 ) ) ;
#889 = CYLINDRICAL_SURFACE ( 'NONE', #608, 1.750000000000001554 ) ;
#890 = FACE_BOUND ( 'NONE', #209, .T. ) ;
#891 = ADVANCED_FACE ( 'NONE', ( #1767 ), #1484, .F. ) ;
#892 = ORIENTED_EDGE ( 'NONE', *, *, #1351, .T. ) ;
#893 = CARTESIAN_POINT ( 'NONE',  ( 25.64999999999988844, 40.00000000000000000, 0.000000000000000000 ) ) ;
#894 = EDGE_LOOP ( 'NONE', ( #161, #111, #1043, #462 ) ) ;
#895 = ORIENTED_EDGE ( 'NONE', *, *, #1827, .T. ) ;
#896 = VECTOR ( 'NONE', #1823, 1000.000000000000000 ) ;
#897 = AXIS2_PLACEMENT_3D ( 'NONE', #1928, #215, #46 ) ;
#898 = FACE_BOUND ( 'NONE', #601, .T. ) ;
#899 = CIRCLE ( 'NONE', #1159, 1.750000000000001554 ) ;
#900 = VECTOR ( 'NONE', #1299, 1000.000000000000000 ) ;
#901 = VERTEX_POINT ( 'NONE', #1776 ) ;
#902 = ADVANCED_FACE ( 'NONE', ( #985 ), #83, .F. ) ;
#903 = CARTESIAN_POINT ( 'NONE',  ( 15.99999999999994493, 24.00000000000000000, 3.000000000000000000 ) ) ;
#904 = CARTESIAN_POINT ( 'NONE',  ( 14.39999999999988844, 40.00000000000000000, 3.000000000000000000 ) ) ;
#905 = ORIENTED_EDGE ( 'NONE', *, *, #1028, .T. ) ;
#906 = VERTEX_POINT ( 'NONE', #218 ) ;
#907 = CARTESIAN_POINT ( 'NONE',  ( 8.000000000000000000, 8.000000000000000000, 0.000000000000000000 ) ) ;
#908 = ORIENTED_EDGE ( 'NONE', *, *, #1148, .F. ) ;
#909 = CARTESIAN_POINT ( 'NONE',  ( 31.99999999999994671, 24.00000000000000000, 0.000000000000000000 ) ) ;
#910 = DIRECTION ( 'NONE',  ( 1.000000000000000000, 0.000000000000000000, 0.000000000000000000 ) ) ;
#911 = EDGE_LOOP ( 'NONE', ( #626, #1775, #1103, #298 ) ) ;
#912 = EDGE_CURVE ( 'NONE', #320, #1194, #179, .T. ) ;
#913 = EDGE_LOOP ( 'NONE', ( #973, #332 ) ) ;
#914 = FACE_BOUND ( 'NONE', #1558, .T. ) ;
#915 = ORIENTED_EDGE ( 'NONE', *, *, #1565, .F. ) ;
#916 = CARTESIAN_POINT ( 'NONE',  ( 39.99999999999988631, 40.00000000000000000, 3.000000000000000000 ) ) ;
#917 = LINE ( 'NONE', #1876, #217 ) ;
#918 = EDGE_LOOP ( 'NONE', ( #1356, #1094, #1949, #1240 ) ) ;
#919 = DIRECTION ( 'NONE',  ( -0.000000000000000000, -0.000000000000000000, -1.000000000000000000 ) ) ;
#920 = ORIENTED_EDGE ( 'NONE', *, *, #2011, .F. ) ;
#921 = EDGE_CURVE ( 'NONE', #1076, #323, #205, .T. ) ;
#922 = AXIS2_PLACEMENT_3D ( 'NONE', #1863, #1845, #1539 ) ;
#923 = CARTESIAN_POINT ( 'NONE',  ( 7.999999999999972466, 16.00000000000000000, 3.000000000000000000 ) ) ;
#924 = AXIS2_PLACEMENT_3D ( 'NONE', #1055, #927, #1383 ) ;
#925 = CIRCLE ( 'NONE', #1455, 1.649999999999998579 ) ;
#926 = ORIENTED_EDGE ( 'NONE', *, *, #1565, .T. ) ;
#927 = DIRECTION ( 'NONE',  ( 0.000000000000000000, 0.000000000000000000, 1.000000000000000000 ) ) ;
#928 = DIRECTION ( 'NONE',  ( 0.000000000000000000, 0.000000000000000000, 1.000000000000000000 ) ) ;
#929 = AXIS2_PLACEMENT_3D ( 'NONE', #1206, #1842, #436 ) ;
#930 = ORIENTED_EDGE ( 'NONE', *, *, #1701, .F. ) ;
#931 = DIRECTION ( 'NONE',  ( -1.000000000000000000, 0.000000000000000000, 0.000000000000000000 ) ) ;
#932 = VERTEX_POINT ( 'NONE', #1001 ) ;
#933 = EDGE_CURVE ( 'NONE', #368, #1803, #1878, .T. ) ;
#934 = DIRECTION ( 'NONE',  ( 1.000000000000000000, 0.000000000000000000, 0.000000000000000000 ) ) ;
#935 = EDGE_CURVE ( 'NONE', #591, #1194, #823, .T. ) ;
#936 = ORIENTED_EDGE ( 'NONE', *, *, #1012, .T. ) ;
#937 = CARTESIAN_POINT ( 'NONE',  ( 6.449999999999973532, 16.00000000000000000, 0.000000000000000000 ) ) ;
#938 = CARTESIAN_POINT ( 'NONE',  ( 16.00000000000000000, 8.000000000000000000, 3.000000000000000000 ) ) ;
#939 = ORIENTED_EDGE ( 'NONE', *, *, #1456, .T. ) ;
#940 = DIRECTION ( 'NONE',  ( -0.000000000000000000, -0.000000000000000000, -1.000000000000000000 ) ) ;
#941 = EDGE_LOOP ( 'NONE', ( #292, #785, #939, #1772 ) ) ;
#942 = FACE_OUTER_BOUND ( 'NONE', #1936, .T. ) ;
#943 = CARTESIAN_POINT ( 'NONE',  ( 15.99999999999991651, 32.00000000000000000, 0.000000000000000000 ) ) ;
#944 = ADVANCED_FACE ( 'NONE', ( #844 ), #693, .F. ) ;
#945 = ORIENTED_EDGE ( 'NONE', *, *, #847, .T. ) ;
#946 = PLANE ( 'NONE',  #1954 ) ;
#947 = AXIS2_PLACEMENT_3D ( 'NONE', #1808, #547, #871 ) ;
#948 = EDGE_CURVE ( 'NONE', #137, #320, #391, .T. ) ;
#949 = CARTESIAN_POINT ( 'NONE',  ( 31.99999999999997158, 16.00000000000000000, 3.000000000000000000 ) ) ;
#950 = DIRECTION ( 'NONE',  ( 1.000000000000000000, 0.000000000000000000, 0.000000000000000000 ) ) ;
#951 = DIRECTION ( 'NONE',  ( 0.000000000000000000, 0.000000000000000000, -1.000000000000000000 ) ) ;
#952 = ORIENTED_EDGE ( 'NONE', *, *, #1308, .T. ) ;
#953 = AXIS2_PLACEMENT_3D ( 'NONE', #1182, #468, #3 ) ;
#954 = DIRECTION ( 'NONE',  ( -0.000000000000000000, -0.000000000000000000, -1.000000000000000000 ) ) ;
#955 = AXIS2_PLACEMENT_3D ( 'NONE', #1227, #1560, #910 ) ;
#956 = CARTESIAN_POINT ( 'NONE',  ( 14.39999999999988844, 40.00000000000000000, 3.000000000000000000 ) ) ;
#957 = CARTESIAN_POINT ( 'NONE',  ( 22.34999999999991971, 32.00000000000000000, 0.000000000000000000 ) ) ;
#958 = VECTOR ( 'NONE', #1963, 1000.000000000000000 ) ;
#959 = DIRECTION ( 'NONE',  ( 0.000000000000000000, 0.000000000000000000, 1.000000000000000000 ) ) ;
#960 = CIRCLE ( 'NONE', #1695, 1.750000000000001554 ) ;
#961 = VECTOR ( 'NONE', #1608, 1000.000000000000000 ) ;
#962 = ADVANCED_FACE ( 'NONE', ( #1720 ), #889, .F. ) ;
#963 = FACE_OUTER_BOUND ( 'NONE', #1705, .T. ) ;
#964 = CARTESIAN_POINT ( 'NONE',  ( 31.99999999999988987, 40.00000000000000000, 0.000000000000000000 ) ) ;
#965 = CIRCLE ( 'NONE', #50, 1.700000000000000178 ) ;
#966 = ORIENTED_EDGE ( 'NONE', *, *, #974, .F. ) ;
#967 = FACE_OUTER_BOUND ( 'NONE', #380, .T. ) ;
#968 = DIRECTION ( 'NONE',  ( 0.000000000000000000, 0.000000000000000000, 1.000000000000000000 ) ) ;
#969 = FACE_OUTER_BOUND ( 'NONE', #1967, .T. ) ;
#970 = CARTESIAN_POINT ( 'NONE',  ( 0.000000000000000000, 47.99999999999999289, 0.000000000000000000 ) ) ;
#971 = ORIENTED_EDGE ( 'NONE', *, *, #1087, .F. ) ;
#972 = DIRECTION ( 'NONE',  ( -0.000000000000000000, -0.000000000000000000, -1.000000000000000000 ) ) ;
#973 = ORIENTED_EDGE ( 'NONE', *, *, #1615, .T. ) ;
#974 = EDGE_CURVE ( 'NONE', #1029, #1992, #1035, .T. ) ;
#975 = DIRECTION ( 'NONE',  ( 1.000000000000000000, 0.000000000000000000, 0.000000000000000000 ) ) ;
#976 = DIRECTION ( 'NONE',  ( -0.000000000000000000, -0.000000000000000000, -1.000000000000000000 ) ) ;
#977 = CARTESIAN_POINT ( 'NONE',  ( 17.59999999999997300, 16.00000000000000000, 0.000000000000000000 ) ) ;
#978 = CARTESIAN_POINT ( 'NONE',  ( 15.99999999999997335, 16.00000000000000000, 3.000000000000000000 ) ) ;
#979 = LINE ( 'NONE', #1612, #541 ) ;
#980 = FACE_BOUND ( 'NONE', #213, .T. ) ;
#981 = VERTEX_POINT ( 'NONE', #739 ) ;
#982 = CARTESIAN_POINT ( 'NONE',  ( 0.000000000000000000, 0.000000000000000000, 3.000000000000000000 ) ) ;
#983 = EDGE_CURVE ( 'NONE', #389, #783, #1362, .T. ) ;
#984 = ORIENTED_EDGE ( 'NONE', *, *, #746, .T. ) ;
#985 = FACE_OUTER_BOUND ( 'NONE', #233, .T. ) ;
#986 = AXIS2_PLACEMENT_3D ( 'NONE', #1011, #976, #676 ) ;
#987 = DIRECTION ( 'NONE',  ( -0.000000000000000000, -0.000000000000000000, -1.000000000000000000 ) ) ;
#988 = CARTESIAN_POINT ( 'NONE',  ( 23.99999999999994671, 24.00000000000000000, 3.000000000000000000 ) ) ;
#989 = CIRCLE ( 'NONE', #410, 1.750000000000001554 ) ;
#990 = EDGE_LOOP ( 'NONE', ( #208, #1676, #1018, #1059 ) ) ;
#991 = CARTESIAN_POINT ( 'NONE',  ( 23.99999999999988987, 40.00000000000000000, 3.000000000000000000 ) ) ;
#992 = CIRCLE ( 'NONE', #1952, 1.700000000000000178 ) ;
#993 = FACE_BOUND ( 'NONE', #228, .T. ) ;
#994 = CIRCLE ( 'NONE', #214, 1.600000000000000755 ) ;
#995 = AXIS2_PLACEMENT_3D ( 'NONE', #1966, #1624, #196 ) ;
#996 = EDGE_LOOP ( 'NONE', ( #588, #1970 ) ) ;
#997 = AXIS2_PLACEMENT_3D ( 'NONE', #557, #1183, #711 ) ;
#998 = AXIS2_PLACEMENT_3D ( 'NONE', #1330, #721, #87 ) ;
#999 = AXIS2_PLACEMENT_3D ( 'NONE', #86, #872, #1809 ) ;
#1000 = EDGE_LOOP ( 'NONE', ( #1409, #1997, #2004, #1843 ) ) ;
#1001 = CARTESIAN_POINT ( 'NONE',  ( 41.74999999999997158, 16.00000000000000000, 0.000000000000000000 ) ) ;
#1002 = EDGE_CURVE ( 'NONE', #521, #194, #1485, .T. ) ;
#1003 = DIRECTION ( 'NONE',  ( 1.000000000000000000, 0.000000000000000000, 0.000000000000000000 ) ) ;
#1004 = DIRECTION ( 'NONE',  ( 1.000000000000000000, 0.000000000000000000, 0.000000000000000000 ) ) ;
#1005 = EDGE_CURVE ( 'NONE', #672, #1838, #1995, .T. ) ;
#1006 = VERTEX_POINT ( 'NONE', #1685 ) ;
#1007 = DIRECTION ( 'NONE',  ( 0.000000000000000000, 0.000000000000000000, 1.000000000000000000 ) ) ;
#1008 = DIRECTION ( 'NONE',  ( -0.000000000000000000, -0.000000000000000000, -1.000000000000000000 ) ) ;
#1009 = EDGE_LOOP ( 'NONE', ( #895, #1957 ) ) ;
#1010 = ORIENTED_EDGE ( 'NONE', *, *, #142, .F. ) ;
#1011 = CARTESIAN_POINT ( 'NONE',  ( 39.99999999999994316, 24.00000000000000000, 3.000000000000000000 ) ) ;
#1012 = EDGE_CURVE ( 'NONE', #1864, #1267, #1756, .T. ) ;
#1013 = DIRECTION ( 'NONE',  ( 1.000000000000000000, 0.000000000000000000, 0.000000000000000000 ) ) ;
#1014 = DIRECTION ( 'NONE',  ( -0.000000000000000000, -0.000000000000000000, -1.000000000000000000 ) ) ;
#1015 = EDGE_CURVE ( 'NONE', #852, #1024, #1336, .T. ) ;
#1016 = CARTESIAN_POINT ( 'NONE',  ( 14.39999999999991509, 32.00000000000000000, 3.000000000000000000 ) ) ;
#1017 = CARTESIAN_POINT ( 'NONE',  ( 7.999999999999918288, 32.00000000000000000, 0.000000000000000000 ) ) ;
#1018 = ORIENTED_EDGE ( 'NONE', *, *, #469, .F. ) ;
#1019 = CARTESIAN_POINT ( 'NONE',  ( 33.70000000000000284, 8.000000000000000000, 0.000000000000000000 ) ) ;
#1020 = ORIENTED_EDGE ( 'NONE', *, *, #1015, .F. ) ;
#1021 = CARTESIAN_POINT ( 'NONE',  ( 6.449999999999945111, 24.00000000000000000, 0.000000000000000000 ) ) ;
#1022 = CARTESIAN_POINT ( 'NONE',  ( 6.449999999999890932, 40.00000000000000000, 3.000000000000000000 ) ) ;
#1023 = DIRECTION ( 'NONE',  ( -0.000000000000000000, -0.000000000000000000, -1.000000000000000000 ) ) ;
#1024 = VERTEX_POINT ( 'NONE', #1196 ) ;
#1025 = DIRECTION ( 'NONE',  ( 1.000000000000000000, 0.000000000000000000, 0.000000000000000000 ) ) ;
#1026 = CIRCLE ( 'NONE', #2014, 1.750000000000001554 ) ;
#1027 = CARTESIAN_POINT ( 'NONE',  ( 39.99999999999994316, 24.00000000000000000, 0.000000000000000000 ) ) ;
#1028 = EDGE_CURVE ( 'NONE', #127, #286, #275, .T. ) ;
#1029 = VERTEX_POINT ( 'NONE', #1833 ) ;
#1030 = COLOUR_RGB ( '',0.7921568627450980005, 0.8196078431372548767, 0.9333333333333333481 ) ;
#1031 = AXIS2_PLACEMENT_3D ( 'NONE', #1152, #1023, #97 ) ;
#1032 = CIRCLE ( 'NONE', #1826, 1.750000000000001554 ) ;
#1033 = APPLICATION_PROTOCOL_DEFINITION ( 'draft international standard', 'automotive_design', 1998, #247 ) ;
#1034 = VERTEX_POINT ( 'NONE', #1818 ) ;
#1035 = LINE ( 'NONE', #1973, #1687 ) ;
#1036 = CIRCLE ( 'NONE', #1197, 1.549999999999999378 ) ;
#1037 = CARTESIAN_POINT ( 'NONE',  ( 39.99999999999991473, 32.00000000000000000, 0.000000000000000000 ) ) ;
#1038 = EDGE_LOOP ( 'NONE', ( #930, #787, #1596, #834 ) ) ;
#1039 = CYLINDRICAL_SURFACE ( 'NONE', #477, 1.700000000000000178 ) ;
#1040 = DIRECTION ( 'NONE',  ( 1.000000000000000000, 0.000000000000000000, 0.000000000000000000 ) ) ;
#1041 = ORIENTED_EDGE ( 'NONE', *, *, #1002, .T. ) ;
#1042 = CYLINDRICAL_SURFACE ( 'NONE', #1447, 1.600000000000000755 ) ;
#1043 = ORIENTED_EDGE ( 'NONE', *, *, #948, .T. ) ;
#1044 = EDGE_CURVE ( 'NONE', #433, #1228, #426, .T. ) ;
#1045 = DIRECTION ( 'NONE',  ( 1.000000000000000000, 0.000000000000000000, 0.000000000000000000 ) ) ;
#1046 = FACE_BOUND ( 'NONE', #431, .T. ) ;
#1047 = VERTEX_POINT ( 'NONE', #1205 ) ;
#1048 = DIRECTION ( 'NONE',  ( 1.000000000000000000, 0.000000000000000000, 0.000000000000000000 ) ) ;
#1049 = EDGE_LOOP ( 'NONE', ( #780, #470 ) ) ;
#1050 = ORIENTED_EDGE ( 'NONE', *, *, #620, .F. ) ;
#1051 = DIRECTION ( 'NONE',  ( 1.000000000000000000, 0.000000000000000000, 0.000000000000000000 ) ) ;
#1052 = EDGE_CURVE ( 'NONE', #1534, #398, #1912, .T. ) ;
#1053 = CARTESIAN_POINT ( 'NONE',  ( 22.34999999999997300, 16.00000000000000000, 0.000000000000000000 ) ) ;
#1054 = ORIENTED_EDGE ( 'NONE', *, *, #679, .F. ) ;
#1055 = CARTESIAN_POINT ( 'NONE',  ( 23.99999999999991829, 32.00000000000000000, 0.000000000000000000 ) ) ;
#1056 = CARTESIAN_POINT ( 'NONE',  ( 48.00000000000000000, 48.00000000000000000, 3.000000000000000000 ) ) ;
#1057 = AXIS2_PLACEMENT_3D ( 'NONE', #413, #267, #1045 ) ;
#1058 = ORIENTED_EDGE ( 'NONE', *, *, #248, .T. ) ;
#1059 = ORIENTED_EDGE ( 'NONE', *, *, #1084, .F. ) ;
#1060 = AXIS2_PLACEMENT_3D ( 'NONE', #949, #1901, #1577 ) ;
#1061 = AXIS2_PLACEMENT_3D ( 'NONE', #475, #1875, #1567 ) ;
#1062 = AXIS2_PLACEMENT_3D ( 'NONE', #188, #807, #1146 ) ;
#1063 = DIRECTION ( 'NONE',  ( 1.000000000000000000, 0.000000000000000000, 0.000000000000000000 ) ) ;
#1064 = AXIS2_PLACEMENT_3D ( 'NONE', #143, #2025, #617 ) ;
#1065 = EDGE_CURVE ( 'NONE', #1219, #1722, #1312, .T. ) ;
#1066 = ORIENTED_EDGE ( 'NONE', *, *, #1297, .F. ) ;
#1067 = DIRECTION ( 'NONE',  ( -0.000000000000000000, -0.000000000000000000, -1.000000000000000000 ) ) ;
#1068 = ORIENTED_EDGE ( 'NONE', *, *, #1188, .T. ) ;
#1069 = ORIENTED_EDGE ( 'NONE', *, *, #1203, .F. ) ;
#1070 = DIRECTION ( 'NONE',  ( 0.000000000000000000, 0.000000000000000000, 1.000000000000000000 ) ) ;
#1071 = CIRCLE ( 'NONE', #2010, 1.750000000000001554 ) ;
#1072 = VERTEX_POINT ( 'NONE', #1732 ) ;
#1073 = CYLINDRICAL_SURFACE ( 'NONE', #2018, 1.750000000000001554 ) ;
#1074 = CARTESIAN_POINT ( 'NONE',  ( 33.70000000000000284, 8.000000000000000000, 3.000000000000000000 ) ) ;
#1075 = ADVANCED_FACE ( 'NONE', ( #1398 ), #784, .F. ) ;
#1076 = VERTEX_POINT ( 'NONE', #728 ) ;
#1077 = EDGE_LOOP ( 'NONE', ( #1822, #45 ) ) ;
#1078 = LINE ( 'NONE', #797, #1223 ) ;
#1079 = VERTEX_POINT ( 'NONE', #104 ) ;
#1080 = SURFACE_STYLE_FILL_AREA ( #1200 ) ;
#1081 = CARTESIAN_POINT ( 'NONE',  ( 7.999999999999944933, 24.00000000000000000, 0.000000000000000000 ) ) ;
#1082 = ORIENTED_EDGE ( 'NONE', *, *, #1541, .F. ) ;
#1083 = DIRECTION ( 'NONE',  ( -0.000000000000000000, -0.000000000000000000, -1.000000000000000000 ) ) ;
#1084 = EDGE_CURVE ( 'NONE', #101, #145, #305, .T. ) ;
#1085 = ORIENTED_EDGE ( 'NONE', *, *, #1480, .F. ) ;
#1086 = AXIS2_PLACEMENT_3D ( 'NONE', #1017, #1471, #227 ) ;
#1087 = EDGE_CURVE ( 'NONE', #1387, #526, #1750, .T. ) ;
#1088 = DIRECTION ( 'NONE',  ( 0.000000000000000000, 0.000000000000000000, 1.000000000000000000 ) ) ;
#1089 = CIRCLE ( 'NONE', #1589, 1.649999999999998579 ) ;
#1090 = ORIENTED_EDGE ( 'NONE', *, *, #1711, .T. ) ;
#1091 = DIRECTION ( 'NONE',  ( 0.000000000000000000, 0.000000000000000000, 1.000000000000000000 ) ) ;
#1092 = FACE_OUTER_BOUND ( 'NONE', #1860, .T. ) ;
#1093 = CIRCLE ( 'NONE', #1759, 1.549999999999999378 ) ;
#1094 = ORIENTED_EDGE ( 'NONE', *, *, #851, .T. ) ;
#1095 = DIRECTION ( 'NONE',  ( 0.000000000000000000, 0.000000000000000000, 1.000000000000000000 ) ) ;
#1096 = ADVANCED_FACE ( 'NONE', ( #1983 ), #1677, .F. ) ;
#1097 = ORIENTED_EDGE ( 'NONE', *, *, #1812, .T. ) ;
#1098 = ADVANCED_FACE ( 'NONE', ( #623, #1871, #1581, #1602, #1113, #661, #182, #1913, #1134, #1104, #1257, #1771, #489, #1436, #25, #333, #211, #519, #1741, #201, #980, #364, #375, #993, #508, #1126 ), #1266, .T. ) ;
#1099 = CYLINDRICAL_SURFACE ( 'NONE', #1727, 1.649999999999998579 ) ;
#1100 = EDGE_LOOP ( 'NONE', ( #1806, #422, #1304, #1797 ) ) ;
#1101 = DIRECTION ( 'NONE',  ( 0.000000000000000000, 0.000000000000000000, 1.000000000000000000 ) ) ;
#1102 = FACE_OUTER_BOUND ( 'NONE', #1712, .T. ) ;
#1103 = ORIENTED_EDGE ( 'NONE', *, *, #134, .T. ) ;
#1104 = FACE_BOUND ( 'NONE', #1429, .T. ) ;
#1105 = EDGE_LOOP ( 'NONE', ( #648, #1418 ) ) ;
#1106 = CARTESIAN_POINT ( 'NONE',  ( 23.99999999999988987, 40.00000000000000000, 3.000000000000000000 ) ) ;
#1107 = FACE_OUTER_BOUND ( 'NONE', #598, .T. ) ;
#1108 = EDGE_CURVE ( 'NONE', #1144, #1029, #1934, .T. ) ;
#1109 = ORIENTED_EDGE ( 'NONE', *, *, #1827, .F. ) ;
#1110 = FACE_OUTER_BOUND ( 'NONE', #108, .T. ) ;
#1111 = DIRECTION ( 'NONE',  ( 1.000000000000000000, 0.000000000000000000, 0.000000000000000000 ) ) ;
#1112 = EDGE_LOOP ( 'NONE', ( #1856, #751 ) ) ;
#1113 = FACE_BOUND ( 'NONE', #1105, .T. ) ;
#1114 = ORIENTED_EDGE ( 'NONE', *, *, #339, .F. ) ;
#1115 = CARTESIAN_POINT ( 'NONE',  ( 14.39999999999991509, 32.00000000000000000, 3.000000000000000000 ) ) ;
#1116 = VECTOR ( 'NONE', #1493, 1000.000000000000000 ) ;
#1117 = CARTESIAN_POINT ( 'NONE',  ( 30.29999999999991900, 32.00000000000000000, 3.000000000000000000 ) ) ;
#1118 = ADVANCED_FACE ( 'NONE', ( #1416 ), #812, .F. ) ;
#1119 = FACE_OUTER_BOUND ( 'NONE', #1611, .T. ) ;
#1120 = AXIS2_PLACEMENT_3D ( 'NONE', #1939, #1149, #1787 ) ;
#1121 = CARTESIAN_POINT ( 'NONE',  ( 22.34999999999994458, 24.00000000000000000, 3.000000000000000000 ) ) ;
#1122 = CIRCLE ( 'NONE', #255, 1.600000000000004086 ) ;
#1123 = AXIS2_PLACEMENT_3D ( 'NONE', #2005, #295, #602 ) ;
#1124 = EDGE_CURVE ( 'NONE', #194, #521, #989, .T. ) ;
#1125 = ORIENTED_EDGE ( 'NONE', *, *, #342, .T. ) ;
#1126 = FACE_BOUND ( 'NONE', #553, .T. ) ;
#1127 = AXIS2_PLACEMENT_3D ( 'NONE', #718, #381, #401 ) ;
#1128 = ORIENTED_EDGE ( 'NONE', *, *, #1689, .F. ) ;
#1129 = LINE ( 'NONE', #1431, #125 ) ;
#1130 = CYLINDRICAL_SURFACE ( 'NONE', #947, 1.600000000000002531 ) ;
#1131 = CARTESIAN_POINT ( 'NONE',  ( 14.39999999999994174, 24.00000000000000000, 0.000000000000000000 ) ) ;
#1132 = FACE_OUTER_BOUND ( 'NONE', #1243, .T. ) ;
#1133 = ORIENTED_EDGE ( 'NONE', *, *, #1762, .T. ) ;
#1134 = FACE_BOUND ( 'NONE', #1603, .T. ) ;
#1135 = ADVANCED_FACE ( 'NONE', ( #1613 ), #829, .F. ) ;
#1136 = ORIENTED_EDGE ( 'NONE', *, *, #1087, .T. ) ;
#1137 = CARTESIAN_POINT ( 'NONE',  ( 48.00000000000000000, 48.00000000000000000, 0.000000000000000000 ) ) ;
#1138 = DIRECTION ( 'NONE',  ( -0.000000000000000000, -0.000000000000000000, -1.000000000000000000 ) ) ;
#1139 = DIRECTION ( 'NONE',  ( -1.000000000000000000, 0.000000000000000000, 0.000000000000000000 ) ) ;
#1140 = DIRECTION ( 'NONE',  ( 0.000000000000000000, 0.000000000000000000, 1.000000000000000000 ) ) ;
#1141 = ORIENTED_EDGE ( 'NONE', *, *, #545, .F. ) ;
#1142 = DIRECTION ( 'NONE',  ( 1.000000000000000000, 0.000000000000000000, 0.000000000000000000 ) ) ;
#1143 = DIRECTION ( 'NONE',  ( -1.000000000000000000, 0.000000000000000000, 0.000000000000000000 ) ) ;
#1144 = VERTEX_POINT ( 'NONE', #1893 ) ;
#1145 = EDGE_CURVE ( 'NONE', #1548, #682, #1926, .T. ) ;
#1146 = DIRECTION ( 'NONE',  ( 1.000000000000000000, 0.000000000000000000, 0.000000000000000000 ) ) ;
#1147 = ORIENTED_EDGE ( 'NONE', *, *, #13, .F. ) ;
#1148 = EDGE_CURVE ( 'NONE', #1323, #1994, #633, .T. ) ;
#1149 = DIRECTION ( 'NONE',  ( 0.000000000000000000, 0.000000000000000000, 1.000000000000000000 ) ) ;
#1150 = AXIS2_PLACEMENT_3D ( 'NONE', #1168, #261, #1837 ) ;
#1151 = FACE_OUTER_BOUND ( 'NONE', #1472, .T. ) ;
#1152 = CARTESIAN_POINT ( 'NONE',  ( 15.99999999999988987, 40.00000000000000000, 3.000000000000000000 ) ) ;
#1153 = VECTOR ( 'NONE', #459, 1000.000000000000000 ) ;
#1154 = EDGE_LOOP ( 'NONE', ( #1090, #1942 ) ) ;
#1155 = FACE_OUTER_BOUND ( 'NONE', #1310, .T. ) ;
#1156 = CYLINDRICAL_SURFACE ( 'NONE', #9, 1.549999999999998490 ) ;
#1157 = AXIS2_PLACEMENT_3D ( 'NONE', #688, #1294, #1142 ) ;
#1158 = VERTEX_POINT ( 'NONE', #1764 ) ;
#1159 = AXIS2_PLACEMENT_3D ( 'NONE', #549, #825, #242 ) ;
#1160 = CIRCLE ( 'NONE', #1443, 1.649999999999998579 ) ;
#1161 = VERTEX_POINT ( 'NONE', #499 ) ;
#1162 = DIRECTION ( 'NONE',  ( -0.000000000000000000, -0.000000000000000000, -1.000000000000000000 ) ) ;
#1163 = EDGE_CURVE ( 'NONE', #1158, #498, #575, .T. ) ;
#1164 = CARTESIAN_POINT ( 'NONE',  ( 32.00000000000000000, 8.000000000000000000, 3.000000000000000000 ) ) ;
#1165 = DIRECTION ( 'NONE',  ( 1.000000000000000000, 0.000000000000000000, 0.000000000000000000 ) ) ;
#1166 = EDGE_LOOP ( 'NONE', ( #54, #2002, #1874, #1069 ) ) ;
#1167 = CARTESIAN_POINT ( 'NONE',  ( 6.450000000000001066, 8.000000000000000000, 0.000000000000000000 ) ) ;
#1168 = CARTESIAN_POINT ( 'NONE',  ( 7.999999999999972466, 16.00000000000000000, 0.000000000000000000 ) ) ;
#1169 = ORIENTED_EDGE ( 'NONE', *, *, #1747, .F. ) ;
#1170 = DIRECTION ( 'NONE',  ( 1.000000000000000000, 0.000000000000000000, 0.000000000000000000 ) ) ;
#1171 = VERTEX_POINT ( 'NONE', #681 ) ;
#1172 = DIRECTION ( 'NONE',  ( 1.000000000000000000, 0.000000000000000000, 0.000000000000000000 ) ) ;
#1173 = CARTESIAN_POINT ( 'NONE',  ( 48.00000000000000000, 48.00000000000000000, 3.000000000000000000 ) ) ;
#1174 = ADVANCED_FACE ( 'NONE', ( #43 ), #670, .F. ) ;
#1175 = DIRECTION ( 'NONE',  ( 0.000000000000000000, 0.000000000000000000, 1.000000000000000000 ) ) ;
#1176 = ORIENTED_EDGE ( 'NONE', *, *, #27, .F. ) ;
#1177 = FACE_OUTER_BOUND ( 'NONE', #1807, .T. ) ;
#1178 = CARTESIAN_POINT ( 'NONE',  ( 33.69999999999994600, 24.00000000000000000, 3.000000000000000000 ) ) ;
#1179 = ORIENTED_EDGE ( 'NONE', *, *, #1636, .T. ) ;
#1180 = DIRECTION ( 'NONE',  ( 1.000000000000000000, 0.000000000000000000, 0.000000000000000000 ) ) ;
#1181 = ORIENTED_EDGE ( 'NONE', *, *, #494, .T. ) ;
#1182 = CARTESIAN_POINT ( 'NONE',  ( 31.99999999999997158, 16.00000000000000000, 0.000000000000000000 ) ) ;
#1183 = DIRECTION ( 'NONE',  ( -0.000000000000000000, -0.000000000000000000, -1.000000000000000000 ) ) ;
#1184 = CARTESIAN_POINT ( 'NONE',  ( 47.99999999999998579, 0.000000000000000000, 3.000000000000000000 ) ) ;
#1185 = DIRECTION ( 'NONE',  ( -0.000000000000000000, -0.000000000000000000, -1.000000000000000000 ) ) ;
#1186 = VECTOR ( 'NONE', #804, 1000.000000000000000 ) ;
#1187 = CARTESIAN_POINT ( 'NONE',  ( 40.00000000000000000, 8.000000000000000000, 0.000000000000000000 ) ) ;
#1188 = EDGE_CURVE ( 'NONE', #526, #821, #1781, .T. ) ;
#1189 = EDGE_LOOP ( 'NONE', ( #1344, #869, #244, #1236 ) ) ;
#1190 = AXIS2_PLACEMENT_3D ( 'NONE', #1342, #1185, #420 ) ;
#1191 = CIRCLE ( 'NONE', #704, 1.550000000000000933 ) ;
#1192 = AXIS2_PLACEMENT_3D ( 'NONE', #222, #987, #836 ) ;
#1193 = APPLICATION_PROTOCOL_DEFINITION ( 'draft international standard', 'automotive_design', 1998, #764 ) ;
#1194 = VERTEX_POINT ( 'NONE', #1479 ) ;
#1195 = AXIS2_PLACEMENT_3D ( 'NONE', #172, #492, #19 ) ;
#1196 = CARTESIAN_POINT ( 'NONE',  ( 22.35000000000000142, 8.000000000000000000, 0.000000000000000000 ) ) ;
#1197 = AXIS2_PLACEMENT_3D ( 'NONE', #907, #117, #1850 ) ;
#1198 = FACE_BOUND ( 'NONE', #304, .T. ) ;
#1199 = ORIENTED_EDGE ( 'NONE', *, *, #1469, .T. ) ;
#1200 = FILL_AREA_STYLE ('',( #1988 ) ) ;
#1201 = LINE ( 'NONE', #1512, #1116 ) ;
#1202 = ORIENTED_EDGE ( 'NONE', *, *, #643, .F. ) ;
#1203 = EDGE_CURVE ( 'NONE', #464, #368, #1989, .T. ) ;
#1204 = EDGE_LOOP ( 'NONE', ( #113, #630 ) ) ;
#1205 = CARTESIAN_POINT ( 'NONE',  ( 14.39999999999997016, 16.00000000000000000, 3.000000000000000000 ) ) ;
#1206 = CARTESIAN_POINT ( 'NONE',  ( 0.000000000000000000, 0.000000000000000000, 3.000000000000000000 ) ) ;
#1207 = ORIENTED_EDGE ( 'NONE', *, *, #912, .F. ) ;
#1208 = DIRECTION ( 'NONE',  ( -0.000000000000000000, -0.000000000000000000, -1.000000000000000000 ) ) ;
#1209 = DIRECTION ( 'NONE',  ( 2.891205793294678326E-16, 1.000000000000000000, -0.000000000000000000 ) ) ;
#1210 = ORIENTED_EDGE ( 'NONE', *, *, #734, .T. ) ;
#1211 = EDGE_CURVE ( 'NONE', #1382, #1851, #1783, .T. ) ;
#1212 = ORIENTED_EDGE ( 'NONE', *, *, #1686, .T. ) ;
#1213 = ADVANCED_FACE ( 'NONE', ( #539 ), #1156, .F. ) ;
#1214 = DIRECTION ( 'NONE',  ( 1.000000000000000000, 0.000000000000000000, 0.000000000000000000 ) ) ;
#1215 = EDGE_LOOP ( 'NONE', ( #91, #716, #74, #237 ) ) ;
#1216 = DIRECTION ( 'NONE',  ( -0.000000000000000000, -0.000000000000000000, -1.000000000000000000 ) ) ;
#1217 = CARTESIAN_POINT ( 'NONE',  ( 9.549999999999892353, 40.00000000000000000, 3.000000000000000000 ) ) ;
#1218 = AXIS2_PLACEMENT_3D ( 'NONE', #439, #761, #613 ) ;
#1219 = VERTEX_POINT ( 'NONE', #1660 ) ;
#1220 = EDGE_LOOP ( 'NONE', ( #386, #1202 ) ) ;
#1221 = VECTOR ( 'NONE', #1014, 1000.000000000000000 ) ;
#1222 = FACE_BOUND ( 'NONE', #1643, .T. ) ;
#1223 = VECTOR ( 'NONE', #327, 1000.000000000000000 ) ;
#1224 = EDGE_CURVE ( 'NONE', #783, #1228, #1026, .T. ) ;
#1225 = ORIENTED_EDGE ( 'NONE', *, *, #1259, .F. ) ;
#1226 = DIRECTION ( 'NONE',  ( 1.000000000000000000, 0.000000000000000000, 0.000000000000000000 ) ) ;
#1227 = CARTESIAN_POINT ( 'NONE',  ( 23.99999999999997158, 16.00000000000000000, 0.000000000000000000 ) ) ;
#1228 = VERTEX_POINT ( 'NONE', #562 ) ;
#1229 = ORIENTED_EDGE ( 'NONE', *, *, #79, .F. ) ;
#1230 = CARTESIAN_POINT ( 'NONE',  ( 30.29999999999994387, 24.00000000000000000, 3.000000000000000000 ) ) ;
#1231 = ORIENTED_EDGE ( 'NONE', *, *, #1052, .F. ) ;
#1232 = EDGE_CURVE ( 'NONE', #1258, #1079, #246, .T. ) ;
#1233 = LINE ( 'NONE', #1395, #579 ) ;
#1234 = LINE ( 'NONE', #1868, #14 ) ;
#1235 = EDGE_CURVE ( 'NONE', #1960, #792, #1690, .T. ) ;
#1236 = ORIENTED_EDGE ( 'NONE', *, *, #520, .T. ) ;
#1237 = CARTESIAN_POINT ( 'NONE',  ( 7.999999999999918288, 32.00000000000000000, 3.000000000000000000 ) ) ;
#1238 = EDGE_LOOP ( 'NONE', ( #640, #738, #863, #1895 ) ) ;
#1239 = DIRECTION ( 'NONE',  ( -0.000000000000000000, -0.000000000000000000, -1.000000000000000000 ) ) ;
#1240 = ORIENTED_EDGE ( 'NONE', *, *, #847, .F. ) ;
#1241 = CARTESIAN_POINT ( 'NONE',  ( 41.74999999999992184, 32.00000000000000000, 0.000000000000000000 ) ) ;
#1242 = CARTESIAN_POINT ( 'NONE',  ( 6.449999999999920242, 32.00000000000000000, 3.000000000000000000 ) ) ;
#1243 = EDGE_LOOP ( 'NONE', ( #174, #1872, #1231, #1540 ) ) ;
#1244 = DIRECTION ( 'NONE',  ( -0.000000000000000000, -0.000000000000000000, -1.000000000000000000 ) ) ;
#1245 = ADVANCED_FACE ( 'NONE', ( #1332 ), #66, .F. ) ;
#1246 = ORIENTED_EDGE ( 'NONE', *, *, #1541, .T. ) ;
#1247 = AXIS2_PLACEMENT_3D ( 'NONE', #1274, #1295, #56 ) ;
#1248 = CIRCLE ( 'NONE', #1060, 1.700000000000000178 ) ;
#1249 = CARTESIAN_POINT ( 'NONE',  ( 38.24999999999994316, 24.00000000000000000, 0.000000000000000000 ) ) ;
#1250 = AXIS2_PLACEMENT_3D ( 'NONE', #1925, #354, #1415 ) ;
#1251 = CIRCLE ( 'NONE', #995, 1.649999999999998579 ) ;
#1252 = CIRCLE ( 'NONE', #744, 1.549999999999997602 ) ;
#1253 = VERTEX_POINT ( 'NONE', #1343 ) ;
#1254 = CARTESIAN_POINT ( 'NONE',  ( 15.99999999999991651, 32.00000000000000000, 3.000000000000000000 ) ) ;
#1255 = CARTESIAN_POINT ( 'NONE',  ( 38.24999999999991473, 32.00000000000000000, 3.000000000000000000 ) ) ;
#1256 = CARTESIAN_POINT ( 'NONE',  ( 23.99999999999988987, 40.00000000000000000, 0.000000000000000000 ) ) ;
#1257 = FACE_BOUND ( 'NONE', #1899, .T. ) ;
#1258 = VERTEX_POINT ( 'NONE', #76 ) ;
#1259 = EDGE_CURVE ( 'NONE', #1571, #618, #1752, .T. ) ;
#1260 = CARTESIAN_POINT ( 'NONE',  ( 17.59999999999991971, 32.00000000000000000, 3.000000000000000000 ) ) ;
#1261 = DIRECTION ( 'NONE',  ( 1.000000000000000000, 0.000000000000000000, 0.000000000000000000 ) ) ;
#1262 = ORIENTED_EDGE ( 'NONE', *, *, #665, .T. ) ;
#1263 = CARTESIAN_POINT ( 'NONE',  ( 31.99999999999997158, 16.00000000000000000, 3.000000000000000000 ) ) ;
#1264 = DIRECTION ( 'NONE',  ( 1.000000000000000000, 0.000000000000000000, 0.000000000000000000 ) ) ;
#1265 = CARTESIAN_POINT ( 'NONE',  ( 30.29999999999997229, 16.00000000000000000, 3.000000000000000000 ) ) ;
#1266 = PLANE ( 'NONE',  #1914 ) ;
#1267 = VERTEX_POINT ( 'NONE', #850 ) ;
#1268 = PRODUCT_RELATED_PRODUCT_CATEGORY ( 'part', '', ( #1742 ) ) ;
#1269 = CARTESIAN_POINT ( 'NONE',  ( 6.449999999999890932, 40.00000000000000000, 0.000000000000000000 ) ) ;
#1270 = CARTESIAN_POINT ( 'NONE',  ( 32.00000000000000000, 8.000000000000000000, 3.000000000000000000 ) ) ;
#1271 = FACE_OUTER_BOUND ( 'NONE', #1670, .T. ) ;
#1272 = DIRECTION ( 'NONE',  ( -0.000000000000000000, -0.000000000000000000, -1.000000000000000000 ) ) ;
#1273 = EDGE_LOOP ( 'NONE', ( #329, #1379, #1287, #1811 ) ) ;
#1274 = CARTESIAN_POINT ( 'NONE',  ( 39.99999999999997158, 16.00000000000000000, 3.000000000000000000 ) ) ;
#1275 = ORIENTED_EDGE ( 'NONE', *, *, #702, .T. ) ;
#1276 = LINE ( 'NONE', #1905, #512 ) ;
#1277 = CIRCLE ( 'NONE', #1385, 1.600000000000000755 ) ;
#1278 = DIRECTION ( 'NONE',  ( 0.000000000000000000, 0.000000000000000000, 1.000000000000000000 ) ) ;
#1279 = PLANE ( 'NONE',  #1389 ) ;
#1280 = EDGE_CURVE ( 'NONE', #1462, #1047, #1947, .T. ) ;
#1281 = CYLINDRICAL_SURFACE ( 'NONE', #378, 1.549999999999999378 ) ;
#1282 = CIRCLE ( 'NONE', #1824, 1.600000000000004086 ) ;
#1283 = CIRCLE ( 'NONE', #1920, 1.549999999999999378 ) ;
#1284 = ORIENTED_EDGE ( 'NONE', *, *, #155, .F. ) ;
#1285 = CARTESIAN_POINT ( 'NONE',  ( 24.00000000000000000, 8.000000000000000000, 3.000000000000000000 ) ) ;
#1286 = AXIS2_PLACEMENT_3D ( 'NONE', #1699, #1996, #1214 ) ;
#1287 = ORIENTED_EDGE ( 'NONE', *, *, #1404, .F. ) ;
#1288 = DIRECTION ( 'NONE',  ( 0.000000000000000000, 0.000000000000000000, 1.000000000000000000 ) ) ;
#1289 = DIRECTION ( 'NONE',  ( -1.000000000000000000, 0.000000000000000000, 0.000000000000000000 ) ) ;
#1290 = CARTESIAN_POINT ( 'NONE',  ( 38.24999999999988631, 40.00000000000000000, 0.000000000000000000 ) ) ;
#1291 = CYLINDRICAL_SURFACE ( 'NONE', #1553, 1.600000000000002531 ) ;
#1292 = EDGE_CURVE ( 'NONE', #1194, #320, #177, .T. ) ;
#1293 = ORIENTED_EDGE ( 'NONE', *, *, #1005, .T. ) ;
#1294 = DIRECTION ( 'NONE',  ( 0.000000000000000000, 0.000000000000000000, 1.000000000000000000 ) ) ;
#1295 = DIRECTION ( 'NONE',  ( 0.000000000000000000, 0.000000000000000000, 1.000000000000000000 ) ) ;
#1296 = UNCERTAINTY_MEASURE_WITH_UNIT (LENGTH_MEASURE( 1.000000000000000082E-05 ), #465, 'distance_accuracy_value', 'NONE');
#1297 = EDGE_CURVE ( 'NONE', #1904, #98, #1201, .T. ) ;
#1298 = ORIENTED_EDGE ( 'NONE', *, *, #318, .T. ) ;
#1299 = DIRECTION ( 'NONE',  ( -0.000000000000000000, -0.000000000000000000, -1.000000000000000000 ) ) ;
#1300 = ORIENTED_EDGE ( 'NONE', *, *, #974, .T. ) ;
#1301 = DIRECTION ( 'NONE',  ( -0.000000000000000000, -0.000000000000000000, -1.000000000000000000 ) ) ;
#1302 = DIRECTION ( 'NONE',  ( -0.000000000000000000, -0.000000000000000000, -1.000000000000000000 ) ) ;
#1303 = CARTESIAN_POINT ( 'NONE',  ( 22.34999999999994458, 24.00000000000000000, 3.000000000000000000 ) ) ;
#1304 = ORIENTED_EDGE ( 'NONE', *, *, #921, .T. ) ;
#1305 = LINE ( 'NONE', #1943, #1552 ) ;
#1306 = DIRECTION ( 'NONE',  ( -1.000000000000000000, 0.000000000000000000, 0.000000000000000000 ) ) ;
#1307 = ORIENTED_EDGE ( 'NONE', *, *, #1044, .T. ) ;
#1308 = EDGE_CURVE ( 'NONE', #450, #1446, #282, .T. ) ;
#1309 = SHAPE_DEFINITION_REPRESENTATION ( #1630, #1406 ) ;
#1310 = EDGE_LOOP ( 'NONE', ( #798, #1399, #1535, #1680 ) ) ;
#1311 = CARTESIAN_POINT ( 'NONE',  ( 7.999999999999918288, 32.00000000000000000, 3.000000000000000000 ) ) ;
#1312 = CIRCLE ( 'NONE', #442, 1.649999999999998579 ) ;
#1313 = VECTOR ( 'NONE', #862, 1000.000000000000000 ) ;
#1314 = DIRECTION ( 'NONE',  ( 0.000000000000000000, 0.000000000000000000, 1.000000000000000000 ) ) ;
#1315 = CARTESIAN_POINT ( 'NONE',  ( 31.99999999999994671, 24.00000000000000000, 3.000000000000000000 ) ) ;
#1316 = VECTOR ( 'NONE', #2006, 1000.000000000000000 ) ;
#1317 = AXIS2_PLACEMENT_3D ( 'NONE', #991, #406, #1933 ) ;
#1318 = ORIENTED_EDGE ( 'NONE', *, *, #606, .T. ) ;
#1319 = DIRECTION ( 'NONE',  ( 1.000000000000000000, 0.000000000000000000, 0.000000000000000000 ) ) ;
#1320 = AXIS2_PLACEMENT_3D ( 'NONE', #1501, #1175, #1004 ) ;
#1321 = DIRECTION ( 'NONE',  ( 0.000000000000000000, 0.000000000000000000, 1.000000000000000000 ) ) ;
#1322 = AXIS2_PLACEMENT_3D ( 'NONE', #733, #1216, #1998 ) ;
#1323 = VERTEX_POINT ( 'NONE', #1979 ) ;
#1324 = VECTOR ( 'NONE', #308, 1000.000000000000000 ) ;
#1325 = DIRECTION ( 'NONE',  ( -1.000000000000000000, 0.000000000000000000, 0.000000000000000000 ) ) ;
#1326 = EDGE_CURVE ( 'NONE', #821, #775, #1486, .T. ) ;
#1327 = EDGE_LOOP ( 'NONE', ( #1510, #1318 ) ) ;
#1328 = DIRECTION ( 'NONE',  ( 0.000000000000000000, 0.000000000000000000, 1.000000000000000000 ) ) ;
#1329 = DIRECTION ( 'NONE',  ( 1.000000000000000000, 0.000000000000000000, 0.000000000000000000 ) ) ;
#1330 = CARTESIAN_POINT ( 'NONE',  ( 39.99999999999988631, 40.00000000000000000, 3.000000000000000000 ) ) ;
#1331 = CARTESIAN_POINT ( 'NONE',  ( 33.69999999999988916, 40.00000000000000000, 3.000000000000000000 ) ) ;
#1332 = FACE_OUTER_BOUND ( 'NONE', #32, .T. ) ;
#1333 = EDGE_LOOP ( 'NONE', ( #1128, #1740 ) ) ;
#1334 = DIRECTION ( 'NONE',  ( 1.000000000000000000, 0.000000000000000000, 0.000000000000000000 ) ) ;
#1335 = ORIENTED_EDGE ( 'NONE', *, *, #1340, .T. ) ;
#1336 = LINE ( 'NONE', #480, #865 ) ;
#1337 = EDGE_CURVE ( 'NONE', #1347, #1782, #1649, .T. ) ;
#1338 = DIRECTION ( 'NONE',  ( 1.000000000000000000, 0.000000000000000000, 0.000000000000000000 ) ) ;
#1339 = DIRECTION ( 'NONE',  ( 1.000000000000000000, 0.000000000000000000, 0.000000000000000000 ) ) ;
#1340 = EDGE_CURVE ( 'NONE', #1851, #1382, #1353, .T. ) ;
#1341 = ORIENTED_EDGE ( 'NONE', *, *, #656, .F. ) ;
#1342 = CARTESIAN_POINT ( 'NONE',  ( 8.000000000000000000, 8.000000000000000000, 3.000000000000000000 ) ) ;
#1343 = CARTESIAN_POINT ( 'NONE',  ( 33.69999999999991758, 32.00000000000000000, 0.000000000000000000 ) ) ;
#1344 = ORIENTED_EDGE ( 'NONE', *, *, #435, .T. ) ;
#1345 = VECTOR ( 'NONE', #1496, 1000.000000000000000 ) ;
#1346 = DIRECTION ( 'NONE',  ( 1.000000000000000000, 0.000000000000000000, 0.000000000000000000 ) ) ;
#1347 = VERTEX_POINT ( 'NONE', #90 ) ;
#1348 = DIRECTION ( 'NONE',  ( 1.000000000000000000, 0.000000000000000000, 0.000000000000000000 ) ) ;
#1349 = FACE_BOUND ( 'NONE', #6, .T. ) ;
#1350 = ORIENTED_EDGE ( 'NONE', *, *, #1975, .T. ) ;
#1351 = EDGE_CURVE ( 'NONE', #1228, #783, #251, .T. ) ;
#1352 = CYLINDRICAL_SURFACE ( 'NONE', #1916, 1.649999999999998579 ) ;
#1353 = CIRCLE ( 'NONE', #472, 1.750000000000001554 ) ;
#1354 = DIRECTION ( 'NONE',  ( 0.000000000000000000, 0.000000000000000000, 1.000000000000000000 ) ) ;
#1355 = AXIS2_PLACEMENT_3D ( 'NONE', #1384, #928, #1853 ) ;
#1356 = ORIENTED_EDGE ( 'NONE', *, *, #107, .T. ) ;
#1357 = AXIS2_PLACEMENT_3D ( 'NONE', #1671, #1628, #1025 ) ;
#1358 = CIRCLE ( 'NONE', #542, 1.649999999999998579 ) ;
#1359 = AXIS2_PLACEMENT_3D ( 'NONE', #166, #352, #789 ) ;
#1360 = LINE ( 'NONE', #554, #1345 ) ;
#1361 = ORIENTED_EDGE ( 'NONE', *, *, #1862, .F. ) ;
#1362 = LINE ( 'NONE', #151, #1717 ) ;
#1363 = CIRCLE ( 'NONE', #674, 1.700000000000000178 ) ;
#1364 = FACE_OUTER_BOUND ( 'NONE', #2032, .T. ) ;
#1365 = ORIENTED_EDGE ( 'NONE', *, *, #1380, .F. ) ;
#1366 = CYLINDRICAL_SURFACE ( 'NONE', #1322, 1.600000000000002531 ) ;
#1367 = DIRECTION ( 'NONE',  ( 1.000000000000000000, 0.000000000000000000, 0.000000000000000000 ) ) ;
#1368 = EDGE_CURVE ( 'NONE', #1258, #672, #1618, .T. ) ;
#1369 = ORIENTED_EDGE ( 'NONE', *, *, #1430, .T. ) ;
#1370 = EDGE_CURVE ( 'NONE', #537, #1513, #1522, .T. ) ;
#1371 = ORIENTED_EDGE ( 'NONE', *, *, #339, .T. ) ;
#1372 = CARTESIAN_POINT ( 'NONE',  ( 7.999999999999944933, 24.00000000000000000, 0.000000000000000000 ) ) ;
#1373 = AXIS2_PLACEMENT_3D ( 'NONE', #81, #868, #1642 ) ;
#1374 = ORIENTED_EDGE ( 'NONE', *, *, #383, .F. ) ;
#1375 = CARTESIAN_POINT ( 'NONE',  ( 31.99999999999991829, 32.00000000000000000, 0.000000000000000000 ) ) ;
#1376 = FACE_OUTER_BOUND ( 'NONE', #669, .T. ) ;
#1377 = ORIENTED_EDGE ( 'NONE', *, *, #2035, .F. ) ;
#1378 = AXIS2_PLACEMENT_3D ( 'NONE', #815, #58, #238 ) ;
#1379 = ORIENTED_EDGE ( 'NONE', *, *, #2035, .T. ) ;
#1380 = EDGE_CURVE ( 'NONE', #819, #682, #1582, .T. ) ;
#1381 = DIRECTION ( 'NONE',  ( 1.000000000000000000, 0.000000000000000000, 0.000000000000000000 ) ) ;
#1382 = VERTEX_POINT ( 'NONE', #452 ) ;
#1383 = DIRECTION ( 'NONE',  ( 1.000000000000000000, 0.000000000000000000, 0.000000000000000000 ) ) ;
#1384 = CARTESIAN_POINT ( 'NONE',  ( 31.99999999999994671, 24.00000000000000000, 0.000000000000000000 ) ) ;
#1385 = AXIS2_PLACEMENT_3D ( 'NONE', #2017, #466, #1716 ) ;
#1386 = ORIENTED_EDGE ( 'NONE', *, *, #1404, .T. ) ;
#1387 = VERTEX_POINT ( 'NONE', #1242 ) ;
#1388 = AXIS2_PLACEMENT_3D ( 'NONE', #8, #959, #1111 ) ;
#1389 = AXIS2_PLACEMENT_3D ( 'NONE', #799, #817, #496 ) ;
#1390 = EDGE_CURVE ( 'NONE', #1006, #464, #1277, .T. ) ;
#1391 = VECTOR ( 'NONE', #1463, 1000.000000000000000 ) ;
#1392 = CARTESIAN_POINT ( 'NONE',  ( 7.999999999999972466, 16.00000000000000000, 3.000000000000000000 ) ) ;
#1393 = AXIS2_PLACEMENT_3D ( 'NONE', #197, #1088, #1261 ) ;
#1394 = EDGE_LOOP ( 'NONE', ( #1229, #34 ) ) ;
#1395 = CARTESIAN_POINT ( 'NONE',  ( 9.549999999999998934, 8.000000000000000000, 3.000000000000000000 ) ) ;
#1396 = DIRECTION ( 'NONE',  ( 0.000000000000000000, 0.000000000000000000, 1.000000000000000000 ) ) ;
#1397 = ORIENTED_EDGE ( 'NONE', *, *, #1292, .T. ) ;
#1398 = FACE_OUTER_BOUND ( 'NONE', #1663, .T. ) ;
#1399 = ORIENTED_EDGE ( 'NONE', *, *, #1921, .T. ) ;
#1400 = CARTESIAN_POINT ( 'NONE',  ( 14.39999999999991509, 32.00000000000000000, 0.000000000000000000 ) ) ;
#1401 = EDGE_CURVE ( 'NONE', #1571, #280, #1709, .T. ) ;
#1402 = ORIENTED_EDGE ( 'NONE', *, *, #288, .F. ) ;
#1403 = CARTESIAN_POINT ( 'NONE',  ( 48.00000000000000000, 48.00000000000000000, 3.000000000000000000 ) ) ;
#1404 = EDGE_CURVE ( 'NONE', #635, #1566, #1520, .T. ) ;
#1405 = LINE ( 'NONE', #1056, #1584 ) ;
#1406 = ADVANCED_BREP_SHAPE_REPRESENTATION ( '\X2\70ed719487ba6bcd5b9e9a8c\X0\2', ( #264, #567 ), #694 ) ;
#1407 = ORIENTED_EDGE ( 'NONE', *, *, #746, .F. ) ;
#1408 = DIRECTION ( 'NONE',  ( 0.000000000000000000, 0.000000000000000000, 1.000000000000000000 ) ) ;
#1409 = ORIENTED_EDGE ( 'NONE', *, *, #1908, .F. ) ;
#1410 = DIRECTION ( 'NONE',  ( 1.000000000000000000, 0.000000000000000000, 0.000000000000000000 ) ) ;
#1411 = ORIENTED_EDGE ( 'NONE', *, *, #1232, .F. ) ;
#1412 = DIRECTION ( 'NONE',  ( -0.000000000000000000, -0.000000000000000000, -1.000000000000000000 ) ) ;
#1413 = DIRECTION ( 'NONE',  ( 1.000000000000000000, 0.000000000000000000, 0.000000000000000000 ) ) ;
#1414 = ADVANCED_FACE ( 'NONE', ( #1532 ), #124, .F. ) ;
#1415 = DIRECTION ( 'NONE',  ( -1.000000000000000000, 0.000000000000000000, 0.000000000000000000 ) ) ;
#1416 = FACE_OUTER_BOUND ( 'NONE', #419, .T. ) ;
#1417 = AXIS2_PLACEMENT_3D ( 'NONE', #1081, #131, #1367 ) ;
#1418 = ORIENTED_EDGE ( 'NONE', *, *, #708, .T. ) ;
#1419 = CIRCLE ( 'NONE', #1157, 1.600000000000000755 ) ;
#1420 = DIRECTION ( 'NONE',  ( -0.000000000000000000, -0.000000000000000000, -1.000000000000000000 ) ) ;
#1421 = LINE ( 'NONE', #1887, #153 ) ;
#1422 = CIRCLE ( 'NONE', #219, 1.600000000000000755 ) ;
#1423 = ORIENTED_EDGE ( 'NONE', *, *, #1224, .T. ) ;
#1424 = DIRECTION ( 'NONE',  ( 1.000000000000000000, 0.000000000000000000, 0.000000000000000000 ) ) ;
#1425 = DIRECTION ( 'NONE',  ( 0.000000000000000000, 0.000000000000000000, 1.000000000000000000 ) ) ;
#1426 = CARTESIAN_POINT ( 'NONE',  ( 38.25000000000000000, 8.000000000000000000, 3.000000000000000000 ) ) ;
#1427 = CARTESIAN_POINT ( 'NONE',  ( 39.99999999999997158, 16.00000000000000000, 3.000000000000000000 ) ) ;
#1428 = ADVANCED_FACE ( 'NONE', ( #1376 ), #596, .F. ) ;
#1429 = EDGE_LOOP ( 'NONE', ( #1199, #225 ) ) ;
#1430 = EDGE_CURVE ( 'NONE', #398, #1534, #506, .T. ) ;
#1431 = CARTESIAN_POINT ( 'NONE',  ( 25.64999999999994529, 24.00000000000000000, 3.000000000000000000 ) ) ;
#1432 = CARTESIAN_POINT ( 'NONE',  ( 47.99999999999998579, 0.000000000000000000, 3.000000000000000000 ) ) ;
#1433 = FACE_OUTER_BOUND ( 'NONE', #437, .T. ) ;
#1434 = DIRECTION ( 'NONE',  ( -0.000000000000000000, -0.000000000000000000, -1.000000000000000000 ) ) ;
#1435 = ORIENTED_EDGE ( 'NONE', *, *, #1701, .T. ) ;
#1436 = FACE_BOUND ( 'NONE', #1327, .T. ) ;
#1437 = ORIENTED_EDGE ( 'NONE', *, *, #1451, .T. ) ;
#1438 = CYLINDRICAL_SURFACE ( 'NONE', #71, 1.600000000000002531 ) ;
#1439 = EDGE_CURVE ( 'NONE', #1079, #1838, #181, .T. ) ;
#1440 = CARTESIAN_POINT ( 'NONE',  ( 32.00000000000000000, 8.000000000000000000, 0.000000000000000000 ) ) ;
#1441 = CYLINDRICAL_SURFACE ( 'NONE', #1661, 1.700000000000000178 ) ;
#1442 = CARTESIAN_POINT ( 'NONE',  ( 39.99999999999991473, 32.00000000000000000, 0.000000000000000000 ) ) ;
#1443 = AXIS2_PLACEMENT_3D ( 'NONE', #399, #1514, #726 ) ;
#1444 = DIRECTION ( 'NONE',  ( 0.000000000000000000, 0.000000000000000000, 1.000000000000000000 ) ) ;
#1445 = CARTESIAN_POINT ( 'NONE',  ( 9.549999999999943867, 24.00000000000000000, 3.000000000000000000 ) ) ;
#1446 = VERTEX_POINT ( 'NONE', #1217 ) ;
#1447 = AXIS2_PLACEMENT_3D ( 'NONE', #1961, #1796, #1325 ) ;
#1448 = CYLINDRICAL_SURFACE ( 'NONE', #1195, 1.750000000000001554 ) ;
#1449 = AXIS2_PLACEMENT_3D ( 'NONE', #1427, #12, #652 ) ;
#1450 = LINE ( 'NONE', #1474, #1906 ) ;
#1451 = EDGE_CURVE ( 'NONE', #455, #1144, #1405, .T. ) ;
#1452 = CARTESIAN_POINT ( 'NONE',  ( 7.999999999999918288, 32.00000000000000000, 0.000000000000000000 ) ) ;
#1453 = CIRCLE ( 'NONE', #1357, 1.649999999999998579 ) ;
#1454 = DIRECTION ( 'NONE',  ( 0.000000000000000000, 0.000000000000000000, 1.000000000000000000 ) ) ;
#1455 = AXIS2_PLACEMENT_3D ( 'NONE', #243, #1801, #857 ) ;
#1456 = EDGE_CURVE ( 'NONE', #792, #981, #460, .T. ) ;
#1457 = CIRCLE ( 'NONE', #582, 1.649999999999998579 ) ;
#1458 = VECTOR ( 'NONE', #1917, 1000.000000000000000 ) ;
#1459 = ORIENTED_EDGE ( 'NONE', *, *, #132, .T. ) ;
#1460 = DIRECTION ( 'NONE',  ( -1.000000000000000000, 0.000000000000000000, 0.000000000000000000 ) ) ;
#1461 = CIRCLE ( 'NONE', #1064, 1.600000000000000755 ) ;
#1462 = VERTEX_POINT ( 'NONE', #279 ) ;
#1463 = DIRECTION ( 'NONE',  ( -0.000000000000000000, -0.000000000000000000, -1.000000000000000000 ) ) ;
#1464 = ORIENTED_EDGE ( 'NONE', *, *, #1621, .F. ) ;
#1465 = CARTESIAN_POINT ( 'NONE',  ( 7.999999999999972466, 16.00000000000000000, 0.000000000000000000 ) ) ;
#1466 = DIRECTION ( 'NONE',  ( 1.000000000000000000, 0.000000000000000000, 0.000000000000000000 ) ) ;
#1467 = DIRECTION ( 'NONE',  ( 0.000000000000000000, 0.000000000000000000, 1.000000000000000000 ) ) ;
#1468 = ORIENTED_EDGE ( 'NONE', *, *, #1675, .T. ) ;
#1469 = EDGE_CURVE ( 'NONE', #1902, #684, #1620, .T. ) ;
#1470 = DIRECTION ( 'NONE',  ( 0.000000000000000000, 0.000000000000000000, 1.000000000000000000 ) ) ;
#1471 = DIRECTION ( 'NONE',  ( 0.000000000000000000, 0.000000000000000000, 1.000000000000000000 ) ) ;
#1472 = EDGE_LOOP ( 'NONE', ( #400, #725, #1365, #760 ) ) ;
#1473 = EDGE_LOOP ( 'NONE', ( #1673, #313, #842, #467 ) ) ;
#1474 = CARTESIAN_POINT ( 'NONE',  ( 38.24999999999997158, 16.00000000000000000, 3.000000000000000000 ) ) ;
#1475 = DIRECTION ( 'NONE',  ( -1.000000000000000000, 0.000000000000000000, 0.000000000000000000 ) ) ;
#1476 = DIRECTION ( 'NONE',  ( -0.000000000000000000, -0.000000000000000000, -1.000000000000000000 ) ) ;
#1477 = VERTEX_POINT ( 'NONE', #289 ) ;
#1478 = LINE ( 'NONE', #1639, #1489 ) ;
#1479 = CARTESIAN_POINT ( 'NONE',  ( 9.549999999999972289, 16.00000000000000000, 0.000000000000000000 ) ) ;
#1480 = EDGE_CURVE ( 'NONE', #405, #2027, #296, .T. ) ;
#1481 = EDGE_LOOP ( 'NONE', ( #1179, #1617, #966, #1537 ) ) ;
#1482 =( NAMED_UNIT ( * ) SI_UNIT ( $, .STERADIAN. ) SOLID_ANGLE_UNIT ( ) );
#1483 = ORIENTED_EDGE ( 'NONE', *, *, #132, .F. ) ;
#1484 = CYLINDRICAL_SURFACE ( 'NONE', #986, 1.750000000000001554 ) ;
#1485 = CIRCLE ( 'NONE', #765, 1.750000000000001554 ) ;
#1486 = CIRCLE ( 'NONE', #1086, 1.549999999999997602 ) ;
#1487 = CYLINDRICAL_SURFACE ( 'NONE', #999, 1.600000000000002531 ) ;
#1488 = FACE_OUTER_BOUND ( 'NONE', #307, .T. ) ;
#1489 = VECTOR ( 'NONE', #874, 1000.000000000000000 ) ;
#1490 = EDGE_LOOP ( 'NONE', ( #309, #1397 ) ) ;
#1491 = CARTESIAN_POINT ( 'NONE',  ( 22.34999999999989129, 40.00000000000000000, 0.000000000000000000 ) ) ;
#1492 = CIRCLE ( 'NONE', #1320, 1.549999999999999378 ) ;
#1493 = DIRECTION ( 'NONE',  ( -0.000000000000000000, -0.000000000000000000, -1.000000000000000000 ) ) ;
#1494 = ORIENTED_EDGE ( 'NONE', *, *, #2026, .T. ) ;
#1495 = VECTOR ( 'NONE', #351, 1000.000000000000000 ) ;
#1496 = DIRECTION ( 'NONE',  ( -0.000000000000000000, -0.000000000000000000, -1.000000000000000000 ) ) ;
#1497 = ORIENTED_EDGE ( 'NONE', *, *, #1351, .F. ) ;
#1498 = EDGE_CURVE ( 'NONE', #1047, #1534, #603, .T. ) ;
#1499 = CARTESIAN_POINT ( 'NONE',  ( 31.99999999999991829, 32.00000000000000000, 3.000000000000000000 ) ) ;
#1500 = CARTESIAN_POINT ( 'NONE',  ( 16.00000000000000000, 8.000000000000000000, 3.000000000000000000 ) ) ;
#1501 = CARTESIAN_POINT ( 'NONE',  ( 7.999999999999972466, 16.00000000000000000, 3.000000000000000000 ) ) ;
#1502 = CARTESIAN_POINT ( 'NONE',  ( 31.99999999999988987, 40.00000000000000000, 3.000000000000000000 ) ) ;
#1503 = DIRECTION ( 'NONE',  ( 0.000000000000000000, 0.000000000000000000, 1.000000000000000000 ) ) ;
#1504 = ORIENTED_EDGE ( 'NONE', *, *, #1621, .T. ) ;
#1505 = CARTESIAN_POINT ( 'NONE',  ( 9.549999999999892353, 40.00000000000000000, 0.000000000000000000 ) ) ;
#1506 = EDGE_LOOP ( 'NONE', ( #1982, #59, #1867, #141 ) ) ;
#1507 = CARTESIAN_POINT ( 'NONE',  ( 6.449999999999973532, 16.00000000000000000, 3.000000000000000000 ) ) ;
#1508 = EDGE_CURVE ( 'NONE', #450, #1889, #917, .T. ) ;
#1509 = FACE_BOUND ( 'NONE', #1394, .T. ) ;
#1510 = ORIENTED_EDGE ( 'NONE', *, *, #469, .T. ) ;
#1511 = CARTESIAN_POINT ( 'NONE',  ( 7.999999999999944933, 24.00000000000000000, 3.000000000000000000 ) ) ;
#1512 = CARTESIAN_POINT ( 'NONE',  ( 17.59999999999991971, 32.00000000000000000, 3.000000000000000000 ) ) ;
#1513 = VERTEX_POINT ( 'NONE', #893 ) ;
#1514 = DIRECTION ( 'NONE',  ( 0.000000000000000000, 0.000000000000000000, 1.000000000000000000 ) ) ;
#1515 = ORIENTED_EDGE ( 'NONE', *, *, #93, .F. ) ;
#1516 = CARTESIAN_POINT ( 'NONE',  ( 6.450000000000001066, 8.000000000000000000, 3.000000000000000000 ) ) ;
#1517 = CARTESIAN_POINT ( 'NONE',  ( 30.29999999999989058, 40.00000000000000000, 3.000000000000000000 ) ) ;
#1518 = EDGE_CURVE ( 'NONE', #1722, #1219, #1358, .T. ) ;
#1519 = ORIENTED_EDGE ( 'NONE', *, *, #1390, .F. ) ;
#1520 = CIRCLE ( 'NONE', #955, 1.649999999999998579 ) ;
#1521 = EDGE_CURVE ( 'NONE', #323, #55, #740, .T. ) ;
#1522 = LINE ( 'NONE', #1999, #444 ) ;
#1523 = AXIS2_PLACEMENT_3D ( 'NONE', #1910, #176, #800 ) ;
#1524 = ORIENTED_EDGE ( 'NONE', *, *, #504, .T. ) ;
#1525 = AXIS2_PLACEMENT_3D ( 'NONE', #89, #1804, #1780 ) ;
#1526 = CIRCLE ( 'NONE', #186, 1.649999999999998579 ) ;
#1527 = CIRCLE ( 'NONE', #1123, 1.550000000000000933 ) ;
#1528 = ORIENTED_EDGE ( 'NONE', *, *, #1964, .F. ) ;
#1529 = DIRECTION ( 'NONE',  ( 0.000000000000000000, 0.000000000000000000, 1.000000000000000000 ) ) ;
#1530 = ORIENTED_EDGE ( 'NONE', *, *, #276, .F. ) ;
#1531 = FACE_OUTER_BOUND ( 'NONE', #317, .T. ) ;
#1532 = FACE_OUTER_BOUND ( 'NONE', #1481, .T. ) ;
#1533 = EDGE_CURVE ( 'NONE', #1006, #1803, #1234, .T. ) ;
#1534 = VERTEX_POINT ( 'NONE', #41 ) ;
#1535 = ORIENTED_EDGE ( 'NONE', *, *, #504, .F. ) ;
#1536 = FACE_BOUND ( 'NONE', #1719, .T. ) ;
#1537 = ORIENTED_EDGE ( 'NONE', *, *, #224, .T. ) ;
#1538 = DIRECTION ( 'NONE',  ( 0.000000000000000000, 0.000000000000000000, 1.000000000000000000 ) ) ;
#1539 = DIRECTION ( 'NONE',  ( -1.000000000000000000, 0.000000000000000000, 0.000000000000000000 ) ) ;
#1540 = ORIENTED_EDGE ( 'NONE', *, *, #1498, .F. ) ;
#1541 = EDGE_CURVE ( 'NONE', #1072, #373, #1248, .T. ) ;
#1542 = ORIENTED_EDGE ( 'NONE', *, *, #805, .T. ) ;
#1543 = DIRECTION ( 'NONE',  ( 0.000000000000000000, 0.000000000000000000, 1.000000000000000000 ) ) ;
#1544 = ORIENTED_EDGE ( 'NONE', *, *, #1784, .F. ) ;
#1545 = SURFACE_SIDE_STYLE ('',( #1080 ) ) ;
#1546 = DIRECTION ( 'NONE',  ( -0.000000000000000000, -0.000000000000000000, -1.000000000000000000 ) ) ;
#1547 = AXIS2_PLACEMENT_3D ( 'NONE', #700, #1354, #552 ) ;
#1548 = VERTEX_POINT ( 'NONE', #199 ) ;
#1549 = CARTESIAN_POINT ( 'NONE',  ( 39.99999999999997158, 16.00000000000000000, 3.000000000000000000 ) ) ;
#1550 = EDGE_CURVE ( 'NONE', #1574, #272, #1882, .T. ) ;
#1551 = VERTEX_POINT ( 'NONE', #818 ) ;
#1552 = VECTOR ( 'NONE', #538, 1000.000000000000000 ) ;
#1553 = AXIS2_PLACEMENT_3D ( 'NONE', #938, #659, #487 ) ;
#1554 = AXIS2_PLACEMENT_3D ( 'NONE', #501, #1420, #326 ) ;
#1555 = EDGE_CURVE ( 'NONE', #192, #932, #478, .T. ) ;
#1556 = DIRECTION ( 'NONE',  ( 1.000000000000000000, 0.000000000000000000, 0.000000000000000000 ) ) ;
#1557 = AXIS2_PLACEMENT_3D ( 'NONE', #1372, #1070, #2003 ) ;
#1558 = EDGE_LOOP ( 'NONE', ( #2021, #1865 ) ) ;
#1559 = LINE ( 'NONE', #612, #84 ) ;
#1560 = DIRECTION ( 'NONE',  ( 0.000000000000000000, 0.000000000000000000, 1.000000000000000000 ) ) ;
#1561 = ORIENTED_EDGE ( 'NONE', *, *, #656, .T. ) ;
#1562 = CARTESIAN_POINT ( 'NONE',  ( 23.99999999999994671, 24.00000000000000000, 3.000000000000000000 ) ) ;
#1563 = ORIENTED_EDGE ( 'NONE', *, *, #77, .T. ) ;
#1564 = FACE_OUTER_BOUND ( 'NONE', #894, .T. ) ;
#1565 = EDGE_CURVE ( 'NONE', #906, #1977, #992, .T. ) ;
#1566 = VERTEX_POINT ( 'NONE', #322 ) ;
#1567 = DIRECTION ( 'NONE',  ( -1.000000000000000000, 0.000000000000000000, 0.000000000000000000 ) ) ;
#1568 = CARTESIAN_POINT ( 'NONE',  ( 41.75000000000000000, 8.000000000000000000, 3.000000000000000000 ) ) ;
#1569 = ORIENTED_EDGE ( 'NONE', *, *, #1840, .T. ) ;
#1570 = CARTESIAN_POINT ( 'NONE',  ( 30.30000000000000071, 8.000000000000000000, 3.000000000000000000 ) ) ;
#1571 = VERTEX_POINT ( 'NONE', #1255 ) ;
#1572 = DIRECTION ( 'NONE',  ( -1.000000000000000000, 0.000000000000000000, 0.000000000000000000 ) ) ;
#1573 = DIRECTION ( 'NONE',  ( 0.000000000000000000, 0.000000000000000000, 1.000000000000000000 ) ) ;
#1574 = VERTEX_POINT ( 'NONE', #1568 ) ;
#1575 = ADVANCED_FACE ( 'NONE', ( #341 ), #1291, .F. ) ;
#1576 = CARTESIAN_POINT ( 'NONE',  ( 33.69999999999997442, 16.00000000000000000, 3.000000000000000000 ) ) ;
#1577 = DIRECTION ( 'NONE',  ( 1.000000000000000000, 0.000000000000000000, 0.000000000000000000 ) ) ;
#1578 = ADVANCED_FACE ( 'NONE', ( #168 ), #1761, .F. ) ;
#1579 = CARTESIAN_POINT ( 'NONE',  ( 41.74999999999992184, 32.00000000000000000, 3.000000000000000000 ) ) ;
#1580 = VECTOR ( 'NONE', #1244, 1000.000000000000000 ) ;
#1581 = FACE_BOUND ( 'NONE', #1154, .T. ) ;
#1582 = CIRCLE ( 'NONE', #1417, 1.549999999999999378 ) ;
#1583 = VERTEX_POINT ( 'NONE', #790 ) ;
#1584 = VECTOR ( 'NONE', #1209, 1000.000000000000000 ) ;
#1585 = CLOSED_SHELL ( 'NONE', ( #204, #483, #891, #962, #1096, #1604, #105, #779, #328, #1578, #902, #1135, #1678, #356, #1174, #1734, #690, #570, #1665, #432, #393, #944, #447, #1075, #178, #629, #1098, #408, #306, #1414, #1802, #1595, #750, #587, #1213, #1831, #1575, #1946, #266, #837, #2008, #1885, #1245, #234, #791, #121, #369, #423, #1428, #881, #157, #1894, #1118, #1, #517, #1799 ) ) ;
#1586 = CARTESIAN_POINT ( 'NONE',  ( 17.59999999999989129, 40.00000000000000000, 3.000000000000000000 ) ) ;
#1587 = AXIS2_PLACEMENT_3D ( 'NONE', #1442, #667, #516 ) ;
#1588 = LINE ( 'NONE', #1117, #1495 ) ;
#1589 = AXIS2_PLACEMENT_3D ( 'NONE', #781, #1091, #1424 ) ;
#1590 = AXIS2_PLACEMENT_3D ( 'NONE', #923, #1239, #657 ) ;
#1591 = CARTESIAN_POINT ( 'NONE',  ( 31.99999999999997158, 16.00000000000000000, 3.000000000000000000 ) ) ;
#1592 = DIRECTION ( 'NONE',  ( 0.000000000000000000, 0.000000000000000000, 1.000000000000000000 ) ) ;
#1593 = ORIENTED_EDGE ( 'NONE', *, *, #645, .T. ) ;
#1594 = DIRECTION ( 'NONE',  ( 0.000000000000000000, 0.000000000000000000, 1.000000000000000000 ) ) ;
#1595 = ADVANCED_FACE ( 'NONE', ( #1102 ), #1281, .F. ) ;
#1596 = ORIENTED_EDGE ( 'NONE', *, *, #1784, .T. ) ;
#1597 = CARTESIAN_POINT ( 'NONE',  ( 15.99999999999997335, 16.00000000000000000, 3.000000000000000000 ) ) ;
#1598 = CARTESIAN_POINT ( 'NONE',  ( 15.99999999999991651, 32.00000000000000000, 3.000000000000000000 ) ) ;
#1599 = CARTESIAN_POINT ( 'NONE',  ( 7.999999999999918288, 32.00000000000000000, 3.000000000000000000 ) ) ;
#1600 = DIRECTION ( 'NONE',  ( -1.000000000000000000, 0.000000000000000000, 0.000000000000000000 ) ) ;
#1601 = ORIENTED_EDGE ( 'NONE', *, *, #1881, .T. ) ;
#1602 = FACE_BOUND ( 'NONE', #479, .T. ) ;
#1603 = EDGE_LOOP ( 'NONE', ( #1927, #1262 ) ) ;
#1604 = ADVANCED_FACE ( 'NONE', ( #1748 ), #650, .F. ) ;
#1605 = CYLINDRICAL_SURFACE ( 'NONE', #1554, 1.649999999999998579 ) ;
#1606 = EDGE_CURVE ( 'NONE', #1446, #450, #1191, .T. ) ;
#1607 = DIRECTION ( 'NONE',  ( 1.000000000000000000, 0.000000000000000000, 0.000000000000000000 ) ) ;
#1608 = DIRECTION ( 'NONE',  ( -1.000000000000000000, -1.445602896647339163E-16, 0.000000000000000000 ) ) ;
#1609 = DIRECTION ( 'NONE',  ( -1.000000000000000000, 0.000000000000000000, 0.000000000000000000 ) ) ;
#1610 = VECTOR ( 'NONE', #1301, 1000.000000000000000 ) ;
#1611 = EDGE_LOOP ( 'NONE', ( #952, #984, #1483, #325 ) ) ;
#1612 = CARTESIAN_POINT ( 'NONE',  ( 33.69999999999997442, 16.00000000000000000, 3.000000000000000000 ) ) ;
#1613 = FACE_OUTER_BOUND ( 'NONE', #1815, .T. ) ;
#1614 = ORIENTED_EDGE ( 'NONE', *, *, #494, .F. ) ;
#1615 = EDGE_CURVE ( 'NONE', #981, #1728, #509, .T. ) ;
#1616 = DIRECTION ( 'NONE',  ( -0.000000000000000000, -0.000000000000000000, -1.000000000000000000 ) ) ;
#1617 = ORIENTED_EDGE ( 'NONE', *, *, #1849, .F. ) ;
#1618 = CIRCLE ( 'NONE', #668, 1.700000000000000178 ) ;
#1619 = DIRECTION ( 'NONE',  ( -0.000000000000000000, -0.000000000000000000, -1.000000000000000000 ) ) ;
#1620 = CIRCLE ( 'NONE', #737, 1.600000000000000755 ) ;
#1621 = EDGE_CURVE ( 'NONE', #1722, #577, #31, .T. ) ;
#1622 = DIRECTION ( 'NONE',  ( -0.000000000000000000, -0.000000000000000000, -1.000000000000000000 ) ) ;
#1623 = AXIS2_PLACEMENT_3D ( 'NONE', #1978, #1470, #1319 ) ;
#1624 = DIRECTION ( 'NONE',  ( 0.000000000000000000, 0.000000000000000000, 1.000000000000000000 ) ) ;
#1625 = AXIS2_PLACEMENT_3D ( 'NONE', #360, #1412, #1760 ) ;
#1626 = AXIS2_PLACEMENT_3D ( 'NONE', #1184, #525, #1140 ) ;
#1627 = EDGE_LOOP ( 'NONE', ( #171, #2000 ) ) ;
#1628 = DIRECTION ( 'NONE',  ( 0.000000000000000000, 0.000000000000000000, 1.000000000000000000 ) ) ;
#1629 = CARTESIAN_POINT ( 'NONE',  ( 0.000000000000000000, 0.000000000000000000, 0.000000000000000000 ) ) ;
#1630 = PRODUCT_DEFINITION_SHAPE ( 'NONE', 'NONE',  #653 ) ;
#1631 = AXIS2_PLACEMENT_3D ( 'NONE', #634, #156, #471 ) ;
#1632 = EDGE_LOOP ( 'NONE', ( #1698, #1369 ) ) ;
#1633 = ORIENTED_EDGE ( 'NONE', *, *, #1606, .T. ) ;
#1634 = CARTESIAN_POINT ( 'NONE',  ( 16.00000000000000000, 8.000000000000000000, 0.000000000000000000 ) ) ;
#1635 = DIRECTION ( 'NONE',  ( 0.000000000000000000, 0.000000000000000000, 1.000000000000000000 ) ) ;
#1636 = EDGE_CURVE ( 'NONE', #1477, #1347, #1931, .T. ) ;
#1637 = CARTESIAN_POINT ( 'NONE',  ( 17.60000000000000142, 8.000000000000000000, 3.000000000000000000 ) ) ;
#1638 = ORIENTED_EDGE ( 'NONE', *, *, #288, .T. ) ;
#1639 = CARTESIAN_POINT ( 'NONE',  ( 6.449999999999920242, 32.00000000000000000, 3.000000000000000000 ) ) ;
#1640 = DIRECTION ( 'NONE',  ( -0.000000000000000000, -0.000000000000000000, -1.000000000000000000 ) ) ;
#1641 = ORIENTED_EDGE ( 'NONE', *, *, #1188, .F. ) ;
#1642 = DIRECTION ( 'NONE',  ( 1.000000000000000000, 0.000000000000000000, 0.000000000000000000 ) ) ;
#1643 = EDGE_LOOP ( 'NONE', ( #78, #555 ) ) ;
#1644 = FACE_OUTER_BOUND ( 'NONE', #1743, .T. ) ;
#1645 = DIRECTION ( 'NONE',  ( 1.000000000000000000, 0.000000000000000000, 0.000000000000000000 ) ) ;
#1646 = LINE ( 'NONE', #1637, #1221 ) ;
#1647 = ORIENTED_EDGE ( 'NONE', *, *, #1370, .T. ) ;
#1648 = CARTESIAN_POINT ( 'NONE',  ( 25.64999999999991687, 32.00000000000000000, 0.000000000000000000 ) ) ;
#1649 = LINE ( 'NONE', #689, #1313 ) ;
#1650 = EDGE_CURVE ( 'NONE', #343, #280, #285, .T. ) ;
#1651 = ORIENTED_EDGE ( 'NONE', *, *, #545, .T. ) ;
#1652 = ORIENTED_EDGE ( 'NONE', *, *, #1724, .F. ) ;
#1653 = DIRECTION ( 'NONE',  ( -0.000000000000000000, -0.000000000000000000, -1.000000000000000000 ) ) ;
#1654 = AXIS2_PLACEMENT_3D ( 'NONE', #1311, #1162, #1798 ) ;
#1655 = AXIS2_PLACEMENT_3D ( 'NONE', #875, #421, #1040 ) ;
#1656 = CARTESIAN_POINT ( 'NONE',  ( 25.64999999999988844, 40.00000000000000000, 3.000000000000000000 ) ) ;
#1657 = DIRECTION ( 'NONE',  ( 0.000000000000000000, 0.000000000000000000, 1.000000000000000000 ) ) ;
#1658 = AXIS2_PLACEMENT_3D ( 'NONE', #245, #99, #723 ) ;
#1659 = CARTESIAN_POINT ( 'NONE',  ( 39.99999999999997158, 16.00000000000000000, 3.000000000000000000 ) ) ;
#1660 = CARTESIAN_POINT ( 'NONE',  ( 25.64999999999994529, 24.00000000000000000, 3.000000000000000000 ) ) ;
#1661 = AXIS2_PLACEMENT_3D ( 'NONE', #1591, #40, #1746 ) ;
#1662 = AXIS2_PLACEMENT_3D ( 'NONE', #655, #1937, #975 ) ;
#1663 = EDGE_LOOP ( 'NONE', ( #1212, #240, #1207, #1795 ) ) ;
#1664 = CIRCLE ( 'NONE', #1127, 1.649999999999998579 ) ;
#1665 = ADVANCED_FACE ( 'NONE', ( #1132 ), #1769, .F. ) ;
#1666 = PRODUCT_CONTEXT ( 'NONE', #247, 'mechanical' ) ;
#1667 = ORIENTED_EDGE ( 'NONE', *, *, #719, .T. ) ;
#1668 = DIRECTION ( 'NONE',  ( -0.000000000000000000, -0.000000000000000000, -1.000000000000000000 ) ) ;
#1669 = DIRECTION ( 'NONE',  ( -0.000000000000000000, -0.000000000000000000, -1.000000000000000000 ) ) ;
#1670 = EDGE_LOOP ( 'NONE', ( #624, #1435, #1682, #1544 ) ) ;
#1671 = CARTESIAN_POINT ( 'NONE',  ( 23.99999999999997158, 16.00000000000000000, 3.000000000000000000 ) ) ;
#1672 = DIRECTION ( 'NONE',  ( 0.000000000000000000, 0.000000000000000000, 1.000000000000000000 ) ) ;
#1673 = ORIENTED_EDGE ( 'NONE', *, *, #2001, .T. ) ;
#1674 = CARTESIAN_POINT ( 'NONE',  ( 30.29999999999991900, 32.00000000000000000, 0.000000000000000000 ) ) ;
#1675 = EDGE_CURVE ( 'NONE', #272, #1574, #960, .T. ) ;
#1676 = ORIENTED_EDGE ( 'NONE', *, *, #263, .T. ) ;
#1677 = CYLINDRICAL_SURFACE ( 'NONE', #1786, 1.750000000000001554 ) ;
#1678 = ADVANCED_FACE ( 'NONE', ( #1092 ), #678, .F. ) ;
#1679 = FACE_BOUND ( 'NONE', #1333, .T. ) ;
#1680 = ORIENTED_EDGE ( 'NONE', *, *, #805, .F. ) ;
#1681 = CARTESIAN_POINT ( 'NONE',  ( 14.39999999999997016, 16.00000000000000000, 3.000000000000000000 ) ) ;
#1682 = ORIENTED_EDGE ( 'NONE', *, *, #1469, .F. ) ;
#1683 = AXIS2_PLACEMENT_3D ( 'NONE', #706, #1948, #1170 ) ;
#1684 = ORIENTED_EDGE ( 'NONE', *, *, #1935, .F. ) ;
#1685 = CARTESIAN_POINT ( 'NONE',  ( 17.59999999999994458, 24.00000000000000000, 3.000000000000000000 ) ) ;
#1686 = EDGE_CURVE ( 'NONE', #137, #591, #1492, .T. ) ;
#1687 = VECTOR ( 'NONE', #566, 1000.000000000000000 ) ;
#1688 = DIRECTION ( 'NONE',  ( -0.000000000000000000, -0.000000000000000000, -1.000000000000000000 ) ) ;
#1689 = EDGE_CURVE ( 'NONE', #672, #1258, #448, .T. ) ;
#1690 = CIRCLE ( 'NONE', #1819, 1.600000000000000755 ) ;
#1691 = ORIENTED_EDGE ( 'NONE', *, *, #1163, .F. ) ;
#1692 = DIRECTION ( 'NONE',  ( 0.000000000000000000, 0.000000000000000000, 1.000000000000000000 ) ) ;
#1693 = DIRECTION ( 'NONE',  ( 1.000000000000000000, 0.000000000000000000, 0.000000000000000000 ) ) ;
#1694 = CIRCLE ( 'NONE', #864, 1.549999999999999378 ) ;
#1695 = AXIS2_PLACEMENT_3D ( 'NONE', #826, #1454, #53 ) ;
#1696 = ORIENTED_EDGE ( 'NONE', *, *, #1964, .T. ) ;
#1697 = CIRCLE ( 'NONE', #1956, 1.600000000000004086 ) ;
#1698 = ORIENTED_EDGE ( 'NONE', *, *, #1052, .T. ) ;
#1699 = CARTESIAN_POINT ( 'NONE',  ( 39.99999999999997158, 16.00000000000000000, 0.000000000000000000 ) ) ;
#1700 = EDGE_LOOP ( 'NONE', ( #886, #1792, #165, #457 ) ) ;
#1701 = EDGE_CURVE ( 'NONE', #412, #684, #1646, .T. ) ;
#1702 = CARTESIAN_POINT ( 'NONE',  ( 30.30000000000000071, 8.000000000000000000, 0.000000000000000000 ) ) ;
#1703 = DIRECTION ( 'NONE',  ( -0.000000000000000000, -0.000000000000000000, -1.000000000000000000 ) ) ;
#1704 = ORIENTED_EDGE ( 'NONE', *, *, #366, .T. ) ;
#1705 = EDGE_LOOP ( 'NONE', ( #510, #1181, #1753, #1497 ) ) ;
#1706 = DIRECTION ( 'NONE',  ( 1.000000000000000000, 0.000000000000000000, 0.000000000000000000 ) ) ;
#1707 = EDGE_LOOP ( 'NONE', ( #736, #777 ) ) ;
#1708 = DIRECTION ( 'NONE',  ( 0.000000000000000000, 0.000000000000000000, 1.000000000000000000 ) ) ;
#1709 = LINE ( 'NONE', #303, #699 ) ;
#1710 = ORIENTED_EDGE ( 'NONE', *, *, #1991, .T. ) ;
#1711 = EDGE_CURVE ( 'NONE', #498, #1158, #867, .T. ) ;
#1712 = EDGE_LOOP ( 'NONE', ( #604, #1561, #1731, #533 ) ) ;
#1713 = LINE ( 'NONE', #1873, #1324 ) ;
#1714 = ORIENTED_EDGE ( 'NONE', *, *, #1380, .T. ) ;
#1715 =( NAMED_UNIT ( * ) SI_UNIT ( $, .STERADIAN. ) SOLID_ANGLE_UNIT ( ) );
#1716 = DIRECTION ( 'NONE',  ( 1.000000000000000000, 0.000000000000000000, 0.000000000000000000 ) ) ;
#1717 = VECTOR ( 'NONE', #940, 1000.000000000000000 ) ;
#1718 = AXIS2_PLACEMENT_3D ( 'NONE', #964, #1594, #193 ) ;
#1719 = EDGE_LOOP ( 'NONE', ( #1082, #920 ) ) ;
#1720 = FACE_OUTER_BOUND ( 'NONE', #918, .T. ) ;
#1721 = AXIS2_PLACEMENT_3D ( 'NONE', #1465, #1328, #1607 ) ;
#1722 = VERTEX_POINT ( 'NONE', #1303 ) ;
#1723 = PRESENTATION_LAYER_ASSIGNMENT (  '', '', ( #1821 ) ) ;
#1724 = EDGE_CURVE ( 'NONE', #163, #1904, #1122, .T. ) ;
#1725 = CIRCLE ( 'NONE', #1990, 1.700000000000000178 ) ;
#1726 = CYLINDRICAL_SURFACE ( 'NONE', #2023, 1.600000000000002531 ) ;
#1727 = AXIS2_PLACEMENT_3D ( 'NONE', #647, #1898, #493 ) ;
#1728 = VERTEX_POINT ( 'NONE', #73 ) ;
#1729 = CYLINDRICAL_SURFACE ( 'NONE', #1857, 1.700000000000000178 ) ;
#1730 = DIRECTION ( 'NONE',  ( 0.000000000000000000, 0.000000000000000000, 1.000000000000000000 ) ) ;
#1731 = ORIENTED_EDGE ( 'NONE', *, *, #1084, .T. ) ;
#1732 = CARTESIAN_POINT ( 'NONE',  ( 30.29999999999997229, 16.00000000000000000, 3.000000000000000000 ) ) ;
#1733 = ORIENTED_EDGE ( 'NONE', *, *, #1280, .T. ) ;
#1734 = ADVANCED_FACE ( 'NONE', ( #536 ), #403, .F. ) ;
#1735 = DIRECTION ( 'NONE',  ( -0.000000000000000000, -0.000000000000000000, -1.000000000000000000 ) ) ;
#1736 = EDGE_CURVE ( 'NONE', #1728, #981, #1918, .T. ) ;
#1737 = ORIENTED_EDGE ( 'NONE', *, *, #27, .T. ) ;
#1738 = CARTESIAN_POINT ( 'NONE',  ( 32.00000000000000000, 8.000000000000000000, 3.000000000000000000 ) ) ;
#1739 = CARTESIAN_POINT ( 'NONE',  ( 8.000000000000000000, 8.000000000000000000, 3.000000000000000000 ) ) ;
#1740 = ORIENTED_EDGE ( 'NONE', *, *, #1368, .F. ) ;
#1741 = FACE_BOUND ( 'NONE', #1009, .T. ) ;
#1742 = PRODUCT ( '\X2\70ed719487ba6bcd5b9e9a8c\X0\2', '\X2\70ed719487ba6bcd5b9e9a8c\X0\2', '', ( #1666 ) ) ;
#1743 = EDGE_LOOP ( 'NONE', ( #707, #926, #1542, #1530 ) ) ;
#1744 = FACE_OUTER_BOUND ( 'NONE', #722, .T. ) ;
#1745 = DIRECTION ( 'NONE',  ( -1.000000000000000000, 0.000000000000000000, 0.000000000000000000 ) ) ;
#1746 = DIRECTION ( 'NONE',  ( -1.000000000000000000, 0.000000000000000000, 0.000000000000000000 ) ) ;
#1747 = EDGE_CURVE ( 'NONE', #98, #762, #1282, .T. ) ;
#1748 = FACE_OUTER_BOUND ( 'NONE', #1473, .T. ) ;
#1749 = ORIENTED_EDGE ( 'NONE', *, *, #366, .F. ) ;
#1750 = CIRCLE ( 'NONE', #249, 1.549999999999997602 ) ;
#1751 = DIRECTION ( 'NONE',  ( 0.000000000000000000, 0.000000000000000000, 1.000000000000000000 ) ) ;
#1752 = CIRCLE ( 'NONE', #1547, 1.750000000000001554 ) ;
#1753 = ORIENTED_EDGE ( 'NONE', *, *, #983, .T. ) ;
#1754 = AXIS2_PLACEMENT_3D ( 'NONE', #1256, #1444, #363 ) ;
#1755 = FACE_OUTER_BOUND ( 'NONE', #265, .T. ) ;
#1756 = CIRCLE ( 'NONE', #953, 1.700000000000000178 ) ;
#1757 = DIRECTION ( 'NONE',  ( -0.000000000000000000, -0.000000000000000000, -1.000000000000000000 ) ) ;
#1758 = AXIS2_PLACEMENT_3D ( 'NONE', #1500, #524, #1475 ) ;
#1759 = AXIS2_PLACEMENT_3D ( 'NONE', #1392, #1529, #1381 ) ;
#1760 = DIRECTION ( 'NONE',  ( -1.000000000000000000, 0.000000000000000000, 0.000000000000000000 ) ) ;
#1761 = CYLINDRICAL_SURFACE ( 'NONE', #118, 1.700000000000000178 ) ;
#1762 = EDGE_CURVE ( 'NONE', #854, #1551, #925, .T. ) ;
#1763 = ORIENTED_EDGE ( 'NONE', *, *, #10, .F. ) ;
#1764 = CARTESIAN_POINT ( 'NONE',  ( 33.69999999999988916, 40.00000000000000000, 0.000000000000000000 ) ) ;
#1765 = EDGE_LOOP ( 'NONE', ( #1147, #294 ) ) ;
#1766 = LINE ( 'NONE', #982, #1391 ) ;
#1767 = FACE_OUTER_BOUND ( 'NONE', #697, .T. ) ;
#1768 = FACE_OUTER_BOUND ( 'NONE', #1189, .T. ) ;
#1769 = CYLINDRICAL_SURFACE ( 'NONE', #415, 1.600000000000002531 ) ;
#1770 = ORIENTED_EDGE ( 'NONE', *, *, #531, .T. ) ;
#1771 = FACE_BOUND ( 'NONE', #1490, .T. ) ;
#1772 = ORIENTED_EDGE ( 'NONE', *, *, #1736, .F. ) ;
#1773 = EDGE_CURVE ( 'NONE', #1583, #1024, #580, .T. ) ;
#1774 = CARTESIAN_POINT ( 'NONE',  ( 33.69999999999997442, 16.00000000000000000, 0.000000000000000000 ) ) ;
#1775 = ORIENTED_EDGE ( 'NONE', *, *, #1862, .T. ) ;
#1776 = CARTESIAN_POINT ( 'NONE',  ( 14.39999999999999858, 8.000000000000000000, 3.000000000000000000 ) ) ;
#1777 = CARTESIAN_POINT ( 'NONE',  ( 16.00000000000000000, 8.000000000000000000, 3.000000000000000000 ) ) ;
#1778 = CYLINDRICAL_SURFACE ( 'NONE', #998, 1.750000000000001554 ) ;
#1779 = ORIENTED_EDGE ( 'NONE', *, *, #1521, .T. ) ;
#1780 = DIRECTION ( 'NONE',  ( -1.000000000000000000, 0.000000000000000000, 0.000000000000000000 ) ) ;
#1781 = LINE ( 'NONE', #793, #80 ) ;
#1782 = VERTEX_POINT ( 'NONE', #1976 ) ;
#1783 = CIRCLE ( 'NONE', #376, 1.750000000000001554 ) ;
#1784 = EDGE_CURVE ( 'NONE', #901, #1902, #232, .T. ) ;
#1785 = ORIENTED_EDGE ( 'NONE', *, *, #1326, .F. ) ;
#1786 = AXIS2_PLACEMENT_3D ( 'NONE', #324, #170, #2031 ) ;
#1787 = DIRECTION ( 'NONE',  ( 1.000000000000000000, 0.000000000000000000, 0.000000000000000000 ) ) ;
#1788 = CYLINDRICAL_SURFACE ( 'NONE', #832, 1.750000000000001554 ) ;
#1789 = AXIS2_PLACEMENT_3D ( 'NONE', #1502, #75, #396 ) ;
#1790 = DIRECTION ( 'NONE',  ( 1.000000000000000000, 0.000000000000000000, 0.000000000000000000 ) ) ;
#1791 = VECTOR ( 'NONE', #1302, 1000.000000000000000 ) ;
#1792 = ORIENTED_EDGE ( 'NONE', *, *, #1390, .T. ) ;
#1793 = FACE_OUTER_BOUND ( 'NONE', #911, .T. ) ;
#1794 = DIRECTION ( 'NONE',  ( -0.000000000000000000, -0.000000000000000000, -1.000000000000000000 ) ) ;
#1795 = ORIENTED_EDGE ( 'NONE', *, *, #948, .F. ) ;
#1796 = DIRECTION ( 'NONE',  ( -0.000000000000000000, -0.000000000000000000, -1.000000000000000000 ) ) ;
#1797 = ORIENTED_EDGE ( 'NONE', *, *, #248, .F. ) ;
#1798 = DIRECTION ( 'NONE',  ( -1.000000000000000000, 0.000000000000000000, 0.000000000000000000 ) ) ;
#1799 = ADVANCED_FACE ( 'NONE', ( #1488 ), #1778, .F. ) ;
#1800 = DIRECTION ( 'NONE',  ( 0.000000000000000000, 0.000000000000000000, 1.000000000000000000 ) ) ;
#1801 = DIRECTION ( 'NONE',  ( 0.000000000000000000, 0.000000000000000000, 1.000000000000000000 ) ) ;
#1802 = ADVANCED_FACE ( 'NONE', ( #372 ), #569, .F. ) ;
#1803 = VERTEX_POINT ( 'NONE', #223 ) ;
#1804 = DIRECTION ( 'NONE',  ( -0.000000000000000000, -0.000000000000000000, -1.000000000000000000 ) ) ;
#1805 = DIRECTION ( 'NONE',  ( -0.000000000000000000, -0.000000000000000000, -1.000000000000000000 ) ) ;
#1806 = ORIENTED_EDGE ( 'NONE', *, *, #404, .F. ) ;
#1807 = EDGE_LOOP ( 'NONE', ( #42, #1563, #158, #1691 ) ) ;
#1808 = CARTESIAN_POINT ( 'NONE',  ( 15.99999999999991651, 32.00000000000000000, 3.000000000000000000 ) ) ;
#1809 = DIRECTION ( 'NONE',  ( -1.000000000000000000, 0.000000000000000000, 0.000000000000000000 ) ) ;
#1810 = CARTESIAN_POINT ( 'NONE',  ( 15.99999999999991651, 32.00000000000000000, 3.000000000000000000 ) ) ;
#1811 = ORIENTED_EDGE ( 'NONE', *, *, #195, .F. ) ;
#1812 = EDGE_CURVE ( 'NONE', #1848, #852, #1251, .T. ) ;
#1813 = CYLINDRICAL_SURFACE ( 'NONE', #1190, 1.549999999999999378 ) ;
#1814 = DIRECTION ( 'NONE',  ( 1.000000000000000000, 0.000000000000000000, 0.000000000000000000 ) ) ;
#1815 = EDGE_LOOP ( 'NONE', ( #1696, #2034, #1870, #269 ) ) ;
#1816 = ORIENTED_EDGE ( 'NONE', *, *, #1924, .T. ) ;
#1817 = CIRCLE ( 'NONE', #1683, 1.700000000000000178 ) ;
#1818 = CARTESIAN_POINT ( 'NONE',  ( 22.34999999999989129, 40.00000000000000000, 3.000000000000000000 ) ) ;
#1819 = AXIS2_PLACEMENT_3D ( 'NONE', #1959, #100, #841 ) ;
#1820 = CYLINDRICAL_SURFACE ( 'NONE', #1758, 1.600000000000002531 ) ;
#1821 = STYLED_ITEM ( 'NONE', ( #1836 ), #264 ) ;
#1822 = ORIENTED_EDGE ( 'NONE', *, *, #679, .T. ) ;
#1823 = DIRECTION ( 'NONE',  ( -0.000000000000000000, -0.000000000000000000, -1.000000000000000000 ) ) ;
#1824 = AXIS2_PLACEMENT_3D ( 'NONE', #258, #550, #385 ) ;
#1825 = DIRECTION ( 'NONE',  ( 1.000000000000000000, 0.000000000000000000, 0.000000000000000000 ) ) ;
#1826 = AXIS2_PLACEMENT_3D ( 'NONE', #845, #1314, #61 ) ;
#1827 = EDGE_CURVE ( 'NONE', #1024, #1583, #348, .T. ) ;
#1828 = VECTOR ( 'NONE', #1476, 1000.000000000000000 ) ;
#1829 = ORIENTED_EDGE ( 'NONE', *, *, #1812, .F. ) ;
#1830 = AXIS2_PLACEMENT_3D ( 'NONE', #1440, #1573, #1556 ) ;
#1831 = ADVANCED_FACE ( 'NONE', ( #942 ), #522, .F. ) ;
#1832 = ORIENTED_EDGE ( 'NONE', *, *, #1518, .F. ) ;
#1833 = CARTESIAN_POINT ( 'NONE',  ( 0.000000000000000000, 47.99999999999999289, 3.000000000000000000 ) ) ;
#1834 = DIRECTION ( 'NONE',  ( -1.000000000000000000, 0.000000000000000000, 0.000000000000000000 ) ) ;
#1835 = EDGE_LOOP ( 'NONE', ( #346, #490, #839, #701 ) ) ;
#1836 = PRESENTATION_STYLE_ASSIGNMENT (( #2028 ) ) ;
#1837 = DIRECTION ( 'NONE',  ( 1.000000000000000000, 0.000000000000000000, 0.000000000000000000 ) ) ;
#1838 = VERTEX_POINT ( 'NONE', #203 ) ;
#1839 = ORIENTED_EDGE ( 'NONE', *, *, #1881, .F. ) ;
#1840 = EDGE_CURVE ( 'NONE', #792, #1960, #870, .T. ) ;
#1841 = DIRECTION ( 'NONE',  ( -0.000000000000000000, -0.000000000000000000, -1.000000000000000000 ) ) ;
#1842 = DIRECTION ( 'NONE',  ( 0.000000000000000000, 0.000000000000000000, -1.000000000000000000 ) ) ;
#1843 = ORIENTED_EDGE ( 'NONE', *, *, #435, .F. ) ;
#1844 = DIRECTION ( 'NONE',  ( -1.000000000000000000, 0.000000000000000000, 0.000000000000000000 ) ) ;
#1845 = DIRECTION ( 'NONE',  ( -0.000000000000000000, -0.000000000000000000, -1.000000000000000000 ) ) ;
#1846 = ORIENTED_EDGE ( 'NONE', *, *, #35, .F. ) ;
#1847 = CIRCLE ( 'NONE', #1877, 1.700000000000000178 ) ;
#1848 = VERTEX_POINT ( 'NONE', #683 ) ;
#1849 = EDGE_CURVE ( 'NONE', #1992, #1347, #1766, .T. ) ;
#1850 = DIRECTION ( 'NONE',  ( 1.000000000000000000, 0.000000000000000000, 0.000000000000000000 ) ) ;
#1851 = VERTEX_POINT ( 'NONE', #36 ) ;
#1852 = LINE ( 'NONE', #146, #1153 ) ;
#1853 = DIRECTION ( 'NONE',  ( 1.000000000000000000, 0.000000000000000000, 0.000000000000000000 ) ) ;
#1854 = AXIS2_PLACEMENT_3D ( 'NONE', #619, #1708, #310 ) ;
#1855 = VECTOR ( 'NONE', #1923, 1000.000000000000000 ) ;
#1856 = ORIENTED_EDGE ( 'NONE', *, *, #67, .F. ) ;
#1857 = AXIS2_PLACEMENT_3D ( 'NONE', #1738, #666, #321 ) ;
#1858 = ORIENTED_EDGE ( 'NONE', *, *, #1224, .F. ) ;
#1859 = FACE_BOUND ( 'NONE', #996, .T. ) ;
#1860 = EDGE_LOOP ( 'NONE', ( #660, #1816, #11, #1464 ) ) ;
#1861 =( NAMED_UNIT ( * ) PLANE_ANGLE_UNIT ( ) SI_UNIT ( $, .RADIAN. ) );
#1862 = EDGE_CURVE ( 'NONE', #537, #1034, #1526, .T. ) ;
#1863 = CARTESIAN_POINT ( 'NONE',  ( 31.99999999999994671, 24.00000000000000000, 3.000000000000000000 ) ) ;
#1864 = VERTEX_POINT ( 'NONE', #1774 ) ;
#1865 = ORIENTED_EDGE ( 'NONE', *, *, #1124, .F. ) ;
#1866 = LINE ( 'NONE', #1517, #187 ) ;
#1867 = ORIENTED_EDGE ( 'NONE', *, *, #297, .F. ) ;
#1868 = CARTESIAN_POINT ( 'NONE',  ( 17.59999999999994458, 24.00000000000000000, 3.000000000000000000 ) ) ;
#1869 = EDGE_CURVE ( 'NONE', #1977, #906, #315, .T. ) ;
#1870 = ORIENTED_EDGE ( 'NONE', *, *, #1521, .F. ) ;
#1871 = FACE_BOUND ( 'NONE', #1627, .T. ) ;
#1872 = ORIENTED_EDGE ( 'NONE', *, *, #731, .T. ) ;
#1873 = CARTESIAN_POINT ( 'NONE',  ( 9.549999999999892353, 40.00000000000000000, 3.000000000000000000 ) ) ;
#1874 = ORIENTED_EDGE ( 'NONE', *, *, #933, .F. ) ;
#1875 = DIRECTION ( 'NONE',  ( -0.000000000000000000, -0.000000000000000000, -1.000000000000000000 ) ) ;
#1876 = CARTESIAN_POINT ( 'NONE',  ( 6.449999999999890932, 40.00000000000000000, 3.000000000000000000 ) ) ;
#1877 = AXIS2_PLACEMENT_3D ( 'NONE', #112, #576, #1346 ) ;
#1878 = CIRCLE ( 'NONE', #1120, 1.600000000000000755 ) ;
#1879 = LINE ( 'NONE', #1579, #148 ) ;
#1880 = DIRECTION ( 'NONE',  ( 0.000000000000000000, 0.000000000000000000, 1.000000000000000000 ) ) ;
#1881 = EDGE_CURVE ( 'NONE', #194, #632, #1276, .T. ) ;
#1882 = CIRCLE ( 'NONE', #801, 1.750000000000001554 ) ;
#1883 = ORIENTED_EDGE ( 'NONE', *, *, #1430, .F. ) ;
#1884 = CIRCLE ( 'NONE', #639, 1.750000000000001554 ) ;
#1885 = ADVANCED_FACE ( 'NONE', ( #1744 ), #1605, .F. ) ;
#1886 = CIRCLE ( 'NONE', #48, 1.700000000000000178 ) ;
#1887 = CARTESIAN_POINT ( 'NONE',  ( 25.64999999999999858, 8.000000000000000000, 3.000000000000000000 ) ) ;
#1888 = CIRCLE ( 'NONE', #1286, 1.750000000000001554 ) ;
#1889 = VERTEX_POINT ( 'NONE', #1269 ) ;
#1890 = LINE ( 'NONE', #649, #705 ) ;
#1891 = DIRECTION ( 'NONE',  ( 1.000000000000000000, 0.000000000000000000, 0.000000000000000000 ) ) ;
#1892 = CARTESIAN_POINT ( 'NONE',  ( 16.00000000000000000, 8.000000000000000000, 3.000000000000000000 ) ) ;
#1893 = CARTESIAN_POINT ( 'NONE',  ( 48.00000000000000000, 48.00000000000000000, 3.000000000000000000 ) ) ;
#1894 = ADVANCED_FACE ( 'NONE', ( #967 ), #1448, .F. ) ;
#1895 = ORIENTED_EDGE ( 'NONE', *, *, #878, .T. ) ;
#1896 = CARTESIAN_POINT ( 'NONE',  ( 33.69999999999991758, 32.00000000000000000, 3.000000000000000000 ) ) ;
#1897 = EDGE_CURVE ( 'NONE', #1960, #1728, #367, .T. ) ;
#1898 = DIRECTION ( 'NONE',  ( -0.000000000000000000, -0.000000000000000000, -1.000000000000000000 ) ) ;
#1899 = EDGE_LOOP ( 'NONE', ( #15, #150 ) ) ;
#1900 = FACE_OUTER_BOUND ( 'NONE', #1238, .T. ) ;
#1901 = DIRECTION ( 'NONE',  ( 0.000000000000000000, 0.000000000000000000, 1.000000000000000000 ) ) ;
#1902 = VERTEX_POINT ( 'NONE', #350 ) ;
#1903 = DIRECTION ( 'NONE',  ( -1.000000000000000000, 0.000000000000000000, 0.000000000000000000 ) ) ;
#1904 = VERTEX_POINT ( 'NONE', #1260 ) ;
#1905 = CARTESIAN_POINT ( 'NONE',  ( 41.74999999999989342, 40.00000000000000000, 3.000000000000000000 ) ) ;
#1906 = VECTOR ( 'NONE', #523, 1000.000000000000000 ) ;
#1907 = CARTESIAN_POINT ( 'NONE',  ( 32.00000000000000000, 8.000000000000000000, 0.000000000000000000 ) ) ;
#1908 = EDGE_CURVE ( 'NONE', #1782, #390, #675, .T. ) ;
#1909 = FACE_OUTER_BOUND ( 'NONE', #1273, .T. ) ;
#1910 = CARTESIAN_POINT ( 'NONE',  ( 31.99999999999988987, 40.00000000000000000, 3.000000000000000000 ) ) ;
#1911 = ORIENTED_EDGE ( 'NONE', *, *, #1869, .F. ) ;
#1912 = CIRCLE ( 'NONE', #1057, 1.600000000000000755 ) ;
#1913 = FACE_BOUND ( 'NONE', #913, .T. ) ;
#1914 = AXIS2_PLACEMENT_3D ( 'NONE', #1629, #951, #1460 ) ;
#1915 = EDGE_LOOP ( 'NONE', ( #1846, #1371, #859, #428 ) ) ;
#1916 = AXIS2_PLACEMENT_3D ( 'NONE', #122, #772, #1844 ) ;
#1917 = DIRECTION ( 'NONE',  ( 2.891205793294678326E-16, 1.000000000000000000, -0.000000000000000000 ) ) ;
#1918 = CIRCLE ( 'NONE', #149, 1.600000000000000755 ) ;
#1919 = CARTESIAN_POINT ( 'NONE',  ( 41.74999999999997158, 16.00000000000000000, 3.000000000000000000 ) ) ;
#1920 = AXIS2_PLACEMENT_3D ( 'NONE', #51, #1974, #1329 ) ;
#1921 = EDGE_CURVE ( 'NONE', #906, #1253, #513, .T. ) ;
#1922 = CARTESIAN_POINT ( 'NONE',  ( 17.60000000000000142, 8.000000000000000000, 3.000000000000000000 ) ) ;
#1923 = DIRECTION ( 'NONE',  ( 0.000000000000000000, -1.000000000000000000, 0.000000000000000000 ) ) ;
#1924 = EDGE_CURVE ( 'NONE', #1219, #1171, #1129, .T. ) ;
#1925 = CARTESIAN_POINT ( 'NONE',  ( 39.99999999999994316, 24.00000000000000000, 3.000000000000000000 ) ) ;
#1926 = LINE ( 'NONE', #1445, #796 ) ;
#1927 = ORIENTED_EDGE ( 'NONE', *, *, #933, .T. ) ;
#1928 = CARTESIAN_POINT ( 'NONE',  ( 31.99999999999991829, 32.00000000000000000, 3.000000000000000000 ) ) ;
#1929 = DIRECTION ( 'NONE',  ( -0.000000000000000000, -0.000000000000000000, -1.000000000000000000 ) ) ;
#1930 = CARTESIAN_POINT ( 'NONE',  ( 47.99999999999998579, 0.000000000000000000, 3.000000000000000000 ) ) ;
#1931 = LINE ( 'NONE', #970, #1855 ) ;
#1932 = EDGE_LOOP ( 'NONE', ( #1911, #915 ) ) ;
#1933 = DIRECTION ( 'NONE',  ( 1.000000000000000000, 0.000000000000000000, 0.000000000000000000 ) ) ;
#1934 = LINE ( 'NONE', #641, #1186 ) ;
#1935 = EDGE_CURVE ( 'NONE', #163, #762, #28, .T. ) ;
#1936 = EDGE_LOOP ( 'NONE', ( #1407, #1633, #605, #1402 ) ) ;
#1937 = DIRECTION ( 'NONE',  ( 0.000000000000000000, 0.000000000000000000, 1.000000000000000000 ) ) ;
#1938 = ORIENTED_EDGE ( 'NONE', *, *, #10, .T. ) ;
#1939 = CARTESIAN_POINT ( 'NONE',  ( 15.99999999999994493, 24.00000000000000000, 0.000000000000000000 ) ) ;
#1940 = CARTESIAN_POINT ( 'NONE',  ( 38.24999999999988631, 40.00000000000000000, 3.000000000000000000 ) ) ;
#1941 = DIRECTION ( 'NONE',  ( 1.000000000000000000, 0.000000000000000000, 0.000000000000000000 ) ) ;
#1942 = ORIENTED_EDGE ( 'NONE', *, *, #1163, .T. ) ;
#1943 = CARTESIAN_POINT ( 'NONE',  ( 22.34999999999989129, 40.00000000000000000, 3.000000000000000000 ) ) ;
#1944 = DIRECTION ( 'NONE',  ( -0.000000000000000000, -0.000000000000000000, -1.000000000000000000 ) ) ;
#1945 = EDGE_LOOP ( 'NONE', ( #21, #883, #1504, #64 ) ) ;
#1946 = ADVANCED_FACE ( 'NONE', ( #1755 ), #1438, .F. ) ;
#1947 = CIRCLE ( 'NONE', #144, 1.600000000000000755 ) ;
#1948 = DIRECTION ( 'NONE',  ( 0.000000000000000000, 0.000000000000000000, 1.000000000000000000 ) ) ;
#1949 = ORIENTED_EDGE ( 'NONE', *, *, #1555, .F. ) ;
#1950 = DIRECTION ( 'NONE',  ( -1.000000000000000000, 0.000000000000000000, 0.000000000000000000 ) ) ;
#1951 = AXIS2_PLACEMENT_3D ( 'NONE', #2037, #311, #621 ) ;
#1952 = AXIS2_PLACEMENT_3D ( 'NONE', #810, #1425, #1891 ) ;
#1953 = DIRECTION ( 'NONE',  ( 0.000000000000000000, 0.000000000000000000, 1.000000000000000000 ) ) ;
#1954 = AXIS2_PLACEMENT_3D ( 'NONE', #1403, #515, #503 ) ;
#1955 = CARTESIAN_POINT ( 'NONE',  ( 15.99999999999988987, 40.00000000000000000, 0.000000000000000000 ) ) ;
#1956 = AXIS2_PLACEMENT_3D ( 'NONE', #943, #968, #29 ) ;
#1957 = ORIENTED_EDGE ( 'NONE', *, *, #1773, .T. ) ;
#1958 = CARTESIAN_POINT ( 'NONE',  ( 6.450000000000001066, 8.000000000000000000, 3.000000000000000000 ) ) ;
#1959 = CARTESIAN_POINT ( 'NONE',  ( 15.99999999999988987, 40.00000000000000000, 3.000000000000000000 ) ) ;
#1960 = VERTEX_POINT ( 'NONE', #1586 ) ;
#1961 = CARTESIAN_POINT ( 'NONE',  ( 15.99999999999988987, 40.00000000000000000, 3.000000000000000000 ) ) ;
#1962 = ORIENTED_EDGE ( 'NONE', *, *, #788, .F. ) ;
#1963 = DIRECTION ( 'NONE',  ( -0.000000000000000000, -0.000000000000000000, -1.000000000000000000 ) ) ;
#1964 = EDGE_CURVE ( 'NONE', #1076, #713, #334, .T. ) ;
#1965 = DIRECTION ( 'NONE',  ( 0.000000000000000000, 0.000000000000000000, 1.000000000000000000 ) ) ;
#1966 = CARTESIAN_POINT ( 'NONE',  ( 24.00000000000000000, 8.000000000000000000, 3.000000000000000000 ) ) ;
#1967 = EDGE_LOOP ( 'NONE', ( #1085, #876, #905, #754 ) ) ;
#1968 = DIRECTION ( 'NONE',  ( -0.000000000000000000, -0.000000000000000000, -1.000000000000000000 ) ) ;
#1969 = CARTESIAN_POINT ( 'NONE',  ( 7.999999999999918288, 32.00000000000000000, 3.000000000000000000 ) ) ;
#1970 = ORIENTED_EDGE ( 'NONE', *, *, #1550, .F. ) ;
#1971 = CARTESIAN_POINT ( 'NONE',  ( 0.000000000000000000, 0.000000000000000000, 0.000000000000000000 ) ) ;
#1972 = ORIENTED_EDGE ( 'NONE', *, *, #766, .T. ) ;
#1973 = CARTESIAN_POINT ( 'NONE',  ( 0.000000000000000000, 47.99999999999999289, 3.000000000000000000 ) ) ;
#1974 = DIRECTION ( 'NONE',  ( 0.000000000000000000, 0.000000000000000000, 1.000000000000000000 ) ) ;
#1975 = EDGE_CURVE ( 'NONE', #1267, #1864, #239, .T. ) ;
#1976 = CARTESIAN_POINT ( 'NONE',  ( 47.99999999999998579, 0.000000000000000000, 0.000000000000000000 ) ) ;
#1977 = VERTEX_POINT ( 'NONE', #1981 ) ;
#1978 = CARTESIAN_POINT ( 'NONE',  ( 7.999999999999890754, 40.00000000000000000, 0.000000000000000000 ) ) ;
#1979 = CARTESIAN_POINT ( 'NONE',  ( 41.74999999999997158, 16.00000000000000000, 3.000000000000000000 ) ) ;
#1980 = ORIENTED_EDGE ( 'NONE', *, *, #1015, .T. ) ;
#1981 = CARTESIAN_POINT ( 'NONE',  ( 30.29999999999991900, 32.00000000000000000, 3.000000000000000000 ) ) ;
#1982 = ORIENTED_EDGE ( 'NONE', *, *, #1689, .T. ) ;
#1983 = FACE_OUTER_BOUND ( 'NONE', #597, .T. ) ;
#1984 = VECTOR ( 'NONE', #1805, 1000.000000000000000 ) ;
#1985 = FACE_BOUND ( 'NONE', #443, .T. ) ;
#1986 = EDGE_CURVE ( 'NONE', #563, #632, #1071, .T. ) ;
#1987 = EDGE_LOOP ( 'NONE', ( #971, #365 ) ) ;
#1988 = FILL_AREA_STYLE_COLOUR ( '', #1030 ) ;
#1989 = LINE ( 'NONE', #388, #861 ) ;
#1990 = AXIS2_PLACEMENT_3D ( 'NONE', #1164, #1800, #1013 ) ;
#1991 = EDGE_CURVE ( 'NONE', #1171, #577, #1160, .T. ) ;
#1992 = VERTEX_POINT ( 'NONE', #273 ) ;
#1993 = AXIS2_PLACEMENT_3D ( 'NONE', #600, #1543, #1706 ) ;
#1994 = VERTEX_POINT ( 'NONE', #544 ) ;
#1995 = LINE ( 'NONE', #592, #210 ) ;
#1996 = DIRECTION ( 'NONE',  ( 0.000000000000000000, 0.000000000000000000, 1.000000000000000000 ) ) ;
#1997 = ORIENTED_EDGE ( 'NONE', *, *, #1337, .F. ) ;
#1998 = DIRECTION ( 'NONE',  ( -1.000000000000000000, 0.000000000000000000, 0.000000000000000000 ) ) ;
#1999 = CARTESIAN_POINT ( 'NONE',  ( 25.64999999999988844, 40.00000000000000000, 3.000000000000000000 ) ) ;
#2000 = ORIENTED_EDGE ( 'NONE', *, *, #599, .T. ) ;
#2001 = EDGE_CURVE ( 'NONE', #767, #843, #1847, .T. ) ;
#2002 = ORIENTED_EDGE ( 'NONE', *, *, #1533, .T. ) ;
#2003 = DIRECTION ( 'NONE',  ( 1.000000000000000000, 0.000000000000000000, 0.000000000000000000 ) ) ;
#2004 = ORIENTED_EDGE ( 'NONE', *, *, #1636, .F. ) ;
#2005 = CARTESIAN_POINT ( 'NONE',  ( 7.999999999999890754, 40.00000000000000000, 0.000000000000000000 ) ) ;
#2006 = DIRECTION ( 'NONE',  ( -0.000000000000000000, -0.000000000000000000, -1.000000000000000000 ) ) ;
#2007 = VERTEX_POINT ( 'NONE', #1505 ) ;
#2008 = ADVANCED_FACE ( 'NONE', ( #102 ), #1042, .F. ) ;
#2009 = ORIENTED_EDGE ( 'NONE', *, *, #1124, .T. ) ;
#2010 = AXIS2_PLACEMENT_3D ( 'NONE', #877, #424, #1334 ) ;
#2011 = EDGE_CURVE ( 'NONE', #373, #1072, #1817, .T. ) ;
#2012 = VECTOR ( 'NONE', #1841, 1000.000000000000000 ) ;
#2013 = CARTESIAN_POINT ( 'NONE',  ( 7.999999999999944933, 24.00000000000000000, 3.000000000000000000 ) ) ;
#2014 = AXIS2_PLACEMENT_3D ( 'NONE', #1027, #1503, #407 ) ;
#2015 = VERTEX_POINT ( 'NONE', #1674 ) ;
#2016 = CARTESIAN_POINT ( 'NONE',  ( 6.449999999999945111, 24.00000000000000000, 3.000000000000000000 ) ) ;
#2017 = CARTESIAN_POINT ( 'NONE',  ( 15.99999999999994493, 24.00000000000000000, 3.000000000000000000 ) ) ;
#2018 = AXIS2_PLACEMENT_3D ( 'NONE', #916, #1208, #585 ) ;
#2019 = VECTOR ( 'NONE', #1083, 1000.000000000000000 ) ;
#2020 = AXIS2_PLACEMENT_3D ( 'NONE', #838, #1657, #1941 ) ;
#2021 = ORIENTED_EDGE ( 'NONE', *, *, #1002, .F. ) ;
#2022 = CIRCLE ( 'NONE', #152, 1.750000000000001554 ) ;
#2023 = AXIS2_PLACEMENT_3D ( 'NONE', #1598, #173, #786 ) ;
#2024 = EDGE_LOOP ( 'NONE', ( #1374, #1341 ) ) ;
#2025 = DIRECTION ( 'NONE',  ( 0.000000000000000000, 0.000000000000000000, 1.000000000000000000 ) ) ;
#2026 = EDGE_CURVE ( 'NONE', #521, #563, #590, .T. ) ;
#2027 = VERTEX_POINT ( 'NONE', #1019 ) ;
#2028 = SURFACE_STYLE_USAGE ( .BOTH. , #1545 ) ;
#2029 = DIRECTION ( 'NONE',  ( 1.000000000000000000, 0.000000000000000000, 0.000000000000000000 ) ) ;
#2030 = ORIENTED_EDGE ( 'NONE', *, *, #35, .T. ) ;
#2031 = DIRECTION ( 'NONE',  ( -1.000000000000000000, 0.000000000000000000, 0.000000000000000000 ) ) ;
#2032 = EDGE_LOOP ( 'NONE', ( #154, #1667, #727, #662 ) ) ;
#2033 = CARTESIAN_POINT ( 'NONE',  ( 30.29999999999989058, 40.00000000000000000, 3.000000000000000000 ) ) ;
#2034 = ORIENTED_EDGE ( 'NONE', *, *, #404, .T. ) ;
#2035 = EDGE_CURVE ( 'NONE', #854, #1566, #1360, .T. ) ;
#2036 = DIRECTION ( 'NONE',  ( 1.000000000000000000, 0.000000000000000000, 0.000000000000000000 ) ) ;
#2037 = CARTESIAN_POINT ( 'NONE',  ( 15.99999999999997335, 16.00000000000000000, 0.000000000000000000 ) ) ;
ENDSEC;
END-ISO-10303-21;
