ISO-10303-21;
HEADER;
FILE_DESCRIPTION (( 'STEP AP214' ),
    '1' );
FILE_NAME ('ÈÈÈÛÂÝÄ¸ÊµÑé.STEP',
    '2026-04-15T11:10:58',
    ( '' ),
    ( '' ),
    'SwSTEP 2.0',
    'SolidWorks 2026',
    '' );
FILE_SCHEMA (( 'AUTOMOTIVE_DESIGN' ));
ENDSEC;

DATA;
#1 = VERTEX_POINT ( 'NONE', #1117 ) ;
#2 = DIRECTION ( 'NONE',  ( 0.000000000000000000, 0.000000000000000000, -1.000000000000000000 ) ) ;
#3 = CARTESIAN_POINT ( 'NONE',  ( 6.899999999999985256, 8.000000000000000000, 1.500000000000000000 ) ) ;
#4 = ORIENTED_EDGE ( 'NONE', *, *, #1559, .T. ) ;
#5 = CARTESIAN_POINT ( 'NONE',  ( 37.44999999999999574, 4.000000000000000000, 1.500000000000000000 ) ) ;
#6 = EDGE_CURVE ( 'NONE', #2805, #3437, #1787, .T. ) ;
#7 = EDGE_CURVE ( 'NONE', #3078, #3169, #92, .T. ) ;
#8 = LINE ( 'NONE', #67, #1069 ) ;
#9 = VECTOR ( 'NONE', #2208, 1000.000000000000000 ) ;
#10 = VERTEX_POINT ( 'NONE', #3237 ) ;
#11 = DIRECTION ( 'NONE',  ( 0.000000000000000000, 0.000000000000000000, 1.000000000000000000 ) ) ;
#12 = AXIS2_PLACEMENT_3D ( 'NONE', #1264, #3326, #908 ) ;
#13 = VECTOR ( 'NONE', #3154, 1000.000000000000000 ) ;
#14 = CYLINDRICAL_SURFACE ( 'NONE', #194, 1.350000000000000533 ) ;
#15 = ORIENTED_EDGE ( 'NONE', *, *, #3363, .F. ) ;
#16 = CARTESIAN_POINT ( 'NONE',  ( 11.99999999999998579, 8.000000000000000000, 0.000000000000000000 ) ) ;
#17 = CIRCLE ( 'NONE', #1581, 1.149999999999999911 ) ;
#18 = AXIS2_PLACEMENT_3D ( 'NONE', #3289, #329, #1525 ) ;
#19 = ORIENTED_EDGE ( 'NONE', *, *, #2862, .F. ) ;
#20 = DIRECTION ( 'NONE',  ( -1.000000000000000000, 0.000000000000000000, 0.000000000000000000 ) ) ;
#21 = FACE_BOUND ( 'NONE', #239, .T. ) ;
#22 = CARTESIAN_POINT ( 'NONE',  ( 15.99999999999994493, 20.00000000000000000, 1.500000000000000000 ) ) ;
#23 = EDGE_CURVE ( 'NONE', #650, #132, #3808, .T. ) ;
#24 = EDGE_LOOP ( 'NONE', ( #3548, #3381 ) ) ;
#25 = DIRECTION ( 'NONE',  ( -1.000000000000000000, 0.000000000000000000, 0.000000000000000000 ) ) ;
#26 = CARTESIAN_POINT ( 'NONE',  ( 0.000000000000000000, 0.000000000000000000, 0.000000000000000000 ) ) ;
#27 = ORIENTED_EDGE ( 'NONE', *, *, #3686, .T. ) ;
#28 = DIRECTION ( 'NONE',  ( 1.000000000000000000, 0.000000000000000000, 0.000000000000000000 ) ) ;
#29 = CYLINDRICAL_SURFACE ( 'NONE', #1373, 1.199999999999999734 ) ;
#30 = ORIENTED_EDGE ( 'NONE', *, *, #1125, .F. ) ;
#31 = DIRECTION ( 'NONE',  ( 0.000000000000000000, 0.000000000000000000, -1.000000000000000000 ) ) ;
#32 = EDGE_CURVE ( 'NONE', #3867, #1600, #3787, .T. ) ;
#33 = CARTESIAN_POINT ( 'NONE',  ( 11.99999999999997335, 12.00000000000000000, 1.500000000000000000 ) ) ;
#34 = VERTEX_POINT ( 'NONE', #1058 ) ;
#35 = CARTESIAN_POINT ( 'NONE',  ( 18.74999999999998579, 8.000000000000000000, 1.500000000000000000 ) ) ;
#36 = ORIENTED_EDGE ( 'NONE', *, *, #3665, .T. ) ;
#37 = CARTESIAN_POINT ( 'NONE',  ( 3.999999999999945377, 20.00000000000000000, 0.000000000000000000 ) ) ;
#38 = FACE_BOUND ( 'NONE', #328, .T. ) ;
#39 = ORIENTED_EDGE ( 'NONE', *, *, #2778, .T. ) ;
#40 = DIRECTION ( 'NONE',  ( 1.000000000000000000, 0.000000000000000000, 0.000000000000000000 ) ) ;
#41 = ADVANCED_FACE ( 'NONE', ( #1138 ), #199, .F. ) ;
#42 = CARTESIAN_POINT ( 'NONE',  ( 12.00000000000000000, 4.000000000000000000, 1.500000000000000000 ) ) ;
#43 = VERTEX_POINT ( 'NONE', #551 ) ;
#44 = DIRECTION ( 'NONE',  ( 1.000000000000000000, 0.000000000000000000, 0.000000000000000000 ) ) ;
#45 = CARTESIAN_POINT ( 'NONE',  ( 10.84999999999998721, 8.000000000000000000, 1.500000000000000000 ) ) ;
#46 = ORIENTED_EDGE ( 'NONE', *, *, #3615, .T. ) ;
#47 = DIRECTION ( 'NONE',  ( 0.000000000000000000, 0.000000000000000000, -1.000000000000000000 ) ) ;
#48 = AXIS2_PLACEMENT_3D ( 'NONE', #3431, #116, #2201 ) ;
#49 = VECTOR ( 'NONE', #2621, 1000.000000000000000 ) ;
#50 = CARTESIAN_POINT ( 'NONE',  ( 23.99999999999998579, 8.000000000000000000, 1.500000000000000000 ) ) ;
#51 = ADVANCED_FACE ( 'NONE', ( #235 ), #2005, .F. ) ;
#52 = EDGE_LOOP ( 'NONE', ( #468, #3171, #3123, #3540 ) ) ;
#53 = DIRECTION ( 'NONE',  ( 1.000000000000000000, 0.000000000000000000, 0.000000000000000000 ) ) ;
#54 = AXIS2_PLACEMENT_3D ( 'NONE', #373, #3374, #1885 ) ;
#55 = EDGE_CURVE ( 'NONE', #2815, #1634, #2625, .T. ) ;
#56 = EDGE_CURVE ( 'NONE', #2166, #1875, #1969, .T. ) ;
#57 = ORIENTED_EDGE ( 'NONE', *, *, #817, .F. ) ;
#58 = DIRECTION ( 'NONE',  ( 0.000000000000000000, 0.000000000000000000, -1.000000000000000000 ) ) ;
#59 = VECTOR ( 'NONE', #344, 1000.000000000000000 ) ;
#60 = FACE_BOUND ( 'NONE', #2222, .T. ) ;
#61 = ORIENTED_EDGE ( 'NONE', *, *, #3052, .F. ) ;
#62 = CARTESIAN_POINT ( 'NONE',  ( 6.899999999999943512, 20.00000000000000000, 1.500000000000000000 ) ) ;
#63 =( NAMED_UNIT ( * ) PLANE_ANGLE_UNIT ( ) SI_UNIT ( $, .RADIAN. ) );
#64 = ORIENTED_EDGE ( 'NONE', *, *, #2448, .F. ) ;
#65 = CARTESIAN_POINT ( 'NONE',  ( 27.99999999999995737, 16.00000000000000000, 1.500000000000000000 ) ) ;
#66 = CIRCLE ( 'NONE', #3258, 1.449999999999999956 ) ;
#67 = CARTESIAN_POINT ( 'NONE',  ( 6.899999999999971045, 12.00000000000000000, 1.500000000000000000 ) ) ;
#68 = EDGE_LOOP ( 'NONE', ( #3119, #3199 ) ) ;
#69 = CARTESIAN_POINT ( 'NONE',  ( 35.99999999999998579, 8.000000000000000000, 1.500000000000000000 ) ) ;
#70 = EDGE_CURVE ( 'NONE', #145, #2293, #489, .T. ) ;
#71 = CARTESIAN_POINT ( 'NONE',  ( 17.19999999999995666, 16.00000000000000000, 1.500000000000000000 ) ) ;
#72 = ORIENTED_EDGE ( 'NONE', *, *, #3228, .T. ) ;
#73 = DIRECTION ( 'NONE',  ( 0.000000000000000000, 0.000000000000000000, -1.000000000000000000 ) ) ;
#74 = AXIS2_PLACEMENT_3D ( 'NONE', #3241, #780, #555 ) ;
#75 = AXIS2_PLACEMENT_3D ( 'NONE', #3338, #2218, #3393 ) ;
#76 = ORIENTED_EDGE ( 'NONE', *, *, #1730, .F. ) ;
#77 = FACE_BOUND ( 'NONE', #1249, .T. ) ;
#78 = EDGE_CURVE ( 'NONE', #1634, #1756, #112, .T. ) ;
#79 = CIRCLE ( 'NONE', #1641, 1.449999999999999956 ) ;
#80 = EDGE_LOOP ( 'NONE', ( #967, #3502, #296, #1490 ) ) ;
#81 = DIRECTION ( 'NONE',  ( 0.000000000000000000, 0.000000000000000000, -1.000000000000000000 ) ) ;
#82 = CARTESIAN_POINT ( 'NONE',  ( 17.19999999999997087, 12.00000000000000000, 1.500000000000000000 ) ) ;
#83 = VERTEX_POINT ( 'NONE', #3161 ) ;
#84 = DIRECTION ( 'NONE',  ( 1.000000000000000000, 0.000000000000000000, 0.000000000000000000 ) ) ;
#85 = EDGE_LOOP ( 'NONE', ( #2657, #2143 ) ) ;
#86 = EDGE_LOOP ( 'NONE', ( #1046, #1962 ) ) ;
#87 = CYLINDRICAL_SURFACE ( 'NONE', #871, 1.350000000000000533 ) ;
#88 = CARTESIAN_POINT ( 'NONE',  ( 9.099999999999944578, 20.00000000000000000, 1.500000000000000000 ) ) ;
#89 = EDGE_LOOP ( 'NONE', ( #1055, #1901, #1003, #2809 ) ) ;
#90 = EDGE_CURVE ( 'NONE', #3082, #2085, #1110, .T. ) ;
#91 = LINE ( 'NONE', #2774, #3334 ) ;
#92 = CIRCLE ( 'NONE', #969, 1.299999999999999156 ) ;
#93 = FACE_BOUND ( 'NONE', #2105, .T. ) ;
#94 = CIRCLE ( 'NONE', #1792, 1.350000000000000533 ) ;
#95 = ORIENTED_EDGE ( 'NONE', *, *, #3151, .F. ) ;
#96 = ADVANCED_FACE ( 'NONE', ( #1370 ), #2881, .F. ) ;
#97 = CARTESIAN_POINT ( 'NONE',  ( 23.99999999999997158, 12.00000000000000000, 1.500000000000000000 ) ) ;
#98 = LINE ( 'NONE', #3134, #3682 ) ;
#99 = ORIENTED_EDGE ( 'NONE', *, *, #2684, .F. ) ;
#100 = CARTESIAN_POINT ( 'NONE',  ( 38.50000000000000000, 4.000000000000000000, 1.500000000000000000 ) ) ;
#101 = ORIENTED_EDGE ( 'NONE', *, *, #3665, .F. ) ;
#102 = VERTEX_POINT ( 'NONE', #2566 ) ;
#103 = CARTESIAN_POINT ( 'NONE',  ( 18.75000000000000000, 4.000000000000000000, 1.500000000000000000 ) ) ;
#104 = FACE_OUTER_BOUND ( 'NONE', #3251, .T. ) ;
#105 = ORIENTED_EDGE ( 'NONE', *, *, #2878, .F. ) ;
#106 = CIRCLE ( 'NONE', #1671, 1.399999999999998579 ) ;
#107 = CARTESIAN_POINT ( 'NONE',  ( 31.99999999999994671, 20.00000000000000000, 0.000000000000000000 ) ) ;
#108 = CIRCLE ( 'NONE', #48, 1.399999999999998579 ) ;
#109 = AXIS2_PLACEMENT_3D ( 'NONE', #3137, #3766, #2840 ) ;
#110 = AXIS2_PLACEMENT_3D ( 'NONE', #3268, #2632, #3247 ) ;
#111 = FACE_BOUND ( 'NONE', #1956, .T. ) ;
#112 = CIRCLE ( 'NONE', #1616, 1.100000000000000311 ) ;
#113 = CIRCLE ( 'NONE', #2514, 1.399999999999998579 ) ;
#114 = ORIENTED_EDGE ( 'NONE', *, *, #1758, .F. ) ;
#115 = CARTESIAN_POINT ( 'NONE',  ( 31.99999999999994671, 20.00000000000000000, 1.500000000000000000 ) ) ;
#116 = DIRECTION ( 'NONE',  ( 0.000000000000000000, 0.000000000000000000, 1.000000000000000000 ) ) ;
#117 = EDGE_LOOP ( 'NONE', ( #3335, #1766 ) ) ;
#118 = DIRECTION ( 'NONE',  ( 0.000000000000000000, 0.000000000000000000, 1.000000000000000000 ) ) ;
#119 = ORIENTED_EDGE ( 'NONE', *, *, #243, .F. ) ;
#120 = CARTESIAN_POINT ( 'NONE',  ( 27.99999999999995737, 16.00000000000000000, 1.500000000000000000 ) ) ;
#121 = ADVANCED_FACE ( 'NONE', ( #1080 ), #2585, .F. ) ;
#122 = CIRCLE ( 'NONE', #2883, 1.500000000000001332 ) ;
#123 = EDGE_CURVE ( 'NONE', #193, #1034, #2356, .T. ) ;
#124 = CARTESIAN_POINT ( 'NONE',  ( 39.99999999999995737, 16.00000000000000000, 1.500000000000000000 ) ) ;
#125 = ORIENTED_EDGE ( 'NONE', *, *, #1515, .F. ) ;
#126 = CARTESIAN_POINT ( 'NONE',  ( 6.899999999999971045, 12.00000000000000000, 1.500000000000000000 ) ) ;
#127 = DIRECTION ( 'NONE',  ( 0.000000000000000000, 0.000000000000000000, -1.000000000000000000 ) ) ;
#128 = ORIENTED_EDGE ( 'NONE', *, *, #857, .T. ) ;
#129 = CIRCLE ( 'NONE', #12, 1.500000000000001332 ) ;
#130 = FACE_BOUND ( 'NONE', #3414, .T. ) ;
#131 = CIRCLE ( 'NONE', #1954, 1.500000000000001332 ) ;
#132 = VERTEX_POINT ( 'NONE', #2069 ) ;
#133 = CARTESIAN_POINT ( 'NONE',  ( 8.000000000000000000, 4.000000000000000000, 1.500000000000000000 ) ) ;
#134 = AXIS2_PLACEMENT_3D ( 'NONE', #3056, #1063, #3754 ) ;
#135 = FACE_OUTER_BOUND ( 'NONE', #2291, .T. ) ;
#136 = ORIENTED_EDGE ( 'NONE', *, *, #1758, .T. ) ;
#137 = EDGE_CURVE ( 'NONE', #2272, #3598, #1159, .T. ) ;
#138 = DIRECTION ( 'NONE',  ( 1.000000000000000000, 0.000000000000000000, 0.000000000000000000 ) ) ;
#139 = VECTOR ( 'NONE', #2685, 1000.000000000000000 ) ;
#140 = ORIENTED_EDGE ( 'NONE', *, *, #459, .F. ) ;
#141 = CARTESIAN_POINT ( 'NONE',  ( 5.049999999999944755, 20.00000000000000000, 1.500000000000000000 ) ) ;
#142 = CARTESIAN_POINT ( 'NONE',  ( 27.99999999999997158, 12.00000000000000000, 0.000000000000000000 ) ) ;
#143 = ORIENTED_EDGE ( 'NONE', *, *, #768, .F. ) ;
#144 = EDGE_CURVE ( 'NONE', #221, #439, #3494, .T. ) ;
#145 = VERTEX_POINT ( 'NONE', #3725 ) ;
#146 = CARTESIAN_POINT ( 'NONE',  ( 2.949999999999971756, 12.00000000000000000, 1.500000000000000000 ) ) ;
#147 = CYLINDRICAL_SURFACE ( 'NONE', #3127, 1.049999999999999822 ) ;
#148 = VERTEX_POINT ( 'NONE', #3194 ) ;
#149 = EDGE_CURVE ( 'NONE', #157, #1675, #1813, .T. ) ;
#150 = DIRECTION ( 'NONE',  ( -0.000000000000000000, -0.000000000000000000, -1.000000000000000000 ) ) ;
#151 = ORIENTED_EDGE ( 'NONE', *, *, #3266, .F. ) ;
#152 = CARTESIAN_POINT ( 'NONE',  ( 39.99999999999997158, 12.00000000000000000, 1.500000000000000000 ) ) ;
#153 = CARTESIAN_POINT ( 'NONE',  ( 14.79999999999995985, 16.00000000000000000, 1.500000000000000000 ) ) ;
#154 = DIRECTION ( 'NONE',  ( 0.000000000000000000, 0.000000000000000000, -1.000000000000000000 ) ) ;
#155 = EDGE_LOOP ( 'NONE', ( #2782, #2571 ) ) ;
#156 = DIRECTION ( 'NONE',  ( 0.000000000000000000, 0.000000000000000000, 1.000000000000000000 ) ) ;
#157 = VERTEX_POINT ( 'NONE', #3172 ) ;
#158 = DIRECTION ( 'NONE',  ( 1.000000000000000000, 0.000000000000000000, 0.000000000000000000 ) ) ;
#159 = DIRECTION ( 'NONE',  ( 1.000000000000000000, 0.000000000000000000, 0.000000000000000000 ) ) ;
#160 = ORIENTED_EDGE ( 'NONE', *, *, #2117, .T. ) ;
#161 = EDGE_LOOP ( 'NONE', ( #3100, #769, #3012, #2401 ) ) ;
#162 = DIRECTION ( 'NONE',  ( 1.000000000000000000, 0.000000000000000000, 0.000000000000000000 ) ) ;
#163 = DIRECTION ( 'NONE',  ( 0.000000000000000000, 0.000000000000000000, 1.000000000000000000 ) ) ;
#164 = EDGE_CURVE ( 'NONE', #1659, #1260, #2305, .T. ) ;
#165 = CIRCLE ( 'NONE', #2671, 1.050000000000000488 ) ;
#166 = ORIENTED_EDGE ( 'NONE', *, *, #3052, .T. ) ;
#167 = ADVANCED_FACE ( 'NONE', ( #445 ), #2895, .F. ) ;
#168 = ADVANCED_FACE ( 'NONE', ( #502 ), #3447, .F. ) ;
#169 = ORIENTED_EDGE ( 'NONE', *, *, #460, .T. ) ;
#170 = AXIS2_PLACEMENT_3D ( 'NONE', #1403, #3449, #2937 ) ;
#171 = DIRECTION ( 'NONE',  ( 0.000000000000000000, 0.000000000000000000, 1.000000000000000000 ) ) ;
#172 = DIRECTION ( 'NONE',  ( 0.000000000000000000, 0.000000000000000000, -1.000000000000000000 ) ) ;
#173 = CARTESIAN_POINT ( 'NONE',  ( 3.999999999999959144, 16.00000000000000000, 0.000000000000000000 ) ) ;
#174 = EDGE_LOOP ( 'NONE', ( #3616, #479, #105, #1951 ) ) ;
#175 = DIRECTION ( 'NONE',  ( 0.000000000000000000, 0.000000000000000000, 1.000000000000000000 ) ) ;
#176 = AXIS2_PLACEMENT_3D ( 'NONE', #1569, #2200, #3042 ) ;
#177 = ORIENTED_EDGE ( 'NONE', *, *, #3639, .T. ) ;
#178 = DIRECTION ( 'NONE',  ( 1.000000000000000000, 0.000000000000000000, 0.000000000000000000 ) ) ;
#179 = DIRECTION ( 'NONE',  ( 0.000000000000000000, 0.000000000000000000, -1.000000000000000000 ) ) ;
#180 = CARTESIAN_POINT ( 'NONE',  ( 27.99999999999994671, 20.00000000000000000, 0.000000000000000000 ) ) ;
#181 = ORIENTED_EDGE ( 'NONE', *, *, #366, .F. ) ;
#182 = CARTESIAN_POINT ( 'NONE',  ( 40.00000000000000000, 4.000000000000000000, 1.500000000000000000 ) ) ;
#183 = VECTOR ( 'NONE', #354, 1000.000000000000000 ) ;
#184 = DIRECTION ( 'NONE',  ( -1.000000000000000000, 0.000000000000000000, 0.000000000000000000 ) ) ;
#185 = EDGE_CURVE ( 'NONE', #2729, #1496, #1342, .T. ) ;
#186 = AXIS2_PLACEMENT_3D ( 'NONE', #2832, #1377, #3755 ) ;
#187 = ORIENTED_EDGE ( 'NONE', *, *, #123, .T. ) ;
#188 = CIRCLE ( 'NONE', #2315, 1.149999999999999911 ) ;
#189 = DIRECTION ( 'NONE',  ( 0.000000000000000000, 0.000000000000000000, 1.000000000000000000 ) ) ;
#190 = DIRECTION ( 'NONE',  ( 0.000000000000000000, 0.000000000000000000, 1.000000000000000000 ) ) ;
#191 = EDGE_CURVE ( 'NONE', #1398, #3852, #2022, .T. ) ;
#192 = FACE_BOUND ( 'NONE', #1628, .T. ) ;
#193 = VERTEX_POINT ( 'NONE', #1724 ) ;
#194 = AXIS2_PLACEMENT_3D ( 'NONE', #2460, #1558, #3619 ) ;
#195 = FACE_OUTER_BOUND ( 'NONE', #1568, .T. ) ;
#196 = AXIS2_PLACEMENT_3D ( 'NONE', #3231, #1503, #290 ) ;
#197 = EDGE_LOOP ( 'NONE', ( #3620, #453, #2082, #687 ) ) ;
#198 = AXIS2_PLACEMENT_3D ( 'NONE', #701, #1587, #426 ) ;
#199 = CYLINDRICAL_SURFACE ( 'NONE', #3160, 1.149999999999999911 ) ;
#200 = DIRECTION ( 'NONE',  ( -1.000000000000000000, 0.000000000000000000, 0.000000000000000000 ) ) ;
#201 = CIRCLE ( 'NONE', #2269, 1.500000000000001332 ) ;
#202 = CYLINDRICAL_SURFACE ( 'NONE', #2821, 1.050000000000000488 ) ;
#203 = VERTEX_POINT ( 'NONE', #1382 ) ;
#204 = CARTESIAN_POINT ( 'NONE',  ( 26.64999999999998792, 8.000000000000000000, 1.500000000000000000 ) ) ;
#205 = DIRECTION ( 'NONE',  ( 0.000000000000000000, 0.000000000000000000, 1.000000000000000000 ) ) ;
#206 = DIRECTION ( 'NONE',  ( 0.000000000000000000, 0.000000000000000000, -1.000000000000000000 ) ) ;
#207 = ORIENTED_EDGE ( 'NONE', *, *, #1900, .F. ) ;
#208 = ADVANCED_FACE ( 'NONE', ( #3214 ), #810, .F. ) ;
#209 = DIRECTION ( 'NONE',  ( 1.000000000000000000, 0.000000000000000000, 0.000000000000000000 ) ) ;
#210 = CARTESIAN_POINT ( 'NONE',  ( 27.99999999999997158, 12.00000000000000000, 1.500000000000000000 ) ) ;
#211 = DIRECTION ( 'NONE',  ( 0.000000000000000000, 0.000000000000000000, -1.000000000000000000 ) ) ;
#212 = DIRECTION ( 'NONE',  ( 0.000000000000000000, 0.000000000000000000, 1.000000000000000000 ) ) ;
#213 = ORIENTED_EDGE ( 'NONE', *, *, #2273, .T. ) ;
#214 = CYLINDRICAL_SURFACE ( 'NONE', #1610, 1.350000000000000533 ) ;
#215 = ORIENTED_EDGE ( 'NONE', *, *, #2495, .F. ) ;
#216 = EDGE_CURVE ( 'NONE', #1797, #3735, #1929, .T. ) ;
#217 = DIRECTION ( 'NONE',  ( -1.000000000000000000, 0.000000000000000000, 0.000000000000000000 ) ) ;
#218 = DIRECTION ( 'NONE',  ( -1.000000000000000000, 0.000000000000000000, 0.000000000000000000 ) ) ;
#219 = EDGE_CURVE ( 'NONE', #539, #3408, #2953, .T. ) ;
#220 = DIRECTION ( 'NONE',  ( 1.000000000000000000, 0.000000000000000000, 0.000000000000000000 ) ) ;
#221 = VERTEX_POINT ( 'NONE', #2252 ) ;
#222 = CARTESIAN_POINT ( 'NONE',  ( 14.80000000000000071, 4.000000000000000000, 0.000000000000000000 ) ) ;
#223 = LINE ( 'NONE', #1123, #1480 ) ;
#224 = FACE_OUTER_BOUND ( 'NONE', #89, .T. ) ;
#225 = ORIENTED_EDGE ( 'NONE', *, *, #708, .T. ) ;
#226 = CARTESIAN_POINT ( 'NONE',  ( 3.999999999999945377, 20.00000000000000000, 1.500000000000000000 ) ) ;
#227 = DIRECTION ( 'NONE',  ( -1.000000000000000000, 0.000000000000000000, 0.000000000000000000 ) ) ;
#228 = LINE ( 'NONE', #2310, #2388 ) ;
#229 = CARTESIAN_POINT ( 'NONE',  ( 27.99999999999997158, 12.00000000000000000, 1.500000000000000000 ) ) ;
#230 = ORIENTED_EDGE ( 'NONE', *, *, #164, .T. ) ;
#231 = CARTESIAN_POINT ( 'NONE',  ( 3.999999999999986233, 8.000000000000000000, 1.500000000000000000 ) ) ;
#232 = AXIS2_PLACEMENT_3D ( 'NONE', #3590, #2977, #3333 ) ;
#233 = EDGE_CURVE ( 'NONE', #2052, #1398, #1381, .T. ) ;
#234 = ORIENTED_EDGE ( 'NONE', *, *, #2850, .T. ) ;
#235 = FACE_OUTER_BOUND ( 'NONE', #2785, .T. ) ;
#236 = CARTESIAN_POINT ( 'NONE',  ( 35.99999999999994316, 20.00000000000000000, 0.000000000000000000 ) ) ;
#237 = AXIS2_PLACEMENT_3D ( 'NONE', #1757, #2948, #2285 ) ;
#238 = CARTESIAN_POINT ( 'NONE',  ( 39.99999999999994316, 20.00000000000000000, 0.000000000000000000 ) ) ;
#239 = EDGE_LOOP ( 'NONE', ( #2025, #2382 ) ) ;
#240 = CIRCLE ( 'NONE', #2436, 1.299999999999999156 ) ;
#241 = CARTESIAN_POINT ( 'NONE',  ( 35.99999999999994316, 20.00000000000000000, 1.500000000000000000 ) ) ;
#242 = EDGE_CURVE ( 'NONE', #2139, #2769, #2274, .T. ) ;
#243 = EDGE_CURVE ( 'NONE', #1404, #1330, #2268, .T. ) ;
#244 = DIRECTION ( 'NONE',  ( 1.000000000000000000, 0.000000000000000000, 0.000000000000000000 ) ) ;
#245 = ORIENTED_EDGE ( 'NONE', *, *, #1291, .T. ) ;
#246 = CARTESIAN_POINT ( 'NONE',  ( 21.25000000000000000, 4.000000000000000000, 1.500000000000000000 ) ) ;
#247 = ORIENTED_EDGE ( 'NONE', *, *, #3074, .F. ) ;
#248 = DIRECTION ( 'NONE',  ( 1.000000000000000000, 0.000000000000000000, 0.000000000000000000 ) ) ;
#249 = VECTOR ( 'NONE', #2223, 1000.000000000000000 ) ;
#250 = VERTEX_POINT ( 'NONE', #2578 ) ;
#251 = DIRECTION ( 'NONE',  ( 0.000000000000000000, 0.000000000000000000, 1.000000000000000000 ) ) ;
#252 = FACE_OUTER_BOUND ( 'NONE', #797, .T. ) ;
#253 = EDGE_LOOP ( 'NONE', ( #2250, #824, #583, #1341 ) ) ;
#254 = CARTESIAN_POINT ( 'NONE',  ( 21.24999999999997513, 12.00000000000000000, 0.000000000000000000 ) ) ;
#255 = ORIENTED_EDGE ( 'NONE', *, *, #2878, .T. ) ;
#256 = DIRECTION ( 'NONE',  ( -1.000000000000000000, 0.000000000000000000, 0.000000000000000000 ) ) ;
#257 = CIRCLE ( 'NONE', #1380, 1.299999999999999156 ) ;
#258 = ADVANCED_FACE ( 'NONE', ( #1031 ), #3464, .F. ) ;
#259 = CARTESIAN_POINT ( 'NONE',  ( 7.999999999999986677, 8.000000000000000000, 0.000000000000000000 ) ) ;
#260 = DIRECTION ( 'NONE',  ( 1.000000000000000000, 0.000000000000000000, 0.000000000000000000 ) ) ;
#261 = CIRCLE ( 'NONE', #2510, 1.100000000000000311 ) ;
#262 = CARTESIAN_POINT ( 'NONE',  ( 39.99999999999995737, 16.00000000000000000, 0.000000000000000000 ) ) ;
#263 = ORIENTED_EDGE ( 'NONE', *, *, #3357, .T. ) ;
#264 = CARTESIAN_POINT ( 'NONE',  ( 29.35000000000000142, 4.000000000000000000, 0.000000000000000000 ) ) ;
#265 = CIRCLE ( 'NONE', #2091, 1.199999999999999734 ) ;
#266 = CYLINDRICAL_SURFACE ( 'NONE', #1831, 1.050000000000000488 ) ;
#267 = EDGE_CURVE ( 'NONE', #3746, #532, #791, .T. ) ;
#268 = VERTEX_POINT ( 'NONE', #2232 ) ;
#269 = CARTESIAN_POINT ( 'NONE',  ( 21.24999999999994671, 20.00000000000000000, 0.000000000000000000 ) ) ;
#270 = ORIENTED_EDGE ( 'NONE', *, *, #1389, .F. ) ;
#271 = LINE ( 'NONE', #1444, #816 ) ;
#272 = DIRECTION ( 'NONE',  ( 0.000000000000000000, 0.000000000000000000, 1.000000000000000000 ) ) ;
#273 = EDGE_LOOP ( 'NONE', ( #3380, #3820, #543, #1977 ) ) ;
#274 = CYLINDRICAL_SURFACE ( 'NONE', #2738, 1.050000000000000488 ) ;
#275 = ORIENTED_EDGE ( 'NONE', *, *, #1655, .F. ) ;
#276 = EDGE_CURVE ( 'NONE', #1548, #624, #3427, .T. ) ;
#277 = CARTESIAN_POINT ( 'NONE',  ( 11.99999999999997335, 12.00000000000000000, 0.000000000000000000 ) ) ;
#278 = DIRECTION ( 'NONE',  ( 1.000000000000000000, 0.000000000000000000, 0.000000000000000000 ) ) ;
#279 = ORIENTED_EDGE ( 'NONE', *, *, #2380, .F. ) ;
#280 = AXIS2_PLACEMENT_3D ( 'NONE', #2944, #2316, #3511 ) ;
#281 = CARTESIAN_POINT ( 'NONE',  ( 38.49999999999995737, 16.00000000000000000, 1.500000000000000000 ) ) ;
#282 = VERTEX_POINT ( 'NONE', #3706 ) ;
#283 = CARTESIAN_POINT ( 'NONE',  ( 39.99999999999998579, 8.000000000000000000, 1.500000000000000000 ) ) ;
#284 = AXIS2_PLACEMENT_3D ( 'NONE', #2720, #350, #1250 ) ;
#285 = CARTESIAN_POINT ( 'NONE',  ( 7.999999999999958256, 16.00000000000000000, 0.000000000000000000 ) ) ;
#286 = VERTEX_POINT ( 'NONE', #62 ) ;
#287 = CARTESIAN_POINT ( 'NONE',  ( 21.24999999999997513, 12.00000000000000000, 1.500000000000000000 ) ) ;
#288 = EDGE_CURVE ( 'NONE', #307, #1600, #3584, .T. ) ;
#289 = EDGE_LOOP ( 'NONE', ( #2280, #2644 ) ) ;
#290 = DIRECTION ( 'NONE',  ( -1.000000000000000000, 0.000000000000000000, 0.000000000000000000 ) ) ;
#291 = ADVANCED_FACE ( 'NONE', ( #2502 ), #3095, .F. ) ;
#292 = FACE_OUTER_BOUND ( 'NONE', #757, .T. ) ;
#293 = ORIENTED_EDGE ( 'NONE', *, *, #90, .F. ) ;
#294 = ADVANCED_FACE ( 'NONE', ( #1015 ), #2779, .F. ) ;
#295 = DIRECTION ( 'NONE',  ( 0.000000000000000000, 0.000000000000000000, -1.000000000000000000 ) ) ;
#296 = ORIENTED_EDGE ( 'NONE', *, *, #32, .T. ) ;
#297 = CIRCLE ( 'NONE', #1232, 1.449999999999999956 ) ;
#298 = CARTESIAN_POINT ( 'NONE',  ( 15.99999999999998579, 8.000000000000000000, 1.500000000000000000 ) ) ;
#299 = CARTESIAN_POINT ( 'NONE',  ( 10.84999999999996056, 16.00000000000000000, 1.500000000000000000 ) ) ;
#300 = ORIENTED_EDGE ( 'NONE', *, *, #3789, .F. ) ;
#301 = CIRCLE ( 'NONE', #2485, 1.250000000000001110 ) ;
#302 =( NAMED_UNIT ( * ) SI_UNIT ( $, .STERADIAN. ) SOLID_ANGLE_UNIT ( ) );
#303 = AXIS2_PLACEMENT_3D ( 'NONE', #582, #1415, #2303 ) ;
#304 = ORIENTED_EDGE ( 'NONE', *, *, #3857, .F. ) ;
#305 = CYLINDRICAL_SURFACE ( 'NONE', #3586, 1.500000000000001332 ) ;
#306 = LINE ( 'NONE', #676, #385 ) ;
#307 = VERTEX_POINT ( 'NONE', #648 ) ;
#308 = EDGE_CURVE ( 'NONE', #2857, #1812, #1263, .T. ) ;
#309 = ADVANCED_FACE ( 'NONE', ( #2145 ), #2469, .F. ) ;
#310 = DIRECTION ( 'NONE',  ( 1.000000000000000000, 0.000000000000000000, 0.000000000000000000 ) ) ;
#311 = VERTEX_POINT ( 'NONE', #1868 ) ;
#312 = CARTESIAN_POINT ( 'NONE',  ( 0.000000000000000000, 24.00000000000000000, 1.500000000000000000 ) ) ;
#313 = FACE_BOUND ( 'NONE', #601, .T. ) ;
#314 = CIRCLE ( 'NONE', #1691, 1.250000000000001110 ) ;
#315 = DIRECTION ( 'NONE',  ( 0.000000000000000000, 0.000000000000000000, -1.000000000000000000 ) ) ;
#316 = ORIENTED_EDGE ( 'NONE', *, *, #276, .F. ) ;
#317 = DIRECTION ( 'NONE',  ( 0.000000000000000000, 0.000000000000000000, -1.000000000000000000 ) ) ;
#318 = DIRECTION ( 'NONE',  ( 0.000000000000000000, 0.000000000000000000, -1.000000000000000000 ) ) ;
#319 = ORIENTED_EDGE ( 'NONE', *, *, #2536, .F. ) ;
#320 = CARTESIAN_POINT ( 'NONE',  ( 30.59999999999997655, 12.00000000000000000, 0.000000000000000000 ) ) ;
#321 = DIRECTION ( 'NONE',  ( 1.000000000000000000, 0.000000000000000000, 0.000000000000000000 ) ) ;
#322 = CIRCLE ( 'NONE', #2505, 1.199999999999999734 ) ;
#323 = AXIS2_PLACEMENT_3D ( 'NONE', #1493, #3655, #278 ) ;
#324 = EDGE_LOOP ( 'NONE', ( #692, #2449 ) ) ;
#325 = DIRECTION ( 'NONE',  ( 1.000000000000000000, 0.000000000000000000, 0.000000000000000000 ) ) ;
#326 = CIRCLE ( 'NONE', #3513, 1.500000000000001332 ) ;
#327 = CARTESIAN_POINT ( 'NONE',  ( 7.999999999999972466, 12.00000000000000000, 1.500000000000000000 ) ) ;
#328 = EDGE_LOOP ( 'NONE', ( #215, #1309 ) ) ;
#329 = DIRECTION ( 'NONE',  ( 0.000000000000000000, 0.000000000000000000, 1.000000000000000000 ) ) ;
#330 = CIRCLE ( 'NONE', #3336, 1.199999999999999734 ) ;
#331 = EDGE_CURVE ( 'NONE', #3882, #2674, #1577, .T. ) ;
#332 = VERTEX_POINT ( 'NONE', #3653 ) ;
#333 = DIRECTION ( 'NONE',  ( -1.000000000000000000, 0.000000000000000000, 0.000000000000000000 ) ) ;
#334 = FACE_BOUND ( 'NONE', #394, .T. ) ;
#335 = DIRECTION ( 'NONE',  ( 1.000000000000000000, 0.000000000000000000, 0.000000000000000000 ) ) ;
#336 = ORIENTED_EDGE ( 'NONE', *, *, #3098, .F. ) ;
#337 = CYLINDRICAL_SURFACE ( 'NONE', #1519, 1.149999999999999911 ) ;
#338 = LINE ( 'NONE', #3043, #2004 ) ;
#339 = ORIENTED_EDGE ( 'NONE', *, *, #620, .T. ) ;
#340 = CARTESIAN_POINT ( 'NONE',  ( 2.949999999999958433, 16.00000000000000000, 1.500000000000000000 ) ) ;
#341 = EDGE_CURVE ( 'NONE', #3261, #286, #387, .T. ) ;
#342 = DIRECTION ( 'NONE',  ( 1.000000000000000000, 0.000000000000000000, 0.000000000000000000 ) ) ;
#343 = ORIENTED_EDGE ( 'NONE', *, *, #2467, .T. ) ;
#344 = DIRECTION ( 'NONE',  ( 0.000000000000000000, 0.000000000000000000, -1.000000000000000000 ) ) ;
#345 = ADVANCED_FACE ( 'NONE', ( #3112 ), #1602, .F. ) ;
#346 = CARTESIAN_POINT ( 'NONE',  ( 23.99999999999995737, 16.00000000000000000, 1.500000000000000000 ) ) ;
#347 = EDGE_LOOP ( 'NONE', ( #39, #1823, #1817, #3446 ) ) ;
#348 = CARTESIAN_POINT ( 'NONE',  ( 35.99999999999995737, 16.00000000000000000, 1.500000000000000000 ) ) ;
#349 = EDGE_LOOP ( 'NONE', ( #300, #3692, #2732, #880 ) ) ;
#350 = DIRECTION ( 'NONE',  ( 0.000000000000000000, 0.000000000000000000, 1.000000000000000000 ) ) ;
#351 = FACE_OUTER_BOUND ( 'NONE', #3359, .T. ) ;
#352 = EDGE_LOOP ( 'NONE', ( #1070, #2229, #1315, #2581 ) ) ;
#353 = FACE_OUTER_BOUND ( 'NONE', #703, .T. ) ;
#354 = DIRECTION ( 'NONE',  ( 0.000000000000000000, 0.000000000000000000, -1.000000000000000000 ) ) ;
#355 = VERTEX_POINT ( 'NONE', #2450 ) ;
#356 = ADVANCED_FACE ( 'NONE', ( #2816 ), #2486, .F. ) ;
#357 = DIRECTION ( 'NONE',  ( 1.000000000000000000, 0.000000000000000000, 0.000000000000000000 ) ) ;
#358 = AXIS2_PLACEMENT_3D ( 'NONE', #3710, #1572, #944 ) ;
#359 = DIRECTION ( 'NONE',  ( -1.000000000000000000, 0.000000000000000000, 0.000000000000000000 ) ) ;
#360 = ORIENTED_EDGE ( 'NONE', *, *, #753, .F. ) ;
#361 = CYLINDRICAL_SURFACE ( 'NONE', #1246, 1.149999999999999911 ) ;
#362 = AXIS2_PLACEMENT_3D ( 'NONE', #1886, #1033, #961 ) ;
#363 = DIRECTION ( 'NONE',  ( 1.000000000000000000, 0.000000000000000000, 0.000000000000000000 ) ) ;
#364 = ORIENTED_EDGE ( 'NONE', *, *, #3170, .F. ) ;
#365 = EDGE_CURVE ( 'NONE', #2052, #1040, #1255, .T. ) ;
#366 = EDGE_CURVE ( 'NONE', #700, #2935, #1681, .T. ) ;
#367 = FACE_OUTER_BOUND ( 'NONE', #862, .T. ) ;
#368 = AXIS2_PLACEMENT_3D ( 'NONE', #997, #1325, #3632 ) ;
#369 = EDGE_LOOP ( 'NONE', ( #1007, #1778 ) ) ;
#370 = CIRCLE ( 'NONE', #2248, 1.050000000000000488 ) ;
#371 = LINE ( 'NONE', #1566, #989 ) ;
#372 = ORIENTED_EDGE ( 'NONE', *, *, #2850, .F. ) ;
#373 = CARTESIAN_POINT ( 'NONE',  ( 15.99999999999997335, 12.00000000000000000, 1.500000000000000000 ) ) ;
#374 = DIRECTION ( 'NONE',  ( -1.000000000000000000, 0.000000000000000000, 0.000000000000000000 ) ) ;
#375 = ORIENTED_EDGE ( 'NONE', *, *, #1622, .T. ) ;
#376 = CARTESIAN_POINT ( 'NONE',  ( 25.29999999999998650, 8.000000000000000000, 1.500000000000000000 ) ) ;
#377 = AXIS2_PLACEMENT_3D ( 'NONE', #1932, #2848, #3168 ) ;
#378 = EDGE_CURVE ( 'NONE', #737, #3233, #3878, .T. ) ;
#379 = ORIENTED_EDGE ( 'NONE', *, *, #1563, .F. ) ;
#380 = ORIENTED_EDGE ( 'NONE', *, *, #762, .F. ) ;
#381 = DIRECTION ( 'NONE',  ( 1.000000000000000000, 0.000000000000000000, 0.000000000000000000 ) ) ;
#382 = CARTESIAN_POINT ( 'NONE',  ( 13.14999999999995772, 16.00000000000000000, 1.500000000000000000 ) ) ;
#383 = AXIS2_PLACEMENT_3D ( 'NONE', #779, #821, #3851 ) ;
#384 = VERTEX_POINT ( 'NONE', #3060 ) ;
#385 = VECTOR ( 'NONE', #1244, 1000.000000000000000 ) ;
#386 = CARTESIAN_POINT ( 'NONE',  ( 22.69999999999998863, 8.000000000000000000, 0.000000000000000000 ) ) ;
#387 = CIRCLE ( 'NONE', #886, 1.100000000000000311 ) ;
#388 = FACE_BOUND ( 'NONE', #2717, .T. ) ;
#389 = EDGE_CURVE ( 'NONE', #1229, #818, #1874, .T. ) ;
#390 = VECTOR ( 'NONE', #3126, 1000.000000000000000 ) ;
#391 = ORIENTED_EDGE ( 'NONE', *, *, #3842, .T. ) ;
#392 = DIRECTION ( 'NONE',  ( 0.000000000000000000, 0.000000000000000000, 1.000000000000000000 ) ) ;
#393 = CARTESIAN_POINT ( 'NONE',  ( 7.999999999999944933, 20.00000000000000000, 1.500000000000000000 ) ) ;
#394 = EDGE_LOOP ( 'NONE', ( #2760, #564 ) ) ;
#395 = CARTESIAN_POINT ( 'NONE',  ( 0.000000000000000000, 0.000000000000000000, 1.500000000000000000 ) ) ;
#396 = EDGE_LOOP ( 'NONE', ( #431, #480, #1120, #15 ) ) ;
#397 = ORIENTED_EDGE ( 'NONE', *, *, #2144, .F. ) ;
#398 = FACE_OUTER_BOUND ( 'NONE', #1611, .T. ) ;
#399 = CARTESIAN_POINT ( 'NONE',  ( 5.050000000000000711, 4.000000000000000000, 0.000000000000000000 ) ) ;
#400 = ORIENTED_EDGE ( 'NONE', *, *, #3118, .F. ) ;
#401 = FACE_OUTER_BOUND ( 'NONE', #1970, .T. ) ;
#402 = FACE_BOUND ( 'NONE', #1904, .T. ) ;
#403 = ORIENTED_EDGE ( 'NONE', *, *, #185, .F. ) ;
#404 = EDGE_CURVE ( 'NONE', #750, #1928, #1360, .T. ) ;
#405 = DIRECTION ( 'NONE',  ( 1.000000000000000000, 0.000000000000000000, 0.000000000000000000 ) ) ;
#406 = ADVANCED_FACE ( 'NONE', ( #353 ), #665, .F. ) ;
#407 = LINE ( 'NONE', #1603, #2547 ) ;
#408 = ORIENTED_EDGE ( 'NONE', *, *, #3501, .F. ) ;
#409 = DIRECTION ( 'NONE',  ( 1.000000000000000000, 0.000000000000000000, 0.000000000000000000 ) ) ;
#410 = DIRECTION ( 'NONE',  ( 0.000000000000000000, 0.000000000000000000, 1.000000000000000000 ) ) ;
#411 = ORIENTED_EDGE ( 'NONE', *, *, #459, .T. ) ;
#412 = ORIENTED_EDGE ( 'NONE', *, *, #839, .F. ) ;
#413 = CARTESIAN_POINT ( 'NONE',  ( 22.69999999999994600, 20.00000000000000000, 1.500000000000000000 ) ) ;
#414 = DIRECTION ( 'NONE',  ( 0.000000000000000000, 0.000000000000000000, 1.000000000000000000 ) ) ;
#415 = ORIENTED_EDGE ( 'NONE', *, *, #3721, .T. ) ;
#416 = DIRECTION ( 'NONE',  ( 1.000000000000000000, 0.000000000000000000, 0.000000000000000000 ) ) ;
#417 = FACE_OUTER_BOUND ( 'NONE', #161, .T. ) ;
#418 = AXIS2_PLACEMENT_3D ( 'NONE', #1308, #1942, #2470 ) ;
#419 = CIRCLE ( 'NONE', #1045, 1.050000000000000488 ) ;
#420 = AXIS2_PLACEMENT_3D ( 'NONE', #662, #1620, #2741 ) ;
#421 = EDGE_CURVE ( 'NONE', #2028, #3257, #1664, .T. ) ;
#422 = FACE_BOUND ( 'NONE', #2418, .T. ) ;
#423 = VECTOR ( 'NONE', #1959, 1000.000000000000000 ) ;
#424 = AXIS2_PLACEMENT_3D ( 'NONE', #1395, #494, #1413 ) ;
#425 = ORIENTED_EDGE ( 'NONE', *, *, #3291, .F. ) ;
#426 = DIRECTION ( 'NONE',  ( -1.000000000000000000, 0.000000000000000000, 0.000000000000000000 ) ) ;
#427 = DIRECTION ( 'NONE',  ( 0.000000000000000000, 0.000000000000000000, 1.000000000000000000 ) ) ;
#428 = ORIENTED_EDGE ( 'NONE', *, *, #3652, .T. ) ;
#429 = LINE ( 'NONE', #395, #2234 ) ;
#430 = ADVANCED_FACE ( 'NONE', ( #1343 ), #771, .F. ) ;
#431 = ORIENTED_EDGE ( 'NONE', *, *, #531, .F. ) ;
#432 = LINE ( 'NONE', #689, #249 ) ;
#433 = AXIS2_PLACEMENT_3D ( 'NONE', #1297, #454, #2549 ) ;
#434 = LINE ( 'NONE', #1633, #1506 ) ;
#435 = VERTEX_POINT ( 'NONE', #2875 ) ;
#436 = ORIENTED_EDGE ( 'NONE', *, *, #2715, .T. ) ;
#437 = DIRECTION ( 'NONE',  ( 0.000000000000000000, 0.000000000000000000, 1.000000000000000000 ) ) ;
#438 = DIRECTION ( 'NONE',  ( 1.000000000000000000, 0.000000000000000000, 0.000000000000000000 ) ) ;
#439 = VERTEX_POINT ( 'NONE', #1999 ) ;
#440 = AXIS2_PLACEMENT_3D ( 'NONE', #346, #3034, #2731 ) ;
#441 = CARTESIAN_POINT ( 'NONE',  ( 25.29999999999994387, 20.00000000000000000, 0.000000000000000000 ) ) ;
#442 = CIRCLE ( 'NONE', #1835, 1.250000000000001110 ) ;
#443 = EDGE_CURVE ( 'NONE', #3852, #1040, #1047, .T. ) ;
#444 = EDGE_LOOP ( 'NONE', ( #1731, #1474, #2898, #2304 ) ) ;
#445 = FACE_OUTER_BOUND ( 'NONE', #2975, .T. ) ;
#446 = CARTESIAN_POINT ( 'NONE',  ( 30.60000000000000497, 4.000000000000000000, 0.000000000000000000 ) ) ;
#447 = AXIS2_PLACEMENT_3D ( 'NONE', #2370, #3293, #914 ) ;
#448 = DIRECTION ( 'NONE',  ( 0.000000000000000000, 0.000000000000000000, -1.000000000000000000 ) ) ;
#449 = EDGE_LOOP ( 'NONE', ( #2873, #2583 ) ) ;
#450 = CIRCLE ( 'NONE', #1386, 1.199999999999999734 ) ;
#451 = CARTESIAN_POINT ( 'NONE',  ( 10.84999999999994458, 20.00000000000000000, 1.500000000000000000 ) ) ;
#452 = VECTOR ( 'NONE', #2109, 1000.000000000000000 ) ;
#453 = ORIENTED_EDGE ( 'NONE', *, *, #2747, .T. ) ;
#454 = DIRECTION ( 'NONE',  ( 0.000000000000000000, 0.000000000000000000, 1.000000000000000000 ) ) ;
#455 = DIRECTION ( 'NONE',  ( 0.000000000000000000, 0.000000000000000000, -1.000000000000000000 ) ) ;
#456 = ORIENTED_EDGE ( 'NONE', *, *, #3740, .T. ) ;
#457 = ORIENTED_EDGE ( 'NONE', *, *, #740, .F. ) ;
#458 = CARTESIAN_POINT ( 'NONE',  ( 39.99999999999994316, 20.00000000000000000, 1.500000000000000000 ) ) ;
#459 = EDGE_CURVE ( 'NONE', #3296, #3352, #3749, .T. ) ;
#460 = EDGE_CURVE ( 'NONE', #1182, #1692, #2542, .T. ) ;
#461 = CARTESIAN_POINT ( 'NONE',  ( 17.19999999999999929, 4.000000000000000000, 0.000000000000000000 ) ) ;
#462 = EDGE_LOOP ( 'NONE', ( #225, #1876 ) ) ;
#463 = ORIENTED_EDGE ( 'NONE', *, *, #603, .T. ) ;
#464 = DIRECTION ( 'NONE',  ( 1.000000000000000000, 0.000000000000000000, 0.000000000000000000 ) ) ;
#465 = FACE_OUTER_BOUND ( 'NONE', #3693, .T. ) ;
#466 = AXIS2_PLACEMENT_3D ( 'NONE', #1356, #1458, #2652 ) ;
#467 = FACE_OUTER_BOUND ( 'NONE', #253, .T. ) ;
#468 = ORIENTED_EDGE ( 'NONE', *, *, #1189, .F. ) ;
#469 = CARTESIAN_POINT ( 'NONE',  ( 35.99999999999994316, 20.00000000000000000, 0.000000000000000000 ) ) ;
#470 = ORIENTED_EDGE ( 'NONE', *, *, #3615, .F. ) ;
#471 = EDGE_CURVE ( 'NONE', #1449, #1147, #1686, .T. ) ;
#472 = ORIENTED_EDGE ( 'NONE', *, *, #3397, .T. ) ;
#473 = DIRECTION ( 'NONE',  ( 1.000000000000000000, 0.000000000000000000, 0.000000000000000000 ) ) ;
#474 = DIRECTION ( 'NONE',  ( 1.000000000000000000, 0.000000000000000000, 0.000000000000000000 ) ) ;
#475 = EDGE_LOOP ( 'NONE', ( #767, #1098 ) ) ;
#476 = DIRECTION ( 'NONE',  ( 0.000000000000000000, 0.000000000000000000, 1.000000000000000000 ) ) ;
#477 = CARTESIAN_POINT ( 'NONE',  ( 3.999999999999986233, 8.000000000000000000, 1.500000000000000000 ) ) ;
#478 = ADVANCED_FACE ( 'NONE', ( #811 ), #1960, .F. ) ;
#479 = ORIENTED_EDGE ( 'NONE', *, *, #276, .T. ) ;
#480 = ORIENTED_EDGE ( 'NONE', *, *, #1000, .T. ) ;
#481 = AXIS2_PLACEMENT_3D ( 'NONE', #3560, #2345, #3209 ) ;
#482 = DIRECTION ( 'NONE',  ( -0.000000000000000000, -0.000000000000000000, -1.000000000000000000 ) ) ;
#483 = CARTESIAN_POINT ( 'NONE',  ( 39.99999999999994316, 20.00000000000000000, 1.500000000000000000 ) ) ;
#484 = FACE_BOUND ( 'NONE', #24, .T. ) ;
#485 = EDGE_LOOP ( 'NONE', ( #3432, #1187 ) ) ;
#486 = LINE ( 'NONE', #3486, #1418 ) ;
#487 = VERTEX_POINT ( 'NONE', #2914 ) ;
#488 = PRODUCT_RELATED_PRODUCT_CATEGORY ( 'part', '', ( #2199 ) ) ;
#489 = LINE ( 'NONE', #1408, #2971 ) ;
#490 = DIRECTION ( 'NONE',  ( 0.000000000000000000, 0.000000000000000000, -1.000000000000000000 ) ) ;
#491 = EDGE_CURVE ( 'NONE', #132, #2314, #3016, .T. ) ;
#492 = CARTESIAN_POINT ( 'NONE',  ( 27.99999999999998579, 8.000000000000000000, 1.500000000000000000 ) ) ;
#493 = ORIENTED_EDGE ( 'NONE', *, *, #1649, .T. ) ;
#494 = DIRECTION ( 'NONE',  ( 0.000000000000000000, 0.000000000000000000, 1.000000000000000000 ) ) ;
#495 = CIRCLE ( 'NONE', #3388, 1.350000000000000533 ) ;
#496 = CARTESIAN_POINT ( 'NONE',  ( 15.99999999999994493, 20.00000000000000000, 0.000000000000000000 ) ) ;
#497 = FACE_OUTER_BOUND ( 'NONE', #1126, .T. ) ;
#498 = ORIENTED_EDGE ( 'NONE', *, *, #3857, .T. ) ;
#499 = CYLINDRICAL_SURFACE ( 'NONE', #1266, 1.449999999999999956 ) ;
#500 = EDGE_CURVE ( 'NONE', #2124, #2156, #2254, .T. ) ;
#501 = AXIS2_PLACEMENT_3D ( 'NONE', #2357, #490, #2903 ) ;
#502 = FACE_OUTER_BOUND ( 'NONE', #1190, .T. ) ;
#503 = CARTESIAN_POINT ( 'NONE',  ( 26.64999999999997371, 12.00000000000000000, 1.500000000000000000 ) ) ;
#504 = FACE_BOUND ( 'NONE', #974, .T. ) ;
#505 = ORIENTED_EDGE ( 'NONE', *, *, #1682, .T. ) ;
#506 = EDGE_CURVE ( 'NONE', #845, #2136, #228, .T. ) ;
#507 = VECTOR ( 'NONE', #455, 1000.000000000000000 ) ;
#508 = CARTESIAN_POINT ( 'NONE',  ( 17.19999999999998508, 8.000000000000000000, 0.000000000000000000 ) ) ;
#509 = VECTOR ( 'NONE', #2289, 1000.000000000000000 ) ;
#510 = ORIENTED_EDGE ( 'NONE', *, *, #1338, .F. ) ;
#511 = CARTESIAN_POINT ( 'NONE',  ( 35.99999999999998579, 8.000000000000000000, 1.500000000000000000 ) ) ;
#512 = DIRECTION ( 'NONE',  ( 1.000000000000000000, 0.000000000000000000, 0.000000000000000000 ) ) ;
#513 = AXIS2_PLACEMENT_3D ( 'NONE', #3236, #858, #571 ) ;
#514 = CIRCLE ( 'NONE', #758, 1.350000000000000533 ) ;
#515 = DIRECTION ( 'NONE',  ( 1.000000000000000000, 0.000000000000000000, 0.000000000000000000 ) ) ;
#516 = ORIENTED_EDGE ( 'NONE', *, *, #2922, .T. ) ;
#517 = CYLINDRICAL_SURFACE ( 'NONE', #3811, 1.449999999999999956 ) ;
#518 = CARTESIAN_POINT ( 'NONE',  ( 14.79999999999998650, 8.000000000000000000, 1.500000000000000000 ) ) ;
#519 = DIRECTION ( 'NONE',  ( -1.000000000000000000, 0.000000000000000000, 0.000000000000000000 ) ) ;
#520 = ORIENTED_EDGE ( 'NONE', *, *, #2355, .T. ) ;
#521 = EDGE_CURVE ( 'NONE', #3791, #2279, #3173, .T. ) ;
#522 = CARTESIAN_POINT ( 'NONE',  ( 35.99999999999997158, 12.00000000000000000, 1.500000000000000000 ) ) ;
#523 = APPLICATION_CONTEXT ( 'automotive_design' ) ;
#524 = DIRECTION ( 'NONE',  ( 0.000000000000000000, 0.000000000000000000, 1.000000000000000000 ) ) ;
#525 = DIRECTION ( 'NONE',  ( 0.000000000000000000, 0.000000000000000000, -1.000000000000000000 ) ) ;
#526 = DIRECTION ( 'NONE',  ( 0.000000000000000000, 0.000000000000000000, -1.000000000000000000 ) ) ;
#527 = ORIENTED_EDGE ( 'NONE', *, *, #2607, .F. ) ;
#528 = DIRECTION ( 'NONE',  ( 0.000000000000000000, 0.000000000000000000, 1.000000000000000000 ) ) ;
#529 = ORIENTED_EDGE ( 'NONE', *, *, #3813, .F. ) ;
#530 = EDGE_CURVE ( 'NONE', #1260, #268, #2896, .T. ) ;
#531 = EDGE_CURVE ( 'NONE', #3675, #1690, #1940, .T. ) ;
#532 = VERTEX_POINT ( 'NONE', #446 ) ;
#533 = CARTESIAN_POINT ( 'NONE',  ( 21.25000000000000000, 4.000000000000000000, 0.000000000000000000 ) ) ;
#534 = CARTESIAN_POINT ( 'NONE',  ( 20.00000000000000000, 4.000000000000000000, 0.000000000000000000 ) ) ;
#535 = ORIENTED_EDGE ( 'NONE', *, *, #2638, .F. ) ;
#536 = DIRECTION ( 'NONE',  ( 0.000000000000000000, 0.000000000000000000, -1.000000000000000000 ) ) ;
#537 = CARTESIAN_POINT ( 'NONE',  ( 30.59999999999999076, 8.000000000000000000, 1.500000000000000000 ) ) ;
#538 = DIRECTION ( 'NONE',  ( 0.000000000000000000, 0.000000000000000000, 1.000000000000000000 ) ) ;
#539 = VERTEX_POINT ( 'NONE', #153 ) ;
#540 = DIRECTION ( 'NONE',  ( 0.000000000000000000, 0.000000000000000000, -1.000000000000000000 ) ) ;
#541 = AXIS2_PLACEMENT_3D ( 'NONE', #2802, #118, #1310 ) ;
#542 = ADVANCED_FACE ( 'NONE', ( #465 ), #2854, .F. ) ;
#543 = ORIENTED_EDGE ( 'NONE', *, *, #987, .F. ) ;
#544 = CARTESIAN_POINT ( 'NONE',  ( 19.99999999999998579, 8.000000000000000000, 1.500000000000000000 ) ) ;
#545 = FACE_OUTER_BOUND ( 'NONE', #1268, .T. ) ;
#546 = EDGE_LOOP ( 'NONE', ( #3008, #411, #3645, #723 ) ) ;
#547 = DIRECTION ( 'NONE',  ( 0.000000000000000000, 0.000000000000000000, -1.000000000000000000 ) ) ;
#548 = CIRCLE ( 'NONE', #2363, 1.250000000000001110 ) ;
#549 = VERTEX_POINT ( 'NONE', #3762 ) ;
#550 = DIRECTION ( 'NONE',  ( -1.000000000000000000, 0.000000000000000000, 0.000000000000000000 ) ) ;
#551 = CARTESIAN_POINT ( 'NONE',  ( 33.39999999999999858, 4.000000000000000000, 1.500000000000000000 ) ) ;
#552 = AXIS2_PLACEMENT_3D ( 'NONE', #942, #2183, #1852 ) ;
#553 = CARTESIAN_POINT ( 'NONE',  ( 22.69999999999997442, 12.00000000000000000, 1.500000000000000000 ) ) ;
#554 = ADVANCED_FACE ( 'NONE', ( #2275 ), #1073, .F. ) ;
#555 = DIRECTION ( 'NONE',  ( -1.000000000000000000, 0.000000000000000000, 0.000000000000000000 ) ) ;
#556 = ORIENTED_EDGE ( 'NONE', *, *, #1389, .T. ) ;
#557 = AXIS2_PLACEMENT_3D ( 'NONE', #69, #1557, #1858 ) ;
#558 = DIRECTION ( 'NONE',  ( -1.000000000000000000, 0.000000000000000000, 0.000000000000000000 ) ) ;
#559 = EDGE_CURVE ( 'NONE', #1797, #750, #1089, .T. ) ;
#560 = DIRECTION ( 'NONE',  ( 0.000000000000000000, 0.000000000000000000, -1.000000000000000000 ) ) ;
#561 = ORIENTED_EDGE ( 'NONE', *, *, #1784, .T. ) ;
#562 = CARTESIAN_POINT ( 'NONE',  ( 34.54999999999996874, 12.00000000000000000, 0.000000000000000000 ) ) ;
#563 = CIRCLE ( 'NONE', #377, 1.449999999999999956 ) ;
#564 = ORIENTED_EDGE ( 'NONE', *, *, #331, .F. ) ;
#565 = DIRECTION ( 'NONE',  ( 0.000000000000000000, 0.000000000000000000, -1.000000000000000000 ) ) ;
#566 = CARTESIAN_POINT ( 'NONE',  ( 8.000000000000000000, 4.000000000000000000, 0.000000000000000000 ) ) ;
#567 = EDGE_LOOP ( 'NONE', ( #893, #2341, #2770, #831 ) ) ;
#568 = CARTESIAN_POINT ( 'NONE',  ( 11.99999999999998579, 8.000000000000000000, 1.500000000000000000 ) ) ;
#569 = ORIENTED_EDGE ( 'NONE', *, *, #1631, .F. ) ;
#570 = CIRCLE ( 'NONE', #3202, 1.500000000000001332 ) ;
#571 = DIRECTION ( 'NONE',  ( -1.000000000000000000, 0.000000000000000000, 0.000000000000000000 ) ) ;
#572 = CIRCLE ( 'NONE', #2759, 1.350000000000000533 ) ;
#573 = DIRECTION ( 'NONE',  ( -1.000000000000000000, 0.000000000000000000, 0.000000000000000000 ) ) ;
#574 = VERTEX_POINT ( 'NONE', #3482 ) ;
#575 = VECTOR ( 'NONE', #3790, 1000.000000000000000 ) ;
#576 = DIRECTION ( 'NONE',  ( 0.000000000000000000, 0.000000000000000000, -1.000000000000000000 ) ) ;
#577 = AXIS2_PLACEMENT_3D ( 'NONE', #1088, #2913, #227 ) ;
#578 = EDGE_LOOP ( 'NONE', ( #3757, #1345, #561, #125 ) ) ;
#579 = AXIS2_PLACEMENT_3D ( 'NONE', #3499, #1514, #244 ) ;
#580 = CARTESIAN_POINT ( 'NONE',  ( 35.99999999999997158, 12.00000000000000000, 0.000000000000000000 ) ) ;
#581 = AXIS2_PLACEMENT_3D ( 'NONE', #2308, #3190, #806 ) ;
#582 = CARTESIAN_POINT ( 'NONE',  ( 24.00000000000000000, 4.000000000000000000, 1.500000000000000000 ) ) ;
#583 = ORIENTED_EDGE ( 'NONE', *, *, #559, .T. ) ;
#584 = EDGE_CURVE ( 'NONE', #3659, #1478, #1707, .T. ) ;
#585 = ADVANCED_FACE ( 'NONE', ( #851 ), #2040, .F. ) ;
#586 = CARTESIAN_POINT ( 'NONE',  ( 29.34999999999997300, 12.00000000000000000, 1.500000000000000000 ) ) ;
#587 = ORIENTED_EDGE ( 'NONE', *, *, #1935, .F. ) ;
#588 = DIRECTION ( 'NONE',  ( 1.000000000000000000, 0.000000000000000000, 0.000000000000000000 ) ) ;
#589 = DIRECTION ( 'NONE',  ( 0.000000000000000000, 0.000000000000000000, -1.000000000000000000 ) ) ;
#590 = ORIENTED_EDGE ( 'NONE', *, *, #2474, .T. ) ;
#591 = DIRECTION ( 'NONE',  ( 0.000000000000000000, 0.000000000000000000, 1.000000000000000000 ) ) ;
#592 = EDGE_LOOP ( 'NONE', ( #316, #2132, #3676, #3612 ) ) ;
#593 = FACE_OUTER_BOUND ( 'NONE', #3605, .T. ) ;
#594 = VERTEX_POINT ( 'NONE', #1191 ) ;
#595 = CARTESIAN_POINT ( 'NONE',  ( 7.999999999999958256, 16.00000000000000000, 1.500000000000000000 ) ) ;
#596 = EDGE_CURVE ( 'NONE', #1330, #1404, #1511, .T. ) ;
#597 = EDGE_LOOP ( 'NONE', ( #999, #2722, #946, #470 ) ) ;
#598 = DIRECTION ( 'NONE',  ( 0.000000000000000000, 0.000000000000000000, -1.000000000000000000 ) ) ;
#599 = VECTOR ( 'NONE', #3038, 1000.000000000000000 ) ;
#600 = LINE ( 'NONE', #88, #883 ) ;
#601 = EDGE_LOOP ( 'NONE', ( #2101, #1320 ) ) ;
#602 = CARTESIAN_POINT ( 'NONE',  ( 5.049999999999986500, 8.000000000000000000, 0.000000000000000000 ) ) ;
#603 = EDGE_CURVE ( 'NONE', #1580, #2189, #2083, .T. ) ;
#604 = ORIENTED_EDGE ( 'NONE', *, *, #3377, .F. ) ;
#605 = CARTESIAN_POINT ( 'NONE',  ( 33.39999999999998437, 8.000000000000000000, 0.000000000000000000 ) ) ;
#606 = FACE_BOUND ( 'NONE', #3697, .T. ) ;
#607 = CYLINDRICAL_SURFACE ( 'NONE', #2118, 1.199999999999999734 ) ;
#608 = ORIENTED_EDGE ( 'NONE', *, *, #787, .T. ) ;
#609 = AXIS2_PLACEMENT_3D ( 'NONE', #3691, #1257, #718 ) ;
#610 = CARTESIAN_POINT ( 'NONE',  ( 39.99999999999997158, 12.00000000000000000, 0.000000000000000000 ) ) ;
#611 = EDGE_LOOP ( 'NONE', ( #1575, #3277 ) ) ;
#612 = AXIS2_PLACEMENT_3D ( 'NONE', #231, #315, #2960 ) ;
#613 = CARTESIAN_POINT ( 'NONE',  ( 27.99999999999994671, 20.00000000000000000, 1.500000000000000000 ) ) ;
#614 = DIRECTION ( 'NONE',  ( 0.000000000000000000, 0.000000000000000000, -1.000000000000000000 ) ) ;
#615 = AXIS2_PLACEMENT_3D ( 'NONE', #566, #272, #2660 ) ;
#616 = VERTEX_POINT ( 'NONE', #312 ) ;
#617 = DIRECTION ( 'NONE',  ( 1.000000000000000000, 0.000000000000000000, 0.000000000000000000 ) ) ;
#618 = AXIS2_PLACEMENT_3D ( 'NONE', #152, #1998, #2836 ) ;
#619 = CIRCLE ( 'NONE', #928, 1.399999999999998579 ) ;
#620 = EDGE_CURVE ( 'NONE', #2279, #1946, #1836, .T. ) ;
#621 = CARTESIAN_POINT ( 'NONE',  ( 34.54999999999998295, 8.000000000000000000, 1.500000000000000000 ) ) ;
#622 = ORIENTED_EDGE ( 'NONE', *, *, #1304, .T. ) ;
#623 = DIRECTION ( 'NONE',  ( 0.000000000000000000, 0.000000000000000000, 1.000000000000000000 ) ) ;
#624 = VERTEX_POINT ( 'NONE', #2957 ) ;
#625 = DIRECTION ( 'NONE',  ( 0.000000000000000000, 0.000000000000000000, -1.000000000000000000 ) ) ;
#626 = LINE ( 'NONE', #2409, #2425 ) ;
#627 = AXIS2_PLACEMENT_3D ( 'NONE', #2567, #1430, #1409 ) ;
#628 = DIRECTION ( 'NONE',  ( 0.000000000000000000, 0.000000000000000000, 1.000000000000000000 ) ) ;
#629 = ORIENTED_EDGE ( 'NONE', *, *, #137, .T. ) ;
#630 = PRODUCT_DEFINITION_FORMATION_WITH_SPECIFIED_SOURCE ( 'ä»', '', #2199, .NOT_KNOWN. ) ;
#631 = FACE_OUTER_BOUND ( 'NONE', #3254, .T. ) ;
#632 = DIRECTION ( 'NONE',  ( 1.000000000000000000, 0.000000000000000000, 0.000000000000000000 ) ) ;
#633 = ORIENTED_EDGE ( 'NONE', *, *, #2258, .T. ) ;
#634 = CARTESIAN_POINT ( 'NONE',  ( 13.14999999999997193, 12.00000000000000000, 0.000000000000000000 ) ) ;
#635 = CARTESIAN_POINT ( 'NONE',  ( 29.35000000000000142, 4.000000000000000000, 1.500000000000000000 ) ) ;
#636 = CIRCLE ( 'NONE', #2142, 1.299999999999999156 ) ;
#637 = ORIENTED_EDGE ( 'NONE', *, *, #3315, .T. ) ;
#638 = LINE ( 'NONE', #2383, #1751 ) ;
#639 = DIRECTION ( 'NONE',  ( -1.000000000000000000, 0.000000000000000000, 0.000000000000000000 ) ) ;
#640 = ORIENTED_EDGE ( 'NONE', *, *, #3165, .F. ) ;
#641 = CIRCLE ( 'NONE', #3834, 1.500000000000001332 ) ;
#642 = CARTESIAN_POINT ( 'NONE',  ( 15.99999999999994493, 20.00000000000000000, 0.000000000000000000 ) ) ;
#643 = ADVANCED_FACE ( 'NONE', ( #1484 ), #2701, .F. ) ;
#644 = ORIENTED_EDGE ( 'NONE', *, *, #2060, .T. ) ;
#645 = CARTESIAN_POINT ( 'NONE',  ( 3.999999999999959144, 16.00000000000000000, 1.500000000000000000 ) ) ;
#646 = DIRECTION ( 'NONE',  ( 0.000000000000000000, 0.000000000000000000, -1.000000000000000000 ) ) ;
#647 = ORIENTED_EDGE ( 'NONE', *, *, #3530, .F. ) ;
#648 = CARTESIAN_POINT ( 'NONE',  ( 13.14999999999998614, 8.000000000000000000, 0.000000000000000000 ) ) ;
#649 =( NAMED_UNIT ( * ) SI_UNIT ( $, .STERADIAN. ) SOLID_ANGLE_UNIT ( ) );
#650 = VERTEX_POINT ( 'NONE', #896 ) ;
#651 = LINE ( 'NONE', #1855, #3868 ) ;
#652 = EDGE_CURVE ( 'NONE', #1, #2589, #271, .T. ) ;
#653 = ADVANCED_FACE ( 'NONE', ( #2658 ), #2679, .F. ) ;
#654 = CARTESIAN_POINT ( 'NONE',  ( 21.24999999999996092, 16.00000000000000000, 0.000000000000000000 ) ) ;
#655 = EDGE_LOOP ( 'NONE', ( #2983, #590, #2372, #3467 ) ) ;
#656 = DIRECTION ( 'NONE',  ( 1.000000000000000000, 0.000000000000000000, 0.000000000000000000 ) ) ;
#657 = DIRECTION ( 'NONE',  ( 0.000000000000000000, 0.000000000000000000, 1.000000000000000000 ) ) ;
#658 = VERTEX_POINT ( 'NONE', #3862 ) ;
#659 = CARTESIAN_POINT ( 'NONE',  ( 13.14999999999998614, 8.000000000000000000, 1.500000000000000000 ) ) ;
#660 = ORIENTED_EDGE ( 'NONE', *, *, #1100, .F. ) ;
#661 = DIRECTION ( 'NONE',  ( 0.000000000000000000, 0.000000000000000000, 1.000000000000000000 ) ) ;
#662 = CARTESIAN_POINT ( 'NONE',  ( 7.999999999999958256, 16.00000000000000000, 1.500000000000000000 ) ) ;
#663 = ADVANCED_FACE ( 'NONE', ( #3883 ), #2120, .F. ) ;
#664 = ORIENTED_EDGE ( 'NONE', *, *, #696, .T. ) ;
#665 = CYLINDRICAL_SURFACE ( 'NONE', #54, 1.199999999999999734 ) ;
#666 = CARTESIAN_POINT ( 'NONE',  ( 9.099999999999958789, 16.00000000000000000, 0.000000000000000000 ) ) ;
#667 = VERTEX_POINT ( 'NONE', #605 ) ;
#668 = CARTESIAN_POINT ( 'NONE',  ( 7.999999999999972466, 12.00000000000000000, 0.000000000000000000 ) ) ;
#669 = CIRCLE ( 'NONE', #609, 1.149999999999998135 ) ;
#670 = DIRECTION ( 'NONE',  ( 0.000000000000000000, 0.000000000000000000, -1.000000000000000000 ) ) ;
#671 = ORIENTED_EDGE ( 'NONE', *, *, #3623, .F. ) ;
#672 = ORIENTED_EDGE ( 'NONE', *, *, #2624, .F. ) ;
#673 = FACE_OUTER_BOUND ( 'NONE', #1907, .T. ) ;
#674 = EDGE_CURVE ( 'NONE', #3704, #813, #3520, .T. ) ;
#675 = VECTOR ( 'NONE', #150, 1000.000000000000000 ) ;
#676 = CARTESIAN_POINT ( 'NONE',  ( 44.00000000000000000, 24.00000000000000000, 1.500000000000000000 ) ) ;
#677 = EDGE_LOOP ( 'NONE', ( #885, #3274, #1964, #1800 ) ) ;
#678 = EDGE_CURVE ( 'NONE', #539, #1143, #3565, .T. ) ;
#679 = DIRECTION ( 'NONE',  ( 0.000000000000000000, 0.000000000000000000, 1.000000000000000000 ) ) ;
#680 = FACE_BOUND ( 'NONE', #3055, .T. ) ;
#681 = ORIENTED_EDGE ( 'NONE', *, *, #3813, .T. ) ;
#683 = DIRECTION ( 'NONE',  ( 0.000000000000000000, 0.000000000000000000, -1.000000000000000000 ) ) ;
#682 = VECTOR ( 'NONE', #1139, 1000.000000000000000 ) ;
#684 = DIRECTION ( 'NONE',  ( 1.000000000000000000, 0.000000000000000000, 0.000000000000000000 ) ) ;
#685 = VERTEX_POINT ( 'NONE', #2390 ) ;
#686 = CARTESIAN_POINT ( 'NONE',  ( 25.29999999999997229, 12.00000000000000000, 1.500000000000000000 ) ) ;
#687 = ORIENTED_EDGE ( 'NONE', *, *, #3157, .F. ) ;
#688 = ORIENTED_EDGE ( 'NONE', *, *, #3157, .T. ) ;
#689 = CARTESIAN_POINT ( 'NONE',  ( 21.24999999999994671, 20.00000000000000000, 1.500000000000000000 ) ) ;
#690 = CARTESIAN_POINT ( 'NONE',  ( 23.99999999999997158, 12.00000000000000000, 0.000000000000000000 ) ) ;
#691 = AXIS2_PLACEMENT_3D ( 'NONE', #3298, #2724, #1853 ) ;
#692 = ORIENTED_EDGE ( 'NONE', *, *, #389, .T. ) ;
#693 = CIRCLE ( 'NONE', #1510, 1.250000000000001110 ) ;
#694 = CARTESIAN_POINT ( 'NONE',  ( 19.99999999999994316, 20.00000000000000000, 1.500000000000000000 ) ) ;
#695 = AXIS2_PLACEMENT_3D ( 'NONE', #3465, #1979, #3782 ) ;
#696 = EDGE_CURVE ( 'NONE', #3641, #650, #1321, .T. ) ;
#697 = EDGE_CURVE ( 'NONE', #3296, #3233, #3589, .T. ) ;
#698 = AXIS2_PLACEMENT_3D ( 'NONE', #298, #2, #2395 ) ;
#699 = FACE_BOUND ( 'NONE', #3035, .T. ) ;
#700 = VERTEX_POINT ( 'NONE', #2063 ) ;
#701 = CARTESIAN_POINT ( 'NONE',  ( 19.99999999999995737, 16.00000000000000000, 1.500000000000000000 ) ) ;
#702 = CARTESIAN_POINT ( 'NONE',  ( 23.99999999999998579, 8.000000000000000000, 1.500000000000000000 ) ) ;
#703 = EDGE_LOOP ( 'NONE', ( #604, #3508, #801, #2520 ) ) ;
#704 = CARTESIAN_POINT ( 'NONE',  ( 19.99999999999997158, 12.00000000000000000, 0.000000000000000000 ) ) ;
#705 = ORIENTED_EDGE ( 'NONE', *, *, #827, .T. ) ;
#706 = EDGE_LOOP ( 'NONE', ( #319, #2565, #3656, #2739 ) ) ;
#707 = CARTESIAN_POINT ( 'NONE',  ( 31.99999999999995737, 16.00000000000000000, 1.500000000000000000 ) ) ;
#708 = EDGE_CURVE ( 'NONE', #2189, #2062, #1450, .T. ) ;
#709 = CARTESIAN_POINT ( 'NONE',  ( 26.64999999999999858, 4.000000000000000000, 1.500000000000000000 ) ) ;
#710 = VERTEX_POINT ( 'NONE', #2333 ) ;
#711 = DIRECTION ( 'NONE',  ( 0.000000000000000000, 0.000000000000000000, 1.000000000000000000 ) ) ;
#712 = FACE_BOUND ( 'NONE', #2385, .T. ) ;
#713 = ADVANCED_FACE ( 'NONE', ( #3527 ), #832, .F. ) ;
#714 = ORIENTED_EDGE ( 'NONE', *, *, #3407, .T. ) ;
#715 = DIRECTION ( 'NONE',  ( 0.000000000000000000, 0.000000000000000000, -1.000000000000000000 ) ) ;
#716 = CARTESIAN_POINT ( 'NONE',  ( 0.000000000000000000, 0.000000000000000000, 0.000000000000000000 ) ) ;
#717 = ORIENTED_EDGE ( 'NONE', *, *, #1189, .T. ) ;
#718 = DIRECTION ( 'NONE',  ( 1.000000000000000000, 0.000000000000000000, 0.000000000000000000 ) ) ;
#719 = APPLICATION_CONTEXT ( 'automotive_design' ) ;
#720 = ORIENTED_EDGE ( 'NONE', *, *, #787, .F. ) ;
#721 = DIRECTION ( 'NONE',  ( 1.000000000000000000, 0.000000000000000000, 0.000000000000000000 ) ) ;
#722 = DIRECTION ( 'NONE',  ( 0.000000000000000000, 0.000000000000000000, 1.000000000000000000 ) ) ;
#723 = ORIENTED_EDGE ( 'NONE', *, *, #3654, .F. ) ;
#724 = ORIENTED_EDGE ( 'NONE', *, *, #3647, .T. ) ;
#725 = DIRECTION ( 'NONE',  ( 1.000000000000000000, 0.000000000000000000, 0.000000000000000000 ) ) ;
#726 = EDGE_CURVE ( 'NONE', #2466, #2003, #1640, .T. ) ;
#727 = DIRECTION ( 'NONE',  ( 1.000000000000000000, 0.000000000000000000, 0.000000000000000000 ) ) ;
#728 = VECTOR ( 'NONE', #2066, 1000.000000000000000 ) ;
#729 = ORIENTED_EDGE ( 'NONE', *, *, #2026, .F. ) ;
#730 = FACE_BOUND ( 'NONE', #1854, .T. ) ;
#731 = EDGE_LOOP ( 'NONE', ( #1163, #3086, #1648, #64 ) ) ;
#732 = EDGE_CURVE ( 'NONE', #3311, #532, #819, .T. ) ;
#733 = CIRCLE ( 'NONE', #2934, 1.399999999999998579 ) ;
#734 = CARTESIAN_POINT ( 'NONE',  ( 25.29999999999998650, 8.000000000000000000, 1.500000000000000000 ) ) ;
#735 = CARTESIAN_POINT ( 'NONE',  ( 37.44999999999995310, 16.00000000000000000, 1.500000000000000000 ) ) ;
#736 = DIRECTION ( 'NONE',  ( 1.000000000000000000, 0.000000000000000000, 0.000000000000000000 ) ) ;
#737 = VERTEX_POINT ( 'NONE', #3718 ) ;
#738 = CYLINDRICAL_SURFACE ( 'NONE', #1987, 1.299999999999999156 ) ;
#739 = EDGE_CURVE ( 'NONE', #650, #3641, #641, .T. ) ;
#740 = EDGE_CURVE ( 'NONE', #3230, #435, #3022, .T. ) ;
#741 = ORIENTED_EDGE ( 'NONE', *, *, #1860, .F. ) ;
#742 = DIRECTION ( 'NONE',  ( 0.000000000000000000, 0.000000000000000000, 1.000000000000000000 ) ) ;
#743 = CIRCLE ( 'NONE', #2689, 1.149999999999999911 ) ;
#744 = VECTOR ( 'NONE', #905, 1000.000000000000000 ) ;
#745 = DIRECTION ( 'NONE',  ( 1.000000000000000000, 0.000000000000000000, 0.000000000000000000 ) ) ;
#746 = EDGE_LOOP ( 'NONE', ( #3317, #1327, #463, #1943 ) ) ;
#747 = VERTEX_POINT ( 'NONE', #126 ) ;
#748 = DIRECTION ( 'NONE',  ( 0.000000000000000000, 0.000000000000000000, -1.000000000000000000 ) ) ;
#749 = CARTESIAN_POINT ( 'NONE',  ( 11.99999999999994493, 20.00000000000000000, 1.500000000000000000 ) ) ;
#750 = VERTEX_POINT ( 'NONE', #3125 ) ;
#751 = VERTEX_POINT ( 'NONE', #3646 ) ;
#752 = AXIS2_PLACEMENT_3D ( 'NONE', #1108, #524, #464 ) ;
#753 = EDGE_CURVE ( 'NONE', #2156, #2461, #1865, .T. ) ;
#754 = CARTESIAN_POINT ( 'NONE',  ( 22.69999999999996021, 16.00000000000000000, 1.500000000000000000 ) ) ;
#755 = DIRECTION ( 'NONE',  ( 0.000000000000000000, 0.000000000000000000, -1.000000000000000000 ) ) ;
#756 = DIRECTION ( 'NONE',  ( 0.000000000000000000, 0.000000000000000000, 1.000000000000000000 ) ) ;
#757 = EDGE_LOOP ( 'NONE', ( #1713, #3018, #724, #966 ) ) ;
#758 = AXIS2_PLACEMENT_3D ( 'NONE', #2636, #2347, #872 ) ;
#759 = DIRECTION ( 'NONE',  ( -1.000000000000000000, 0.000000000000000000, 0.000000000000000000 ) ) ;
#760 = CARTESIAN_POINT ( 'NONE',  ( 23.99999999999994671, 20.00000000000000000, 0.000000000000000000 ) ) ;
#761 = DIRECTION ( 'NONE',  ( 0.000000000000000000, 0.000000000000000000, -1.000000000000000000 ) ) ;
#762 = EDGE_CURVE ( 'NONE', #2857, #2057, #3736, .T. ) ;
#763 = CARTESIAN_POINT ( 'NONE',  ( 19.99999999999997158, 12.00000000000000000, 0.000000000000000000 ) ) ;
#764 = ORIENTED_EDGE ( 'NONE', *, *, #3428, .T. ) ;
#765 = LINE ( 'NONE', #3418, #599 ) ;
#766 = CARTESIAN_POINT ( 'NONE',  ( 27.99999999999998579, 8.000000000000000000, 1.500000000000000000 ) ) ;
#767 = ORIENTED_EDGE ( 'NONE', *, *, #2307, .F. ) ;
#768 = EDGE_CURVE ( 'NONE', #3578, #976, #2534, .T. ) ;
#769 = ORIENTED_EDGE ( 'NONE', *, *, #1749, .T. ) ;
#770 = CARTESIAN_POINT ( 'NONE',  ( 19.99999999999995737, 16.00000000000000000, 1.500000000000000000 ) ) ;
#771 = CYLINDRICAL_SURFACE ( 'NONE', #3245, 1.350000000000000533 ) ;
#772 = CIRCLE ( 'NONE', #466, 1.100000000000000311 ) ;
#773 = FACE_BOUND ( 'NONE', #85, .T. ) ;
#774 = EDGE_LOOP ( 'NONE', ( #3818, #3391, #1265, #3827 ) ) ;
#775 = ADVANCED_FACE ( 'NONE', ( #1024 ), #1527, .F. ) ;
#776 = DIRECTION ( 'NONE',  ( 1.000000000000000000, 0.000000000000000000, 0.000000000000000000 ) ) ;
#777 = ORIENTED_EDGE ( 'NONE', *, *, #3315, .F. ) ;
#778 = CARTESIAN_POINT ( 'NONE',  ( 15.99999999999995914, 16.00000000000000000, 1.500000000000000000 ) ) ;
#779 = CARTESIAN_POINT ( 'NONE',  ( 15.99999999999998579, 8.000000000000000000, 1.500000000000000000 ) ) ;
#780 = DIRECTION ( 'NONE',  ( 0.000000000000000000, 0.000000000000000000, -1.000000000000000000 ) ) ;
#781 = EDGE_CURVE ( 'NONE', #3735, #1797, #3668, .T. ) ;
#782 = ORIENTED_EDGE ( 'NONE', *, *, #3580, .F. ) ;
#783 = CYLINDRICAL_SURFACE ( 'NONE', #2306, 1.100000000000001199 ) ;
#784 = DIRECTION ( 'NONE',  ( 1.000000000000000000, 0.000000000000000000, 0.000000000000000000 ) ) ;
#785 = AXIS2_PLACEMENT_3D ( 'NONE', #1001, #1905, #3673 ) ;
#786 = EDGE_LOOP ( 'NONE', ( #2545, #3434 ) ) ;
#787 = EDGE_CURVE ( 'NONE', #439, #221, #1282, .T. ) ;
#788 = CIRCLE ( 'NONE', #2988, 1.050000000000001377 ) ;
#789 = CIRCLE ( 'NONE', #3488, 1.399999999999998579 ) ;
#790 = CIRCLE ( 'NONE', #420, 1.100000000000000311 ) ;
#791 = LINE ( 'NONE', #1421, #3454 ) ;
#792 = CARTESIAN_POINT ( 'NONE',  ( 44.00000000000000000, 0.000000000000000000, 0.000000000000000000 ) ) ;
#793 = AXIS2_PLACEMENT_3D ( 'NONE', #3455, #2864, #178 ) ;
#794 = DIRECTION ( 'NONE',  ( 0.000000000000000000, 0.000000000000000000, 1.000000000000000000 ) ) ;
#795 = EDGE_LOOP ( 'NONE', ( #3561, #2360 ) ) ;
#796 = DIRECTION ( 'NONE',  ( 0.000000000000000000, 0.000000000000000000, 1.000000000000000000 ) ) ;
#797 = EDGE_LOOP ( 'NONE', ( #1556, #114, #275, #853 ) ) ;
#798 = CARTESIAN_POINT ( 'NONE',  ( 11.99999999999995914, 16.00000000000000000, 1.500000000000000000 ) ) ;
#799 = DIRECTION ( 'NONE',  ( 0.000000000000000000, 0.000000000000000000, -1.000000000000000000 ) ) ;
#800 = DIRECTION ( 'NONE',  ( 0.000000000000000000, 0.000000000000000000, -1.000000000000000000 ) ) ;
#801 = ORIENTED_EDGE ( 'NONE', *, *, #3780, .T. ) ;
#802 = DIRECTION ( 'NONE',  ( 0.000000000000000000, 0.000000000000000000, -1.000000000000000000 ) ) ;
#803 = DIRECTION ( 'NONE',  ( 0.000000000000000000, 0.000000000000000000, -1.000000000000000000 ) ) ;
#804 = FACE_OUTER_BOUND ( 'NONE', #655, .T. ) ;
#805 = ORIENTED_EDGE ( 'NONE', *, *, #2711, .F. ) ;
#806 = DIRECTION ( 'NONE',  ( 1.000000000000000000, 0.000000000000000000, 0.000000000000000000 ) ) ;
#807 = EDGE_CURVE ( 'NONE', #1496, #3598, #3163, .T. ) ;
#808 = EDGE_CURVE ( 'NONE', #3257, #1923, #1090, .T. ) ;
#809 = AXIS2_PLACEMENT_3D ( 'NONE', #2404, #3286, #949 ) ;
#810 = CYLINDRICAL_SURFACE ( 'NONE', #3117, 1.149999999999998135 ) ;
#811 = FACE_OUTER_BOUND ( 'NONE', #2846, .T. ) ;
#812 = FACE_OUTER_BOUND ( 'NONE', #3348, .T. ) ;
#813 = VERTEX_POINT ( 'NONE', #2140 ) ;
#814 = AXIS2_PLACEMENT_3D ( 'NONE', #492, #1716, #3222 ) ;
#815 = LINE ( 'NONE', #2027, #3110 ) ;
#816 = VECTOR ( 'NONE', #625, 1000.000000000000000 ) ;
#817 = EDGE_CURVE ( 'NONE', #3082, #1362, #765, .T. ) ;
#818 = VERTEX_POINT ( 'NONE', #1953 ) ;
#819 = CIRCLE ( 'NONE', #134, 1.399999999999998579 ) ;
#820 = DIRECTION ( 'NONE',  ( 1.000000000000000000, 0.000000000000000000, 0.000000000000000000 ) ) ;
#821 = DIRECTION ( 'NONE',  ( 0.000000000000000000, 0.000000000000000000, 1.000000000000000000 ) ) ;
#822 = AXIS2_PLACEMENT_3D ( 'NONE', #2011, #2908, #784 ) ;
#823 = CARTESIAN_POINT ( 'NONE',  ( 41.50000000000000000, 4.000000000000000000, 0.000000000000000000 ) ) ;
#824 = ORIENTED_EDGE ( 'NONE', *, *, #781, .T. ) ;
#825 = DIRECTION ( 'NONE',  ( 0.000000000000000000, 0.000000000000000000, -1.000000000000000000 ) ) ;
#826 = CARTESIAN_POINT ( 'NONE',  ( 9.099999999999987210, 8.000000000000000000, 1.500000000000000000 ) ) ;
#827 = EDGE_CURVE ( 'NONE', #658, #895, #2784, .T. ) ;
#828 = DIRECTION ( 'NONE',  ( -1.000000000000000000, 0.000000000000000000, 0.000000000000000000 ) ) ;
#829 = EDGE_LOOP ( 'NONE', ( #1721, #2634, #76, #1416 ) ) ;
#830 = CARTESIAN_POINT ( 'NONE',  ( 5.049999999999944755, 20.00000000000000000, 1.500000000000000000 ) ) ;
#831 = ORIENTED_EDGE ( 'NONE', *, *, #1984, .F. ) ;
#832 = CYLINDRICAL_SURFACE ( 'NONE', #1517, 1.250000000000001110 ) ;
#833 = EDGE_CURVE ( 'NONE', #2501, #83, #94, .T. ) ;
#834 = DIRECTION ( 'NONE',  ( 1.000000000000000000, 0.000000000000000000, 0.000000000000000000 ) ) ;
#835 = EDGE_LOOP ( 'NONE', ( #3669, #1333, #1379, #2906 ) ) ;
#836 = DIRECTION ( 'NONE',  ( 1.000000000000000000, 0.000000000000000000, 0.000000000000000000 ) ) ;
#837 = EDGE_LOOP ( 'NONE', ( #505, #2773 ) ) ;
#838 = CARTESIAN_POINT ( 'NONE',  ( 35.99999999999997158, 12.00000000000000000, 1.500000000000000000 ) ) ;
#839 = EDGE_CURVE ( 'NONE', #813, #3704, #2974, .T. ) ;
#840 = DIRECTION ( 'NONE',  ( 0.000000000000000000, 0.000000000000000000, -1.000000000000000000 ) ) ;
#841 = DIRECTION ( 'NONE',  ( 0.000000000000000000, 0.000000000000000000, 1.000000000000000000 ) ) ;
#842 = CARTESIAN_POINT ( 'NONE',  ( 33.39999999999998437, 8.000000000000000000, 1.500000000000000000 ) ) ;
#843 = ORIENTED_EDGE ( 'NONE', *, *, #1100, .T. ) ;
#844 = CYLINDRICAL_SURFACE ( 'NONE', #1814, 1.449999999999999956 ) ;
#845 = VERTEX_POINT ( 'NONE', #2847 ) ;
#846 = CARTESIAN_POINT ( 'NONE',  ( 7.999999999999958256, 16.00000000000000000, 1.500000000000000000 ) ) ;
#847 = ORIENTED_EDGE ( 'NONE', *, *, #3550, .F. ) ;
#848 = CARTESIAN_POINT ( 'NONE',  ( 34.54999999999999716, 4.000000000000000000, 1.500000000000000000 ) ) ;
#849 = CIRCLE ( 'NONE', #1737, 1.399999999999998579 ) ;
#850 = ORIENTED_EDGE ( 'NONE', *, *, #2775, .F. ) ;
#851 = FACE_OUTER_BOUND ( 'NONE', #52, .T. ) ;
#852 = CYLINDRICAL_SURFACE ( 'NONE', #2302, 1.350000000000000533 ) ;
#853 = ORIENTED_EDGE ( 'NONE', *, *, #3472, .T. ) ;
#854 = FACE_OUTER_BOUND ( 'NONE', #950, .T. ) ;
#855 = AXIS2_PLACEMENT_3D ( 'NONE', #1181, #2092, #3282 ) ;
#856 = VERTEX_POINT ( 'NONE', #1545 ) ;
#857 = EDGE_CURVE ( 'NONE', #3108, #1946, #2740, .T. ) ;
#858 = DIRECTION ( 'NONE',  ( 0.000000000000000000, 0.000000000000000000, -1.000000000000000000 ) ) ;
#859 = DIRECTION ( 'NONE',  ( 0.000000000000000000, 0.000000000000000000, -1.000000000000000000 ) ) ;
#860 = AXIS2_PLACEMENT_3D ( 'NONE', #133, #3353, #3688 ) ;
#861 = LINE ( 'NONE', #1732, #682 ) ;
#862 = EDGE_LOOP ( 'NONE', ( #1884, #3085, #2244, #1161 ) ) ;
#863 = EDGE_CURVE ( 'NONE', #2651, #667, #2473, .T. ) ;
#864 = EDGE_CURVE ( 'NONE', #1756, #1634, #772, .T. ) ;
#865 = CARTESIAN_POINT ( 'NONE',  ( 27.99999999999995737, 16.00000000000000000, 0.000000000000000000 ) ) ;
#866 = ORIENTED_EDGE ( 'NONE', *, *, #3514, .T. ) ;
#867 = CIRCLE ( 'NONE', #3250, 1.500000000000001332 ) ;
#868 = FACE_OUTER_BOUND ( 'NONE', #567, .T. ) ;
#869 = DIRECTION ( 'NONE',  ( 0.000000000000000000, 0.000000000000000000, -1.000000000000000000 ) ) ;
#870 = ORIENTED_EDGE ( 'NONE', *, *, #2754, .T. ) ;
#871 = AXIS2_PLACEMENT_3D ( 'NONE', #120, #761, #1312 ) ;
#872 = DIRECTION ( 'NONE',  ( 1.000000000000000000, 0.000000000000000000, 0.000000000000000000 ) ) ;
#873 = CIRCLE ( 'NONE', #3442, 1.299999999999999156 ) ;
#874 = EDGE_LOOP ( 'NONE', ( #3730, #187, #1975, #3041 ) ) ;
#875 = DIRECTION ( 'NONE',  ( 0.000000000000000000, 0.000000000000000000, 1.000000000000000000 ) ) ;
#876 = FACE_BOUND ( 'NONE', #3690, .T. ) ;
#877 = VERTEX_POINT ( 'NONE', #222 ) ;
#878 = DIRECTION ( 'NONE',  ( 0.000000000000000000, 0.000000000000000000, 1.000000000000000000 ) ) ;
#879 = ADVANCED_FACE ( 'NONE', ( #1144 ), #2342, .F. ) ;
#880 = ORIENTED_EDGE ( 'NONE', *, *, #3603, .F. ) ;
#881 = COLOUR_RGB ( '',0.7921568627450980005, 0.8196078431372548767, 0.9333333333333333481 ) ;
#882 = CARTESIAN_POINT ( 'NONE',  ( 14.79999999999994564, 20.00000000000000000, 1.500000000000000000 ) ) ;
#883 = VECTOR ( 'NONE', #3307, 1000.000000000000000 ) ;
#884 = CARTESIAN_POINT ( 'NONE',  ( 3.999999999999959144, 16.00000000000000000, 1.500000000000000000 ) ) ;
#885 = ORIENTED_EDGE ( 'NONE', *, *, #2144, .T. ) ;
#886 = AXIS2_PLACEMENT_3D ( 'NONE', #1272, #392, #405 ) ;
#887 = ORIENTED_EDGE ( 'NONE', *, *, #233, .F. ) ;
#888 = CIRCLE ( 'NONE', #579, 1.049999999999999822 ) ;
#889 = DIRECTION ( 'NONE',  ( 0.000000000000000000, 0.000000000000000000, 1.000000000000000000 ) ) ;
#890 = EDGE_CURVE ( 'NONE', #700, #1789, #3518, .T. ) ;
#891 = CIRCLE ( 'NONE', #18, 1.050000000000000488 ) ;
#892 = CARTESIAN_POINT ( 'NONE',  ( 12.00000000000000000, 4.000000000000000000, 0.000000000000000000 ) ) ;
#893 = ORIENTED_EDGE ( 'NONE', *, *, #596, .T. ) ;
#894 = CARTESIAN_POINT ( 'NONE',  ( 37.44999999999993889, 20.00000000000000000, 1.500000000000000000 ) ) ;
#895 = VERTEX_POINT ( 'NONE', #204 ) ;
#896 = CARTESIAN_POINT ( 'NONE',  ( 41.49999999999994316, 20.00000000000000000, 1.500000000000000000 ) ) ;
#897 = CARTESIAN_POINT ( 'NONE',  ( 5.049999999999986500, 8.000000000000000000, 1.500000000000000000 ) ) ;
#898 = CYLINDRICAL_SURFACE ( 'NONE', #2426, 1.100000000000001199 ) ;
#899 = ORIENTED_EDGE ( 'NONE', *, *, #2258, .F. ) ;
#900 = DIRECTION ( 'NONE',  ( 1.000000000000000000, 0.000000000000000000, 0.000000000000000000 ) ) ;
#901 = ADVANCED_FACE ( 'NONE', ( #1164 ), #844, .F. ) ;
#902 = DIRECTION ( 'NONE',  ( 1.000000000000000000, 0.000000000000000000, 0.000000000000000000 ) ) ;
#903 = EDGE_LOOP ( 'NONE', ( #19, #3459 ) ) ;
#904 = CARTESIAN_POINT ( 'NONE',  ( 19.99999999999994316, 20.00000000000000000, 0.000000000000000000 ) ) ;
#905 = DIRECTION ( 'NONE',  ( 0.000000000000000000, 0.000000000000000000, -1.000000000000000000 ) ) ;
#906 = ORIENTED_EDGE ( 'NONE', *, *, #1476, .F. ) ;
#907 = DIRECTION ( 'NONE',  ( 1.000000000000000000, 0.000000000000000000, 0.000000000000000000 ) ) ;
#908 = DIRECTION ( 'NONE',  ( 1.000000000000000000, 0.000000000000000000, 0.000000000000000000 ) ) ;
#909 = EDGE_CURVE ( 'NONE', #43, #3746, #619, .T. ) ;
#910 = ORIENTED_EDGE ( 'NONE', *, *, #1476, .T. ) ;
#911 = DIRECTION ( 'NONE',  ( 0.000000000000000000, 0.000000000000000000, -1.000000000000000000 ) ) ;
#912 = EDGE_CURVE ( 'NONE', #1659, #2700, #2888, .T. ) ;
#913 = ORIENTED_EDGE ( 'NONE', *, *, #1248, .T. ) ;
#914 = DIRECTION ( 'NONE',  ( -1.000000000000000000, 0.000000000000000000, 0.000000000000000000 ) ) ;
#915 = FACE_BOUND ( 'NONE', #3475, .T. ) ;
#916 = CARTESIAN_POINT ( 'NONE',  ( 27.99999999999995737, 16.00000000000000000, 0.000000000000000000 ) ) ;
#917 = ORIENTED_EDGE ( 'NONE', *, *, #2393, .F. ) ;
#918 = FACE_OUTER_BOUND ( 'NONE', #677, .T. ) ;
#919 = CIRCLE ( 'NONE', #3618, 1.050000000000001377 ) ;
#920 = FILL_AREA_STYLE ('',( #3260 ) ) ;
#921 = EDGE_LOOP ( 'NONE', ( #263, #629, #3176, #403 ) ) ;
#922 = VECTOR ( 'NONE', #1704, 1000.000000000000000 ) ;
#923 = DIRECTION ( 'NONE',  ( 0.000000000000000000, 0.000000000000000000, 1.000000000000000000 ) ) ;
#924 = CARTESIAN_POINT ( 'NONE',  ( 41.49999999999998579, 8.000000000000000000, 1.500000000000000000 ) ) ;
#925 = EDGE_LOOP ( 'NONE', ( #3865, #2162 ) ) ;
#926 = DIRECTION ( 'NONE',  ( 0.000000000000000000, 0.000000000000000000, -1.000000000000000000 ) ) ;
#927 = AXIS2_PLACEMENT_3D ( 'NONE', #210, #2595, #3481 ) ;
#928 = AXIS2_PLACEMENT_3D ( 'NONE', #2869, #1992, #1099 ) ;
#929 = ADVANCED_FACE ( 'NONE', ( #1736 ), #2053, .F. ) ;
#930 = DIRECTION ( 'NONE',  ( 1.000000000000000000, 0.000000000000000000, 0.000000000000000000 ) ) ;
#931 = ORIENTED_EDGE ( 'NONE', *, *, #78, .F. ) ;
#932 = AXIS2_PLACEMENT_3D ( 'NONE', #3033, #3047, #325 ) ;
#933 = DIRECTION ( 'NONE',  ( 0.000000000000000000, 0.000000000000000000, 1.000000000000000000 ) ) ;
#934 = EDGE_LOOP ( 'NONE', ( #3462, #2454 ) ) ;
#935 = CARTESIAN_POINT ( 'NONE',  ( 36.00000000000000000, 4.000000000000000000, 0.000000000000000000 ) ) ;
#936 = ADVANCED_FACE ( 'NONE', ( #3224 ), #3244, .F. ) ;
#937 = FACE_BOUND ( 'NONE', #3510, .T. ) ;
#938 = AXIS2_PLACEMENT_3D ( 'NONE', #1043, #2195, #3149 ) ;
#939 = EDGE_CURVE ( 'NONE', #2755, #747, #1423, .T. ) ;
#940 = AXIS2_PLACEMENT_3D ( 'NONE', #3379, #410, #2509 ) ;
#941 = ORIENTED_EDGE ( 'NONE', *, *, #1530, .T. ) ;
#942 = CARTESIAN_POINT ( 'NONE',  ( 24.00000000000000000, 4.000000000000000000, 0.000000000000000000 ) ) ;
#943 = ORIENTED_EDGE ( 'NONE', *, *, #2191, .F. ) ;
#944 = DIRECTION ( 'NONE',  ( -1.000000000000000000, 0.000000000000000000, 0.000000000000000000 ) ) ;
#945 = CIRCLE ( 'NONE', #2262, 1.500000000000001332 ) ;
#946 = ORIENTED_EDGE ( 'NONE', *, *, #2134, .T. ) ;
#947 = CARTESIAN_POINT ( 'NONE',  ( 7.999999999999958256, 16.00000000000000000, 1.500000000000000000 ) ) ;
#948 = CIRCLE ( 'NONE', #814, 1.350000000000000533 ) ;
#949 = DIRECTION ( 'NONE',  ( 1.000000000000000000, 0.000000000000000000, 0.000000000000000000 ) ) ;
#950 = EDGE_LOOP ( 'NONE', ( #955, #971, #3568, #2198 ) ) ;
#951 = AXIS2_PLACEMENT_3D ( 'NONE', #3312, #3275, #1828 ) ;
#952 = ADVANCED_FACE ( 'NONE', ( #868 ), #517, .F. ) ;
#953 = CARTESIAN_POINT ( 'NONE',  ( 4.000000000000000000, 4.000000000000000000, 1.500000000000000000 ) ) ;
#954 = AXIS2_PLACEMENT_3D ( 'NONE', #2962, #1834, #2943 ) ;
#955 = ORIENTED_EDGE ( 'NONE', *, *, #1860, .T. ) ;
#956 = CARTESIAN_POINT ( 'NONE',  ( 31.99999999999998579, 8.000000000000000000, 0.000000000000000000 ) ) ;
#957 = CARTESIAN_POINT ( 'NONE',  ( 15.99999999999995914, 16.00000000000000000, 0.000000000000000000 ) ) ;
#958 = ORIENTED_EDGE ( 'NONE', *, *, #2684, .T. ) ;
#959 = EDGE_CURVE ( 'NONE', #877, #2293, #2126, .T. ) ;
#960 = DIRECTION ( 'NONE',  ( 1.000000000000000000, 0.000000000000000000, 0.000000000000000000 ) ) ;
#961 = DIRECTION ( 'NONE',  ( 1.000000000000000000, 0.000000000000000000, 0.000000000000000000 ) ) ;
#962 = EDGE_LOOP ( 'NONE', ( #2526, #717, #943, #2691 ) ) ;
#963 = LINE ( 'NONE', #2149, #2735 ) ;
#964 = DIRECTION ( 'NONE',  ( 0.000000000000000000, 0.000000000000000000, -1.000000000000000000 ) ) ;
#965 = ADVANCED_FACE ( 'NONE', ( #2572 ), #1085, .F. ) ;
#966 = ORIENTED_EDGE ( 'NONE', *, *, #1655, .T. ) ;
#967 = ORIENTED_EDGE ( 'NONE', *, *, #2117, .F. ) ;
#968 = DIRECTION ( 'NONE',  ( 0.000000000000000000, 0.000000000000000000, -1.000000000000000000 ) ) ;
#969 = AXIS2_PLACEMENT_3D ( 'NONE', #760, #3533, #820 ) ;
#970 = CYLINDRICAL_SURFACE ( 'NONE', #1765, 1.399999999999995026 ) ;
#971 = ORIENTED_EDGE ( 'NONE', *, *, #3105, .T. ) ;
#972 = AXIS2_PLACEMENT_3D ( 'NONE', #645, #748, #333 ) ;
#973 = CARTESIAN_POINT ( 'NONE',  ( 3.999999999999945377, 20.00000000000000000, 1.500000000000000000 ) ) ;
#974 = EDGE_LOOP ( 'NONE', ( #1355, #3115 ) ) ;
#975 = PLANE ( 'NONE',  #1489 ) ;
#976 = VERTEX_POINT ( 'NONE', #1433 ) ;
#977 = CARTESIAN_POINT ( 'NONE',  ( 18.74999999999995737, 16.00000000000000000, 1.500000000000000000 ) ) ;
#978 = LINE ( 'NONE', #3671, #1293 ) ;
#979 = ORIENTED_EDGE ( 'NONE', *, *, #2715, .F. ) ;
#980 = CARTESIAN_POINT ( 'NONE',  ( 6.899999999999985256, 8.000000000000000000, 0.000000000000000000 ) ) ;
#981 = AXIS2_PLACEMENT_3D ( 'NONE', #704, #3396, #357 ) ;
#982 = AXIS2_PLACEMENT_3D ( 'NONE', #173, #212, #1746 ) ;
#983 = CIRCLE ( 'NONE', #3306, 1.149999999999998135 ) ;
#984 = ORIENTED_EDGE ( 'NONE', *, *, #341, .T. ) ;
#985 = ORIENTED_EDGE ( 'NONE', *, *, #521, .F. ) ;
#986 = LINE ( 'NONE', #2530, #3067 ) ;
#987 = EDGE_CURVE ( 'NONE', #549, #1017, #2614, .T. ) ;
#988 = ADVANCED_FACE ( 'NONE', ( #3833 ), #3498, .F. ) ;
#989 = VECTOR ( 'NONE', #2757, 1000.000000000000000 ) ;
#990 = DIRECTION ( 'NONE',  ( 0.000000000000000000, 0.000000000000000000, 1.000000000000000000 ) ) ;
#991 = EDGE_LOOP ( 'NONE', ( #637, #343, #1612, #2532 ) ) ;
#992 = DIRECTION ( 'NONE',  ( 0.000000000000000000, 0.000000000000000000, -1.000000000000000000 ) ) ;
#993 = FACE_BOUND ( 'NONE', #324, .T. ) ;
#994 = ADVANCED_BREP_SHAPE_REPRESENTATION ( '\X2\70ed719487ba6bcd5b9e9a8c\X0\', ( #2794, #940 ), #3010 ) ;
#995 = ORIENTED_EDGE ( 'NONE', *, *, #1337, .F. ) ;
#997 = CARTESIAN_POINT ( 'NONE',  ( 35.99999999999998579, 8.000000000000000000, 0.000000000000000000 ) ) ;
#996 = AXIS2_PLACEMENT_3D ( 'NONE', #2477, #1279, #3677 ) ;
#998 = CARTESIAN_POINT ( 'NONE',  ( 29.34999999999994458, 20.00000000000000000, 1.500000000000000000 ) ) ;
#999 = ORIENTED_EDGE ( 'NONE', *, *, #2987, .F. ) ;
#1000 = EDGE_CURVE ( 'NONE', #3675, #1879, #1930, .T. ) ;
#1001 = CARTESIAN_POINT ( 'NONE',  ( 16.00000000000000000, 4.000000000000000000, 0.000000000000000000 ) ) ;
#1002 = VECTOR ( 'NONE', #1473, 1000.000000000000000 ) ;
#1003 = ORIENTED_EDGE ( 'NONE', *, *, #1601, .T. ) ;
#1004 = CARTESIAN_POINT ( 'NONE',  ( 5.050000000000000711, 4.000000000000000000, 1.500000000000000000 ) ) ;
#1005 = DIRECTION ( 'NONE',  ( 0.000000000000000000, 0.000000000000000000, 1.000000000000000000 ) ) ;
#1006 = CIRCLE ( 'NONE', #3383, 1.449999999999999956 ) ;
#1007 = ORIENTED_EDGE ( 'NONE', *, *, #1456, .F. ) ;
#1008 = CIRCLE ( 'NONE', #2949, 1.250000000000001110 ) ;
#1009 = DIRECTION ( 'NONE',  ( 0.000000000000000000, 0.000000000000000000, 1.000000000000000000 ) ) ;
#1010 = AXIS2_PLACEMENT_3D ( 'NONE', #483, #172, #2560 ) ;
#1011 = AXIS2_PLACEMENT_3D ( 'NONE', #838, #1752, #256 ) ;
#1012 = FACE_BOUND ( 'NONE', #2887, .T. ) ;
#1013 = AXIS2_PLACEMENT_3D ( 'NONE', #226, #1419, #2615 ) ;
#1014 = ORIENTED_EDGE ( 'NONE', *, *, #2446, .T. ) ;
#1015 = FACE_OUTER_BOUND ( 'NONE', #991, .T. ) ;
#1016 = CARTESIAN_POINT ( 'NONE',  ( 41.50000000000000000, 4.000000000000000000, 1.500000000000000000 ) ) ;
#1017 = VERTEX_POINT ( 'NONE', #264 ) ;
#1018 = DIRECTION ( 'NONE',  ( 0.000000000000000000, 0.000000000000000000, -1.000000000000000000 ) ) ;
#1019 = ADVANCED_FACE ( 'NONE', ( #3476 ), #783, .F. ) ;
#1020 = VERTEX_POINT ( 'NONE', #1538 ) ;
#1021 = CARTESIAN_POINT ( 'NONE',  ( 3.999999999999986233, 8.000000000000000000, 0.000000000000000000 ) ) ;
#1022 = DIRECTION ( 'NONE',  ( 0.000000000000000000, 0.000000000000000000, 1.000000000000000000 ) ) ;
#1023 = ORIENTED_EDGE ( 'NONE', *, *, #1649, .F. ) ;
#1024 = FACE_OUTER_BOUND ( 'NONE', #444, .T. ) ;
#1025 = CARTESIAN_POINT ( 'NONE',  ( 25.29999999999995808, 16.00000000000000000, 1.500000000000000000 ) ) ;
#1026 = EDGE_CURVE ( 'NONE', #1429, #2332, #113, .T. ) ;
#1027 = VERTEX_POINT ( 'NONE', #1223 ) ;
#1028 = FACE_BOUND ( 'NONE', #3538, .T. ) ;
#1029 = EDGE_CURVE ( 'NONE', #3532, #3279, #370, .T. ) ;
#1030 = ORIENTED_EDGE ( 'NONE', *, *, #3780, .F. ) ;
#1031 = FACE_OUTER_BOUND ( 'NONE', #2351, .T. ) ;
#1032 = DIRECTION ( 'NONE',  ( 1.000000000000000000, 0.000000000000000000, 0.000000000000000000 ) ) ;
#1033 = DIRECTION ( 'NONE',  ( 0.000000000000000000, 0.000000000000000000, 1.000000000000000000 ) ) ;
#1034 = VERTEX_POINT ( 'NONE', #2692 ) ;
#1035 = CARTESIAN_POINT ( 'NONE',  ( 33.39999999999994174, 20.00000000000000000, 0.000000000000000000 ) ) ;
#1036 = EDGE_LOOP ( 'NONE', ( #672, #3046, #456, #3004 ) ) ;
#1037 = LINE ( 'NONE', #413, #1939 ) ;
#1038 = AXIS2_PLACEMENT_3D ( 'NONE', #2727, #1018, #2221 ) ;
#1039 = DIRECTION ( 'NONE',  ( 0.000000000000000000, 0.000000000000000000, -1.000000000000000000 ) ) ;
#1040 = VERTEX_POINT ( 'NONE', #3579 ) ;
#1041 = EDGE_LOOP ( 'NONE', ( #2071, #1717 ) ) ;
#1042 = CARTESIAN_POINT ( 'NONE',  ( 27.99999999999998579, 8.000000000000000000, 0.000000000000000000 ) ) ;
#1043 = CARTESIAN_POINT ( 'NONE',  ( 7.999999999999972466, 12.00000000000000000, 1.500000000000000000 ) ) ;
#1044 = EDGE_CURVE ( 'NONE', #2700, #268, #1561, .T. ) ;
#1045 = AXIS2_PLACEMENT_3D ( 'NONE', #1488, #878, #2663 ) ;
#1046 = ORIENTED_EDGE ( 'NONE', *, *, #1361, .F. ) ;
#1047 = CIRCLE ( 'NONE', #1555, 1.250000000000001110 ) ;
#1048 = EDGE_LOOP ( 'NONE', ( #415, #1494 ) ) ;
#1049 = AXIS2_PLACEMENT_3D ( 'NONE', #2133, #598, #3325 ) ;
#1050 = DIRECTION ( 'NONE',  ( -1.000000000000000000, 0.000000000000000000, 0.000000000000000000 ) ) ;
#1051 = EDGE_CURVE ( 'NONE', #3211, #3659, #867, .T. ) ;
#1052 = DIRECTION ( 'NONE',  ( 1.000000000000000000, 0.000000000000000000, 0.000000000000000000 ) ) ;
#1053 = EDGE_CURVE ( 'NONE', #3352, #3296, #2616, .T. ) ;
#1054 = DIRECTION ( 'NONE',  ( -1.000000000000000000, 0.000000000000000000, 0.000000000000000000 ) ) ;
#1055 = ORIENTED_EDGE ( 'NONE', *, *, #2576, .F. ) ;
#1056 = DIRECTION ( 'NONE',  ( -1.000000000000000000, -0.000000000000000000, -0.000000000000000000 ) ) ;
#1057 = APPLICATION_PROTOCOL_DEFINITION ( 'draft international standard', 'automotive_design', 1998, #523 ) ;
#1058 = CARTESIAN_POINT ( 'NONE',  ( 21.24999999999994671, 20.00000000000000000, 1.500000000000000000 ) ) ;
#1059 = CARTESIAN_POINT ( 'NONE',  ( 12.00000000000000000, 4.000000000000000000, 1.500000000000000000 ) ) ;
#1060 = CIRCLE ( 'NONE', #938, 1.100000000000000311 ) ;
#1061 = LINE ( 'NONE', #1672, #1313 ) ;
#1062 = ORIENTED_EDGE ( 'NONE', *, *, #2446, .F. ) ;
#1063 = DIRECTION ( 'NONE',  ( 0.000000000000000000, 0.000000000000000000, 1.000000000000000000 ) ) ;
#1064 = CARTESIAN_POINT ( 'NONE',  ( 38.49999999999995737, 16.00000000000000000, 1.500000000000000000 ) ) ;
#1065 = AXIS2_PLACEMENT_3D ( 'NONE', #3611, #2376, #632 ) ;
#1066 = VERTEX_POINT ( 'NONE', #2113 ) ;
#1067 = VECTOR ( 'NONE', #3049, 1000.000000000000000 ) ;
#1068 = EDGE_CURVE ( 'NONE', #1432, #311, #3121, .T. ) ;
#1069 = VECTOR ( 'NONE', #2169, 1000.000000000000000 ) ;
#1070 = ORIENTED_EDGE ( 'NONE', *, *, #6, .T. ) ;
#1071 = AXIS2_PLACEMENT_3D ( 'NONE', #2164, #1624, #960 ) ;
#1072 = CARTESIAN_POINT ( 'NONE',  ( 11.99999999999995914, 16.00000000000000000, 1.500000000000000000 ) ) ;
#1073 = CYLINDRICAL_SURFACE ( 'NONE', #695, 1.100000000000001199 ) ;
#1074 = CARTESIAN_POINT ( 'NONE',  ( 22.69999999999994600, 20.00000000000000000, 0.000000000000000000 ) ) ;
#1075 = ORIENTED_EDGE ( 'NONE', *, *, #1125, .T. ) ;
#1076 = AXIS2_PLACEMENT_3D ( 'NONE', #953, #2736, #53 ) ;
#1077 = CARTESIAN_POINT ( 'NONE',  ( 0.000000000000000000, 24.00000000000000000, 1.500000000000000000 ) ) ;
#1078 = EDGE_LOOP ( 'NONE', ( #850, #1910, #1684, #1805 ) ) ;
#1079 = ADVANCED_FACE ( 'NONE', ( #2749 ), #361, .F. ) ;
#1080 = FACE_OUTER_BOUND ( 'NONE', #3050, .T. ) ;
#1081 = CARTESIAN_POINT ( 'NONE',  ( 8.000000000000000000, 4.000000000000000000, 1.500000000000000000 ) ) ;
#1082 = EDGE_CURVE ( 'NONE', #2057, #1769, #3628, .T. ) ;
#1083 = DIRECTION ( 'NONE',  ( 1.000000000000000000, 0.000000000000000000, 0.000000000000000000 ) ) ;
#1084 = ORIENTED_EDGE ( 'NONE', *, *, #1760, .T. ) ;
#1085 = CYLINDRICAL_SURFACE ( 'NONE', #1301, 1.449999999999999956 ) ;
#1086 = CARTESIAN_POINT ( 'NONE',  ( 39.99999999999995737, 16.00000000000000000, 1.500000000000000000 ) ) ;
#1087 = ORIENTED_EDGE ( 'NONE', *, *, #1679, .T. ) ;
#1088 = CARTESIAN_POINT ( 'NONE',  ( 23.99999999999997158, 12.00000000000000000, 1.500000000000000000 ) ) ;
#1089 = LINE ( 'NONE', #503, #509 ) ;
#1090 = CIRCLE ( 'NONE', #1470, 1.049999999999999822 ) ;
#1091 = FACE_BOUND ( 'NONE', #1375, .T. ) ;
#1092 = ORIENTED_EDGE ( 'NONE', *, *, #3170, .T. ) ;
#1093 = DIRECTION ( 'NONE',  ( -1.000000000000000000, 0.000000000000000000, 0.000000000000000000 ) ) ;
#1094 = ORIENTED_EDGE ( 'NONE', *, *, #3842, .F. ) ;
#1095 = CARTESIAN_POINT ( 'NONE',  ( 31.99999999999995737, 16.00000000000000000, 1.500000000000000000 ) ) ;
#1096 = DIRECTION ( 'NONE',  ( -1.000000000000000000, 0.000000000000000000, 0.000000000000000000 ) ) ;
#1097 = CARTESIAN_POINT ( 'NONE',  ( 38.49999999999998579, 8.000000000000000000, 1.500000000000000000 ) ) ;
#1098 = ORIENTED_EDGE ( 'NONE', *, *, #939, .F. ) ;
#1099 = DIRECTION ( 'NONE',  ( 1.000000000000000000, 0.000000000000000000, 0.000000000000000000 ) ) ;
#1100 = EDGE_CURVE ( 'NONE', #574, #3135, #240, .T. ) ;
#1101 = CARTESIAN_POINT ( 'NONE',  ( 34.54999999999994031, 20.00000000000000000, 0.000000000000000000 ) ) ;
#1102 = CYLINDRICAL_SURFACE ( 'NONE', #1994, 1.149999999999999911 ) ;
#1103 = VECTOR ( 'NONE', #3083, 1000.000000000000000 ) ;
#1104 = ORIENTED_EDGE ( 'NONE', *, *, #3478, .T. ) ;
#1105 = AXIS2_PLACEMENT_3D ( 'NONE', #3708, #2525, #736 ) ;
#1106 = CARTESIAN_POINT ( 'NONE',  ( 18.74999999999998579, 8.000000000000000000, 0.000000000000000000 ) ) ;
#1107 = CIRCLE ( 'NONE', #110, 1.250000000000001110 ) ;
#1108 = CARTESIAN_POINT ( 'NONE',  ( 19.99999999999995737, 16.00000000000000000, 1.500000000000000000 ) ) ;
#1109 = CARTESIAN_POINT ( 'NONE',  ( 10.84999999999999964, 4.000000000000000000, 1.500000000000000000 ) ) ;
#1110 = CIRCLE ( 'NONE', #793, 1.449999999999999956 ) ;
#1111 = AXIS2_PLACEMENT_3D ( 'NONE', #182, #536, #3777 ) ;
#1112 = DIRECTION ( 'NONE',  ( 0.000000000000000000, -1.000000000000000000, 0.000000000000000000 ) ) ;
#1113 = ORIENTED_EDGE ( 'NONE', *, *, #987, .T. ) ;
#1114 = DIRECTION ( 'NONE',  ( 0.000000000000000000, 0.000000000000000000, 1.000000000000000000 ) ) ;
#1115 = VERTEX_POINT ( 'NONE', #2968 ) ;
#1116 = ADVANCED_FACE ( 'NONE', ( #1261 ), #1821, .F. ) ;
#1117 = CARTESIAN_POINT ( 'NONE',  ( 30.59999999999995168, 20.00000000000000000, 1.500000000000000000 ) ) ;
#1118 = FACE_OUTER_BOUND ( 'NONE', #3724, .T. ) ;
#1119 = CARTESIAN_POINT ( 'NONE',  ( 30.60000000000000497, 4.000000000000000000, 1.500000000000000000 ) ) ;
#1120 = ORIENTED_EDGE ( 'NONE', *, *, #1539, .T. ) ;
#1121 = CARTESIAN_POINT ( 'NONE',  ( 7.999999999999972466, 12.00000000000000000, 1.500000000000000000 ) ) ;
#1122 = AXIS2_PLACEMENT_3D ( 'NONE', #2811, #2806, #3401 ) ;
#1123 = CARTESIAN_POINT ( 'NONE',  ( 22.69999999999997442, 12.00000000000000000, 1.500000000000000000 ) ) ;
#1124 = CARTESIAN_POINT ( 'NONE',  ( 35.99999999999995737, 16.00000000000000000, 1.500000000000000000 ) ) ;
#1125 = EDGE_CURVE ( 'NONE', #2055, #1690, #733, .T. ) ;
#1126 = EDGE_LOOP ( 'NONE', ( #2202, #2683, #99, #143 ) ) ;
#1127 = CARTESIAN_POINT ( 'NONE',  ( 0.000000000000000000, 0.000000000000000000, 1.500000000000000000 ) ) ;
#1128 = ADVANCED_FACE ( 'NONE', ( #2075 ), #3877, .F. ) ;
#1129 = CIRCLE ( 'NONE', #3703, 1.250000000000001110 ) ;
#1130 = ORIENTED_EDGE ( 'NONE', *, *, #3313, .F. ) ;
#1131 = DIRECTION ( 'NONE',  ( 1.000000000000000000, 0.000000000000000000, 0.000000000000000000 ) ) ;
#1132 = DIRECTION ( 'NONE',  ( 0.000000000000000000, 0.000000000000000000, 1.000000000000000000 ) ) ;
#1133 = EDGE_LOOP ( 'NONE', ( #3320, #3185 ) ) ;
#1134 = CIRCLE ( 'NONE', #2326, 1.350000000000000533 ) ;
#1135 = DIRECTION ( 'NONE',  ( 0.000000000000000000, 0.000000000000000000, -1.000000000000000000 ) ) ;
#1136 = ORIENTED_EDGE ( 'NONE', *, *, #1622, .F. ) ;
#1137 = AXIS2_PLACEMENT_3D ( 'NONE', #2408, #251, #1806 ) ;
#1138 = FACE_OUTER_BOUND ( 'NONE', #1218, .T. ) ;
#1139 = DIRECTION ( 'NONE',  ( 0.000000000000000000, 0.000000000000000000, -1.000000000000000000 ) ) ;
#1140 = CIRCLE ( 'NONE', #2153, 1.350000000000000533 ) ;
#1141 = EDGE_CURVE ( 'NONE', #3246, #3876, #638, .T. ) ;
#1142 = FACE_OUTER_BOUND ( 'NONE', #197, .T. ) ;
#1143 = VERTEX_POINT ( 'NONE', #1843 ) ;
#1144 = FACE_OUTER_BOUND ( 'NONE', #2097, .T. ) ;
#1145 = EDGE_LOOP ( 'NONE', ( #234, #1443 ) ) ;
#1146 = LINE ( 'NONE', #3837, #3621 ) ;
#1147 = VERTEX_POINT ( 'NONE', #2438 ) ;
#1148 = CARTESIAN_POINT ( 'NONE',  ( 2.949999999999945555, 20.00000000000000000, 1.500000000000000000 ) ) ;
#1149 = ORIENTED_EDGE ( 'NONE', *, *, #3550, .T. ) ;
#1150 = DIRECTION ( 'NONE',  ( 1.000000000000000000, 0.000000000000000000, 0.000000000000000000 ) ) ;
#1151 = VECTOR ( 'NONE', #3182, 1000.000000000000000 ) ;
#1152 = EDGE_CURVE ( 'NONE', #157, #3340, #3285, .T. ) ;
#1153 = FACE_BOUND ( 'NONE', #786, .T. ) ;
#1154 = ORIENTED_EDGE ( 'NONE', *, *, #2608, .F. ) ;
#1155 = DIRECTION ( 'NONE',  ( 0.000000000000000000, 0.000000000000000000, 1.000000000000000000 ) ) ;
#1156 = ORIENTED_EDGE ( 'NONE', *, *, #1304, .F. ) ;
#1157 = AXIS2_PLACEMENT_3D ( 'NONE', #1931, #3332, #2518 ) ;
#1158 = CYLINDRICAL_SURFACE ( 'NONE', #954, 1.149999999999999911 ) ;
#1159 = LINE ( 'NONE', #3850, #2125 ) ;
#1160 = CYLINDRICAL_SURFACE ( 'NONE', #501, 1.100000000000001199 ) ;
#1161 = ORIENTED_EDGE ( 'NONE', *, *, #1630, .F. ) ;
#1162 = DIRECTION ( 'NONE',  ( 0.000000000000000000, 1.000000000000000000, 0.000000000000000000 ) ) ;
#1163 = ORIENTED_EDGE ( 'NONE', *, *, #3514, .F. ) ;
#1164 = FACE_OUTER_BOUND ( 'NONE', #1914, .T. ) ;
#1165 = FACE_OUTER_BOUND ( 'NONE', #3570, .T. ) ;
#1166 = EDGE_LOOP ( 'NONE', ( #2498, #3166 ) ) ;
#1167 = ADVANCED_FACE ( 'NONE', ( #2985 ), #305, .F. ) ;
#1168 = PLANE ( 'NONE',  #2639 ) ;
#1169 = AXIS2_PLACEMENT_3D ( 'NONE', #393, #3061, #374 ) ;
#1170 = CIRCLE ( 'NONE', #2182, 1.399999999999998579 ) ;
#1171 = ORIENTED_EDGE ( 'NONE', *, *, #697, .T. ) ;
#1172 = CARTESIAN_POINT ( 'NONE',  ( 18.74999999999994316, 20.00000000000000000, 1.500000000000000000 ) ) ;
#1173 = FACE_BOUND ( 'NONE', #475, .T. ) ;
#1174 = ORIENTED_EDGE ( 'NONE', *, *, #3363, .T. ) ;
#1175 = CARTESIAN_POINT ( 'NONE',  ( 37.44999999999993889, 20.00000000000000000, 0.000000000000000000 ) ) ;
#1176 = CIRCLE ( 'NONE', #3684, 1.100000000000000311 ) ;
#1177 = ORIENTED_EDGE ( 'NONE', *, *, #1585, .T. ) ;
#1178 = ADVANCED_FACE ( 'NONE', ( #673 ), #2172, .F. ) ;
#1179 = FACE_OUTER_BOUND ( 'NONE', #2892, .T. ) ;
#1180 = AXIS2_PLACEMENT_3D ( 'NONE', #2743, #3670, #1307 ) ;
#1181 = CARTESIAN_POINT ( 'NONE',  ( 23.99999999999998579, 8.000000000000000000, 0.000000000000000000 ) ) ;
#1182 = VERTEX_POINT ( 'NONE', #3361 ) ;
#1183 = DIRECTION ( 'NONE',  ( 0.000000000000000000, 0.000000000000000000, -1.000000000000000000 ) ) ;
#1184 = ORIENTED_EDGE ( 'NONE', *, *, #2987, .T. ) ;
#1185 = DIRECTION ( 'NONE',  ( 1.000000000000000000, 0.000000000000000000, 0.000000000000000000 ) ) ;
#1186 = CARTESIAN_POINT ( 'NONE',  ( 9.099999999999944578, 20.00000000000000000, 1.500000000000000000 ) ) ;
#1187 = ORIENTED_EDGE ( 'NONE', *, *, #2168, .F. ) ;
#1188 = CARTESIAN_POINT ( 'NONE',  ( 30.59999999999996234, 16.00000000000000000, 0.000000000000000000 ) ) ;
#1189 = EDGE_CURVE ( 'NONE', #2827, #3529, #1471, .T. ) ;
#1190 = EDGE_LOOP ( 'NONE', ( #1469, #2931, #1666, #3444 ) ) ;
#1191 = CARTESIAN_POINT ( 'NONE',  ( 41.49999999999995737, 16.00000000000000000, 1.500000000000000000 ) ) ;
#1192 = FACE_BOUND ( 'NONE', #1324, .T. ) ;
#1193 = ORIENTED_EDGE ( 'NONE', *, *, #2638, .T. ) ;
#1194 = CARTESIAN_POINT ( 'NONE',  ( 29.34999999999997300, 12.00000000000000000, 0.000000000000000000 ) ) ;
#1195 = ORIENTED_EDGE ( 'NONE', *, *, #3040, .F. ) ;
#1196 = VECTOR ( 'NONE', #2494, 1000.000000000000000 ) ;
#1197 = CYLINDRICAL_SURFACE ( 'NONE', #1011, 1.449999999999999956 ) ;
#1198 = VECTOR ( 'NONE', #1594, 1000.000000000000000 ) ;
#1199 = VECTOR ( 'NONE', #211, 1000.000000000000000 ) ;
#1200 = CARTESIAN_POINT ( 'NONE',  ( 19.99999999999997158, 12.00000000000000000, 1.500000000000000000 ) ) ;
#1201 = ORIENTED_EDGE ( 'NONE', *, *, #620, .F. ) ;
#1202 = DIRECTION ( 'NONE',  ( 0.000000000000000000, 0.000000000000000000, -1.000000000000000000 ) ) ;
#1203 = LINE ( 'NONE', #2728, #1002 ) ;
#1204 = EDGE_LOOP ( 'NONE', ( #1277, #3360 ) ) ;
#1205 = AXIS2_PLACEMENT_3D ( 'NONE', #1877, #968, #3066 ) ;
#1206 = CARTESIAN_POINT ( 'NONE',  ( 31.99999999999998579, 8.000000000000000000, 1.500000000000000000 ) ) ;
#1207 = AXIS2_PLACEMENT_3D ( 'NONE', #2972, #2594, #2059 ) ;
#1208 = CARTESIAN_POINT ( 'NONE',  ( 34.54999999999998295, 8.000000000000000000, 1.500000000000000000 ) ) ;
#1209 = EDGE_LOOP ( 'NONE', ( #777, #2398 ) ) ;
#1210 = DIRECTION ( 'NONE',  ( 0.000000000000000000, 0.000000000000000000, 1.000000000000000000 ) ) ;
#1211 = VERTEX_POINT ( 'NONE', #3025 ) ;
#1212 = CARTESIAN_POINT ( 'NONE',  ( 12.00000000000000000, 4.000000000000000000, 0.000000000000000000 ) ) ;
#1213 = FACE_BOUND ( 'NONE', #2374, .T. ) ;
#1214 = DIRECTION ( 'NONE',  ( 1.000000000000000000, 0.000000000000000000, 0.000000000000000000 ) ) ;
#1215 = ORIENTED_EDGE ( 'NONE', *, *, #1948, .T. ) ;
#1216 = DIRECTION ( 'NONE',  ( 0.000000000000000000, 0.000000000000000000, 1.000000000000000000 ) ) ;
#1217 = CARTESIAN_POINT ( 'NONE',  ( 33.39999999999994174, 20.00000000000000000, 1.500000000000000000 ) ) ;
#1218 = EDGE_LOOP ( 'NONE', ( #2471, #2358, #3070, #2628 ) ) ;
#1219 = ADVANCED_FACE ( 'NONE', ( #631 ), #1158, .F. ) ;
#1220 = DIRECTION ( 'NONE',  ( 1.000000000000000000, 0.000000000000000000, 0.000000000000000000 ) ) ;
#1221 = CARTESIAN_POINT ( 'NONE',  ( 15.99999999999994493, 20.00000000000000000, 1.500000000000000000 ) ) ;
#1222 = EDGE_LOOP ( 'NONE', ( #1526, #2489, #622, #270 ) ) ;
#1223 = CARTESIAN_POINT ( 'NONE',  ( 44.00000000000000000, 24.00000000000000000, 1.500000000000000000 ) ) ;
#1224 = DIRECTION ( 'NONE',  ( 0.000000000000000000, 0.000000000000000000, 1.000000000000000000 ) ) ;
#1225 = EDGE_LOOP ( 'NONE', ( #207, #3243, #1499, #95 ) ) ;
#1226 = ADVANCED_FACE ( 'NONE', ( #918 ), #337, .F. ) ;
#1227 = ADVANCED_FACE ( 'NONE', ( #1179 ), #3297, .F. ) ;
#1228 = CYLINDRICAL_SURFACE ( 'NONE', #3587, 1.049999999999999822 ) ;
#1229 = VERTEX_POINT ( 'NONE', #1532 ) ;
#1230 = DIRECTION ( 'NONE',  ( 0.000000000000000000, 0.000000000000000000, 1.000000000000000000 ) ) ;
#1231 = FACE_BOUND ( 'NONE', #1934, .T. ) ;
#1232 = AXIS2_PLACEMENT_3D ( 'NONE', #469, #2820, #1346 ) ;
#1233 = ORIENTED_EDGE ( 'NONE', *, *, #491, .F. ) ;
#1234 = CARTESIAN_POINT ( 'NONE',  ( 15.99999999999998579, 8.000000000000000000, 1.500000000000000000 ) ) ;
#1235 = VECTOR ( 'NONE', #646, 1000.000000000000000 ) ;
#1236 = DIRECTION ( 'NONE',  ( 0.000000000000000000, 0.000000000000000000, 1.000000000000000000 ) ) ;
#1237 = VERTEX_POINT ( 'NONE', #1772 ) ;
#1238 = CIRCLE ( 'NONE', #3426, 1.149999999999999911 ) ;
#1239 = DIRECTION ( 'NONE',  ( 0.000000000000000000, 0.000000000000000000, 1.000000000000000000 ) ) ;
#1240 = CARTESIAN_POINT ( 'NONE',  ( 5.049999999999960743, 16.00000000000000000, 0.000000000000000000 ) ) ;
#1241 = ADVANCED_FACE ( 'NONE', ( #593 ), #1491, .F. ) ;
#1242 = ORIENTED_EDGE ( 'NONE', *, *, #3362, .F. ) ;
#1243 = DIRECTION ( 'NONE',  ( -1.000000000000000000, 0.000000000000000000, 0.000000000000000000 ) ) ;
#1244 = DIRECTION ( 'NONE',  ( -0.000000000000000000, -0.000000000000000000, -1.000000000000000000 ) ) ;
#1245 = ORIENTED_EDGE ( 'NONE', *, *, #216, .F. ) ;
#1246 = AXIS2_PLACEMENT_3D ( 'NONE', #1520, #926, #1243 ) ;
#1247 = DIRECTION ( 'NONE',  ( 1.000000000000000000, 0.000000000000000000, 0.000000000000000000 ) ) ;
#1248 = EDGE_CURVE ( 'NONE', #102, #2835, #201, .T. ) ;
#1249 = EDGE_LOOP ( 'NONE', ( #2119, #3308 ) ) ;
#1250 = DIRECTION ( 'NONE',  ( 1.000000000000000000, 0.000000000000000000, 0.000000000000000000 ) ) ;
#1251 = FACE_BOUND ( 'NONE', #1145, .T. ) ;
#1252 = CIRCLE ( 'NONE', #2442, 1.149999999999999911 ) ;
#1253 = EDGE_CURVE ( 'NONE', #1436, #1182, #2331, .T. ) ;
#1254 = ORIENTED_EDGE ( 'NONE', *, *, #1271, .F. ) ;
#1255 = LINE ( 'NONE', #977, #3373 ) ;
#1256 = VERTEX_POINT ( 'NONE', #2981 ) ;
#1257 = DIRECTION ( 'NONE',  ( 0.000000000000000000, 0.000000000000000000, 1.000000000000000000 ) ) ;
#1258 = FACE_OUTER_BOUND ( 'NONE', #2411, .T. ) ;
#1259 = AXIS2_PLACEMENT_3D ( 'NONE', #3733, #722, #3678 ) ;
#1260 = VERTEX_POINT ( 'NONE', #2665 ) ;
#1261 = FACE_OUTER_BOUND ( 'NONE', #349, .T. ) ;
#1262 = VECTOR ( 'NONE', #800, 1000.000000000000000 ) ;
#1263 = CIRCLE ( 'NONE', #1071, 1.449999999999999956 ) ;
#1264 = CARTESIAN_POINT ( 'NONE',  ( 39.99999999999998579, 8.000000000000000000, 0.000000000000000000 ) ) ;
#1265 = ORIENTED_EDGE ( 'NONE', *, *, #912, .T. ) ;
#1266 = AXIS2_PLACEMENT_3D ( 'NONE', #522, #1723, #2911 ) ;
#1267 = DIRECTION ( 'NONE',  ( -1.000000000000000000, 0.000000000000000000, 0.000000000000000000 ) ) ;
#1268 = EDGE_LOOP ( 'NONE', ( #2648, #3848, #2437, #782 ) ) ;
#1269 = FACE_BOUND ( 'NONE', #611, .T. ) ;
#1270 = ORIENTED_EDGE ( 'NONE', *, *, #341, .F. ) ;
#1271 = EDGE_CURVE ( 'NONE', #2003, #1229, #3552, .T. ) ;
#1272 = CARTESIAN_POINT ( 'NONE',  ( 7.999999999999944933, 20.00000000000000000, 1.500000000000000000 ) ) ;
#1273 = ADVANCED_FACE ( 'NONE', ( #3259 ), #1197, .F. ) ;
#1274 = DIRECTION ( 'NONE',  ( 1.000000000000000000, 0.000000000000000000, 0.000000000000000000 ) ) ;
#1275 = ORIENTED_EDGE ( 'NONE', *, *, #1539, .F. ) ;
#1276 = DIRECTION ( 'NONE',  ( 0.000000000000000000, 0.000000000000000000, 1.000000000000000000 ) ) ;
#1277 = ORIENTED_EDGE ( 'NONE', *, *, #1492, .F. ) ;
#1278 = EDGE_LOOP ( 'NONE', ( #1149, #1591 ) ) ;
#1279 = DIRECTION ( 'NONE',  ( 0.000000000000000000, 0.000000000000000000, -1.000000000000000000 ) ) ;
#1280 = DIRECTION ( 'NONE',  ( 0.000000000000000000, 0.000000000000000000, 1.000000000000000000 ) ) ;
#1281 = VERTEX_POINT ( 'NONE', #1451 ) ;
#1282 = CIRCLE ( 'NONE', #284, 1.500000000000001332 ) ;
#1283 = CARTESIAN_POINT ( 'NONE',  ( 7.999999999999986677, 8.000000000000000000, 1.500000000000000000 ) ) ;
#1284 = EDGE_CURVE ( 'NONE', #311, #1432, #17, .T. ) ;
#1285 = FACE_BOUND ( 'NONE', #1502, .T. ) ;
#1286 = ORIENTED_EDGE ( 'NONE', *, *, #2007, .T. ) ;
#1287 = DIRECTION ( 'NONE',  ( -1.000000000000000000, 0.000000000000000000, 0.000000000000000000 ) ) ;
#1288 = CARTESIAN_POINT ( 'NONE',  ( 34.54999999999996874, 12.00000000000000000, 1.500000000000000000 ) ) ;
#1289 = ORIENTED_EDGE ( 'NONE', *, *, #2831, .F. ) ;
#1290 = DIRECTION ( 'NONE',  ( -1.000000000000000000, 0.000000000000000000, 0.000000000000000000 ) ) ;
#1291 = EDGE_CURVE ( 'NONE', #286, #3261, #1842, .T. ) ;
#1292 = CIRCLE ( 'NONE', #2296, 1.100000000000000311 ) ;
#1293 = VECTOR ( 'NONE', #154, 1000.000000000000000 ) ;
#1294 = AXIS2_PLACEMENT_3D ( 'NONE', #2336, #3531, #3547 ) ;
#1295 = ORIENTED_EDGE ( 'NONE', *, *, #808, .F. ) ;
#1296 = EDGE_LOOP ( 'NONE', ( #2094, #2910, #1845, #3764 ) ) ;
#1297 = CARTESIAN_POINT ( 'NONE',  ( 24.00000000000000000, 4.000000000000000000, 0.000000000000000000 ) ) ;
#1298 = DIRECTION ( 'NONE',  ( 1.000000000000000000, 0.000000000000000000, 0.000000000000000000 ) ) ;
#1299 = ORIENTED_EDGE ( 'NONE', *, *, #3151, .T. ) ;
#1300 = AXIS2_PLACEMENT_3D ( 'NONE', #1095, #2294, #2902 ) ;
#1301 = AXIS2_PLACEMENT_3D ( 'NONE', #241, #2590, #2300 ) ;
#1302 = DIRECTION ( 'NONE',  ( 1.000000000000000000, 0.000000000000000000, 0.000000000000000000 ) ) ;
#1303 = CARTESIAN_POINT ( 'NONE',  ( 0.000000000000000000, 0.000000000000000000, 0.000000000000000000 ) ) ;
#1304 = EDGE_CURVE ( 'NONE', #1675, #1211, #3572, .T. ) ;
#1305 = EDGE_LOOP ( 'NONE', ( #3399, #2622 ) ) ;
#1307 = DIRECTION ( 'NONE',  ( -1.000000000000000000, 0.000000000000000000, 0.000000000000000000 ) ) ;
#1306 = AXIS2_PLACEMENT_3D ( 'NONE', #707, #1908, #3456 ) ;
#1308 = CARTESIAN_POINT ( 'NONE',  ( 7.999999999999944933, 20.00000000000000000, 1.500000000000000000 ) ) ;
#1309 = ORIENTED_EDGE ( 'NONE', *, *, #2474, .F. ) ;
#1310 = DIRECTION ( 'NONE',  ( 1.000000000000000000, 0.000000000000000000, 0.000000000000000000 ) ) ;
#1311 = ORIENTED_EDGE ( 'NONE', *, *, #3747, .F. ) ;
#1312 = DIRECTION ( 'NONE',  ( -1.000000000000000000, 0.000000000000000000, 0.000000000000000000 ) ) ;
#1313 = VECTOR ( 'NONE', #2867, 1000.000000000000000 ) ;
#1314 = DIRECTION ( 'NONE',  ( 0.000000000000000000, 0.000000000000000000, 1.000000000000000000 ) ) ;
#1315 = ORIENTED_EDGE ( 'NONE', *, *, #1530, .F. ) ;
#1316 = DIRECTION ( 'NONE',  ( 1.000000000000000000, 0.000000000000000000, 0.000000000000000000 ) ) ;
#1317 = ADVANCED_FACE ( 'NONE', ( #2090 ), #1793, .F. ) ;
#1318 = AXIS2_PLACEMENT_3D ( 'NONE', #1734, #2965, #1777 ) ;
#1319 = CARTESIAN_POINT ( 'NONE',  ( 23.99999999999994671, 20.00000000000000000, 1.500000000000000000 ) ) ;
#1320 = ORIENTED_EDGE ( 'NONE', *, *, #2656, .F. ) ;
#1321 = CIRCLE ( 'NONE', #3143, 1.500000000000001332 ) ;
#1322 = CIRCLE ( 'NONE', #3522, 1.350000000000000533 ) ;
#1323 = FACE_BOUND ( 'NONE', #2335, .T. ) ;
#1324 = EDGE_LOOP ( 'NONE', ( #397, #1595 ) ) ;
#1325 = DIRECTION ( 'NONE',  ( 0.000000000000000000, 0.000000000000000000, 1.000000000000000000 ) ) ;
#1326 = DIRECTION ( 'NONE',  ( 0.000000000000000000, 0.000000000000000000, -1.000000000000000000 ) ) ;
#1327 = ORIENTED_EDGE ( 'NONE', *, *, #2319, .T. ) ;
#1328 = CARTESIAN_POINT ( 'NONE',  ( 13.14999999999998614, 8.000000000000000000, 1.500000000000000000 ) ) ;
#1329 = EDGE_CURVE ( 'NONE', #1334, #1237, #2021, .T. ) ;
#1330 = VERTEX_POINT ( 'NONE', #2106 ) ;
#1331 = DIRECTION ( 'NONE',  ( 0.000000000000000000, 0.000000000000000000, 1.000000000000000000 ) ) ;
#1332 = CYLINDRICAL_SURFACE ( 'NONE', #2884, 1.500000000000001332 ) ;
#1333 = ORIENTED_EDGE ( 'NONE', *, *, #2775, .T. ) ;
#1334 = VERTEX_POINT ( 'NONE', #1815 ) ;
#1335 = CARTESIAN_POINT ( 'NONE',  ( 27.99999999999998579, 8.000000000000000000, 1.500000000000000000 ) ) ;
#1336 = LINE ( 'NONE', #1064, #390 ) ;
#1337 = EDGE_CURVE ( 'NONE', #1429, #2651, #3001, .T. ) ;
#1338 = EDGE_CURVE ( 'NONE', #3343, #2529, #1140, .T. ) ;
#1339 = ORIENTED_EDGE ( 'NONE', *, *, #331, .T. ) ;
#1340 = DIRECTION ( 'NONE',  ( 0.000000000000000000, 0.000000000000000000, 1.000000000000000000 ) ) ;
#1341 = ORIENTED_EDGE ( 'NONE', *, *, #3630, .F. ) ;
#1342 = LINE ( 'NONE', #754, #423 ) ;
#1343 = FACE_OUTER_BOUND ( 'NONE', #1036, .T. ) ;
#1344 = CARTESIAN_POINT ( 'NONE',  ( 4.000000000000000000, 4.000000000000000000, 1.500000000000000000 ) ) ;
#1345 = ORIENTED_EDGE ( 'NONE', *, *, #3802, .T. ) ;
#1346 = DIRECTION ( 'NONE',  ( 1.000000000000000000, 0.000000000000000000, 0.000000000000000000 ) ) ;
#1347 = PRODUCT_CONTEXT ( 'NONE', #523, 'mechanical' ) ;
#1348 = ORIENTED_EDGE ( 'NONE', *, *, #1559, .F. ) ;
#1349 = CARTESIAN_POINT ( 'NONE',  ( 28.00000000000000000, 4.000000000000000000, 1.500000000000000000 ) ) ;
#1350 = CIRCLE ( 'NONE', #3551, 1.500000000000001332 ) ;
#1351 = PRODUCT_DEFINITION ( 'æœ', '', #630, #2204 ) ;
#1352 = EDGE_CURVE ( 'NONE', #2062, #2189, #3773, .T. ) ;
#1353 = CARTESIAN_POINT ( 'NONE',  ( 25.30000000000000071, 4.000000000000000000, 1.500000000000000000 ) ) ;
#1354 = ORIENTED_EDGE ( 'NONE', *, *, #3501, .T. ) ;
#1355 = ORIENTED_EDGE ( 'NONE', *, *, #2633, .F. ) ;
#1356 = CARTESIAN_POINT ( 'NONE',  ( 7.999999999999986677, 8.000000000000000000, 0.000000000000000000 ) ) ;
#1357 = DIRECTION ( 'NONE',  ( 1.000000000000000000, 0.000000000000000000, 0.000000000000000000 ) ) ;
#1358 = MECHANICAL_DESIGN_GEOMETRIC_PRESENTATION_REPRESENTATION (  '', ( #3075 ), #1481 ) ;
#1359 = ORIENTED_EDGE ( 'NONE', *, *, #3193, .F. ) ;
#1360 = CIRCLE ( 'NONE', #176, 1.350000000000000533 ) ;
#1361 = EDGE_CURVE ( 'NONE', #2028, #2557, #888, .T. ) ;
#1362 = VERTEX_POINT ( 'NONE', #1101 ) ;
#1363 = CARTESIAN_POINT ( 'NONE',  ( 0.000000000000000000, 0.000000000000000000, 1.500000000000000000 ) ) ;
#1364 = DIRECTION ( 'NONE',  ( -1.000000000000000000, 0.000000000000000000, 0.000000000000000000 ) ) ;
#1365 = DIRECTION ( 'NONE',  ( -1.000000000000000000, 0.000000000000000000, 0.000000000000000000 ) ) ;
#1366 = EDGE_LOOP ( 'NONE', ( #2748, #640, #379, #3546 ) ) ;
#1367 = CARTESIAN_POINT ( 'NONE',  ( 0.000000000000000000, 24.00000000000000000, 1.500000000000000000 ) ) ;
#1368 = EDGE_LOOP ( 'NONE', ( #2277, #3124 ) ) ;
#1369 = CIRCLE ( 'NONE', #3567, 1.100000000000000311 ) ;
#1370 = FACE_OUTER_BOUND ( 'NONE', #578, .T. ) ;
#1371 = CARTESIAN_POINT ( 'NONE',  ( 39.99999999999998579, 8.000000000000000000, 1.500000000000000000 ) ) ;
#1372 = VECTOR ( 'NONE', #1911, 1000.000000000000000 ) ;
#1373 = AXIS2_PLACEMENT_3D ( 'NONE', #1516, #3614, #1796 ) ;
#1374 = LINE ( 'NONE', #709, #1198 ) ;
#1375 = EDGE_LOOP ( 'NONE', ( #3223, #3227 ) ) ;
#1376 = CARTESIAN_POINT ( 'NONE',  ( 36.00000000000000000, 4.000000000000000000, 1.500000000000000000 ) ) ;
#1377 = DIRECTION ( 'NONE',  ( 0.000000000000000000, 0.000000000000000000, -1.000000000000000000 ) ) ;
#1378 = PRESENTATION_LAYER_ASSIGNMENT (  '', '', ( #3075 ) ) ;
#1379 = ORIENTED_EDGE ( 'NONE', *, *, #1781, .F. ) ;
#1380 = AXIS2_PLACEMENT_3D ( 'NONE', #690, #1022, #159 ) ;
#1381 = CIRCLE ( 'NONE', #752, 1.250000000000001110 ) ;
#1382 = CARTESIAN_POINT ( 'NONE',  ( 26.64999999999995950, 16.00000000000000000, 0.000000000000000000 ) ) ;
#1383 = CARTESIAN_POINT ( 'NONE',  ( 35.99999999999998579, 8.000000000000000000, 1.500000000000000000 ) ) ;
#1384 = FACE_OUTER_BOUND ( 'NONE', #921, .T. ) ;
#1385 = VERTEX_POINT ( 'NONE', #1396 ) ;
#1386 = AXIS2_PLACEMENT_3D ( 'NONE', #642, #623, #2100 ) ;
#1387 = CARTESIAN_POINT ( 'NONE',  ( 14.79999999999994564, 20.00000000000000000, 1.500000000000000000 ) ) ;
#1388 = ORIENTED_EDGE ( 'NONE', *, *, #3841, .F. ) ;
#1389 = EDGE_CURVE ( 'NONE', #3340, #1211, #330, .T. ) ;
#1390 = EDGE_CURVE ( 'NONE', #1281, #2959, #3005, .T. ) ;
#1391 = CARTESIAN_POINT ( 'NONE',  ( 16.00000000000000000, 4.000000000000000000, 1.500000000000000000 ) ) ;
#1392 = DIRECTION ( 'NONE',  ( 0.000000000000000000, 0.000000000000000000, 1.000000000000000000 ) ) ;
#1393 = LINE ( 'NONE', #1755, #575 ) ;
#1394 = VERTEX_POINT ( 'NONE', #826 ) ;
#1395 = CARTESIAN_POINT ( 'NONE',  ( 16.00000000000000000, 4.000000000000000000, 0.000000000000000000 ) ) ;
#1396 = CARTESIAN_POINT ( 'NONE',  ( 13.14999999999997193, 12.00000000000000000, 1.500000000000000000 ) ) ;
#1397 = DIRECTION ( 'NONE',  ( -1.000000000000000000, 0.000000000000000000, 0.000000000000000000 ) ) ;
#1398 = VERTEX_POINT ( 'NONE', #2609 ) ;
#1399 = LINE ( 'NONE', #1783, #3835 ) ;
#1400 = ADVANCED_FACE ( 'NONE', ( #2301 ), #2130, .F. ) ;
#1401 = CARTESIAN_POINT ( 'NONE',  ( 15.99999999999994493, 20.00000000000000000, 1.500000000000000000 ) ) ;
#1402 = DIRECTION ( 'NONE',  ( 0.000000000000000000, 0.000000000000000000, -1.000000000000000000 ) ) ;
#1403 = CARTESIAN_POINT ( 'NONE',  ( 27.99999999999998579, 8.000000000000000000, 0.000000000000000000 ) ) ;
#1404 = VERTEX_POINT ( 'NONE', #5 ) ;
#1405 = CARTESIAN_POINT ( 'NONE',  ( 9.099999999999987210, 8.000000000000000000, 0.000000000000000000 ) ) ;
#1406 = UNCERTAINTY_MEASURE_WITH_UNIT (LENGTH_MEASURE( 1.000000000000000082E-05 ), #1839, 'distance_accuracy_value', 'NONE');
#1407 = ORIENTED_EDGE ( 'NONE', *, *, #1880, .F. ) ;
#1408 = CARTESIAN_POINT ( 'NONE',  ( 17.19999999999999929, 4.000000000000000000, 1.500000000000000000 ) ) ;
#1409 = DIRECTION ( 'NONE',  ( 1.000000000000000000, 0.000000000000000000, 0.000000000000000000 ) ) ;
#1410 = ADVANCED_FACE ( 'NONE', ( #3778 ), #2688, .F. ) ;
#1411 = LINE ( 'NONE', #842, #2952 ) ;
#1412 = EDGE_LOOP ( 'NONE', ( #1425, #2970, #535, #3205 ) ) ;
#1413 = DIRECTION ( 'NONE',  ( 1.000000000000000000, 0.000000000000000000, 0.000000000000000000 ) ) ;
#1414 = DIRECTION ( 'NONE',  ( -1.000000000000000000, 0.000000000000000000, 0.000000000000000000 ) ) ;
#1415 = DIRECTION ( 'NONE',  ( 0.000000000000000000, 0.000000000000000000, 1.000000000000000000 ) ) ;
#1416 = ORIENTED_EDGE ( 'NONE', *, *, #2273, .F. ) ;
#1417 = AXIS2_PLACEMENT_3D ( 'NONE', #3763, #1980, #1054 ) ;
#1418 = VECTOR ( 'NONE', #1667, 1000.000000000000000 ) ;
#1419 = DIRECTION ( 'NONE',  ( 0.000000000000000000, 0.000000000000000000, 1.000000000000000000 ) ) ;
#1420 = VECTOR ( 'NONE', #1437, 1000.000000000000000 ) ;
#1421 = CARTESIAN_POINT ( 'NONE',  ( 30.60000000000000497, 4.000000000000000000, 1.500000000000000000 ) ) ;
#1422 = DIRECTION ( 'NONE',  ( 0.000000000000000000, 0.000000000000000000, 1.000000000000000000 ) ) ;
#1423 = CIRCLE ( 'NONE', #1617, 1.100000000000000311 ) ;
#1424 = DIRECTION ( 'NONE',  ( 0.000000000000000000, 0.000000000000000000, -1.000000000000000000 ) ) ;
#1425 = ORIENTED_EDGE ( 'NONE', *, *, #233, .T. ) ;
#1426 = EDGE_CURVE ( 'NONE', #3598, #1496, #2640, .T. ) ;
#1427 = CARTESIAN_POINT ( 'NONE',  ( 17.19999999999995666, 16.00000000000000000, 1.500000000000000000 ) ) ;
#1428 = VERTEX_POINT ( 'NONE', #320 ) ;
#1429 = VERTEX_POINT ( 'NONE', #537 ) ;
#1430 = DIRECTION ( 'NONE',  ( 0.000000000000000000, 0.000000000000000000, 1.000000000000000000 ) ) ;
#1431 = CARTESIAN_POINT ( 'NONE',  ( 25.29999999999994387, 20.00000000000000000, 1.500000000000000000 ) ) ;
#1432 = VERTEX_POINT ( 'NONE', #634 ) ;
#1433 = CARTESIAN_POINT ( 'NONE',  ( 2.949999999999971756, 12.00000000000000000, 0.000000000000000000 ) ) ;
#1434 = AXIS2_PLACEMENT_3D ( 'NONE', #2247, #127, #3719 ) ;
#1435 = DIRECTION ( 'NONE',  ( 1.000000000000000000, 0.000000000000000000, 0.000000000000000000 ) ) ;
#1436 = VERTEX_POINT ( 'NONE', #518 ) ;
#1437 = DIRECTION ( 'NONE',  ( 0.000000000000000000, 0.000000000000000000, -1.000000000000000000 ) ) ;
#1438 = EDGE_LOOP ( 'NONE', ( #3722, #3626, #364, #1030 ) ) ;
#1439 = EDGE_CURVE ( 'NONE', #856, #3823, #1322, .T. ) ;
#1440 = EDGE_CURVE ( 'NONE', #2991, #1256, #2767, .T. ) ;
#1441 = DIRECTION ( 'NONE',  ( 0.000000000000000000, 0.000000000000000000, -1.000000000000000000 ) ) ;
#1442 = CIRCLE ( 'NONE', #809, 1.299999999999999156 ) ;
#1443 = ORIENTED_EDGE ( 'NONE', *, *, #732, .T. ) ;
#1444 = CARTESIAN_POINT ( 'NONE',  ( 30.59999999999995168, 20.00000000000000000, 1.500000000000000000 ) ) ;
#1445 = CYLINDRICAL_SURFACE ( 'NONE', #2924, 1.050000000000000488 ) ;
#1446 = ORIENTED_EDGE ( 'NONE', *, *, #243, .T. ) ;
#1447 = AXIS2_PLACEMENT_3D ( 'NONE', #595, #1183, #359 ) ;
#1448 = CARTESIAN_POINT ( 'NONE',  ( 23.99999999999997158, 12.00000000000000000, 1.500000000000000000 ) ) ;
#1449 = VERTEX_POINT ( 'NONE', #340 ) ;
#1450 = CIRCLE ( 'NONE', #2825, 1.250000000000001110 ) ;
#1451 = CARTESIAN_POINT ( 'NONE',  ( 9.099999999999958789, 16.00000000000000000, 1.500000000000000000 ) ) ;
#1452 = CIRCLE ( 'NONE', #2151, 1.250000000000001110 ) ;
#1453 = DIRECTION ( 'NONE',  ( -1.000000000000000000, 0.000000000000000000, 0.000000000000000000 ) ) ;
#1454 = CARTESIAN_POINT ( 'NONE',  ( 30.59999999999995168, 20.00000000000000000, 0.000000000000000000 ) ) ;
#1455 = LINE ( 'NONE', #3496, #1262 ) ;
#1456 = EDGE_CURVE ( 'NONE', #3867, #1701, #2891, .T. ) ;
#1457 = ORIENTED_EDGE ( 'NONE', *, *, #443, .F. ) ;
#1458 = DIRECTION ( 'NONE',  ( 0.000000000000000000, 0.000000000000000000, 1.000000000000000000 ) ) ;
#1459 = LINE ( 'NONE', #3521, #2863 ) ;
#1460 = ORIENTED_EDGE ( 'NONE', *, *, #378, .T. ) ;
#1461 = DIRECTION ( 'NONE',  ( 1.000000000000000000, 0.000000000000000000, 0.000000000000000000 ) ) ;
#1462 = EDGE_CURVE ( 'NONE', #685, #1, #849, .T. ) ;
#1463 = ORIENTED_EDGE ( 'NONE', *, *, #2973, .F. ) ;
#1464 = DIRECTION ( 'NONE',  ( 1.000000000000000000, 0.000000000000000000, 0.000000000000000000 ) ) ;
#1465 = VECTOR ( 'NONE', #1753, 1000.000000000000000 ) ;
#1466 = FACE_BOUND ( 'NONE', #1727, .T. ) ;
#1467 = EDGE_LOOP ( 'NONE', ( #3517, #3355, #1927, #2833 ) ) ;
#1468 = FACE_OUTER_BOUND ( 'NONE', #2422, .T. ) ;
#1469 = ORIENTED_EDGE ( 'NONE', *, *, #500, .T. ) ;
#1470 = AXIS2_PLACEMENT_3D ( 'NONE', #37, #2810, #1316 ) ;
#1471 = LINE ( 'NONE', #2047, #3024 ) ;
#1472 = EDGE_LOOP ( 'NONE', ( #2074, #3633, #412, #336 ) ) ;
#1473 = DIRECTION ( 'NONE',  ( 0.000000000000000000, 0.000000000000000000, -1.000000000000000000 ) ) ;
#1474 = ORIENTED_EDGE ( 'NONE', *, *, #2807, .T. ) ;
#1475 = DIRECTION ( 'NONE',  ( -1.000000000000000000, 0.000000000000000000, 0.000000000000000000 ) ) ;
#1476 = EDGE_CURVE ( 'NONE', #2674, #574, #223, .T. ) ;
#1477 = DIRECTION ( 'NONE',  ( 0.000000000000000000, 0.000000000000000000, 1.000000000000000000 ) ) ;
#1478 = VERTEX_POINT ( 'NONE', #2399 ) ;
#1479 = LINE ( 'NONE', #287, #2893 ) ;
#1480 = VECTOR ( 'NONE', #1202, 1000.000000000000000 ) ;
#1481 =( GEOMETRIC_REPRESENTATION_CONTEXT ( 3 ) GLOBAL_UNCERTAINTY_ASSIGNED_CONTEXT ( ( #3413 ) ) GLOBAL_UNIT_ASSIGNED_CONTEXT ( ( #3319, #63, #649 ) ) REPRESENTATION_CONTEXT ( 'NONE', 'WORKASPACE' ) );
#1482 = AXIS2_PLACEMENT_3D ( 'NONE', #1448, #3255, #2410 ) ;
#1483 = ORIENTED_EDGE ( 'NONE', *, *, #2561, .F. ) ;
#1484 = FACE_OUTER_BOUND ( 'NONE', #2877, .T. ) ;
#1485 = ADVANCED_FACE ( 'NONE', ( #1993 ), #3596, .F. ) ;
#1486 = FACE_BOUND ( 'NONE', #2600, .T. ) ;
#1487 = ORIENTED_EDGE ( 'NONE', *, *, #596, .F. ) ;
#1488 = CARTESIAN_POINT ( 'NONE',  ( 3.999999999999986233, 8.000000000000000000, 1.500000000000000000 ) ) ;
#1489 = AXIS2_PLACEMENT_3D ( 'NONE', #1303, #2465, #2500 ) ;
#1490 = ORIENTED_EDGE ( 'NONE', *, *, #288, .F. ) ;
#1491 = CYLINDRICAL_SURFACE ( 'NONE', #2517, 1.149999999999999911 ) ;
#1492 = EDGE_CURVE ( 'NONE', #1879, #3675, #106, .T. ) ;
#1493 = CARTESIAN_POINT ( 'NONE',  ( 35.99999999999995737, 16.00000000000000000, 0.000000000000000000 ) ) ;
#1494 = ORIENTED_EDGE ( 'NONE', *, *, #1917, .T. ) ;
#1495 = CARTESIAN_POINT ( 'NONE',  ( 10.84999999999999964, 4.000000000000000000, 1.500000000000000000 ) ) ;
#1496 = VERTEX_POINT ( 'NONE', #2889 ) ;
#1497 = DIRECTION ( 'NONE',  ( 1.000000000000000000, 0.000000000000000000, 0.000000000000000000 ) ) ;
#1498 = DIRECTION ( 'NONE',  ( 0.000000000000000000, 0.000000000000000000, 1.000000000000000000 ) ) ;
#1499 = ORIENTED_EDGE ( 'NONE', *, *, #678, .T. ) ;
#1500 = CIRCLE ( 'NONE', #1824, 1.250000000000001110 ) ;
#1501 = CARTESIAN_POINT ( 'NONE',  ( 11.99999999999997335, 12.00000000000000000, 1.500000000000000000 ) ) ;
#1502 = EDGE_LOOP ( 'NONE', ( #1014, #3651 ) ) ;
#1503 = DIRECTION ( 'NONE',  ( 0.000000000000000000, 0.000000000000000000, -1.000000000000000000 ) ) ;
#1504 = FACE_BOUND ( 'NONE', #3023, .T. ) ;
#1505 = CARTESIAN_POINT ( 'NONE',  ( 31.99999999999997158, 12.00000000000000000, 0.000000000000000000 ) ) ;
#1506 = VECTOR ( 'NONE', #2497, 1000.000000000000000 ) ;
#1507 = ORIENTED_EDGE ( 'NONE', *, *, #389, .F. ) ;
#1508 = CIRCLE ( 'NONE', #3701, 1.500000000000001332 ) ;
#1509 = CARTESIAN_POINT ( 'NONE',  ( 11.99999999999998579, 8.000000000000000000, 1.500000000000000000 ) ) ;
#1510 = AXIS2_PLACEMENT_3D ( 'NONE', #763, #414, #474 ) ;
#1511 = CIRCLE ( 'NONE', #3516, 1.449999999999999956 ) ;
#1512 = LINE ( 'NONE', #1217, #183 ) ;
#1513 = ORIENTED_EDGE ( 'NONE', *, *, #7, .F. ) ;
#1514 = DIRECTION ( 'NONE',  ( 0.000000000000000000, 0.000000000000000000, 1.000000000000000000 ) ) ;
#1515 = EDGE_CURVE ( 'NONE', #2293, #877, #2795, .T. ) ;
#1516 = CARTESIAN_POINT ( 'NONE',  ( 15.99999999999998579, 8.000000000000000000, 1.500000000000000000 ) ) ;
#1517 = AXIS2_PLACEMENT_3D ( 'NONE', #544, #1745, #2936 ) ;
#1518 = ORIENTED_EDGE ( 'NONE', *, *, #2191, .T. ) ;
#1519 = AXIS2_PLACEMENT_3D ( 'NONE', #2127, #3318, #550 ) ;
#1520 = CARTESIAN_POINT ( 'NONE',  ( 11.99999999999998579, 8.000000000000000000, 1.500000000000000000 ) ) ;
#1521 = AXIS2_PLACEMENT_3D ( 'NONE', #1543, #933, #2138 ) ;
#1522 = ADVANCED_FACE ( 'NONE', ( #2472 ), #3412, .F. ) ;
#1523 = DIRECTION ( 'NONE',  ( -1.000000000000000000, 0.000000000000000000, 0.000000000000000000 ) ) ;
#1524 = ORIENTED_EDGE ( 'NONE', *, *, #912, .F. ) ;
#1525 = DIRECTION ( 'NONE',  ( 1.000000000000000000, 0.000000000000000000, 0.000000000000000000 ) ) ;
#1526 = ORIENTED_EDGE ( 'NONE', *, *, #1152, .F. ) ;
#1527 = CYLINDRICAL_SURFACE ( 'NONE', #972, 1.050000000000000933 ) ;
#1528 = DIRECTION ( 'NONE',  ( -1.000000000000000000, 0.000000000000000000, 0.000000000000000000 ) ) ;
#1529 = CARTESIAN_POINT ( 'NONE',  ( 13.15000000000000036, 4.000000000000000000, 0.000000000000000000 ) ) ;
#1530 = EDGE_CURVE ( 'NONE', #1875, #2166, #669, .T. ) ;
#1531 = EDGE_LOOP ( 'NONE', ( #3365, #140 ) ) ;
#1532 = CARTESIAN_POINT ( 'NONE',  ( 22.70000000000000284, 4.000000000000000000, 0.000000000000000000 ) ) ;
#1533 = CARTESIAN_POINT ( 'NONE',  ( 7.999999999999986677, 8.000000000000000000, 1.500000000000000000 ) ) ;
#1534 = ORIENTED_EDGE ( 'NONE', *, *, #2841, .F. ) ;
#1535 = CARTESIAN_POINT ( 'NONE',  ( 11.99999999999998579, 8.000000000000000000, 1.500000000000000000 ) ) ;
#1536 = LINE ( 'NONE', #924, #2635 ) ;
#1537 = ORIENTED_EDGE ( 'NONE', *, *, #1948, .F. ) ;
#1538 = CARTESIAN_POINT ( 'NONE',  ( 29.34999999999995879, 16.00000000000000000, 0.000000000000000000 ) ) ;
#1539 = EDGE_CURVE ( 'NONE', #1879, #2055, #3657, .T. ) ;
#1540 = DIRECTION ( 'NONE',  ( 1.000000000000000000, 0.000000000000000000, 0.000000000000000000 ) ) ;
#1541 = ORIENTED_EDGE ( 'NONE', *, *, #3740, .F. ) ;
#1542 = ADVANCED_FACE ( 'NONE', ( #1872 ), #1920, .F. ) ;
#1543 = CARTESIAN_POINT ( 'NONE',  ( 3.999999999999986233, 8.000000000000000000, 0.000000000000000000 ) ) ;
#1544 = ORIENTED_EDGE ( 'NONE', *, *, #1329, .F. ) ;
#1545 = CARTESIAN_POINT ( 'NONE',  ( 26.64999999999994529, 20.00000000000000000, 1.500000000000000000 ) ) ;
#1546 = FACE_BOUND ( 'NONE', #2563, .T. ) ;
#1547 = CIRCLE ( 'NONE', #1802, 1.350000000000000533 ) ;
#1548 = VERTEX_POINT ( 'NONE', #376 ) ;
#1549 = CARTESIAN_POINT ( 'NONE',  ( 19.99999999999994316, 20.00000000000000000, 1.500000000000000000 ) ) ;
#1550 = AXIS2_PLACEMENT_3D ( 'NONE', #1570, #1625, #2817 ) ;
#1551 = CARTESIAN_POINT ( 'NONE',  ( 19.99999999999998579, 8.000000000000000000, 1.500000000000000000 ) ) ;
#1552 = VERTEX_POINT ( 'NONE', #2203 ) ;
#1553 = CIRCLE ( 'NONE', #2798, 1.350000000000000533 ) ;
#1554 = CARTESIAN_POINT ( 'NONE',  ( 35.99999999999994316, 20.00000000000000000, 1.500000000000000000 ) ) ;
#1555 = AXIS2_PLACEMENT_3D ( 'NONE', #3215, #190, #1052 ) ;
#1556 = ORIENTED_EDGE ( 'NONE', *, *, #753, .T. ) ;
#1557 = DIRECTION ( 'NONE',  ( 0.000000000000000000, 0.000000000000000000, 1.000000000000000000 ) ) ;
#1558 = DIRECTION ( 'NONE',  ( 0.000000000000000000, 0.000000000000000000, -1.000000000000000000 ) ) ;
#1559 = EDGE_CURVE ( 'NONE', #2755, #2493, #2455, .T. ) ;
#1560 = ORIENTED_EDGE ( 'NONE', *, *, #2224, .T. ) ;
#1561 = CIRCLE ( 'NONE', #2556, 1.449999999999999956 ) ;
#1562 = CARTESIAN_POINT ( 'NONE',  ( 6.899999999999957723, 16.00000000000000000, 1.500000000000000000 ) ) ;
#1563 = EDGE_CURVE ( 'NONE', #2139, #487, #429, .T. ) ;
#1564 = EDGE_CURVE ( 'NONE', #3880, #1820, #3680, .T. ) ;
#1565 = ORIENTED_EDGE ( 'NONE', *, *, #404, .F. ) ;
#1566 = CARTESIAN_POINT ( 'NONE',  ( 2.949999999999999289, 4.000000000000000000, 1.500000000000000000 ) ) ;
#1567 = AXIS2_PLACEMENT_3D ( 'NONE', #749, #1955, #438 ) ;
#1568 = EDGE_LOOP ( 'NONE', ( #2389, #705, #516, #1195 ) ) ;
#1569 = CARTESIAN_POINT ( 'NONE',  ( 27.99999999999997158, 12.00000000000000000, 0.000000000000000000 ) ) ;
#1570 = CARTESIAN_POINT ( 'NONE',  ( 23.99999999999998579, 8.000000000000000000, 0.000000000000000000 ) ) ;
#1571 = ORIENTED_EDGE ( 'NONE', *, *, #3362, .T. ) ;
#1572 = DIRECTION ( 'NONE',  ( 0.000000000000000000, 0.000000000000000000, -1.000000000000000000 ) ) ;
#1573 = AXIS2_PLACEMENT_3D ( 'NONE', #1021, #3140, #2261 ) ;
#1574 = VERTEX_POINT ( 'NONE', #2507 ) ;
#1575 = ORIENTED_EDGE ( 'NONE', *, *, #1781, .T. ) ;
#1576 = CARTESIAN_POINT ( 'NONE',  ( 2.949999999999985523, 8.000000000000000000, 1.500000000000000000 ) ) ;
#1577 = CIRCLE ( 'NONE', #2087, 1.299999999999999156 ) ;
#1578 = EDGE_CURVE ( 'NONE', #2085, #3082, #3304, .T. ) ;
#1579 = DIRECTION ( 'NONE',  ( 1.000000000000000000, 0.000000000000000000, 0.000000000000000000 ) ) ;
#1580 = VERTEX_POINT ( 'NONE', #1605 ) ;
#1581 = AXIS2_PLACEMENT_3D ( 'NONE', #277, #2647, #3849 ) ;
#1582 = AXIS2_PLACEMENT_3D ( 'NONE', #2157, #3347, #1302 ) ;
#1583 = CARTESIAN_POINT ( 'NONE',  ( 44.00000000000000000, 24.00000000000000000, 0.000000000000000000 ) ) ;
#1584 = FACE_BOUND ( 'NONE', #2249, .T. ) ;
#1585 = EDGE_CURVE ( 'NONE', #667, #2651, #3051, .T. ) ;
#1586 = ORIENTED_EDGE ( 'NONE', *, *, #267, .T. ) ;
#1587 = DIRECTION ( 'NONE',  ( 0.000000000000000000, 0.000000000000000000, -1.000000000000000000 ) ) ;
#1588 = FACE_OUTER_BOUND ( 'NONE', #273, .T. ) ;
#1589 = ORIENTED_EDGE ( 'NONE', *, *, #2098, .F. ) ;
#1590 = DIRECTION ( 'NONE',  ( 0.000000000000000000, 0.000000000000000000, 1.000000000000000000 ) ) ;
#1591 = ORIENTED_EDGE ( 'NONE', *, *, #3769, .T. ) ;
#1592 = ORIENTED_EDGE ( 'NONE', *, *, #1984, .T. ) ;
#1593 = LINE ( 'NONE', #103, #1889 ) ;
#1594 = DIRECTION ( 'NONE',  ( 0.000000000000000000, 0.000000000000000000, -1.000000000000000000 ) ) ;
#1595 = ORIENTED_EDGE ( 'NONE', *, *, #3407, .F. ) ;
#1596 = ADVANCED_FACE ( 'NONE', ( #2435 ), #3634, .F. ) ;
#1597 = CYLINDRICAL_SURFACE ( 'NONE', #3322, 1.350000000000000533 ) ;
#1598 = PRODUCT_DEFINITION_SHAPE ( 'NONE', 'NONE',  #1351 ) ;
#1599 = FACE_BOUND ( 'NONE', #1851, .T. ) ;
#1600 = VERTEX_POINT ( 'NONE', #3341 ) ;
#1601 = EDGE_CURVE ( 'NONE', #439, #2835, #963, .T. ) ;
#1602 = CYLINDRICAL_SURFACE ( 'NONE', #2368, 1.399999999999995026 ) ;
#1603 = CARTESIAN_POINT ( 'NONE',  ( 30.59999999999997655, 12.00000000000000000, 1.500000000000000000 ) ) ;
#1604 = ORIENTED_EDGE ( 'NONE', *, *, #3329, .T. ) ;
#1605 = CARTESIAN_POINT ( 'NONE',  ( 18.74999999999994316, 20.00000000000000000, 1.500000000000000000 ) ) ;
#1606 = AXIS2_PLACEMENT_3D ( 'NONE', #2710, #2416, #3187 ) ;
#1607 = SHAPE_DEFINITION_REPRESENTATION ( #1598, #994 ) ;
#1608 = EDGE_CURVE ( 'NONE', #3709, #3169, #651, .T. ) ;
#1609 = VECTOR ( 'NONE', #1918, 1000.000000000000000 ) ;
#1610 = AXIS2_PLACEMENT_3D ( 'NONE', #3785, #2292, #2599 ) ;
#1611 = EDGE_LOOP ( 'NONE', ( #2839, #2458, #1589, #2464 ) ) ;
#1612 = ORIENTED_EDGE ( 'NONE', *, *, #708, .F. ) ;
#1613 = CARTESIAN_POINT ( 'NONE',  ( 26.64999999999999858, 4.000000000000000000, 1.500000000000000000 ) ) ;
#1614 = CARTESIAN_POINT ( 'NONE',  ( 37.44999999999999574, 4.000000000000000000, 1.500000000000000000 ) ) ;
#1615 = ORIENTED_EDGE ( 'NONE', *, *, #1141, .T. ) ;
#1616 = AXIS2_PLACEMENT_3D ( 'NONE', #259, #3771, #2260 ) ;
#1617 = AXIS2_PLACEMENT_3D ( 'NONE', #1121, #3559, #2927 ) ;
#1618 = DIRECTION ( 'NONE',  ( 1.000000000000000000, 0.000000000000000000, 0.000000000000000000 ) ) ;
#1619 = DIRECTION ( 'NONE',  ( 1.000000000000000000, 0.000000000000000000, 0.000000000000000000 ) ) ;
#1620 = DIRECTION ( 'NONE',  ( 0.000000000000000000, 0.000000000000000000, 1.000000000000000000 ) ) ;
#1621 = ORIENTED_EDGE ( 'NONE', *, *, #3674, .T. ) ;
#1622 = EDGE_CURVE ( 'NONE', #3609, #3687, #1547, .T. ) ;
#1624 = DIRECTION ( 'NONE',  ( 0.000000000000000000, 0.000000000000000000, 1.000000000000000000 ) ) ;
#1623 = VECTOR ( 'NONE', #992, 1000.000000000000000 ) ;
#1625 = DIRECTION ( 'NONE',  ( 0.000000000000000000, 0.000000000000000000, 1.000000000000000000 ) ) ;
#1626 = EDGE_LOOP ( 'NONE', ( #2245, #2687, #1242, #1958 ) ) ;
#1627 = FACE_OUTER_BOUND ( 'NONE', #1626, .T. ) ;
#1628 = EDGE_LOOP ( 'NONE', ( #1487, #119 ) ) ;
#1629 = FACE_OUTER_BOUND ( 'NONE', #2926, .T. ) ;
#1630 = EDGE_CURVE ( 'NONE', #1923, #3257, #3738, .T. ) ;
#1631 = EDGE_CURVE ( 'NONE', #2493, #148, #1292, .T. ) ;
#1632 = CIRCLE ( 'NONE', #1259, 1.100000000000000311 ) ;
#1633 = CARTESIAN_POINT ( 'NONE',  ( 0.000000000000000000, 0.000000000000000000, 1.500000000000000000 ) ) ;
#1634 = VERTEX_POINT ( 'NONE', #980 ) ;
#1635 = ORIENTED_EDGE ( 'NONE', *, *, #2462, .T. ) ;
#1636 = CARTESIAN_POINT ( 'NONE',  ( 13.15000000000000036, 4.000000000000000000, 1.500000000000000000 ) ) ;
#1637 = AXIS2_PLACEMENT_3D ( 'NONE', #2283, #3474, #3535 ) ;
#1638 = CYLINDRICAL_SURFACE ( 'NONE', #186, 1.250000000000001110 ) ;
#1639 = ORIENTED_EDGE ( 'NONE', *, *, #185, .T. ) ;
#1640 = CIRCLE ( 'NONE', #3649, 1.299999999999999156 ) ;
#1641 = AXIS2_PLACEMENT_3D ( 'NONE', #1764, #3860, #3503 ) ;
#1642 = AXIS2_PLACEMENT_3D ( 'NONE', #2322, #1719, #1838 ) ;
#1643 = DIRECTION ( 'NONE',  ( 1.000000000000000000, 0.000000000000000000, 0.000000000000000000 ) ) ;
#1644 = EDGE_LOOP ( 'NONE', ( #2713, #1615, #2108, #1864 ) ) ;
#1645 = DIRECTION ( 'NONE',  ( 0.000000000000000000, 0.000000000000000000, -1.000000000000000000 ) ) ;
#1646 = DIRECTION ( 'NONE',  ( 0.000000000000000000, 0.000000000000000000, -1.000000000000000000 ) ) ;
#1647 = DIRECTION ( 'NONE',  ( 0.000000000000000000, 0.000000000000000000, -1.000000000000000000 ) ) ;
#1648 = ORIENTED_EDGE ( 'NONE', *, *, #1271, .T. ) ;
#1649 = EDGE_CURVE ( 'NONE', #3882, #3135, #3378, .T. ) ;
#1650 = CARTESIAN_POINT ( 'NONE',  ( 3.999999999999972466, 12.00000000000000000, 1.500000000000000000 ) ) ;
#1651 = VERTEX_POINT ( 'NONE', #100 ) ;
#1652 = LINE ( 'NONE', #3694, #9 ) ;
#1653 = DIRECTION ( 'NONE',  ( 0.000000000000000000, 0.000000000000000000, 1.000000000000000000 ) ) ;
#1654 = ORIENTED_EDGE ( 'NONE', *, *, #443, .T. ) ;
#1655 = EDGE_CURVE ( 'NONE', #1027, #616, #3218, .T. ) ;
#1656 = EDGE_LOOP ( 'NONE', ( #2078, #984, #2207, #425 ) ) ;
#1657 = DIRECTION ( 'NONE',  ( 1.000000000000000000, 0.000000000000000000, 0.000000000000000000 ) ) ;
#1658 = LINE ( 'NONE', #2228, #1372 ) ;
#1659 = VERTEX_POINT ( 'NONE', #3729 ) ;
#1660 = VECTOR ( 'NONE', #2445, 1000.000000000000000 ) ;
#1661 = EDGE_CURVE ( 'NONE', #250, #3578, #165, .T. ) ;
#1662 = VERTEX_POINT ( 'NONE', #1035 ) ;
#1663 = DIRECTION ( 'NONE',  ( 0.000000000000000000, 0.000000000000000000, -1.000000000000000000 ) ) ;
#1664 = LINE ( 'NONE', #2524, #2243 ) ;
#1665 = FACE_BOUND ( 'NONE', #1305, .T. ) ;
#1666 = ORIENTED_EDGE ( 'NONE', *, *, #3647, .F. ) ;
#1667 = DIRECTION ( 'NONE',  ( 0.000000000000000000, 0.000000000000000000, -1.000000000000000000 ) ) ;
#1668 = ORIENTED_EDGE ( 'NONE', *, *, #3313, .T. ) ;
#1669 = DIRECTION ( 'NONE',  ( 0.000000000000000000, 0.000000000000000000, -1.000000000000000000 ) ) ;
#1670 = DIRECTION ( 'NONE',  ( 0.000000000000000000, 0.000000000000000000, 1.000000000000000000 ) ) ;
#1671 = AXIS2_PLACEMENT_3D ( 'NONE', #3613, #923, #1697 ) ;
#1672 = CARTESIAN_POINT ( 'NONE',  ( 2.949999999999985523, 8.000000000000000000, 1.500000000000000000 ) ) ;
#1673 = AXIS2_PLACEMENT_3D ( 'NONE', #2619, #1132, #3800 ) ;
#1674 = AXIS2_PLACEMENT_3D ( 'NONE', #3569, #591, #836 ) ;
#1675 = VERTEX_POINT ( 'NONE', #1387 ) ;
#1676 = DIRECTION ( 'NONE',  ( 0.000000000000000000, 0.000000000000000000, -1.000000000000000000 ) ) ;
#1677 = DIRECTION ( 'NONE',  ( 0.000000000000000000, 0.000000000000000000, 1.000000000000000000 ) ) ;
#1678 = CIRCLE ( 'NONE', #3807, 1.199999999999999734 ) ;
#1679 = EDGE_CURVE ( 'NONE', #594, #3734, #1350, .T. ) ;
#1680 = ORIENTED_EDGE ( 'NONE', *, *, #3477, .T. ) ;
#1681 = CIRCLE ( 'NONE', #860, 1.100000000000000311 ) ;
#1682 = EDGE_CURVE ( 'NONE', #710, #1034, #3366, .T. ) ;
#1683 = EDGE_CURVE ( 'NONE', #3408, #539, #2362, .T. ) ;
#1684 = ORIENTED_EDGE ( 'NONE', *, *, #652, .T. ) ;
#1685 = DIRECTION ( 'NONE',  ( 0.000000000000000000, 0.000000000000000000, -1.000000000000000000 ) ) ;
#1686 = LINE ( 'NONE', #3799, #3059 ) ;
#1687 = FACE_BOUND ( 'NONE', #3739, .T. ) ;
#1688 = VERTEX_POINT ( 'NONE', #451 ) ;
#1689 = DIRECTION ( 'NONE',  ( 1.000000000000000000, 0.000000000000000000, 0.000000000000000000 ) ) ;
#1690 = VERTEX_POINT ( 'NONE', #2002 ) ;
#1691 = AXIS2_PLACEMENT_3D ( 'NONE', #1551, #1236, #2128 ) ;
#1692 = VERTEX_POINT ( 'NONE', #508 ) ;
#1693 = CARTESIAN_POINT ( 'NONE',  ( 11.99999999999994493, 20.00000000000000000, 1.500000000000000000 ) ) ;
#1694 = FACE_OUTER_BOUND ( 'NONE', #174, .T. ) ;
#1695 = ORIENTED_EDGE ( 'NONE', *, *, #2576, .T. ) ;
#1696 = DIRECTION ( 'NONE',  ( 0.000000000000000000, 0.000000000000000000, -1.000000000000000000 ) ) ;
#1697 = DIRECTION ( 'NONE',  ( 1.000000000000000000, 0.000000000000000000, 0.000000000000000000 ) ) ;
#1698 = ADVANCED_FACE ( 'NONE', ( #1627 ), #3177, .F. ) ;
#1699 = CIRCLE ( 'NONE', #1573, 1.050000000000000488 ) ;
#1700 = CARTESIAN_POINT ( 'NONE',  ( 3.999999999999972466, 12.00000000000000000, 1.500000000000000000 ) ) ;
#1701 = VERTEX_POINT ( 'NONE', #1328 ) ;
#1702 = CIRCLE ( 'NONE', #440, 1.299999999999999156 ) ;
#1703 = VECTOR ( 'NONE', #565, 1000.000000000000000 ) ;
#1704 = DIRECTION ( 'NONE',  ( 0.000000000000000000, 0.000000000000000000, -1.000000000000000000 ) ) ;
#1705 = AXIS2_PLACEMENT_3D ( 'NONE', #2354, #1216, #2375 ) ;
#1706 = DIRECTION ( 'NONE',  ( 0.000000000000000000, 0.000000000000000000, 1.000000000000000000 ) ) ;
#1707 = LINE ( 'NONE', #1786, #1703 ) ;
#1708 = ADVANCED_FACE ( 'NONE', ( #2582 ), #738, .F. ) ;
#1709 = CARTESIAN_POINT ( 'NONE',  ( 19.99999999999998579, 8.000000000000000000, 0.000000000000000000 ) ) ;
#1710 = ORIENTED_EDGE ( 'NONE', *, *, #3630, .T. ) ;
#1711 = VECTOR ( 'NONE', #1863, 1000.000000000000000 ) ;
#1712 = CARTESIAN_POINT ( 'NONE',  ( 11.99999999999994493, 20.00000000000000000, 0.000000000000000000 ) ) ;
#1713 = ORIENTED_EDGE ( 'NONE', *, *, #3623, .T. ) ;
#1714 = DIRECTION ( 'NONE',  ( 0.000000000000000000, 0.000000000000000000, -1.000000000000000000 ) ) ;
#1715 = CARTESIAN_POINT ( 'NONE',  ( 6.899999999999998579, 4.000000000000000000, 0.000000000000000000 ) ) ;
#1716 = DIRECTION ( 'NONE',  ( 0.000000000000000000, 0.000000000000000000, 1.000000000000000000 ) ) ;
#1717 = ORIENTED_EDGE ( 'NONE', *, *, #1068, .T. ) ;
#1718 = CARTESIAN_POINT ( 'NONE',  ( 28.00000000000000000, 4.000000000000000000, 1.500000000000000000 ) ) ;
#1719 = DIRECTION ( 'NONE',  ( 0.000000000000000000, 0.000000000000000000, 1.000000000000000000 ) ) ;
#1720 = CYLINDRICAL_SURFACE ( 'NONE', #481, 1.500000000000001332 ) ;
#1721 = ORIENTED_EDGE ( 'NONE', *, *, #1935, .T. ) ;
#1722 = EDGE_CURVE ( 'NONE', #1362, #1906, #297, .T. ) ;
#1723 = DIRECTION ( 'NONE',  ( 0.000000000000000000, 0.000000000000000000, -1.000000000000000000 ) ) ;
#1724 = CARTESIAN_POINT ( 'NONE',  ( 13.14999999999994529, 20.00000000000000000, 1.500000000000000000 ) ) ;
#1725 = DIRECTION ( 'NONE',  ( 0.000000000000000000, 0.000000000000000000, -1.000000000000000000 ) ) ;
#1726 = DIRECTION ( 'NONE',  ( 0.000000000000000000, 0.000000000000000000, -1.000000000000000000 ) ) ;
#1727 = EDGE_LOOP ( 'NONE', ( #805, #279 ) ) ;
#1728 = DIRECTION ( 'NONE',  ( 1.000000000000000000, 0.000000000000000000, 0.000000000000000000 ) ) ;
#1729 = ORIENTED_EDGE ( 'NONE', *, *, #768, .T. ) ;
#1730 = EDGE_CURVE ( 'NONE', #1896, #1066, #1922, .T. ) ;
#1731 = ORIENTED_EDGE ( 'NONE', *, *, #1141, .F. ) ;
#1732 = CARTESIAN_POINT ( 'NONE',  ( 29.34999999999995879, 16.00000000000000000, 1.500000000000000000 ) ) ;
#1733 = ADVANCED_FACE ( 'NONE', ( #3748 ), #2257, .F. ) ;
#1734 = CARTESIAN_POINT ( 'NONE',  ( 35.99999999999998579, 8.000000000000000000, 0.000000000000000000 ) ) ;
#1735 = EDGE_LOOP ( 'NONE', ( #587, #3403 ) ) ;
#1736 = FACE_OUTER_BOUND ( 'NONE', #1438, .T. ) ;
#1737 = AXIS2_PLACEMENT_3D ( 'NONE', #2928, #1818, #2286 ) ;
#1738 = DIRECTION ( 'NONE',  ( 0.000000000000000000, 0.000000000000000000, 1.000000000000000000 ) ) ;
#1739 = DIRECTION ( 'NONE',  ( 1.000000000000000000, 0.000000000000000000, 0.000000000000000000 ) ) ;
#1740 = ORIENTED_EDGE ( 'NONE', *, *, #3228, .F. ) ;
#1741 = AXIS2_PLACEMENT_3D ( 'NONE', #3354, #1647, #2235 ) ;
#1742 = CIRCLE ( 'NONE', #3683, 1.399999999999998579 ) ;
#1743 = CARTESIAN_POINT ( 'NONE',  ( 31.99999999999998579, 8.000000000000000000, 1.500000000000000000 ) ) ;
#1744 = ORIENTED_EDGE ( 'NONE', *, *, #2939, .T. ) ;
#1745 = DIRECTION ( 'NONE',  ( 0.000000000000000000, 0.000000000000000000, -1.000000000000000000 ) ) ;
#1746 = DIRECTION ( 'NONE',  ( 1.000000000000000000, 0.000000000000000000, 0.000000000000000000 ) ) ;
#1747 = EDGE_LOOP ( 'NONE', ( #245, #2284, #1544, #3489 ) ) ;
#1748 = DIRECTION ( 'NONE',  ( -1.000000000000000000, 0.000000000000000000, 0.000000000000000000 ) ) ;
#1749 = EDGE_CURVE ( 'NONE', #658, #83, #486, .T. ) ;
#1750 = ORIENTED_EDGE ( 'NONE', *, *, #2656, .T. ) ;
#1751 = VECTOR ( 'NONE', #31, 1000.000000000000000 ) ;
#1752 = DIRECTION ( 'NONE',  ( 0.000000000000000000, 0.000000000000000000, -1.000000000000000000 ) ) ;
#1753 = DIRECTION ( 'NONE',  ( 0.000000000000000000, 0.000000000000000000, -1.000000000000000000 ) ) ;
#1754 = DIRECTION ( 'NONE',  ( 0.000000000000000000, 0.000000000000000000, 1.000000000000000000 ) ) ;
#1755 = CARTESIAN_POINT ( 'NONE',  ( 26.64999999999995950, 16.00000000000000000, 1.500000000000000000 ) ) ;
#1756 = VERTEX_POINT ( 'NONE', #1405 ) ;
#1757 = CARTESIAN_POINT ( 'NONE',  ( 31.99999999999995737, 16.00000000000000000, 1.500000000000000000 ) ) ;
#1758 = EDGE_CURVE ( 'NONE', #616, #2461, #2278, .T. ) ;
#1759 = CIRCLE ( 'NONE', #1122, 1.399999999999998579 ) ;
#1760 = EDGE_CURVE ( 'NONE', #10, #384, #1170, .T. ) ;
#1761 = AXIS2_PLACEMENT_3D ( 'NONE', #1221, #2668, #321 ) ;
#1762 = CARTESIAN_POINT ( 'NONE',  ( 31.99999999999997158, 12.00000000000000000, 1.500000000000000000 ) ) ;
#1763 = ORIENTED_EDGE ( 'NONE', *, *, #3721, .F. ) ;
#1764 = CARTESIAN_POINT ( 'NONE',  ( 35.99999999999997158, 12.00000000000000000, 1.500000000000000000 ) ) ;
#1765 = AXIS2_PLACEMENT_3D ( 'NONE', #2173, #1878, #639 ) ;
#1766 = ORIENTED_EDGE ( 'NONE', *, *, #3040, .T. ) ;
#1767 = CARTESIAN_POINT ( 'NONE',  ( 36.00000000000000000, 4.000000000000000000, 1.500000000000000000 ) ) ;
#1768 = CARTESIAN_POINT ( 'NONE',  ( 38.50000000000000000, 4.000000000000000000, 1.500000000000000000 ) ) ;
#1769 = VERTEX_POINT ( 'NONE', #2879 ) ;
#1770 = CARTESIAN_POINT ( 'NONE',  ( 38.49999999999995737, 16.00000000000000000, 0.000000000000000000 ) ) ;
#1771 = EDGE_LOOP ( 'NONE', ( #3637, #2678, #3180, #3139 ) ) ;
#1772 = CARTESIAN_POINT ( 'NONE',  ( 9.099999999999944578, 20.00000000000000000, 0.000000000000000000 ) ) ;
#1773 = ADVANCED_FACE ( 'NONE', ( #195 ), #214, .F. ) ;
#1774 = VECTOR ( 'NONE', #3271, 1000.000000000000000 ) ;
#1775 = DIRECTION ( 'NONE',  ( 0.000000000000000000, 0.000000000000000000, 1.000000000000000000 ) ) ;
#1776 = ORIENTED_EDGE ( 'NONE', *, *, #3563, .F. ) ;
#1777 = DIRECTION ( 'NONE',  ( 1.000000000000000000, 0.000000000000000000, 0.000000000000000000 ) ) ;
#1778 = ORIENTED_EDGE ( 'NONE', *, *, #1890, .F. ) ;
#1779 = DIRECTION ( 'NONE',  ( 1.000000000000000000, 0.000000000000000000, 0.000000000000000000 ) ) ;
#1780 = CARTESIAN_POINT ( 'NONE',  ( 7.999999999999944933, 20.00000000000000000, 0.000000000000000000 ) ) ;
#1781 = EDGE_CURVE ( 'NONE', #2589, #1662, #1742, .T. ) ;
#1782 = ORIENTED_EDGE ( 'NONE', *, *, #90, .T. ) ;
#1783 = CARTESIAN_POINT ( 'NONE',  ( 0.000000000000000000, 0.000000000000000000, 0.000000000000000000 ) ) ;
#1784 = EDGE_CURVE ( 'NONE', #332, #877, #815, .T. ) ;
#1785 = ORIENTED_EDGE ( 'NONE', *, *, #3208, .F. ) ;
#1786 = CARTESIAN_POINT ( 'NONE',  ( 38.49999999999998579, 8.000000000000000000, 1.500000000000000000 ) ) ;
#1787 = CIRCLE ( 'NONE', #2163, 1.149999999999998135 ) ;
#1788 = FACE_BOUND ( 'NONE', #485, .T. ) ;
#1789 = VERTEX_POINT ( 'NONE', #2682 ) ;
#1790 = CARTESIAN_POINT ( 'NONE',  ( 18.75000000000000000, 4.000000000000000000, 1.500000000000000000 ) ) ;
#1791 = ORIENTED_EDGE ( 'NONE', *, *, #2403, .T. ) ;
#1792 = AXIS2_PLACEMENT_3D ( 'NONE', #1042, #2246, #725 ) ;
#1793 = CYLINDRICAL_SURFACE ( 'NONE', #698, 1.199999999999999734 ) ;
#1794 = FACE_OUTER_BOUND ( 'NONE', #3564, .T. ) ;
#1795 = EDGE_LOOP ( 'NONE', ( #2777, #2789 ) ) ;
#1796 = DIRECTION ( 'NONE',  ( -1.000000000000000000, 0.000000000000000000, 0.000000000000000000 ) ) ;
#1797 = VERTEX_POINT ( 'NONE', #2043 ) ;
#1798 = CARTESIAN_POINT ( 'NONE',  ( 17.19999999999994600, 20.00000000000000000, 1.500000000000000000 ) ) ;
#1799 = CARTESIAN_POINT ( 'NONE',  ( 19.99999999999995737, 16.00000000000000000, 1.500000000000000000 ) ) ;
#1800 = ORIENTED_EDGE ( 'NONE', *, *, #2123, .F. ) ;
#1801 = LINE ( 'NONE', #659, #3084 ) ;
#1802 = AXIS2_PLACEMENT_3D ( 'NONE', #65, #1276, #2766 ) ;
#1803 = CIRCLE ( 'NONE', #362, 1.500000000000001332 ) ;
#1804 = AXIS2_PLACEMENT_3D ( 'NONE', #3213, #2327, #2894 ) ;
#1805 = ORIENTED_EDGE ( 'NONE', *, *, #2439, .F. ) ;
#1806 = DIRECTION ( 'NONE',  ( 1.000000000000000000, 0.000000000000000000, 0.000000000000000000 ) ) ;
#1807 = ADVANCED_FACE ( 'NONE', ( #2703 ), #607, .F. ) ;
#1808 = CARTESIAN_POINT ( 'NONE',  ( 13.15000000000000036, 4.000000000000000000, 1.500000000000000000 ) ) ;
#1809 = ADVANCED_FACE ( 'NONE', ( #2352 ), #898, .F. ) ;
#1810 = CARTESIAN_POINT ( 'NONE',  ( 3.999999999999986233, 8.000000000000000000, 1.500000000000000000 ) ) ;
#1811 = AXIS2_PLACEMENT_3D ( 'NONE', #1780, #538, #3188 ) ;
#1812 = VERTEX_POINT ( 'NONE', #2940 ) ;
#1813 = CIRCLE ( 'NONE', #3624, 1.199999999999999734 ) ;
#1814 = AXIS2_PLACEMENT_3D ( 'NONE', #2010, #3792, #3815 ) ;
#1815 = CARTESIAN_POINT ( 'NONE',  ( 6.899999999999943512, 20.00000000000000000, 0.000000000000000000 ) ) ;
#1816 = CARTESIAN_POINT ( 'NONE',  ( 10.84999999999997300, 12.00000000000000000, 1.500000000000000000 ) ) ;
#1817 = ORIENTED_EDGE ( 'NONE', *, *, #959, .F. ) ;
#1818 = DIRECTION ( 'NONE',  ( 0.000000000000000000, 0.000000000000000000, 1.000000000000000000 ) ) ;
#1819 = DIRECTION ( 'NONE',  ( 1.000000000000000000, 0.000000000000000000, 0.000000000000000000 ) ) ;
#1820 = VERTEX_POINT ( 'NONE', #254 ) ;
#1821 = CYLINDRICAL_SURFACE ( 'NONE', #2746, 1.500000000000001332 ) ;
#1822 = CARTESIAN_POINT ( 'NONE',  ( 17.19999999999997087, 12.00000000000000000, 1.500000000000000000 ) ) ;
#1823 = ORIENTED_EDGE ( 'NONE', *, *, #70, .T. ) ;
#1824 = AXIS2_PLACEMENT_3D ( 'NONE', #3512, #1986, #2006 ) ;
#1825 = EDGE_CURVE ( 'NONE', #594, #1066, #3278, .T. ) ;
#1826 = DIRECTION ( 'NONE',  ( 0.000000000000000000, 0.000000000000000000, -1.000000000000000000 ) ) ;
#1827 = ORIENTED_EDGE ( 'NONE', *, *, #242, .F. ) ;
#1828 = DIRECTION ( 'NONE',  ( 0.000000000000000000, 0.000000000000000000, -1.000000000000000000 ) ) ;
#1829 = CARTESIAN_POINT ( 'NONE',  ( 6.899999999999957723, 16.00000000000000000, 1.500000000000000000 ) ) ;
#1830 = CARTESIAN_POINT ( 'NONE',  ( 11.99999999999995914, 16.00000000000000000, 1.500000000000000000 ) ) ;
#1831 = AXIS2_PLACEMENT_3D ( 'NONE', #1700, #206, #1397 ) ;
#1832 = EDGE_LOOP ( 'NONE', ( #2193, #3758 ) ) ;
#1833 = ADVANCED_FACE ( 'NONE', ( #1468 ), #3847, .F. ) ;
#1834 = DIRECTION ( 'NONE',  ( 0.000000000000000000, 0.000000000000000000, -1.000000000000000000 ) ) ;
#1835 = AXIS2_PLACEMENT_3D ( 'NONE', #534, #3007, #1819 ) ;
#1836 = CIRCLE ( 'NONE', #2017, 1.149999999999999911 ) ;
#1837 = EDGE_LOOP ( 'NONE', ( #608, #1695, #2845, #2744 ) ) ;
#1838 = DIRECTION ( 'NONE',  ( 1.000000000000000000, 0.000000000000000000, 0.000000000000000000 ) ) ;
#1839 =( LENGTH_UNIT ( ) NAMED_UNIT ( * ) SI_UNIT ( .MILLI., .METRE. ) );
#1840 = VECTOR ( 'NONE', #3019, 1000.000000000000000 ) ;
#1841 = ORIENTED_EDGE ( 'NONE', *, *, #1722, .T. ) ;
#1842 = CIRCLE ( 'NONE', #1705, 1.100000000000000311 ) ;
#1843 = CARTESIAN_POINT ( 'NONE',  ( 14.79999999999995985, 16.00000000000000000, 0.000000000000000000 ) ) ;
#1844 = DIRECTION ( 'NONE',  ( 0.000000000000000000, 0.000000000000000000, 1.000000000000000000 ) ) ;
#1845 = ORIENTED_EDGE ( 'NONE', *, *, #1337, .T. ) ;
#1846 = CARTESIAN_POINT ( 'NONE',  ( 26.64999999999994529, 20.00000000000000000, 1.500000000000000000 ) ) ;
#1847 = EDGE_CURVE ( 'NONE', #203, #1020, #1553, .T. ) ;
#1848 = ORIENTED_EDGE ( 'NONE', *, *, #3563, .T. ) ;
#1849 = DIRECTION ( 'NONE',  ( 1.000000000000000000, 0.000000000000000000, 0.000000000000000000 ) ) ;
#1850 = FACE_BOUND ( 'NONE', #3324, .T. ) ;
#1851 = EDGE_LOOP ( 'NONE', ( #2088, #2112 ) ) ;
#1852 = DIRECTION ( 'NONE',  ( 1.000000000000000000, 0.000000000000000000, 0.000000000000000000 ) ) ;
#1853 = DIRECTION ( 'NONE',  ( 1.000000000000000000, 0.000000000000000000, 0.000000000000000000 ) ) ;
#1854 = EDGE_LOOP ( 'NONE', ( #3806, #1299 ) ) ;
#1855 = CARTESIAN_POINT ( 'NONE',  ( 25.29999999999994387, 20.00000000000000000, 1.500000000000000000 ) ) ;
#1856 = CARTESIAN_POINT ( 'NONE',  ( 29.34999999999994458, 20.00000000000000000, 1.500000000000000000 ) ) ;
#1857 = ORIENTED_EDGE ( 'NONE', *, *, #378, .F. ) ;
#1858 = DIRECTION ( 'NONE',  ( 1.000000000000000000, 0.000000000000000000, 0.000000000000000000 ) ) ;
#1859 = ADVANCED_FACE ( 'NONE', ( #854 ), #274, .F. ) ;
#1860 = EDGE_CURVE ( 'NONE', #2575, #751, #419, .T. ) ;
#1861 = CARTESIAN_POINT ( 'NONE',  ( 31.99999999999995737, 16.00000000000000000, 0.000000000000000000 ) ) ;
#1862 = ORIENTED_EDGE ( 'NONE', *, *, #1068, .F. ) ;
#1863 = DIRECTION ( 'NONE',  ( 0.000000000000000000, 0.000000000000000000, -1.000000000000000000 ) ) ;
#1864 = ORIENTED_EDGE ( 'NONE', *, *, #471, .F. ) ;
#1865 = LINE ( 'NONE', #3460, #2637 ) ;
#1866 = DIRECTION ( 'NONE',  ( 0.000000000000000000, 0.000000000000000000, 1.000000000000000000 ) ) ;
#1867 = ORIENTED_EDGE ( 'NONE', *, *, #2587, .T. ) ;
#1868 = CARTESIAN_POINT ( 'NONE',  ( 10.84999999999997300, 12.00000000000000000, 0.000000000000000000 ) ) ;
#1869 = FACE_OUTER_BOUND ( 'NONE', #1656, .T. ) ;
#1870 = ORIENTED_EDGE ( 'NONE', *, *, #3430, .F. ) ;
#1871 = EDGE_CURVE ( 'NONE', #2674, #3882, #2604, .T. ) ;
#1872 = FACE_OUTER_BOUND ( 'NONE', #3417, .T. ) ;
#1873 = DIRECTION ( 'NONE',  ( 1.000000000000000000, 0.000000000000000000, 0.000000000000000000 ) ) ;
#1874 = CIRCLE ( 'NONE', #552, 1.299999999999999156 ) ;
#1875 = VERTEX_POINT ( 'NONE', #3608 ) ;
#1876 = ORIENTED_EDGE ( 'NONE', *, *, #1352, .T. ) ;
#1877 = CARTESIAN_POINT ( 'NONE',  ( 23.99999999999997158, 12.00000000000000000, 1.500000000000000000 ) ) ;
#1878 = DIRECTION ( 'NONE',  ( 0.000000000000000000, 0.000000000000000000, -1.000000000000000000 ) ) ;
#1879 = VERTEX_POINT ( 'NONE', #2122 ) ;
#1880 = EDGE_CURVE ( 'NONE', #1, #685, #3179, .T. ) ;
#1881 = DIRECTION ( 'NONE',  ( 0.000000000000000000, 0.000000000000000000, 1.000000000000000000 ) ) ;
#1882 = FACE_BOUND ( 'NONE', #2654, .T. ) ;
#1883 = CIRCLE ( 'NONE', #1761, 1.199999999999999734 ) ;
#1884 = ORIENTED_EDGE ( 'NONE', *, *, #2007, .F. ) ;
#1885 = DIRECTION ( 'NONE',  ( -1.000000000000000000, 0.000000000000000000, 0.000000000000000000 ) ) ;
#1886 = CARTESIAN_POINT ( 'NONE',  ( 40.00000000000000000, 4.000000000000000000, 1.500000000000000000 ) ) ;
#1887 = ORIENTED_EDGE ( 'NONE', *, *, #2901, .F. ) ;
#1888 = CARTESIAN_POINT ( 'NONE',  ( 4.000000000000000000, 4.000000000000000000, 1.500000000000000000 ) ) ;
#1889 = VECTOR ( 'NONE', #799, 1000.000000000000000 ) ;
#1890 = EDGE_CURVE ( 'NONE', #1701, #3867, #1238, .T. ) ;
#1891 = AXIS2_PLACEMENT_3D ( 'NONE', #2996, #2976, #20 ) ;
#1892 = EDGE_LOOP ( 'NONE', ( #3574, #181 ) ) ;
#1893 = CARTESIAN_POINT ( 'NONE',  ( 10.84999999999994458, 20.00000000000000000, 1.500000000000000000 ) ) ;
#1894 = AXIS2_PLACEMENT_3D ( 'NONE', #2559, #2309, #3761 ) ;
#1895 = CARTESIAN_POINT ( 'NONE',  ( 26.64999999999995950, 16.00000000000000000, 1.500000000000000000 ) ) ;
#1896 = VERTEX_POINT ( 'NONE', #1770 ) ;
#1897 = AXIS2_PLACEMENT_3D ( 'NONE', #1501, #2993, #1247 ) ;
#1898 = CYLINDRICAL_SURFACE ( 'NONE', #1434, 1.149999999999998135 ) ;
#1899 = FACE_BOUND ( 'NONE', #2871, .T. ) ;
#1900 = EDGE_CURVE ( 'NONE', #3408, #2964, #3866, .T. ) ;
#1901 = ORIENTED_EDGE ( 'NONE', *, *, #144, .T. ) ;
#1902 = DIRECTION ( 'NONE',  ( -1.000000000000000000, 0.000000000000000000, 0.000000000000000000 ) ) ;
#1903 = CARTESIAN_POINT ( 'NONE',  ( 26.64999999999998792, 8.000000000000000000, 1.500000000000000000 ) ) ;
#1904 = EDGE_LOOP ( 'NONE', ( #1791, #2365 ) ) ;
#1905 = DIRECTION ( 'NONE',  ( 0.000000000000000000, 0.000000000000000000, 1.000000000000000000 ) ) ;
#1906 = VERTEX_POINT ( 'NONE', #1175 ) ;
#1907 = EDGE_LOOP ( 'NONE', ( #2667, #493, #660, #906 ) ) ;
#1908 = DIRECTION ( 'NONE',  ( 0.000000000000000000, 0.000000000000000000, -1.000000000000000000 ) ) ;
#1909 = CARTESIAN_POINT ( 'NONE',  ( 2.949999999999971756, 12.00000000000000000, 1.500000000000000000 ) ) ;
#1910 = ORIENTED_EDGE ( 'NONE', *, *, #1462, .T. ) ;
#1911 = DIRECTION ( 'NONE',  ( 0.000000000000000000, 0.000000000000000000, -1.000000000000000000 ) ) ;
#1912 = EDGE_CURVE ( 'NONE', #3601, #1428, #3368, .T. ) ;
#1913 = LINE ( 'NONE', #3350, #2487 ) ;
#1914 = EDGE_LOOP ( 'NONE', ( #3283, #1446, #1592, #457 ) ) ;
#1915 = ADVANCED_FACE ( 'NONE', ( #3824 ), #2645, .F. ) ;
#1916 = DIRECTION ( 'NONE',  ( 1.000000000000000000, 0.000000000000000000, 0.000000000000000000 ) ) ;
#1917 = EDGE_CURVE ( 'NONE', #1692, #2552, #3242, .T. ) ;
#1918 = DIRECTION ( 'NONE',  ( 0.000000000000000000, 0.000000000000000000, -1.000000000000000000 ) ) ;
#1919 = VERTEX_POINT ( 'NONE', #1790 ) ;
#1920 = CYLINDRICAL_SURFACE ( 'NONE', #2855, 1.050000000000000488 ) ;
#1921 = AXIS2_PLACEMENT_3D ( 'NONE', #229, #1424, #1365 ) ;
#1922 = CIRCLE ( 'NONE', #109, 1.500000000000001332 ) ;
#1923 = VERTEX_POINT ( 'NONE', #2979 ) ;
#1924 = FACE_OUTER_BOUND ( 'NONE', #396, .T. ) ;
#1925 = CIRCLE ( 'NONE', #615, 1.100000000000000311 ) ;
#1926 = DIRECTION ( 'NONE',  ( -1.000000000000000000, 0.000000000000000000, 0.000000000000000000 ) ) ;
#1927 = ORIENTED_EDGE ( 'NONE', *, *, #1564, .F. ) ;
#1928 = VERTEX_POINT ( 'NONE', #1194 ) ;
#1929 = CIRCLE ( 'NONE', #927, 1.350000000000000533 ) ;
#1930 = CIRCLE ( 'NONE', #237, 1.399999999999998579 ) ;
#1931 = CARTESIAN_POINT ( 'NONE',  ( 40.00000000000000000, 4.000000000000000000, 0.000000000000000000 ) ) ;
#1932 = CARTESIAN_POINT ( 'NONE',  ( 35.99999999999995737, 16.00000000000000000, 1.500000000000000000 ) ) ;
#1933 = AXIS2_PLACEMENT_3D ( 'NONE', #580, #3660, #3303 ) ;
#1934 = EDGE_LOOP ( 'NONE', ( #304, #2067 ) ) ;
#1935 = EDGE_CURVE ( 'NONE', #3734, #594, #2860, .T. ) ;
#1936 = FACE_BOUND ( 'NONE', #117, .T. ) ;
#1937 = EDGE_LOOP ( 'NONE', ( #1571, #3450 ) ) ;
#1938 = CARTESIAN_POINT ( 'NONE',  ( 35.99999999999995737, 16.00000000000000000, 1.500000000000000000 ) ) ;
#1940 = LINE ( 'NONE', #3448, #3392 ) ;
#1939 = VECTOR ( 'NONE', #3435, 1000.000000000000000 ) ;
#1941 = AXIS2_PLACEMENT_3D ( 'NONE', #3874, #670, #2381 ) ;
#1942 = DIRECTION ( 'NONE',  ( 0.000000000000000000, 0.000000000000000000, -1.000000000000000000 ) ) ;
#1943 = ORIENTED_EDGE ( 'NONE', *, *, #1352, .F. ) ;
#1944 = DIRECTION ( 'NONE',  ( -1.000000000000000000, 0.000000000000000000, 0.000000000000000000 ) ) ;
#1945 = APPLICATION_PROTOCOL_DEFINITION ( 'draft international standard', 'automotive_design', 1998, #719 ) ;
#1946 = VERTEX_POINT ( 'NONE', #1529 ) ;
#1947 = DIRECTION ( 'NONE',  ( 0.000000000000000000, 0.000000000000000000, -1.000000000000000000 ) ) ;
#1948 = EDGE_CURVE ( 'NONE', #3437, #2805, #983, .T. ) ;
#1949 = CIRCLE ( 'NONE', #2323, 1.149999999999999911 ) ;
#1950 = LINE ( 'NONE', #1614, #3826 ) ;
#1951 = ORIENTED_EDGE ( 'NONE', *, *, #506, .F. ) ;
#1952 = ORIENTED_EDGE ( 'NONE', *, *, #2758, .F. ) ;
#1953 = CARTESIAN_POINT ( 'NONE',  ( 25.30000000000000071, 4.000000000000000000, 0.000000000000000000 ) ) ;
#1954 = AXIS2_PLACEMENT_3D ( 'NONE', #238, #2359, #2946 ) ;
#1955 = DIRECTION ( 'NONE',  ( 0.000000000000000000, 0.000000000000000000, 1.000000000000000000 ) ) ;
#1956 = EDGE_LOOP ( 'NONE', ( #941, #3886 ) ) ;
#1957 = AXIS2_PLACEMENT_3D ( 'NONE', #16, #1210, #2116 ) ;
#1958 = ORIENTED_EDGE ( 'NONE', *, *, #584, .F. ) ;
#1959 = DIRECTION ( 'NONE',  ( 0.000000000000000000, 0.000000000000000000, -1.000000000000000000 ) ) ;
#1960 = CYLINDRICAL_SURFACE ( 'NONE', #2511, 1.399999999999995026 ) ;
#1961 = CARTESIAN_POINT ( 'NONE',  ( 0.000000000000000000, 24.00000000000000000, 1.500000000000000000 ) ) ;
#1962 = ORIENTED_EDGE ( 'NONE', *, *, #2111, .F. ) ;
#1963 = DIRECTION ( 'NONE',  ( -0.000000000000000000, -0.000000000000000000, -1.000000000000000000 ) ) ;
#1964 = ORIENTED_EDGE ( 'NONE', *, *, #1284, .F. ) ;
#1965 = ORIENTED_EDGE ( 'NONE', *, *, #2158, .F. ) ;
#1966 = LINE ( 'NONE', #2823, #2379 ) ;
#1967 = EDGE_CURVE ( 'NONE', #3090, #3854, #301, .T. ) ;
#1968 = DIRECTION ( 'NONE',  ( 0.000000000000000000, 0.000000000000000000, 1.000000000000000000 ) ) ;
#1969 = CIRCLE ( 'NONE', #280, 1.149999999999998135 ) ;
#1970 = EDGE_LOOP ( 'NONE', ( #3846, #1286, #1295, #3248 ) ) ;
#1971 = CARTESIAN_POINT ( 'NONE',  ( 23.99999999999995737, 16.00000000000000000, 0.000000000000000000 ) ) ;
#1972 = EDGE_CURVE ( 'NONE', #2332, #1429, #789, .T. ) ;
#1973 = EDGE_CURVE ( 'NONE', #1919, #2751, #2989, .T. ) ;
#1974 = DIRECTION ( 'NONE',  ( 0.000000000000000000, 0.000000000000000000, -1.000000000000000000 ) ) ;
#1975 = ORIENTED_EDGE ( 'NONE', *, *, #1682, .F. ) ;
#1976 = AXIS2_PLACEMENT_3D ( 'NONE', #2428, #437, #416 ) ;
#1977 = ORIENTED_EDGE ( 'NONE', *, *, #3541, .F. ) ;
#1978 = DIRECTION ( 'NONE',  ( -1.000000000000000000, 0.000000000000000000, 0.000000000000000000 ) ) ;
#1979 = DIRECTION ( 'NONE',  ( 0.000000000000000000, 0.000000000000000000, -1.000000000000000000 ) ) ;
#1980 = DIRECTION ( 'NONE',  ( 0.000000000000000000, 0.000000000000000000, -1.000000000000000000 ) ) ;
#1981 = ORIENTED_EDGE ( 'NONE', *, *, #2215, .F. ) ;
#1982 = CARTESIAN_POINT ( 'NONE',  ( 15.99999999999995914, 16.00000000000000000, 1.500000000000000000 ) ) ;
#1983 = ORIENTED_EDGE ( 'NONE', *, *, #2587, .F. ) ;
#1984 = EDGE_CURVE ( 'NONE', #1330, #435, #2367, .T. ) ;
#1985 = DIRECTION ( 'NONE',  ( 1.000000000000000000, 0.000000000000000000, 0.000000000000000000 ) ) ;
#1986 = DIRECTION ( 'NONE',  ( 0.000000000000000000, 0.000000000000000000, 1.000000000000000000 ) ) ;
#1987 = AXIS2_PLACEMENT_3D ( 'NONE', #3509, #3158, #1944 ) ;
#1988 = FACE_OUTER_BOUND ( 'NONE', #835, .T. ) ;
#1989 = CIRCLE ( 'NONE', #3109, 1.050000000000000488 ) ;
#1990 = AXIS2_PLACEMENT_3D ( 'NONE', #1505, #2086, #2373 ) ;
#1991 = ORIENTED_EDGE ( 'NONE', *, *, #23, .F. ) ;
#1992 = DIRECTION ( 'NONE',  ( 0.000000000000000000, 0.000000000000000000, 1.000000000000000000 ) ) ;
#1993 = FACE_OUTER_BOUND ( 'NONE', #3037, .T. ) ;
#1994 = AXIS2_PLACEMENT_3D ( 'NONE', #1995, #2653, #519 ) ;
#1995 = CARTESIAN_POINT ( 'NONE',  ( 12.00000000000000000, 4.000000000000000000, 1.500000000000000000 ) ) ;
#1996 = EDGE_LOOP ( 'NONE', ( #27, #3439 ) ) ;
#1997 = VECTOR ( 'NONE', #1663, 1000.000000000000000 ) ;
#1998 = DIRECTION ( 'NONE',  ( 0.000000000000000000, 0.000000000000000000, 1.000000000000000000 ) ) ;
#1999 = CARTESIAN_POINT ( 'NONE',  ( 38.49999999999997158, 12.00000000000000000, 1.500000000000000000 ) ) ;
#2000 = CYLINDRICAL_SURFACE ( 'NONE', #1417, 1.299999999999999156 ) ;
#2001 = ORIENTED_EDGE ( 'NONE', *, *, #267, .F. ) ;
#2002 = CARTESIAN_POINT ( 'NONE',  ( 33.39999999999995595, 16.00000000000000000, 0.000000000000000000 ) ) ;
#2003 = VERTEX_POINT ( 'NONE', #3881 ) ;
#2004 = VECTOR ( 'NONE', #318, 1000.000000000000000 ) ;
#2005 = CYLINDRICAL_SURFACE ( 'NONE', #2468, 1.449999999999999956 ) ;
#2006 = DIRECTION ( 'NONE',  ( 1.000000000000000000, 0.000000000000000000, 0.000000000000000000 ) ) ;
#2007 = EDGE_CURVE ( 'NONE', #2557, #1923, #3249, .T. ) ;
#2008 = CARTESIAN_POINT ( 'NONE',  ( 27.99999999999994671, 20.00000000000000000, 0.000000000000000000 ) ) ;
#2009 = EDGE_LOOP ( 'NONE', ( #843, #1354 ) ) ;
#2010 = CARTESIAN_POINT ( 'NONE',  ( 36.00000000000000000, 4.000000000000000000, 1.500000000000000000 ) ) ;
#2011 = CARTESIAN_POINT ( 'NONE',  ( 23.99999999999995737, 16.00000000000000000, 0.000000000000000000 ) ) ;
#2012 = AXIS2_PLACEMENT_3D ( 'NONE', #142, #1653, #3696 ) ;
#2013 = AXIS2_PLACEMENT_3D ( 'NONE', #1081, #3238, #200 ) ;
#2014 = DIRECTION ( 'NONE',  ( 1.000000000000000000, 0.000000000000000000, 0.000000000000000000 ) ) ;
#2015 = VERTEX_POINT ( 'NONE', #3562 ) ;
#2016 = CIRCLE ( 'NONE', #1637, 1.199999999999999734 ) ;
#2017 = AXIS2_PLACEMENT_3D ( 'NONE', #1212, #875, #1464 ) ;
#2018 = DIRECTION ( 'NONE',  ( 0.000000000000000000, 0.000000000000000000, 1.000000000000000000 ) ) ;
#2019 = EDGE_CURVE ( 'NONE', #3735, #1928, #3524, .T. ) ;
#2020 = VECTOR ( 'NONE', #58, 1000.000000000000000 ) ;
#2021 = CIRCLE ( 'NONE', #2828, 1.100000000000000311 ) ;
#2022 = LINE ( 'NONE', #3781, #1997 ) ;
#2023 = CARTESIAN_POINT ( 'NONE',  ( 32.00000000000000000, 4.000000000000000000, 1.500000000000000000 ) ) ;
#2024 = CARTESIAN_POINT ( 'NONE',  ( 29.34999999999994458, 20.00000000000000000, 0.000000000000000000 ) ) ;
#2025 = ORIENTED_EDGE ( 'NONE', *, *, #3397, .F. ) ;
#2026 = EDGE_CURVE ( 'NONE', #2769, #2124, #1399, .T. ) ;
#2027 = CARTESIAN_POINT ( 'NONE',  ( 14.80000000000000071, 4.000000000000000000, 1.500000000000000000 ) ) ;
#2028 = VERTEX_POINT ( 'NONE', #1148 ) ;
#2029 = DIRECTION ( 'NONE',  ( 0.000000000000000000, 0.000000000000000000, 1.000000000000000000 ) ) ;
#2030 = DIRECTION ( 'NONE',  ( 0.000000000000000000, 0.000000000000000000, 1.000000000000000000 ) ) ;
#2031 = DIRECTION ( 'NONE',  ( -1.000000000000000000, 0.000000000000000000, 0.000000000000000000 ) ) ;
#2032 = EDGE_LOOP ( 'NONE', ( #3128, #1215, #1621, #2900 ) ) ;
#2033 = CARTESIAN_POINT ( 'NONE',  ( 15.99999999999997335, 12.00000000000000000, 1.500000000000000000 ) ) ;
#2034 = DIRECTION ( 'NONE',  ( 0.000000000000000000, 0.000000000000000000, 1.000000000000000000 ) ) ;
#2035 = DIRECTION ( 'NONE',  ( -1.000000000000000000, 0.000000000000000000, 0.000000000000000000 ) ) ;
#2036 = EDGE_LOOP ( 'NONE', ( #2851, #2042, #2538, #380 ) ) ;
#2037 = EDGE_CURVE ( 'NONE', #1017, #549, #514, .T. ) ;
#2038 = CYLINDRICAL_SURFACE ( 'NONE', #3398, 1.399999999999995026 ) ;
#2039 = ORIENTED_EDGE ( 'NONE', *, *, #3142, .F. ) ;
#2040 = CYLINDRICAL_SURFACE ( 'NONE', #1891, 1.250000000000001110 ) ;
#2041 = DIRECTION ( 'NONE',  ( -1.000000000000000000, 0.000000000000000000, 0.000000000000000000 ) ) ;
#2042 = ORIENTED_EDGE ( 'NONE', *, *, #3093, .T. ) ;
#2043 = CARTESIAN_POINT ( 'NONE',  ( 26.64999999999997371, 12.00000000000000000, 1.500000000000000000 ) ) ;
#2044 = ORIENTED_EDGE ( 'NONE', *, *, #1661, .F. ) ;
#2045 = EDGE_CURVE ( 'NONE', #1034, #710, #2707, .T. ) ;
#2046 = ADVANCED_FACE ( 'NONE', ( #3796 ), #2038, .F. ) ;
#2047 = CARTESIAN_POINT ( 'NONE',  ( 21.24999999999998934, 8.000000000000000000, 1.500000000000000000 ) ) ;
#2048 = CARTESIAN_POINT ( 'NONE',  ( 6.899999999999985256, 8.000000000000000000, 1.500000000000000000 ) ) ;
#2049 = CYLINDRICAL_SURFACE ( 'NONE', #2013, 1.100000000000001199 ) ;
#2050 = DIRECTION ( 'NONE',  ( 0.000000000000000000, 0.000000000000000000, -1.000000000000000000 ) ) ;
#2051 = EDGE_CURVE ( 'NONE', #3854, #1820, #1479, .T. ) ;
#2052 = VERTEX_POINT ( 'NONE', #3840 ) ;
#2053 = CYLINDRICAL_SURFACE ( 'NONE', #2932, 1.199999999999999734 ) ;
#2054 = VECTOR ( 'NONE', #2783, 1000.000000000000000 ) ;
#2055 = VERTEX_POINT ( 'NONE', #1188 ) ;
#2056 = FACE_OUTER_BOUND ( 'NONE', #774, .T. ) ;
#2057 = VERTEX_POINT ( 'NONE', #562 ) ;
#2058 = CIRCLE ( 'NONE', #170, 1.350000000000000533 ) ;
#2059 = DIRECTION ( 'NONE',  ( 1.000000000000000000, 0.000000000000000000, 0.000000000000000000 ) ) ;
#2060 = EDGE_CURVE ( 'NONE', #1812, #2857, #79, .T. ) ;
#2061 = AXIS2_PLACEMENT_3D ( 'NONE', #1383, #3726, #2596 ) ;
#2062 = VERTEX_POINT ( 'NONE', #269 ) ;
#2063 = CARTESIAN_POINT ( 'NONE',  ( 9.099999999999999645, 4.000000000000000000, 1.500000000000000000 ) ) ;
#2064 = FACE_BOUND ( 'NONE', #1892, .T. ) ;
#2065 = VERTEX_POINT ( 'NONE', #1106 ) ;
#2066 = DIRECTION ( 'NONE',  ( 0.000000000000000000, 0.000000000000000000, -1.000000000000000000 ) ) ;
#2067 = ORIENTED_EDGE ( 'NONE', *, *, #149, .F. ) ;
#2068 = DIRECTION ( 'NONE',  ( 0.000000000000000000, 0.000000000000000000, 1.000000000000000000 ) ) ;
#2069 = CARTESIAN_POINT ( 'NONE',  ( 41.49999999999994316, 20.00000000000000000, 0.000000000000000000 ) ) ;
#2070 = CYLINDRICAL_SURFACE ( 'NONE', #2484, 1.149999999999999911 ) ;
#2071 = ORIENTED_EDGE ( 'NONE', *, *, #1284, .T. ) ;
#2072 = ADVANCED_FACE ( 'NONE', ( #3585 ), #1168, .F. ) ;
#2073 = DIRECTION ( 'NONE',  ( 0.000000000000000000, 0.000000000000000000, 1.000000000000000000 ) ) ;
#2074 = ORIENTED_EDGE ( 'NONE', *, *, #2698, .T. ) ;
#2075 = FACE_OUTER_BOUND ( 'NONE', #746, .T. ) ;
#2076 = AXIS2_PLACEMENT_3D ( 'NONE', #107, #711, #1619 ) ;
#2077 = CARTESIAN_POINT ( 'NONE',  ( 5.049999999999960743, 16.00000000000000000, 1.500000000000000000 ) ) ;
#2078 = ORIENTED_EDGE ( 'NONE', *, *, #3405, .F. ) ;
#2079 = DIRECTION ( 'NONE',  ( 0.000000000000000000, 1.000000000000000000, 0.000000000000000000 ) ) ;
#2080 = CIRCLE ( 'NONE', #323, 1.449999999999999956 ) ;
#2081 = CIRCLE ( 'NONE', #3581, 1.250000000000001110 ) ;
#2082 = ORIENTED_EDGE ( 'NONE', *, *, #3831, .F. ) ;
#2083 = LINE ( 'NONE', #1172, #3705 ) ;
#2084 = FACE_BOUND ( 'NONE', #3825, .T. ) ;
#2085 = VERTEX_POINT ( 'NONE', #894 ) ;
#2086 = DIRECTION ( 'NONE',  ( 0.000000000000000000, 0.000000000000000000, 1.000000000000000000 ) ) ;
#2087 = AXIS2_PLACEMENT_3D ( 'NONE', #97, #3409, #1916 ) ;
#2088 = ORIENTED_EDGE ( 'NONE', *, *, #1564, .T. ) ;
#2089 = AXIS2_PLACEMENT_3D ( 'NONE', #904, #3793, #3207 ) ;
#2090 = FACE_OUTER_BOUND ( 'NONE', #3631, .T. ) ;
#2091 = AXIS2_PLACEMENT_3D ( 'NONE', #2175, #679, #3072 ) ;
#2092 = DIRECTION ( 'NONE',  ( 0.000000000000000000, 0.000000000000000000, 1.000000000000000000 ) ) ;
#2093 = ORIENTED_EDGE ( 'NONE', *, *, #3266, .T. ) ;
#2094 = ORIENTED_EDGE ( 'NONE', *, *, #3695, .F. ) ;
#2095 = CARTESIAN_POINT ( 'NONE',  ( 39.99999999999998579, 8.000000000000000000, 1.500000000000000000 ) ) ;
#2096 = LINE ( 'NONE', #1208, #3390 ) ;
#2097 = EDGE_LOOP ( 'NONE', ( #1130, #2476, #1867, #2337 ) ) ;
#2098 = EDGE_CURVE ( 'NONE', #1143, #2964, #2396, .T. ) ;
#2099 = ADVANCED_FACE ( 'NONE', ( #3229 ), #499, .F. ) ;
#2100 = DIRECTION ( 'NONE',  ( 1.000000000000000000, 0.000000000000000000, 0.000000000000000000 ) ) ;
#2101 = ORIENTED_EDGE ( 'NONE', *, *, #1253, .F. ) ;
#2102 = DIRECTION ( 'NONE',  ( 0.000000000000000000, 0.000000000000000000, -1.000000000000000000 ) ) ;
#2103 = LINE ( 'NONE', #897, #3425 ) ;
#2104 = DIRECTION ( 'NONE',  ( -1.000000000000000000, 0.000000000000000000, 0.000000000000000000 ) ) ;
#2105 = EDGE_LOOP ( 'NONE', ( #3189, #1710 ) ) ;
#2106 = CARTESIAN_POINT ( 'NONE',  ( 34.54999999999999716, 4.000000000000000000, 1.500000000000000000 ) ) ;
#2107 = DIRECTION ( 'NONE',  ( 0.000000000000000000, 0.000000000000000000, -1.000000000000000000 ) ) ;
#2108 = ORIENTED_EDGE ( 'NONE', *, *, #3477, .F. ) ;
#2109 = DIRECTION ( 'NONE',  ( 0.000000000000000000, 0.000000000000000000, -1.000000000000000000 ) ) ;
#2110 = CARTESIAN_POINT ( 'NONE',  ( 21.24999999999997513, 12.00000000000000000, 1.500000000000000000 ) ) ;
#2111 = EDGE_CURVE ( 'NONE', #2557, #2028, #2271, .T. ) ;
#2112 = ORIENTED_EDGE ( 'NONE', *, *, #3580, .T. ) ;
#2113 = CARTESIAN_POINT ( 'NONE',  ( 41.49999999999995737, 16.00000000000000000, 0.000000000000000000 ) ) ;
#2114 = LINE ( 'NONE', #1822, #1067 ) ;
#2115 = ORIENTED_EDGE ( 'NONE', *, *, #531, .T. ) ;
#2116 = DIRECTION ( 'NONE',  ( 1.000000000000000000, 0.000000000000000000, 0.000000000000000000 ) ) ;
#2117 = EDGE_CURVE ( 'NONE', #1701, #307, #1801, .T. ) ;
#2118 = AXIS2_PLACEMENT_3D ( 'NONE', #22, #547, #3295 ) ;
#2119 = ORIENTED_EDGE ( 'NONE', *, *, #78, .T. ) ;
#2120 = PLANE ( 'NONE',  #951 ) ;
#2121 = FACE_BOUND ( 'NONE', #2612, .T. ) ;
#2122 = CARTESIAN_POINT ( 'NONE',  ( 30.59999999999996234, 16.00000000000000000, 1.500000000000000000 ) ) ;
#2123 = EDGE_CURVE ( 'NONE', #2786, #311, #91, .T. ) ;
#2124 = VERTEX_POINT ( 'NONE', #3036 ) ;
#2125 = VECTOR ( 'NONE', #2288, 1000.000000000000000 ) ;
#2126 = CIRCLE ( 'NONE', #424, 1.199999999999999734 ) ;
#2127 = CARTESIAN_POINT ( 'NONE',  ( 11.99999999999997335, 12.00000000000000000, 1.500000000000000000 ) ) ;
#2128 = DIRECTION ( 'NONE',  ( 1.000000000000000000, 0.000000000000000000, 0.000000000000000000 ) ) ;
#2129 = ORIENTED_EDGE ( 'NONE', *, *, #3541, .T. ) ;
#2130 = CYLINDRICAL_SURFACE ( 'NONE', #2211, 1.199999999999999734 ) ;
#2131 = CARTESIAN_POINT ( 'NONE',  ( 25.29999999999997229, 12.00000000000000000, 1.500000000000000000 ) ) ;
#2132 = ORIENTED_EDGE ( 'NONE', *, *, #3445, .T. ) ;
#2133 = CARTESIAN_POINT ( 'NONE',  ( 19.99999999999994316, 20.00000000000000000, 1.500000000000000000 ) ) ;
#2134 = EDGE_CURVE ( 'NONE', #856, #2256, #3604, .T. ) ;
#2135 = CARTESIAN_POINT ( 'NONE',  ( 5.049999999999973177, 12.00000000000000000, 1.500000000000000000 ) ) ;
#2136 = VERTEX_POINT ( 'NONE', #386 ) ;
#2137 = AXIS2_PLACEMENT_3D ( 'NONE', #694, #1677, #2535 ) ;
#2138 = DIRECTION ( 'NONE',  ( 1.000000000000000000, 0.000000000000000000, 0.000000000000000000 ) ) ;
#2139 = VERTEX_POINT ( 'NONE', #3643 ) ;
#2140 = CARTESIAN_POINT ( 'NONE',  ( 38.50000000000000000, 4.000000000000000000, 0.000000000000000000 ) ) ;
#2141 = PLANE ( 'NONE',  #232 ) ;
#2142 = AXIS2_PLACEMENT_3D ( 'NONE', #50, #2750, #3364 ) ;
#2143 = ORIENTED_EDGE ( 'NONE', *, *, #2060, .F. ) ;
#2144 = EDGE_CURVE ( 'NONE', #2786, #1385, #3457, .T. ) ;
#2145 = FACE_OUTER_BOUND ( 'NONE', #1078, .T. ) ;
#2146 = ADVANCED_FACE ( 'NONE', ( #367 ), #1228, .F. ) ;
#2147 = AXIS2_PLACEMENT_3D ( 'NONE', #865, #2073, #3262 ) ;
#2148 = ORIENTED_EDGE ( 'NONE', *, *, #2037, .T. ) ;
#2149 = CARTESIAN_POINT ( 'NONE',  ( 38.49999999999997158, 12.00000000000000000, 1.500000000000000000 ) ) ;
#2150 = AXIS2_PLACEMENT_3D ( 'NONE', #935, #1230, #2830 ) ;
#2151 = AXIS2_PLACEMENT_3D ( 'NONE', #2695, #2443, #2753 ) ;
#2152 = EDGE_LOOP ( 'NONE', ( #741, #917 ) ) ;
#2153 = AXIS2_PLACEMENT_3D ( 'NONE', #3028, #2034, #28 ) ;
#2154 = CARTESIAN_POINT ( 'NONE',  ( 4.000000000000000000, 4.000000000000000000, 0.000000000000000000 ) ) ;
#2155 = DIRECTION ( 'NONE',  ( 0.000000000000000000, 0.000000000000000000, -1.000000000000000000 ) ) ;
#2156 = VERTEX_POINT ( 'NONE', #1583 ) ;
#2157 = CARTESIAN_POINT ( 'NONE',  ( 3.999999999999972466, 12.00000000000000000, 0.000000000000000000 ) ) ;
#2158 = EDGE_CURVE ( 'NONE', #3101, #282, #2463, .T. ) ;
#2159 = ORIENTED_EDGE ( 'NONE', *, *, #1847, .F. ) ;
#2160 = DIRECTION ( 'NONE',  ( 0.000000000000000000, 0.000000000000000000, 1.000000000000000000 ) ) ;
#2161 = FACE_BOUND ( 'NONE', #3679, .T. ) ;
#2162 = ORIENTED_EDGE ( 'NONE', *, *, #2912, .F. ) ;
#2163 = AXIS2_PLACEMENT_3D ( 'NONE', #798, #2029, #1985 ) ;
#2164 = CARTESIAN_POINT ( 'NONE',  ( 35.99999999999997158, 12.00000000000000000, 1.500000000000000000 ) ) ;
#2165 = CARTESIAN_POINT ( 'NONE',  ( 17.19999999999995666, 16.00000000000000000, 0.000000000000000000 ) ) ;
#2166 = VERTEX_POINT ( 'NONE', #3053 ) ;
#2167 = CARTESIAN_POINT ( 'NONE',  ( 30.59999999999996234, 16.00000000000000000, 1.500000000000000000 ) ) ;
#2168 = EDGE_CURVE ( 'NONE', #1394, #2815, #3144, .T. ) ;
#2169 = DIRECTION ( 'NONE',  ( 0.000000000000000000, 0.000000000000000000, -1.000000000000000000 ) ) ;
#2170 = AXIS2_PLACEMENT_3D ( 'NONE', #956, #2160, #162 ) ;
#2171 = ORIENTED_EDGE ( 'NONE', *, *, #1973, .T. ) ;
#2172 = CYLINDRICAL_SURFACE ( 'NONE', #1205, 1.299999999999999156 ) ;
#2173 = CARTESIAN_POINT ( 'NONE',  ( 32.00000000000000000, 4.000000000000000000, 1.500000000000000000 ) ) ;
#2174 = VERTEX_POINT ( 'NONE', #3310 ) ;
#2175 = CARTESIAN_POINT ( 'NONE',  ( 15.99999999999997335, 12.00000000000000000, 1.500000000000000000 ) ) ;
#2176 = EDGE_CURVE ( 'NONE', #1256, #2991, #265, .T. ) ;
#2177 = ORIENTED_EDGE ( 'NONE', *, *, #2251, .T. ) ;
#2178 = LINE ( 'NONE', #2834, #675 ) ;
#2179 = EDGE_CURVE ( 'NONE', #3687, #3609, #2768, .T. ) ;
#2180 = ORIENTED_EDGE ( 'NONE', *, *, #726, .F. ) ;
#2181 = AXIS2_PLACEMENT_3D ( 'NONE', #3745, #3232, #2041 ) ;
#2182 = AXIS2_PLACEMENT_3D ( 'NONE', #2858, #175, #1689 ) ;
#2183 = DIRECTION ( 'NONE',  ( 0.000000000000000000, 0.000000000000000000, 1.000000000000000000 ) ) ;
#2184 = AXIS2_PLACEMENT_3D ( 'NONE', #957, #1866, #3057 ) ;
#2185 = DIRECTION ( 'NONE',  ( 0.000000000000000000, 0.000000000000000000, -1.000000000000000000 ) ) ;
#2186 = VERTEX_POINT ( 'NONE', #602 ) ;
#2187 = CARTESIAN_POINT ( 'NONE',  ( 3.999999999999945377, 20.00000000000000000, 0.000000000000000000 ) ) ;
#2188 = ORIENTED_EDGE ( 'NONE', *, *, #500, .F. ) ;
#2189 = VERTEX_POINT ( 'NONE', #3663 ) ;
#2190 = DIRECTION ( 'NONE',  ( 0.000000000000000000, 0.000000000000000000, 1.000000000000000000 ) ) ;
#2191 = EDGE_CURVE ( 'NONE', #2065, #3529, #1452, .T. ) ;
#2192 = CARTESIAN_POINT ( 'NONE',  ( 21.24999999999998934, 8.000000000000000000, 0.000000000000000000 ) ) ;
#2193 = ORIENTED_EDGE ( 'NONE', *, *, #2176, .F. ) ;
#2194 = ADVANCED_FACE ( 'NONE', ( #3681 ), #2423, .F. ) ;
#2195 = DIRECTION ( 'NONE',  ( 0.000000000000000000, 0.000000000000000000, 1.000000000000000000 ) ) ;
#2196 = CIRCLE ( 'NONE', #383, 1.199999999999999734 ) ;
#2197 = FACE_BOUND ( 'NONE', #2415, .T. ) ;
#2198 = ORIENTED_EDGE ( 'NONE', *, *, #3602, .F. ) ;
#2199 = PRODUCT ( '\X2\70ed719487ba6bcd5b9e9a8c\X0\', '\X2\70ed719487ba6bcd5b9e9a8c\X0\', '', ( #1347 ) ) ;
#2200 = DIRECTION ( 'NONE',  ( 0.000000000000000000, 0.000000000000000000, 1.000000000000000000 ) ) ;
#2201 = DIRECTION ( 'NONE',  ( 1.000000000000000000, 0.000000000000000000, 0.000000000000000000 ) ) ;
#2202 = ORIENTED_EDGE ( 'NONE', *, *, #2215, .T. ) ;
#2203 = CARTESIAN_POINT ( 'NONE',  ( 41.49999999999998579, 8.000000000000000000, 0.000000000000000000 ) ) ;
#2204 = PRODUCT_DEFINITION_CONTEXT ( 'detailed design', #719, 'design' ) ;
#2205 = CIRCLE ( 'NONE', #2819, 1.050000000000001377 ) ;
#2206 = EDGE_LOOP ( 'NONE', ( #1348, #2646, #681, #569 ) ) ;
#2207 = ORIENTED_EDGE ( 'NONE', *, *, #2328, .T. ) ;
#2208 = DIRECTION ( 'NONE',  ( 0.000000000000000000, 0.000000000000000000, -1.000000000000000000 ) ) ;
#2209 = DIRECTION ( 'NONE',  ( 0.000000000000000000, 0.000000000000000000, -1.000000000000000000 ) ) ;
#2210 = ORIENTED_EDGE ( 'NONE', *, *, #1426, .F. ) ;
#2211 = AXIS2_PLACEMENT_3D ( 'NONE', #3321, #803, #3225 ) ;
#2212 = CIRCLE ( 'NONE', #1957, 1.149999999999999911 ) ;
#2213 = DIRECTION ( 'NONE',  ( 1.000000000000000000, 0.000000000000000000, 0.000000000000000000 ) ) ;
#2214 = EDGE_CURVE ( 'NONE', #1211, #3340, #450, .T. ) ;
#2215 = EDGE_CURVE ( 'NONE', #3578, #250, #891, .T. ) ;
#2216 = FACE_BOUND ( 'NONE', #837, .T. ) ;
#2217 = ORIENTED_EDGE ( 'NONE', *, *, #1630, .T. ) ;
#2218 = DIRECTION ( 'NONE',  ( 0.000000000000000000, 0.000000000000000000, 1.000000000000000000 ) ) ;
#2219 = CYLINDRICAL_SURFACE ( 'NONE', #1169, 1.100000000000001199 ) ;
#2220 = ORIENTED_EDGE ( 'NONE', *, *, #2814, .T. ) ;
#2221 = DIRECTION ( 'NONE',  ( -1.000000000000000000, 0.000000000000000000, 0.000000000000000000 ) ) ;
#2222 = EDGE_LOOP ( 'NONE', ( #1113, #2148 ) ) ;
#2223 = DIRECTION ( 'NONE',  ( 0.000000000000000000, 0.000000000000000000, -1.000000000000000000 ) ) ;
#2224 = EDGE_CURVE ( 'NONE', #1600, #307, #2212, .T. ) ;
#2225 = CARTESIAN_POINT ( 'NONE',  ( 25.29999999999995808, 16.00000000000000000, 0.000000000000000000 ) ) ;
#2226 = EDGE_LOOP ( 'NONE', ( #255, #2220 ) ) ;
#2227 = DIRECTION ( 'NONE',  ( 0.000000000000000000, 0.000000000000000000, -1.000000000000000000 ) ) ;
#2228 = CARTESIAN_POINT ( 'NONE',  ( 18.74999999999998579, 8.000000000000000000, 1.500000000000000000 ) ) ;
#2229 = ORIENTED_EDGE ( 'NONE', *, *, #3386, .T. ) ;
#2230 = FACE_BOUND ( 'NONE', #449, .T. ) ;
#2231 = ORIENTED_EDGE ( 'NONE', *, *, #1082, .T. ) ;
#2232 = CARTESIAN_POINT ( 'NONE',  ( 37.44999999999995310, 16.00000000000000000, 0.000000000000000000 ) ) ;
#2233 = DIRECTION ( 'NONE',  ( 0.000000000000000000, 0.000000000000000000, -1.000000000000000000 ) ) ;
#2234 = VECTOR ( 'NONE', #44, 1000.000000000000000 ) ;
#2235 = DIRECTION ( 'NONE',  ( -1.000000000000000000, 0.000000000000000000, 0.000000000000000000 ) ) ;
#2236 = ORIENTED_EDGE ( 'NONE', *, *, #2528, .T. ) ;
#2237 = DIRECTION ( 'NONE',  ( 1.000000000000000000, 0.000000000000000000, 0.000000000000000000 ) ) ;
#2238 = CIRCLE ( 'NONE', #855, 1.299999999999999156 ) ;
#2239 = AXIS2_PLACEMENT_3D ( 'NONE', #2564, #3451, #759 ) ;
#2240 = VERTEX_POINT ( 'NONE', #35 ) ;
#2241 = DIRECTION ( 'NONE',  ( 1.000000000000000000, 0.000000000000000000, 0.000000000000000000 ) ) ;
#2242 = CARTESIAN_POINT ( 'NONE',  ( 39.99999999999998579, 8.000000000000000000, 0.000000000000000000 ) ) ;
#2243 = VECTOR ( 'NONE', #1402, 1000.000000000000000 ) ;
#2244 = ORIENTED_EDGE ( 'NONE', *, *, #421, .T. ) ;
#2245 = ORIENTED_EDGE ( 'NONE', *, *, #2633, .T. ) ;
#2246 = DIRECTION ( 'NONE',  ( 0.000000000000000000, 0.000000000000000000, 1.000000000000000000 ) ) ;
#2247 = CARTESIAN_POINT ( 'NONE',  ( 11.99999999999995914, 16.00000000000000000, 1.500000000000000000 ) ) ;
#2248 = AXIS2_PLACEMENT_3D ( 'NONE', #2154, #3344, #1779 ) ;
#2249 = EDGE_LOOP ( 'NONE', ( #1460, #2984 ) ) ;
#2250 = ORIENTED_EDGE ( 'NONE', *, *, #2019, .F. ) ;
#2251 = EDGE_CURVE ( 'NONE', #2186, #2353, #2457, .T. ) ;
#2252 = CARTESIAN_POINT ( 'NONE',  ( 41.49999999999997158, 12.00000000000000000, 1.500000000000000000 ) ) ;
#2254 = LINE ( 'NONE', #792, #13 ) ;
#2253 = CIRCLE ( 'NONE', #2137, 1.250000000000001110 ) ;
#2255 = CARTESIAN_POINT ( 'NONE',  ( 3.999999999999959144, 16.00000000000000000, 1.500000000000000000 ) ) ;
#2256 = VERTEX_POINT ( 'NONE', #3330 ) ;
#2257 = CYLINDRICAL_SURFACE ( 'NONE', #2239, 1.500000000000001332 ) ;
#2258 = EDGE_CURVE ( 'NONE', #2492, #2174, #2955, .T. ) ;
#2259 = EDGE_CURVE ( 'NONE', #355, #976, #3273, .T. ) ;
#2260 = DIRECTION ( 'NONE',  ( 1.000000000000000000, 0.000000000000000000, 0.000000000000000000 ) ) ;
#2261 = DIRECTION ( 'NONE',  ( 1.000000000000000000, 0.000000000000000000, 0.000000000000000000 ) ) ;
#2262 = AXIS2_PLACEMENT_3D ( 'NONE', #2242, #990, #2808 ) ;
#2263 = FACE_OUTER_BOUND ( 'NONE', #597, .T. ) ;
#2264 = ORIENTED_EDGE ( 'NONE', *, *, #137, .F. ) ;
#2265 = DIRECTION ( 'NONE',  ( 0.000000000000000000, 0.000000000000000000, 1.000000000000000000 ) ) ;
#2266 = VECTOR ( 'NONE', #614, 1000.000000000000000 ) ;
#2267 = CARTESIAN_POINT ( 'NONE',  ( 3.999999999999945377, 20.00000000000000000, 1.500000000000000000 ) ) ;
#2268 = CIRCLE ( 'NONE', #1894, 1.449999999999999956 ) ;
#2269 = AXIS2_PLACEMENT_3D ( 'NONE', #610, #3280, #40 ) ;
#2270 = ORIENTED_EDGE ( 'NONE', *, *, #1912, .F. ) ;
#2271 = CIRCLE ( 'NONE', #1013, 1.049999999999999822 ) ;
#2272 = VERTEX_POINT ( 'NONE', #1025 ) ;
#2273 = EDGE_CURVE ( 'NONE', #3734, #1896, #1336, .T. ) ;
#2274 = LINE ( 'NONE', #1363, #2574 ) ;
#2275 = FACE_OUTER_BOUND ( 'NONE', #2206, .T. ) ;
#2276 = FACE_BOUND ( 'NONE', #1531, .T. ) ;
#2277 = ORIENTED_EDGE ( 'NONE', *, *, #2355, .F. ) ;
#2278 = LINE ( 'NONE', #1077, #3805 ) ;
#2279 = VERTEX_POINT ( 'NONE', #3106 ) ;
#2280 = ORIENTED_EDGE ( 'NONE', *, *, #3831, .T. ) ;
#2281 = CYLINDRICAL_SURFACE ( 'NONE', #2568, 1.299999999999999156 ) ;
#2282 = EDGE_CURVE ( 'NONE', #3709, #2015, #873, .T. ) ;
#2283 = CARTESIAN_POINT ( 'NONE',  ( 15.99999999999998579, 8.000000000000000000, 0.000000000000000000 ) ) ;
#2284 = ORIENTED_EDGE ( 'NONE', *, *, #3405, .T. ) ;
#2285 = DIRECTION ( 'NONE',  ( 1.000000000000000000, 0.000000000000000000, 0.000000000000000000 ) ) ;
#2286 = DIRECTION ( 'NONE',  ( 1.000000000000000000, 0.000000000000000000, 0.000000000000000000 ) ) ;
#2287 = ORIENTED_EDGE ( 'NONE', *, *, #288, .T. ) ;
#2288 = DIRECTION ( 'NONE',  ( 0.000000000000000000, 0.000000000000000000, -1.000000000000000000 ) ) ;
#2289 = DIRECTION ( 'NONE',  ( 0.000000000000000000, 0.000000000000000000, -1.000000000000000000 ) ) ;
#2290 = FACE_BOUND ( 'NONE', #1204, .T. ) ;
#2291 = EDGE_LOOP ( 'NONE', ( #1782, #1604, #3032, #57 ) ) ;
#2292 = DIRECTION ( 'NONE',  ( 0.000000000000000000, 0.000000000000000000, -1.000000000000000000 ) ) ;
#2293 = VERTEX_POINT ( 'NONE', #461 ) ;
#2294 = DIRECTION ( 'NONE',  ( 0.000000000000000000, 0.000000000000000000, -1.000000000000000000 ) ) ;
#2295 = DIRECTION ( 'NONE',  ( 1.000000000000000000, 0.000000000000000000, 0.000000000000000000 ) ) ;
#2296 = AXIS2_PLACEMENT_3D ( 'NONE', #668, #3063, #84 ) ;
#2297 = DIRECTION ( 'NONE',  ( 0.000000000000000000, 0.000000000000000000, 1.000000000000000000 ) ) ;
#2298 = CIRCLE ( 'NONE', #2859, 1.299999999999999156 ) ;
#2299 = ORIENTED_EDGE ( 'NONE', *, *, #3141, .T. ) ;
#2300 = DIRECTION ( 'NONE',  ( -1.000000000000000000, 0.000000000000000000, 0.000000000000000000 ) ) ;
#2301 = FACE_OUTER_BOUND ( 'NONE', #1225, .T. ) ;
#2302 = AXIS2_PLACEMENT_3D ( 'NONE', #3020, #3039, #1528 ) ;
#2303 = DIRECTION ( 'NONE',  ( 1.000000000000000000, 0.000000000000000000, 0.000000000000000000 ) ) ;
#2304 = ORIENTED_EDGE ( 'NONE', *, *, #3029, .F. ) ;
#2305 = CIRCLE ( 'NONE', #2491, 1.449999999999999956 ) ;
#2306 = AXIS2_PLACEMENT_3D ( 'NONE', #947, #3617, #2402 ) ;
#2307 = EDGE_CURVE ( 'NONE', #747, #2755, #1060, .T. ) ;
#2308 = CARTESIAN_POINT ( 'NONE',  ( 15.99999999999995914, 16.00000000000000000, 0.000000000000000000 ) ) ;
#2309 = DIRECTION ( 'NONE',  ( 0.000000000000000000, 0.000000000000000000, 1.000000000000000000 ) ) ;
#2310 = CARTESIAN_POINT ( 'NONE',  ( 22.69999999999998863, 8.000000000000000000, 1.500000000000000000 ) ) ;
#2311 = FACE_BOUND ( 'NONE', #3264, .T. ) ;
#2312 = ORIENTED_EDGE ( 'NONE', *, *, #2259, .F. ) ;
#2313 = DIRECTION ( 'NONE',  ( 1.000000000000000000, 0.000000000000000000, 0.000000000000000000 ) ) ;
#2314 = VERTEX_POINT ( 'NONE', #2519 ) ;
#2315 = AXIS2_PLACEMENT_3D ( 'NONE', #1693, #1670, #473 ) ;
#2316 = DIRECTION ( 'NONE',  ( 0.000000000000000000, 0.000000000000000000, 1.000000000000000000 ) ) ;
#2317 = DIRECTION ( 'NONE',  ( 0.000000000000000000, 0.000000000000000000, 1.000000000000000000 ) ) ;
#2318 = CARTESIAN_POINT ( 'NONE',  ( 31.99999999999994671, 20.00000000000000000, 1.500000000000000000 ) ) ;
#2319 = EDGE_CURVE ( 'NONE', #34, #1580, #2253, .T. ) ;
#2320 = EDGE_LOOP ( 'NONE', ( #3147, #391, #1062, #3062 ) ) ;
#2321 = DIRECTION ( 'NONE',  ( 0.000000000000000000, 0.000000000000000000, -1.000000000000000000 ) ) ;
#2322 = CARTESIAN_POINT ( 'NONE',  ( 15.99999999999997335, 12.00000000000000000, 1.500000000000000000 ) ) ;
#2323 = AXIS2_PLACEMENT_3D ( 'NONE', #892, #1280, #930 ) ;
#2324 = DIRECTION ( 'NONE',  ( 0.000000000000000000, 0.000000000000000000, 1.000000000000000000 ) ) ;
#2325 = ORIENTED_EDGE ( 'NONE', *, *, #144, .F. ) ;
#2326 = AXIS2_PLACEMENT_3D ( 'NONE', #2008, #2297, #2588 ) ;
#2327 = DIRECTION ( 'NONE',  ( 0.000000000000000000, 0.000000000000000000, 1.000000000000000000 ) ) ;
#2328 = EDGE_CURVE ( 'NONE', #286, #1334, #2499, .T. ) ;
#2329 = EDGE_CURVE ( 'NONE', #2240, #2065, #1658, .T. ) ;
#2330 = VECTOR ( 'NONE', #2102, 1000.000000000000000 ) ;
#2331 = CIRCLE ( 'NONE', #2705, 1.199999999999999734 ) ;
#2332 = VERTEX_POINT ( 'NONE', #3387 ) ;
#2333 = CARTESIAN_POINT ( 'NONE',  ( 10.84999999999994458, 20.00000000000000000, 0.000000000000000000 ) ) ;
#2334 = PLANE ( 'NONE',  #3804 ) ;
#2335 = EDGE_LOOP ( 'NONE', ( #1193, #1654 ) ) ;
#2336 = CARTESIAN_POINT ( 'NONE',  ( 23.99999999999998579, 8.000000000000000000, 1.500000000000000000 ) ) ;
#2337 = ORIENTED_EDGE ( 'NONE', *, *, #3769, .F. ) ;
#2338 = CARTESIAN_POINT ( 'NONE',  ( 11.99999999999994493, 20.00000000000000000, 1.500000000000000000 ) ) ;
#2339 = DIRECTION ( 'NONE',  ( 1.000000000000000000, 0.000000000000000000, 0.000000000000000000 ) ) ;
#2340 = CARTESIAN_POINT ( 'NONE',  ( 4.000000000000000000, 4.000000000000000000, 1.500000000000000000 ) ) ;
#2341 = ORIENTED_EDGE ( 'NONE', *, *, #3549, .T. ) ;
#2342 = CYLINDRICAL_SURFACE ( 'NONE', #3290, 1.250000000000001110 ) ;
#2343 = ADVANCED_FACE ( 'NONE', ( #2554 ), #1898, .F. ) ;
#2344 = ORIENTED_EDGE ( 'NONE', *, *, #2726, .F. ) ;
#2345 = DIRECTION ( 'NONE',  ( 0.000000000000000000, 0.000000000000000000, -1.000000000000000000 ) ) ;
#2346 = ORIENTED_EDGE ( 'NONE', *, *, #2179, .F. ) ;
#2347 = DIRECTION ( 'NONE',  ( 0.000000000000000000, 0.000000000000000000, 1.000000000000000000 ) ) ;
#2348 = ORIENTED_EDGE ( 'NONE', *, *, #863, .F. ) ;
#2349 = CARTESIAN_POINT ( 'NONE',  ( 39.99999999999994316, 20.00000000000000000, 1.500000000000000000 ) ) ;
#2350 = FACE_BOUND ( 'NONE', #369, .T. ) ;
#2351 = EDGE_LOOP ( 'NONE', ( #1023, #1339, #910, #408 ) ) ;
#2352 = FACE_OUTER_BOUND ( 'NONE', #1771, .T. ) ;
#2353 = VERTEX_POINT ( 'NONE', #3419 ) ;
#2354 = CARTESIAN_POINT ( 'NONE',  ( 7.999999999999944933, 20.00000000000000000, 1.500000000000000000 ) ) ;
#2355 = EDGE_CURVE ( 'NONE', #3746, #43, #3071, .T. ) ;
#2356 = LINE ( 'NONE', #3553, #2804 ) ;
#2357 = CARTESIAN_POINT ( 'NONE',  ( 8.000000000000000000, 4.000000000000000000, 1.500000000000000000 ) ) ;
#2358 = ORIENTED_EDGE ( 'NONE', *, *, #2380, .T. ) ;
#2359 = DIRECTION ( 'NONE',  ( 0.000000000000000000, 0.000000000000000000, 1.000000000000000000 ) ) ;
#2360 = ORIENTED_EDGE ( 'NONE', *, *, #3291, .T. ) ;
#2361 = CARTESIAN_POINT ( 'NONE',  ( 34.54999999999995453, 16.00000000000000000, 1.500000000000000000 ) ) ;
#2362 = CIRCLE ( 'NONE', #3483, 1.199999999999999734 ) ;
#2363 = AXIS2_PLACEMENT_3D ( 'NONE', #1709, #794, #834 ) ;
#2364 = CARTESIAN_POINT ( 'NONE',  ( 37.44999999999999574, 4.000000000000000000, 0.000000000000000000 ) ) ;
#2365 = ORIENTED_EDGE ( 'NONE', *, *, #740, .T. ) ;
#2366 = AXIS2_PLACEMENT_3D ( 'NONE', #1200, #2397, #902 ) ;
#2367 = LINE ( 'NONE', #848, #922 ) ;
#2368 = AXIS2_PLACEMENT_3D ( 'NONE', #2799, #683, #1287 ) ;
#2369 = ORIENTED_EDGE ( 'NONE', *, *, #808, .T. ) ;
#2370 = CARTESIAN_POINT ( 'NONE',  ( 35.99999999999998579, 8.000000000000000000, 1.500000000000000000 ) ) ;
#2371 = FACE_BOUND ( 'NONE', #1937, .T. ) ;
#2372 = ORIENTED_EDGE ( 'NONE', *, *, #521, .T. ) ;
#2373 = DIRECTION ( 'NONE',  ( 1.000000000000000000, 0.000000000000000000, 0.000000000000000000 ) ) ;
#2374 = EDGE_LOOP ( 'NONE', ( #247, #2522 ) ) ;
#2375 = DIRECTION ( 'NONE',  ( 1.000000000000000000, 0.000000000000000000, 0.000000000000000000 ) ) ;
#2376 = DIRECTION ( 'NONE',  ( 0.000000000000000000, 0.000000000000000000, 1.000000000000000000 ) ) ;
#2377 = EDGE_LOOP ( 'NONE', ( #3395, #3385 ) ) ;
#2378 = EDGE_CURVE ( 'NONE', #1260, #1659, #563, .T. ) ;
#2379 = VECTOR ( 'NONE', #1947, 1000.000000000000000 ) ;
#2380 = EDGE_CURVE ( 'NONE', #193, #1688, #2623, .T. ) ;
#2381 = DIRECTION ( 'NONE',  ( -1.000000000000000000, 0.000000000000000000, 0.000000000000000000 ) ) ;
#2382 = ORIENTED_EDGE ( 'NONE', *, *, #2282, .F. ) ;
#2383 = CARTESIAN_POINT ( 'NONE',  ( 5.049999999999960743, 16.00000000000000000, 1.500000000000000000 ) ) ;
#2384 = DIRECTION ( 'NONE',  ( 0.000000000000000000, 0.000000000000000000, -1.000000000000000000 ) ) ;
#2385 = EDGE_LOOP ( 'NONE', ( #428, #46 ) ) ;
#2386 = DIRECTION ( 'NONE',  ( 0.000000000000000000, -0.000000000000000000, 1.000000000000000000 ) ) ;
#2387 = AXIS2_PLACEMENT_3D ( 'NONE', #3164, #1039, #1926 ) ;
#2388 = VECTOR ( 'NONE', #2233, 1000.000000000000000 ) ;
#2389 = ORIENTED_EDGE ( 'NONE', *, *, #1749, .F. ) ;
#2390 = CARTESIAN_POINT ( 'NONE',  ( 33.39999999999994174, 20.00000000000000000, 1.500000000000000000 ) ) ;
#2391 = FACE_BOUND ( 'NONE', #3526, .T. ) ;
#2392 = CARTESIAN_POINT ( 'NONE',  ( 41.49999999999995737, 16.00000000000000000, 1.500000000000000000 ) ) ;
#2393 = EDGE_CURVE ( 'NONE', #751, #2575, #3635, .T. ) ;
#2394 = ORIENTED_EDGE ( 'NONE', *, *, #2393, .T. ) ;
#2395 = DIRECTION ( 'NONE',  ( -1.000000000000000000, 0.000000000000000000, 0.000000000000000000 ) ) ;
#2396 = CIRCLE ( 'NONE', #581, 1.199999999999999734 ) ;
#2397 = DIRECTION ( 'NONE',  ( 0.000000000000000000, 0.000000000000000000, 1.000000000000000000 ) ) ;
#2398 = ORIENTED_EDGE ( 'NONE', *, *, #2319, .F. ) ;
#2399 = CARTESIAN_POINT ( 'NONE',  ( 38.49999999999998579, 8.000000000000000000, 0.000000000000000000 ) ) ;
#2400 = FACE_OUTER_BOUND ( 'NONE', #3839, .T. ) ;
#2401 = ORIENTED_EDGE ( 'NONE', *, *, #2922, .F. ) ;
#2402 = DIRECTION ( 'NONE',  ( -1.000000000000000000, 0.000000000000000000, 0.000000000000000000 ) ) ;
#2403 = EDGE_CURVE ( 'NONE', #435, #3230, #66, .T. ) ;
#2404 = CARTESIAN_POINT ( 'NONE',  ( 23.99999999999994671, 20.00000000000000000, 1.500000000000000000 ) ) ;
#2405 = EDGE_LOOP ( 'NONE', ( #2842, #2483 ) ) ;
#2406 = DIRECTION ( 'NONE',  ( -1.000000000000000000, 0.000000000000000000, 0.000000000000000000 ) ) ;
#2407 = ORIENTED_EDGE ( 'NONE', *, *, #2747, .F. ) ;
#2408 = CARTESIAN_POINT ( 'NONE',  ( 40.00000000000000000, 4.000000000000000000, 0.000000000000000000 ) ) ;
#2409 = CARTESIAN_POINT ( 'NONE',  ( 37.44999999999996732, 12.00000000000000000, 1.500000000000000000 ) ) ;
#2410 = DIRECTION ( 'NONE',  ( 1.000000000000000000, 0.000000000000000000, 0.000000000000000000 ) ) ;
#2411 = EDGE_LOOP ( 'NONE', ( #472, #2704, #1513, #3156 ) ) ;
#2412 = DIRECTION ( 'NONE',  ( 0.000000000000000000, 0.000000000000000000, 1.000000000000000000 ) ) ;
#2413 = ADVANCED_FACE ( 'NONE', ( #3091 ), #1638, .F. ) ;
#2414 = DIRECTION ( 'NONE',  ( -1.000000000000000000, 0.000000000000000000, 0.000000000000000000 ) ) ;
#2415 = EDGE_LOOP ( 'NONE', ( #1560, #2287 ) ) ;
#2416 = DIRECTION ( 'NONE',  ( 0.000000000000000000, 0.000000000000000000, -1.000000000000000000 ) ) ;
#2417 = CYLINDRICAL_SURFACE ( 'NONE', #1941, 1.299999999999999156 ) ;
#2418 = EDGE_LOOP ( 'NONE', ( #1092, #177 ) ) ;
#2419 = CARTESIAN_POINT ( 'NONE',  ( 35.99999999999995737, 16.00000000000000000, 0.000000000000000000 ) ) ;
#2420 = DIRECTION ( 'NONE',  ( 1.000000000000000000, 0.000000000000000000, 0.000000000000000000 ) ) ;
#2421 = ADVANCED_FACE ( 'NONE', ( #401 ), #147, .F. ) ;
#2422 = EDGE_LOOP ( 'NONE', ( #2829, #2394, #2918, #2669 ) ) ;
#2423 = CYLINDRICAL_SURFACE ( 'NONE', #3650, 1.449999999999999956 ) ;
#2424 = ADVANCED_FACE ( 'NONE', ( #417 ), #1597, .F. ) ;
#2425 = VECTOR ( 'NONE', #2429, 1000.000000000000000 ) ;
#2426 = AXIS2_PLACEMENT_3D ( 'NONE', #3887, #295, #1748 ) ;
#2427 = ORIENTED_EDGE ( 'NONE', *, *, #191, .F. ) ;
#2428 = CARTESIAN_POINT ( 'NONE',  ( 27.99999999999997158, 12.00000000000000000, 1.500000000000000000 ) ) ;
#2429 = DIRECTION ( 'NONE',  ( 0.000000000000000000, 0.000000000000000000, -1.000000000000000000 ) ) ;
#2430 = EDGE_LOOP ( 'NONE', ( #2967, #3152, #1635, #2344 ) ) ;
#2431 = VECTOR ( 'NONE', #825, 1000.000000000000000 ) ;
#2432 = DIRECTION ( 'NONE',  ( 0.000000000000000000, 0.000000000000000000, -1.000000000000000000 ) ) ;
#2433 = CARTESIAN_POINT ( 'NONE',  ( 9.099999999999972999, 12.00000000000000000, 1.500000000000000000 ) ) ;
#2434 = ORIENTED_EDGE ( 'NONE', *, *, #3452, .T. ) ;
#2435 = FACE_OUTER_BOUND ( 'NONE', #3666, .T. ) ;
#2436 = AXIS2_PLACEMENT_3D ( 'NONE', #2714, #3265, #617 ) ;
#2437 = ORIENTED_EDGE ( 'NONE', *, *, #2506, .T. ) ;
#2438 = CARTESIAN_POINT ( 'NONE',  ( 2.949999999999958433, 16.00000000000000000, 0.000000000000000000 ) ) ;
#2439 = EDGE_CURVE ( 'NONE', #1662, #2589, #3756, .T. ) ;
#2440 = CARTESIAN_POINT ( 'NONE',  ( 3.999999999999959144, 16.00000000000000000, 0.000000000000000000 ) ) ;
#2441 = ORIENTED_EDGE ( 'NONE', *, *, #1044, .T. ) ;
#2442 = AXIS2_PLACEMENT_3D ( 'NONE', #3382, #742, #2241 ) ;
#2443 = DIRECTION ( 'NONE',  ( 0.000000000000000000, 0.000000000000000000, 1.000000000000000000 ) ) ;
#2444 = ORIENTED_EDGE ( 'NONE', *, *, #3329, .F. ) ;
#2445 = DIRECTION ( 'NONE',  ( 0.000000000000000000, 0.000000000000000000, -1.000000000000000000 ) ) ;
#2446 = EDGE_CURVE ( 'NONE', #1428, #3601, #1759, .T. ) ;
#2447 = FACE_OUTER_BOUND ( 'NONE', #3861, .T. ) ;
#2448 = EDGE_CURVE ( 'NONE', #818, #1229, #2942, .T. ) ;
#2449 = ORIENTED_EDGE ( 'NONE', *, *, #2448, .T. ) ;
#2450 = CARTESIAN_POINT ( 'NONE',  ( 5.049999999999973177, 12.00000000000000000, 0.000000000000000000 ) ) ;
#2451 = AXIS2_PLACEMENT_3D ( 'NONE', #2650, #3556, #220 ) ;
#2452 = CYLINDRICAL_SURFACE ( 'NONE', #2812, 1.100000000000001199 ) ;
#2453 = AXIS2_PLACEMENT_3D ( 'NONE', #1549, #81, #1902 ) ;
#2454 = ORIENTED_EDGE ( 'NONE', *, *, #2792, .F. ) ;
#2455 = LINE ( 'NONE', #3116, #1103 ) ;
#2456 = LINE ( 'NONE', #3597, #2266 ) ;
#2457 = CIRCLE ( 'NONE', #1521, 1.050000000000000488 ) ;
#2458 = ORIENTED_EDGE ( 'NONE', *, *, #1900, .T. ) ;
#2459 = DIRECTION ( 'NONE',  ( 0.000000000000000000, 0.000000000000000000, 1.000000000000000000 ) ) ;
#2460 = CARTESIAN_POINT ( 'NONE',  ( 27.99999999999997158, 12.00000000000000000, 1.500000000000000000 ) ) ;
#2461 = VERTEX_POINT ( 'NONE', #3102 ) ;
#2462 = EDGE_CURVE ( 'NONE', #2015, #3078, #1037, .T. ) ;
#2463 = LINE ( 'NONE', #1562, #1711 ) ;
#2464 = ORIENTED_EDGE ( 'NONE', *, *, #678, .F. ) ;
#2465 = DIRECTION ( 'NONE',  ( 0.000000000000000000, 0.000000000000000000, -1.000000000000000000 ) ) ;
#2466 = VERTEX_POINT ( 'NONE', #3751 ) ;
#2467 = EDGE_CURVE ( 'NONE', #34, #2062, #432, .T. ) ;
#2468 = AXIS2_PLACEMENT_3D ( 'NONE', #511, #840, #1453 ) ;
#2469 = CYLINDRICAL_SURFACE ( 'NONE', #3770, 1.399999999999995026 ) ;
#2470 = DIRECTION ( 'NONE',  ( -1.000000000000000000, 0.000000000000000000, 0.000000000000000000 ) ) ;
#2471 = ORIENTED_EDGE ( 'NONE', *, *, #123, .F. ) ;
#2472 = FACE_OUTER_BOUND ( 'NONE', #347, .T. ) ;
#2473 = CIRCLE ( 'NONE', #2170, 1.399999999999998579 ) ;
#2474 = EDGE_CURVE ( 'NONE', #3108, #3791, #1252, .T. ) ;
#2475 = ORIENTED_EDGE ( 'NONE', *, *, #863, .T. ) ;
#2476 = ORIENTED_EDGE ( 'NONE', *, *, #3747, .T. ) ;
#2477 = CARTESIAN_POINT ( 'NONE',  ( 15.99999999999995914, 16.00000000000000000, 1.500000000000000000 ) ) ;
#2478 = DIRECTION ( 'NONE',  ( 0.000000000000000000, 0.000000000000000000, -1.000000000000000000 ) ) ;
#2479 = ORIENTED_EDGE ( 'NONE', *, *, #2123, .T. ) ;
#2480 = DIRECTION ( 'NONE',  ( 1.000000000000000000, 0.000000000000000000, 0.000000000000000000 ) ) ;
#2481 = FACE_BOUND ( 'NONE', #462, .T. ) ;
#2482 = VECTOR ( 'NONE', #1056, 1000.000000000000000 ) ;
#2483 = ORIENTED_EDGE ( 'NONE', *, *, #2726, .T. ) ;
#2484 = AXIS2_PLACEMENT_3D ( 'NONE', #42, #3339, #573 ) ;
#2485 = AXIS2_PLACEMENT_3D ( 'NONE', #2954, #3542, #248 ) ;
#2486 = CYLINDRICAL_SURFACE ( 'NONE', #1180, 1.050000000000000933 ) ;
#2487 = VECTOR ( 'NONE', #3702, 1000.000000000000000 ) ;
#2488 = CYLINDRICAL_SURFACE ( 'NONE', #3487, 1.350000000000000533 ) ;
#2489 = ORIENTED_EDGE ( 'NONE', *, *, #149, .T. ) ;
#2490 = DIRECTION ( 'NONE',  ( 0.000000000000000000, 0.000000000000000000, -1.000000000000000000 ) ) ;
#2491 = AXIS2_PLACEMENT_3D ( 'NONE', #1938, #3743, #3153 ) ;
#2492 = VERTEX_POINT ( 'NONE', #1004 ) ;
#2493 = VERTEX_POINT ( 'NONE', #3087 ) ;
#2494 = DIRECTION ( 'NONE',  ( 0.000000000000000000, 0.000000000000000000, -1.000000000000000000 ) ) ;
#2495 = EDGE_CURVE ( 'NONE', #3791, #3108, #743, .T. ) ;
#2496 = EDGE_CURVE ( 'NONE', #1688, #710, #3415, .T. ) ;
#2497 = DIRECTION ( 'NONE',  ( -0.000000000000000000, -1.000000000000000000, -0.000000000000000000 ) ) ;
#2498 = ORIENTED_EDGE ( 'NONE', *, *, #1026, .F. ) ;
#2499 = LINE ( 'NONE', #2573, #1623 ) ;
#2500 = DIRECTION ( 'NONE',  ( -1.000000000000000000, 0.000000000000000000, -0.000000000000000000 ) ) ;
#2501 = VERTEX_POINT ( 'NONE', #2787 ) ;
#2502 = FACE_OUTER_BOUND ( 'NONE', #1412, .T. ) ;
#2503 = CARTESIAN_POINT ( 'NONE',  ( 6.899999999999998579, 4.000000000000000000, 1.500000000000000000 ) ) ;
#2504 = EDGE_LOOP ( 'NONE', ( #230, #3728, #3219, #1524 ) ) ;
#2505 = AXIS2_PLACEMENT_3D ( 'NONE', #3436, #1005, #745 ) ;
#2506 = EDGE_CURVE ( 'NONE', #3090, #3880, #1966, .T. ) ;
#2507 = CARTESIAN_POINT ( 'NONE',  ( 18.75000000000000000, 4.000000000000000000, 0.000000000000000000 ) ) ;
#2508 = CIRCLE ( 'NONE', #3577, 1.449999999999999956 ) ;
#2509 = DIRECTION ( 'NONE',  ( 1.000000000000000000, 0.000000000000000000, 0.000000000000000000 ) ) ;
#2510 = AXIS2_PLACEMENT_3D ( 'NONE', #3204, #3775, #515 ) ;
#2511 = AXIS2_PLACEMENT_3D ( 'NONE', #2023, #1646, #1364 ) ;
#2512 = ORIENTED_EDGE ( 'NONE', *, *, #1390, .F. ) ;
#2513 = CARTESIAN_POINT ( 'NONE',  ( 35.99999999999997158, 12.00000000000000000, 0.000000000000000000 ) ) ;
#2514 = AXIS2_PLACEMENT_3D ( 'NONE', #1206, #11, #1497 ) ;
#2515 = DIRECTION ( 'NONE',  ( 1.000000000000000000, 0.000000000000000000, 0.000000000000000000 ) ) ;
#2516 = ORIENTED_EDGE ( 'NONE', *, *, #2134, .F. ) ;
#2517 = AXIS2_PLACEMENT_3D ( 'NONE', #1509, #2723, #25 ) ;
#2518 = DIRECTION ( 'NONE',  ( 1.000000000000000000, 0.000000000000000000, 0.000000000000000000 ) ) ;
#2519 = CARTESIAN_POINT ( 'NONE',  ( 38.49999999999994316, 20.00000000000000000, 0.000000000000000000 ) ) ;
#2520 = ORIENTED_EDGE ( 'NONE', *, *, #3639, .F. ) ;
#2521 = FACE_BOUND ( 'NONE', #3292, .T. ) ;
#2522 = ORIENTED_EDGE ( 'NONE', *, *, #2807, .F. ) ;
#2523 = EDGE_CURVE ( 'NONE', #2529, #3343, #495, .T. ) ;
#2524 = CARTESIAN_POINT ( 'NONE',  ( 2.949999999999945555, 20.00000000000000000, 1.500000000000000000 ) ) ;
#2525 = DIRECTION ( 'NONE',  ( 0.000000000000000000, 0.000000000000000000, 1.000000000000000000 ) ) ;
#2526 = ORIENTED_EDGE ( 'NONE', *, *, #3530, .T. ) ;
#2527 = DIRECTION ( 'NONE',  ( 0.000000000000000000, 0.000000000000000000, 1.000000000000000000 ) ) ;
#2528 = EDGE_CURVE ( 'NONE', #2353, #2186, #1699, .T. ) ;
#2529 = VERTEX_POINT ( 'NONE', #1613 ) ;
#2530 = CARTESIAN_POINT ( 'NONE',  ( 41.49999999999997158, 12.00000000000000000, 1.500000000000000000 ) ) ;
#2531 = DIRECTION ( 'NONE',  ( -1.000000000000000000, 0.000000000000000000, 0.000000000000000000 ) ) ;
#2532 = ORIENTED_EDGE ( 'NONE', *, *, #603, .F. ) ;
#2533 = EDGE_LOOP ( 'NONE', ( #2093, #866, #1507, #1254 ) ) ;
#2534 = LINE ( 'NONE', #146, #2020 ) ;
#2535 = DIRECTION ( 'NONE',  ( 1.000000000000000000, 0.000000000000000000, 0.000000000000000000 ) ) ;
#2536 = EDGE_CURVE ( 'NONE', #2947, #3704, #1652, .T. ) ;
#2537 = ADVANCED_FACE ( 'NONE', ( #1924 ), #3120, .F. ) ;
#2538 = ORIENTED_EDGE ( 'NONE', *, *, #1082, .F. ) ;
#2539 = CARTESIAN_POINT ( 'NONE',  ( 15.99999999999997335, 12.00000000000000000, 0.000000000000000000 ) ) ;
#2540 = ORIENTED_EDGE ( 'NONE', *, *, #2259, .T. ) ;
#2541 = DIRECTION ( 'NONE',  ( 1.000000000000000000, 0.000000000000000000, 0.000000000000000000 ) ) ;
#2542 = LINE ( 'NONE', #2579, #2551 ) ;
#2543 = AXIS2_PLACEMENT_3D ( 'NONE', #2187, #1590, #3356 ) ;
#2544 = CARTESIAN_POINT ( 'NONE',  ( 28.00000000000000000, 4.000000000000000000, 1.500000000000000000 ) ) ;
#2545 = ORIENTED_EDGE ( 'NONE', *, *, #219, .F. ) ;
#2546 = DIRECTION ( 'NONE',  ( 1.000000000000000000, 0.000000000000000000, 0.000000000000000000 ) ) ;
#2547 = VECTOR ( 'NONE', #2185, 1000.000000000000000 ) ;
#2548 = EDGE_LOOP ( 'NONE', ( #2822, #36 ) ) ;
#2549 = DIRECTION ( 'NONE',  ( 1.000000000000000000, 0.000000000000000000, 0.000000000000000000 ) ) ;
#2550 = CYLINDRICAL_SURFACE ( 'NONE', #2387, 1.350000000000000533 ) ;
#2551 = VECTOR ( 'NONE', #525, 1000.000000000000000 ) ;
#2552 = VERTEX_POINT ( 'NONE', #2843 ) ;
#2553 = DIRECTION ( 'NONE',  ( 1.000000000000000000, 0.000000000000000000, 0.000000000000000000 ) ) ;
#2554 = FACE_OUTER_BOUND ( 'NONE', #352, .T. ) ;
#2555 = ADVANCED_FACE ( 'NONE', ( #1629 ), #87, .F. ) ;
#2556 = AXIS2_PLACEMENT_3D ( 'NONE', #2419, #889, #907 ) ;
#2557 = VERTEX_POINT ( 'NONE', #141 ) ;
#2558 = ORIENTED_EDGE ( 'NONE', *, *, #1053, .T. ) ;
#2559 = CARTESIAN_POINT ( 'NONE',  ( 36.00000000000000000, 4.000000000000000000, 1.500000000000000000 ) ) ;
#2560 = DIRECTION ( 'NONE',  ( -1.000000000000000000, 0.000000000000000000, 0.000000000000000000 ) ) ;
#2561 = EDGE_CURVE ( 'NONE', #1769, #2057, #2508, .T. ) ;
#2562 = FACE_OUTER_BOUND ( 'NONE', #2430, .T. ) ;
#2563 = EDGE_LOOP ( 'NONE', ( #958, #2540 ) ) ;
#2564 = CARTESIAN_POINT ( 'NONE',  ( 40.00000000000000000, 4.000000000000000000, 1.500000000000000000 ) ) ;
#2565 = ORIENTED_EDGE ( 'NONE', *, *, #2912, .T. ) ;
#2566 = CARTESIAN_POINT ( 'NONE',  ( 41.49999999999997158, 12.00000000000000000, 0.000000000000000000 ) ) ;
#2567 = CARTESIAN_POINT ( 'NONE',  ( 23.99999999999994671, 20.00000000000000000, 0.000000000000000000 ) ) ;
#2568 = AXIS2_PLACEMENT_3D ( 'NONE', #2586, #3788, #1096 ) ;
#2569 = AXIS2_PLACEMENT_3D ( 'NONE', #33, #1224, #2420 ) ;
#2570 = DIRECTION ( 'NONE',  ( 0.000000000000000000, 0.000000000000000000, 1.000000000000000000 ) ) ;
#2571 = ORIENTED_EDGE ( 'NONE', *, *, #1426, .T. ) ;
#2572 = FACE_OUTER_BOUND ( 'NONE', #3583, .T. ) ;
#2573 = CARTESIAN_POINT ( 'NONE',  ( 6.899999999999943512, 20.00000000000000000, 1.500000000000000000 ) ) ;
#2574 = VECTOR ( 'NONE', #482, 1000.000000000000000 ) ;
#2575 = VERTEX_POINT ( 'NONE', #1576 ) ;
#2576 = EDGE_CURVE ( 'NONE', #221, #102, #986, .T. ) ;
#2577 = VECTOR ( 'NONE', #3367, 1000.000000000000000 ) ;
#2578 = CARTESIAN_POINT ( 'NONE',  ( 5.049999999999973177, 12.00000000000000000, 1.500000000000000000 ) ) ;
#2579 = CARTESIAN_POINT ( 'NONE',  ( 17.19999999999998508, 8.000000000000000000, 1.500000000000000000 ) ) ;
#2580 = FACE_BOUND ( 'NONE', #1368, .T. ) ;
#2581 = ORIENTED_EDGE ( 'NONE', *, *, #3674, .F. ) ;
#2582 = FACE_OUTER_BOUND ( 'NONE', #2533, .T. ) ;
#2583 = ORIENTED_EDGE ( 'NONE', *, *, #1515, .T. ) ;
#2584 = ADVANCED_FACE ( 'NONE', ( #398 ), #2771, .F. ) ;
#2585 = CYLINDRICAL_SURFACE ( 'NONE', #1300, 1.399999999999995026 ) ;
#2586 = CARTESIAN_POINT ( 'NONE',  ( 24.00000000000000000, 4.000000000000000000, 1.500000000000000000 ) ) ;
#2587 = EDGE_CURVE ( 'NONE', #1919, #1574, #1593, .T. ) ;
#2588 = DIRECTION ( 'NONE',  ( 1.000000000000000000, 0.000000000000000000, 0.000000000000000000 ) ) ;
#2589 = VERTEX_POINT ( 'NONE', #1454 ) ;
#2590 = DIRECTION ( 'NONE',  ( 0.000000000000000000, 0.000000000000000000, -1.000000000000000000 ) ) ;
#2591 = CARTESIAN_POINT ( 'NONE',  ( 9.099999999999958789, 16.00000000000000000, 1.500000000000000000 ) ) ;
#2592 = CYLINDRICAL_SURFACE ( 'NONE', #3642, 1.100000000000001199 ) ;
#2593 = EDGE_LOOP ( 'NONE', ( #3873, #1537 ) ) ;
#2594 = DIRECTION ( 'NONE',  ( 0.000000000000000000, 0.000000000000000000, 1.000000000000000000 ) ) ;
#2595 = DIRECTION ( 'NONE',  ( 0.000000000000000000, 0.000000000000000000, 1.000000000000000000 ) ) ;
#2596 = DIRECTION ( 'NONE',  ( 1.000000000000000000, 0.000000000000000000, 0.000000000000000000 ) ) ;
#2597 = CYLINDRICAL_SURFACE ( 'NONE', #1921, 1.350000000000000533 ) ;
#2598 = VERTEX_POINT ( 'NONE', #1715 ) ;
#2599 = DIRECTION ( 'NONE',  ( -1.000000000000000000, 0.000000000000000000, 0.000000000000000000 ) ) ;
#2600 = EDGE_LOOP ( 'NONE', ( #3400, #913 ) ) ;
#2601 = CARTESIAN_POINT ( 'NONE',  ( 10.84999999999998721, 8.000000000000000000, 1.500000000000000000 ) ) ;
#2602 = CARTESIAN_POINT ( 'NONE',  ( 39.99999999999997158, 12.00000000000000000, 0.000000000000000000 ) ) ;
#2603 = CARTESIAN_POINT ( 'NONE',  ( 33.39999999999995595, 16.00000000000000000, 1.500000000000000000 ) ) ;
#2604 = CIRCLE ( 'NONE', #1482, 1.299999999999999156 ) ;
#2605 = ORIENTED_EDGE ( 'NONE', *, *, #2778, .F. ) ;
#2606 = DIRECTION ( 'NONE',  ( -1.000000000000000000, 0.000000000000000000, 0.000000000000000000 ) ) ;
#2607 = EDGE_CURVE ( 'NONE', #2959, #282, #1369, .T. ) ;
#2608 = EDGE_CURVE ( 'NONE', #43, #3311, #3201, .T. ) ;
#2609 = CARTESIAN_POINT ( 'NONE',  ( 21.24999999999996092, 16.00000000000000000, 1.500000000000000000 ) ) ;
#2610 = AXIS2_PLACEMENT_3D ( 'NONE', #1124, #2384, #2035 ) ;
#2611 = CARTESIAN_POINT ( 'NONE',  ( 2.949999999999999289, 4.000000000000000000, 0.000000000000000000 ) ) ;
#2612 = EDGE_LOOP ( 'NONE', ( #1981, #2044 ) ) ;
#2613 = AXIS2_PLACEMENT_3D ( 'NONE', #770, #1685, #1050 ) ;
#2614 = CIRCLE ( 'NONE', #3495, 1.350000000000000533 ) ;
#2615 = DIRECTION ( 'NONE',  ( 1.000000000000000000, 0.000000000000000000, 0.000000000000000000 ) ) ;
#2616 = CIRCLE ( 'NONE', #557, 1.449999999999999956 ) ;
#2617 = ORIENTED_EDGE ( 'NONE', *, *, #1291, .F. ) ;
#2618 = CARTESIAN_POINT ( 'NONE',  ( 19.99999999999994316, 20.00000000000000000, 0.000000000000000000 ) ) ;
#2619 = CARTESIAN_POINT ( 'NONE',  ( 23.99999999999995737, 16.00000000000000000, 1.500000000000000000 ) ) ;
#2620 = ORIENTED_EDGE ( 'NONE', *, *, #1462, .F. ) ;
#2621 = DIRECTION ( 'NONE',  ( 0.000000000000000000, 0.000000000000000000, -1.000000000000000000 ) ) ;
#2622 = ORIENTED_EDGE ( 'NONE', *, *, #739, .F. ) ;
#2623 = CIRCLE ( 'NONE', #1567, 1.149999999999999911 ) ;
#2624 = EDGE_CURVE ( 'NONE', #3687, #1020, #861, .T. ) ;
#2625 = LINE ( 'NONE', #2048, #3664 ) ;
#2626 = CARTESIAN_POINT ( 'NONE',  ( 30.59999999999999076, 8.000000000000000000, 0.000000000000000000 ) ) ;
#2627 = LINE ( 'NONE', #3515, #3013 ) ;
#2628 = ORIENTED_EDGE ( 'NONE', *, *, #2045, .F. ) ;
#2629 = DIRECTION ( 'NONE',  ( 1.000000000000000000, 0.000000000000000000, 0.000000000000000000 ) ) ;
#2630 = AXIS2_PLACEMENT_3D ( 'NONE', #2693, #657, #1579 ) ;
#2631 = ORIENTED_EDGE ( 'NONE', *, *, #1439, .T. ) ;
#2632 = DIRECTION ( 'NONE',  ( 0.000000000000000000, 0.000000000000000000, 1.000000000000000000 ) ) ;
#2633 = EDGE_CURVE ( 'NONE', #3659, #3211, #1508, .T. ) ;
#2634 = ORIENTED_EDGE ( 'NONE', *, *, #1825, .T. ) ;
#2635 = VECTOR ( 'NONE', #964, 1000.000000000000000 ) ;
#2636 = CARTESIAN_POINT ( 'NONE',  ( 28.00000000000000000, 4.000000000000000000, 0.000000000000000000 ) ) ;
#2637 = VECTOR ( 'NONE', #3349, 1000.000000000000000 ) ;
#2638 = EDGE_CURVE ( 'NONE', #1040, #3852, #1500, .T. ) ;
#2639 = AXIS2_PLACEMENT_3D ( 'NONE', #1127, #2079, #2386 ) ;
#2640 = CIRCLE ( 'NONE', #822, 1.299999999999999156 ) ;
#2641 = ORIENTED_EDGE ( 'NONE', *, *, #1338, .T. ) ;
#2642 = DIRECTION ( 'NONE',  ( 0.000000000000000000, 0.000000000000000000, -1.000000000000000000 ) ) ;
#2643 = FACE_BOUND ( 'NONE', #1133, .T. ) ;
#2644 = ORIENTED_EDGE ( 'NONE', *, *, #1029, .T. ) ;
#2645 = CYLINDRICAL_SURFACE ( 'NONE', #1294, 1.299999999999999156 ) ;
#2646 = ORIENTED_EDGE ( 'NONE', *, *, #939, .T. ) ;
#2647 = DIRECTION ( 'NONE',  ( 0.000000000000000000, 0.000000000000000000, 1.000000000000000000 ) ) ;
#2648 = ORIENTED_EDGE ( 'NONE', *, *, #2051, .F. ) ;
#2649 = CARTESIAN_POINT ( 'NONE',  ( 33.39999999999999858, 4.000000000000000000, 1.500000000000000000 ) ) ;
#2650 = CARTESIAN_POINT ( 'NONE',  ( 20.00000000000000000, 4.000000000000000000, 1.500000000000000000 ) ) ;
#2651 = VERTEX_POINT ( 'NONE', #2626 ) ;
#2652 = DIRECTION ( 'NONE',  ( 1.000000000000000000, 0.000000000000000000, 0.000000000000000000 ) ) ;
#2653 = DIRECTION ( 'NONE',  ( 0.000000000000000000, 0.000000000000000000, -1.000000000000000000 ) ) ;
#2654 = EDGE_LOOP ( 'NONE', ( #339, #764 ) ) ;
#2655 = CARTESIAN_POINT ( 'NONE',  ( 31.99999999999997158, 12.00000000000000000, 1.500000000000000000 ) ) ;
#2656 = EDGE_CURVE ( 'NONE', #1182, #1436, #2196, .T. ) ;
#2657 = ORIENTED_EDGE ( 'NONE', *, *, #308, .F. ) ;
#2658 = FACE_OUTER_BOUND ( 'NONE', #546, .T. ) ;
#2659 = ADVANCED_FACE ( 'NONE', ( #3183 ), #1160, .F. ) ;
#2660 = DIRECTION ( 'NONE',  ( 1.000000000000000000, 0.000000000000000000, 0.000000000000000000 ) ) ;
#2661 = ORIENTED_EDGE ( 'NONE', *, *, #216, .T. ) ;
#2662 = ADVANCED_FACE ( 'NONE', ( #1118 ), #2865, .F. ) ;
#2663 = DIRECTION ( 'NONE',  ( 1.000000000000000000, 0.000000000000000000, 0.000000000000000000 ) ) ;
#2664 = VERTEX_POINT ( 'NONE', #533 ) ;
#2665 = CARTESIAN_POINT ( 'NONE',  ( 37.44999999999995310, 16.00000000000000000, 1.500000000000000000 ) ) ;
#2666 = DIRECTION ( 'NONE',  ( 0.000000000000000000, 0.000000000000000000, -1.000000000000000000 ) ) ;
#2667 = ORIENTED_EDGE ( 'NONE', *, *, #1871, .T. ) ;
#2668 = DIRECTION ( 'NONE',  ( 0.000000000000000000, 0.000000000000000000, 1.000000000000000000 ) ) ;
#2669 = ORIENTED_EDGE ( 'NONE', *, *, #2251, .F. ) ;
#2670 = DIRECTION ( 'NONE',  ( 0.000000000000000000, 0.000000000000000000, -1.000000000000000000 ) ) ;
#2671 = AXIS2_PLACEMENT_3D ( 'NONE', #1650, #156, #138 ) ;
#2672 = AXIS2_PLACEMENT_3D ( 'NONE', #3316, #628, #335 ) ;
#2673 = CYLINDRICAL_SURFACE ( 'NONE', #3875, 1.199999999999999734 ) ;
#2674 = VERTEX_POINT ( 'NONE', #553 ) ;
#2675 = AXIS2_PLACEMENT_3D ( 'NONE', #1762, #2969, #3226 ) ;
#2676 = EDGE_CURVE ( 'NONE', #2835, #102, #122, .T. ) ;
#2677 = DIRECTION ( 'NONE',  ( 0.000000000000000000, 0.000000000000000000, -1.000000000000000000 ) ) ;
#2678 = ORIENTED_EDGE ( 'NONE', *, *, #2168, .T. ) ;
#2679 = CYLINDRICAL_SURFACE ( 'NONE', #447, 1.449999999999999956 ) ;
#2680 = FACE_BOUND ( 'NONE', #86, .T. ) ;
#2681 = EDGE_LOOP ( 'NONE', ( #2818, #3284, #2951, #400 ) ) ;
#2682 = CARTESIAN_POINT ( 'NONE',  ( 9.099999999999999645, 4.000000000000000000, 0.000000000000000000 ) ) ;
#2683 = ORIENTED_EDGE ( 'NONE', *, *, #3430, .T. ) ;
#2684 = EDGE_CURVE ( 'NONE', #976, #355, #2696, .T. ) ;
#2685 = DIRECTION ( 'NONE',  ( 0.000000000000000000, 0.000000000000000000, -1.000000000000000000 ) ) ;
#2686 = SURFACE_STYLE_USAGE ( .BOTH. , #3003 ) ;
#2687 = ORIENTED_EDGE ( 'NONE', *, *, #3789, .T. ) ;
#2688 = CYLINDRICAL_SURFACE ( 'NONE', #3210, 1.500000000000001332 ) ;
#2689 = AXIS2_PLACEMENT_3D ( 'NONE', #1059, #2190, #158 ) ;
#2690 = CARTESIAN_POINT ( 'NONE',  ( 14.79999999999997229, 12.00000000000000000, 0.000000000000000000 ) ) ;
#2691 = ORIENTED_EDGE ( 'NONE', *, *, #2329, .F. ) ;
#2692 = CARTESIAN_POINT ( 'NONE',  ( 13.14999999999994529, 20.00000000000000000, 0.000000000000000000 ) ) ;
#2693 = CARTESIAN_POINT ( 'NONE',  ( 7.999999999999986677, 8.000000000000000000, 1.500000000000000000 ) ) ;
#2694 = ORIENTED_EDGE ( 'NONE', *, *, #3695, .T. ) ;
#2695 = CARTESIAN_POINT ( 'NONE',  ( 19.99999999999998579, 8.000000000000000000, 0.000000000000000000 ) ) ;
#2696 = CIRCLE ( 'NONE', #3760, 1.050000000000000488 ) ;
#2697 = AXIS2_PLACEMENT_3D ( 'NONE', #3402, #3716, #2531 ) ;
#2698 = EDGE_CURVE ( 'NONE', #1651, #2947, #570, .T. ) ;
#2699 = VECTOR ( 'NONE', #3429, 1000.000000000000000 ) ;
#2700 = VERTEX_POINT ( 'NONE', #3493 ) ;
#2701 = CYLINDRICAL_SURFACE ( 'NONE', #196, 1.299999999999999156 ) ;
#2702 = FACE_BOUND ( 'NONE', #2593, .T. ) ;
#2703 = FACE_OUTER_BOUND ( 'NONE', #1222, .T. ) ;
#2704 = ORIENTED_EDGE ( 'NONE', *, *, #1608, .T. ) ;
#2705 = AXIS2_PLACEMENT_3D ( 'NONE', #1234, #2068, #900 ) ;
#2706 = DIRECTION ( 'NONE',  ( 1.000000000000000000, 0.000000000000000000, 0.000000000000000000 ) ) ;
#2707 = CIRCLE ( 'NONE', #1207, 1.149999999999999911 ) ;
#2708 = CARTESIAN_POINT ( 'NONE',  ( 21.25000000000000000, 4.000000000000000000, 1.500000000000000000 ) ) ;
#2709 = ORIENTED_EDGE ( 'NONE', *, *, #732, .F. ) ;
#2710 = CARTESIAN_POINT ( 'NONE',  ( 31.99999999999997158, 12.00000000000000000, 1.500000000000000000 ) ) ;
#2711 = EDGE_CURVE ( 'NONE', #1688, #193, #188, .T. ) ;
#2712 = LINE ( 'NONE', #635, #744 ) ;
#2713 = ORIENTED_EDGE ( 'NONE', *, *, #3074, .T. ) ;
#2714 = CARTESIAN_POINT ( 'NONE',  ( 23.99999999999997158, 12.00000000000000000, 0.000000000000000000 ) ) ;
#2715 = EDGE_CURVE ( 'NONE', #1906, #1362, #1006, .T. ) ;
#2716 = DIRECTION ( 'NONE',  ( 0.000000000000000000, 0.000000000000000000, -1.000000000000000000 ) ) ;
#2717 = EDGE_LOOP ( 'NONE', ( #1841, #436 ) ) ;
#2718 = DIRECTION ( 'NONE',  ( 0.000000000000000000, 0.000000000000000000, -1.000000000000000000 ) ) ;
#2719 = ORIENTED_EDGE ( 'NONE', *, *, #1390, .T. ) ;
#2720 = CARTESIAN_POINT ( 'NONE',  ( 39.99999999999997158, 12.00000000000000000, 1.500000000000000000 ) ) ;
#2721 = FACE_BOUND ( 'NONE', #934, .T. ) ;
#2722 = ORIENTED_EDGE ( 'NONE', *, *, #2792, .T. ) ;
#2723 = DIRECTION ( 'NONE',  ( 0.000000000000000000, 0.000000000000000000, -1.000000000000000000 ) ) ;
#2724 = DIRECTION ( 'NONE',  ( 0.000000000000000000, 0.000000000000000000, 1.000000000000000000 ) ) ;
#2725 = ORIENTED_EDGE ( 'NONE', *, *, #3491, .F. ) ;
#2726 = EDGE_CURVE ( 'NONE', #3169, #3078, #3263, .T. ) ;
#2727 = CARTESIAN_POINT ( 'NONE',  ( 16.00000000000000000, 4.000000000000000000, 1.500000000000000000 ) ) ;
#2728 = CARTESIAN_POINT ( 'NONE',  ( 33.39999999999997016, 12.00000000000000000, 1.500000000000000000 ) ) ;
#2729 = VERTEX_POINT ( 'NONE', #2882 ) ;
#2730 = CARTESIAN_POINT ( 'NONE',  ( 39.99999999999997158, 12.00000000000000000, 1.500000000000000000 ) ) ;
#2731 = DIRECTION ( 'NONE',  ( 1.000000000000000000, 0.000000000000000000, 0.000000000000000000 ) ) ;
#2732 = ORIENTED_EDGE ( 'NONE', *, *, #584, .T. ) ;
#2733 = ADVANCED_FACE ( 'NONE', ( #3534 ), #2049, .F. ) ;
#2734 = ADVANCED_FACE ( 'NONE', ( #2945 ), #2281, .F. ) ;
#2735 = VECTOR ( 'NONE', #2745, 1000.000000000000000 ) ;
#2736 = DIRECTION ( 'NONE',  ( 0.000000000000000000, 0.000000000000000000, 1.000000000000000000 ) ) ;
#2737 = AXIS2_PLACEMENT_3D ( 'NONE', #2915, #526, #2876 ) ;
#2738 = AXIS2_PLACEMENT_3D ( 'NONE', #1810, #1135, #2104 ) ;
#2739 = ORIENTED_EDGE ( 'NONE', *, *, #674, .F. ) ;
#2740 = LINE ( 'NONE', #1636, #1660 ) ;
#2741 = DIRECTION ( 'NONE',  ( 1.000000000000000000, 0.000000000000000000, 0.000000000000000000 ) ) ;
#2742 = ORIENTED_EDGE ( 'NONE', *, *, #2214, .T. ) ;
#2743 = CARTESIAN_POINT ( 'NONE',  ( 3.999999999999959144, 16.00000000000000000, 1.500000000000000000 ) ) ;
#2744 = ORIENTED_EDGE ( 'NONE', *, *, #1601, .F. ) ;
#2745 = DIRECTION ( 'NONE',  ( 0.000000000000000000, 0.000000000000000000, -1.000000000000000000 ) ) ;
#2746 = AXIS2_PLACEMENT_3D ( 'NONE', #2095, #2670, #1475 ) ;
#2747 = EDGE_CURVE ( 'NONE', #2492, #3532, #3026, .T. ) ;
#2748 = ORIENTED_EDGE ( 'NONE', *, *, #2026, .T. ) ;
#2749 = FACE_OUTER_BOUND ( 'NONE', #80, .T. ) ;
#2750 = DIRECTION ( 'NONE',  ( 0.000000000000000000, 0.000000000000000000, 1.000000000000000000 ) ) ;
#2751 = VERTEX_POINT ( 'NONE', #2708 ) ;
#2752 = AXIS2_PLACEMENT_3D ( 'NONE', #477, #2870, #2213 ) ;
#2753 = DIRECTION ( 'NONE',  ( 1.000000000000000000, 0.000000000000000000, 0.000000000000000000 ) ) ;
#2754 = EDGE_CURVE ( 'NONE', #268, #2700, #2080, .T. ) ;
#2755 = VERTEX_POINT ( 'NONE', #2433 ) ;
#2756 = VECTOR ( 'NONE', #2107, 1000.000000000000000 ) ;
#2757 = DIRECTION ( 'NONE',  ( 0.000000000000000000, 0.000000000000000000, -1.000000000000000000 ) ) ;
#2758 = EDGE_CURVE ( 'NONE', #1436, #2552, #338, .T. ) ;
#2759 = AXIS2_PLACEMENT_3D ( 'NONE', #180, #3089, #1298 ) ;
#2760 = ORIENTED_EDGE ( 'NONE', *, *, #1871, .F. ) ;
#2761 = DIRECTION ( 'NONE',  ( 0.000000000000000000, 0.000000000000000000, -1.000000000000000000 ) ) ;
#2762 = AXIS2_PLACEMENT_3D ( 'NONE', #3323, #3064, #1873 ) ;
#2763 = LINE ( 'NONE', #998, #1609 ) ;
#2764 = AXIS2_PLACEMENT_3D ( 'NONE', #778, #171, #3798 ) ;
#2765 = ORIENTED_EDGE ( 'NONE', *, *, #2037, .F. ) ;
#2766 = DIRECTION ( 'NONE',  ( 1.000000000000000000, 0.000000000000000000, 0.000000000000000000 ) ) ;
#2767 = CIRCLE ( 'NONE', #1642, 1.199999999999999734 ) ;
#2768 = CIRCLE ( 'NONE', #3212, 1.350000000000000533 ) ;
#2769 = VERTEX_POINT ( 'NONE', #26 ) ;
#2770 = ORIENTED_EDGE ( 'NONE', *, *, #2403, .F. ) ;
#2771 = CYLINDRICAL_SURFACE ( 'NONE', #996, 1.199999999999999734 ) ;
#2772 = CARTESIAN_POINT ( 'NONE',  ( 13.14999999999995772, 16.00000000000000000, 1.500000000000000000 ) ) ;
#2773 = ORIENTED_EDGE ( 'NONE', *, *, #2045, .T. ) ;
#2774 = CARTESIAN_POINT ( 'NONE',  ( 10.84999999999997300, 12.00000000000000000, 1.500000000000000000 ) ) ;
#2775 = EDGE_CURVE ( 'NONE', #685, #1662, #1512, .T. ) ;
#2776 = FACE_BOUND ( 'NONE', #68, .T. ) ;
#2777 = ORIENTED_EDGE ( 'NONE', *, *, #3208, .T. ) ;
#2778 = EDGE_CURVE ( 'NONE', #332, #145, #2872, .T. ) ;
#2779 = CYLINDRICAL_SURFACE ( 'NONE', #2453, 1.250000000000001110 ) ;
#2780 = ADVANCED_FACE ( 'NONE', ( #1794 ), #2452, .F. ) ;
#2781 = DIRECTION ( 'NONE',  ( -0.000000000000000000, -1.000000000000000000, -0.000000000000000000 ) ) ;
#2782 = ORIENTED_EDGE ( 'NONE', *, *, #807, .T. ) ;
#2783 = DIRECTION ( 'NONE',  ( 0.000000000000000000, 0.000000000000000000, -1.000000000000000000 ) ) ;
#2784 = CIRCLE ( 'NONE', #3473, 1.350000000000000533 ) ;
#2785 = EDGE_LOOP ( 'NONE', ( #2558, #1171, #1857, #2725 ) ) ;
#2786 = VERTEX_POINT ( 'NONE', #1816 ) ;
#2787 = CARTESIAN_POINT ( 'NONE',  ( 26.64999999999998792, 8.000000000000000000, 0.000000000000000000 ) ) ;
#2788 = LINE ( 'NONE', #1353, #507 ) ;
#2789 = ORIENTED_EDGE ( 'NONE', *, *, #2607, .T. ) ;
#2790 = DIRECTION ( 'NONE',  ( -1.000000000000000000, 0.000000000000000000, 0.000000000000000000 ) ) ;
#2791 = EDGE_CURVE ( 'NONE', #2827, #2240, #314, .T. ) ;
#2792 = EDGE_CURVE ( 'NONE', #3823, #856, #3885, .T. ) ;
#2793 = FACE_BOUND ( 'NONE', #2405, .T. ) ;
#2794 = MANIFOLD_SOLID_BREP ( '\X2\52079664\X0\-\X2\62c94f38\X0\11', #3288 ) ;
#2795 = CIRCLE ( 'NONE', #785, 1.199999999999999734 ) ;
#2796 = EDGE_LOOP ( 'NONE', ( #498, #3814, #3065, #1156 ) ) ;
#2797 = CIRCLE ( 'NONE', #1105, 1.100000000000000311 ) ;
#2798 = AXIS2_PLACEMENT_3D ( 'NONE', #916, #1155, #1214 ) ;
#2799 = CARTESIAN_POINT ( 'NONE',  ( 31.99999999999998579, 8.000000000000000000, 1.500000000000000000 ) ) ;
#2800 = CYLINDRICAL_SURFACE ( 'NONE', #418, 1.100000000000001199 ) ;
#2801 = ORIENTED_EDGE ( 'NONE', *, *, #2523, .F. ) ;
#2802 = CARTESIAN_POINT ( 'NONE',  ( 31.99999999999998579, 8.000000000000000000, 0.000000000000000000 ) ) ;
#2803 = ADVANCED_FACE ( 'NONE', ( #3573 ), #2070, .F. ) ;
#2804 = VECTOR ( 'NONE', #859, 1000.000000000000000 ) ;
#2805 = VERTEX_POINT ( 'NONE', #299 ) ;
#2806 = DIRECTION ( 'NONE',  ( 0.000000000000000000, 0.000000000000000000, 1.000000000000000000 ) ) ;
#2807 = EDGE_CURVE ( 'NONE', #3246, #1449, #788, .T. ) ;
#2808 = DIRECTION ( 'NONE',  ( 1.000000000000000000, 0.000000000000000000, 0.000000000000000000 ) ) ;
#2809 = ORIENTED_EDGE ( 'NONE', *, *, #1248, .F. ) ;
#2810 = DIRECTION ( 'NONE',  ( 0.000000000000000000, 0.000000000000000000, 1.000000000000000000 ) ) ;
#2811 = CARTESIAN_POINT ( 'NONE',  ( 31.99999999999997158, 12.00000000000000000, 0.000000000000000000 ) ) ;
#2812 = AXIS2_PLACEMENT_3D ( 'NONE', #1533, #2666, #2414 ) ;
#2813 = FACE_BOUND ( 'NONE', #1795, .T. ) ;
#2814 = EDGE_CURVE ( 'NONE', #624, #2136, #2238, .T. ) ;
#2815 = VERTEX_POINT ( 'NONE', #3 ) ;
#2816 = FACE_OUTER_BOUND ( 'NONE', #1644, .T. ) ;
#2817 = DIRECTION ( 'NONE',  ( 1.000000000000000000, 0.000000000000000000, 0.000000000000000000 ) ) ;
#2818 = ORIENTED_EDGE ( 'NONE', *, *, #890, .F. ) ;
#2819 = AXIS2_PLACEMENT_3D ( 'NONE', #2440, #1498, #3345 ) ;
#2820 = DIRECTION ( 'NONE',  ( 0.000000000000000000, 0.000000000000000000, 1.000000000000000000 ) ) ;
#2821 = AXIS2_PLACEMENT_3D ( 'NONE', #2340, #2050, #2885 ) ;
#2822 = ORIENTED_EDGE ( 'NONE', *, *, #1730, .T. ) ;
#2823 = CARTESIAN_POINT ( 'NONE',  ( 18.74999999999997158, 12.00000000000000000, 1.500000000000000000 ) ) ;
#2824 = EDGE_CURVE ( 'NONE', #3854, #3090, #3871, .T. ) ;
#2825 = AXIS2_PLACEMENT_3D ( 'NONE', #2618, #3821, #1131 ) ;
#2826 = CARTESIAN_POINT ( 'NONE',  ( 33.39999999999997016, 12.00000000000000000, 0.000000000000000000 ) ) ;
#2827 = VERTEX_POINT ( 'NONE', #3096 ) ;
#2828 = AXIS2_PLACEMENT_3D ( 'NONE', #3593, #2412, #2706 ) ;
#2829 = ORIENTED_EDGE ( 'NONE', *, *, #3105, .F. ) ;
#2830 = DIRECTION ( 'NONE',  ( 1.000000000000000000, 0.000000000000000000, 0.000000000000000000 ) ) ;
#2831 = EDGE_CURVE ( 'NONE', #1385, #1432, #98, .T. ) ;
#2832 = CARTESIAN_POINT ( 'NONE',  ( 19.99999999999997158, 12.00000000000000000, 1.500000000000000000 ) ) ;
#2833 = ORIENTED_EDGE ( 'NONE', *, *, #2506, .F. ) ;
#2834 = CARTESIAN_POINT ( 'NONE',  ( 44.00000000000000000, 0.000000000000000000, 1.500000000000000000 ) ) ;
#2835 = VERTEX_POINT ( 'NONE', #3114 ) ;
#2836 = DIRECTION ( 'NONE',  ( 1.000000000000000000, 0.000000000000000000, 0.000000000000000000 ) ) ;
#2837 = CARTESIAN_POINT ( 'NONE',  ( 27.99999999999995737, 16.00000000000000000, 1.500000000000000000 ) ) ;
#2838 = DIRECTION ( 'NONE',  ( 0.000000000000000000, 0.000000000000000000, -1.000000000000000000 ) ) ;
#2839 = ORIENTED_EDGE ( 'NONE', *, *, #219, .T. ) ;
#2840 = DIRECTION ( 'NONE',  ( 1.000000000000000000, 0.000000000000000000, 0.000000000000000000 ) ) ;
#2841 = EDGE_CURVE ( 'NONE', #2935, #2598, #978, .T. ) ;
#2842 = ORIENTED_EDGE ( 'NONE', *, *, #7, .T. ) ;
#2843 = CARTESIAN_POINT ( 'NONE',  ( 14.79999999999998650, 8.000000000000000000, 0.000000000000000000 ) ) ;
#2844 = CARTESIAN_POINT ( 'NONE',  ( 19.99999999999998579, 8.000000000000000000, 1.500000000000000000 ) ) ;
#2845 = ORIENTED_EDGE ( 'NONE', *, *, #2676, .F. ) ;
#2846 = EDGE_LOOP ( 'NONE', ( #1154, #3372, #1586, #2709 ) ) ;
#2847 = CARTESIAN_POINT ( 'NONE',  ( 22.69999999999998863, 8.000000000000000000, 1.500000000000000000 ) ) ;
#2848 = DIRECTION ( 'NONE',  ( 0.000000000000000000, 0.000000000000000000, 1.000000000000000000 ) ) ;
#2849 = ADVANCED_FACE ( 'NONE', ( #135 ), #3375, .F. ) ;
#2850 = EDGE_CURVE ( 'NONE', #532, #3311, #108, .T. ) ;
#2851 = ORIENTED_EDGE ( 'NONE', *, *, #308, .T. ) ;
#2852 = ORIENTED_EDGE ( 'NONE', *, *, #1253, .T. ) ;
#2853 = CARTESIAN_POINT ( 'NONE',  ( 44.00000000000000000, 0.000000000000000000, 1.500000000000000000 ) ) ;
#2854 = CYLINDRICAL_SURFACE ( 'NONE', #1010, 1.500000000000001332 ) ;
#2855 = AXIS2_PLACEMENT_3D ( 'NONE', #1888, #2490, #1290 ) ;
#2856 = CYLINDRICAL_SURFACE ( 'NONE', #2737, 1.250000000000001110 ) ;
#2857 = VERTEX_POINT ( 'NONE', #1288 ) ;
#2858 = CARTESIAN_POINT ( 'NONE',  ( 31.99999999999997158, 12.00000000000000000, 1.500000000000000000 ) ) ;
#2859 = AXIS2_PLACEMENT_3D ( 'NONE', #702, #427, #1274 ) ;
#2860 = CIRCLE ( 'NONE', #2672, 1.500000000000001332 ) ;
#2861 = ORIENTED_EDGE ( 'NONE', *, *, #1456, .T. ) ;
#2862 = EDGE_CURVE ( 'NONE', #845, #1548, #2298, .T. ) ;
#2863 = VECTOR ( 'NONE', #560, 1000.000000000000000 ) ;
#2864 = DIRECTION ( 'NONE',  ( 0.000000000000000000, 0.000000000000000000, 1.000000000000000000 ) ) ;
#2865 = CYLINDRICAL_SURFACE ( 'NONE', #3006, 1.399999999999995026 ) ;
#2866 = ADVANCED_FACE ( 'NONE', ( #1588 ), #2488, .F. ) ;
#2867 = DIRECTION ( 'NONE',  ( 0.000000000000000000, 0.000000000000000000, -1.000000000000000000 ) ) ;
#2868 = ORIENTED_EDGE ( 'NONE', *, *, #3142, .T. ) ;
#2869 = CARTESIAN_POINT ( 'NONE',  ( 32.00000000000000000, 4.000000000000000000, 1.500000000000000000 ) ) ;
#2870 = DIRECTION ( 'NONE',  ( 0.000000000000000000, 0.000000000000000000, 1.000000000000000000 ) ) ;
#2871 = EDGE_LOOP ( 'NONE', ( #1680, #3753 ) ) ;
#2872 = CIRCLE ( 'NONE', #691, 1.199999999999999734 ) ;
#2873 = ORIENTED_EDGE ( 'NONE', *, *, #959, .T. ) ;
#2874 = DIRECTION ( 'NONE',  ( -1.000000000000000000, 0.000000000000000000, 0.000000000000000000 ) ) ;
#2875 = CARTESIAN_POINT ( 'NONE',  ( 34.54999999999999716, 4.000000000000000000, 0.000000000000000000 ) ) ;
#2876 = DIRECTION ( 'NONE',  ( -1.000000000000000000, 0.000000000000000000, 0.000000000000000000 ) ) ;
#2877 = EDGE_LOOP ( 'NONE', ( #2264, #166, #1639, #2210 ) ) ;
#2878 = EDGE_CURVE ( 'NONE', #2136, #624, #3305, .T. ) ;
#2879 = CARTESIAN_POINT ( 'NONE',  ( 37.44999999999996732, 12.00000000000000000, 0.000000000000000000 ) ) ;
#2880 = ORIENTED_EDGE ( 'NONE', *, *, #2624, .T. ) ;
#2881 = CYLINDRICAL_SURFACE ( 'NONE', #2994, 1.199999999999999734 ) ;
#2882 = CARTESIAN_POINT ( 'NONE',  ( 22.69999999999996021, 16.00000000000000000, 1.500000000000000000 ) ) ;
#2883 = AXIS2_PLACEMENT_3D ( 'NONE', #2602, #2317, #2339 ) ;
#2884 = AXIS2_PLACEMENT_3D ( 'NONE', #124, #3416, #3145 ) ;
#2885 = DIRECTION ( 'NONE',  ( -1.000000000000000000, 0.000000000000000000, 0.000000000000000000 ) ) ;
#2886 = AXIS2_PLACEMENT_3D ( 'NONE', #3195, #3744, #1032 ) ;
#2887 = EDGE_LOOP ( 'NONE', ( #1848, #3376 ) ) ;
#2888 = LINE ( 'NONE', #2361, #2431 ) ;
#2889 = CARTESIAN_POINT ( 'NONE',  ( 22.69999999999996021, 16.00000000000000000, 0.000000000000000000 ) ) ;
#2890 = CARTESIAN_POINT ( 'NONE',  ( 37.44999999999998153, 8.000000000000000000, 1.500000000000000000 ) ) ;
#2891 = CIRCLE ( 'NONE', #3838, 1.149999999999999911 ) ;
#2892 = EDGE_LOOP ( 'NONE', ( #2171, #1668, #847, #1983 ) ) ;
#2893 = VECTOR ( 'NONE', #2677, 1000.000000000000000 ) ;
#2894 = DIRECTION ( 'NONE',  ( 1.000000000000000000, 0.000000000000000000, 0.000000000000000000 ) ) ;
#2895 = CYLINDRICAL_SURFACE ( 'NONE', #2613, 1.250000000000001110 ) ;
#2896 = LINE ( 'NONE', #735, #1199 ) ;
#2897 = CARTESIAN_POINT ( 'NONE',  ( 3.999999999999972466, 12.00000000000000000, 1.500000000000000000 ) ) ;
#2898 = ORIENTED_EDGE ( 'NONE', *, *, #471, .T. ) ;
#2899 = DIRECTION ( 'NONE',  ( 0.000000000000000000, 0.000000000000000000, -1.000000000000000000 ) ) ;
#2900 = ORIENTED_EDGE ( 'NONE', *, *, #56, .F. ) ;
#2901 = EDGE_CURVE ( 'NONE', #2174, #2492, #1989, .T. ) ;
#2902 = DIRECTION ( 'NONE',  ( -1.000000000000000000, 0.000000000000000000, 0.000000000000000000 ) ) ;
#2903 = DIRECTION ( 'NONE',  ( -1.000000000000000000, 0.000000000000000000, 0.000000000000000000 ) ) ;
#2904 = CYLINDRICAL_SURFACE ( 'NONE', #3644, 1.399999999999995026 ) ;
#2905 = EDGE_CURVE ( 'NONE', #384, #1428, #407, .T. ) ;
#2906 = ORIENTED_EDGE ( 'NONE', *, *, #652, .F. ) ;
#2907 = CARTESIAN_POINT ( 'NONE',  ( 9.099999999999999645, 4.000000000000000000, 1.500000000000000000 ) ) ;
#2908 = DIRECTION ( 'NONE',  ( 0.000000000000000000, 0.000000000000000000, 1.000000000000000000 ) ) ;
#2909 = FACE_OUTER_BOUND ( 'NONE', #2796, .T. ) ;
#2910 = ORIENTED_EDGE ( 'NONE', *, *, #1972, .T. ) ;
#2911 = DIRECTION ( 'NONE',  ( -1.000000000000000000, 0.000000000000000000, 0.000000000000000000 ) ) ;
#2912 = EDGE_CURVE ( 'NONE', #2947, #1651, #1803, .T. ) ;
#2913 = DIRECTION ( 'NONE',  ( 0.000000000000000000, 0.000000000000000000, -1.000000000000000000 ) ) ;
#2914 = CARTESIAN_POINT ( 'NONE',  ( 44.00000000000000000, 0.000000000000000000, 1.500000000000000000 ) ) ;
#2915 = CARTESIAN_POINT ( 'NONE',  ( 19.99999999999997158, 12.00000000000000000, 1.500000000000000000 ) ) ;
#2916 = ORIENTED_EDGE ( 'NONE', *, *, #1578, .F. ) ;
#2917 = DIRECTION ( 'NONE',  ( 1.000000000000000000, 0.000000000000000000, 0.000000000000000000 ) ) ;
#2918 = ORIENTED_EDGE ( 'NONE', *, *, #3602, .T. ) ;
#2919 = VECTOR ( 'NONE', #3099, 1000.000000000000000 ) ;
#2920 = DIRECTION ( 'NONE',  ( -1.000000000000000000, 0.000000000000000000, 0.000000000000000000 ) ) ;
#2921 = DIRECTION ( 'NONE',  ( 1.000000000000000000, 0.000000000000000000, 0.000000000000000000 ) ) ;
#2922 = EDGE_CURVE ( 'NONE', #895, #2501, #3080, .T. ) ;
#2923 = CARTESIAN_POINT ( 'NONE',  ( 29.34999999999995879, 16.00000000000000000, 1.500000000000000000 ) ) ;
#2924 = AXIS2_PLACEMENT_3D ( 'NONE', #2897, #1726, #3216 ) ;
#2925 = AXIS2_PLACEMENT_3D ( 'NONE', #3591, #2999, #2917 ) ;
#2926 = EDGE_LOOP ( 'NONE', ( #375, #2880, #2159, #1541 ) ) ;
#2927 = DIRECTION ( 'NONE',  ( 1.000000000000000000, 0.000000000000000000, 0.000000000000000000 ) ) ;
#2928 = CARTESIAN_POINT ( 'NONE',  ( 31.99999999999994671, 20.00000000000000000, 1.500000000000000000 ) ) ;
#2929 = ADVANCED_FACE ( 'NONE', ( #3689 ), #2800, .F. ) ;
#2930 = LINE ( 'NONE', #246, #1420 ) ;
#2931 = ORIENTED_EDGE ( 'NONE', *, *, #3472, .F. ) ;
#2932 = AXIS2_PLACEMENT_3D ( 'NONE', #2033, #3186, #3206 ) ;
#2933 = DIRECTION ( 'NONE',  ( 1.000000000000000000, 0.000000000000000000, 0.000000000000000000 ) ) ;
#2934 = AXIS2_PLACEMENT_3D ( 'NONE', #3009, #2459, #1185 ) ;
#2935 = VERTEX_POINT ( 'NONE', #2503 ) ;
#2936 = DIRECTION ( 'NONE',  ( -1.000000000000000000, 0.000000000000000000, 0.000000000000000000 ) ) ;
#2937 = DIRECTION ( 'NONE',  ( 1.000000000000000000, 0.000000000000000000, 0.000000000000000000 ) ) ;
#2938 = ORIENTED_EDGE ( 'NONE', *, *, #674, .T. ) ;
#2939 = EDGE_CURVE ( 'NONE', #2935, #700, #2797, .T. ) ;
#2940 = CARTESIAN_POINT ( 'NONE',  ( 37.44999999999996732, 12.00000000000000000, 1.500000000000000000 ) ) ;
#2941 = EDGE_LOOP ( 'NONE', ( #1245, #3859 ) ) ;
#2942 = CIRCLE ( 'NONE', #433, 1.299999999999999156 ) ;
#2943 = DIRECTION ( 'NONE',  ( -1.000000000000000000, 0.000000000000000000, 0.000000000000000000 ) ) ;
#2944 = CARTESIAN_POINT ( 'NONE',  ( 11.99999999999995914, 16.00000000000000000, 0.000000000000000000 ) ) ;
#2945 = FACE_OUTER_BOUND ( 'NONE', #731, .T. ) ;
#2946 = DIRECTION ( 'NONE',  ( 1.000000000000000000, 0.000000000000000000, 0.000000000000000000 ) ) ;
#2947 = VERTEX_POINT ( 'NONE', #1016 ) ;
#2948 = DIRECTION ( 'NONE',  ( 0.000000000000000000, 0.000000000000000000, 1.000000000000000000 ) ) ;
#2949 = AXIS2_PLACEMENT_3D ( 'NONE', #3752, #1968, #3384 ) ;
#2950 = CYLINDRICAL_SURFACE ( 'NONE', #2610, 1.449999999999999956 ) ;
#2951 = ORIENTED_EDGE ( 'NONE', *, *, #2841, .T. ) ;
#2952 = VECTOR ( 'NONE', #3184, 1000.000000000000000 ) ;
#2953 = CIRCLE ( 'NONE', #2764, 1.199999999999999734 ) ;
#2954 = CARTESIAN_POINT ( 'NONE',  ( 19.99999999999997158, 12.00000000000000000, 1.500000000000000000 ) ) ;
#2955 = CIRCLE ( 'NONE', #1076, 1.050000000000000488 ) ;
#2956 = ORIENTED_EDGE ( 'NONE', *, *, #1661, .T. ) ;
#2957 = CARTESIAN_POINT ( 'NONE',  ( 25.29999999999998650, 8.000000000000000000, 0.000000000000000000 ) ) ;
#2958 = FACE_BOUND ( 'NONE', #3672, .T. ) ;
#2959 = VERTEX_POINT ( 'NONE', #666 ) ;
#2960 = DIRECTION ( 'NONE',  ( -1.000000000000000000, 0.000000000000000000, 0.000000000000000000 ) ) ;
#2961 = ORIENTED_EDGE ( 'NONE', *, *, #55, .F. ) ;
#2962 = CARTESIAN_POINT ( 'NONE',  ( 11.99999999999997335, 12.00000000000000000, 1.500000000000000000 ) ) ;
#2963 = PRESENTATION_STYLE_ASSIGNMENT (( #2686 ) ) ;
#2964 = VERTEX_POINT ( 'NONE', #2165 ) ;
#2965 = DIRECTION ( 'NONE',  ( 0.000000000000000000, 0.000000000000000000, 1.000000000000000000 ) ) ;
#2966 = ADVANCED_FACE ( 'NONE', ( #1869 ), #2219, .F. ) ;
#2967 = ORIENTED_EDGE ( 'NONE', *, *, #1608, .F. ) ;
#2968 = CARTESIAN_POINT ( 'NONE',  ( 17.19999999999997087, 12.00000000000000000, 0.000000000000000000 ) ) ;
#2969 = DIRECTION ( 'NONE',  ( 0.000000000000000000, 0.000000000000000000, 1.000000000000000000 ) ) ;
#2970 = ORIENTED_EDGE ( 'NONE', *, *, #191, .T. ) ;
#2971 = VECTOR ( 'NONE', #1669, 1000.000000000000000 ) ;
#2972 = CARTESIAN_POINT ( 'NONE',  ( 11.99999999999994493, 20.00000000000000000, 0.000000000000000000 ) ) ;
#2973 = EDGE_CURVE ( 'NONE', #2461, #2769, #3410, .T. ) ;
#2974 = CIRCLE ( 'NONE', #1157, 1.500000000000001332 ) ;
#2975 = EDGE_LOOP ( 'NONE', ( #2427, #2434, #3299, #1457 ) ) ;
#2976 = DIRECTION ( 'NONE',  ( 0.000000000000000000, 0.000000000000000000, -1.000000000000000000 ) ) ;
#2977 = DIRECTION ( 'NONE',  ( 0.000000000000000000, 0.000000000000000000, -1.000000000000000000 ) ) ;
#2978 = EDGE_LOOP ( 'NONE', ( #520, #3717, #372, #2001 ) ) ;
#2979 = CARTESIAN_POINT ( 'NONE',  ( 5.049999999999944755, 20.00000000000000000, 0.000000000000000000 ) ) ;
#2980 = ORIENTED_EDGE ( 'NONE', *, *, #3093, .F. ) ;
#2981 = CARTESIAN_POINT ( 'NONE',  ( 14.79999999999997229, 12.00000000000000000, 1.500000000000000000 ) ) ;
#2982 = SURFACE_STYLE_FILL_AREA ( #920 ) ;
#2983 = ORIENTED_EDGE ( 'NONE', *, *, #857, .F. ) ;
#2984 = ORIENTED_EDGE ( 'NONE', *, *, #3654, .T. ) ;
#2985 = FACE_OUTER_BOUND ( 'NONE', #1837, .T. ) ;
#2986 = AXIS2_PLACEMENT_3D ( 'NONE', #1554, #1239, #409 ) ;
#2987 = EDGE_CURVE ( 'NONE', #3823, #3000, #2763, .T. ) ;
#2988 = AXIS2_PLACEMENT_3D ( 'NONE', #884, #1775, #3872 ) ;
#2989 = CIRCLE ( 'NONE', #1804, 1.250000000000001110 ) ;
#2990 = LINE ( 'NONE', #2135, #3765 ) ;
#2991 = VERTEX_POINT ( 'NONE', #82 ) ;
#2992 = CIRCLE ( 'NONE', #2184, 1.199999999999999734 ) ;
#2993 = DIRECTION ( 'NONE',  ( 0.000000000000000000, 0.000000000000000000, 1.000000000000000000 ) ) ;
#2994 = AXIS2_PLACEMENT_3D ( 'NONE', #1391, #1714, #217 ) ;
#2995 = ORIENTED_EDGE ( 'NONE', *, *, #2824, .F. ) ;
#2996 = CARTESIAN_POINT ( 'NONE',  ( 19.99999999999998579, 8.000000000000000000, 1.500000000000000000 ) ) ;
#2997 = EDGE_CURVE ( 'NONE', #3529, #2065, #548, .T. ) ;
#2998 = FACE_BOUND ( 'NONE', #2377, .T. ) ;
#2999 = DIRECTION ( 'NONE',  ( 0.000000000000000000, 0.000000000000000000, 1.000000000000000000 ) ) ;
#3000 = VERTEX_POINT ( 'NONE', #2024 ) ;
#3001 = LINE ( 'NONE', #3610, #3711 ) ;
#3002 = ADVANCED_FACE ( 'NONE', ( #545 ), #2856, .F. ) ;
#3003 = SURFACE_SIDE_STYLE ('',( #2982 ) ) ;
#3004 = ORIENTED_EDGE ( 'NONE', *, *, #3759, .F. ) ;
#3005 = LINE ( 'NONE', #2591, #452 ) ;
#3006 = AXIS2_PLACEMENT_3D ( 'NONE', #3554, #3221, #218 ) ;
#3007 = DIRECTION ( 'NONE',  ( 0.000000000000000000, 0.000000000000000000, 1.000000000000000000 ) ) ;
#3008 = ORIENTED_EDGE ( 'NONE', *, *, #697, .F. ) ;
#3009 = CARTESIAN_POINT ( 'NONE',  ( 31.99999999999995737, 16.00000000000000000, 0.000000000000000000 ) ) ;
#3010 =( GEOMETRIC_REPRESENTATION_CONTEXT ( 3 ) GLOBAL_UNCERTAINTY_ASSIGNED_CONTEXT ( ( #1406 ) ) GLOBAL_UNIT_ASSIGNED_CONTEXT ( ( #1839, #3031, #302 ) ) REPRESENTATION_CONTEXT ( 'NONE', 'WORKASPACE' ) );
#3011 = LINE ( 'NONE', #2772, #3136 ) ;
#3012 = ORIENTED_EDGE ( 'NONE', *, *, #833, .F. ) ;
#3013 = VECTOR ( 'NONE', #1162, 1000.000000000000000 ) ;
#3014 = CARTESIAN_POINT ( 'NONE',  ( 27.99999999999995737, 16.00000000000000000, 1.500000000000000000 ) ) ;
#3015 = CIRCLE ( 'NONE', #2451, 1.250000000000001110 ) ;
#3016 = CIRCLE ( 'NONE', #2886, 1.500000000000001332 ) ;
#3017 = ADVANCED_FACE ( 'NONE', ( #1384 ), #3822, .F. ) ;
#3018 = ORIENTED_EDGE ( 'NONE', *, *, #1563, .T. ) ;
#3019 = DIRECTION ( 'NONE',  ( 0.000000000000000000, 0.000000000000000000, -1.000000000000000000 ) ) ;
#3020 = CARTESIAN_POINT ( 'NONE',  ( 27.99999999999994671, 20.00000000000000000, 1.500000000000000000 ) ) ;
#3021 = DIRECTION ( 'NONE',  ( 0.000000000000000000, 0.000000000000000000, 1.000000000000000000 ) ) ;
#3022 = CIRCLE ( 'NONE', #2150, 1.449999999999999956 ) ;
#3023 = EDGE_LOOP ( 'NONE', ( #2039, #1740 ) ) ;
#3024 = VECTOR ( 'NONE', #317, 1000.000000000000000 ) ;
#3025 = CARTESIAN_POINT ( 'NONE',  ( 14.79999999999994564, 20.00000000000000000, 0.000000000000000000 ) ) ;
#3026 = LINE ( 'NONE', #3594, #2756 ) ;
#3027 = EDGE_LOOP ( 'NONE', ( #2605, #3411 ) ) ;
#3028 = CARTESIAN_POINT ( 'NONE',  ( 28.00000000000000000, 4.000000000000000000, 1.500000000000000000 ) ) ;
#3029 = EDGE_CURVE ( 'NONE', #3876, #1147, #3742, .T. ) ;
#3030 = ADVANCED_FACE ( 'NONE', ( #812 ), #1445, .F. ) ;
#3031 =( NAMED_UNIT ( * ) PLANE_ANGLE_UNIT ( ) SI_UNIT ( $, .RADIAN. ) );
#3032 = ORIENTED_EDGE ( 'NONE', *, *, #1722, .F. ) ;
#3033 = CARTESIAN_POINT ( 'NONE',  ( 11.99999999999997335, 12.00000000000000000, 0.000000000000000000 ) ) ;
#3034 = DIRECTION ( 'NONE',  ( 0.000000000000000000, 0.000000000000000000, 1.000000000000000000 ) ) ;
#3035 = EDGE_LOOP ( 'NONE', ( #2236, #2177 ) ) ;
#3036 = CARTESIAN_POINT ( 'NONE',  ( 44.00000000000000000, 0.000000000000000000, 0.000000000000000000 ) ) ;
#3037 = EDGE_LOOP ( 'NONE', ( #1094, #1084, #3536, #2270 ) ) ;
#3038 = DIRECTION ( 'NONE',  ( 0.000000000000000000, 0.000000000000000000, -1.000000000000000000 ) ) ;
#3039 = DIRECTION ( 'NONE',  ( 0.000000000000000000, 0.000000000000000000, -1.000000000000000000 ) ) ;
#3040 = EDGE_CURVE ( 'NONE', #83, #2501, #2058, .T. ) ;
#3041 = ORIENTED_EDGE ( 'NONE', *, *, #2496, .F. ) ;
#3042 = DIRECTION ( 'NONE',  ( 1.000000000000000000, 0.000000000000000000, 0.000000000000000000 ) ) ;
#3043 = CARTESIAN_POINT ( 'NONE',  ( 14.79999999999998650, 8.000000000000000000, 1.500000000000000000 ) ) ;
#3044 = ORIENTED_EDGE ( 'NONE', *, *, #23, .T. ) ;
#3045 = DIRECTION ( 'NONE',  ( 0.000000000000000000, 0.000000000000000000, -1.000000000000000000 ) ) ;
#3046 = ORIENTED_EDGE ( 'NONE', *, *, #2179, .T. ) ;
#3047 = DIRECTION ( 'NONE',  ( 0.000000000000000000, 0.000000000000000000, 1.000000000000000000 ) ) ;
#3048 = ADVANCED_FACE ( 'NONE', ( #467 ), #2597, .F. ) ;
#3049 = DIRECTION ( 'NONE',  ( 0.000000000000000000, 0.000000000000000000, -1.000000000000000000 ) ) ;
#3050 = EDGE_LOOP ( 'NONE', ( #3422, #2115, #30, #1275 ) ) ;
#3051 = CIRCLE ( 'NONE', #541, 1.399999999999998579 ) ;
#3052 = EDGE_CURVE ( 'NONE', #2272, #2729, #3178, .T. ) ;
#3053 = CARTESIAN_POINT ( 'NONE',  ( 13.14999999999995772, 16.00000000000000000, 0.000000000000000000 ) ) ;
#3054 = VECTOR ( 'NONE', #1326, 1000.000000000000000 ) ;
#3055 = EDGE_LOOP ( 'NONE', ( #2369, #2217 ) ) ;
#3056 = CARTESIAN_POINT ( 'NONE',  ( 32.00000000000000000, 4.000000000000000000, 0.000000000000000000 ) ) ;
#3057 = DIRECTION ( 'NONE',  ( 1.000000000000000000, 0.000000000000000000, 0.000000000000000000 ) ) ;
#3058 = ORIENTED_EDGE ( 'NONE', *, *, #3686, .F. ) ;
#3059 = VECTOR ( 'NONE', #1725, 1000.000000000000000 ) ;
#3060 = CARTESIAN_POINT ( 'NONE',  ( 30.59999999999997655, 12.00000000000000000, 1.500000000000000000 ) ) ;
#3061 = DIRECTION ( 'NONE',  ( 0.000000000000000000, 0.000000000000000000, -1.000000000000000000 ) ) ;
#3062 = ORIENTED_EDGE ( 'NONE', *, *, #2905, .F. ) ;
#3063 = DIRECTION ( 'NONE',  ( 0.000000000000000000, 0.000000000000000000, 1.000000000000000000 ) ) ;
#3064 = DIRECTION ( 'NONE',  ( 0.000000000000000000, 0.000000000000000000, 1.000000000000000000 ) ) ;
#3065 = ORIENTED_EDGE ( 'NONE', *, *, #2214, .F. ) ;
#3066 = DIRECTION ( 'NONE',  ( -1.000000000000000000, 0.000000000000000000, 0.000000000000000000 ) ) ;
#3067 = VECTOR ( 'NONE', #3731, 1000.000000000000000 ) ;
#3068 = FACE_OUTER_BOUND ( 'NONE', #3588, .T. ) ;
#3069 = ADVANCED_FACE ( 'NONE', ( #252 ), #2334, .F. ) ;
#3070 = ORIENTED_EDGE ( 'NONE', *, *, #2496, .T. ) ;
#3071 = CIRCLE ( 'NONE', #3571, 1.399999999999998579 ) ;
#3072 = DIRECTION ( 'NONE',  ( 1.000000000000000000, 0.000000000000000000, 0.000000000000000000 ) ) ;
#3073 = ADVANCED_FACE ( 'NONE', ( #2562 ), #2000, .F. ) ;
#3074 = EDGE_CURVE ( 'NONE', #1449, #3246, #919, .T. ) ;
#3075 = STYLED_ITEM ( 'NONE', ( #2963 ), #2794 ) ;
#3076 = FACE_BOUND ( 'NONE', #1041, .T. ) ;
#3077 = CIRCLE ( 'NONE', #2630, 1.100000000000000311 ) ;
#3078 = VERTEX_POINT ( 'NONE', #1074 ) ;
#3079 = DIRECTION ( 'NONE',  ( -1.000000000000000000, 0.000000000000000000, 0.000000000000000000 ) ) ;
#3080 = LINE ( 'NONE', #1903, #3054 ) ;
#3081 = VECTOR ( 'NONE', #3132, 1000.000000000000000 ) ;
#3082 = VERTEX_POINT ( 'NONE', #3155 ) ;
#3083 = DIRECTION ( 'NONE',  ( 0.000000000000000000, 0.000000000000000000, -1.000000000000000000 ) ) ;
#3084 = VECTOR ( 'NONE', #2718, 1000.000000000000000 ) ;
#3085 = ORIENTED_EDGE ( 'NONE', *, *, #2111, .T. ) ;
#3086 = ORIENTED_EDGE ( 'NONE', *, *, #726, .T. ) ;
#3087 = CARTESIAN_POINT ( 'NONE',  ( 9.099999999999972999, 12.00000000000000000, 0.000000000000000000 ) ) ;
#3088 = ADVANCED_FACE ( 'NONE', ( #3175, #504, #2311, #3507, #1665, #192, #2276, #773, #484, #1687, #2580, #3783, #1091, #2290, #3484, #3196, #2643, #3545, #937, #2721, #606, #3884, #334, #2084, #21, #876, #1850, #3629, #2958, #3566, #3845, #313, #3253, #1153, #1231, #38, #2350, #1192, #2702, #1466, #2064, #1788, #1173, #1504, #2391, #915, #3276, #2121, #1213, #2680, #292 ), #2141, .F. ) ;
#3089 = DIRECTION ( 'NONE',  ( 0.000000000000000000, 0.000000000000000000, 1.000000000000000000 ) ) ;
#3090 = VERTEX_POINT ( 'NONE', #3314 ) ;
#3091 = FACE_OUTER_BOUND ( 'NONE', #1467, .T. ) ;
#3092 = FACE_BOUND ( 'NONE', #1278, .T. ) ;
#3093 = EDGE_CURVE ( 'NONE', #1812, #1769, #626, .T. ) ;
#3094 = ORIENTED_EDGE ( 'NONE', *, *, #2973, .T. ) ;
#3095 = CYLINDRICAL_SURFACE ( 'NONE', #198, 1.250000000000001110 ) ;
#3096 = CARTESIAN_POINT ( 'NONE',  ( 21.24999999999998934, 8.000000000000000000, 1.500000000000000000 ) ) ;
#3097 = ORIENTED_EDGE ( 'NONE', *, *, #2495, .T. ) ;
#3098 = EDGE_CURVE ( 'NONE', #1651, #813, #3607, .T. ) ;
#3099 = DIRECTION ( 'NONE',  ( 0.000000000000000000, 0.000000000000000000, -1.000000000000000000 ) ) ;
#3100 = ORIENTED_EDGE ( 'NONE', *, *, #3713, .T. ) ;
#3101 = VERTEX_POINT ( 'NONE', #1829 ) ;
#3102 = CARTESIAN_POINT ( 'NONE',  ( 0.000000000000000000, 24.00000000000000000, 0.000000000000000000 ) ) ;
#3103 = DIRECTION ( 'NONE',  ( 0.000000000000000000, 0.000000000000000000, -1.000000000000000000 ) ) ;
#3104 = ORIENTED_EDGE ( 'NONE', *, *, #2224, .F. ) ;
#3105 = EDGE_CURVE ( 'NONE', #751, #2186, #2103, .T. ) ;
#3106 = CARTESIAN_POINT ( 'NONE',  ( 10.84999999999999964, 4.000000000000000000, 0.000000000000000000 ) ) ;
#3107 = CARTESIAN_POINT ( 'NONE',  ( 25.29999999999997229, 12.00000000000000000, 0.000000000000000000 ) ) ;
#3108 = VERTEX_POINT ( 'NONE', #1808 ) ;
#3109 = AXIS2_PLACEMENT_3D ( 'NONE', #1344, #3394, #684 ) ;
#3110 = VECTOR ( 'NONE', #3234, 1000.000000000000000 ) ;
#3111 = ADVANCED_FACE ( 'NONE', ( #351 ), #852, .F. ) ;
#3112 = FACE_OUTER_BOUND ( 'NONE', #1296, .T. ) ;
#3113 = CIRCLE ( 'NONE', #2675, 1.399999999999998579 ) ;
#3114 = CARTESIAN_POINT ( 'NONE',  ( 38.49999999999997158, 12.00000000000000000, 0.000000000000000000 ) ) ;
#3115 = ORIENTED_EDGE ( 'NONE', *, *, #1051, .F. ) ;
#3116 = CARTESIAN_POINT ( 'NONE',  ( 9.099999999999972999, 12.00000000000000000, 1.500000000000000000 ) ) ;
#3117 = AXIS2_PLACEMENT_3D ( 'NONE', #1072, #1645, #2874 ) ;
#3118 = EDGE_CURVE ( 'NONE', #1789, #2598, #1925, .T. ) ;
#3119 = ORIENTED_EDGE ( 'NONE', *, *, #1847, .T. ) ;
#3120 = CYLINDRICAL_SURFACE ( 'NONE', #1306, 1.399999999999995026 ) ;
#3121 = CIRCLE ( 'NONE', #932, 1.149999999999999911 ) ;
#3122 = FACE_OUTER_BOUND ( 'NONE', #874, .T. ) ;
#3123 = ORIENTED_EDGE ( 'NONE', *, *, #2329, .T. ) ;
#3124 = ORIENTED_EDGE ( 'NONE', *, *, #909, .F. ) ;
#3125 = CARTESIAN_POINT ( 'NONE',  ( 26.64999999999997371, 12.00000000000000000, 0.000000000000000000 ) ) ;
#3126 = DIRECTION ( 'NONE',  ( 0.000000000000000000, 0.000000000000000000, -1.000000000000000000 ) ) ;
#3127 = AXIS2_PLACEMENT_3D ( 'NONE', #2267, #3461, #184 ) ;
#3128 = ORIENTED_EDGE ( 'NONE', *, *, #3386, .F. ) ;
#3129 = FACE_BOUND ( 'NONE', #1996, .T. ) ;
#3130 = ORIENTED_EDGE ( 'NONE', *, *, #762, .T. ) ;
#3131 = ADVANCED_FACE ( 'NONE', ( #3864, #2371, #1486, #3294, #2998, #402, #1584, #2161, #2521, #388, #1251, #3723, #1285, #3406, #1269, #60, #1936, #93, #2776, #712, #993, #3685, #3371, #3648, #2793, #3092, #1028, #1599, #1323, #2481, #2230, #3423, #422, #730, #130, #1882, #2197, #3076, #111, #2216, #1012, #77, #3129, #2813, #3389, #3667, #699, #1546, #1899, #680, #2447 ), #975, .T. ) ;
#3132 = DIRECTION ( 'NONE',  ( 0.000000000000000000, 0.000000000000000000, -1.000000000000000000 ) ) ;
#3133 = DIRECTION ( 'NONE',  ( 0.000000000000000000, 0.000000000000000000, -1.000000000000000000 ) ) ;
#3134 = CARTESIAN_POINT ( 'NONE',  ( 13.14999999999997193, 12.00000000000000000, 1.500000000000000000 ) ) ;
#3135 = VERTEX_POINT ( 'NONE', #3107 ) ;
#3136 = VECTOR ( 'NONE', #2716, 1000.000000000000000 ) ;
#3137 = CARTESIAN_POINT ( 'NONE',  ( 39.99999999999995737, 16.00000000000000000, 0.000000000000000000 ) ) ;
#3138 = CIRCLE ( 'NONE', #1318, 1.449999999999999956 ) ;
#3139 = ORIENTED_EDGE ( 'NONE', *, *, #864, .F. ) ;
#3140 = DIRECTION ( 'NONE',  ( 0.000000000000000000, 0.000000000000000000, 1.000000000000000000 ) ) ;
#3141 = EDGE_CURVE ( 'NONE', #1394, #1756, #1913, .T. ) ;
#3142 = EDGE_CURVE ( 'NONE', #3101, #1281, #790, .T. ) ;
#3143 = AXIS2_PLACEMENT_3D ( 'NONE', #2349, #1422, #1150 ) ;
#3144 = CIRCLE ( 'NONE', #3774, 1.100000000000000311 ) ;
#3145 = DIRECTION ( 'NONE',  ( -1.000000000000000000, 0.000000000000000000, 0.000000000000000000 ) ) ;
#3146 = EDGE_LOOP ( 'NONE', ( #2512, #72, #3523, #527 ) ) ;
#3147 = ORIENTED_EDGE ( 'NONE', *, *, #3191, .T. ) ;
#3148 = DIRECTION ( 'NONE',  ( 0.000000000000000000, 0.000000000000000000, 1.000000000000000000 ) ) ;
#3149 = DIRECTION ( 'NONE',  ( 1.000000000000000000, 0.000000000000000000, 0.000000000000000000 ) ) ;
#3150 = ORIENTED_EDGE ( 'NONE', *, *, #2561, .T. ) ;
#3151 = EDGE_CURVE ( 'NONE', #2964, #1143, #2992, .T. ) ;
#3152 = ORIENTED_EDGE ( 'NONE', *, *, #2282, .T. ) ;
#3153 = DIRECTION ( 'NONE',  ( 1.000000000000000000, 0.000000000000000000, 0.000000000000000000 ) ) ;
#3154 = DIRECTION ( 'NONE',  ( 0.000000000000000000, 1.000000000000000000, 0.000000000000000000 ) ) ;
#3155 = CARTESIAN_POINT ( 'NONE',  ( 34.54999999999994031, 20.00000000000000000, 1.500000000000000000 ) ) ;
#3156 = ORIENTED_EDGE ( 'NONE', *, *, #2462, .F. ) ;
#3157 = EDGE_CURVE ( 'NONE', #2174, #3279, #371, .T. ) ;
#3158 = DIRECTION ( 'NONE',  ( 0.000000000000000000, 0.000000000000000000, -1.000000000000000000 ) ) ;
#3159 = EDGE_LOOP ( 'NONE', ( #2868, #2719, #1785, #1965 ) ) ;
#3160 = AXIS2_PLACEMENT_3D ( 'NONE', #2338, #3492, #2920 ) ;
#3161 = CARTESIAN_POINT ( 'NONE',  ( 29.34999999999998721, 8.000000000000000000, 0.000000000000000000 ) ) ;
#3162 = DIRECTION ( 'NONE',  ( 1.000000000000000000, 0.000000000000000000, 0.000000000000000000 ) ) ;
#3163 = CIRCLE ( 'NONE', #3856, 1.299999999999999156 ) ;
#3164 = CARTESIAN_POINT ( 'NONE',  ( 27.99999999999994671, 20.00000000000000000, 1.500000000000000000 ) ) ;
#3165 = EDGE_CURVE ( 'NONE', #487, #2124, #2178, .T. ) ;
#3166 = ORIENTED_EDGE ( 'NONE', *, *, #1972, .F. ) ;
#3167 = CARTESIAN_POINT ( 'NONE',  ( 28.00000000000000000, 4.000000000000000000, 0.000000000000000000 ) ) ;
#3168 = DIRECTION ( 'NONE',  ( 1.000000000000000000, 0.000000000000000000, 0.000000000000000000 ) ) ;
#3169 = VERTEX_POINT ( 'NONE', #441 ) ;
#3170 = EDGE_CURVE ( 'NONE', #3795, #1115, #1678, .T. ) ;
#3171 = ORIENTED_EDGE ( 'NONE', *, *, #2791, .T. ) ;
#3172 = CARTESIAN_POINT ( 'NONE',  ( 17.19999999999994600, 20.00000000000000000, 1.500000000000000000 ) ) ;
#3173 = LINE ( 'NONE', #1109, #2699 ) ;
#3174 = AXIS2_PLACEMENT_3D ( 'NONE', #1712, #2527, #2546 ) ;
#3175 = FACE_BOUND ( 'NONE', #925, .T. ) ;
#3176 = ORIENTED_EDGE ( 'NONE', *, *, #807, .F. ) ;
#3177 = CYLINDRICAL_SURFACE ( 'NONE', #3421, 1.500000000000001332 ) ;
#3178 = CIRCLE ( 'NONE', #1673, 1.299999999999999156 ) ;
#3179 = CIRCLE ( 'NONE', #2925, 1.399999999999998579 ) ;
#3180 = ORIENTED_EDGE ( 'NONE', *, *, #55, .T. ) ;
#3181 = CIRCLE ( 'NONE', #303, 1.299999999999999156 ) ;
#3182 = DIRECTION ( 'NONE',  ( 0.000000000000000000, 0.000000000000000000, -1.000000000000000000 ) ) ;
#3183 = FACE_OUTER_BOUND ( 'NONE', #2681, .T. ) ;
#3184 = DIRECTION ( 'NONE',  ( 0.000000000000000000, 0.000000000000000000, -1.000000000000000000 ) ) ;
#3185 = ORIENTED_EDGE ( 'NONE', *, *, #827, .F. ) ;
#3186 = DIRECTION ( 'NONE',  ( 0.000000000000000000, 0.000000000000000000, -1.000000000000000000 ) ) ;
#3187 = DIRECTION ( 'NONE',  ( -1.000000000000000000, 0.000000000000000000, 0.000000000000000000 ) ) ;
#3188 = DIRECTION ( 'NONE',  ( 1.000000000000000000, 0.000000000000000000, 0.000000000000000000 ) ) ;
#3189 = ORIENTED_EDGE ( 'NONE', *, *, #404, .T. ) ;
#3190 = DIRECTION ( 'NONE',  ( 0.000000000000000000, 0.000000000000000000, 1.000000000000000000 ) ) ;
#3191 = EDGE_CURVE ( 'NONE', #384, #10, #3113, .T. ) ;
#3192 = VECTOR ( 'NONE', #179, 1000.000000000000000 ) ;
#3193 = EDGE_CURVE ( 'NONE', #3641, #2314, #1459, .T. ) ;
#3194 = CARTESIAN_POINT ( 'NONE',  ( 6.899999999999971045, 12.00000000000000000, 0.000000000000000000 ) ) ;
#3195 = CARTESIAN_POINT ( 'NONE',  ( 39.99999999999994316, 20.00000000000000000, 0.000000000000000000 ) ) ;
#3196 = FACE_BOUND ( 'NONE', #3469, .T. ) ;
#3197 = ORIENTED_EDGE ( 'NONE', *, *, #2307, .T. ) ;
#3198 = CARTESIAN_POINT ( 'NONE',  ( 39.99999999999995737, 16.00000000000000000, 1.500000000000000000 ) ) ;
#3199 = ORIENTED_EDGE ( 'NONE', *, *, #3759, .T. ) ;
#3200 = DIRECTION ( 'NONE',  ( 0.000000000000000000, 0.000000000000000000, -1.000000000000000000 ) ) ;
#3201 = LINE ( 'NONE', #2649, #3192 ) ;
#3202 = AXIS2_PLACEMENT_3D ( 'NONE', #3772, #841, #2921 ) ;
#3203 = AXIS2_PLACEMENT_3D ( 'NONE', #1861, #3640, #363 ) ;
#3204 = CARTESIAN_POINT ( 'NONE',  ( 7.999999999999972466, 12.00000000000000000, 0.000000000000000000 ) ) ;
#3205 = ORIENTED_EDGE ( 'NONE', *, *, #365, .F. ) ;
#3206 = DIRECTION ( 'NONE',  ( -1.000000000000000000, 0.000000000000000000, 0.000000000000000000 ) ) ;
#3207 = DIRECTION ( 'NONE',  ( 1.000000000000000000, 0.000000000000000000, 0.000000000000000000 ) ) ;
#3208 = EDGE_CURVE ( 'NONE', #282, #2959, #1176, .T. ) ;
#3209 = DIRECTION ( 'NONE',  ( -1.000000000000000000, 0.000000000000000000, 0.000000000000000000 ) ) ;
#3210 = AXIS2_PLACEMENT_3D ( 'NONE', #1086, #3300, #1414 ) ;
#3211 = VERTEX_POINT ( 'NONE', #3539 ) ;
#3212 = AXIS2_PLACEMENT_3D ( 'NONE', #3014, #1881, #2480 ) ;
#3213 = CARTESIAN_POINT ( 'NONE',  ( 20.00000000000000000, 4.000000000000000000, 1.500000000000000000 ) ) ;
#3214 = FACE_OUTER_BOUND ( 'NONE', #2032, .T. ) ;
#3215 = CARTESIAN_POINT ( 'NONE',  ( 19.99999999999995737, 16.00000000000000000, 0.000000000000000000 ) ) ;
#3216 = DIRECTION ( 'NONE',  ( -1.000000000000000000, 0.000000000000000000, 0.000000000000000000 ) ) ;
#3217 = EDGE_LOOP ( 'NONE', ( #3094, #1827, #671, #136 ) ) ;
#3218 = LINE ( 'NONE', #1367, #2482 ) ;
#3219 = ORIENTED_EDGE ( 'NONE', *, *, #1044, .F. ) ;
#3220 = CARTESIAN_POINT ( 'NONE',  ( 41.49999999999994316, 20.00000000000000000, 1.500000000000000000 ) ) ;
#3221 = DIRECTION ( 'NONE',  ( 0.000000000000000000, 0.000000000000000000, -1.000000000000000000 ) ) ;
#3222 = DIRECTION ( 'NONE',  ( 1.000000000000000000, 0.000000000000000000, 0.000000000000000000 ) ) ;
#3223 = ORIENTED_EDGE ( 'NONE', *, *, #3191, .F. ) ;
#3224 = FACE_OUTER_BOUND ( 'NONE', #706, .T. ) ;
#3225 = DIRECTION ( 'NONE',  ( -1.000000000000000000, 0.000000000000000000, 0.000000000000000000 ) ) ;
#3226 = DIRECTION ( 'NONE',  ( 1.000000000000000000, 0.000000000000000000, 0.000000000000000000 ) ) ;
#3227 = ORIENTED_EDGE ( 'NONE', *, *, #1760, .F. ) ;
#3228 = EDGE_CURVE ( 'NONE', #1281, #3101, #3309, .T. ) ;
#3229 = FACE_OUTER_BOUND ( 'NONE', #2036, .T. ) ;
#3230 = VERTEX_POINT ( 'NONE', #2364 ) ;
#3231 = CARTESIAN_POINT ( 'NONE',  ( 23.99999999999995737, 16.00000000000000000, 1.500000000000000000 ) ) ;
#3232 = DIRECTION ( 'NONE',  ( 0.000000000000000000, 0.000000000000000000, -1.000000000000000000 ) ) ;
#3233 = VERTEX_POINT ( 'NONE', #3817 ) ;
#3234 = DIRECTION ( 'NONE',  ( 0.000000000000000000, 0.000000000000000000, -1.000000000000000000 ) ) ;
#3235 = ORIENTED_EDGE ( 'NONE', *, *, #2791, .F. ) ;
#3236 = CARTESIAN_POINT ( 'NONE',  ( 20.00000000000000000, 4.000000000000000000, 1.500000000000000000 ) ) ;
#3237 = CARTESIAN_POINT ( 'NONE',  ( 33.39999999999997016, 12.00000000000000000, 1.500000000000000000 ) ) ;
#3238 = DIRECTION ( 'NONE',  ( 0.000000000000000000, 0.000000000000000000, -1.000000000000000000 ) ) ;
#3239 = ADVANCED_FACE ( 'NONE', ( #804 ), #1102, .F. ) ;
#3240 = ADVANCED_FACE ( 'NONE', ( #224 ), #1720, .F. ) ;
#3241 = CARTESIAN_POINT ( 'NONE',  ( 23.99999999999998579, 8.000000000000000000, 1.500000000000000000 ) ) ;
#3242 = CIRCLE ( 'NONE', #1674, 1.199999999999999734 ) ;
#3243 = ORIENTED_EDGE ( 'NONE', *, *, #1683, .T. ) ;
#3244 = CYLINDRICAL_SURFACE ( 'NONE', #1111, 1.500000000000001332 ) ;
#3245 = AXIS2_PLACEMENT_3D ( 'NONE', #2837, #755, #3506 ) ;
#3246 = VERTEX_POINT ( 'NONE', #2077 ) ;
#3247 = DIRECTION ( 'NONE',  ( 1.000000000000000000, 0.000000000000000000, 0.000000000000000000 ) ) ;
#3248 = ORIENTED_EDGE ( 'NONE', *, *, #421, .F. ) ;
#3249 = LINE ( 'NONE', #830, #1774 ) ;
#3250 = AXIS2_PLACEMENT_3D ( 'NONE', #283, #3599, #656 ) ;
#3251 = EDGE_LOOP ( 'NONE', ( #3331, #1087, #213, #101 ) ) ;
#3252 = CARTESIAN_POINT ( 'NONE',  ( 24.00000000000000000, 4.000000000000000000, 1.500000000000000000 ) ) ;
#3253 = FACE_BOUND ( 'NONE', #1832, .T. ) ;
#3254 = EDGE_LOOP ( 'NONE', ( #1289, #714, #2479, #1862 ) ) ;
#3255 = DIRECTION ( 'NONE',  ( 0.000000000000000000, 0.000000000000000000, 1.000000000000000000 ) ) ;
#3256 = ADVANCED_FACE ( 'NONE', ( #2909 ), #2673, .F. ) ;
#3257 = VERTEX_POINT ( 'NONE', #3879 ) ;
#3258 = AXIS2_PLACEMENT_3D ( 'NONE', #3404, #163, #1357 ) ;
#3259 = FACE_OUTER_BOUND ( 'NONE', #3843, .T. ) ;
#3260 = FILL_AREA_STYLE_COLOUR ( '', #881 ) ;
#3261 = VERTEX_POINT ( 'NONE', #1186 ) ;
#3262 = DIRECTION ( 'NONE',  ( 1.000000000000000000, 0.000000000000000000, 0.000000000000000000 ) ) ;
#3263 = CIRCLE ( 'NONE', #627, 1.299999999999999156 ) ;
#3264 = EDGE_LOOP ( 'NONE', ( #720, #2325 ) ) ;
#3265 = DIRECTION ( 'NONE',  ( 0.000000000000000000, 0.000000000000000000, 1.000000000000000000 ) ) ;
#3266 = EDGE_CURVE ( 'NONE', #2003, #2466, #3181, .T. ) ;
#3267 = CIRCLE ( 'NONE', #2569, 1.149999999999999911 ) ;
#3268 = CARTESIAN_POINT ( 'NONE',  ( 19.99999999999994316, 20.00000000000000000, 1.500000000000000000 ) ) ;
#3269 = ORIENTED_EDGE ( 'NONE', *, *, #3698, .F. ) ;
#3270 = CIRCLE ( 'NONE', #3443, 1.050000000000000488 ) ;
#3271 = DIRECTION ( 'NONE',  ( 0.000000000000000000, 0.000000000000000000, -1.000000000000000000 ) ) ;
#3272 = VECTOR ( 'NONE', #2432, 1000.000000000000000 ) ;
#3273 = CIRCLE ( 'NONE', #1582, 1.050000000000000488 ) ;
#3274 = ORIENTED_EDGE ( 'NONE', *, *, #2831, .T. ) ;
#3275 = DIRECTION ( 'NONE',  ( 1.000000000000000000, 0.000000000000000000, 0.000000000000000000 ) ) ;
#3276 = FACE_BOUND ( 'NONE', #2152, .T. ) ;
#3277 = ORIENTED_EDGE ( 'NONE', *, *, #2439, .T. ) ;
#3278 = LINE ( 'NONE', #2392, #728 ) ;
#3279 = VERTEX_POINT ( 'NONE', #2611 ) ;
#3280 = DIRECTION ( 'NONE',  ( 0.000000000000000000, 0.000000000000000000, 1.000000000000000000 ) ) ;
#3281 = ADVANCED_FACE ( 'NONE', ( #2056 ), #2950, .F. ) ;
#3282 = DIRECTION ( 'NONE',  ( 1.000000000000000000, 0.000000000000000000, 0.000000000000000000 ) ) ;
#3283 = ORIENTED_EDGE ( 'NONE', *, *, #3549, .F. ) ;
#3284 = ORIENTED_EDGE ( 'NONE', *, *, #366, .T. ) ;
#3285 = LINE ( 'NONE', #1798, #59 ) ;
#3286 = DIRECTION ( 'NONE',  ( 0.000000000000000000, 0.000000000000000000, 1.000000000000000000 ) ) ;
#3287 = ORIENTED_EDGE ( 'NONE', *, *, #2758, .T. ) ;
#3288 = CLOSED_SHELL ( 'NONE', ( #1733, #1698, #1167, #1410, #542, #952, #51, #2099, #2194, #2849, #3438, #2662, #2046, #121, #3768, #2866, #2424, #3420, #2555, #3111, #1708, #3732, #1178, #3017, #3863, #1227, #713, #2413, #291, #294, #1522, #3870, #929, #2584, #3256, #2803, #1241, #1226, #2343, #3525, #2733, #2780, #3342, #1019, #2929, #3720, #1859, #3337, #356, #2421, #663, #2072, #168, #3069, #3088, #3131, #2146, #775, #3030, #1833, #1542, #2966, #3797, #554, #1809, #2659, #41, #208, #1219, #1079, #3239, #1807, #1400, #406, #1317, #96, #1128, #167, #3002, #585, #879, #3073, #643, #258, #1915, #2734, #3575, #430, #3048, #1773, #988, #309, #2537, #1485, #345, #478, #965, #3281, #1273, #653, #901, #1596, #3504, #3240, #1116, #936 ) ) ;
#3289 = CARTESIAN_POINT ( 'NONE',  ( 3.999999999999972466, 12.00000000000000000, 1.500000000000000000 ) ) ;
#3290 = AXIS2_PLACEMENT_3D ( 'NONE', #3537, #1696, #3855 ) ;
#3291 = EDGE_CURVE ( 'NONE', #1237, #1334, #3490, .T. ) ;
#3292 = EDGE_LOOP ( 'NONE', ( #2441, #870 ) ) ;
#3293 = DIRECTION ( 'NONE',  ( 0.000000000000000000, 0.000000000000000000, -1.000000000000000000 ) ) ;
#3294 = FACE_BOUND ( 'NONE', #2548, .T. ) ;
#3295 = DIRECTION ( 'NONE',  ( -1.000000000000000000, 0.000000000000000000, 0.000000000000000000 ) ) ;
#3296 = VERTEX_POINT ( 'NONE', #2890 ) ;
#3297 = CYLINDRICAL_SURFACE ( 'NONE', #513, 1.250000000000001110 ) ;
#3298 = CARTESIAN_POINT ( 'NONE',  ( 16.00000000000000000, 4.000000000000000000, 1.500000000000000000 ) ) ;
#3299 = ORIENTED_EDGE ( 'NONE', *, *, #365, .T. ) ;
#3300 = DIRECTION ( 'NONE',  ( 0.000000000000000000, 0.000000000000000000, -1.000000000000000000 ) ) ;
#3301 = CARTESIAN_POINT ( 'NONE',  ( 4.000000000000000000, 4.000000000000000000, 0.000000000000000000 ) ) ;
#3302 = ORIENTED_EDGE ( 'NONE', *, *, #890, .T. ) ;
#3303 = DIRECTION ( 'NONE',  ( 1.000000000000000000, 0.000000000000000000, 0.000000000000000000 ) ) ;
#3304 = CIRCLE ( 'NONE', #2986, 1.449999999999999956 ) ;
#3305 = CIRCLE ( 'NONE', #1550, 1.299999999999999156 ) ;
#3306 = AXIS2_PLACEMENT_3D ( 'NONE', #1830, #3021, #209 ) ;
#3307 = DIRECTION ( 'NONE',  ( 0.000000000000000000, 0.000000000000000000, -1.000000000000000000 ) ) ;
#3308 = ORIENTED_EDGE ( 'NONE', *, *, #864, .T. ) ;
#3309 = CIRCLE ( 'NONE', #3369, 1.100000000000000311 ) ;
#3310 = CARTESIAN_POINT ( 'NONE',  ( 2.949999999999999289, 4.000000000000000000, 1.500000000000000000 ) ) ;
#3311 = VERTEX_POINT ( 'NONE', #3582 ) ;
#3312 = CARTESIAN_POINT ( 'NONE',  ( 0.000000000000000000, 0.000000000000000000, 1.500000000000000000 ) ) ;
#3313 = EDGE_CURVE ( 'NONE', #2751, #2664, #2930, .T. ) ;
#3314 = CARTESIAN_POINT ( 'NONE',  ( 18.74999999999997158, 12.00000000000000000, 1.500000000000000000 ) ) ;
#3315 = EDGE_CURVE ( 'NONE', #1580, #34, #1107, .T. ) ;
#3316 = CARTESIAN_POINT ( 'NONE',  ( 39.99999999999995737, 16.00000000000000000, 1.500000000000000000 ) ) ;
#3317 = ORIENTED_EDGE ( 'NONE', *, *, #2467, .F. ) ;
#3318 = DIRECTION ( 'NONE',  ( 0.000000000000000000, 0.000000000000000000, -1.000000000000000000 ) ) ;
#3319 =( LENGTH_UNIT ( ) NAMED_UNIT ( * ) SI_UNIT ( .MILLI., .METRE. ) );
#3320 = ORIENTED_EDGE ( 'NONE', *, *, #3713, .F. ) ;
#3321 = CARTESIAN_POINT ( 'NONE',  ( 15.99999999999995914, 16.00000000000000000, 1.500000000000000000 ) ) ;
#3322 = AXIS2_PLACEMENT_3D ( 'NONE', #766, #1974, #2790 ) ;
#3323 = CARTESIAN_POINT ( 'NONE',  ( 16.00000000000000000, 4.000000000000000000, 1.500000000000000000 ) ) ;
#3324 = EDGE_LOOP ( 'NONE', ( #647, #3235 ) ) ;
#3325 = DIRECTION ( 'NONE',  ( -1.000000000000000000, 0.000000000000000000, 0.000000000000000000 ) ) ;
#3326 = DIRECTION ( 'NONE',  ( 0.000000000000000000, 0.000000000000000000, 1.000000000000000000 ) ) ;
#3327 = ORIENTED_EDGE ( 'NONE', *, *, #839, .T. ) ;
#3328 = CIRCLE ( 'NONE', #3203, 1.399999999999998579 ) ;
#3329 = EDGE_CURVE ( 'NONE', #2085, #1906, #1146, .T. ) ;
#3330 = CARTESIAN_POINT ( 'NONE',  ( 26.64999999999994529, 20.00000000000000000, 0.000000000000000000 ) ) ;
#3331 = ORIENTED_EDGE ( 'NONE', *, *, #1825, .F. ) ;
#3332 = DIRECTION ( 'NONE',  ( 0.000000000000000000, 0.000000000000000000, 1.000000000000000000 ) ) ;
#3333 = DIRECTION ( 'NONE',  ( -1.000000000000000000, 0.000000000000000000, -0.000000000000000000 ) ) ;
#3334 = VECTOR ( 'NONE', #1826, 1000.000000000000000 ) ;
#3335 = ORIENTED_EDGE ( 'NONE', *, *, #833, .T. ) ;
#3336 = AXIS2_PLACEMENT_3D ( 'NONE', #496, #3816, #3519 ) ;
#3337 = ADVANCED_FACE ( 'NONE', ( #497 ), #266, .F. ) ;
#3338 = CARTESIAN_POINT ( 'NONE',  ( 11.99999999999998579, 8.000000000000000000, 0.000000000000000000 ) ) ;
#3339 = DIRECTION ( 'NONE',  ( 0.000000000000000000, 0.000000000000000000, -1.000000000000000000 ) ) ;
#3340 = VERTEX_POINT ( 'NONE', #3858 ) ;
#3341 = CARTESIAN_POINT ( 'NONE',  ( 10.84999999999998721, 8.000000000000000000, 0.000000000000000000 ) ) ;
#3342 = ADVANCED_FACE ( 'NONE', ( #1165 ), #2592, .F. ) ;
#3343 = VERTEX_POINT ( 'NONE', #3600 ) ;
#3344 = DIRECTION ( 'NONE',  ( 0.000000000000000000, 0.000000000000000000, 1.000000000000000000 ) ) ;
#3345 = DIRECTION ( 'NONE',  ( 1.000000000000000000, 0.000000000000000000, 0.000000000000000000 ) ) ;
#3346 = ORIENTED_EDGE ( 'NONE', *, *, #3452, .F. ) ;
#3347 = DIRECTION ( 'NONE',  ( 0.000000000000000000, 0.000000000000000000, 1.000000000000000000 ) ) ;
#3348 = EDGE_LOOP ( 'NONE', ( #1870, #2956, #1729, #2312 ) ) ;
#3349 = DIRECTION ( 'NONE',  ( -1.000000000000000000, -0.000000000000000000, -0.000000000000000000 ) ) ;
#3350 = CARTESIAN_POINT ( 'NONE',  ( 9.099999999999987210, 8.000000000000000000, 1.500000000000000000 ) ) ;
#3351 = VECTOR ( 'NONE', #1676, 1000.000000000000000 ) ;
#3352 = VERTEX_POINT ( 'NONE', #621 ) ;
#3353 = DIRECTION ( 'NONE',  ( 0.000000000000000000, 0.000000000000000000, 1.000000000000000000 ) ) ;
#3354 = CARTESIAN_POINT ( 'NONE',  ( 35.99999999999994316, 20.00000000000000000, 1.500000000000000000 ) ) ;
#3355 = ORIENTED_EDGE ( 'NONE', *, *, #2051, .T. ) ;
#3356 = DIRECTION ( 'NONE',  ( 1.000000000000000000, 0.000000000000000000, 0.000000000000000000 ) ) ;
#3357 = EDGE_CURVE ( 'NONE', #2729, #2272, #1702, .T. ) ;
#3358 = DIRECTION ( 'NONE',  ( 0.000000000000000000, 0.000000000000000000, 1.000000000000000000 ) ) ;
#3359 = EDGE_LOOP ( 'NONE', ( #2631, #1184, #3555, #2516 ) ) ;
#3360 = ORIENTED_EDGE ( 'NONE', *, *, #1000, .F. ) ;
#3361 = CARTESIAN_POINT ( 'NONE',  ( 17.19999999999998508, 8.000000000000000000, 1.500000000000000000 ) ) ;
#3362 = EDGE_CURVE ( 'NONE', #1478, #1552, #129, .T. ) ;
#3363 = EDGE_CURVE ( 'NONE', #1690, #2055, #3328, .T. ) ;
#3364 = DIRECTION ( 'NONE',  ( 1.000000000000000000, 0.000000000000000000, 0.000000000000000000 ) ) ;
#3365 = ORIENTED_EDGE ( 'NONE', *, *, #1053, .F. ) ;
#3366 = CIRCLE ( 'NONE', #3174, 1.149999999999999911 ) ;
#3367 = DIRECTION ( 'NONE',  ( 0.000000000000000000, 0.000000000000000000, -1.000000000000000000 ) ) ;
#3368 = CIRCLE ( 'NONE', #1990, 1.399999999999998579 ) ;
#3369 = AXIS2_PLACEMENT_3D ( 'NONE', #846, #2324, #1739 ) ;
#3370 = ORIENTED_EDGE ( 'NONE', *, *, #460, .F. ) ;
#3371 = FACE_BOUND ( 'NONE', #2009, .T. ) ;
#3372 = ORIENTED_EDGE ( 'NONE', *, *, #909, .T. ) ;
#3373 = VECTOR ( 'NONE', #2761, 1000.000000000000000 ) ;
#3374 = DIRECTION ( 'NONE',  ( 0.000000000000000000, 0.000000000000000000, -1.000000000000000000 ) ) ;
#3375 = CYLINDRICAL_SURFACE ( 'NONE', #1741, 1.449999999999999956 ) ;
#3376 = ORIENTED_EDGE ( 'NONE', *, *, #3118, .T. ) ;
#3377 = EDGE_CURVE ( 'NONE', #2991, #1115, #2114, .T. ) ;
#3378 = LINE ( 'NONE', #686, #2054 ) ;
#3379 = CARTESIAN_POINT ( 'NONE',  ( 0.000000000000000000, 0.000000000000000000, 0.000000000000000000 ) ) ;
#3380 = ORIENTED_EDGE ( 'NONE', *, *, #2523, .T. ) ;
#3381 = ORIENTED_EDGE ( 'NONE', *, *, #2378, .F. ) ;
#3382 = CARTESIAN_POINT ( 'NONE',  ( 12.00000000000000000, 4.000000000000000000, 1.500000000000000000 ) ) ;
#3383 = AXIS2_PLACEMENT_3D ( 'NONE', #236, #1754, #512 ) ;
#3384 = DIRECTION ( 'NONE',  ( 1.000000000000000000, 0.000000000000000000, 0.000000000000000000 ) ) ;
#3385 = ORIENTED_EDGE ( 'NONE', *, *, #491, .T. ) ;
#3386 = EDGE_CURVE ( 'NONE', #3437, #2166, #3011, .T. ) ;
#3387 = CARTESIAN_POINT ( 'NONE',  ( 33.39999999999998437, 8.000000000000000000, 1.500000000000000000 ) ) ;
#3388 = AXIS2_PLACEMENT_3D ( 'NONE', #1349, #3715, #721 ) ;
#3389 = FACE_BOUND ( 'NONE', #795, .T. ) ;
#3390 = VECTOR ( 'NONE', #2209, 1000.000000000000000 ) ;
#3391 = ORIENTED_EDGE ( 'NONE', *, *, #2378, .T. ) ;
#3392 = VECTOR ( 'NONE', #3133, 1000.000000000000000 ) ;
#3393 = DIRECTION ( 'NONE',  ( 1.000000000000000000, 0.000000000000000000, 0.000000000000000000 ) ) ;
#3394 = DIRECTION ( 'NONE',  ( 0.000000000000000000, 0.000000000000000000, 1.000000000000000000 ) ) ;
#3395 = ORIENTED_EDGE ( 'NONE', *, *, #3698, .T. ) ;
#3396 = DIRECTION ( 'NONE',  ( 0.000000000000000000, 0.000000000000000000, 1.000000000000000000 ) ) ;
#3397 = EDGE_CURVE ( 'NONE', #2015, #3709, #1442, .T. ) ;
#3398 = AXIS2_PLACEMENT_3D ( 'NONE', #2655, #1441, #3819 ) ;
#3399 = ORIENTED_EDGE ( 'NONE', *, *, #696, .F. ) ;
#3400 = ORIENTED_EDGE ( 'NONE', *, *, #2676, .T. ) ;
#3401 = DIRECTION ( 'NONE',  ( 1.000000000000000000, 0.000000000000000000, 0.000000000000000000 ) ) ;
#3402 = CARTESIAN_POINT ( 'NONE',  ( 11.99999999999994493, 20.00000000000000000, 1.500000000000000000 ) ) ;
#3403 = ORIENTED_EDGE ( 'NONE', *, *, #1679, .F. ) ;
#3404 = CARTESIAN_POINT ( 'NONE',  ( 36.00000000000000000, 4.000000000000000000, 0.000000000000000000 ) ) ;
#3405 = EDGE_CURVE ( 'NONE', #3261, #1237, #600, .T. ) ;
#3406 = FACE_BOUND ( 'NONE', #3424, .T. ) ;
#3407 = EDGE_CURVE ( 'NONE', #1385, #2786, #3267, .T. ) ;
#3408 = VERTEX_POINT ( 'NONE', #71 ) ;
#3409 = DIRECTION ( 'NONE',  ( 0.000000000000000000, 0.000000000000000000, 1.000000000000000000 ) ) ;
#3410 = LINE ( 'NONE', #716, #3557 ) ;
#3411 = ORIENTED_EDGE ( 'NONE', *, *, #3802, .F. ) ;
#3412 = CYLINDRICAL_SURFACE ( 'NONE', #1038, 1.199999999999999734 ) ;
#3413 = UNCERTAINTY_MEASURE_WITH_UNIT (LENGTH_MEASURE( 1.000000000000000082E-05 ), #3319, 'distance_accuracy_value', 'NONE');
#3414 = EDGE_LOOP ( 'NONE', ( #2742, #556 ) ) ;
#3415 = LINE ( 'NONE', #1893, #1196 ) ;
#3416 = DIRECTION ( 'NONE',  ( 0.000000000000000000, 0.000000000000000000, -1.000000000000000000 ) ) ;
#3417 = EDGE_LOOP ( 'NONE', ( #2407, #633, #688, #3784 ) ) ;
#3418 = CARTESIAN_POINT ( 'NONE',  ( 34.54999999999994031, 20.00000000000000000, 1.500000000000000000 ) ) ;
#3419 = CARTESIAN_POINT ( 'NONE',  ( 2.949999999999985523, 8.000000000000000000, 0.000000000000000000 ) ) ;
#3420 = ADVANCED_FACE ( 'NONE', ( #3068 ), #14, .F. ) ;
#3421 = AXIS2_PLACEMENT_3D ( 'NONE', #3433, #2899, #1093 ) ;
#3422 = ORIENTED_EDGE ( 'NONE', *, *, #1492, .T. ) ;
#3423 = FACE_BOUND ( 'NONE', #1048, .T. ) ;
#3424 = EDGE_LOOP ( 'NONE', ( #1075, #1174 ) ) ;
#3425 = VECTOR ( 'NONE', #589, 1000.000000000000000 ) ;
#3426 = AXIS2_PLACEMENT_3D ( 'NONE', #568, #528, #1728 ) ;
#3427 = LINE ( 'NONE', #734, #3081 ) ;
#3428 = EDGE_CURVE ( 'NONE', #1946, #2279, #1949, .T. ) ;
#3429 = DIRECTION ( 'NONE',  ( 0.000000000000000000, 0.000000000000000000, -1.000000000000000000 ) ) ;
#3430 = EDGE_CURVE ( 'NONE', #250, #355, #2990, .T. ) ;
#3431 = CARTESIAN_POINT ( 'NONE',  ( 32.00000000000000000, 4.000000000000000000, 0.000000000000000000 ) ) ;
#3432 = ORIENTED_EDGE ( 'NONE', *, *, #3478, .F. ) ;
#3433 = CARTESIAN_POINT ( 'NONE',  ( 39.99999999999998579, 8.000000000000000000, 1.500000000000000000 ) ) ;
#3434 = ORIENTED_EDGE ( 'NONE', *, *, #1683, .F. ) ;
#3435 = DIRECTION ( 'NONE',  ( 0.000000000000000000, 0.000000000000000000, -1.000000000000000000 ) ) ;
#3436 = CARTESIAN_POINT ( 'NONE',  ( 15.99999999999997335, 12.00000000000000000, 0.000000000000000000 ) ) ;
#3437 = VERTEX_POINT ( 'NONE', #382 ) ;
#3438 = ADVANCED_FACE ( 'NONE', ( #3661 ), #970, .F. ) ;
#3439 = ORIENTED_EDGE ( 'NONE', *, *, #1631, .T. ) ;
#3440 = CARTESIAN_POINT ( 'NONE',  ( 34.54999999999996874, 12.00000000000000000, 1.500000000000000000 ) ) ;
#3441 = CARTESIAN_POINT ( 'NONE',  ( 32.00000000000000000, 4.000000000000000000, 1.500000000000000000 ) ) ;
#3442 = AXIS2_PLACEMENT_3D ( 'NONE', #1319, #3699, #3737 ) ;
#3443 = AXIS2_PLACEMENT_3D ( 'NONE', #3301, #3358, #342 ) ;
#3444 = ORIENTED_EDGE ( 'NONE', *, *, #3165, .T. ) ;
#3445 = EDGE_CURVE ( 'NONE', #1548, #845, #636, .T. ) ;
#3446 = ORIENTED_EDGE ( 'NONE', *, *, #1784, .F. ) ;
#3447 = PLANE ( 'NONE',  #3810 ) ;
#3448 = CARTESIAN_POINT ( 'NONE',  ( 33.39999999999995595, 16.00000000000000000, 1.500000000000000000 ) ) ;
#3449 = DIRECTION ( 'NONE',  ( 0.000000000000000000, 0.000000000000000000, 1.000000000000000000 ) ) ;
#3450 = ORIENTED_EDGE ( 'NONE', *, *, #3603, .T. ) ;
#3451 = DIRECTION ( 'NONE',  ( 0.000000000000000000, 0.000000000000000000, -1.000000000000000000 ) ) ;
#3452 = EDGE_CURVE ( 'NONE', #1398, #2052, #2081, .T. ) ;
#3453 = CIRCLE ( 'NONE', #2762, 1.199999999999999734 ) ;
#3454 = VECTOR ( 'NONE', #3505, 1000.000000000000000 ) ;
#3455 = CARTESIAN_POINT ( 'NONE',  ( 35.99999999999994316, 20.00000000000000000, 1.500000000000000000 ) ) ;
#3456 = DIRECTION ( 'NONE',  ( -1.000000000000000000, 0.000000000000000000, 0.000000000000000000 ) ) ;
#3457 = CIRCLE ( 'NONE', #1897, 1.149999999999999911 ) ;
#3458 = CYLINDRICAL_SURFACE ( 'NONE', #2697, 1.149999999999999911 ) ;
#3459 = ORIENTED_EDGE ( 'NONE', *, *, #3445, .F. ) ;
#3460 = CARTESIAN_POINT ( 'NONE',  ( 0.000000000000000000, 24.00000000000000000, 0.000000000000000000 ) ) ;
#3461 = DIRECTION ( 'NONE',  ( 0.000000000000000000, 0.000000000000000000, -1.000000000000000000 ) ) ;
#3462 = ORIENTED_EDGE ( 'NONE', *, *, #1439, .F. ) ;
#3463 = ORIENTED_EDGE ( 'NONE', *, *, #32, .F. ) ;
#3464 = CYLINDRICAL_SURFACE ( 'NONE', #577, 1.299999999999999156 ) ;
#3465 = CARTESIAN_POINT ( 'NONE',  ( 7.999999999999972466, 12.00000000000000000, 1.500000000000000000 ) ) ;
#3466 = DIRECTION ( 'NONE',  ( 1.000000000000000000, 0.000000000000000000, 0.000000000000000000 ) ) ;
#3467 = ORIENTED_EDGE ( 'NONE', *, *, #3428, .F. ) ;
#3468 = DIRECTION ( 'NONE',  ( 0.000000000000000000, 0.000000000000000000, 1.000000000000000000 ) ) ;
#3469 = EDGE_LOOP ( 'NONE', ( #2801, #510 ) ) ;
#3470 = ORIENTED_EDGE ( 'NONE', *, *, #2019, .T. ) ;
#3471 = CARTESIAN_POINT ( 'NONE',  ( 7.999999999999958256, 16.00000000000000000, 0.000000000000000000 ) ) ;
#3472 = EDGE_CURVE ( 'NONE', #1027, #2156, #306, .T. ) ;
#3473 = AXIS2_PLACEMENT_3D ( 'NONE', #1335, #3148, #1657 ) ;
#3474 = DIRECTION ( 'NONE',  ( 0.000000000000000000, 0.000000000000000000, 1.000000000000000000 ) ) ;
#3475 = EDGE_LOOP ( 'NONE', ( #1887, #899 ) ) ;
#3476 = FACE_OUTER_BOUND ( 'NONE', #3159, .T. ) ;
#3477 = EDGE_CURVE ( 'NONE', #1147, #3876, #2205, .T. ) ;
#3478 = EDGE_CURVE ( 'NONE', #2815, #1394, #3077, .T. ) ;
#3479 = DIRECTION ( 'NONE',  ( 0.000000000000000000, 0.000000000000000000, -1.000000000000000000 ) ) ;
#3480 = ORIENTED_EDGE ( 'NONE', *, *, #1578, .T. ) ;
#3481 = DIRECTION ( 'NONE',  ( 1.000000000000000000, 0.000000000000000000, 0.000000000000000000 ) ) ;
#3482 = CARTESIAN_POINT ( 'NONE',  ( 22.69999999999997442, 12.00000000000000000, 0.000000000000000000 ) ) ;
#3483 = AXIS2_PLACEMENT_3D ( 'NONE', #1982, #796, #776 ) ;
#3484 = FACE_BOUND ( 'NONE', #3741, .T. ) ;
#3485 = EDGE_LOOP ( 'NONE', ( #3327, #2938 ) ) ;
#3486 = CARTESIAN_POINT ( 'NONE',  ( 29.34999999999998721, 8.000000000000000000, 1.500000000000000000 ) ) ;
#3487 = AXIS2_PLACEMENT_3D ( 'NONE', #2544, #2838, #3727 ) ;
#3488 = AXIS2_PLACEMENT_3D ( 'NONE', #1743, #2018, #1461 ) ;
#3489 = ORIENTED_EDGE ( 'NONE', *, *, #2328, .F. ) ;
#3490 = CIRCLE ( 'NONE', #1811, 1.100000000000000311 ) ;
#3491 = EDGE_CURVE ( 'NONE', #3352, #737, #2096, .T. ) ;
#3492 = DIRECTION ( 'NONE',  ( 0.000000000000000000, 0.000000000000000000, -1.000000000000000000 ) ) ;
#3493 = CARTESIAN_POINT ( 'NONE',  ( 34.54999999999995453, 16.00000000000000000, 0.000000000000000000 ) ) ;
#3494 = CIRCLE ( 'NONE', #618, 1.500000000000001332 ) ;
#3495 = AXIS2_PLACEMENT_3D ( 'NONE', #3167, #476, #2629 ) ;
#3496 = CARTESIAN_POINT ( 'NONE',  ( 10.84999999999996056, 16.00000000000000000, 1.500000000000000000 ) ) ;
#3497 = ORIENTED_EDGE ( 'NONE', *, *, #1973, .F. ) ;
#3498 = CYLINDRICAL_SURFACE ( 'NONE', #3625, 1.350000000000000533 ) ;
#3499 = CARTESIAN_POINT ( 'NONE',  ( 3.999999999999945377, 20.00000000000000000, 1.500000000000000000 ) ) ;
#3500 = DIRECTION ( 'NONE',  ( 0.000000000000000000, 0.000000000000000000, -1.000000000000000000 ) ) ;
#3501 = EDGE_CURVE ( 'NONE', #3135, #574, #257, .T. ) ;
#3502 = ORIENTED_EDGE ( 'NONE', *, *, #1890, .T. ) ;
#3503 = DIRECTION ( 'NONE',  ( 1.000000000000000000, 0.000000000000000000, 0.000000000000000000 ) ) ;
#3504 = ADVANCED_FACE ( 'NONE', ( #104 ), #1332, .F. ) ;
#3505 = DIRECTION ( 'NONE',  ( 0.000000000000000000, 0.000000000000000000, -1.000000000000000000 ) ) ;
#3506 = DIRECTION ( 'NONE',  ( -1.000000000000000000, 0.000000000000000000, 0.000000000000000000 ) ) ;
#3507 = FACE_BOUND ( 'NONE', #1735, .T. ) ;
#3508 = ORIENTED_EDGE ( 'NONE', *, *, #1440, .T. ) ;
#3509 = CARTESIAN_POINT ( 'NONE',  ( 24.00000000000000000, 4.000000000000000000, 1.500000000000000000 ) ) ;
#3510 = EDGE_LOOP ( 'NONE', ( #1136, #2346 ) ) ;
#3511 = DIRECTION ( 'NONE',  ( 1.000000000000000000, 0.000000000000000000, 0.000000000000000000 ) ) ;
#3512 = CARTESIAN_POINT ( 'NONE',  ( 19.99999999999995737, 16.00000000000000000, 0.000000000000000000 ) ) ;
#3513 = AXIS2_PLACEMENT_3D ( 'NONE', #262, #2570, #1083 ) ;
#3514 = EDGE_CURVE ( 'NONE', #2466, #818, #2788, .T. ) ;
#3515 = CARTESIAN_POINT ( 'NONE',  ( 44.00000000000000000, 0.000000000000000000, 1.500000000000000000 ) ) ;
#3516 = AXIS2_PLACEMENT_3D ( 'NONE', #1767, #3606, #588 ) ;
#3517 = ORIENTED_EDGE ( 'NONE', *, *, #1967, .T. ) ;
#3518 = LINE ( 'NONE', #2907, #3351 ) ;
#3519 = DIRECTION ( 'NONE',  ( 1.000000000000000000, 0.000000000000000000, 0.000000000000000000 ) ) ;
#3520 = CIRCLE ( 'NONE', #1137, 1.500000000000001332 ) ;
#3521 = CARTESIAN_POINT ( 'NONE',  ( 38.49999999999994316, 20.00000000000000000, 1.500000000000000000 ) ) ;
#3522 = AXIS2_PLACEMENT_3D ( 'NONE', #613, #205, #1435 ) ;
#3523 = ORIENTED_EDGE ( 'NONE', *, *, #2158, .T. ) ;
#3524 = LINE ( 'NONE', #586, #3712 ) ;
#3525 = ADVANCED_FACE ( 'NONE', ( #3122 ), #3458, .F. ) ;
#3526 = EDGE_LOOP ( 'NONE', ( #2617, #1270 ) ) ;
#3527 = FACE_OUTER_BOUND ( 'NONE', #962, .T. ) ;
#3528 = DIRECTION ( 'NONE',  ( 0.000000000000000000, -0.000000000000000000, -1.000000000000000000 ) ) ;
#3529 = VERTEX_POINT ( 'NONE', #2192 ) ;
#3530 = EDGE_CURVE ( 'NONE', #2240, #2827, #1129, .T. ) ;
#3531 = DIRECTION ( 'NONE',  ( 0.000000000000000000, 0.000000000000000000, -1.000000000000000000 ) ) ;
#3532 = VERTEX_POINT ( 'NONE', #399 ) ;
#3533 = DIRECTION ( 'NONE',  ( 0.000000000000000000, 0.000000000000000000, 1.000000000000000000 ) ) ;
#3534 = FACE_OUTER_BOUND ( 'NONE', #3750, .T. ) ;
#3535 = DIRECTION ( 'NONE',  ( 1.000000000000000000, 0.000000000000000000, 0.000000000000000000 ) ) ;
#3536 = ORIENTED_EDGE ( 'NONE', *, *, #2905, .T. ) ;
#3537 = CARTESIAN_POINT ( 'NONE',  ( 20.00000000000000000, 4.000000000000000000, 1.500000000000000000 ) ) ;
#3538 = EDGE_LOOP ( 'NONE', ( #1518, #3558 ) ) ;
#3539 = CARTESIAN_POINT ( 'NONE',  ( 41.49999999999998579, 8.000000000000000000, 1.500000000000000000 ) ) ;
#3540 = ORIENTED_EDGE ( 'NONE', *, *, #2997, .F. ) ;
#3541 = EDGE_CURVE ( 'NONE', #2529, #549, #1374, .T. ) ;
#3542 = DIRECTION ( 'NONE',  ( 0.000000000000000000, 0.000000000000000000, 1.000000000000000000 ) ) ;
#3543 = ORIENTED_EDGE ( 'NONE', *, *, #817, .T. ) ;
#3544 = CARTESIAN_POINT ( 'NONE',  ( 37.44999999999998153, 8.000000000000000000, 1.500000000000000000 ) ) ;
#3545 = FACE_BOUND ( 'NONE', #2941, .T. ) ;
#3546 = ORIENTED_EDGE ( 'NONE', *, *, #242, .T. ) ;
#3547 = DIRECTION ( 'NONE',  ( -1.000000000000000000, 0.000000000000000000, 0.000000000000000000 ) ) ;
#3548 = ORIENTED_EDGE ( 'NONE', *, *, #164, .F. ) ;
#3549 = EDGE_CURVE ( 'NONE', #1404, #3230, #1950, .T. ) ;
#3550 = EDGE_CURVE ( 'NONE', #1574, #2664, #1008, .T. ) ;
#3551 = AXIS2_PLACEMENT_3D ( 'NONE', #3198, #3468, #2237 ) ;
#3552 = LINE ( 'NONE', #3869, #3272 ) ;
#3553 = CARTESIAN_POINT ( 'NONE',  ( 13.14999999999994529, 20.00000000000000000, 1.500000000000000000 ) ) ;
#3554 = CARTESIAN_POINT ( 'NONE',  ( 31.99999999999998579, 8.000000000000000000, 1.500000000000000000 ) ) ;
#3555 = ORIENTED_EDGE ( 'NONE', *, *, #3652, .F. ) ;
#3556 = DIRECTION ( 'NONE',  ( 0.000000000000000000, 0.000000000000000000, 1.000000000000000000 ) ) ;
#3557 = VECTOR ( 'NONE', #2781, 1000.000000000000000 ) ;
#3558 = ORIENTED_EDGE ( 'NONE', *, *, #2997, .T. ) ;
#3559 = DIRECTION ( 'NONE',  ( 0.000000000000000000, 0.000000000000000000, 1.000000000000000000 ) ) ;
#3560 = CARTESIAN_POINT ( 'NONE',  ( 39.99999999999997158, 12.00000000000000000, 1.500000000000000000 ) ) ;
#3561 = ORIENTED_EDGE ( 'NONE', *, *, #1329, .T. ) ;
#3562 = CARTESIAN_POINT ( 'NONE',  ( 22.69999999999994600, 20.00000000000000000, 1.500000000000000000 ) ) ;
#3563 = EDGE_CURVE ( 'NONE', #2598, #1789, #1632, .T. ) ;
#3564 = EDGE_LOOP ( 'NONE', ( #1104, #2299, #931, #2961 ) ) ;
#3565 = LINE ( 'NONE', #3844, #1840 ) ;
#3566 = FACE_BOUND ( 'NONE', #1209, .T. ) ;
#3567 = AXIS2_PLACEMENT_3D ( 'NONE', #3471, #1392, #260 ) ;
#3568 = ORIENTED_EDGE ( 'NONE', *, *, #2528, .F. ) ;
#3569 = CARTESIAN_POINT ( 'NONE',  ( 15.99999999999998579, 8.000000000000000000, 0.000000000000000000 ) ) ;
#3570 = EDGE_LOOP ( 'NONE', ( #3197, #4, #3058, #529 ) ) ;
#3571 = AXIS2_PLACEMENT_3D ( 'NONE', #3441, #1009, #727 ) ;
#3572 = LINE ( 'NONE', #882, #139 ) ;
#3573 = FACE_OUTER_BOUND ( 'NONE', #3767, .T. ) ;
#3574 = ORIENTED_EDGE ( 'NONE', *, *, #2939, .F. ) ;
#3575 = ADVANCED_FACE ( 'NONE', ( #2263 ), #2550, .F. ) ;
#3576 = CARTESIAN_POINT ( 'NONE',  ( 18.74999999999997158, 12.00000000000000000, 0.000000000000000000 ) ) ;
#3577 = AXIS2_PLACEMENT_3D ( 'NONE', #2513, #1331, #381 ) ;
#3578 = VERTEX_POINT ( 'NONE', #1909 ) ;
#3579 = CARTESIAN_POINT ( 'NONE',  ( 18.74999999999995737, 16.00000000000000000, 0.000000000000000000 ) ) ;
#3580 = EDGE_CURVE ( 'NONE', #1820, #3880, #693, .T. ) ;
#3581 = AXIS2_PLACEMENT_3D ( 'NONE', #1799, #1844, #1540 ) ;
#3582 = CARTESIAN_POINT ( 'NONE',  ( 33.39999999999999858, 4.000000000000000000, 0.000000000000000000 ) ) ;
#3583 = EDGE_LOOP ( 'NONE', ( #2444, #3480, #3543, #979 ) ) ;
#3584 = CIRCLE ( 'NONE', #75, 1.149999999999999911 ) ;
#3585 = FACE_OUTER_BOUND ( 'NONE', #1366, .T. ) ;
#3586 = AXIS2_PLACEMENT_3D ( 'NONE', #2730, #47, #3638 ) ;
#3587 = AXIS2_PLACEMENT_3D ( 'NONE', #973, #911, #1267 ) ;
#3588 = EDGE_LOOP ( 'NONE', ( #2661, #3470, #1565, #3595 ) ) ;
#3589 = LINE ( 'NONE', #3544, #2330 ) ;
#3590 = CARTESIAN_POINT ( 'NONE',  ( 0.000000000000000000, 0.000000000000000000, 1.500000000000000000 ) ) ;
#3591 = CARTESIAN_POINT ( 'NONE',  ( 31.99999999999994671, 20.00000000000000000, 1.500000000000000000 ) ) ;
#3592 = ORIENTED_EDGE ( 'NONE', *, *, #3357, .F. ) ;
#3593 = CARTESIAN_POINT ( 'NONE',  ( 7.999999999999944933, 20.00000000000000000, 0.000000000000000000 ) ) ;
#3594 = CARTESIAN_POINT ( 'NONE',  ( 5.050000000000000711, 4.000000000000000000, 1.500000000000000000 ) ) ;
#3595 = ORIENTED_EDGE ( 'NONE', *, *, #559, .F. ) ;
#3596 = CYLINDRICAL_SURFACE ( 'NONE', #1606, 1.399999999999995026 ) ;
#3597 = CARTESIAN_POINT ( 'NONE',  ( 14.79999999999997229, 12.00000000000000000, 1.500000000000000000 ) ) ;
#3598 = VERTEX_POINT ( 'NONE', #2225 ) ;
#3599 = DIRECTION ( 'NONE',  ( 0.000000000000000000, 0.000000000000000000, 1.000000000000000000 ) ) ;
#3600 = CARTESIAN_POINT ( 'NONE',  ( 29.35000000000000142, 4.000000000000000000, 1.500000000000000000 ) ) ;
#3601 = VERTEX_POINT ( 'NONE', #2826 ) ;
#3602 = EDGE_CURVE ( 'NONE', #2575, #2353, #1061, .T. ) ;
#3603 = EDGE_CURVE ( 'NONE', #1552, #1478, #945, .T. ) ;
#3604 = LINE ( 'NONE', #1846, #2577 ) ;
#3605 = EDGE_LOOP ( 'NONE', ( #2861, #160, #3104, #3463 ) ) ;
#3606 = DIRECTION ( 'NONE',  ( 0.000000000000000000, 0.000000000000000000, 1.000000000000000000 ) ) ;
#3607 = LINE ( 'NONE', #1768, #1235 ) ;
#3608 = CARTESIAN_POINT ( 'NONE',  ( 10.84999999999996056, 16.00000000000000000, 0.000000000000000000 ) ) ;
#3609 = VERTEX_POINT ( 'NONE', #1895 ) ;
#3610 = CARTESIAN_POINT ( 'NONE',  ( 30.59999999999999076, 8.000000000000000000, 1.500000000000000000 ) ) ;
#3611 = CARTESIAN_POINT ( 'NONE',  ( 27.99999999999994671, 20.00000000000000000, 1.500000000000000000 ) ) ;
#3612 = ORIENTED_EDGE ( 'NONE', *, *, #2814, .F. ) ;
#3613 = CARTESIAN_POINT ( 'NONE',  ( 31.99999999999995737, 16.00000000000000000, 1.500000000000000000 ) ) ;
#3614 = DIRECTION ( 'NONE',  ( 0.000000000000000000, 0.000000000000000000, -1.000000000000000000 ) ) ;
#3615 = EDGE_CURVE ( 'NONE', #3000, #2256, #572, .T. ) ;
#3616 = ORIENTED_EDGE ( 'NONE', *, *, #2862, .T. ) ;
#3617 = DIRECTION ( 'NONE',  ( 0.000000000000000000, 0.000000000000000000, -1.000000000000000000 ) ) ;
#3618 = AXIS2_PLACEMENT_3D ( 'NONE', #2255, #756, #3466 ) ;
#3619 = DIRECTION ( 'NONE',  ( -1.000000000000000000, 0.000000000000000000, 0.000000000000000000 ) ) ;
#3620 = ORIENTED_EDGE ( 'NONE', *, *, #2901, .T. ) ;
#3621 = VECTOR ( 'NONE', #3500, 1000.000000000000000 ) ;
#3622 = DIRECTION ( 'NONE',  ( 0.000000000000000000, 0.000000000000000000, 1.000000000000000000 ) ) ;
#3623 = EDGE_CURVE ( 'NONE', #616, #2139, #434, .T. ) ;
#3624 = AXIS2_PLACEMENT_3D ( 'NONE', #1401, #189, #2541 ) ;
#3625 = AXIS2_PLACEMENT_3D ( 'NONE', #1718, #802, #2606 ) ;
#3626 = ORIENTED_EDGE ( 'NONE', *, *, #3377, .T. ) ;
#3627 = DIRECTION ( 'NONE',  ( 0.000000000000000000, 0.000000000000000000, 1.000000000000000000 ) ) ;
#3628 = CIRCLE ( 'NONE', #1933, 1.449999999999999956 ) ;
#3629 = FACE_BOUND ( 'NONE', #3832, .T. ) ;
#3630 = EDGE_CURVE ( 'NONE', #1928, #750, #3700, .T. ) ;
#3631 = EDGE_LOOP ( 'NONE', ( #3370, #1750, #3287, #3786 ) ) ;
#3632 = DIRECTION ( 'NONE',  ( 1.000000000000000000, 0.000000000000000000, 0.000000000000000000 ) ) ;
#3633 = ORIENTED_EDGE ( 'NONE', *, *, #2536, .T. ) ;
#3634 = CYLINDRICAL_SURFACE ( 'NONE', #358, 1.500000000000001332 ) ;
#3635 = CIRCLE ( 'NONE', #2752, 1.050000000000000488 ) ;
#3636 = FACE_OUTER_BOUND ( 'NONE', #3146, .T. ) ;
#3637 = ORIENTED_EDGE ( 'NONE', *, *, #3141, .F. ) ;
#3638 = DIRECTION ( 'NONE',  ( -1.000000000000000000, 0.000000000000000000, 0.000000000000000000 ) ) ;
#3639 = EDGE_CURVE ( 'NONE', #1115, #3795, #322, .T. ) ;
#3640 = DIRECTION ( 'NONE',  ( 0.000000000000000000, 0.000000000000000000, 1.000000000000000000 ) ) ;
#3641 = VERTEX_POINT ( 'NONE', #3830 ) ;
#3642 = AXIS2_PLACEMENT_3D ( 'NONE', #327, #2155, #1523 ) ;
#3643 = CARTESIAN_POINT ( 'NONE',  ( 0.000000000000000000, 0.000000000000000000, 1.500000000000000000 ) ) ;
#3644 = AXIS2_PLACEMENT_3D ( 'NONE', #2318, #576, #2031 ) ;
#3645 = ORIENTED_EDGE ( 'NONE', *, *, #3491, .T. ) ;
#3646 = CARTESIAN_POINT ( 'NONE',  ( 5.049999999999986500, 8.000000000000000000, 1.500000000000000000 ) ) ;
#3647 = EDGE_CURVE ( 'NONE', #487, #1027, #2627, .T. ) ;
#3648 = FACE_BOUND ( 'NONE', #155, .T. ) ;
#3649 = AXIS2_PLACEMENT_3D ( 'NONE', #3252, #661, #2553 ) ;
#3650 = AXIS2_PLACEMENT_3D ( 'NONE', #348, #73, #2406 ) ;
#3651 = ORIENTED_EDGE ( 'NONE', *, *, #1912, .T. ) ;
#3652 = EDGE_CURVE ( 'NONE', #2256, #3000, #1134, .T. ) ;
#3653 = CARTESIAN_POINT ( 'NONE',  ( 14.80000000000000071, 4.000000000000000000, 1.500000000000000000 ) ) ;
#3654 = EDGE_CURVE ( 'NONE', #3233, #737, #3138, .T. ) ;
#3655 = DIRECTION ( 'NONE',  ( 0.000000000000000000, 0.000000000000000000, 1.000000000000000000 ) ) ;
#3656 = ORIENTED_EDGE ( 'NONE', *, *, #3098, .T. ) ;
#3657 = LINE ( 'NONE', #2167, #2919 ) ;
#3658 = CYLINDRICAL_SURFACE ( 'NONE', #1447, 1.100000000000001199 ) ;
#3659 = VERTEX_POINT ( 'NONE', #1097 ) ;
#3660 = DIRECTION ( 'NONE',  ( 0.000000000000000000, 0.000000000000000000, 1.000000000000000000 ) ) ;
#3661 = FACE_OUTER_BOUND ( 'NONE', #2978, .T. ) ;
#3662 = ORIENTED_EDGE ( 'NONE', *, *, #739, .T. ) ;
#3663 = CARTESIAN_POINT ( 'NONE',  ( 18.74999999999994316, 20.00000000000000000, 0.000000000000000000 ) ) ;
#3664 = VECTOR ( 'NONE', #3200, 1000.000000000000000 ) ;
#3665 = EDGE_CURVE ( 'NONE', #1066, #1896, #326, .T. ) ;
#3666 = EDGE_LOOP ( 'NONE', ( #1991, #3662, #3836, #1233 ) ) ;
#3667 = FACE_BOUND ( 'NONE', #289, .T. ) ;
#3668 = CIRCLE ( 'NONE', #1976, 1.350000000000000533 ) ;
#3669 = ORIENTED_EDGE ( 'NONE', *, *, #1880, .T. ) ;
#3670 = DIRECTION ( 'NONE',  ( 0.000000000000000000, 0.000000000000000000, -1.000000000000000000 ) ) ;
#3671 = CARTESIAN_POINT ( 'NONE',  ( 6.899999999999998579, 4.000000000000000000, 1.500000000000000000 ) ) ;
#3672 = EDGE_LOOP ( 'NONE', ( #887, #3346 ) ) ;
#3673 = DIRECTION ( 'NONE',  ( 1.000000000000000000, 0.000000000000000000, 0.000000000000000000 ) ) ;
#3674 = EDGE_CURVE ( 'NONE', #2805, #1875, #1455, .T. ) ;
#3675 = VERTEX_POINT ( 'NONE', #2603 ) ;
#3676 = ORIENTED_EDGE ( 'NONE', *, *, #506, .T. ) ;
#3677 = DIRECTION ( 'NONE',  ( -1.000000000000000000, 0.000000000000000000, 0.000000000000000000 ) ) ;
#3678 = DIRECTION ( 'NONE',  ( 1.000000000000000000, 0.000000000000000000, 0.000000000000000000 ) ) ;
#3679 = EDGE_LOOP ( 'NONE', ( #2231, #3150 ) ) ;
#3680 = CIRCLE ( 'NONE', #981, 1.250000000000001110 ) ;
#3681 = FACE_OUTER_BOUND ( 'NONE', #2504, .T. ) ;
#3682 = VECTOR ( 'NONE', #448, 1000.000000000000000 ) ;
#3683 = AXIS2_PLACEMENT_3D ( 'NONE', #3803, #1114, #2313 ) ;
#3684 = AXIS2_PLACEMENT_3D ( 'NONE', #285, #1477, #2014 ) ;
#3685 = FACE_BOUND ( 'NONE', #2226, .T. ) ;
#3686 = EDGE_CURVE ( 'NONE', #148, #2493, #261, .T. ) ;
#3687 = VERTEX_POINT ( 'NONE', #2923 ) ;
#3688 = DIRECTION ( 'NONE',  ( 1.000000000000000000, 0.000000000000000000, 0.000000000000000000 ) ) ;
#3689 = FACE_OUTER_BOUND ( 'NONE', #1747, .T. ) ;
#3690 = EDGE_LOOP ( 'NONE', ( #3497, #1311 ) ) ;
#3691 = CARTESIAN_POINT ( 'NONE',  ( 11.99999999999995914, 16.00000000000000000, 0.000000000000000000 ) ) ;
#3692 = ORIENTED_EDGE ( 'NONE', *, *, #1051, .T. ) ;
#3693 = EDGE_LOOP ( 'NONE', ( #664, #3044, #3269, #1359 ) ) ;
#3694 = CARTESIAN_POINT ( 'NONE',  ( 41.50000000000000000, 4.000000000000000000, 1.500000000000000000 ) ) ;
#3695 = EDGE_CURVE ( 'NONE', #2332, #667, #1411, .T. ) ;
#3696 = DIRECTION ( 'NONE',  ( 1.000000000000000000, 0.000000000000000000, 0.000000000000000000 ) ) ;
#3697 = EDGE_LOOP ( 'NONE', ( #151, #2180 ) ) ;
#3698 = EDGE_CURVE ( 'NONE', #2314, #132, #131, .T. ) ;
#3699 = DIRECTION ( 'NONE',  ( 0.000000000000000000, 0.000000000000000000, 1.000000000000000000 ) ) ;
#3700 = CIRCLE ( 'NONE', #2012, 1.350000000000000533 ) ;
#3701 = AXIS2_PLACEMENT_3D ( 'NONE', #1371, #2030, #2295 ) ;
#3702 = DIRECTION ( 'NONE',  ( 0.000000000000000000, 0.000000000000000000, -1.000000000000000000 ) ) ;
#3703 = AXIS2_PLACEMENT_3D ( 'NONE', #2844, #1314, #2515 ) ;
#3704 = VERTEX_POINT ( 'NONE', #823 ) ;
#3705 = VECTOR ( 'NONE', #2642, 1000.000000000000000 ) ;
#3706 = CARTESIAN_POINT ( 'NONE',  ( 6.899999999999957723, 16.00000000000000000, 0.000000000000000000 ) ) ;
#3707 = VECTOR ( 'NONE', #2227, 1000.000000000000000 ) ;
#3708 = CARTESIAN_POINT ( 'NONE',  ( 8.000000000000000000, 4.000000000000000000, 1.500000000000000000 ) ) ;
#3709 = VERTEX_POINT ( 'NONE', #1431 ) ;
#3710 = CARTESIAN_POINT ( 'NONE',  ( 39.99999999999994316, 20.00000000000000000, 1.500000000000000000 ) ) ;
#3711 = VECTOR ( 'NONE', #3479, 1000.000000000000000 ) ;
#3712 = VECTOR ( 'NONE', #540, 1000.000000000000000 ) ;
#3713 = EDGE_CURVE ( 'NONE', #895, #658, #948, .T. ) ;
#3714 = EDGE_LOOP ( 'NONE', ( #2475, #1177 ) ) ;
#3715 = DIRECTION ( 'NONE',  ( 0.000000000000000000, 0.000000000000000000, 1.000000000000000000 ) ) ;
#3716 = DIRECTION ( 'NONE',  ( 0.000000000000000000, 0.000000000000000000, -1.000000000000000000 ) ) ;
#3717 = ORIENTED_EDGE ( 'NONE', *, *, #2608, .T. ) ;
#3718 = CARTESIAN_POINT ( 'NONE',  ( 34.54999999999998295, 8.000000000000000000, 0.000000000000000000 ) ) ;
#3719 = DIRECTION ( 'NONE',  ( -1.000000000000000000, 0.000000000000000000, 0.000000000000000000 ) ) ;
#3720 = ADVANCED_FACE ( 'NONE', ( #1142 ), #202, .F. ) ;
#3721 = EDGE_CURVE ( 'NONE', #2552, #1692, #2016, .T. ) ;
#3722 = ORIENTED_EDGE ( 'NONE', *, *, #2176, .T. ) ;
#3723 = FACE_BOUND ( 'NONE', #3714, .T. ) ;
#3724 = EDGE_LOOP ( 'NONE', ( #3776, #2694, #2348, #995 ) ) ;
#3725 = CARTESIAN_POINT ( 'NONE',  ( 17.19999999999999929, 4.000000000000000000, 1.500000000000000000 ) ) ;
#3726 = DIRECTION ( 'NONE',  ( 0.000000000000000000, 0.000000000000000000, 1.000000000000000000 ) ) ;
#3727 = DIRECTION ( 'NONE',  ( -1.000000000000000000, 0.000000000000000000, 0.000000000000000000 ) ) ;
#3728 = ORIENTED_EDGE ( 'NONE', *, *, #530, .T. ) ;
#3729 = CARTESIAN_POINT ( 'NONE',  ( 34.54999999999995453, 16.00000000000000000, 1.500000000000000000 ) ) ;
#3730 = ORIENTED_EDGE ( 'NONE', *, *, #2711, .T. ) ;
#3731 = DIRECTION ( 'NONE',  ( 0.000000000000000000, 0.000000000000000000, -1.000000000000000000 ) ) ;
#3732 = ADVANCED_FACE ( 'NONE', ( #1694 ), #3853, .F. ) ;
#3733 = CARTESIAN_POINT ( 'NONE',  ( 8.000000000000000000, 4.000000000000000000, 0.000000000000000000 ) ) ;
#3734 = VERTEX_POINT ( 'NONE', #281 ) ;
#3735 = VERTEX_POINT ( 'NONE', #3812 ) ;
#3736 = LINE ( 'NONE', #3440, #3707 ) ;
#3737 = DIRECTION ( 'NONE',  ( 1.000000000000000000, 0.000000000000000000, 0.000000000000000000 ) ) ;
#3738 = CIRCLE ( 'NONE', #2543, 1.049999999999999822 ) ;
#3739 = EDGE_LOOP ( 'NONE', ( #293, #2916 ) ) ;
#3740 = EDGE_CURVE ( 'NONE', #3609, #203, #1393, .T. ) ;
#3741 = EDGE_LOOP ( 'NONE', ( #1407, #2620 ) ) ;
#3742 = CIRCLE ( 'NONE', #982, 1.050000000000001377 ) ;
#3743 = DIRECTION ( 'NONE',  ( 0.000000000000000000, 0.000000000000000000, 1.000000000000000000 ) ) ;
#3744 = DIRECTION ( 'NONE',  ( 0.000000000000000000, 0.000000000000000000, 1.000000000000000000 ) ) ;
#3745 = CARTESIAN_POINT ( 'NONE',  ( 23.99999999999995737, 16.00000000000000000, 1.500000000000000000 ) ) ;
#3746 = VERTEX_POINT ( 'NONE', #1119 ) ;
#3747 = EDGE_CURVE ( 'NONE', #2751, #1919, #3015, .T. ) ;
#3748 = FACE_OUTER_BOUND ( 'NONE', #1472, .T. ) ;
#3749 = CIRCLE ( 'NONE', #2061, 1.449999999999999956 ) ;
#3750 = EDGE_LOOP ( 'NONE', ( #1744, #3302, #1776, #1534 ) ) ;
#3751 = CARTESIAN_POINT ( 'NONE',  ( 25.30000000000000071, 4.000000000000000000, 1.500000000000000000 ) ) ;
#3752 = CARTESIAN_POINT ( 'NONE',  ( 20.00000000000000000, 4.000000000000000000, 0.000000000000000000 ) ) ;
#3753 = ORIENTED_EDGE ( 'NONE', *, *, #3029, .T. ) ;
#3754 = DIRECTION ( 'NONE',  ( 1.000000000000000000, 0.000000000000000000, 0.000000000000000000 ) ) ;
#3755 = DIRECTION ( 'NONE',  ( -1.000000000000000000, 0.000000000000000000, 0.000000000000000000 ) ) ;
#3756 = CIRCLE ( 'NONE', #2076, 1.399999999999998579 ) ;
#3757 = ORIENTED_EDGE ( 'NONE', *, *, #70, .F. ) ;
#3758 = ORIENTED_EDGE ( 'NONE', *, *, #1440, .F. ) ;
#3759 = EDGE_CURVE ( 'NONE', #1020, #203, #3829, .T. ) ;
#3760 = AXIS2_PLACEMENT_3D ( 'NONE', #3809, #3828, #3162 ) ;
#3761 = DIRECTION ( 'NONE',  ( 1.000000000000000000, 0.000000000000000000, 0.000000000000000000 ) ) ;
#3762 = CARTESIAN_POINT ( 'NONE',  ( 26.64999999999999858, 4.000000000000000000, 0.000000000000000000 ) ) ;
#3763 = CARTESIAN_POINT ( 'NONE',  ( 23.99999999999994671, 20.00000000000000000, 1.500000000000000000 ) ) ;
#3764 = ORIENTED_EDGE ( 'NONE', *, *, #1585, .F. ) ;
#3765 = VECTOR ( 'NONE', #2478, 1000.000000000000000 ) ;
#3766 = DIRECTION ( 'NONE',  ( 0.000000000000000000, 0.000000000000000000, 1.000000000000000000 ) ) ;
#3767 = EDGE_LOOP ( 'NONE', ( #3097, #128, #1201, #985 ) ) ;
#3768 = ADVANCED_FACE ( 'NONE', ( #1988 ), #2904, .F. ) ;
#3769 = EDGE_CURVE ( 'NONE', #2664, #1574, #442, .T. ) ;
#3770 = AXIS2_PLACEMENT_3D ( 'NONE', #115, #715, #3079 ) ;
#3771 = DIRECTION ( 'NONE',  ( 0.000000000000000000, 0.000000000000000000, 1.000000000000000000 ) ) ;
#3772 = CARTESIAN_POINT ( 'NONE',  ( 40.00000000000000000, 4.000000000000000000, 1.500000000000000000 ) ) ;
#3773 = CIRCLE ( 'NONE', #2089, 1.250000000000001110 ) ;
#3774 = AXIS2_PLACEMENT_3D ( 'NONE', #1283, #3622, #310 ) ;
#3775 = DIRECTION ( 'NONE',  ( 0.000000000000000000, 0.000000000000000000, 1.000000000000000000 ) ) ;
#3776 = ORIENTED_EDGE ( 'NONE', *, *, #1026, .T. ) ;
#3777 = DIRECTION ( 'NONE',  ( -1.000000000000000000, 0.000000000000000000, 0.000000000000000000 ) ) ;
#3778 = FACE_OUTER_BOUND ( 'NONE', #829, .T. ) ;
#3779 = EDGE_LOOP ( 'NONE', ( #1388, #2641, #2129, #2765 ) ) ;
#3780 = EDGE_CURVE ( 'NONE', #1256, #3795, #2456, .T. ) ;
#3781 = CARTESIAN_POINT ( 'NONE',  ( 21.24999999999996092, 16.00000000000000000, 1.500000000000000000 ) ) ;
#3782 = DIRECTION ( 'NONE',  ( -1.000000000000000000, 0.000000000000000000, 0.000000000000000000 ) ) ;
#3783 = FACE_BOUND ( 'NONE', #1166, .T. ) ;
#3784 = ORIENTED_EDGE ( 'NONE', *, *, #1029, .F. ) ;
#3785 = CARTESIAN_POINT ( 'NONE',  ( 27.99999999999998579, 8.000000000000000000, 1.500000000000000000 ) ) ;
#3786 = ORIENTED_EDGE ( 'NONE', *, *, #1917, .F. ) ;
#3787 = LINE ( 'NONE', #2601, #1151 ) ;
#3788 = DIRECTION ( 'NONE',  ( 0.000000000000000000, 0.000000000000000000, -1.000000000000000000 ) ) ;
#3789 = EDGE_CURVE ( 'NONE', #3211, #1552, #1536, .T. ) ;
#3790 = DIRECTION ( 'NONE',  ( 0.000000000000000000, 0.000000000000000000, -1.000000000000000000 ) ) ;
#3791 = VERTEX_POINT ( 'NONE', #1495 ) ;
#3792 = DIRECTION ( 'NONE',  ( 0.000000000000000000, 0.000000000000000000, -1.000000000000000000 ) ) ;
#3793 = DIRECTION ( 'NONE',  ( 0.000000000000000000, 0.000000000000000000, 1.000000000000000000 ) ) ;
#3794 = CARTESIAN_POINT ( 'NONE',  ( 15.99999999999994493, 20.00000000000000000, 1.500000000000000000 ) ) ;
#3795 = VERTEX_POINT ( 'NONE', #2690 ) ;
#3796 = FACE_OUTER_BOUND ( 'NONE', #2320, .T. ) ;
#3797 = ADVANCED_FACE ( 'NONE', ( #3636 ), #3658, .F. ) ;
#3798 = DIRECTION ( 'NONE',  ( 1.000000000000000000, 0.000000000000000000, 0.000000000000000000 ) ) ;
#3799 = CARTESIAN_POINT ( 'NONE',  ( 2.949999999999958433, 16.00000000000000000, 1.500000000000000000 ) ) ;
#3800 = DIRECTION ( 'NONE',  ( 1.000000000000000000, 0.000000000000000000, 0.000000000000000000 ) ) ;
#3801 = ORIENTED_EDGE ( 'NONE', *, *, #1967, .F. ) ;
#3802 = EDGE_CURVE ( 'NONE', #145, #332, #3453, .T. ) ;
#3803 = CARTESIAN_POINT ( 'NONE',  ( 31.99999999999994671, 20.00000000000000000, 0.000000000000000000 ) ) ;
#3804 = AXIS2_PLACEMENT_3D ( 'NONE', #1961, #1112, #3528 ) ;
#3805 = VECTOR ( 'NONE', #1963, 1000.000000000000000 ) ;
#3806 = ORIENTED_EDGE ( 'NONE', *, *, #2098, .T. ) ;
#3807 = AXIS2_PLACEMENT_3D ( 'NONE', #2539, #1340, #1643 ) ;
#3808 = LINE ( 'NONE', #3220, #1465 ) ;
#3809 = CARTESIAN_POINT ( 'NONE',  ( 3.999999999999972466, 12.00000000000000000, 0.000000000000000000 ) ) ;
#3810 = AXIS2_PLACEMENT_3D ( 'NONE', #2853, #1978, #1706 ) ;
#3811 = AXIS2_PLACEMENT_3D ( 'NONE', #1376, #2321, #558 ) ;
#3812 = CARTESIAN_POINT ( 'NONE',  ( 29.34999999999997300, 12.00000000000000000, 1.500000000000000000 ) ) ;
#3813 = EDGE_CURVE ( 'NONE', #747, #148, #8, .T. ) ;
#3814 = ORIENTED_EDGE ( 'NONE', *, *, #1152, .T. ) ;
#3815 = DIRECTION ( 'NONE',  ( -1.000000000000000000, 0.000000000000000000, 0.000000000000000000 ) ) ;
#3816 = DIRECTION ( 'NONE',  ( 0.000000000000000000, 0.000000000000000000, 1.000000000000000000 ) ) ;
#3817 = CARTESIAN_POINT ( 'NONE',  ( 37.44999999999998153, 8.000000000000000000, 0.000000000000000000 ) ) ;
#3818 = ORIENTED_EDGE ( 'NONE', *, *, #530, .F. ) ;
#3819 = DIRECTION ( 'NONE',  ( -1.000000000000000000, 0.000000000000000000, 0.000000000000000000 ) ) ;
#3820 = ORIENTED_EDGE ( 'NONE', *, *, #3841, .T. ) ;
#3821 = DIRECTION ( 'NONE',  ( 0.000000000000000000, 0.000000000000000000, 1.000000000000000000 ) ) ;
#3822 = CYLINDRICAL_SURFACE ( 'NONE', #2181, 1.299999999999999156 ) ;
#3823 = VERTEX_POINT ( 'NONE', #1856 ) ;
#3824 = FACE_OUTER_BOUND ( 'NONE', #592, .T. ) ;
#3825 = EDGE_LOOP ( 'NONE', ( #3592, #61 ) ) ;
#3826 = VECTOR ( 'NONE', #3103, 1000.000000000000000 ) ;
#3827 = ORIENTED_EDGE ( 'NONE', *, *, #2754, .F. ) ;
#3828 = DIRECTION ( 'NONE',  ( 0.000000000000000000, 0.000000000000000000, 1.000000000000000000 ) ) ;
#3829 = CIRCLE ( 'NONE', #2147, 1.350000000000000533 ) ;
#3830 = CARTESIAN_POINT ( 'NONE',  ( 38.49999999999994316, 20.00000000000000000, 1.500000000000000000 ) ) ;
#3831 = EDGE_CURVE ( 'NONE', #3279, #3532, #3270, .T. ) ;
#3832 = EDGE_LOOP ( 'NONE', ( #3801, #2995 ) ) ;
#3833 = FACE_OUTER_BOUND ( 'NONE', #3779, .T. ) ;
#3834 = AXIS2_PLACEMENT_3D ( 'NONE', #458, #2265, #1849 ) ;
#3835 = VECTOR ( 'NONE', #2933, 1000.000000000000000 ) ;
#3836 = ORIENTED_EDGE ( 'NONE', *, *, #3193, .T. ) ;
#3837 = CARTESIAN_POINT ( 'NONE',  ( 37.44999999999993889, 20.00000000000000000, 1.500000000000000000 ) ) ;
#3838 = AXIS2_PLACEMENT_3D ( 'NONE', #1535, #1738, #1220 ) ;
#3839 = EDGE_LOOP ( 'NONE', ( #2852, #169, #1763, #1952 ) ) ;
#3840 = CARTESIAN_POINT ( 'NONE',  ( 18.74999999999995737, 16.00000000000000000, 1.500000000000000000 ) ) ;
#3841 = EDGE_CURVE ( 'NONE', #3343, #1017, #2712, .T. ) ;
#3842 = EDGE_CURVE ( 'NONE', #10, #3601, #1203, .T. ) ;
#3843 = EDGE_LOOP ( 'NONE', ( #2980, #644, #3130, #1483 ) ) ;
#3844 = CARTESIAN_POINT ( 'NONE',  ( 14.79999999999995985, 16.00000000000000000, 1.500000000000000000 ) ) ;
#3845 = FACE_BOUND ( 'NONE', #3027, .T. ) ;
#3846 = ORIENTED_EDGE ( 'NONE', *, *, #1361, .T. ) ;
#3847 = CYLINDRICAL_SURFACE ( 'NONE', #612, 1.050000000000000488 ) ;
#3848 = ORIENTED_EDGE ( 'NONE', *, *, #2824, .T. ) ;
#3849 = DIRECTION ( 'NONE',  ( 1.000000000000000000, 0.000000000000000000, 0.000000000000000000 ) ) ;
#3850 = CARTESIAN_POINT ( 'NONE',  ( 25.29999999999995808, 16.00000000000000000, 1.500000000000000000 ) ) ;
#3851 = DIRECTION ( 'NONE',  ( 1.000000000000000000, 0.000000000000000000, 0.000000000000000000 ) ) ;
#3852 = VERTEX_POINT ( 'NONE', #654 ) ;
#3853 = CYLINDRICAL_SURFACE ( 'NONE', #74, 1.299999999999999156 ) ;
#3854 = VERTEX_POINT ( 'NONE', #2110 ) ;
#3855 = DIRECTION ( 'NONE',  ( -1.000000000000000000, 0.000000000000000000, 0.000000000000000000 ) ) ;
#3856 = AXIS2_PLACEMENT_3D ( 'NONE', #1971, #3627, #1618 ) ;
#3857 = EDGE_CURVE ( 'NONE', #1675, #157, #1883, .T. ) ;
#3858 = CARTESIAN_POINT ( 'NONE',  ( 17.19999999999994600, 20.00000000000000000, 0.000000000000000000 ) ) ;
#3859 = ORIENTED_EDGE ( 'NONE', *, *, #781, .F. ) ;
#3860 = DIRECTION ( 'NONE',  ( 0.000000000000000000, 0.000000000000000000, 1.000000000000000000 ) ) ;
#3861 = EDGE_LOOP ( 'NONE', ( #1463, #360, #2188, #729 ) ) ;
#3862 = CARTESIAN_POINT ( 'NONE',  ( 29.34999999999998721, 8.000000000000000000, 1.500000000000000000 ) ) ;
#3863 = ADVANCED_FACE ( 'NONE', ( #1258 ), #2417, .F. ) ;
#3864 = FACE_BOUND ( 'NONE', #3485, .T. ) ;
#3865 = ORIENTED_EDGE ( 'NONE', *, *, #2698, .F. ) ;
#3866 = LINE ( 'NONE', #1427, #49 ) ;
#3867 = VERTEX_POINT ( 'NONE', #45 ) ;
#3868 = VECTOR ( 'NONE', #3045, 1000.000000000000000 ) ;
#3869 = CARTESIAN_POINT ( 'NONE',  ( 22.70000000000000284, 4.000000000000000000, 1.500000000000000000 ) ) ;
#3870 = ADVANCED_FACE ( 'NONE', ( #2400 ), #29, .F. ) ;
#3871 = CIRCLE ( 'NONE', #2366, 1.250000000000001110 ) ;
#3872 = DIRECTION ( 'NONE',  ( 1.000000000000000000, 0.000000000000000000, 0.000000000000000000 ) ) ;
#3873 = ORIENTED_EDGE ( 'NONE', *, *, #6, .F. ) ;
#3874 = CARTESIAN_POINT ( 'NONE',  ( 23.99999999999994671, 20.00000000000000000, 1.500000000000000000 ) ) ;
#3875 = AXIS2_PLACEMENT_3D ( 'NONE', #3794, #869, #828 ) ;
#3876 = VERTEX_POINT ( 'NONE', #1240 ) ;
#3877 = CYLINDRICAL_SURFACE ( 'NONE', #1049, 1.250000000000001110 ) ;
#3878 = CIRCLE ( 'NONE', #368, 1.449999999999999956 ) ;
#3879 = CARTESIAN_POINT ( 'NONE',  ( 2.949999999999945555, 20.00000000000000000, 0.000000000000000000 ) ) ;
#3880 = VERTEX_POINT ( 'NONE', #3576 ) ;
#3881 = CARTESIAN_POINT ( 'NONE',  ( 22.70000000000000284, 4.000000000000000000, 1.500000000000000000 ) ) ;
#3882 = VERTEX_POINT ( 'NONE', #2131 ) ;
#3883 = FACE_OUTER_BOUND ( 'NONE', #3217, .T. ) ;
#3884 = FACE_BOUND ( 'NONE', #903, .T. ) ;
#3885 = CIRCLE ( 'NONE', #1065, 1.350000000000000533 ) ;
#3886 = ORIENTED_EDGE ( 'NONE', *, *, #56, .T. ) ;
#3887 = CARTESIAN_POINT ( 'NONE',  ( 7.999999999999986677, 8.000000000000000000, 1.500000000000000000 ) ) ;
ENDSEC;
END-ISO-10303-21;
