ISO-10303-21;
HEADER;
FILE_DESCRIPTION(('Open CASCADE Model'),'2;1');
FILE_NAME('Open CASCADE Shape Model','2026-03-14T15:57:21',('Author'),(
    'Open CASCADE'),'Open CASCADE STEP processor 7.8','build123d',
  'Unknown');
FILE_SCHEMA(('AUTOMOTIVE_DESIGN { 1 0 10303 214 1 1 1 1 }'));
ENDSEC;
DATA;
#1 = APPLICATION_PROTOCOL_DEFINITION('international standard',
  'automotive_design',2000,#2);
#2 = APPLICATION_CONTEXT(
  'core data for automotive mechanical design processes');
#3 = SHAPE_DEFINITION_REPRESENTATION(#4,#10);
#4 = PRODUCT_DEFINITION_SHAPE('','',#5);
#5 = PRODUCT_DEFINITION('design','',#6,#9);
#6 = PRODUCT_DEFINITION_FORMATION('','',#7);
#7 = PRODUCT('COMPOUND','COMPOUND','',(#8));
#8 = PRODUCT_CONTEXT('',#2,'mechanical');
#9 = PRODUCT_DEFINITION_CONTEXT('part definition',#2,'design');
#10 = SHAPE_REPRESENTATION('',(#11,#15,#188,#10833,#11059),#11242);
#11 = AXIS2_PLACEMENT_3D('',#12,#13,#14);
#12 = CARTESIAN_POINT('',(0.,0.,0.));
#13 = DIRECTION('',(0.,0.,1.));
#14 = DIRECTION('',(1.,0.,-0.));
#15 = SHELL_BASED_SURFACE_MODEL('',(#16));
#16 = CLOSED_SHELL('',(#17,#184));
#17 = ADVANCED_FACE('',(#18),#31,.T.);
#18 = FACE_BOUND('',#19,.T.);
#19 = EDGE_LOOP('',(#20));
#20 = ORIENTED_EDGE('',*,*,#21,.T.);
#21 = EDGE_CURVE('',#22,#22,#24,.T.);
#22 = VERTEX_POINT('',#23);
#23 = CARTESIAN_POINT('',(3.219498718752,17.14975831015,
    6.759219723269E-05));
#24 = SURFACE_CURVE('',#25,(#30,#150),.PCURVE_S1.);
#25 = B_SPLINE_CURVE_WITH_KNOTS('',3,(#26,#27,#28,#29),.UNSPECIFIED.,.T.
  ,.F.,(4,4),(0.,1.),.PIECEWISE_BEZIER_KNOTS.);
#26 = CARTESIAN_POINT('',(3.723301876557,16.85,-6.605069822054E-02));
#27 = CARTESIAN_POINT('',(3.723301876557,17.268319473815,
    -6.605069822054E-02));
#28 = CARTESIAN_POINT('',(3.723301876557,17.68663894763,
    -6.605069822054E-02));
#29 = CARTESIAN_POINT('',(3.723301876557,16.85,-6.605069822054E-02));
#30 = PCURVE('',#31,#122);
#31 = B_SPLINE_SURFACE_WITH_KNOTS('',3,1,(
    (#32,#33)
    ,(#34,#35)
    ,(#36,#37)
    ,(#38,#39)
    ,(#40,#41)
    ,(#42,#43)
    ,(#44,#45)
    ,(#46,#47)
    ,(#48,#49)
    ,(#50,#51)
    ,(#52,#53)
    ,(#54,#55)
    ,(#56,#57)
    ,(#58,#59)
    ,(#60,#61)
    ,(#62,#63)
    ,(#64,#65)
    ,(#66,#67)
    ,(#68,#69)
    ,(#70,#71)
    ,(#72,#73)
    ,(#74,#75)
    ,(#76,#77)
    ,(#78,#79)
    ,(#80,#81)
    ,(#82,#83)
    ,(#84,#85)
    ,(#86,#87)
    ,(#88,#89)
    ,(#90,#91)
    ,(#92,#93)
    ,(#94,#95)
    ,(#96,#97)
    ,(#98,#99)
    ,(#100,#101)
    ,(#102,#103)
    ,(#104,#105)
    ,(#106,#107)
    ,(#108,#109)
    ,(#110,#111)
    ,(#112,#113)
    ,(#114,#115)
    ,(#116,#117)
    ,(#118,#119)
    ,(#120,#121
    )),.UNSPECIFIED.,.F.,.F.,.F.,(4,1,1,1,1,1,1,1,1,1,1,1,1,1,1,1,1,1,1,
    1,1,1,1,1,1,1,1,1,1,1,1,1,1,1,1,1,1,1,1,1,1,1,4),(2,2),(0.,
    8.699547701647E-02,8.869139891085E-02,9.058684102083E-02,
    9.268180334707E-02,9.497628589005E-02,9.747028865013E-02,
    0.100163811628,0.103056854823,0.106149418236,0.109441501866,
    0.112933105715,0.116624229782,0.120514874068,0.124605038571,
    0.128894723294,0.133383928234,0.138072653393,0.142960898771,
    0.148048664367,0.153335950182,0.158822756215,0.164509082468,
    0.170394928938,0.176480295628,0.182765182536,0.189249589663,
    0.195933517009,0.202816964574,0.209899932357,0.21718242036,
    0.224664428581,0.232345957021,0.24022700568,0.248307574557,
    0.256587663654,0.265067272969,0.273746402504,0.282625052257,
    0.291703222229,0.30098091242,0.31045812283,0.310929569538),(0.,1.),
  .UNSPECIFIED.);
#32 = CARTESIAN_POINT('',(3.357532229978,18.207434970029,-0.195391944552
    ));
#33 = CARTESIAN_POINT('',(3.357532229978,15.95,-0.195391944552));
#34 = CARTESIAN_POINT('',(3.39436686543,18.207434970029,-0.141936940983)
  );
#35 = CARTESIAN_POINT('',(3.39436686543,15.95,-0.141936940983));
#36 = CARTESIAN_POINT('',(3.429314902626,18.207434970029,-0.167300687043
    ));
#37 = CARTESIAN_POINT('',(3.429314902626,15.95,-0.167300687043));
#38 = CARTESIAN_POINT('',(3.467524048766,18.207434970029,-0.17112848117)
  );
#39 = CARTESIAN_POINT('',(3.467524048766,15.95,-0.17112848117));
#40 = CARTESIAN_POINT('',(3.469926724386,18.207434970029,-0.171321506971
    ));
#41 = CARTESIAN_POINT('',(3.469926724386,15.95,-0.171321506971));
#42 = CARTESIAN_POINT('',(3.472586074247,18.207434970029,-0.171481640263
    ));
#43 = CARTESIAN_POINT('',(3.472586074247,15.95,-0.171481640263));
#44 = CARTESIAN_POINT('',(3.475501605466,18.207434970029,-0.171598919666
    ));
#45 = CARTESIAN_POINT('',(3.475501605466,15.95,-0.171598919666));
#46 = CARTESIAN_POINT('',(3.478672577721,18.207434970029,-0.171663086402
    ));
#47 = CARTESIAN_POINT('',(3.478672577721,15.95,-0.171663086402));
#48 = CARTESIAN_POINT('',(3.482097927854,18.207434970029,-0.171663990511
    ));
#49 = CARTESIAN_POINT('',(3.482097927854,15.95,-0.171663990511));
#50 = CARTESIAN_POINT('',(3.485776293437,18.207434970029,-0.17159147656)
  );
#51 = CARTESIAN_POINT('',(3.485776293437,15.95,-0.17159147656));
#52 = CARTESIAN_POINT('',(3.489706006249,18.207434970029,-0.171435428989
    ));
#53 = CARTESIAN_POINT('',(3.489706006249,15.95,-0.171435428989));
#54 = CARTESIAN_POINT('',(3.493885095147,18.207434970029,-0.171185769019
    ));
#55 = CARTESIAN_POINT('',(3.493885095147,15.95,-0.171185769019));
#56 = CARTESIAN_POINT('',(3.49831128638,18.207434970029,-0.170832466085)
  );
#57 = CARTESIAN_POINT('',(3.49831128638,15.95,-0.170832466085));
#58 = CARTESIAN_POINT('',(3.502982004923,18.207434970029,-0.170365544915
    ));
#59 = CARTESIAN_POINT('',(3.502982004923,15.95,-0.170365544915));
#60 = CARTESIAN_POINT('',(3.507894375777,18.207434970029,-0.169775093857
    ));
#61 = CARTESIAN_POINT('',(3.507894375777,15.95,-0.169775093857));
#62 = CARTESIAN_POINT('',(3.513045225536,18.207434970029,-0.169051272799
    ));
#63 = CARTESIAN_POINT('',(3.513045225536,15.95,-0.169051272799));
#64 = CARTESIAN_POINT('',(3.518431084134,18.207434970029,-0.168184321163
    ));
#65 = CARTESIAN_POINT('',(3.518431084134,15.95,-0.168184321163));
#66 = CARTESIAN_POINT('',(3.524048186799,18.207434970029,-0.16716456582)
  );
#67 = CARTESIAN_POINT('',(3.524048186799,15.95,-0.16716456582));
#68 = CARTESIAN_POINT('',(3.529892476201,18.207434970029,-0.165982428972
    ));
#69 = CARTESIAN_POINT('',(3.529892476201,15.95,-0.165982428972));
#70 = CARTESIAN_POINT('',(3.535959604803,18.207434970029,-0.164628435973
    ));
#71 = CARTESIAN_POINT('',(3.535959604803,15.95,-0.164628435973));
#72 = CARTESIAN_POINT('',(3.542244937398,18.207434970029,-0.163093223105
    ));
#73 = CARTESIAN_POINT('',(3.542244937398,15.95,-0.163093223105));
#74 = CARTESIAN_POINT('',(3.548743553852,18.207434970029,-0.161367545276
    ));
#75 = CARTESIAN_POINT('',(3.548743553852,15.95,-0.161367545276));
#76 = CARTESIAN_POINT('',(3.555450252028,18.207434970029,-0.159442283672
    ));
#77 = CARTESIAN_POINT('',(3.555450252028,15.95,-0.159442283672));
#78 = CARTESIAN_POINT('',(3.562359550916,18.207434970029,-0.157308453319
    ));
#79 = CARTESIAN_POINT('',(3.562359550916,15.95,-0.157308453319));
#80 = CARTESIAN_POINT('',(3.569465693937,18.207434970029,-0.154957210585
    ));
#81 = CARTESIAN_POINT('',(3.569465693937,15.95,-0.154957210585));
#82 = CARTESIAN_POINT('',(3.576762652448,18.207434970029,-0.152379860592
    ));
#83 = CARTESIAN_POINT('',(3.576762652448,15.95,-0.152379860592));
#84 = CARTESIAN_POINT('',(3.584244129422,18.207434970029,-0.149567864552
    ));
#85 = CARTESIAN_POINT('',(3.584244129422,15.95,-0.149567864552));
#86 = CARTESIAN_POINT('',(3.591903563326,18.207434970029,-0.146512847007
    ));
#87 = CARTESIAN_POINT('',(3.591903563326,15.95,-0.146512847007));
#88 = CARTESIAN_POINT('',(3.599734132166,18.207434970029,-0.14320660298)
  );
#89 = CARTESIAN_POINT('',(3.599734132166,15.95,-0.14320660298));
#90 = CARTESIAN_POINT('',(3.607728757722,18.207434970029,-0.139641105028
    ));
#91 = CARTESIAN_POINT('',(3.607728757722,15.95,-0.139641105028));
#92 = CARTESIAN_POINT('',(3.615880109958,18.207434970029,-0.135808510192
    ));
#93 = CARTESIAN_POINT('',(3.615880109958,15.95,-0.135808510192));
#94 = CARTESIAN_POINT('',(3.624180611606,18.207434970029,-0.131701166843
    ));
#95 = CARTESIAN_POINT('',(3.624180611606,15.95,-0.131701166843));
#96 = CARTESIAN_POINT('',(3.632622442923,18.207434970029,-0.127311621414
    ));
#97 = CARTESIAN_POINT('',(3.632622442923,15.95,-0.127311621414));
#98 = CARTESIAN_POINT('',(3.641197546619,18.207434970029,-0.122632625024
    ));
#99 = CARTESIAN_POINT('',(3.641197546619,15.95,-0.122632625024));
#100 = CARTESIAN_POINT('',(3.649897632953,18.207434970029,
    -0.117657139973));
#101 = CARTESIAN_POINT('',(3.649897632953,15.95,-0.117657139973));
#102 = CARTESIAN_POINT('',(3.65871418499,18.207434970029,-0.112378346125
    ));
#103 = CARTESIAN_POINT('',(3.65871418499,15.95,-0.112378346125));
#104 = CARTESIAN_POINT('',(3.667638464026,18.207434970029,
    -0.106789647161));
#105 = CARTESIAN_POINT('',(3.667638464026,15.95,-0.106789647161));
#106 = CARTESIAN_POINT('',(3.676661515165,18.207434970029,
    -0.100884676695));
#107 = CARTESIAN_POINT('',(3.676661515165,15.95,-0.100884676695));
#108 = CARTESIAN_POINT('',(3.685774173056,18.207434970029,
    -9.465730426839E-02));
#109 = CARTESIAN_POINT('',(3.685774173056,15.95,-9.465730426839E-02));
#110 = CARTESIAN_POINT('',(3.694967067784,18.207434970029,
    -8.81016411915E-02));
#111 = CARTESIAN_POINT('',(3.694967067784,15.95,-8.81016411915E-02));
#112 = CARTESIAN_POINT('',(3.704230630903,18.207434970029,
    -8.121204625596E-02));
#113 = CARTESIAN_POINT('',(3.704230630903,15.95,-8.121204625596E-02));
#114 = CARTESIAN_POINT('',(3.713555101622,18.207434970029,
    -7.398313129424E-02));
#115 = CARTESIAN_POINT('',(3.713555101622,15.95,-7.398313129424E-02));
#116 = CARTESIAN_POINT('',(3.719895058023,18.207434970029,
    -6.8861788137E-02));
#117 = CARTESIAN_POINT('',(3.719895058023,15.95,-6.8861788137E-02));
#118 = CARTESIAN_POINT('',(3.723147798365,18.207434970029,
    -6.617795537966E-02));
#119 = CARTESIAN_POINT('',(3.723147798365,15.95,-6.617795537966E-02));
#120 = CARTESIAN_POINT('',(3.723301876558,18.207434970029,
    -6.605069822019E-02));
#121 = CARTESIAN_POINT('',(3.723301876558,15.95,-6.605069822019E-02));
#122 = DEFINITIONAL_REPRESENTATION('',(#123),#149);
#123 = B_SPLINE_CURVE_WITH_KNOTS('',3,(#124,#125,#126,#127,#128,#129,
    #130,#131,#132,#133,#134,#135,#136,#137,#138,#139,#140,#141,#142,
    #143,#144,#145,#146,#147,#148),.UNSPECIFIED.,.T.,.F.,(4,1,1,1,1,1,1,
    1,1,1,1,1,1,1,1,1,1,1,1,1,1,1,4),(0.,4.545454545455E-02,
    9.090909090909E-02,0.136363636364,0.181818181818,0.227272727273,
    0.272727272727,0.318181818182,0.363636363636,0.409090909091,
    0.454545454545,0.5,0.545454545455,0.590909090909,0.636363636364,
    0.681818181818,0.727272727273,0.772727272727,0.818181818182,
    0.863636363636,0.909090909091,0.954545454545,1.),
  .QUASI_UNIFORM_KNOTS.);
#124 = CARTESIAN_POINT('',(0.310929569537,0.601317419129));
#125 = CARTESIAN_POINT('',(0.310929569537,0.592894354106));
#126 = CARTESIAN_POINT('',(0.310929569537,0.576048224061));
#127 = CARTESIAN_POINT('',(0.310929569537,0.551092283477));
#128 = CARTESIAN_POINT('',(0.310929569537,0.526762851862));
#129 = CARTESIAN_POINT('',(0.310929569537,0.5033731837));
#130 = CARTESIAN_POINT('',(0.310929569537,0.481236533475));
#131 = CARTESIAN_POINT('',(0.310929569537,0.460666155672));
#132 = CARTESIAN_POINT('',(0.310929569537,0.441975304774));
#133 = CARTESIAN_POINT('',(0.310929569537,0.425477235267));
#134 = CARTESIAN_POINT('',(0.310929569537,0.411485201634));
#135 = CARTESIAN_POINT('',(0.310929569537,0.40031245836));
#136 = CARTESIAN_POINT('',(0.310929569537,0.39227225993));
#137 = CARTESIAN_POINT('',(0.310929569537,0.387677860826));
#138 = CARTESIAN_POINT('',(0.310929569537,0.386842515535));
#139 = CARTESIAN_POINT('',(0.310929569537,0.390079478539));
#140 = CARTESIAN_POINT('',(0.310929569537,0.397702004324));
#141 = CARTESIAN_POINT('',(0.310929569537,0.410023347374));
#142 = CARTESIAN_POINT('',(0.310929569537,0.427356762173));
#143 = CARTESIAN_POINT('',(0.310929569537,0.450015503205));
#144 = CARTESIAN_POINT('',(0.310929569537,0.478312824955));
#145 = CARTESIAN_POINT('',(0.310929569537,0.512561981906));
#146 = CARTESIAN_POINT('',(0.310929569537,0.553076228544));
#147 = CARTESIAN_POINT('',(0.310929569537,0.584471289084));
#148 = CARTESIAN_POINT('',(0.310929569537,0.601317419129));
#149 = ( GEOMETRIC_REPRESENTATION_CONTEXT(2) 
PARAMETRIC_REPRESENTATION_CONTEXT() REPRESENTATION_CONTEXT('2D SPACE',''
  ) );
#150 = PCURVE('',#151,#156);
#151 = CYLINDRICAL_SURFACE('',#152,0.8797);
#152 = AXIS2_PLACEMENT_3D('',#153,#154,#155);
#153 = CARTESIAN_POINT('',(2.846085030353,18.2,1.73381795713E-15));
#154 = DIRECTION('',(1.393758570794E-16,-1.,-7.018727669979E-18));
#155 = DIRECTION('',(5.029454251471E-02,-1.54074395551E-33,
    0.998734428661));
#156 = DEFINITIONAL_REPRESENTATION('',(#157),#183);
#157 = B_SPLINE_CURVE_WITH_KNOTS('',3,(#158,#159,#160,#161,#162,#163,
    #164,#165,#166,#167,#168,#169,#170,#171,#172,#173,#174,#175,#176,
    #177,#178,#179,#180,#181,#182),.UNSPECIFIED.,.T.,.F.,(4,1,1,1,1,1,1,
    1,1,1,1,1,1,1,1,1,1,1,1,1,1,1,4),(0.,4.545454545455E-02,
    9.090909090909E-02,0.136363636364,0.181818181818,0.227272727273,
    0.272727272727,0.318181818182,0.363636363636,0.409090909091,
    0.454545454545,0.5,0.545454545455,0.590909090909,0.636363636364,
    0.681818181818,0.727272727273,0.772727272727,0.818181818182,
    0.863636363636,0.909090909091,0.954545454545,1.),
  .QUASI_UNIFORM_KNOTS.);
#158 = CARTESIAN_POINT('',(4.68755081624,1.35));
#159 = CARTESIAN_POINT('',(4.68755081624,1.330985478463));
#160 = CARTESIAN_POINT('',(4.68755081624,1.292956435389));
#161 = CARTESIAN_POINT('',(4.68755081624,1.236620022405));
#162 = CARTESIAN_POINT('',(4.68755081624,1.181697912676));
#163 = CARTESIAN_POINT('',(4.68755081624,1.12889725783));
#164 = CARTESIAN_POINT('',(4.68755081624,1.078925209493));
#165 = CARTESIAN_POINT('',(4.68755081624,1.032488919293));
#166 = CARTESIAN_POINT('',(4.68755081624,0.990295538857));
#167 = CARTESIAN_POINT('',(4.68755081624,0.953052219814));
#168 = CARTESIAN_POINT('',(4.68755081624,0.921466113789));
#169 = CARTESIAN_POINT('',(4.68755081624,0.896244372412));
#170 = CARTESIAN_POINT('',(4.68755081624,0.878094147308));
#171 = CARTESIAN_POINT('',(4.68755081624,0.867722590106));
#172 = CARTESIAN_POINT('',(4.68755081624,0.865836852433));
#173 = CARTESIAN_POINT('',(4.68755081624,0.873144085916));
#174 = CARTESIAN_POINT('',(4.68755081624,0.890351442183));
#175 = CARTESIAN_POINT('',(4.68755081624,0.918166072861));
#176 = CARTESIAN_POINT('',(4.68755081624,0.957295129578));
#177 = CARTESIAN_POINT('',(4.68755081624,1.008445763961));
#178 = CARTESIAN_POINT('',(4.68755081624,1.072325127637));
#179 = CARTESIAN_POINT('',(4.68755081624,1.149640372234));
#180 = CARTESIAN_POINT('',(4.68755081624,1.241098649379));
#181 = CARTESIAN_POINT('',(4.68755081624,1.311970956926));
#182 = CARTESIAN_POINT('',(4.68755081624,1.35));
#183 = ( GEOMETRIC_REPRESENTATION_CONTEXT(2) 
PARAMETRIC_REPRESENTATION_CONTEXT() REPRESENTATION_CONTEXT('2D SPACE',''
  ) );
#184 = ADVANCED_FACE('',(#185),#151,.T.);
#185 = FACE_BOUND('',#186,.T.);
#186 = EDGE_LOOP('',(#187));
#187 = ORIENTED_EDGE('',*,*,#21,.F.);
#188 = SHELL_BASED_SURFACE_MODEL('',(#189));
#189 = OPEN_SHELL('',(#190,#5881,#5984,#6049,#6139,#6182,#6247,#6467,
    #6642,#6692,#6782,#6832,#6922,#6972,#7062,#7112,#7202,#7252,#7342,
    #7392,#7482,#7532,#7622,#7672,#7762,#7812,#7902,#7952,#8042,#8092,
    #8182,#8232,#8322,#8372,#8462,#8512,#8602,#8645,#8710,#8794));
#190 = ADVANCED_FACE('',(#191,#5773),#206,.T.);
#191 = FACE_BOUND('',#192,.T.);
#192 = EDGE_LOOP('',(#193,#218,#256,#274,#330,#348,#386,#404,#460,#478,
    #516,#534,#590,#608,#646,#664,#720,#738,#776,#794,#850,#868,#906,
    #924,#980,#998,#1138,#1156,#1212,#1241,#1381,#1410,#1466,#1495,#1634
    ,#1813,#1842,#1982,#2011,#2191,#2220,#2360,#2389,#2569,#2598,#2738,
    #2767,#2947,#2976,#3116,#3145,#3325,#3354,#3494,#3523,#3703,#3732,
    #3872,#3901,#4081,#4110,#4250,#4279,#4459,#4488,#4526,#4555,#4735,
    #4753,#4791,#4809,#4865,#4883,#4921,#4939,#4995,#5013,#5051,#5069,
    #5125,#5143,#5181,#5199,#5255,#5273,#5311,#5329,#5385,#5403,#5441,
    #5459,#5515,#5533,#5571,#5589,#5645,#5663,#5701,#5719));
#193 = ORIENTED_EDGE('',*,*,#194,.T.);
#194 = EDGE_CURVE('',#195,#197,#199,.T.);
#195 = VERTEX_POINT('',#196);
#196 = CARTESIAN_POINT('',(0.88768476062,16.15,0.287563459966));
#197 = VERTEX_POINT('',#198);
#198 = CARTESIAN_POINT('',(0.908602422211,16.15,0.40519810358));
#199 = SURFACE_CURVE('',#200,(#205),.PCURVE_S1.);
#200 = B_SPLINE_CURVE_WITH_KNOTS('',3,(#201,#202,#203,#204),
  .UNSPECIFIED.,.F.,.F.,(4,4),(0.,1.),.PIECEWISE_BEZIER_KNOTS.);
#201 = CARTESIAN_POINT('',(0.88768476062,16.15,0.287563459966));
#202 = CARTESIAN_POINT('',(0.893473337294,16.15,0.326985541345));
#203 = CARTESIAN_POINT('',(0.900445891158,16.15,0.366197089217));
#204 = CARTESIAN_POINT('',(0.908602422211,16.15,0.40519810358));
#205 = PCURVE('',#206,#211);
#206 = PLANE('',#207);
#207 = AXIS2_PLACEMENT_3D('',#208,#209,#210);
#208 = CARTESIAN_POINT('',(2.846085030353,16.15,1.735193004268E-15));
#209 = DIRECTION('',(-1.397630861435E-16,1.,-6.707547012003E-19));
#210 = DIRECTION('',(1.,1.397630861435E-16,0.));
#211 = DEFINITIONAL_REPRESENTATION('',(#212),#217);
#212 = B_SPLINE_CURVE_WITH_KNOTS('',3,(#213,#214,#215,#216),
  .UNSPECIFIED.,.F.,.F.,(4,4),(0.,1.),.PIECEWISE_BEZIER_KNOTS.);
#213 = CARTESIAN_POINT('',(-1.958400269734,-0.287563459966));
#214 = CARTESIAN_POINT('',(-1.952611693059,-0.326985541345));
#215 = CARTESIAN_POINT('',(-1.945639139195,-0.366197089217));
#216 = CARTESIAN_POINT('',(-1.937482608143,-0.40519810358));
#217 = ( GEOMETRIC_REPRESENTATION_CONTEXT(2) 
PARAMETRIC_REPRESENTATION_CONTEXT() REPRESENTATION_CONTEXT('2D SPACE',''
  ) );
#218 = ORIENTED_EDGE('',*,*,#219,.T.);
#219 = EDGE_CURVE('',#197,#220,#222,.T.);
#220 = VERTEX_POINT('',#221);
#221 = CARTESIAN_POINT('',(1.266869362824,16.15,0.451535298099));
#222 = SURFACE_CURVE('',#223,(#238),.PCURVE_S1.);
#223 = B_SPLINE_CURVE_WITH_KNOTS('',3,(#224,#225,#226,#227,#228,#229,
    #230,#231,#232,#233,#234,#235,#236,#237),.UNSPECIFIED.,.F.,.F.,(4,1,
    1,2,2,2,2,4),(0.,0.25,0.375,0.4375,0.5,0.625,0.75,1.),
  .UNSPECIFIED.);
#224 = CARTESIAN_POINT('',(0.908602422211,16.15,0.40519810358));
#225 = CARTESIAN_POINT('',(0.941294644167,16.15,0.414140474848));
#226 = CARTESIAN_POINT('',(0.988183497465,16.15,0.424144591138));
#227 = CARTESIAN_POINT('',(1.039125570278,16.15,0.429849539071));
#228 = CARTESIAN_POINT('',(1.060151832334,16.15,0.431015976527));
#229 = CARTESIAN_POINT('',(1.073990217068,16.15,0.431509481447));
#230 = CARTESIAN_POINT('',(1.079129167265,16.15,0.431623547177));
#231 = CARTESIAN_POINT('',(1.104421416012,16.15,0.431483324516));
#232 = CARTESIAN_POINT('',(1.117884521016,16.15,0.430593448265));
#233 = CARTESIAN_POINT('',(1.147591802847,16.15,0.425616204448));
#234 = CARTESIAN_POINT('',(1.160203694832,16.15,0.423032512827));
#235 = CARTESIAN_POINT('',(1.210267593928,16.15,0.410100267205));
#236 = CARTESIAN_POINT('',(1.240260161137,16.15,0.421038111809));
#237 = CARTESIAN_POINT('',(1.266869362824,16.15,0.451535298099));
#238 = PCURVE('',#206,#239);
#239 = DEFINITIONAL_REPRESENTATION('',(#240),#255);
#240 = B_SPLINE_CURVE_WITH_KNOTS('',3,(#241,#242,#243,#244,#245,#246,
    #247,#248,#249,#250,#251,#252,#253,#254),.UNSPECIFIED.,.F.,.F.,(4,1,
    1,2,2,2,2,4),(0.,0.25,0.375,0.4375,0.5,0.625,0.75,1.),
  .UNSPECIFIED.);
#241 = CARTESIAN_POINT('',(-1.937482608143,-0.40519810358));
#242 = CARTESIAN_POINT('',(-1.904790386186,-0.414140474848));
#243 = CARTESIAN_POINT('',(-1.857901532888,-0.424144591138));
#244 = CARTESIAN_POINT('',(-1.806959460075,-0.429849539071));
#245 = CARTESIAN_POINT('',(-1.785933198019,-0.431015976527));
#246 = CARTESIAN_POINT('',(-1.772094813285,-0.431509481447));
#247 = CARTESIAN_POINT('',(-1.766955863088,-0.431623547177));
#248 = CARTESIAN_POINT('',(-1.741663614341,-0.431483324516));
#249 = CARTESIAN_POINT('',(-1.728200509337,-0.430593448265));
#250 = CARTESIAN_POINT('',(-1.698493227506,-0.425616204448));
#251 = CARTESIAN_POINT('',(-1.685881335521,-0.423032512827));
#252 = CARTESIAN_POINT('',(-1.635817436425,-0.410100267205));
#253 = CARTESIAN_POINT('',(-1.605824869216,-0.421038111809));
#254 = CARTESIAN_POINT('',(-1.57921566753,-0.451535298099));
#255 = ( GEOMETRIC_REPRESENTATION_CONTEXT(2) 
PARAMETRIC_REPRESENTATION_CONTEXT() REPRESENTATION_CONTEXT('2D SPACE',''
  ) );
#256 = ORIENTED_EDGE('',*,*,#257,.T.);
#257 = EDGE_CURVE('',#220,#258,#260,.T.);
#258 = VERTEX_POINT('',#259);
#259 = CARTESIAN_POINT('',(1.289460203608,16.15,0.524142536682));
#260 = SURFACE_CURVE('',#261,(#266),.PCURVE_S1.);
#261 = B_SPLINE_CURVE_WITH_KNOTS('',3,(#262,#263,#264,#265),
  .UNSPECIFIED.,.F.,.F.,(4,4),(0.,1.),.PIECEWISE_BEZIER_KNOTS.);
#262 = CARTESIAN_POINT('',(1.266869362824,16.15,0.451535298099));
#263 = CARTESIAN_POINT('',(1.274399643085,16.15,0.47573771096));
#264 = CARTESIAN_POINT('',(1.281929923346,16.15,0.499940123821));
#265 = CARTESIAN_POINT('',(1.289460203608,16.15,0.524142536682));
#266 = PCURVE('',#206,#267);
#267 = DEFINITIONAL_REPRESENTATION('',(#268),#273);
#268 = B_SPLINE_CURVE_WITH_KNOTS('',3,(#269,#270,#271,#272),
  .UNSPECIFIED.,.F.,.F.,(4,4),(0.,1.),.PIECEWISE_BEZIER_KNOTS.);
#269 = CARTESIAN_POINT('',(-1.57921566753,-0.451535298099));
#270 = CARTESIAN_POINT('',(-1.571685387268,-0.47573771096));
#271 = CARTESIAN_POINT('',(-1.564155107007,-0.499940123821));
#272 = CARTESIAN_POINT('',(-1.556624826745,-0.524142536682));
#273 = ( GEOMETRIC_REPRESENTATION_CONTEXT(2) 
PARAMETRIC_REPRESENTATION_CONTEXT() REPRESENTATION_CONTEXT('2D SPACE',''
  ) );
#274 = ORIENTED_EDGE('',*,*,#275,.T.);
#275 = EDGE_CURVE('',#258,#276,#278,.T.);
#276 = VERTEX_POINT('',#277);
#277 = CARTESIAN_POINT('',(1.020725630751,16.15,0.765563467183));
#278 = SURFACE_CURVE('',#279,(#303),.PCURVE_S1.);
#279 = B_SPLINE_CURVE_WITH_KNOTS('',3,(#280,#281,#282,#283,#284,#285,
    #286,#287,#288,#289,#290,#291,#292,#293,#294,#295,#296,#297,#298,
    #299,#300,#301,#302),.UNSPECIFIED.,.F.,.F.,(4,1,2,2,2,2,1,2,2,1,2,2,
    4),(0.,6.25E-02,9.375E-02,0.125,0.1875,0.25,0.3125,0.34375,0.375,
    0.4375,0.46875,0.5,1.),.UNSPECIFIED.);
#280 = CARTESIAN_POINT('',(1.289460203608,16.15,0.524142536682));
#281 = CARTESIAN_POINT('',(1.288236130822,16.15,0.534820846167));
#282 = CARTESIAN_POINT('',(1.284859527148,16.15,0.549355723623));
#283 = CARTESIAN_POINT('',(1.279172181733,16.15,0.561666720924));
#284 = CARTESIAN_POINT('',(1.274867119957,16.15,0.569379856868));
#285 = CARTESIAN_POINT('',(1.271710082973,16.15,0.573932391611));
#286 = CARTESIAN_POINT('',(1.265955266857,16.15,0.581190315058));
#287 = CARTESIAN_POINT('',(1.261052892557,16.15,0.585764705235));
#288 = CARTESIAN_POINT('',(1.24911648351,16.15,0.594385034682));
#289 = CARTESIAN_POINT('',(1.24080573348,16.15,0.599027054485));
#290 = CARTESIAN_POINT('',(1.22715943411,16.15,0.60539832105));
#291 = CARTESIAN_POINT('',(1.216831718901,16.15,0.609953026514));
#292 = CARTESIAN_POINT('',(1.206364517673,16.15,0.61417211529));
#293 = CARTESIAN_POINT('',(1.199355386627,16.15,0.616910259653));
#294 = CARTESIAN_POINT('',(1.194258869126,16.15,0.618819234813));
#295 = CARTESIAN_POINT('',(1.188381542471,16.15,0.620971125735));
#296 = CARTESIAN_POINT('',(1.180546252426,16.15,0.624893679563));
#297 = CARTESIAN_POINT('',(1.169774017297,16.15,0.631472227748));
#298 = CARTESIAN_POINT('',(1.161939872748,16.15,0.636448147507));
#299 = CARTESIAN_POINT('',(1.155873210494,16.15,0.640459372811));
#300 = CARTESIAN_POINT('',(1.10918332268,16.15,0.671909813222));
#301 = CARTESIAN_POINT('',(1.065049617429,16.15,0.71299450271));
#302 = CARTESIAN_POINT('',(1.020725630751,16.15,0.765563467183));
#303 = PCURVE('',#206,#304);
#304 = DEFINITIONAL_REPRESENTATION('',(#305),#329);
#305 = B_SPLINE_CURVE_WITH_KNOTS('',3,(#306,#307,#308,#309,#310,#311,
    #312,#313,#314,#315,#316,#317,#318,#319,#320,#321,#322,#323,#324,
    #325,#326,#327,#328),.UNSPECIFIED.,.F.,.F.,(4,1,2,2,2,2,1,2,2,1,2,2,
    4),(0.,6.25E-02,9.375E-02,0.125,0.1875,0.25,0.3125,0.34375,0.375,
    0.4375,0.46875,0.5,1.),.UNSPECIFIED.);
#306 = CARTESIAN_POINT('',(-1.556624826745,-0.524142536682));
#307 = CARTESIAN_POINT('',(-1.557848899531,-0.534820846167));
#308 = CARTESIAN_POINT('',(-1.561225503205,-0.549355723623));
#309 = CARTESIAN_POINT('',(-1.56691284862,-0.561666720924));
#310 = CARTESIAN_POINT('',(-1.571217910396,-0.569379856868));
#311 = CARTESIAN_POINT('',(-1.57437494738,-0.573932391611));
#312 = CARTESIAN_POINT('',(-1.580129763496,-0.581190315058));
#313 = CARTESIAN_POINT('',(-1.585032137796,-0.585764705235));
#314 = CARTESIAN_POINT('',(-1.596968546843,-0.594385034682));
#315 = CARTESIAN_POINT('',(-1.605279296873,-0.599027054485));
#316 = CARTESIAN_POINT('',(-1.618925596243,-0.60539832105));
#317 = CARTESIAN_POINT('',(-1.629253311452,-0.609953026514));
#318 = CARTESIAN_POINT('',(-1.63972051268,-0.61417211529));
#319 = CARTESIAN_POINT('',(-1.646729643726,-0.616910259653));
#320 = CARTESIAN_POINT('',(-1.651826161227,-0.618819234813));
#321 = CARTESIAN_POINT('',(-1.657703487883,-0.620971125735));
#322 = CARTESIAN_POINT('',(-1.665538777927,-0.624893679563));
#323 = CARTESIAN_POINT('',(-1.676311013056,-0.631472227748));
#324 = CARTESIAN_POINT('',(-1.684145157605,-0.636448147507));
#325 = CARTESIAN_POINT('',(-1.690211819859,-0.640459372811));
#326 = CARTESIAN_POINT('',(-1.736901707673,-0.671909813222));
#327 = CARTESIAN_POINT('',(-1.781035412924,-0.71299450271));
#328 = CARTESIAN_POINT('',(-1.825359399602,-0.765563467183));
#329 = ( GEOMETRIC_REPRESENTATION_CONTEXT(2) 
PARAMETRIC_REPRESENTATION_CONTEXT() REPRESENTATION_CONTEXT('2D SPACE',''
  ) );
#330 = ORIENTED_EDGE('',*,*,#331,.T.);
#331 = EDGE_CURVE('',#276,#332,#334,.T.);
#332 = VERTEX_POINT('',#333);
#333 = CARTESIAN_POINT('',(1.070240671785,16.15,0.874300391252));
#334 = SURFACE_CURVE('',#335,(#340),.PCURVE_S1.);
#335 = B_SPLINE_CURVE_WITH_KNOTS('',3,(#336,#337,#338,#339),
  .UNSPECIFIED.,.F.,.F.,(4,4),(0.,1.),.PIECEWISE_BEZIER_KNOTS.);
#336 = CARTESIAN_POINT('',(1.020725630751,16.15,0.765563467183));
#337 = CARTESIAN_POINT('',(1.036136221615,16.15,0.802307470903));
#338 = CARTESIAN_POINT('',(1.052641235293,16.15,0.83855311226));
#339 = CARTESIAN_POINT('',(1.070240671785,16.15,0.874300391252));
#340 = PCURVE('',#206,#341);
#341 = DEFINITIONAL_REPRESENTATION('',(#342),#347);
#342 = B_SPLINE_CURVE_WITH_KNOTS('',3,(#343,#344,#345,#346),
  .UNSPECIFIED.,.F.,.F.,(4,4),(0.,1.),.PIECEWISE_BEZIER_KNOTS.);
#343 = CARTESIAN_POINT('',(-1.825359399602,-0.765563467183));
#344 = CARTESIAN_POINT('',(-1.809948808738,-0.802307470903));
#345 = CARTESIAN_POINT('',(-1.79344379506,-0.83855311226));
#346 = CARTESIAN_POINT('',(-1.775844358568,-0.874300391252));
#347 = ( GEOMETRIC_REPRESENTATION_CONTEXT(2) 
PARAMETRIC_REPRESENTATION_CONTEXT() REPRESENTATION_CONTEXT('2D SPACE',''
  ) );
#348 = ORIENTED_EDGE('',*,*,#349,.T.);
#349 = EDGE_CURVE('',#332,#350,#352,.T.);
#350 = VERTEX_POINT('',#351);
#351 = CARTESIAN_POINT('',(1.428775589329,16.15,0.830084452561));
#352 = SURFACE_CURVE('',#353,(#368),.PCURVE_S1.);
#353 = B_SPLINE_CURVE_WITH_KNOTS('',3,(#354,#355,#356,#357,#358,#359,
    #360,#361,#362,#363,#364,#365,#366,#367),.UNSPECIFIED.,.F.,.F.,(4,1,
    1,2,2,2,2,4),(0.,0.25,0.375,0.4375,0.5,0.625,0.75,1.),
  .UNSPECIFIED.);
#354 = CARTESIAN_POINT('',(1.070240671785,16.15,0.874300391252));
#355 = CARTESIAN_POINT('',(1.104129684774,16.15,0.874831596493));
#356 = CARTESIAN_POINT('',(1.152033361074,16.15,0.872860631438));
#357 = CARTESIAN_POINT('',(1.202793757852,16.15,0.865717569601));
#358 = CARTESIAN_POINT('',(1.22344952242,16.15,0.861618342541));
#359 = CARTESIAN_POINT('',(1.236975878533,16.15,0.858654876758));
#360 = CARTESIAN_POINT('',(1.241981746153,16.15,0.857487353958));
#361 = CARTESIAN_POINT('',(1.266444520439,16.15,0.851061610164));
#362 = CARTESIAN_POINT('',(1.279263354019,16.15,0.846851552947));
#363 = CARTESIAN_POINT('',(1.306799536759,16.15,0.834642777831));
#364 = CARTESIAN_POINT('',(1.318372664988,16.15,0.829003807638));
#365 = CARTESIAN_POINT('',(1.363647595929,16.15,0.804027466876));
#366 = CARTESIAN_POINT('',(1.395418022826,16.15,0.807162830824));
#367 = CARTESIAN_POINT('',(1.428775589329,16.15,0.830084452561));
#368 = PCURVE('',#206,#369);
#369 = DEFINITIONAL_REPRESENTATION('',(#370),#385);
#370 = B_SPLINE_CURVE_WITH_KNOTS('',3,(#371,#372,#373,#374,#375,#376,
    #377,#378,#379,#380,#381,#382,#383,#384),.UNSPECIFIED.,.F.,.F.,(4,1,
    1,2,2,2,2,4),(0.,0.25,0.375,0.4375,0.5,0.625,0.75,1.),
  .UNSPECIFIED.);
#371 = CARTESIAN_POINT('',(-1.775844358568,-0.874300391252));
#372 = CARTESIAN_POINT('',(-1.741955345579,-0.874831596493));
#373 = CARTESIAN_POINT('',(-1.694051669279,-0.872860631438));
#374 = CARTESIAN_POINT('',(-1.643291272501,-0.865717569601));
#375 = CARTESIAN_POINT('',(-1.622635507933,-0.861618342541));
#376 = CARTESIAN_POINT('',(-1.60910915182,-0.858654876758));
#377 = CARTESIAN_POINT('',(-1.6041032842,-0.857487353958));
#378 = CARTESIAN_POINT('',(-1.579640509914,-0.851061610164));
#379 = CARTESIAN_POINT('',(-1.566821676334,-0.846851552947));
#380 = CARTESIAN_POINT('',(-1.539285493594,-0.834642777831));
#381 = CARTESIAN_POINT('',(-1.527712365365,-0.829003807638));
#382 = CARTESIAN_POINT('',(-1.482437434425,-0.804027466876));
#383 = CARTESIAN_POINT('',(-1.450667007527,-0.807162830824));
#384 = CARTESIAN_POINT('',(-1.417309441024,-0.830084452561));
#385 = ( GEOMETRIC_REPRESENTATION_CONTEXT(2) 
PARAMETRIC_REPRESENTATION_CONTEXT() REPRESENTATION_CONTEXT('2D SPACE',''
  ) );
#386 = ORIENTED_EDGE('',*,*,#387,.T.);
#387 = EDGE_CURVE('',#350,#388,#390,.T.);
#388 = VERTEX_POINT('',#389);
#389 = CARTESIAN_POINT('',(1.468713383278,16.15,0.894792487583));
#390 = SURFACE_CURVE('',#391,(#396),.PCURVE_S1.);
#391 = B_SPLINE_CURVE_WITH_KNOTS('',3,(#392,#393,#394,#395),
  .UNSPECIFIED.,.F.,.F.,(4,4),(0.,1.),.PIECEWISE_BEZIER_KNOTS.);
#392 = CARTESIAN_POINT('',(1.428775589329,16.15,0.830084452561));
#393 = CARTESIAN_POINT('',(1.442088187312,16.15,0.851653797568));
#394 = CARTESIAN_POINT('',(1.455400785295,16.15,0.873223142576));
#395 = CARTESIAN_POINT('',(1.468713383278,16.15,0.894792487583));
#396 = PCURVE('',#206,#397);
#397 = DEFINITIONAL_REPRESENTATION('',(#398),#403);
#398 = B_SPLINE_CURVE_WITH_KNOTS('',3,(#399,#400,#401,#402),
  .UNSPECIFIED.,.F.,.F.,(4,4),(0.,1.),.PIECEWISE_BEZIER_KNOTS.);
#399 = CARTESIAN_POINT('',(-1.417309441024,-0.830084452561));
#400 = CARTESIAN_POINT('',(-1.403996843041,-0.851653797568));
#401 = CARTESIAN_POINT('',(-1.390684245058,-0.873223142576));
#402 = CARTESIAN_POINT('',(-1.377371647075,-0.894792487583));
#403 = ( GEOMETRIC_REPRESENTATION_CONTEXT(2) 
PARAMETRIC_REPRESENTATION_CONTEXT() REPRESENTATION_CONTEXT('2D SPACE',''
  ) );
#404 = ORIENTED_EDGE('',*,*,#405,.T.);
#405 = EDGE_CURVE('',#388,#406,#408,.T.);
#406 = VERTEX_POINT('',#407);
#407 = CARTESIAN_POINT('',(1.268460545162,16.15,1.195460306211));
#408 = SURFACE_CURVE('',#409,(#433),.PCURVE_S1.);
#409 = B_SPLINE_CURVE_WITH_KNOTS('',3,(#410,#411,#412,#413,#414,#415,
    #416,#417,#418,#419,#420,#421,#422,#423,#424,#425,#426,#427,#428,
    #429,#430,#431,#432),.UNSPECIFIED.,.F.,.F.,(4,1,2,2,2,2,1,2,2,1,2,2,
    4),(0.,6.25E-02,9.375E-02,0.125,0.1875,0.25,0.3125,0.34375,0.375,
    0.4375,0.46875,0.5,1.),.UNSPECIFIED.);
#410 = CARTESIAN_POINT('',(1.468713383278,16.15,0.894792487583));
#411 = CARTESIAN_POINT('',(1.470183354571,16.15,0.905439732862));
#412 = CARTESIAN_POINT('',(1.470527510146,16.15,0.920357697602));
#413 = CARTESIAN_POINT('',(1.468080463674,16.15,0.933696307574));
#414 = CARTESIAN_POINT('',(1.465828832239,16.15,0.942237746496));
#415 = CARTESIAN_POINT('',(1.463903148728,16.15,0.94743237816));
#416 = CARTESIAN_POINT('',(1.460134102906,16.15,0.955893445166));
#417 = CARTESIAN_POINT('',(1.456523350286,16.15,0.961543293376));
#418 = CARTESIAN_POINT('',(1.447105734237,16.15,0.97286126354));
#419 = CARTESIAN_POINT('',(1.440210505082,16.15,0.979424245242));
#420 = CARTESIAN_POINT('',(1.428577398863,16.15,0.988989043403));
#421 = CARTESIAN_POINT('',(1.419706857008,16.15,0.995969052749));
#422 = CARTESIAN_POINT('',(1.410617746865,16.15,1.002658678185));
#423 = CARTESIAN_POINT('',(1.404509769373,16.15,1.007053898717));
#424 = CARTESIAN_POINT('',(1.400048111158,16.15,1.010170352274));
#425 = CARTESIAN_POINT('',(1.394890585038,16.15,1.013716269289));
#426 = CARTESIAN_POINT('',(1.388276954506,16.15,1.019464146272));
#427 = CARTESIAN_POINT('',(1.379479167359,16.15,1.028514963207));
#428 = CARTESIAN_POINT('',(1.373128607791,16.15,1.03528282782));
#429 = CARTESIAN_POINT('',(1.368250092055,16.15,1.040676750657));
#430 = CARTESIAN_POINT('',(1.330848459401,16.15,1.082750420581));
#431 = CARTESIAN_POINT('',(1.298318642449,16.15,1.133519965179));
#432 = CARTESIAN_POINT('',(1.268460545162,16.15,1.195460306211));
#433 = PCURVE('',#206,#434);
#434 = DEFINITIONAL_REPRESENTATION('',(#435),#459);
#435 = B_SPLINE_CURVE_WITH_KNOTS('',3,(#436,#437,#438,#439,#440,#441,
    #442,#443,#444,#445,#446,#447,#448,#449,#450,#451,#452,#453,#454,
    #455,#456,#457,#458),.UNSPECIFIED.,.F.,.F.,(4,1,2,2,2,2,1,2,2,1,2,2,
    4),(0.,6.25E-02,9.375E-02,0.125,0.1875,0.25,0.3125,0.34375,0.375,
    0.4375,0.46875,0.5,1.),.UNSPECIFIED.);
#436 = CARTESIAN_POINT('',(-1.377371647075,-0.894792487583));
#437 = CARTESIAN_POINT('',(-1.375901675782,-0.905439732862));
#438 = CARTESIAN_POINT('',(-1.375557520207,-0.920357697602));
#439 = CARTESIAN_POINT('',(-1.378004566679,-0.933696307574));
#440 = CARTESIAN_POINT('',(-1.380256198115,-0.942237746496));
#441 = CARTESIAN_POINT('',(-1.382181881625,-0.94743237816));
#442 = CARTESIAN_POINT('',(-1.385950927447,-0.955893445166));
#443 = CARTESIAN_POINT('',(-1.389561680067,-0.961543293376));
#444 = CARTESIAN_POINT('',(-1.398979296116,-0.97286126354));
#445 = CARTESIAN_POINT('',(-1.405874525271,-0.979424245242));
#446 = CARTESIAN_POINT('',(-1.41750763149,-0.988989043403));
#447 = CARTESIAN_POINT('',(-1.426378173345,-0.995969052749));
#448 = CARTESIAN_POINT('',(-1.435467283488,-1.002658678185));
#449 = CARTESIAN_POINT('',(-1.44157526098,-1.007053898717));
#450 = CARTESIAN_POINT('',(-1.446036919195,-1.010170352274));
#451 = CARTESIAN_POINT('',(-1.451194445315,-1.013716269289));
#452 = CARTESIAN_POINT('',(-1.457808075847,-1.019464146272));
#453 = CARTESIAN_POINT('',(-1.466605862994,-1.028514963207));
#454 = CARTESIAN_POINT('',(-1.472956422563,-1.03528282782));
#455 = CARTESIAN_POINT('',(-1.477834938298,-1.040676750657));
#456 = CARTESIAN_POINT('',(-1.515236570952,-1.082750420581));
#457 = CARTESIAN_POINT('',(-1.547766387904,-1.133519965179));
#458 = CARTESIAN_POINT('',(-1.577624485191,-1.195460306211));
#459 = ( GEOMETRIC_REPRESENTATION_CONTEXT(2) 
PARAMETRIC_REPRESENTATION_CONTEXT() REPRESENTATION_CONTEXT('2D SPACE',''
  ) );
#460 = ORIENTED_EDGE('',*,*,#461,.T.);
#461 = EDGE_CURVE('',#406,#462,#464,.T.);
#462 = VERTEX_POINT('',#463);
#463 = CARTESIAN_POINT('',(1.343461753508,16.15,1.288467169889));
#464 = SURFACE_CURVE('',#465,(#470),.PCURVE_S1.);
#465 = B_SPLINE_CURVE_WITH_KNOTS('',3,(#466,#467,#468,#469),
  .UNSPECIFIED.,.F.,.F.,(4,4),(0.,1.),.PIECEWISE_BEZIER_KNOTS.);
#466 = CARTESIAN_POINT('',(1.268460545162,16.15,1.195460306211));
#467 = CARTESIAN_POINT('',(1.292524846115,16.15,1.227217471384));
#468 = CARTESIAN_POINT('',(1.317525248897,16.15,1.258219759277));
#469 = CARTESIAN_POINT('',(1.343461753508,16.15,1.288467169889));
#470 = PCURVE('',#206,#471);
#471 = DEFINITIONAL_REPRESENTATION('',(#472),#477);
#472 = B_SPLINE_CURVE_WITH_KNOTS('',3,(#473,#474,#475,#476),
  .UNSPECIFIED.,.F.,.F.,(4,4),(0.,1.),.PIECEWISE_BEZIER_KNOTS.);
#473 = CARTESIAN_POINT('',(-1.577624485191,-1.195460306211));
#474 = CARTESIAN_POINT('',(-1.553560184238,-1.227217471384));
#475 = CARTESIAN_POINT('',(-1.528559781456,-1.258219759277));
#476 = CARTESIAN_POINT('',(-1.502623276845,-1.288467169889));
#477 = ( GEOMETRIC_REPRESENTATION_CONTEXT(2) 
PARAMETRIC_REPRESENTATION_CONTEXT() REPRESENTATION_CONTEXT('2D SPACE',''
  ) );
#478 = ORIENTED_EDGE('',*,*,#479,.T.);
#479 = EDGE_CURVE('',#462,#480,#482,.T.);
#480 = VERTEX_POINT('',#481);
#481 = CARTESIAN_POINT('',(1.679736580513,16.15,1.156476348031));
#482 = SURFACE_CURVE('',#483,(#498),.PCURVE_S1.);
#483 = B_SPLINE_CURVE_WITH_KNOTS('',3,(#484,#485,#486,#487,#488,#489,
    #490,#491,#492,#493,#494,#495,#496,#497),.UNSPECIFIED.,.F.,.F.,(4,1,
    1,2,2,2,2,4),(0.,0.25,0.375,0.4375,0.5,0.625,0.75,1.),
  .UNSPECIFIED.);
#484 = CARTESIAN_POINT('',(1.343461753508,16.15,1.288467169889));
#485 = CARTESIAN_POINT('',(1.376418186208,16.15,1.280553831525));
#486 = CARTESIAN_POINT('',(1.422326721351,16.15,1.266731628107));
#487 = CARTESIAN_POINT('',(1.46971597968,16.15,1.247189381346));
#488 = CARTESIAN_POINT('',(1.488703369105,16.15,1.238082059282));
#489 = CARTESIAN_POINT('',(1.501067785897,16.15,1.231847828251));
#490 = CARTESIAN_POINT('',(1.505626033867,16.15,1.229472076673));
#491 = CARTESIAN_POINT('',(1.527722247616,16.15,1.217164564859));
#492 = CARTESIAN_POINT('',(1.539091355312,16.15,1.209898860055));
#493 = CARTESIAN_POINT('',(1.56272623933,16.15,1.191225675881));
#494 = CARTESIAN_POINT('',(1.572533421594,16.15,1.182885744353));
#495 = CARTESIAN_POINT('',(1.610174593958,16.15,1.147434663797));
#496 = CARTESIAN_POINT('',(1.641726627779,16.15,1.14257054064));
#497 = CARTESIAN_POINT('',(1.679736580513,16.15,1.156476348031));
#498 = PCURVE('',#206,#499);
#499 = DEFINITIONAL_REPRESENTATION('',(#500),#515);
#500 = B_SPLINE_CURVE_WITH_KNOTS('',3,(#501,#502,#503,#504,#505,#506,
    #507,#508,#509,#510,#511,#512,#513,#514),.UNSPECIFIED.,.F.,.F.,(4,1,
    1,2,2,2,2,4),(0.,0.25,0.375,0.4375,0.5,0.625,0.75,1.),
  .UNSPECIFIED.);
#501 = CARTESIAN_POINT('',(-1.502623276845,-1.288467169889));
#502 = CARTESIAN_POINT('',(-1.469666844145,-1.280553831525));
#503 = CARTESIAN_POINT('',(-1.423758309003,-1.266731628107));
#504 = CARTESIAN_POINT('',(-1.376369050674,-1.247189381346));
#505 = CARTESIAN_POINT('',(-1.357381661248,-1.238082059282));
#506 = CARTESIAN_POINT('',(-1.345017244456,-1.231847828251));
#507 = CARTESIAN_POINT('',(-1.340458996486,-1.229472076673));
#508 = CARTESIAN_POINT('',(-1.318362782737,-1.217164564859));
#509 = CARTESIAN_POINT('',(-1.306993675041,-1.209898860055));
#510 = CARTESIAN_POINT('',(-1.283358791023,-1.191225675881));
#511 = CARTESIAN_POINT('',(-1.273551608759,-1.182885744353));
#512 = CARTESIAN_POINT('',(-1.235910436395,-1.147434663797));
#513 = CARTESIAN_POINT('',(-1.204358402574,-1.14257054064));
#514 = CARTESIAN_POINT('',(-1.16634844984,-1.156476348031));
#515 = ( GEOMETRIC_REPRESENTATION_CONTEXT(2) 
PARAMETRIC_REPRESENTATION_CONTEXT() REPRESENTATION_CONTEXT('2D SPACE',''
  ) );
#516 = ORIENTED_EDGE('',*,*,#517,.T.);
#517 = EDGE_CURVE('',#480,#518,#520,.T.);
#518 = VERTEX_POINT('',#519);
#519 = CARTESIAN_POINT('',(1.734511889154,16.15,1.209219335672));
#520 = SURFACE_CURVE('',#521,(#526),.PCURVE_S1.);
#521 = B_SPLINE_CURVE_WITH_KNOTS('',3,(#522,#523,#524,#525),
  .UNSPECIFIED.,.F.,.F.,(4,4),(0.,1.),.PIECEWISE_BEZIER_KNOTS.);
#522 = CARTESIAN_POINT('',(1.679736580513,16.15,1.156476348031));
#523 = CARTESIAN_POINT('',(1.697995016726,16.15,1.174057343911));
#524 = CARTESIAN_POINT('',(1.71625345294,16.15,1.191638339792));
#525 = CARTESIAN_POINT('',(1.734511889154,16.15,1.209219335672));
#526 = PCURVE('',#206,#527);
#527 = DEFINITIONAL_REPRESENTATION('',(#528),#533);
#528 = B_SPLINE_CURVE_WITH_KNOTS('',3,(#529,#530,#531,#532),
  .UNSPECIFIED.,.F.,.F.,(4,4),(0.,1.),.PIECEWISE_BEZIER_KNOTS.);
#529 = CARTESIAN_POINT('',(-1.16634844984,-1.156476348031));
#530 = CARTESIAN_POINT('',(-1.148090013627,-1.174057343911));
#531 = CARTESIAN_POINT('',(-1.129831577413,-1.191638339792));
#532 = CARTESIAN_POINT('',(-1.111573141199,-1.209219335672));
#533 = ( GEOMETRIC_REPRESENTATION_CONTEXT(2) 
PARAMETRIC_REPRESENTATION_CONTEXT() REPRESENTATION_CONTEXT('2D SPACE',''
  ) );
#534 = ORIENTED_EDGE('',*,*,#535,.T.);
#535 = EDGE_CURVE('',#518,#536,#538,.T.);
#536 = VERTEX_POINT('',#537);
#537 = CARTESIAN_POINT('',(1.615323408074,16.15,1.550241977604));
#538 = SURFACE_CURVE('',#539,(#563),.PCURVE_S1.);
#539 = B_SPLINE_CURVE_WITH_KNOTS('',3,(#540,#541,#542,#543,#544,#545,
    #546,#547,#548,#549,#550,#551,#552,#553,#554,#555,#556,#557,#558,
    #559,#560,#561,#562),.UNSPECIFIED.,.F.,.F.,(4,1,2,2,2,2,1,2,2,1,2,2,
    4),(0.,6.25E-02,9.375E-02,0.125,0.1875,0.25,0.3125,0.34375,0.375,
    0.4375,0.46875,0.5,1.),.UNSPECIFIED.);
#540 = CARTESIAN_POINT('',(1.734511889154,16.15,1.209219335672));
#541 = CARTESIAN_POINT('',(1.738583540822,16.15,1.219166511167));
#542 = CARTESIAN_POINT('',(1.742626831084,16.15,1.233530212602));
#543 = CARTESIAN_POINT('',(1.743573840486,16.15,1.247058321324));
#544 = CARTESIAN_POINT('',(1.743517117674,16.15,1.255891373203));
#545 = CARTESIAN_POINT('',(1.742943785415,16.15,1.261401703976));
#546 = CARTESIAN_POINT('',(1.741397332897,16.15,1.270534274584));
#547 = CARTESIAN_POINT('',(1.739305078824,16.15,1.276904580084));
#548 = CARTESIAN_POINT('',(1.732997999224,16.15,1.290209041277));
#549 = CARTESIAN_POINT('',(1.727951543552,16.15,1.2982806086));
#550 = CARTESIAN_POINT('',(1.719062581332,16.15,1.310437946911));
#551 = CARTESIAN_POINT('',(1.712206581597,16.15,1.319404680482));
#552 = CARTESIAN_POINT('',(1.705066664758,16.15,1.328144508809));
#553 = CARTESIAN_POINT('',(1.700243627509,16.15,1.333920637639));
#554 = CARTESIAN_POINT('',(1.696697170975,16.15,1.338048751355));
#555 = CARTESIAN_POINT('',(1.692583511724,16.15,1.342765891455));
#556 = CARTESIAN_POINT('',(1.687607099436,16.15,1.349977931344));
#557 = CARTESIAN_POINT('',(1.681336557592,16.15,1.360932320915));
#558 = CARTESIAN_POINT('',(1.676868612017,16.15,1.369066880558));
#559 = CARTESIAN_POINT('',(1.673484777886,16.15,1.375504580918));
#560 = CARTESIAN_POINT('',(1.647721482524,16.15,1.425557836938));
#561 = CARTESIAN_POINT('',(1.628839521908,16.15,1.482822199441));
#562 = CARTESIAN_POINT('',(1.615323408074,16.15,1.550241977604));
#563 = PCURVE('',#206,#564);
#564 = DEFINITIONAL_REPRESENTATION('',(#565),#589);
#565 = B_SPLINE_CURVE_WITH_KNOTS('',3,(#566,#567,#568,#569,#570,#571,
    #572,#573,#574,#575,#576,#577,#578,#579,#580,#581,#582,#583,#584,
    #585,#586,#587,#588),.UNSPECIFIED.,.F.,.F.,(4,1,2,2,2,2,1,2,2,1,2,2,
    4),(0.,6.25E-02,9.375E-02,0.125,0.1875,0.25,0.3125,0.34375,0.375,
    0.4375,0.46875,0.5,1.),.UNSPECIFIED.);
#566 = CARTESIAN_POINT('',(-1.111573141199,-1.209219335672));
#567 = CARTESIAN_POINT('',(-1.107501489531,-1.219166511167));
#568 = CARTESIAN_POINT('',(-1.103458199269,-1.233530212602));
#569 = CARTESIAN_POINT('',(-1.102511189867,-1.247058321324));
#570 = CARTESIAN_POINT('',(-1.102567912679,-1.255891373203));
#571 = CARTESIAN_POINT('',(-1.103141244938,-1.261401703976));
#572 = CARTESIAN_POINT('',(-1.104687697456,-1.270534274584));
#573 = CARTESIAN_POINT('',(-1.106779951529,-1.276904580084));
#574 = CARTESIAN_POINT('',(-1.113087031129,-1.290209041277));
#575 = CARTESIAN_POINT('',(-1.118133486801,-1.2982806086));
#576 = CARTESIAN_POINT('',(-1.127022449021,-1.310437946911));
#577 = CARTESIAN_POINT('',(-1.133878448756,-1.319404680482));
#578 = CARTESIAN_POINT('',(-1.141018365595,-1.328144508809));
#579 = CARTESIAN_POINT('',(-1.145841402844,-1.333920637639));
#580 = CARTESIAN_POINT('',(-1.149387859378,-1.338048751355));
#581 = CARTESIAN_POINT('',(-1.153501518629,-1.342765891455));
#582 = CARTESIAN_POINT('',(-1.158477930918,-1.349977931344));
#583 = CARTESIAN_POINT('',(-1.164748472761,-1.360932320915));
#584 = CARTESIAN_POINT('',(-1.169216418336,-1.369066880558));
#585 = CARTESIAN_POINT('',(-1.172600252467,-1.375504580918));
#586 = CARTESIAN_POINT('',(-1.198363547829,-1.425557836938));
#587 = CARTESIAN_POINT('',(-1.217245508445,-1.482822199441));
#588 = CARTESIAN_POINT('',(-1.230761622279,-1.550241977604));
#589 = ( GEOMETRIC_REPRESENTATION_CONTEXT(2) 
PARAMETRIC_REPRESENTATION_CONTEXT() REPRESENTATION_CONTEXT('2D SPACE',''
  ) );
#590 = ORIENTED_EDGE('',*,*,#591,.T.);
#591 = EDGE_CURVE('',#536,#592,#594,.T.);
#592 = VERTEX_POINT('',#593);
#593 = CARTESIAN_POINT('',(1.711098181976,16.15,1.621674817592));
#594 = SURFACE_CURVE('',#595,(#600),.PCURVE_S1.);
#595 = B_SPLINE_CURVE_WITH_KNOTS('',3,(#596,#597,#598,#599),
  .UNSPECIFIED.,.F.,.F.,(4,4),(0.,1.),.PIECEWISE_BEZIER_KNOTS.);
#596 = CARTESIAN_POINT('',(1.615323408074,16.15,1.550241977604));
#597 = CARTESIAN_POINT('',(1.646529370585,16.15,1.575016884747));
#598 = CARTESIAN_POINT('',(1.678454295219,16.15,1.59882783141));
#599 = CARTESIAN_POINT('',(1.711098181976,16.15,1.621674817592));
#600 = PCURVE('',#206,#601);
#601 = DEFINITIONAL_REPRESENTATION('',(#602),#607);
#602 = B_SPLINE_CURVE_WITH_KNOTS('',3,(#603,#604,#605,#606),
  .UNSPECIFIED.,.F.,.F.,(4,4),(0.,1.),.PIECEWISE_BEZIER_KNOTS.);
#603 = CARTESIAN_POINT('',(-1.230761622279,-1.550241977604));
#604 = CARTESIAN_POINT('',(-1.199555659768,-1.575016884747));
#605 = CARTESIAN_POINT('',(-1.167630735134,-1.59882783141));
#606 = CARTESIAN_POINT('',(-1.134986848377,-1.621674817592));
#607 = ( GEOMETRIC_REPRESENTATION_CONTEXT(2) 
PARAMETRIC_REPRESENTATION_CONTEXT() REPRESENTATION_CONTEXT('2D SPACE',''
  ) );
#608 = ORIENTED_EDGE('',*,*,#609,.T.);
#609 = EDGE_CURVE('',#592,#610,#612,.T.);
#610 = VERTEX_POINT('',#611);
#611 = CARTESIAN_POINT('',(2.00398353433,16.15,1.410202581332));
#612 = SURFACE_CURVE('',#613,(#628),.PCURVE_S1.);
#613 = B_SPLINE_CURVE_WITH_KNOTS('',3,(#614,#615,#616,#617,#618,#619,
    #620,#621,#622,#623,#624,#625,#626,#627),.UNSPECIFIED.,.F.,.F.,(4,1,
    1,2,2,2,2,4),(0.,0.25,0.375,0.4375,0.5,0.625,0.75,1.),
  .UNSPECIFIED.);
#614 = CARTESIAN_POINT('',(1.711098181976,16.15,1.621674817592));
#615 = CARTESIAN_POINT('',(1.741051260515,16.15,1.605814159774));
#616 = CARTESIAN_POINT('',(1.782080052398,16.15,1.58100921787));
#617 = CARTESIAN_POINT('',(1.823120530892,16.15,1.550295697419));
#618 = CARTESIAN_POINT('',(1.839246497668,16.15,1.536752526892));
#619 = CARTESIAN_POINT('',(1.849672073357,16.15,1.527639250275));
#620 = CARTESIAN_POINT('',(1.853496290194,16.15,1.524204547129));
#621 = CARTESIAN_POINT('',(1.871837557031,16.15,1.506788593527));
#622 = CARTESIAN_POINT('',(1.881042575994,16.15,1.496923772089));
#623 = CARTESIAN_POINT('',(1.899291094605,16.15,1.472959483694));
#624 = CARTESIAN_POINT('',(1.906716109572,16.15,1.4624426194));
#625 = CARTESIAN_POINT('',(1.934358390066,16.15,1.418744320822));
#626 = CARTESIAN_POINT('',(1.963709500486,16.15,1.406186341308));
#627 = CARTESIAN_POINT('',(2.00398353433,16.15,1.410202581332));
#628 = PCURVE('',#206,#629);
#629 = DEFINITIONAL_REPRESENTATION('',(#630),#645);
#630 = B_SPLINE_CURVE_WITH_KNOTS('',3,(#631,#632,#633,#634,#635,#636,
    #637,#638,#639,#640,#641,#642,#643,#644),.UNSPECIFIED.,.F.,.F.,(4,1,
    1,2,2,2,2,4),(0.,0.25,0.375,0.4375,0.5,0.625,0.75,1.),
  .UNSPECIFIED.);
#631 = CARTESIAN_POINT('',(-1.134986848377,-1.621674817592));
#632 = CARTESIAN_POINT('',(-1.105033769838,-1.605814159774));
#633 = CARTESIAN_POINT('',(-1.064004977955,-1.58100921787));
#634 = CARTESIAN_POINT('',(-1.022964499461,-1.550295697419));
#635 = CARTESIAN_POINT('',(-1.006838532686,-1.536752526892));
#636 = CARTESIAN_POINT('',(-0.996412956996,-1.527639250275));
#637 = CARTESIAN_POINT('',(-0.992588740159,-1.524204547129));
#638 = CARTESIAN_POINT('',(-0.974247473322,-1.506788593527));
#639 = CARTESIAN_POINT('',(-0.965042454359,-1.496923772089));
#640 = CARTESIAN_POINT('',(-0.946793935749,-1.472959483694));
#641 = CARTESIAN_POINT('',(-0.939368920781,-1.4624426194));
#642 = CARTESIAN_POINT('',(-0.911726640287,-1.418744320822));
#643 = CARTESIAN_POINT('',(-0.882375529867,-1.406186341308));
#644 = CARTESIAN_POINT('',(-0.842101496023,-1.410202581332));
#645 = ( GEOMETRIC_REPRESENTATION_CONTEXT(2) 
PARAMETRIC_REPRESENTATION_CONTEXT() REPRESENTATION_CONTEXT('2D SPACE',''
  ) );
#646 = ORIENTED_EDGE('',*,*,#647,.T.);
#647 = EDGE_CURVE('',#610,#648,#650,.T.);
#648 = VERTEX_POINT('',#649);
#649 = CARTESIAN_POINT('',(2.07015462357,16.15,1.447666485704));
#650 = SURFACE_CURVE('',#651,(#656),.PCURVE_S1.);
#651 = B_SPLINE_CURVE_WITH_KNOTS('',3,(#652,#653,#654,#655),
  .UNSPECIFIED.,.F.,.F.,(4,4),(0.,1.),.PIECEWISE_BEZIER_KNOTS.);
#652 = CARTESIAN_POINT('',(2.00398353433,16.15,1.410202581332));
#653 = CARTESIAN_POINT('',(2.026040564077,16.15,1.422690549456));
#654 = CARTESIAN_POINT('',(2.048097593824,16.15,1.43517851758));
#655 = CARTESIAN_POINT('',(2.07015462357,16.15,1.447666485704));
#656 = PCURVE('',#206,#657);
#657 = DEFINITIONAL_REPRESENTATION('',(#658),#663);
#658 = B_SPLINE_CURVE_WITH_KNOTS('',3,(#659,#660,#661,#662),
  .UNSPECIFIED.,.F.,.F.,(4,4),(0.,1.),.PIECEWISE_BEZIER_KNOTS.);
#659 = CARTESIAN_POINT('',(-0.842101496023,-1.410202581332));
#660 = CARTESIAN_POINT('',(-0.820044466276,-1.422690549456));
#661 = CARTESIAN_POINT('',(-0.79798743653,-1.43517851758));
#662 = CARTESIAN_POINT('',(-0.775930406783,-1.447666485704));
#663 = ( GEOMETRIC_REPRESENTATION_CONTEXT(2) 
PARAMETRIC_REPRESENTATION_CONTEXT() REPRESENTATION_CONTEXT('2D SPACE',''
  ) );
#664 = ORIENTED_EDGE('',*,*,#665,.T.);
#665 = EDGE_CURVE('',#648,#666,#668,.T.);
#666 = VERTEX_POINT('',#667);
#667 = CARTESIAN_POINT('',(2.039519550139,16.15,1.807616244153));
#668 = SURFACE_CURVE('',#669,(#693),.PCURVE_S1.);
#669 = B_SPLINE_CURVE_WITH_KNOTS('',3,(#670,#671,#672,#673,#674,#675,
    #676,#677,#678,#679,#680,#681,#682,#683,#684,#685,#686,#687,#688,
    #689,#690,#691,#692),.UNSPECIFIED.,.F.,.F.,(4,1,2,2,2,2,1,2,2,1,2,2,
    4),(0.,6.25E-02,9.375E-02,0.125,0.1875,0.25,0.3125,0.34375,0.375,
    0.4375,0.46875,0.5,1.),.UNSPECIFIED.);
#670 = CARTESIAN_POINT('',(2.07015462357,16.15,1.447666485704));
#671 = CARTESIAN_POINT('',(2.076572118766,16.15,1.456288573795));
#672 = CARTESIAN_POINT('',(2.084060488918,16.15,1.469195487737));
#673 = CARTESIAN_POINT('',(2.08834205011,16.15,1.482063074386));
#674 = CARTESIAN_POINT('',(2.090483800025,16.15,1.490632726087));
#675 = CARTESIAN_POINT('',(2.091298843591,16.15,1.496112521621));
#676 = CARTESIAN_POINT('',(2.092072153677,16.15,1.505342762831));
#677 = CARTESIAN_POINT('',(2.091629862169,16.15,1.5120332559));
#678 = CARTESIAN_POINT('',(2.088829616025,16.15,1.526488239893));
#679 = CARTESIAN_POINT('',(2.085949021204,16.15,1.535561226578));
#680 = CARTESIAN_POINT('',(2.080362729171,16.15,1.549547214761));
#681 = CARTESIAN_POINT('',(2.075952059235,16.15,1.559937259709));
#682 = CARTESIAN_POINT('',(2.071209962933,16.15,1.57017813537));
#683 = CARTESIAN_POINT('',(2.067974915095,16.15,1.576972237081));
#684 = CARTESIAN_POINT('',(2.065566497149,16.15,1.581852626389));
#685 = CARTESIAN_POINT('',(2.062755181107,16.15,1.587444594314));
#686 = CARTESIAN_POINT('',(2.059728673348,16.15,1.595667638117));
#687 = CARTESIAN_POINT('',(2.056379378014,16.15,1.60783729574));
#688 = CARTESIAN_POINT('',(2.054074783885,16.15,1.616827426115));
#689 = CARTESIAN_POINT('',(2.052398250102,16.15,1.623904399608));
#690 = CARTESIAN_POINT('',(2.039892094631,16.15,1.678792211565));
#691 = CARTESIAN_POINT('',(2.035844413378,16.15,1.738953261473));
#692 = CARTESIAN_POINT('',(2.039519550139,16.15,1.807616244153));
#693 = PCURVE('',#206,#694);
#694 = DEFINITIONAL_REPRESENTATION('',(#695),#719);
#695 = B_SPLINE_CURVE_WITH_KNOTS('',3,(#696,#697,#698,#699,#700,#701,
    #702,#703,#704,#705,#706,#707,#708,#709,#710,#711,#712,#713,#714,
    #715,#716,#717,#718),.UNSPECIFIED.,.F.,.F.,(4,1,2,2,2,2,1,2,2,1,2,2,
    4),(0.,6.25E-02,9.375E-02,0.125,0.1875,0.25,0.3125,0.34375,0.375,
    0.4375,0.46875,0.5,1.),.UNSPECIFIED.);
#696 = CARTESIAN_POINT('',(-0.775930406783,-1.447666485704));
#697 = CARTESIAN_POINT('',(-0.769512911587,-1.456288573795));
#698 = CARTESIAN_POINT('',(-0.762024541435,-1.469195487737));
#699 = CARTESIAN_POINT('',(-0.757742980243,-1.482063074386));
#700 = CARTESIAN_POINT('',(-0.755601230328,-1.490632726087));
#701 = CARTESIAN_POINT('',(-0.754786186762,-1.496112521621));
#702 = CARTESIAN_POINT('',(-0.754012876677,-1.505342762831));
#703 = CARTESIAN_POINT('',(-0.754455168184,-1.5120332559));
#704 = CARTESIAN_POINT('',(-0.757255414328,-1.526488239893));
#705 = CARTESIAN_POINT('',(-0.760136009149,-1.535561226578));
#706 = CARTESIAN_POINT('',(-0.765722301182,-1.549547214761));
#707 = CARTESIAN_POINT('',(-0.770132971118,-1.559937259709));
#708 = CARTESIAN_POINT('',(-0.77487506742,-1.57017813537));
#709 = CARTESIAN_POINT('',(-0.778110115258,-1.576972237081));
#710 = CARTESIAN_POINT('',(-0.780518533204,-1.581852626389));
#711 = CARTESIAN_POINT('',(-0.783329849246,-1.587444594314));
#712 = CARTESIAN_POINT('',(-0.786356357005,-1.595667638117));
#713 = CARTESIAN_POINT('',(-0.78970565234,-1.60783729574));
#714 = CARTESIAN_POINT('',(-0.792010246468,-1.616827426115));
#715 = CARTESIAN_POINT('',(-0.793686780251,-1.623904399608));
#716 = CARTESIAN_POINT('',(-0.806192935722,-1.678792211565));
#717 = CARTESIAN_POINT('',(-0.810240616975,-1.738953261473));
#718 = CARTESIAN_POINT('',(-0.806565480214,-1.807616244153));
#719 = ( GEOMETRIC_REPRESENTATION_CONTEXT(2) 
PARAMETRIC_REPRESENTATION_CONTEXT() REPRESENTATION_CONTEXT('2D SPACE',''
  ) );
#720 = ORIENTED_EDGE('',*,*,#721,.T.);
#721 = EDGE_CURVE('',#666,#722,#724,.T.);
#722 = VERTEX_POINT('',#723);
#723 = CARTESIAN_POINT('',(2.150050008318,16.15,1.852986672402));
#724 = SURFACE_CURVE('',#725,(#730),.PCURVE_S1.);
#725 = B_SPLINE_CURVE_WITH_KNOTS('',3,(#726,#727,#728,#729),
  .UNSPECIFIED.,.F.,.F.,(4,4),(0.,1.),.PIECEWISE_BEZIER_KNOTS.);
#726 = CARTESIAN_POINT('',(2.039519550139,16.15,1.807616244153));
#727 = CARTESIAN_POINT('',(2.075906388816,16.15,1.823852194735));
#728 = CARTESIAN_POINT('',(2.112749874876,16.15,1.838975670818));
#729 = CARTESIAN_POINT('',(2.150050008318,16.15,1.852986672402));
#730 = PCURVE('',#206,#731);
#731 = DEFINITIONAL_REPRESENTATION('',(#732),#737);
#732 = B_SPLINE_CURVE_WITH_KNOTS('',3,(#733,#734,#735,#736),
  .UNSPECIFIED.,.F.,.F.,(4,4),(0.,1.),.PIECEWISE_BEZIER_KNOTS.);
#733 = CARTESIAN_POINT('',(-0.806565480214,-1.807616244153));
#734 = CARTESIAN_POINT('',(-0.770178641537,-1.823852194735));
#735 = CARTESIAN_POINT('',(-0.733335155478,-1.838975670818));
#736 = CARTESIAN_POINT('',(-0.696035022035,-1.852986672402));
#737 = ( GEOMETRIC_REPRESENTATION_CONTEXT(2) 
PARAMETRIC_REPRESENTATION_CONTEXT() REPRESENTATION_CONTEXT('2D SPACE',''
  ) );
#738 = ORIENTED_EDGE('',*,*,#739,.T.);
#739 = EDGE_CURVE('',#722,#740,#742,.T.);
#740 = VERTEX_POINT('',#741);
#741 = CARTESIAN_POINT('',(2.381142822175,16.15,1.575320600086));
#742 = SURFACE_CURVE('',#743,(#758),.PCURVE_S1.);
#743 = B_SPLINE_CURVE_WITH_KNOTS('',3,(#744,#745,#746,#747,#748,#749,
    #750,#751,#752,#753,#754,#755,#756,#757),.UNSPECIFIED.,.F.,.F.,(4,1,
    1,2,2,2,2,4),(0.,0.25,0.375,0.4375,0.5,0.625,0.75,1.),
  .UNSPECIFIED.);
#744 = CARTESIAN_POINT('',(2.150050008318,16.15,1.852986672402));
#745 = CARTESIAN_POINT('',(2.175117670612,16.15,1.830175278593));
#746 = CARTESIAN_POINT('',(2.208688729348,16.15,1.795946183928));
#747 = CARTESIAN_POINT('',(2.240801703806,16.15,1.755991233235));
#748 = CARTESIAN_POINT('',(2.253052994131,16.15,1.738863181456));
#749 = CARTESIAN_POINT('',(2.260884651456,16.15,1.727443479941));
#750 = CARTESIAN_POINT('',(2.263734547551,16.15,1.723165640256));
#751 = CARTESIAN_POINT('',(2.277168418227,16.15,1.701735553282));
#752 = CARTESIAN_POINT('',(2.283630963262,16.15,1.689891458222));
#753 = CARTESIAN_POINT('',(2.295346494927,16.15,1.66214182998));
#754 = CARTESIAN_POINT('',(2.299922801601,16.15,1.650108846183));
#755 = CARTESIAN_POINT('',(2.31582932408,16.15,1.600909054393));
#756 = CARTESIAN_POINT('',(2.341135272884,16.15,1.58144628256));
#757 = CARTESIAN_POINT('',(2.381142822175,16.15,1.575320600086));
#758 = PCURVE('',#206,#759);
#759 = DEFINITIONAL_REPRESENTATION('',(#760),#775);
#760 = B_SPLINE_CURVE_WITH_KNOTS('',3,(#761,#762,#763,#764,#765,#766,
    #767,#768,#769,#770,#771,#772,#773,#774),.UNSPECIFIED.,.F.,.F.,(4,1,
    1,2,2,2,2,4),(0.,0.25,0.375,0.4375,0.5,0.625,0.75,1.),
  .UNSPECIFIED.);
#761 = CARTESIAN_POINT('',(-0.696035022035,-1.852986672402));
#762 = CARTESIAN_POINT('',(-0.670967359741,-1.830175278593));
#763 = CARTESIAN_POINT('',(-0.637396301005,-1.795946183928));
#764 = CARTESIAN_POINT('',(-0.605283326547,-1.755991233235));
#765 = CARTESIAN_POINT('',(-0.593032036222,-1.738863181456));
#766 = CARTESIAN_POINT('',(-0.585200378897,-1.727443479941));
#767 = CARTESIAN_POINT('',(-0.582350482802,-1.723165640256));
#768 = CARTESIAN_POINT('',(-0.568916612126,-1.701735553282));
#769 = CARTESIAN_POINT('',(-0.562454067091,-1.689891458222));
#770 = CARTESIAN_POINT('',(-0.550738535427,-1.66214182998));
#771 = CARTESIAN_POINT('',(-0.546162228752,-1.650108846183));
#772 = CARTESIAN_POINT('',(-0.530255706273,-1.600909054393));
#773 = CARTESIAN_POINT('',(-0.504949757469,-1.58144628256));
#774 = CARTESIAN_POINT('',(-0.464942208178,-1.575320600086));
#775 = ( GEOMETRIC_REPRESENTATION_CONTEXT(2) 
PARAMETRIC_REPRESENTATION_CONTEXT() REPRESENTATION_CONTEXT('2D SPACE',''
  ) );
#776 = ORIENTED_EDGE('',*,*,#777,.T.);
#777 = EDGE_CURVE('',#740,#778,#780,.T.);
#778 = VERTEX_POINT('',#779);
#779 = CARTESIAN_POINT('',(2.454551919118,16.15,1.595151426294));
#780 = SURFACE_CURVE('',#781,(#786),.PCURVE_S1.);
#781 = B_SPLINE_CURVE_WITH_KNOTS('',3,(#782,#783,#784,#785),
  .UNSPECIFIED.,.F.,.F.,(4,4),(0.,1.),.PIECEWISE_BEZIER_KNOTS.);
#782 = CARTESIAN_POINT('',(2.381142822175,16.15,1.575320600086));
#783 = CARTESIAN_POINT('',(2.405612521156,16.15,1.581930875488));
#784 = CARTESIAN_POINT('',(2.430082220137,16.15,1.588541150891));
#785 = CARTESIAN_POINT('',(2.454551919118,16.15,1.595151426294));
#786 = PCURVE('',#206,#787);
#787 = DEFINITIONAL_REPRESENTATION('',(#788),#793);
#788 = B_SPLINE_CURVE_WITH_KNOTS('',3,(#789,#790,#791,#792),
  .UNSPECIFIED.,.F.,.F.,(4,4),(0.,1.),.PIECEWISE_BEZIER_KNOTS.);
#789 = CARTESIAN_POINT('',(-0.464942208178,-1.575320600086));
#790 = CARTESIAN_POINT('',(-0.440472509197,-1.581930875488));
#791 = CARTESIAN_POINT('',(-0.416002810216,-1.588541150891));
#792 = CARTESIAN_POINT('',(-0.391533111235,-1.595151426294));
#793 = ( GEOMETRIC_REPRESENTATION_CONTEXT(2) 
PARAMETRIC_REPRESENTATION_CONTEXT() REPRESENTATION_CONTEXT('2D SPACE',''
  ) );
#794 = ORIENTED_EDGE('',*,*,#795,.T.);
#795 = EDGE_CURVE('',#778,#796,#798,.T.);
#796 = VERTEX_POINT('',#797);
#797 = CARTESIAN_POINT('',(2.514395167666,16.15,1.951411334135));
#798 = SURFACE_CURVE('',#799,(#823),.PCURVE_S1.);
#799 = B_SPLINE_CURVE_WITH_KNOTS('',3,(#800,#801,#802,#803,#804,#805,
    #806,#807,#808,#809,#810,#811,#812,#813,#814,#815,#816,#817,#818,
    #819,#820,#821,#822),.UNSPECIFIED.,.F.,.F.,(4,1,2,2,2,2,1,2,2,1,2,2,
    4),(0.,6.249999999999E-02,9.374999999999E-02,0.125,0.1875,0.25,
    0.3125,0.34375,0.375,0.4375,0.46875,0.5,1.),.UNSPECIFIED.);
#800 = CARTESIAN_POINT('',(2.454551919118,16.15,1.595151426294));
#801 = CARTESIAN_POINT('',(2.462912023015,16.15,1.601906669476));
#802 = CARTESIAN_POINT('',(2.473374951221,16.15,1.612545807054));
#803 = CARTESIAN_POINT('',(2.480722037967,16.15,1.623944353837));
#804 = CARTESIAN_POINT('',(2.484927686584,16.15,1.631712142627));
#805 = CARTESIAN_POINT('',(2.487079893791,16.15,1.636817087215));
#806 = CARTESIAN_POINT('',(2.490124376563,16.15,1.645565029027));
#807 = CARTESIAN_POINT('',(2.491359838423,16.15,1.652155321378));
#808 = CARTESIAN_POINT('',(2.492242375499,16.15,1.666852568365));
#809 = CARTESIAN_POINT('',(2.491708639896,16.15,1.67635688529));
#810 = CARTESIAN_POINT('',(2.489776025323,16.15,1.691292732272));
#811 = CARTESIAN_POINT('',(2.4880878238,16.15,1.70245324386));
#812 = CARTESIAN_POINT('',(2.486041511386,16.15,1.713551694976));
#813 = CARTESIAN_POINT('',(2.484597722912,16.15,1.72093687117));
#814 = CARTESIAN_POINT('',(2.483478673311,16.15,1.72626288326));
#815 = CARTESIAN_POINT('',(2.482146345804,16.15,1.732378315099));
#816 = CARTESIAN_POINT('',(2.481259909188,16.15,1.741095678733));
#817 = CARTESIAN_POINT('',(2.481042308906,16.15,1.753715940062));
#818 = CARTESIAN_POINT('',(2.481045872348,16.15,1.762996758213));
#819 = CARTESIAN_POINT('',(2.481181981696,16.15,1.770268332568));
#820 = CARTESIAN_POINT('',(2.482718773859,16.15,1.826541897374));
#821 = CARTESIAN_POINT('',(2.493759702669,16.15,1.885819494665));
#822 = CARTESIAN_POINT('',(2.514395167666,16.15,1.951411334135));
#823 = PCURVE('',#206,#824);
#824 = DEFINITIONAL_REPRESENTATION('',(#825),#849);
#825 = B_SPLINE_CURVE_WITH_KNOTS('',3,(#826,#827,#828,#829,#830,#831,
    #832,#833,#834,#835,#836,#837,#838,#839,#840,#841,#842,#843,#844,
    #845,#846,#847,#848),.UNSPECIFIED.,.F.,.F.,(4,1,2,2,2,2,1,2,2,1,2,2,
    4),(0.,6.249999999999E-02,9.374999999999E-02,0.125,0.1875,0.25,
    0.3125,0.34375,0.375,0.4375,0.46875,0.5,1.),.UNSPECIFIED.);
#826 = CARTESIAN_POINT('',(-0.391533111235,-1.595151426294));
#827 = CARTESIAN_POINT('',(-0.383173007338,-1.601906669476));
#828 = CARTESIAN_POINT('',(-0.372710079132,-1.612545807054));
#829 = CARTESIAN_POINT('',(-0.365362992386,-1.623944353837));
#830 = CARTESIAN_POINT('',(-0.361157343769,-1.631712142627));
#831 = CARTESIAN_POINT('',(-0.359005136562,-1.636817087215));
#832 = CARTESIAN_POINT('',(-0.35596065379,-1.645565029027));
#833 = CARTESIAN_POINT('',(-0.35472519193,-1.652155321378));
#834 = CARTESIAN_POINT('',(-0.353842654854,-1.666852568365));
#835 = CARTESIAN_POINT('',(-0.354376390457,-1.67635688529));
#836 = CARTESIAN_POINT('',(-0.35630900503,-1.691292732272));
#837 = CARTESIAN_POINT('',(-0.357997206553,-1.70245324386));
#838 = CARTESIAN_POINT('',(-0.360043518967,-1.713551694976));
#839 = CARTESIAN_POINT('',(-0.361487307441,-1.72093687117));
#840 = CARTESIAN_POINT('',(-0.362606357042,-1.72626288326));
#841 = CARTESIAN_POINT('',(-0.363938684549,-1.732378315099));
#842 = CARTESIAN_POINT('',(-0.364825121165,-1.741095678733));
#843 = CARTESIAN_POINT('',(-0.365042721447,-1.753715940062));
#844 = CARTESIAN_POINT('',(-0.365039158005,-1.762996758213));
#845 = CARTESIAN_POINT('',(-0.364903048657,-1.770268332568));
#846 = CARTESIAN_POINT('',(-0.363366256494,-1.826541897374));
#847 = CARTESIAN_POINT('',(-0.352325327684,-1.885819494665));
#848 = CARTESIAN_POINT('',(-0.331689862687,-1.951411334135));
#849 = ( GEOMETRIC_REPRESENTATION_CONTEXT(2) 
PARAMETRIC_REPRESENTATION_CONTEXT() REPRESENTATION_CONTEXT('2D SPACE',''
  ) );
#850 = ORIENTED_EDGE('',*,*,#851,.T.);
#851 = EDGE_CURVE('',#796,#852,#854,.T.);
#852 = VERTEX_POINT('',#853);
#853 = CARTESIAN_POINT('',(2.632736274931,16.15,1.967868559777));
#854 = SURFACE_CURVE('',#855,(#860),.PCURVE_S1.);
#855 = B_SPLINE_CURVE_WITH_KNOTS('',3,(#856,#857,#858,#859),
  .UNSPECIFIED.,.F.,.F.,(4,4),(0.,1.),.PIECEWISE_BEZIER_KNOTS.);
#856 = CARTESIAN_POINT('',(2.514395167666,16.15,1.951411334135));
#857 = CARTESIAN_POINT('',(2.553676563614,16.15,1.958088163669));
#858 = CARTESIAN_POINT('',(2.593123599369,16.15,1.963573905549));
#859 = CARTESIAN_POINT('',(2.632736274931,16.15,1.967868559777));
#860 = PCURVE('',#206,#861);
#861 = DEFINITIONAL_REPRESENTATION('',(#862),#867);
#862 = B_SPLINE_CURVE_WITH_KNOTS('',3,(#863,#864,#865,#866),
  .UNSPECIFIED.,.F.,.F.,(4,4),(0.,1.),.PIECEWISE_BEZIER_KNOTS.);
#863 = CARTESIAN_POINT('',(-0.331689862687,-1.951411334135));
#864 = CARTESIAN_POINT('',(-0.29240846674,-1.958088163669));
#865 = CARTESIAN_POINT('',(-0.252961430984,-1.963573905549));
#866 = CARTESIAN_POINT('',(-0.213348755422,-1.967868559777));
#867 = ( GEOMETRIC_REPRESENTATION_CONTEXT(2) 
PARAMETRIC_REPRESENTATION_CONTEXT() REPRESENTATION_CONTEXT('2D SPACE',''
  ) );
#868 = ORIENTED_EDGE('',*,*,#869,.T.);
#869 = EDGE_CURVE('',#852,#870,#872,.T.);
#870 = VERTEX_POINT('',#871);
#871 = CARTESIAN_POINT('',(2.787516138897,16.15,1.641455431912));
#872 = SURFACE_CURVE('',#873,(#888),.PCURVE_S1.);
#873 = B_SPLINE_CURVE_WITH_KNOTS('',3,(#874,#875,#876,#877,#878,#879,
    #880,#881,#882,#883,#884,#885,#886,#887),.UNSPECIFIED.,.F.,.F.,(4,1,
    1,2,2,2,2,4),(0.,0.25,0.375,0.4375,0.5,0.625,0.75,1.),
  .UNSPECIFIED.);
#874 = CARTESIAN_POINT('',(2.632736274931,16.15,1.967868559777));
#875 = CARTESIAN_POINT('',(2.651343427566,16.15,1.939539753745));
#876 = CARTESIAN_POINT('',(2.675347360069,16.15,1.898037246222));
#877 = CARTESIAN_POINT('',(2.696515054204,16.15,1.851351381783));
#878 = CARTESIAN_POINT('',(2.70412187445,16.15,1.831714667238));
#879 = CARTESIAN_POINT('',(2.708867521577,16.15,1.818706082669));
#880 = CARTESIAN_POINT('',(2.710564027477,16.15,1.813853898846));
#881 = CARTESIAN_POINT('',(2.718246402491,16.15,1.789756209678));
#882 = CARTESIAN_POINT('',(2.721560408127,16.15,1.77667704905));
#883 = CARTESIAN_POINT('',(2.726006822904,16.15,1.746885692159));
#884 = CARTESIAN_POINT('',(2.727446875106,16.15,1.734092665484));
#885 = CARTESIAN_POINT('',(2.730618174263,16.15,1.682482784345));
#886 = CARTESIAN_POINT('',(2.75028889562,16.15,1.657338137726));
#887 = CARTESIAN_POINT('',(2.787516138897,16.15,1.641455431912));
#888 = PCURVE('',#206,#889);
#889 = DEFINITIONAL_REPRESENTATION('',(#890),#905);
#890 = B_SPLINE_CURVE_WITH_KNOTS('',3,(#891,#892,#893,#894,#895,#896,
    #897,#898,#899,#900,#901,#902,#903,#904),.UNSPECIFIED.,.F.,.F.,(4,1,
    1,2,2,2,2,4),(0.,0.25,0.375,0.4375,0.5,0.625,0.75,1.),
  .UNSPECIFIED.);
#891 = CARTESIAN_POINT('',(-0.213348755422,-1.967868559777));
#892 = CARTESIAN_POINT('',(-0.194741602787,-1.939539753745));
#893 = CARTESIAN_POINT('',(-0.170737670284,-1.898037246222));
#894 = CARTESIAN_POINT('',(-0.149569976149,-1.851351381783));
#895 = CARTESIAN_POINT('',(-0.141963155903,-1.831714667238));
#896 = CARTESIAN_POINT('',(-0.137217508776,-1.818706082669));
#897 = CARTESIAN_POINT('',(-0.135521002876,-1.813853898846));
#898 = CARTESIAN_POINT('',(-0.127838627862,-1.789756209678));
#899 = CARTESIAN_POINT('',(-0.124524622226,-1.77667704905));
#900 = CARTESIAN_POINT('',(-0.120078207449,-1.746885692159));
#901 = CARTESIAN_POINT('',(-0.118638155247,-1.734092665484));
#902 = CARTESIAN_POINT('',(-0.11546685609,-1.682482784345));
#903 = CARTESIAN_POINT('',(-9.579613473302E-02,-1.657338137726));
#904 = CARTESIAN_POINT('',(-5.856889145562E-02,-1.641455431912));
#905 = ( GEOMETRIC_REPRESENTATION_CONTEXT(2) 
PARAMETRIC_REPRESENTATION_CONTEXT() REPRESENTATION_CONTEXT('2D SPACE',''
  ) );
#906 = ORIENTED_EDGE('',*,*,#907,.T.);
#907 = EDGE_CURVE('',#870,#908,#910,.T.);
#908 = VERTEX_POINT('',#909);
#909 = CARTESIAN_POINT('',(2.863550680002,16.15,1.642407136213));
#910 = SURFACE_CURVE('',#911,(#916),.PCURVE_S1.);
#911 = B_SPLINE_CURVE_WITH_KNOTS('',3,(#912,#913,#914,#915),
  .UNSPECIFIED.,.F.,.F.,(4,4),(0.,1.),.PIECEWISE_BEZIER_KNOTS.);
#912 = CARTESIAN_POINT('',(2.787516138897,16.15,1.641455431912));
#913 = CARTESIAN_POINT('',(2.812860985932,16.15,1.641772666679));
#914 = CARTESIAN_POINT('',(2.838205832967,16.15,1.642089901446));
#915 = CARTESIAN_POINT('',(2.863550680002,16.15,1.642407136213));
#916 = PCURVE('',#206,#917);
#917 = DEFINITIONAL_REPRESENTATION('',(#918),#923);
#918 = B_SPLINE_CURVE_WITH_KNOTS('',3,(#919,#920,#921,#922),
  .UNSPECIFIED.,.F.,.F.,(4,4),(0.,1.),.PIECEWISE_BEZIER_KNOTS.);
#919 = CARTESIAN_POINT('',(-5.856889145562E-02,-1.641455431912));
#920 = CARTESIAN_POINT('',(-3.322404442081E-02,-1.641772666679));
#921 = CARTESIAN_POINT('',(-7.879197385991E-03,-1.642089901446));
#922 = CARTESIAN_POINT('',(1.746564964882E-02,-1.642407136213));
#923 = ( GEOMETRIC_REPRESENTATION_CONTEXT(2) 
PARAMETRIC_REPRESENTATION_CONTEXT() REPRESENTATION_CONTEXT('2D SPACE',''
  ) );
#924 = ORIENTED_EDGE('',*,*,#925,.T.);
#925 = EDGE_CURVE('',#908,#926,#928,.T.);
#926 = VERTEX_POINT('',#927);
#927 = CARTESIAN_POINT('',(3.010112079136,16.15,1.972592073204));
#928 = SURFACE_CURVE('',#929,(#953),.PCURVE_S1.);
#929 = B_SPLINE_CURVE_WITH_KNOTS('',3,(#930,#931,#932,#933,#934,#935,
    #936,#937,#938,#939,#940,#941,#942,#943,#944,#945,#946,#947,#948,
    #949,#950,#951,#952),.UNSPECIFIED.,.F.,.F.,(4,1,2,2,2,2,1,2,2,1,2,2,
    4),(0.,6.25E-02,9.375E-02,0.125,0.1875,0.25,0.3125,0.34375,0.375,
    0.4375,0.46875,0.5,1.),.UNSPECIFIED.);
#930 = CARTESIAN_POINT('',(2.863550680002,16.15,1.642407136213));
#931 = CARTESIAN_POINT('',(2.873328096527,16.15,1.646871077714));
#932 = CARTESIAN_POINT('',(2.886108158527,16.15,1.654573942786));
#933 = CARTESIAN_POINT('',(2.896059126346,16.15,1.663787237087));
#934 = CARTESIAN_POINT('',(2.902064417296,16.15,1.670265084228));
#935 = CARTESIAN_POINT('',(2.905418557049,16.15,1.674674415427));
#936 = CARTESIAN_POINT('',(2.910542916459,16.15,1.682390392484));
#937 = CARTESIAN_POINT('',(2.913378503073,16.15,1.688466391811));
#938 = CARTESIAN_POINT('',(2.917888370319,16.15,1.702482419712));
#939 = CARTESIAN_POINT('',(2.919735030506,16.15,1.711820875691));
#940 = CARTESIAN_POINT('',(2.921577526674,16.15,1.726768107275));
#941 = CARTESIAN_POINT('',(2.922717869473,16.15,1.737997829515));
#942 = CARTESIAN_POINT('',(2.923495918283,16.15,1.749256499583));
#943 = CARTESIAN_POINT('',(2.923934107713,16.15,1.756768712479));
#944 = CARTESIAN_POINT('',(2.924174740459,16.15,1.762205694425));
#945 = CARTESIAN_POINT('',(2.924405116525,16.15,1.768460335104));
#946 = CARTESIAN_POINT('',(2.925714449123,16.15,1.777124274553));
#947 = CARTESIAN_POINT('',(2.92864221652,16.15,1.789402162154));
#948 = CARTESIAN_POINT('',(2.930953713629,16.15,1.798390520145));
#949 = CARTESIAN_POINT('',(2.932893913858,16.15,1.805399795601));
#950 = CARTESIAN_POINT('',(2.94837709135,16.15,1.859523238219));
#951 = CARTESIAN_POINT('',(2.973812888061,16.15,1.914192753447));
#952 = CARTESIAN_POINT('',(3.010112079136,16.15,1.972592073204));
#953 = PCURVE('',#206,#954);
#954 = DEFINITIONAL_REPRESENTATION('',(#955),#979);
#955 = B_SPLINE_CURVE_WITH_KNOTS('',3,(#956,#957,#958,#959,#960,#961,
    #962,#963,#964,#965,#966,#967,#968,#969,#970,#971,#972,#973,#974,
    #975,#976,#977,#978),.UNSPECIFIED.,.F.,.F.,(4,1,2,2,2,2,1,2,2,1,2,2,
    4),(0.,6.25E-02,9.375E-02,0.125,0.1875,0.25,0.3125,0.34375,0.375,
    0.4375,0.46875,0.5,1.),.UNSPECIFIED.);
#956 = CARTESIAN_POINT('',(1.746564964882E-02,-1.642407136213));
#957 = CARTESIAN_POINT('',(2.724306617393E-02,-1.646871077714));
#958 = CARTESIAN_POINT('',(4.002312817404E-02,-1.654573942786));
#959 = CARTESIAN_POINT('',(4.997409599286E-02,-1.663787237087));
#960 = CARTESIAN_POINT('',(5.597938694289E-02,-1.670265084228));
#961 = CARTESIAN_POINT('',(5.933352669592E-02,-1.674674415427));
#962 = CARTESIAN_POINT('',(6.445788610562E-02,-1.682390392484));
#963 = CARTESIAN_POINT('',(6.729347272033E-02,-1.688466391811));
#964 = CARTESIAN_POINT('',(7.180333996625E-02,-1.702482419712));
#965 = CARTESIAN_POINT('',(7.365000015284E-02,-1.711820875691));
#966 = CARTESIAN_POINT('',(7.549249632096E-02,-1.726768107275));
#967 = CARTESIAN_POINT('',(7.663283912032E-02,-1.737997829515));
#968 = CARTESIAN_POINT('',(7.74108879296E-02,-1.749256499583));
#969 = CARTESIAN_POINT('',(7.784907736021E-02,-1.756768712479));
#970 = CARTESIAN_POINT('',(7.808971010548E-02,-1.762205694425));
#971 = CARTESIAN_POINT('',(7.832008617143E-02,-1.768460335104));
#972 = CARTESIAN_POINT('',(7.962941876986E-02,-1.777124274553));
#973 = CARTESIAN_POINT('',(8.255718616701E-02,-1.789402162154));
#974 = CARTESIAN_POINT('',(8.486868327595E-02,-1.798390520145));
#975 = CARTESIAN_POINT('',(8.680888350448E-02,-1.805399795601));
#976 = CARTESIAN_POINT('',(0.102292060997,-1.859523238219));
#977 = CARTESIAN_POINT('',(0.127727857708,-1.914192753447));
#978 = CARTESIAN_POINT('',(0.164027048783,-1.972592073204));
#979 = ( GEOMETRIC_REPRESENTATION_CONTEXT(2) 
PARAMETRIC_REPRESENTATION_CONTEXT() REPRESENTATION_CONTEXT('2D SPACE',''
  ) );
#980 = ORIENTED_EDGE('',*,*,#981,.T.);
#981 = EDGE_CURVE('',#926,#982,#984,.T.);
#982 = VERTEX_POINT('',#983);
#983 = CARTESIAN_POINT('',(3.128828028493,16.15,1.95910202822));
#984 = SURFACE_CURVE('',#985,(#990),.PCURVE_S1.);
#985 = B_SPLINE_CURVE_WITH_KNOTS('',3,(#986,#987,#988,#989),
  .UNSPECIFIED.,.F.,.F.,(4,4),(0.,1.),.PIECEWISE_BEZIER_KNOTS.);
#986 = CARTESIAN_POINT('',(3.010112079136,16.15,1.972592073204));
#987 = CARTESIAN_POINT('',(3.049819837779,16.15,1.969290251934));
#988 = CARTESIAN_POINT('',(3.089391820897,16.15,1.964793570275));
#989 = CARTESIAN_POINT('',(3.128828028493,16.15,1.95910202822));
#990 = PCURVE('',#206,#991);
#991 = DEFINITIONAL_REPRESENTATION('',(#992),#997);
#992 = B_SPLINE_CURVE_WITH_KNOTS('',3,(#993,#994,#995,#996),
  .UNSPECIFIED.,.F.,.F.,(4,4),(0.,1.),.PIECEWISE_BEZIER_KNOTS.);
#993 = CARTESIAN_POINT('',(0.164027048783,-1.972592073204));
#994 = CARTESIAN_POINT('',(0.203734807426,-1.969290251934));
#995 = CARTESIAN_POINT('',(0.243306790544,-1.964793570275));
#996 = CARTESIAN_POINT('',(0.28274299814,-1.95910202822));
#997 = ( GEOMETRIC_REPRESENTATION_CONTEXT(2) 
PARAMETRIC_REPRESENTATION_CONTEXT() REPRESENTATION_CONTEXT('2D SPACE',''
  ) );
#998 = ORIENTED_EDGE('',*,*,#999,.T.);
#999 = EDGE_CURVE('',#982,#1000,#1002,.T.);
#1000 = VERTEX_POINT('',#1001);
#1001 = CARTESIAN_POINT('',(3.197569554472,16.15,1.604451582101));
#1002 = SURFACE_CURVE('',#1003,(#1018,#1036),.PCURVE_S1.);
#1003 = B_SPLINE_CURVE_WITH_KNOTS('',3,(#1004,#1005,#1006,#1007,#1008,
    #1009,#1010,#1011,#1012,#1013,#1014,#1015,#1016,#1017),
  .UNSPECIFIED.,.F.,.F.,(4,1,1,2,2,2,2,4),(0.,0.25,0.375,0.4375,0.5,
    0.625,0.75,1.),.UNSPECIFIED.);
#1004 = CARTESIAN_POINT('',(3.128828028493,16.15,1.95910202822));
#1005 = CARTESIAN_POINT('',(3.139805515633,16.15,1.92703581304));
#1006 = CARTESIAN_POINT('',(3.152734066543,16.15,1.880867647844));
#1007 = CARTESIAN_POINT('',(3.161626436282,16.15,1.830384314219));
#1008 = CARTESIAN_POINT('',(3.164110821959,16.15,1.809472783902));
#1009 = CARTESIAN_POINT('',(3.165472272426,16.15,1.79569269349));
#1010 = CARTESIAN_POINT('',(3.165908790426,16.15,1.790571046083));
#1011 = CARTESIAN_POINT('',(3.167356957902,16.15,1.765319901158));
#1012 = CARTESIAN_POINT('',(3.167314192975,16.15,1.751827486724));
#1013 = CARTESIAN_POINT('',(3.164212106272,16.15,1.721866301703));
#1014 = CARTESIAN_POINT('',(3.162425420226,16.15,1.709117065066));
#1015 = CARTESIAN_POINT('',(3.152662231671,16.15,1.658339933218));
#1016 = CARTESIAN_POINT('',(3.165461741814,16.15,1.629093342435));
#1017 = CARTESIAN_POINT('',(3.197569554472,16.15,1.604451582101));
#1018 = PCURVE('',#206,#1019);
#1019 = DEFINITIONAL_REPRESENTATION('',(#1020),#1035);
#1020 = B_SPLINE_CURVE_WITH_KNOTS('',3,(#1021,#1022,#1023,#1024,#1025,
    #1026,#1027,#1028,#1029,#1030,#1031,#1032,#1033,#1034),
  .UNSPECIFIED.,.F.,.F.,(4,1,1,2,2,2,2,4),(0.,0.25,0.375,0.4375,0.5,
    0.625,0.75,1.),.UNSPECIFIED.);
#1021 = CARTESIAN_POINT('',(0.28274299814,-1.95910202822));
#1022 = CARTESIAN_POINT('',(0.29372048528,-1.92703581304));
#1023 = CARTESIAN_POINT('',(0.30664903619,-1.880867647844));
#1024 = CARTESIAN_POINT('',(0.315541405929,-1.830384314219));
#1025 = CARTESIAN_POINT('',(0.318025791606,-1.809472783902));
#1026 = CARTESIAN_POINT('',(0.319387242073,-1.79569269349));
#1027 = CARTESIAN_POINT('',(0.319823760073,-1.790571046083));
#1028 = CARTESIAN_POINT('',(0.321271927549,-1.765319901158));
#1029 = CARTESIAN_POINT('',(0.321229162622,-1.751827486724));
#1030 = CARTESIAN_POINT('',(0.318127075919,-1.721866301703));
#1031 = CARTESIAN_POINT('',(0.316340389873,-1.709117065066));
#1032 = CARTESIAN_POINT('',(0.306577201318,-1.658339933218));
#1033 = CARTESIAN_POINT('',(0.319376711461,-1.629093342435));
#1034 = CARTESIAN_POINT('',(0.351484524118,-1.604451582101));
#1035 = ( GEOMETRIC_REPRESENTATION_CONTEXT(2) 
PARAMETRIC_REPRESENTATION_CONTEXT() REPRESENTATION_CONTEXT('2D SPACE',''
  ) );
#1036 = PCURVE('',#1037,#1088);
#1037 = B_SPLINE_SURFACE_WITH_KNOTS('',3,1,(
    (#1038,#1039)
    ,(#1040,#1041)
    ,(#1042,#1043)
    ,(#1044,#1045)
    ,(#1046,#1047)
    ,(#1048,#1049)
    ,(#1050,#1051)
    ,(#1052,#1053)
    ,(#1054,#1055)
    ,(#1056,#1057)
    ,(#1058,#1059)
    ,(#1060,#1061)
    ,(#1062,#1063)
    ,(#1064,#1065)
    ,(#1066,#1067)
    ,(#1068,#1069)
    ,(#1070,#1071)
    ,(#1072,#1073)
    ,(#1074,#1075)
    ,(#1076,#1077)
    ,(#1078,#1079)
    ,(#1080,#1081)
    ,(#1082,#1083)
    ,(#1084,#1085)
    ,(#1086,#1087
    )),.UNSPECIFIED.,.F.,.F.,.F.,(4,1,1,1,1,1,1,1,1,1,1,1,1,1,1,1,1,1,1,
    1,1,1,4),(2,2),(0.,0.194364732611,0.199716174832,0.206040606464,
    0.213338027519,0.221608438002,0.230851837919,0.241068227272,
    0.252257606064,0.264419974296,0.27755533197,0.291663679088,
    0.306745015649,0.322799341655,0.339826657106,0.357826962003,
    0.376800256346,0.396746540135,0.417665813372,0.439558076055,
    0.462423328186,0.486261569765,0.500975165828),(0.,1.),
  .UNSPECIFIED.);
#1038 = CARTESIAN_POINT('',(3.197569554472,16.85,1.604451582101));
#1039 = CARTESIAN_POINT('',(3.197569554472,16.15,1.604451582101));
#1040 = CARTESIAN_POINT('',(3.138650665973,16.85,1.649670019901));
#1041 = CARTESIAN_POINT('',(3.138650665973,16.15,1.649670019901));
#1042 = CARTESIAN_POINT('',(3.162995962421,16.85,1.696006770624));
#1043 = CARTESIAN_POINT('',(3.162995962421,16.15,1.696006770624));
#1044 = CARTESIAN_POINT('',(3.16652034352,16.85,1.745632536497));
#1045 = CARTESIAN_POINT('',(3.16652034352,16.15,1.745632536497));
#1046 = CARTESIAN_POINT('',(3.166755954718,16.85,1.750207669754));
#1047 = CARTESIAN_POINT('',(3.166755954718,16.15,1.750207669754));
#1048 = CARTESIAN_POINT('',(3.166922080858,16.85,1.755491105613));
#1049 = CARTESIAN_POINT('',(3.166922080858,16.15,1.755491105613));
#1050 = CARTESIAN_POINT('',(3.166991239377,16.85,1.761481539394));
#1051 = CARTESIAN_POINT('',(3.166991239377,16.15,1.761481539394));
#1052 = CARTESIAN_POINT('',(3.166934967407,16.85,1.768176948065));
#1053 = CARTESIAN_POINT('',(3.166934967407,16.15,1.768176948065));
#1054 = CARTESIAN_POINT('',(3.166725178334,16.85,1.775574421212));
#1055 = CARTESIAN_POINT('',(3.166725178334,16.15,1.775574421212));
#1056 = CARTESIAN_POINT('',(3.166333752325,16.85,1.783670217233));
#1057 = CARTESIAN_POINT('',(3.166333752325,16.15,1.783670217233));
#1058 = CARTESIAN_POINT('',(3.16573269606,16.85,1.792459747687));
#1059 = CARTESIAN_POINT('',(3.16573269606,16.15,1.792459747687));
#1060 = CARTESIAN_POINT('',(3.164894122487,16.85,1.801937585099));
#1061 = CARTESIAN_POINT('',(3.164894122487,16.15,1.801937585099));
#1062 = CARTESIAN_POINT('',(3.163790286419,16.85,1.812097464218));
#1063 = CARTESIAN_POINT('',(3.163790286419,16.15,1.812097464218));
#1064 = CARTESIAN_POINT('',(3.162393602888,16.85,1.82293228601));
#1065 = CARTESIAN_POINT('',(3.162393602888,16.15,1.82293228601));
#1066 = CARTESIAN_POINT('',(3.160676670603,16.85,1.834434121564));
#1067 = CARTESIAN_POINT('',(3.160676670603,16.15,1.834434121564));
#1068 = CARTESIAN_POINT('',(3.158612293753,16.85,1.846594216738));
#1069 = CARTESIAN_POINT('',(3.158612293753,16.15,1.846594216738));
#1070 = CARTESIAN_POINT('',(3.156173504144,16.85,1.859402997315));
#1071 = CARTESIAN_POINT('',(3.156173504144,16.15,1.859402997315));
#1072 = CARTESIAN_POINT('',(3.153333583078,16.85,1.872850074711));
#1073 = CARTESIAN_POINT('',(3.153333583078,16.15,1.872850074711));
#1074 = CARTESIAN_POINT('',(3.150066083134,16.85,1.886924252241));
#1075 = CARTESIAN_POINT('',(3.150066083134,16.15,1.886924252241));
#1076 = CARTESIAN_POINT('',(3.146344849775,16.85,1.901613531922));
#1077 = CARTESIAN_POINT('',(3.146344849775,16.15,1.901613531922));
#1078 = CARTESIAN_POINT('',(3.142144042798,16.85,1.916905121818));
#1079 = CARTESIAN_POINT('',(3.142144042798,16.15,1.916905121818));
#1080 = CARTESIAN_POINT('',(3.137438157603,16.85,1.932785443926));
#1081 = CARTESIAN_POINT('',(3.137438157603,16.15,1.932785443926));
#1082 = CARTESIAN_POINT('',(3.13294136731,16.85,1.946916795318));
#1083 = CARTESIAN_POINT('',(3.13294136731,16.15,1.946916795318));
#1084 = CARTESIAN_POINT('',(3.129978636167,16.85,1.955741000982));
#1085 = CARTESIAN_POINT('',(3.129978636167,16.15,1.955741000982));
#1086 = CARTESIAN_POINT('',(3.128828028495,16.85,1.959102028212));
#1087 = CARTESIAN_POINT('',(3.128828028495,16.15,1.959102028212));
#1088 = DEFINITIONAL_REPRESENTATION('',(#1089),#1137);
#1089 = B_SPLINE_CURVE_WITH_KNOTS('',3,(#1090,#1091,#1092,#1093,#1094,
    #1095,#1096,#1097,#1098,#1099,#1100,#1101,#1102,#1103,#1104,#1105,
    #1106,#1107,#1108,#1109,#1110,#1111,#1112,#1113,#1114,#1115,#1116,
    #1117,#1118,#1119,#1120,#1121,#1122,#1123,#1124,#1125,#1126,#1127,
    #1128,#1129,#1130,#1131,#1132,#1133,#1134,#1135,#1136),
  .UNSPECIFIED.,.F.,.F.,(4,1,1,1,1,1,1,1,1,1,1,1,1,1,1,1,1,1,1,1,1,1,1,1
    ,1,1,1,1,1,1,1,1,1,1,1,1,1,1,1,1,1,1,1,1,4),(0.,2.272727272727E-02,
    4.545454545455E-02,6.818181818182E-02,9.090909090909E-02,
    0.113636363636,0.136363636364,0.159090909091,0.181818181818,
    0.204545454545,0.227272727273,0.25,0.272727272727,0.295454545455,
    0.318181818182,0.340909090909,0.363636363636,0.386363636364,
    0.409090909091,0.431818181818,0.454545454545,0.477272727273,0.5,
    0.522727272727,0.545454545455,0.568181818182,0.590909090909,
    0.613636363636,0.636363636364,0.659090909091,0.681818181818,
    0.704545454545,0.727272727273,0.75,0.772727272727,0.795454545455,
    0.818181818182,0.840909090909,0.863636363636,0.886363636364,
    0.909090909091,0.931818181818,0.954545454545,0.977272727273,1.),
  .QUASI_UNIFORM_KNOTS.);
#1090 = CARTESIAN_POINT('',(0.500975165828,1.));
#1091 = CARTESIAN_POINT('',(0.49672132332,1.));
#1092 = CARTESIAN_POINT('',(0.488258886918,1.));
#1093 = CARTESIAN_POINT('',(0.475699744678,1.));
#1094 = CARTESIAN_POINT('',(0.463273887608,1.));
#1095 = CARTESIAN_POINT('',(0.45098006653,1.));
#1096 = CARTESIAN_POINT('',(0.438816916169,1.));
#1097 = CARTESIAN_POINT('',(0.426783081569,1.));
#1098 = CARTESIAN_POINT('',(0.414877086485,1.));
#1099 = CARTESIAN_POINT('',(0.403097453361,1.));
#1100 = CARTESIAN_POINT('',(0.391442605916,1.));
#1101 = CARTESIAN_POINT('',(0.379910930328,1.));
#1102 = CARTESIAN_POINT('',(0.368500755839,1.));
#1103 = CARTESIAN_POINT('',(0.357210338299,1.));
#1104 = CARTESIAN_POINT('',(0.346037863342,1.));
#1105 = CARTESIAN_POINT('',(0.334981627294,1.));
#1106 = CARTESIAN_POINT('',(0.324039090939,1.));
#1107 = CARTESIAN_POINT('',(0.313210663364,1.));
#1108 = CARTESIAN_POINT('',(0.302485483767,1.));
#1109 = CARTESIAN_POINT('',(0.291894429658,1.));
#1110 = CARTESIAN_POINT('',(0.281312473371,1.));
#1111 = CARTESIAN_POINT('',(0.271196261002,1.));
#1112 = CARTESIAN_POINT('',(0.262103165089,1.));
#1113 = CARTESIAN_POINT('',(0.250705503065,1.));
#1114 = CARTESIAN_POINT('',(0.238000320136,1.));
#1115 = CARTESIAN_POINT('',(0.226581245418,1.));
#1116 = CARTESIAN_POINT('',(0.215441819512,1.));
#1117 = CARTESIAN_POINT('',(0.20452594811,1.));
#1118 = CARTESIAN_POINT('',(0.193553771525,1.));
#1119 = CARTESIAN_POINT('',(0.182173164195,1.));
#1120 = CARTESIAN_POINT('',(0.171346885659,1.));
#1121 = CARTESIAN_POINT('',(0.160606196697,1.));
#1122 = CARTESIAN_POINT('',(0.149604623825,1.));
#1123 = CARTESIAN_POINT('',(0.138048588657,1.));
#1124 = CARTESIAN_POINT('',(0.125307364886,1.));
#1125 = CARTESIAN_POINT('',(0.112184700541,1.));
#1126 = CARTESIAN_POINT('',(9.968544149474E-02,1.));
#1127 = CARTESIAN_POINT('',(8.744824354521E-02,1.));
#1128 = CARTESIAN_POINT('',(7.549042687618E-02,1.));
#1129 = CARTESIAN_POINT('',(6.376706625492E-02,1.));
#1130 = CARTESIAN_POINT('',(5.230081095152E-02,1.));
#1131 = CARTESIAN_POINT('',(4.113357489646E-02,1.));
#1132 = CARTESIAN_POINT('',(3.030733362299E-02,1.));
#1133 = CARTESIAN_POINT('',(1.984108956223E-02,1.));
#1134 = CARTESIAN_POINT('',(9.729928521853E-03,1.));
#1135 = CARTESIAN_POINT('',(3.208870658695E-03,1.));
#1136 = CARTESIAN_POINT('',(0.,1.));
#1137 = ( GEOMETRIC_REPRESENTATION_CONTEXT(2) 
PARAMETRIC_REPRESENTATION_CONTEXT() REPRESENTATION_CONTEXT('2D SPACE',''
  ) );
#1138 = ORIENTED_EDGE('',*,*,#1139,.T.);
#1139 = EDGE_CURVE('',#1000,#1140,#1142,.T.);
#1140 = VERTEX_POINT('',#1141);
#1141 = CARTESIAN_POINT('',(3.271452009885,16.15,1.586464365413));
#1142 = SURFACE_CURVE('',#1143,(#1148),.PCURVE_S1.);
#1143 = B_SPLINE_CURVE_WITH_KNOTS('',3,(#1144,#1145,#1146,#1147),
  .UNSPECIFIED.,.F.,.F.,(4,4),(0.,1.),.PIECEWISE_BEZIER_KNOTS.);
#1144 = CARTESIAN_POINT('',(3.197569554472,16.15,1.604451582101));
#1145 = CARTESIAN_POINT('',(3.222197039609,16.15,1.598455843205));
#1146 = CARTESIAN_POINT('',(3.246824524747,16.15,1.592460104309));
#1147 = CARTESIAN_POINT('',(3.271452009885,16.15,1.586464365413));
#1148 = PCURVE('',#206,#1149);
#1149 = DEFINITIONAL_REPRESENTATION('',(#1150),#1155);
#1150 = B_SPLINE_CURVE_WITH_KNOTS('',3,(#1151,#1152,#1153,#1154),
  .UNSPECIFIED.,.F.,.F.,(4,4),(0.,1.),.PIECEWISE_BEZIER_KNOTS.);
#1151 = CARTESIAN_POINT('',(0.351484524118,-1.604451582101));
#1152 = CARTESIAN_POINT('',(0.376112009256,-1.598455843205));
#1153 = CARTESIAN_POINT('',(0.400739494394,-1.592460104309));
#1154 = CARTESIAN_POINT('',(0.425366979532,-1.586464365413));
#1155 = ( GEOMETRIC_REPRESENTATION_CONTEXT(2) 
PARAMETRIC_REPRESENTATION_CONTEXT() REPRESENTATION_CONTEXT('2D SPACE',''
  ) );
#1156 = ORIENTED_EDGE('',*,*,#1157,.T.);
#1157 = EDGE_CURVE('',#1140,#1158,#1160,.T.);
#1158 = VERTEX_POINT('',#1159);
#1159 = CARTESIAN_POINT('',(3.495522567881,16.15,1.869827597628));
#1160 = SURFACE_CURVE('',#1161,(#1185),.PCURVE_S1.);
#1161 = B_SPLINE_CURVE_WITH_KNOTS('',3,(#1162,#1163,#1164,#1165,#1166,
    #1167,#1168,#1169,#1170,#1171,#1172,#1173,#1174,#1175,#1176,#1177,
    #1178,#1179,#1180,#1181,#1182,#1183,#1184),.UNSPECIFIED.,.F.,.F.,(4,
    1,2,2,2,2,1,2,2,1,2,2,4),(0.,6.25E-02,9.375E-02,0.125,0.1875,0.25,
    0.3125,0.34375,0.375,0.4375,0.46875,0.5,1.),.UNSPECIFIED.);
#1162 = CARTESIAN_POINT('',(3.271452009885,16.15,1.586464365413));
#1163 = CARTESIAN_POINT('',(3.282032387998,16.15,1.588356519371));
#1164 = CARTESIAN_POINT('',(3.296326565495,16.15,1.592639112595));
#1165 = CARTESIAN_POINT('',(3.308256158482,16.15,1.59908824925));
#1166 = CARTESIAN_POINT('',(3.315683757248,16.15,1.603869127782));
#1167 = CARTESIAN_POINT('',(3.320029076612,16.15,1.607305791097));
#1168 = CARTESIAN_POINT('',(3.326911330311,16.15,1.613504980182));
#1169 = CARTESIAN_POINT('',(3.331168871345,16.15,1.618684909102));
#1170 = CARTESIAN_POINT('',(3.339022697216,16.15,1.631139039336));
#1171 = CARTESIAN_POINT('',(3.34313372074,16.15,1.639724864835));
#1172 = CARTESIAN_POINT('',(3.348635556839,16.15,1.653744291489));
#1173 = CARTESIAN_POINT('',(3.352532792029,16.15,1.664337619632));
#1174 = CARTESIAN_POINT('',(3.356086314393,16.15,1.675049085007));
#1175 = CARTESIAN_POINT('',(3.358378948675,16.15,1.68221631464));
#1176 = CARTESIAN_POINT('',(3.359964143926,16.15,1.68742264087));
#1177 = CARTESIAN_POINT('',(3.361742748189,16.15,1.693423488313));
#1178 = CARTESIAN_POINT('',(3.36516557982,16.15,1.701489616396));
#1179 = CARTESIAN_POINT('',(3.371054752503,16.15,1.712653665437));
#1180 = CARTESIAN_POINT('',(3.375528943414,16.15,1.720784791678));
#1181 = CARTESIAN_POINT('',(3.379151324607,16.15,1.727091349681));
#1182 = CARTESIAN_POINT('',(3.407608022445,16.15,1.775663895159));
#1183 = CARTESIAN_POINT('',(3.445840462403,16.15,1.822290241622));
#1184 = CARTESIAN_POINT('',(3.495522567881,16.15,1.869827597628));
#1185 = PCURVE('',#206,#1186);
#1186 = DEFINITIONAL_REPRESENTATION('',(#1187),#1211);
#1187 = B_SPLINE_CURVE_WITH_KNOTS('',3,(#1188,#1189,#1190,#1191,#1192,
    #1193,#1194,#1195,#1196,#1197,#1198,#1199,#1200,#1201,#1202,#1203,
    #1204,#1205,#1206,#1207,#1208,#1209,#1210),.UNSPECIFIED.,.F.,.F.,(4,
    1,2,2,2,2,1,2,2,1,2,2,4),(0.,6.25E-02,9.375E-02,0.125,0.1875,0.25,
    0.3125,0.34375,0.375,0.4375,0.46875,0.5,1.),.UNSPECIFIED.);
#1188 = CARTESIAN_POINT('',(0.425366979532,-1.586464365413));
#1189 = CARTESIAN_POINT('',(0.435947357645,-1.588356519371));
#1190 = CARTESIAN_POINT('',(0.450241535142,-1.592639112595));
#1191 = CARTESIAN_POINT('',(0.462171128129,-1.59908824925));
#1192 = CARTESIAN_POINT('',(0.469598726895,-1.603869127782));
#1193 = CARTESIAN_POINT('',(0.473944046259,-1.607305791097));
#1194 = CARTESIAN_POINT('',(0.480826299958,-1.613504980182));
#1195 = CARTESIAN_POINT('',(0.485083840992,-1.618684909102));
#1196 = CARTESIAN_POINT('',(0.492937666862,-1.631139039336));
#1197 = CARTESIAN_POINT('',(0.497048690387,-1.639724864835));
#1198 = CARTESIAN_POINT('',(0.502550526486,-1.653744291489));
#1199 = CARTESIAN_POINT('',(0.506447761676,-1.664337619632));
#1200 = CARTESIAN_POINT('',(0.51000128404,-1.675049085006));
#1201 = CARTESIAN_POINT('',(0.512293918322,-1.68221631464));
#1202 = CARTESIAN_POINT('',(0.513879113573,-1.68742264087));
#1203 = CARTESIAN_POINT('',(0.515657717836,-1.693423488313));
#1204 = CARTESIAN_POINT('',(0.519080549467,-1.701489616396));
#1205 = CARTESIAN_POINT('',(0.52496972215,-1.712653665437));
#1206 = CARTESIAN_POINT('',(0.529443913061,-1.720784791678));
#1207 = CARTESIAN_POINT('',(0.533066294254,-1.727091349681));
#1208 = CARTESIAN_POINT('',(0.561522992092,-1.775663895159));
#1209 = CARTESIAN_POINT('',(0.599755432049,-1.822290241622));
#1210 = CARTESIAN_POINT('',(0.649437537528,-1.869827597628));
#1211 = ( GEOMETRIC_REPRESENTATION_CONTEXT(2) 
PARAMETRIC_REPRESENTATION_CONTEXT() REPRESENTATION_CONTEXT('2D SPACE',''
  ) );
#1212 = ORIENTED_EDGE('',*,*,#1213,.T.);
#1213 = EDGE_CURVE('',#1158,#1214,#1216,.T.);
#1214 = VERTEX_POINT('',#1215);
#1215 = CARTESIAN_POINT('',(3.60715399962,16.15,1.827237911165));
#1216 = SURFACE_CURVE('',#1217,(#1222,#1230),.PCURVE_S1.);
#1217 = B_SPLINE_CURVE_WITH_KNOTS('',3,(#1218,#1219,#1220,#1221),
  .UNSPECIFIED.,.F.,.F.,(4,4),(0.,1.),.PIECEWISE_BEZIER_KNOTS.);
#1218 = CARTESIAN_POINT('',(3.495522567881,16.15,1.869827597628));
#1219 = CARTESIAN_POINT('',(3.53316170471,16.15,1.856754591128));
#1220 = CARTESIAN_POINT('',(3.570372181957,16.15,1.842558028976));
#1221 = CARTESIAN_POINT('',(3.60715399962,16.15,1.827237911165));
#1222 = PCURVE('',#206,#1223);
#1223 = DEFINITIONAL_REPRESENTATION('',(#1224),#1229);
#1224 = B_SPLINE_CURVE_WITH_KNOTS('',3,(#1225,#1226,#1227,#1228),
  .UNSPECIFIED.,.F.,.F.,(4,4),(0.,1.),.PIECEWISE_BEZIER_KNOTS.);
#1225 = CARTESIAN_POINT('',(0.649437537528,-1.869827597628));
#1226 = CARTESIAN_POINT('',(0.687076674357,-1.856754591128));
#1227 = CARTESIAN_POINT('',(0.724287151603,-1.842558028976));
#1228 = CARTESIAN_POINT('',(0.761068969267,-1.827237911165));
#1229 = ( GEOMETRIC_REPRESENTATION_CONTEXT(2) 
PARAMETRIC_REPRESENTATION_CONTEXT() REPRESENTATION_CONTEXT('2D SPACE',''
  ) );
#1230 = PCURVE('',#1231,#1236);
#1231 = CYLINDRICAL_SURFACE('',#1232,1.9794);
#1232 = AXIS2_PLACEMENT_3D('',#1233,#1234,#1235);
#1233 = CARTESIAN_POINT('',(2.846085030353,16.85,1.734723475977E-15));
#1234 = DIRECTION('',(1.393758570794E-16,-1.,-7.018727669979E-18));
#1235 = DIRECTION('',(5.029454251471E-02,6.162975822039E-33,
    0.998734428661));
#1236 = DEFINITIONAL_REPRESENTATION('',(#1237),#1240);
#1237 = B_SPLINE_CURVE_WITH_KNOTS('',1,(#1238,#1239),.UNSPECIFIED.,.F.,
  .F.,(2,2),(0.,1.),.PIECEWISE_BEZIER_KNOTS.);
#1238 = CARTESIAN_POINT('',(5.999211475295,0.7));
#1239 = CARTESIAN_POINT('',(5.938840608345,0.7));
#1240 = ( GEOMETRIC_REPRESENTATION_CONTEXT(2) 
PARAMETRIC_REPRESENTATION_CONTEXT() REPRESENTATION_CONTEXT('2D SPACE',''
  ) );
#1241 = ORIENTED_EDGE('',*,*,#1242,.T.);
#1242 = EDGE_CURVE('',#1214,#1243,#1245,.T.);
#1243 = VERTEX_POINT('',#1244);
#1244 = CARTESIAN_POINT('',(3.585537904726,16.15,1.466634138626));
#1245 = SURFACE_CURVE('',#1246,(#1261,#1279),.PCURVE_S1.);
#1246 = B_SPLINE_CURVE_WITH_KNOTS('',3,(#1247,#1248,#1249,#1250,#1251,
    #1252,#1253,#1254,#1255,#1256,#1257,#1258,#1259,#1260),
  .UNSPECIFIED.,.F.,.F.,(4,1,1,2,2,2,2,4),(0.,0.25,0.375,0.4375,0.5,
    0.625,0.75,1.),.UNSPECIFIED.);
#1247 = CARTESIAN_POINT('',(3.60715399962,16.15,1.827237911165));
#1248 = CARTESIAN_POINT('',(3.609812065381,16.15,1.793449125061));
#1249 = CARTESIAN_POINT('',(3.610852886297,16.15,1.745516217804));
#1250 = CARTESIAN_POINT('',(3.606911191346,16.15,1.69440746851));
#1251 = CARTESIAN_POINT('',(3.604117039363,16.15,1.673535070778));
#1252 = CARTESIAN_POINT('',(3.602008748231,16.15,1.659849328283));
#1253 = CARTESIAN_POINT('',(3.601157850299,16.15,1.654780029236));
#1254 = CARTESIAN_POINT('',(3.596280816549,16.15,1.629962050856));
#1255 = CARTESIAN_POINT('',(3.592883968138,16.15,1.616904160636));
#1256 = CARTESIAN_POINT('',(3.582428295471,16.15,1.58865571893));
#1257 = CARTESIAN_POINT('',(3.577527135232,16.15,1.576751353758));
#1258 = CARTESIAN_POINT('',(3.555442916009,16.15,1.529997485139));
#1259 = CARTESIAN_POINT('',(3.560566974642,16.15,1.498486621053));
#1260 = CARTESIAN_POINT('',(3.585537904726,16.15,1.466634138626));
#1261 = PCURVE('',#206,#1262);
#1262 = DEFINITIONAL_REPRESENTATION('',(#1263),#1278);
#1263 = B_SPLINE_CURVE_WITH_KNOTS('',3,(#1264,#1265,#1266,#1267,#1268,
    #1269,#1270,#1271,#1272,#1273,#1274,#1275,#1276,#1277),
  .UNSPECIFIED.,.F.,.F.,(4,1,1,2,2,2,2,4),(0.,0.25,0.375,0.4375,0.5,
    0.625,0.75,1.),.UNSPECIFIED.);
#1264 = CARTESIAN_POINT('',(0.761068969267,-1.827237911165));
#1265 = CARTESIAN_POINT('',(0.763727035028,-1.793449125061));
#1266 = CARTESIAN_POINT('',(0.764767855944,-1.745516217804));
#1267 = CARTESIAN_POINT('',(0.760826160993,-1.69440746851));
#1268 = CARTESIAN_POINT('',(0.75803200901,-1.673535070778));
#1269 = CARTESIAN_POINT('',(0.755923717878,-1.659849328283));
#1270 = CARTESIAN_POINT('',(0.755072819946,-1.654780029236));
#1271 = CARTESIAN_POINT('',(0.750195786196,-1.629962050856));
#1272 = CARTESIAN_POINT('',(0.746798937785,-1.616904160636));
#1273 = CARTESIAN_POINT('',(0.736343265118,-1.58865571893));
#1274 = CARTESIAN_POINT('',(0.731442104879,-1.576751353758));
#1275 = CARTESIAN_POINT('',(0.709357885656,-1.529997485139));
#1276 = CARTESIAN_POINT('',(0.714481944289,-1.498486621053));
#1277 = CARTESIAN_POINT('',(0.739452874373,-1.466634138626));
#1278 = ( GEOMETRIC_REPRESENTATION_CONTEXT(2) 
PARAMETRIC_REPRESENTATION_CONTEXT() REPRESENTATION_CONTEXT('2D SPACE',''
  ) );
#1279 = PCURVE('',#1280,#1331);
#1280 = B_SPLINE_SURFACE_WITH_KNOTS('',3,1,(
    (#1281,#1282)
    ,(#1283,#1284)
    ,(#1285,#1286)
    ,(#1287,#1288)
    ,(#1289,#1290)
    ,(#1291,#1292)
    ,(#1293,#1294)
    ,(#1295,#1296)
    ,(#1297,#1298)
    ,(#1299,#1300)
    ,(#1301,#1302)
    ,(#1303,#1304)
    ,(#1305,#1306)
    ,(#1307,#1308)
    ,(#1309,#1310)
    ,(#1311,#1312)
    ,(#1313,#1314)
    ,(#1315,#1316)
    ,(#1317,#1318)
    ,(#1319,#1320)
    ,(#1321,#1322)
    ,(#1323,#1324)
    ,(#1325,#1326)
    ,(#1327,#1328)
    ,(#1329,#1330
    )),.UNSPECIFIED.,.F.,.F.,.F.,(4,1,1,1,1,1,1,1,1,1,1,1,1,1,1,1,1,1,1,
    1,1,1,4),(2,2),(0.,0.194364732611,0.199716174832,0.206040606464,
    0.213338027519,0.221608438002,0.230851837919,0.241068227272,
    0.252257606064,0.264419974296,0.27755533197,0.291663679088,
    0.306745015649,0.322799341655,0.339826657106,0.357826962003,
    0.376800256346,0.396746540135,0.417665813372,0.439558076055,
    0.462423328186,0.486261569765,0.500975165828),(0.,1.),
  .UNSPECIFIED.);
#1281 = CARTESIAN_POINT('',(3.585537904726,16.85,1.466634138626));
#1282 = CARTESIAN_POINT('',(3.585537904726,16.15,1.466634138626));
#1283 = CARTESIAN_POINT('',(3.539715429648,16.85,1.525084487784));
#1284 = CARTESIAN_POINT('',(3.539715429648,16.15,1.525084487784));
#1285 = CARTESIAN_POINT('',(3.574819355149,16.85,1.563911055249));
#1286 = CARTESIAN_POINT('',(3.574819355149,16.15,1.563911055249));
#1287 = CARTESIAN_POINT('',(3.590574437451,16.85,1.611101258494));
#1288 = CARTESIAN_POINT('',(3.590574437451,16.15,1.611101258494));
#1289 = CARTESIAN_POINT('',(3.591940435862,16.85,1.615474061405));
#1290 = CARTESIAN_POINT('',(3.591940435862,16.15,1.615474061405));
#1291 = CARTESIAN_POINT('',(3.593415279912,16.85,1.62055019452));
#1292 = CARTESIAN_POINT('',(3.593415279912,16.15,1.62055019452));
#1293 = CARTESIAN_POINT('',(3.59497202599,16.85,1.626335228783));
#1294 = CARTESIAN_POINT('',(3.59497202599,16.15,1.626335228783));
#1295 = CARTESIAN_POINT('',(3.596582602335,16.85,1.632834283149));
#1296 = CARTESIAN_POINT('',(3.596582602335,16.15,1.632834283149));
#1297 = CARTESIAN_POINT('',(3.598219080933,16.85,1.640051523495));
#1298 = CARTESIAN_POINT('',(3.598219080933,16.15,1.640051523495));
#1299 = CARTESIAN_POINT('',(3.599853294891,16.85,1.647990318886));
#1300 = CARTESIAN_POINT('',(3.599853294891,16.15,1.647990318886));
#1301 = CARTESIAN_POINT('',(3.60145698925,16.85,1.656653186693));
#1302 = CARTESIAN_POINT('',(3.60145698925,16.15,1.656653186693));
#1303 = CARTESIAN_POINT('',(3.603001803325,16.85,1.666041805182));
#1304 = CARTESIAN_POINT('',(3.603001803325,16.15,1.666041805182));
#1305 = CARTESIAN_POINT('',(3.604459305489,16.85,1.676157005882));
#1306 = CARTESIAN_POINT('',(3.604459305489,16.15,1.676157005882));
#1307 = CARTESIAN_POINT('',(3.605801011948,16.85,1.686998772894));
#1308 = CARTESIAN_POINT('',(3.605801011948,16.15,1.686998772894));
#1309 = CARTESIAN_POINT('',(3.606998410434,16.85,1.698566240829));
#1310 = CARTESIAN_POINT('',(3.606998410434,16.15,1.698566240829));
#1311 = CARTESIAN_POINT('',(3.608022982476,16.85,1.710857693899));
#1312 = CARTESIAN_POINT('',(3.608022982476,16.15,1.710857693899));
#1313 = CARTESIAN_POINT('',(3.608846226123,16.85,1.723870565393));
#1314 = CARTESIAN_POINT('',(3.608846226123,16.15,1.723870565393));
#1315 = CARTESIAN_POINT('',(3.609439678561,16.85,1.737601437775));
#1316 = CARTESIAN_POINT('',(3.609439678561,16.15,1.737601437775));
#1317 = CARTESIAN_POINT('',(3.609774938758,16.85,1.752046043329));
#1318 = CARTESIAN_POINT('',(3.609774938758,16.15,1.752046043329));
#1319 = CARTESIAN_POINT('',(3.609823690094,16.85,1.767199265381));
#1320 = CARTESIAN_POINT('',(3.609823690094,16.15,1.767199265381));
#1321 = CARTESIAN_POINT('',(3.609557722958,16.85,1.783055140075));
#1322 = CARTESIAN_POINT('',(3.609557722958,16.15,1.783055140075));
#1323 = CARTESIAN_POINT('',(3.608948957313,16.85,1.799606858721));
#1324 = CARTESIAN_POINT('',(3.608948957313,16.15,1.799606858721));
#1325 = CARTESIAN_POINT('',(3.60810776614,16.85,1.814412553993));
#1326 = CARTESIAN_POINT('',(3.60810776614,16.15,1.814412553993));
#1327 = CARTESIAN_POINT('',(3.607432605355,16.85,1.823696332283));
#1328 = CARTESIAN_POINT('',(3.607432605355,16.15,1.823696332283));
#1329 = CARTESIAN_POINT('',(3.607153999621,16.85,1.827237911155));
#1330 = CARTESIAN_POINT('',(3.607153999621,16.15,1.827237911155));
#1331 = DEFINITIONAL_REPRESENTATION('',(#1332),#1380);
#1332 = B_SPLINE_CURVE_WITH_KNOTS('',3,(#1333,#1334,#1335,#1336,#1337,
    #1338,#1339,#1340,#1341,#1342,#1343,#1344,#1345,#1346,#1347,#1348,
    #1349,#1350,#1351,#1352,#1353,#1354,#1355,#1356,#1357,#1358,#1359,
    #1360,#1361,#1362,#1363,#1364,#1365,#1366,#1367,#1368,#1369,#1370,
    #1371,#1372,#1373,#1374,#1375,#1376,#1377,#1378,#1379),
  .UNSPECIFIED.,.F.,.F.,(4,1,1,1,1,1,1,1,1,1,1,1,1,1,1,1,1,1,1,1,1,1,1,1
    ,1,1,1,1,1,1,1,1,1,1,1,1,1,1,1,1,1,1,1,1,4),(0.,2.272727272727E-02,
    4.545454545455E-02,6.818181818182E-02,9.090909090909E-02,
    0.113636363636,0.136363636364,0.159090909091,0.181818181818,
    0.204545454545,0.227272727273,0.25,0.272727272727,0.295454545455,
    0.318181818182,0.340909090909,0.363636363636,0.386363636364,
    0.409090909091,0.431818181818,0.454545454545,0.477272727273,0.5,
    0.522727272727,0.545454545455,0.568181818182,0.590909090909,
    0.613636363636,0.636363636364,0.659090909091,0.681818181818,
    0.704545454545,0.727272727273,0.75,0.772727272727,0.795454545455,
    0.818181818182,0.840909090909,0.863636363636,0.886363636364,
    0.909090909091,0.931818181818,0.954545454545,0.977272727273,1.),
  .QUASI_UNIFORM_KNOTS.);
#1333 = CARTESIAN_POINT('',(0.500975165828,1.));
#1334 = CARTESIAN_POINT('',(0.496721323322,1.));
#1335 = CARTESIAN_POINT('',(0.488258886921,1.));
#1336 = CARTESIAN_POINT('',(0.475699744679,1.));
#1337 = CARTESIAN_POINT('',(0.463273887609,1.));
#1338 = CARTESIAN_POINT('',(0.450980066531,1.));
#1339 = CARTESIAN_POINT('',(0.43881691617,1.));
#1340 = CARTESIAN_POINT('',(0.426783081569,1.));
#1341 = CARTESIAN_POINT('',(0.414877086485,1.));
#1342 = CARTESIAN_POINT('',(0.403097453361,1.));
#1343 = CARTESIAN_POINT('',(0.391442605916,1.));
#1344 = CARTESIAN_POINT('',(0.379910930328,1.));
#1345 = CARTESIAN_POINT('',(0.368500755839,1.));
#1346 = CARTESIAN_POINT('',(0.357210338299,1.));
#1347 = CARTESIAN_POINT('',(0.346037863342,1.));
#1348 = CARTESIAN_POINT('',(0.334981627294,1.));
#1349 = CARTESIAN_POINT('',(0.324039090939,1.));
#1350 = CARTESIAN_POINT('',(0.313210663364,1.));
#1351 = CARTESIAN_POINT('',(0.302485483767,1.));
#1352 = CARTESIAN_POINT('',(0.291894429658,1.));
#1353 = CARTESIAN_POINT('',(0.281312473371,1.));
#1354 = CARTESIAN_POINT('',(0.271196261002,1.));
#1355 = CARTESIAN_POINT('',(0.262103165089,1.));
#1356 = CARTESIAN_POINT('',(0.250705503065,1.));
#1357 = CARTESIAN_POINT('',(0.238000320136,1.));
#1358 = CARTESIAN_POINT('',(0.226581245418,1.));
#1359 = CARTESIAN_POINT('',(0.215441819512,1.));
#1360 = CARTESIAN_POINT('',(0.20452594811,1.));
#1361 = CARTESIAN_POINT('',(0.193553771525,1.));
#1362 = CARTESIAN_POINT('',(0.182173164195,1.));
#1363 = CARTESIAN_POINT('',(0.171346885659,1.));
#1364 = CARTESIAN_POINT('',(0.160606196697,1.));
#1365 = CARTESIAN_POINT('',(0.149604623825,1.));
#1366 = CARTESIAN_POINT('',(0.138048588657,1.));
#1367 = CARTESIAN_POINT('',(0.125307364886,1.));
#1368 = CARTESIAN_POINT('',(0.112184700541,1.));
#1369 = CARTESIAN_POINT('',(9.968544149475E-02,1.));
#1370 = CARTESIAN_POINT('',(8.744824354523E-02,1.));
#1371 = CARTESIAN_POINT('',(7.54904268762E-02,1.));
#1372 = CARTESIAN_POINT('',(6.376706625494E-02,1.));
#1373 = CARTESIAN_POINT('',(5.230081095155E-02,1.));
#1374 = CARTESIAN_POINT('',(4.113357489648E-02,1.));
#1375 = CARTESIAN_POINT('',(3.030733362301E-02,1.));
#1376 = CARTESIAN_POINT('',(1.984108956225E-02,1.));
#1377 = CARTESIAN_POINT('',(9.729928521859E-03,1.));
#1378 = CARTESIAN_POINT('',(3.208870658697E-03,1.));
#1379 = CARTESIAN_POINT('',(0.,1.));
#1380 = ( GEOMETRIC_REPRESENTATION_CONTEXT(2) 
PARAMETRIC_REPRESENTATION_CONTEXT() REPRESENTATION_CONTEXT('2D SPACE',''
  ) );
#1381 = ORIENTED_EDGE('',*,*,#1382,.T.);
#1382 = EDGE_CURVE('',#1243,#1383,#1385,.T.);
#1383 = VERTEX_POINT('',#1384);
#1384 = CARTESIAN_POINT('',(3.652625968053,16.15,1.430838203926));
#1385 = SURFACE_CURVE('',#1386,(#1391,#1399),.PCURVE_S1.);
#1386 = B_SPLINE_CURVE_WITH_KNOTS('',3,(#1387,#1388,#1389,#1390),
  .UNSPECIFIED.,.F.,.F.,(4,4),(0.,1.),.PIECEWISE_BEZIER_KNOTS.);
#1387 = CARTESIAN_POINT('',(3.585537904726,16.15,1.466634138626));
#1388 = CARTESIAN_POINT('',(3.607900592501,16.15,1.454702160392));
#1389 = CARTESIAN_POINT('',(3.630263280277,16.15,1.442770182159));
#1390 = CARTESIAN_POINT('',(3.652625968053,16.15,1.430838203926));
#1391 = PCURVE('',#206,#1392);
#1392 = DEFINITIONAL_REPRESENTATION('',(#1393),#1398);
#1393 = B_SPLINE_CURVE_WITH_KNOTS('',3,(#1394,#1395,#1396,#1397),
  .UNSPECIFIED.,.F.,.F.,(4,4),(0.,1.),.PIECEWISE_BEZIER_KNOTS.);
#1394 = CARTESIAN_POINT('',(0.739452874373,-1.466634138626));
#1395 = CARTESIAN_POINT('',(0.761815562148,-1.454702160392));
#1396 = CARTESIAN_POINT('',(0.784178249924,-1.442770182159));
#1397 = CARTESIAN_POINT('',(0.8065409377,-1.430838203926));
#1398 = ( GEOMETRIC_REPRESENTATION_CONTEXT(2) 
PARAMETRIC_REPRESENTATION_CONTEXT() REPRESENTATION_CONTEXT('2D SPACE',''
  ) );
#1399 = PCURVE('',#1400,#1405);
#1400 = CYLINDRICAL_SURFACE('',#1401,1.6425);
#1401 = AXIS2_PLACEMENT_3D('',#1402,#1403,#1404);
#1402 = CARTESIAN_POINT('',(2.846085030353,16.85,1.734723475977E-15));
#1403 = DIRECTION('',(3.125063547922E-17,-1.,5.856934955439E-17));
#1404 = DIRECTION('',(0.8822675546,9.244463733059E-33,-0.470748300156));
#1405 = DEFINITIONAL_REPRESENTATION('',(#1406),#1409);
#1406 = B_SPLINE_CURVE_WITH_KNOTS('',1,(#1407,#1408),.UNSPECIFIED.,.F.,
  .F.,(2,2),(0.,1.),.PIECEWISE_BEZIER_KNOTS.);
#1407 = CARTESIAN_POINT('',(1.593946186551,0.7));
#1408 = CARTESIAN_POINT('',(1.547646467039,0.7));
#1409 = ( GEOMETRIC_REPRESENTATION_CONTEXT(2) 
PARAMETRIC_REPRESENTATION_CONTEXT() REPRESENTATION_CONTEXT('2D SPACE',''
  ) );
#1410 = ORIENTED_EDGE('',*,*,#1411,.T.);
#1411 = EDGE_CURVE('',#1383,#1412,#1414,.T.);
#1412 = VERTEX_POINT('',#1413);
#1413 = CARTESIAN_POINT('',(3.940126507679,16.15,1.649574977347));
#1414 = SURFACE_CURVE('',#1415,(#1439),.PCURVE_S1.);
#1415 = B_SPLINE_CURVE_WITH_KNOTS('',3,(#1416,#1417,#1418,#1419,#1420,
    #1421,#1422,#1423,#1424,#1425,#1426,#1427,#1428,#1429,#1430,#1431,
    #1432,#1433,#1434,#1435,#1436,#1437,#1438),.UNSPECIFIED.,.F.,.F.,(4,
    1,2,2,2,2,1,2,2,1,2,2,4),(0.,6.25E-02,9.375000000001E-02,0.125,
    0.1875,0.25,0.3125,0.34375,0.375,0.4375,0.46875,0.5,1.),
  .UNSPECIFIED.);
#1416 = CARTESIAN_POINT('',(3.652625968053,16.15,1.430838203926));
#1417 = CARTESIAN_POINT('',(3.663344503687,16.15,1.430039679349));
#1418 = CARTESIAN_POINT('',(3.678254640938,16.15,1.430632909643));
#1419 = CARTESIAN_POINT('',(3.691413278891,16.15,1.433912665677));
#1420 = CARTESIAN_POINT('',(3.699796482127,16.15,1.43669617542));
#1421 = CARTESIAN_POINT('',(3.704859948704,16.15,1.438944232654));
#1422 = CARTESIAN_POINT('',(3.713067659381,16.15,1.443237115919));
#1423 = CARTESIAN_POINT('',(3.718479637874,16.15,1.447195500447));
#1424 = CARTESIAN_POINT('',(3.729183937605,16.15,1.45730519421));
#1425 = CARTESIAN_POINT('',(3.73530101374,16.15,1.464598910235));
#1426 = CARTESIAN_POINT('',(3.744116489174,16.15,1.476809639822));
#1427 = CARTESIAN_POINT('',(3.750525739135,16.15,1.486100956103));
#1428 = CARTESIAN_POINT('',(3.756631454174,16.15,1.495592176019));
#1429 = CARTESIAN_POINT('',(3.760634478663,16.15,1.501964078994));
#1430 = CARTESIAN_POINT('',(3.763464632773,16.15,1.506612616883));
#1431 = CARTESIAN_POINT('',(3.766679708986,16.15,1.511982615775));
#1432 = CARTESIAN_POINT('',(3.77200097055,16.15,1.518944108));
#1433 = CARTESIAN_POINT('',(3.78048151014,16.15,1.528292840221));
#1434 = CARTESIAN_POINT('',(3.786837264984,16.15,1.535055826146));
#1435 = CARTESIAN_POINT('',(3.791914219609,16.15,1.540263402462));
#1436 = CARTESIAN_POINT('',(3.83155639881,16.15,1.580233059131));
#1437 = CARTESIAN_POINT('',(3.880183197202,16.15,1.615886532002));
#1438 = CARTESIAN_POINT('',(3.940126507679,16.15,1.649574977347));
#1439 = PCURVE('',#206,#1440);
#1440 = DEFINITIONAL_REPRESENTATION('',(#1441),#1465);
#1441 = B_SPLINE_CURVE_WITH_KNOTS('',3,(#1442,#1443,#1444,#1445,#1446,
    #1447,#1448,#1449,#1450,#1451,#1452,#1453,#1454,#1455,#1456,#1457,
    #1458,#1459,#1460,#1461,#1462,#1463,#1464),.UNSPECIFIED.,.F.,.F.,(4,
    1,2,2,2,2,1,2,2,1,2,2,4),(0.,6.25E-02,9.375000000001E-02,0.125,
    0.1875,0.25,0.3125,0.34375,0.375,0.4375,0.46875,0.5,1.),
  .UNSPECIFIED.);
#1442 = CARTESIAN_POINT('',(0.8065409377,-1.430838203926));
#1443 = CARTESIAN_POINT('',(0.817259473334,-1.430039679349));
#1444 = CARTESIAN_POINT('',(0.832169610585,-1.430632909643));
#1445 = CARTESIAN_POINT('',(0.845328248538,-1.433912665677));
#1446 = CARTESIAN_POINT('',(0.853711451774,-1.43669617542));
#1447 = CARTESIAN_POINT('',(0.85877491835,-1.438944232654));
#1448 = CARTESIAN_POINT('',(0.866982629028,-1.443237115919));
#1449 = CARTESIAN_POINT('',(0.87239460752,-1.447195500447));
#1450 = CARTESIAN_POINT('',(0.883098907252,-1.45730519421));
#1451 = CARTESIAN_POINT('',(0.889215983387,-1.464598910235));
#1452 = CARTESIAN_POINT('',(0.898031458821,-1.476809639822));
#1453 = CARTESIAN_POINT('',(0.904440708782,-1.486100956103));
#1454 = CARTESIAN_POINT('',(0.910546423821,-1.495592176019));
#1455 = CARTESIAN_POINT('',(0.91454944831,-1.501964078994));
#1456 = CARTESIAN_POINT('',(0.91737960242,-1.506612616883));
#1457 = CARTESIAN_POINT('',(0.920594678633,-1.511982615775));
#1458 = CARTESIAN_POINT('',(0.925915940197,-1.518944108));
#1459 = CARTESIAN_POINT('',(0.934396479787,-1.528292840221));
#1460 = CARTESIAN_POINT('',(0.940752234631,-1.535055826146));
#1461 = CARTESIAN_POINT('',(0.945829189255,-1.540263402462));
#1462 = CARTESIAN_POINT('',(0.985471368457,-1.580233059131));
#1463 = CARTESIAN_POINT('',(1.034098166849,-1.615886532002));
#1464 = CARTESIAN_POINT('',(1.094041477326,-1.649574977347));
#1465 = ( GEOMETRIC_REPRESENTATION_CONTEXT(2) 
PARAMETRIC_REPRESENTATION_CONTEXT() REPRESENTATION_CONTEXT('2D SPACE',''
  ) );
#1466 = ORIENTED_EDGE('',*,*,#1467,.T.);
#1467 = EDGE_CURVE('',#1412,#1468,#1470,.T.);
#1468 = VERTEX_POINT('',#1469);
#1469 = CARTESIAN_POINT('',(4.037659208394,16.15,1.580561716039));
#1470 = SURFACE_CURVE('',#1471,(#1476,#1484),.PCURVE_S1.);
#1471 = B_SPLINE_CURVE_WITH_KNOTS('',3,(#1472,#1473,#1474,#1475),
  .UNSPECIFIED.,.F.,.F.,(4,4),(0.,1.),.PIECEWISE_BEZIER_KNOTS.);
#1472 = CARTESIAN_POINT('',(3.940126507679,16.15,1.649574977347));
#1473 = CARTESIAN_POINT('',(3.9733320173,16.15,1.627552210695));
#1474 = CARTESIAN_POINT('',(4.005842917539,16.15,1.604547790261));
#1475 = CARTESIAN_POINT('',(4.037659208394,16.15,1.580561716039));
#1476 = PCURVE('',#206,#1477);
#1477 = DEFINITIONAL_REPRESENTATION('',(#1478),#1483);
#1478 = B_SPLINE_CURVE_WITH_KNOTS('',3,(#1479,#1480,#1481,#1482),
  .UNSPECIFIED.,.F.,.F.,(4,4),(0.,1.),.PIECEWISE_BEZIER_KNOTS.);
#1479 = CARTESIAN_POINT('',(1.094041477326,-1.649574977347));
#1480 = CARTESIAN_POINT('',(1.127246986947,-1.627552210695));
#1481 = CARTESIAN_POINT('',(1.159757887186,-1.604547790261));
#1482 = CARTESIAN_POINT('',(1.191574178041,-1.580561716039));
#1483 = ( GEOMETRIC_REPRESENTATION_CONTEXT(2) 
PARAMETRIC_REPRESENTATION_CONTEXT() REPRESENTATION_CONTEXT('2D SPACE',''
  ) );
#1484 = PCURVE('',#1485,#1490);
#1485 = CYLINDRICAL_SURFACE('',#1486,1.9794);
#1486 = AXIS2_PLACEMENT_3D('',#1487,#1488,#1489);
#1487 = CARTESIAN_POINT('',(2.846085030353,16.85,1.734723475977E-15));
#1488 = DIRECTION('',(1.393758570794E-16,-1.,-7.018727669979E-18));
#1489 = DIRECTION('',(5.029454251471E-02,6.162975822039E-33,
    0.998734428661));
#1490 = DEFINITIONAL_REPRESENTATION('',(#1491),#1494);
#1491 = B_SPLINE_CURVE_WITH_KNOTS('',1,(#1492,#1493),.UNSPECIFIED.,.F.,
  .F.,(2,2),(0.,1.),.PIECEWISE_BEZIER_KNOTS.);
#1492 = CARTESIAN_POINT('',(5.747884063008,0.7));
#1493 = CARTESIAN_POINT('',(5.687513196058,0.7));
#1494 = ( GEOMETRIC_REPRESENTATION_CONTEXT(2) 
PARAMETRIC_REPRESENTATION_CONTEXT() REPRESENTATION_CONTEXT('2D SPACE',''
  ) );
#1495 = ORIENTED_EDGE('',*,*,#1496,.T.);
#1496 = EDGE_CURVE('',#1468,#1497,#1499,.T.);
#1497 = VERTEX_POINT('',#1498);
#1498 = CARTESIAN_POINT('',(3.955082852111,16.15,1.210984947075));
#1499 = SURFACE_CURVE('',#1500,(#1515,#1533),.PCURVE_S1.);
#1500 = B_SPLINE_CURVE_WITH_KNOTS('',3,(#1501,#1502,#1503,#1504,#1505,
    #1506,#1507,#1508,#1509,#1510,#1511,#1512,#1513,#1514),
  .UNSPECIFIED.,.F.,.F.,(4,1,1,2,2,2,2,4),(0.,0.25,0.375,0.4375,0.5,
    0.625,0.75,1.),.UNSPECIFIED.);
#1501 = CARTESIAN_POINT('',(4.037659208394,16.15,1.580561716039));
#1502 = CARTESIAN_POINT('',(4.031830836727,16.15,1.547173432709));
#1503 = CARTESIAN_POINT('',(4.020918529043,16.15,1.50048758424));
#1504 = CARTESIAN_POINT('',(4.004390440592,16.15,1.45196476996));
#1505 = CARTESIAN_POINT('',(3.996493317795,16.15,1.432442994326));
#1506 = CARTESIAN_POINT('',(3.991047756748,16.15,1.419711525281));
#1507 = CARTESIAN_POINT('',(3.988962907932,16.15,1.415013097296));
#1508 = CARTESIAN_POINT('',(3.978067114922,16.15,1.392187690317));
#1509 = CARTESIAN_POINT('',(3.971529619505,16.15,1.380384799579));
#1510 = CARTESIAN_POINT('',(3.954377329241,16.15,1.35562405467));
#1511 = CARTESIAN_POINT('',(3.946669652732,16.15,1.345312556006));
#1512 = CARTESIAN_POINT('',(3.913652035555,16.15,1.305519668132));
#1513 = CARTESIAN_POINT('',(3.91077867923,16.15,1.273724474222));
#1514 = CARTESIAN_POINT('',(3.955082852111,16.15,1.210984947075));
#1515 = PCURVE('',#206,#1516);
#1516 = DEFINITIONAL_REPRESENTATION('',(#1517),#1532);
#1517 = B_SPLINE_CURVE_WITH_KNOTS('',3,(#1518,#1519,#1520,#1521,#1522,
    #1523,#1524,#1525,#1526,#1527,#1528,#1529,#1530,#1531),
  .UNSPECIFIED.,.F.,.F.,(4,1,1,2,2,2,2,4),(0.,0.25,0.375,0.4375,0.5,
    0.625,0.75,1.),.UNSPECIFIED.);
#1518 = CARTESIAN_POINT('',(1.191574178041,-1.580561716039));
#1519 = CARTESIAN_POINT('',(1.185745806374,-1.547173432709));
#1520 = CARTESIAN_POINT('',(1.17483349869,-1.50048758424));
#1521 = CARTESIAN_POINT('',(1.158305410239,-1.45196476996));
#1522 = CARTESIAN_POINT('',(1.150408287442,-1.432442994326));
#1523 = CARTESIAN_POINT('',(1.144962726395,-1.419711525281));
#1524 = CARTESIAN_POINT('',(1.142877877579,-1.415013097296));
#1525 = CARTESIAN_POINT('',(1.131982084569,-1.392187690317));
#1526 = CARTESIAN_POINT('',(1.125444589152,-1.380384799579));
#1527 = CARTESIAN_POINT('',(1.108292298888,-1.35562405467));
#1528 = CARTESIAN_POINT('',(1.100584622379,-1.345312556006));
#1529 = CARTESIAN_POINT('',(1.067567005202,-1.305519668132));
#1530 = CARTESIAN_POINT('',(1.064693648877,-1.273724474222));
#1531 = CARTESIAN_POINT('',(1.108997821757,-1.210984947075));
#1532 = ( GEOMETRIC_REPRESENTATION_CONTEXT(2) 
PARAMETRIC_REPRESENTATION_CONTEXT() REPRESENTATION_CONTEXT('2D SPACE',''
  ) );
#1533 = PCURVE('',#1534,#1585);
#1534 = B_SPLINE_SURFACE_WITH_KNOTS('',3,1,(
    (#1535,#1536)
    ,(#1537,#1538)
    ,(#1539,#1540)
    ,(#1541,#1542)
    ,(#1543,#1544)
    ,(#1545,#1546)
    ,(#1547,#1548)
    ,(#1549,#1550)
    ,(#1551,#1552)
    ,(#1553,#1554)
    ,(#1555,#1556)
    ,(#1557,#1558)
    ,(#1559,#1560)
    ,(#1561,#1562)
    ,(#1563,#1564)
    ,(#1565,#1566)
    ,(#1567,#1568)
    ,(#1569,#1570)
    ,(#1571,#1572)
    ,(#1573,#1574)
    ,(#1575,#1576)
    ,(#1577,#1578)
    ,(#1579,#1580)
    ,(#1581,#1582)
    ,(#1583,#1584
    )),.UNSPECIFIED.,.F.,.F.,.F.,(4,1,1,1,1,1,1,1,1,1,1,1,1,1,1,1,1,1,1,
    1,1,1,4),(2,2),(0.,0.194364732611,0.199716174832,0.206040606464,
    0.213338027519,0.221608438002,0.230851837919,0.241068227272,
    0.252257606064,0.264419974296,0.27755533197,0.291663679088,
    0.306745015649,0.322799341655,0.339826657106,0.357826962003,
    0.376800256346,0.396746540135,0.417665813372,0.439558076055,
    0.462423328186,0.486261569765,0.500975165828),(0.,1.),
  .UNSPECIFIED.);
#1535 = CARTESIAN_POINT('',(3.927043711365,16.85,1.236662678318));
#1536 = CARTESIAN_POINT('',(3.927043711365,16.15,1.236662678318));
#1537 = CARTESIAN_POINT('',(3.897196844341,16.85,1.304672288431));
#1538 = CARTESIAN_POINT('',(3.897196844341,16.15,1.304672288431));
#1539 = CARTESIAN_POINT('',(3.940853690152,16.85,1.333549056611));
#1540 = CARTESIAN_POINT('',(3.940853690152,16.15,1.333549056611));
#1541 = CARTESIAN_POINT('',(3.967849523893,16.85,1.375338563204));
#1542 = CARTESIAN_POINT('',(3.967849523893,16.15,1.375338563204));
#1543 = CARTESIAN_POINT('',(3.970260078815,16.85,1.37923427648));
#1544 = CARTESIAN_POINT('',(3.970260078815,16.15,1.37923427648));
#1545 = CARTESIAN_POINT('',(3.972950970898,16.85,1.383784154738));
#1546 = CARTESIAN_POINT('',(3.972950970898,16.15,1.383784154738));
#1547 = CARTESIAN_POINT('',(3.975897488454,16.85,1.389000294506));
#1548 = CARTESIAN_POINT('',(3.975897488454,16.15,1.389000294506));
#1549 = CARTESIAN_POINT('',(3.979073714677,16.85,1.394894635078));
#1550 = CARTESIAN_POINT('',(3.979073714677,16.15,1.394894635078));
#1551 = CARTESIAN_POINT('',(3.982453634979,16.85,1.401478156869));
#1552 = CARTESIAN_POINT('',(3.982453634979,16.15,1.401478156869));
#1553 = CARTESIAN_POINT('',(3.98601080523,16.85,1.40876112792));
#1554 = CARTESIAN_POINT('',(3.98601080523,16.15,1.40876112792));
#1555 = CARTESIAN_POINT('',(3.9897184842,16.85,1.416753013235));
#1556 = CARTESIAN_POINT('',(3.9897184842,16.15,1.416753013235));
#1557 = CARTESIAN_POINT('',(3.993549619572,16.85,1.425462491372));
#1558 = CARTESIAN_POINT('',(3.993549619572,16.15,1.425462491372));
#1559 = CARTESIAN_POINT('',(3.997476879746,16.85,1.434897438393));
#1560 = CARTESIAN_POINT('',(3.997476879746,16.15,1.434897438393));
#1561 = CARTESIAN_POINT('',(4.001472671844,16.85,1.44506492253));
#1562 = CARTESIAN_POINT('',(4.001472671844,16.15,1.44506492253));
#1563 = CARTESIAN_POINT('',(4.005509164151,16.85,1.455971196294));
#1564 = CARTESIAN_POINT('',(4.005509164151,16.15,1.455971196294));
#1565 = CARTESIAN_POINT('',(4.009558307455,16.85,1.467621690058));
#1566 = CARTESIAN_POINT('',(4.009558307455,16.15,1.467621690058));
#1567 = CARTESIAN_POINT('',(4.013591856933,16.85,1.480021005895));
#1568 = CARTESIAN_POINT('',(4.013591856933,16.15,1.480021005895));
#1569 = CARTESIAN_POINT('',(4.017581394074,16.85,1.493172912052));
#1570 = CARTESIAN_POINT('',(4.017581394074,16.15,1.493172912052));
#1571 = CARTESIAN_POINT('',(4.021498348781,16.85,1.507080337941));
#1572 = CARTESIAN_POINT('',(4.021498348781,16.15,1.507080337941));
#1573 = CARTESIAN_POINT('',(4.025314021586,16.85,1.521745369693));
#1574 = CARTESIAN_POINT('',(4.025314021586,16.15,1.521745369693));
#1575 = CARTESIAN_POINT('',(4.028999605986,16.85,1.537169246263));
#1576 = CARTESIAN_POINT('',(4.028999605986,16.15,1.537169246263));
#1577 = CARTESIAN_POINT('',(4.032526210875,16.85,1.553352356091));
#1578 = CARTESIAN_POINT('',(4.032526210875,16.15,1.553352356091));
#1579 = CARTESIAN_POINT('',(4.035393473956,16.85,1.567902098958));
#1580 = CARTESIAN_POINT('',(4.035393473956,16.15,1.567902098958));
#1581 = CARTESIAN_POINT('',(4.037048306364,16.85,1.577062115941));
#1582 = CARTESIAN_POINT('',(4.037048306364,16.15,1.577062115941));
#1583 = CARTESIAN_POINT('',(4.037659208392,16.85,1.580561716028));
#1584 = CARTESIAN_POINT('',(4.037659208392,16.15,1.580561716028));
#1585 = DEFINITIONAL_REPRESENTATION('',(#1586),#1633);
#1586 = B_SPLINE_CURVE_WITH_KNOTS('',3,(#1587,#1588,#1589,#1590,#1591,
    #1592,#1593,#1594,#1595,#1596,#1597,#1598,#1599,#1600,#1601,#1602,
    #1603,#1604,#1605,#1606,#1607,#1608,#1609,#1610,#1611,#1612,#1613,
    #1614,#1615,#1616,#1617,#1618,#1619,#1620,#1621,#1622,#1623,#1624,
    #1625,#1626,#1627,#1628,#1629,#1630,#1631,#1632),.UNSPECIFIED.,.F.,
  .F.,(4,1,1,1,1,1,1,1,1,1,1,1,1,1,1,1,1,1,1,1,1,1,1,1,1,1,1,1,1,1,1,1,1
    ,1,1,1,1,1,1,1,1,1,1,4),(0.,2.272727272727E-02,4.545454545455E-02,
    6.818181818182E-02,9.090909090909E-02,0.113636363636,0.136363636364,
    0.159090909091,0.181818181818,0.204545454545,0.227272727273,0.25,
    0.272727272727,0.295454545455,0.318181818182,0.340909090909,
    0.363636363636,0.386363636364,0.409090909091,0.431818181818,
    0.454545454545,0.477272727273,0.5,0.522727272727,0.545454545455,
    0.568181818182,0.590909090909,0.613636363636,0.636363636364,
    0.659090909091,0.681818181818,0.704545454545,0.727272727273,0.75,
    0.772727272727,0.795454545455,0.818181818182,0.840909090909,
    0.863636363636,0.886363636364,0.909090909091,0.931818181818,
    0.954545454545,1.),.UNSPECIFIED.);
#1587 = CARTESIAN_POINT('',(0.500975165828,1.));
#1588 = CARTESIAN_POINT('',(0.496721323322,1.));
#1589 = CARTESIAN_POINT('',(0.488258886921,1.));
#1590 = CARTESIAN_POINT('',(0.475699744679,1.));
#1591 = CARTESIAN_POINT('',(0.463273887609,1.));
#1592 = CARTESIAN_POINT('',(0.450980066531,1.));
#1593 = CARTESIAN_POINT('',(0.43881691617,1.));
#1594 = CARTESIAN_POINT('',(0.426783081569,1.));
#1595 = CARTESIAN_POINT('',(0.414877086485,1.));
#1596 = CARTESIAN_POINT('',(0.403097453361,1.));
#1597 = CARTESIAN_POINT('',(0.391442605916,1.));
#1598 = CARTESIAN_POINT('',(0.379910930328,1.));
#1599 = CARTESIAN_POINT('',(0.368500755839,1.));
#1600 = CARTESIAN_POINT('',(0.357210338299,1.));
#1601 = CARTESIAN_POINT('',(0.346037863342,1.));
#1602 = CARTESIAN_POINT('',(0.334981627294,1.));
#1603 = CARTESIAN_POINT('',(0.324039090939,1.));
#1604 = CARTESIAN_POINT('',(0.313210663364,1.));
#1605 = CARTESIAN_POINT('',(0.302485483767,1.));
#1606 = CARTESIAN_POINT('',(0.291894429658,1.));
#1607 = CARTESIAN_POINT('',(0.281312473371,1.));
#1608 = CARTESIAN_POINT('',(0.271196261002,1.));
#1609 = CARTESIAN_POINT('',(0.262103165089,1.));
#1610 = CARTESIAN_POINT('',(0.250705503065,1.));
#1611 = CARTESIAN_POINT('',(0.238000320135,1.));
#1612 = CARTESIAN_POINT('',(0.226581245421,1.));
#1613 = CARTESIAN_POINT('',(0.215441819502,1.));
#1614 = CARTESIAN_POINT('',(0.204525948149,1.));
#1615 = CARTESIAN_POINT('',(0.19355377138,1.));
#1616 = CARTESIAN_POINT('',(0.182173164737,1.));
#1617 = CARTESIAN_POINT('',(0.171346883636,1.));
#1618 = CARTESIAN_POINT('',(0.160606204246,1.));
#1619 = CARTESIAN_POINT('',(0.149604595652,1.));
#1620 = CARTESIAN_POINT('',(0.138048693801,1.));
#1621 = CARTESIAN_POINT('',(0.125306972483,1.));
#1622 = CARTESIAN_POINT('',(0.112186165009,1.));
#1623 = CARTESIAN_POINT('',(9.963489261357E-02,1.));
#1624 = CARTESIAN_POINT('',(8.71445174826E-02,1.));
#1625 = CARTESIAN_POINT('',(7.448100539047E-02,1.));
#1626 = CARTESIAN_POINT('',(6.124809266785E-02,1.));
#1627 = CARTESIAN_POINT('',(4.722054767031E-02,1.));
#1628 = CARTESIAN_POINT('',(3.223210555788E-02,1.));
#1629 = CARTESIAN_POINT('',(1.731739346924E-02,1.));
#1630 = CARTESIAN_POINT('',(-5.23472872848E-03,1.));
#1631 = CARTESIAN_POINT('',(-1.072947463957E-02,1.));
#1632 = CARTESIAN_POINT('',(-6.620741528688E-06,1.));
#1633 = ( GEOMETRIC_REPRESENTATION_CONTEXT(2) 
PARAMETRIC_REPRESENTATION_CONTEXT() REPRESENTATION_CONTEXT('2D SPACE',''
  ) );
#1634 = ORIENTED_EDGE('',*,*,#1635,.T.);
#1635 = EDGE_CURVE('',#1497,#1636,#1638,.T.);
#1636 = VERTEX_POINT('',#1637);
#1637 = CARTESIAN_POINT('',(4.315987797867,16.15,1.325673494531));
#1638 = SURFACE_CURVE('',#1639,(#1663,#1690),.PCURVE_S1.);
#1639 = B_SPLINE_CURVE_WITH_KNOTS('',3,(#1640,#1641,#1642,#1643,#1644,
    #1645,#1646,#1647,#1648,#1649,#1650,#1651,#1652,#1653,#1654,#1655,
    #1656,#1657,#1658,#1659,#1660,#1661,#1662),.UNSPECIFIED.,.F.,.F.,(4,
    1,2,2,2,2,1,2,2,1,2,2,4),(0.,6.25E-02,9.375E-02,0.125,0.1875,0.25,
    0.3125,0.34375,0.375,0.4375,0.46875,0.5,1.),.UNSPECIFIED.);
#1640 = CARTESIAN_POINT('',(3.955082852111,16.15,1.210984947075));
#1641 = CARTESIAN_POINT('',(3.993305200995,16.15,1.181868186955));
#1642 = CARTESIAN_POINT('',(4.007894439242,16.15,1.178734779478));
#1643 = CARTESIAN_POINT('',(4.021455316545,16.15,1.178639075758));
#1644 = CARTESIAN_POINT('',(4.030267376759,16.15,1.179250318556));
#1645 = CARTESIAN_POINT('',(4.035730834322,16.15,1.180168516008));
#1646 = CARTESIAN_POINT('',(4.044748281331,16.15,1.182285355808));
#1647 = CARTESIAN_POINT('',(4.050974642769,16.15,1.184773476087));
#1648 = CARTESIAN_POINT('',(4.063856825841,16.15,1.191903504137));
#1649 = CARTESIAN_POINT('',(4.071595596197,16.15,1.197446819687));
#1650 = CARTESIAN_POINT('',(4.083170802222,16.15,1.207081607159));
#1651 = CARTESIAN_POINT('',(4.091689350207,16.15,1.214487104004));
#1652 = CARTESIAN_POINT('',(4.099963613391,16.15,1.22216171021));
#1653 = CARTESIAN_POINT('',(4.105425503336,16.15,1.227337916427));
#1654 = CARTESIAN_POINT('',(4.109322787314,16.15,1.231136581244));
#1655 = CARTESIAN_POINT('',(4.113772320414,16.15,1.235538314805));
#1656 = CARTESIAN_POINT('',(4.120657657477,16.15,1.240957755012));
#1657 = CARTESIAN_POINT('',(4.131196700482,16.15,1.247903755186));
#1658 = CARTESIAN_POINT('',(4.139034663807,16.15,1.252873657517));
#1659 = CARTESIAN_POINT('',(4.145247188132,16.15,1.256655040974));
#1660 = CARTESIAN_POINT('',(4.193583984785,16.15,1.285510368308));
#1661 = CARTESIAN_POINT('',(4.249549741032,16.15,1.30795072876));
#1662 = CARTESIAN_POINT('',(4.315987797867,16.15,1.325673494531));
#1663 = PCURVE('',#206,#1664);
#1664 = DEFINITIONAL_REPRESENTATION('',(#1665),#1689);
#1665 = B_SPLINE_CURVE_WITH_KNOTS('',3,(#1666,#1667,#1668,#1669,#1670,
    #1671,#1672,#1673,#1674,#1675,#1676,#1677,#1678,#1679,#1680,#1681,
    #1682,#1683,#1684,#1685,#1686,#1687,#1688),.UNSPECIFIED.,.F.,.F.,(4,
    1,2,2,2,2,1,2,2,1,2,2,4),(0.,6.25E-02,9.375E-02,0.125,0.1875,0.25,
    0.3125,0.34375,0.375,0.4375,0.46875,0.5,1.),.UNSPECIFIED.);
#1666 = CARTESIAN_POINT('',(1.108997821757,-1.210984947075));
#1667 = CARTESIAN_POINT('',(1.147220170642,-1.181868186955));
#1668 = CARTESIAN_POINT('',(1.161809408889,-1.178734779478));
#1669 = CARTESIAN_POINT('',(1.175370286192,-1.178639075758));
#1670 = CARTESIAN_POINT('',(1.184182346406,-1.179250318556));
#1671 = CARTESIAN_POINT('',(1.189645803969,-1.180168516008));
#1672 = CARTESIAN_POINT('',(1.198663250978,-1.182285355808));
#1673 = CARTESIAN_POINT('',(1.204889612415,-1.184773476087));
#1674 = CARTESIAN_POINT('',(1.217771795488,-1.191903504137));
#1675 = CARTESIAN_POINT('',(1.225510565843,-1.197446819687));
#1676 = CARTESIAN_POINT('',(1.237085771869,-1.207081607159));
#1677 = CARTESIAN_POINT('',(1.245604319854,-1.214487104004));
#1678 = CARTESIAN_POINT('',(1.253878583038,-1.22216171021));
#1679 = CARTESIAN_POINT('',(1.259340472983,-1.227337916427));
#1680 = CARTESIAN_POINT('',(1.263237756961,-1.231136581244));
#1681 = CARTESIAN_POINT('',(1.267687290061,-1.235538314805));
#1682 = CARTESIAN_POINT('',(1.274572627124,-1.240957755012));
#1683 = CARTESIAN_POINT('',(1.285111670129,-1.247903755186));
#1684 = CARTESIAN_POINT('',(1.292949633453,-1.252873657517));
#1685 = CARTESIAN_POINT('',(1.299162157779,-1.256655040974));
#1686 = CARTESIAN_POINT('',(1.347498954431,-1.285510368308));
#1687 = CARTESIAN_POINT('',(1.403464710679,-1.30795072876));
#1688 = CARTESIAN_POINT('',(1.469902767514,-1.325673494531));
#1689 = ( GEOMETRIC_REPRESENTATION_CONTEXT(2) 
PARAMETRIC_REPRESENTATION_CONTEXT() REPRESENTATION_CONTEXT('2D SPACE',''
  ) );
#1690 = PCURVE('',#1691,#1742);
#1691 = B_SPLINE_SURFACE_WITH_KNOTS('',3,1,(
    (#1692,#1693)
    ,(#1694,#1695)
    ,(#1696,#1697)
    ,(#1698,#1699)
    ,(#1700,#1701)
    ,(#1702,#1703)
    ,(#1704,#1705)
    ,(#1706,#1707)
    ,(#1708,#1709)
    ,(#1710,#1711)
    ,(#1712,#1713)
    ,(#1714,#1715)
    ,(#1716,#1717)
    ,(#1718,#1719)
    ,(#1720,#1721)
    ,(#1722,#1723)
    ,(#1724,#1725)
    ,(#1726,#1727)
    ,(#1728,#1729)
    ,(#1730,#1731)
    ,(#1732,#1733)
    ,(#1734,#1735)
    ,(#1736,#1737)
    ,(#1738,#1739)
    ,(#1740,#1741
    )),.UNSPECIFIED.,.F.,.F.,.F.,(4,1,1,1,1,1,1,1,1,1,1,1,1,1,1,1,1,1,1,
    1,1,1,4),(2,2),(0.499024834094,0.513738430235,0.537576671814,
    0.560441923945,0.582334186628,0.603253459865,0.623199743654,
    0.642173037997,0.660173342894,0.677200658345,0.693254984351,
    0.708336320912,0.72244466803,0.735580025704,0.747742393936,
    0.758931772728,0.769148162081,0.778391561998,0.786661972481,
    0.793959393536,0.800283825168,0.805635267389,1.),(0.,1.),
  .UNSPECIFIED.);
#1692 = CARTESIAN_POINT('',(4.315987797894,16.85,1.325673494538));
#1693 = CARTESIAN_POINT('',(4.315987797894,16.15,1.325673494538));
#1694 = CARTESIAN_POINT('',(4.312555304976,16.85,1.324757855658));
#1695 = CARTESIAN_POINT('',(4.312555304976,16.15,1.324757855658));
#1696 = CARTESIAN_POINT('',(4.303575836505,16.85,1.322305606127));
#1697 = CARTESIAN_POINT('',(4.303575836505,16.15,1.322305606127));
#1698 = CARTESIAN_POINT('',(4.289333825357,16.85,1.318172649061));
#1699 = CARTESIAN_POINT('',(4.289333825357,16.15,1.318172649061));
#1700 = CARTESIAN_POINT('',(4.273522605987,16.85,1.313239564044));
#1701 = CARTESIAN_POINT('',(4.273522605987,16.15,1.313239564044));
#1702 = CARTESIAN_POINT('',(4.2584816417,16.85,1.308214736274));
#1703 = CARTESIAN_POINT('',(4.2584816417,16.15,1.308214736274));
#1704 = CARTESIAN_POINT('',(4.244208010329,16.85,1.303126911321));
#1705 = CARTESIAN_POINT('',(4.244208010329,16.15,1.303126911321));
#1706 = CARTESIAN_POINT('',(4.230697949901,16.85,1.298004675846));
#1707 = CARTESIAN_POINT('',(4.230697949901,16.15,1.298004675846));
#1708 = CARTESIAN_POINT('',(4.217946863924,16.85,1.292876435547));
#1709 = CARTESIAN_POINT('',(4.217946863924,16.15,1.292876435547));
#1710 = CARTESIAN_POINT('',(4.205949327231,16.85,1.287770393252));
#1711 = CARTESIAN_POINT('',(4.205949327231,16.15,1.287770393252));
#1712 = CARTESIAN_POINT('',(4.194699092359,16.85,1.282714527177));
#1713 = CARTESIAN_POINT('',(4.194699092359,16.15,1.282714527177));
#1714 = CARTESIAN_POINT('',(4.184189096476,16.85,1.277736569353));
#1715 = CARTESIAN_POINT('',(4.184189096476,16.15,1.277736569353));
#1716 = CARTESIAN_POINT('',(4.17441146881,16.85,1.27286398427));
#1717 = CARTESIAN_POINT('',(4.17441146881,16.15,1.27286398427));
#1718 = CARTESIAN_POINT('',(4.165357538709,16.85,1.268123947617));
#1719 = CARTESIAN_POINT('',(4.165357538709,16.15,1.268123947617));
#1720 = CARTESIAN_POINT('',(4.157017843903,16.85,1.263543325584));
#1721 = CARTESIAN_POINT('',(4.157017843903,16.15,1.263543325584));
#1722 = CARTESIAN_POINT('',(4.149382140337,16.85,1.259148653208));
#1723 = CARTESIAN_POINT('',(4.149382140337,16.15,1.259148653208));
#1724 = CARTESIAN_POINT('',(4.142439409065,16.85,1.254966116895));
#1725 = CARTESIAN_POINT('',(4.142439409065,16.15,1.254966116895));
#1726 = CARTESIAN_POINT('',(4.136177875023,16.85,1.251021524159));
#1727 = CARTESIAN_POINT('',(4.136177875023,16.15,1.251021524159));
#1728 = CARTESIAN_POINT('',(4.13058498928,16.85,1.247340316086));
#1729 = CARTESIAN_POINT('',(4.13058498928,16.15,1.247340316086));
#1730 = CARTESIAN_POINT('',(4.125647530974,16.85,1.243947443371));
#1731 = CARTESIAN_POINT('',(4.125647530974,16.15,1.243947443371));
#1732 = CARTESIAN_POINT('',(4.121351332641,16.85,1.240867675157));
#1733 = CARTESIAN_POINT('',(4.121351332641,16.15,1.240867675157));
#1734 = CARTESIAN_POINT('',(4.117682175941,16.85,1.238124566324));
#1735 = CARTESIAN_POINT('',(4.117682175941,16.15,1.238124566324));
#1736 = CARTESIAN_POINT('',(4.078422786538,16.85,1.207565799262));
#1737 = CARTESIAN_POINT('',(4.078422786538,16.15,1.207565799262));
#1738 = CARTESIAN_POINT('',(4.053488344506,16.85,1.161543396812));
#1739 = CARTESIAN_POINT('',(4.053488344506,16.15,1.161543396812));
#1740 = CARTESIAN_POINT('',(3.983121992856,16.85,1.185307215832));
#1741 = CARTESIAN_POINT('',(3.983121992856,16.15,1.185307215832));
#1742 = DEFINITIONAL_REPRESENTATION('',(#1743),#1812);
#1743 = B_SPLINE_CURVE_WITH_KNOTS('',3,(#1744,#1745,#1746,#1747,#1748,
    #1749,#1750,#1751,#1752,#1753,#1754,#1755,#1756,#1757,#1758,#1759,
    #1760,#1761,#1762,#1763,#1764,#1765,#1766,#1767,#1768,#1769,#1770,
    #1771,#1772,#1773,#1774,#1775,#1776,#1777,#1778,#1779,#1780,#1781,
    #1782,#1783,#1784,#1785,#1786,#1787,#1788,#1789,#1790,#1791,#1792,
    #1793,#1794,#1795,#1796,#1797,#1798,#1799,#1800,#1801,#1802,#1803,
    #1804,#1805,#1806,#1807,#1808,#1809,#1810,#1811),.UNSPECIFIED.,.F.,
  .F.,(4,1,1,1,1,1,1,1,1,1,1,1,1,1,1,1,1,1,1,1,1,1,1,1,1,1,1,1,1,1,1,1,1
    ,1,1,1,1,1,1,1,1,1,1,1,1,1,1,1,1,1,1,1,1,1,1,1,1,1,1,1,1,1,1,1,1,4),
  (0.,3.030303030303E-02,4.545454545455E-02,6.060606060606E-02,
    7.575757575758E-02,9.090909090909E-02,0.106060606061,0.121212121212,
    0.136363636364,0.151515151515,0.166666666667,0.181818181818,
    0.19696969697,0.212121212121,0.227272727273,0.242424242424,
    0.257575757576,0.272727272727,0.287878787879,0.30303030303,
    0.318181818182,0.333333333333,0.348484848485,0.363636363636,
    0.378787878788,0.393939393939,0.409090909091,0.424242424242,
    0.439393939394,0.454545454545,0.469696969697,0.484848484848,0.5,
    0.515151515152,0.530303030303,0.545454545455,0.560606060606,
    0.575757575758,0.590909090909,0.606060606061,0.621212121212,
    0.636363636364,0.651515151515,0.666666666667,0.681818181818,
    0.69696969697,0.712121212121,0.727272727273,0.742424242424,
    0.757575757576,0.772727272727,0.787878787879,0.80303030303,
    0.818181818182,0.833333333333,0.848484848485,0.863636363636,
    0.878787878788,0.893939393939,0.909090909091,0.924242424242,
    0.939393939394,0.954545454545,0.969696969697,0.984848484848,1.),
  .UNSPECIFIED.);
#1744 = CARTESIAN_POINT('',(1.000006882835,1.));
#1745 = CARTESIAN_POINT('',(1.003161115161,1.));
#1746 = CARTESIAN_POINT('',(0.995090054162,1.));
#1747 = CARTESIAN_POINT('',(0.978579986844,1.));
#1748 = CARTESIAN_POINT('',(0.971426935447,1.));
#1749 = CARTESIAN_POINT('',(0.963652613723,1.));
#1750 = CARTESIAN_POINT('',(0.955951136336,1.));
#1751 = CARTESIAN_POINT('',(0.94733799223,1.));
#1752 = CARTESIAN_POINT('',(0.93846017539,1.));
#1753 = CARTESIAN_POINT('',(0.932937843602,1.));
#1754 = CARTESIAN_POINT('',(0.926294701327,1.));
#1755 = CARTESIAN_POINT('',(0.919469600197,1.));
#1756 = CARTESIAN_POINT('',(0.912209707748,1.));
#1757 = CARTESIAN_POINT('',(0.904528833976,1.));
#1758 = CARTESIAN_POINT('',(0.895930812432,1.));
#1759 = CARTESIAN_POINT('',(0.887134209552,1.));
#1760 = CARTESIAN_POINT('',(0.878572315428,1.));
#1761 = CARTESIAN_POINT('',(0.870912956192,1.));
#1762 = CARTESIAN_POINT('',(0.863245685745,1.));
#1763 = CARTESIAN_POINT('',(0.855634371801,1.));
#1764 = CARTESIAN_POINT('',(0.848040672588,1.));
#1765 = CARTESIAN_POINT('',(0.840495170425,1.));
#1766 = CARTESIAN_POINT('',(0.832844122011,1.));
#1767 = CARTESIAN_POINT('',(0.825610944093,1.));
#1768 = CARTESIAN_POINT('',(0.816009333916,1.));
#1769 = CARTESIAN_POINT('',(0.810976103245,1.));
#1770 = CARTESIAN_POINT('',(0.806477582016,1.));
#1771 = CARTESIAN_POINT('',(0.80080641414,1.));
#1772 = CARTESIAN_POINT('',(0.794389981502,1.));
#1773 = CARTESIAN_POINT('',(0.787163364514,1.));
#1774 = CARTESIAN_POINT('',(0.778916452759,1.));
#1775 = CARTESIAN_POINT('',(0.770519948985,1.));
#1776 = CARTESIAN_POINT('',(0.758628334766,1.));
#1777 = CARTESIAN_POINT('',(0.748855458558,1.));
#1778 = CARTESIAN_POINT('',(0.743024333583,1.));
#1779 = CARTESIAN_POINT('',(0.736073153589,1.));
#1780 = CARTESIAN_POINT('',(0.729357268208,1.));
#1781 = CARTESIAN_POINT('',(0.722512606523,1.));
#1782 = CARTESIAN_POINT('',(0.71563577103,1.));
#1783 = CARTESIAN_POINT('',(0.708699993006,1.));
#1784 = CARTESIAN_POINT('',(0.701711522691,1.));
#1785 = CARTESIAN_POINT('',(0.694667831841,1.));
#1786 = CARTESIAN_POINT('',(0.687568713515,1.));
#1787 = CARTESIAN_POINT('',(0.680413399389,1.));
#1788 = CARTESIAN_POINT('',(0.67320125991,1.));
#1789 = CARTESIAN_POINT('',(0.665931662321,1.));
#1790 = CARTESIAN_POINT('',(0.658603998187,1.));
#1791 = CARTESIAN_POINT('',(0.651217648359,1.));
#1792 = CARTESIAN_POINT('',(0.64377205315,1.));
#1793 = CARTESIAN_POINT('',(0.63626661409,1.));
#1794 = CARTESIAN_POINT('',(0.628700795081,1.));
#1795 = CARTESIAN_POINT('',(0.621074049279,1.));
#1796 = CARTESIAN_POINT('',(0.613385838575,1.));
#1797 = CARTESIAN_POINT('',(0.605635671738,1.));
#1798 = CARTESIAN_POINT('',(0.597823028038,1.));
#1799 = CARTESIAN_POINT('',(0.589947434304,1.));
#1800 = CARTESIAN_POINT('',(0.582008425168,1.));
#1801 = CARTESIAN_POINT('',(0.574005524462,1.));
#1802 = CARTESIAN_POINT('',(0.565938309062,1.));
#1803 = CARTESIAN_POINT('',(0.557806340575,1.));
#1804 = CARTESIAN_POINT('',(0.549609194193,1.));
#1805 = CARTESIAN_POINT('',(0.541346484868,1.));
#1806 = CARTESIAN_POINT('',(0.533017807364,1.));
#1807 = CARTESIAN_POINT('',(0.524622785959,1.));
#1808 = CARTESIAN_POINT('',(0.516161070315,1.));
#1809 = CARTESIAN_POINT('',(0.507632290518,1.));
#1810 = CARTESIAN_POINT('',(0.501901511403,1.));
#1811 = CARTESIAN_POINT('',(0.499024834094,1.));
#1812 = ( GEOMETRIC_REPRESENTATION_CONTEXT(2) 
PARAMETRIC_REPRESENTATION_CONTEXT() REPRESENTATION_CONTEXT('2D SPACE',''
  ) );
#1813 = ORIENTED_EDGE('',*,*,#1814,.T.);
#1814 = EDGE_CURVE('',#1636,#1815,#1817,.T.);
#1815 = VERTEX_POINT('',#1816);
#1816 = CARTESIAN_POINT('',(4.393293429258,16.15,1.234573015394));
#1817 = SURFACE_CURVE('',#1818,(#1823,#1831),.PCURVE_S1.);
#1818 = B_SPLINE_CURVE_WITH_KNOTS('',3,(#1819,#1820,#1821,#1822),
  .UNSPECIFIED.,.F.,.F.,(4,4),(0.,1.),.PIECEWISE_BEZIER_KNOTS.);
#1819 = CARTESIAN_POINT('',(4.315987797867,16.15,1.325673494531));
#1820 = CARTESIAN_POINT('',(4.342673255976,16.15,1.296084739146));
#1821 = CARTESIAN_POINT('',(4.368441799778,16.15,1.26571791277));
#1822 = CARTESIAN_POINT('',(4.393293429258,16.15,1.234573015394));
#1823 = PCURVE('',#206,#1824);
#1824 = DEFINITIONAL_REPRESENTATION('',(#1825),#1830);
#1825 = B_SPLINE_CURVE_WITH_KNOTS('',3,(#1826,#1827,#1828,#1829),
  .UNSPECIFIED.,.F.,.F.,(4,4),(0.,1.),.PIECEWISE_BEZIER_KNOTS.);
#1826 = CARTESIAN_POINT('',(1.469902767514,-1.325673494531));
#1827 = CARTESIAN_POINT('',(1.496588225623,-1.296084739146));
#1828 = CARTESIAN_POINT('',(1.522356769425,-1.26571791277));
#1829 = CARTESIAN_POINT('',(1.547208398905,-1.234573015394));
#1830 = ( GEOMETRIC_REPRESENTATION_CONTEXT(2) 
PARAMETRIC_REPRESENTATION_CONTEXT() REPRESENTATION_CONTEXT('2D SPACE',''
  ) );
#1831 = PCURVE('',#1832,#1837);
#1832 = CYLINDRICAL_SURFACE('',#1833,1.9794);
#1833 = AXIS2_PLACEMENT_3D('',#1834,#1835,#1836);
#1834 = CARTESIAN_POINT('',(2.846085030353,16.85,1.734723475977E-15));
#1835 = DIRECTION('',(1.393758570794E-16,-1.,-7.018727669979E-18));
#1836 = DIRECTION('',(5.029454251471E-02,6.162975822039E-33,
    0.998734428661));
#1837 = DEFINITIONAL_REPRESENTATION('',(#1838),#1841);
#1838 = B_SPLINE_CURVE_WITH_KNOTS('',1,(#1839,#1840),.UNSPECIFIED.,.F.,
  .F.,(2,2),(0.,1.),.PIECEWISE_BEZIER_KNOTS.);
#1839 = CARTESIAN_POINT('',(5.496556650717,0.7));
#1840 = CARTESIAN_POINT('',(5.436185783771,0.7));
#1841 = ( GEOMETRIC_REPRESENTATION_CONTEXT(2) 
PARAMETRIC_REPRESENTATION_CONTEXT() REPRESENTATION_CONTEXT('2D SPACE',''
  ) );
#1842 = ORIENTED_EDGE('',*,*,#1843,.T.);
#1843 = EDGE_CURVE('',#1815,#1844,#1846,.T.);
#1844 = VERTEX_POINT('',#1845);
#1845 = CARTESIAN_POINT('',(4.200628908589,16.15,0.928987153804));
#1846 = SURFACE_CURVE('',#1847,(#1862,#1880),.PCURVE_S1.);
#1847 = B_SPLINE_CURVE_WITH_KNOTS('',3,(#1848,#1849,#1850,#1851,#1852,
    #1853,#1854,#1855,#1856,#1857,#1858,#1859,#1860,#1861),
  .UNSPECIFIED.,.F.,.F.,(4,1,1,2,2,2,2,4),(0.,0.25,0.375,0.4375,0.5,
    0.625,0.75,1.),.UNSPECIFIED.);
#1848 = CARTESIAN_POINT('',(4.393293429258,16.15,1.234573015394));
#1849 = CARTESIAN_POINT('',(4.379344838191,16.15,1.203683143474));
#1850 = CARTESIAN_POINT('',(4.357165062331,16.15,1.16117779735));
#1851 = CARTESIAN_POINT('',(4.329089100964,16.15,1.11828978496));
#1852 = CARTESIAN_POINT('',(4.316585212621,16.15,1.101345256383));
#1853 = CARTESIAN_POINT('',(4.308144546288,16.15,1.090368025812));
#1854 = CARTESIAN_POINT('',(4.304956745306,16.15,1.086335688399));
#1855 = CARTESIAN_POINT('',(4.288726815784,16.15,1.066937057087));
#1856 = CARTESIAN_POINT('',(4.279459448241,16.15,1.057130784863));
#1857 = CARTESIAN_POINT('',(4.256688281859,16.15,1.037413545418));
#1858 = CARTESIAN_POINT('',(4.246658390741,16.15,1.029342822648));
#1859 = CARTESIAN_POINT('',(4.204781993927,16.15,0.99901124901));
#1860 = CARTESIAN_POINT('',(4.194091766189,16.15,0.968929534244));
#1861 = CARTESIAN_POINT('',(4.200628908589,16.15,0.928987153804));
#1862 = PCURVE('',#206,#1863);
#1863 = DEFINITIONAL_REPRESENTATION('',(#1864),#1879);
#1864 = B_SPLINE_CURVE_WITH_KNOTS('',3,(#1865,#1866,#1867,#1868,#1869,
    #1870,#1871,#1872,#1873,#1874,#1875,#1876,#1877,#1878),
  .UNSPECIFIED.,.F.,.F.,(4,1,1,2,2,2,2,4),(0.,0.25,0.375,0.4375,0.5,
    0.625,0.75,1.),.UNSPECIFIED.);
#1865 = CARTESIAN_POINT('',(1.547208398905,-1.234573015394));
#1866 = CARTESIAN_POINT('',(1.533259807838,-1.203683143474));
#1867 = CARTESIAN_POINT('',(1.511080031978,-1.16117779735));
#1868 = CARTESIAN_POINT('',(1.483004070611,-1.11828978496));
#1869 = CARTESIAN_POINT('',(1.470500182268,-1.101345256383));
#1870 = CARTESIAN_POINT('',(1.462059515935,-1.090368025812));
#1871 = CARTESIAN_POINT('',(1.458871714953,-1.086335688399));
#1872 = CARTESIAN_POINT('',(1.44264178543,-1.066937057087));
#1873 = CARTESIAN_POINT('',(1.433374417888,-1.057130784863));
#1874 = CARTESIAN_POINT('',(1.410603251505,-1.037413545418));
#1875 = CARTESIAN_POINT('',(1.400573360388,-1.029342822648));
#1876 = CARTESIAN_POINT('',(1.358696963574,-0.99901124901));
#1877 = CARTESIAN_POINT('',(1.348006735836,-0.968929534244));
#1878 = CARTESIAN_POINT('',(1.354543878236,-0.928987153804));
#1879 = ( GEOMETRIC_REPRESENTATION_CONTEXT(2) 
PARAMETRIC_REPRESENTATION_CONTEXT() REPRESENTATION_CONTEXT('2D SPACE',''
  ) );
#1880 = PCURVE('',#1881,#1932);
#1881 = B_SPLINE_SURFACE_WITH_KNOTS('',3,1,(
    (#1882,#1883)
    ,(#1884,#1885)
    ,(#1886,#1887)
    ,(#1888,#1889)
    ,(#1890,#1891)
    ,(#1892,#1893)
    ,(#1894,#1895)
    ,(#1896,#1897)
    ,(#1898,#1899)
    ,(#1900,#1901)
    ,(#1902,#1903)
    ,(#1904,#1905)
    ,(#1906,#1907)
    ,(#1908,#1909)
    ,(#1910,#1911)
    ,(#1912,#1913)
    ,(#1914,#1915)
    ,(#1916,#1917)
    ,(#1918,#1919)
    ,(#1920,#1921)
    ,(#1922,#1923)
    ,(#1924,#1925)
    ,(#1926,#1927)
    ,(#1928,#1929)
    ,(#1930,#1931
    )),.UNSPECIFIED.,.F.,.F.,.F.,(4,1,1,1,1,1,1,1,1,1,1,1,1,1,1,1,1,1,1,
    1,1,1,4),(2,2),(0.,0.194364732611,0.199716174832,0.206040606464,
    0.213338027519,0.221608438002,0.230851837919,0.241068227272,
    0.252257606064,0.264419974296,0.27755533197,0.291663679088,
    0.306745015649,0.322799341655,0.339826657106,0.357826962003,
    0.376800256346,0.396746540135,0.417665813372,0.439558076055,
    0.462423328186,0.486261569765,0.500975165828),(0.,1.),
  .UNSPECIFIED.);
#1882 = CARTESIAN_POINT('',(4.200628908589,16.85,0.928987153804));
#1883 = CARTESIAN_POINT('',(4.200628908589,16.15,0.928987153804));
#1884 = CARTESIAN_POINT('',(4.188633038042,16.85,1.002282730947));
#1885 = CARTESIAN_POINT('',(4.188633038042,16.15,1.002282730947));
#1886 = CARTESIAN_POINT('',(4.238099683983,16.85,1.019395266295));
#1887 = CARTESIAN_POINT('',(4.238099683983,16.15,1.019395266295));
#1888 = CARTESIAN_POINT('',(4.274640021644,16.85,1.053158287847));
#1889 = CARTESIAN_POINT('',(4.274640021644,16.15,1.053158287847));
#1890 = CARTESIAN_POINT('',(4.277943669046,16.85,1.056332129494));
#1891 = CARTESIAN_POINT('',(4.277943669046,16.15,1.056332129494));
#1892 = CARTESIAN_POINT('',(4.281681530517,16.85,1.060069867311));
#1893 = CARTESIAN_POINT('',(4.281681530517,16.15,1.060069867311));
#1894 = CARTESIAN_POINT('',(4.285832679015,16.85,1.064389363338));
#1895 = CARTESIAN_POINT('',(4.285832679015,16.15,1.064389363338));
#1896 = CARTESIAN_POINT('',(4.290374981143,16.85,1.069308627021));
#1897 = CARTESIAN_POINT('',(4.290374981143,16.15,1.069308627021));
#1898 = CARTESIAN_POINT('',(4.295285970325,16.85,1.074844763371));
#1899 = CARTESIAN_POINT('',(4.295285970325,16.15,1.074844763371));
#1900 = CARTESIAN_POINT('',(4.30054258678,16.85,1.081014294225));
#1901 = CARTESIAN_POINT('',(4.30054258678,16.15,1.081014294225));
#1902 = CARTESIAN_POINT('',(4.306121283254,16.85,1.087833037503));
#1903 = CARTESIAN_POINT('',(4.306121283254,16.15,1.087833037503));
#1904 = CARTESIAN_POINT('',(4.311998015599,16.85,1.095316126745));
#1905 = CARTESIAN_POINT('',(4.311998015599,16.15,1.095316126745));
#1906 = CARTESIAN_POINT('',(4.318148269583,16.85,1.103477987666));
#1907 = CARTESIAN_POINT('',(4.318148269583,16.15,1.103477987666));
#1908 = CARTESIAN_POINT('',(4.324547077007,16.85,1.112332328506));
#1909 = CARTESIAN_POINT('',(4.324547077007,16.15,1.112332328506));
#1910 = CARTESIAN_POINT('',(4.331169035478,16.85,1.121892126809));
#1911 = CARTESIAN_POINT('',(4.331169035478,16.15,1.121892126809));
#1912 = CARTESIAN_POINT('',(4.337988327479,16.85,1.132169617896));
#1913 = CARTESIAN_POINT('',(4.337988327479,16.15,1.132169617896));
#1914 = CARTESIAN_POINT('',(4.344978740039,16.85,1.143176283461));
#1915 = CARTESIAN_POINT('',(4.344978740039,16.15,1.143176283461));
#1916 = CARTESIAN_POINT('',(4.352113684592,16.85,1.154922840759));
#1917 = CARTESIAN_POINT('',(4.352113684592,16.15,1.154922840759));
#1918 = CARTESIAN_POINT('',(4.359366217139,16.85,1.167419232266));
#1919 = CARTESIAN_POINT('',(4.359366217139,16.15,1.167419232266));
#1920 = CARTESIAN_POINT('',(4.366709058659,16.85,1.180674615839));
#1921 = CARTESIAN_POINT('',(4.366709058659,16.15,1.180674615839));
#1922 = CARTESIAN_POINT('',(4.374114615771,16.85,1.194697355395));
#1923 = CARTESIAN_POINT('',(4.374114615771,16.15,1.194697355395));
#1924 = CARTESIAN_POINT('',(4.38155500164,16.85,1.209495012097));
#1925 = CARTESIAN_POINT('',(4.38155500164,16.15,1.209495012097));
#1926 = CARTESIAN_POINT('',(4.387950558291,16.85,1.222874588705));
#1927 = CARTESIAN_POINT('',(4.387950558291,16.15,1.222874588705));
#1928 = CARTESIAN_POINT('',(4.391831404686,16.85,1.231335286826));
#1929 = CARTESIAN_POINT('',(4.391831404686,16.15,1.231335286826));
#1930 = CARTESIAN_POINT('',(4.393293429254,16.85,1.234573015385));
#1931 = CARTESIAN_POINT('',(4.393293429254,16.15,1.234573015385));
#1932 = DEFINITIONAL_REPRESENTATION('',(#1933),#1981);
#1933 = B_SPLINE_CURVE_WITH_KNOTS('',3,(#1934,#1935,#1936,#1937,#1938,
    #1939,#1940,#1941,#1942,#1943,#1944,#1945,#1946,#1947,#1948,#1949,
    #1950,#1951,#1952,#1953,#1954,#1955,#1956,#1957,#1958,#1959,#1960,
    #1961,#1962,#1963,#1964,#1965,#1966,#1967,#1968,#1969,#1970,#1971,
    #1972,#1973,#1974,#1975,#1976,#1977,#1978,#1979,#1980),
  .UNSPECIFIED.,.F.,.F.,(4,1,1,1,1,1,1,1,1,1,1,1,1,1,1,1,1,1,1,1,1,1,1,1
    ,1,1,1,1,1,1,1,1,1,1,1,1,1,1,1,1,1,1,1,1,4),(0.,2.272727272727E-02,
    4.545454545455E-02,6.818181818182E-02,9.090909090909E-02,
    0.113636363636,0.136363636364,0.159090909091,0.181818181818,
    0.204545454545,0.227272727273,0.25,0.272727272727,0.295454545455,
    0.318181818182,0.340909090909,0.363636363636,0.386363636364,
    0.409090909091,0.431818181818,0.454545454545,0.477272727273,0.5,
    0.522727272727,0.545454545455,0.568181818182,0.590909090909,
    0.613636363636,0.636363636364,0.659090909091,0.681818181818,
    0.704545454545,0.727272727273,0.75,0.772727272727,0.795454545455,
    0.818181818182,0.840909090909,0.863636363636,0.886363636364,
    0.909090909091,0.931818181818,0.954545454545,0.977272727273,1.),
  .QUASI_UNIFORM_KNOTS.);
#1934 = CARTESIAN_POINT('',(0.500975165828,1.));
#1935 = CARTESIAN_POINT('',(0.496721323322,1.));
#1936 = CARTESIAN_POINT('',(0.488258886921,1.));
#1937 = CARTESIAN_POINT('',(0.475699744679,1.));
#1938 = CARTESIAN_POINT('',(0.463273887609,1.));
#1939 = CARTESIAN_POINT('',(0.450980066531,1.));
#1940 = CARTESIAN_POINT('',(0.43881691617,1.));
#1941 = CARTESIAN_POINT('',(0.426783081569,1.));
#1942 = CARTESIAN_POINT('',(0.414877086485,1.));
#1943 = CARTESIAN_POINT('',(0.403097453362,1.));
#1944 = CARTESIAN_POINT('',(0.391442605916,1.));
#1945 = CARTESIAN_POINT('',(0.379910930328,1.));
#1946 = CARTESIAN_POINT('',(0.368500755839,1.));
#1947 = CARTESIAN_POINT('',(0.357210338299,1.));
#1948 = CARTESIAN_POINT('',(0.346037863342,1.));
#1949 = CARTESIAN_POINT('',(0.334981627294,1.));
#1950 = CARTESIAN_POINT('',(0.324039090939,1.));
#1951 = CARTESIAN_POINT('',(0.313210663364,1.));
#1952 = CARTESIAN_POINT('',(0.302485483767,1.));
#1953 = CARTESIAN_POINT('',(0.291894429658,1.));
#1954 = CARTESIAN_POINT('',(0.281312473371,1.));
#1955 = CARTESIAN_POINT('',(0.271196261002,1.));
#1956 = CARTESIAN_POINT('',(0.262103165089,1.));
#1957 = CARTESIAN_POINT('',(0.250705503065,1.));
#1958 = CARTESIAN_POINT('',(0.238000320136,1.));
#1959 = CARTESIAN_POINT('',(0.226581245418,1.));
#1960 = CARTESIAN_POINT('',(0.215441819512,1.));
#1961 = CARTESIAN_POINT('',(0.20452594811,1.));
#1962 = CARTESIAN_POINT('',(0.193553771525,1.));
#1963 = CARTESIAN_POINT('',(0.182173164195,1.));
#1964 = CARTESIAN_POINT('',(0.171346885659,1.));
#1965 = CARTESIAN_POINT('',(0.160606196697,1.));
#1966 = CARTESIAN_POINT('',(0.149604623825,1.));
#1967 = CARTESIAN_POINT('',(0.138048588657,1.));
#1968 = CARTESIAN_POINT('',(0.125307364886,1.));
#1969 = CARTESIAN_POINT('',(0.112184700541,1.));
#1970 = CARTESIAN_POINT('',(9.968544149474E-02,1.));
#1971 = CARTESIAN_POINT('',(8.744824354522E-02,1.));
#1972 = CARTESIAN_POINT('',(7.549042687619E-02,1.));
#1973 = CARTESIAN_POINT('',(6.376706625493E-02,1.));
#1974 = CARTESIAN_POINT('',(5.230081095154E-02,1.));
#1975 = CARTESIAN_POINT('',(4.113357489647E-02,1.));
#1976 = CARTESIAN_POINT('',(3.0307333623E-02,1.));
#1977 = CARTESIAN_POINT('',(1.984108956224E-02,1.));
#1978 = CARTESIAN_POINT('',(9.729928521857E-03,1.));
#1979 = CARTESIAN_POINT('',(3.208870658696E-03,1.));
#1980 = CARTESIAN_POINT('',(0.,1.));
#1981 = ( GEOMETRIC_REPRESENTATION_CONTEXT(2) 
PARAMETRIC_REPRESENTATION_CONTEXT() REPRESENTATION_CONTEXT('2D SPACE',''
  ) );
#1982 = ORIENTED_EDGE('',*,*,#1983,.T.);
#1983 = EDGE_CURVE('',#1844,#1984,#1986,.T.);
#1984 = VERTEX_POINT('',#1985);
#1985 = CARTESIAN_POINT('',(4.242173803575,16.15,0.865299016112));
#1986 = SURFACE_CURVE('',#1987,(#1992,#2000),.PCURVE_S1.);
#1987 = B_SPLINE_CURVE_WITH_KNOTS('',3,(#1988,#1989,#1990,#1991),
  .UNSPECIFIED.,.F.,.F.,(4,4),(0.,1.),.PIECEWISE_BEZIER_KNOTS.);
#1988 = CARTESIAN_POINT('',(4.200628908589,16.15,0.928987153804));
#1989 = CARTESIAN_POINT('',(4.214477206918,16.15,0.907757774573));
#1990 = CARTESIAN_POINT('',(4.228325505246,16.15,0.886528395343));
#1991 = CARTESIAN_POINT('',(4.242173803575,16.15,0.865299016112));
#1992 = PCURVE('',#206,#1993);
#1993 = DEFINITIONAL_REPRESENTATION('',(#1994),#1999);
#1994 = B_SPLINE_CURVE_WITH_KNOTS('',3,(#1995,#1996,#1997,#1998),
  .UNSPECIFIED.,.F.,.F.,(4,4),(0.,1.),.PIECEWISE_BEZIER_KNOTS.);
#1995 = CARTESIAN_POINT('',(1.354543878236,-0.928987153804));
#1996 = CARTESIAN_POINT('',(1.368392176565,-0.907757774573));
#1997 = CARTESIAN_POINT('',(1.382240474893,-0.886528395343));
#1998 = CARTESIAN_POINT('',(1.396088773222,-0.865299016112));
#1999 = ( GEOMETRIC_REPRESENTATION_CONTEXT(2) 
PARAMETRIC_REPRESENTATION_CONTEXT() REPRESENTATION_CONTEXT('2D SPACE',''
  ) );
#2000 = PCURVE('',#2001,#2006);
#2001 = CYLINDRICAL_SURFACE('',#2002,1.6425);
#2002 = AXIS2_PLACEMENT_3D('',#2003,#2004,#2005);
#2003 = CARTESIAN_POINT('',(2.846085030353,16.85,1.734723475977E-15));
#2004 = DIRECTION('',(9.835063661388E-17,-1.,6.41558541033E-17));
#2005 = DIRECTION('',(0.546352228505,-3.697785493223E-32,-0.837555516015
    ));
#2006 = DEFINITIONAL_REPRESENTATION('',(#2007),#2010);
#2007 = B_SPLINE_CURVE_WITH_KNOTS('',1,(#2008,#2009),.UNSPECIFIED.,.F.,
  .F.,(2,2),(0.,1.),.PIECEWISE_BEZIER_KNOTS.);
#2008 = CARTESIAN_POINT('',(1.593946186551,0.7));
#2009 = CARTESIAN_POINT('',(1.547646467039,0.7));
#2010 = ( GEOMETRIC_REPRESENTATION_CONTEXT(2) 
PARAMETRIC_REPRESENTATION_CONTEXT() REPRESENTATION_CONTEXT('2D SPACE',''
  ) );
#2011 = ORIENTED_EDGE('',*,*,#2012,.T.);
#2012 = EDGE_CURVE('',#1984,#2013,#2015,.T.);
#2013 = VERTEX_POINT('',#2014);
#2014 = CARTESIAN_POINT('',(4.599489691236,16.15,0.918475070561));
#2015 = SURFACE_CURVE('',#2016,(#2040,#2067),.PCURVE_S1.);
#2016 = B_SPLINE_CURVE_WITH_KNOTS('',3,(#2017,#2018,#2019,#2020,#2021,
    #2022,#2023,#2024,#2025,#2026,#2027,#2028,#2029,#2030,#2031,#2032,
    #2033,#2034,#2035,#2036,#2037,#2038,#2039),.UNSPECIFIED.,.F.,.F.,(4,
    1,2,2,2,2,1,2,2,1,2,2,4),(0.,6.249999999999E-02,9.374999999999E-02,
    0.125,0.1875,0.25,0.3125,0.34375,0.375,0.4375,0.46875,0.5,1.),
  .UNSPECIFIED.);
#2017 = CARTESIAN_POINT('',(4.242173803575,16.15,0.865299016112));
#2018 = CARTESIAN_POINT('',(4.251181835802,16.15,0.859435569768));
#2019 = CARTESIAN_POINT('',(4.26453347955,16.15,0.852772408035));
#2020 = CARTESIAN_POINT('',(4.277644516408,16.15,0.849307257977));
#2021 = CARTESIAN_POINT('',(4.286331739449,16.15,0.847707827199));
#2022 = CARTESIAN_POINT('',(4.291851898866,16.15,0.847238471144));
#2023 = CARTESIAN_POINT('',(4.301112482846,16.15,0.84704625865));
#2024 = CARTESIAN_POINT('',(4.307762002042,16.15,0.847907776932));
#2025 = CARTESIAN_POINT('',(4.322012633515,16.15,0.851610133385));
#2026 = CARTESIAN_POINT('',(4.330886842688,16.15,0.855054741557));
#2027 = CARTESIAN_POINT('',(4.34449446654,16.15,0.861508197783));
#2028 = CARTESIAN_POINT('',(4.35458706085,16.15,0.86656256059));
#2029 = CARTESIAN_POINT('',(4.364509969793,16.15,0.871938329351));
#2030 = CARTESIAN_POINT('',(4.371087534562,16.15,0.875593598737));
#2031 = CARTESIAN_POINT('',(4.375807067721,16.15,0.878303706401));
#2032 = CARTESIAN_POINT('',(4.38121147718,16.15,0.881460597524));
#2033 = CARTESIAN_POINT('',(4.389228258691,16.15,0.884997462354));
#2034 = CARTESIAN_POINT('',(4.40116359828,16.15,0.889104287744));
#2035 = CARTESIAN_POINT('',(4.409991282023,16.15,0.891968829239));
#2036 = CARTESIAN_POINT('',(4.416949020299,16.15,0.894086421608));
#2037 = CARTESIAN_POINT('',(4.470943255698,16.15,0.910014333267));
#2038 = CARTESIAN_POINT('',(4.530731435507,16.15,0.917831570924));
#2039 = CARTESIAN_POINT('',(4.599489691236,16.15,0.918475070561));
#2040 = PCURVE('',#206,#2041);
#2041 = DEFINITIONAL_REPRESENTATION('',(#2042),#2066);
#2042 = B_SPLINE_CURVE_WITH_KNOTS('',3,(#2043,#2044,#2045,#2046,#2047,
    #2048,#2049,#2050,#2051,#2052,#2053,#2054,#2055,#2056,#2057,#2058,
    #2059,#2060,#2061,#2062,#2063,#2064,#2065),.UNSPECIFIED.,.F.,.F.,(4,
    1,2,2,2,2,1,2,2,1,2,2,4),(0.,6.249999999999E-02,9.374999999999E-02,
    0.125,0.1875,0.25,0.3125,0.34375,0.375,0.4375,0.46875,0.5,1.),
  .UNSPECIFIED.);
#2043 = CARTESIAN_POINT('',(1.396088773222,-0.865299016112));
#2044 = CARTESIAN_POINT('',(1.405096805449,-0.859435569768));
#2045 = CARTESIAN_POINT('',(1.418448449197,-0.852772408035));
#2046 = CARTESIAN_POINT('',(1.431559486055,-0.849307257977));
#2047 = CARTESIAN_POINT('',(1.440246709096,-0.847707827199));
#2048 = CARTESIAN_POINT('',(1.445766868513,-0.847238471144));
#2049 = CARTESIAN_POINT('',(1.455027452493,-0.84704625865));
#2050 = CARTESIAN_POINT('',(1.461676971688,-0.847907776932));
#2051 = CARTESIAN_POINT('',(1.475927603162,-0.851610133385));
#2052 = CARTESIAN_POINT('',(1.484801812335,-0.855054741557));
#2053 = CARTESIAN_POINT('',(1.498409436187,-0.861508197783));
#2054 = CARTESIAN_POINT('',(1.508502030497,-0.86656256059));
#2055 = CARTESIAN_POINT('',(1.51842493944,-0.871938329351));
#2056 = CARTESIAN_POINT('',(1.525002504208,-0.875593598737));
#2057 = CARTESIAN_POINT('',(1.529722037368,-0.878303706401));
#2058 = CARTESIAN_POINT('',(1.535126446827,-0.881460597524));
#2059 = CARTESIAN_POINT('',(1.543143228338,-0.884997462354));
#2060 = CARTESIAN_POINT('',(1.555078567927,-0.889104287744));
#2061 = CARTESIAN_POINT('',(1.56390625167,-0.891968829239));
#2062 = CARTESIAN_POINT('',(1.570863989946,-0.894086421608));
#2063 = CARTESIAN_POINT('',(1.624858225344,-0.910014333267));
#2064 = CARTESIAN_POINT('',(1.684646405154,-0.917831570924));
#2065 = CARTESIAN_POINT('',(1.753404660883,-0.918475070561));
#2066 = ( GEOMETRIC_REPRESENTATION_CONTEXT(2) 
PARAMETRIC_REPRESENTATION_CONTEXT() REPRESENTATION_CONTEXT('2D SPACE',''
  ) );
#2067 = PCURVE('',#2068,#2119);
#2068 = B_SPLINE_SURFACE_WITH_KNOTS('',3,1,(
    (#2069,#2070)
    ,(#2071,#2072)
    ,(#2073,#2074)
    ,(#2075,#2076)
    ,(#2077,#2078)
    ,(#2079,#2080)
    ,(#2081,#2082)
    ,(#2083,#2084)
    ,(#2085,#2086)
    ,(#2087,#2088)
    ,(#2089,#2090)
    ,(#2091,#2092)
    ,(#2093,#2094)
    ,(#2095,#2096)
    ,(#2097,#2098)
    ,(#2099,#2100)
    ,(#2101,#2102)
    ,(#2103,#2104)
    ,(#2105,#2106)
    ,(#2107,#2108)
    ,(#2109,#2110)
    ,(#2111,#2112)
    ,(#2113,#2114)
    ,(#2115,#2116)
    ,(#2117,#2118
    )),.UNSPECIFIED.,.F.,.F.,.F.,(4,1,1,1,1,1,1,1,1,1,1,1,1,1,1,1,1,1,1,
    1,1,1,4),(2,2),(0.499024834094,0.513738430235,0.537576671814,
    0.560441923945,0.582334186628,0.603253459865,0.623199743654,
    0.642173037997,0.660173342894,0.677200658345,0.693254984351,
    0.708336320912,0.72244466803,0.735580025704,0.747742393936,
    0.758931772728,0.769148162081,0.778391561998,0.786661972481,
    0.793959393536,0.800283825168,0.805635267389,1.),(0.,1.),
  .UNSPECIFIED.);
#2069 = CARTESIAN_POINT('',(4.599489691263,16.85,0.918475070561));
#2070 = CARTESIAN_POINT('',(4.599489691263,16.15,0.918475070561));
#2071 = CARTESIAN_POINT('',(4.595937326292,16.85,0.918441824437));
#2072 = CARTESIAN_POINT('',(4.595937326292,16.15,0.918441824437));
#2073 = CARTESIAN_POINT('',(4.586630114676,16.85,0.918299719834));
#2074 = CARTESIAN_POINT('',(4.586630114676,16.15,0.918299719834));
#2075 = CARTESIAN_POINT('',(4.571807717871,16.85,0.917838451361));
#2076 = CARTESIAN_POINT('',(4.571807717871,16.15,0.917838451361));
#2077 = CARTESIAN_POINT('',(4.555266428677,16.85,0.916992438642));
#2078 = CARTESIAN_POINT('',(4.555266428677,16.15,0.916992438642));
#2079 = CARTESIAN_POINT('',(4.53944838009,16.85,0.915866010787));
#2080 = CARTESIAN_POINT('',(4.53944838009,16.15,0.915866010787));
#2081 = CARTESIAN_POINT('',(4.524357890483,16.85,0.914487736986));
#2082 = CARTESIAN_POINT('',(4.524357890483,16.15,0.914487736986));
#2083 = CARTESIAN_POINT('',(4.509998425284,16.85,0.912886241361));
#2084 = CARTESIAN_POINT('',(4.509998425284,16.15,0.912886241361));
#2085 = CARTESIAN_POINT('',(4.496372596619,16.85,0.911090180294));
#2086 = CARTESIAN_POINT('',(4.496372596619,16.15,0.911090180294));
#2087 = CARTESIAN_POINT('',(4.483482163521,16.85,0.909128219754));
#2088 = CARTESIAN_POINT('',(4.483482163521,16.15,0.909128219754));
#2089 = CARTESIAN_POINT('',(4.471328032702,16.85,0.907029012649));
#2090 = CARTESIAN_POINT('',(4.471328032702,16.15,0.907029012649));
#2091 = CARTESIAN_POINT('',(4.459910259896,16.85,0.904821176215));
#2092 = CARTESIAN_POINT('',(4.459910259896,16.15,0.904821176215));
#2093 = CARTESIAN_POINT('',(4.449228051749,16.85,0.902533269473));
#2094 = CARTESIAN_POINT('',(4.449228051749,16.15,0.902533269473));
#2095 = CARTESIAN_POINT('',(4.43927976833,16.85,0.900193770643));
#2096 = CARTESIAN_POINT('',(4.43927976833,16.15,0.900193770643));
#2097 = CARTESIAN_POINT('',(4.430062925996,16.85,0.897831055034));
#2098 = CARTESIAN_POINT('',(4.430062925996,16.15,0.897831055034));
#2099 = CARTESIAN_POINT('',(4.421574201521,16.85,0.89547337163));
#2100 = CARTESIAN_POINT('',(4.421574201521,16.15,0.89547337163));
#2101 = CARTESIAN_POINT('',(4.413809434435,16.85,0.893148824444));
#2102 = CARTESIAN_POINT('',(4.413809434435,16.15,0.893148824444));
#2103 = CARTESIAN_POINT('',(4.406763637676,16.85,0.890885338537));
#2104 = CARTESIAN_POINT('',(4.406763637676,16.15,0.890885338537));
#2105 = CARTESIAN_POINT('',(4.400430983504,16.85,0.888710676509));
#2106 = CARTESIAN_POINT('',(4.400430983504,16.15,0.888710676509));
#2107 = CARTESIAN_POINT('',(4.394804871397,16.85,0.886652293078));
#2108 = CARTESIAN_POINT('',(4.394804871397,16.15,0.886652293078));
#2109 = CARTESIAN_POINT('',(4.389877738825,16.85,0.884737702524));
#2110 = CARTESIAN_POINT('',(4.389877738825,16.15,0.884737702524));
#2111 = CARTESIAN_POINT('',(4.385641672004,16.85,0.882993255666));
#2112 = CARTESIAN_POINT('',(4.385641672004,16.15,0.882993255666));
#2113 = CARTESIAN_POINT('',(4.34001603218,16.85,0.863157961585));
#2114 = CARTESIAN_POINT('',(4.34001603218,16.15,0.863157961585));
#2115 = CARTESIAN_POINT('',(4.304419645423,16.85,0.824782381114));
#2116 = CARTESIAN_POINT('',(4.304419645423,16.15,0.824782381114));
#2117 = CARTESIAN_POINT('',(4.242173803575,16.85,0.865299016112));
#2118 = CARTESIAN_POINT('',(4.242173803575,16.15,0.865299016112));
#2119 = DEFINITIONAL_REPRESENTATION('',(#2120),#2190);
#2120 = B_SPLINE_CURVE_WITH_KNOTS('',3,(#2121,#2122,#2123,#2124,#2125,
    #2126,#2127,#2128,#2129,#2130,#2131,#2132,#2133,#2134,#2135,#2136,
    #2137,#2138,#2139,#2140,#2141,#2142,#2143,#2144,#2145,#2146,#2147,
    #2148,#2149,#2150,#2151,#2152,#2153,#2154,#2155,#2156,#2157,#2158,
    #2159,#2160,#2161,#2162,#2163,#2164,#2165,#2166,#2167,#2168,#2169,
    #2170,#2171,#2172,#2173,#2174,#2175,#2176,#2177,#2178,#2179,#2180,
    #2181,#2182,#2183,#2184,#2185,#2186,#2187,#2188,#2189),
  .UNSPECIFIED.,.F.,.F.,(4,1,1,1,1,1,1,1,1,1,1,1,1,1,1,1,1,1,1,1,1,1,1,1
    ,1,1,1,1,1,1,1,1,1,1,1,1,1,1,1,1,1,1,1,1,1,1,1,1,1,1,1,1,1,1,1,1,1,1
    ,1,1,1,1,1,1,1,1,4),(0.,1.515151515152E-02,3.030303030303E-02,
    4.545454545455E-02,6.060606060606E-02,7.575757575758E-02,
    9.090909090909E-02,0.106060606061,0.121212121212,0.136363636364,
    0.151515151515,0.166666666667,0.181818181818,0.19696969697,
    0.212121212121,0.227272727273,0.242424242424,0.257575757576,
    0.272727272727,0.287878787879,0.30303030303,0.318181818182,
    0.333333333333,0.348484848485,0.363636363636,0.378787878788,
    0.393939393939,0.409090909091,0.424242424242,0.439393939394,
    0.454545454545,0.469696969697,0.484848484848,0.5,0.515151515152,
    0.530303030303,0.545454545455,0.560606060606,0.575757575758,
    0.590909090909,0.606060606061,0.621212121212,0.636363636364,
    0.651515151515,0.666666666667,0.681818181818,0.69696969697,
    0.712121212121,0.727272727273,0.742424242424,0.757575757576,
    0.772727272727,0.787878787879,0.80303030303,0.818181818182,
    0.833333333333,0.848484848485,0.863636363636,0.878787878788,
    0.893939393939,0.909090909091,0.924242424242,0.939393939394,
    0.954545454545,0.969696969697,0.984848484848,1.),
  .QUASI_UNIFORM_KNOTS.);
#2121 = CARTESIAN_POINT('',(1.,1.));
#2122 = CARTESIAN_POINT('',(0.997727081554,1.));
#2123 = CARTESIAN_POINT('',(0.993128750068,1.));
#2124 = CARTESIAN_POINT('',(0.98606146278,1.));
#2125 = CARTESIAN_POINT('',(0.978805497727,1.));
#2126 = CARTESIAN_POINT('',(0.971365002209,1.));
#2127 = CARTESIAN_POINT('',(0.963669208684,1.));
#2128 = CARTESIAN_POINT('',(0.955946689729,1.));
#2129 = CARTESIAN_POINT('',(0.947339183695,1.));
#2130 = CARTESIAN_POINT('',(0.938459856138,1.));
#2131 = CARTESIAN_POINT('',(0.932937929146,1.));
#2132 = CARTESIAN_POINT('',(0.926294678406,1.));
#2133 = CARTESIAN_POINT('',(0.919469606338,1.));
#2134 = CARTESIAN_POINT('',(0.912209706102,1.));
#2135 = CARTESIAN_POINT('',(0.904528834417,1.));
#2136 = CARTESIAN_POINT('',(0.895930812314,1.));
#2137 = CARTESIAN_POINT('',(0.887134209583,1.));
#2138 = CARTESIAN_POINT('',(0.878572315419,1.));
#2139 = CARTESIAN_POINT('',(0.870912956194,1.));
#2140 = CARTESIAN_POINT('',(0.863245685744,1.));
#2141 = CARTESIAN_POINT('',(0.855634371801,1.));
#2142 = CARTESIAN_POINT('',(0.848040672588,1.));
#2143 = CARTESIAN_POINT('',(0.840495170425,1.));
#2144 = CARTESIAN_POINT('',(0.832844122011,1.));
#2145 = CARTESIAN_POINT('',(0.825610944093,1.));
#2146 = CARTESIAN_POINT('',(0.816009333916,1.));
#2147 = CARTESIAN_POINT('',(0.810976103245,1.));
#2148 = CARTESIAN_POINT('',(0.806477582016,1.));
#2149 = CARTESIAN_POINT('',(0.80080641414,1.));
#2150 = CARTESIAN_POINT('',(0.794389981502,1.));
#2151 = CARTESIAN_POINT('',(0.787163364514,1.));
#2152 = CARTESIAN_POINT('',(0.778916452759,1.));
#2153 = CARTESIAN_POINT('',(0.770519948985,1.));
#2154 = CARTESIAN_POINT('',(0.758628334766,1.));
#2155 = CARTESIAN_POINT('',(0.748855458558,1.));
#2156 = CARTESIAN_POINT('',(0.743024333583,1.));
#2157 = CARTESIAN_POINT('',(0.736073153589,1.));
#2158 = CARTESIAN_POINT('',(0.729357268208,1.));
#2159 = CARTESIAN_POINT('',(0.722512606523,1.));
#2160 = CARTESIAN_POINT('',(0.71563577103,1.));
#2161 = CARTESIAN_POINT('',(0.708699993006,1.));
#2162 = CARTESIAN_POINT('',(0.701711522691,1.));
#2163 = CARTESIAN_POINT('',(0.694667831841,1.));
#2164 = CARTESIAN_POINT('',(0.687568713515,1.));
#2165 = CARTESIAN_POINT('',(0.680413399389,1.));
#2166 = CARTESIAN_POINT('',(0.67320125991,1.));
#2167 = CARTESIAN_POINT('',(0.665931662321,1.));
#2168 = CARTESIAN_POINT('',(0.658603998187,1.));
#2169 = CARTESIAN_POINT('',(0.651217648359,1.));
#2170 = CARTESIAN_POINT('',(0.64377205315,1.));
#2171 = CARTESIAN_POINT('',(0.63626661409,1.));
#2172 = CARTESIAN_POINT('',(0.628700795081,1.));
#2173 = CARTESIAN_POINT('',(0.621074049279,1.));
#2174 = CARTESIAN_POINT('',(0.613385838575,1.));
#2175 = CARTESIAN_POINT('',(0.605635671738,1.));
#2176 = CARTESIAN_POINT('',(0.597823028038,1.));
#2177 = CARTESIAN_POINT('',(0.589947434304,1.));
#2178 = CARTESIAN_POINT('',(0.582008425168,1.));
#2179 = CARTESIAN_POINT('',(0.574005524462,1.));
#2180 = CARTESIAN_POINT('',(0.565938309062,1.));
#2181 = CARTESIAN_POINT('',(0.557806340575,1.));
#2182 = CARTESIAN_POINT('',(0.549609194193,1.));
#2183 = CARTESIAN_POINT('',(0.541346484868,1.));
#2184 = CARTESIAN_POINT('',(0.533017807364,1.));
#2185 = CARTESIAN_POINT('',(0.524622785959,1.));
#2186 = CARTESIAN_POINT('',(0.516161070315,1.));
#2187 = CARTESIAN_POINT('',(0.507632290518,1.));
#2188 = CARTESIAN_POINT('',(0.501901511403,1.));
#2189 = CARTESIAN_POINT('',(0.499024834094,1.));
#2190 = ( GEOMETRIC_REPRESENTATION_CONTEXT(2) 
PARAMETRIC_REPRESENTATION_CONTEXT() REPRESENTATION_CONTEXT('2D SPACE',''
  ) );
#2191 = ORIENTED_EDGE('',*,*,#2192,.T.);
#2192 = EDGE_CURVE('',#2013,#2193,#2195,.T.);
#2193 = VERTEX_POINT('',#2194);
#2194 = CARTESIAN_POINT('',(4.651710856184,16.15,0.81101155175));
#2195 = SURFACE_CURVE('',#2196,(#2201,#2209),.PCURVE_S1.);
#2196 = B_SPLINE_CURVE_WITH_KNOTS('',3,(#2197,#2198,#2199,#2200),
  .UNSPECIFIED.,.F.,.F.,(4,4),(0.,1.),.PIECEWISE_BEZIER_KNOTS.);
#2197 = CARTESIAN_POINT('',(4.599489691236,16.15,0.918475070561));
#2198 = CARTESIAN_POINT('',(4.617978352369,16.15,0.883179496771));
#2199 = CARTESIAN_POINT('',(4.635385407357,16.15,0.847358323835));
#2200 = CARTESIAN_POINT('',(4.651710856184,16.15,0.81101155175));
#2201 = PCURVE('',#206,#2202);
#2202 = DEFINITIONAL_REPRESENTATION('',(#2203),#2208);
#2203 = B_SPLINE_CURVE_WITH_KNOTS('',3,(#2204,#2205,#2206,#2207),
  .UNSPECIFIED.,.F.,.F.,(4,4),(0.,1.),.PIECEWISE_BEZIER_KNOTS.);
#2204 = CARTESIAN_POINT('',(1.753404660883,-0.918475070561));
#2205 = CARTESIAN_POINT('',(1.771893322016,-0.883179496771));
#2206 = CARTESIAN_POINT('',(1.789300377004,-0.847358323835));
#2207 = CARTESIAN_POINT('',(1.805625825831,-0.81101155175));
#2208 = ( GEOMETRIC_REPRESENTATION_CONTEXT(2) 
PARAMETRIC_REPRESENTATION_CONTEXT() REPRESENTATION_CONTEXT('2D SPACE',''
  ) );
#2209 = PCURVE('',#2210,#2215);
#2210 = CYLINDRICAL_SURFACE('',#2211,1.9794);
#2211 = AXIS2_PLACEMENT_3D('',#2212,#2213,#2214);
#2212 = CARTESIAN_POINT('',(2.846085030353,16.85,1.734723475977E-15));
#2213 = DIRECTION('',(1.393758570794E-16,-1.,-7.018727669979E-18));
#2214 = DIRECTION('',(5.029454251471E-02,6.162975822039E-33,
    0.998734428661));
#2215 = DEFINITIONAL_REPRESENTATION('',(#2216),#2219);
#2216 = B_SPLINE_CURVE_WITH_KNOTS('',1,(#2217,#2218),.UNSPECIFIED.,.F.,
  .F.,(2,2),(0.,1.),.PIECEWISE_BEZIER_KNOTS.);
#2217 = CARTESIAN_POINT('',(5.24522923843,0.7));
#2218 = CARTESIAN_POINT('',(5.184858371483,0.7));
#2219 = ( GEOMETRIC_REPRESENTATION_CONTEXT(2) 
PARAMETRIC_REPRESENTATION_CONTEXT() REPRESENTATION_CONTEXT('2D SPACE',''
  ) );
#2220 = ORIENTED_EDGE('',*,*,#2221,.T.);
#2221 = EDGE_CURVE('',#2193,#2222,#2224,.T.);
#2222 = VERTEX_POINT('',#2223);
#2223 = CARTESIAN_POINT('',(4.38910313228,16.15,0.562939949841));
#2224 = SURFACE_CURVE('',#2225,(#2240,#2258),.PCURVE_S1.);
#2225 = B_SPLINE_CURVE_WITH_KNOTS('',3,(#2226,#2227,#2228,#2229,#2230,
    #2231,#2232,#2233,#2234,#2235,#2236,#2237,#2238,#2239),
  .UNSPECIFIED.,.F.,.F.,(4,1,1,2,2,2,2,4),(0.,0.25,0.375,0.4375,0.5,
    0.625,0.75,1.),.UNSPECIFIED.);
#2226 = CARTESIAN_POINT('',(4.651710856184,16.15,0.81101155175));
#2227 = CARTESIAN_POINT('',(4.630518486993,16.15,0.784561015498));
#2228 = CARTESIAN_POINT('',(4.598464879846,16.15,0.74890693894));
#2229 = CARTESIAN_POINT('',(4.560605161471,16.15,0.714348539989));
#2230 = CARTESIAN_POINT('',(4.544280172874,16.15,0.701045945517));
#2231 = CARTESIAN_POINT('',(4.533374759363,16.15,0.692512693189));
#2232 = CARTESIAN_POINT('',(4.529284307474,16.15,0.689399812937));
#2233 = CARTESIAN_POINT('',(4.508740027601,16.15,0.674646844641));
#2234 = CARTESIAN_POINT('',(4.497325090718,16.15,0.66745335508));
#2235 = CARTESIAN_POINT('',(4.470365844348,16.15,0.654018527767));
#2236 = CARTESIAN_POINT('',(4.458643953569,16.15,0.648695694084));
#2237 = CARTESIAN_POINT('',(4.41054002514,16.15,0.629731279007));
#2238 = CARTESIAN_POINT('',(4.392704632314,16.15,0.603253188157));
#2239 = CARTESIAN_POINT('',(4.38910313228,16.15,0.562939949841));
#2240 = PCURVE('',#206,#2241);
#2241 = DEFINITIONAL_REPRESENTATION('',(#2242),#2257);
#2242 = B_SPLINE_CURVE_WITH_KNOTS('',3,(#2243,#2244,#2245,#2246,#2247,
    #2248,#2249,#2250,#2251,#2252,#2253,#2254,#2255,#2256),
  .UNSPECIFIED.,.F.,.F.,(4,1,1,2,2,2,2,4),(0.,0.25,0.375,0.4375,0.5,
    0.625,0.75,1.),.UNSPECIFIED.);
#2243 = CARTESIAN_POINT('',(1.805625825831,-0.81101155175));
#2244 = CARTESIAN_POINT('',(1.78443345664,-0.784561015498));
#2245 = CARTESIAN_POINT('',(1.752379849493,-0.74890693894));
#2246 = CARTESIAN_POINT('',(1.714520131118,-0.714348539989));
#2247 = CARTESIAN_POINT('',(1.698195142521,-0.701045945517));
#2248 = CARTESIAN_POINT('',(1.68728972901,-0.692512693189));
#2249 = CARTESIAN_POINT('',(1.683199277121,-0.689399812937));
#2250 = CARTESIAN_POINT('',(1.662654997248,-0.674646844641));
#2251 = CARTESIAN_POINT('',(1.651240060365,-0.66745335508));
#2252 = CARTESIAN_POINT('',(1.624280813995,-0.654018527767));
#2253 = CARTESIAN_POINT('',(1.612558923216,-0.648695694084));
#2254 = CARTESIAN_POINT('',(1.564454994787,-0.629731279007));
#2255 = CARTESIAN_POINT('',(1.546619601961,-0.603253188157));
#2256 = CARTESIAN_POINT('',(1.543018101927,-0.562939949841));
#2257 = ( GEOMETRIC_REPRESENTATION_CONTEXT(2) 
PARAMETRIC_REPRESENTATION_CONTEXT() REPRESENTATION_CONTEXT('2D SPACE',''
  ) );
#2258 = PCURVE('',#2259,#2310);
#2259 = B_SPLINE_SURFACE_WITH_KNOTS('',3,1,(
    (#2260,#2261)
    ,(#2262,#2263)
    ,(#2264,#2265)
    ,(#2266,#2267)
    ,(#2268,#2269)
    ,(#2270,#2271)
    ,(#2272,#2273)
    ,(#2274,#2275)
    ,(#2276,#2277)
    ,(#2278,#2279)
    ,(#2280,#2281)
    ,(#2282,#2283)
    ,(#2284,#2285)
    ,(#2286,#2287)
    ,(#2288,#2289)
    ,(#2290,#2291)
    ,(#2292,#2293)
    ,(#2294,#2295)
    ,(#2296,#2297)
    ,(#2298,#2299)
    ,(#2300,#2301)
    ,(#2302,#2303)
    ,(#2304,#2305)
    ,(#2306,#2307)
    ,(#2308,#2309
    )),.UNSPECIFIED.,.F.,.F.,.F.,(4,1,1,1,1,1,1,1,1,1,1,1,1,1,1,1,1,1,1,
    1,1,1,4),(2,2),(0.,0.194364732611,0.199716174832,0.206040606464,
    0.213338027519,0.221608438002,0.230851837919,0.241068227272,
    0.252257606064,0.264419974296,0.27755533197,0.291663679088,
    0.306745015649,0.322799341655,0.339826657106,0.357826962003,
    0.376800256346,0.396746540135,0.417665813372,0.439558076055,
    0.462423328186,0.486261569765,0.500975165828),(0.,1.),
  .UNSPECIFIED.);
#2260 = CARTESIAN_POINT('',(4.38910313228,16.85,0.562939949841));
#2261 = CARTESIAN_POINT('',(4.38910313228,16.15,0.562939949841));
#2262 = CARTESIAN_POINT('',(4.395712002874,16.85,0.63691606334));
#2263 = CARTESIAN_POINT('',(4.395712002874,16.15,0.63691606334));
#2264 = CARTESIAN_POINT('',(4.447880277655,16.85,0.641189122325));
#2265 = CARTESIAN_POINT('',(4.447880277655,16.15,0.641189122325));
#2266 = CARTESIAN_POINT('',(4.491669155435,16.85,0.664804204018));
#2267 = CARTESIAN_POINT('',(4.491669155435,16.15,0.664804204018));
#2268 = CARTESIAN_POINT('',(4.495658315,16.85,0.667056749895));
#2269 = CARTESIAN_POINT('',(4.495658315,16.15,0.667056749895));
#2270 = CARTESIAN_POINT('',(4.500208282275,16.85,0.669747491458));
#2271 = CARTESIAN_POINT('',(4.500208282275,16.15,0.669747491458));
#2272 = CARTESIAN_POINT('',(4.50530322979,16.85,0.672898933922));
#2273 = CARTESIAN_POINT('',(4.50530322979,16.15,0.672898933922));
#2274 = CARTESIAN_POINT('',(4.510926198274,16.85,0.676534025287));
#2275 = CARTESIAN_POINT('',(4.510926198274,16.15,0.676534025287));
#2276 = CARTESIAN_POINT('',(4.517059680824,16.85,0.680674920387));
#2277 = CARTESIAN_POINT('',(4.517059680824,16.15,0.680674920387));
#2278 = CARTESIAN_POINT('',(4.523685450939,16.85,0.685343356732));
#2279 = CARTESIAN_POINT('',(4.523685450939,16.15,0.685343356732));
#2280 = CARTESIAN_POINT('',(4.530784634901,16.85,0.690560511254));
#2281 = CARTESIAN_POINT('',(4.530784634901,16.15,0.690560511254));
#2282 = CARTESIAN_POINT('',(4.538337707512,16.85,0.696347021583));
#2283 = CARTESIAN_POINT('',(4.538337707512,16.15,0.696347021583));
#2284 = CARTESIAN_POINT('',(4.546324512229,16.85,0.702722956666));
#2285 = CARTESIAN_POINT('',(4.546324512229,16.15,0.702722956666));
#2286 = CARTESIAN_POINT('',(4.554724274376,16.85,0.70970780341));
#2287 = CARTESIAN_POINT('',(4.554724274376,16.15,0.70970780341));
#2288 = CARTESIAN_POINT('',(4.563515617005,16.85,0.717320448965));
#2289 = CARTESIAN_POINT('',(4.563515617005,16.15,0.717320448965));
#2290 = CARTESIAN_POINT('',(4.572676576507,16.85,0.725579164812));
#2291 = CARTESIAN_POINT('',(4.572676576507,16.15,0.725579164812));
#2292 = CARTESIAN_POINT('',(4.58218461882,16.85,0.734501590828));
#2293 = CARTESIAN_POINT('',(4.58218461882,16.15,0.734501590828));
#2294 = CARTESIAN_POINT('',(4.592016655979,16.85,0.744104719872));
#2295 = CARTESIAN_POINT('',(4.592016655979,16.15,0.744104719872));
#2296 = CARTESIAN_POINT('',(4.602149063073,16.85,0.75440488276));
#2297 = CARTESIAN_POINT('',(4.602149063073,16.15,0.75440488276));
#2298 = CARTESIAN_POINT('',(4.612557695569,16.85,0.765417733654));
#2299 = CARTESIAN_POINT('',(4.612557695569,16.15,0.765417733654));
#2300 = CARTESIAN_POINT('',(4.623217907005,16.85,0.777158235899));
#2301 = CARTESIAN_POINT('',(4.623217907005,16.15,0.777158235899));
#2302 = CARTESIAN_POINT('',(4.634104567045,16.85,0.789640648282));
#2303 = CARTESIAN_POINT('',(4.634104567045,16.15,0.789640648282));
#2304 = CARTESIAN_POINT('',(4.64362656092,16.85,0.801009370626));
#2305 = CARTESIAN_POINT('',(4.64362656092,16.15,0.801009370626));
#2306 = CARTESIAN_POINT('',(4.64948957345,16.85,0.808239133105));
#2307 = CARTESIAN_POINT('',(4.64948957345,16.15,0.808239133105));
#2308 = CARTESIAN_POINT('',(4.651710856178,16.85,0.811011551742));
#2309 = CARTESIAN_POINT('',(4.651710856178,16.15,0.811011551742));
#2310 = DEFINITIONAL_REPRESENTATION('',(#2311),#2359);
#2311 = B_SPLINE_CURVE_WITH_KNOTS('',3,(#2312,#2313,#2314,#2315,#2316,
    #2317,#2318,#2319,#2320,#2321,#2322,#2323,#2324,#2325,#2326,#2327,
    #2328,#2329,#2330,#2331,#2332,#2333,#2334,#2335,#2336,#2337,#2338,
    #2339,#2340,#2341,#2342,#2343,#2344,#2345,#2346,#2347,#2348,#2349,
    #2350,#2351,#2352,#2353,#2354,#2355,#2356,#2357,#2358),
  .UNSPECIFIED.,.F.,.F.,(4,1,1,1,1,1,1,1,1,1,1,1,1,1,1,1,1,1,1,1,1,1,1,1
    ,1,1,1,1,1,1,1,1,1,1,1,1,1,1,1,1,1,1,1,1,4),(0.,2.272727272727E-02,
    4.545454545455E-02,6.818181818182E-02,9.090909090909E-02,
    0.113636363636,0.136363636364,0.159090909091,0.181818181818,
    0.204545454545,0.227272727273,0.25,0.272727272727,0.295454545455,
    0.318181818182,0.340909090909,0.363636363636,0.386363636364,
    0.409090909091,0.431818181818,0.454545454545,0.477272727273,0.5,
    0.522727272727,0.545454545455,0.568181818182,0.590909090909,
    0.613636363636,0.636363636364,0.659090909091,0.681818181818,
    0.704545454545,0.727272727273,0.75,0.772727272727,0.795454545455,
    0.818181818182,0.840909090909,0.863636363636,0.886363636364,
    0.909090909091,0.931818181818,0.954545454545,0.977272727273,1.),
  .QUASI_UNIFORM_KNOTS.);
#2312 = CARTESIAN_POINT('',(0.500975165828,1.));
#2313 = CARTESIAN_POINT('',(0.496721323322,1.));
#2314 = CARTESIAN_POINT('',(0.488258886921,1.));
#2315 = CARTESIAN_POINT('',(0.475699744679,1.));
#2316 = CARTESIAN_POINT('',(0.463273887609,1.));
#2317 = CARTESIAN_POINT('',(0.450980066531,1.));
#2318 = CARTESIAN_POINT('',(0.43881691617,1.));
#2319 = CARTESIAN_POINT('',(0.426783081569,1.));
#2320 = CARTESIAN_POINT('',(0.414877086485,1.));
#2321 = CARTESIAN_POINT('',(0.403097453361,1.));
#2322 = CARTESIAN_POINT('',(0.391442605916,1.));
#2323 = CARTESIAN_POINT('',(0.379910930328,1.));
#2324 = CARTESIAN_POINT('',(0.368500755839,1.));
#2325 = CARTESIAN_POINT('',(0.357210338299,1.));
#2326 = CARTESIAN_POINT('',(0.346037863342,1.));
#2327 = CARTESIAN_POINT('',(0.334981627294,1.));
#2328 = CARTESIAN_POINT('',(0.324039090939,1.));
#2329 = CARTESIAN_POINT('',(0.313210663364,1.));
#2330 = CARTESIAN_POINT('',(0.302485483767,1.));
#2331 = CARTESIAN_POINT('',(0.291894429658,1.));
#2332 = CARTESIAN_POINT('',(0.281312473371,1.));
#2333 = CARTESIAN_POINT('',(0.271196261002,1.));
#2334 = CARTESIAN_POINT('',(0.262103165089,1.));
#2335 = CARTESIAN_POINT('',(0.250705503065,1.));
#2336 = CARTESIAN_POINT('',(0.238000320136,1.));
#2337 = CARTESIAN_POINT('',(0.226581245418,1.));
#2338 = CARTESIAN_POINT('',(0.215441819512,1.));
#2339 = CARTESIAN_POINT('',(0.20452594811,1.));
#2340 = CARTESIAN_POINT('',(0.193553771525,1.));
#2341 = CARTESIAN_POINT('',(0.182173164195,1.));
#2342 = CARTESIAN_POINT('',(0.171346885659,1.));
#2343 = CARTESIAN_POINT('',(0.160606196697,1.));
#2344 = CARTESIAN_POINT('',(0.149604623825,1.));
#2345 = CARTESIAN_POINT('',(0.138048588657,1.));
#2346 = CARTESIAN_POINT('',(0.125307364886,1.));
#2347 = CARTESIAN_POINT('',(0.112184700541,1.));
#2348 = CARTESIAN_POINT('',(9.968544149473E-02,1.));
#2349 = CARTESIAN_POINT('',(8.74482435452E-02,1.));
#2350 = CARTESIAN_POINT('',(7.549042687618E-02,1.));
#2351 = CARTESIAN_POINT('',(6.376706625491E-02,1.));
#2352 = CARTESIAN_POINT('',(5.230081095152E-02,1.));
#2353 = CARTESIAN_POINT('',(4.113357489646E-02,1.));
#2354 = CARTESIAN_POINT('',(3.030733362299E-02,1.));
#2355 = CARTESIAN_POINT('',(1.984108956223E-02,1.));
#2356 = CARTESIAN_POINT('',(9.729928521853E-03,1.));
#2357 = CARTESIAN_POINT('',(3.208870658695E-03,1.));
#2358 = CARTESIAN_POINT('',(0.,1.));
#2359 = ( GEOMETRIC_REPRESENTATION_CONTEXT(2) 
PARAMETRIC_REPRESENTATION_CONTEXT() REPRESENTATION_CONTEXT('2D SPACE',''
  ) );
#2360 = ORIENTED_EDGE('',*,*,#2361,.T.);
#2361 = EDGE_CURVE('',#2222,#2362,#2364,.T.);
#2362 = VERTEX_POINT('',#2363);
#2363 = CARTESIAN_POINT('',(4.413504222217,16.15,0.490920896863));
#2364 = SURFACE_CURVE('',#2365,(#2370,#2378),.PCURVE_S1.);
#2365 = B_SPLINE_CURVE_WITH_KNOTS('',3,(#2366,#2367,#2368,#2369),
  .UNSPECIFIED.,.F.,.F.,(4,4),(0.,1.),.PIECEWISE_BEZIER_KNOTS.);
#2366 = CARTESIAN_POINT('',(4.38910313228,16.15,0.562939949841));
#2367 = CARTESIAN_POINT('',(4.397236828925,16.15,0.538933598848));
#2368 = CARTESIAN_POINT('',(4.405370525571,16.15,0.514927247855));
#2369 = CARTESIAN_POINT('',(4.413504222217,16.15,0.490920896863));
#2370 = PCURVE('',#206,#2371);
#2371 = DEFINITIONAL_REPRESENTATION('',(#2372),#2377);
#2372 = B_SPLINE_CURVE_WITH_KNOTS('',3,(#2373,#2374,#2375,#2376),
  .UNSPECIFIED.,.F.,.F.,(4,4),(0.,1.),.PIECEWISE_BEZIER_KNOTS.);
#2373 = CARTESIAN_POINT('',(1.543018101927,-0.562939949841));
#2374 = CARTESIAN_POINT('',(1.551151798572,-0.538933598848));
#2375 = CARTESIAN_POINT('',(1.559285495218,-0.514927247855));
#2376 = CARTESIAN_POINT('',(1.567419191864,-0.490920896863));
#2377 = ( GEOMETRIC_REPRESENTATION_CONTEXT(2) 
PARAMETRIC_REPRESENTATION_CONTEXT() REPRESENTATION_CONTEXT('2D SPACE',''
  ) );
#2378 = PCURVE('',#2379,#2384);
#2379 = CYLINDRICAL_SURFACE('',#2380,1.6425);
#2380 = AXIS2_PLACEMENT_3D('',#2381,#2382,#2383);
#2381 = CARTESIAN_POINT('',(2.846085030353,16.85,1.734723475977E-15));
#2382 = DIRECTION('',(1.25574949076E-16,-1.,4.25465970403E-17));
#2383 = DIRECTION('',(0.320895981803,-2.465190328816E-32,-0.947114443382
    ));
#2384 = DEFINITIONAL_REPRESENTATION('',(#2385),#2388);
#2385 = B_SPLINE_CURVE_WITH_KNOTS('',1,(#2386,#2387),.UNSPECIFIED.,.F.,
  .F.,(2,2),(0.,1.),.PIECEWISE_BEZIER_KNOTS.);
#2386 = CARTESIAN_POINT('',(1.593946186551,0.7));
#2387 = CARTESIAN_POINT('',(1.547646467039,0.7));
#2388 = ( GEOMETRIC_REPRESENTATION_CONTEXT(2) 
PARAMETRIC_REPRESENTATION_CONTEXT() REPRESENTATION_CONTEXT('2D SPACE',''
  ) );
#2389 = ORIENTED_EDGE('',*,*,#2390,.T.);
#2390 = EDGE_CURVE('',#2362,#2391,#2393,.T.);
#2391 = VERTEX_POINT('',#2392);
#2392 = CARTESIAN_POINT('',(4.77281872119,16.15,0.453565479993));
#2393 = SURFACE_CURVE('',#2394,(#2418,#2445),.PCURVE_S1.);
#2394 = B_SPLINE_CURVE_WITH_KNOTS('',3,(#2395,#2396,#2397,#2398,#2399,
    #2400,#2401,#2402,#2403,#2404,#2405,#2406,#2407,#2408,#2409,#2410,
    #2411,#2412,#2413,#2414,#2415,#2416,#2417),.UNSPECIFIED.,.F.,.F.,(4,
    1,2,2,2,2,1,2,2,1,2,2,4),(0.,6.249999999999E-02,9.374999999999E-02,
    0.125,0.1875,0.25,0.3125,0.34375,0.375,0.4375,0.46875,0.5,1.),
  .UNSPECIFIED.);
#2395 = CARTESIAN_POINT('',(4.413504222217,16.15,0.490920896863));
#2396 = CARTESIAN_POINT('',(4.420771070738,16.15,0.48300145495));
#2397 = CARTESIAN_POINT('',(4.432046187105,16.15,0.473227209918));
#2398 = CARTESIAN_POINT('',(4.443883568854,16.15,0.466610341644));
#2399 = CARTESIAN_POINT('',(4.451900104549,16.15,0.462900735407));
#2400 = CARTESIAN_POINT('',(4.457130113903,16.15,0.461073317213));
#2401 = CARTESIAN_POINT('',(4.466051958305,16.15,0.458584129843));
#2402 = CARTESIAN_POINT('',(4.472706821511,16.15,0.457764913766));
#2403 = CARTESIAN_POINT('',(4.487430481801,16.15,0.457806965949));
#2404 = CARTESIAN_POINT('',(4.496882530592,16.15,0.458936429344));
#2405 = CARTESIAN_POINT('',(4.511667555219,16.15,0.461803059935));
#2406 = CARTESIAN_POINT('',(4.522700041036,16.15,0.464188704499));
#2407 = CARTESIAN_POINT('',(4.533648102873,16.15,0.466927856494));
#2408 = CARTESIAN_POINT('',(4.540928049881,16.15,0.468832515031));
#2409 = CARTESIAN_POINT('',(4.546173286597,16.15,0.47028377951));
#2410 = CARTESIAN_POINT('',(4.552192993491,16.15,0.471997469115));
#2411 = CARTESIAN_POINT('',(4.560837495585,16.15,0.473429524343));
#2412 = CARTESIAN_POINT('',(4.573419190476,16.15,0.474439128006));
#2413 = CARTESIAN_POINT('',(4.582681918803,16.15,0.475018318989));
#2414 = CARTESIAN_POINT('',(4.589947690743,16.15,0.475339064153));
#2415 = CARTESIAN_POINT('',(4.646206708502,16.15,0.477338750868));
#2416 = CARTESIAN_POINT('',(4.706060600651,16.15,0.470041679939));
#2417 = CARTESIAN_POINT('',(4.77281872119,16.15,0.453565479993));
#2418 = PCURVE('',#206,#2419);
#2419 = DEFINITIONAL_REPRESENTATION('',(#2420),#2444);
#2420 = B_SPLINE_CURVE_WITH_KNOTS('',3,(#2421,#2422,#2423,#2424,#2425,
    #2426,#2427,#2428,#2429,#2430,#2431,#2432,#2433,#2434,#2435,#2436,
    #2437,#2438,#2439,#2440,#2441,#2442,#2443),.UNSPECIFIED.,.F.,.F.,(4,
    1,2,2,2,2,1,2,2,1,2,2,4),(0.,6.249999999999E-02,9.374999999999E-02,
    0.125,0.1875,0.25,0.3125,0.34375,0.375,0.4375,0.46875,0.5,1.),
  .UNSPECIFIED.);
#2421 = CARTESIAN_POINT('',(1.567419191864,-0.490920896863));
#2422 = CARTESIAN_POINT('',(1.574686040385,-0.48300145495));
#2423 = CARTESIAN_POINT('',(1.585961156752,-0.473227209918));
#2424 = CARTESIAN_POINT('',(1.597798538501,-0.466610341644));
#2425 = CARTESIAN_POINT('',(1.605815074196,-0.462900735407));
#2426 = CARTESIAN_POINT('',(1.61104508355,-0.461073317213));
#2427 = CARTESIAN_POINT('',(1.619966927952,-0.458584129843));
#2428 = CARTESIAN_POINT('',(1.626621791158,-0.457764913766));
#2429 = CARTESIAN_POINT('',(1.641345451448,-0.457806965949));
#2430 = CARTESIAN_POINT('',(1.650797500239,-0.458936429344));
#2431 = CARTESIAN_POINT('',(1.665582524865,-0.461803059935));
#2432 = CARTESIAN_POINT('',(1.676615010682,-0.464188704499));
#2433 = CARTESIAN_POINT('',(1.68756307252,-0.466927856494));
#2434 = CARTESIAN_POINT('',(1.694843019528,-0.468832515031));
#2435 = CARTESIAN_POINT('',(1.700088256244,-0.47028377951));
#2436 = CARTESIAN_POINT('',(1.706107963138,-0.471997469115));
#2437 = CARTESIAN_POINT('',(1.714752465232,-0.473429524343));
#2438 = CARTESIAN_POINT('',(1.727334160123,-0.474439128006));
#2439 = CARTESIAN_POINT('',(1.73659688845,-0.475018318989));
#2440 = CARTESIAN_POINT('',(1.74386266039,-0.475339064153));
#2441 = CARTESIAN_POINT('',(1.800121678149,-0.477338750868));
#2442 = CARTESIAN_POINT('',(1.859975570298,-0.470041679939));
#2443 = CARTESIAN_POINT('',(1.926733690837,-0.453565479993));
#2444 = ( GEOMETRIC_REPRESENTATION_CONTEXT(2) 
PARAMETRIC_REPRESENTATION_CONTEXT() REPRESENTATION_CONTEXT('2D SPACE',''
  ) );
#2445 = PCURVE('',#2446,#2497);
#2446 = B_SPLINE_SURFACE_WITH_KNOTS('',3,1,(
    (#2447,#2448)
    ,(#2449,#2450)
    ,(#2451,#2452)
    ,(#2453,#2454)
    ,(#2455,#2456)
    ,(#2457,#2458)
    ,(#2459,#2460)
    ,(#2461,#2462)
    ,(#2463,#2464)
    ,(#2465,#2466)
    ,(#2467,#2468)
    ,(#2469,#2470)
    ,(#2471,#2472)
    ,(#2473,#2474)
    ,(#2475,#2476)
    ,(#2477,#2478)
    ,(#2479,#2480)
    ,(#2481,#2482)
    ,(#2483,#2484)
    ,(#2485,#2486)
    ,(#2487,#2488)
    ,(#2489,#2490)
    ,(#2491,#2492)
    ,(#2493,#2494)
    ,(#2495,#2496
    )),.UNSPECIFIED.,.F.,.F.,.F.,(4,1,1,1,1,1,1,1,1,1,1,1,1,1,1,1,1,1,1,
    1,1,1,4),(2,2),(0.499024834094,0.513738430235,0.537576671814,
    0.560441923945,0.582334186628,0.603253459865,0.623199743654,
    0.642173037997,0.660173342894,0.677200658345,0.693254984351,
    0.708336320912,0.72244466803,0.735580025704,0.747742393936,
    0.758931772728,0.769148162081,0.778391561998,0.786661972481,
    0.793959393536,0.800283825168,0.805635267389,1.),(0.,1.),
  .UNSPECIFIED.);
#2447 = CARTESIAN_POINT('',(4.772818721217,16.85,0.453565479986));
#2448 = CARTESIAN_POINT('',(4.772818721217,16.15,0.453565479986));
#2449 = CARTESIAN_POINT('',(4.769369692349,16.85,0.454416715593));
#2450 = CARTESIAN_POINT('',(4.769369692349,16.15,0.454416715593));
#2451 = CARTESIAN_POINT('',(4.760319543923,16.85,0.456593684875));
#2452 = CARTESIAN_POINT('',(4.760319543923,16.15,0.456593684875));
#2453 = CARTESIAN_POINT('',(4.745848107165,16.85,0.459833088188));
#2454 = CARTESIAN_POINT('',(4.745848107165,16.15,0.459833088188));
#2455 = CARTESIAN_POINT('',(4.729616098181,16.85,0.463127305857));
#2456 = CARTESIAN_POINT('',(4.729616098181,16.15,0.463127305857));
#2457 = CARTESIAN_POINT('',(4.714014871461,16.85,0.465970055524));
#2458 = CARTESIAN_POINT('',(4.714014871461,16.15,0.465970055524));
#2459 = CARTESIAN_POINT('',(4.699055714579,16.85,0.468387934886));
#2460 = CARTESIAN_POINT('',(4.699055714579,16.15,0.468387934886));
#2461 = CARTESIAN_POINT('',(4.684749102618,16.85,0.470407806971));
#2462 = CARTESIAN_POINT('',(4.684749102618,16.15,0.470407806971));
#2463 = CARTESIAN_POINT('',(4.671104692193,16.85,0.472056778258));
#2464 = CARTESIAN_POINT('',(4.671104692193,16.15,0.472056778258));
#2465 = CARTESIAN_POINT('',(4.658131316009,16.85,0.473362176668));
#2466 = CARTESIAN_POINT('',(4.658131316009,16.15,0.473362176668));
#2467 = CARTESIAN_POINT('',(4.645836977981,16.85,0.474351529438));
#2468 = CARTESIAN_POINT('',(4.645836977981,16.15,0.474351529438));
#2469 = CARTESIAN_POINT('',(4.63422884891,16.85,0.475052540875));
#2470 = CARTESIAN_POINT('',(4.63422884891,16.15,0.475052540875));
#2471 = CARTESIAN_POINT('',(4.623313262706,16.85,0.47549307007));
#2472 = CARTESIAN_POINT('',(4.623313262706,16.15,0.47549307007));
#2473 = CARTESIAN_POINT('',(4.613095713204,16.85,0.475701108378));
#2474 = CARTESIAN_POINT('',(4.613095713204,16.15,0.475701108378));
#2475 = CARTESIAN_POINT('',(4.603580851442,16.85,0.475704757306));
#2476 = CARTESIAN_POINT('',(4.603580851442,16.15,0.475704757306));
#2477 = CARTESIAN_POINT('',(4.594772483837,16.85,0.475532204793));
#2478 = CARTESIAN_POINT('',(4.594772483837,16.15,0.475532204793));
#2479 = CARTESIAN_POINT('',(4.586673569809,16.85,0.475211706582));
#2480 = CARTESIAN_POINT('',(4.586673569809,16.15,0.475211706582));
#2481 = CARTESIAN_POINT('',(4.579286223658,16.85,0.474771550647));
#2482 = CARTESIAN_POINT('',(4.579286223658,16.15,0.474771550647));
#2483 = CARTESIAN_POINT('',(4.572611705006,16.85,0.474240076677));
#2484 = CARTESIAN_POINT('',(4.572611705006,16.15,0.474240076677));
#2485 = CARTESIAN_POINT('',(4.566650448414,16.85,0.473645518332));
#2486 = CARTESIAN_POINT('',(4.566650448414,16.15,0.473645518332));
#2487 = CARTESIAN_POINT('',(4.561401971464,16.85,0.473016406205));
#2488 = CARTESIAN_POINT('',(4.561401971464,16.15,0.473016406205));
#2489 = CARTESIAN_POINT('',(4.556865162179,16.85,0.472380231332));
#2490 = CARTESIAN_POINT('',(4.556865162179,16.15,0.472380231332));
#2491 = CARTESIAN_POINT('',(4.507740098682,16.85,0.464514734709));
#2492 = CARTESIAN_POINT('',(4.507740098682,16.15,0.464514734709));
#2493 = CARTESIAN_POINT('',(4.463718419095,16.85,0.436197255072));
#2494 = CARTESIAN_POINT('',(4.463718419095,16.15,0.436197255072));
#2495 = CARTESIAN_POINT('',(4.413504222217,16.85,0.490920896863));
#2496 = CARTESIAN_POINT('',(4.413504222217,16.15,0.490920896863));
#2497 = DEFINITIONAL_REPRESENTATION('',(#2498),#2568);
#2498 = B_SPLINE_CURVE_WITH_KNOTS('',3,(#2499,#2500,#2501,#2502,#2503,
    #2504,#2505,#2506,#2507,#2508,#2509,#2510,#2511,#2512,#2513,#2514,
    #2515,#2516,#2517,#2518,#2519,#2520,#2521,#2522,#2523,#2524,#2525,
    #2526,#2527,#2528,#2529,#2530,#2531,#2532,#2533,#2534,#2535,#2536,
    #2537,#2538,#2539,#2540,#2541,#2542,#2543,#2544,#2545,#2546,#2547,
    #2548,#2549,#2550,#2551,#2552,#2553,#2554,#2555,#2556,#2557,#2558,
    #2559,#2560,#2561,#2562,#2563,#2564,#2565,#2566,#2567),
  .UNSPECIFIED.,.F.,.F.,(4,1,1,1,1,1,1,1,1,1,1,1,1,1,1,1,1,1,1,1,1,1,1,1
    ,1,1,1,1,1,1,1,1,1,1,1,1,1,1,1,1,1,1,1,1,1,1,1,1,1,1,1,1,1,1,1,1,1,1
    ,1,1,1,1,1,1,1,1,4),(0.,1.515151515152E-02,3.030303030303E-02,
    4.545454545455E-02,6.060606060606E-02,7.575757575758E-02,
    9.090909090909E-02,0.106060606061,0.121212121212,0.136363636364,
    0.151515151515,0.166666666667,0.181818181818,0.19696969697,
    0.212121212121,0.227272727273,0.242424242424,0.257575757576,
    0.272727272727,0.287878787879,0.30303030303,0.318181818182,
    0.333333333333,0.348484848485,0.363636363636,0.378787878788,
    0.393939393939,0.409090909091,0.424242424242,0.439393939394,
    0.454545454545,0.469696969697,0.484848484848,0.5,0.515151515152,
    0.530303030303,0.545454545455,0.560606060606,0.575757575758,
    0.590909090909,0.606060606061,0.621212121212,0.636363636364,
    0.651515151515,0.666666666667,0.681818181818,0.69696969697,
    0.712121212121,0.727272727273,0.742424242424,0.757575757576,
    0.772727272727,0.787878787879,0.80303030303,0.818181818182,
    0.833333333333,0.848484848485,0.863636363636,0.878787878788,
    0.893939393939,0.909090909091,0.924242424242,0.939393939394,
    0.954545454545,0.969696969697,0.984848484848,1.),
  .QUASI_UNIFORM_KNOTS.);
#2499 = CARTESIAN_POINT('',(1.,1.));
#2500 = CARTESIAN_POINT('',(0.997727081554,1.));
#2501 = CARTESIAN_POINT('',(0.993128750068,1.));
#2502 = CARTESIAN_POINT('',(0.98606146278,1.));
#2503 = CARTESIAN_POINT('',(0.978805497727,1.));
#2504 = CARTESIAN_POINT('',(0.971365002209,1.));
#2505 = CARTESIAN_POINT('',(0.963669208684,1.));
#2506 = CARTESIAN_POINT('',(0.955946689729,1.));
#2507 = CARTESIAN_POINT('',(0.947339183695,1.));
#2508 = CARTESIAN_POINT('',(0.938459856138,1.));
#2509 = CARTESIAN_POINT('',(0.932937929146,1.));
#2510 = CARTESIAN_POINT('',(0.926294678406,1.));
#2511 = CARTESIAN_POINT('',(0.919469606338,1.));
#2512 = CARTESIAN_POINT('',(0.912209706102,1.));
#2513 = CARTESIAN_POINT('',(0.904528834417,1.));
#2514 = CARTESIAN_POINT('',(0.895930812314,1.));
#2515 = CARTESIAN_POINT('',(0.887134209583,1.));
#2516 = CARTESIAN_POINT('',(0.878572315419,1.));
#2517 = CARTESIAN_POINT('',(0.870912956194,1.));
#2518 = CARTESIAN_POINT('',(0.863245685744,1.));
#2519 = CARTESIAN_POINT('',(0.855634371801,1.));
#2520 = CARTESIAN_POINT('',(0.848040672588,1.));
#2521 = CARTESIAN_POINT('',(0.840495170425,1.));
#2522 = CARTESIAN_POINT('',(0.832844122011,1.));
#2523 = CARTESIAN_POINT('',(0.825610944093,1.));
#2524 = CARTESIAN_POINT('',(0.816009333916,1.));
#2525 = CARTESIAN_POINT('',(0.810976103245,1.));
#2526 = CARTESIAN_POINT('',(0.806477582016,1.));
#2527 = CARTESIAN_POINT('',(0.80080641414,1.));
#2528 = CARTESIAN_POINT('',(0.794389981502,1.));
#2529 = CARTESIAN_POINT('',(0.787163364514,1.));
#2530 = CARTESIAN_POINT('',(0.778916452759,1.));
#2531 = CARTESIAN_POINT('',(0.770519948985,1.));
#2532 = CARTESIAN_POINT('',(0.758628334766,1.));
#2533 = CARTESIAN_POINT('',(0.748855458558,1.));
#2534 = CARTESIAN_POINT('',(0.743024333583,1.));
#2535 = CARTESIAN_POINT('',(0.736073153589,1.));
#2536 = CARTESIAN_POINT('',(0.729357268208,1.));
#2537 = CARTESIAN_POINT('',(0.722512606523,1.));
#2538 = CARTESIAN_POINT('',(0.71563577103,1.));
#2539 = CARTESIAN_POINT('',(0.708699993006,1.));
#2540 = CARTESIAN_POINT('',(0.701711522691,1.));
#2541 = CARTESIAN_POINT('',(0.694667831841,1.));
#2542 = CARTESIAN_POINT('',(0.687568713515,1.));
#2543 = CARTESIAN_POINT('',(0.680413399389,1.));
#2544 = CARTESIAN_POINT('',(0.67320125991,1.));
#2545 = CARTESIAN_POINT('',(0.665931662321,1.));
#2546 = CARTESIAN_POINT('',(0.658603998187,1.));
#2547 = CARTESIAN_POINT('',(0.651217648359,1.));
#2548 = CARTESIAN_POINT('',(0.64377205315,1.));
#2549 = CARTESIAN_POINT('',(0.63626661409,1.));
#2550 = CARTESIAN_POINT('',(0.628700795081,1.));
#2551 = CARTESIAN_POINT('',(0.621074049279,1.));
#2552 = CARTESIAN_POINT('',(0.613385838575,1.));
#2553 = CARTESIAN_POINT('',(0.605635671738,1.));
#2554 = CARTESIAN_POINT('',(0.597823028038,1.));
#2555 = CARTESIAN_POINT('',(0.589947434304,1.));
#2556 = CARTESIAN_POINT('',(0.582008425168,1.));
#2557 = CARTESIAN_POINT('',(0.574005524462,1.));
#2558 = CARTESIAN_POINT('',(0.565938309062,1.));
#2559 = CARTESIAN_POINT('',(0.557806340575,1.));
#2560 = CARTESIAN_POINT('',(0.549609194193,1.));
#2561 = CARTESIAN_POINT('',(0.541346484868,1.));
#2562 = CARTESIAN_POINT('',(0.533017807364,1.));
#2563 = CARTESIAN_POINT('',(0.524622785959,1.));
#2564 = CARTESIAN_POINT('',(0.516161070315,1.));
#2565 = CARTESIAN_POINT('',(0.507632290518,1.));
#2566 = CARTESIAN_POINT('',(0.501901511403,1.));
#2567 = CARTESIAN_POINT('',(0.499024834094,1.));
#2568 = ( GEOMETRIC_REPRESENTATION_CONTEXT(2) 
PARAMETRIC_REPRESENTATION_CONTEXT() REPRESENTATION_CONTEXT('2D SPACE',''
  ) );
#2569 = ORIENTED_EDGE('',*,*,#2570,.T.);
#2570 = EDGE_CURVE('',#2391,#2571,#2573,.T.);
#2571 = VERTEX_POINT('',#2572);
#2572 = CARTESIAN_POINT('',(4.796674171846,16.15,0.336491249618));
#2573 = SURFACE_CURVE('',#2574,(#2579,#2587),.PCURVE_S1.);
#2574 = B_SPLINE_CURVE_WITH_KNOTS('',3,(#2575,#2576,#2577,#2578),
  .UNSPECIFIED.,.F.,.F.,(4,4),(0.,1.),.PIECEWISE_BEZIER_KNOTS.);
#2575 = CARTESIAN_POINT('',(4.77281872119,16.15,0.453565479993));
#2576 = CARTESIAN_POINT('',(4.781948874772,16.15,0.414780838506));
#2577 = CARTESIAN_POINT('',(4.789900691663,16.15,0.375756095048));
#2578 = CARTESIAN_POINT('',(4.796674171846,16.15,0.336491249618));
#2579 = PCURVE('',#206,#2580);
#2580 = DEFINITIONAL_REPRESENTATION('',(#2581),#2586);
#2581 = B_SPLINE_CURVE_WITH_KNOTS('',3,(#2582,#2583,#2584,#2585),
  .UNSPECIFIED.,.F.,.F.,(4,4),(0.,1.),.PIECEWISE_BEZIER_KNOTS.);
#2582 = CARTESIAN_POINT('',(1.926733690837,-0.453565479993));
#2583 = CARTESIAN_POINT('',(1.935863844419,-0.414780838506));
#2584 = CARTESIAN_POINT('',(1.94381566131,-0.375756095048));
#2585 = CARTESIAN_POINT('',(1.950589141493,-0.336491249618));
#2586 = ( GEOMETRIC_REPRESENTATION_CONTEXT(2) 
PARAMETRIC_REPRESENTATION_CONTEXT() REPRESENTATION_CONTEXT('2D SPACE',''
  ) );
#2587 = PCURVE('',#2588,#2593);
#2588 = CYLINDRICAL_SURFACE('',#2589,1.9794);
#2589 = AXIS2_PLACEMENT_3D('',#2590,#2591,#2592);
#2590 = CARTESIAN_POINT('',(2.846085030353,16.85,1.734723475977E-15));
#2591 = DIRECTION('',(1.393758570794E-16,-1.,-7.018727669979E-18));
#2592 = DIRECTION('',(5.029454251471E-02,6.162975822039E-33,
    0.998734428661));
#2593 = DEFINITIONAL_REPRESENTATION('',(#2594),#2597);
#2594 = B_SPLINE_CURVE_WITH_KNOTS('',1,(#2595,#2596),.UNSPECIFIED.,.F.,
  .F.,(2,2),(0.,1.),.PIECEWISE_BEZIER_KNOTS.);
#2595 = CARTESIAN_POINT('',(4.993901826143,0.7));
#2596 = CARTESIAN_POINT('',(4.933530959196,0.7));
#2597 = ( GEOMETRIC_REPRESENTATION_CONTEXT(2) 
PARAMETRIC_REPRESENTATION_CONTEXT() REPRESENTATION_CONTEXT('2D SPACE',''
  ) );
#2598 = ORIENTED_EDGE('',*,*,#2599,.T.);
#2599 = EDGE_CURVE('',#2571,#2600,#2602,.T.);
#2600 = VERTEX_POINT('',#2601);
#2601 = CARTESIAN_POINT('',(4.480623853802,16.15,0.161521158481));
#2602 = SURFACE_CURVE('',#2603,(#2618,#2636),.PCURVE_S1.);
#2603 = B_SPLINE_CURVE_WITH_KNOTS('',3,(#2604,#2605,#2606,#2607,#2608,
    #2609,#2610,#2611,#2612,#2613,#2614,#2615,#2616,#2617),
  .UNSPECIFIED.,.F.,.F.,(4,1,1,2,2,2,2,4),(0.,0.25,0.375,0.4375,0.5,
    0.625,0.75,1.),.UNSPECIFIED.);
#2604 = CARTESIAN_POINT('',(4.796674171846,16.15,0.336491249618));
#2605 = CARTESIAN_POINT('',(4.769569619027,16.15,0.316142033504));
#2606 = CARTESIAN_POINT('',(4.729656226615,16.15,0.28957950327));
#2607 = CARTESIAN_POINT('',(4.684391616576,16.15,0.265522149061));
#2608 = CARTESIAN_POINT('',(4.665271286798,16.15,0.256697339628));
#2609 = CARTESIAN_POINT('',(4.652586353347,16.15,0.251144241168));
#2610 = CARTESIAN_POINT('',(4.647850268687,16.15,0.249146411792));
#2611 = CARTESIAN_POINT('',(4.624282511123,16.15,0.239966089768));
#2612 = CARTESIAN_POINT('',(4.611437247366,16.15,0.235837376275));
#2613 = CARTESIAN_POINT('',(4.581983869607,16.15,0.229529120705));
#2614 = CARTESIAN_POINT('',(4.569306508674,16.15,0.227288629325));
#2615 = CARTESIAN_POINT('',(4.517997595368,16.15,0.220882976754));
#2616 = CARTESIAN_POINT('',(4.494137700778,16.15,0.199672225647));
#2617 = CARTESIAN_POINT('',(4.480623853802,16.15,0.161521158481));
#2618 = PCURVE('',#206,#2619);
#2619 = DEFINITIONAL_REPRESENTATION('',(#2620),#2635);
#2620 = B_SPLINE_CURVE_WITH_KNOTS('',3,(#2621,#2622,#2623,#2624,#2625,
    #2626,#2627,#2628,#2629,#2630,#2631,#2632,#2633,#2634),
  .UNSPECIFIED.,.F.,.F.,(4,1,1,2,2,2,2,4),(0.,0.25,0.375,0.4375,0.5,
    0.625,0.75,1.),.UNSPECIFIED.);
#2621 = CARTESIAN_POINT('',(1.950589141493,-0.336491249618));
#2622 = CARTESIAN_POINT('',(1.923484588674,-0.316142033504));
#2623 = CARTESIAN_POINT('',(1.883571196262,-0.28957950327));
#2624 = CARTESIAN_POINT('',(1.838306586223,-0.265522149061));
#2625 = CARTESIAN_POINT('',(1.819186256444,-0.256697339628));
#2626 = CARTESIAN_POINT('',(1.806501322994,-0.251144241168));
#2627 = CARTESIAN_POINT('',(1.801765238334,-0.249146411792));
#2628 = CARTESIAN_POINT('',(1.77819748077,-0.239966089768));
#2629 = CARTESIAN_POINT('',(1.765352217013,-0.235837376275));
#2630 = CARTESIAN_POINT('',(1.735898839254,-0.229529120705));
#2631 = CARTESIAN_POINT('',(1.723221478321,-0.227288629325));
#2632 = CARTESIAN_POINT('',(1.671912565015,-0.220882976754));
#2633 = CARTESIAN_POINT('',(1.648052670425,-0.199672225647));
#2634 = CARTESIAN_POINT('',(1.634538823449,-0.161521158481));
#2635 = ( GEOMETRIC_REPRESENTATION_CONTEXT(2) 
PARAMETRIC_REPRESENTATION_CONTEXT() REPRESENTATION_CONTEXT('2D SPACE',''
  ) );
#2636 = PCURVE('',#2637,#2688);
#2637 = B_SPLINE_SURFACE_WITH_KNOTS('',3,1,(
    (#2638,#2639)
    ,(#2640,#2641)
    ,(#2642,#2643)
    ,(#2644,#2645)
    ,(#2646,#2647)
    ,(#2648,#2649)
    ,(#2650,#2651)
    ,(#2652,#2653)
    ,(#2654,#2655)
    ,(#2656,#2657)
    ,(#2658,#2659)
    ,(#2660,#2661)
    ,(#2662,#2663)
    ,(#2664,#2665)
    ,(#2666,#2667)
    ,(#2668,#2669)
    ,(#2670,#2671)
    ,(#2672,#2673)
    ,(#2674,#2675)
    ,(#2676,#2677)
    ,(#2678,#2679)
    ,(#2680,#2681)
    ,(#2682,#2683)
    ,(#2684,#2685)
    ,(#2686,#2687
    )),.UNSPECIFIED.,.F.,.F.,.F.,(4,1,1,1,1,1,1,1,1,1,1,1,1,1,1,1,1,1,1,
    1,1,1,4),(2,2),(0.,0.194364732611,0.199716174832,0.206040606464,
    0.213338027519,0.221608438002,0.230851837919,0.241068227272,
    0.252257606064,0.264419974296,0.27755533197,0.291663679088,
    0.306745015649,0.322799341655,0.339826657106,0.357826962003,
    0.376800256346,0.396746540135,0.417665813372,0.439558076055,
    0.462423328186,0.486261569765,0.500975165828),(0.,1.),
  .UNSPECIFIED.);
#2638 = CARTESIAN_POINT('',(4.480623853802,16.85,0.161521158481));
#2639 = CARTESIAN_POINT('',(4.480623853802,16.15,0.161521158481));
#2640 = CARTESIAN_POINT('',(4.505422205893,16.85,0.23152961706));
#2641 = CARTESIAN_POINT('',(4.505422205893,16.15,0.23152961706));
#2642 = CARTESIAN_POINT('',(4.557014184948,16.85,0.22269470767));
#2643 = CARTESIAN_POINT('',(4.557014184948,16.15,0.22269470767));
#2644 = CARTESIAN_POINT('',(4.605300186612,16.85,0.234678027073));
#2645 = CARTESIAN_POINT('',(4.605300186612,16.15,0.234678027073));
#2646 = CARTESIAN_POINT('',(4.609724204773,16.85,0.235867741436));
#2647 = CARTESIAN_POINT('',(4.609724204773,16.15,0.235867741436));
#2648 = CARTESIAN_POINT('',(4.614800386676,16.85,0.237342417557));
#2649 = CARTESIAN_POINT('',(4.614800386676,16.15,0.237342417557));
#2650 = CARTESIAN_POINT('',(4.620518998916,16.85,0.239127789739));
#2651 = CARTESIAN_POINT('',(4.620518998916,16.15,0.239127789739));
#2652 = CARTESIAN_POINT('',(4.626869321967,16.85,0.241250302626));
#2653 = CARTESIAN_POINT('',(4.626869321967,16.15,0.241250302626));
#2654 = CARTESIAN_POINT('',(4.633839908619,16.85,0.243735768809));
#2655 = CARTESIAN_POINT('',(4.633839908619,16.15,0.243735768809));
#2656 = CARTESIAN_POINT('',(4.64141851089,16.85,0.246609775619));
#2657 = CARTESIAN_POINT('',(4.64141851089,16.15,0.246609775619));
#2658 = CARTESIAN_POINT('',(4.649592114503,16.85,0.249897528379));
#2659 = CARTESIAN_POINT('',(4.649592114503,16.15,0.249897528379));
#2660 = CARTESIAN_POINT('',(4.65834694005,16.85,0.253623872071));
#2661 = CARTESIAN_POINT('',(4.65834694005,16.15,0.253623872071));
#2662 = CARTESIAN_POINT('',(4.667668455186,16.85,0.257813257864));
#2663 = CARTESIAN_POINT('',(4.667668455186,16.15,0.257813257864));
#2664 = CARTESIAN_POINT('',(4.677541384107,16.85,0.262489726903));
#2665 = CARTESIAN_POINT('',(4.677541384107,16.15,0.262489726903));
#2666 = CARTESIAN_POINT('',(4.687949718506,16.85,0.267676889192));
#2667 = CARTESIAN_POINT('',(4.687949718506,16.15,0.267676889192));
#2668 = CARTESIAN_POINT('',(4.698876728731,16.85,0.27339790431));
#2669 = CARTESIAN_POINT('',(4.698876728731,16.15,0.27339790431));
#2670 = CARTESIAN_POINT('',(4.710304975529,16.85,0.279675461935));
#2671 = CARTESIAN_POINT('',(4.710304975529,16.15,0.279675461935));
#2672 = CARTESIAN_POINT('',(4.72221632224,16.85,0.28653176281));
#2673 = CARTESIAN_POINT('',(4.72221632224,16.15,0.28653176281));
#2674 = CARTESIAN_POINT('',(4.73459194748,16.85,0.293988499963));
#2675 = CARTESIAN_POINT('',(4.73459194748,16.15,0.293988499963));
#2676 = CARTESIAN_POINT('',(4.747412358292,16.85,0.302066840254));
#2677 = CARTESIAN_POINT('',(4.747412358292,16.15,0.302066840254));
#2678 = CARTESIAN_POINT('',(4.760657403761,16.85,0.310787406252));
#2679 = CARTESIAN_POINT('',(4.760657403761,16.15,0.310787406252));
#2680 = CARTESIAN_POINT('',(4.774306289084,16.85,0.32017025844));
#2681 = CARTESIAN_POINT('',(4.774306289084,16.15,0.32017025844));
#2682 = CARTESIAN_POINT('',(4.786356418288,16.85,0.328813787884));
#2683 = CARTESIAN_POINT('',(4.786356418288,16.15,0.328813787884));
#2684 = CARTESIAN_POINT('',(4.793833202314,16.85,0.334358342155));
#2685 = CARTESIAN_POINT('',(4.793833202314,16.15,0.334358342155));
#2686 = CARTESIAN_POINT('',(4.796674171838,16.85,0.336491249612));
#2687 = CARTESIAN_POINT('',(4.796674171838,16.15,0.336491249612));
#2688 = DEFINITIONAL_REPRESENTATION('',(#2689),#2737);
#2689 = B_SPLINE_CURVE_WITH_KNOTS('',3,(#2690,#2691,#2692,#2693,#2694,
    #2695,#2696,#2697,#2698,#2699,#2700,#2701,#2702,#2703,#2704,#2705,
    #2706,#2707,#2708,#2709,#2710,#2711,#2712,#2713,#2714,#2715,#2716,
    #2717,#2718,#2719,#2720,#2721,#2722,#2723,#2724,#2725,#2726,#2727,
    #2728,#2729,#2730,#2731,#2732,#2733,#2734,#2735,#2736),
  .UNSPECIFIED.,.F.,.F.,(4,1,1,1,1,1,1,1,1,1,1,1,1,1,1,1,1,1,1,1,1,1,1,1
    ,1,1,1,1,1,1,1,1,1,1,1,1,1,1,1,1,1,1,1,1,4),(0.,2.272727272727E-02,
    4.545454545455E-02,6.818181818182E-02,9.090909090909E-02,
    0.113636363636,0.136363636364,0.159090909091,0.181818181818,
    0.204545454545,0.227272727273,0.25,0.272727272727,0.295454545455,
    0.318181818182,0.340909090909,0.363636363636,0.386363636364,
    0.409090909091,0.431818181818,0.454545454545,0.477272727273,0.5,
    0.522727272727,0.545454545455,0.568181818182,0.590909090909,
    0.613636363636,0.636363636364,0.659090909091,0.681818181818,
    0.704545454545,0.727272727273,0.75,0.772727272727,0.795454545455,
    0.818181818182,0.840909090909,0.863636363636,0.886363636364,
    0.909090909091,0.931818181818,0.954545454545,0.977272727273,1.),
  .QUASI_UNIFORM_KNOTS.);
#2690 = CARTESIAN_POINT('',(0.500975165828,1.));
#2691 = CARTESIAN_POINT('',(0.496721323322,1.));
#2692 = CARTESIAN_POINT('',(0.488258886921,1.));
#2693 = CARTESIAN_POINT('',(0.475699744679,1.));
#2694 = CARTESIAN_POINT('',(0.463273887609,1.));
#2695 = CARTESIAN_POINT('',(0.450980066531,1.));
#2696 = CARTESIAN_POINT('',(0.43881691617,1.));
#2697 = CARTESIAN_POINT('',(0.426783081569,1.));
#2698 = CARTESIAN_POINT('',(0.414877086485,1.));
#2699 = CARTESIAN_POINT('',(0.403097453361,1.));
#2700 = CARTESIAN_POINT('',(0.391442605916,1.));
#2701 = CARTESIAN_POINT('',(0.379910930328,1.));
#2702 = CARTESIAN_POINT('',(0.368500755839,1.));
#2703 = CARTESIAN_POINT('',(0.357210338299,1.));
#2704 = CARTESIAN_POINT('',(0.346037863342,1.));
#2705 = CARTESIAN_POINT('',(0.334981627294,1.));
#2706 = CARTESIAN_POINT('',(0.324039090939,1.));
#2707 = CARTESIAN_POINT('',(0.313210663364,1.));
#2708 = CARTESIAN_POINT('',(0.302485483767,1.));
#2709 = CARTESIAN_POINT('',(0.291894429658,1.));
#2710 = CARTESIAN_POINT('',(0.281312473371,1.));
#2711 = CARTESIAN_POINT('',(0.271196261002,1.));
#2712 = CARTESIAN_POINT('',(0.262103165089,1.));
#2713 = CARTESIAN_POINT('',(0.250705503065,1.));
#2714 = CARTESIAN_POINT('',(0.238000320136,1.));
#2715 = CARTESIAN_POINT('',(0.226581245418,1.));
#2716 = CARTESIAN_POINT('',(0.215441819512,1.));
#2717 = CARTESIAN_POINT('',(0.20452594811,1.));
#2718 = CARTESIAN_POINT('',(0.193553771525,1.));
#2719 = CARTESIAN_POINT('',(0.182173164195,1.));
#2720 = CARTESIAN_POINT('',(0.171346885659,1.));
#2721 = CARTESIAN_POINT('',(0.160606196697,1.));
#2722 = CARTESIAN_POINT('',(0.149604623825,1.));
#2723 = CARTESIAN_POINT('',(0.138048588657,1.));
#2724 = CARTESIAN_POINT('',(0.125307364886,1.));
#2725 = CARTESIAN_POINT('',(0.112184700541,1.));
#2726 = CARTESIAN_POINT('',(9.968544149474E-02,1.));
#2727 = CARTESIAN_POINT('',(8.744824354521E-02,1.));
#2728 = CARTESIAN_POINT('',(7.549042687618E-02,1.));
#2729 = CARTESIAN_POINT('',(6.376706625491E-02,1.));
#2730 = CARTESIAN_POINT('',(5.230081095152E-02,1.));
#2731 = CARTESIAN_POINT('',(4.113357489646E-02,1.));
#2732 = CARTESIAN_POINT('',(3.030733362299E-02,1.));
#2733 = CARTESIAN_POINT('',(1.984108956223E-02,1.));
#2734 = CARTESIAN_POINT('',(9.729928521854E-03,1.));
#2735 = CARTESIAN_POINT('',(3.208870658696E-03,1.));
#2736 = CARTESIAN_POINT('',(0.,1.));
#2737 = ( GEOMETRIC_REPRESENTATION_CONTEXT(2) 
PARAMETRIC_REPRESENTATION_CONTEXT() REPRESENTATION_CONTEXT('2D SPACE',''
  ) );
#2738 = ORIENTED_EDGE('',*,*,#2739,.T.);
#2739 = EDGE_CURVE('',#2600,#2740,#2742,.T.);
#2740 = VERTEX_POINT('',#2741);
#2741 = CARTESIAN_POINT('',(4.48634792847,16.15,8.569641218256E-02));
#2742 = SURFACE_CURVE('',#2743,(#2748,#2756),.PCURVE_S1.);
#2743 = B_SPLINE_CURVE_WITH_KNOTS('',3,(#2744,#2745,#2746,#2747),
  .UNSPECIFIED.,.F.,.F.,(4,4),(0.,1.),.PIECEWISE_BEZIER_KNOTS.);
#2744 = CARTESIAN_POINT('',(4.480623853802,16.15,0.161521158481));
#2745 = CARTESIAN_POINT('',(4.482531878692,16.15,0.136246243048));
#2746 = CARTESIAN_POINT('',(4.484439903581,16.15,0.110971327615));
#2747 = CARTESIAN_POINT('',(4.48634792847,16.15,8.569641218256E-02));
#2748 = PCURVE('',#206,#2749);
#2749 = DEFINITIONAL_REPRESENTATION('',(#2750),#2755);
#2750 = B_SPLINE_CURVE_WITH_KNOTS('',3,(#2751,#2752,#2753,#2754),
  .UNSPECIFIED.,.F.,.F.,(4,4),(0.,1.),.PIECEWISE_BEZIER_KNOTS.);
#2751 = CARTESIAN_POINT('',(1.634538823449,-0.161521158481));
#2752 = CARTESIAN_POINT('',(1.636446848338,-0.136246243048));
#2753 = CARTESIAN_POINT('',(1.638354873228,-0.110971327615));
#2754 = CARTESIAN_POINT('',(1.640262898117,-8.569641218256E-02));
#2755 = ( GEOMETRIC_REPRESENTATION_CONTEXT(2) 
PARAMETRIC_REPRESENTATION_CONTEXT() REPRESENTATION_CONTEXT('2D SPACE',''
  ) );
#2756 = PCURVE('',#2757,#2762);
#2757 = CYLINDRICAL_SURFACE('',#2758,1.6425);
#2758 = AXIS2_PLACEMENT_3D('',#2759,#2760,#2761);
#2759 = CARTESIAN_POINT('',(2.846085030353,16.85,1.734723475977E-15));
#2760 = DIRECTION('',(1.390214569615E-16,-1.,1.049484817167E-17));
#2761 = DIRECTION('',(7.527666039137E-02,2.465190328816E-32,
    -0.997162687028));
#2762 = DEFINITIONAL_REPRESENTATION('',(#2763),#2766);
#2763 = B_SPLINE_CURVE_WITH_KNOTS('',1,(#2764,#2765),.UNSPECIFIED.,.F.,
  .F.,(2,2),(0.,1.),.PIECEWISE_BEZIER_KNOTS.);
#2764 = CARTESIAN_POINT('',(1.593946186551,0.7));
#2765 = CARTESIAN_POINT('',(1.547646467039,0.7));
#2766 = ( GEOMETRIC_REPRESENTATION_CONTEXT(2) 
PARAMETRIC_REPRESENTATION_CONTEXT() REPRESENTATION_CONTEXT('2D SPACE',''
  ) );
#2767 = ORIENTED_EDGE('',*,*,#2768,.T.);
#2768 = EDGE_CURVE('',#2740,#2769,#2771,.T.);
#2769 = VERTEX_POINT('',#2770);
#2770 = CARTESIAN_POINT('',(4.825083987319,16.15,-3.984329778091E-02));
#2771 = SURFACE_CURVE('',#2772,(#2796,#2823),.PCURVE_S1.);
#2772 = B_SPLINE_CURVE_WITH_KNOTS('',3,(#2773,#2774,#2775,#2776,#2777,
    #2778,#2779,#2780,#2781,#2782,#2783,#2784,#2785,#2786,#2787,#2788,
    #2789,#2790,#2791,#2792,#2793,#2794,#2795),.UNSPECIFIED.,.F.,.F.,(4,
    1,2,2,2,2,1,2,2,1,2,2,4),(0.,6.25E-02,9.375E-02,0.125,0.1875,0.25,
    0.3125,0.34375,0.375,0.4375,0.46875,0.5,1.),.UNSPECIFIED.);
#2773 = CARTESIAN_POINT('',(4.48634792847,16.15,8.569641218256E-02));
#2774 = CARTESIAN_POINT('',(4.491416990466,16.15,7.621858236154E-02));
#2775 = CARTESIAN_POINT('',(4.499907122425,16.15,6.394740579417E-02));
#2776 = CARTESIAN_POINT('',(4.509727062835,16.15,5.459458147304E-02));
#2777 = CARTESIAN_POINT('',(4.516569202763,16.15,4.900788798034E-02));
#2778 = CARTESIAN_POINT('',(4.521180441331,16.15,4.593723105269E-02));
#2779 = CARTESIAN_POINT('',(4.529202953859,16.15,4.130747360378E-02));
#2780 = CARTESIAN_POINT('',(4.535445011546,16.15,3.885899752596E-02));
#2781 = CARTESIAN_POINT('',(4.549716558926,16.15,3.523810314652E-02));
#2782 = CARTESIAN_POINT('',(4.559152540347,16.15,3.398145342447E-02));
#2783 = CARTESIAN_POINT('',(4.574185968276,16.15,3.308113743835E-02));
#2784 = CARTESIAN_POINT('',(4.585465133941,16.15,3.264816493864E-02));
#2785 = CARTESIAN_POINT('',(4.596750441684,16.15,3.257858917375E-02));
#2786 = CARTESIAN_POINT('',(4.604275345086,16.15,3.261296016044E-02));
#2787 = CARTESIAN_POINT('',(4.609716707845,16.15,3.271419316997E-02));
#2788 = CARTESIAN_POINT('',(4.615973471853,16.15,3.287700383629E-02));
#2789 = CARTESIAN_POINT('',(4.62470252867,16.15,3.211426816579E-02));
#2790 = CARTESIAN_POINT('',(4.637140024701,16.15,2.996321299003E-02));
#2791 = CARTESIAN_POINT('',(4.646255786324,16.15,2.822066076058E-02));
#2792 = CARTESIAN_POINT('',(4.653373056757,16.15,2.672440512143E-02));
#2793 = CARTESIAN_POINT('',(4.708361895883,16.15,1.46702192233E-02));
#2794 = CARTESIAN_POINT('',(4.764520660201,16.15,-7.282658489083E-03));
#2795 = CARTESIAN_POINT('',(4.825083987319,16.15,-3.984329778091E-02));
#2796 = PCURVE('',#206,#2797);
#2797 = DEFINITIONAL_REPRESENTATION('',(#2798),#2822);
#2798 = B_SPLINE_CURVE_WITH_KNOTS('',3,(#2799,#2800,#2801,#2802,#2803,
    #2804,#2805,#2806,#2807,#2808,#2809,#2810,#2811,#2812,#2813,#2814,
    #2815,#2816,#2817,#2818,#2819,#2820,#2821),.UNSPECIFIED.,.F.,.F.,(4,
    1,2,2,2,2,1,2,2,1,2,2,4),(0.,6.25E-02,9.375E-02,0.125,0.1875,0.25,
    0.3125,0.34375,0.375,0.4375,0.46875,0.5,1.),.UNSPECIFIED.);
#2799 = CARTESIAN_POINT('',(1.640262898117,-8.569641218256E-02));
#2800 = CARTESIAN_POINT('',(1.645331960113,-7.621858236154E-02));
#2801 = CARTESIAN_POINT('',(1.653822092072,-6.394740579417E-02));
#2802 = CARTESIAN_POINT('',(1.663642032481,-5.459458147304E-02));
#2803 = CARTESIAN_POINT('',(1.67048417241,-4.900788798034E-02));
#2804 = CARTESIAN_POINT('',(1.675095410978,-4.593723105269E-02));
#2805 = CARTESIAN_POINT('',(1.683117923506,-4.130747360378E-02));
#2806 = CARTESIAN_POINT('',(1.689359981193,-3.885899752595E-02));
#2807 = CARTESIAN_POINT('',(1.703631528572,-3.523810314652E-02));
#2808 = CARTESIAN_POINT('',(1.713067509994,-3.398145342447E-02));
#2809 = CARTESIAN_POINT('',(1.728100937922,-3.308113743835E-02));
#2810 = CARTESIAN_POINT('',(1.739380103588,-3.264816493864E-02));
#2811 = CARTESIAN_POINT('',(1.750665411331,-3.257858917374E-02));
#2812 = CARTESIAN_POINT('',(1.758190314733,-3.261296016044E-02));
#2813 = CARTESIAN_POINT('',(1.763631677492,-3.271419316996E-02));
#2814 = CARTESIAN_POINT('',(1.7698884415,-3.287700383629E-02));
#2815 = CARTESIAN_POINT('',(1.778617498317,-3.211426816579E-02));
#2816 = CARTESIAN_POINT('',(1.791054994347,-2.996321299003E-02));
#2817 = CARTESIAN_POINT('',(1.800170755971,-2.822066076058E-02));
#2818 = CARTESIAN_POINT('',(1.807288026404,-2.672440512142E-02));
#2819 = CARTESIAN_POINT('',(1.86227686553,-1.467021922329E-02));
#2820 = CARTESIAN_POINT('',(1.918435629848,7.282658489085E-03));
#2821 = CARTESIAN_POINT('',(1.978998956965,3.984329778092E-02));
#2822 = ( GEOMETRIC_REPRESENTATION_CONTEXT(2) 
PARAMETRIC_REPRESENTATION_CONTEXT() REPRESENTATION_CONTEXT('2D SPACE',''
  ) );
#2823 = PCURVE('',#2824,#2875);
#2824 = B_SPLINE_SURFACE_WITH_KNOTS('',3,1,(
    (#2825,#2826)
    ,(#2827,#2828)
    ,(#2829,#2830)
    ,(#2831,#2832)
    ,(#2833,#2834)
    ,(#2835,#2836)
    ,(#2837,#2838)
    ,(#2839,#2840)
    ,(#2841,#2842)
    ,(#2843,#2844)
    ,(#2845,#2846)
    ,(#2847,#2848)
    ,(#2849,#2850)
    ,(#2851,#2852)
    ,(#2853,#2854)
    ,(#2855,#2856)
    ,(#2857,#2858)
    ,(#2859,#2860)
    ,(#2861,#2862)
    ,(#2863,#2864)
    ,(#2865,#2866)
    ,(#2867,#2868)
    ,(#2869,#2870)
    ,(#2871,#2872)
    ,(#2873,#2874
    )),.UNSPECIFIED.,.F.,.F.,.F.,(4,1,1,1,1,1,1,1,1,1,1,1,1,1,1,1,1,1,1,
    1,1,1,4),(2,2),(0.499024834094,0.513738430235,0.537576671814,
    0.560441923945,0.582334186628,0.603253459865,0.623199743654,
    0.642173037997,0.660173342894,0.677200658345,0.693254984351,
    0.708336320912,0.72244466803,0.735580025704,0.747742393936,
    0.758931772728,0.769148162081,0.778391561998,0.786661972481,
    0.793959393536,0.800283825168,0.805635267389,1.),(0.,1.),
  .UNSPECIFIED.);
#2825 = CARTESIAN_POINT('',(4.825083987343,16.85,-3.984329779389E-02));
#2826 = CARTESIAN_POINT('',(4.825083987343,16.15,-3.984329779389E-02));
#2827 = CARTESIAN_POINT('',(4.821955009746,16.85,-3.816106671857E-02));
#2828 = CARTESIAN_POINT('',(4.821955009746,16.15,-3.816106671857E-02));
#2829 = CARTESIAN_POINT('',(4.81373057862,16.85,-3.380181053904E-02));
#2830 = CARTESIAN_POINT('',(4.81373057862,16.15,-3.380181053904E-02));
#2831 = CARTESIAN_POINT('',(4.800519395503,16.85,-2.706527906416E-02));
#2832 = CARTESIAN_POINT('',(4.800519395503,16.15,-2.706527906416E-02));
#2833 = CARTESIAN_POINT('',(4.78561658355,16.85,-1.983781881753E-02));
#2834 = CARTESIAN_POINT('',(4.78561658355,16.15,-1.983781881753E-02));
#2835 = CARTESIAN_POINT('',(4.771212461151,16.85,-1.320451204676E-02));
#2836 = CARTESIAN_POINT('',(4.771212461151,16.15,-1.320451204676E-02));
#2837 = CARTESIAN_POINT('',(4.757324575835,16.85,-7.142403773853E-03));
#2838 = CARTESIAN_POINT('',(4.757324575835,16.15,-7.142403773853E-03));
#2839 = CARTESIAN_POINT('',(4.743969754158,16.85,-1.628079970343E-03));
#2840 = CARTESIAN_POINT('',(4.743969754158,16.15,-1.628079970343E-03));
#2841 = CARTESIAN_POINT('',(4.73116409046,16.85,3.362312740962E-03));
#2842 = CARTESIAN_POINT('',(4.73116409046,16.15,3.362312740962E-03));
#2843 = CARTESIAN_POINT('',(4.718922936129,16.85,7.853047118979E-03));
#2844 = CARTESIAN_POINT('',(4.718922936129,16.15,7.853047118979E-03));
#2845 = CARTESIAN_POINT('',(4.707260889367,16.85,1.186879508846E-02));
#2846 = CARTESIAN_POINT('',(4.707260889367,16.15,1.186879508846E-02));
#2847 = CARTESIAN_POINT('',(4.696191785471,16.85,1.543460727181E-02));
#2848 = CARTESIAN_POINT('',(4.696191785471,16.15,1.543460727181E-02));
#2849 = CARTESIAN_POINT('',(4.685728687636,16.85,1.857589233337E-02));
#2850 = CARTESIAN_POINT('',(4.685728687636,16.15,1.857589233337E-02));
#2851 = CARTESIAN_POINT('',(4.675883878264,16.85,2.13183959683E-02));
#2852 = CARTESIAN_POINT('',(4.675883878264,16.15,2.13183959683E-02));
#2853 = CARTESIAN_POINT('',(4.666668850832,16.85,2.368818015582E-02));
#2854 = CARTESIAN_POINT('',(4.666668850832,16.15,2.368818015582E-02));
#2855 = CARTESIAN_POINT('',(4.658094302228,16.85,2.57116006435E-02));
#2856 = CARTESIAN_POINT('',(4.658094302228,16.15,2.57116006435E-02));
#2857 = CARTESIAN_POINT('',(4.650170125813,16.85,2.741528948852E-02));
#2858 = CARTESIAN_POINT('',(4.650170125813,16.15,2.741528948852E-02));
#2859 = CARTESIAN_POINT('',(4.642905404395,16.85,2.882612014298E-02));
#2860 = CARTESIAN_POINT('',(4.642905404395,16.15,2.882612014298E-02));
#2861 = CARTESIAN_POINT('',(4.63630840582,16.85,2.997122869534E-02));
#2862 = CARTESIAN_POINT('',(4.63630840582,16.15,2.997122869534E-02));
#2863 = CARTESIAN_POINT('',(4.630386572418,16.85,3.087785372306E-02));
#2864 = CARTESIAN_POINT('',(4.630386572418,16.15,3.087785372306E-02));
#2865 = CARTESIAN_POINT('',(4.625146532198,16.85,3.157374945072E-02));
#2866 = CARTESIAN_POINT('',(4.625146532198,16.15,3.157374945072E-02));
#2867 = CARTESIAN_POINT('',(4.620594044862,16.85,3.208581977018E-02));
#2868 = CARTESIAN_POINT('',(4.620594044862,16.15,3.208581977018E-02));
#2869 = CARTESIAN_POINT('',(4.571056266102,16.85,3.66843386856E-02));
#2870 = CARTESIAN_POINT('',(4.571056266102,16.15,3.66843386856E-02));
#2871 = CARTESIAN_POINT('',(4.521375337714,16.85,2.02042512727E-02));
#2872 = CARTESIAN_POINT('',(4.521375337714,16.15,2.02042512727E-02));
#2873 = CARTESIAN_POINT('',(4.48634792847,16.85,8.569641218256E-02));
#2874 = CARTESIAN_POINT('',(4.48634792847,16.15,8.569641218256E-02));
#2875 = DEFINITIONAL_REPRESENTATION('',(#2876),#2946);
#2876 = B_SPLINE_CURVE_WITH_KNOTS('',3,(#2877,#2878,#2879,#2880,#2881,
    #2882,#2883,#2884,#2885,#2886,#2887,#2888,#2889,#2890,#2891,#2892,
    #2893,#2894,#2895,#2896,#2897,#2898,#2899,#2900,#2901,#2902,#2903,
    #2904,#2905,#2906,#2907,#2908,#2909,#2910,#2911,#2912,#2913,#2914,
    #2915,#2916,#2917,#2918,#2919,#2920,#2921,#2922,#2923,#2924,#2925,
    #2926,#2927,#2928,#2929,#2930,#2931,#2932,#2933,#2934,#2935,#2936,
    #2937,#2938,#2939,#2940,#2941,#2942,#2943,#2944,#2945),
  .UNSPECIFIED.,.F.,.F.,(4,1,1,1,1,1,1,1,1,1,1,1,1,1,1,1,1,1,1,1,1,1,1,1
    ,1,1,1,1,1,1,1,1,1,1,1,1,1,1,1,1,1,1,1,1,1,1,1,1,1,1,1,1,1,1,1,1,1,1
    ,1,1,1,1,1,1,1,1,4),(0.,1.515151515152E-02,3.030303030303E-02,
    4.545454545455E-02,6.060606060606E-02,7.575757575758E-02,
    9.090909090909E-02,0.106060606061,0.121212121212,0.136363636364,
    0.151515151515,0.166666666667,0.181818181818,0.19696969697,
    0.212121212121,0.227272727273,0.242424242424,0.257575757576,
    0.272727272727,0.287878787879,0.30303030303,0.318181818182,
    0.333333333333,0.348484848485,0.363636363636,0.378787878788,
    0.393939393939,0.409090909091,0.424242424242,0.439393939394,
    0.454545454545,0.469696969697,0.484848484848,0.5,0.515151515152,
    0.530303030303,0.545454545455,0.560606060606,0.575757575758,
    0.590909090909,0.606060606061,0.621212121212,0.636363636364,
    0.651515151515,0.666666666667,0.681818181818,0.69696969697,
    0.712121212121,0.727272727273,0.742424242424,0.757575757576,
    0.772727272727,0.787878787879,0.80303030303,0.818181818182,
    0.833333333333,0.848484848485,0.863636363636,0.878787878788,
    0.893939393939,0.909090909091,0.924242424242,0.939393939394,
    0.954545454545,0.969696969697,0.984848484848,1.),
  .QUASI_UNIFORM_KNOTS.);
#2877 = CARTESIAN_POINT('',(1.,1.));
#2878 = CARTESIAN_POINT('',(0.997727081554,1.));
#2879 = CARTESIAN_POINT('',(0.993128750068,1.));
#2880 = CARTESIAN_POINT('',(0.98606146278,1.));
#2881 = CARTESIAN_POINT('',(0.978805497727,1.));
#2882 = CARTESIAN_POINT('',(0.971365002209,1.));
#2883 = CARTESIAN_POINT('',(0.963669208684,1.));
#2884 = CARTESIAN_POINT('',(0.955946689729,1.));
#2885 = CARTESIAN_POINT('',(0.947339183695,1.));
#2886 = CARTESIAN_POINT('',(0.938459856138,1.));
#2887 = CARTESIAN_POINT('',(0.932937929146,1.));
#2888 = CARTESIAN_POINT('',(0.926294678406,1.));
#2889 = CARTESIAN_POINT('',(0.919469606338,1.));
#2890 = CARTESIAN_POINT('',(0.912209706102,1.));
#2891 = CARTESIAN_POINT('',(0.904528834417,1.));
#2892 = CARTESIAN_POINT('',(0.895930812314,1.));
#2893 = CARTESIAN_POINT('',(0.887134209583,1.));
#2894 = CARTESIAN_POINT('',(0.878572315419,1.));
#2895 = CARTESIAN_POINT('',(0.870912956194,1.));
#2896 = CARTESIAN_POINT('',(0.863245685744,1.));
#2897 = CARTESIAN_POINT('',(0.855634371801,1.));
#2898 = CARTESIAN_POINT('',(0.848040672588,1.));
#2899 = CARTESIAN_POINT('',(0.840495170425,1.));
#2900 = CARTESIAN_POINT('',(0.832844122011,1.));
#2901 = CARTESIAN_POINT('',(0.825610944093,1.));
#2902 = CARTESIAN_POINT('',(0.816009333916,1.));
#2903 = CARTESIAN_POINT('',(0.810976103245,1.));
#2904 = CARTESIAN_POINT('',(0.806477582016,1.));
#2905 = CARTESIAN_POINT('',(0.80080641414,1.));
#2906 = CARTESIAN_POINT('',(0.794389981502,1.));
#2907 = CARTESIAN_POINT('',(0.787163364514,1.));
#2908 = CARTESIAN_POINT('',(0.778916452759,1.));
#2909 = CARTESIAN_POINT('',(0.770519948985,1.));
#2910 = CARTESIAN_POINT('',(0.758628334766,1.));
#2911 = CARTESIAN_POINT('',(0.748855458558,1.));
#2912 = CARTESIAN_POINT('',(0.743024333583,1.));
#2913 = CARTESIAN_POINT('',(0.736073153589,1.));
#2914 = CARTESIAN_POINT('',(0.729357268208,1.));
#2915 = CARTESIAN_POINT('',(0.722512606523,1.));
#2916 = CARTESIAN_POINT('',(0.71563577103,1.));
#2917 = CARTESIAN_POINT('',(0.708699993006,1.));
#2918 = CARTESIAN_POINT('',(0.701711522691,1.));
#2919 = CARTESIAN_POINT('',(0.694667831841,1.));
#2920 = CARTESIAN_POINT('',(0.687568713515,1.));
#2921 = CARTESIAN_POINT('',(0.680413399389,1.));
#2922 = CARTESIAN_POINT('',(0.67320125991,1.));
#2923 = CARTESIAN_POINT('',(0.665931662321,1.));
#2924 = CARTESIAN_POINT('',(0.658603998187,1.));
#2925 = CARTESIAN_POINT('',(0.651217648359,1.));
#2926 = CARTESIAN_POINT('',(0.64377205315,1.));
#2927 = CARTESIAN_POINT('',(0.63626661409,1.));
#2928 = CARTESIAN_POINT('',(0.628700795082,1.));
#2929 = CARTESIAN_POINT('',(0.621074049279,1.));
#2930 = CARTESIAN_POINT('',(0.613385838576,1.));
#2931 = CARTESIAN_POINT('',(0.605635671738,1.));
#2932 = CARTESIAN_POINT('',(0.597823028038,1.));
#2933 = CARTESIAN_POINT('',(0.589947434304,1.));
#2934 = CARTESIAN_POINT('',(0.582008425168,1.));
#2935 = CARTESIAN_POINT('',(0.574005524462,1.));
#2936 = CARTESIAN_POINT('',(0.565938309062,1.));
#2937 = CARTESIAN_POINT('',(0.557806340575,1.));
#2938 = CARTESIAN_POINT('',(0.549609194193,1.));
#2939 = CARTESIAN_POINT('',(0.541346484868,1.));
#2940 = CARTESIAN_POINT('',(0.533017807364,1.));
#2941 = CARTESIAN_POINT('',(0.524622785959,1.));
#2942 = CARTESIAN_POINT('',(0.516161070315,1.));
#2943 = CARTESIAN_POINT('',(0.507632290518,1.));
#2944 = CARTESIAN_POINT('',(0.501901511403,1.));
#2945 = CARTESIAN_POINT('',(0.499024834094,1.));
#2946 = ( GEOMETRIC_REPRESENTATION_CONTEXT(2) 
PARAMETRIC_REPRESENTATION_CONTEXT() REPRESENTATION_CONTEXT('2D SPACE',''
  ) );
#2947 = ORIENTED_EDGE('',*,*,#2948,.T.);
#2948 = EDGE_CURVE('',#2769,#2949,#2951,.T.);
#2949 = VERTEX_POINT('',#2950);
#2950 = CARTESIAN_POINT('',(4.819074797983,16.15,-0.159172035256));
#2951 = SURFACE_CURVE('',#2952,(#2957,#2965),.PCURVE_S1.);
#2952 = B_SPLINE_CURVE_WITH_KNOTS('',3,(#2953,#2954,#2955,#2956),
  .UNSPECIFIED.,.F.,.F.,(4,4),(0.,1.),.PIECEWISE_BEZIER_KNOTS.);
#2953 = CARTESIAN_POINT('',(4.825083987319,16.15,-3.984329778091E-02));
#2954 = CARTESIAN_POINT('',(4.824281952221,16.15,-7.968002529955E-02));
#2955 = CARTESIAN_POINT('',(4.822278889115,16.15,-0.119456271126));
#2956 = CARTESIAN_POINT('',(4.819074797983,16.15,-0.159172035256));
#2957 = PCURVE('',#206,#2958);
#2958 = DEFINITIONAL_REPRESENTATION('',(#2959),#2964);
#2959 = B_SPLINE_CURVE_WITH_KNOTS('',3,(#2960,#2961,#2962,#2963),
  .UNSPECIFIED.,.F.,.F.,(4,4),(0.,1.),.PIECEWISE_BEZIER_KNOTS.);
#2960 = CARTESIAN_POINT('',(1.978998956965,3.984329778092E-02));
#2961 = CARTESIAN_POINT('',(1.978196921868,7.968002529956E-02));
#2962 = CARTESIAN_POINT('',(1.976193858762,0.119456271126));
#2963 = CARTESIAN_POINT('',(1.97298976763,0.159172035256));
#2964 = ( GEOMETRIC_REPRESENTATION_CONTEXT(2) 
PARAMETRIC_REPRESENTATION_CONTEXT() REPRESENTATION_CONTEXT('2D SPACE',''
  ) );
#2965 = PCURVE('',#2966,#2971);
#2966 = CYLINDRICAL_SURFACE('',#2967,1.9794);
#2967 = AXIS2_PLACEMENT_3D('',#2968,#2969,#2970);
#2968 = CARTESIAN_POINT('',(2.846085030353,16.85,1.734723475977E-15));
#2969 = DIRECTION('',(1.393758570794E-16,-1.,-7.018727669979E-18));
#2970 = DIRECTION('',(5.029454251471E-02,6.162975822039E-33,
    0.998734428661));
#2971 = DEFINITIONAL_REPRESENTATION('',(#2972),#2975);
#2972 = B_SPLINE_CURVE_WITH_KNOTS('',1,(#2973,#2974),.UNSPECIFIED.,.F.,
  .F.,(2,2),(0.,1.),.PIECEWISE_BEZIER_KNOTS.);
#2973 = CARTESIAN_POINT('',(4.742574413856,0.7));
#2974 = CARTESIAN_POINT('',(4.682203546909,0.7));
#2975 = ( GEOMETRIC_REPRESENTATION_CONTEXT(2) 
PARAMETRIC_REPRESENTATION_CONTEXT() REPRESENTATION_CONTEXT('2D SPACE',''
  ) );
#2976 = ORIENTED_EDGE('',*,*,#2977,.T.);
#2977 = EDGE_CURVE('',#2949,#2978,#2980,.T.);
#2978 = VERTEX_POINT('',#2979);
#2979 = CARTESIAN_POINT('',(4.469440489634,16.15,-0.250046601299));
#2980 = SURFACE_CURVE('',#2981,(#2996,#3014),.PCURVE_S1.);
#2981 = B_SPLINE_CURVE_WITH_KNOTS('',3,(#2982,#2983,#2984,#2985,#2986,
    #2987,#2988,#2989,#2990,#2991,#2992,#2993,#2994,#2995),
  .UNSPECIFIED.,.F.,.F.,(4,1,1,2,2,2,2,4),(0.,0.25,0.375,0.4375,0.5,
    0.625,0.75,1.),.UNSPECIFIED.);
#2982 = CARTESIAN_POINT('',(4.819074797983,16.15,-0.159172035256));
#2983 = CARTESIAN_POINT('',(4.787761140273,16.15,-0.172141315144));
#2984 = CARTESIAN_POINT('',(4.742495867833,16.15,-0.18794327759));
#2985 = CARTESIAN_POINT('',(4.692670508051,16.15,-0.199987975015));
#2986 = CARTESIAN_POINT('',(4.671956237729,16.15,-0.203780504177));
#2987 = CARTESIAN_POINT('',(4.65828882536,16.15,-0.206004527168));
#2988 = CARTESIAN_POINT('',(4.653204693547,16.15,-0.206761774701));
#2989 = CARTESIAN_POINT('',(4.628094307176,16.15,-0.209792617058));
#2990 = CARTESIAN_POINT('',(4.614625831708,16.15,-0.21059713223));
#2991 = CARTESIAN_POINT('',(4.584528986606,16.15,-0.20938244516));
#2992 = CARTESIAN_POINT('',(4.57169272073,16.15,-0.208399815923));
#2993 = CARTESIAN_POINT('',(4.520402750271,16.15,-0.201844215279));
#2994 = CARTESIAN_POINT('',(4.492017558846,16.15,-0.216454877143));
#2995 = CARTESIAN_POINT('',(4.469440489634,16.15,-0.250046601299));
#2996 = PCURVE('',#206,#2997);
#2997 = DEFINITIONAL_REPRESENTATION('',(#2998),#3013);
#2998 = B_SPLINE_CURVE_WITH_KNOTS('',3,(#2999,#3000,#3001,#3002,#3003,
    #3004,#3005,#3006,#3007,#3008,#3009,#3010,#3011,#3012),
  .UNSPECIFIED.,.F.,.F.,(4,1,1,2,2,2,2,4),(0.,0.25,0.375,0.4375,0.5,
    0.625,0.75,1.),.UNSPECIFIED.);
#2999 = CARTESIAN_POINT('',(1.97298976763,0.159172035256));
#3000 = CARTESIAN_POINT('',(1.94167610992,0.172141315144));
#3001 = CARTESIAN_POINT('',(1.896410837479,0.18794327759));
#3002 = CARTESIAN_POINT('',(1.846585477698,0.199987975015));
#3003 = CARTESIAN_POINT('',(1.825871207376,0.203780504177));
#3004 = CARTESIAN_POINT('',(1.812203795007,0.206004527168));
#3005 = CARTESIAN_POINT('',(1.807119663194,0.206761774701));
#3006 = CARTESIAN_POINT('',(1.782009276823,0.209792617058));
#3007 = CARTESIAN_POINT('',(1.768540801355,0.21059713223));
#3008 = CARTESIAN_POINT('',(1.738443956253,0.20938244516));
#3009 = CARTESIAN_POINT('',(1.725607690377,0.208399815923));
#3010 = CARTESIAN_POINT('',(1.674317719918,0.201844215279));
#3011 = CARTESIAN_POINT('',(1.645932528493,0.216454877143));
#3012 = CARTESIAN_POINT('',(1.623355459281,0.250046601299));
#3013 = ( GEOMETRIC_REPRESENTATION_CONTEXT(2) 
PARAMETRIC_REPRESENTATION_CONTEXT() REPRESENTATION_CONTEXT('2D SPACE',''
  ) );
#3014 = PCURVE('',#3015,#3066);
#3015 = B_SPLINE_SURFACE_WITH_KNOTS('',3,1,(
    (#3016,#3017)
    ,(#3018,#3019)
    ,(#3020,#3021)
    ,(#3022,#3023)
    ,(#3024,#3025)
    ,(#3026,#3027)
    ,(#3028,#3029)
    ,(#3030,#3031)
    ,(#3032,#3033)
    ,(#3034,#3035)
    ,(#3036,#3037)
    ,(#3038,#3039)
    ,(#3040,#3041)
    ,(#3042,#3043)
    ,(#3044,#3045)
    ,(#3046,#3047)
    ,(#3048,#3049)
    ,(#3050,#3051)
    ,(#3052,#3053)
    ,(#3054,#3055)
    ,(#3056,#3057)
    ,(#3058,#3059)
    ,(#3060,#3061)
    ,(#3062,#3063)
    ,(#3064,#3065
    )),.UNSPECIFIED.,.F.,.F.,.F.,(4,1,1,1,1,1,1,1,1,1,1,1,1,1,1,1,1,1,1,
    1,1,1,4),(2,2),(0.,0.194364732611,0.199716174832,0.206040606464,
    0.213338027519,0.221608438002,0.230851837919,0.241068227272,
    0.252257606064,0.264419974296,0.27755533197,0.291663679088,
    0.306745015649,0.322799341655,0.339826657106,0.357826962003,
    0.376800256346,0.396746540135,0.417665813372,0.439558076055,
    0.462423328186,0.486261569765,0.500975165828),(0.,1.),
  .UNSPECIFIED.);
#3016 = CARTESIAN_POINT('',(4.469440489634,16.85,-0.250046601299));
#3017 = CARTESIAN_POINT('',(4.469440489634,16.15,-0.250046601299));
#3018 = CARTESIAN_POINT('',(4.510870151558,16.85,-0.188404686567));
#3019 = CARTESIAN_POINT('',(4.510870151558,16.15,-0.188404686567));
#3020 = CARTESIAN_POINT('',(4.5586441211,16.85,-0.209792434482));
#3021 = CARTESIAN_POINT('',(4.5586441211,16.15,-0.209792434482));
#3022 = CARTESIAN_POINT('',(4.608393259581,16.85,-0.210193833399));
#3023 = CARTESIAN_POINT('',(4.608393259581,16.15,-0.210193833399));
#3024 = CARTESIAN_POINT('',(4.612974159007,16.85,-0.210141704678));
#3025 = CARTESIAN_POINT('',(4.612974159007,16.15,-0.210141704678));
#3026 = CARTESIAN_POINT('',(4.618257600359,16.85,-0.209975753324));
#3027 = CARTESIAN_POINT('',(4.618257600359,16.15,-0.209975753324));
#3028 = CARTESIAN_POINT('',(4.624240555886,16.85,-0.209668632925));
#3029 = CARTESIAN_POINT('',(4.624240555886,16.15,-0.209668632925));
#3030 = CARTESIAN_POINT('',(4.630919219351,16.85,-0.209192063806));
#3031 = CARTESIAN_POINT('',(4.630919219351,16.15,-0.209192063806));
#3032 = CARTESIAN_POINT('',(4.63828892251,16.85,-0.208518197521));
#3033 = CARTESIAN_POINT('',(4.63828892251,16.15,-0.208518197521));
#3034 = CARTESIAN_POINT('',(4.646344165484,16.85,-0.207619204664));
#3035 = CARTESIAN_POINT('',(4.646344165484,16.15,-0.207619204664));
#3036 = CARTESIAN_POINT('',(4.655078611172,16.85,-0.206467435262));
#3037 = CARTESIAN_POINT('',(4.655078611172,16.15,-0.206467435262));
#3038 = CARTESIAN_POINT('',(4.664485091768,16.85,-0.205035398088));
#3039 = CARTESIAN_POINT('',(4.664485091768,16.15,-0.205035398088));
#3040 = CARTESIAN_POINT('',(4.674555612245,16.85,-0.2032957961));
#3041 = CARTESIAN_POINT('',(4.674555612245,16.15,-0.2032957961));
#3042 = CARTESIAN_POINT('',(4.685281355507,16.85,-0.201221544515));
#3043 = CARTESIAN_POINT('',(4.685281355507,16.15,-0.201221544515));
#3044 = CARTESIAN_POINT('',(4.696652687745,16.85,-0.198785793975));
#3045 = CARTESIAN_POINT('',(4.696652687745,16.15,-0.198785793975));
#3046 = CARTESIAN_POINT('',(4.708659164455,16.85,-0.195961952007));
#3047 = CARTESIAN_POINT('',(4.708659164455,16.15,-0.195961952007));
#3048 = CARTESIAN_POINT('',(4.721289536962,16.85,-0.192723704805));
#3049 = CARTESIAN_POINT('',(4.721289536962,16.15,-0.192723704805));
#3050 = CARTESIAN_POINT('',(4.734531759504,16.85,-0.189045038699));
#3051 = CARTESIAN_POINT('',(4.734531759504,16.15,-0.189045038699));
#3052 = CARTESIAN_POINT('',(4.74837299684,16.85,-0.184900261501));
#3053 = CARTESIAN_POINT('',(4.74837299684,16.15,-0.184900261501));
#3054 = CARTESIAN_POINT('',(4.762799632407,16.85,-0.180264023643));
#3055 = CARTESIAN_POINT('',(4.762799632407,16.15,-0.180264023643));
#3056 = CARTESIAN_POINT('',(4.777797276991,16.85,-0.175111339125));
#3057 = CARTESIAN_POINT('',(4.777797276991,16.15,-0.175111339125));
#3058 = CARTESIAN_POINT('',(4.793350777935,16.85,-0.169417606244));
#3059 = CARTESIAN_POINT('',(4.793350777935,16.15,-0.169417606244));
#3060 = CARTESIAN_POINT('',(4.807171888534,16.85,-0.164042374444));
#3061 = CARTESIAN_POINT('',(4.807171888534,16.15,-0.164042374444));
#3062 = CARTESIAN_POINT('',(4.815792650216,16.85,-0.160531413116));
#3063 = CARTESIAN_POINT('',(4.815792650216,16.15,-0.160531413116));
#3064 = CARTESIAN_POINT('',(4.819074797974,16.85,-0.15917203526));
#3065 = CARTESIAN_POINT('',(4.819074797974,16.15,-0.15917203526));
#3066 = DEFINITIONAL_REPRESENTATION('',(#3067),#3115);
#3067 = B_SPLINE_CURVE_WITH_KNOTS('',3,(#3068,#3069,#3070,#3071,#3072,
    #3073,#3074,#3075,#3076,#3077,#3078,#3079,#3080,#3081,#3082,#3083,
    #3084,#3085,#3086,#3087,#3088,#3089,#3090,#3091,#3092,#3093,#3094,
    #3095,#3096,#3097,#3098,#3099,#3100,#3101,#3102,#3103,#3104,#3105,
    #3106,#3107,#3108,#3109,#3110,#3111,#3112,#3113,#3114),
  .UNSPECIFIED.,.F.,.F.,(4,1,1,1,1,1,1,1,1,1,1,1,1,1,1,1,1,1,1,1,1,1,1,1
    ,1,1,1,1,1,1,1,1,1,1,1,1,1,1,1,1,1,1,1,1,4),(0.,2.272727272727E-02,
    4.545454545455E-02,6.818181818182E-02,9.090909090909E-02,
    0.113636363636,0.136363636364,0.159090909091,0.181818181818,
    0.204545454545,0.227272727273,0.25,0.272727272727,0.295454545455,
    0.318181818182,0.340909090909,0.363636363636,0.386363636364,
    0.409090909091,0.431818181818,0.454545454545,0.477272727273,0.5,
    0.522727272727,0.545454545455,0.568181818182,0.590909090909,
    0.613636363636,0.636363636364,0.659090909091,0.681818181818,
    0.704545454545,0.727272727273,0.75,0.772727272727,0.795454545455,
    0.818181818182,0.840909090909,0.863636363636,0.886363636364,
    0.909090909091,0.931818181818,0.954545454545,0.977272727273,1.),
  .QUASI_UNIFORM_KNOTS.);
#3068 = CARTESIAN_POINT('',(0.500975165828,1.));
#3069 = CARTESIAN_POINT('',(0.496721323322,1.));
#3070 = CARTESIAN_POINT('',(0.488258886921,1.));
#3071 = CARTESIAN_POINT('',(0.475699744679,1.));
#3072 = CARTESIAN_POINT('',(0.463273887609,1.));
#3073 = CARTESIAN_POINT('',(0.450980066531,1.));
#3074 = CARTESIAN_POINT('',(0.43881691617,1.));
#3075 = CARTESIAN_POINT('',(0.426783081569,1.));
#3076 = CARTESIAN_POINT('',(0.414877086485,1.));
#3077 = CARTESIAN_POINT('',(0.403097453361,1.));
#3078 = CARTESIAN_POINT('',(0.391442605916,1.));
#3079 = CARTESIAN_POINT('',(0.379910930328,1.));
#3080 = CARTESIAN_POINT('',(0.368500755839,1.));
#3081 = CARTESIAN_POINT('',(0.357210338299,1.));
#3082 = CARTESIAN_POINT('',(0.346037863342,1.));
#3083 = CARTESIAN_POINT('',(0.334981627294,1.));
#3084 = CARTESIAN_POINT('',(0.324039090939,1.));
#3085 = CARTESIAN_POINT('',(0.313210663364,1.));
#3086 = CARTESIAN_POINT('',(0.302485483767,1.));
#3087 = CARTESIAN_POINT('',(0.291894429658,1.));
#3088 = CARTESIAN_POINT('',(0.281312473371,1.));
#3089 = CARTESIAN_POINT('',(0.271196261002,1.));
#3090 = CARTESIAN_POINT('',(0.262103165089,1.));
#3091 = CARTESIAN_POINT('',(0.250705503065,1.));
#3092 = CARTESIAN_POINT('',(0.238000320136,1.));
#3093 = CARTESIAN_POINT('',(0.226581245418,1.));
#3094 = CARTESIAN_POINT('',(0.215441819512,1.));
#3095 = CARTESIAN_POINT('',(0.20452594811,1.));
#3096 = CARTESIAN_POINT('',(0.193553771525,1.));
#3097 = CARTESIAN_POINT('',(0.182173164195,1.));
#3098 = CARTESIAN_POINT('',(0.171346885659,1.));
#3099 = CARTESIAN_POINT('',(0.160606196697,1.));
#3100 = CARTESIAN_POINT('',(0.149604623825,1.));
#3101 = CARTESIAN_POINT('',(0.138048588657,1.));
#3102 = CARTESIAN_POINT('',(0.125307364886,1.));
#3103 = CARTESIAN_POINT('',(0.112184700541,1.));
#3104 = CARTESIAN_POINT('',(9.968544149474E-02,1.));
#3105 = CARTESIAN_POINT('',(8.744824354521E-02,1.));
#3106 = CARTESIAN_POINT('',(7.549042687618E-02,1.));
#3107 = CARTESIAN_POINT('',(6.376706625492E-02,1.));
#3108 = CARTESIAN_POINT('',(5.230081095152E-02,1.));
#3109 = CARTESIAN_POINT('',(4.113357489646E-02,1.));
#3110 = CARTESIAN_POINT('',(3.0307333623E-02,1.));
#3111 = CARTESIAN_POINT('',(1.984108956223E-02,1.));
#3112 = CARTESIAN_POINT('',(9.729928521854E-03,1.));
#3113 = CARTESIAN_POINT('',(3.208870658696E-03,1.));
#3114 = CARTESIAN_POINT('',(0.,1.));
#3115 = ( GEOMETRIC_REPRESENTATION_CONTEXT(2) 
PARAMETRIC_REPRESENTATION_CONTEXT() REPRESENTATION_CONTEXT('2D SPACE',''
  ) );
#3116 = ORIENTED_EDGE('',*,*,#3117,.T.);
#3117 = EDGE_CURVE('',#2978,#3118,#3120,.T.);
#3118 = VERTEX_POINT('',#3119);
#3119 = CARTESIAN_POINT('',(4.456127884369,16.15,-0.324912693244));
#3120 = SURFACE_CURVE('',#3121,(#3126,#3134),.PCURVE_S1.);
#3121 = B_SPLINE_CURVE_WITH_KNOTS('',3,(#3122,#3123,#3124,#3125),
  .UNSPECIFIED.,.F.,.F.,(4,4),(0.,1.),.PIECEWISE_BEZIER_KNOTS.);
#3122 = CARTESIAN_POINT('',(4.469440489634,16.15,-0.250046601299));
#3123 = CARTESIAN_POINT('',(4.465002954546,16.15,-0.275001965281));
#3124 = CARTESIAN_POINT('',(4.460565419458,16.15,-0.299957329263));
#3125 = CARTESIAN_POINT('',(4.456127884369,16.15,-0.324912693244));
#3126 = PCURVE('',#206,#3127);
#3127 = DEFINITIONAL_REPRESENTATION('',(#3128),#3133);
#3128 = B_SPLINE_CURVE_WITH_KNOTS('',3,(#3129,#3130,#3131,#3132),
  .UNSPECIFIED.,.F.,.F.,(4,4),(0.,1.),.PIECEWISE_BEZIER_KNOTS.);
#3129 = CARTESIAN_POINT('',(1.623355459281,0.250046601299));
#3130 = CARTESIAN_POINT('',(1.618917924193,0.275001965281));
#3131 = CARTESIAN_POINT('',(1.614480389105,0.299957329263));
#3132 = CARTESIAN_POINT('',(1.610042854016,0.324912693244));
#3133 = ( GEOMETRIC_REPRESENTATION_CONTEXT(2) 
PARAMETRIC_REPRESENTATION_CONTEXT() REPRESENTATION_CONTEXT('2D SPACE',''
  ) );
#3134 = PCURVE('',#3135,#3140);
#3135 = CYLINDRICAL_SURFACE('',#3136,1.6425);
#3136 = AXIS2_PLACEMENT_3D('',#3137,#3138,#3139);
#3137 = CARTESIAN_POINT('',(2.846085030353,16.85,1.734723475977E-15));
#3138 = DIRECTION('',(1.35363673866E-16,-1.,-2.407021804668E-17));
#3139 = DIRECTION('',(-0.175072570441,3.389636702122E-32,-0.98455553174)
  );
#3140 = DEFINITIONAL_REPRESENTATION('',(#3141),#3144);
#3141 = B_SPLINE_CURVE_WITH_KNOTS('',1,(#3142,#3143),.UNSPECIFIED.,.F.,
  .F.,(2,2),(0.,1.),.PIECEWISE_BEZIER_KNOTS.);
#3142 = CARTESIAN_POINT('',(1.593946186551,0.7));
#3143 = CARTESIAN_POINT('',(1.547646467039,0.7));
#3144 = ( GEOMETRIC_REPRESENTATION_CONTEXT(2) 
PARAMETRIC_REPRESENTATION_CONTEXT() REPRESENTATION_CONTEXT('2D SPACE',''
  ) );
#3145 = ORIENTED_EDGE('',*,*,#3146,.T.);
#3146 = EDGE_CURVE('',#3118,#3147,#3149,.T.);
#3147 = VERTEX_POINT('',#3148);
#3148 = CARTESIAN_POINT('',(4.753001470732,16.15,-0.530748574622));
#3149 = SURFACE_CURVE('',#3150,(#3174,#3201),.PCURVE_S1.);
#3150 = B_SPLINE_CURVE_WITH_KNOTS('',3,(#3151,#3152,#3153,#3154,#3155,
    #3156,#3157,#3158,#3159,#3160,#3161,#3162,#3163,#3164,#3165,#3166,
    #3167,#3168,#3169,#3170,#3171,#3172,#3173),.UNSPECIFIED.,.F.,.F.,(4,
    1,2,2,2,2,1,2,2,1,2,2,4),(0.,6.250000000002E-02,9.375000000002E-02,
    0.125,0.1875,0.25,0.3125,0.34375,0.375,0.4375,0.46875,0.5,1.),
  .UNSPECIFIED.);
#3151 = CARTESIAN_POINT('',(4.456127884369,16.15,-0.324912693244));
#3152 = CARTESIAN_POINT('',(4.458680652032,16.15,-0.335353384069));
#3153 = CARTESIAN_POINT('',(4.463852333368,16.15,-0.349350449018));
#3154 = CARTESIAN_POINT('',(4.471037809467,16.15,-0.360851557037));
#3155 = CARTESIAN_POINT('',(4.476275636813,16.15,-0.367964305287));
#3156 = CARTESIAN_POINT('',(4.479978363518,16.15,-0.37208526028));
#3157 = CARTESIAN_POINT('',(4.486597460204,16.15,-0.37856468312));
#3158 = CARTESIAN_POINT('',(4.492034500932,16.15,-0.382488572442));
#3159 = CARTESIAN_POINT('',(4.504957201592,16.15,-0.389544899273));
#3160 = CARTESIAN_POINT('',(4.513784218227,16.15,-0.393108702189));
#3161 = CARTESIAN_POINT('',(4.528121443892,16.15,-0.397719394588));
#3162 = CARTESIAN_POINT('',(4.538938577945,16.15,-0.400943778897));
#3163 = CARTESIAN_POINT('',(4.549852034204,16.15,-0.40381771072));
#3164 = CARTESIAN_POINT('',(4.557149076645,16.15,-0.405655786939));
#3165 = CARTESIAN_POINT('',(4.562444664613,16.15,-0.406910946241));
#3166 = CARTESIAN_POINT('',(4.56854535024,16.15,-0.408309244507));
#3167 = CARTESIAN_POINT('',(4.576810483038,16.15,-0.411218845588));
#3168 = CARTESIAN_POINT('',(4.588322286591,16.15,-0.416395400895));
#3169 = CARTESIAN_POINT('',(4.596718304683,16.15,-0.420350205371));
#3170 = CARTESIAN_POINT('',(4.603239869332,16.15,-0.423569446569));
#3171 = CARTESIAN_POINT('',(4.653503378828,16.15,-0.448920096249));
#3172 = CARTESIAN_POINT('',(4.702438353615,16.15,-0.484149400701));
#3173 = CARTESIAN_POINT('',(4.753001470732,16.15,-0.530748574622));
#3174 = PCURVE('',#206,#3175);
#3175 = DEFINITIONAL_REPRESENTATION('',(#3176),#3200);
#3176 = B_SPLINE_CURVE_WITH_KNOTS('',3,(#3177,#3178,#3179,#3180,#3181,
    #3182,#3183,#3184,#3185,#3186,#3187,#3188,#3189,#3190,#3191,#3192,
    #3193,#3194,#3195,#3196,#3197,#3198,#3199),.UNSPECIFIED.,.F.,.F.,(4,
    1,2,2,2,2,1,2,2,1,2,2,4),(0.,6.250000000002E-02,9.375000000002E-02,
    0.125,0.1875,0.25,0.3125,0.34375,0.375,0.4375,0.46875,0.5,1.),
  .UNSPECIFIED.);
#3177 = CARTESIAN_POINT('',(1.610042854016,0.324912693244));
#3178 = CARTESIAN_POINT('',(1.612595621679,0.335353384069));
#3179 = CARTESIAN_POINT('',(1.617767303015,0.349350449018));
#3180 = CARTESIAN_POINT('',(1.624952779114,0.360851557037));
#3181 = CARTESIAN_POINT('',(1.63019060646,0.367964305287));
#3182 = CARTESIAN_POINT('',(1.633893333164,0.37208526028));
#3183 = CARTESIAN_POINT('',(1.640512429851,0.37856468312));
#3184 = CARTESIAN_POINT('',(1.645949470578,0.382488572442));
#3185 = CARTESIAN_POINT('',(1.658872171238,0.389544899273));
#3186 = CARTESIAN_POINT('',(1.667699187874,0.393108702189));
#3187 = CARTESIAN_POINT('',(1.682036413539,0.397719394588));
#3188 = CARTESIAN_POINT('',(1.692853547592,0.400943778897));
#3189 = CARTESIAN_POINT('',(1.703767003851,0.40381771072));
#3190 = CARTESIAN_POINT('',(1.711064046292,0.405655786939));
#3191 = CARTESIAN_POINT('',(1.71635963426,0.406910946241));
#3192 = CARTESIAN_POINT('',(1.722460319887,0.408309244507));
#3193 = CARTESIAN_POINT('',(1.730725452685,0.411218845588));
#3194 = CARTESIAN_POINT('',(1.742237256238,0.416395400895));
#3195 = CARTESIAN_POINT('',(1.75063327433,0.420350205371));
#3196 = CARTESIAN_POINT('',(1.757154838978,0.423569446569));
#3197 = CARTESIAN_POINT('',(1.807418348475,0.448920096249));
#3198 = CARTESIAN_POINT('',(1.856353323262,0.484149400701));
#3199 = CARTESIAN_POINT('',(1.906916440378,0.530748574622));
#3200 = ( GEOMETRIC_REPRESENTATION_CONTEXT(2) 
PARAMETRIC_REPRESENTATION_CONTEXT() REPRESENTATION_CONTEXT('2D SPACE',''
  ) );
#3201 = PCURVE('',#3202,#3253);
#3202 = B_SPLINE_SURFACE_WITH_KNOTS('',3,1,(
    (#3203,#3204)
    ,(#3205,#3206)
    ,(#3207,#3208)
    ,(#3209,#3210)
    ,(#3211,#3212)
    ,(#3213,#3214)
    ,(#3215,#3216)
    ,(#3217,#3218)
    ,(#3219,#3220)
    ,(#3221,#3222)
    ,(#3223,#3224)
    ,(#3225,#3226)
    ,(#3227,#3228)
    ,(#3229,#3230)
    ,(#3231,#3232)
    ,(#3233,#3234)
    ,(#3235,#3236)
    ,(#3237,#3238)
    ,(#3239,#3240)
    ,(#3241,#3242)
    ,(#3243,#3244)
    ,(#3245,#3246)
    ,(#3247,#3248)
    ,(#3249,#3250)
    ,(#3251,#3252
    )),.UNSPECIFIED.,.F.,.F.,.F.,(4,1,1,1,1,1,1,1,1,1,1,1,1,1,1,1,1,1,1,
    1,1,1,4),(2,2),(0.499024834094,0.513738430235,0.537576671814,
    0.560441923945,0.582334186628,0.603253459865,0.623199743654,
    0.642173037997,0.660173342894,0.677200658345,0.693254984351,
    0.708336320912,0.72244466803,0.735580025704,0.747742393936,
    0.758931772728,0.769148162081,0.778391561998,0.786661972481,
    0.793959393536,0.800283825168,0.805635267389,1.),(0.,1.),
  .UNSPECIFIED.);
#3203 = CARTESIAN_POINT('',(4.753001470752,16.85,-0.53074857464));
#3204 = CARTESIAN_POINT('',(4.753001470752,16.15,-0.53074857464));
#3205 = CARTESIAN_POINT('',(4.750389149596,16.85,-0.528341048862));
#3206 = CARTESIAN_POINT('',(4.750389149596,16.15,-0.528341048862));
#3207 = CARTESIAN_POINT('',(4.743507207025,16.85,-0.522073413883));
#3208 = CARTESIAN_POINT('',(4.743507207025,16.15,-0.522073413883));
#3209 = CARTESIAN_POINT('',(4.732386384772,16.85,-0.512263035293));
#3210 = CARTESIAN_POINT('',(4.732386384772,16.15,-0.512263035293));
#3211 = CARTESIAN_POINT('',(4.719749168334,16.85,-0.501556460377));
#3212 = CARTESIAN_POINT('',(4.719749168334,16.15,-0.501556460377));
#3213 = CARTESIAN_POINT('',(4.707447214239,16.85,-0.491549391562));
#3214 = CARTESIAN_POINT('',(4.707447214239,16.15,-0.491549391562));
#3215 = CARTESIAN_POINT('',(4.695503227401,16.85,-0.482223958936));
#3216 = CARTESIAN_POINT('',(4.695503227401,16.15,-0.482223958936));
#3217 = CARTESIAN_POINT('',(4.68393932857,16.85,-0.473561668659));
#3218 = CARTESIAN_POINT('',(4.68393932857,16.15,-0.473561668659));
#3219 = CARTESIAN_POINT('',(4.672777038545,16.85,-0.465543419252));
#3220 = CARTESIAN_POINT('',(4.672777038545,16.15,-0.465543419252));
#3221 = CARTESIAN_POINT('',(4.662037262813,16.85,-0.458149518262));
#3222 = CARTESIAN_POINT('',(4.662037262813,16.15,-0.458149518262));
#3223 = CARTESIAN_POINT('',(4.651740276604,16.85,-0.451359699306));
#3224 = CARTESIAN_POINT('',(4.651740276604,16.15,-0.451359699306));
#3225 = CARTESIAN_POINT('',(4.641905710392,16.85,-0.445153139471));
#3226 = CARTESIAN_POINT('',(4.641905710392,16.15,-0.445153139471));
#3227 = CARTESIAN_POINT('',(4.632552535843,16.85,-0.439508477036));
#3228 = CARTESIAN_POINT('',(4.632552535843,16.15,-0.439508477036));
#3229 = CARTESIAN_POINT('',(4.62369905218,16.85,-0.434403829664));
#3230 = CARTESIAN_POINT('',(4.62369905218,16.15,-0.434403829664));
#3231 = CARTESIAN_POINT('',(4.615362873142,16.85,-0.429816812472));
#3232 = CARTESIAN_POINT('',(4.615362873142,16.15,-0.429816812472));
#3233 = CARTESIAN_POINT('',(4.607560913963,16.85,-0.425724557935));
#3234 = CARTESIAN_POINT('',(4.607560913963,16.15,-0.425724557935));
#3235 = CARTESIAN_POINT('',(4.600309380308,16.85,-0.42210373107));
#3236 = CARTESIAN_POINT('',(4.600309380308,16.15,-0.42210373107));
#3237 = CARTESIAN_POINT('',(4.593623752789,16.85,-0.418930561505));
#3238 = CARTESIAN_POINT('',(4.593623752789,16.15,-0.418930561505));
#3239 = CARTESIAN_POINT('',(4.587518787971,16.85,-0.416180821812));
#3240 = CARTESIAN_POINT('',(4.587518787971,16.15,-0.416180821812));
#3241 = CARTESIAN_POINT('',(4.582008468331,16.85,-0.413829979996));
#3242 = CARTESIAN_POINT('',(4.582008468331,16.15,-0.413829979996));
#3243 = CARTESIAN_POINT('',(4.57710611584,16.85,-0.411852802101));
#3244 = CARTESIAN_POINT('',(4.57710611584,16.15,-0.411852802101));
#3245 = CARTESIAN_POINT('',(4.572823999975,16.85,-0.410224661851));
#3246 = CARTESIAN_POINT('',(4.572823999975,16.15,-0.410224661851));
#3247 = CARTESIAN_POINT('',(4.525986146779,16.85,-0.393451069253));
#3248 = CARTESIAN_POINT('',(4.525986146779,16.15,-0.393451069253));
#3249 = CARTESIAN_POINT('',(4.473767605034,16.85,-0.39705825994));
#3250 = CARTESIAN_POINT('',(4.473767605034,16.15,-0.39705825994));
#3251 = CARTESIAN_POINT('',(4.456127884369,16.85,-0.324912693244));
#3252 = CARTESIAN_POINT('',(4.456127884369,16.15,-0.324912693244));
#3253 = DEFINITIONAL_REPRESENTATION('',(#3254),#3324);
#3254 = B_SPLINE_CURVE_WITH_KNOTS('',3,(#3255,#3256,#3257,#3258,#3259,
    #3260,#3261,#3262,#3263,#3264,#3265,#3266,#3267,#3268,#3269,#3270,
    #3271,#3272,#3273,#3274,#3275,#3276,#3277,#3278,#3279,#3280,#3281,
    #3282,#3283,#3284,#3285,#3286,#3287,#3288,#3289,#3290,#3291,#3292,
    #3293,#3294,#3295,#3296,#3297,#3298,#3299,#3300,#3301,#3302,#3303,
    #3304,#3305,#3306,#3307,#3308,#3309,#3310,#3311,#3312,#3313,#3314,
    #3315,#3316,#3317,#3318,#3319,#3320,#3321,#3322,#3323),
  .UNSPECIFIED.,.F.,.F.,(4,1,1,1,1,1,1,1,1,1,1,1,1,1,1,1,1,1,1,1,1,1,1,1
    ,1,1,1,1,1,1,1,1,1,1,1,1,1,1,1,1,1,1,1,1,1,1,1,1,1,1,1,1,1,1,1,1,1,1
    ,1,1,1,1,1,1,1,1,4),(0.,1.515151515152E-02,3.030303030303E-02,
    4.545454545455E-02,6.060606060606E-02,7.575757575758E-02,
    9.090909090909E-02,0.106060606061,0.121212121212,0.136363636364,
    0.151515151515,0.166666666667,0.181818181818,0.19696969697,
    0.212121212121,0.227272727273,0.242424242424,0.257575757576,
    0.272727272727,0.287878787879,0.30303030303,0.318181818182,
    0.333333333333,0.348484848485,0.363636363636,0.378787878788,
    0.393939393939,0.409090909091,0.424242424242,0.439393939394,
    0.454545454545,0.469696969697,0.484848484848,0.5,0.515151515152,
    0.530303030303,0.545454545455,0.560606060606,0.575757575758,
    0.590909090909,0.606060606061,0.621212121212,0.636363636364,
    0.651515151515,0.666666666667,0.681818181818,0.69696969697,
    0.712121212121,0.727272727273,0.742424242424,0.757575757576,
    0.772727272727,0.787878787879,0.80303030303,0.818181818182,
    0.833333333333,0.848484848485,0.863636363636,0.878787878788,
    0.893939393939,0.909090909091,0.924242424242,0.939393939394,
    0.954545454545,0.969696969697,0.984848484848,1.),
  .QUASI_UNIFORM_KNOTS.);
#3255 = CARTESIAN_POINT('',(1.,1.));
#3256 = CARTESIAN_POINT('',(0.997727081554,1.));
#3257 = CARTESIAN_POINT('',(0.993128750068,1.));
#3258 = CARTESIAN_POINT('',(0.98606146278,1.));
#3259 = CARTESIAN_POINT('',(0.978805497727,1.));
#3260 = CARTESIAN_POINT('',(0.971365002209,1.));
#3261 = CARTESIAN_POINT('',(0.963669208684,1.));
#3262 = CARTESIAN_POINT('',(0.955946689729,1.));
#3263 = CARTESIAN_POINT('',(0.947339183695,1.));
#3264 = CARTESIAN_POINT('',(0.938459856138,1.));
#3265 = CARTESIAN_POINT('',(0.932937929146,1.));
#3266 = CARTESIAN_POINT('',(0.926294678406,1.));
#3267 = CARTESIAN_POINT('',(0.919469606338,1.));
#3268 = CARTESIAN_POINT('',(0.912209706102,1.));
#3269 = CARTESIAN_POINT('',(0.904528834417,1.));
#3270 = CARTESIAN_POINT('',(0.895930812314,1.));
#3271 = CARTESIAN_POINT('',(0.887134209583,1.));
#3272 = CARTESIAN_POINT('',(0.878572315419,1.));
#3273 = CARTESIAN_POINT('',(0.870912956194,1.));
#3274 = CARTESIAN_POINT('',(0.863245685744,1.));
#3275 = CARTESIAN_POINT('',(0.855634371801,1.));
#3276 = CARTESIAN_POINT('',(0.848040672588,1.));
#3277 = CARTESIAN_POINT('',(0.840495170425,1.));
#3278 = CARTESIAN_POINT('',(0.832844122011,1.));
#3279 = CARTESIAN_POINT('',(0.825610944093,1.));
#3280 = CARTESIAN_POINT('',(0.816009333916,1.));
#3281 = CARTESIAN_POINT('',(0.810976103245,1.));
#3282 = CARTESIAN_POINT('',(0.806477582016,1.));
#3283 = CARTESIAN_POINT('',(0.80080641414,1.));
#3284 = CARTESIAN_POINT('',(0.794389981502,1.));
#3285 = CARTESIAN_POINT('',(0.787163364514,1.));
#3286 = CARTESIAN_POINT('',(0.778916452759,1.));
#3287 = CARTESIAN_POINT('',(0.770519948985,1.));
#3288 = CARTESIAN_POINT('',(0.758628334766,1.));
#3289 = CARTESIAN_POINT('',(0.748855458558,1.));
#3290 = CARTESIAN_POINT('',(0.743024333583,1.));
#3291 = CARTESIAN_POINT('',(0.736073153589,1.));
#3292 = CARTESIAN_POINT('',(0.729357268208,1.));
#3293 = CARTESIAN_POINT('',(0.722512606523,1.));
#3294 = CARTESIAN_POINT('',(0.71563577103,1.));
#3295 = CARTESIAN_POINT('',(0.708699993006,1.));
#3296 = CARTESIAN_POINT('',(0.701711522691,1.));
#3297 = CARTESIAN_POINT('',(0.694667831841,1.));
#3298 = CARTESIAN_POINT('',(0.687568713515,1.));
#3299 = CARTESIAN_POINT('',(0.680413399389,1.));
#3300 = CARTESIAN_POINT('',(0.67320125991,1.));
#3301 = CARTESIAN_POINT('',(0.665931662321,1.));
#3302 = CARTESIAN_POINT('',(0.658603998187,1.));
#3303 = CARTESIAN_POINT('',(0.651217648359,1.));
#3304 = CARTESIAN_POINT('',(0.64377205315,1.));
#3305 = CARTESIAN_POINT('',(0.63626661409,1.));
#3306 = CARTESIAN_POINT('',(0.628700795082,1.));
#3307 = CARTESIAN_POINT('',(0.621074049279,1.));
#3308 = CARTESIAN_POINT('',(0.613385838576,1.));
#3309 = CARTESIAN_POINT('',(0.605635671738,1.));
#3310 = CARTESIAN_POINT('',(0.597823028038,1.));
#3311 = CARTESIAN_POINT('',(0.589947434304,1.));
#3312 = CARTESIAN_POINT('',(0.582008425168,1.));
#3313 = CARTESIAN_POINT('',(0.574005524462,1.));
#3314 = CARTESIAN_POINT('',(0.565938309062,1.));
#3315 = CARTESIAN_POINT('',(0.557806340575,1.));
#3316 = CARTESIAN_POINT('',(0.549609194193,1.));
#3317 = CARTESIAN_POINT('',(0.541346484868,1.));
#3318 = CARTESIAN_POINT('',(0.533017807364,1.));
#3319 = CARTESIAN_POINT('',(0.524622785959,1.));
#3320 = CARTESIAN_POINT('',(0.516161070315,1.));
#3321 = CARTESIAN_POINT('',(0.507632290518,1.));
#3322 = CARTESIAN_POINT('',(0.501901511403,1.));
#3323 = CARTESIAN_POINT('',(0.499024834094,1.));
#3324 = ( GEOMETRIC_REPRESENTATION_CONTEXT(2) 
PARAMETRIC_REPRESENTATION_CONTEXT() REPRESENTATION_CONTEXT('2D SPACE',''
  ) );
#3325 = ORIENTED_EDGE('',*,*,#3326,.T.);
#3326 = EDGE_CURVE('',#3147,#3327,#3329,.T.);
#3327 = VERTEX_POINT('',#3328);
#3328 = CARTESIAN_POINT('',(4.717505220871,16.15,-0.64483395576));
#3329 = SURFACE_CURVE('',#3330,(#3335,#3343),.PCURVE_S1.);
#3330 = B_SPLINE_CURVE_WITH_KNOTS('',3,(#3331,#3332,#3333,#3334),
  .UNSPECIFIED.,.F.,.F.,(4,4),(0.,1.),.PIECEWISE_BEZIER_KNOTS.);
#3331 = CARTESIAN_POINT('',(4.753001470732,16.15,-0.530748574622));
#3332 = CARTESIAN_POINT('',(4.74231764177,16.15,-0.569134300073));
#3333 = CARTESIAN_POINT('',(4.730485558488,16.15,-0.607162760455));
#3334 = CARTESIAN_POINT('',(4.717505220871,16.15,-0.64483395576));
#3335 = PCURVE('',#206,#3336);
#3336 = DEFINITIONAL_REPRESENTATION('',(#3337),#3342);
#3337 = B_SPLINE_CURVE_WITH_KNOTS('',3,(#3338,#3339,#3340,#3341),
  .UNSPECIFIED.,.F.,.F.,(4,4),(0.,1.),.PIECEWISE_BEZIER_KNOTS.);
#3338 = CARTESIAN_POINT('',(1.906916440378,0.530748574622));
#3339 = CARTESIAN_POINT('',(1.896232611417,0.569134300073));
#3340 = CARTESIAN_POINT('',(1.884400528135,0.607162760455));
#3341 = CARTESIAN_POINT('',(1.871420190518,0.64483395576));
#3342 = ( GEOMETRIC_REPRESENTATION_CONTEXT(2) 
PARAMETRIC_REPRESENTATION_CONTEXT() REPRESENTATION_CONTEXT('2D SPACE',''
  ) );
#3343 = PCURVE('',#3344,#3349);
#3344 = CYLINDRICAL_SURFACE('',#3345,1.9794);
#3345 = AXIS2_PLACEMENT_3D('',#3346,#3347,#3348);
#3346 = CARTESIAN_POINT('',(2.846085030353,16.85,1.734723475977E-15));
#3347 = DIRECTION('',(1.393758570794E-16,-1.,-7.018727669979E-18));
#3348 = DIRECTION('',(5.029454251471E-02,6.162975822039E-33,
    0.998734428661));
#3349 = DEFINITIONAL_REPRESENTATION('',(#3350),#3353);
#3350 = B_SPLINE_CURVE_WITH_KNOTS('',1,(#3351,#3352),.UNSPECIFIED.,.F.,
  .F.,(2,2),(0.,1.),.PIECEWISE_BEZIER_KNOTS.);
#3351 = CARTESIAN_POINT('',(4.491247001569,0.7));
#3352 = CARTESIAN_POINT('',(4.430876134622,0.7));
#3353 = ( GEOMETRIC_REPRESENTATION_CONTEXT(2) 
PARAMETRIC_REPRESENTATION_CONTEXT() REPRESENTATION_CONTEXT('2D SPACE',''
  ) );
#3354 = ORIENTED_EDGE('',*,*,#3355,.T.);
#3355 = EDGE_CURVE('',#3327,#3356,#3358,.T.);
#3356 = VERTEX_POINT('',#3357);
#3357 = CARTESIAN_POINT('',(4.356255731676,16.15,-0.645903013513));
#3358 = SURFACE_CURVE('',#3359,(#3374,#3392),.PCURVE_S1.);
#3359 = B_SPLINE_CURVE_WITH_KNOTS('',3,(#3360,#3361,#3362,#3363,#3364,
    #3365,#3366,#3367,#3368,#3369,#3370,#3371,#3372,#3373),
  .UNSPECIFIED.,.F.,.F.,(4,1,1,2,2,2,2,4),(0.,0.25,0.375,0.4375,0.5,
    0.625,0.75,1.),.UNSPECIFIED.);
#3360 = CARTESIAN_POINT('',(4.717505220871,16.15,-0.64483395576));
#3361 = CARTESIAN_POINT('',(4.683950010548,16.15,-0.649608391869));
#3362 = CARTESIAN_POINT('',(4.63617704162,16.15,-0.653656891112));
#3363 = CARTESIAN_POINT('',(4.584921642695,16.15,-0.652932119117));
#3364 = CARTESIAN_POINT('',(4.563914985617,16.15,-0.651454069452));
#3365 = CARTESIAN_POINT('',(4.550123868113,16.15,-0.650209273432));
#3366 = CARTESIAN_POINT('',(4.545011143846,16.15,-0.649678358474));
#3367 = CARTESIAN_POINT('',(4.519935906595,16.15,-0.646369282191));
#3368 = CARTESIAN_POINT('',(4.506690493263,16.15,-0.643799048396));
#3369 = CARTESIAN_POINT('',(4.477841276284,16.15,-0.635137741941));
#3370 = CARTESIAN_POINT('',(4.46565265526,16.15,-0.630993734296));
#3371 = CARTESIAN_POINT('',(4.417604365123,16.15,-0.611888792935));
#3372 = CARTESIAN_POINT('',(4.386477422832,16.15,-0.618981323936));
#3373 = CARTESIAN_POINT('',(4.356255731676,16.15,-0.645903013513));
#3374 = PCURVE('',#206,#3375);
#3375 = DEFINITIONAL_REPRESENTATION('',(#3376),#3391);
#3376 = B_SPLINE_CURVE_WITH_KNOTS('',3,(#3377,#3378,#3379,#3380,#3381,
    #3382,#3383,#3384,#3385,#3386,#3387,#3388,#3389,#3390),
  .UNSPECIFIED.,.F.,.F.,(4,1,1,2,2,2,2,4),(0.,0.25,0.375,0.4375,0.5,
    0.625,0.75,1.),.UNSPECIFIED.);
#3377 = CARTESIAN_POINT('',(1.871420190518,0.64483395576));
#3378 = CARTESIAN_POINT('',(1.837864980195,0.649608391869));
#3379 = CARTESIAN_POINT('',(1.790092011267,0.653656891112));
#3380 = CARTESIAN_POINT('',(1.738836612342,0.652932119117));
#3381 = CARTESIAN_POINT('',(1.717829955264,0.651454069452));
#3382 = CARTESIAN_POINT('',(1.70403883776,0.650209273432));
#3383 = CARTESIAN_POINT('',(1.698926113493,0.649678358474));
#3384 = CARTESIAN_POINT('',(1.673850876242,0.646369282191));
#3385 = CARTESIAN_POINT('',(1.660605462909,0.643799048396));
#3386 = CARTESIAN_POINT('',(1.631756245931,0.635137741941));
#3387 = CARTESIAN_POINT('',(1.619567624907,0.630993734296));
#3388 = CARTESIAN_POINT('',(1.57151933477,0.611888792935));
#3389 = CARTESIAN_POINT('',(1.540392392479,0.618981323936));
#3390 = CARTESIAN_POINT('',(1.510170701323,0.645903013513));
#3391 = ( GEOMETRIC_REPRESENTATION_CONTEXT(2) 
PARAMETRIC_REPRESENTATION_CONTEXT() REPRESENTATION_CONTEXT('2D SPACE',''
  ) );
#3392 = PCURVE('',#3393,#3444);
#3393 = B_SPLINE_SURFACE_WITH_KNOTS('',3,1,(
    (#3394,#3395)
    ,(#3396,#3397)
    ,(#3398,#3399)
    ,(#3400,#3401)
    ,(#3402,#3403)
    ,(#3404,#3405)
    ,(#3406,#3407)
    ,(#3408,#3409)
    ,(#3410,#3411)
    ,(#3412,#3413)
    ,(#3414,#3415)
    ,(#3416,#3417)
    ,(#3418,#3419)
    ,(#3420,#3421)
    ,(#3422,#3423)
    ,(#3424,#3425)
    ,(#3426,#3427)
    ,(#3428,#3429)
    ,(#3430,#3431)
    ,(#3432,#3433)
    ,(#3434,#3435)
    ,(#3436,#3437)
    ,(#3438,#3439)
    ,(#3440,#3441)
    ,(#3442,#3443
    )),.UNSPECIFIED.,.F.,.F.,.F.,(4,1,1,1,1,1,1,1,1,1,1,1,1,1,1,1,1,1,1,
    1,1,1,4),(2,2),(0.,0.194364732611,0.199716174832,0.206040606464,
    0.213338027519,0.221608438002,0.230851837919,0.241068227272,
    0.252257606064,0.264419974296,0.27755533197,0.291663679088,
    0.306745015649,0.322799341655,0.339826657106,0.357826962003,
    0.376800256346,0.396746540135,0.417665813372,0.439558076055,
    0.462423328186,0.486261569765,0.500975165828),(0.,1.),
  .UNSPECIFIED.);
#3394 = CARTESIAN_POINT('',(4.356255731676,16.85,-0.645903013513));
#3395 = CARTESIAN_POINT('',(4.356255731676,16.15,-0.645903013513));
#3396 = CARTESIAN_POINT('',(4.411713525406,16.85,-0.596500830833));
#3397 = CARTESIAN_POINT('',(4.411713525406,16.15,-0.596500830833));
#3398 = CARTESIAN_POINT('',(4.452667671229,16.85,-0.629097546412));
#3399 = CARTESIAN_POINT('',(4.452667671229,16.15,-0.629097546412));
#3400 = CARTESIAN_POINT('',(4.500754025191,16.85,-0.64185844228));
#3401 = CARTESIAN_POINT('',(4.500754025191,16.15,-0.64185844228));
#3402 = CARTESIAN_POINT('',(4.505203971124,16.85,-0.642947174639));
#3403 = CARTESIAN_POINT('',(4.505203971124,16.15,-0.642947174639));
#3404 = CARTESIAN_POINT('',(4.510362693873,16.85,-0.644100375386));
#3405 = CARTESIAN_POINT('',(4.510362693873,16.15,-0.644100375386));
#3406 = CARTESIAN_POINT('',(4.516234061588,16.85,-0.645290804274));
#3407 = CARTESIAN_POINT('',(4.516234061588,16.15,-0.645290804274));
#3408 = CARTESIAN_POINT('',(4.52282142048,16.85,-0.646490123514));
#3409 = CARTESIAN_POINT('',(4.52282142048,16.15,-0.646490123514));
#3410 = CARTESIAN_POINT('',(4.530127174592,16.85,-0.647670198625));
#3411 = CARTESIAN_POINT('',(4.530127174592,16.15,-0.647670198625));
#3412 = CARTESIAN_POINT('',(4.538152917728,16.85,-0.648802706748));
#3413 = CARTESIAN_POINT('',(4.538152917728,16.15,-0.648802706748));
#3414 = CARTESIAN_POINT('',(4.546899388146,16.85,-0.649859290612));
#3415 = CARTESIAN_POINT('',(4.546899388146,16.15,-0.649859290612));
#3416 = CARTESIAN_POINT('',(4.556366480019,16.85,-0.650811540117));
#3417 = CARTESIAN_POINT('',(4.556366480019,16.15,-0.650811540117));
#3418 = CARTESIAN_POINT('',(4.566553237999,16.85,-0.651631027526));
#3419 = CARTESIAN_POINT('',(4.566553237999,16.15,-0.651631027526));
#3420 = CARTESIAN_POINT('',(4.577457857706,16.85,-0.65228932625));
#3421 = CARTESIAN_POINT('',(4.577457857706,16.15,-0.65228932625));
#3422 = CARTESIAN_POINT('',(4.589077685159,16.85,-0.652758034623));
#3423 = CARTESIAN_POINT('',(4.589077685159,16.15,-0.652758034623));
#3424 = CARTESIAN_POINT('',(4.601409217265,16.85,-0.653008798182));
#3425 = CARTESIAN_POINT('',(4.601409217265,16.15,-0.653008798182));
#3426 = CARTESIAN_POINT('',(4.614448102725,16.85,-0.653013332384));
#3427 = CARTESIAN_POINT('',(4.614448102725,16.15,-0.653013332384));
#3428 = CARTESIAN_POINT('',(4.628189143554,16.85,-0.652743445168));
#3429 = CARTESIAN_POINT('',(4.628189143554,16.15,-0.652743445168));
#3430 = CARTESIAN_POINT('',(4.642626297141,16.85,-0.652171059519));
#3431 = CARTESIAN_POINT('',(4.642626297141,16.15,-0.652171059519));
#3432 = CARTESIAN_POINT('',(4.657752678892,16.85,-0.65126823597));
#3433 = CARTESIAN_POINT('',(4.657752678892,16.15,-0.65126823597));
#3434 = CARTESIAN_POINT('',(4.673560565425,16.85,-0.650007195051));
#3435 = CARTESIAN_POINT('',(4.673560565425,16.15,-0.650007195051));
#3436 = CARTESIAN_POINT('',(4.690041398323,16.85,-0.648360339652));
#3437 = CARTESIAN_POINT('',(4.690041398323,16.15,-0.648360339652));
#3438 = CARTESIAN_POINT('',(4.704765059107,16.85,-0.646591151079));
#3439 = CARTESIAN_POINT('',(4.704765059107,16.15,-0.646591151079));
#3440 = CARTESIAN_POINT('',(4.713988124285,16.85,-0.645334389308));
#3441 = CARTESIAN_POINT('',(4.713988124285,16.15,-0.645334389308));
#3442 = CARTESIAN_POINT('',(4.717505220861,16.85,-0.644833955762));
#3443 = CARTESIAN_POINT('',(4.717505220861,16.15,-0.644833955762));
#3444 = DEFINITIONAL_REPRESENTATION('',(#3445),#3493);
#3445 = B_SPLINE_CURVE_WITH_KNOTS('',3,(#3446,#3447,#3448,#3449,#3450,
    #3451,#3452,#3453,#3454,#3455,#3456,#3457,#3458,#3459,#3460,#3461,
    #3462,#3463,#3464,#3465,#3466,#3467,#3468,#3469,#3470,#3471,#3472,
    #3473,#3474,#3475,#3476,#3477,#3478,#3479,#3480,#3481,#3482,#3483,
    #3484,#3485,#3486,#3487,#3488,#3489,#3490,#3491,#3492),
  .UNSPECIFIED.,.F.,.F.,(4,1,1,1,1,1,1,1,1,1,1,1,1,1,1,1,1,1,1,1,1,1,1,1
    ,1,1,1,1,1,1,1,1,1,1,1,1,1,1,1,1,1,1,1,1,4),(0.,2.272727272727E-02,
    4.545454545455E-02,6.818181818182E-02,9.090909090909E-02,
    0.113636363636,0.136363636364,0.159090909091,0.181818181818,
    0.204545454545,0.227272727273,0.25,0.272727272727,0.295454545455,
    0.318181818182,0.340909090909,0.363636363636,0.386363636364,
    0.409090909091,0.431818181818,0.454545454545,0.477272727273,0.5,
    0.522727272727,0.545454545455,0.568181818182,0.590909090909,
    0.613636363636,0.636363636364,0.659090909091,0.681818181818,
    0.704545454545,0.727272727273,0.75,0.772727272727,0.795454545455,
    0.818181818182,0.840909090909,0.863636363636,0.886363636364,
    0.909090909091,0.931818181818,0.954545454545,0.977272727273,1.),
  .QUASI_UNIFORM_KNOTS.);
#3446 = CARTESIAN_POINT('',(0.500975165828,1.));
#3447 = CARTESIAN_POINT('',(0.496721323322,1.));
#3448 = CARTESIAN_POINT('',(0.488258886921,1.));
#3449 = CARTESIAN_POINT('',(0.475699744679,1.));
#3450 = CARTESIAN_POINT('',(0.463273887609,1.));
#3451 = CARTESIAN_POINT('',(0.450980066531,1.));
#3452 = CARTESIAN_POINT('',(0.43881691617,1.));
#3453 = CARTESIAN_POINT('',(0.426783081569,1.));
#3454 = CARTESIAN_POINT('',(0.414877086485,1.));
#3455 = CARTESIAN_POINT('',(0.403097453361,1.));
#3456 = CARTESIAN_POINT('',(0.391442605916,1.));
#3457 = CARTESIAN_POINT('',(0.379910930328,1.));
#3458 = CARTESIAN_POINT('',(0.368500755839,1.));
#3459 = CARTESIAN_POINT('',(0.357210338299,1.));
#3460 = CARTESIAN_POINT('',(0.346037863342,1.));
#3461 = CARTESIAN_POINT('',(0.334981627294,1.));
#3462 = CARTESIAN_POINT('',(0.324039090939,1.));
#3463 = CARTESIAN_POINT('',(0.313210663364,1.));
#3464 = CARTESIAN_POINT('',(0.302485483767,1.));
#3465 = CARTESIAN_POINT('',(0.291894429658,1.));
#3466 = CARTESIAN_POINT('',(0.281312473371,1.));
#3467 = CARTESIAN_POINT('',(0.271196261002,1.));
#3468 = CARTESIAN_POINT('',(0.262103165089,1.));
#3469 = CARTESIAN_POINT('',(0.250705503065,1.));
#3470 = CARTESIAN_POINT('',(0.238000320136,1.));
#3471 = CARTESIAN_POINT('',(0.226581245418,1.));
#3472 = CARTESIAN_POINT('',(0.215441819512,1.));
#3473 = CARTESIAN_POINT('',(0.20452594811,1.));
#3474 = CARTESIAN_POINT('',(0.193553771526,1.));
#3475 = CARTESIAN_POINT('',(0.182173164195,1.));
#3476 = CARTESIAN_POINT('',(0.171346885659,1.));
#3477 = CARTESIAN_POINT('',(0.160606196697,1.));
#3478 = CARTESIAN_POINT('',(0.149604623825,1.));
#3479 = CARTESIAN_POINT('',(0.138048588657,1.));
#3480 = CARTESIAN_POINT('',(0.125307364886,1.));
#3481 = CARTESIAN_POINT('',(0.112184700541,1.));
#3482 = CARTESIAN_POINT('',(9.968544149474E-02,1.));
#3483 = CARTESIAN_POINT('',(8.744824354521E-02,1.));
#3484 = CARTESIAN_POINT('',(7.549042687618E-02,1.));
#3485 = CARTESIAN_POINT('',(6.376706625492E-02,1.));
#3486 = CARTESIAN_POINT('',(5.230081095152E-02,1.));
#3487 = CARTESIAN_POINT('',(4.113357489646E-02,1.));
#3488 = CARTESIAN_POINT('',(3.0307333623E-02,1.));
#3489 = CARTESIAN_POINT('',(1.984108956223E-02,1.));
#3490 = CARTESIAN_POINT('',(9.729928521854E-03,1.));
#3491 = CARTESIAN_POINT('',(3.208870658695E-03,1.));
#3492 = CARTESIAN_POINT('',(0.,1.));
#3493 = ( GEOMETRIC_REPRESENTATION_CONTEXT(2) 
PARAMETRIC_REPRESENTATION_CONTEXT() REPRESENTATION_CONTEXT('2D SPACE',''
  ) );
#3494 = ORIENTED_EDGE('',*,*,#3495,.T.);
#3495 = EDGE_CURVE('',#3356,#3496,#3498,.T.);
#3496 = VERTEX_POINT('',#3497);
#3497 = CARTESIAN_POINT('',(4.324742926427,16.15,-0.715106339209));
#3498 = SURFACE_CURVE('',#3499,(#3504,#3512),.PCURVE_S1.);
#3499 = B_SPLINE_CURVE_WITH_KNOTS('',3,(#3500,#3501,#3502,#3503),
  .UNSPECIFIED.,.F.,.F.,(4,4),(0.,1.),.PIECEWISE_BEZIER_KNOTS.);
#3500 = CARTESIAN_POINT('',(4.356255731676,16.15,-0.645903013513));
#3501 = CARTESIAN_POINT('',(4.34575146326,16.15,-0.668970788745));
#3502 = CARTESIAN_POINT('',(4.335247194844,16.15,-0.692038563977));
#3503 = CARTESIAN_POINT('',(4.324742926427,16.15,-0.715106339209));
#3504 = PCURVE('',#206,#3505);
#3505 = DEFINITIONAL_REPRESENTATION('',(#3506),#3511);
#3506 = B_SPLINE_CURVE_WITH_KNOTS('',3,(#3507,#3508,#3509,#3510),
  .UNSPECIFIED.,.F.,.F.,(4,4),(0.,1.),.PIECEWISE_BEZIER_KNOTS.);
#3507 = CARTESIAN_POINT('',(1.510170701323,0.645903013513));
#3508 = CARTESIAN_POINT('',(1.499666432907,0.668970788745));
#3509 = CARTESIAN_POINT('',(1.489162164491,0.692038563977));
#3510 = CARTESIAN_POINT('',(1.478657896074,0.715106339209));
#3511 = ( GEOMETRIC_REPRESENTATION_CONTEXT(2) 
PARAMETRIC_REPRESENTATION_CONTEXT() REPRESENTATION_CONTEXT('2D SPACE',''
  ) );
#3512 = PCURVE('',#3513,#3518);
#3513 = CYLINDRICAL_SURFACE('',#3514,1.6425);
#3514 = AXIS2_PLACEMENT_3D('',#3515,#3516,#3517);
#3515 = CARTESIAN_POINT('',(2.846085030353,16.85,1.734723475977E-15));
#3516 = DIRECTION('',(1.15506486459E-16,-1.,-5.259766602463E-17));
#3517 = DIRECTION('',(-0.4144213478,-1.232595164408E-32,-0.910085131451)
  );
#3518 = DEFINITIONAL_REPRESENTATION('',(#3519),#3522);
#3519 = B_SPLINE_CURVE_WITH_KNOTS('',1,(#3520,#3521),.UNSPECIFIED.,.F.,
  .F.,(2,2),(0.,1.),.PIECEWISE_BEZIER_KNOTS.);
#3520 = CARTESIAN_POINT('',(1.593946186551,0.7));
#3521 = CARTESIAN_POINT('',(1.547646467039,0.7));
#3522 = ( GEOMETRIC_REPRESENTATION_CONTEXT(2) 
PARAMETRIC_REPRESENTATION_CONTEXT() REPRESENTATION_CONTEXT('2D SPACE',''
  ) );
#3523 = ORIENTED_EDGE('',*,*,#3524,.T.);
#3524 = EDGE_CURVE('',#3496,#3525,#3527,.T.);
#3525 = VERTEX_POINT('',#3526);
#3526 = CARTESIAN_POINT('',(4.561100381047,16.15,-0.988304966562));
#3527 = SURFACE_CURVE('',#3528,(#3552,#3579),.PCURVE_S1.);
#3528 = B_SPLINE_CURVE_WITH_KNOTS('',3,(#3529,#3530,#3531,#3532,#3533,
    #3534,#3535,#3536,#3537,#3538,#3539,#3540,#3541,#3542,#3543,#3544,
    #3545,#3546,#3547,#3548,#3549,#3550,#3551),.UNSPECIFIED.,.F.,.F.,(4,
    1,2,2,2,2,1,2,2,1,2,2,4),(0.,6.250000000001E-02,9.375000000001E-02,
    0.125,0.1875,0.25,0.3125,0.34375,0.375,0.4375,0.46875,0.5,1.),
  .UNSPECIFIED.);
#3529 = CARTESIAN_POINT('',(4.324742926427,16.15,-0.715106339209));
#3530 = CARTESIAN_POINT('',(4.324618999977,16.15,-0.725853864034));
#3531 = CARTESIAN_POINT('',(4.326147274931,16.15,-0.740697330298));
#3532 = CARTESIAN_POINT('',(4.330246796829,16.15,-0.753624065099));
#3533 = CARTESIAN_POINT('',(4.333551199638,16.15,-0.761815947975));
#3534 = CARTESIAN_POINT('',(4.336112758542,16.15,-0.766728266275));
#3535 = CARTESIAN_POINT('',(4.340912537199,16.15,-0.774650228541));
#3536 = CARTESIAN_POINT('',(4.345202931702,16.15,-0.779802978708));
#3537 = CARTESIAN_POINT('',(4.355964804834,16.15,-0.789851363026));
#3538 = CARTESIAN_POINT('',(4.363628222765,16.15,-0.79549839229));
#3539 = CARTESIAN_POINT('',(4.376368385549,16.15,-0.803529754342));
#3540 = CARTESIAN_POINT('',(4.386043807674,16.15,-0.809342950536));
#3541 = CARTESIAN_POINT('',(4.395899679856,16.15,-0.814840658712));
#3542 = CARTESIAN_POINT('',(4.402510361323,16.15,-0.818435689048));
#3543 = CARTESIAN_POINT('',(4.407327433231,16.15,-0.820968374387));
#3544 = CARTESIAN_POINT('',(4.412888711963,16.15,-0.823839921361));
#3545 = CARTESIAN_POINT('',(4.420170592051,16.15,-0.828713566917));
#3546 = CARTESIAN_POINT('',(4.430033374172,16.15,-0.836590360346));
#3547 = CARTESIAN_POINT('',(4.437182096037,16.15,-0.84250892216));
#3548 = CARTESIAN_POINT('',(4.44269818101,16.15,-0.847248872152));
#3549 = CARTESIAN_POINT('',(4.485078119719,16.15,-0.884303111061));
#3550 = CARTESIAN_POINT('',(4.523714540539,16.15,-0.930595255489));
#3551 = CARTESIAN_POINT('',(4.561100381047,16.15,-0.988304966562));
#3552 = PCURVE('',#206,#3553);
#3553 = DEFINITIONAL_REPRESENTATION('',(#3554),#3578);
#3554 = B_SPLINE_CURVE_WITH_KNOTS('',3,(#3555,#3556,#3557,#3558,#3559,
    #3560,#3561,#3562,#3563,#3564,#3565,#3566,#3567,#3568,#3569,#3570,
    #3571,#3572,#3573,#3574,#3575,#3576,#3577),.UNSPECIFIED.,.F.,.F.,(4,
    1,2,2,2,2,1,2,2,1,2,2,4),(0.,6.250000000001E-02,9.375000000001E-02,
    0.125,0.1875,0.25,0.3125,0.34375,0.375,0.4375,0.46875,0.5,1.),
  .UNSPECIFIED.);
#3555 = CARTESIAN_POINT('',(1.478657896074,0.715106339209));
#3556 = CARTESIAN_POINT('',(1.478533969624,0.725853864034));
#3557 = CARTESIAN_POINT('',(1.480062244578,0.740697330298));
#3558 = CARTESIAN_POINT('',(1.484161766476,0.753624065099));
#3559 = CARTESIAN_POINT('',(1.487466169285,0.761815947975));
#3560 = CARTESIAN_POINT('',(1.490027728189,0.766728266275));
#3561 = CARTESIAN_POINT('',(1.494827506846,0.774650228541));
#3562 = CARTESIAN_POINT('',(1.499117901349,0.779802978708));
#3563 = CARTESIAN_POINT('',(1.509879774481,0.789851363026));
#3564 = CARTESIAN_POINT('',(1.517543192412,0.79549839229));
#3565 = CARTESIAN_POINT('',(1.530283355196,0.803529754342));
#3566 = CARTESIAN_POINT('',(1.539958777321,0.809342950536));
#3567 = CARTESIAN_POINT('',(1.549814649503,0.814840658712));
#3568 = CARTESIAN_POINT('',(1.55642533097,0.818435689048));
#3569 = CARTESIAN_POINT('',(1.561242402878,0.820968374387));
#3570 = CARTESIAN_POINT('',(1.56680368161,0.823839921361));
#3571 = CARTESIAN_POINT('',(1.574085561698,0.828713566917));
#3572 = CARTESIAN_POINT('',(1.583948343818,0.836590360346));
#3573 = CARTESIAN_POINT('',(1.591097065684,0.84250892216));
#3574 = CARTESIAN_POINT('',(1.596613150656,0.847248872152));
#3575 = CARTESIAN_POINT('',(1.638993089366,0.884303111061));
#3576 = CARTESIAN_POINT('',(1.677629510186,0.930595255489));
#3577 = CARTESIAN_POINT('',(1.715015350694,0.988304966562));
#3578 = ( GEOMETRIC_REPRESENTATION_CONTEXT(2) 
PARAMETRIC_REPRESENTATION_CONTEXT() REPRESENTATION_CONTEXT('2D SPACE',''
  ) );
#3579 = PCURVE('',#3580,#3631);
#3580 = B_SPLINE_SURFACE_WITH_KNOTS('',3,1,(
    (#3581,#3582)
    ,(#3583,#3584)
    ,(#3585,#3586)
    ,(#3587,#3588)
    ,(#3589,#3590)
    ,(#3591,#3592)
    ,(#3593,#3594)
    ,(#3595,#3596)
    ,(#3597,#3598)
    ,(#3599,#3600)
    ,(#3601,#3602)
    ,(#3603,#3604)
    ,(#3605,#3606)
    ,(#3607,#3608)
    ,(#3609,#3610)
    ,(#3611,#3612)
    ,(#3613,#3614)
    ,(#3615,#3616)
    ,(#3617,#3618)
    ,(#3619,#3620)
    ,(#3621,#3622)
    ,(#3623,#3624)
    ,(#3625,#3626)
    ,(#3627,#3628)
    ,(#3629,#3630
    )),.UNSPECIFIED.,.F.,.F.,.F.,(4,1,1,1,1,1,1,1,1,1,1,1,1,1,1,1,1,1,1,
    1,1,1,4),(2,2),(0.499024834094,0.513738430235,0.537576671814,
    0.560441923945,0.582334186628,0.603253459865,0.623199743654,
    0.642173037997,0.660173342894,0.677200658345,0.693254984351,
    0.708336320912,0.72244466803,0.735580025704,0.747742393936,
    0.758931772728,0.769148162081,0.778391561998,0.786661972481,
    0.793959393536,0.800283825168,0.805635267389,1.),(0.,1.),
  .UNSPECIFIED.);
#3581 = CARTESIAN_POINT('',(4.561100381062,16.85,-0.988304966585));
#3582 = CARTESIAN_POINT('',(4.561100381062,16.15,-0.988304966585));
#3583 = CARTESIAN_POINT('',(4.559168858094,16.85,-0.985323419803));
#3584 = CARTESIAN_POINT('',(4.559168858094,16.15,-0.985323419803));
#3585 = CARTESIAN_POINT('',(4.554061821839,16.85,-0.97754122458));
#3586 = CARTESIAN_POINT('',(4.554061821839,16.15,-0.97754122458));
#3587 = CARTESIAN_POINT('',(4.545730122612,16.85,-0.965273421043));
#3588 = CARTESIAN_POINT('',(4.545730122612,16.15,-0.965273421043));
#3589 = CARTESIAN_POINT('',(4.536152544474,16.85,-0.951760464936));
#3590 = CARTESIAN_POINT('',(4.536152544474,16.15,-0.951760464936));
#3591 = CARTESIAN_POINT('',(4.526725735703,16.85,-0.939008415014));
#3592 = CARTESIAN_POINT('',(4.526725735703,16.15,-0.939008415014));
#3593 = CARTESIAN_POINT('',(4.517476131963,16.85,-0.927005609263));
#3594 = CARTESIAN_POINT('',(4.517476131963,16.15,-0.927005609263));
#3595 = CARTESIAN_POINT('',(4.508429758269,16.85,-0.915739636068));
#3596 = CARTESIAN_POINT('',(4.508429758269,16.15,-0.915739636068));
#3597 = CARTESIAN_POINT('',(4.499612209652,16.85,-0.905197346064));
#3598 = CARTESIAN_POINT('',(4.499612209652,16.15,-0.905197346064));
#3599 = CARTESIAN_POINT('',(4.491048632126,16.85,-0.895364864455));
#3600 = CARTESIAN_POINT('',(4.491048632126,16.15,-0.895364864455));
#3601 = CARTESIAN_POINT('',(4.482763703984,16.85,-0.886227603809));
#3602 = CARTESIAN_POINT('',(4.482763703984,16.15,-0.886227603809));
#3603 = CARTESIAN_POINT('',(4.474781617419,16.85,-0.877770277303));
#3604 = CARTESIAN_POINT('',(4.474781617419,16.15,-0.877770277303));
#3605 = CARTESIAN_POINT('',(4.467126060512,16.85,-0.869976912394));
#3606 = CARTESIAN_POINT('',(4.467126060512,16.15,-0.869976912394));
#3607 = CARTESIAN_POINT('',(4.459820199497,16.85,-0.862830865053));
#3608 = CARTESIAN_POINT('',(4.459820199497,16.15,-0.862830865053));
#3609 = CARTESIAN_POINT('',(4.452886661641,16.85,-0.856314834017));
#3610 = CARTESIAN_POINT('',(4.452886661641,16.15,-0.856314834017));
#3611 = CARTESIAN_POINT('',(4.446347517675,16.85,-0.850410876833));
#3612 = CARTESIAN_POINT('',(4.446347517675,16.15,-0.850410876833));
#3613 = CARTESIAN_POINT('',(4.44022426731,16.85,-0.845100421816));
#3614 = CARTESIAN_POINT('',(4.44022426731,16.15,-0.845100421816));
#3615 = CARTESIAN_POINT('',(4.434537816254,16.85,-0.840364295255));
#3616 = CARTESIAN_POINT('',(4.434537816254,16.15,-0.840364295255));
#3617 = CARTESIAN_POINT('',(4.429308482586,16.85,-0.836182700679));
#3618 = CARTESIAN_POINT('',(4.429308482586,16.15,-0.836182700679));
#3619 = CARTESIAN_POINT('',(4.424555910356,16.85,-0.832535354112));
#3620 = CARTESIAN_POINT('',(4.424555910356,16.15,-0.832535354112));
#3621 = CARTESIAN_POINT('',(4.420299278431,16.85,-0.829401127409));
#3622 = CARTESIAN_POINT('',(4.420299278431,16.15,-0.829401127409));
#3623 = CARTESIAN_POINT('',(4.416556595126,16.85,-0.826759219267));
#3624 = CARTESIAN_POINT('',(4.416556595126,16.15,-0.826759219267));
#3625 = CARTESIAN_POINT('',(4.375361662067,16.85,-0.798864499499));
#3626 = CARTESIAN_POINT('',(4.375361662067,16.15,-0.798864499499));
#3627 = CARTESIAN_POINT('',(4.323886589989,16.85,-0.789372140402));
#3628 = CARTESIAN_POINT('',(4.323886589989,16.15,-0.789372140402));
#3629 = CARTESIAN_POINT('',(4.324742926427,16.85,-0.715106339209));
#3630 = CARTESIAN_POINT('',(4.324742926427,16.15,-0.715106339209));
#3631 = DEFINITIONAL_REPRESENTATION('',(#3632),#3702);
#3632 = B_SPLINE_CURVE_WITH_KNOTS('',3,(#3633,#3634,#3635,#3636,#3637,
    #3638,#3639,#3640,#3641,#3642,#3643,#3644,#3645,#3646,#3647,#3648,
    #3649,#3650,#3651,#3652,#3653,#3654,#3655,#3656,#3657,#3658,#3659,
    #3660,#3661,#3662,#3663,#3664,#3665,#3666,#3667,#3668,#3669,#3670,
    #3671,#3672,#3673,#3674,#3675,#3676,#3677,#3678,#3679,#3680,#3681,
    #3682,#3683,#3684,#3685,#3686,#3687,#3688,#3689,#3690,#3691,#3692,
    #3693,#3694,#3695,#3696,#3697,#3698,#3699,#3700,#3701),
  .UNSPECIFIED.,.F.,.F.,(4,1,1,1,1,1,1,1,1,1,1,1,1,1,1,1,1,1,1,1,1,1,1,1
    ,1,1,1,1,1,1,1,1,1,1,1,1,1,1,1,1,1,1,1,1,1,1,1,1,1,1,1,1,1,1,1,1,1,1
    ,1,1,1,1,1,1,1,1,4),(0.,1.515151515152E-02,3.030303030303E-02,
    4.545454545455E-02,6.060606060606E-02,7.575757575758E-02,
    9.090909090909E-02,0.106060606061,0.121212121212,0.136363636364,
    0.151515151515,0.166666666667,0.181818181818,0.19696969697,
    0.212121212121,0.227272727273,0.242424242424,0.257575757576,
    0.272727272727,0.287878787879,0.30303030303,0.318181818182,
    0.333333333333,0.348484848485,0.363636363636,0.378787878788,
    0.393939393939,0.409090909091,0.424242424242,0.439393939394,
    0.454545454545,0.469696969697,0.484848484848,0.5,0.515151515152,
    0.530303030303,0.545454545455,0.560606060606,0.575757575758,
    0.590909090909,0.606060606061,0.621212121212,0.636363636364,
    0.651515151515,0.666666666667,0.681818181818,0.69696969697,
    0.712121212121,0.727272727273,0.742424242424,0.757575757576,
    0.772727272727,0.787878787879,0.80303030303,0.818181818182,
    0.833333333333,0.848484848485,0.863636363636,0.878787878788,
    0.893939393939,0.909090909091,0.924242424242,0.939393939394,
    0.954545454545,0.969696969697,0.984848484848,1.),
  .QUASI_UNIFORM_KNOTS.);
#3633 = CARTESIAN_POINT('',(1.,1.));
#3634 = CARTESIAN_POINT('',(0.997727081554,1.));
#3635 = CARTESIAN_POINT('',(0.993128750068,1.));
#3636 = CARTESIAN_POINT('',(0.98606146278,1.));
#3637 = CARTESIAN_POINT('',(0.978805497727,1.));
#3638 = CARTESIAN_POINT('',(0.971365002209,1.));
#3639 = CARTESIAN_POINT('',(0.963669208684,1.));
#3640 = CARTESIAN_POINT('',(0.955946689729,1.));
#3641 = CARTESIAN_POINT('',(0.947339183695,1.));
#3642 = CARTESIAN_POINT('',(0.938459856138,1.));
#3643 = CARTESIAN_POINT('',(0.932937929146,1.));
#3644 = CARTESIAN_POINT('',(0.926294678406,1.));
#3645 = CARTESIAN_POINT('',(0.919469606338,1.));
#3646 = CARTESIAN_POINT('',(0.912209706102,1.));
#3647 = CARTESIAN_POINT('',(0.904528834417,1.));
#3648 = CARTESIAN_POINT('',(0.895930812314,1.));
#3649 = CARTESIAN_POINT('',(0.887134209583,1.));
#3650 = CARTESIAN_POINT('',(0.878572315419,1.));
#3651 = CARTESIAN_POINT('',(0.870912956194,1.));
#3652 = CARTESIAN_POINT('',(0.863245685744,1.));
#3653 = CARTESIAN_POINT('',(0.855634371801,1.));
#3654 = CARTESIAN_POINT('',(0.848040672588,1.));
#3655 = CARTESIAN_POINT('',(0.840495170425,1.));
#3656 = CARTESIAN_POINT('',(0.832844122011,1.));
#3657 = CARTESIAN_POINT('',(0.825610944093,1.));
#3658 = CARTESIAN_POINT('',(0.816009333916,1.));
#3659 = CARTESIAN_POINT('',(0.810976103245,1.));
#3660 = CARTESIAN_POINT('',(0.806477582016,1.));
#3661 = CARTESIAN_POINT('',(0.80080641414,1.));
#3662 = CARTESIAN_POINT('',(0.794389981502,1.));
#3663 = CARTESIAN_POINT('',(0.787163364514,1.));
#3664 = CARTESIAN_POINT('',(0.778916452759,1.));
#3665 = CARTESIAN_POINT('',(0.770519948985,1.));
#3666 = CARTESIAN_POINT('',(0.758628334766,1.));
#3667 = CARTESIAN_POINT('',(0.748855458558,1.));
#3668 = CARTESIAN_POINT('',(0.743024333583,1.));
#3669 = CARTESIAN_POINT('',(0.736073153589,1.));
#3670 = CARTESIAN_POINT('',(0.729357268208,1.));
#3671 = CARTESIAN_POINT('',(0.722512606523,1.));
#3672 = CARTESIAN_POINT('',(0.71563577103,1.));
#3673 = CARTESIAN_POINT('',(0.708699993006,1.));
#3674 = CARTESIAN_POINT('',(0.701711522691,1.));
#3675 = CARTESIAN_POINT('',(0.694667831841,1.));
#3676 = CARTESIAN_POINT('',(0.687568713515,1.));
#3677 = CARTESIAN_POINT('',(0.680413399389,1.));
#3678 = CARTESIAN_POINT('',(0.67320125991,1.));
#3679 = CARTESIAN_POINT('',(0.665931662321,1.));
#3680 = CARTESIAN_POINT('',(0.658603998187,1.));
#3681 = CARTESIAN_POINT('',(0.651217648359,1.));
#3682 = CARTESIAN_POINT('',(0.64377205315,1.));
#3683 = CARTESIAN_POINT('',(0.63626661409,1.));
#3684 = CARTESIAN_POINT('',(0.628700795081,1.));
#3685 = CARTESIAN_POINT('',(0.621074049279,1.));
#3686 = CARTESIAN_POINT('',(0.613385838576,1.));
#3687 = CARTESIAN_POINT('',(0.605635671738,1.));
#3688 = CARTESIAN_POINT('',(0.597823028038,1.));
#3689 = CARTESIAN_POINT('',(0.589947434304,1.));
#3690 = CARTESIAN_POINT('',(0.582008425168,1.));
#3691 = CARTESIAN_POINT('',(0.574005524462,1.));
#3692 = CARTESIAN_POINT('',(0.565938309062,1.));
#3693 = CARTESIAN_POINT('',(0.557806340575,1.));
#3694 = CARTESIAN_POINT('',(0.549609194193,1.));
#3695 = CARTESIAN_POINT('',(0.541346484868,1.));
#3696 = CARTESIAN_POINT('',(0.533017807364,1.));
#3697 = CARTESIAN_POINT('',(0.524622785959,1.));
#3698 = CARTESIAN_POINT('',(0.516161070315,1.));
#3699 = CARTESIAN_POINT('',(0.507632290518,1.));
#3700 = CARTESIAN_POINT('',(0.501901511403,1.));
#3701 = CARTESIAN_POINT('',(0.499024834094,1.));
#3702 = ( GEOMETRIC_REPRESENTATION_CONTEXT(2) 
PARAMETRIC_REPRESENTATION_CONTEXT() REPRESENTATION_CONTEXT('2D SPACE',''
  ) );
#3703 = ORIENTED_EDGE('',*,*,#3704,.T.);
#3704 = EDGE_CURVE('',#3525,#3705,#3707,.T.);
#3705 = VERTEX_POINT('',#3706);
#3706 = CARTESIAN_POINT('',(4.498347430587,16.15,-1.089978587292));
#3707 = SURFACE_CURVE('',#3708,(#3713,#3721),.PCURVE_S1.);
#3708 = B_SPLINE_CURVE_WITH_KNOTS('',3,(#3709,#3710,#3711,#3712),
  .UNSPECIFIED.,.F.,.F.,(4,4),(0.,1.),.PIECEWISE_BEZIER_KNOTS.);
#3709 = CARTESIAN_POINT('',(4.561100381047,16.15,-0.988304966562));
#3710 = CARTESIAN_POINT('',(4.541206062488,16.15,-1.022827773643));
#3711 = CARTESIAN_POINT('',(4.520288412339,16.15,-1.056718980557));
#3712 = CARTESIAN_POINT('',(4.498347430587,16.15,-1.089978587292));
#3713 = PCURVE('',#206,#3714);
#3714 = DEFINITIONAL_REPRESENTATION('',(#3715),#3720);
#3715 = B_SPLINE_CURVE_WITH_KNOTS('',3,(#3716,#3717,#3718,#3719),
  .UNSPECIFIED.,.F.,.F.,(4,4),(0.,1.),.PIECEWISE_BEZIER_KNOTS.);
#3716 = CARTESIAN_POINT('',(1.715015350694,0.988304966562));
#3717 = CARTESIAN_POINT('',(1.695121032135,1.022827773643));
#3718 = CARTESIAN_POINT('',(1.674203381985,1.056718980557));
#3719 = CARTESIAN_POINT('',(1.652262400234,1.089978587292));
#3720 = ( GEOMETRIC_REPRESENTATION_CONTEXT(2) 
PARAMETRIC_REPRESENTATION_CONTEXT() REPRESENTATION_CONTEXT('2D SPACE',''
  ) );
#3721 = PCURVE('',#3722,#3727);
#3722 = CYLINDRICAL_SURFACE('',#3723,1.9794);
#3723 = AXIS2_PLACEMENT_3D('',#3724,#3725,#3726);
#3724 = CARTESIAN_POINT('',(2.846085030353,16.85,1.734723475977E-15));
#3725 = DIRECTION('',(1.393758570794E-16,-1.,-7.018727669979E-18));
#3726 = DIRECTION('',(5.029454251471E-02,6.162975822039E-33,
    0.998734428661));
#3727 = DEFINITIONAL_REPRESENTATION('',(#3728),#3731);
#3728 = B_SPLINE_CURVE_WITH_KNOTS('',1,(#3729,#3730),.UNSPECIFIED.,.F.,
  .F.,(2,2),(0.,1.),.PIECEWISE_BEZIER_KNOTS.);
#3729 = CARTESIAN_POINT('',(4.239919589282,0.7));
#3730 = CARTESIAN_POINT('',(4.179548722335,0.7));
#3731 = ( GEOMETRIC_REPRESENTATION_CONTEXT(2) 
PARAMETRIC_REPRESENTATION_CONTEXT() REPRESENTATION_CONTEXT('2D SPACE',''
  ) );
#3732 = ORIENTED_EDGE('',*,*,#3733,.T.);
#3733 = EDGE_CURVE('',#3705,#3734,#3736,.T.);
#3734 = VERTEX_POINT('',#3735);
#3735 = CARTESIAN_POINT('',(4.148181394534,16.15,-1.001174963923));
#3736 = SURFACE_CURVE('',#3737,(#3752,#3770),.PCURVE_S1.);
#3737 = B_SPLINE_CURVE_WITH_KNOTS('',3,(#3738,#3739,#3740,#3741,#3742,
    #3743,#3744,#3745,#3746,#3747,#3748,#3749,#3750,#3751),
  .UNSPECIFIED.,.F.,.F.,(4,1,1,2,2,2,2,4),(0.,0.25,0.375,0.4375,0.5,
    0.625,0.75,1.),.UNSPECIFIED.);
#3738 = CARTESIAN_POINT('',(4.498347430587,16.15,-1.089978587292));
#3739 = CARTESIAN_POINT('',(4.464659064922,16.15,-1.086258184241));
#3740 = CARTESIAN_POINT('',(4.417380150842,16.15,-1.078298838184));
#3741 = CARTESIAN_POINT('',(4.367915277992,16.15,-1.064850136858));
#3742 = CARTESIAN_POINT('',(4.347936159679,16.15,-1.058194379663));
#3743 = CARTESIAN_POINT('',(4.334887883673,16.15,-1.053558979743));
#3744 = CARTESIAN_POINT('',(4.330067818222,16.15,-1.051773261633));
#3745 = CARTESIAN_POINT('',(4.306603299466,16.15,-1.042332188145));
#3746 = CARTESIAN_POINT('',(4.294413206303,16.15,-1.036548702623));
#3747 = CARTESIAN_POINT('',(4.268624319851,16.15,-1.020984998523));
#3748 = CARTESIAN_POINT('',(4.257849199563,16.15,-1.013939995711));
#3749 = CARTESIAN_POINT('',(4.216061640526,16.15,-0.983486147362));
#3750 = CARTESIAN_POINT('',(4.184148767632,16.15,-0.982614897693));
#3751 = CARTESIAN_POINT('',(4.148181394534,16.15,-1.001174963923));
#3752 = PCURVE('',#206,#3753);
#3753 = DEFINITIONAL_REPRESENTATION('',(#3754),#3769);
#3754 = B_SPLINE_CURVE_WITH_KNOTS('',3,(#3755,#3756,#3757,#3758,#3759,
    #3760,#3761,#3762,#3763,#3764,#3765,#3766,#3767,#3768),
  .UNSPECIFIED.,.F.,.F.,(4,1,1,2,2,2,2,4),(0.,0.25,0.375,0.4375,0.5,
    0.625,0.75,1.),.UNSPECIFIED.);
#3755 = CARTESIAN_POINT('',(1.652262400234,1.089978587292));
#3756 = CARTESIAN_POINT('',(1.618574034569,1.086258184241));
#3757 = CARTESIAN_POINT('',(1.571295120489,1.078298838184));
#3758 = CARTESIAN_POINT('',(1.521830247639,1.064850136858));
#3759 = CARTESIAN_POINT('',(1.501851129326,1.058194379663));
#3760 = CARTESIAN_POINT('',(1.48880285332,1.053558979743));
#3761 = CARTESIAN_POINT('',(1.483982787869,1.051773261633));
#3762 = CARTESIAN_POINT('',(1.460518269113,1.042332188145));
#3763 = CARTESIAN_POINT('',(1.44832817595,1.036548702623));
#3764 = CARTESIAN_POINT('',(1.422539289498,1.020984998523));
#3765 = CARTESIAN_POINT('',(1.41176416921,1.013939995711));
#3766 = CARTESIAN_POINT('',(1.369976610173,0.983486147362));
#3767 = CARTESIAN_POINT('',(1.338063737279,0.982614897693));
#3768 = CARTESIAN_POINT('',(1.302096364181,1.001174963923));
#3769 = ( GEOMETRIC_REPRESENTATION_CONTEXT(2) 
PARAMETRIC_REPRESENTATION_CONTEXT() REPRESENTATION_CONTEXT('2D SPACE',''
  ) );
#3770 = PCURVE('',#3771,#3822);
#3771 = B_SPLINE_SURFACE_WITH_KNOTS('',3,1,(
    (#3772,#3773)
    ,(#3774,#3775)
    ,(#3776,#3777)
    ,(#3778,#3779)
    ,(#3780,#3781)
    ,(#3782,#3783)
    ,(#3784,#3785)
    ,(#3786,#3787)
    ,(#3788,#3789)
    ,(#3790,#3791)
    ,(#3792,#3793)
    ,(#3794,#3795)
    ,(#3796,#3797)
    ,(#3798,#3799)
    ,(#3800,#3801)
    ,(#3802,#3803)
    ,(#3804,#3805)
    ,(#3806,#3807)
    ,(#3808,#3809)
    ,(#3810,#3811)
    ,(#3812,#3813)
    ,(#3814,#3815)
    ,(#3816,#3817)
    ,(#3818,#3819)
    ,(#3820,#3821
    )),.UNSPECIFIED.,.F.,.F.,.F.,(4,1,1,1,1,1,1,1,1,1,1,1,1,1,1,1,1,1,1,
    1,1,1,4),(2,2),(0.,0.194364732611,0.199716174832,0.206040606464,
    0.213338027519,0.221608438002,0.230851837919,0.241068227272,
    0.252257606064,0.264419974296,0.27755533197,0.291663679088,
    0.306745015649,0.322799341655,0.339826657106,0.357826962003,
    0.376800256346,0.396746540135,0.417665813372,0.439558076055,
    0.462423328186,0.486261569765,0.500975165828),(0.,1.),
  .UNSPECIFIED.);
#3772 = CARTESIAN_POINT('',(4.148181394534,16.85,-1.001174963923));
#3773 = CARTESIAN_POINT('',(4.148181394534,16.15,-1.001174963923));
#3774 = CARTESIAN_POINT('',(4.214182702931,16.85,-0.967116634121));
#3775 = CARTESIAN_POINT('',(4.214182702931,16.15,-0.967116634121));
#3776 = CARTESIAN_POINT('',(4.245743725434,16.85,-1.008874145843));
#3777 = CARTESIAN_POINT('',(4.245743725434,16.15,-1.008874145843));
#3778 = CARTESIAN_POINT('',(4.289145852408,16.85,-1.033192724642));
#3779 = CARTESIAN_POINT('',(4.289145852408,16.15,-1.033192724642));
#3780 = CARTESIAN_POINT('',(4.293185238379,16.85,-1.035353909024));
#3781 = CARTESIAN_POINT('',(4.293185238379,16.15,-1.035353909024));
#3782 = CARTESIAN_POINT('',(4.297895101004,16.85,-1.037753802027));
#3783 = CARTESIAN_POINT('',(4.297895101004,16.15,-1.037753802027));
#3784 = CARTESIAN_POINT('',(4.303285961279,16.85,-1.040366981177));
#3785 = CARTESIAN_POINT('',(4.303285961279,16.15,-1.040366981177));
#3786 = CARTESIAN_POINT('',(4.309368107612,16.85,-1.043166831137));
#3787 = CARTESIAN_POINT('',(4.309368107612,16.15,-1.043166831137));
#3788 = CARTESIAN_POINT('',(4.316150865278,16.85,-1.046126699184));
#3789 = CARTESIAN_POINT('',(4.316150865278,16.15,-1.046126699184));
#3790 = CARTESIAN_POINT('',(4.323642821617,16.85,-1.049219548637));
#3791 = CARTESIAN_POINT('',(4.323642821617,16.15,-1.049219548637));
#3792 = CARTESIAN_POINT('',(4.331851743861,16.85,-1.052418096718));
#3793 = CARTESIAN_POINT('',(4.331851743861,16.15,-1.052418096718));
#3794 = CARTESIAN_POINT('',(4.340784594813,16.85,-1.055694799563));
#3795 = CARTESIAN_POINT('',(4.340784594813,16.15,-1.055694799563));
#3796 = CARTESIAN_POINT('',(4.350447518828,16.85,-1.059021884961));
#3797 = CARTESIAN_POINT('',(4.350447518828,16.15,-1.059021884961));
#3798 = CARTESIAN_POINT('',(4.360845837619,16.85,-1.062371370665));
#3799 = CARTESIAN_POINT('',(4.360845837619,16.15,-1.062371370665));
#3800 = CARTESIAN_POINT('',(4.371984043792,16.85,-1.06571508728));
#3801 = CARTESIAN_POINT('',(4.371984043792,16.15,-1.06571508728));
#3802 = CARTESIAN_POINT('',(4.38386579578,16.85,-1.069024699969));
#3803 = CARTESIAN_POINT('',(4.38386579578,16.15,-1.069024699969));
#3804 = CARTESIAN_POINT('',(4.396493913067,16.85,-1.072271730675));
#3805 = CARTESIAN_POINT('',(4.396493913067,16.15,-1.072271730675));
#3806 = CARTESIAN_POINT('',(4.409870372051,16.85,-1.075427580355));
#3807 = CARTESIAN_POINT('',(4.409870372051,16.15,-1.075427580355));
#3808 = CARTESIAN_POINT('',(4.423996302433,16.85,-1.07846355135));
#3809 = CARTESIAN_POINT('',(4.423996302433,16.15,-1.07846355135));
#3810 = CARTESIAN_POINT('',(4.438871984172,16.85,-1.081350869834));
#3811 = CARTESIAN_POINT('',(4.438871984172,16.15,-1.081350869834));
#3812 = CARTESIAN_POINT('',(4.454496845004,16.85,-1.084060708352));
#3813 = CARTESIAN_POINT('',(4.454496845004,16.15,-1.084060708352));
#3814 = CARTESIAN_POINT('',(4.470869458514,16.85,-1.086564208418));
#3815 = CARTESIAN_POINT('',(4.470869458514,16.15,-1.086564208418));
#3816 = CARTESIAN_POINT('',(4.485570527727,16.85,-1.088512227697));
#3817 = CARTESIAN_POINT('',(4.485570527727,16.15,-1.088512227697));
#3818 = CARTESIAN_POINT('',(4.494816377295,16.85,-1.089588632446));
#3819 = CARTESIAN_POINT('',(4.494816377295,16.15,-1.089588632446));
#3820 = CARTESIAN_POINT('',(4.498347430577,16.85,-1.08997858729));
#3821 = CARTESIAN_POINT('',(4.498347430577,16.15,-1.08997858729));
#3822 = DEFINITIONAL_REPRESENTATION('',(#3823),#3871);
#3823 = B_SPLINE_CURVE_WITH_KNOTS('',3,(#3824,#3825,#3826,#3827,#3828,
    #3829,#3830,#3831,#3832,#3833,#3834,#3835,#3836,#3837,#3838,#3839,
    #3840,#3841,#3842,#3843,#3844,#3845,#3846,#3847,#3848,#3849,#3850,
    #3851,#3852,#3853,#3854,#3855,#3856,#3857,#3858,#3859,#3860,#3861,
    #3862,#3863,#3864,#3865,#3866,#3867,#3868,#3869,#3870),
  .UNSPECIFIED.,.F.,.F.,(4,1,1,1,1,1,1,1,1,1,1,1,1,1,1,1,1,1,1,1,1,1,1,1
    ,1,1,1,1,1,1,1,1,1,1,1,1,1,1,1,1,1,1,1,1,4),(0.,2.272727272727E-02,
    4.545454545455E-02,6.818181818182E-02,9.090909090909E-02,
    0.113636363636,0.136363636364,0.159090909091,0.181818181818,
    0.204545454545,0.227272727273,0.25,0.272727272727,0.295454545455,
    0.318181818182,0.340909090909,0.363636363636,0.386363636364,
    0.409090909091,0.431818181818,0.454545454545,0.477272727273,0.5,
    0.522727272727,0.545454545455,0.568181818182,0.590909090909,
    0.613636363636,0.636363636364,0.659090909091,0.681818181818,
    0.704545454545,0.727272727273,0.75,0.772727272727,0.795454545455,
    0.818181818182,0.840909090909,0.863636363636,0.886363636364,
    0.909090909091,0.931818181818,0.954545454545,0.977272727273,1.),
  .QUASI_UNIFORM_KNOTS.);
#3824 = CARTESIAN_POINT('',(0.500975165828,1.));
#3825 = CARTESIAN_POINT('',(0.496721323322,1.));
#3826 = CARTESIAN_POINT('',(0.488258886921,1.));
#3827 = CARTESIAN_POINT('',(0.475699744679,1.));
#3828 = CARTESIAN_POINT('',(0.463273887609,1.));
#3829 = CARTESIAN_POINT('',(0.450980066531,1.));
#3830 = CARTESIAN_POINT('',(0.43881691617,1.));
#3831 = CARTESIAN_POINT('',(0.426783081569,1.));
#3832 = CARTESIAN_POINT('',(0.414877086485,1.));
#3833 = CARTESIAN_POINT('',(0.403097453361,1.));
#3834 = CARTESIAN_POINT('',(0.391442605916,1.));
#3835 = CARTESIAN_POINT('',(0.379910930328,1.));
#3836 = CARTESIAN_POINT('',(0.368500755839,1.));
#3837 = CARTESIAN_POINT('',(0.357210338299,1.));
#3838 = CARTESIAN_POINT('',(0.346037863342,1.));
#3839 = CARTESIAN_POINT('',(0.334981627294,1.));
#3840 = CARTESIAN_POINT('',(0.324039090939,1.));
#3841 = CARTESIAN_POINT('',(0.313210663364,1.));
#3842 = CARTESIAN_POINT('',(0.302485483767,1.));
#3843 = CARTESIAN_POINT('',(0.291894429658,1.));
#3844 = CARTESIAN_POINT('',(0.281312473371,1.));
#3845 = CARTESIAN_POINT('',(0.271196261002,1.));
#3846 = CARTESIAN_POINT('',(0.262103165089,1.));
#3847 = CARTESIAN_POINT('',(0.250705503065,1.));
#3848 = CARTESIAN_POINT('',(0.238000320136,1.));
#3849 = CARTESIAN_POINT('',(0.226581245418,1.));
#3850 = CARTESIAN_POINT('',(0.215441819512,1.));
#3851 = CARTESIAN_POINT('',(0.20452594811,1.));
#3852 = CARTESIAN_POINT('',(0.193553771525,1.));
#3853 = CARTESIAN_POINT('',(0.182173164195,1.));
#3854 = CARTESIAN_POINT('',(0.171346885659,1.));
#3855 = CARTESIAN_POINT('',(0.160606196697,1.));
#3856 = CARTESIAN_POINT('',(0.149604623825,1.));
#3857 = CARTESIAN_POINT('',(0.138048588657,1.));
#3858 = CARTESIAN_POINT('',(0.125307364886,1.));
#3859 = CARTESIAN_POINT('',(0.112184700541,1.));
#3860 = CARTESIAN_POINT('',(9.968544149474E-02,1.));
#3861 = CARTESIAN_POINT('',(8.744824354521E-02,1.));
#3862 = CARTESIAN_POINT('',(7.549042687618E-02,1.));
#3863 = CARTESIAN_POINT('',(6.376706625491E-02,1.));
#3864 = CARTESIAN_POINT('',(5.230081095152E-02,1.));
#3865 = CARTESIAN_POINT('',(4.113357489646E-02,1.));
#3866 = CARTESIAN_POINT('',(3.030733362299E-02,1.));
#3867 = CARTESIAN_POINT('',(1.984108956223E-02,1.));
#3868 = CARTESIAN_POINT('',(9.729928521851E-03,1.));
#3869 = CARTESIAN_POINT('',(3.208870658694E-03,1.));
#3870 = CARTESIAN_POINT('',(0.,1.));
#3871 = ( GEOMETRIC_REPRESENTATION_CONTEXT(2) 
PARAMETRIC_REPRESENTATION_CONTEXT() REPRESENTATION_CONTEXT('2D SPACE',''
  ) );
#3872 = ORIENTED_EDGE('',*,*,#3873,.T.);
#3873 = EDGE_CURVE('',#3734,#3874,#3876,.T.);
#3874 = VERTEX_POINT('',#3875);
#3875 = CARTESIAN_POINT('',(4.100448454752,16.15,-1.060367223905));
#3876 = SURFACE_CURVE('',#3877,(#3882,#3890),.PCURVE_S1.);
#3877 = B_SPLINE_CURVE_WITH_KNOTS('',3,(#3878,#3879,#3880,#3881),
  .UNSPECIFIED.,.F.,.F.,(4,4),(0.,1.),.PIECEWISE_BEZIER_KNOTS.);
#3878 = CARTESIAN_POINT('',(4.148181394534,16.15,-1.001174963923));
#3879 = CARTESIAN_POINT('',(4.132270414607,16.15,-1.02090571725));
#3880 = CARTESIAN_POINT('',(4.116359434679,16.15,-1.040636470577));
#3881 = CARTESIAN_POINT('',(4.100448454752,16.15,-1.060367223905));
#3882 = PCURVE('',#206,#3883);
#3883 = DEFINITIONAL_REPRESENTATION('',(#3884),#3889);
#3884 = B_SPLINE_CURVE_WITH_KNOTS('',3,(#3885,#3886,#3887,#3888),
  .UNSPECIFIED.,.F.,.F.,(4,4),(0.,1.),.PIECEWISE_BEZIER_KNOTS.);
#3885 = CARTESIAN_POINT('',(1.302096364181,1.001174963923));
#3886 = CARTESIAN_POINT('',(1.286185384254,1.02090571725));
#3887 = CARTESIAN_POINT('',(1.270274404326,1.040636470577));
#3888 = CARTESIAN_POINT('',(1.254363424399,1.060367223905));
#3889 = ( GEOMETRIC_REPRESENTATION_CONTEXT(2) 
PARAMETRIC_REPRESENTATION_CONTEXT() REPRESENTATION_CONTEXT('2D SPACE',''
  ) );
#3890 = PCURVE('',#3891,#3896);
#3891 = CYLINDRICAL_SURFACE('',#3892,1.6425);
#3892 = AXIS2_PLACEMENT_3D('',#3893,#3894,#3895);
#3893 = CARTESIAN_POINT('',(2.846085030353,16.85,1.734723475977E-15));
#3894 = DIRECTION('',(8.436229761119E-17,-1.,-6.803018626165E-17));
#3895 = DIRECTION('',(-0.627730507743,-1.848892746612E-32,
    -0.778430735293));
#3896 = DEFINITIONAL_REPRESENTATION('',(#3897),#3900);
#3897 = B_SPLINE_CURVE_WITH_KNOTS('',1,(#3898,#3899),.UNSPECIFIED.,.F.,
  .F.,(2,2),(0.,1.),.PIECEWISE_BEZIER_KNOTS.);
#3898 = CARTESIAN_POINT('',(1.593946186551,0.7));
#3899 = CARTESIAN_POINT('',(1.547646467039,0.7));
#3900 = ( GEOMETRIC_REPRESENTATION_CONTEXT(2) 
PARAMETRIC_REPRESENTATION_CONTEXT() REPRESENTATION_CONTEXT('2D SPACE',''
  ) );
#3901 = ORIENTED_EDGE('',*,*,#3902,.T.);
#3902 = EDGE_CURVE('',#3874,#3903,#3905,.T.);
#3903 = VERTEX_POINT('',#3904);
#3904 = CARTESIAN_POINT('',(4.261438569494,16.15,-1.383762522722));
#3905 = SURFACE_CURVE('',#3906,(#3930,#3957),.PCURVE_S1.);
#3906 = B_SPLINE_CURVE_WITH_KNOTS('',3,(#3907,#3908,#3909,#3910,#3911,
    #3912,#3913,#3914,#3915,#3916,#3917,#3918,#3919,#3920,#3921,#3922,
    #3923,#3924,#3925,#3926,#3927,#3928,#3929),.UNSPECIFIED.,.F.,.F.,(4,
    1,2,2,2,2,1,2,2,1,2,2,4),(0.,6.25E-02,9.374999999999E-02,0.125,
    0.1875,0.25,0.3125,0.34375,0.375,0.4375,0.46875,0.5,1.),
  .UNSPECIFIED.);
#3907 = CARTESIAN_POINT('',(4.100448454752,16.15,-1.060367223905));
#3908 = CARTESIAN_POINT('',(4.097655620943,16.15,-1.070746276219));
#3909 = CARTESIAN_POINT('',(4.095444462378,16.15,-1.08550347422));
#3910 = CARTESIAN_POINT('',(4.096200442038,16.15,-1.099043601515));
#3911 = CARTESIAN_POINT('',(4.097363792528,16.15,-1.107799892889));
#3912 = CARTESIAN_POINT('',(4.098623231465,16.15,-1.113194915471));
#3913 = CARTESIAN_POINT('',(4.101302104348,16.15,-1.122061651137));
#3914 = CARTESIAN_POINT('',(4.10417627136,16.15,-1.128119495908));
#3915 = CARTESIAN_POINT('',(4.112101108896,16.15,-1.140528560769));
#3916 = CARTESIAN_POINT('',(4.11811940739,16.15,-1.147903992766));
#3917 = CARTESIAN_POINT('',(4.12846199601,16.15,-1.158851384455));
#3918 = CARTESIAN_POINT('',(4.136387763852,16.15,-1.166888128038));
#3919 = CARTESIAN_POINT('',(4.144566771259,16.15,-1.174664171343));
#3920 = CARTESIAN_POINT('',(4.150075718323,16.15,-1.179790266818));
#3921 = CARTESIAN_POINT('',(4.154111599829,16.15,-1.183441340259));
#3922 = CARTESIAN_POINT('',(4.15878403607,16.15,-1.187605706085));
#3923 = CARTESIAN_POINT('',(4.164625116141,16.15,-1.194137167041));
#3924 = CARTESIAN_POINT('',(4.172219161956,16.15,-1.204219270693));
#3925 = CARTESIAN_POINT('',(4.177671407109,16.15,-1.211729704838));
#3926 = CARTESIAN_POINT('',(4.181835416499,16.15,-1.217692535134));
#3927 = CARTESIAN_POINT('',(4.21366889701,16.15,-1.264122109165));
#3928 = CARTESIAN_POINT('',(4.239579095448,16.15,-1.318568387886));
#3929 = CARTESIAN_POINT('',(4.261438569494,16.15,-1.383762522722));
#3930 = PCURVE('',#206,#3931);
#3931 = DEFINITIONAL_REPRESENTATION('',(#3932),#3956);
#3932 = B_SPLINE_CURVE_WITH_KNOTS('',3,(#3933,#3934,#3935,#3936,#3937,
    #3938,#3939,#3940,#3941,#3942,#3943,#3944,#3945,#3946,#3947,#3948,
    #3949,#3950,#3951,#3952,#3953,#3954,#3955),.UNSPECIFIED.,.F.,.F.,(4,
    1,2,2,2,2,1,2,2,1,2,2,4),(0.,6.25E-02,9.374999999999E-02,0.125,
    0.1875,0.25,0.3125,0.34375,0.375,0.4375,0.46875,0.5,1.),
  .UNSPECIFIED.);
#3933 = CARTESIAN_POINT('',(1.254363424399,1.060367223905));
#3934 = CARTESIAN_POINT('',(1.251570590589,1.070746276219));
#3935 = CARTESIAN_POINT('',(1.249359432025,1.08550347422));
#3936 = CARTESIAN_POINT('',(1.250115411685,1.099043601515));
#3937 = CARTESIAN_POINT('',(1.251278762175,1.107799892889));
#3938 = CARTESIAN_POINT('',(1.252538201112,1.113194915471));
#3939 = CARTESIAN_POINT('',(1.255217073995,1.122061651137));
#3940 = CARTESIAN_POINT('',(1.258091241007,1.128119495908));
#3941 = CARTESIAN_POINT('',(1.266016078543,1.140528560769));
#3942 = CARTESIAN_POINT('',(1.272034377037,1.147903992766));
#3943 = CARTESIAN_POINT('',(1.282376965657,1.158851384455));
#3944 = CARTESIAN_POINT('',(1.290302733499,1.166888128038));
#3945 = CARTESIAN_POINT('',(1.298481740906,1.174664171343));
#3946 = CARTESIAN_POINT('',(1.30399068797,1.179790266818));
#3947 = CARTESIAN_POINT('',(1.308026569476,1.183441340259));
#3948 = CARTESIAN_POINT('',(1.312699005717,1.187605706085));
#3949 = CARTESIAN_POINT('',(1.318540085787,1.194137167041));
#3950 = CARTESIAN_POINT('',(1.326134131602,1.204219270693));
#3951 = CARTESIAN_POINT('',(1.331586376756,1.211729704838));
#3952 = CARTESIAN_POINT('',(1.335750386146,1.217692535134));
#3953 = CARTESIAN_POINT('',(1.367583866657,1.264122109165));
#3954 = CARTESIAN_POINT('',(1.393494065094,1.318568387886));
#3955 = CARTESIAN_POINT('',(1.415353539141,1.383762522722));
#3956 = ( GEOMETRIC_REPRESENTATION_CONTEXT(2) 
PARAMETRIC_REPRESENTATION_CONTEXT() REPRESENTATION_CONTEXT('2D SPACE',''
  ) );
#3957 = PCURVE('',#3958,#4009);
#3958 = B_SPLINE_SURFACE_WITH_KNOTS('',3,1,(
    (#3959,#3960)
    ,(#3961,#3962)
    ,(#3963,#3964)
    ,(#3965,#3966)
    ,(#3967,#3968)
    ,(#3969,#3970)
    ,(#3971,#3972)
    ,(#3973,#3974)
    ,(#3975,#3976)
    ,(#3977,#3978)
    ,(#3979,#3980)
    ,(#3981,#3982)
    ,(#3983,#3984)
    ,(#3985,#3986)
    ,(#3987,#3988)
    ,(#3989,#3990)
    ,(#3991,#3992)
    ,(#3993,#3994)
    ,(#3995,#3996)
    ,(#3997,#3998)
    ,(#3999,#4000)
    ,(#4001,#4002)
    ,(#4003,#4004)
    ,(#4005,#4006)
    ,(#4007,#4008
    )),.UNSPECIFIED.,.F.,.F.,.F.,(4,1,1,1,1,1,1,1,1,1,1,1,1,1,1,1,1,1,1,
    1,1,1,4),(2,2),(0.499024834094,0.513738430235,0.537576671814,
    0.560441923945,0.582334186628,0.603253459865,0.623199743654,
    0.642173037997,0.660173342894,0.677200658345,0.693254984351,
    0.708336320912,0.72244466803,0.735580025704,0.747742393936,
    0.758931772728,0.769148162081,0.778391561998,0.786661972481,
    0.793959393536,0.800283825168,0.805635267389,1.),(0.,1.),
  .UNSPECIFIED.);
#3959 = CARTESIAN_POINT('',(4.261438569503,16.85,-1.383762522748));
#3960 = CARTESIAN_POINT('',(4.261438569503,16.15,-1.383762522748));
#3961 = CARTESIAN_POINT('',(4.260309209413,16.85,-1.380394296511));
#3962 = CARTESIAN_POINT('',(4.260309209413,16.15,-1.380394296511));
#3963 = CARTESIAN_POINT('',(4.257297973345,16.85,-1.371586524993));
#3964 = CARTESIAN_POINT('',(4.257297973345,16.15,-1.371586524993));
#3965 = CARTESIAN_POINT('',(4.252278908447,16.85,-1.357632127721));
#3966 = CARTESIAN_POINT('',(4.252278908447,16.15,-1.357632127721));
#3967 = CARTESIAN_POINT('',(4.246362763068,16.85,-1.342161859153));
#3968 = CARTESIAN_POINT('',(4.246362763068,16.15,-1.342161859153));
#3969 = CARTESIAN_POINT('',(4.240403420686,16.85,-1.327466086319));
#3970 = CARTESIAN_POINT('',(4.240403420686,16.15,-1.327466086319));
#3971 = CARTESIAN_POINT('',(4.234429386664,16.85,-1.313540087872));
#3972 = CARTESIAN_POINT('',(4.234429386664,16.15,-1.313540087872));
#3973 = CARTESIAN_POINT('',(4.228468955037,16.85,-1.300378314288));
#3974 = CARTESIAN_POINT('',(4.228468955037,16.15,-1.300378314288));
#3975 = CARTESIAN_POINT('',(4.222550186836,16.85,-1.287974394539));
#3976 = CARTESIAN_POINT('',(4.222550186836,16.15,-1.287974394539));
#3977 = CARTESIAN_POINT('',(4.216700888587,16.85,-1.276321143293));
#3978 = CARTESIAN_POINT('',(4.216700888587,16.15,-1.276321143293));
#3979 = CARTESIAN_POINT('',(4.210948591017,16.85,-1.265410568647));
#3980 = CARTESIAN_POINT('',(4.210948591017,16.15,-1.265410568647));
#3981 = CARTESIAN_POINT('',(4.205320527954,16.85,-1.255233880398));
#3982 = CARTESIAN_POINT('',(4.205320527954,16.15,-1.255233880398));
#3983 = CARTESIAN_POINT('',(4.199843615484,16.85,-1.245781498796));
#3984 = CARTESIAN_POINT('',(4.199843615484,16.15,-1.245781498796));
#3985 = CARTESIAN_POINT('',(4.194544431235,16.85,-1.237043063921));
#3986 = CARTESIAN_POINT('',(4.194544431235,16.15,-1.237043063921));
#3987 = CARTESIAN_POINT('',(4.189449194244,16.85,-1.229007445235));
#3988 = CARTESIAN_POINT('',(4.189449194244,16.15,-1.229007445235));
#3989 = CARTESIAN_POINT('',(4.184583743956,16.85,-1.221662752748));
#3990 = CARTESIAN_POINT('',(4.184583743956,16.15,-1.221662752748));
#3991 = CARTESIAN_POINT('',(4.17997352322,16.85,-1.214996344998));
#3992 = CARTESIAN_POINT('',(4.17997352322,16.15,-1.214996344998));
#3993 = CARTESIAN_POINT('',(4.175643549261,16.85,-1.20899484969));
#3994 = CARTESIAN_POINT('',(4.175643549261,16.15,-1.20899484969));
#3995 = CARTESIAN_POINT('',(4.171618425009,16.85,-1.203644145197));
#3996 = CARTESIAN_POINT('',(4.171618425009,16.15,-1.203644145197));
#3997 = CARTESIAN_POINT('',(4.167922221781,16.85,-1.198929470078));
#3998 = CARTESIAN_POINT('',(4.167922221781,16.15,-1.198929470078));
#3999 = CARTESIAN_POINT('',(4.164578770261,16.85,-1.194835129557));
#4000 = CARTESIAN_POINT('',(4.164578770261,16.15,-1.194835129557));
#4001 = CARTESIAN_POINT('',(4.161610686072,16.85,-1.191345454329));
#4002 = CARTESIAN_POINT('',(4.161610686072,16.15,-1.191345454329));
#4003 = CARTESIAN_POINT('',(4.128647102299,16.85,-1.154082335223));
#4004 = CARTESIAN_POINT('',(4.128647102299,16.15,-1.154082335223));
#4005 = CARTESIAN_POINT('',(4.081149867978,16.85,-1.132086866176));
#4006 = CARTESIAN_POINT('',(4.081149867978,16.15,-1.132086866176));
#4007 = CARTESIAN_POINT('',(4.100448454752,16.85,-1.060367223905));
#4008 = CARTESIAN_POINT('',(4.100448454752,16.15,-1.060367223905));
#4009 = DEFINITIONAL_REPRESENTATION('',(#4010),#4080);
#4010 = B_SPLINE_CURVE_WITH_KNOTS('',3,(#4011,#4012,#4013,#4014,#4015,
    #4016,#4017,#4018,#4019,#4020,#4021,#4022,#4023,#4024,#4025,#4026,
    #4027,#4028,#4029,#4030,#4031,#4032,#4033,#4034,#4035,#4036,#4037,
    #4038,#4039,#4040,#4041,#4042,#4043,#4044,#4045,#4046,#4047,#4048,
    #4049,#4050,#4051,#4052,#4053,#4054,#4055,#4056,#4057,#4058,#4059,
    #4060,#4061,#4062,#4063,#4064,#4065,#4066,#4067,#4068,#4069,#4070,
    #4071,#4072,#4073,#4074,#4075,#4076,#4077,#4078,#4079),
  .UNSPECIFIED.,.F.,.F.,(4,1,1,1,1,1,1,1,1,1,1,1,1,1,1,1,1,1,1,1,1,1,1,1
    ,1,1,1,1,1,1,1,1,1,1,1,1,1,1,1,1,1,1,1,1,1,1,1,1,1,1,1,1,1,1,1,1,1,1
    ,1,1,1,1,1,1,1,1,4),(0.,1.515151515152E-02,3.030303030303E-02,
    4.545454545455E-02,6.060606060606E-02,7.575757575758E-02,
    9.090909090909E-02,0.106060606061,0.121212121212,0.136363636364,
    0.151515151515,0.166666666667,0.181818181818,0.19696969697,
    0.212121212121,0.227272727273,0.242424242424,0.257575757576,
    0.272727272727,0.287878787879,0.30303030303,0.318181818182,
    0.333333333333,0.348484848485,0.363636363636,0.378787878788,
    0.393939393939,0.409090909091,0.424242424242,0.439393939394,
    0.454545454545,0.469696969697,0.484848484848,0.5,0.515151515152,
    0.530303030303,0.545454545455,0.560606060606,0.575757575758,
    0.590909090909,0.606060606061,0.621212121212,0.636363636364,
    0.651515151515,0.666666666667,0.681818181818,0.69696969697,
    0.712121212121,0.727272727273,0.742424242424,0.757575757576,
    0.772727272727,0.787878787879,0.80303030303,0.818181818182,
    0.833333333333,0.848484848485,0.863636363636,0.878787878788,
    0.893939393939,0.909090909091,0.924242424242,0.939393939394,
    0.954545454545,0.969696969697,0.984848484848,1.),
  .QUASI_UNIFORM_KNOTS.);
#4011 = CARTESIAN_POINT('',(1.,1.));
#4012 = CARTESIAN_POINT('',(0.997727081554,1.));
#4013 = CARTESIAN_POINT('',(0.993128750068,1.));
#4014 = CARTESIAN_POINT('',(0.98606146278,1.));
#4015 = CARTESIAN_POINT('',(0.978805497727,1.));
#4016 = CARTESIAN_POINT('',(0.971365002209,1.));
#4017 = CARTESIAN_POINT('',(0.963669208684,1.));
#4018 = CARTESIAN_POINT('',(0.955946689729,1.));
#4019 = CARTESIAN_POINT('',(0.947339183695,1.));
#4020 = CARTESIAN_POINT('',(0.938459856138,1.));
#4021 = CARTESIAN_POINT('',(0.932937929146,1.));
#4022 = CARTESIAN_POINT('',(0.926294678406,1.));
#4023 = CARTESIAN_POINT('',(0.919469606338,1.));
#4024 = CARTESIAN_POINT('',(0.912209706102,1.));
#4025 = CARTESIAN_POINT('',(0.904528834417,1.));
#4026 = CARTESIAN_POINT('',(0.895930812314,1.));
#4027 = CARTESIAN_POINT('',(0.887134209583,1.));
#4028 = CARTESIAN_POINT('',(0.878572315419,1.));
#4029 = CARTESIAN_POINT('',(0.870912956194,1.));
#4030 = CARTESIAN_POINT('',(0.863245685744,1.));
#4031 = CARTESIAN_POINT('',(0.855634371801,1.));
#4032 = CARTESIAN_POINT('',(0.848040672588,1.));
#4033 = CARTESIAN_POINT('',(0.840495170425,1.));
#4034 = CARTESIAN_POINT('',(0.832844122011,1.));
#4035 = CARTESIAN_POINT('',(0.825610944093,1.));
#4036 = CARTESIAN_POINT('',(0.816009333916,1.));
#4037 = CARTESIAN_POINT('',(0.810976103245,1.));
#4038 = CARTESIAN_POINT('',(0.806477582016,1.));
#4039 = CARTESIAN_POINT('',(0.80080641414,1.));
#4040 = CARTESIAN_POINT('',(0.794389981502,1.));
#4041 = CARTESIAN_POINT('',(0.787163364514,1.));
#4042 = CARTESIAN_POINT('',(0.778916452759,1.));
#4043 = CARTESIAN_POINT('',(0.770519948985,1.));
#4044 = CARTESIAN_POINT('',(0.758628334766,1.));
#4045 = CARTESIAN_POINT('',(0.748855458558,1.));
#4046 = CARTESIAN_POINT('',(0.743024333583,1.));
#4047 = CARTESIAN_POINT('',(0.736073153589,1.));
#4048 = CARTESIAN_POINT('',(0.729357268208,1.));
#4049 = CARTESIAN_POINT('',(0.722512606523,1.));
#4050 = CARTESIAN_POINT('',(0.71563577103,1.));
#4051 = CARTESIAN_POINT('',(0.708699993006,1.));
#4052 = CARTESIAN_POINT('',(0.701711522691,1.));
#4053 = CARTESIAN_POINT('',(0.694667831841,1.));
#4054 = CARTESIAN_POINT('',(0.687568713515,1.));
#4055 = CARTESIAN_POINT('',(0.680413399389,1.));
#4056 = CARTESIAN_POINT('',(0.67320125991,1.));
#4057 = CARTESIAN_POINT('',(0.665931662321,1.));
#4058 = CARTESIAN_POINT('',(0.658603998186,1.));
#4059 = CARTESIAN_POINT('',(0.651217648359,1.));
#4060 = CARTESIAN_POINT('',(0.64377205315,1.));
#4061 = CARTESIAN_POINT('',(0.63626661409,1.));
#4062 = CARTESIAN_POINT('',(0.628700795081,1.));
#4063 = CARTESIAN_POINT('',(0.621074049279,1.));
#4064 = CARTESIAN_POINT('',(0.613385838575,1.));
#4065 = CARTESIAN_POINT('',(0.605635671738,1.));
#4066 = CARTESIAN_POINT('',(0.597823028038,1.));
#4067 = CARTESIAN_POINT('',(0.589947434304,1.));
#4068 = CARTESIAN_POINT('',(0.582008425168,1.));
#4069 = CARTESIAN_POINT('',(0.574005524462,1.));
#4070 = CARTESIAN_POINT('',(0.565938309062,1.));
#4071 = CARTESIAN_POINT('',(0.557806340575,1.));
#4072 = CARTESIAN_POINT('',(0.549609194193,1.));
#4073 = CARTESIAN_POINT('',(0.541346484868,1.));
#4074 = CARTESIAN_POINT('',(0.533017807364,1.));
#4075 = CARTESIAN_POINT('',(0.524622785959,1.));
#4076 = CARTESIAN_POINT('',(0.516161070315,1.));
#4077 = CARTESIAN_POINT('',(0.507632290518,1.));
#4078 = CARTESIAN_POINT('',(0.501901511403,1.));
#4079 = CARTESIAN_POINT('',(0.499024834094,1.));
#4080 = ( GEOMETRIC_REPRESENTATION_CONTEXT(2) 
PARAMETRIC_REPRESENTATION_CONTEXT() REPRESENTATION_CONTEXT('2D SPACE',''
  ) );
#4081 = ORIENTED_EDGE('',*,*,#4082,.T.);
#4082 = EDGE_CURVE('',#3903,#4083,#4085,.T.);
#4083 = VERTEX_POINT('',#4084);
#4084 = CARTESIAN_POINT('',(4.1753719171,16.15,-1.466635855522));
#4085 = SURFACE_CURVE('',#4086,(#4091,#4099),.PCURVE_S1.);
#4086 = B_SPLINE_CURVE_WITH_KNOTS('',3,(#4087,#4088,#4089,#4090),
  .UNSPECIFIED.,.F.,.F.,(4,4),(0.,1.),.PIECEWISE_BEZIER_KNOTS.);
#4087 = CARTESIAN_POINT('',(4.261438569494,16.15,-1.383762522722));
#4088 = CARTESIAN_POINT('',(4.233583794537,16.15,-1.412253216497));
#4089 = CARTESIAN_POINT('',(4.204894910409,16.15,-1.439877660769));
#4090 = CARTESIAN_POINT('',(4.1753719171,16.15,-1.466635855522));
#4091 = PCURVE('',#206,#4092);
#4092 = DEFINITIONAL_REPRESENTATION('',(#4093),#4098);
#4093 = B_SPLINE_CURVE_WITH_KNOTS('',3,(#4094,#4095,#4096,#4097),
  .UNSPECIFIED.,.F.,.F.,(4,4),(0.,1.),.PIECEWISE_BEZIER_KNOTS.);
#4094 = CARTESIAN_POINT('',(1.415353539141,1.383762522722));
#4095 = CARTESIAN_POINT('',(1.387498764184,1.412253216497));
#4096 = CARTESIAN_POINT('',(1.358809880056,1.439877660769));
#4097 = CARTESIAN_POINT('',(1.329286886747,1.466635855522));
#4098 = ( GEOMETRIC_REPRESENTATION_CONTEXT(2) 
PARAMETRIC_REPRESENTATION_CONTEXT() REPRESENTATION_CONTEXT('2D SPACE',''
  ) );
#4099 = PCURVE('',#4100,#4105);
#4100 = CYLINDRICAL_SURFACE('',#4101,1.9794);
#4101 = AXIS2_PLACEMENT_3D('',#4102,#4103,#4104);
#4102 = CARTESIAN_POINT('',(2.846085030353,16.85,1.734723475977E-15));
#4103 = DIRECTION('',(1.393758570794E-16,-1.,-7.018727669979E-18));
#4104 = DIRECTION('',(5.029454251471E-02,6.162975822039E-33,
    0.998734428661));
#4105 = DEFINITIONAL_REPRESENTATION('',(#4106),#4109);
#4106 = B_SPLINE_CURVE_WITH_KNOTS('',1,(#4107,#4108),.UNSPECIFIED.,.F.,
  .F.,(2,2),(0.,1.),.PIECEWISE_BEZIER_KNOTS.);
#4107 = CARTESIAN_POINT('',(3.988592176994,0.7));
#4108 = CARTESIAN_POINT('',(3.928221310048,0.7));
#4109 = ( GEOMETRIC_REPRESENTATION_CONTEXT(2) 
PARAMETRIC_REPRESENTATION_CONTEXT() REPRESENTATION_CONTEXT('2D SPACE',''
  ) );
#4110 = ORIENTED_EDGE('',*,*,#4111,.T.);
#4111 = EDGE_CURVE('',#4083,#4112,#4114,.T.);
#4112 = VERTEX_POINT('',#4113);
#4113 = CARTESIAN_POINT('',(3.858291554056,16.15,-1.293539409285));
#4114 = SURFACE_CURVE('',#4115,(#4130,#4148),.PCURVE_S1.);
#4115 = B_SPLINE_CURVE_WITH_KNOTS('',3,(#4116,#4117,#4118,#4119,#4120,
    #4121,#4122,#4123,#4124,#4125,#4126,#4127,#4128,#4129),
  .UNSPECIFIED.,.F.,.F.,(4,1,1,2,2,2,2,4),(0.,0.25,0.375,0.4375,0.5,
    0.625,0.75,1.),.UNSPECIFIED.);
#4116 = CARTESIAN_POINT('',(4.1753719171,16.15,-1.466635855522));
#4117 = CARTESIAN_POINT('',(4.143667160006,16.15,-1.454654379919));
#4118 = CARTESIAN_POINT('',(4.099853008824,16.15,-1.435187303547));
#4119 = CARTESIAN_POINT('',(4.055286721929,16.15,-1.409859704255));
#4120 = CARTESIAN_POINT('',(4.037590503864,16.15,-1.398444445233));
#4121 = CARTESIAN_POINT('',(4.026104940526,16.15,-1.390709700637));
#4122 = CARTESIAN_POINT('',(4.021880396329,16.15,-1.387781382613));
#4123 = CARTESIAN_POINT('',(4.001500958079,16.15,-1.372801529287));
#4124 = CARTESIAN_POINT('',(3.99113213347,16.15,-1.364168189705));
#4125 = CARTESIAN_POINT('',(3.970023988125,16.15,-1.342680012727));
#4126 = CARTESIAN_POINT('',(3.961339409009,16.15,-1.333176678184));
#4127 = CARTESIAN_POINT('',(3.928438247092,16.15,-1.29328745014));
#4128 = CARTESIAN_POINT('',(3.897744646765,16.15,-1.284507163623));
#4129 = CARTESIAN_POINT('',(3.858291554056,16.15,-1.293539409285));
#4130 = PCURVE('',#206,#4131);
#4131 = DEFINITIONAL_REPRESENTATION('',(#4132),#4147);
#4132 = B_SPLINE_CURVE_WITH_KNOTS('',3,(#4133,#4134,#4135,#4136,#4137,
    #4138,#4139,#4140,#4141,#4142,#4143,#4144,#4145,#4146),
  .UNSPECIFIED.,.F.,.F.,(4,1,1,2,2,2,2,4),(0.,0.25,0.375,0.4375,0.5,
    0.625,0.75,1.),.UNSPECIFIED.);
#4133 = CARTESIAN_POINT('',(1.329286886747,1.466635855522));
#4134 = CARTESIAN_POINT('',(1.297582129653,1.454654379919));
#4135 = CARTESIAN_POINT('',(1.253767978471,1.435187303547));
#4136 = CARTESIAN_POINT('',(1.209201691576,1.409859704255));
#4137 = CARTESIAN_POINT('',(1.191505473511,1.398444445233));
#4138 = CARTESIAN_POINT('',(1.180019910173,1.390709700637));
#4139 = CARTESIAN_POINT('',(1.175795365976,1.387781382613));
#4140 = CARTESIAN_POINT('',(1.155415927726,1.372801529287));
#4141 = CARTESIAN_POINT('',(1.145047103117,1.364168189705));
#4142 = CARTESIAN_POINT('',(1.123938957772,1.342680012727));
#4143 = CARTESIAN_POINT('',(1.115254378656,1.333176678184));
#4144 = CARTESIAN_POINT('',(1.082353216738,1.29328745014));
#4145 = CARTESIAN_POINT('',(1.051659616411,1.284507163623));
#4146 = CARTESIAN_POINT('',(1.012206523703,1.293539409285));
#4147 = ( GEOMETRIC_REPRESENTATION_CONTEXT(2) 
PARAMETRIC_REPRESENTATION_CONTEXT() REPRESENTATION_CONTEXT('2D SPACE',''
  ) );
#4148 = PCURVE('',#4149,#4200);
#4149 = B_SPLINE_SURFACE_WITH_KNOTS('',3,1,(
    (#4150,#4151)
    ,(#4152,#4153)
    ,(#4154,#4155)
    ,(#4156,#4157)
    ,(#4158,#4159)
    ,(#4160,#4161)
    ,(#4162,#4163)
    ,(#4164,#4165)
    ,(#4166,#4167)
    ,(#4168,#4169)
    ,(#4170,#4171)
    ,(#4172,#4173)
    ,(#4174,#4175)
    ,(#4176,#4177)
    ,(#4178,#4179)
    ,(#4180,#4181)
    ,(#4182,#4183)
    ,(#4184,#4185)
    ,(#4186,#4187)
    ,(#4188,#4189)
    ,(#4190,#4191)
    ,(#4192,#4193)
    ,(#4194,#4195)
    ,(#4196,#4197)
    ,(#4198,#4199
    )),.UNSPECIFIED.,.F.,.F.,.F.,(4,1,1,1,1,1,1,1,1,1,1,1,1,1,1,1,1,1,1,
    1,1,1,4),(2,2),(0.,0.194364732611,0.199716174832,0.206040606464,
    0.213338027519,0.221608438002,0.230851837919,0.241068227272,
    0.252257606064,0.264419974296,0.27755533197,0.291663679088,
    0.306745015649,0.322799341655,0.339826657106,0.357826962003,
    0.376800256346,0.396746540135,0.417665813372,0.439558076055,
    0.462423328186,0.486261569765,0.500975165828),(0.,1.),
  .UNSPECIFIED.);
#4150 = CARTESIAN_POINT('',(3.858291554056,16.85,-1.293539409285));
#4151 = CARTESIAN_POINT('',(3.858291554056,16.15,-1.293539409285));
#4152 = CARTESIAN_POINT('',(3.930689272177,16.85,-1.276964942481));
#4153 = CARTESIAN_POINT('',(3.930689272177,16.15,-1.276964942481));
#4154 = CARTESIAN_POINT('',(3.950874076243,16.85,-1.32525947231));
#4155 = CARTESIAN_POINT('',(3.950874076243,16.15,-1.32525947231));
#4156 = CARTESIAN_POINT('',(3.986864860969,16.85,-1.359607708298));
#4157 = CARTESIAN_POINT('',(3.986864860969,16.15,-1.359607708298));
#4158 = CARTESIAN_POINT('',(3.990239877502,16.85,-1.36270554954));
#4159 = CARTESIAN_POINT('',(3.990239877502,16.15,-1.36270554954));
#4160 = CARTESIAN_POINT('',(3.994204942011,16.85,-1.366201340696));
#4161 = CARTESIAN_POINT('',(3.994204942011,16.15,-1.366201340696));
#4162 = CARTESIAN_POINT('',(3.99877656727,16.85,-1.370073074451));
#4163 = CARTESIAN_POINT('',(3.99877656727,16.15,-1.370073074451));
#4164 = CARTESIAN_POINT('',(4.003971337421,16.85,-1.374297530261));
#4165 = CARTESIAN_POINT('',(4.003971337421,16.15,-1.374297530261));
#4166 = CARTESIAN_POINT('',(4.009804913031,16.85,-1.378851211849));
#4167 = CARTESIAN_POINT('',(4.009804913031,16.15,-1.378851211849));
#4168 = CARTESIAN_POINT('',(4.016292335404,16.85,-1.383710067526));
#4169 = CARTESIAN_POINT('',(4.016292335404,16.15,-1.383710067526));
#4170 = CARTESIAN_POINT('',(4.0234479127,16.85,-1.388849603284));
#4171 = CARTESIAN_POINT('',(4.0234479127,16.15,-1.388849603284));
#4172 = CARTESIAN_POINT('',(4.031285238851,16.85,-1.394244872179));
#4173 = CARTESIAN_POINT('',(4.031285238851,16.15,-1.394244872179));
#4174 = CARTESIAN_POINT('',(4.039817171847,16.85,-1.399870502554));
#4175 = CARTESIAN_POINT('',(4.039817171847,16.15,-1.399870502554));
#4176 = CARTESIAN_POINT('',(4.049055825111,16.85,-1.405700714732));
#4177 = CARTESIAN_POINT('',(4.049055825111,16.15,-1.405700714732));
#4178 = CARTESIAN_POINT('',(4.059012555548,16.85,-1.411709341578));
#4179 = CARTESIAN_POINT('',(4.059012555548,16.15,-1.411709341578));
#4180 = CARTESIAN_POINT('',(4.069697953241,16.85,-1.417869848259));
#4181 = CARTESIAN_POINT('',(4.069697953241,16.15,-1.417869848259));
#4182 = CARTESIAN_POINT('',(4.081121831302,16.85,-1.424155352587));
#4183 = CARTESIAN_POINT('',(4.081121831302,16.15,-1.424155352587));
#4184 = CARTESIAN_POINT('',(4.093293216329,16.85,-1.430538645522));
#4185 = CARTESIAN_POINT('',(4.093293216329,16.15,-1.430538645522));
#4186 = CARTESIAN_POINT('',(4.106220339348,16.85,-1.436992211938));
#4187 = CARTESIAN_POINT('',(4.106220339348,16.15,-1.436992211938));
#4188 = CARTESIAN_POINT('',(4.119910627283,16.85,-1.443488251616));
#4189 = CARTESIAN_POINT('',(4.119910627283,16.15,-1.443488251616));
#4190 = CARTESIAN_POINT('',(4.134370694945,16.85,-1.449998700451));
#4191 = CARTESIAN_POINT('',(4.134370694945,16.15,-1.449998700451));
#4192 = CARTESIAN_POINT('',(4.149606337545,16.85,-1.456495251866));
#4193 = CARTESIAN_POINT('',(4.149606337545,16.15,-1.456495251866));
#4194 = CARTESIAN_POINT('',(4.16336109294,16.85,-1.46203807778));
#4195 = CARTESIAN_POINT('',(4.16336109294,16.15,-1.46203807778));
#4196 = CARTESIAN_POINT('',(4.172048776167,16.85,-1.46538001458));
#4197 = CARTESIAN_POINT('',(4.172048776167,16.15,-1.46538001458));
#4198 = CARTESIAN_POINT('',(4.17537191709,16.85,-1.466635855519));
#4199 = CARTESIAN_POINT('',(4.17537191709,16.15,-1.466635855519));
#4200 = DEFINITIONAL_REPRESENTATION('',(#4201),#4249);
#4201 = B_SPLINE_CURVE_WITH_KNOTS('',3,(#4202,#4203,#4204,#4205,#4206,
    #4207,#4208,#4209,#4210,#4211,#4212,#4213,#4214,#4215,#4216,#4217,
    #4218,#4219,#4220,#4221,#4222,#4223,#4224,#4225,#4226,#4227,#4228,
    #4229,#4230,#4231,#4232,#4233,#4234,#4235,#4236,#4237,#4238,#4239,
    #4240,#4241,#4242,#4243,#4244,#4245,#4246,#4247,#4248),
  .UNSPECIFIED.,.F.,.F.,(4,1,1,1,1,1,1,1,1,1,1,1,1,1,1,1,1,1,1,1,1,1,1,1
    ,1,1,1,1,1,1,1,1,1,1,1,1,1,1,1,1,1,1,1,1,4),(0.,2.272727272727E-02,
    4.545454545455E-02,6.818181818182E-02,9.090909090909E-02,
    0.113636363636,0.136363636364,0.159090909091,0.181818181818,
    0.204545454545,0.227272727273,0.25,0.272727272727,0.295454545455,
    0.318181818182,0.340909090909,0.363636363636,0.386363636364,
    0.409090909091,0.431818181818,0.454545454545,0.477272727273,0.5,
    0.522727272727,0.545454545455,0.568181818182,0.590909090909,
    0.613636363636,0.636363636364,0.659090909091,0.681818181818,
    0.704545454545,0.727272727273,0.75,0.772727272727,0.795454545455,
    0.818181818182,0.840909090909,0.863636363636,0.886363636364,
    0.909090909091,0.931818181818,0.954545454545,0.977272727273,1.),
  .QUASI_UNIFORM_KNOTS.);
#4202 = CARTESIAN_POINT('',(0.500975165828,1.));
#4203 = CARTESIAN_POINT('',(0.496721323322,1.));
#4204 = CARTESIAN_POINT('',(0.488258886921,1.));
#4205 = CARTESIAN_POINT('',(0.475699744679,1.));
#4206 = CARTESIAN_POINT('',(0.463273887609,1.));
#4207 = CARTESIAN_POINT('',(0.450980066531,1.));
#4208 = CARTESIAN_POINT('',(0.43881691617,1.));
#4209 = CARTESIAN_POINT('',(0.426783081569,1.));
#4210 = CARTESIAN_POINT('',(0.414877086485,1.));
#4211 = CARTESIAN_POINT('',(0.403097453361,1.));
#4212 = CARTESIAN_POINT('',(0.391442605916,1.));
#4213 = CARTESIAN_POINT('',(0.379910930328,1.));
#4214 = CARTESIAN_POINT('',(0.368500755839,1.));
#4215 = CARTESIAN_POINT('',(0.357210338299,1.));
#4216 = CARTESIAN_POINT('',(0.346037863342,1.));
#4217 = CARTESIAN_POINT('',(0.334981627294,1.));
#4218 = CARTESIAN_POINT('',(0.324039090939,1.));
#4219 = CARTESIAN_POINT('',(0.313210663364,1.));
#4220 = CARTESIAN_POINT('',(0.302485483767,1.));
#4221 = CARTESIAN_POINT('',(0.291894429658,1.));
#4222 = CARTESIAN_POINT('',(0.281312473371,1.));
#4223 = CARTESIAN_POINT('',(0.271196261002,1.));
#4224 = CARTESIAN_POINT('',(0.262103165089,1.));
#4225 = CARTESIAN_POINT('',(0.250705503065,1.));
#4226 = CARTESIAN_POINT('',(0.238000320136,1.));
#4227 = CARTESIAN_POINT('',(0.226581245418,1.));
#4228 = CARTESIAN_POINT('',(0.215441819512,1.));
#4229 = CARTESIAN_POINT('',(0.20452594811,1.));
#4230 = CARTESIAN_POINT('',(0.193553771525,1.));
#4231 = CARTESIAN_POINT('',(0.182173164195,1.));
#4232 = CARTESIAN_POINT('',(0.171346885659,1.));
#4233 = CARTESIAN_POINT('',(0.160606196697,1.));
#4234 = CARTESIAN_POINT('',(0.149604623825,1.));
#4235 = CARTESIAN_POINT('',(0.138048588657,1.));
#4236 = CARTESIAN_POINT('',(0.125307364886,1.));
#4237 = CARTESIAN_POINT('',(0.112184700541,1.));
#4238 = CARTESIAN_POINT('',(9.968544149473E-02,1.));
#4239 = CARTESIAN_POINT('',(8.74482435452E-02,1.));
#4240 = CARTESIAN_POINT('',(7.549042687617E-02,1.));
#4241 = CARTESIAN_POINT('',(6.37670662549E-02,1.));
#4242 = CARTESIAN_POINT('',(5.230081095151E-02,1.));
#4243 = CARTESIAN_POINT('',(4.113357489645E-02,1.));
#4244 = CARTESIAN_POINT('',(3.030733362298E-02,1.));
#4245 = CARTESIAN_POINT('',(1.984108956222E-02,1.));
#4246 = CARTESIAN_POINT('',(9.729928521851E-03,1.));
#4247 = CARTESIAN_POINT('',(3.208870658695E-03,1.));
#4248 = CARTESIAN_POINT('',(0.,1.));
#4249 = ( GEOMETRIC_REPRESENTATION_CONTEXT(2) 
PARAMETRIC_REPRESENTATION_CONTEXT() REPRESENTATION_CONTEXT('2D SPACE',''
  ) );
#4250 = ORIENTED_EDGE('',*,*,#4251,.T.);
#4251 = EDGE_CURVE('',#4112,#4252,#4254,.T.);
#4252 = VERTEX_POINT('',#4253);
#4253 = CARTESIAN_POINT('',(3.797337715895,16.15,-1.339001336164));
#4254 = SURFACE_CURVE('',#4255,(#4260,#4268),.PCURVE_S1.);
#4255 = B_SPLINE_CURVE_WITH_KNOTS('',3,(#4256,#4257,#4258,#4259),
  .UNSPECIFIED.,.F.,.F.,(4,4),(0.,1.),.PIECEWISE_BEZIER_KNOTS.);
#4256 = CARTESIAN_POINT('',(3.858291554056,16.15,-1.293539409285));
#4257 = CARTESIAN_POINT('',(3.837973608002,16.15,-1.308693384911));
#4258 = CARTESIAN_POINT('',(3.817655661949,16.15,-1.323847360538));
#4259 = CARTESIAN_POINT('',(3.797337715895,16.15,-1.339001336164));
#4260 = PCURVE('',#206,#4261);
#4261 = DEFINITIONAL_REPRESENTATION('',(#4262),#4267);
#4262 = B_SPLINE_CURVE_WITH_KNOTS('',3,(#4263,#4264,#4265,#4266),
  .UNSPECIFIED.,.F.,.F.,(4,4),(0.,1.),.PIECEWISE_BEZIER_KNOTS.);
#4263 = CARTESIAN_POINT('',(1.012206523703,1.293539409285));
#4264 = CARTESIAN_POINT('',(0.991888577649,1.308693384911));
#4265 = CARTESIAN_POINT('',(0.971570631596,1.323847360538));
#4266 = CARTESIAN_POINT('',(0.951252685542,1.339001336164));
#4267 = ( GEOMETRIC_REPRESENTATION_CONTEXT(2) 
PARAMETRIC_REPRESENTATION_CONTEXT() REPRESENTATION_CONTEXT('2D SPACE',''
  ) );
#4268 = PCURVE('',#4269,#4274);
#4269 = CYLINDRICAL_SURFACE('',#4270,1.6425);
#4270 = AXIS2_PLACEMENT_3D('',#4271,#4272,#4273);
#4271 = CARTESIAN_POINT('',(2.846085030353,16.85,1.734723475977E-15));
#4272 = DIRECTION('',(4.96357635545E-17,-1.,-6.654997943093E-17));
#4273 = DIRECTION('',(-0.801597051252,3.08148791102E-32,-0.59786467317)
  );
#4274 = DEFINITIONAL_REPRESENTATION('',(#4275),#4278);
#4275 = B_SPLINE_CURVE_WITH_KNOTS('',1,(#4276,#4277),.UNSPECIFIED.,.F.,
  .F.,(2,2),(0.,1.),.PIECEWISE_BEZIER_KNOTS.);
#4276 = CARTESIAN_POINT('',(1.593946186551,0.7));
#4277 = CARTESIAN_POINT('',(1.547646467039,0.7));
#4278 = ( GEOMETRIC_REPRESENTATION_CONTEXT(2) 
PARAMETRIC_REPRESENTATION_CONTEXT() REPRESENTATION_CONTEXT('2D SPACE',''
  ) );
#4279 = ORIENTED_EDGE('',*,*,#4280,.T.);
#4280 = EDGE_CURVE('',#4252,#4281,#4283,.T.);
#4281 = VERTEX_POINT('',#4282);
#4282 = CARTESIAN_POINT('',(3.87284488977,16.15,-1.692273190457));
#4283 = SURFACE_CURVE('',#4284,(#4308,#4335),.PCURVE_S1.);
#4284 = B_SPLINE_CURVE_WITH_KNOTS('',3,(#4285,#4286,#4287,#4288,#4289,
    #4290,#4291,#4292,#4293,#4294,#4295,#4296,#4297,#4298,#4299,#4300,
    #4301,#4302,#4303,#4304,#4305,#4306,#4307),.UNSPECIFIED.,.F.,.F.,(4,
    1,2,2,2,2,1,2,2,1,2,2,4),(0.,6.25E-02,9.375E-02,0.125,0.1875,0.25,
    0.3125,0.34375,0.375,0.4375,0.46875,0.5,1.),.UNSPECIFIED.);
#4285 = CARTESIAN_POINT('',(3.797337715895,16.15,-1.339001336164));
#4286 = CARTESIAN_POINT('',(3.792051458747,16.15,-1.348359761939));
#4287 = CARTESIAN_POINT('',(3.786239801889,16.15,-1.362103442655));
#4288 = CARTESIAN_POINT('',(3.783604738329,16.15,-1.375406186449));
#4289 = CARTESIAN_POINT('',(3.78255393891,16.15,-1.384176696329));
#4290 = CARTESIAN_POINT('',(3.7824321227,16.15,-1.389715434084));
#4291 = CARTESIAN_POINT('',(3.782821766373,16.15,-1.398969813539));
#4292 = CARTESIAN_POINT('',(3.78409911141,16.15,-1.405552116247));
#4293 = CARTESIAN_POINT('',(3.788688966662,16.15,-1.419542154469));
#4294 = CARTESIAN_POINT('',(3.792683993891,16.15,-1.428182563681));
#4295 = CARTESIAN_POINT('',(3.799979145467,16.15,-1.441358120126));
#4296 = CARTESIAN_POINT('',(3.805657253883,16.15,-1.451113432941));
#4297 = CARTESIAN_POINT('',(3.8116454794,16.15,-1.460679213975));
#4298 = CARTESIAN_POINT('',(3.815706544656,16.15,-1.467014283159));
#4299 = CARTESIAN_POINT('',(3.818707646481,16.15,-1.47155433433));
#4300 = CARTESIAN_POINT('',(3.822197653878,16.15,-1.476749856587));
#4301 = CARTESIAN_POINT('',(3.826230917389,16.15,-1.484528737231));
#4302 = CARTESIAN_POINT('',(3.831079065071,16.15,-1.496182655454));
#4303 = CARTESIAN_POINT('',(3.834492248896,16.15,-1.504813053731));
#4304 = CARTESIAN_POINT('',(3.837042542681,16.15,-1.511624097774));
#4305 = CARTESIAN_POINT('',(3.856329350337,16.15,-1.564511666035));
#4306 = CARTESIAN_POINT('',(3.867885293334,16.15,-1.623691019116));
#4307 = CARTESIAN_POINT('',(3.87284488977,16.15,-1.692273190457));
#4308 = PCURVE('',#206,#4309);
#4309 = DEFINITIONAL_REPRESENTATION('',(#4310),#4334);
#4310 = B_SPLINE_CURVE_WITH_KNOTS('',3,(#4311,#4312,#4313,#4314,#4315,
    #4316,#4317,#4318,#4319,#4320,#4321,#4322,#4323,#4324,#4325,#4326,
    #4327,#4328,#4329,#4330,#4331,#4332,#4333),.UNSPECIFIED.,.F.,.F.,(4,
    1,2,2,2,2,1,2,2,1,2,2,4),(0.,6.25E-02,9.375E-02,0.125,0.1875,0.25,
    0.3125,0.34375,0.375,0.4375,0.46875,0.5,1.),.UNSPECIFIED.);
#4311 = CARTESIAN_POINT('',(0.951252685542,1.339001336164));
#4312 = CARTESIAN_POINT('',(0.945966428394,1.348359761939));
#4313 = CARTESIAN_POINT('',(0.940154771536,1.362103442655));
#4314 = CARTESIAN_POINT('',(0.937519707976,1.375406186449));
#4315 = CARTESIAN_POINT('',(0.936468908557,1.384176696329));
#4316 = CARTESIAN_POINT('',(0.936347092346,1.389715434084));
#4317 = CARTESIAN_POINT('',(0.936736736019,1.398969813539));
#4318 = CARTESIAN_POINT('',(0.938014081057,1.405552116247));
#4319 = CARTESIAN_POINT('',(0.942603936308,1.419542154469));
#4320 = CARTESIAN_POINT('',(0.946598963538,1.428182563681));
#4321 = CARTESIAN_POINT('',(0.953894115114,1.441358120126));
#4322 = CARTESIAN_POINT('',(0.95957222353,1.451113432941));
#4323 = CARTESIAN_POINT('',(0.965560449047,1.460679213975));
#4324 = CARTESIAN_POINT('',(0.969621514303,1.467014283159));
#4325 = CARTESIAN_POINT('',(0.972622616128,1.47155433433));
#4326 = CARTESIAN_POINT('',(0.976112623525,1.476749856587));
#4327 = CARTESIAN_POINT('',(0.980145887036,1.484528737231));
#4328 = CARTESIAN_POINT('',(0.984994034718,1.496182655454));
#4329 = CARTESIAN_POINT('',(0.988407218543,1.504813053731));
#4330 = CARTESIAN_POINT('',(0.990957512328,1.511624097774));
#4331 = CARTESIAN_POINT('',(1.010244319984,1.564511666035));
#4332 = CARTESIAN_POINT('',(1.021800262981,1.623691019116));
#4333 = CARTESIAN_POINT('',(1.026759859417,1.692273190457));
#4334 = ( GEOMETRIC_REPRESENTATION_CONTEXT(2) 
PARAMETRIC_REPRESENTATION_CONTEXT() REPRESENTATION_CONTEXT('2D SPACE',''
  ) );
#4335 = PCURVE('',#4336,#4387);
#4336 = B_SPLINE_SURFACE_WITH_KNOTS('',3,1,(
    (#4337,#4338)
    ,(#4339,#4340)
    ,(#4341,#4342)
    ,(#4343,#4344)
    ,(#4345,#4346)
    ,(#4347,#4348)
    ,(#4349,#4350)
    ,(#4351,#4352)
    ,(#4353,#4354)
    ,(#4355,#4356)
    ,(#4357,#4358)
    ,(#4359,#4360)
    ,(#4361,#4362)
    ,(#4363,#4364)
    ,(#4365,#4366)
    ,(#4367,#4368)
    ,(#4369,#4370)
    ,(#4371,#4372)
    ,(#4373,#4374)
    ,(#4375,#4376)
    ,(#4377,#4378)
    ,(#4379,#4380)
    ,(#4381,#4382)
    ,(#4383,#4384)
    ,(#4385,#4386
    )),.UNSPECIFIED.,.F.,.F.,.F.,(4,1,1,1,1,1,1,1,1,1,1,1,1,1,1,1,1,1,1,
    1,1,1,4),(2,2),(0.499024834094,0.513738430235,0.537576671814,
    0.560441923945,0.582334186628,0.603253459865,0.623199743654,
    0.642173037997,0.660173342894,0.677200658345,0.693254984351,
    0.708336320912,0.72244466803,0.735580025704,0.747742393936,
    0.758931772728,0.769148162081,0.778391561998,0.786661972481,
    0.793959393536,0.800283825168,0.805635267389,1.),(0.,1.),
  .UNSPECIFIED.);
#4337 = CARTESIAN_POINT('',(3.872844889772,16.85,-1.692273190484));
#4338 = CARTESIAN_POINT('',(3.872844889772,16.15,-1.692273190484));
#4339 = CARTESIAN_POINT('',(3.872588654409,16.85,-1.688729922835));
#4340 = CARTESIAN_POINT('',(3.872588654409,16.15,-1.688729922835));
#4341 = CARTESIAN_POINT('',(3.871862425565,16.85,-1.679449999697));
#4342 = CARTESIAN_POINT('',(3.871862425565,16.15,-1.679449999697));
#4343 = CARTESIAN_POINT('',(3.870471361303,16.85,-1.664685814793));
#4344 = CARTESIAN_POINT('',(3.870471361303,16.15,-1.664685814793));
#4345 = CARTESIAN_POINT('',(3.868588381855,16.85,-1.648230287633));
#4346 = CARTESIAN_POINT('',(3.868588381855,16.15,-1.648230287633));
#4347 = CARTESIAN_POINT('',(3.86647095326,16.85,-1.632514181342));
#4348 = CARTESIAN_POINT('',(3.86647095326,16.15,-1.632514181342));
#4349 = CARTESIAN_POINT('',(3.864147859484,16.85,-1.617540011897));
#4350 = CARTESIAN_POINT('',(3.864147859484,16.15,-1.617540011897));
#4351 = CARTESIAN_POINT('',(3.861647885765,16.85,-1.603309440565));
#4352 = CARTESIAN_POINT('',(3.861647885765,16.15,-1.603309440565));
#4353 = CARTESIAN_POINT('',(3.858999795954,16.85,-1.589823274968));
#4354 = CARTESIAN_POINT('',(3.858999795954,16.15,-1.589823274968));
#4355 = CARTESIAN_POINT('',(3.856232309903,16.85,-1.577081470717));
#4356 = CARTESIAN_POINT('',(3.856232309903,16.15,-1.577081470717));
#4357 = CARTESIAN_POINT('',(3.853374080916,16.85,-1.565083133603));
#4358 = CARTESIAN_POINT('',(3.853374080916,16.15,-1.565083133603));
#4359 = CARTESIAN_POINT('',(3.850453673256,16.85,-1.55382652236));
#4360 = CARTESIAN_POINT('',(3.850453673256,16.15,-1.55382652236));
#4361 = CARTESIAN_POINT('',(3.847499539777,16.85,-1.543309051964));
#4362 = CARTESIAN_POINT('',(3.847499539777,16.15,-1.543309051964));
#4363 = CARTESIAN_POINT('',(3.844539999528,16.85,-1.533527297556));
#4364 = CARTESIAN_POINT('',(3.844539999528,16.15,-1.533527297556));
#4365 = CARTESIAN_POINT('',(3.841603215881,16.85,-1.524476998696));
#4366 = CARTESIAN_POINT('',(3.841603215881,16.15,-1.524476998696));
#4367 = CARTESIAN_POINT('',(3.838717173407,16.85,-1.516153064946));
#4368 = CARTESIAN_POINT('',(3.838717173407,16.15,-1.516153064946));
#4369 = CARTESIAN_POINT('',(3.835909659424,16.85,-1.508549579379));
#4370 = CARTESIAN_POINT('',(3.835909659424,16.15,-1.508549579379));
#4371 = CARTESIAN_POINT('',(3.83320823075,16.85,-1.501659811347));
#4372 = CARTESIAN_POINT('',(3.83320823075,16.15,-1.501659811347));
#4373 = CARTESIAN_POINT('',(3.830640229275,16.85,-1.49547620138));
#4374 = CARTESIAN_POINT('',(3.830640229275,16.15,-1.49547620138));
#4375 = CARTESIAN_POINT('',(3.828232641092,16.85,-1.489990438085));
#4376 = CARTESIAN_POINT('',(3.828232641092,16.15,-1.489990438085));
#4377 = CARTESIAN_POINT('',(3.826012451331,16.85,-1.485193246219));
#4378 = CARTESIAN_POINT('',(3.826012451331,16.15,-1.485193246219));
#4379 = CARTESIAN_POINT('',(3.824005461903,16.85,-1.481075073033));
#4380 = CARTESIAN_POINT('',(3.824005461903,16.15,-1.481075073033));
#4381 = CARTESIAN_POINT('',(3.801344450616,16.85,-1.436784933407));
#4382 = CARTESIAN_POINT('',(3.801344450616,16.15,-1.436784933407));
#4383 = CARTESIAN_POINT('',(3.760809479969,16.85,-1.403668410623));
#4384 = CARTESIAN_POINT('',(3.760809479969,16.15,-1.403668410623));
#4385 = CARTESIAN_POINT('',(3.797337715895,16.85,-1.339001336164));
#4386 = CARTESIAN_POINT('',(3.797337715895,16.15,-1.339001336164));
#4387 = DEFINITIONAL_REPRESENTATION('',(#4388),#4458);
#4388 = B_SPLINE_CURVE_WITH_KNOTS('',3,(#4389,#4390,#4391,#4392,#4393,
    #4394,#4395,#4396,#4397,#4398,#4399,#4400,#4401,#4402,#4403,#4404,
    #4405,#4406,#4407,#4408,#4409,#4410,#4411,#4412,#4413,#4414,#4415,
    #4416,#4417,#4418,#4419,#4420,#4421,#4422,#4423,#4424,#4425,#4426,
    #4427,#4428,#4429,#4430,#4431,#4432,#4433,#4434,#4435,#4436,#4437,
    #4438,#4439,#4440,#4441,#4442,#4443,#4444,#4445,#4446,#4447,#4448,
    #4449,#4450,#4451,#4452,#4453,#4454,#4455,#4456,#4457),
  .UNSPECIFIED.,.F.,.F.,(4,1,1,1,1,1,1,1,1,1,1,1,1,1,1,1,1,1,1,1,1,1,1,1
    ,1,1,1,1,1,1,1,1,1,1,1,1,1,1,1,1,1,1,1,1,1,1,1,1,1,1,1,1,1,1,1,1,1,1
    ,1,1,1,1,1,1,1,1,4),(0.,1.515151515152E-02,3.030303030303E-02,
    4.545454545455E-02,6.060606060606E-02,7.575757575758E-02,
    9.090909090909E-02,0.106060606061,0.121212121212,0.136363636364,
    0.151515151515,0.166666666667,0.181818181818,0.19696969697,
    0.212121212121,0.227272727273,0.242424242424,0.257575757576,
    0.272727272727,0.287878787879,0.30303030303,0.318181818182,
    0.333333333333,0.348484848485,0.363636363636,0.378787878788,
    0.393939393939,0.409090909091,0.424242424242,0.439393939394,
    0.454545454545,0.469696969697,0.484848484848,0.5,0.515151515152,
    0.530303030303,0.545454545455,0.560606060606,0.575757575758,
    0.590909090909,0.606060606061,0.621212121212,0.636363636364,
    0.651515151515,0.666666666667,0.681818181818,0.69696969697,
    0.712121212121,0.727272727273,0.742424242424,0.757575757576,
    0.772727272727,0.787878787879,0.80303030303,0.818181818182,
    0.833333333333,0.848484848485,0.863636363636,0.878787878788,
    0.893939393939,0.909090909091,0.924242424242,0.939393939394,
    0.954545454545,0.969696969697,0.984848484848,1.),
  .QUASI_UNIFORM_KNOTS.);
#4389 = CARTESIAN_POINT('',(1.,1.));
#4390 = CARTESIAN_POINT('',(0.997727081554,1.));
#4391 = CARTESIAN_POINT('',(0.993128750068,1.));
#4392 = CARTESIAN_POINT('',(0.98606146278,1.));
#4393 = CARTESIAN_POINT('',(0.978805497727,1.));
#4394 = CARTESIAN_POINT('',(0.971365002209,1.));
#4395 = CARTESIAN_POINT('',(0.963669208684,1.));
#4396 = CARTESIAN_POINT('',(0.955946689729,1.));
#4397 = CARTESIAN_POINT('',(0.947339183695,1.));
#4398 = CARTESIAN_POINT('',(0.938459856138,1.));
#4399 = CARTESIAN_POINT('',(0.932937929146,1.));
#4400 = CARTESIAN_POINT('',(0.926294678406,1.));
#4401 = CARTESIAN_POINT('',(0.919469606338,1.));
#4402 = CARTESIAN_POINT('',(0.912209706102,1.));
#4403 = CARTESIAN_POINT('',(0.904528834417,1.));
#4404 = CARTESIAN_POINT('',(0.895930812314,1.));
#4405 = CARTESIAN_POINT('',(0.887134209583,1.));
#4406 = CARTESIAN_POINT('',(0.878572315419,1.));
#4407 = CARTESIAN_POINT('',(0.870912956194,1.));
#4408 = CARTESIAN_POINT('',(0.863245685744,1.));
#4409 = CARTESIAN_POINT('',(0.855634371801,1.));
#4410 = CARTESIAN_POINT('',(0.848040672588,1.));
#4411 = CARTESIAN_POINT('',(0.840495170425,1.));
#4412 = CARTESIAN_POINT('',(0.832844122011,1.));
#4413 = CARTESIAN_POINT('',(0.825610944093,1.));
#4414 = CARTESIAN_POINT('',(0.816009333916,1.));
#4415 = CARTESIAN_POINT('',(0.810976103245,1.));
#4416 = CARTESIAN_POINT('',(0.806477582016,1.));
#4417 = CARTESIAN_POINT('',(0.80080641414,1.));
#4418 = CARTESIAN_POINT('',(0.794389981502,1.));
#4419 = CARTESIAN_POINT('',(0.787163364514,1.));
#4420 = CARTESIAN_POINT('',(0.778916452759,1.));
#4421 = CARTESIAN_POINT('',(0.770519948985,1.));
#4422 = CARTESIAN_POINT('',(0.758628334766,1.));
#4423 = CARTESIAN_POINT('',(0.748855458558,1.));
#4424 = CARTESIAN_POINT('',(0.743024333583,1.));
#4425 = CARTESIAN_POINT('',(0.736073153589,1.));
#4426 = CARTESIAN_POINT('',(0.729357268208,1.));
#4427 = CARTESIAN_POINT('',(0.722512606523,1.));
#4428 = CARTESIAN_POINT('',(0.71563577103,1.));
#4429 = CARTESIAN_POINT('',(0.708699993006,1.));
#4430 = CARTESIAN_POINT('',(0.701711522691,1.));
#4431 = CARTESIAN_POINT('',(0.694667831841,1.));
#4432 = CARTESIAN_POINT('',(0.687568713515,1.));
#4433 = CARTESIAN_POINT('',(0.680413399389,1.));
#4434 = CARTESIAN_POINT('',(0.67320125991,1.));
#4435 = CARTESIAN_POINT('',(0.665931662321,1.));
#4436 = CARTESIAN_POINT('',(0.658603998187,1.));
#4437 = CARTESIAN_POINT('',(0.651217648359,1.));
#4438 = CARTESIAN_POINT('',(0.64377205315,1.));
#4439 = CARTESIAN_POINT('',(0.63626661409,1.));
#4440 = CARTESIAN_POINT('',(0.628700795081,1.));
#4441 = CARTESIAN_POINT('',(0.621074049279,1.));
#4442 = CARTESIAN_POINT('',(0.613385838576,1.));
#4443 = CARTESIAN_POINT('',(0.605635671738,1.));
#4444 = CARTESIAN_POINT('',(0.597823028038,1.));
#4445 = CARTESIAN_POINT('',(0.589947434304,1.));
#4446 = CARTESIAN_POINT('',(0.582008425168,1.));
#4447 = CARTESIAN_POINT('',(0.574005524462,1.));
#4448 = CARTESIAN_POINT('',(0.565938309062,1.));
#4449 = CARTESIAN_POINT('',(0.557806340575,1.));
#4450 = CARTESIAN_POINT('',(0.549609194193,1.));
#4451 = CARTESIAN_POINT('',(0.541346484868,1.));
#4452 = CARTESIAN_POINT('',(0.533017807364,1.));
#4453 = CARTESIAN_POINT('',(0.524622785959,1.));
#4454 = CARTESIAN_POINT('',(0.516161070315,1.));
#4455 = CARTESIAN_POINT('',(0.507632290518,1.));
#4456 = CARTESIAN_POINT('',(0.501901511403,1.));
#4457 = CARTESIAN_POINT('',(0.499024834094,1.));
#4458 = ( GEOMETRIC_REPRESENTATION_CONTEXT(2) 
PARAMETRIC_REPRESENTATION_CONTEXT() REPRESENTATION_CONTEXT('2D SPACE',''
  ) );
#4459 = ORIENTED_EDGE('',*,*,#4460,.T.);
#4460 = EDGE_CURVE('',#4281,#4461,#4463,.T.);
#4461 = VERTEX_POINT('',#4462);
#4462 = CARTESIAN_POINT('',(3.768872419748,16.15,-1.751138999044));
#4463 = SURFACE_CURVE('',#4464,(#4469,#4477),.PCURVE_S1.);
#4464 = B_SPLINE_CURVE_WITH_KNOTS('',3,(#4465,#4466,#4467,#4468),
  .UNSPECIFIED.,.F.,.F.,(4,4),(0.,1.),.PIECEWISE_BEZIER_KNOTS.);
#4465 = CARTESIAN_POINT('',(3.87284488977,16.15,-1.692273190457));
#4466 = CARTESIAN_POINT('',(3.83877987637,16.15,-1.712941595855));
#4467 = CARTESIAN_POINT('',(3.804122386363,16.15,-1.732563532056));
#4468 = CARTESIAN_POINT('',(3.768872419748,16.15,-1.751138999044));
#4469 = PCURVE('',#206,#4470);
#4470 = DEFINITIONAL_REPRESENTATION('',(#4471),#4476);
#4471 = B_SPLINE_CURVE_WITH_KNOTS('',3,(#4472,#4473,#4474,#4475),
  .UNSPECIFIED.,.F.,.F.,(4,4),(0.,1.),.PIECEWISE_BEZIER_KNOTS.);
#4472 = CARTESIAN_POINT('',(1.026759859417,1.692273190457));
#4473 = CARTESIAN_POINT('',(0.992694846017,1.712941595855));
#4474 = CARTESIAN_POINT('',(0.95803735601,1.732563532056));
#4475 = CARTESIAN_POINT('',(0.922787389395,1.751138999044));
#4476 = ( GEOMETRIC_REPRESENTATION_CONTEXT(2) 
PARAMETRIC_REPRESENTATION_CONTEXT() REPRESENTATION_CONTEXT('2D SPACE',''
  ) );
#4477 = PCURVE('',#4478,#4483);
#4478 = CYLINDRICAL_SURFACE('',#4479,1.9794);
#4479 = AXIS2_PLACEMENT_3D('',#4480,#4481,#4482);
#4480 = CARTESIAN_POINT('',(2.846085030353,16.85,1.734723475977E-15));
#4481 = DIRECTION('',(1.393758570794E-16,-1.,-7.018727669979E-18));
#4482 = DIRECTION('',(5.029454251471E-02,6.162975822039E-33,
    0.998734428661));
#4483 = DEFINITIONAL_REPRESENTATION('',(#4484),#4487);
#4484 = B_SPLINE_CURVE_WITH_KNOTS('',1,(#4485,#4486),.UNSPECIFIED.,.F.,
  .F.,(2,2),(0.,1.),.PIECEWISE_BEZIER_KNOTS.);
#4485 = CARTESIAN_POINT('',(3.737264764707,0.7));
#4486 = CARTESIAN_POINT('',(3.676893897762,0.7));
#4487 = ( GEOMETRIC_REPRESENTATION_CONTEXT(2) 
PARAMETRIC_REPRESENTATION_CONTEXT() REPRESENTATION_CONTEXT('2D SPACE',''
  ) );
#4488 = ORIENTED_EDGE('',*,*,#4489,.T.);
#4489 = EDGE_CURVE('',#4461,#4490,#4492,.T.);
#4490 = VERTEX_POINT('',#4491);
#4491 = CARTESIAN_POINT('',(3.504801055058,16.15,-1.504626016257));
#4492 = SURFACE_CURVE('',#4493,(#4508),.PCURVE_S1.);
#4493 = B_SPLINE_CURVE_WITH_KNOTS('',3,(#4494,#4495,#4496,#4497,#4498,
    #4499,#4500,#4501,#4502,#4503,#4504,#4505,#4506,#4507),
  .UNSPECIFIED.,.F.,.F.,(4,1,1,2,2,2,2,4),(0.,0.25,0.375,0.4375,0.5,
    0.625,0.75,1.),.UNSPECIFIED.);
#4494 = CARTESIAN_POINT('',(3.768872419748,16.15,-1.751138999044));
#4495 = CARTESIAN_POINT('',(3.74114339771,16.15,-1.731649291062));
#4496 = CARTESIAN_POINT('',(3.703547013683,16.15,-1.701897672378));
#4497 = CARTESIAN_POINT('',(3.666679576453,16.15,-1.666282601333));
#4498 = CARTESIAN_POINT('',(3.652378177097,16.15,-1.65082510319));
#4499 = CARTESIAN_POINT('',(3.643177006612,16.15,-1.640477016369));
#4500 = CARTESIAN_POINT('',(3.639813427319,16.15,-1.63659009542));
#4501 = CARTESIAN_POINT('',(3.62379958463,16.15,-1.617012701534));
#4502 = CARTESIAN_POINT('',(3.61590353996,16.15,-1.606071972368));
#4503 = CARTESIAN_POINT('',(3.600802438124,16.15,-1.5800095037));
#4504 = CARTESIAN_POINT('',(3.594754084226,16.15,-1.568644966887));
#4505 = CARTESIAN_POINT('',(3.572806620432,16.15,-1.521826746048));
#4506 = CARTESIAN_POINT('',(3.545260884464,16.15,-1.505689120376));
#4507 = CARTESIAN_POINT('',(3.504801055058,16.15,-1.504626016257));
#4508 = PCURVE('',#206,#4509);
#4509 = DEFINITIONAL_REPRESENTATION('',(#4510),#4525);
#4510 = B_SPLINE_CURVE_WITH_KNOTS('',3,(#4511,#4512,#4513,#4514,#4515,
    #4516,#4517,#4518,#4519,#4520,#4521,#4522,#4523,#4524),
  .UNSPECIFIED.,.F.,.F.,(4,1,1,2,2,2,2,4),(0.,0.25,0.375,0.4375,0.5,
    0.625,0.75,1.),.UNSPECIFIED.);
#4511 = CARTESIAN_POINT('',(0.922787389395,1.751138999044));
#4512 = CARTESIAN_POINT('',(0.895058367357,1.731649291062));
#4513 = CARTESIAN_POINT('',(0.85746198333,1.701897672378));
#4514 = CARTESIAN_POINT('',(0.8205945461,1.666282601333));
#4515 = CARTESIAN_POINT('',(0.806293146744,1.65082510319));
#4516 = CARTESIAN_POINT('',(0.797091976259,1.640477016369));
#4517 = CARTESIAN_POINT('',(0.793728396966,1.63659009542));
#4518 = CARTESIAN_POINT('',(0.777714554277,1.617012701534));
#4519 = CARTESIAN_POINT('',(0.769818509607,1.606071972368));
#4520 = CARTESIAN_POINT('',(0.754717407771,1.5800095037));
#4521 = CARTESIAN_POINT('',(0.748669053873,1.568644966887));
#4522 = CARTESIAN_POINT('',(0.726721590079,1.521826746048));
#4523 = CARTESIAN_POINT('',(0.699175854111,1.505689120376));
#4524 = CARTESIAN_POINT('',(0.658716024704,1.504626016257));
#4525 = ( GEOMETRIC_REPRESENTATION_CONTEXT(2) 
PARAMETRIC_REPRESENTATION_CONTEXT() REPRESENTATION_CONTEXT('2D SPACE',''
  ) );
#4526 = ORIENTED_EDGE('',*,*,#4527,.T.);
#4527 = EDGE_CURVE('',#4490,#4528,#4530,.T.);
#4528 = VERTEX_POINT('',#4529);
#4529 = CARTESIAN_POINT('',(3.434456272343,16.15,-1.53350106997));
#4530 = SURFACE_CURVE('',#4531,(#4536,#4544),.PCURVE_S1.);
#4531 = B_SPLINE_CURVE_WITH_KNOTS('',3,(#4532,#4533,#4534,#4535),
  .UNSPECIFIED.,.F.,.F.,(4,4),(0.,1.),.PIECEWISE_BEZIER_KNOTS.);
#4532 = CARTESIAN_POINT('',(3.504801055058,16.15,-1.504626016257));
#4533 = CARTESIAN_POINT('',(3.481352794153,16.15,-1.514251034161));
#4534 = CARTESIAN_POINT('',(3.457904533248,16.15,-1.523876052066));
#4535 = CARTESIAN_POINT('',(3.434456272343,16.15,-1.53350106997));
#4536 = PCURVE('',#206,#4537);
#4537 = DEFINITIONAL_REPRESENTATION('',(#4538),#4543);
#4538 = B_SPLINE_CURVE_WITH_KNOTS('',3,(#4539,#4540,#4541,#4542),
  .UNSPECIFIED.,.F.,.F.,(4,4),(0.,1.),.PIECEWISE_BEZIER_KNOTS.);
#4539 = CARTESIAN_POINT('',(0.658716024704,1.504626016257));
#4540 = CARTESIAN_POINT('',(0.6352677638,1.514251034161));
#4541 = CARTESIAN_POINT('',(0.611819502895,1.523876052066));
#4542 = CARTESIAN_POINT('',(0.58837124199,1.53350106997));
#4543 = ( GEOMETRIC_REPRESENTATION_CONTEXT(2) 
PARAMETRIC_REPRESENTATION_CONTEXT() REPRESENTATION_CONTEXT('2D SPACE',''
  ) );
#4544 = PCURVE('',#4545,#4550);
#4545 = CYLINDRICAL_SURFACE('',#4546,1.6425);
#4546 = AXIS2_PLACEMENT_3D('',#4547,#4548,#4549);
#4547 = CARTESIAN_POINT('',(2.846085030353,16.85,1.734723475977E-15));
#4548 = DIRECTION('',(1.991776486498E-17,-1.,-4.85232289267E-17));
#4549 = DIRECTION('',(-0.925096303963,-3.08148791102E-33,-0.379732574838
    ));
#4550 = DEFINITIONAL_REPRESENTATION('',(#4551),#4554);
#4551 = B_SPLINE_CURVE_WITH_KNOTS('',1,(#4552,#4553),.UNSPECIFIED.,.F.,
  .F.,(2,2),(0.,1.),.PIECEWISE_BEZIER_KNOTS.);
#4552 = CARTESIAN_POINT('',(1.593946186551,0.7));
#4553 = CARTESIAN_POINT('',(1.547646467039,0.7));
#4554 = ( GEOMETRIC_REPRESENTATION_CONTEXT(2) 
PARAMETRIC_REPRESENTATION_CONTEXT() REPRESENTATION_CONTEXT('2D SPACE',''
  ) );
#4555 = ORIENTED_EDGE('',*,*,#4556,.T.);
#4556 = EDGE_CURVE('',#4528,#4557,#4559,.T.);
#4557 = VERTEX_POINT('',#4558);
#4558 = CARTESIAN_POINT('',(3.419736111919,16.15,-1.894452109896));
#4559 = SURFACE_CURVE('',#4560,(#4584,#4611),.PCURVE_S1.);
#4560 = B_SPLINE_CURVE_WITH_KNOTS('',3,(#4561,#4562,#4563,#4564,#4565,
    #4566,#4567,#4568,#4569,#4570,#4571,#4572,#4573,#4574,#4575,#4576,
    #4577,#4578,#4579,#4580,#4581,#4582,#4583),.UNSPECIFIED.,.F.,.F.,(4,
    1,2,2,2,2,1,2,2,1,2,2,4),(0.,6.25E-02,9.375E-02,0.125,0.1875,0.25,
    0.3125,0.34375,0.375,0.4375,0.46875,0.5,1.),.UNSPECIFIED.);
#4561 = CARTESIAN_POINT('',(3.434456272343,16.15,-1.53350106997));
#4562 = CARTESIAN_POINT('',(3.427008746834,16.15,-1.541250844897));
#4563 = CARTESIAN_POINT('',(3.417961759457,16.15,-1.553117442322));
#4564 = CARTESIAN_POINT('',(3.412101223411,16.15,-1.565346942298));
#4565 = CARTESIAN_POINT('',(3.408902299676,16.15,-1.573580587294));
#4566 = CARTESIAN_POINT('',(3.407406882478,16.15,-1.578915020957));
#4567 = CARTESIAN_POINT('',(3.405482814196,16.15,-1.587975557505));
#4568 = CARTESIAN_POINT('',(3.405083076973,16.15,-1.594668727862));
#4569 = CARTESIAN_POINT('',(3.406049552454,16.15,-1.609360693893));
#4570 = CARTESIAN_POINT('',(3.407770286165,16.15,-1.618723171631));
#4571 = CARTESIAN_POINT('',(3.411559619494,16.15,-1.633299024165));
#4572 = CARTESIAN_POINT('',(3.414633292049,16.15,-1.64415994403));
#4573 = CARTESIAN_POINT('',(3.418054473444,16.15,-1.654914409592));
#4574 = CARTESIAN_POINT('',(3.420412485227,16.15,-1.662060396788));
#4575 = CARTESIAN_POINT('',(3.422190237106,16.15,-1.667204157576));
#4576 = CARTESIAN_POINT('',(3.424278525659,16.15,-1.673104382494));
#4577 = CARTESIAN_POINT('',(3.426250547831,16.15,-1.681641907145));
#4578 = CARTESIAN_POINT('',(3.42804817043,16.15,-1.694135381397));
#4579 = CARTESIAN_POINT('',(3.429207830035,16.15,-1.703343464143));
#4580 = CARTESIAN_POINT('',(3.429984163877,16.15,-1.710574758987));
#4581 = CARTESIAN_POINT('',(3.435512437621,16.15,-1.766597201057));
#4582 = CARTESIAN_POINT('',(3.431988022779,16.15,-1.826791172097));
#4583 = CARTESIAN_POINT('',(3.419736111919,16.15,-1.894452109896));
#4584 = PCURVE('',#206,#4585);
#4585 = DEFINITIONAL_REPRESENTATION('',(#4586),#4610);
#4586 = B_SPLINE_CURVE_WITH_KNOTS('',3,(#4587,#4588,#4589,#4590,#4591,
    #4592,#4593,#4594,#4595,#4596,#4597,#4598,#4599,#4600,#4601,#4602,
    #4603,#4604,#4605,#4606,#4607,#4608,#4609),.UNSPECIFIED.,.F.,.F.,(4,
    1,2,2,2,2,1,2,2,1,2,2,4),(0.,6.25E-02,9.375E-02,0.125,0.1875,0.25,
    0.3125,0.34375,0.375,0.4375,0.46875,0.5,1.),.UNSPECIFIED.);
#4587 = CARTESIAN_POINT('',(0.58837124199,1.53350106997));
#4588 = CARTESIAN_POINT('',(0.580923716481,1.541250844897));
#4589 = CARTESIAN_POINT('',(0.571876729104,1.553117442322));
#4590 = CARTESIAN_POINT('',(0.566016193058,1.565346942298));
#4591 = CARTESIAN_POINT('',(0.562817269322,1.573580587294));
#4592 = CARTESIAN_POINT('',(0.561321852125,1.578915020957));
#4593 = CARTESIAN_POINT('',(0.559397783843,1.587975557505));
#4594 = CARTESIAN_POINT('',(0.558998046619,1.594668727862));
#4595 = CARTESIAN_POINT('',(0.559964522101,1.609360693893));
#4596 = CARTESIAN_POINT('',(0.561685255812,1.618723171631));
#4597 = CARTESIAN_POINT('',(0.565474589141,1.633299024165));
#4598 = CARTESIAN_POINT('',(0.568548261696,1.64415994403));
#4599 = CARTESIAN_POINT('',(0.571969443091,1.654914409592));
#4600 = CARTESIAN_POINT('',(0.574327454874,1.662060396788));
#4601 = CARTESIAN_POINT('',(0.576105206753,1.667204157576));
#4602 = CARTESIAN_POINT('',(0.578193495306,1.673104382494));
#4603 = CARTESIAN_POINT('',(0.580165517478,1.681641907145));
#4604 = CARTESIAN_POINT('',(0.581963140077,1.694135381397));
#4605 = CARTESIAN_POINT('',(0.583122799682,1.703343464143));
#4606 = CARTESIAN_POINT('',(0.583899133524,1.710574758987));
#4607 = CARTESIAN_POINT('',(0.589427407268,1.766597201057));
#4608 = CARTESIAN_POINT('',(0.585902992425,1.826791172097));
#4609 = CARTESIAN_POINT('',(0.573651081566,1.894452109896));
#4610 = ( GEOMETRIC_REPRESENTATION_CONTEXT(2) 
PARAMETRIC_REPRESENTATION_CONTEXT() REPRESENTATION_CONTEXT('2D SPACE',''
  ) );
#4611 = PCURVE('',#4612,#4663);
#4612 = B_SPLINE_SURFACE_WITH_KNOTS('',3,1,(
    (#4613,#4614)
    ,(#4615,#4616)
    ,(#4617,#4618)
    ,(#4619,#4620)
    ,(#4621,#4622)
    ,(#4623,#4624)
    ,(#4625,#4626)
    ,(#4627,#4628)
    ,(#4629,#4630)
    ,(#4631,#4632)
    ,(#4633,#4634)
    ,(#4635,#4636)
    ,(#4637,#4638)
    ,(#4639,#4640)
    ,(#4641,#4642)
    ,(#4643,#4644)
    ,(#4645,#4646)
    ,(#4647,#4648)
    ,(#4649,#4650)
    ,(#4651,#4652)
    ,(#4653,#4654)
    ,(#4655,#4656)
    ,(#4657,#4658)
    ,(#4659,#4660)
    ,(#4661,#4662
    )),.UNSPECIFIED.,.F.,.F.,.F.,(4,1,1,1,1,1,1,1,1,1,1,1,1,1,1,1,1,1,1,
    1,1,1,4),(2,2),(0.499024834094,0.513738430235,0.537576671814,
    0.560441923945,0.582334186628,0.603253459865,0.623199743654,
    0.642173037997,0.660173342894,0.677200658345,0.693254984351,
    0.708336320912,0.72244466803,0.735580025704,0.747742393936,
    0.758931772728,0.769148162081,0.778391561998,0.786661972481,
    0.793959393536,0.800283825168,0.805635267389,1.),(0.,1.),
  .UNSPECIFIED.);
#4613 = CARTESIAN_POINT('',(3.419736111916,16.85,-1.894452109916));
#4614 = CARTESIAN_POINT('',(3.419736111916,16.15,-1.894452109916));
#4615 = CARTESIAN_POINT('',(3.420369101489,16.85,-1.890956437393));
#4616 = CARTESIAN_POINT('',(3.420369101489,16.15,-1.890956437393));
#4617 = CARTESIAN_POINT('',(3.421973511498,16.85,-1.881787454336));
#4618 = CARTESIAN_POINT('',(3.421973511498,16.15,-1.881787454336));
#4619 = CARTESIAN_POINT('',(3.424297853556,16.85,-1.867141169836));
#4620 = CARTESIAN_POINT('',(3.424297853556,16.15,-1.867141169836));
#4621 = CARTESIAN_POINT('',(3.426566354562,16.85,-1.850734345374));
#4622 = CARTESIAN_POINT('',(3.426566354562,16.15,-1.850734345374));
#4623 = CARTESIAN_POINT('',(3.42842388558,16.85,-1.834985406383));
#4624 = CARTESIAN_POINT('',(3.42842388558,16.15,-1.834985406383));
#4625 = CARTESIAN_POINT('',(3.429897700577,16.85,-1.819903948078));
#4626 = CARTESIAN_POINT('',(3.429897700577,16.15,-1.819903948078));
#4627 = CARTESIAN_POINT('',(3.431015267309,16.85,-1.805498738131));
#4628 = CARTESIAN_POINT('',(3.431015267309,16.15,-1.805498738131));
#4629 = CARTESIAN_POINT('',(3.431804245109,16.85,-1.791777712069));
#4630 = CARTESIAN_POINT('',(3.431804245109,16.15,-1.791777712069));
#4631 = CARTESIAN_POINT('',(3.432292462583,16.85,-1.778747969235));
#4632 = CARTESIAN_POINT('',(3.432292462583,16.15,-1.778747969235));
#4633 = CARTESIAN_POINT('',(3.432507895218,16.85,-1.766415769301));
#4634 = CARTESIAN_POINT('',(3.432507895218,16.15,-1.766415769301));
#4635 = CARTESIAN_POINT('',(3.432478642915,16.85,-1.754786529349));
#4636 = CARTESIAN_POINT('',(3.432478642915,16.15,-1.754786529349));
#4637 = CARTESIAN_POINT('',(3.432232907497,16.85,-1.743864821503));
#4638 = CARTESIAN_POINT('',(3.432232907497,16.15,-1.743864821503));
#4639 = CARTESIAN_POINT('',(3.431798970048,16.85,-1.733654371168));
#4640 = CARTESIAN_POINT('',(3.431798970048,16.15,-1.733654371168));
#4641 = CARTESIAN_POINT('',(3.431205168661,16.85,-1.724158055694));
#4642 = CARTESIAN_POINT('',(3.431205168661,16.15,-1.724158055694));
#4643 = CARTESIAN_POINT('',(3.430479874664,16.85,-1.715377904052));
#4644 = CARTESIAN_POINT('',(3.430479874664,16.15,-1.715377904052));
#4645 = CARTESIAN_POINT('',(3.429651473863,16.85,-1.707315095631));
#4646 = CARTESIAN_POINT('',(3.429651473863,16.15,-1.707315095631));
#4647 = CARTESIAN_POINT('',(3.428748331173,16.85,-1.699969964339));
#4648 = CARTESIAN_POINT('',(3.428748331173,16.15,-1.699969964339));
#4649 = CARTESIAN_POINT('',(3.427798809452,16.85,-1.693341987852));
#4650 = CARTESIAN_POINT('',(3.427798809452,16.15,-1.693341987852));
#4651 = CARTESIAN_POINT('',(3.426831113933,16.85,-1.687429827066));
#4652 = CARTESIAN_POINT('',(3.426831113933,16.15,-1.687429827066));
#4653 = CARTESIAN_POINT('',(3.42587368862,16.85,-1.682231209063));
#4654 = CARTESIAN_POINT('',(3.42587368862,16.15,-1.682231209063));
#4655 = CARTESIAN_POINT('',(3.424953900481,16.85,-1.677743297886));
#4656 = CARTESIAN_POINT('',(3.424953900481,16.15,-1.677743297886));
#4657 = CARTESIAN_POINT('',(3.41401933636,16.85,-1.6292090501));
#4658 = CARTESIAN_POINT('',(3.41401933636,16.15,-1.6292090501));
#4659 = CARTESIAN_POINT('',(3.382993590669,16.85,-1.5870523065));
#4660 = CARTESIAN_POINT('',(3.382993590669,16.15,-1.5870523065));
#4661 = CARTESIAN_POINT('',(3.434456272343,16.85,-1.53350106997));
#4662 = CARTESIAN_POINT('',(3.434456272343,16.15,-1.53350106997));
#4663 = DEFINITIONAL_REPRESENTATION('',(#4664),#4734);
#4664 = B_SPLINE_CURVE_WITH_KNOTS('',3,(#4665,#4666,#4667,#4668,#4669,
    #4670,#4671,#4672,#4673,#4674,#4675,#4676,#4677,#4678,#4679,#4680,
    #4681,#4682,#4683,#4684,#4685,#4686,#4687,#4688,#4689,#4690,#4691,
    #4692,#4693,#4694,#4695,#4696,#4697,#4698,#4699,#4700,#4701,#4702,
    #4703,#4704,#4705,#4706,#4707,#4708,#4709,#4710,#4711,#4712,#4713,
    #4714,#4715,#4716,#4717,#4718,#4719,#4720,#4721,#4722,#4723,#4724,
    #4725,#4726,#4727,#4728,#4729,#4730,#4731,#4732,#4733),
  .UNSPECIFIED.,.F.,.F.,(4,1,1,1,1,1,1,1,1,1,1,1,1,1,1,1,1,1,1,1,1,1,1,1
    ,1,1,1,1,1,1,1,1,1,1,1,1,1,1,1,1,1,1,1,1,1,1,1,1,1,1,1,1,1,1,1,1,1,1
    ,1,1,1,1,1,1,1,1,4),(0.,1.515151515152E-02,3.030303030303E-02,
    4.545454545455E-02,6.060606060606E-02,7.575757575758E-02,
    9.090909090909E-02,0.106060606061,0.121212121212,0.136363636364,
    0.151515151515,0.166666666667,0.181818181818,0.19696969697,
    0.212121212121,0.227272727273,0.242424242424,0.257575757576,
    0.272727272727,0.287878787879,0.30303030303,0.318181818182,
    0.333333333333,0.348484848485,0.363636363636,0.378787878788,
    0.393939393939,0.409090909091,0.424242424242,0.439393939394,
    0.454545454545,0.469696969697,0.484848484848,0.5,0.515151515152,
    0.530303030303,0.545454545455,0.560606060606,0.575757575758,
    0.590909090909,0.606060606061,0.621212121212,0.636363636364,
    0.651515151515,0.666666666667,0.681818181818,0.69696969697,
    0.712121212121,0.727272727273,0.742424242424,0.757575757576,
    0.772727272727,0.787878787879,0.80303030303,0.818181818182,
    0.833333333333,0.848484848485,0.863636363636,0.878787878788,
    0.893939393939,0.909090909091,0.924242424242,0.939393939394,
    0.954545454545,0.969696969697,0.984848484848,1.),
  .QUASI_UNIFORM_KNOTS.);
#4665 = CARTESIAN_POINT('',(1.,1.));
#4666 = CARTESIAN_POINT('',(0.997727081554,1.));
#4667 = CARTESIAN_POINT('',(0.993128750068,1.));
#4668 = CARTESIAN_POINT('',(0.98606146278,1.));
#4669 = CARTESIAN_POINT('',(0.978805497727,1.));
#4670 = CARTESIAN_POINT('',(0.971365002209,1.));
#4671 = CARTESIAN_POINT('',(0.963669208684,1.));
#4672 = CARTESIAN_POINT('',(0.955946689729,1.));
#4673 = CARTESIAN_POINT('',(0.947339183695,1.));
#4674 = CARTESIAN_POINT('',(0.938459856138,1.));
#4675 = CARTESIAN_POINT('',(0.932937929146,1.));
#4676 = CARTESIAN_POINT('',(0.926294678406,1.));
#4677 = CARTESIAN_POINT('',(0.919469606338,1.));
#4678 = CARTESIAN_POINT('',(0.912209706102,1.));
#4679 = CARTESIAN_POINT('',(0.904528834417,1.));
#4680 = CARTESIAN_POINT('',(0.895930812314,1.));
#4681 = CARTESIAN_POINT('',(0.887134209583,1.));
#4682 = CARTESIAN_POINT('',(0.878572315419,1.));
#4683 = CARTESIAN_POINT('',(0.870912956194,1.));
#4684 = CARTESIAN_POINT('',(0.863245685744,1.));
#4685 = CARTESIAN_POINT('',(0.855634371801,1.));
#4686 = CARTESIAN_POINT('',(0.848040672588,1.));
#4687 = CARTESIAN_POINT('',(0.840495170425,1.));
#4688 = CARTESIAN_POINT('',(0.832844122011,1.));
#4689 = CARTESIAN_POINT('',(0.825610944093,1.));
#4690 = CARTESIAN_POINT('',(0.816009333916,1.));
#4691 = CARTESIAN_POINT('',(0.810976103245,1.));
#4692 = CARTESIAN_POINT('',(0.806477582016,1.));
#4693 = CARTESIAN_POINT('',(0.80080641414,1.));
#4694 = CARTESIAN_POINT('',(0.794389981502,1.));
#4695 = CARTESIAN_POINT('',(0.787163364514,1.));
#4696 = CARTESIAN_POINT('',(0.778916452759,1.));
#4697 = CARTESIAN_POINT('',(0.770519948985,1.));
#4698 = CARTESIAN_POINT('',(0.758628334766,1.));
#4699 = CARTESIAN_POINT('',(0.748855458558,1.));
#4700 = CARTESIAN_POINT('',(0.743024333583,1.));
#4701 = CARTESIAN_POINT('',(0.736073153589,1.));
#4702 = CARTESIAN_POINT('',(0.729357268208,1.));
#4703 = CARTESIAN_POINT('',(0.722512606523,1.));
#4704 = CARTESIAN_POINT('',(0.71563577103,1.));
#4705 = CARTESIAN_POINT('',(0.708699993005,1.));
#4706 = CARTESIAN_POINT('',(0.701711522691,1.));
#4707 = CARTESIAN_POINT('',(0.694667831841,1.));
#4708 = CARTESIAN_POINT('',(0.687568713515,1.));
#4709 = CARTESIAN_POINT('',(0.680413399389,1.));
#4710 = CARTESIAN_POINT('',(0.67320125991,1.));
#4711 = CARTESIAN_POINT('',(0.665931662321,1.));
#4712 = CARTESIAN_POINT('',(0.658603998186,1.));
#4713 = CARTESIAN_POINT('',(0.651217648359,1.));
#4714 = CARTESIAN_POINT('',(0.643772053149,1.));
#4715 = CARTESIAN_POINT('',(0.636266614089,1.));
#4716 = CARTESIAN_POINT('',(0.62870079508,1.));
#4717 = CARTESIAN_POINT('',(0.621074049278,1.));
#4718 = CARTESIAN_POINT('',(0.613385838574,1.));
#4719 = CARTESIAN_POINT('',(0.605635671736,1.));
#4720 = CARTESIAN_POINT('',(0.597823028036,1.));
#4721 = CARTESIAN_POINT('',(0.589947434301,1.));
#4722 = CARTESIAN_POINT('',(0.582008425164,1.));
#4723 = CARTESIAN_POINT('',(0.574005524459,1.));
#4724 = CARTESIAN_POINT('',(0.565938309057,1.));
#4725 = CARTESIAN_POINT('',(0.557806340571,1.));
#4726 = CARTESIAN_POINT('',(0.549609194187,1.));
#4727 = CARTESIAN_POINT('',(0.541346484862,1.));
#4728 = CARTESIAN_POINT('',(0.533017807357,1.));
#4729 = CARTESIAN_POINT('',(0.524622785952,1.));
#4730 = CARTESIAN_POINT('',(0.516161070308,1.));
#4731 = CARTESIAN_POINT('',(0.507632290508,1.));
#4732 = CARTESIAN_POINT('',(0.501901511398,1.));
#4733 = CARTESIAN_POINT('',(0.499024834094,1.));
#4734 = ( GEOMETRIC_REPRESENTATION_CONTEXT(2) 
PARAMETRIC_REPRESENTATION_CONTEXT() REPRESENTATION_CONTEXT('2D SPACE',''
  ) );
#4735 = ORIENTED_EDGE('',*,*,#4736,.T.);
#4736 = EDGE_CURVE('',#4557,#4737,#4739,.T.);
#4737 = VERTEX_POINT('',#4738);
#4738 = CARTESIAN_POINT('',(3.30439079694,16.15,-1.925611639016));
#4739 = SURFACE_CURVE('',#4740,(#4745),.PCURVE_S1.);
#4740 = B_SPLINE_CURVE_WITH_KNOTS('',3,(#4741,#4742,#4743,#4744),
  .UNSPECIFIED.,.F.,.F.,(4,4),(0.,1.),.PIECEWISE_BEZIER_KNOTS.);
#4741 = CARTESIAN_POINT('',(3.419736111919,16.15,-1.894452109896));
#4742 = CARTESIAN_POINT('',(3.381601290151,16.15,-1.905999554987));
#4743 = CARTESIAN_POINT('',(3.343152851823,16.15,-1.916386064701));
#4744 = CARTESIAN_POINT('',(3.30439079694,16.15,-1.925611639016));
#4745 = PCURVE('',#206,#4746);
#4746 = DEFINITIONAL_REPRESENTATION('',(#4747),#4752);
#4747 = B_SPLINE_CURVE_WITH_KNOTS('',3,(#4748,#4749,#4750,#4751),
  .UNSPECIFIED.,.F.,.F.,(4,4),(0.,1.),.PIECEWISE_BEZIER_KNOTS.);
#4748 = CARTESIAN_POINT('',(0.573651081566,1.894452109896));
#4749 = CARTESIAN_POINT('',(0.535516259798,1.905999554987));
#4750 = CARTESIAN_POINT('',(0.49706782147,1.916386064701));
#4751 = CARTESIAN_POINT('',(0.458305766587,1.925611639016));
#4752 = ( GEOMETRIC_REPRESENTATION_CONTEXT(2) 
PARAMETRIC_REPRESENTATION_CONTEXT() REPRESENTATION_CONTEXT('2D SPACE',''
  ) );
#4753 = ORIENTED_EDGE('',*,*,#4754,.T.);
#4754 = EDGE_CURVE('',#4737,#4755,#4757,.T.);
#4755 = VERTEX_POINT('',#4756);
#4756 = CARTESIAN_POINT('',(3.109921005639,16.15,-1.621171437));
#4757 = SURFACE_CURVE('',#4758,(#4773),.PCURVE_S1.);
#4758 = B_SPLINE_CURVE_WITH_KNOTS('',3,(#4759,#4760,#4761,#4762,#4763,
    #4764,#4765,#4766,#4767,#4768,#4769,#4770,#4771,#4772),
  .UNSPECIFIED.,.F.,.F.,(4,1,1,2,2,2,2,4),(0.,0.25,0.375,0.4375,0.5,
    0.625,0.75,1.),.UNSPECIFIED.);
#4759 = CARTESIAN_POINT('',(3.30439079694,16.15,-1.925611639016));
#4760 = CARTESIAN_POINT('',(3.282379826399,16.15,-1.899838308687));
#4761 = CARTESIAN_POINT('',(3.253363528605,16.15,-1.861671551312));
#4762 = CARTESIAN_POINT('',(3.226511457709,16.15,-1.818006834411));
#4763 = CARTESIAN_POINT('',(3.216503486581,16.15,-1.799478348604));
#4764 = CARTESIAN_POINT('',(3.210164852331,16.15,-1.787167127909));
#4765 = CARTESIAN_POINT('',(3.207873583999,16.15,-1.782565833575));
#4766 = CARTESIAN_POINT('',(3.197231545502,16.15,-1.759621018787));
#4767 = CARTESIAN_POINT('',(3.192304418296,16.15,-1.747060346288));
#4768 = CARTESIAN_POINT('',(3.184159217736,16.15,-1.718061186687));
#4769 = CARTESIAN_POINT('',(3.181127129376,16.15,-1.705549523247));
#4770 = CARTESIAN_POINT('',(3.171512403573,16.15,-1.654744070614));
#4771 = CARTESIAN_POINT('',(3.148845331861,16.15,-1.632263092158));
#4772 = CARTESIAN_POINT('',(3.109921005639,16.15,-1.621171437));
#4773 = PCURVE('',#206,#4774);
#4774 = DEFINITIONAL_REPRESENTATION('',(#4775),#4790);
#4775 = B_SPLINE_CURVE_WITH_KNOTS('',3,(#4776,#4777,#4778,#4779,#4780,
    #4781,#4782,#4783,#4784,#4785,#4786,#4787,#4788,#4789),
  .UNSPECIFIED.,.F.,.F.,(4,1,1,2,2,2,2,4),(0.,0.25,0.375,0.4375,0.5,
    0.625,0.75,1.),.UNSPECIFIED.);
#4776 = CARTESIAN_POINT('',(0.458305766587,1.925611639016));
#4777 = CARTESIAN_POINT('',(0.436294796046,1.899838308687));
#4778 = CARTESIAN_POINT('',(0.407278498252,1.861671551312));
#4779 = CARTESIAN_POINT('',(0.380426427356,1.818006834411));
#4780 = CARTESIAN_POINT('',(0.370418456228,1.799478348604));
#4781 = CARTESIAN_POINT('',(0.364079821978,1.787167127909));
#4782 = CARTESIAN_POINT('',(0.361788553646,1.782565833575));
#4783 = CARTESIAN_POINT('',(0.351146515148,1.759621018787));
#4784 = CARTESIAN_POINT('',(0.346219387943,1.747060346288));
#4785 = CARTESIAN_POINT('',(0.338074187383,1.718061186687));
#4786 = CARTESIAN_POINT('',(0.335042099022,1.705549523247));
#4787 = CARTESIAN_POINT('',(0.32542737322,1.654744070614));
#4788 = CARTESIAN_POINT('',(0.302760301508,1.632263092158));
#4789 = CARTESIAN_POINT('',(0.263835975286,1.621171437));
#4790 = ( GEOMETRIC_REPRESENTATION_CONTEXT(2) 
PARAMETRIC_REPRESENTATION_CONTEXT() REPRESENTATION_CONTEXT('2D SPACE',''
  ) );
#4791 = ORIENTED_EDGE('',*,*,#4792,.T.);
#4792 = EDGE_CURVE('',#4755,#4793,#4795,.T.);
#4793 = VERTEX_POINT('',#4794);
#4794 = CARTESIAN_POINT('',(3.034605299779,16.15,-1.631645291727));
#4795 = SURFACE_CURVE('',#4796,(#4801),.PCURVE_S1.);
#4796 = B_SPLINE_CURVE_WITH_KNOTS('',3,(#4797,#4798,#4799,#4800),
  .UNSPECIFIED.,.F.,.F.,(4,4),(0.,1.),.PIECEWISE_BEZIER_KNOTS.);
#4797 = CARTESIAN_POINT('',(3.109921005639,16.15,-1.621171437));
#4798 = CARTESIAN_POINT('',(3.084815770352,16.15,-1.624662721909));
#4799 = CARTESIAN_POINT('',(3.059710535066,16.15,-1.628154006818));
#4800 = CARTESIAN_POINT('',(3.034605299779,16.15,-1.631645291727));
#4801 = PCURVE('',#206,#4802);
#4802 = DEFINITIONAL_REPRESENTATION('',(#4803),#4808);
#4803 = B_SPLINE_CURVE_WITH_KNOTS('',3,(#4804,#4805,#4806,#4807),
  .UNSPECIFIED.,.F.,.F.,(4,4),(0.,1.),.PIECEWISE_BEZIER_KNOTS.);
#4804 = CARTESIAN_POINT('',(0.263835975286,1.621171437));
#4805 = CARTESIAN_POINT('',(0.238730739999,1.624662721909));
#4806 = CARTESIAN_POINT('',(0.213625504713,1.628154006818));
#4807 = CARTESIAN_POINT('',(0.188520269426,1.631645291727));
#4808 = ( GEOMETRIC_REPRESENTATION_CONTEXT(2) 
PARAMETRIC_REPRESENTATION_CONTEXT() REPRESENTATION_CONTEXT('2D SPACE',''
  ) );
#4809 = ORIENTED_EDGE('',*,*,#4810,.T.);
#4810 = EDGE_CURVE('',#4793,#4811,#4813,.T.);
#4811 = VERTEX_POINT('',#4812);
#4812 = CARTESIAN_POINT('',(2.930582726881,16.15,-1.977595635938));
#4813 = SURFACE_CURVE('',#4814,(#4838),.PCURVE_S1.);
#4814 = B_SPLINE_CURVE_WITH_KNOTS('',3,(#4815,#4816,#4817,#4818,#4819,
    #4820,#4821,#4822,#4823,#4824,#4825,#4826,#4827,#4828,#4829,#4830,
    #4831,#4832,#4833,#4834,#4835,#4836,#4837),.UNSPECIFIED.,.F.,.F.,(4,
    1,2,2,2,2,1,2,2,1,2,2,4),(0.,6.25E-02,9.375E-02,0.125,0.1875,0.25,
    0.3125,0.34375,0.375,0.4375,0.46875,0.5,1.),.UNSPECIFIED.);
#4815 = CARTESIAN_POINT('',(3.034605299779,16.15,-1.631645291727));
#4816 = CARTESIAN_POINT('',(3.025464461326,16.15,-1.637299468945));
#4817 = CARTESIAN_POINT('',(3.01375059892,16.15,-1.646543361121));
#4818 = CARTESIAN_POINT('',(3.005032829421,16.15,-1.656931192819));
#4819 = CARTESIAN_POINT('',(2.999886781512,16.15,-1.664110622734));
#4820 = CARTESIAN_POINT('',(2.99711172589,16.15,-1.66890557022));
#4821 = CARTESIAN_POINT('',(2.99299484194,16.15,-1.677202957028));
#4822 = CARTESIAN_POINT('',(2.990943139415,16.15,-1.683586438525));
#4823 = CARTESIAN_POINT('',(2.988225507918,16.15,-1.698057182105));
#4824 = CARTESIAN_POINT('',(2.987563828083,16.15,-1.707553449461));
#4825 = CARTESIAN_POINT('',(2.987609245415,16.15,-1.722613743662));
#4826 = CARTESIAN_POINT('',(2.987885351959,16.15,-1.733897839039));
#4827 = CARTESIAN_POINT('',(2.988524523822,16.15,-1.745165246504));
#4828 = CARTESIAN_POINT('',(2.98903131958,16.15,-1.752673143056));
#4829 = CARTESIAN_POINT('',(2.989474018824,16.15,-1.758097412055));
#4830 = CARTESIAN_POINT('',(2.990029373683,16.15,-1.764331606801));
#4831 = CARTESIAN_POINT('',(2.98981624511,16.15,-1.773091331388));
#4832 = CARTESIAN_POINT('',(2.988450391387,16.15,-1.785639350733));
#4833 = CARTESIAN_POINT('',(2.987283661095,16.15,-1.794846540244));
#4834 = CARTESIAN_POINT('',(2.986237255083,16.15,-1.802043717038));
#4835 = CARTESIAN_POINT('',(2.977659633144,16.15,-1.857680936846));
#4836 = CARTESIAN_POINT('',(2.959276312409,16.15,-1.915107317267));
#4837 = CARTESIAN_POINT('',(2.930582726881,16.15,-1.977595635938));
#4838 = PCURVE('',#206,#4839);
#4839 = DEFINITIONAL_REPRESENTATION('',(#4840),#4864);
#4840 = B_SPLINE_CURVE_WITH_KNOTS('',3,(#4841,#4842,#4843,#4844,#4845,
    #4846,#4847,#4848,#4849,#4850,#4851,#4852,#4853,#4854,#4855,#4856,
    #4857,#4858,#4859,#4860,#4861,#4862,#4863),.UNSPECIFIED.,.F.,.F.,(4,
    1,2,2,2,2,1,2,2,1,2,2,4),(0.,6.25E-02,9.375E-02,0.125,0.1875,0.25,
    0.3125,0.34375,0.375,0.4375,0.46875,0.5,1.),.UNSPECIFIED.);
#4841 = CARTESIAN_POINT('',(0.188520269426,1.631645291727));
#4842 = CARTESIAN_POINT('',(0.179379430973,1.637299468945));
#4843 = CARTESIAN_POINT('',(0.167665568567,1.646543361121));
#4844 = CARTESIAN_POINT('',(0.158947799068,1.656931192819));
#4845 = CARTESIAN_POINT('',(0.153801751159,1.664110622734));
#4846 = CARTESIAN_POINT('',(0.151026695537,1.66890557022));
#4847 = CARTESIAN_POINT('',(0.146909811586,1.677202957028));
#4848 = CARTESIAN_POINT('',(0.144858109062,1.683586438525));
#4849 = CARTESIAN_POINT('',(0.142140477565,1.698057182105));
#4850 = CARTESIAN_POINT('',(0.14147879773,1.707553449461));
#4851 = CARTESIAN_POINT('',(0.141524215062,1.722613743662));
#4852 = CARTESIAN_POINT('',(0.141800321606,1.733897839039));
#4853 = CARTESIAN_POINT('',(0.142439493469,1.745165246504));
#4854 = CARTESIAN_POINT('',(0.142946289227,1.752673143056));
#4855 = CARTESIAN_POINT('',(0.143388988471,1.758097412055));
#4856 = CARTESIAN_POINT('',(0.14394434333,1.764331606801));
#4857 = CARTESIAN_POINT('',(0.143731214757,1.773091331388));
#4858 = CARTESIAN_POINT('',(0.142365361034,1.785639350733));
#4859 = CARTESIAN_POINT('',(0.141198630742,1.794846540244));
#4860 = CARTESIAN_POINT('',(0.14015222473,1.802043717038));
#4861 = CARTESIAN_POINT('',(0.131574602791,1.857680936846));
#4862 = CARTESIAN_POINT('',(0.113191282056,1.915107317267));
#4863 = CARTESIAN_POINT('',(8.449769652747E-02,1.977595635938));
#4864 = ( GEOMETRIC_REPRESENTATION_CONTEXT(2) 
PARAMETRIC_REPRESENTATION_CONTEXT() REPRESENTATION_CONTEXT('2D SPACE',''
  ) );
#4865 = ORIENTED_EDGE('',*,*,#4866,.T.);
#4866 = EDGE_CURVE('',#4811,#4867,#4869,.T.);
#4867 = VERTEX_POINT('',#4868);
#4868 = CARTESIAN_POINT('',(2.811112137288,16.15,-1.979091017804));
#4869 = SURFACE_CURVE('',#4870,(#4875),.PCURVE_S1.);
#4870 = B_SPLINE_CURVE_WITH_KNOTS('',3,(#4871,#4872,#4873,#4874),
  .UNSPECIFIED.,.F.,.F.,(4,4),(0.,1.),.PIECEWISE_BEZIER_KNOTS.);
#4871 = CARTESIAN_POINT('',(2.930582726881,16.15,-1.977595635938));
#4872 = CARTESIAN_POINT('',(2.890774247838,16.15,-1.979296552304));
#4873 = CARTESIAN_POINT('',(2.850950717973,16.15,-1.979795012925));
#4874 = CARTESIAN_POINT('',(2.811112137288,16.15,-1.979091017804));
#4875 = PCURVE('',#206,#4876);
#4876 = DEFINITIONAL_REPRESENTATION('',(#4877),#4882);
#4877 = B_SPLINE_CURVE_WITH_KNOTS('',3,(#4878,#4879,#4880,#4881),
  .UNSPECIFIED.,.F.,.F.,(4,4),(0.,1.),.PIECEWISE_BEZIER_KNOTS.);
#4878 = CARTESIAN_POINT('',(8.449769652747E-02,1.977595635938));
#4879 = CARTESIAN_POINT('',(4.46892174846E-02,1.979296552304));
#4880 = CARTESIAN_POINT('',(4.865687620279E-03,1.979795012925));
#4881 = CARTESIAN_POINT('',(-3.49728930655E-02,1.979091017804));
#4882 = ( GEOMETRIC_REPRESENTATION_CONTEXT(2) 
PARAMETRIC_REPRESENTATION_CONTEXT() REPRESENTATION_CONTEXT('2D SPACE',''
  ) );
#4883 = ORIENTED_EDGE('',*,*,#4884,.T.);
#4884 = EDGE_CURVE('',#4867,#4885,#4887,.T.);
#4885 = VERTEX_POINT('',#4886);
#4886 = CARTESIAN_POINT('',(2.698463171573,16.15,-1.635852694105));
#4887 = SURFACE_CURVE('',#4888,(#4903),.PCURVE_S1.);
#4888 = B_SPLINE_CURVE_WITH_KNOTS('',3,(#4889,#4890,#4891,#4892,#4893,
    #4894,#4895,#4896,#4897,#4898,#4899,#4900,#4901,#4902),
  .UNSPECIFIED.,.F.,.F.,(4,1,1,2,2,2,2,4),(0.,0.25,0.375,0.4375,0.5,
    0.625,0.75,1.),.UNSPECIFIED.);
#4889 = CARTESIAN_POINT('',(2.811112137288,16.15,-1.979091017804));
#4890 = CARTESIAN_POINT('',(2.796202248472,16.15,-1.948653498261));
#4891 = CARTESIAN_POINT('',(2.777589237616,16.15,-1.904469759928));
#4892 = CARTESIAN_POINT('',(2.762439747424,16.15,-1.85549901192));
#4893 = CARTESIAN_POINT('',(2.757354042157,16.15,-1.835063751356));
#4894 = CARTESIAN_POINT('',(2.754276223843,16.15,-1.821562956062));
#4895 = CARTESIAN_POINT('',(2.753201235288,16.15,-1.816536404588));
#4896 = CARTESIAN_POINT('',(2.7485996794,16.15,-1.791665875995));
#4897 = CARTESIAN_POINT('',(2.746951059183,16.15,-1.778274493412));
#4898 = CARTESIAN_POINT('',(2.746273552805,16.15,-1.748160766727));
#4899 = CARTESIAN_POINT('',(2.746448247245,16.15,-1.73528813049));
#4900 = CARTESIAN_POINT('',(2.749770388017,16.15,-1.683687739501));
#4901 = CARTESIAN_POINT('',(2.73340623604,16.15,-1.656275970816));
#4902 = CARTESIAN_POINT('',(2.698463171573,16.15,-1.635852694105));
#4903 = PCURVE('',#206,#4904);
#4904 = DEFINITIONAL_REPRESENTATION('',(#4905),#4920);
#4905 = B_SPLINE_CURVE_WITH_KNOTS('',3,(#4906,#4907,#4908,#4909,#4910,
    #4911,#4912,#4913,#4914,#4915,#4916,#4917,#4918,#4919),
  .UNSPECIFIED.,.F.,.F.,(4,1,1,2,2,2,2,4),(0.,0.25,0.375,0.4375,0.5,
    0.625,0.75,1.),.UNSPECIFIED.);
#4906 = CARTESIAN_POINT('',(-3.49728930655E-02,1.979091017804));
#4907 = CARTESIAN_POINT('',(-4.988278188061E-02,1.948653498261));
#4908 = CARTESIAN_POINT('',(-6.849579273724E-02,1.904469759928));
#4909 = CARTESIAN_POINT('',(-8.364528292945E-02,1.85549901192));
#4910 = CARTESIAN_POINT('',(-8.873098819599E-02,1.835063751356));
#4911 = CARTESIAN_POINT('',(-9.180880650985E-02,1.821562956062));
#4912 = CARTESIAN_POINT('',(-9.288379506539E-02,1.816536404588));
#4913 = CARTESIAN_POINT('',(-9.748535095311E-02,1.791665875995));
#4914 = CARTESIAN_POINT('',(-9.913397117052E-02,1.778274493412));
#4915 = CARTESIAN_POINT('',(-9.981147754779E-02,1.748160766727));
#4916 = CARTESIAN_POINT('',(-9.963678310811E-02,1.73528813049));
#4917 = CARTESIAN_POINT('',(-9.631464233632E-02,1.683687739501));
#4918 = CARTESIAN_POINT('',(-0.112678794313,1.656275970816));
#4919 = CARTESIAN_POINT('',(-0.14762185878,1.635852694105));
#4920 = ( GEOMETRIC_REPRESENTATION_CONTEXT(2) 
PARAMETRIC_REPRESENTATION_CONTEXT() REPRESENTATION_CONTEXT('2D SPACE',''
  ) );
#4921 = ORIENTED_EDGE('',*,*,#4922,.T.);
#4922 = EDGE_CURVE('',#4885,#4923,#4925,.T.);
#4923 = VERTEX_POINT('',#4924);
#4924 = CARTESIAN_POINT('',(2.622908905358,16.15,-1.627267239034));
#4925 = SURFACE_CURVE('',#4926,(#4931),.PCURVE_S1.);
#4926 = B_SPLINE_CURVE_WITH_KNOTS('',3,(#4927,#4928,#4929,#4930),
  .UNSPECIFIED.,.F.,.F.,(4,4),(0.,1.),.PIECEWISE_BEZIER_KNOTS.);
#4927 = CARTESIAN_POINT('',(2.698463171573,16.15,-1.635852694105));
#4928 = CARTESIAN_POINT('',(2.673278416168,16.15,-1.632990875748));
#4929 = CARTESIAN_POINT('',(2.648093660763,16.15,-1.630129057391));
#4930 = CARTESIAN_POINT('',(2.622908905358,16.15,-1.627267239034));
#4931 = PCURVE('',#206,#4932);
#4932 = DEFINITIONAL_REPRESENTATION('',(#4933),#4938);
#4933 = B_SPLINE_CURVE_WITH_KNOTS('',3,(#4934,#4935,#4936,#4937),
  .UNSPECIFIED.,.F.,.F.,(4,4),(0.,1.),.PIECEWISE_BEZIER_KNOTS.);
#4934 = CARTESIAN_POINT('',(-0.14762185878,1.635852694105));
#4935 = CARTESIAN_POINT('',(-0.172806614185,1.632990875748));
#4936 = CARTESIAN_POINT('',(-0.19799136959,1.630129057391));
#4937 = CARTESIAN_POINT('',(-0.223176124995,1.627267239034));
#4938 = ( GEOMETRIC_REPRESENTATION_CONTEXT(2) 
PARAMETRIC_REPRESENTATION_CONTEXT() REPRESENTATION_CONTEXT('2D SPACE',''
  ) );
#4939 = ORIENTED_EDGE('',*,*,#4940,.T.);
#4940 = EDGE_CURVE('',#4923,#4941,#4943,.T.);
#4941 = VERTEX_POINT('',#4942);
#4942 = CARTESIAN_POINT('',(2.436120040805,16.15,-1.936479555106));
#4943 = SURFACE_CURVE('',#4944,(#4968),.PCURVE_S1.);
#4944 = B_SPLINE_CURVE_WITH_KNOTS('',3,(#4945,#4946,#4947,#4948,#4949,
    #4950,#4951,#4952,#4953,#4954,#4955,#4956,#4957,#4958,#4959,#4960,
    #4961,#4962,#4963,#4964,#4965,#4966,#4967),.UNSPECIFIED.,.F.,.F.,(4,
    1,2,2,2,2,1,2,2,1,2,2,4),(0.,6.25E-02,9.374999999999E-02,0.125,
    0.1875,0.25,0.3125,0.34375,0.375,0.4375,0.46875,0.5,1.),
  .UNSPECIFIED.);
#4945 = CARTESIAN_POINT('',(2.622908905358,16.15,-1.627267239034));
#4946 = CARTESIAN_POINT('',(2.61264910646,16.15,-1.630470545794));
#4947 = CARTESIAN_POINT('',(2.599004394078,16.15,-1.636510904978));
#4948 = CARTESIAN_POINT('',(2.587977160647,16.15,-1.644404362729));
#4949 = CARTESIAN_POINT('',(2.581207333681,16.15,-1.650078467577));
#4950 = CARTESIAN_POINT('',(2.577327006584,16.15,-1.654032644701));
#4951 = CARTESIAN_POINT('',(2.571275985925,16.15,-1.661045526439));
#4952 = CARTESIAN_POINT('',(2.567701234114,16.15,-1.666718221457));
#4953 = CARTESIAN_POINT('',(2.56147025442,16.15,-1.680058492547));
#4954 = CARTESIAN_POINT('',(2.558467736816,16.15,-1.689091864119));
#4955 = CARTESIAN_POINT('',(2.554766384414,16.15,-1.703690306315));
#4956 = CARTESIAN_POINT('',(2.552227576157,16.15,-1.71468855599));
#4957 = CARTESIAN_POINT('',(2.55004457697,16.15,-1.725760932709));
#4958 = CARTESIAN_POINT('',(2.548668312861,16.15,-1.733158989864));
#4959 = CARTESIAN_POINT('',(2.547748143048,16.15,-1.738522940303));
#4960 = CARTESIAN_POINT('',(2.546735669225,16.15,-1.744699387496));
#4961 = CARTESIAN_POINT('',(2.544350781559,16.15,-1.753130906305));
#4962 = CARTESIAN_POINT('',(2.539907273128,16.15,-1.764945032541));
#4963 = CARTESIAN_POINT('',(2.536487462893,16.15,-1.773572807237));
#4964 = CARTESIAN_POINT('',(2.533684066565,16.15,-1.780283640894));
#4965 = CARTESIAN_POINT('',(2.511539512476,16.15,-1.8320397473));
#4966 = CARTESIAN_POINT('',(2.479452377499,16.15,-1.883090226422));
#4967 = CARTESIAN_POINT('',(2.436120040805,16.15,-1.936479555106));
#4968 = PCURVE('',#206,#4969);
#4969 = DEFINITIONAL_REPRESENTATION('',(#4970),#4994);
#4970 = B_SPLINE_CURVE_WITH_KNOTS('',3,(#4971,#4972,#4973,#4974,#4975,
    #4976,#4977,#4978,#4979,#4980,#4981,#4982,#4983,#4984,#4985,#4986,
    #4987,#4988,#4989,#4990,#4991,#4992,#4993),.UNSPECIFIED.,.F.,.F.,(4,
    1,2,2,2,2,1,2,2,1,2,2,4),(0.,6.25E-02,9.374999999999E-02,0.125,
    0.1875,0.25,0.3125,0.34375,0.375,0.4375,0.46875,0.5,1.),
  .UNSPECIFIED.);
#4971 = CARTESIAN_POINT('',(-0.223176124995,1.627267239034));
#4972 = CARTESIAN_POINT('',(-0.233435923893,1.630470545794));
#4973 = CARTESIAN_POINT('',(-0.247080636275,1.636510904978));
#4974 = CARTESIAN_POINT('',(-0.258107869707,1.644404362729));
#4975 = CARTESIAN_POINT('',(-0.264877696673,1.650078467577));
#4976 = CARTESIAN_POINT('',(-0.268758023769,1.654032644701));
#4977 = CARTESIAN_POINT('',(-0.274809044429,1.661045526439));
#4978 = CARTESIAN_POINT('',(-0.278383796239,1.666718221457));
#4979 = CARTESIAN_POINT('',(-0.284614775933,1.680058492547));
#4980 = CARTESIAN_POINT('',(-0.287617293537,1.689091864119));
#4981 = CARTESIAN_POINT('',(-0.291318645939,1.703690306315));
#4982 = CARTESIAN_POINT('',(-0.293857454196,1.71468855599));
#4983 = CARTESIAN_POINT('',(-0.296040453383,1.725760932709));
#4984 = CARTESIAN_POINT('',(-0.297416717492,1.733158989864));
#4985 = CARTESIAN_POINT('',(-0.298336887305,1.738522940303));
#4986 = CARTESIAN_POINT('',(-0.299349361128,1.744699387496));
#4987 = CARTESIAN_POINT('',(-0.301734248794,1.753130906305));
#4988 = CARTESIAN_POINT('',(-0.306177757225,1.764945032541));
#4989 = CARTESIAN_POINT('',(-0.30959756746,1.773572807237));
#4990 = CARTESIAN_POINT('',(-0.312400963789,1.780283640894));
#4991 = CARTESIAN_POINT('',(-0.334545517877,1.8320397473));
#4992 = CARTESIAN_POINT('',(-0.366632652854,1.883090226422));
#4993 = CARTESIAN_POINT('',(-0.409964989549,1.936479555106));
#4994 = ( GEOMETRIC_REPRESENTATION_CONTEXT(2) 
PARAMETRIC_REPRESENTATION_CONTEXT() REPRESENTATION_CONTEXT('2D SPACE',''
  ) );
#4995 = ORIENTED_EDGE('',*,*,#4996,.T.);
#4996 = EDGE_CURVE('',#4941,#4997,#4999,.T.);
#4997 = VERTEX_POINT('',#4998);
#4998 = CARTESIAN_POINT('',(2.320030953127,16.15,-1.908216829355));
#4999 = SURFACE_CURVE('',#5000,(#5005),.PCURVE_S1.);
#5000 = B_SPLINE_CURVE_WITH_KNOTS('',3,(#5001,#5002,#5003,#5004),
  .UNSPECIFIED.,.F.,.F.,(4,4),(0.,1.),.PIECEWISE_BEZIER_KNOTS.);
#5001 = CARTESIAN_POINT('',(2.436120040805,16.15,-1.936479555106));
#5002 = CARTESIAN_POINT('',(2.397139217635,16.15,-1.928227067895));
#5003 = CARTESIAN_POINT('',(2.358442855075,16.15,-1.918806159311));
#5004 = CARTESIAN_POINT('',(2.320030953127,16.15,-1.908216829355));
#5005 = PCURVE('',#206,#5006);
#5006 = DEFINITIONAL_REPRESENTATION('',(#5007),#5012);
#5007 = B_SPLINE_CURVE_WITH_KNOTS('',3,(#5008,#5009,#5010,#5011),
  .UNSPECIFIED.,.F.,.F.,(4,4),(0.,1.),.PIECEWISE_BEZIER_KNOTS.);
#5008 = CARTESIAN_POINT('',(-0.409964989549,1.936479555106));
#5009 = CARTESIAN_POINT('',(-0.448945812719,1.928227067895));
#5010 = CARTESIAN_POINT('',(-0.487642175278,1.918806159311));
#5011 = CARTESIAN_POINT('',(-0.526054077226,1.908216829355));
#5012 = ( GEOMETRIC_REPRESENTATION_CONTEXT(2) 
PARAMETRIC_REPRESENTATION_CONTEXT() REPRESENTATION_CONTEXT('2D SPACE',''
  ) );
#5013 = ORIENTED_EDGE('',*,*,#5014,.T.);
#5014 = EDGE_CURVE('',#4997,#5015,#5017,.T.);
#5015 = VERTEX_POINT('',#5016);
#5016 = CARTESIAN_POINT('',(2.296280961809,16.15,-1.547747310194));
#5017 = SURFACE_CURVE('',#5018,(#5033),.PCURVE_S1.);
#5018 = B_SPLINE_CURVE_WITH_KNOTS('',3,(#5019,#5020,#5021,#5022,#5023,
    #5024,#5025,#5026,#5027,#5028,#5029,#5030,#5031,#5032),
  .UNSPECIFIED.,.F.,.F.,(4,1,1,2,2,2,2,4),(0.,0.25,0.375,0.4375,0.5,
    0.625,0.75,1.),.UNSPECIFIED.);
#5019 = CARTESIAN_POINT('',(2.320030953127,16.15,-1.908216829355));
#5020 = CARTESIAN_POINT('',(2.313158989187,16.15,-1.875027621893));
#5021 = CARTESIAN_POINT('',(2.306118789194,16.15,-1.827603129377));
#5022 = CARTESIAN_POINT('',(2.303623777891,16.15,-1.776403362463));
#5023 = CARTESIAN_POINT('',(2.303779892051,16.15,-1.755345349719));
#5024 = CARTESIAN_POINT('',(2.304156280318,16.15,-1.741503284446));
#5025 = CARTESIAN_POINT('',(2.304365117023,16.15,-1.736367312547));
#5026 = CARTESIAN_POINT('',(2.306093176425,16.15,-1.711133776929));
#5027 = CARTESIAN_POINT('',(2.307826652067,16.15,-1.697753114079));
#5028 = CARTESIAN_POINT('',(2.31465941009,16.15,-1.668416976508));
#5029 = CARTESIAN_POINT('',(2.318029910636,16.15,-1.65599220255));
#5030 = CARTESIAN_POINT('',(2.334080175659,16.15,-1.606839115544));
#5031 = CARTESIAN_POINT('',(2.325047163269,16.15,-1.576218938871));
#5032 = CARTESIAN_POINT('',(2.296280961809,16.15,-1.547747310194));
#5033 = PCURVE('',#206,#5034);
#5034 = DEFINITIONAL_REPRESENTATION('',(#5035),#5050);
#5035 = B_SPLINE_CURVE_WITH_KNOTS('',3,(#5036,#5037,#5038,#5039,#5040,
    #5041,#5042,#5043,#5044,#5045,#5046,#5047,#5048,#5049),
  .UNSPECIFIED.,.F.,.F.,(4,1,1,2,2,2,2,4),(0.,0.25,0.375,0.4375,0.5,
    0.625,0.75,1.),.UNSPECIFIED.);
#5036 = CARTESIAN_POINT('',(-0.526054077226,1.908216829355));
#5037 = CARTESIAN_POINT('',(-0.532926041166,1.875027621893));
#5038 = CARTESIAN_POINT('',(-0.539966241159,1.827603129377));
#5039 = CARTESIAN_POINT('',(-0.542461252462,1.776403362463));
#5040 = CARTESIAN_POINT('',(-0.542305138302,1.755345349719));
#5041 = CARTESIAN_POINT('',(-0.541928750036,1.741503284446));
#5042 = CARTESIAN_POINT('',(-0.54171991333,1.736367312547));
#5043 = CARTESIAN_POINT('',(-0.539991853928,1.711133776929));
#5044 = CARTESIAN_POINT('',(-0.538258378286,1.697753114079));
#5045 = CARTESIAN_POINT('',(-0.531425620263,1.668416976508));
#5046 = CARTESIAN_POINT('',(-0.528055119718,1.65599220255));
#5047 = CARTESIAN_POINT('',(-0.512004854694,1.606839115544));
#5048 = CARTESIAN_POINT('',(-0.521037867084,1.576218938871));
#5049 = CARTESIAN_POINT('',(-0.549804068544,1.547747310194));
#5050 = ( GEOMETRIC_REPRESENTATION_CONTEXT(2) 
PARAMETRIC_REPRESENTATION_CONTEXT() REPRESENTATION_CONTEXT('2D SPACE',''
  ) );
#5051 = ORIENTED_EDGE('',*,*,#5052,.T.);
#5052 = EDGE_CURVE('',#5015,#5053,#5055,.T.);
#5053 = VERTEX_POINT('',#5054);
#5054 = CARTESIAN_POINT('',(2.225235487654,16.15,-1.520642001041));
#5055 = SURFACE_CURVE('',#5056,(#5061),.PCURVE_S1.);
#5056 = B_SPLINE_CURVE_WITH_KNOTS('',3,(#5057,#5058,#5059,#5060),
  .UNSPECIFIED.,.F.,.F.,(4,4),(0.,1.),.PIECEWISE_BEZIER_KNOTS.);
#5057 = CARTESIAN_POINT('',(2.296280961809,16.15,-1.547747310194));
#5058 = CARTESIAN_POINT('',(2.272599137091,16.15,-1.538712207143));
#5059 = CARTESIAN_POINT('',(2.248917312372,16.15,-1.529677104092));
#5060 = CARTESIAN_POINT('',(2.225235487654,16.15,-1.520642001041));
#5061 = PCURVE('',#206,#5062);
#5062 = DEFINITIONAL_REPRESENTATION('',(#5063),#5068);
#5063 = B_SPLINE_CURVE_WITH_KNOTS('',3,(#5064,#5065,#5066,#5067),
  .UNSPECIFIED.,.F.,.F.,(4,4),(0.,1.),.PIECEWISE_BEZIER_KNOTS.);
#5064 = CARTESIAN_POINT('',(-0.549804068544,1.547747310194));
#5065 = CARTESIAN_POINT('',(-0.573485893263,1.538712207143));
#5066 = CARTESIAN_POINT('',(-0.597167717981,1.529677104092));
#5067 = CARTESIAN_POINT('',(-0.620849542699,1.520642001041));
#5068 = ( GEOMETRIC_REPRESENTATION_CONTEXT(2) 
PARAMETRIC_REPRESENTATION_CONTEXT() REPRESENTATION_CONTEXT('2D SPACE',''
  ) );
#5069 = ORIENTED_EDGE('',*,*,#5070,.T.);
#5070 = EDGE_CURVE('',#5053,#5071,#5073,.T.);
#5071 = VERTEX_POINT('',#5072);
#5072 = CARTESIAN_POINT('',(1.967416962768,16.15,-1.773687341953));
#5073 = SURFACE_CURVE('',#5074,(#5098),.PCURVE_S1.);
#5074 = B_SPLINE_CURVE_WITH_KNOTS('',3,(#5075,#5076,#5077,#5078,#5079,
    #5080,#5081,#5082,#5083,#5084,#5085,#5086,#5087,#5088,#5089,#5090,
    #5091,#5092,#5093,#5094,#5095,#5096,#5097),.UNSPECIFIED.,.F.,.F.,(4,
    1,2,2,2,2,1,2,2,1,2,2,4),(0.,6.250000000001E-02,9.375000000001E-02,
    0.125,0.1875,0.25,0.3125,0.34375,0.375,0.4375,0.46875,0.5,1.),
  .UNSPECIFIED.);
#5075 = CARTESIAN_POINT('',(2.225235487654,16.15,-1.520642001041));
#5076 = CARTESIAN_POINT('',(2.214501389208,16.15,-1.521193161799));
#5077 = CARTESIAN_POINT('',(2.199783174313,16.15,-1.523650450009));
#5078 = CARTESIAN_POINT('',(2.18713935858,16.15,-1.528553558832));
#5079 = CARTESIAN_POINT('',(2.179171125683,16.15,-1.532365813738));
#5080 = CARTESIAN_POINT('',(2.174429342335,16.15,-1.535230765009));
#5081 = CARTESIAN_POINT('',(2.166824392848,16.15,-1.540518496526));
#5082 = CARTESIAN_POINT('',(2.161951206555,16.15,-1.545123968775));
#5083 = CARTESIAN_POINT('',(2.152598394034,16.15,-1.55649554908));
#5084 = CARTESIAN_POINT('',(2.147443697885,16.15,-1.564498424908));
#5085 = CARTESIAN_POINT('',(2.140228145332,16.15,-1.577717741287));
#5086 = CARTESIAN_POINT('',(2.135033944935,16.15,-1.587739084786));
#5087 = CARTESIAN_POINT('',(2.130165940565,16.15,-1.597920712608));
#5088 = CARTESIAN_POINT('',(2.126993092324,16.15,-1.604744083227));
#5089 = CARTESIAN_POINT('',(2.124767871109,16.15,-1.609710678373));
#5090 = CARTESIAN_POINT('',(2.122251186057,16.15,-1.615441289118));
#5091 = CARTESIAN_POINT('',(2.117844390561,16.15,-1.623014818815));
#5092 = CARTESIAN_POINT('',(2.110602429398,16.15,-1.63335272694));
#5093 = CARTESIAN_POINT('',(2.105144418474,16.15,-1.640858972007));
#5094 = CARTESIAN_POINT('',(2.100760179532,16.15,-1.646661796168));
#5095 = CARTESIAN_POINT('',(2.066440117069,16.15,-1.691284762661));
#5096 = CARTESIAN_POINT('',(2.022665320548,16.15,-1.732751651129));
#5097 = CARTESIAN_POINT('',(1.967416962768,16.15,-1.773687341953));
#5098 = PCURVE('',#206,#5099);
#5099 = DEFINITIONAL_REPRESENTATION('',(#5100),#5124);
#5100 = B_SPLINE_CURVE_WITH_KNOTS('',3,(#5101,#5102,#5103,#5104,#5105,
    #5106,#5107,#5108,#5109,#5110,#5111,#5112,#5113,#5114,#5115,#5116,
    #5117,#5118,#5119,#5120,#5121,#5122,#5123),.UNSPECIFIED.,.F.,.F.,(4,
    1,2,2,2,2,1,2,2,1,2,2,4),(0.,6.250000000001E-02,9.375000000001E-02,
    0.125,0.1875,0.25,0.3125,0.34375,0.375,0.4375,0.46875,0.5,1.),
  .UNSPECIFIED.);
#5101 = CARTESIAN_POINT('',(-0.620849542699,1.520642001041));
#5102 = CARTESIAN_POINT('',(-0.631583641145,1.521193161799));
#5103 = CARTESIAN_POINT('',(-0.64630185604,1.523650450009));
#5104 = CARTESIAN_POINT('',(-0.658945671773,1.528553558832));
#5105 = CARTESIAN_POINT('',(-0.66691390467,1.532365813738));
#5106 = CARTESIAN_POINT('',(-0.671655688018,1.535230765009));
#5107 = CARTESIAN_POINT('',(-0.679260637505,1.540518496526));
#5108 = CARTESIAN_POINT('',(-0.684133823798,1.545123968775));
#5109 = CARTESIAN_POINT('',(-0.693486636319,1.55649554908));
#5110 = CARTESIAN_POINT('',(-0.698641332468,1.564498424908));
#5111 = CARTESIAN_POINT('',(-0.705856885021,1.577717741287));
#5112 = CARTESIAN_POINT('',(-0.711051085418,1.587739084786));
#5113 = CARTESIAN_POINT('',(-0.715919089788,1.597920712608));
#5114 = CARTESIAN_POINT('',(-0.719091938029,1.604744083227));
#5115 = CARTESIAN_POINT('',(-0.721317159244,1.609710678373));
#5116 = CARTESIAN_POINT('',(-0.723833844296,1.615441289118));
#5117 = CARTESIAN_POINT('',(-0.728240639792,1.623014818815));
#5118 = CARTESIAN_POINT('',(-0.735482600955,1.63335272694));
#5119 = CARTESIAN_POINT('',(-0.740940611879,1.640858972007));
#5120 = CARTESIAN_POINT('',(-0.745324850821,1.646661796168));
#5121 = CARTESIAN_POINT('',(-0.779644913285,1.691284762661));
#5122 = CARTESIAN_POINT('',(-0.823419709805,1.732751651129));
#5123 = CARTESIAN_POINT('',(-0.878668067585,1.773687341953));
#5124 = ( GEOMETRIC_REPRESENTATION_CONTEXT(2) 
PARAMETRIC_REPRESENTATION_CONTEXT() REPRESENTATION_CONTEXT('2D SPACE',''
  ) );
#5125 = ORIENTED_EDGE('',*,*,#5126,.T.);
#5126 = EDGE_CURVE('',#5071,#5127,#5129,.T.);
#5127 = VERTEX_POINT('',#5128);
#5128 = CARTESIAN_POINT('',(1.862003681331,16.15,-1.717442359588));
#5129 = SURFACE_CURVE('',#5130,(#5135),.PCURVE_S1.);
#5130 = B_SPLINE_CURVE_WITH_KNOTS('',3,(#5131,#5132,#5133,#5134),
  .UNSPECIFIED.,.F.,.F.,(4,4),(0.,1.),.PIECEWISE_BEZIER_KNOTS.);
#5131 = CARTESIAN_POINT('',(1.967416962768,16.15,-1.773687341953));
#5132 = CARTESIAN_POINT('',(1.931713103952,16.15,-1.755999985287));
#5133 = CARTESIAN_POINT('',(1.896575343473,16.15,-1.737251657832));
#5134 = CARTESIAN_POINT('',(1.862003681331,16.15,-1.717442359588));
#5135 = PCURVE('',#206,#5136);
#5136 = DEFINITIONAL_REPRESENTATION('',(#5137),#5142);
#5137 = B_SPLINE_CURVE_WITH_KNOTS('',3,(#5138,#5139,#5140,#5141),
  .UNSPECIFIED.,.F.,.F.,(4,4),(0.,1.),.PIECEWISE_BEZIER_KNOTS.);
#5138 = CARTESIAN_POINT('',(-0.878668067585,1.773687341953));
#5139 = CARTESIAN_POINT('',(-0.914371926401,1.755999985287));
#5140 = CARTESIAN_POINT('',(-0.94950968688,1.737251657832));
#5141 = CARTESIAN_POINT('',(-0.984081349022,1.717442359588));
#5142 = ( GEOMETRIC_REPRESENTATION_CONTEXT(2) 
PARAMETRIC_REPRESENTATION_CONTEXT() REPRESENTATION_CONTEXT('2D SPACE',''
  ) );
#5143 = ORIENTED_EDGE('',*,*,#5144,.T.);
#5144 = EDGE_CURVE('',#5127,#5145,#5147,.T.);
#5145 = VERTEX_POINT('',#5146);
#5146 = CARTESIAN_POINT('',(1.928644963709,16.15,-1.362391270567));
#5147 = SURFACE_CURVE('',#5148,(#5163),.PCURVE_S1.);
#5148 = B_SPLINE_CURVE_WITH_KNOTS('',3,(#5149,#5150,#5151,#5152,#5153,
    #5154,#5155,#5156,#5157,#5158,#5159,#5160,#5161,#5162),
  .UNSPECIFIED.,.F.,.F.,(4,1,1,2,2,2,2,4),(0.,0.25,0.375,0.4375,0.5,
    0.625,0.75,1.),.UNSPECIFIED.);
#5149 = CARTESIAN_POINT('',(1.862003681331,16.15,-1.717442359588));
#5150 = CARTESIAN_POINT('',(1.863601433034,16.15,-1.683586864172));
#5151 = CARTESIAN_POINT('',(1.868576405562,16.15,-1.635901472754));
#5152 = CARTESIAN_POINT('',(1.878892643883,16.15,-1.585689756588));
#5153 = CARTESIAN_POINT('',(1.884280768243,16.15,-1.56533214405));
#5154 = CARTESIAN_POINT('',(1.888087713231,16.15,-1.552018556667));
#5155 = CARTESIAN_POINT('',(1.88956725322,16.15,-1.547095876346));
#5156 = CARTESIAN_POINT('',(1.897516347583,16.15,-1.523084849549));
#5157 = CARTESIAN_POINT('',(1.902522998434,16.15,-1.510555662689));
#5158 = CARTESIAN_POINT('',(1.916436693542,16.15,-1.483840411647));
#5159 = CARTESIAN_POINT('',(1.922791219249,16.15,-1.472644194211));
#5160 = CARTESIAN_POINT('',(1.950561111343,16.15,-1.429026880417));
#5161 = CARTESIAN_POINT('',(1.949426815931,16.15,-1.397122274069));
#5162 = CARTESIAN_POINT('',(1.928644963709,16.15,-1.362391270567));
#5163 = PCURVE('',#206,#5164);
#5164 = DEFINITIONAL_REPRESENTATION('',(#5165),#5180);
#5165 = B_SPLINE_CURVE_WITH_KNOTS('',3,(#5166,#5167,#5168,#5169,#5170,
    #5171,#5172,#5173,#5174,#5175,#5176,#5177,#5178,#5179),
  .UNSPECIFIED.,.F.,.F.,(4,1,1,2,2,2,2,4),(0.,0.25,0.375,0.4375,0.5,
    0.625,0.75,1.),.UNSPECIFIED.);
#5166 = CARTESIAN_POINT('',(-0.984081349022,1.717442359588));
#5167 = CARTESIAN_POINT('',(-0.98248359732,1.683586864172));
#5168 = CARTESIAN_POINT('',(-0.977508624791,1.635901472754));
#5169 = CARTESIAN_POINT('',(-0.96719238647,1.585689756588));
#5170 = CARTESIAN_POINT('',(-0.96180426211,1.56533214405));
#5171 = CARTESIAN_POINT('',(-0.957997317122,1.552018556667));
#5172 = CARTESIAN_POINT('',(-0.956517777133,1.547095876346));
#5173 = CARTESIAN_POINT('',(-0.94856868277,1.523084849549));
#5174 = CARTESIAN_POINT('',(-0.943562031919,1.510555662689));
#5175 = CARTESIAN_POINT('',(-0.929648336811,1.483840411647));
#5176 = CARTESIAN_POINT('',(-0.923293811104,1.472644194211));
#5177 = CARTESIAN_POINT('',(-0.89552391901,1.429026880417));
#5178 = CARTESIAN_POINT('',(-0.896658214423,1.397122274069));
#5179 = CARTESIAN_POINT('',(-0.917440066644,1.362391270567));
#5180 = ( GEOMETRIC_REPRESENTATION_CONTEXT(2) 
PARAMETRIC_REPRESENTATION_CONTEXT() REPRESENTATION_CONTEXT('2D SPACE',''
  ) );
#5181 = ORIENTED_EDGE('',*,*,#5182,.T.);
#5182 = EDGE_CURVE('',#5145,#5183,#5185,.T.);
#5183 = VERTEX_POINT('',#5184);
#5184 = CARTESIAN_POINT('',(1.866572330044,16.15,-1.318469233593));
#5185 = SURFACE_CURVE('',#5186,(#5191),.PCURVE_S1.);
#5186 = B_SPLINE_CURVE_WITH_KNOTS('',3,(#5187,#5188,#5189,#5190),
  .UNSPECIFIED.,.F.,.F.,(4,4),(0.,1.),.PIECEWISE_BEZIER_KNOTS.);
#5187 = CARTESIAN_POINT('',(1.928644963709,16.15,-1.362391270567));
#5188 = CARTESIAN_POINT('',(1.907954085821,16.15,-1.347750591576));
#5189 = CARTESIAN_POINT('',(1.887263207932,16.15,-1.333109912585));
#5190 = CARTESIAN_POINT('',(1.866572330044,16.15,-1.318469233593));
#5191 = PCURVE('',#206,#5192);
#5192 = DEFINITIONAL_REPRESENTATION('',(#5193),#5198);
#5193 = B_SPLINE_CURVE_WITH_KNOTS('',3,(#5194,#5195,#5196,#5197),
  .UNSPECIFIED.,.F.,.F.,(4,4),(0.,1.),.PIECEWISE_BEZIER_KNOTS.);
#5194 = CARTESIAN_POINT('',(-0.917440066644,1.362391270567));
#5195 = CARTESIAN_POINT('',(-0.938130944532,1.347750591576));
#5196 = CARTESIAN_POINT('',(-0.958821822421,1.333109912585));
#5197 = CARTESIAN_POINT('',(-0.979512700309,1.318469233593));
#5198 = ( GEOMETRIC_REPRESENTATION_CONTEXT(2) 
PARAMETRIC_REPRESENTATION_CONTEXT() REPRESENTATION_CONTEXT('2D SPACE',''
  ) );
#5199 = ORIENTED_EDGE('',*,*,#5200,.T.);
#5200 = EDGE_CURVE('',#5183,#5201,#5203,.T.);
#5201 = VERTEX_POINT('',#5202);
#5202 = CARTESIAN_POINT('',(1.553923830932,16.15,-1.49944782994));
#5203 = SURFACE_CURVE('',#5204,(#5228),.PCURVE_S1.);
#5204 = B_SPLINE_CURVE_WITH_KNOTS('',3,(#5205,#5206,#5207,#5208,#5209,
    #5210,#5211,#5212,#5213,#5214,#5215,#5216,#5217,#5218,#5219,#5220,
    #5221,#5222,#5223,#5224,#5225,#5226,#5227),.UNSPECIFIED.,.F.,.F.,(4,
    1,2,2,2,2,1,2,2,1,2,2,4),(0.,6.25E-02,9.375E-02,0.125,0.1875,0.25,
    0.3125,0.34375,0.375,0.4375,0.46875,0.5,1.),.UNSPECIFIED.);
#5205 = CARTESIAN_POINT('',(1.866572330044,16.15,-1.318469233593));
#5206 = CARTESIAN_POINT('',(1.856038394932,16.15,-1.316333616891));
#5207 = CARTESIAN_POINT('',(1.841171477095,16.15,-1.315053433672));
#5208 = CARTESIAN_POINT('',(1.827705536504,16.15,-1.316658113207));
#5209 = CARTESIAN_POINT('',(1.819039571053,16.15,-1.318368980174));
#5210 = CARTESIAN_POINT('',(1.81373427514,16.15,-1.319964690167));
#5211 = CARTESIAN_POINT('',(1.805053243772,16.15,-1.323195023846));
#5212 = CARTESIAN_POINT('',(1.799187823214,16.15,-1.326443894566));
#5213 = CARTESIAN_POINT('',(1.787300849474,16.15,-1.335132265874));
#5214 = CARTESIAN_POINT('',(1.780317863296,16.15,-1.341601795838));
#5215 = CARTESIAN_POINT('',(1.770041490296,16.15,-1.352611368134));
#5216 = CARTESIAN_POINT('',(1.762518268472,16.15,-1.361026127588));
#5217 = CARTESIAN_POINT('',(1.755271133537,16.15,-1.369677257392));
#5218 = CARTESIAN_POINT('',(1.750501062888,16.15,-1.375497204005));
#5219 = CARTESIAN_POINT('',(1.747110609103,16.15,-1.379754374418));
#5220 = CARTESIAN_POINT('',(1.743247845401,16.15,-1.384679073368));
#5221 = CARTESIAN_POINT('',(1.737096037243,16.15,-1.390918741228));
#5222 = CARTESIAN_POINT('',(1.727510662402,16.15,-1.399130862454));
#5223 = CARTESIAN_POINT('',(1.720357397689,16.15,-1.405043932909));
#5224 = CARTESIAN_POINT('',(1.714667793989,16.15,-1.40957413479));
#5225 = CARTESIAN_POINT('',(1.670328678896,16.15,-1.444260136274));
#5226 = CARTESIAN_POINT('',(1.617616752291,16.15,-1.473537916981));
#5227 = CARTESIAN_POINT('',(1.553923830932,16.15,-1.49944782994));
#5228 = PCURVE('',#206,#5229);
#5229 = DEFINITIONAL_REPRESENTATION('',(#5230),#5254);
#5230 = B_SPLINE_CURVE_WITH_KNOTS('',3,(#5231,#5232,#5233,#5234,#5235,
    #5236,#5237,#5238,#5239,#5240,#5241,#5242,#5243,#5244,#5245,#5246,
    #5247,#5248,#5249,#5250,#5251,#5252,#5253),.UNSPECIFIED.,.F.,.F.,(4,
    1,2,2,2,2,1,2,2,1,2,2,4),(0.,6.25E-02,9.375E-02,0.125,0.1875,0.25,
    0.3125,0.34375,0.375,0.4375,0.46875,0.5,1.),.UNSPECIFIED.);
#5231 = CARTESIAN_POINT('',(-0.979512700309,1.318469233593));
#5232 = CARTESIAN_POINT('',(-0.990046635421,1.316333616891));
#5233 = CARTESIAN_POINT('',(-1.004913553258,1.315053433672));
#5234 = CARTESIAN_POINT('',(-1.018379493849,1.316658113207));
#5235 = CARTESIAN_POINT('',(-1.0270454593,1.318368980174));
#5236 = CARTESIAN_POINT('',(-1.032350755213,1.319964690167));
#5237 = CARTESIAN_POINT('',(-1.041031786581,1.323195023846));
#5238 = CARTESIAN_POINT('',(-1.046897207139,1.326443894566));
#5239 = CARTESIAN_POINT('',(-1.05878418088,1.335132265874));
#5240 = CARTESIAN_POINT('',(-1.065767167057,1.341601795838));
#5241 = CARTESIAN_POINT('',(-1.076043540057,1.352611368134));
#5242 = CARTESIAN_POINT('',(-1.083566761881,1.361026127588));
#5243 = CARTESIAN_POINT('',(-1.090813896816,1.369677257392));
#5244 = CARTESIAN_POINT('',(-1.095583967465,1.375497204005));
#5245 = CARTESIAN_POINT('',(-1.09897442125,1.379754374418));
#5246 = CARTESIAN_POINT('',(-1.102837184952,1.384679073368));
#5247 = CARTESIAN_POINT('',(-1.10898899311,1.390918741228));
#5248 = CARTESIAN_POINT('',(-1.118574367951,1.399130862454));
#5249 = CARTESIAN_POINT('',(-1.125727632664,1.405043932909));
#5250 = CARTESIAN_POINT('',(-1.131417236364,1.40957413479));
#5251 = CARTESIAN_POINT('',(-1.175756351457,1.444260136274));
#5252 = CARTESIAN_POINT('',(-1.228468278062,1.473537916981));
#5253 = CARTESIAN_POINT('',(-1.292161199421,1.49944782994));
#5254 = ( GEOMETRIC_REPRESENTATION_CONTEXT(2) 
PARAMETRIC_REPRESENTATION_CONTEXT() REPRESENTATION_CONTEXT('2D SPACE',''
  ) );
#5255 = ORIENTED_EDGE('',*,*,#5256,.T.);
#5256 = EDGE_CURVE('',#5201,#5257,#5259,.T.);
#5257 = VERTEX_POINT('',#5258);
#5258 = CARTESIAN_POINT('',(1.465809859891,16.15,-1.418754670056));
#5259 = SURFACE_CURVE('',#5260,(#5265),.PCURVE_S1.);
#5260 = B_SPLINE_CURVE_WITH_KNOTS('',3,(#5261,#5262,#5263,#5264),
  .UNSPECIFIED.,.F.,.F.,(4,4),(0.,1.),.PIECEWISE_BEZIER_KNOTS.);
#5261 = CARTESIAN_POINT('',(1.553923830932,16.15,-1.49944782994));
#5262 = CARTESIAN_POINT('',(1.523740341229,16.15,-1.473436965488));
#5263 = CARTESIAN_POINT('',(1.494369017549,16.15,-1.446539245527));
#5264 = CARTESIAN_POINT('',(1.465809859891,16.15,-1.418754670056));
#5265 = PCURVE('',#206,#5266);
#5266 = DEFINITIONAL_REPRESENTATION('',(#5267),#5272);
#5267 = B_SPLINE_CURVE_WITH_KNOTS('',3,(#5268,#5269,#5270,#5271),
  .UNSPECIFIED.,.F.,.F.,(4,4),(0.,1.),.PIECEWISE_BEZIER_KNOTS.);
#5268 = CARTESIAN_POINT('',(-1.292161199421,1.49944782994));
#5269 = CARTESIAN_POINT('',(-1.322344689124,1.473436965488));
#5270 = CARTESIAN_POINT('',(-1.351716012804,1.446539245527));
#5271 = CARTESIAN_POINT('',(-1.380275170462,1.418754670056));
#5272 = ( GEOMETRIC_REPRESENTATION_CONTEXT(2) 
PARAMETRIC_REPRESENTATION_CONTEXT() REPRESENTATION_CONTEXT('2D SPACE',''
  ) );
#5273 = ORIENTED_EDGE('',*,*,#5274,.T.);
#5274 = EDGE_CURVE('',#5257,#5275,#5277,.T.);
#5275 = VERTEX_POINT('',#5276);
#5276 = CARTESIAN_POINT('',(1.618655099105,16.15,-1.091431176885));
#5277 = SURFACE_CURVE('',#5278,(#5293),.PCURVE_S1.);
#5278 = B_SPLINE_CURVE_WITH_KNOTS('',3,(#5279,#5280,#5281,#5282,#5283,
    #5284,#5285,#5286,#5287,#5288,#5289,#5290,#5291,#5292),
  .UNSPECIFIED.,.F.,.F.,(4,1,1,2,2,2,2,4),(0.,0.25,0.375,0.4375,0.5,
    0.625,0.75,1.),.UNSPECIFIED.);
#5279 = CARTESIAN_POINT('',(1.465809859891,16.15,-1.418754670056));
#5280 = CARTESIAN_POINT('',(1.475776934621,16.15,-1.386360151975));
#5281 = CARTESIAN_POINT('',(1.49245448385,16.15,-1.341410110173));
#5282 = CARTESIAN_POINT('',(1.514933764602,16.15,-1.295341431547));
#5283 = CARTESIAN_POINT('',(1.525215343492,16.15,-1.276963362881));
#5284 = CARTESIAN_POINT('',(1.532213640847,16.15,-1.265014795047));
#5285 = CARTESIAN_POINT('',(1.53487091918,16.15,-1.260614716414));
#5286 = CARTESIAN_POINT('',(1.548541577671,16.15,-1.239334899557));
#5287 = CARTESIAN_POINT('',(1.556506817446,16.15,-1.228444443577));
#5288 = CARTESIAN_POINT('',(1.576627201003,16.15,-1.206028696539));
#5289 = CARTESIAN_POINT('',(1.585566473651,16.15,-1.196764535143));
#5290 = CARTESIAN_POINT('',(1.623311108366,16.15,-1.1614236308));
#5291 = CARTESIAN_POINT('',(1.630146801882,16.15,-1.13023927853));
#5292 = CARTESIAN_POINT('',(1.618655099105,16.15,-1.091431176885));
#5293 = PCURVE('',#206,#5294);
#5294 = DEFINITIONAL_REPRESENTATION('',(#5295),#5310);
#5295 = B_SPLINE_CURVE_WITH_KNOTS('',3,(#5296,#5297,#5298,#5299,#5300,
    #5301,#5302,#5303,#5304,#5305,#5306,#5307,#5308,#5309),
  .UNSPECIFIED.,.F.,.F.,(4,1,1,2,2,2,2,4),(0.,0.25,0.375,0.4375,0.5,
    0.625,0.75,1.),.UNSPECIFIED.);
#5296 = CARTESIAN_POINT('',(-1.380275170462,1.418754670056));
#5297 = CARTESIAN_POINT('',(-1.370308095732,1.386360151975));
#5298 = CARTESIAN_POINT('',(-1.353630546503,1.341410110173));
#5299 = CARTESIAN_POINT('',(-1.331151265751,1.295341431548));
#5300 = CARTESIAN_POINT('',(-1.320869686861,1.276963362881));
#5301 = CARTESIAN_POINT('',(-1.313871389506,1.265014795047));
#5302 = CARTESIAN_POINT('',(-1.311214111173,1.260614716414));
#5303 = CARTESIAN_POINT('',(-1.297543452682,1.239334899557));
#5304 = CARTESIAN_POINT('',(-1.289578212907,1.228444443577));
#5305 = CARTESIAN_POINT('',(-1.26945782935,1.206028696539));
#5306 = CARTESIAN_POINT('',(-1.260518556702,1.196764535143));
#5307 = CARTESIAN_POINT('',(-1.222773921987,1.1614236308));
#5308 = CARTESIAN_POINT('',(-1.215938228471,1.13023927853));
#5309 = CARTESIAN_POINT('',(-1.227429931248,1.091431176885));
#5310 = ( GEOMETRIC_REPRESENTATION_CONTEXT(2) 
PARAMETRIC_REPRESENTATION_CONTEXT() REPRESENTATION_CONTEXT('2D SPACE',''
  ) );
#5311 = ORIENTED_EDGE('',*,*,#5312,.T.);
#5312 = EDGE_CURVE('',#5275,#5313,#5315,.T.);
#5313 = VERTEX_POINT('',#5314);
#5314 = CARTESIAN_POINT('',(1.569455557789,16.15,-1.033452195208));
#5315 = SURFACE_CURVE('',#5316,(#5321),.PCURVE_S1.);
#5316 = B_SPLINE_CURVE_WITH_KNOTS('',3,(#5317,#5318,#5319,#5320),
  .UNSPECIFIED.,.F.,.F.,(4,4),(0.,1.),.PIECEWISE_BEZIER_KNOTS.);
#5317 = CARTESIAN_POINT('',(1.618655099105,16.15,-1.091431176885));
#5318 = CARTESIAN_POINT('',(1.602255252,16.15,-1.07210484966));
#5319 = CARTESIAN_POINT('',(1.585855404895,16.15,-1.052778522434));
#5320 = CARTESIAN_POINT('',(1.569455557789,16.15,-1.033452195208));
#5321 = PCURVE('',#206,#5322);
#5322 = DEFINITIONAL_REPRESENTATION('',(#5323),#5328);
#5323 = B_SPLINE_CURVE_WITH_KNOTS('',3,(#5324,#5325,#5326,#5327),
  .UNSPECIFIED.,.F.,.F.,(4,4),(0.,1.),.PIECEWISE_BEZIER_KNOTS.);
#5324 = CARTESIAN_POINT('',(-1.227429931248,1.091431176885));
#5325 = CARTESIAN_POINT('',(-1.243829778353,1.07210484966));
#5326 = CARTESIAN_POINT('',(-1.260229625459,1.052778522434));
#5327 = CARTESIAN_POINT('',(-1.276629472564,1.033452195208));
#5328 = ( GEOMETRIC_REPRESENTATION_CONTEXT(2) 
PARAMETRIC_REPRESENTATION_CONTEXT() REPRESENTATION_CONTEXT('2D SPACE',''
  ) );
#5329 = ORIENTED_EDGE('',*,*,#5330,.T.);
#5330 = EDGE_CURVE('',#5313,#5331,#5333,.T.);
#5331 = VERTEX_POINT('',#5332);
#5332 = CARTESIAN_POINT('',(1.221621939493,16.15,-1.130992496188));
#5333 = SURFACE_CURVE('',#5334,(#5358),.PCURVE_S1.);
#5334 = B_SPLINE_CURVE_WITH_KNOTS('',3,(#5335,#5336,#5337,#5338,#5339,
    #5340,#5341,#5342,#5343,#5344,#5345,#5346,#5347,#5348,#5349,#5350,
    #5351,#5352,#5353,#5354,#5355,#5356,#5357),.UNSPECIFIED.,.F.,.F.,(4,
    1,2,2,2,2,1,2,2,1,2,2,4),(0.,6.250000000001E-02,9.375000000001E-02,
    0.125,0.1875,0.25,0.3125,0.34375,0.375,0.4375,0.46875,0.5,1.),
  .UNSPECIFIED.);
#5335 = CARTESIAN_POINT('',(1.569455557789,16.15,-1.033452195208));
#5336 = CARTESIAN_POINT('',(1.559783671896,16.15,-1.028763989697));
#5337 = CARTESIAN_POINT('',(1.545702194242,16.15,-1.023826773669));
#5338 = CARTESIAN_POINT('',(1.532260243364,16.15,-1.022032195999));
#5339 = CARTESIAN_POINT('',(1.52344105984,16.15,-1.021534174965));
#5340 = CARTESIAN_POINT('',(1.517905602616,16.15,-1.021760379352));
#5341 = CARTESIAN_POINT('',(1.508693950494,16.15,-1.022730341446));
#5342 = CARTESIAN_POINT('',(1.502204841615,16.15,-1.024418472141));
#5343 = CARTESIAN_POINT('',(1.488530608933,16.15,-1.02987771213));
#5344 = CARTESIAN_POINT('',(1.480158099431,16.15,-1.03440739187));
#5345 = CARTESIAN_POINT('',(1.467466608294,16.15,-1.042515448164));
#5346 = CARTESIAN_POINT('',(1.458087076738,16.15,-1.04879489329));
#5347 = CARTESIAN_POINT('',(1.448916175379,16.15,-1.055371942773));
#5348 = CARTESIAN_POINT('',(1.442848603404,16.15,-1.05982277673));
#5349 = CARTESIAN_POINT('',(1.43850595173,16.15,-1.063103028737));
#5350 = CARTESIAN_POINT('',(1.433539821027,16.15,-1.066912378944));
#5351 = CARTESIAN_POINT('',(1.426029540938,16.15,-1.071426123688));
#5352 = CARTESIAN_POINT('',(1.414703036773,16.15,-1.076996460237));
#5353 = CARTESIAN_POINT('',(1.406303984201,16.15,-1.080944816116));
#5354 = CARTESIAN_POINT('',(1.399666514469,16.15,-1.083917746473));
#5355 = CARTESIAN_POINT('',(1.348094336415,16.15,-1.106487333907));
#5356 = CARTESIAN_POINT('',(1.289757363934,16.15,-1.121736376215));
#5357 = CARTESIAN_POINT('',(1.221621939493,16.15,-1.130992496188));
#5358 = PCURVE('',#206,#5359);
#5359 = DEFINITIONAL_REPRESENTATION('',(#5360),#5384);
#5360 = B_SPLINE_CURVE_WITH_KNOTS('',3,(#5361,#5362,#5363,#5364,#5365,
    #5366,#5367,#5368,#5369,#5370,#5371,#5372,#5373,#5374,#5375,#5376,
    #5377,#5378,#5379,#5380,#5381,#5382,#5383),.UNSPECIFIED.,.F.,.F.,(4,
    1,2,2,2,2,1,2,2,1,2,2,4),(0.,6.250000000001E-02,9.375000000001E-02,
    0.125,0.1875,0.25,0.3125,0.34375,0.375,0.4375,0.46875,0.5,1.),
  .UNSPECIFIED.);
#5361 = CARTESIAN_POINT('',(-1.276629472564,1.033452195208));
#5362 = CARTESIAN_POINT('',(-1.286301358457,1.028763989697));
#5363 = CARTESIAN_POINT('',(-1.300382836111,1.023826773669));
#5364 = CARTESIAN_POINT('',(-1.313824786989,1.022032195999));
#5365 = CARTESIAN_POINT('',(-1.322643970513,1.021534174965));
#5366 = CARTESIAN_POINT('',(-1.328179427737,1.021760379352));
#5367 = CARTESIAN_POINT('',(-1.33739107986,1.022730341446));
#5368 = CARTESIAN_POINT('',(-1.343880188738,1.024418472141));
#5369 = CARTESIAN_POINT('',(-1.35755442142,1.02987771213));
#5370 = CARTESIAN_POINT('',(-1.365926930922,1.03440739187));
#5371 = CARTESIAN_POINT('',(-1.378618422059,1.042515448164));
#5372 = CARTESIAN_POINT('',(-1.387997953615,1.04879489329));
#5373 = CARTESIAN_POINT('',(-1.397168854975,1.055371942773));
#5374 = CARTESIAN_POINT('',(-1.403236426949,1.05982277673));
#5375 = CARTESIAN_POINT('',(-1.407579078623,1.063103028737));
#5376 = CARTESIAN_POINT('',(-1.412545209326,1.066912378944));
#5377 = CARTESIAN_POINT('',(-1.420055489415,1.071426123688));
#5378 = CARTESIAN_POINT('',(-1.43138199358,1.076996460237));
#5379 = CARTESIAN_POINT('',(-1.439781046152,1.080944816116));
#5380 = CARTESIAN_POINT('',(-1.446418515884,1.083917746473));
#5381 = CARTESIAN_POINT('',(-1.497990693938,1.106487333907));
#5382 = CARTESIAN_POINT('',(-1.556327666419,1.121736376215));
#5383 = CARTESIAN_POINT('',(-1.62446309086,1.130992496188));
#5384 = ( GEOMETRIC_REPRESENTATION_CONTEXT(2) 
PARAMETRIC_REPRESENTATION_CONTEXT() REPRESENTATION_CONTEXT('2D SPACE',''
  ) );
#5385 = ORIENTED_EDGE('',*,*,#5386,.T.);
#5386 = EDGE_CURVE('',#5331,#5387,#5389,.T.);
#5387 = VERTEX_POINT('',#5388);
#5388 = CARTESIAN_POINT('',(1.156343803709,16.15,-1.030921406791));
#5389 = SURFACE_CURVE('',#5390,(#5395),.PCURVE_S1.);
#5390 = B_SPLINE_CURVE_WITH_KNOTS('',3,(#5391,#5392,#5393,#5394),
  .UNSPECIFIED.,.F.,.F.,(4,4),(0.,1.),.PIECEWISE_BEZIER_KNOTS.);
#5391 = CARTESIAN_POINT('',(1.221621939493,16.15,-1.130992496188));
#5392 = CARTESIAN_POINT('',(1.198855358568,16.15,-1.098292482225));
#5393 = CARTESIAN_POINT('',(1.177095979974,16.15,-1.064935452426));
#5394 = CARTESIAN_POINT('',(1.156343803709,16.15,-1.030921406791));
#5395 = PCURVE('',#206,#5396);
#5396 = DEFINITIONAL_REPRESENTATION('',(#5397),#5402);
#5397 = B_SPLINE_CURVE_WITH_KNOTS('',3,(#5398,#5399,#5400,#5401),
  .UNSPECIFIED.,.F.,.F.,(4,4),(0.,1.),.PIECEWISE_BEZIER_KNOTS.);
#5398 = CARTESIAN_POINT('',(-1.62446309086,1.130992496188));
#5399 = CARTESIAN_POINT('',(-1.647229671785,1.098292482225));
#5400 = CARTESIAN_POINT('',(-1.66898905038,1.064935452426));
#5401 = CARTESIAN_POINT('',(-1.689741226644,1.030921406791));
#5402 = ( GEOMETRIC_REPRESENTATION_CONTEXT(2) 
PARAMETRIC_REPRESENTATION_CONTEXT() REPRESENTATION_CONTEXT('2D SPACE',''
  ) );
#5403 = ORIENTED_EDGE('',*,*,#5404,.T.);
#5404 = EDGE_CURVE('',#5387,#5405,#5407,.T.);
#5405 = VERTEX_POINT('',#5406);
#5406 = CARTESIAN_POINT('',(1.385789171253,16.15,-0.751892448357));
#5407 = SURFACE_CURVE('',#5408,(#5423),.PCURVE_S1.);
#5408 = B_SPLINE_CURVE_WITH_KNOTS('',3,(#5409,#5410,#5411,#5412,#5413,
    #5414,#5415,#5416,#5417,#5418,#5419,#5420,#5421,#5422),
  .UNSPECIFIED.,.F.,.F.,(4,1,1,2,2,2,2,4),(0.,0.25,0.375,0.4375,0.5,
    0.625,0.75,1.),.UNSPECIFIED.);
#5409 = CARTESIAN_POINT('',(1.156343803709,16.15,-1.030921406791));
#5410 = CARTESIAN_POINT('',(1.174053933504,16.15,-1.002023332754));
#5411 = CARTESIAN_POINT('',(1.20138614768,16.15,-0.962633017009));
#5412 = CARTESIAN_POINT('',(1.23461601498,16.15,-0.92360204043));
#5413 = CARTESIAN_POINT('',(1.249145018986,16.15,-0.90835827728));
#5414 = CARTESIAN_POINT('',(1.258894939947,16.15,-0.898525501456));
#5415 = CARTESIAN_POINT('',(1.262562990053,16.15,-0.894924497633));
#5416 = CARTESIAN_POINT('',(1.281096234923,16.15,-0.877712979871));
#5417 = CARTESIAN_POINT('',(1.291519578312,16.15,-0.869145542173));
#5418 = CARTESIAN_POINT('',(1.316582412622,16.15,-0.852437762964));
#5419 = CARTESIAN_POINT('',(1.327544744834,16.15,-0.84568775894));
#5420 = CARTESIAN_POINT('',(1.372892487954,16.15,-0.820843863043));
#5421 = CARTESIAN_POINT('',(1.387268658637,16.15,-0.792339192393));
#5422 = CARTESIAN_POINT('',(1.385789171253,16.15,-0.751892448357));
#5423 = PCURVE('',#206,#5424);
#5424 = DEFINITIONAL_REPRESENTATION('',(#5425),#5440);
#5425 = B_SPLINE_CURVE_WITH_KNOTS('',3,(#5426,#5427,#5428,#5429,#5430,
    #5431,#5432,#5433,#5434,#5435,#5436,#5437,#5438,#5439),
  .UNSPECIFIED.,.F.,.F.,(4,1,1,2,2,2,2,4),(0.,0.25,0.375,0.4375,0.5,
    0.625,0.75,1.),.UNSPECIFIED.);
#5426 = CARTESIAN_POINT('',(-1.689741226644,1.030921406791));
#5427 = CARTESIAN_POINT('',(-1.672031096849,1.002023332754));
#5428 = CARTESIAN_POINT('',(-1.644698882673,0.962633017009));
#5429 = CARTESIAN_POINT('',(-1.611469015373,0.92360204043));
#5430 = CARTESIAN_POINT('',(-1.596940011367,0.90835827728));
#5431 = CARTESIAN_POINT('',(-1.587190090406,0.898525501456));
#5432 = CARTESIAN_POINT('',(-1.5835220403,0.894924497633));
#5433 = CARTESIAN_POINT('',(-1.56498879543,0.877712979871));
#5434 = CARTESIAN_POINT('',(-1.554565452042,0.869145542173));
#5435 = CARTESIAN_POINT('',(-1.529502617731,0.852437762964));
#5436 = CARTESIAN_POINT('',(-1.518540285519,0.84568775894));
#5437 = CARTESIAN_POINT('',(-1.473192542399,0.820843863043));
#5438 = CARTESIAN_POINT('',(-1.458816371717,0.792339192393));
#5439 = CARTESIAN_POINT('',(-1.4602958591,0.751892448357));
#5440 = ( GEOMETRIC_REPRESENTATION_CONTEXT(2) 
PARAMETRIC_REPRESENTATION_CONTEXT() REPRESENTATION_CONTEXT('2D SPACE',''
  ) );
#5441 = ORIENTED_EDGE('',*,*,#5442,.T.);
#5442 = EDGE_CURVE('',#5405,#5443,#5445,.T.);
#5443 = VERTEX_POINT('',#5444);
#5444 = CARTESIAN_POINT('',(1.35255411041,16.15,-0.683499554627));
#5445 = SURFACE_CURVE('',#5446,(#5451),.PCURVE_S1.);
#5446 = B_SPLINE_CURVE_WITH_KNOTS('',3,(#5447,#5448,#5449,#5450),
  .UNSPECIFIED.,.F.,.F.,(4,4),(0.,1.),.PIECEWISE_BEZIER_KNOTS.);
#5447 = CARTESIAN_POINT('',(1.385789171253,16.15,-0.751892448357));
#5448 = CARTESIAN_POINT('',(1.374710817639,16.15,-0.729094817114));
#5449 = CARTESIAN_POINT('',(1.363632464025,16.15,-0.70629718587));
#5450 = CARTESIAN_POINT('',(1.35255411041,16.15,-0.683499554627));
#5451 = PCURVE('',#206,#5452);
#5452 = DEFINITIONAL_REPRESENTATION('',(#5453),#5458);
#5453 = B_SPLINE_CURVE_WITH_KNOTS('',3,(#5454,#5455,#5456,#5457),
  .UNSPECIFIED.,.F.,.F.,(4,4),(0.,1.),.PIECEWISE_BEZIER_KNOTS.);
#5454 = CARTESIAN_POINT('',(-1.4602958591,0.751892448357));
#5455 = CARTESIAN_POINT('',(-1.471374212714,0.729094817114));
#5456 = CARTESIAN_POINT('',(-1.482452566328,0.70629718587));
#5457 = CARTESIAN_POINT('',(-1.493530919943,0.683499554627));
#5458 = ( GEOMETRIC_REPRESENTATION_CONTEXT(2) 
PARAMETRIC_REPRESENTATION_CONTEXT() REPRESENTATION_CONTEXT('2D SPACE',''
  ) );
#5459 = ORIENTED_EDGE('',*,*,#5460,.T.);
#5460 = EDGE_CURVE('',#5443,#5461,#5463,.T.);
#5461 = VERTEX_POINT('',#5462);
#5462 = CARTESIAN_POINT('',(0.99139103841,16.15,-0.691472744401));
#5463 = SURFACE_CURVE('',#5464,(#5488),.PCURVE_S1.);
#5464 = B_SPLINE_CURVE_WITH_KNOTS('',3,(#5465,#5466,#5467,#5468,#5469,
    #5470,#5471,#5472,#5473,#5474,#5475,#5476,#5477,#5478,#5479,#5480,
    #5481,#5482,#5483,#5484,#5485,#5486,#5487),.UNSPECIFIED.,.F.,.F.,(4,
    1,2,2,2,2,1,2,2,1,2,2,4),(0.,6.250000000001E-02,9.375000000001E-02,
    0.125,0.1875,0.25,0.3125,0.34375,0.375,0.4375,0.46875,0.5,1.),
  .UNSPECIFIED.);
#5465 = CARTESIAN_POINT('',(1.35255411041,16.15,-0.683499554627));
#5466 = CARTESIAN_POINT('',(1.344351993898,16.15,-0.676553337502));
#5467 = CARTESIAN_POINT('',(1.331940747455,16.15,-0.668269312105));
#5468 = CARTESIAN_POINT('',(1.3193673935,16.15,-0.663188237145));
#5469 = CARTESIAN_POINT('',(1.310949133639,16.15,-0.660512620602));
#5470 = CARTESIAN_POINT('',(1.305531328239,16.15,-0.65935510613));
#5471 = CARTESIAN_POINT('',(1.296367857343,16.15,-0.658003750354));
#5472 = CARTESIAN_POINT('',(1.289662794721,16.15,-0.658025069565));
#5473 = CARTESIAN_POINT('',(1.275060505427,16.15,-0.659912154108));
#5474 = CARTESIAN_POINT('',(1.265824548163,16.15,-0.662217367186));
#5475 = CARTESIAN_POINT('',(1.251515391953,16.15,-0.666914448483));
#5476 = CARTESIAN_POINT('',(1.240868901129,16.15,-0.670664018649));
#5477 = CARTESIAN_POINT('',(1.230350474806,16.15,-0.674753727604));
#5478 = CARTESIAN_POINT('',(1.223366649369,16.15,-0.677555786638));
#5479 = CARTESIAN_POINT('',(1.218344664581,16.15,-0.679653009941));
#5480 = CARTESIAN_POINT('',(1.212587207132,16.15,-0.682107655922));
#5481 = CARTESIAN_POINT('',(1.204190353632,16.15,-0.684611862367));
#5482 = CARTESIAN_POINT('',(1.191834406055,16.15,-0.687190409508));
#5483 = CARTESIAN_POINT('',(1.182717308986,16.15,-0.688925961089));
#5484 = CARTESIAN_POINT('',(1.175549029856,16.15,-0.690154819774));
#5485 = CARTESIAN_POINT('',(1.119984258459,16.15,-0.699189862975));
#5486 = CARTESIAN_POINT('',(1.059687766632,16.15,-0.699452013474));
#5487 = CARTESIAN_POINT('',(0.99139103841,16.15,-0.691472744401));
#5488 = PCURVE('',#206,#5489);
#5489 = DEFINITIONAL_REPRESENTATION('',(#5490),#5514);
#5490 = B_SPLINE_CURVE_WITH_KNOTS('',3,(#5491,#5492,#5493,#5494,#5495,
    #5496,#5497,#5498,#5499,#5500,#5501,#5502,#5503,#5504,#5505,#5506,
    #5507,#5508,#5509,#5510,#5511,#5512,#5513),.UNSPECIFIED.,.F.,.F.,(4,
    1,2,2,2,2,1,2,2,1,2,2,4),(0.,6.250000000001E-02,9.375000000001E-02,
    0.125,0.1875,0.25,0.3125,0.34375,0.375,0.4375,0.46875,0.5,1.),
  .UNSPECIFIED.);
#5491 = CARTESIAN_POINT('',(-1.493530919943,0.683499554627));
#5492 = CARTESIAN_POINT('',(-1.501733036455,0.676553337502));
#5493 = CARTESIAN_POINT('',(-1.514144282898,0.668269312105));
#5494 = CARTESIAN_POINT('',(-1.526717636853,0.663188237145));
#5495 = CARTESIAN_POINT('',(-1.535135896714,0.660512620602));
#5496 = CARTESIAN_POINT('',(-1.540553702114,0.65935510613));
#5497 = CARTESIAN_POINT('',(-1.54971717301,0.658003750354));
#5498 = CARTESIAN_POINT('',(-1.556422235632,0.658025069565));
#5499 = CARTESIAN_POINT('',(-1.571024524926,0.659912154108));
#5500 = CARTESIAN_POINT('',(-1.58026048219,0.662217367186));
#5501 = CARTESIAN_POINT('',(-1.5945696384,0.666914448483));
#5502 = CARTESIAN_POINT('',(-1.605216129224,0.670664018649));
#5503 = CARTESIAN_POINT('',(-1.615734555547,0.674753727604));
#5504 = CARTESIAN_POINT('',(-1.622718380985,0.677555786638));
#5505 = CARTESIAN_POINT('',(-1.627740365773,0.679653009941));
#5506 = CARTESIAN_POINT('',(-1.633497823221,0.682107655922));
#5507 = CARTESIAN_POINT('',(-1.641894676721,0.684611862367));
#5508 = CARTESIAN_POINT('',(-1.654250624298,0.687190409508));
#5509 = CARTESIAN_POINT('',(-1.663367721367,0.688925961089));
#5510 = CARTESIAN_POINT('',(-1.670536000497,0.690154819774));
#5511 = CARTESIAN_POINT('',(-1.726100771894,0.699189862975));
#5512 = CARTESIAN_POINT('',(-1.786397263722,0.699452013474));
#5513 = CARTESIAN_POINT('',(-1.854693991943,0.691472744401));
#5514 = ( GEOMETRIC_REPRESENTATION_CONTEXT(2) 
PARAMETRIC_REPRESENTATION_CONTEXT() REPRESENTATION_CONTEXT('2D SPACE',''
  ) );
#5515 = ORIENTED_EDGE('',*,*,#5516,.T.);
#5516 = EDGE_CURVE('',#5461,#5517,#5519,.T.);
#5517 = VERTEX_POINT('',#5518);
#5518 = CARTESIAN_POINT('',(0.95305040323,16.15,-0.578311560072));
#5519 = SURFACE_CURVE('',#5520,(#5525),.PCURVE_S1.);
#5520 = B_SPLINE_CURVE_WITH_KNOTS('',3,(#5521,#5522,#5523,#5524),
  .UNSPECIFIED.,.F.,.F.,(4,4),(0.,1.),.PIECEWISE_BEZIER_KNOTS.);
#5521 = CARTESIAN_POINT('',(0.99139103841,16.15,-0.691472744401));
#5522 = CARTESIAN_POINT('',(0.977471874272,16.15,-0.654138243066));
#5523 = CARTESIAN_POINT('',(0.964691662546,16.15,-0.61641784829));
#5524 = CARTESIAN_POINT('',(0.95305040323,16.15,-0.578311560072));
#5525 = PCURVE('',#206,#5526);
#5526 = DEFINITIONAL_REPRESENTATION('',(#5527),#5532);
#5527 = B_SPLINE_CURVE_WITH_KNOTS('',3,(#5528,#5529,#5530,#5531),
  .UNSPECIFIED.,.F.,.F.,(4,4),(0.,1.),.PIECEWISE_BEZIER_KNOTS.);
#5528 = CARTESIAN_POINT('',(-1.854693991943,0.691472744401));
#5529 = CARTESIAN_POINT('',(-1.868613156081,0.654138243066));
#5530 = CARTESIAN_POINT('',(-1.881393367807,0.61641784829));
#5531 = CARTESIAN_POINT('',(-1.893034627123,0.578311560072));
#5532 = ( GEOMETRIC_REPRESENTATION_CONTEXT(2) 
PARAMETRIC_REPRESENTATION_CONTEXT() REPRESENTATION_CONTEXT('2D SPACE',''
  ) );
#5533 = ORIENTED_EDGE('',*,*,#5534,.T.);
#5534 = EDGE_CURVE('',#5517,#5535,#5537,.T.);
#5535 = VERTEX_POINT('',#5536);
#5536 = CARTESIAN_POINT('',(1.244679002821,16.15,-0.365109552032));
#5537 = SURFACE_CURVE('',#5538,(#5553),.PCURVE_S1.);
#5538 = B_SPLINE_CURVE_WITH_KNOTS('',3,(#5539,#5540,#5541,#5542,#5543,
    #5544,#5545,#5546,#5547,#5548,#5549,#5550,#5551,#5552),
  .UNSPECIFIED.,.F.,.F.,(4,1,1,2,2,2,2,4),(0.,0.25,0.375,0.4375,0.5,
    0.625,0.75,1.),.UNSPECIFIED.);
#5539 = CARTESIAN_POINT('',(0.95305040323,16.15,-0.578311560072));
#5540 = CARTESIAN_POINT('',(0.977390795503,16.15,-0.554725702352));
#5541 = CARTESIAN_POINT('',(1.013660291088,16.15,-0.523370151069));
#5542 = CARTESIAN_POINT('',(1.055552790162,16.15,-0.493829336342));
#5543 = CARTESIAN_POINT('',(1.073416308528,16.15,-0.482677700409));
#5544 = CARTESIAN_POINT('',(1.085305229704,16.15,-0.475578546063));
#5545 = CARTESIAN_POINT('',(1.089753574505,16.15,-0.473002881363));
#5546 = CARTESIAN_POINT('',(1.111984893817,16.15,-0.460941125657));
#5547 = CARTESIAN_POINT('',(1.124211403821,16.15,-0.45523502986));
#5548 = CARTESIAN_POINT('',(1.15264189883,16.15,-0.445285029695));
#5549 = CARTESIAN_POINT('',(1.164938486956,16.15,-0.441473310621));
#5550 = CARTESIAN_POINT('',(1.215039973005,16.15,-0.428687456518));
#5551 = CARTESIAN_POINT('',(1.236053313177,16.15,-0.404653520777));
#5552 = CARTESIAN_POINT('',(1.244679002821,16.15,-0.365109552032));
#5553 = PCURVE('',#206,#5554);
#5554 = DEFINITIONAL_REPRESENTATION('',(#5555),#5570);
#5555 = B_SPLINE_CURVE_WITH_KNOTS('',3,(#5556,#5557,#5558,#5559,#5560,
    #5561,#5562,#5563,#5564,#5565,#5566,#5567,#5568,#5569),
  .UNSPECIFIED.,.F.,.F.,(4,1,1,2,2,2,2,4),(0.,0.25,0.375,0.4375,0.5,
    0.625,0.75,1.),.UNSPECIFIED.);
#5556 = CARTESIAN_POINT('',(-1.893034627123,0.578311560072));
#5557 = CARTESIAN_POINT('',(-1.86869423485,0.554725702352));
#5558 = CARTESIAN_POINT('',(-1.832424739265,0.523370151069));
#5559 = CARTESIAN_POINT('',(-1.790532240191,0.493829336342));
#5560 = CARTESIAN_POINT('',(-1.772668721825,0.482677700409));
#5561 = CARTESIAN_POINT('',(-1.76077980065,0.475578546063));
#5562 = CARTESIAN_POINT('',(-1.756331455848,0.473002881363));
#5563 = CARTESIAN_POINT('',(-1.734100136536,0.460941125657));
#5564 = CARTESIAN_POINT('',(-1.721873626533,0.45523502986));
#5565 = CARTESIAN_POINT('',(-1.693443131523,0.445285029695));
#5566 = CARTESIAN_POINT('',(-1.681146543397,0.441473310621));
#5567 = CARTESIAN_POINT('',(-1.631045057348,0.428687456518));
#5568 = CARTESIAN_POINT('',(-1.610031717176,0.404653520777));
#5569 = CARTESIAN_POINT('',(-1.601406027532,0.365109552032));
#5570 = ( GEOMETRIC_REPRESENTATION_CONTEXT(2) 
PARAMETRIC_REPRESENTATION_CONTEXT() REPRESENTATION_CONTEXT('2D SPACE',''
  ) );
#5571 = ORIENTED_EDGE('',*,*,#5572,.T.);
#5572 = EDGE_CURVE('',#5535,#5573,#5575,.T.);
#5573 = VERTEX_POINT('',#5574);
#5574 = CARTESIAN_POINT('',(1.229496703554,16.15,-0.290600123293));
#5575 = SURFACE_CURVE('',#5576,(#5581),.PCURVE_S1.);
#5576 = B_SPLINE_CURVE_WITH_KNOTS('',3,(#5577,#5578,#5579,#5580),
  .UNSPECIFIED.,.F.,.F.,(4,4),(0.,1.),.PIECEWISE_BEZIER_KNOTS.);
#5577 = CARTESIAN_POINT('',(1.244679002821,16.15,-0.365109552032));
#5578 = CARTESIAN_POINT('',(1.239618236399,16.15,-0.340273075785));
#5579 = CARTESIAN_POINT('',(1.234557469977,16.15,-0.315436599539));
#5580 = CARTESIAN_POINT('',(1.229496703554,16.15,-0.290600123293));
#5581 = PCURVE('',#206,#5582);
#5582 = DEFINITIONAL_REPRESENTATION('',(#5583),#5588);
#5583 = B_SPLINE_CURVE_WITH_KNOTS('',3,(#5584,#5585,#5586,#5587),
  .UNSPECIFIED.,.F.,.F.,(4,4),(0.,1.),.PIECEWISE_BEZIER_KNOTS.);
#5584 = CARTESIAN_POINT('',(-1.601406027532,0.365109552032));
#5585 = CARTESIAN_POINT('',(-1.606466793954,0.340273075785));
#5586 = CARTESIAN_POINT('',(-1.611527560376,0.315436599539));
#5587 = CARTESIAN_POINT('',(-1.616588326799,0.290600123293));
#5588 = ( GEOMETRIC_REPRESENTATION_CONTEXT(2) 
PARAMETRIC_REPRESENTATION_CONTEXT() REPRESENTATION_CONTEXT('2D SPACE',''
  ) );
#5589 = ORIENTED_EDGE('',*,*,#5590,.T.);
#5590 = EDGE_CURVE('',#5573,#5591,#5593,.T.);
#5591 = VERTEX_POINT('',#5592);
#5592 = CARTESIAN_POINT('',(0.877697381928,16.15,-0.208505217024));
#5593 = SURFACE_CURVE('',#5594,(#5618),.PCURVE_S1.);
#5594 = B_SPLINE_CURVE_WITH_KNOTS('',3,(#5595,#5596,#5597,#5598,#5599,
    #5600,#5601,#5602,#5603,#5604,#5605,#5606,#5607,#5608,#5609,#5610,
    #5611,#5612,#5613,#5614,#5615,#5616,#5617),.UNSPECIFIED.,.F.,.F.,(4,
    1,2,2,2,2,1,2,2,1,2,2,4),(0.,6.25E-02,9.374999999999E-02,0.125,
    0.1875,0.25,0.3125,0.34375,0.375,0.4375,0.46875,0.5,1.),
  .UNSPECIFIED.);
#5595 = CARTESIAN_POINT('',(1.229496703554,16.15,-0.290600123293));
#5596 = CARTESIAN_POINT('',(1.223279725568,16.15,-0.281832350922));
#5597 = CARTESIAN_POINT('',(1.213318554596,16.15,-0.270722031939));
#5598 = CARTESIAN_POINT('',(1.202403827635,16.15,-0.262673722316));
#5599 = CARTESIAN_POINT('',(1.194915441663,16.15,-0.257988629092));
#5600 = CARTESIAN_POINT('',(1.189955708726,16.15,-0.255520126652));
#5601 = CARTESIAN_POINT('',(1.181416193634,16.15,-0.25193236366));
#5602 = CARTESIAN_POINT('',(1.174916481012,16.15,-0.250285531821));
#5603 = CARTESIAN_POINT('',(1.160303650646,16.15,-0.248481888456));
#5604 = CARTESIAN_POINT('',(1.150784574783,16.15,-0.248417789856));
#5605 = CARTESIAN_POINT('',(1.13575685041,16.15,-0.249408761264));
#5606 = CARTESIAN_POINT('',(1.124512358492,16.15,-0.250392857187));
#5607 = CARTESIAN_POINT('',(1.113307318615,16.15,-0.251738254159));
#5608 = CARTESIAN_POINT('',(1.105846059151,16.15,-0.252715474595));
#5609 = CARTESIAN_POINT('',(1.100460291023,16.15,-0.253497892942));
#5610 = CARTESIAN_POINT('',(1.094273269056,16.15,-0.254443600262));
#5611 = CARTESIAN_POINT('',(1.085517447331,16.15,-0.254780919907));
#5612 = CARTESIAN_POINT('',(1.07290842597,16.15,-0.254205658039));
#5613 = CARTESIAN_POINT('',(1.063646145144,16.15,-0.253619354235));
#5614 = CARTESIAN_POINT('',(1.056397465957,16.15,-0.253026927536));
#5615 = CARTESIAN_POINT('',(1.000331440155,16.15,-0.247959721512));
#5616 = CARTESIAN_POINT('',(0.941864079318,16.15,-0.233218508322));
#5617 = CARTESIAN_POINT('',(0.877697381928,16.15,-0.208505217024));
#5618 = PCURVE('',#206,#5619);
#5619 = DEFINITIONAL_REPRESENTATION('',(#5620),#5644);
#5620 = B_SPLINE_CURVE_WITH_KNOTS('',3,(#5621,#5622,#5623,#5624,#5625,
    #5626,#5627,#5628,#5629,#5630,#5631,#5632,#5633,#5634,#5635,#5636,
    #5637,#5638,#5639,#5640,#5641,#5642,#5643),.UNSPECIFIED.,.F.,.F.,(4,
    1,2,2,2,2,1,2,2,1,2,2,4),(0.,6.25E-02,9.374999999999E-02,0.125,
    0.1875,0.25,0.3125,0.34375,0.375,0.4375,0.46875,0.5,1.),
  .UNSPECIFIED.);
#5621 = CARTESIAN_POINT('',(-1.616588326799,0.290600123293));
#5622 = CARTESIAN_POINT('',(-1.622805304785,0.281832350922));
#5623 = CARTESIAN_POINT('',(-1.632766475757,0.270722031939));
#5624 = CARTESIAN_POINT('',(-1.643681202718,0.262673722316));
#5625 = CARTESIAN_POINT('',(-1.65116958869,0.257988629092));
#5626 = CARTESIAN_POINT('',(-1.656129321627,0.255520126652));
#5627 = CARTESIAN_POINT('',(-1.664668836719,0.25193236366));
#5628 = CARTESIAN_POINT('',(-1.671168549341,0.250285531821));
#5629 = CARTESIAN_POINT('',(-1.685781379708,0.248481888456));
#5630 = CARTESIAN_POINT('',(-1.69530045557,0.248417789856));
#5631 = CARTESIAN_POINT('',(-1.710328179943,0.249408761264));
#5632 = CARTESIAN_POINT('',(-1.721572671862,0.250392857187));
#5633 = CARTESIAN_POINT('',(-1.732777711738,0.251738254159));
#5634 = CARTESIAN_POINT('',(-1.740238971202,0.252715474596));
#5635 = CARTESIAN_POINT('',(-1.74562473933,0.253497892942));
#5636 = CARTESIAN_POINT('',(-1.751811761298,0.254443600262));
#5637 = CARTESIAN_POINT('',(-1.760567583022,0.254780919907));
#5638 = CARTESIAN_POINT('',(-1.773176604383,0.254205658039));
#5639 = CARTESIAN_POINT('',(-1.782438885209,0.253619354235));
#5640 = CARTESIAN_POINT('',(-1.789687564396,0.253026927536));
#5641 = CARTESIAN_POINT('',(-1.845753590198,0.247959721512));
#5642 = CARTESIAN_POINT('',(-1.904220951035,0.233218508322));
#5643 = CARTESIAN_POINT('',(-1.968387648425,0.208505217024));
#5644 = ( GEOMETRIC_REPRESENTATION_CONTEXT(2) 
PARAMETRIC_REPRESENTATION_CONTEXT() REPRESENTATION_CONTEXT('2D SPACE',''
  ) );
#5645 = ORIENTED_EDGE('',*,*,#5646,.T.);
#5646 = EDGE_CURVE('',#5591,#5647,#5649,.T.);
#5647 = VERTEX_POINT('',#5648);
#5648 = CARTESIAN_POINT('',(0.868703330468,16.15,-8.936427115384E-02));
#5649 = SURFACE_CURVE('',#5650,(#5655),.PCURVE_S1.);
#5650 = B_SPLINE_CURVE_WITH_KNOTS('',3,(#5651,#5652,#5653,#5654),
  .UNSPECIFIED.,.F.,.F.,(4,4),(0.,1.),.PIECEWISE_BEZIER_KNOTS.);
#5651 = CARTESIAN_POINT('',(0.877697381928,16.15,-0.208505217024));
#5652 = CARTESIAN_POINT('',(0.873500226851,16.15,-0.168882092344));
#5653 = CARTESIAN_POINT('',(0.870502209698,16.15,-0.12916844372));
#5654 = CARTESIAN_POINT('',(0.868703330468,16.15,-8.936427115384E-02));
#5655 = PCURVE('',#206,#5656);
#5656 = DEFINITIONAL_REPRESENTATION('',(#5657),#5662);
#5657 = B_SPLINE_CURVE_WITH_KNOTS('',3,(#5658,#5659,#5660,#5661),
  .UNSPECIFIED.,.F.,.F.,(4,4),(0.,1.),.PIECEWISE_BEZIER_KNOTS.);
#5658 = CARTESIAN_POINT('',(-1.968387648425,0.208505217024));
#5659 = CARTESIAN_POINT('',(-1.972584803502,0.168882092344));
#5660 = CARTESIAN_POINT('',(-1.975582820655,0.12916844372));
#5661 = CARTESIAN_POINT('',(-1.977381699885,8.936427115385E-02));
#5662 = ( GEOMETRIC_REPRESENTATION_CONTEXT(2) 
PARAMETRIC_REPRESENTATION_CONTEXT() REPRESENTATION_CONTEXT('2D SPACE',''
  ) );
#5663 = ORIENTED_EDGE('',*,*,#5664,.T.);
#5664 = EDGE_CURVE('',#5647,#5665,#5667,.T.);
#5665 = VERTEX_POINT('',#5666);
#5666 = CARTESIAN_POINT('',(1.204191064658,16.15,4.461452022685E-02));
#5667 = SURFACE_CURVE('',#5668,(#5683),.PCURVE_S1.);
#5668 = B_SPLINE_CURVE_WITH_KNOTS('',3,(#5669,#5670,#5671,#5672,#5673,
    #5674,#5675,#5676,#5677,#5678,#5679,#5680,#5681,#5682),
  .UNSPECIFIED.,.F.,.F.,(4,1,1,2,2,2,2,4),(0.,0.25,0.375,0.4375,0.5,
    0.625,0.75,1.),.UNSPECIFIED.);
#5669 = CARTESIAN_POINT('',(0.868703330468,16.15,-8.936427115384E-02));
#5670 = CARTESIAN_POINT('',(0.898144588853,16.15,-7.257261593322E-02));
#5671 = CARTESIAN_POINT('',(0.941072420051,16.15,-5.122201371706E-02));
#5672 = CARTESIAN_POINT('',(0.988995291113,16.15,-3.302751887407E-02));
#5673 = CARTESIAN_POINT('',(1.009070893282,16.15,-2.666870845762E-02));
#5674 = CARTESIAN_POINT('',(1.02235179003,16.15,-2.274924156455E-02));
#5675 = CARTESIAN_POINT('',(1.027300923663,16.15,-2.136075447487E-02));
#5676 = CARTESIAN_POINT('',(1.051833441864,16.15,-1.520664529526E-02));
#5677 = CARTESIAN_POINT('',(1.065094881893,16.15,-1.272042638364E-02));
#5678 = CARTESIAN_POINT('',(1.09510664504,16.15,-1.015340036695E-02));
#5679 = CARTESIAN_POINT('',(1.107964849225,16.15,-9.519470569996E-03));
#5680 = CARTESIAN_POINT('',(1.159672017574,16.15,-9.595040497729E-03));
#5681 = CARTESIAN_POINT('',(1.186002181791,16.15,8.458019759857E-03));
#5682 = CARTESIAN_POINT('',(1.204191064658,16.15,4.461452022685E-02));
#5683 = PCURVE('',#206,#5684);
#5684 = DEFINITIONAL_REPRESENTATION('',(#5685),#5700);
#5685 = B_SPLINE_CURVE_WITH_KNOTS('',3,(#5686,#5687,#5688,#5689,#5690,
    #5691,#5692,#5693,#5694,#5695,#5696,#5697,#5698,#5699),
  .UNSPECIFIED.,.F.,.F.,(4,1,1,2,2,2,2,4),(0.,0.25,0.375,0.4375,0.5,
    0.625,0.75,1.),.UNSPECIFIED.);
#5686 = CARTESIAN_POINT('',(-1.977381699885,8.936427115385E-02));
#5687 = CARTESIAN_POINT('',(-1.9479404415,7.257261593322E-02));
#5688 = CARTESIAN_POINT('',(-1.905012610303,5.122201371706E-02));
#5689 = CARTESIAN_POINT('',(-1.85708973924,3.302751887407E-02));
#5690 = CARTESIAN_POINT('',(-1.837014137071,2.666870845762E-02));
#5691 = CARTESIAN_POINT('',(-1.823733240323,2.274924156455E-02));
#5692 = CARTESIAN_POINT('',(-1.81878410669,2.136075447487E-02));
#5693 = CARTESIAN_POINT('',(-1.794251588489,1.520664529526E-02));
#5694 = CARTESIAN_POINT('',(-1.78099014846,1.272042638364E-02));
#5695 = CARTESIAN_POINT('',(-1.750978385313,1.015340036695E-02));
#5696 = CARTESIAN_POINT('',(-1.738120181129,9.519470569997E-03));
#5697 = CARTESIAN_POINT('',(-1.68641301278,9.595040497731E-03));
#5698 = CARTESIAN_POINT('',(-1.660082848563,-8.458019759856E-03));
#5699 = CARTESIAN_POINT('',(-1.641893965695,-4.461452022685E-02));
#5700 = ( GEOMETRIC_REPRESENTATION_CONTEXT(2) 
PARAMETRIC_REPRESENTATION_CONTEXT() REPRESENTATION_CONTEXT('2D SPACE',''
  ) );
#5701 = ORIENTED_EDGE('',*,*,#5702,.T.);
#5702 = EDGE_CURVE('',#5665,#5703,#5705,.T.);
#5703 = VERTEX_POINT('',#5704);
#5704 = CARTESIAN_POINT('',(1.208015486667,16.15,0.12055878254));
#5705 = SURFACE_CURVE('',#5706,(#5711),.PCURVE_S1.);
#5706 = B_SPLINE_CURVE_WITH_KNOTS('',3,(#5707,#5708,#5709,#5710),
  .UNSPECIFIED.,.F.,.F.,(4,4),(0.,1.),.PIECEWISE_BEZIER_KNOTS.);
#5707 = CARTESIAN_POINT('',(1.204191064658,16.15,4.461452022685E-02));
#5708 = CARTESIAN_POINT('',(1.205465871995,16.15,6.992927433135E-02));
#5709 = CARTESIAN_POINT('',(1.206740679331,16.15,9.524402843584E-02));
#5710 = CARTESIAN_POINT('',(1.208015486667,16.15,0.12055878254));
#5711 = PCURVE('',#206,#5712);
#5712 = DEFINITIONAL_REPRESENTATION('',(#5713),#5718);
#5713 = B_SPLINE_CURVE_WITH_KNOTS('',3,(#5714,#5715,#5716,#5717),
  .UNSPECIFIED.,.F.,.F.,(4,4),(0.,1.),.PIECEWISE_BEZIER_KNOTS.);
#5714 = CARTESIAN_POINT('',(-1.641893965695,-4.461452022685E-02));
#5715 = CARTESIAN_POINT('',(-1.640619158359,-6.992927433135E-02));
#5716 = CARTESIAN_POINT('',(-1.639344351022,-9.524402843584E-02));
#5717 = CARTESIAN_POINT('',(-1.638069543686,-0.12055878254));
#5718 = ( GEOMETRIC_REPRESENTATION_CONTEXT(2) 
PARAMETRIC_REPRESENTATION_CONTEXT() REPRESENTATION_CONTEXT('2D SPACE',''
  ) );
#5719 = ORIENTED_EDGE('',*,*,#5720,.T.);
#5720 = EDGE_CURVE('',#5703,#195,#5721,.T.);
#5721 = SURFACE_CURVE('',#5722,(#5746),.PCURVE_S1.);
#5722 = B_SPLINE_CURVE_WITH_KNOTS('',3,(#5723,#5724,#5725,#5726,#5727,
    #5728,#5729,#5730,#5731,#5732,#5733,#5734,#5735,#5736,#5737,#5738,
    #5739,#5740,#5741,#5742,#5743,#5744,#5745),.UNSPECIFIED.,.F.,.F.,(4,
    1,2,2,2,2,1,2,2,1,2,2,4),(0.,6.25E-02,9.374999999999E-02,0.125,
    0.1875,0.25,0.3125,0.34375,0.375,0.4375,0.46875,0.5,1.),
  .UNSPECIFIED.);
#5723 = CARTESIAN_POINT('',(1.208015486667,16.15,0.12055878254));
#5724 = CARTESIAN_POINT('',(1.204174282798,16.15,0.130597198773));
#5725 = CARTESIAN_POINT('',(1.197289084303,16.15,0.14383570914));
#5726 = CARTESIAN_POINT('',(1.188718796772,16.15,0.154345548533));
#5727 = CARTESIAN_POINT('',(1.182630807522,16.15,0.1607457368));
#5728 = CARTESIAN_POINT('',(1.178440785308,16.15,0.164370122122));
#5729 = CARTESIAN_POINT('',(1.17106179516,16.15,0.169968859987));
#5730 = CARTESIAN_POINT('',(1.165175833386,16.15,0.173180366373));
#5731 = CARTESIAN_POINT('',(1.151470639822,16.15,0.1785614081));
#5732 = CARTESIAN_POINT('',(1.142266563905,16.15,0.180990790827));
#5733 = CARTESIAN_POINT('',(1.12746451856,16.15,0.183768195687));
#5734 = CARTESIAN_POINT('',(1.116328558328,16.15,0.185611408373));
#5735 = CARTESIAN_POINT('',(1.105140958763,16.15,0.187094859624));
#5736 = CARTESIAN_POINT('',(1.097671083645,16.15,0.188003880138));
#5737 = CARTESIAN_POINT('',(1.092259939796,16.15,0.188585428971));
#5738 = CARTESIAN_POINT('',(1.086032106654,16.15,0.18920808258));
#5739 = CARTESIAN_POINT('',(1.077467477185,16.15,0.191058844769));
#5740 = CARTESIAN_POINT('',(1.065397653226,16.15,0.194751769827));
#5741 = CARTESIAN_POINT('',(1.056572171811,16.15,0.197623089392));
#5742 = CARTESIAN_POINT('',(1.049698553739,16.15,0.199999577126));
#5743 = CARTESIAN_POINT('',(0.996654108131,16.15,0.218850641186));
#5744 = CARTESIAN_POINT('',(0.943689597593,16.15,0.247668973426));
#5745 = CARTESIAN_POINT('',(0.88768476062,16.15,0.287563459966));
#5746 = PCURVE('',#206,#5747);
#5747 = DEFINITIONAL_REPRESENTATION('',(#5748),#5772);
#5748 = B_SPLINE_CURVE_WITH_KNOTS('',3,(#5749,#5750,#5751,#5752,#5753,
    #5754,#5755,#5756,#5757,#5758,#5759,#5760,#5761,#5762,#5763,#5764,
    #5765,#5766,#5767,#5768,#5769,#5770,#5771),.UNSPECIFIED.,.F.,.F.,(4,
    1,2,2,2,2,1,2,2,1,2,2,4),(0.,6.25E-02,9.374999999999E-02,0.125,
    0.1875,0.25,0.3125,0.34375,0.375,0.4375,0.46875,0.5,1.),
  .UNSPECIFIED.);
#5749 = CARTESIAN_POINT('',(-1.638069543686,-0.12055878254));
#5750 = CARTESIAN_POINT('',(-1.641910747555,-0.130597198773));
#5751 = CARTESIAN_POINT('',(-1.64879594605,-0.14383570914));
#5752 = CARTESIAN_POINT('',(-1.657366233581,-0.154345548533));
#5753 = CARTESIAN_POINT('',(-1.663454222831,-0.1607457368));
#5754 = CARTESIAN_POINT('',(-1.667644245045,-0.164370122122));
#5755 = CARTESIAN_POINT('',(-1.675023235193,-0.169968859987));
#5756 = CARTESIAN_POINT('',(-1.680909196967,-0.173180366373));
#5757 = CARTESIAN_POINT('',(-1.694614390532,-0.1785614081));
#5758 = CARTESIAN_POINT('',(-1.703818466448,-0.180990790827));
#5759 = CARTESIAN_POINT('',(-1.718620511793,-0.183768195687));
#5760 = CARTESIAN_POINT('',(-1.729756472025,-0.185611408373));
#5761 = CARTESIAN_POINT('',(-1.740944071591,-0.187094859624));
#5762 = CARTESIAN_POINT('',(-1.748413946708,-0.188003880138));
#5763 = CARTESIAN_POINT('',(-1.753825090557,-0.188585428971));
#5764 = CARTESIAN_POINT('',(-1.760052923699,-0.18920808258));
#5765 = CARTESIAN_POINT('',(-1.768617553168,-0.191058844769));
#5766 = CARTESIAN_POINT('',(-1.780687377127,-0.194751769827));
#5767 = CARTESIAN_POINT('',(-1.789512858542,-0.197623089392));
#5768 = CARTESIAN_POINT('',(-1.796386476614,-0.199999577126));
#5769 = CARTESIAN_POINT('',(-1.849430922223,-0.218850641186));
#5770 = CARTESIAN_POINT('',(-1.90239543276,-0.247668973426));
#5771 = CARTESIAN_POINT('',(-1.958400269734,-0.287563459966));
#5772 = ( GEOMETRIC_REPRESENTATION_CONTEXT(2) 
PARAMETRIC_REPRESENTATION_CONTEXT() REPRESENTATION_CONTEXT('2D SPACE',''
  ) );
#5773 = FACE_BOUND('',#5774,.T.);
#5774 = EDGE_LOOP('',(#5775,#5819,#5857));
#5775 = ORIENTED_EDGE('',*,*,#5776,.T.);
#5776 = EDGE_CURVE('',#5777,#5779,#5781,.T.);
#5777 = VERTEX_POINT('',#5778);
#5778 = CARTESIAN_POINT('',(3.219498718752,17.14975831015,
    6.759219723269E-05));
#5779 = VERTEX_POINT('',#5780);
#5780 = CARTESIAN_POINT('',(2.886723020705,16.15,0.806977418358));
#5781 = SURFACE_CURVE('',#5782,(#5799),.PCURVE_S1.);
#5782 = B_SPLINE_CURVE_WITH_KNOTS('',3,(#5783,#5784,#5785,#5786,#5787,
    #5788,#5789,#5790,#5791,#5792,#5793,#5794,#5795,#5796,#5797,#5798),
  .UNSPECIFIED.,.F.,.F.,(4,2,2,2,2,2,2,4),(0.326453759815,0.410647039838
    ,0.494840319861,0.579033599884,0.663226879907,0.831613439954,
    0.915806719977,1.),.UNSPECIFIED.);
#5783 = CARTESIAN_POINT('',(3.514820062014,16.15,-0.453718391045));
#5784 = CARTESIAN_POINT('',(3.554565789976,16.15,-0.394996841592));
#5785 = CARTESIAN_POINT('',(3.587254110905,16.15,-0.329577144899));
#5786 = CARTESIAN_POINT('',(3.633499257877,16.15,-0.195461736305));
#5787 = CARTESIAN_POINT('',(3.647467244633,16.15,-0.125924076561));
#5788 = CARTESIAN_POINT('',(3.657094044689,16.15,1.811115382108E-02));
#5789 = CARTESIAN_POINT('',(3.652513922935,16.15,8.888420924628E-02));
#5790 = CARTESIAN_POINT('',(3.624525094107,16.15,0.227989400841));
#5791 = CARTESIAN_POINT('',(3.600842109378,16.15,0.297177223513));
#5792 = CARTESIAN_POINT('',(3.50612910336,16.15,0.487610762802));
#5793 = CARTESIAN_POINT('',(3.407805634592,16.15,0.598306921224));
#5794 = CARTESIAN_POINT('',(3.229510338143,16.15,0.714783138175));
#5795 = CARTESIAN_POINT('',(3.163536116988,16.15,0.746474007927));
#5796 = CARTESIAN_POINT('',(3.028732158165,16.15,0.790513367124));
#5797 = CARTESIAN_POINT('',(2.958928452541,16.15,0.803341277401));
#5798 = CARTESIAN_POINT('',(2.886723020705,16.15,0.806977418358));
#5799 = PCURVE('',#206,#5800);
#5800 = DEFINITIONAL_REPRESENTATION('',(#5801),#5818);
#5801 = B_SPLINE_CURVE_WITH_KNOTS('',3,(#5802,#5803,#5804,#5805,#5806,
    #5807,#5808,#5809,#5810,#5811,#5812,#5813,#5814,#5815,#5816,#5817),
  .UNSPECIFIED.,.F.,.F.,(4,2,2,2,2,2,2,4),(0.326453759815,0.410647039838
    ,0.494840319861,0.579033599884,0.663226879907,0.831613439954,
    0.915806719977,1.),.UNSPECIFIED.);
#5802 = CARTESIAN_POINT('',(0.66873503166,0.453718391045));
#5803 = CARTESIAN_POINT('',(0.708480759623,0.394996841592));
#5804 = CARTESIAN_POINT('',(0.741169080552,0.329577144899));
#5805 = CARTESIAN_POINT('',(0.787414227523,0.195461736305));
#5806 = CARTESIAN_POINT('',(0.80138221428,0.125924076561));
#5807 = CARTESIAN_POINT('',(0.811009014335,-1.811115382108E-02));
#5808 = CARTESIAN_POINT('',(0.806428892582,-8.888420924628E-02));
#5809 = CARTESIAN_POINT('',(0.778440063754,-0.227989400841));
#5810 = CARTESIAN_POINT('',(0.754757079025,-0.297177223513));
#5811 = CARTESIAN_POINT('',(0.660044073007,-0.487610762802));
#5812 = CARTESIAN_POINT('',(0.561720604239,-0.598306921224));
#5813 = CARTESIAN_POINT('',(0.38342530779,-0.714783138175));
#5814 = CARTESIAN_POINT('',(0.317451086635,-0.746474007927));
#5815 = CARTESIAN_POINT('',(0.182647127812,-0.790513367124));
#5816 = CARTESIAN_POINT('',(0.112843422188,-0.803341277401));
#5817 = CARTESIAN_POINT('',(4.063799035189E-02,-0.806977418358));
#5818 = ( GEOMETRIC_REPRESENTATION_CONTEXT(2) 
PARAMETRIC_REPRESENTATION_CONTEXT() REPRESENTATION_CONTEXT('2D SPACE',''
  ) );
#5819 = ORIENTED_EDGE('',*,*,#5820,.T.);
#5820 = EDGE_CURVE('',#5779,#5821,#5823,.T.);
#5821 = VERTEX_POINT('',#5822);
#5822 = CARTESIAN_POINT('',(2.805447040001,16.15,-0.806977418358));
#5823 = SURFACE_CURVE('',#5824,(#5839),.PCURVE_S1.);
#5824 = B_SPLINE_CURVE_WITH_KNOTS('',3,(#5825,#5826,#5827,#5828,#5829,
    #5830,#5831,#5832,#5833,#5834,#5835,#5836,#5837,#5838),
  .UNSPECIFIED.,.F.,.F.,(4,2,2,2,2,2,4),(0.,0.125,0.25,0.5,0.75,0.875,1.
    ),.UNSPECIFIED.);
#5825 = CARTESIAN_POINT('',(2.886723020705,16.15,0.806977418358));
#5826 = CARTESIAN_POINT('',(2.779901820836,16.15,0.812356749664));
#5827 = CARTESIAN_POINT('',(2.675420042963,16.15,0.796882761876));
#5828 = CARTESIAN_POINT('',(2.474205456203,16.15,0.725320049428));
#5829 = CARTESIAN_POINT('',(2.38345731108,16.15,0.670913010349));
#5830 = CARTESIAN_POINT('',(2.145689050198,16.15,0.456237789313));
#5831 = CARTESIAN_POINT('',(2.049993775377,16.15,0.253921893131));
#5832 = CARTESIAN_POINT('',(2.028221448613,16.15,-0.172645912427));
#5833 = CARTESIAN_POINT('',(2.103613612992,16.15,-0.383371632313));
#5834 = CARTESIAN_POINT('',(2.318288834028,16.15,-0.621139893195));
#5835 = CARTESIAN_POINT('',(2.40310975701,16.15,-0.684077614086));
#5836 = CARTESIAN_POINT('',(2.596337312043,16.15,-0.77591925469));
#5837 = CARTESIAN_POINT('',(2.698245147201,16.15,-0.801578916013));
#5838 = CARTESIAN_POINT('',(2.805447040001,16.15,-0.806977418358));
#5839 = PCURVE('',#206,#5840);
#5840 = DEFINITIONAL_REPRESENTATION('',(#5841),#5856);
#5841 = B_SPLINE_CURVE_WITH_KNOTS('',3,(#5842,#5843,#5844,#5845,#5846,
    #5847,#5848,#5849,#5850,#5851,#5852,#5853,#5854,#5855),
  .UNSPECIFIED.,.F.,.F.,(4,2,2,2,2,2,4),(0.,0.125,0.25,0.5,0.75,0.875,1.
    ),.UNSPECIFIED.);
#5842 = CARTESIAN_POINT('',(4.063799035189E-02,-0.806977418358));
#5843 = CARTESIAN_POINT('',(-6.618320951714E-02,-0.812356749664));
#5844 = CARTESIAN_POINT('',(-0.17066498739,-0.796882761876));
#5845 = CARTESIAN_POINT('',(-0.37187957415,-0.725320049428));
#5846 = CARTESIAN_POINT('',(-0.462627719273,-0.670913010349));
#5847 = CARTESIAN_POINT('',(-0.700395980155,-0.456237789313));
#5848 = CARTESIAN_POINT('',(-0.796091254976,-0.253921893131));
#5849 = CARTESIAN_POINT('',(-0.81786358174,0.172645912427));
#5850 = CARTESIAN_POINT('',(-0.742471417362,0.383371632313));
#5851 = CARTESIAN_POINT('',(-0.527796196325,0.621139893195));
#5852 = CARTESIAN_POINT('',(-0.442975273343,0.684077614086));
#5853 = CARTESIAN_POINT('',(-0.249747718311,0.77591925469));
#5854 = CARTESIAN_POINT('',(-0.147839883152,0.801578916013));
#5855 = CARTESIAN_POINT('',(-4.063799035189E-02,0.806977418358));
#5856 = ( GEOMETRIC_REPRESENTATION_CONTEXT(2) 
PARAMETRIC_REPRESENTATION_CONTEXT() REPRESENTATION_CONTEXT('2D SPACE',''
  ) );
#5857 = ORIENTED_EDGE('',*,*,#5858,.T.);
#5858 = EDGE_CURVE('',#5821,#5777,#5859,.T.);
#5859 = SURFACE_CURVE('',#5860,(#5869),.PCURVE_S1.);
#5860 = B_SPLINE_CURVE_WITH_KNOTS('',3,(#5861,#5862,#5863,#5864,#5865,
    #5866,#5867,#5868),.UNSPECIFIED.,.F.,.F.,(4,2,2,4),(0.,
    8.161343995374E-02,0.163226879907,0.326453759815),.UNSPECIFIED.);
#5861 = CARTESIAN_POINT('',(2.805447040001,16.15,-0.806977418358));
#5862 = CARTESIAN_POINT('',(2.875191404652,16.15,-0.810489624218));
#5863 = CARTESIAN_POINT('',(2.943720374884,16.15,-0.805189883056));
#5864 = CARTESIAN_POINT('',(3.078347526513,16.15,-0.776966506685));
#5865 = CARTESIAN_POINT('',(3.145207334182,16.15,-0.753789684288));
#5866 = CARTESIAN_POINT('',(3.329805632522,16.15,-0.661978862481));
#5867 = CARTESIAN_POINT('',(3.437764373446,16.15,-0.567562813047));
#5868 = CARTESIAN_POINT('',(3.514820062014,16.15,-0.453718391045));
#5869 = PCURVE('',#206,#5870);
#5870 = DEFINITIONAL_REPRESENTATION('',(#5871),#5880);
#5871 = B_SPLINE_CURVE_WITH_KNOTS('',3,(#5872,#5873,#5874,#5875,#5876,
    #5877,#5878,#5879),.UNSPECIFIED.,.F.,.F.,(4,2,2,4),(0.,
    8.161343995374E-02,0.163226879907,0.326453759815),.UNSPECIFIED.);
#5872 = CARTESIAN_POINT('',(-4.063799035189E-02,0.806977418358));
#5873 = CARTESIAN_POINT('',(2.910637429848E-02,0.810489624218));
#5874 = CARTESIAN_POINT('',(9.763534453096E-02,0.805189883056));
#5875 = CARTESIAN_POINT('',(0.23226249616,0.776966506685));
#5876 = CARTESIAN_POINT('',(0.299122303829,0.753789684288));
#5877 = CARTESIAN_POINT('',(0.483720602169,0.661978862481));
#5878 = CARTESIAN_POINT('',(0.591679343093,0.567562813047));
#5879 = CARTESIAN_POINT('',(0.66873503166,0.453718391045));
#5880 = ( GEOMETRIC_REPRESENTATION_CONTEXT(2) 
PARAMETRIC_REPRESENTATION_CONTEXT() REPRESENTATION_CONTEXT('2D SPACE',''
  ) );
#5881 = ADVANCED_FACE('',(#5882),#1037,.F.);
#5882 = FACE_BOUND('',#5883,.F.);
#5883 = EDGE_LOOP('',(#5884,#5957,#5970,#5971));
#5884 = ORIENTED_EDGE('',*,*,#5885,.F.);
#5885 = EDGE_CURVE('',#5886,#5888,#5890,.T.);
#5886 = VERTEX_POINT('',#5887);
#5887 = CARTESIAN_POINT('',(3.128828028493,16.85,1.95910202822));
#5888 = VERTEX_POINT('',#5889);
#5889 = CARTESIAN_POINT('',(3.197569554472,16.85,1.604451582101));
#5890 = SURFACE_CURVE('',#5891,(#5917,#5923),.PCURVE_S1.);
#5891 = B_SPLINE_CURVE_WITH_KNOTS('',3,(#5892,#5893,#5894,#5895,#5896,
    #5897,#5898,#5899,#5900,#5901,#5902,#5903,#5904,#5905,#5906,#5907,
    #5908,#5909,#5910,#5911,#5912,#5913,#5914,#5915,#5916),
  .UNSPECIFIED.,.F.,.F.,(4,1,1,1,1,1,1,1,1,1,1,1,1,1,1,1,1,1,1,1,1,1,4),
  (0.,2.936991105782E-02,7.695359025921E-02,0.122595078482,
    0.166294375726,0.208051481993,0.247866397283,0.285739121596,
    0.321669654933,0.355657997295,0.387704148684,0.417808109099,
    0.445969878543,0.472189457018,0.496466844525,0.518802041068,
    0.539195046649,0.557645861275,0.57415448495,0.588720917685,
    0.601345159492,0.61202721039,1.),.UNSPECIFIED.);
#5892 = CARTESIAN_POINT('',(3.128828028493,16.85,1.95910202822));
#5893 = CARTESIAN_POINT('',(3.129978636167,16.85,1.955741000982));
#5894 = CARTESIAN_POINT('',(3.13294136731,16.85,1.946916795318));
#5895 = CARTESIAN_POINT('',(3.137438157603,16.85,1.932785443926));
#5896 = CARTESIAN_POINT('',(3.142144042798,16.85,1.916905121818));
#5897 = CARTESIAN_POINT('',(3.146344849775,16.85,1.901613531922));
#5898 = CARTESIAN_POINT('',(3.150066083134,16.85,1.886924252241));
#5899 = CARTESIAN_POINT('',(3.153333583078,16.85,1.872850074711));
#5900 = CARTESIAN_POINT('',(3.156173504144,16.85,1.859402997315));
#5901 = CARTESIAN_POINT('',(3.158612293753,16.85,1.846594216738));
#5902 = CARTESIAN_POINT('',(3.160676670603,16.85,1.834434121564));
#5903 = CARTESIAN_POINT('',(3.162393602888,16.85,1.82293228601));
#5904 = CARTESIAN_POINT('',(3.163790286419,16.85,1.812097464218));
#5905 = CARTESIAN_POINT('',(3.164894122487,16.85,1.801937585099));
#5906 = CARTESIAN_POINT('',(3.16573269606,16.85,1.792459747687));
#5907 = CARTESIAN_POINT('',(3.166333752325,16.85,1.783670217233));
#5908 = CARTESIAN_POINT('',(3.166725178334,16.85,1.775574421212));
#5909 = CARTESIAN_POINT('',(3.166934967407,16.85,1.768176948065));
#5910 = CARTESIAN_POINT('',(3.166991239377,16.85,1.761481539394));
#5911 = CARTESIAN_POINT('',(3.166922080858,16.85,1.755491105613));
#5912 = CARTESIAN_POINT('',(3.166755954718,16.85,1.750207669754));
#5913 = CARTESIAN_POINT('',(3.16652034352,16.85,1.745632536497));
#5914 = CARTESIAN_POINT('',(3.162995962421,16.85,1.696006770624));
#5915 = CARTESIAN_POINT('',(3.138650665973,16.85,1.649670019901));
#5916 = CARTESIAN_POINT('',(3.197569554472,16.85,1.604451582101));
#5917 = PCURVE('',#1037,#5918);
#5918 = DEFINITIONAL_REPRESENTATION('',(#5919),#5922);
#5919 = B_SPLINE_CURVE_WITH_KNOTS('',1,(#5920,#5921),.UNSPECIFIED.,.F.,
  .F.,(2,2),(0.,1.),.PIECEWISE_BEZIER_KNOTS.);
#5920 = CARTESIAN_POINT('',(0.500975165839,-3.167190747018E-15));
#5921 = CARTESIAN_POINT('',(-4.437539133778E-17,-3.167198491319E-15));
#5922 = ( GEOMETRIC_REPRESENTATION_CONTEXT(2) 
PARAMETRIC_REPRESENTATION_CONTEXT() REPRESENTATION_CONTEXT('2D SPACE',''
  ) );
#5923 = PCURVE('',#5924,#5929);
#5924 = PLANE('',#5925);
#5925 = AXIS2_PLACEMENT_3D('',#5926,#5927,#5928);
#5926 = CARTESIAN_POINT('',(2.846085030353,16.85,1.734723475977E-15));
#5927 = DIRECTION('',(-1.397630861435E-16,1.,-6.707547012003E-19));
#5928 = DIRECTION('',(1.,1.397630861435E-16,0.));
#5929 = DEFINITIONAL_REPRESENTATION('',(#5930),#5956);
#5930 = B_SPLINE_CURVE_WITH_KNOTS('',3,(#5931,#5932,#5933,#5934,#5935,
    #5936,#5937,#5938,#5939,#5940,#5941,#5942,#5943,#5944,#5945,#5946,
    #5947,#5948,#5949,#5950,#5951,#5952,#5953,#5954,#5955),
  .UNSPECIFIED.,.F.,.F.,(4,1,1,1,1,1,1,1,1,1,1,1,1,1,1,1,1,1,1,1,1,1,4),
  (0.,2.936991105782E-02,7.695359025921E-02,0.122595078482,
    0.166294375726,0.208051481993,0.247866397283,0.285739121596,
    0.321669654933,0.355657997295,0.387704148684,0.417808109099,
    0.445969878543,0.472189457018,0.496466844525,0.518802041068,
    0.539195046649,0.557645861275,0.57415448495,0.588720917685,
    0.601345159492,0.61202721039,1.),.UNSPECIFIED.);
#5931 = CARTESIAN_POINT('',(0.28274299814,-1.95910202822));
#5932 = CARTESIAN_POINT('',(0.283893605814,-1.955741000982));
#5933 = CARTESIAN_POINT('',(0.286856336957,-1.946916795318));
#5934 = CARTESIAN_POINT('',(0.29135312725,-1.932785443926));
#5935 = CARTESIAN_POINT('',(0.296059012445,-1.916905121818));
#5936 = CARTESIAN_POINT('',(0.300259819422,-1.901613531922));
#5937 = CARTESIAN_POINT('',(0.303981052781,-1.886924252241));
#5938 = CARTESIAN_POINT('',(0.307248552725,-1.872850074711));
#5939 = CARTESIAN_POINT('',(0.310088473791,-1.859402997315));
#5940 = CARTESIAN_POINT('',(0.3125272634,-1.846594216738));
#5941 = CARTESIAN_POINT('',(0.31459164025,-1.834434121564));
#5942 = CARTESIAN_POINT('',(0.316308572535,-1.82293228601));
#5943 = CARTESIAN_POINT('',(0.317705256066,-1.812097464218));
#5944 = CARTESIAN_POINT('',(0.318809092134,-1.801937585099));
#5945 = CARTESIAN_POINT('',(0.319647665707,-1.792459747687));
#5946 = CARTESIAN_POINT('',(0.320248721972,-1.783670217233));
#5947 = CARTESIAN_POINT('',(0.320640147981,-1.775574421212));
#5948 = CARTESIAN_POINT('',(0.320849937054,-1.768176948065));
#5949 = CARTESIAN_POINT('',(0.320906209024,-1.761481539394));
#5950 = CARTESIAN_POINT('',(0.320837050505,-1.755491105613));
#5951 = CARTESIAN_POINT('',(0.320670924365,-1.750207669754));
#5952 = CARTESIAN_POINT('',(0.320435313167,-1.745632536497));
#5953 = CARTESIAN_POINT('',(0.316910932067,-1.696006770624));
#5954 = CARTESIAN_POINT('',(0.29256563562,-1.649670019901));
#5955 = CARTESIAN_POINT('',(0.351484524118,-1.604451582101));
#5956 = ( GEOMETRIC_REPRESENTATION_CONTEXT(2) 
PARAMETRIC_REPRESENTATION_CONTEXT() REPRESENTATION_CONTEXT('2D SPACE',''
  ) );
#5957 = ORIENTED_EDGE('',*,*,#5958,.T.);
#5958 = EDGE_CURVE('',#5886,#982,#5959,.T.);
#5959 = SURFACE_CURVE('',#5960,(#5963),.PCURVE_S1.);
#5960 = B_SPLINE_CURVE_WITH_KNOTS('',1,(#5961,#5962),.UNSPECIFIED.,.F.,
  .F.,(2,2),(-1.,-0.),.PIECEWISE_BEZIER_KNOTS.);
#5961 = CARTESIAN_POINT('',(3.128828028493,16.85,1.95910202822));
#5962 = CARTESIAN_POINT('',(3.128828028493,16.15,1.95910202822));
#5963 = PCURVE('',#1037,#5964);
#5964 = DEFINITIONAL_REPRESENTATION('',(#5965),#5969);
#5965 = LINE('',#5966,#5967);
#5966 = CARTESIAN_POINT('',(0.500975165839,1.));
#5967 = VECTOR('',#5968,1.);
#5968 = DIRECTION('',(-2.22044604925E-16,1.));
#5969 = ( GEOMETRIC_REPRESENTATION_CONTEXT(2) 
PARAMETRIC_REPRESENTATION_CONTEXT() REPRESENTATION_CONTEXT('2D SPACE',''
  ) );
#5970 = ORIENTED_EDGE('',*,*,#999,.T.);
#5971 = ORIENTED_EDGE('',*,*,#5972,.T.);
#5972 = EDGE_CURVE('',#1000,#5888,#5973,.T.);
#5973 = SURFACE_CURVE('',#5974,(#5977),.PCURVE_S1.);
#5974 = B_SPLINE_CURVE_WITH_KNOTS('',1,(#5975,#5976),.UNSPECIFIED.,.F.,
  .F.,(2,2),(-1.,-0.),.PIECEWISE_BEZIER_KNOTS.);
#5975 = CARTESIAN_POINT('',(3.197569554472,16.15,1.604451582101));
#5976 = CARTESIAN_POINT('',(3.197569554472,16.85,1.604451582101));
#5977 = PCURVE('',#1037,#5978);
#5978 = DEFINITIONAL_REPRESENTATION('',(#5979),#5983);
#5979 = LINE('',#5980,#5981);
#5980 = CARTESIAN_POINT('',(-4.437539133778E-17,-5.107025913276E-15));
#5981 = VECTOR('',#5982,1.);
#5982 = DIRECTION('',(2.629408387511E-16,-1.));
#5983 = ( GEOMETRIC_REPRESENTATION_CONTEXT(2) 
PARAMETRIC_REPRESENTATION_CONTEXT() REPRESENTATION_CONTEXT('2D SPACE',''
  ) );
#5984 = ADVANCED_FACE('',(#5985),#1231,.F.);
#5985 = FACE_BOUND('',#5986,.F.);
#5986 = EDGE_LOOP('',(#5987,#6013,#6027,#6028));
#5987 = ORIENTED_EDGE('',*,*,#5988,.F.);
#5988 = EDGE_CURVE('',#5989,#5991,#5993,.T.);
#5989 = VERTEX_POINT('',#5990);
#5990 = CARTESIAN_POINT('',(3.495522567881,16.85,1.869827597628));
#5991 = VERTEX_POINT('',#5992);
#5992 = CARTESIAN_POINT('',(3.60715399962,16.85,1.827237911165));
#5993 = SURFACE_CURVE('',#5994,(#5999,#6005),.PCURVE_S1.);
#5994 = B_SPLINE_CURVE_WITH_KNOTS('',3,(#5995,#5996,#5997,#5998),
  .UNSPECIFIED.,.F.,.F.,(4,4),(0.,1.),.PIECEWISE_BEZIER_KNOTS.);
#5995 = CARTESIAN_POINT('',(3.495522567881,16.85,1.869827597628));
#5996 = CARTESIAN_POINT('',(3.533150272252,16.85,1.856758561904));
#5997 = CARTESIAN_POINT('',(3.570383354014,16.85,1.842553375665));
#5998 = CARTESIAN_POINT('',(3.60715399962,16.85,1.827237911165));
#5999 = PCURVE('',#1231,#6000);
#6000 = DEFINITIONAL_REPRESENTATION('',(#6001),#6004);
#6001 = B_SPLINE_CURVE_WITH_KNOTS('',1,(#6002,#6003),.UNSPECIFIED.,.F.,
  .F.,(2,2),(0.,1.),.PIECEWISE_BEZIER_KNOTS.);
#6002 = CARTESIAN_POINT('',(5.999211475295,0.));
#6003 = CARTESIAN_POINT('',(5.938840608345,0.));
#6004 = ( GEOMETRIC_REPRESENTATION_CONTEXT(2) 
PARAMETRIC_REPRESENTATION_CONTEXT() REPRESENTATION_CONTEXT('2D SPACE',''
  ) );
#6005 = PCURVE('',#5924,#6006);
#6006 = DEFINITIONAL_REPRESENTATION('',(#6007),#6012);
#6007 = B_SPLINE_CURVE_WITH_KNOTS('',3,(#6008,#6009,#6010,#6011),
  .UNSPECIFIED.,.F.,.F.,(4,4),(0.,1.),.PIECEWISE_BEZIER_KNOTS.);
#6008 = CARTESIAN_POINT('',(0.649437537528,-1.869827597628));
#6009 = CARTESIAN_POINT('',(0.687065241899,-1.856758561904));
#6010 = CARTESIAN_POINT('',(0.724298323661,-1.842553375665));
#6011 = CARTESIAN_POINT('',(0.761068969267,-1.827237911165));
#6012 = ( GEOMETRIC_REPRESENTATION_CONTEXT(2) 
PARAMETRIC_REPRESENTATION_CONTEXT() REPRESENTATION_CONTEXT('2D SPACE',''
  ) );
#6013 = ORIENTED_EDGE('',*,*,#6014,.T.);
#6014 = EDGE_CURVE('',#5989,#1158,#6015,.T.);
#6015 = SURFACE_CURVE('',#6016,(#6021),.PCURVE_S1.);
#6016 = B_SPLINE_CURVE_WITH_KNOTS('',3,(#6017,#6018,#6019,#6020),
  .UNSPECIFIED.,.F.,.F.,(4,4),(-1.,-0.),.PIECEWISE_BEZIER_KNOTS.);
#6017 = CARTESIAN_POINT('',(3.495522567881,16.85,1.869827597628));
#6018 = CARTESIAN_POINT('',(3.495522567881,16.616666666667,
    1.869827597628));
#6019 = CARTESIAN_POINT('',(3.495522567881,16.383333333333,
    1.869827597628));
#6020 = CARTESIAN_POINT('',(3.495522567881,16.15,1.869827597628));
#6021 = PCURVE('',#1231,#6022);
#6022 = DEFINITIONAL_REPRESENTATION('',(#6023),#6026);
#6023 = B_SPLINE_CURVE_WITH_KNOTS('',1,(#6024,#6025),.UNSPECIFIED.,.F.,
  .F.,(2,2),(-1.,-0.),.PIECEWISE_BEZIER_KNOTS.);
#6024 = CARTESIAN_POINT('',(5.999211475295,0.));
#6025 = CARTESIAN_POINT('',(5.999211475295,0.7));
#6026 = ( GEOMETRIC_REPRESENTATION_CONTEXT(2) 
PARAMETRIC_REPRESENTATION_CONTEXT() REPRESENTATION_CONTEXT('2D SPACE',''
  ) );
#6027 = ORIENTED_EDGE('',*,*,#1213,.T.);
#6028 = ORIENTED_EDGE('',*,*,#6029,.F.);
#6029 = EDGE_CURVE('',#5991,#1214,#6030,.T.);
#6030 = SURFACE_CURVE('',#6031,(#6036,#6042),.PCURVE_S1.);
#6031 = B_SPLINE_CURVE_WITH_KNOTS('',3,(#6032,#6033,#6034,#6035),
  .UNSPECIFIED.,.F.,.F.,(4,4),(0.,1.),.PIECEWISE_BEZIER_KNOTS.);
#6032 = CARTESIAN_POINT('',(3.60715399962,16.85,1.827237911165));
#6033 = CARTESIAN_POINT('',(3.60715399962,16.616666666667,1.827237911171
    ));
#6034 = CARTESIAN_POINT('',(3.60715399962,16.383333333333,1.827237911171
    ));
#6035 = CARTESIAN_POINT('',(3.60715399962,16.15,1.827237911165));
#6036 = PCURVE('',#1231,#6037);
#6037 = DEFINITIONAL_REPRESENTATION('',(#6038),#6041);
#6038 = B_SPLINE_CURVE_WITH_KNOTS('',1,(#6039,#6040),.UNSPECIFIED.,.F.,
  .F.,(2,2),(0.,1.),.PIECEWISE_BEZIER_KNOTS.);
#6039 = CARTESIAN_POINT('',(5.938840608345,0.));
#6040 = CARTESIAN_POINT('',(5.938840608345,0.7));
#6041 = ( GEOMETRIC_REPRESENTATION_CONTEXT(2) 
PARAMETRIC_REPRESENTATION_CONTEXT() REPRESENTATION_CONTEXT('2D SPACE',''
  ) );
#6042 = PCURVE('',#1280,#6043);
#6043 = DEFINITIONAL_REPRESENTATION('',(#6044),#6048);
#6044 = LINE('',#6045,#6046);
#6045 = CARTESIAN_POINT('',(0.500975165842,-3.167190747018E-15));
#6046 = VECTOR('',#6047,1.);
#6047 = DIRECTION('',(2.22044604925E-16,1.));
#6048 = ( GEOMETRIC_REPRESENTATION_CONTEXT(2) 
PARAMETRIC_REPRESENTATION_CONTEXT() REPRESENTATION_CONTEXT('2D SPACE',''
  ) );
#6049 = ADVANCED_FACE('',(#6050),#1280,.F.);
#6050 = FACE_BOUND('',#6051,.F.);
#6051 = EDGE_LOOP('',(#6052,#6118,#6119,#6120));
#6052 = ORIENTED_EDGE('',*,*,#6053,.F.);
#6053 = EDGE_CURVE('',#5991,#6054,#6056,.T.);
#6054 = VERTEX_POINT('',#6055);
#6055 = CARTESIAN_POINT('',(3.585537904726,16.85,1.466634138626));
#6056 = SURFACE_CURVE('',#6057,(#6083,#6089),.PCURVE_S1.);
#6057 = B_SPLINE_CURVE_WITH_KNOTS('',3,(#6058,#6059,#6060,#6061,#6062,
    #6063,#6064,#6065,#6066,#6067,#6068,#6069,#6070,#6071,#6072,#6073,
    #6074,#6075,#6076,#6077,#6078,#6079,#6080,#6081,#6082),
  .UNSPECIFIED.,.F.,.F.,(4,1,1,1,1,1,1,1,1,1,1,1,1,1,1,1,1,1,1,1,1,1,4),
  (0.,2.936991105782E-02,7.695359025921E-02,0.122595078482,
    0.166294375726,0.208051481993,0.247866397283,0.285739121596,
    0.321669654933,0.355657997295,0.387704148684,0.417808109099,
    0.445969878543,0.472189457018,0.496466844525,0.518802041068,
    0.539195046649,0.557645861275,0.57415448495,0.588720917685,
    0.601345159492,0.61202721039,1.),.UNSPECIFIED.);
#6058 = CARTESIAN_POINT('',(3.60715399962,16.85,1.827237911165));
#6059 = CARTESIAN_POINT('',(3.607432605355,16.85,1.823696332283));
#6060 = CARTESIAN_POINT('',(3.60810776614,16.85,1.814412553993));
#6061 = CARTESIAN_POINT('',(3.608948957313,16.85,1.799606858721));
#6062 = CARTESIAN_POINT('',(3.609557722958,16.85,1.783055140075));
#6063 = CARTESIAN_POINT('',(3.609823690094,16.85,1.767199265381));
#6064 = CARTESIAN_POINT('',(3.609774938758,16.85,1.752046043329));
#6065 = CARTESIAN_POINT('',(3.609439678561,16.85,1.737601437775));
#6066 = CARTESIAN_POINT('',(3.608846226123,16.85,1.723870565393));
#6067 = CARTESIAN_POINT('',(3.608022982476,16.85,1.710857693899));
#6068 = CARTESIAN_POINT('',(3.606998410434,16.85,1.698566240829));
#6069 = CARTESIAN_POINT('',(3.605801011948,16.85,1.686998772894));
#6070 = CARTESIAN_POINT('',(3.604459305489,16.85,1.676157005882));
#6071 = CARTESIAN_POINT('',(3.603001803325,16.85,1.666041805182));
#6072 = CARTESIAN_POINT('',(3.60145698925,16.85,1.656653186693));
#6073 = CARTESIAN_POINT('',(3.599853294891,16.85,1.647990318886));
#6074 = CARTESIAN_POINT('',(3.598219080933,16.85,1.640051523495));
#6075 = CARTESIAN_POINT('',(3.596582602335,16.85,1.632834283149));
#6076 = CARTESIAN_POINT('',(3.59497202599,16.85,1.626335228783));
#6077 = CARTESIAN_POINT('',(3.593415279912,16.85,1.62055019452));
#6078 = CARTESIAN_POINT('',(3.591940435862,16.85,1.615474061405));
#6079 = CARTESIAN_POINT('',(3.590574437451,16.85,1.611101258494));
#6080 = CARTESIAN_POINT('',(3.574819355149,16.85,1.563911055249));
#6081 = CARTESIAN_POINT('',(3.539715429648,16.85,1.525084487784));
#6082 = CARTESIAN_POINT('',(3.585537904726,16.85,1.466634138626));
#6083 = PCURVE('',#1280,#6084);
#6084 = DEFINITIONAL_REPRESENTATION('',(#6085),#6088);
#6085 = B_SPLINE_CURVE_WITH_KNOTS('',1,(#6086,#6087),.UNSPECIFIED.,.F.,
  .F.,(2,2),(0.,1.),.PIECEWISE_BEZIER_KNOTS.);
#6086 = CARTESIAN_POINT('',(0.500975165842,-3.167190747018E-15));
#6087 = CARTESIAN_POINT('',(-2.215993635672E-17,-3.167198491319E-15));
#6088 = ( GEOMETRIC_REPRESENTATION_CONTEXT(2) 
PARAMETRIC_REPRESENTATION_CONTEXT() REPRESENTATION_CONTEXT('2D SPACE',''
  ) );
#6089 = PCURVE('',#5924,#6090);
#6090 = DEFINITIONAL_REPRESENTATION('',(#6091),#6117);
#6091 = B_SPLINE_CURVE_WITH_KNOTS('',3,(#6092,#6093,#6094,#6095,#6096,
    #6097,#6098,#6099,#6100,#6101,#6102,#6103,#6104,#6105,#6106,#6107,
    #6108,#6109,#6110,#6111,#6112,#6113,#6114,#6115,#6116),
  .UNSPECIFIED.,.F.,.F.,(4,1,1,1,1,1,1,1,1,1,1,1,1,1,1,1,1,1,1,1,1,1,4),
  (0.,2.936991105782E-02,7.695359025921E-02,0.122595078482,
    0.166294375726,0.208051481993,0.247866397283,0.285739121596,
    0.321669654933,0.355657997295,0.387704148684,0.417808109099,
    0.445969878543,0.472189457018,0.496466844525,0.518802041068,
    0.539195046649,0.557645861275,0.57415448495,0.588720917685,
    0.601345159492,0.61202721039,1.),.UNSPECIFIED.);
#6092 = CARTESIAN_POINT('',(0.761068969267,-1.827237911165));
#6093 = CARTESIAN_POINT('',(0.761347575002,-1.823696332283));
#6094 = CARTESIAN_POINT('',(0.762022735787,-1.814412553993));
#6095 = CARTESIAN_POINT('',(0.76286392696,-1.799606858721));
#6096 = CARTESIAN_POINT('',(0.763472692605,-1.783055140075));
#6097 = CARTESIAN_POINT('',(0.763738659741,-1.767199265381));
#6098 = CARTESIAN_POINT('',(0.763689908405,-1.752046043329));
#6099 = CARTESIAN_POINT('',(0.763354648207,-1.737601437775));
#6100 = CARTESIAN_POINT('',(0.76276119577,-1.723870565393));
#6101 = CARTESIAN_POINT('',(0.761937952123,-1.710857693899));
#6102 = CARTESIAN_POINT('',(0.760913380081,-1.698566240829));
#6103 = CARTESIAN_POINT('',(0.759715981595,-1.686998772894));
#6104 = CARTESIAN_POINT('',(0.758374275136,-1.676157005882));
#6105 = CARTESIAN_POINT('',(0.756916772972,-1.666041805182));
#6106 = CARTESIAN_POINT('',(0.755371958897,-1.656653186693));
#6107 = CARTESIAN_POINT('',(0.753768264538,-1.647990318886));
#6108 = CARTESIAN_POINT('',(0.75213405058,-1.640051523495));
#6109 = CARTESIAN_POINT('',(0.750497571981,-1.632834283149));
#6110 = CARTESIAN_POINT('',(0.748886995637,-1.626335228783));
#6111 = CARTESIAN_POINT('',(0.747330249559,-1.62055019452));
#6112 = CARTESIAN_POINT('',(0.745855405509,-1.615474061405));
#6113 = CARTESIAN_POINT('',(0.744489407098,-1.611101258494));
#6114 = CARTESIAN_POINT('',(0.728734324795,-1.563911055249));
#6115 = CARTESIAN_POINT('',(0.693630399295,-1.525084487784));
#6116 = CARTESIAN_POINT('',(0.739452874373,-1.466634138626));
#6117 = ( GEOMETRIC_REPRESENTATION_CONTEXT(2) 
PARAMETRIC_REPRESENTATION_CONTEXT() REPRESENTATION_CONTEXT('2D SPACE',''
  ) );
#6118 = ORIENTED_EDGE('',*,*,#6029,.T.);
#6119 = ORIENTED_EDGE('',*,*,#1242,.T.);
#6120 = ORIENTED_EDGE('',*,*,#6121,.F.);
#6121 = EDGE_CURVE('',#6054,#1243,#6122,.T.);
#6122 = SURFACE_CURVE('',#6123,(#6126,#6133),.PCURVE_S1.);
#6123 = B_SPLINE_CURVE_WITH_KNOTS('',1,(#6124,#6125),.UNSPECIFIED.,.F.,
  .F.,(2,2),(0.,1.),.PIECEWISE_BEZIER_KNOTS.);
#6124 = CARTESIAN_POINT('',(3.585537904726,16.85,1.466634138626));
#6125 = CARTESIAN_POINT('',(3.585537904726,16.15,1.466634138626));
#6126 = PCURVE('',#1280,#6127);
#6127 = DEFINITIONAL_REPRESENTATION('',(#6128),#6132);
#6128 = LINE('',#6129,#6130);
#6129 = CARTESIAN_POINT('',(-2.215993635672E-17,-3.167198491319E-15));
#6130 = VECTOR('',#6131,1.);
#6131 = DIRECTION('',(-6.441026122795E-17,1.));
#6132 = ( GEOMETRIC_REPRESENTATION_CONTEXT(2) 
PARAMETRIC_REPRESENTATION_CONTEXT() REPRESENTATION_CONTEXT('2D SPACE',''
  ) );
#6133 = PCURVE('',#1400,#6134);
#6134 = DEFINITIONAL_REPRESENTATION('',(#6135),#6138);
#6135 = B_SPLINE_CURVE_WITH_KNOTS('',1,(#6136,#6137),.UNSPECIFIED.,.F.,
  .F.,(2,2),(0.,1.),.PIECEWISE_BEZIER_KNOTS.);
#6136 = CARTESIAN_POINT('',(1.593946186551,0.));
#6137 = CARTESIAN_POINT('',(1.593946186551,0.7));
#6138 = ( GEOMETRIC_REPRESENTATION_CONTEXT(2) 
PARAMETRIC_REPRESENTATION_CONTEXT() REPRESENTATION_CONTEXT('2D SPACE',''
  ) );
#6139 = ADVANCED_FACE('',(#6140),#1400,.F.);
#6140 = FACE_BOUND('',#6141,.F.);
#6141 = EDGE_LOOP('',(#6142,#6143,#6144,#6160));
#6142 = ORIENTED_EDGE('',*,*,#6121,.T.);
#6143 = ORIENTED_EDGE('',*,*,#1382,.T.);
#6144 = ORIENTED_EDGE('',*,*,#6145,.T.);
#6145 = EDGE_CURVE('',#1383,#6146,#6148,.T.);
#6146 = VERTEX_POINT('',#6147);
#6147 = CARTESIAN_POINT('',(3.652625968053,16.85,1.430838203926));
#6148 = SURFACE_CURVE('',#6149,(#6154),.PCURVE_S1.);
#6149 = B_SPLINE_CURVE_WITH_KNOTS('',3,(#6150,#6151,#6152,#6153),
  .UNSPECIFIED.,.F.,.F.,(4,4),(-1.,-0.),.PIECEWISE_BEZIER_KNOTS.);
#6150 = CARTESIAN_POINT('',(3.652625968053,16.15,1.430838203926));
#6151 = CARTESIAN_POINT('',(3.652625968053,16.383333333333,
    1.430838203926));
#6152 = CARTESIAN_POINT('',(3.652625968053,16.616666666667,
    1.430838203926));
#6153 = CARTESIAN_POINT('',(3.652625968053,16.85,1.430838203926));
#6154 = PCURVE('',#1400,#6155);
#6155 = DEFINITIONAL_REPRESENTATION('',(#6156),#6159);
#6156 = B_SPLINE_CURVE_WITH_KNOTS('',1,(#6157,#6158),.UNSPECIFIED.,.F.,
  .F.,(2,2),(-1.,-0.),.PIECEWISE_BEZIER_KNOTS.);
#6157 = CARTESIAN_POINT('',(1.547646467039,0.7));
#6158 = CARTESIAN_POINT('',(1.547646467039,0.));
#6159 = ( GEOMETRIC_REPRESENTATION_CONTEXT(2) 
PARAMETRIC_REPRESENTATION_CONTEXT() REPRESENTATION_CONTEXT('2D SPACE',''
  ) );
#6160 = ORIENTED_EDGE('',*,*,#6161,.F.);
#6161 = EDGE_CURVE('',#6054,#6146,#6162,.T.);
#6162 = SURFACE_CURVE('',#6163,(#6168,#6174),.PCURVE_S1.);
#6163 = B_SPLINE_CURVE_WITH_KNOTS('',3,(#6164,#6165,#6166,#6167),
  .UNSPECIFIED.,.F.,.F.,(4,4),(0.,1.),.PIECEWISE_BEZIER_KNOTS.);
#6164 = CARTESIAN_POINT('',(3.585537904726,16.85,1.466634138626));
#6165 = CARTESIAN_POINT('',(3.608172821141,16.85,1.455221985067));
#6166 = CARTESIAN_POINT('',(3.630543498883,16.85,1.443285743656));
#6167 = CARTESIAN_POINT('',(3.652625968053,16.85,1.430838203926));
#6168 = PCURVE('',#1400,#6169);
#6169 = DEFINITIONAL_REPRESENTATION('',(#6170),#6173);
#6170 = B_SPLINE_CURVE_WITH_KNOTS('',1,(#6171,#6172),.UNSPECIFIED.,.F.,
  .F.,(2,2),(0.,1.),.PIECEWISE_BEZIER_KNOTS.);
#6171 = CARTESIAN_POINT('',(1.593946186551,0.));
#6172 = CARTESIAN_POINT('',(1.547646467039,0.));
#6173 = ( GEOMETRIC_REPRESENTATION_CONTEXT(2) 
PARAMETRIC_REPRESENTATION_CONTEXT() REPRESENTATION_CONTEXT('2D SPACE',''
  ) );
#6174 = PCURVE('',#5924,#6175);
#6175 = DEFINITIONAL_REPRESENTATION('',(#6176),#6181);
#6176 = B_SPLINE_CURVE_WITH_KNOTS('',3,(#6177,#6178,#6179,#6180),
  .UNSPECIFIED.,.F.,.F.,(4,4),(0.,1.),.PIECEWISE_BEZIER_KNOTS.);
#6177 = CARTESIAN_POINT('',(0.739452874373,-1.466634138626));
#6178 = CARTESIAN_POINT('',(0.762087790788,-1.455221985067));
#6179 = CARTESIAN_POINT('',(0.78445846853,-1.443285743656));
#6180 = CARTESIAN_POINT('',(0.8065409377,-1.430838203926));
#6181 = ( GEOMETRIC_REPRESENTATION_CONTEXT(2) 
PARAMETRIC_REPRESENTATION_CONTEXT() REPRESENTATION_CONTEXT('2D SPACE',''
  ) );
#6182 = ADVANCED_FACE('',(#6183),#1485,.F.);
#6183 = FACE_BOUND('',#6184,.F.);
#6184 = EDGE_LOOP('',(#6185,#6211,#6225,#6226));
#6185 = ORIENTED_EDGE('',*,*,#6186,.F.);
#6186 = EDGE_CURVE('',#6187,#6189,#6191,.T.);
#6187 = VERTEX_POINT('',#6188);
#6188 = CARTESIAN_POINT('',(3.940126507679,16.85,1.649574977347));
#6189 = VERTEX_POINT('',#6190);
#6190 = CARTESIAN_POINT('',(4.037659208394,16.85,1.580561716039));
#6191 = SURFACE_CURVE('',#6192,(#6197,#6203),.PCURVE_S1.);
#6192 = B_SPLINE_CURVE_WITH_KNOTS('',3,(#6193,#6194,#6195,#6196),
  .UNSPECIFIED.,.F.,.F.,(4,4),(0.,1.),.PIECEWISE_BEZIER_KNOTS.);
#6193 = CARTESIAN_POINT('',(3.940126507679,16.85,1.649574977347));
#6194 = CARTESIAN_POINT('',(3.973321931506,16.85,1.627558899859));
#6195 = CARTESIAN_POINT('',(4.005852581374,16.85,1.604540504765));
#6196 = CARTESIAN_POINT('',(4.037659208394,16.85,1.580561716039));
#6197 = PCURVE('',#1485,#6198);
#6198 = DEFINITIONAL_REPRESENTATION('',(#6199),#6202);
#6199 = B_SPLINE_CURVE_WITH_KNOTS('',1,(#6200,#6201),.UNSPECIFIED.,.F.,
  .F.,(2,2),(0.,1.),.PIECEWISE_BEZIER_KNOTS.);
#6200 = CARTESIAN_POINT('',(5.747884063008,0.));
#6201 = CARTESIAN_POINT('',(5.687513196058,0.));
#6202 = ( GEOMETRIC_REPRESENTATION_CONTEXT(2) 
PARAMETRIC_REPRESENTATION_CONTEXT() REPRESENTATION_CONTEXT('2D SPACE',''
  ) );
#6203 = PCURVE('',#5924,#6204);
#6204 = DEFINITIONAL_REPRESENTATION('',(#6205),#6210);
#6205 = B_SPLINE_CURVE_WITH_KNOTS('',3,(#6206,#6207,#6208,#6209),
  .UNSPECIFIED.,.F.,.F.,(4,4),(0.,1.),.PIECEWISE_BEZIER_KNOTS.);
#6206 = CARTESIAN_POINT('',(1.094041477326,-1.649574977347));
#6207 = CARTESIAN_POINT('',(1.127236901153,-1.627558899859));
#6208 = CARTESIAN_POINT('',(1.159767551021,-1.604540504765));
#6209 = CARTESIAN_POINT('',(1.191574178041,-1.580561716039));
#6210 = ( GEOMETRIC_REPRESENTATION_CONTEXT(2) 
PARAMETRIC_REPRESENTATION_CONTEXT() REPRESENTATION_CONTEXT('2D SPACE',''
  ) );
#6211 = ORIENTED_EDGE('',*,*,#6212,.T.);
#6212 = EDGE_CURVE('',#6187,#1412,#6213,.T.);
#6213 = SURFACE_CURVE('',#6214,(#6219),.PCURVE_S1.);
#6214 = B_SPLINE_CURVE_WITH_KNOTS('',3,(#6215,#6216,#6217,#6218),
  .UNSPECIFIED.,.F.,.F.,(4,4),(-1.,-0.),.PIECEWISE_BEZIER_KNOTS.);
#6215 = CARTESIAN_POINT('',(3.940126507679,16.85,1.649574977347));
#6216 = CARTESIAN_POINT('',(3.940126507679,16.616666666667,
    1.649574977347));
#6217 = CARTESIAN_POINT('',(3.940126507679,16.383333333333,
    1.649574977347));
#6218 = CARTESIAN_POINT('',(3.940126507679,16.15,1.649574977347));
#6219 = PCURVE('',#1485,#6220);
#6220 = DEFINITIONAL_REPRESENTATION('',(#6221),#6224);
#6221 = B_SPLINE_CURVE_WITH_KNOTS('',1,(#6222,#6223),.UNSPECIFIED.,.F.,
  .F.,(2,2),(-1.,-0.),.PIECEWISE_BEZIER_KNOTS.);
#6222 = CARTESIAN_POINT('',(5.747884063008,0.));
#6223 = CARTESIAN_POINT('',(5.747884063008,0.7));
#6224 = ( GEOMETRIC_REPRESENTATION_CONTEXT(2) 
PARAMETRIC_REPRESENTATION_CONTEXT() REPRESENTATION_CONTEXT('2D SPACE',''
  ) );
#6225 = ORIENTED_EDGE('',*,*,#1467,.T.);
#6226 = ORIENTED_EDGE('',*,*,#6227,.F.);
#6227 = EDGE_CURVE('',#6189,#1468,#6228,.T.);
#6228 = SURFACE_CURVE('',#6229,(#6234,#6240),.PCURVE_S1.);
#6229 = B_SPLINE_CURVE_WITH_KNOTS('',3,(#6230,#6231,#6232,#6233),
  .UNSPECIFIED.,.F.,.F.,(4,4),(0.,1.),.PIECEWISE_BEZIER_KNOTS.);
#6230 = CARTESIAN_POINT('',(4.037659208394,16.85,1.580561716039));
#6231 = CARTESIAN_POINT('',(4.037659208395,16.616666666667,
    1.580561716044));
#6232 = CARTESIAN_POINT('',(4.037659208395,16.383333333333,
    1.580561716044));
#6233 = CARTESIAN_POINT('',(4.037659208394,16.15,1.580561716039));
#6234 = PCURVE('',#1485,#6235);
#6235 = DEFINITIONAL_REPRESENTATION('',(#6236),#6239);
#6236 = B_SPLINE_CURVE_WITH_KNOTS('',1,(#6237,#6238),.UNSPECIFIED.,.F.,
  .F.,(2,2),(0.,1.),.PIECEWISE_BEZIER_KNOTS.);
#6237 = CARTESIAN_POINT('',(5.687513196058,0.));
#6238 = CARTESIAN_POINT('',(5.687513196058,0.7));
#6239 = ( GEOMETRIC_REPRESENTATION_CONTEXT(2) 
PARAMETRIC_REPRESENTATION_CONTEXT() REPRESENTATION_CONTEXT('2D SPACE',''
  ) );
#6240 = PCURVE('',#1534,#6241);
#6241 = DEFINITIONAL_REPRESENTATION('',(#6242),#6246);
#6242 = LINE('',#6243,#6244);
#6243 = CARTESIAN_POINT('',(0.500975165842,0.));
#6244 = VECTOR('',#6245,1.);
#6245 = DIRECTION('',(-1.110223024625E-16,1.));
#6246 = ( GEOMETRIC_REPRESENTATION_CONTEXT(2) 
PARAMETRIC_REPRESENTATION_CONTEXT() REPRESENTATION_CONTEXT('2D SPACE',''
  ) );
#6247 = ADVANCED_FACE('',(#6248),#1534,.F.);
#6248 = FACE_BOUND('',#6249,.F.);
#6249 = EDGE_LOOP('',(#6250,#6401,#6402,#6403));
#6250 = ORIENTED_EDGE('',*,*,#6251,.F.);
#6251 = EDGE_CURVE('',#6189,#6252,#6254,.T.);
#6252 = VERTEX_POINT('',#6253);
#6253 = CARTESIAN_POINT('',(3.955082852111,16.85,1.210984947075));
#6254 = SURFACE_CURVE('',#6255,(#6281,#6372),.PCURVE_S1.);
#6255 = B_SPLINE_CURVE_WITH_KNOTS('',3,(#6256,#6257,#6258,#6259,#6260,
    #6261,#6262,#6263,#6264,#6265,#6266,#6267,#6268,#6269,#6270,#6271,
    #6272,#6273,#6274,#6275,#6276,#6277,#6278,#6279,#6280),
  .UNSPECIFIED.,.F.,.F.,(4,1,1,1,1,1,1,1,1,1,1,1,1,1,1,1,1,1,1,1,1,1,4),
  (0.,2.936991105782E-02,7.695359025921E-02,0.122595078482,
    0.166294375726,0.208051481993,0.247866397283,0.285739121596,
    0.321669654933,0.355657997295,0.387704148684,0.417808109099,
    0.445969878543,0.472189457018,0.496466844525,0.518802041068,
    0.539195046649,0.557645861275,0.57415448495,0.588720917685,
    0.601345159492,0.61202721039,1.),.UNSPECIFIED.);
#6256 = CARTESIAN_POINT('',(4.037659208394,16.85,1.580561716039));
#6257 = CARTESIAN_POINT('',(4.037048306364,16.85,1.577062115941));
#6258 = CARTESIAN_POINT('',(4.035393473956,16.85,1.567902098958));
#6259 = CARTESIAN_POINT('',(4.032526210875,16.85,1.553352356091));
#6260 = CARTESIAN_POINT('',(4.028999605986,16.85,1.537169246263));
#6261 = CARTESIAN_POINT('',(4.025314021586,16.85,1.521745369693));
#6262 = CARTESIAN_POINT('',(4.021498348781,16.85,1.507080337941));
#6263 = CARTESIAN_POINT('',(4.017581394074,16.85,1.493172912052));
#6264 = CARTESIAN_POINT('',(4.013591856933,16.85,1.480021005895));
#6265 = CARTESIAN_POINT('',(4.009558307455,16.85,1.467621690058));
#6266 = CARTESIAN_POINT('',(4.005509164151,16.85,1.455971196294));
#6267 = CARTESIAN_POINT('',(4.001472671844,16.85,1.44506492253));
#6268 = CARTESIAN_POINT('',(3.997476879746,16.85,1.434897438393));
#6269 = CARTESIAN_POINT('',(3.993549619572,16.85,1.425462491372));
#6270 = CARTESIAN_POINT('',(3.9897184842,16.85,1.416753013235));
#6271 = CARTESIAN_POINT('',(3.98601080523,16.85,1.40876112792));
#6272 = CARTESIAN_POINT('',(3.982453634979,16.85,1.401478156869));
#6273 = CARTESIAN_POINT('',(3.979073714677,16.85,1.394894635078));
#6274 = CARTESIAN_POINT('',(3.975897488454,16.85,1.389000294506));
#6275 = CARTESIAN_POINT('',(3.972950970898,16.85,1.383784154738));
#6276 = CARTESIAN_POINT('',(3.970260078815,16.85,1.37923427648));
#6277 = CARTESIAN_POINT('',(3.967849523893,16.85,1.375338563204));
#6278 = CARTESIAN_POINT('',(3.940853690152,16.85,1.333549056611));
#6279 = CARTESIAN_POINT('',(3.897196844341,16.85,1.304672288431));
#6280 = CARTESIAN_POINT('',(3.955082852111,16.85,1.210984947075));
#6281 = PCURVE('',#1534,#6282);
#6282 = DEFINITIONAL_REPRESENTATION('',(#6283),#6371);
#6283 = B_SPLINE_CURVE_WITH_KNOTS('',3,(#6284,#6285,#6286,#6287,#6288,
    #6289,#6290,#6291,#6292,#6293,#6294,#6295,#6296,#6297,#6298,#6299,
    #6300,#6301,#6302,#6303,#6304,#6305,#6306,#6307,#6308,#6309,#6310,
    #6311,#6312,#6313,#6314,#6315,#6316,#6317,#6318,#6319,#6320,#6321,
    #6322,#6323,#6324,#6325,#6326,#6327,#6328,#6329,#6330,#6331,#6332,
    #6333,#6334,#6335,#6336,#6337,#6338,#6339,#6340,#6341,#6342,#6343,
    #6344,#6345,#6346,#6347,#6348,#6349,#6350,#6351,#6352,#6353,#6354,
    #6355,#6356,#6357,#6358,#6359,#6360,#6361,#6362,#6363,#6364,#6365,
    #6366,#6367,#6368,#6369,#6370),.UNSPECIFIED.,.F.,.F.,(4,1,1,1,1,1,1,
    1,1,1,1,1,1,1,1,1,1,1,1,1,1,1,1,1,1,1,1,1,1,1,1,1,1,1,1,1,1,1,1,1,1,
    1,1,1,1,1,1,1,1,1,1,1,1,1,1,1,1,1,1,1,1,1,1,1,1,1,1,1,1,1,1,1,1,1,1,
    1,1,1,1,1,1,1,1,1,4),(0.,1.136363636364E-02,2.272727272727E-02,
    3.409090909091E-02,4.545454545455E-02,5.681818181818E-02,
    6.818181818182E-02,7.954545454545E-02,9.090909090909E-02,
    0.102272727273,0.113636363636,0.125,0.136363636364,0.147727272727,
    0.159090909091,0.170454545455,0.181818181818,0.193181818182,
    0.204545454545,0.215909090909,0.227272727273,0.238636363636,0.25,
    0.261363636364,0.272727272727,0.284090909091,0.295454545455,
    0.306818181818,0.318181818182,0.329545454545,0.340909090909,
    0.352272727273,0.363636363636,0.375,0.386363636364,0.397727272727,
    0.409090909091,0.420454545455,0.431818181818,0.443181818182,
    0.454545454545,0.465909090909,0.477272727273,0.488636363636,0.5,
    0.511363636364,0.522727272727,0.534090909091,0.545454545455,
    0.556818181818,0.568181818182,0.579545454545,0.590909090909,
    0.602272727273,0.613636363636,0.625,0.636363636364,0.647727272727,
    0.659090909091,0.670454545455,0.681818181818,0.693181818182,
    0.704545454545,0.715909090909,0.727272727273,0.738636363636,0.75,
    0.761363636364,0.772727272727,0.784090909091,0.795454545455,
    0.806818181818,0.818181818182,0.829545454545,0.840909090909,
    0.852272727273,0.863636363636,0.875,0.886363636364,0.897727272727,
    0.909090909091,0.920454545455,0.931818181818,0.943181818182,1.),
  .UNSPECIFIED.);
#6284 = CARTESIAN_POINT('',(0.500975165828,0.));
#6285 = CARTESIAN_POINT('',(0.499077532627,0.));
#6286 = CARTESIAN_POINT('',(0.495282266221,0.));
#6287 = CARTESIAN_POINT('',(0.489589366603,0.));
#6288 = CARTESIAN_POINT('',(0.483896466993,0.));
#6289 = CARTESIAN_POINT('',(0.478203567381,0.));
#6290 = CARTESIAN_POINT('',(0.472510667769,0.));
#6291 = CARTESIAN_POINT('',(0.466817768158,0.));
#6292 = CARTESIAN_POINT('',(0.461124868546,0.));
#6293 = CARTESIAN_POINT('',(0.455431968934,0.));
#6294 = CARTESIAN_POINT('',(0.449739069323,0.));
#6295 = CARTESIAN_POINT('',(0.444046169711,0.));
#6296 = CARTESIAN_POINT('',(0.438353270099,0.));
#6297 = CARTESIAN_POINT('',(0.432660370487,0.));
#6298 = CARTESIAN_POINT('',(0.426967470876,0.));
#6299 = CARTESIAN_POINT('',(0.421274571264,0.));
#6300 = CARTESIAN_POINT('',(0.415581671652,0.));
#6301 = CARTESIAN_POINT('',(0.409888772041,0.));
#6302 = CARTESIAN_POINT('',(0.404195872429,0.));
#6303 = CARTESIAN_POINT('',(0.398502972817,0.));
#6304 = CARTESIAN_POINT('',(0.392810073206,0.));
#6305 = CARTESIAN_POINT('',(0.387117173594,0.));
#6306 = CARTESIAN_POINT('',(0.381424273982,0.));
#6307 = CARTESIAN_POINT('',(0.375731374371,0.));
#6308 = CARTESIAN_POINT('',(0.370038474759,0.));
#6309 = CARTESIAN_POINT('',(0.364345575147,0.));
#6310 = CARTESIAN_POINT('',(0.358652675536,0.));
#6311 = CARTESIAN_POINT('',(0.352959775924,0.));
#6312 = CARTESIAN_POINT('',(0.347266876312,0.));
#6313 = CARTESIAN_POINT('',(0.341573976701,0.));
#6314 = CARTESIAN_POINT('',(0.335881077089,0.));
#6315 = CARTESIAN_POINT('',(0.330188177477,0.));
#6316 = CARTESIAN_POINT('',(0.324495277866,0.));
#6317 = CARTESIAN_POINT('',(0.318802378254,0.));
#6318 = CARTESIAN_POINT('',(0.313109478642,0.));
#6319 = CARTESIAN_POINT('',(0.307416579031,0.));
#6320 = CARTESIAN_POINT('',(0.301723679419,0.));
#6321 = CARTESIAN_POINT('',(0.296030779807,0.));
#6322 = CARTESIAN_POINT('',(0.290337880196,0.));
#6323 = CARTESIAN_POINT('',(0.284644980584,0.));
#6324 = CARTESIAN_POINT('',(0.278952080972,0.));
#6325 = CARTESIAN_POINT('',(0.273259181361,0.));
#6326 = CARTESIAN_POINT('',(0.267566281749,0.));
#6327 = CARTESIAN_POINT('',(0.261873382137,0.));
#6328 = CARTESIAN_POINT('',(0.256180482525,0.));
#6329 = CARTESIAN_POINT('',(0.250487582914,0.));
#6330 = CARTESIAN_POINT('',(0.244794683302,0.));
#6331 = CARTESIAN_POINT('',(0.239101783691,0.));
#6332 = CARTESIAN_POINT('',(0.233408884077,0.));
#6333 = CARTESIAN_POINT('',(0.227715984475,0.));
#6334 = CARTESIAN_POINT('',(0.222023084826,0.));
#6335 = CARTESIAN_POINT('',(0.216330185353,0.));
#6336 = CARTESIAN_POINT('',(0.210637285224,0.));
#6337 = CARTESIAN_POINT('',(0.204944387545,0.));
#6338 = CARTESIAN_POINT('',(0.199251480718,0.));
#6339 = CARTESIAN_POINT('',(0.193558608034,0.));
#6340 = CARTESIAN_POINT('',(0.187865604509,0.));
#6341 = CARTESIAN_POINT('',(0.182171567086,0.));
#6342 = CARTESIAN_POINT('',(0.176476196533,0.));
#6343 = CARTESIAN_POINT('',(0.170779304802,0.));
#6344 = CARTESIAN_POINT('',(0.165080574084,0.));
#6345 = CARTESIAN_POINT('',(0.159379246878,0.));
#6346 = CARTESIAN_POINT('',(0.153673826012,0.));
#6347 = CARTESIAN_POINT('',(0.147961752521,0.));
#6348 = CARTESIAN_POINT('',(0.142239057436,0.));
#6349 = CARTESIAN_POINT('',(0.136499976768,0.));
#6350 = CARTESIAN_POINT('',(0.130736524265,0.));
#6351 = CARTESIAN_POINT('',(0.124938022643,0.));
#6352 = CARTESIAN_POINT('',(0.119090606673,0.));
#6353 = CARTESIAN_POINT('',(0.113176734217,0.));
#6354 = CARTESIAN_POINT('',(0.107174781969,0.));
#6355 = CARTESIAN_POINT('',(0.101058872939,0.));
#6356 = CARTESIAN_POINT('',(9.479919743202E-02,0.));
#6357 = CARTESIAN_POINT('',(8.836325867288E-02,0.));
#6358 = CARTESIAN_POINT('',(8.171866906307E-02,0.));
#6359 = CARTESIAN_POINT('',(7.483821813894E-02,0.));
#6360 = CARTESIAN_POINT('',(6.770753214974E-02,0.));
#6361 = CARTESIAN_POINT('',(6.033432473855E-02,0.));
#6362 = CARTESIAN_POINT('',(5.275530385539E-02,0.));
#6363 = CARTESIAN_POINT('',(4.503606659983E-02,0.));
#6364 = CARTESIAN_POINT('',(3.725704991734E-02,0.));
#6365 = CARTESIAN_POINT('',(2.950369411236E-02,0.));
#6366 = CARTESIAN_POINT('',(2.181867428076E-02,0.));
#6367 = CARTESIAN_POINT('',(1.431569350881E-02,0.));
#6368 = CARTESIAN_POINT('',(-3.376702973067E-03,0.));
#6369 = CARTESIAN_POINT('',(-1.276435975461E-02,-0.));
#6370 = CARTESIAN_POINT('',(-6.620741528688E-06,0.));
#6371 = ( GEOMETRIC_REPRESENTATION_CONTEXT(2) 
PARAMETRIC_REPRESENTATION_CONTEXT() REPRESENTATION_CONTEXT('2D SPACE',''
  ) );
#6372 = PCURVE('',#5924,#6373);
#6373 = DEFINITIONAL_REPRESENTATION('',(#6374),#6400);
#6374 = B_SPLINE_CURVE_WITH_KNOTS('',3,(#6375,#6376,#6377,#6378,#6379,
    #6380,#6381,#6382,#6383,#6384,#6385,#6386,#6387,#6388,#6389,#6390,
    #6391,#6392,#6393,#6394,#6395,#6396,#6397,#6398,#6399),
  .UNSPECIFIED.,.F.,.F.,(4,1,1,1,1,1,1,1,1,1,1,1,1,1,1,1,1,1,1,1,1,1,4),
  (0.,2.936991105782E-02,7.695359025921E-02,0.122595078482,
    0.166294375726,0.208051481993,0.247866397283,0.285739121596,
    0.321669654933,0.355657997295,0.387704148684,0.417808109099,
    0.445969878543,0.472189457018,0.496466844525,0.518802041068,
    0.539195046649,0.557645861275,0.57415448495,0.588720917685,
    0.601345159492,0.61202721039,1.),.UNSPECIFIED.);
#6375 = CARTESIAN_POINT('',(1.191574178041,-1.580561716039));
#6376 = CARTESIAN_POINT('',(1.190963276011,-1.577062115941));
#6377 = CARTESIAN_POINT('',(1.189308443603,-1.567902098958));
#6378 = CARTESIAN_POINT('',(1.186441180522,-1.553352356091));
#6379 = CARTESIAN_POINT('',(1.182914575633,-1.537169246263));
#6380 = CARTESIAN_POINT('',(1.179228991233,-1.521745369693));
#6381 = CARTESIAN_POINT('',(1.175413318428,-1.507080337941));
#6382 = CARTESIAN_POINT('',(1.171496363721,-1.493172912052));
#6383 = CARTESIAN_POINT('',(1.16750682658,-1.480021005895));
#6384 = CARTESIAN_POINT('',(1.163473277102,-1.467621690058));
#6385 = CARTESIAN_POINT('',(1.159424133798,-1.455971196294));
#6386 = CARTESIAN_POINT('',(1.155387641491,-1.44506492253));
#6387 = CARTESIAN_POINT('',(1.151391849393,-1.434897438393));
#6388 = CARTESIAN_POINT('',(1.147464589219,-1.425462491372));
#6389 = CARTESIAN_POINT('',(1.143633453847,-1.416753013235));
#6390 = CARTESIAN_POINT('',(1.139925774877,-1.40876112792));
#6391 = CARTESIAN_POINT('',(1.136368604626,-1.401478156869));
#6392 = CARTESIAN_POINT('',(1.132988684324,-1.394894635078));
#6393 = CARTESIAN_POINT('',(1.129812458101,-1.389000294506));
#6394 = CARTESIAN_POINT('',(1.126865940545,-1.383784154738));
#6395 = CARTESIAN_POINT('',(1.124175048462,-1.37923427648));
#6396 = CARTESIAN_POINT('',(1.12176449354,-1.375338563204));
#6397 = CARTESIAN_POINT('',(1.094768659799,-1.333549056611));
#6398 = CARTESIAN_POINT('',(1.051111813988,-1.304672288431));
#6399 = CARTESIAN_POINT('',(1.108997821757,-1.210984947075));
#6400 = ( GEOMETRIC_REPRESENTATION_CONTEXT(2) 
PARAMETRIC_REPRESENTATION_CONTEXT() REPRESENTATION_CONTEXT('2D SPACE',''
  ) );
#6401 = ORIENTED_EDGE('',*,*,#6227,.T.);
#6402 = ORIENTED_EDGE('',*,*,#1496,.T.);
#6403 = ORIENTED_EDGE('',*,*,#6404,.F.);
#6404 = EDGE_CURVE('',#6252,#1497,#6405,.T.);
#6405 = SURFACE_CURVE('',#6406,(#6409,#6438),.PCURVE_S1.);
#6406 = B_SPLINE_CURVE_WITH_KNOTS('',1,(#6407,#6408),.UNSPECIFIED.,.F.,
  .F.,(2,2),(0.,1.),.PIECEWISE_BEZIER_KNOTS.);
#6407 = CARTESIAN_POINT('',(3.955082852111,16.85,1.210984947075));
#6408 = CARTESIAN_POINT('',(3.955082852111,16.15,1.210984947075));
#6409 = PCURVE('',#1534,#6410);
#6410 = DEFINITIONAL_REPRESENTATION('',(#6411),#6437);
#6411 = B_SPLINE_CURVE_WITH_KNOTS('',3,(#6412,#6413,#6414,#6415,#6416,
    #6417,#6418,#6419,#6420,#6421,#6422,#6423,#6424,#6425,#6426,#6427,
    #6428,#6429,#6430,#6431,#6432,#6433,#6434,#6435,#6436),
  .UNSPECIFIED.,.F.,.F.,(4,1,1,1,1,1,1,1,1,1,1,1,1,1,1,1,1,1,1,1,1,1,4),
  (0.,4.545454545455E-02,9.090909090909E-02,0.136363636364,
    0.181818181818,0.227272727273,0.272727272727,0.318181818182,
    0.363636363636,0.409090909091,0.454545454545,0.5,0.545454545455,
    0.590909090909,0.636363636364,0.681818181818,0.727272727273,
    0.772727272727,0.818181818182,0.863636363636,0.909090909091,
    0.954545454545,1.),.QUASI_UNIFORM_KNOTS.);
#6412 = CARTESIAN_POINT('',(-6.620741528688E-06,0.));
#6413 = CARTESIAN_POINT('',(-6.620741528688E-06,1.515151515151E-02));
#6414 = CARTESIAN_POINT('',(-6.620741528688E-06,4.545454545454E-02));
#6415 = CARTESIAN_POINT('',(-6.620741528688E-06,9.090909090909E-02));
#6416 = CARTESIAN_POINT('',(-6.620741528688E-06,0.136363636364));
#6417 = CARTESIAN_POINT('',(-6.620741528688E-06,0.181818181818));
#6418 = CARTESIAN_POINT('',(-6.620741528688E-06,0.227272727273));
#6419 = CARTESIAN_POINT('',(-6.620741528688E-06,0.272727272727));
#6420 = CARTESIAN_POINT('',(-6.620741528688E-06,0.318181818182));
#6421 = CARTESIAN_POINT('',(-6.620741528688E-06,0.363636363636));
#6422 = CARTESIAN_POINT('',(-6.620741528688E-06,0.409090909091));
#6423 = CARTESIAN_POINT('',(-6.620741528688E-06,0.454545454545));
#6424 = CARTESIAN_POINT('',(-6.620741528688E-06,0.5));
#6425 = CARTESIAN_POINT('',(-6.620741528688E-06,0.545454545455));
#6426 = CARTESIAN_POINT('',(-6.620741528688E-06,0.590909090909));
#6427 = CARTESIAN_POINT('',(-6.620741528688E-06,0.636363636364));
#6428 = CARTESIAN_POINT('',(-6.620741528688E-06,0.681818181818));
#6429 = CARTESIAN_POINT('',(-6.620741528688E-06,0.727272727273));
#6430 = CARTESIAN_POINT('',(-6.620741528688E-06,0.772727272727));
#6431 = CARTESIAN_POINT('',(-6.620741528688E-06,0.818181818182));
#6432 = CARTESIAN_POINT('',(-6.620741528688E-06,0.863636363636));
#6433 = CARTESIAN_POINT('',(-6.620741528688E-06,0.909090909091));
#6434 = CARTESIAN_POINT('',(-6.620741528688E-06,0.954545454545));
#6435 = CARTESIAN_POINT('',(-6.620741528688E-06,0.984848484848));
#6436 = CARTESIAN_POINT('',(-6.620741528688E-06,1.));
#6437 = ( GEOMETRIC_REPRESENTATION_CONTEXT(2) 
PARAMETRIC_REPRESENTATION_CONTEXT() REPRESENTATION_CONTEXT('2D SPACE',''
  ) );
#6438 = PCURVE('',#1691,#6439);
#6439 = DEFINITIONAL_REPRESENTATION('',(#6440),#6466);
#6440 = B_SPLINE_CURVE_WITH_KNOTS('',3,(#6441,#6442,#6443,#6444,#6445,
    #6446,#6447,#6448,#6449,#6450,#6451,#6452,#6453,#6454,#6455,#6456,
    #6457,#6458,#6459,#6460,#6461,#6462,#6463,#6464,#6465),
  .UNSPECIFIED.,.F.,.F.,(4,1,1,1,1,1,1,1,1,1,1,1,1,1,1,1,1,1,1,1,1,1,4),
  (0.,4.545454545455E-02,9.090909090909E-02,0.136363636364,
    0.181818181818,0.227272727273,0.272727272727,0.318181818182,
    0.363636363636,0.409090909091,0.454545454545,0.5,0.545454545455,
    0.590909090909,0.636363636364,0.681818181818,0.727272727273,
    0.772727272727,0.818181818182,0.863636363636,0.909090909091,
    0.954545454545,1.),.QUASI_UNIFORM_KNOTS.);
#6441 = CARTESIAN_POINT('',(1.000006882835,0.));
#6442 = CARTESIAN_POINT('',(1.000006882835,1.515151515151E-02));
#6443 = CARTESIAN_POINT('',(1.000006882835,4.545454545454E-02));
#6444 = CARTESIAN_POINT('',(1.000006882835,9.090909090909E-02));
#6445 = CARTESIAN_POINT('',(1.000006882835,0.136363636364));
#6446 = CARTESIAN_POINT('',(1.000006882835,0.181818181818));
#6447 = CARTESIAN_POINT('',(1.000006882835,0.227272727273));
#6448 = CARTESIAN_POINT('',(1.000006882835,0.272727272727));
#6449 = CARTESIAN_POINT('',(1.000006882835,0.318181818182));
#6450 = CARTESIAN_POINT('',(1.000006882835,0.363636363636));
#6451 = CARTESIAN_POINT('',(1.000006882835,0.409090909091));
#6452 = CARTESIAN_POINT('',(1.000006882835,0.454545454545));
#6453 = CARTESIAN_POINT('',(1.000006882835,0.5));
#6454 = CARTESIAN_POINT('',(1.000006882835,0.545454545455));
#6455 = CARTESIAN_POINT('',(1.000006882835,0.590909090909));
#6456 = CARTESIAN_POINT('',(1.000006882835,0.636363636364));
#6457 = CARTESIAN_POINT('',(1.000006882835,0.681818181818));
#6458 = CARTESIAN_POINT('',(1.000006882835,0.727272727273));
#6459 = CARTESIAN_POINT('',(1.000006882835,0.772727272727));
#6460 = CARTESIAN_POINT('',(1.000006882835,0.818181818182));
#6461 = CARTESIAN_POINT('',(1.000006882835,0.863636363636));
#6462 = CARTESIAN_POINT('',(1.000006882835,0.909090909091));
#6463 = CARTESIAN_POINT('',(1.000006882835,0.954545454545));
#6464 = CARTESIAN_POINT('',(1.000006882835,0.984848484848));
#6465 = CARTESIAN_POINT('',(1.000006882835,1.));
#6466 = ( GEOMETRIC_REPRESENTATION_CONTEXT(2) 
PARAMETRIC_REPRESENTATION_CONTEXT() REPRESENTATION_CONTEXT('2D SPACE',''
  ) );
#6467 = ADVANCED_FACE('',(#6468),#1691,.F.);
#6468 = FACE_BOUND('',#6469,.F.);
#6469 = EDGE_LOOP('',(#6470,#6471,#6492,#6641));
#6470 = ORIENTED_EDGE('',*,*,#1635,.T.);
#6471 = ORIENTED_EDGE('',*,*,#6472,.F.);
#6472 = EDGE_CURVE('',#6473,#1636,#6475,.T.);
#6473 = VERTEX_POINT('',#6474);
#6474 = CARTESIAN_POINT('',(4.315987797867,16.85,1.325673494531));
#6475 = SURFACE_CURVE('',#6476,(#6479,#6486),.PCURVE_S1.);
#6476 = B_SPLINE_CURVE_WITH_KNOTS('',1,(#6477,#6478),.UNSPECIFIED.,.F.,
  .F.,(2,2),(0.,1.),.PIECEWISE_BEZIER_KNOTS.);
#6477 = CARTESIAN_POINT('',(4.315987797867,16.85,1.325673494531));
#6478 = CARTESIAN_POINT('',(4.315987797867,16.15,1.325673494531));
#6479 = PCURVE('',#1691,#6480);
#6480 = DEFINITIONAL_REPRESENTATION('',(#6481),#6485);
#6481 = LINE('',#6482,#6483);
#6482 = CARTESIAN_POINT('',(0.499024834132,-3.167198491319E-15));
#6483 = VECTOR('',#6484,1.);
#6484 = DIRECTION('',(2.775557561563E-16,1.));
#6485 = ( GEOMETRIC_REPRESENTATION_CONTEXT(2) 
PARAMETRIC_REPRESENTATION_CONTEXT() REPRESENTATION_CONTEXT('2D SPACE',''
  ) );
#6486 = PCURVE('',#1832,#6487);
#6487 = DEFINITIONAL_REPRESENTATION('',(#6488),#6491);
#6488 = B_SPLINE_CURVE_WITH_KNOTS('',1,(#6489,#6490),.UNSPECIFIED.,.F.,
  .F.,(2,2),(0.,1.),.PIECEWISE_BEZIER_KNOTS.);
#6489 = CARTESIAN_POINT('',(5.496556650717,0.));
#6490 = CARTESIAN_POINT('',(5.496556650717,0.7));
#6491 = ( GEOMETRIC_REPRESENTATION_CONTEXT(2) 
PARAMETRIC_REPRESENTATION_CONTEXT() REPRESENTATION_CONTEXT('2D SPACE',''
  ) );
#6492 = ORIENTED_EDGE('',*,*,#6493,.F.);
#6493 = EDGE_CURVE('',#6252,#6473,#6494,.T.);
#6494 = SURFACE_CURVE('',#6495,(#6521,#6612),.PCURVE_S1.);
#6495 = B_SPLINE_CURVE_WITH_KNOTS('',3,(#6496,#6497,#6498,#6499,#6500,
    #6501,#6502,#6503,#6504,#6505,#6506,#6507,#6508,#6509,#6510,#6511,
    #6512,#6513,#6514,#6515,#6516,#6517,#6518,#6519,#6520),
  .UNSPECIFIED.,.F.,.F.,(4,1,1,1,1,1,1,1,1,1,1,1,1,1,1,1,1,1,1,1,1,1,4),
  (0.,0.387972789549,0.398654840446,0.41127908225,0.425845514983,
    0.442354138656,0.460804953278,0.481197958857,0.503533155396,
    0.527810542899,0.55403012137,0.58219189081,0.61229585122,
    0.644342002604,0.67833034496,0.714260878292,0.752133602599,
    0.791948517882,0.833705624143,0.87740492138,0.923046409596,
    0.97063008879,1.),.UNSPECIFIED.);
#6496 = CARTESIAN_POINT('',(3.955082852111,16.85,1.210984947075));
#6497 = CARTESIAN_POINT('',(4.053488344506,16.85,1.161543396812));
#6498 = CARTESIAN_POINT('',(4.078422786538,16.85,1.207565799262));
#6499 = CARTESIAN_POINT('',(4.117682175941,16.85,1.238124566324));
#6500 = CARTESIAN_POINT('',(4.121351332641,16.85,1.240867675157));
#6501 = CARTESIAN_POINT('',(4.125647530974,16.85,1.243947443371));
#6502 = CARTESIAN_POINT('',(4.13058498928,16.85,1.247340316086));
#6503 = CARTESIAN_POINT('',(4.136177875023,16.85,1.251021524159));
#6504 = CARTESIAN_POINT('',(4.142439409065,16.85,1.254966116895));
#6505 = CARTESIAN_POINT('',(4.149382140337,16.85,1.259148653208));
#6506 = CARTESIAN_POINT('',(4.157017843903,16.85,1.263543325584));
#6507 = CARTESIAN_POINT('',(4.165357538709,16.85,1.268123947617));
#6508 = CARTESIAN_POINT('',(4.17441146881,16.85,1.27286398427));
#6509 = CARTESIAN_POINT('',(4.184189096476,16.85,1.277736569353));
#6510 = CARTESIAN_POINT('',(4.194699092359,16.85,1.282714527177));
#6511 = CARTESIAN_POINT('',(4.205949327231,16.85,1.287770393252));
#6512 = CARTESIAN_POINT('',(4.217946863924,16.85,1.292876435547));
#6513 = CARTESIAN_POINT('',(4.230697949901,16.85,1.298004675846));
#6514 = CARTESIAN_POINT('',(4.244208010329,16.85,1.303126911321));
#6515 = CARTESIAN_POINT('',(4.2584816417,16.85,1.308214736274));
#6516 = CARTESIAN_POINT('',(4.273522605987,16.85,1.313239564044));
#6517 = CARTESIAN_POINT('',(4.289333825357,16.85,1.318172649061));
#6518 = CARTESIAN_POINT('',(4.303575836505,16.85,1.322305606127));
#6519 = CARTESIAN_POINT('',(4.312555304976,16.85,1.324757855658));
#6520 = CARTESIAN_POINT('',(4.315987797867,16.85,1.325673494531));
#6521 = PCURVE('',#1691,#6522);
#6522 = DEFINITIONAL_REPRESENTATION('',(#6523),#6611);
#6523 = B_SPLINE_CURVE_WITH_KNOTS('',3,(#6524,#6525,#6526,#6527,#6528,
    #6529,#6530,#6531,#6532,#6533,#6534,#6535,#6536,#6537,#6538,#6539,
    #6540,#6541,#6542,#6543,#6544,#6545,#6546,#6547,#6548,#6549,#6550,
    #6551,#6552,#6553,#6554,#6555,#6556,#6557,#6558,#6559,#6560,#6561,
    #6562,#6563,#6564,#6565,#6566,#6567,#6568,#6569,#6570,#6571,#6572,
    #6573,#6574,#6575,#6576,#6577,#6578,#6579,#6580,#6581,#6582,#6583,
    #6584,#6585,#6586,#6587,#6588,#6589,#6590,#6591,#6592,#6593,#6594,
    #6595,#6596,#6597,#6598,#6599,#6600,#6601,#6602,#6603,#6604,#6605,
    #6606,#6607,#6608,#6609,#6610),.UNSPECIFIED.,.F.,.F.,(4,1,1,1,1,1,1,
    1,1,1,1,1,1,1,1,1,1,1,1,1,1,1,1,1,1,1,1,1,1,1,1,1,1,1,1,1,1,1,1,1,1,
    1,1,1,1,1,1,1,1,1,1,1,1,1,1,1,1,1,1,1,1,1,1,1,1,1,1,1,1,1,1,1,1,1,1,
    1,1,1,1,1,1,1,1,1,4),(0.,5.681818181818E-02,6.818181818182E-02,
    7.954545454545E-02,9.090909090909E-02,0.102272727273,0.113636363636,
    0.125,0.136363636364,0.147727272727,0.159090909091,0.170454545455,
    0.181818181818,0.193181818182,0.204545454545,0.215909090909,
    0.227272727273,0.238636363636,0.25,0.261363636364,0.272727272727,
    0.284090909091,0.295454545455,0.306818181818,0.318181818182,
    0.329545454545,0.340909090909,0.352272727273,0.363636363636,0.375,
    0.386363636364,0.397727272727,0.409090909091,0.420454545455,
    0.431818181818,0.443181818182,0.454545454545,0.465909090909,
    0.477272727273,0.488636363636,0.5,0.511363636364,0.522727272727,
    0.534090909091,0.545454545455,0.556818181818,0.568181818182,
    0.579545454545,0.590909090909,0.602272727273,0.613636363636,0.625,
    0.636363636364,0.647727272727,0.659090909091,0.670454545455,
    0.681818181818,0.693181818182,0.704545454545,0.715909090909,
    0.727272727273,0.738636363636,0.75,0.761363636364,0.772727272727,
    0.784090909091,0.795454545455,0.806818181818,0.818181818182,
    0.829545454545,0.840909090909,0.852272727273,0.863636363636,0.875,
    0.886363636364,0.897727272727,0.909090909091,0.920454545455,
    0.931818181818,0.943181818182,0.954545454545,0.965909090909,
    0.977272727273,0.988636363636,1.),.UNSPECIFIED.);
#6524 = CARTESIAN_POINT('',(1.000006882835,0.));
#6525 = CARTESIAN_POINT('',(1.012764399275,0.));
#6526 = CARTESIAN_POINT('',(1.003376699514,0.));
#6527 = CARTESIAN_POINT('',(0.985684306828,0.));
#6528 = CARTESIAN_POINT('',(0.978181325619,0.));
#6529 = CARTESIAN_POINT('',(0.970496305903,0.));
#6530 = CARTESIAN_POINT('',(0.962742950065,0.));
#6531 = CARTESIAN_POINT('',(0.95496393339,0.));
#6532 = CARTESIAN_POINT('',(0.947244696131,0.));
#6533 = CARTESIAN_POINT('',(0.939665675247,0.));
#6534 = CARTESIAN_POINT('',(0.932292467835,0.));
#6535 = CARTESIAN_POINT('',(0.925161781846,0.));
#6536 = CARTESIAN_POINT('',(0.918281330921,0.));
#6537 = CARTESIAN_POINT('',(0.911636741311,0.));
#6538 = CARTESIAN_POINT('',(0.905200802551,0.));
#6539 = CARTESIAN_POINT('',(0.898941127043,0.));
#6540 = CARTESIAN_POINT('',(0.892825218013,0.));
#6541 = CARTESIAN_POINT('',(0.886823265764,0.));
#6542 = CARTESIAN_POINT('',(0.880909393308,0.));
#6543 = CARTESIAN_POINT('',(0.875061977337,0.));
#6544 = CARTESIAN_POINT('',(0.869263475715,0.));
#6545 = CARTESIAN_POINT('',(0.86350002321,0.));
#6546 = CARTESIAN_POINT('',(0.857760942542,0.));
#6547 = CARTESIAN_POINT('',(0.852038247456,0.));
#6548 = CARTESIAN_POINT('',(0.846326173963,0.));
#6549 = CARTESIAN_POINT('',(0.840620753097,0.));
#6550 = CARTESIAN_POINT('',(0.83491942589,0.));
#6551 = CARTESIAN_POINT('',(0.829220695171,0.));
#6552 = CARTESIAN_POINT('',(0.823523803439,0.));
#6553 = CARTESIAN_POINT('',(0.817828432885,0.));
#6554 = CARTESIAN_POINT('',(0.812134395462,0.));
#6555 = CARTESIAN_POINT('',(0.806441391936,0.));
#6556 = CARTESIAN_POINT('',(0.80074851925,0.));
#6557 = CARTESIAN_POINT('',(0.795055612423,0.));
#6558 = CARTESIAN_POINT('',(0.789362714743,0.));
#6559 = CARTESIAN_POINT('',(0.783669814613,0.));
#6560 = CARTESIAN_POINT('',(0.777976915139,0.));
#6561 = CARTESIAN_POINT('',(0.772284015489,0.));
#6562 = CARTESIAN_POINT('',(0.766591115887,0.));
#6563 = CARTESIAN_POINT('',(0.760898216271,0.));
#6564 = CARTESIAN_POINT('',(0.75520531666,0.));
#6565 = CARTESIAN_POINT('',(0.749512417047,0.));
#6566 = CARTESIAN_POINT('',(0.743819517434,0.));
#6567 = CARTESIAN_POINT('',(0.738126617822,0.));
#6568 = CARTESIAN_POINT('',(0.732433718209,0.));
#6569 = CARTESIAN_POINT('',(0.726740818597,0.));
#6570 = CARTESIAN_POINT('',(0.721047918984,0.));
#6571 = CARTESIAN_POINT('',(0.715355019371,0.));
#6572 = CARTESIAN_POINT('',(0.709662119759,0.));
#6573 = CARTESIAN_POINT('',(0.703969220146,0.));
#6574 = CARTESIAN_POINT('',(0.698276320534,0.));
#6575 = CARTESIAN_POINT('',(0.692583420921,0.));
#6576 = CARTESIAN_POINT('',(0.686890521309,0.));
#6577 = CARTESIAN_POINT('',(0.681197621696,0.));
#6578 = CARTESIAN_POINT('',(0.675504722083,0.));
#6579 = CARTESIAN_POINT('',(0.669811822471,0.));
#6580 = CARTESIAN_POINT('',(0.664118922858,0.));
#6581 = CARTESIAN_POINT('',(0.658426023246,0.));
#6582 = CARTESIAN_POINT('',(0.652733123633,0.));
#6583 = CARTESIAN_POINT('',(0.647040224021,0.));
#6584 = CARTESIAN_POINT('',(0.641347324408,0.));
#6585 = CARTESIAN_POINT('',(0.635654424795,0.));
#6586 = CARTESIAN_POINT('',(0.629961525183,0.));
#6587 = CARTESIAN_POINT('',(0.62426862557,0.));
#6588 = CARTESIAN_POINT('',(0.618575725958,0.));
#6589 = CARTESIAN_POINT('',(0.612882826345,0.));
#6590 = CARTESIAN_POINT('',(0.607189926733,0.));
#6591 = CARTESIAN_POINT('',(0.60149702712,0.));
#6592 = CARTESIAN_POINT('',(0.595804127507,0.));
#6593 = CARTESIAN_POINT('',(0.590111227895,0.));
#6594 = CARTESIAN_POINT('',(0.584418328282,0.));
#6595 = CARTESIAN_POINT('',(0.57872542867,0.));
#6596 = CARTESIAN_POINT('',(0.573032529057,0.));
#6597 = CARTESIAN_POINT('',(0.567339629445,0.));
#6598 = CARTESIAN_POINT('',(0.561646729832,0.));
#6599 = CARTESIAN_POINT('',(0.555953830219,0.));
#6600 = CARTESIAN_POINT('',(0.550260930607,0.));
#6601 = CARTESIAN_POINT('',(0.544568030994,0.));
#6602 = CARTESIAN_POINT('',(0.538875131382,0.));
#6603 = CARTESIAN_POINT('',(0.533182231769,0.));
#6604 = CARTESIAN_POINT('',(0.527489332157,0.));
#6605 = CARTESIAN_POINT('',(0.521796432544,0.));
#6606 = CARTESIAN_POINT('',(0.516103532932,0.));
#6607 = CARTESIAN_POINT('',(0.510410633316,0.));
#6608 = CARTESIAN_POINT('',(0.504717733718,0.));
#6609 = CARTESIAN_POINT('',(0.500922467306,-0.));
#6610 = CARTESIAN_POINT('',(0.499024834094,0.));
#6611 = ( GEOMETRIC_REPRESENTATION_CONTEXT(2) 
PARAMETRIC_REPRESENTATION_CONTEXT() REPRESENTATION_CONTEXT('2D SPACE',''
  ) );
#6612 = PCURVE('',#5924,#6613);
#6613 = DEFINITIONAL_REPRESENTATION('',(#6614),#6640);
#6614 = B_SPLINE_CURVE_WITH_KNOTS('',3,(#6615,#6616,#6617,#6618,#6619,
    #6620,#6621,#6622,#6623,#6624,#6625,#6626,#6627,#6628,#6629,#6630,
    #6631,#6632,#6633,#6634,#6635,#6636,#6637,#6638,#6639),
  .UNSPECIFIED.,.F.,.F.,(4,1,1,1,1,1,1,1,1,1,1,1,1,1,1,1,1,1,1,1,1,1,4),
  (0.,0.387972789549,0.398654840446,0.41127908225,0.425845514983,
    0.442354138656,0.460804953278,0.481197958857,0.503533155396,
    0.527810542899,0.55403012137,0.58219189081,0.61229585122,
    0.644342002604,0.67833034496,0.714260878292,0.752133602599,
    0.791948517882,0.833705624143,0.87740492138,0.923046409596,
    0.97063008879,1.),.UNSPECIFIED.);
#6615 = CARTESIAN_POINT('',(1.108997821757,-1.210984947075));
#6616 = CARTESIAN_POINT('',(1.207403314153,-1.161543396812));
#6617 = CARTESIAN_POINT('',(1.232337756185,-1.207565799262));
#6618 = CARTESIAN_POINT('',(1.271597145588,-1.238124566324));
#6619 = CARTESIAN_POINT('',(1.275266302288,-1.240867675157));
#6620 = CARTESIAN_POINT('',(1.279562500621,-1.243947443371));
#6621 = CARTESIAN_POINT('',(1.284499958927,-1.247340316086));
#6622 = CARTESIAN_POINT('',(1.290092844669,-1.251021524159));
#6623 = CARTESIAN_POINT('',(1.296354378711,-1.254966116895));
#6624 = CARTESIAN_POINT('',(1.303297109984,-1.259148653208));
#6625 = CARTESIAN_POINT('',(1.31093281355,-1.263543325584));
#6626 = CARTESIAN_POINT('',(1.319272508355,-1.268123947617));
#6627 = CARTESIAN_POINT('',(1.328326438457,-1.27286398427));
#6628 = CARTESIAN_POINT('',(1.338104066123,-1.277736569353));
#6629 = CARTESIAN_POINT('',(1.348614062006,-1.282714527177));
#6630 = CARTESIAN_POINT('',(1.359864296878,-1.287770393252));
#6631 = CARTESIAN_POINT('',(1.371861833571,-1.292876435547));
#6632 = CARTESIAN_POINT('',(1.384612919548,-1.298004675846));
#6633 = CARTESIAN_POINT('',(1.398122979976,-1.303126911321));
#6634 = CARTESIAN_POINT('',(1.412396611347,-1.308214736274));
#6635 = CARTESIAN_POINT('',(1.427437575634,-1.313239564044));
#6636 = CARTESIAN_POINT('',(1.443248795003,-1.318172649061));
#6637 = CARTESIAN_POINT('',(1.457490806152,-1.322305606127));
#6638 = CARTESIAN_POINT('',(1.466470274622,-1.324757855658));
#6639 = CARTESIAN_POINT('',(1.469902767514,-1.325673494531));
#6640 = ( GEOMETRIC_REPRESENTATION_CONTEXT(2) 
PARAMETRIC_REPRESENTATION_CONTEXT() REPRESENTATION_CONTEXT('2D SPACE',''
  ) );
#6641 = ORIENTED_EDGE('',*,*,#6404,.T.);
#6642 = ADVANCED_FACE('',(#6643),#1832,.F.);
#6643 = FACE_BOUND('',#6644,.F.);
#6644 = EDGE_LOOP('',(#6645,#6669,#6670,#6671));
#6645 = ORIENTED_EDGE('',*,*,#6646,.F.);
#6646 = EDGE_CURVE('',#6473,#6647,#6649,.T.);
#6647 = VERTEX_POINT('',#6648);
#6648 = CARTESIAN_POINT('',(4.393293429258,16.85,1.234573015394));
#6649 = SURFACE_CURVE('',#6650,(#6655,#6661),.PCURVE_S1.);
#6650 = B_SPLINE_CURVE_WITH_KNOTS('',3,(#6651,#6652,#6653,#6654),
  .UNSPECIFIED.,.F.,.F.,(4,4),(0.,1.),.PIECEWISE_BEZIER_KNOTS.);
#6651 = CARTESIAN_POINT('',(4.315987797867,16.85,1.325673494531));
#6652 = CARTESIAN_POINT('',(4.342665150572,16.85,1.296093726393));
#6653 = CARTESIAN_POINT('',(4.368449348176,16.85,1.265708452863));
#6654 = CARTESIAN_POINT('',(4.393293429258,16.85,1.234573015394));
#6655 = PCURVE('',#1832,#6656);
#6656 = DEFINITIONAL_REPRESENTATION('',(#6657),#6660);
#6657 = B_SPLINE_CURVE_WITH_KNOTS('',1,(#6658,#6659),.UNSPECIFIED.,.F.,
  .F.,(2,2),(0.,1.),.PIECEWISE_BEZIER_KNOTS.);
#6658 = CARTESIAN_POINT('',(5.496556650717,0.));
#6659 = CARTESIAN_POINT('',(5.436185783771,0.));
#6660 = ( GEOMETRIC_REPRESENTATION_CONTEXT(2) 
PARAMETRIC_REPRESENTATION_CONTEXT() REPRESENTATION_CONTEXT('2D SPACE',''
  ) );
#6661 = PCURVE('',#5924,#6662);
#6662 = DEFINITIONAL_REPRESENTATION('',(#6663),#6668);
#6663 = B_SPLINE_CURVE_WITH_KNOTS('',3,(#6664,#6665,#6666,#6667),
  .UNSPECIFIED.,.F.,.F.,(4,4),(0.,1.),.PIECEWISE_BEZIER_KNOTS.);
#6664 = CARTESIAN_POINT('',(1.469902767514,-1.325673494531));
#6665 = CARTESIAN_POINT('',(1.496580120219,-1.296093726393));
#6666 = CARTESIAN_POINT('',(1.522364317823,-1.265708452863));
#6667 = CARTESIAN_POINT('',(1.547208398905,-1.234573015394));
#6668 = ( GEOMETRIC_REPRESENTATION_CONTEXT(2) 
PARAMETRIC_REPRESENTATION_CONTEXT() REPRESENTATION_CONTEXT('2D SPACE',''
  ) );
#6669 = ORIENTED_EDGE('',*,*,#6472,.T.);
#6670 = ORIENTED_EDGE('',*,*,#1814,.T.);
#6671 = ORIENTED_EDGE('',*,*,#6672,.F.);
#6672 = EDGE_CURVE('',#6647,#1815,#6673,.T.);
#6673 = SURFACE_CURVE('',#6674,(#6679,#6685),.PCURVE_S1.);
#6674 = B_SPLINE_CURVE_WITH_KNOTS('',3,(#6675,#6676,#6677,#6678),
  .UNSPECIFIED.,.F.,.F.,(4,4),(0.,1.),.PIECEWISE_BEZIER_KNOTS.);
#6675 = CARTESIAN_POINT('',(4.393293429258,16.85,1.234573015394));
#6676 = CARTESIAN_POINT('',(4.39329342926,16.616666666667,1.234573015399
    ));
#6677 = CARTESIAN_POINT('',(4.39329342926,16.383333333333,1.234573015399
    ));
#6678 = CARTESIAN_POINT('',(4.393293429258,16.15,1.234573015394));
#6679 = PCURVE('',#1832,#6680);
#6680 = DEFINITIONAL_REPRESENTATION('',(#6681),#6684);
#6681 = B_SPLINE_CURVE_WITH_KNOTS('',1,(#6682,#6683),.UNSPECIFIED.,.F.,
  .F.,(2,2),(0.,1.),.PIECEWISE_BEZIER_KNOTS.);
#6682 = CARTESIAN_POINT('',(5.436185783771,0.));
#6683 = CARTESIAN_POINT('',(5.436185783771,0.7));
#6684 = ( GEOMETRIC_REPRESENTATION_CONTEXT(2) 
PARAMETRIC_REPRESENTATION_CONTEXT() REPRESENTATION_CONTEXT('2D SPACE',''
  ) );
#6685 = PCURVE('',#1881,#6686);
#6686 = DEFINITIONAL_REPRESENTATION('',(#6687),#6691);
#6687 = LINE('',#6688,#6689);
#6688 = CARTESIAN_POINT('',(0.500975165842,-3.167190747018E-15));
#6689 = VECTOR('',#6690,1.);
#6690 = DIRECTION('',(-6.661338147751E-16,1.));
#6691 = ( GEOMETRIC_REPRESENTATION_CONTEXT(2) 
PARAMETRIC_REPRESENTATION_CONTEXT() REPRESENTATION_CONTEXT('2D SPACE',''
  ) );
#6692 = ADVANCED_FACE('',(#6693),#1881,.F.);
#6693 = FACE_BOUND('',#6694,.F.);
#6694 = EDGE_LOOP('',(#6695,#6761,#6762,#6763));
#6695 = ORIENTED_EDGE('',*,*,#6696,.F.);
#6696 = EDGE_CURVE('',#6647,#6697,#6699,.T.);
#6697 = VERTEX_POINT('',#6698);
#6698 = CARTESIAN_POINT('',(4.200628908589,16.85,0.928987153804));
#6699 = SURFACE_CURVE('',#6700,(#6726,#6732),.PCURVE_S1.);
#6700 = B_SPLINE_CURVE_WITH_KNOTS('',3,(#6701,#6702,#6703,#6704,#6705,
    #6706,#6707,#6708,#6709,#6710,#6711,#6712,#6713,#6714,#6715,#6716,
    #6717,#6718,#6719,#6720,#6721,#6722,#6723,#6724,#6725),
  .UNSPECIFIED.,.F.,.F.,(4,1,1,1,1,1,1,1,1,1,1,1,1,1,1,1,1,1,1,1,1,1,4),
  (0.,2.936991105782E-02,7.695359025921E-02,0.122595078482,
    0.166294375726,0.208051481993,0.247866397283,0.285739121596,
    0.321669654933,0.355657997295,0.387704148684,0.417808109099,
    0.445969878543,0.472189457018,0.496466844525,0.518802041068,
    0.539195046649,0.557645861275,0.57415448495,0.588720917685,
    0.601345159492,0.61202721039,1.),.UNSPECIFIED.);
#6701 = CARTESIAN_POINT('',(4.393293429258,16.85,1.234573015394));
#6702 = CARTESIAN_POINT('',(4.391831404686,16.85,1.231335286826));
#6703 = CARTESIAN_POINT('',(4.387950558291,16.85,1.222874588705));
#6704 = CARTESIAN_POINT('',(4.38155500164,16.85,1.209495012097));
#6705 = CARTESIAN_POINT('',(4.374114615771,16.85,1.194697355395));
#6706 = CARTESIAN_POINT('',(4.366709058659,16.85,1.180674615839));
#6707 = CARTESIAN_POINT('',(4.359366217139,16.85,1.167419232266));
#6708 = CARTESIAN_POINT('',(4.352113684592,16.85,1.154922840759));
#6709 = CARTESIAN_POINT('',(4.344978740039,16.85,1.143176283461));
#6710 = CARTESIAN_POINT('',(4.337988327479,16.85,1.132169617896));
#6711 = CARTESIAN_POINT('',(4.331169035478,16.85,1.121892126809));
#6712 = CARTESIAN_POINT('',(4.324547077007,16.85,1.112332328506));
#6713 = CARTESIAN_POINT('',(4.318148269583,16.85,1.103477987666));
#6714 = CARTESIAN_POINT('',(4.311998015599,16.85,1.095316126745));
#6715 = CARTESIAN_POINT('',(4.306121283254,16.85,1.087833037503));
#6716 = CARTESIAN_POINT('',(4.30054258678,16.85,1.081014294225));
#6717 = CARTESIAN_POINT('',(4.295285970325,16.85,1.074844763371));
#6718 = CARTESIAN_POINT('',(4.290374981143,16.85,1.069308627021));
#6719 = CARTESIAN_POINT('',(4.285832679015,16.85,1.064389363338));
#6720 = CARTESIAN_POINT('',(4.281681530517,16.85,1.060069867311));
#6721 = CARTESIAN_POINT('',(4.277943669046,16.85,1.056332129494));
#6722 = CARTESIAN_POINT('',(4.274640021644,16.85,1.053158287847));
#6723 = CARTESIAN_POINT('',(4.238099683983,16.85,1.019395266295));
#6724 = CARTESIAN_POINT('',(4.188633038042,16.85,1.002282730947));
#6725 = CARTESIAN_POINT('',(4.200628908589,16.85,0.928987153804));
#6726 = PCURVE('',#1881,#6727);
#6727 = DEFINITIONAL_REPRESENTATION('',(#6728),#6731);
#6728 = B_SPLINE_CURVE_WITH_KNOTS('',1,(#6729,#6730),.UNSPECIFIED.,.F.,
  .F.,(2,2),(0.,1.),.PIECEWISE_BEZIER_KNOTS.);
#6729 = CARTESIAN_POINT('',(0.500975165842,-3.167190747018E-15));
#6730 = CARTESIAN_POINT('',(-8.618600015328E-16,-3.167198491319E-15));
#6731 = ( GEOMETRIC_REPRESENTATION_CONTEXT(2) 
PARAMETRIC_REPRESENTATION_CONTEXT() REPRESENTATION_CONTEXT('2D SPACE',''
  ) );
#6732 = PCURVE('',#5924,#6733);
#6733 = DEFINITIONAL_REPRESENTATION('',(#6734),#6760);
#6734 = B_SPLINE_CURVE_WITH_KNOTS('',3,(#6735,#6736,#6737,#6738,#6739,
    #6740,#6741,#6742,#6743,#6744,#6745,#6746,#6747,#6748,#6749,#6750,
    #6751,#6752,#6753,#6754,#6755,#6756,#6757,#6758,#6759),
  .UNSPECIFIED.,.F.,.F.,(4,1,1,1,1,1,1,1,1,1,1,1,1,1,1,1,1,1,1,1,1,1,4),
  (0.,2.936991105782E-02,7.695359025921E-02,0.122595078482,
    0.166294375726,0.208051481993,0.247866397283,0.285739121596,
    0.321669654933,0.355657997295,0.387704148684,0.417808109099,
    0.445969878543,0.472189457018,0.496466844525,0.518802041068,
    0.539195046649,0.557645861275,0.57415448495,0.588720917685,
    0.601345159492,0.61202721039,1.),.UNSPECIFIED.);
#6735 = CARTESIAN_POINT('',(1.547208398905,-1.234573015394));
#6736 = CARTESIAN_POINT('',(1.545746374333,-1.231335286826));
#6737 = CARTESIAN_POINT('',(1.541865527937,-1.222874588705));
#6738 = CARTESIAN_POINT('',(1.535469971287,-1.209495012097));
#6739 = CARTESIAN_POINT('',(1.528029585418,-1.194697355395));
#6740 = CARTESIAN_POINT('',(1.520624028306,-1.180674615839));
#6741 = CARTESIAN_POINT('',(1.513281186786,-1.167419232266));
#6742 = CARTESIAN_POINT('',(1.506028654239,-1.154922840759));
#6743 = CARTESIAN_POINT('',(1.498893709686,-1.143176283461));
#6744 = CARTESIAN_POINT('',(1.491903297126,-1.132169617896));
#6745 = CARTESIAN_POINT('',(1.485084005125,-1.121892126809));
#6746 = CARTESIAN_POINT('',(1.478462046654,-1.112332328506));
#6747 = CARTESIAN_POINT('',(1.47206323923,-1.103477987666));
#6748 = CARTESIAN_POINT('',(1.465912985246,-1.095316126745));
#6749 = CARTESIAN_POINT('',(1.460036252901,-1.087833037503));
#6750 = CARTESIAN_POINT('',(1.454457556427,-1.081014294225));
#6751 = CARTESIAN_POINT('',(1.449200939971,-1.074844763371));
#6752 = CARTESIAN_POINT('',(1.44428995079,-1.069308627021));
#6753 = CARTESIAN_POINT('',(1.439747648662,-1.064389363338));
#6754 = CARTESIAN_POINT('',(1.435596500164,-1.060069867311));
#6755 = CARTESIAN_POINT('',(1.431858638693,-1.056332129494));
#6756 = CARTESIAN_POINT('',(1.428554991291,-1.053158287847));
#6757 = CARTESIAN_POINT('',(1.39201465363,-1.019395266295));
#6758 = CARTESIAN_POINT('',(1.342548007689,-1.002282730947));
#6759 = CARTESIAN_POINT('',(1.354543878236,-0.928987153804));
#6760 = ( GEOMETRIC_REPRESENTATION_CONTEXT(2) 
PARAMETRIC_REPRESENTATION_CONTEXT() REPRESENTATION_CONTEXT('2D SPACE',''
  ) );
#6761 = ORIENTED_EDGE('',*,*,#6672,.T.);
#6762 = ORIENTED_EDGE('',*,*,#1843,.T.);
#6763 = ORIENTED_EDGE('',*,*,#6764,.F.);
#6764 = EDGE_CURVE('',#6697,#1844,#6765,.T.);
#6765 = SURFACE_CURVE('',#6766,(#6769,#6776),.PCURVE_S1.);
#6766 = B_SPLINE_CURVE_WITH_KNOTS('',1,(#6767,#6768),.UNSPECIFIED.,.F.,
  .F.,(2,2),(0.,1.),.PIECEWISE_BEZIER_KNOTS.);
#6767 = CARTESIAN_POINT('',(4.200628908589,16.85,0.928987153804));
#6768 = CARTESIAN_POINT('',(4.200628908589,16.15,0.928987153804));
#6769 = PCURVE('',#1881,#6770);
#6770 = DEFINITIONAL_REPRESENTATION('',(#6771),#6775);
#6771 = LINE('',#6772,#6773);
#6772 = CARTESIAN_POINT('',(-8.618600015328E-16,-3.167198491319E-15));
#6773 = VECTOR('',#6774,1.);
#6774 = DIRECTION('',(8.460706851554E-16,1.));
#6775 = ( GEOMETRIC_REPRESENTATION_CONTEXT(2) 
PARAMETRIC_REPRESENTATION_CONTEXT() REPRESENTATION_CONTEXT('2D SPACE',''
  ) );
#6776 = PCURVE('',#2001,#6777);
#6777 = DEFINITIONAL_REPRESENTATION('',(#6778),#6781);
#6778 = B_SPLINE_CURVE_WITH_KNOTS('',1,(#6779,#6780),.UNSPECIFIED.,.F.,
  .F.,(2,2),(0.,1.),.PIECEWISE_BEZIER_KNOTS.);
#6779 = CARTESIAN_POINT('',(1.593946186551,0.));
#6780 = CARTESIAN_POINT('',(1.593946186551,0.7));
#6781 = ( GEOMETRIC_REPRESENTATION_CONTEXT(2) 
PARAMETRIC_REPRESENTATION_CONTEXT() REPRESENTATION_CONTEXT('2D SPACE',''
  ) );
#6782 = ADVANCED_FACE('',(#6783),#2001,.F.);
#6783 = FACE_BOUND('',#6784,.F.);
#6784 = EDGE_LOOP('',(#6785,#6786,#6787,#6810));
#6785 = ORIENTED_EDGE('',*,*,#6764,.T.);
#6786 = ORIENTED_EDGE('',*,*,#1983,.T.);
#6787 = ORIENTED_EDGE('',*,*,#6788,.F.);
#6788 = EDGE_CURVE('',#6789,#1984,#6791,.T.);
#6789 = VERTEX_POINT('',#6790);
#6790 = CARTESIAN_POINT('',(4.242173803575,16.85,0.865299016112));
#6791 = SURFACE_CURVE('',#6792,(#6797,#6803),.PCURVE_S1.);
#6792 = B_SPLINE_CURVE_WITH_KNOTS('',3,(#6793,#6794,#6795,#6796),
  .UNSPECIFIED.,.F.,.F.,(4,4),(0.,1.),.PIECEWISE_BEZIER_KNOTS.);
#6793 = CARTESIAN_POINT('',(4.242173803575,16.85,0.865299016112));
#6794 = CARTESIAN_POINT('',(4.242173803575,16.616666666667,
    0.865299016112));
#6795 = CARTESIAN_POINT('',(4.242173803575,16.383333333333,
    0.865299016112));
#6796 = CARTESIAN_POINT('',(4.242173803575,16.15,0.865299016112));
#6797 = PCURVE('',#2001,#6798);
#6798 = DEFINITIONAL_REPRESENTATION('',(#6799),#6802);
#6799 = B_SPLINE_CURVE_WITH_KNOTS('',1,(#6800,#6801),.UNSPECIFIED.,.F.,
  .F.,(2,2),(0.,1.),.PIECEWISE_BEZIER_KNOTS.);
#6800 = CARTESIAN_POINT('',(1.547646467039,0.));
#6801 = CARTESIAN_POINT('',(1.547646467039,0.7));
#6802 = ( GEOMETRIC_REPRESENTATION_CONTEXT(2) 
PARAMETRIC_REPRESENTATION_CONTEXT() REPRESENTATION_CONTEXT('2D SPACE',''
  ) );
#6803 = PCURVE('',#2068,#6804);
#6804 = DEFINITIONAL_REPRESENTATION('',(#6805),#6809);
#6805 = LINE('',#6806,#6807);
#6806 = CARTESIAN_POINT('',(1.,-3.167190747018E-15));
#6807 = VECTOR('',#6808,1.);
#6808 = DIRECTION('',(0.,1.));
#6809 = ( GEOMETRIC_REPRESENTATION_CONTEXT(2) 
PARAMETRIC_REPRESENTATION_CONTEXT() REPRESENTATION_CONTEXT('2D SPACE',''
  ) );
#6810 = ORIENTED_EDGE('',*,*,#6811,.F.);
#6811 = EDGE_CURVE('',#6697,#6789,#6812,.T.);
#6812 = SURFACE_CURVE('',#6813,(#6818,#6824),.PCURVE_S1.);
#6813 = B_SPLINE_CURVE_WITH_KNOTS('',3,(#6814,#6815,#6816,#6817),
  .UNSPECIFIED.,.F.,.F.,(4,4),(0.,1.),.PIECEWISE_BEZIER_KNOTS.);
#6814 = CARTESIAN_POINT('',(4.200628908589,16.85,0.928987153804));
#6815 = CARTESIAN_POINT('',(4.21496619014,16.85,0.908082153261));
#6816 = CARTESIAN_POINT('',(4.228819436328,16.85,0.886845188983));
#6817 = CARTESIAN_POINT('',(4.242173803575,16.85,0.865299016112));
#6818 = PCURVE('',#2001,#6819);
#6819 = DEFINITIONAL_REPRESENTATION('',(#6820),#6823);
#6820 = B_SPLINE_CURVE_WITH_KNOTS('',1,(#6821,#6822),.UNSPECIFIED.,.F.,
  .F.,(2,2),(0.,1.),.PIECEWISE_BEZIER_KNOTS.);
#6821 = CARTESIAN_POINT('',(1.593946186551,0.));
#6822 = CARTESIAN_POINT('',(1.547646467039,0.));
#6823 = ( GEOMETRIC_REPRESENTATION_CONTEXT(2) 
PARAMETRIC_REPRESENTATION_CONTEXT() REPRESENTATION_CONTEXT('2D SPACE',''
  ) );
#6824 = PCURVE('',#5924,#6825);
#6825 = DEFINITIONAL_REPRESENTATION('',(#6826),#6831);
#6826 = B_SPLINE_CURVE_WITH_KNOTS('',3,(#6827,#6828,#6829,#6830),
  .UNSPECIFIED.,.F.,.F.,(4,4),(0.,1.),.PIECEWISE_BEZIER_KNOTS.);
#6827 = CARTESIAN_POINT('',(1.354543878236,-0.928987153804));
#6828 = CARTESIAN_POINT('',(1.368881159787,-0.908082153261));
#6829 = CARTESIAN_POINT('',(1.382734405975,-0.886845188983));
#6830 = CARTESIAN_POINT('',(1.396088773222,-0.865299016112));
#6831 = ( GEOMETRIC_REPRESENTATION_CONTEXT(2) 
PARAMETRIC_REPRESENTATION_CONTEXT() REPRESENTATION_CONTEXT('2D SPACE',''
  ) );
#6832 = ADVANCED_FACE('',(#6833),#2068,.F.);
#6833 = FACE_BOUND('',#6834,.F.);
#6834 = EDGE_LOOP('',(#6835,#6836,#6857,#6921));
#6835 = ORIENTED_EDGE('',*,*,#2012,.T.);
#6836 = ORIENTED_EDGE('',*,*,#6837,.F.);
#6837 = EDGE_CURVE('',#6838,#2013,#6840,.T.);
#6838 = VERTEX_POINT('',#6839);
#6839 = CARTESIAN_POINT('',(4.599489691236,16.85,0.918475070561));
#6840 = SURFACE_CURVE('',#6841,(#6844,#6851),.PCURVE_S1.);
#6841 = B_SPLINE_CURVE_WITH_KNOTS('',1,(#6842,#6843),.UNSPECIFIED.,.F.,
  .F.,(2,2),(0.,1.),.PIECEWISE_BEZIER_KNOTS.);
#6842 = CARTESIAN_POINT('',(4.599489691236,16.85,0.918475070561));
#6843 = CARTESIAN_POINT('',(4.599489691236,16.15,0.918475070561));
#6844 = PCURVE('',#2068,#6845);
#6845 = DEFINITIONAL_REPRESENTATION('',(#6846),#6850);
#6846 = LINE('',#6847,#6848);
#6847 = CARTESIAN_POINT('',(0.499024834132,-3.167198491319E-15));
#6848 = VECTOR('',#6849,1.);
#6849 = DIRECTION('',(5.551115123126E-17,1.));
#6850 = ( GEOMETRIC_REPRESENTATION_CONTEXT(2) 
PARAMETRIC_REPRESENTATION_CONTEXT() REPRESENTATION_CONTEXT('2D SPACE',''
  ) );
#6851 = PCURVE('',#2210,#6852);
#6852 = DEFINITIONAL_REPRESENTATION('',(#6853),#6856);
#6853 = B_SPLINE_CURVE_WITH_KNOTS('',1,(#6854,#6855),.UNSPECIFIED.,.F.,
  .F.,(2,2),(0.,1.),.PIECEWISE_BEZIER_KNOTS.);
#6854 = CARTESIAN_POINT('',(5.24522923843,0.));
#6855 = CARTESIAN_POINT('',(5.24522923843,0.7));
#6856 = ( GEOMETRIC_REPRESENTATION_CONTEXT(2) 
PARAMETRIC_REPRESENTATION_CONTEXT() REPRESENTATION_CONTEXT('2D SPACE',''
  ) );
#6857 = ORIENTED_EDGE('',*,*,#6858,.F.);
#6858 = EDGE_CURVE('',#6789,#6838,#6859,.T.);
#6859 = SURFACE_CURVE('',#6860,(#6886,#6892),.PCURVE_S1.);
#6860 = B_SPLINE_CURVE_WITH_KNOTS('',3,(#6861,#6862,#6863,#6864,#6865,
    #6866,#6867,#6868,#6869,#6870,#6871,#6872,#6873,#6874,#6875,#6876,
    #6877,#6878,#6879,#6880,#6881,#6882,#6883,#6884,#6885),
  .UNSPECIFIED.,.F.,.F.,(4,1,1,1,1,1,1,1,1,1,1,1,1,1,1,1,1,1,1,1,1,1,4),
  (0.,0.387972789549,0.398654840446,0.41127908225,0.425845514983,
    0.442354138656,0.460804953278,0.481197958857,0.503533155396,
    0.527810542899,0.55403012137,0.58219189081,0.61229585122,
    0.644342002604,0.67833034496,0.714260878292,0.752133602599,
    0.791948517882,0.833705624143,0.87740492138,0.923046409596,
    0.97063008879,1.),.UNSPECIFIED.);
#6861 = CARTESIAN_POINT('',(4.242173803575,16.85,0.865299016112));
#6862 = CARTESIAN_POINT('',(4.304419645423,16.85,0.824782381114));
#6863 = CARTESIAN_POINT('',(4.34001603218,16.85,0.863157961585));
#6864 = CARTESIAN_POINT('',(4.385641672004,16.85,0.882993255666));
#6865 = CARTESIAN_POINT('',(4.389877738825,16.85,0.884737702524));
#6866 = CARTESIAN_POINT('',(4.394804871397,16.85,0.886652293078));
#6867 = CARTESIAN_POINT('',(4.400430983504,16.85,0.888710676509));
#6868 = CARTESIAN_POINT('',(4.406763637676,16.85,0.890885338537));
#6869 = CARTESIAN_POINT('',(4.413809434435,16.85,0.893148824444));
#6870 = CARTESIAN_POINT('',(4.421574201521,16.85,0.89547337163));
#6871 = CARTESIAN_POINT('',(4.430062925996,16.85,0.897831055034));
#6872 = CARTESIAN_POINT('',(4.43927976833,16.85,0.900193770643));
#6873 = CARTESIAN_POINT('',(4.449228051749,16.85,0.902533269473));
#6874 = CARTESIAN_POINT('',(4.459910259896,16.85,0.904821176215));
#6875 = CARTESIAN_POINT('',(4.471328032702,16.85,0.907029012649));
#6876 = CARTESIAN_POINT('',(4.483482163521,16.85,0.909128219754));
#6877 = CARTESIAN_POINT('',(4.496372596619,16.85,0.911090180294));
#6878 = CARTESIAN_POINT('',(4.509998425284,16.85,0.912886241361));
#6879 = CARTESIAN_POINT('',(4.524357890483,16.85,0.914487736986));
#6880 = CARTESIAN_POINT('',(4.53944838009,16.85,0.915866010787));
#6881 = CARTESIAN_POINT('',(4.555266428677,16.85,0.916992438642));
#6882 = CARTESIAN_POINT('',(4.571807717871,16.85,0.917838451361));
#6883 = CARTESIAN_POINT('',(4.586630114676,16.85,0.918299719834));
#6884 = CARTESIAN_POINT('',(4.595937326292,16.85,0.918441824437));
#6885 = CARTESIAN_POINT('',(4.599489691236,16.85,0.918475070561));
#6886 = PCURVE('',#2068,#6887);
#6887 = DEFINITIONAL_REPRESENTATION('',(#6888),#6891);
#6888 = B_SPLINE_CURVE_WITH_KNOTS('',1,(#6889,#6890),.UNSPECIFIED.,.F.,
  .F.,(2,2),(0.,1.),.PIECEWISE_BEZIER_KNOTS.);
#6889 = CARTESIAN_POINT('',(1.,1.908114508412E-15));
#6890 = CARTESIAN_POINT('',(0.499024834132,-3.167198491319E-15));
#6891 = ( GEOMETRIC_REPRESENTATION_CONTEXT(2) 
PARAMETRIC_REPRESENTATION_CONTEXT() REPRESENTATION_CONTEXT('2D SPACE',''
  ) );
#6892 = PCURVE('',#5924,#6893);
#6893 = DEFINITIONAL_REPRESENTATION('',(#6894),#6920);
#6894 = B_SPLINE_CURVE_WITH_KNOTS('',3,(#6895,#6896,#6897,#6898,#6899,
    #6900,#6901,#6902,#6903,#6904,#6905,#6906,#6907,#6908,#6909,#6910,
    #6911,#6912,#6913,#6914,#6915,#6916,#6917,#6918,#6919),
  .UNSPECIFIED.,.F.,.F.,(4,1,1,1,1,1,1,1,1,1,1,1,1,1,1,1,1,1,1,1,1,1,4),
  (0.,0.387972789549,0.398654840446,0.41127908225,0.425845514983,
    0.442354138656,0.460804953278,0.481197958857,0.503533155396,
    0.527810542899,0.55403012137,0.58219189081,0.61229585122,
    0.644342002604,0.67833034496,0.714260878292,0.752133602599,
    0.791948517882,0.833705624143,0.87740492138,0.923046409596,
    0.97063008879,1.),.UNSPECIFIED.);
#6895 = CARTESIAN_POINT('',(1.396088773222,-0.865299016112));
#6896 = CARTESIAN_POINT('',(1.45833461507,-0.824782381114));
#6897 = CARTESIAN_POINT('',(1.493931001827,-0.863157961585));
#6898 = CARTESIAN_POINT('',(1.539556641651,-0.882993255666));
#6899 = CARTESIAN_POINT('',(1.543792708472,-0.884737702524));
#6900 = CARTESIAN_POINT('',(1.548719841044,-0.886652293078));
#6901 = CARTESIAN_POINT('',(1.554345953151,-0.888710676509));
#6902 = CARTESIAN_POINT('',(1.560678607323,-0.890885338537));
#6903 = CARTESIAN_POINT('',(1.567724404082,-0.893148824444));
#6904 = CARTESIAN_POINT('',(1.575489171168,-0.89547337163));
#6905 = CARTESIAN_POINT('',(1.583977895643,-0.897831055034));
#6906 = CARTESIAN_POINT('',(1.593194737977,-0.900193770643));
#6907 = CARTESIAN_POINT('',(1.603143021396,-0.902533269473));
#6908 = CARTESIAN_POINT('',(1.613825229543,-0.904821176215));
#6909 = CARTESIAN_POINT('',(1.625243002349,-0.907029012649));
#6910 = CARTESIAN_POINT('',(1.637397133168,-0.909128219754));
#6911 = CARTESIAN_POINT('',(1.650287566266,-0.911090180294));
#6912 = CARTESIAN_POINT('',(1.663913394931,-0.912886241361));
#6913 = CARTESIAN_POINT('',(1.67827286013,-0.914487736986));
#6914 = CARTESIAN_POINT('',(1.693363349737,-0.915866010787));
#6915 = CARTESIAN_POINT('',(1.709181398324,-0.916992438642));
#6916 = CARTESIAN_POINT('',(1.725722687518,-0.917838451361));
#6917 = CARTESIAN_POINT('',(1.740545084323,-0.918299719834));
#6918 = CARTESIAN_POINT('',(1.749852295939,-0.918441824437));
#6919 = CARTESIAN_POINT('',(1.753404660883,-0.918475070561));
#6920 = ( GEOMETRIC_REPRESENTATION_CONTEXT(2) 
PARAMETRIC_REPRESENTATION_CONTEXT() REPRESENTATION_CONTEXT('2D SPACE',''
  ) );
#6921 = ORIENTED_EDGE('',*,*,#6788,.T.);
#6922 = ADVANCED_FACE('',(#6923),#2210,.F.);
#6923 = FACE_BOUND('',#6924,.F.);
#6924 = EDGE_LOOP('',(#6925,#6949,#6950,#6951));
#6925 = ORIENTED_EDGE('',*,*,#6926,.F.);
#6926 = EDGE_CURVE('',#6838,#6927,#6929,.T.);
#6927 = VERTEX_POINT('',#6928);
#6928 = CARTESIAN_POINT('',(4.651710856184,16.85,0.81101155175));
#6929 = SURFACE_CURVE('',#6930,(#6935,#6941),.PCURVE_S1.);
#6930 = B_SPLINE_CURVE_WITH_KNOTS('',3,(#6931,#6932,#6933,#6934),
  .UNSPECIFIED.,.F.,.F.,(4,4),(0.,1.),.PIECEWISE_BEZIER_KNOTS.);
#6931 = CARTESIAN_POINT('',(4.599489691236,16.85,0.918475070561));
#6932 = CARTESIAN_POINT('',(4.617972736649,16.85,0.883190217398));
#6933 = CARTESIAN_POINT('',(4.635390366026,16.85,0.847347283918));
#6934 = CARTESIAN_POINT('',(4.651710856184,16.85,0.81101155175));
#6935 = PCURVE('',#2210,#6936);
#6936 = DEFINITIONAL_REPRESENTATION('',(#6937),#6940);
#6937 = B_SPLINE_CURVE_WITH_KNOTS('',1,(#6938,#6939),.UNSPECIFIED.,.F.,
  .F.,(2,2),(0.,1.),.PIECEWISE_BEZIER_KNOTS.);
#6938 = CARTESIAN_POINT('',(5.24522923843,0.));
#6939 = CARTESIAN_POINT('',(5.184858371483,0.));
#6940 = ( GEOMETRIC_REPRESENTATION_CONTEXT(2) 
PARAMETRIC_REPRESENTATION_CONTEXT() REPRESENTATION_CONTEXT('2D SPACE',''
  ) );
#6941 = PCURVE('',#5924,#6942);
#6942 = DEFINITIONAL_REPRESENTATION('',(#6943),#6948);
#6943 = B_SPLINE_CURVE_WITH_KNOTS('',3,(#6944,#6945,#6946,#6947),
  .UNSPECIFIED.,.F.,.F.,(4,4),(0.,1.),.PIECEWISE_BEZIER_KNOTS.);
#6944 = CARTESIAN_POINT('',(1.753404660883,-0.918475070561));
#6945 = CARTESIAN_POINT('',(1.771887706296,-0.883190217398));
#6946 = CARTESIAN_POINT('',(1.789305335673,-0.847347283918));
#6947 = CARTESIAN_POINT('',(1.805625825831,-0.81101155175));
#6948 = ( GEOMETRIC_REPRESENTATION_CONTEXT(2) 
PARAMETRIC_REPRESENTATION_CONTEXT() REPRESENTATION_CONTEXT('2D SPACE',''
  ) );
#6949 = ORIENTED_EDGE('',*,*,#6837,.T.);
#6950 = ORIENTED_EDGE('',*,*,#2192,.T.);
#6951 = ORIENTED_EDGE('',*,*,#6952,.F.);
#6952 = EDGE_CURVE('',#6927,#2193,#6953,.T.);
#6953 = SURFACE_CURVE('',#6954,(#6959,#6965),.PCURVE_S1.);
#6954 = B_SPLINE_CURVE_WITH_KNOTS('',3,(#6955,#6956,#6957,#6958),
  .UNSPECIFIED.,.F.,.F.,(4,4),(0.,1.),.PIECEWISE_BEZIER_KNOTS.);
#6955 = CARTESIAN_POINT('',(4.651710856184,16.85,0.81101155175));
#6956 = CARTESIAN_POINT('',(4.651710856188,16.616666666667,
    0.811011551755));
#6957 = CARTESIAN_POINT('',(4.651710856188,16.383333333333,
    0.811011551755));
#6958 = CARTESIAN_POINT('',(4.651710856184,16.15,0.81101155175));
#6959 = PCURVE('',#2210,#6960);
#6960 = DEFINITIONAL_REPRESENTATION('',(#6961),#6964);
#6961 = B_SPLINE_CURVE_WITH_KNOTS('',1,(#6962,#6963),.UNSPECIFIED.,.F.,
  .F.,(2,2),(0.,1.),.PIECEWISE_BEZIER_KNOTS.);
#6962 = CARTESIAN_POINT('',(5.184858371483,0.));
#6963 = CARTESIAN_POINT('',(5.184858371483,0.7));
#6964 = ( GEOMETRIC_REPRESENTATION_CONTEXT(2) 
PARAMETRIC_REPRESENTATION_CONTEXT() REPRESENTATION_CONTEXT('2D SPACE',''
  ) );
#6965 = PCURVE('',#2259,#6966);
#6966 = DEFINITIONAL_REPRESENTATION('',(#6967),#6971);
#6967 = LINE('',#6968,#6969);
#6968 = CARTESIAN_POINT('',(0.500975165842,-3.167190747018E-15));
#6969 = VECTOR('',#6970,1.);
#6970 = DIRECTION('',(1.110223024625E-16,1.));
#6971 = ( GEOMETRIC_REPRESENTATION_CONTEXT(2) 
PARAMETRIC_REPRESENTATION_CONTEXT() REPRESENTATION_CONTEXT('2D SPACE',''
  ) );
#6972 = ADVANCED_FACE('',(#6973),#2259,.F.);
#6973 = FACE_BOUND('',#6974,.F.);
#6974 = EDGE_LOOP('',(#6975,#7041,#7042,#7043));
#6975 = ORIENTED_EDGE('',*,*,#6976,.F.);
#6976 = EDGE_CURVE('',#6927,#6977,#6979,.T.);
#6977 = VERTEX_POINT('',#6978);
#6978 = CARTESIAN_POINT('',(4.38910313228,16.85,0.562939949841));
#6979 = SURFACE_CURVE('',#6980,(#7006,#7012),.PCURVE_S1.);
#6980 = B_SPLINE_CURVE_WITH_KNOTS('',3,(#6981,#6982,#6983,#6984,#6985,
    #6986,#6987,#6988,#6989,#6990,#6991,#6992,#6993,#6994,#6995,#6996,
    #6997,#6998,#6999,#7000,#7001,#7002,#7003,#7004,#7005),
  .UNSPECIFIED.,.F.,.F.,(4,1,1,1,1,1,1,1,1,1,1,1,1,1,1,1,1,1,1,1,1,1,4),
  (0.,2.936991105782E-02,7.695359025921E-02,0.122595078482,
    0.166294375726,0.208051481993,0.247866397283,0.285739121596,
    0.321669654933,0.355657997295,0.387704148684,0.417808109099,
    0.445969878543,0.472189457018,0.496466844525,0.518802041068,
    0.539195046649,0.557645861275,0.57415448495,0.588720917685,
    0.601345159492,0.61202721039,1.),.UNSPECIFIED.);
#6981 = CARTESIAN_POINT('',(4.651710856184,16.85,0.81101155175));
#6982 = CARTESIAN_POINT('',(4.64948957345,16.85,0.808239133105));
#6983 = CARTESIAN_POINT('',(4.64362656092,16.85,0.801009370626));
#6984 = CARTESIAN_POINT('',(4.634104567045,16.85,0.789640648282));
#6985 = CARTESIAN_POINT('',(4.623217907005,16.85,0.777158235899));
#6986 = CARTESIAN_POINT('',(4.612557695569,16.85,0.765417733654));
#6987 = CARTESIAN_POINT('',(4.602149063073,16.85,0.75440488276));
#6988 = CARTESIAN_POINT('',(4.592016655979,16.85,0.744104719872));
#6989 = CARTESIAN_POINT('',(4.58218461882,16.85,0.734501590828));
#6990 = CARTESIAN_POINT('',(4.572676576507,16.85,0.725579164812));
#6991 = CARTESIAN_POINT('',(4.563515617005,16.85,0.717320448965));
#6992 = CARTESIAN_POINT('',(4.554724274376,16.85,0.70970780341));
#6993 = CARTESIAN_POINT('',(4.546324512229,16.85,0.702722956666));
#6994 = CARTESIAN_POINT('',(4.538337707512,16.85,0.696347021583));
#6995 = CARTESIAN_POINT('',(4.530784634901,16.85,0.690560511254));
#6996 = CARTESIAN_POINT('',(4.523685450939,16.85,0.685343356732));
#6997 = CARTESIAN_POINT('',(4.517059680824,16.85,0.680674920387));
#6998 = CARTESIAN_POINT('',(4.510926198274,16.85,0.676534025287));
#6999 = CARTESIAN_POINT('',(4.50530322979,16.85,0.672898933922));
#7000 = CARTESIAN_POINT('',(4.500208282275,16.85,0.669747491458));
#7001 = CARTESIAN_POINT('',(4.495658315,16.85,0.667056749895));
#7002 = CARTESIAN_POINT('',(4.491669155435,16.85,0.664804204018));
#7003 = CARTESIAN_POINT('',(4.447880277655,16.85,0.641189122325));
#7004 = CARTESIAN_POINT('',(4.395712002874,16.85,0.63691606334));
#7005 = CARTESIAN_POINT('',(4.38910313228,16.85,0.562939949841));
#7006 = PCURVE('',#2259,#7007);
#7007 = DEFINITIONAL_REPRESENTATION('',(#7008),#7011);
#7008 = B_SPLINE_CURVE_WITH_KNOTS('',1,(#7009,#7010),.UNSPECIFIED.,.F.,
  .F.,(2,2),(0.,1.),.PIECEWISE_BEZIER_KNOTS.);
#7009 = CARTESIAN_POINT('',(0.500975165842,-3.167190747018E-15));
#7010 = CARTESIAN_POINT('',(1.082484290252E-17,-3.167198491319E-15));
#7011 = ( GEOMETRIC_REPRESENTATION_CONTEXT(2) 
PARAMETRIC_REPRESENTATION_CONTEXT() REPRESENTATION_CONTEXT('2D SPACE',''
  ) );
#7012 = PCURVE('',#5924,#7013);
#7013 = DEFINITIONAL_REPRESENTATION('',(#7014),#7040);
#7014 = B_SPLINE_CURVE_WITH_KNOTS('',3,(#7015,#7016,#7017,#7018,#7019,
    #7020,#7021,#7022,#7023,#7024,#7025,#7026,#7027,#7028,#7029,#7030,
    #7031,#7032,#7033,#7034,#7035,#7036,#7037,#7038,#7039),
  .UNSPECIFIED.,.F.,.F.,(4,1,1,1,1,1,1,1,1,1,1,1,1,1,1,1,1,1,1,1,1,1,4),
  (0.,2.936991105782E-02,7.695359025921E-02,0.122595078482,
    0.166294375726,0.208051481993,0.247866397283,0.285739121596,
    0.321669654933,0.355657997295,0.387704148684,0.417808109099,
    0.445969878543,0.472189457018,0.496466844525,0.518802041068,
    0.539195046649,0.557645861275,0.57415448495,0.588720917685,
    0.601345159492,0.61202721039,1.),.UNSPECIFIED.);
#7015 = CARTESIAN_POINT('',(1.805625825831,-0.81101155175));
#7016 = CARTESIAN_POINT('',(1.803404543097,-0.808239133105));
#7017 = CARTESIAN_POINT('',(1.797541530567,-0.801009370626));
#7018 = CARTESIAN_POINT('',(1.788019536692,-0.789640648282));
#7019 = CARTESIAN_POINT('',(1.777132876652,-0.777158235899));
#7020 = CARTESIAN_POINT('',(1.766472665216,-0.765417733654));
#7021 = CARTESIAN_POINT('',(1.75606403272,-0.75440488276));
#7022 = CARTESIAN_POINT('',(1.745931625626,-0.744104719872));
#7023 = CARTESIAN_POINT('',(1.736099588466,-0.734501590828));
#7024 = CARTESIAN_POINT('',(1.726591546154,-0.725579164812));
#7025 = CARTESIAN_POINT('',(1.717430586652,-0.717320448965));
#7026 = CARTESIAN_POINT('',(1.708639244023,-0.70970780341));
#7027 = CARTESIAN_POINT('',(1.700239481876,-0.702722956666));
#7028 = CARTESIAN_POINT('',(1.692252677159,-0.696347021583));
#7029 = CARTESIAN_POINT('',(1.684699604548,-0.690560511254));
#7030 = CARTESIAN_POINT('',(1.677600420586,-0.685343356732));
#7031 = CARTESIAN_POINT('',(1.67097465047,-0.680674920387));
#7032 = CARTESIAN_POINT('',(1.664841167921,-0.676534025287));
#7033 = CARTESIAN_POINT('',(1.659218199437,-0.672898933922));
#7034 = CARTESIAN_POINT('',(1.654123251922,-0.669747491458));
#7035 = CARTESIAN_POINT('',(1.649573284647,-0.667056749895));
#7036 = CARTESIAN_POINT('',(1.645584125082,-0.664804204018));
#7037 = CARTESIAN_POINT('',(1.601795247302,-0.641189122325));
#7038 = CARTESIAN_POINT('',(1.549626972521,-0.63691606334));
#7039 = CARTESIAN_POINT('',(1.543018101927,-0.562939949841));
#7040 = ( GEOMETRIC_REPRESENTATION_CONTEXT(2) 
PARAMETRIC_REPRESENTATION_CONTEXT() REPRESENTATION_CONTEXT('2D SPACE',''
  ) );
#7041 = ORIENTED_EDGE('',*,*,#6952,.T.);
#7042 = ORIENTED_EDGE('',*,*,#2221,.T.);
#7043 = ORIENTED_EDGE('',*,*,#7044,.F.);
#7044 = EDGE_CURVE('',#6977,#2222,#7045,.T.);
#7045 = SURFACE_CURVE('',#7046,(#7049,#7056),.PCURVE_S1.);
#7046 = B_SPLINE_CURVE_WITH_KNOTS('',1,(#7047,#7048),.UNSPECIFIED.,.F.,
  .F.,(2,2),(0.,1.),.PIECEWISE_BEZIER_KNOTS.);
#7047 = CARTESIAN_POINT('',(4.38910313228,16.85,0.562939949841));
#7048 = CARTESIAN_POINT('',(4.38910313228,16.15,0.562939949841));
#7049 = PCURVE('',#2259,#7050);
#7050 = DEFINITIONAL_REPRESENTATION('',(#7051),#7055);
#7051 = LINE('',#7052,#7053);
#7052 = CARTESIAN_POINT('',(1.082484290252E-17,-3.167198491319E-15));
#7053 = VECTOR('',#7054,1.);
#7054 = DIRECTION('',(-1.082484290252E-17,1.));
#7055 = ( GEOMETRIC_REPRESENTATION_CONTEXT(2) 
PARAMETRIC_REPRESENTATION_CONTEXT() REPRESENTATION_CONTEXT('2D SPACE',''
  ) );
#7056 = PCURVE('',#2379,#7057);
#7057 = DEFINITIONAL_REPRESENTATION('',(#7058),#7061);
#7058 = B_SPLINE_CURVE_WITH_KNOTS('',1,(#7059,#7060),.UNSPECIFIED.,.F.,
  .F.,(2,2),(0.,1.),.PIECEWISE_BEZIER_KNOTS.);
#7059 = CARTESIAN_POINT('',(1.593946186551,0.));
#7060 = CARTESIAN_POINT('',(1.593946186551,0.7));
#7061 = ( GEOMETRIC_REPRESENTATION_CONTEXT(2) 
PARAMETRIC_REPRESENTATION_CONTEXT() REPRESENTATION_CONTEXT('2D SPACE',''
  ) );
#7062 = ADVANCED_FACE('',(#7063),#2379,.F.);
#7063 = FACE_BOUND('',#7064,.F.);
#7064 = EDGE_LOOP('',(#7065,#7066,#7067,#7090));
#7065 = ORIENTED_EDGE('',*,*,#7044,.T.);
#7066 = ORIENTED_EDGE('',*,*,#2361,.T.);
#7067 = ORIENTED_EDGE('',*,*,#7068,.F.);
#7068 = EDGE_CURVE('',#7069,#2362,#7071,.T.);
#7069 = VERTEX_POINT('',#7070);
#7070 = CARTESIAN_POINT('',(4.413504222217,16.85,0.490920896863));
#7071 = SURFACE_CURVE('',#7072,(#7077,#7083),.PCURVE_S1.);
#7072 = B_SPLINE_CURVE_WITH_KNOTS('',3,(#7073,#7074,#7075,#7076),
  .UNSPECIFIED.,.F.,.F.,(4,4),(0.,1.),.PIECEWISE_BEZIER_KNOTS.);
#7073 = CARTESIAN_POINT('',(4.413504222217,16.85,0.490920896863));
#7074 = CARTESIAN_POINT('',(4.413504222217,16.616666666667,
    0.490920896863));
#7075 = CARTESIAN_POINT('',(4.413504222217,16.383333333333,
    0.490920896863));
#7076 = CARTESIAN_POINT('',(4.413504222217,16.15,0.490920896863));
#7077 = PCURVE('',#2379,#7078);
#7078 = DEFINITIONAL_REPRESENTATION('',(#7079),#7082);
#7079 = B_SPLINE_CURVE_WITH_KNOTS('',1,(#7080,#7081),.UNSPECIFIED.,.F.,
  .F.,(2,2),(0.,1.),.PIECEWISE_BEZIER_KNOTS.);
#7080 = CARTESIAN_POINT('',(1.547646467039,0.));
#7081 = CARTESIAN_POINT('',(1.547646467039,0.7));
#7082 = ( GEOMETRIC_REPRESENTATION_CONTEXT(2) 
PARAMETRIC_REPRESENTATION_CONTEXT() REPRESENTATION_CONTEXT('2D SPACE',''
  ) );
#7083 = PCURVE('',#2446,#7084);
#7084 = DEFINITIONAL_REPRESENTATION('',(#7085),#7089);
#7085 = LINE('',#7086,#7087);
#7086 = CARTESIAN_POINT('',(1.,-3.167190747018E-15));
#7087 = VECTOR('',#7088,1.);
#7088 = DIRECTION('',(1.110223024625E-16,1.));
#7089 = ( GEOMETRIC_REPRESENTATION_CONTEXT(2) 
PARAMETRIC_REPRESENTATION_CONTEXT() REPRESENTATION_CONTEXT('2D SPACE',''
  ) );
#7090 = ORIENTED_EDGE('',*,*,#7091,.F.);
#7091 = EDGE_CURVE('',#6977,#7069,#7092,.T.);
#7092 = SURFACE_CURVE('',#7093,(#7098,#7104),.PCURVE_S1.);
#7093 = B_SPLINE_CURVE_WITH_KNOTS('',3,(#7094,#7095,#7096,#7097),
  .UNSPECIFIED.,.F.,.F.,(4,4),(0.,1.),.PIECEWISE_BEZIER_KNOTS.);
#7094 = CARTESIAN_POINT('',(4.38910313228,16.85,0.562939949841));
#7095 = CARTESIAN_POINT('',(4.39779111954,16.85,0.539126181401));
#7096 = CARTESIAN_POINT('',(4.405927722275,16.85,0.515111253176));
#7097 = CARTESIAN_POINT('',(4.413504222217,16.85,0.490920896863));
#7098 = PCURVE('',#2379,#7099);
#7099 = DEFINITIONAL_REPRESENTATION('',(#7100),#7103);
#7100 = B_SPLINE_CURVE_WITH_KNOTS('',1,(#7101,#7102),.UNSPECIFIED.,.F.,
  .F.,(2,2),(0.,1.),.PIECEWISE_BEZIER_KNOTS.);
#7101 = CARTESIAN_POINT('',(1.593946186551,0.));
#7102 = CARTESIAN_POINT('',(1.547646467039,0.));
#7103 = ( GEOMETRIC_REPRESENTATION_CONTEXT(2) 
PARAMETRIC_REPRESENTATION_CONTEXT() REPRESENTATION_CONTEXT('2D SPACE',''
  ) );
#7104 = PCURVE('',#5924,#7105);
#7105 = DEFINITIONAL_REPRESENTATION('',(#7106),#7111);
#7106 = B_SPLINE_CURVE_WITH_KNOTS('',3,(#7107,#7108,#7109,#7110),
  .UNSPECIFIED.,.F.,.F.,(4,4),(0.,1.),.PIECEWISE_BEZIER_KNOTS.);
#7107 = CARTESIAN_POINT('',(1.543018101927,-0.562939949841));
#7108 = CARTESIAN_POINT('',(1.551706089186,-0.539126181401));
#7109 = CARTESIAN_POINT('',(1.559842691922,-0.515111253176));
#7110 = CARTESIAN_POINT('',(1.567419191864,-0.490920896863));
#7111 = ( GEOMETRIC_REPRESENTATION_CONTEXT(2) 
PARAMETRIC_REPRESENTATION_CONTEXT() REPRESENTATION_CONTEXT('2D SPACE',''
  ) );
#7112 = ADVANCED_FACE('',(#7113),#2446,.F.);
#7113 = FACE_BOUND('',#7114,.F.);
#7114 = EDGE_LOOP('',(#7115,#7116,#7137,#7201));
#7115 = ORIENTED_EDGE('',*,*,#2390,.T.);
#7116 = ORIENTED_EDGE('',*,*,#7117,.F.);
#7117 = EDGE_CURVE('',#7118,#2391,#7120,.T.);
#7118 = VERTEX_POINT('',#7119);
#7119 = CARTESIAN_POINT('',(4.77281872119,16.85,0.453565479993));
#7120 = SURFACE_CURVE('',#7121,(#7124,#7131),.PCURVE_S1.);
#7121 = B_SPLINE_CURVE_WITH_KNOTS('',1,(#7122,#7123),.UNSPECIFIED.,.F.,
  .F.,(2,2),(0.,1.),.PIECEWISE_BEZIER_KNOTS.);
#7122 = CARTESIAN_POINT('',(4.77281872119,16.85,0.453565479993));
#7123 = CARTESIAN_POINT('',(4.77281872119,16.15,0.453565479993));
#7124 = PCURVE('',#2446,#7125);
#7125 = DEFINITIONAL_REPRESENTATION('',(#7126),#7130);
#7126 = LINE('',#7127,#7128);
#7127 = CARTESIAN_POINT('',(0.499024834132,-3.167198491319E-15));
#7128 = VECTOR('',#7129,1.);
#7129 = DIRECTION('',(-1.665334536938E-16,1.));
#7130 = ( GEOMETRIC_REPRESENTATION_CONTEXT(2) 
PARAMETRIC_REPRESENTATION_CONTEXT() REPRESENTATION_CONTEXT('2D SPACE',''
  ) );
#7131 = PCURVE('',#2588,#7132);
#7132 = DEFINITIONAL_REPRESENTATION('',(#7133),#7136);
#7133 = B_SPLINE_CURVE_WITH_KNOTS('',1,(#7134,#7135),.UNSPECIFIED.,.F.,
  .F.,(2,2),(0.,1.),.PIECEWISE_BEZIER_KNOTS.);
#7134 = CARTESIAN_POINT('',(4.993901826143,0.));
#7135 = CARTESIAN_POINT('',(4.993901826143,0.7));
#7136 = ( GEOMETRIC_REPRESENTATION_CONTEXT(2) 
PARAMETRIC_REPRESENTATION_CONTEXT() REPRESENTATION_CONTEXT('2D SPACE',''
  ) );
#7137 = ORIENTED_EDGE('',*,*,#7138,.F.);
#7138 = EDGE_CURVE('',#7069,#7118,#7139,.T.);
#7139 = SURFACE_CURVE('',#7140,(#7166,#7172),.PCURVE_S1.);
#7140 = B_SPLINE_CURVE_WITH_KNOTS('',3,(#7141,#7142,#7143,#7144,#7145,
    #7146,#7147,#7148,#7149,#7150,#7151,#7152,#7153,#7154,#7155,#7156,
    #7157,#7158,#7159,#7160,#7161,#7162,#7163,#7164,#7165),
  .UNSPECIFIED.,.F.,.F.,(4,1,1,1,1,1,1,1,1,1,1,1,1,1,1,1,1,1,1,1,1,1,4),
  (0.,0.387972789549,0.398654840446,0.41127908225,0.425845514983,
    0.442354138656,0.460804953278,0.481197958857,0.503533155396,
    0.527810542899,0.55403012137,0.58219189081,0.61229585122,
    0.644342002604,0.67833034496,0.714260878292,0.752133602599,
    0.791948517882,0.833705624143,0.87740492138,0.923046409596,
    0.97063008879,1.),.UNSPECIFIED.);
#7141 = CARTESIAN_POINT('',(4.413504222217,16.85,0.490920896863));
#7142 = CARTESIAN_POINT('',(4.463718419095,16.85,0.436197255072));
#7143 = CARTESIAN_POINT('',(4.507740098682,16.85,0.464514734709));
#7144 = CARTESIAN_POINT('',(4.556865162179,16.85,0.472380231332));
#7145 = CARTESIAN_POINT('',(4.561401971464,16.85,0.473016406205));
#7146 = CARTESIAN_POINT('',(4.566650448414,16.85,0.473645518332));
#7147 = CARTESIAN_POINT('',(4.572611705006,16.85,0.474240076677));
#7148 = CARTESIAN_POINT('',(4.579286223658,16.85,0.474771550647));
#7149 = CARTESIAN_POINT('',(4.586673569809,16.85,0.475211706582));
#7150 = CARTESIAN_POINT('',(4.594772483837,16.85,0.475532204793));
#7151 = CARTESIAN_POINT('',(4.603580851442,16.85,0.475704757306));
#7152 = CARTESIAN_POINT('',(4.613095713204,16.85,0.475701108378));
#7153 = CARTESIAN_POINT('',(4.623313262706,16.85,0.47549307007));
#7154 = CARTESIAN_POINT('',(4.63422884891,16.85,0.475052540875));
#7155 = CARTESIAN_POINT('',(4.645836977981,16.85,0.474351529438));
#7156 = CARTESIAN_POINT('',(4.658131316009,16.85,0.473362176668));
#7157 = CARTESIAN_POINT('',(4.671104692193,16.85,0.472056778258));
#7158 = CARTESIAN_POINT('',(4.684749102618,16.85,0.470407806971));
#7159 = CARTESIAN_POINT('',(4.699055714579,16.85,0.468387934886));
#7160 = CARTESIAN_POINT('',(4.714014871461,16.85,0.465970055524));
#7161 = CARTESIAN_POINT('',(4.729616098181,16.85,0.463127305857));
#7162 = CARTESIAN_POINT('',(4.745848107165,16.85,0.459833088188));
#7163 = CARTESIAN_POINT('',(4.760319543923,16.85,0.456593684875));
#7164 = CARTESIAN_POINT('',(4.769369692349,16.85,0.454416715593));
#7165 = CARTESIAN_POINT('',(4.77281872119,16.85,0.453565479993));
#7166 = PCURVE('',#2446,#7167);
#7167 = DEFINITIONAL_REPRESENTATION('',(#7168),#7171);
#7168 = B_SPLINE_CURVE_WITH_KNOTS('',1,(#7169,#7170),.UNSPECIFIED.,.F.,
  .F.,(2,2),(0.,1.),.PIECEWISE_BEZIER_KNOTS.);
#7169 = CARTESIAN_POINT('',(1.,-3.167190747018E-15));
#7170 = CARTESIAN_POINT('',(0.499024834132,-3.167198491319E-15));
#7171 = ( GEOMETRIC_REPRESENTATION_CONTEXT(2) 
PARAMETRIC_REPRESENTATION_CONTEXT() REPRESENTATION_CONTEXT('2D SPACE',''
  ) );
#7172 = PCURVE('',#5924,#7173);
#7173 = DEFINITIONAL_REPRESENTATION('',(#7174),#7200);
#7174 = B_SPLINE_CURVE_WITH_KNOTS('',3,(#7175,#7176,#7177,#7178,#7179,
    #7180,#7181,#7182,#7183,#7184,#7185,#7186,#7187,#7188,#7189,#7190,
    #7191,#7192,#7193,#7194,#7195,#7196,#7197,#7198,#7199),
  .UNSPECIFIED.,.F.,.F.,(4,1,1,1,1,1,1,1,1,1,1,1,1,1,1,1,1,1,1,1,1,1,4),
  (0.,0.387972789549,0.398654840446,0.41127908225,0.425845514983,
    0.442354138656,0.460804953278,0.481197958857,0.503533155396,
    0.527810542899,0.55403012137,0.58219189081,0.61229585122,
    0.644342002604,0.67833034496,0.714260878292,0.752133602599,
    0.791948517882,0.833705624143,0.87740492138,0.923046409596,
    0.97063008879,1.),.UNSPECIFIED.);
#7175 = CARTESIAN_POINT('',(1.567419191864,-0.490920896863));
#7176 = CARTESIAN_POINT('',(1.617633388742,-0.436197255072));
#7177 = CARTESIAN_POINT('',(1.661655068329,-0.464514734709));
#7178 = CARTESIAN_POINT('',(1.710780131826,-0.472380231332));
#7179 = CARTESIAN_POINT('',(1.715316941111,-0.473016406205));
#7180 = CARTESIAN_POINT('',(1.720565418061,-0.473645518332));
#7181 = CARTESIAN_POINT('',(1.726526674653,-0.474240076677));
#7182 = CARTESIAN_POINT('',(1.733201193304,-0.474771550647));
#7183 = CARTESIAN_POINT('',(1.740588539456,-0.475211706582));
#7184 = CARTESIAN_POINT('',(1.748687453484,-0.475532204793));
#7185 = CARTESIAN_POINT('',(1.757495821089,-0.475704757306));
#7186 = CARTESIAN_POINT('',(1.767010682851,-0.475701108378));
#7187 = CARTESIAN_POINT('',(1.777228232353,-0.47549307007));
#7188 = CARTESIAN_POINT('',(1.788143818557,-0.475052540875));
#7189 = CARTESIAN_POINT('',(1.799751947628,-0.474351529438));
#7190 = CARTESIAN_POINT('',(1.812046285656,-0.473362176668));
#7191 = CARTESIAN_POINT('',(1.82501966184,-0.472056778258));
#7192 = CARTESIAN_POINT('',(1.838664072265,-0.470407806971));
#7193 = CARTESIAN_POINT('',(1.852970684225,-0.468387934886));
#7194 = CARTESIAN_POINT('',(1.867929841108,-0.465970055524));
#7195 = CARTESIAN_POINT('',(1.883531067828,-0.463127305857));
#7196 = CARTESIAN_POINT('',(1.899763076812,-0.459833088188));
#7197 = CARTESIAN_POINT('',(1.91423451357,-0.456593684875));
#7198 = CARTESIAN_POINT('',(1.923284661996,-0.454416715593));
#7199 = CARTESIAN_POINT('',(1.926733690837,-0.453565479993));
#7200 = ( GEOMETRIC_REPRESENTATION_CONTEXT(2) 
PARAMETRIC_REPRESENTATION_CONTEXT() REPRESENTATION_CONTEXT('2D SPACE',''
  ) );
#7201 = ORIENTED_EDGE('',*,*,#7068,.T.);
#7202 = ADVANCED_FACE('',(#7203),#2588,.F.);
#7203 = FACE_BOUND('',#7204,.F.);
#7204 = EDGE_LOOP('',(#7205,#7229,#7230,#7231));
#7205 = ORIENTED_EDGE('',*,*,#7206,.F.);
#7206 = EDGE_CURVE('',#7118,#7207,#7209,.T.);
#7207 = VERTEX_POINT('',#7208);
#7208 = CARTESIAN_POINT('',(4.796674171846,16.85,0.336491249618));
#7209 = SURFACE_CURVE('',#7210,(#7215,#7221),.PCURVE_S1.);
#7210 = B_SPLINE_CURVE_WITH_KNOTS('',3,(#7211,#7212,#7213,#7214),
  .UNSPECIFIED.,.F.,.F.,(4,4),(0.,1.),.PIECEWISE_BEZIER_KNOTS.);
#7211 = CARTESIAN_POINT('',(4.77281872119,16.85,0.453565479993));
#7212 = CARTESIAN_POINT('',(4.781946101592,16.85,0.414792618898));
#7213 = CARTESIAN_POINT('',(4.789902749031,16.85,0.375744168799));
#7214 = CARTESIAN_POINT('',(4.796674171846,16.85,0.336491249618));
#7215 = PCURVE('',#2588,#7216);
#7216 = DEFINITIONAL_REPRESENTATION('',(#7217),#7220);
#7217 = B_SPLINE_CURVE_WITH_KNOTS('',1,(#7218,#7219),.UNSPECIFIED.,.F.,
  .F.,(2,2),(0.,1.),.PIECEWISE_BEZIER_KNOTS.);
#7218 = CARTESIAN_POINT('',(4.993901826143,0.));
#7219 = CARTESIAN_POINT('',(4.933530959196,0.));
#7220 = ( GEOMETRIC_REPRESENTATION_CONTEXT(2) 
PARAMETRIC_REPRESENTATION_CONTEXT() REPRESENTATION_CONTEXT('2D SPACE',''
  ) );
#7221 = PCURVE('',#5924,#7222);
#7222 = DEFINITIONAL_REPRESENTATION('',(#7223),#7228);
#7223 = B_SPLINE_CURVE_WITH_KNOTS('',3,(#7224,#7225,#7226,#7227),
  .UNSPECIFIED.,.F.,.F.,(4,4),(0.,1.),.PIECEWISE_BEZIER_KNOTS.);
#7224 = CARTESIAN_POINT('',(1.926733690837,-0.453565479993));
#7225 = CARTESIAN_POINT('',(1.935861071239,-0.414792618898));
#7226 = CARTESIAN_POINT('',(1.943817718677,-0.375744168799));
#7227 = CARTESIAN_POINT('',(1.950589141493,-0.336491249618));
#7228 = ( GEOMETRIC_REPRESENTATION_CONTEXT(2) 
PARAMETRIC_REPRESENTATION_CONTEXT() REPRESENTATION_CONTEXT('2D SPACE',''
  ) );
#7229 = ORIENTED_EDGE('',*,*,#7117,.T.);
#7230 = ORIENTED_EDGE('',*,*,#2570,.T.);
#7231 = ORIENTED_EDGE('',*,*,#7232,.F.);
#7232 = EDGE_CURVE('',#7207,#2571,#7233,.T.);
#7233 = SURFACE_CURVE('',#7234,(#7239,#7245),.PCURVE_S1.);
#7234 = B_SPLINE_CURVE_WITH_KNOTS('',3,(#7235,#7236,#7237,#7238),
  .UNSPECIFIED.,.F.,.F.,(4,4),(0.,1.),.PIECEWISE_BEZIER_KNOTS.);
#7235 = CARTESIAN_POINT('',(4.796674171846,16.85,0.336491249618));
#7236 = CARTESIAN_POINT('',(4.796674171851,16.616666666667,
    0.336491249621));
#7237 = CARTESIAN_POINT('',(4.796674171851,16.383333333333,
    0.336491249621));
#7238 = CARTESIAN_POINT('',(4.796674171846,16.15,0.336491249618));
#7239 = PCURVE('',#2588,#7240);
#7240 = DEFINITIONAL_REPRESENTATION('',(#7241),#7244);
#7241 = B_SPLINE_CURVE_WITH_KNOTS('',1,(#7242,#7243),.UNSPECIFIED.,.F.,
  .F.,(2,2),(0.,1.),.PIECEWISE_BEZIER_KNOTS.);
#7242 = CARTESIAN_POINT('',(4.933530959196,0.));
#7243 = CARTESIAN_POINT('',(4.933530959196,0.7));
#7244 = ( GEOMETRIC_REPRESENTATION_CONTEXT(2) 
PARAMETRIC_REPRESENTATION_CONTEXT() REPRESENTATION_CONTEXT('2D SPACE',''
  ) );
#7245 = PCURVE('',#2637,#7246);
#7246 = DEFINITIONAL_REPRESENTATION('',(#7247),#7251);
#7247 = LINE('',#7248,#7249);
#7248 = CARTESIAN_POINT('',(0.500975165842,-3.167190747018E-15));
#7249 = VECTOR('',#7250,1.);
#7250 = DIRECTION('',(5.551115123126E-16,1.));
#7251 = ( GEOMETRIC_REPRESENTATION_CONTEXT(2) 
PARAMETRIC_REPRESENTATION_CONTEXT() REPRESENTATION_CONTEXT('2D SPACE',''
  ) );
#7252 = ADVANCED_FACE('',(#7253),#2637,.F.);
#7253 = FACE_BOUND('',#7254,.F.);
#7254 = EDGE_LOOP('',(#7255,#7321,#7322,#7323));
#7255 = ORIENTED_EDGE('',*,*,#7256,.F.);
#7256 = EDGE_CURVE('',#7207,#7257,#7259,.T.);
#7257 = VERTEX_POINT('',#7258);
#7258 = CARTESIAN_POINT('',(4.480623853802,16.85,0.161521158481));
#7259 = SURFACE_CURVE('',#7260,(#7286,#7292),.PCURVE_S1.);
#7260 = B_SPLINE_CURVE_WITH_KNOTS('',3,(#7261,#7262,#7263,#7264,#7265,
    #7266,#7267,#7268,#7269,#7270,#7271,#7272,#7273,#7274,#7275,#7276,
    #7277,#7278,#7279,#7280,#7281,#7282,#7283,#7284,#7285),
  .UNSPECIFIED.,.F.,.F.,(4,1,1,1,1,1,1,1,1,1,1,1,1,1,1,1,1,1,1,1,1,1,4),
  (0.,2.936991105782E-02,7.695359025921E-02,0.122595078482,
    0.166294375726,0.208051481993,0.247866397283,0.285739121596,
    0.321669654933,0.355657997295,0.387704148684,0.417808109099,
    0.445969878543,0.472189457018,0.496466844525,0.518802041068,
    0.539195046649,0.557645861275,0.57415448495,0.588720917685,
    0.601345159492,0.61202721039,1.),.UNSPECIFIED.);
#7261 = CARTESIAN_POINT('',(4.796674171846,16.85,0.336491249618));
#7262 = CARTESIAN_POINT('',(4.793833202314,16.85,0.334358342155));
#7263 = CARTESIAN_POINT('',(4.786356418288,16.85,0.328813787884));
#7264 = CARTESIAN_POINT('',(4.774306289084,16.85,0.32017025844));
#7265 = CARTESIAN_POINT('',(4.760657403761,16.85,0.310787406252));
#7266 = CARTESIAN_POINT('',(4.747412358292,16.85,0.302066840254));
#7267 = CARTESIAN_POINT('',(4.73459194748,16.85,0.293988499963));
#7268 = CARTESIAN_POINT('',(4.72221632224,16.85,0.28653176281));
#7269 = CARTESIAN_POINT('',(4.710304975529,16.85,0.279675461935));
#7270 = CARTESIAN_POINT('',(4.698876728731,16.85,0.27339790431));
#7271 = CARTESIAN_POINT('',(4.687949718506,16.85,0.267676889192));
#7272 = CARTESIAN_POINT('',(4.677541384107,16.85,0.262489726903));
#7273 = CARTESIAN_POINT('',(4.667668455186,16.85,0.257813257864));
#7274 = CARTESIAN_POINT('',(4.65834694005,16.85,0.253623872071));
#7275 = CARTESIAN_POINT('',(4.649592114503,16.85,0.249897528379));
#7276 = CARTESIAN_POINT('',(4.64141851089,16.85,0.246609775619));
#7277 = CARTESIAN_POINT('',(4.633839908619,16.85,0.243735768809));
#7278 = CARTESIAN_POINT('',(4.626869321967,16.85,0.241250302626));
#7279 = CARTESIAN_POINT('',(4.620518998916,16.85,0.239127789739));
#7280 = CARTESIAN_POINT('',(4.614800386676,16.85,0.237342417557));
#7281 = CARTESIAN_POINT('',(4.609724204773,16.85,0.235867741436));
#7282 = CARTESIAN_POINT('',(4.605300186612,16.85,0.234678027073));
#7283 = CARTESIAN_POINT('',(4.557014184948,16.85,0.22269470767));
#7284 = CARTESIAN_POINT('',(4.505422205893,16.85,0.23152961706));
#7285 = CARTESIAN_POINT('',(4.480623853802,16.85,0.161521158481));
#7286 = PCURVE('',#2637,#7287);
#7287 = DEFINITIONAL_REPRESENTATION('',(#7288),#7291);
#7288 = B_SPLINE_CURVE_WITH_KNOTS('',1,(#7289,#7290),.UNSPECIFIED.,.F.,
  .F.,(2,2),(0.,1.),.PIECEWISE_BEZIER_KNOTS.);
#7289 = CARTESIAN_POINT('',(0.500975165842,-3.167190747018E-15));
#7290 = CARTESIAN_POINT('',(4.236439544057E-17,-3.167198491319E-15));
#7291 = ( GEOMETRIC_REPRESENTATION_CONTEXT(2) 
PARAMETRIC_REPRESENTATION_CONTEXT() REPRESENTATION_CONTEXT('2D SPACE',''
  ) );
#7292 = PCURVE('',#5924,#7293);
#7293 = DEFINITIONAL_REPRESENTATION('',(#7294),#7320);
#7294 = B_SPLINE_CURVE_WITH_KNOTS('',3,(#7295,#7296,#7297,#7298,#7299,
    #7300,#7301,#7302,#7303,#7304,#7305,#7306,#7307,#7308,#7309,#7310,
    #7311,#7312,#7313,#7314,#7315,#7316,#7317,#7318,#7319),
  .UNSPECIFIED.,.F.,.F.,(4,1,1,1,1,1,1,1,1,1,1,1,1,1,1,1,1,1,1,1,1,1,4),
  (0.,2.936991105782E-02,7.695359025921E-02,0.122595078482,
    0.166294375726,0.208051481993,0.247866397283,0.285739121596,
    0.321669654933,0.355657997295,0.387704148684,0.417808109099,
    0.445969878543,0.472189457018,0.496466844525,0.518802041068,
    0.539195046649,0.557645861275,0.57415448495,0.588720917685,
    0.601345159492,0.61202721039,1.),.UNSPECIFIED.);
#7295 = CARTESIAN_POINT('',(1.950589141493,-0.336491249618));
#7296 = CARTESIAN_POINT('',(1.947748171961,-0.334358342155));
#7297 = CARTESIAN_POINT('',(1.940271387935,-0.328813787884));
#7298 = CARTESIAN_POINT('',(1.928221258731,-0.32017025844));
#7299 = CARTESIAN_POINT('',(1.914572373408,-0.310787406252));
#7300 = CARTESIAN_POINT('',(1.901327327939,-0.302066840254));
#7301 = CARTESIAN_POINT('',(1.888506917127,-0.293988499963));
#7302 = CARTESIAN_POINT('',(1.876131291887,-0.28653176281));
#7303 = CARTESIAN_POINT('',(1.864219945176,-0.279675461935));
#7304 = CARTESIAN_POINT('',(1.852791698378,-0.27339790431));
#7305 = CARTESIAN_POINT('',(1.841864688153,-0.267676889192));
#7306 = CARTESIAN_POINT('',(1.831456353754,-0.262489726903));
#7307 = CARTESIAN_POINT('',(1.821583424833,-0.257813257864));
#7308 = CARTESIAN_POINT('',(1.812261909697,-0.253623872071));
#7309 = CARTESIAN_POINT('',(1.80350708415,-0.249897528379));
#7310 = CARTESIAN_POINT('',(1.795333480537,-0.246609775619));
#7311 = CARTESIAN_POINT('',(1.787754878266,-0.243735768809));
#7312 = CARTESIAN_POINT('',(1.780784291614,-0.241250302626));
#7313 = CARTESIAN_POINT('',(1.774433968563,-0.239127789739));
#7314 = CARTESIAN_POINT('',(1.768715356323,-0.237342417557));
#7315 = CARTESIAN_POINT('',(1.76363917442,-0.235867741436));
#7316 = CARTESIAN_POINT('',(1.759215156259,-0.234678027073));
#7317 = CARTESIAN_POINT('',(1.710929154595,-0.22269470767));
#7318 = CARTESIAN_POINT('',(1.65933717554,-0.23152961706));
#7319 = CARTESIAN_POINT('',(1.634538823449,-0.161521158481));
#7320 = ( GEOMETRIC_REPRESENTATION_CONTEXT(2) 
PARAMETRIC_REPRESENTATION_CONTEXT() REPRESENTATION_CONTEXT('2D SPACE',''
  ) );
#7321 = ORIENTED_EDGE('',*,*,#7232,.T.);
#7322 = ORIENTED_EDGE('',*,*,#2599,.T.);
#7323 = ORIENTED_EDGE('',*,*,#7324,.F.);
#7324 = EDGE_CURVE('',#7257,#2600,#7325,.T.);
#7325 = SURFACE_CURVE('',#7326,(#7329,#7336),.PCURVE_S1.);
#7326 = B_SPLINE_CURVE_WITH_KNOTS('',1,(#7327,#7328),.UNSPECIFIED.,.F.,
  .F.,(2,2),(0.,1.),.PIECEWISE_BEZIER_KNOTS.);
#7327 = CARTESIAN_POINT('',(4.480623853802,16.85,0.161521158481));
#7328 = CARTESIAN_POINT('',(4.480623853802,16.15,0.161521158481));
#7329 = PCURVE('',#2637,#7330);
#7330 = DEFINITIONAL_REPRESENTATION('',(#7331),#7335);
#7331 = LINE('',#7332,#7333);
#7332 = CARTESIAN_POINT('',(4.236439544057E-17,-3.167198491319E-15));
#7333 = VECTOR('',#7334,1.);
#7334 = DIRECTION('',(-6.518680446875E-17,1.));
#7335 = ( GEOMETRIC_REPRESENTATION_CONTEXT(2) 
PARAMETRIC_REPRESENTATION_CONTEXT() REPRESENTATION_CONTEXT('2D SPACE',''
  ) );
#7336 = PCURVE('',#2757,#7337);
#7337 = DEFINITIONAL_REPRESENTATION('',(#7338),#7341);
#7338 = B_SPLINE_CURVE_WITH_KNOTS('',1,(#7339,#7340),.UNSPECIFIED.,.F.,
  .F.,(2,2),(0.,1.),.PIECEWISE_BEZIER_KNOTS.);
#7339 = CARTESIAN_POINT('',(1.593946186551,0.));
#7340 = CARTESIAN_POINT('',(1.593946186551,0.7));
#7341 = ( GEOMETRIC_REPRESENTATION_CONTEXT(2) 
PARAMETRIC_REPRESENTATION_CONTEXT() REPRESENTATION_CONTEXT('2D SPACE',''
  ) );
#7342 = ADVANCED_FACE('',(#7343),#2757,.F.);
#7343 = FACE_BOUND('',#7344,.F.);
#7344 = EDGE_LOOP('',(#7345,#7346,#7347,#7370));
#7345 = ORIENTED_EDGE('',*,*,#7324,.T.);
#7346 = ORIENTED_EDGE('',*,*,#2739,.T.);
#7347 = ORIENTED_EDGE('',*,*,#7348,.F.);
#7348 = EDGE_CURVE('',#7349,#2740,#7351,.T.);
#7349 = VERTEX_POINT('',#7350);
#7350 = CARTESIAN_POINT('',(4.48634792847,16.85,8.569641218256E-02));
#7351 = SURFACE_CURVE('',#7352,(#7357,#7363),.PCURVE_S1.);
#7352 = B_SPLINE_CURVE_WITH_KNOTS('',3,(#7353,#7354,#7355,#7356),
  .UNSPECIFIED.,.F.,.F.,(4,4),(0.,1.),.PIECEWISE_BEZIER_KNOTS.);
#7353 = CARTESIAN_POINT('',(4.48634792847,16.85,8.569641218256E-02));
#7354 = CARTESIAN_POINT('',(4.48634792847,16.616666666667,
    8.569641218256E-02));
#7355 = CARTESIAN_POINT('',(4.48634792847,16.383333333333,
    8.569641218256E-02));
#7356 = CARTESIAN_POINT('',(4.48634792847,16.15,8.569641218256E-02));
#7357 = PCURVE('',#2757,#7358);
#7358 = DEFINITIONAL_REPRESENTATION('',(#7359),#7362);
#7359 = B_SPLINE_CURVE_WITH_KNOTS('',1,(#7360,#7361),.UNSPECIFIED.,.F.,
  .F.,(2,2),(0.,1.),.PIECEWISE_BEZIER_KNOTS.);
#7360 = CARTESIAN_POINT('',(1.547646467039,0.));
#7361 = CARTESIAN_POINT('',(1.547646467039,0.7));
#7362 = ( GEOMETRIC_REPRESENTATION_CONTEXT(2) 
PARAMETRIC_REPRESENTATION_CONTEXT() REPRESENTATION_CONTEXT('2D SPACE',''
  ) );
#7363 = PCURVE('',#2824,#7364);
#7364 = DEFINITIONAL_REPRESENTATION('',(#7365),#7369);
#7365 = LINE('',#7366,#7367);
#7366 = CARTESIAN_POINT('',(1.,-3.167190747018E-15));
#7367 = VECTOR('',#7368,1.);
#7368 = DIRECTION('',(0.,1.));
#7369 = ( GEOMETRIC_REPRESENTATION_CONTEXT(2) 
PARAMETRIC_REPRESENTATION_CONTEXT() REPRESENTATION_CONTEXT('2D SPACE',''
  ) );
#7370 = ORIENTED_EDGE('',*,*,#7371,.F.);
#7371 = EDGE_CURVE('',#7257,#7349,#7372,.T.);
#7372 = SURFACE_CURVE('',#7373,(#7378,#7384),.PCURVE_S1.);
#7373 = B_SPLINE_CURVE_WITH_KNOTS('',3,(#7374,#7375,#7376,#7377),
  .UNSPECIFIED.,.F.,.F.,(4,4),(0.,1.),.PIECEWISE_BEZIER_KNOTS.);
#7374 = CARTESIAN_POINT('',(4.480623853802,16.85,0.161521158481));
#7375 = CARTESIAN_POINT('',(4.48311664858,16.85,0.136294928795));
#7376 = CARTESIAN_POINT('',(4.485025355188,16.85,0.111010982885));
#7377 = CARTESIAN_POINT('',(4.48634792847,16.85,8.569641218256E-02));
#7378 = PCURVE('',#2757,#7379);
#7379 = DEFINITIONAL_REPRESENTATION('',(#7380),#7383);
#7380 = B_SPLINE_CURVE_WITH_KNOTS('',1,(#7381,#7382),.UNSPECIFIED.,.F.,
  .F.,(2,2),(0.,1.),.PIECEWISE_BEZIER_KNOTS.);
#7381 = CARTESIAN_POINT('',(1.593946186551,0.));
#7382 = CARTESIAN_POINT('',(1.547646467039,0.));
#7383 = ( GEOMETRIC_REPRESENTATION_CONTEXT(2) 
PARAMETRIC_REPRESENTATION_CONTEXT() REPRESENTATION_CONTEXT('2D SPACE',''
  ) );
#7384 = PCURVE('',#5924,#7385);
#7385 = DEFINITIONAL_REPRESENTATION('',(#7386),#7391);
#7386 = B_SPLINE_CURVE_WITH_KNOTS('',3,(#7387,#7388,#7389,#7390),
  .UNSPECIFIED.,.F.,.F.,(4,4),(0.,1.),.PIECEWISE_BEZIER_KNOTS.);
#7387 = CARTESIAN_POINT('',(1.634538823449,-0.161521158481));
#7388 = CARTESIAN_POINT('',(1.637031618227,-0.136294928795));
#7389 = CARTESIAN_POINT('',(1.638940324835,-0.111010982885));
#7390 = CARTESIAN_POINT('',(1.640262898117,-8.569641218256E-02));
#7391 = ( GEOMETRIC_REPRESENTATION_CONTEXT(2) 
PARAMETRIC_REPRESENTATION_CONTEXT() REPRESENTATION_CONTEXT('2D SPACE',''
  ) );
#7392 = ADVANCED_FACE('',(#7393),#2824,.F.);
#7393 = FACE_BOUND('',#7394,.F.);
#7394 = EDGE_LOOP('',(#7395,#7396,#7417,#7481));
#7395 = ORIENTED_EDGE('',*,*,#2768,.T.);
#7396 = ORIENTED_EDGE('',*,*,#7397,.F.);
#7397 = EDGE_CURVE('',#7398,#2769,#7400,.T.);
#7398 = VERTEX_POINT('',#7399);
#7399 = CARTESIAN_POINT('',(4.825083987319,16.85,-3.984329778091E-02));
#7400 = SURFACE_CURVE('',#7401,(#7404,#7411),.PCURVE_S1.);
#7401 = B_SPLINE_CURVE_WITH_KNOTS('',1,(#7402,#7403),.UNSPECIFIED.,.F.,
  .F.,(2,2),(0.,1.),.PIECEWISE_BEZIER_KNOTS.);
#7402 = CARTESIAN_POINT('',(4.825083987319,16.85,-3.984329778091E-02));
#7403 = CARTESIAN_POINT('',(4.825083987319,16.15,-3.984329778091E-02));
#7404 = PCURVE('',#2824,#7405);
#7405 = DEFINITIONAL_REPRESENTATION('',(#7406),#7410);
#7406 = LINE('',#7407,#7408);
#7407 = CARTESIAN_POINT('',(0.499024834132,-3.167198491319E-15));
#7408 = VECTOR('',#7409,1.);
#7409 = DIRECTION('',(-2.775557561563E-16,1.));
#7410 = ( GEOMETRIC_REPRESENTATION_CONTEXT(2) 
PARAMETRIC_REPRESENTATION_CONTEXT() REPRESENTATION_CONTEXT('2D SPACE',''
  ) );
#7411 = PCURVE('',#2966,#7412);
#7412 = DEFINITIONAL_REPRESENTATION('',(#7413),#7416);
#7413 = B_SPLINE_CURVE_WITH_KNOTS('',1,(#7414,#7415),.UNSPECIFIED.,.F.,
  .F.,(2,2),(0.,1.),.PIECEWISE_BEZIER_KNOTS.);
#7414 = CARTESIAN_POINT('',(4.742574413856,0.));
#7415 = CARTESIAN_POINT('',(4.742574413856,0.7));
#7416 = ( GEOMETRIC_REPRESENTATION_CONTEXT(2) 
PARAMETRIC_REPRESENTATION_CONTEXT() REPRESENTATION_CONTEXT('2D SPACE',''
  ) );
#7417 = ORIENTED_EDGE('',*,*,#7418,.F.);
#7418 = EDGE_CURVE('',#7349,#7398,#7419,.T.);
#7419 = SURFACE_CURVE('',#7420,(#7446,#7452),.PCURVE_S1.);
#7420 = B_SPLINE_CURVE_WITH_KNOTS('',3,(#7421,#7422,#7423,#7424,#7425,
    #7426,#7427,#7428,#7429,#7430,#7431,#7432,#7433,#7434,#7435,#7436,
    #7437,#7438,#7439,#7440,#7441,#7442,#7443,#7444,#7445),
  .UNSPECIFIED.,.F.,.F.,(4,1,1,1,1,1,1,1,1,1,1,1,1,1,1,1,1,1,1,1,1,1,4),
  (0.,0.387972789549,0.398654840446,0.41127908225,0.425845514983,
    0.442354138656,0.460804953278,0.481197958857,0.503533155396,
    0.527810542899,0.55403012137,0.58219189081,0.61229585122,
    0.644342002604,0.67833034496,0.714260878292,0.752133602599,
    0.791948517882,0.833705624143,0.87740492138,0.923046409596,
    0.97063008879,1.),.UNSPECIFIED.);
#7421 = CARTESIAN_POINT('',(4.48634792847,16.85,8.569641218256E-02));
#7422 = CARTESIAN_POINT('',(4.521375337714,16.85,2.02042512727E-02));
#7423 = CARTESIAN_POINT('',(4.571056266102,16.85,3.66843386856E-02));
#7424 = CARTESIAN_POINT('',(4.620594044862,16.85,3.208581977018E-02));
#7425 = CARTESIAN_POINT('',(4.625146532198,16.85,3.157374945072E-02));
#7426 = CARTESIAN_POINT('',(4.630386572418,16.85,3.087785372306E-02));
#7427 = CARTESIAN_POINT('',(4.63630840582,16.85,2.997122869534E-02));
#7428 = CARTESIAN_POINT('',(4.642905404395,16.85,2.882612014298E-02));
#7429 = CARTESIAN_POINT('',(4.650170125813,16.85,2.741528948852E-02));
#7430 = CARTESIAN_POINT('',(4.658094302228,16.85,2.57116006435E-02));
#7431 = CARTESIAN_POINT('',(4.666668850832,16.85,2.368818015582E-02));
#7432 = CARTESIAN_POINT('',(4.675883878264,16.85,2.13183959683E-02));
#7433 = CARTESIAN_POINT('',(4.685728687636,16.85,1.857589233337E-02));
#7434 = CARTESIAN_POINT('',(4.696191785471,16.85,1.543460727181E-02));
#7435 = CARTESIAN_POINT('',(4.707260889367,16.85,1.186879508846E-02));
#7436 = CARTESIAN_POINT('',(4.718922936129,16.85,7.853047118979E-03));
#7437 = CARTESIAN_POINT('',(4.73116409046,16.85,3.362312740962E-03));
#7438 = CARTESIAN_POINT('',(4.743969754158,16.85,-1.628079970343E-03));
#7439 = CARTESIAN_POINT('',(4.757324575835,16.85,-7.142403773853E-03));
#7440 = CARTESIAN_POINT('',(4.771212461151,16.85,-1.320451204676E-02));
#7441 = CARTESIAN_POINT('',(4.78561658355,16.85,-1.983781881753E-02));
#7442 = CARTESIAN_POINT('',(4.800519395503,16.85,-2.706527906416E-02));
#7443 = CARTESIAN_POINT('',(4.81373057862,16.85,-3.380181053904E-02));
#7444 = CARTESIAN_POINT('',(4.821955009746,16.85,-3.816106671857E-02));
#7445 = CARTESIAN_POINT('',(4.825083987319,16.85,-3.984329778091E-02));
#7446 = PCURVE('',#2824,#7447);
#7447 = DEFINITIONAL_REPRESENTATION('',(#7448),#7451);
#7448 = B_SPLINE_CURVE_WITH_KNOTS('',1,(#7449,#7450),.UNSPECIFIED.,.F.,
  .F.,(2,2),(0.,1.),.PIECEWISE_BEZIER_KNOTS.);
#7449 = CARTESIAN_POINT('',(1.,-3.167190747018E-15));
#7450 = CARTESIAN_POINT('',(0.499024834132,-3.167198491319E-15));
#7451 = ( GEOMETRIC_REPRESENTATION_CONTEXT(2) 
PARAMETRIC_REPRESENTATION_CONTEXT() REPRESENTATION_CONTEXT('2D SPACE',''
  ) );
#7452 = PCURVE('',#5924,#7453);
#7453 = DEFINITIONAL_REPRESENTATION('',(#7454),#7480);
#7454 = B_SPLINE_CURVE_WITH_KNOTS('',3,(#7455,#7456,#7457,#7458,#7459,
    #7460,#7461,#7462,#7463,#7464,#7465,#7466,#7467,#7468,#7469,#7470,
    #7471,#7472,#7473,#7474,#7475,#7476,#7477,#7478,#7479),
  .UNSPECIFIED.,.F.,.F.,(4,1,1,1,1,1,1,1,1,1,1,1,1,1,1,1,1,1,1,1,1,1,4),
  (0.,0.387972789549,0.398654840446,0.41127908225,0.425845514983,
    0.442354138656,0.460804953278,0.481197958857,0.503533155396,
    0.527810542899,0.55403012137,0.58219189081,0.61229585122,
    0.644342002604,0.67833034496,0.714260878292,0.752133602599,
    0.791948517882,0.833705624143,0.87740492138,0.923046409596,
    0.97063008879,1.),.UNSPECIFIED.);
#7455 = CARTESIAN_POINT('',(1.640262898117,-8.569641218256E-02));
#7456 = CARTESIAN_POINT('',(1.675290307361,-2.02042512727E-02));
#7457 = CARTESIAN_POINT('',(1.724971235749,-3.66843386856E-02));
#7458 = CARTESIAN_POINT('',(1.774509014509,-3.208581977018E-02));
#7459 = CARTESIAN_POINT('',(1.779061501845,-3.157374945072E-02));
#7460 = CARTESIAN_POINT('',(1.784301542064,-3.087785372306E-02));
#7461 = CARTESIAN_POINT('',(1.790223375467,-2.997122869534E-02));
#7462 = CARTESIAN_POINT('',(1.796820374042,-2.882612014298E-02));
#7463 = CARTESIAN_POINT('',(1.80408509546,-2.741528948852E-02));
#7464 = CARTESIAN_POINT('',(1.812009271875,-2.57116006435E-02));
#7465 = CARTESIAN_POINT('',(1.820583820479,-2.368818015582E-02));
#7466 = CARTESIAN_POINT('',(1.82979884791,-2.131839596829E-02));
#7467 = CARTESIAN_POINT('',(1.839643657283,-1.857589233337E-02));
#7468 = CARTESIAN_POINT('',(1.850106755118,-1.54346072718E-02));
#7469 = CARTESIAN_POINT('',(1.861175859014,-1.186879508846E-02));
#7470 = CARTESIAN_POINT('',(1.872837905776,-7.853047118977E-03));
#7471 = CARTESIAN_POINT('',(1.885079060107,-3.36231274096E-03));
#7472 = CARTESIAN_POINT('',(1.897884723805,1.628079970345E-03));
#7473 = CARTESIAN_POINT('',(1.911239545482,7.142403773855E-03));
#7474 = CARTESIAN_POINT('',(1.925127430797,1.320451204677E-02));
#7475 = CARTESIAN_POINT('',(1.939531553197,1.983781881753E-02));
#7476 = CARTESIAN_POINT('',(1.95443436515,2.706527906416E-02));
#7477 = CARTESIAN_POINT('',(1.967645548267,3.380181053904E-02));
#7478 = CARTESIAN_POINT('',(1.975869979393,3.816106671857E-02));
#7479 = CARTESIAN_POINT('',(1.978998956965,3.984329778092E-02));
#7480 = ( GEOMETRIC_REPRESENTATION_CONTEXT(2) 
PARAMETRIC_REPRESENTATION_CONTEXT() REPRESENTATION_CONTEXT('2D SPACE',''
  ) );
#7481 = ORIENTED_EDGE('',*,*,#7348,.T.);
#7482 = ADVANCED_FACE('',(#7483),#2966,.F.);
#7483 = FACE_BOUND('',#7484,.F.);
#7484 = EDGE_LOOP('',(#7485,#7509,#7510,#7511));
#7485 = ORIENTED_EDGE('',*,*,#7486,.F.);
#7486 = EDGE_CURVE('',#7398,#7487,#7489,.T.);
#7487 = VERTEX_POINT('',#7488);
#7488 = CARTESIAN_POINT('',(4.819074797983,16.85,-0.159172035256));
#7489 = SURFACE_CURVE('',#7490,(#7495,#7501),.PCURVE_S1.);
#7490 = B_SPLINE_CURVE_WITH_KNOTS('',3,(#7491,#7492,#7493,#7494),
  .UNSPECIFIED.,.F.,.F.,(4,4),(0.,1.),.PIECEWISE_BEZIER_KNOTS.);
#7491 = CARTESIAN_POINT('',(4.825083987319,16.85,-3.984329778091E-02));
#7492 = CARTESIAN_POINT('',(4.82428219583,16.85,-7.966792534841E-02));
#7493 = CARTESIAN_POINT('',(4.822277915909,16.85,-0.119468334336));
#7494 = CARTESIAN_POINT('',(4.819074797983,16.85,-0.159172035256));
#7495 = PCURVE('',#2966,#7496);
#7496 = DEFINITIONAL_REPRESENTATION('',(#7497),#7500);
#7497 = B_SPLINE_CURVE_WITH_KNOTS('',1,(#7498,#7499),.UNSPECIFIED.,.F.,
  .F.,(2,2),(0.,1.),.PIECEWISE_BEZIER_KNOTS.);
#7498 = CARTESIAN_POINT('',(4.742574413856,0.));
#7499 = CARTESIAN_POINT('',(4.682203546909,0.));
#7500 = ( GEOMETRIC_REPRESENTATION_CONTEXT(2) 
PARAMETRIC_REPRESENTATION_CONTEXT() REPRESENTATION_CONTEXT('2D SPACE',''
  ) );
#7501 = PCURVE('',#5924,#7502);
#7502 = DEFINITIONAL_REPRESENTATION('',(#7503),#7508);
#7503 = B_SPLINE_CURVE_WITH_KNOTS('',3,(#7504,#7505,#7506,#7507),
  .UNSPECIFIED.,.F.,.F.,(4,4),(0.,1.),.PIECEWISE_BEZIER_KNOTS.);
#7504 = CARTESIAN_POINT('',(1.978998956965,3.984329778092E-02));
#7505 = CARTESIAN_POINT('',(1.978197165477,7.966792534841E-02));
#7506 = CARTESIAN_POINT('',(1.976192885556,0.119468334336));
#7507 = CARTESIAN_POINT('',(1.97298976763,0.159172035256));
#7508 = ( GEOMETRIC_REPRESENTATION_CONTEXT(2) 
PARAMETRIC_REPRESENTATION_CONTEXT() REPRESENTATION_CONTEXT('2D SPACE',''
  ) );
#7509 = ORIENTED_EDGE('',*,*,#7397,.T.);
#7510 = ORIENTED_EDGE('',*,*,#2948,.T.);
#7511 = ORIENTED_EDGE('',*,*,#7512,.F.);
#7512 = EDGE_CURVE('',#7487,#2949,#7513,.T.);
#7513 = SURFACE_CURVE('',#7514,(#7519,#7525),.PCURVE_S1.);
#7514 = B_SPLINE_CURVE_WITH_KNOTS('',3,(#7515,#7516,#7517,#7518),
  .UNSPECIFIED.,.F.,.F.,(4,4),(0.,1.),.PIECEWISE_BEZIER_KNOTS.);
#7515 = CARTESIAN_POINT('',(4.819074797983,16.85,-0.159172035256));
#7516 = CARTESIAN_POINT('',(4.819074797988,16.616666666667,
    -0.159172035254));
#7517 = CARTESIAN_POINT('',(4.819074797988,16.383333333333,
    -0.159172035254));
#7518 = CARTESIAN_POINT('',(4.819074797983,16.15,-0.159172035256));
#7519 = PCURVE('',#2966,#7520);
#7520 = DEFINITIONAL_REPRESENTATION('',(#7521),#7524);
#7521 = B_SPLINE_CURVE_WITH_KNOTS('',1,(#7522,#7523),.UNSPECIFIED.,.F.,
  .F.,(2,2),(0.,1.),.PIECEWISE_BEZIER_KNOTS.);
#7522 = CARTESIAN_POINT('',(4.682203546909,0.));
#7523 = CARTESIAN_POINT('',(4.682203546909,0.7));
#7524 = ( GEOMETRIC_REPRESENTATION_CONTEXT(2) 
PARAMETRIC_REPRESENTATION_CONTEXT() REPRESENTATION_CONTEXT('2D SPACE',''
  ) );
#7525 = PCURVE('',#3015,#7526);
#7526 = DEFINITIONAL_REPRESENTATION('',(#7527),#7531);
#7527 = LINE('',#7528,#7529);
#7528 = CARTESIAN_POINT('',(0.500975165842,-3.167190747018E-15));
#7529 = VECTOR('',#7530,1.);
#7530 = DIRECTION('',(6.661338147751E-16,1.));
#7531 = ( GEOMETRIC_REPRESENTATION_CONTEXT(2) 
PARAMETRIC_REPRESENTATION_CONTEXT() REPRESENTATION_CONTEXT('2D SPACE',''
  ) );
#7532 = ADVANCED_FACE('',(#7533),#3015,.F.);
#7533 = FACE_BOUND('',#7534,.F.);
#7534 = EDGE_LOOP('',(#7535,#7601,#7602,#7603));
#7535 = ORIENTED_EDGE('',*,*,#7536,.F.);
#7536 = EDGE_CURVE('',#7487,#7537,#7539,.T.);
#7537 = VERTEX_POINT('',#7538);
#7538 = CARTESIAN_POINT('',(4.469440489634,16.85,-0.250046601299));
#7539 = SURFACE_CURVE('',#7540,(#7566,#7572),.PCURVE_S1.);
#7540 = B_SPLINE_CURVE_WITH_KNOTS('',3,(#7541,#7542,#7543,#7544,#7545,
    #7546,#7547,#7548,#7549,#7550,#7551,#7552,#7553,#7554,#7555,#7556,
    #7557,#7558,#7559,#7560,#7561,#7562,#7563,#7564,#7565),
  .UNSPECIFIED.,.F.,.F.,(4,1,1,1,1,1,1,1,1,1,1,1,1,1,1,1,1,1,1,1,1,1,4),
  (0.,2.936991105782E-02,7.695359025921E-02,0.122595078482,
    0.166294375726,0.208051481993,0.247866397283,0.285739121596,
    0.321669654933,0.355657997295,0.387704148684,0.417808109099,
    0.445969878543,0.472189457018,0.496466844525,0.518802041068,
    0.539195046649,0.557645861275,0.57415448495,0.588720917685,
    0.601345159492,0.61202721039,1.),.UNSPECIFIED.);
#7541 = CARTESIAN_POINT('',(4.819074797983,16.85,-0.159172035256));
#7542 = CARTESIAN_POINT('',(4.815792650216,16.85,-0.160531413116));
#7543 = CARTESIAN_POINT('',(4.807171888534,16.85,-0.164042374444));
#7544 = CARTESIAN_POINT('',(4.793350777935,16.85,-0.169417606244));
#7545 = CARTESIAN_POINT('',(4.777797276991,16.85,-0.175111339125));
#7546 = CARTESIAN_POINT('',(4.762799632407,16.85,-0.180264023643));
#7547 = CARTESIAN_POINT('',(4.74837299684,16.85,-0.184900261501));
#7548 = CARTESIAN_POINT('',(4.734531759504,16.85,-0.189045038699));
#7549 = CARTESIAN_POINT('',(4.721289536962,16.85,-0.192723704805));
#7550 = CARTESIAN_POINT('',(4.708659164455,16.85,-0.195961952007));
#7551 = CARTESIAN_POINT('',(4.696652687745,16.85,-0.198785793975));
#7552 = CARTESIAN_POINT('',(4.685281355507,16.85,-0.201221544515));
#7553 = CARTESIAN_POINT('',(4.674555612245,16.85,-0.2032957961));
#7554 = CARTESIAN_POINT('',(4.664485091768,16.85,-0.205035398088));
#7555 = CARTESIAN_POINT('',(4.655078611172,16.85,-0.206467435262));
#7556 = CARTESIAN_POINT('',(4.646344165484,16.85,-0.207619204664));
#7557 = CARTESIAN_POINT('',(4.63828892251,16.85,-0.208518197521));
#7558 = CARTESIAN_POINT('',(4.630919219351,16.85,-0.209192063806));
#7559 = CARTESIAN_POINT('',(4.624240555886,16.85,-0.209668632925));
#7560 = CARTESIAN_POINT('',(4.618257600359,16.85,-0.209975753324));
#7561 = CARTESIAN_POINT('',(4.612974159007,16.85,-0.210141704678));
#7562 = CARTESIAN_POINT('',(4.608393259581,16.85,-0.210193833399));
#7563 = CARTESIAN_POINT('',(4.5586441211,16.85,-0.209792434482));
#7564 = CARTESIAN_POINT('',(4.510870151558,16.85,-0.188404686567));
#7565 = CARTESIAN_POINT('',(4.469440489634,16.85,-0.250046601299));
#7566 = PCURVE('',#3015,#7567);
#7567 = DEFINITIONAL_REPRESENTATION('',(#7568),#7571);
#7568 = B_SPLINE_CURVE_WITH_KNOTS('',1,(#7569,#7570),.UNSPECIFIED.,.F.,
  .F.,(2,2),(0.,1.),.PIECEWISE_BEZIER_KNOTS.);
#7569 = CARTESIAN_POINT('',(0.500975165842,-3.167190747018E-15));
#7570 = CARTESIAN_POINT('',(3.21983994241E-16,-3.167198491319E-15));
#7571 = ( GEOMETRIC_REPRESENTATION_CONTEXT(2) 
PARAMETRIC_REPRESENTATION_CONTEXT() REPRESENTATION_CONTEXT('2D SPACE',''
  ) );
#7572 = PCURVE('',#5924,#7573);
#7573 = DEFINITIONAL_REPRESENTATION('',(#7574),#7600);
#7574 = B_SPLINE_CURVE_WITH_KNOTS('',3,(#7575,#7576,#7577,#7578,#7579,
    #7580,#7581,#7582,#7583,#7584,#7585,#7586,#7587,#7588,#7589,#7590,
    #7591,#7592,#7593,#7594,#7595,#7596,#7597,#7598,#7599),
  .UNSPECIFIED.,.F.,.F.,(4,1,1,1,1,1,1,1,1,1,1,1,1,1,1,1,1,1,1,1,1,1,4),
  (0.,2.936991105782E-02,7.695359025921E-02,0.122595078482,
    0.166294375726,0.208051481993,0.247866397283,0.285739121596,
    0.321669654933,0.355657997295,0.387704148684,0.417808109099,
    0.445969878543,0.472189457018,0.496466844525,0.518802041068,
    0.539195046649,0.557645861275,0.57415448495,0.588720917685,
    0.601345159492,0.61202721039,1.),.UNSPECIFIED.);
#7575 = CARTESIAN_POINT('',(1.97298976763,0.159172035256));
#7576 = CARTESIAN_POINT('',(1.969707619863,0.160531413116));
#7577 = CARTESIAN_POINT('',(1.961086858181,0.164042374444));
#7578 = CARTESIAN_POINT('',(1.947265747582,0.169417606244));
#7579 = CARTESIAN_POINT('',(1.931712246638,0.175111339125));
#7580 = CARTESIAN_POINT('',(1.916714602054,0.180264023643));
#7581 = CARTESIAN_POINT('',(1.902287966487,0.184900261501));
#7582 = CARTESIAN_POINT('',(1.888446729151,0.189045038699));
#7583 = CARTESIAN_POINT('',(1.875204506609,0.192723704805));
#7584 = CARTESIAN_POINT('',(1.862574134102,0.195961952007));
#7585 = CARTESIAN_POINT('',(1.850567657392,0.198785793975));
#7586 = CARTESIAN_POINT('',(1.839196325154,0.201221544515));
#7587 = CARTESIAN_POINT('',(1.828470581892,0.2032957961));
#7588 = CARTESIAN_POINT('',(1.818400061414,0.205035398088));
#7589 = CARTESIAN_POINT('',(1.808993580819,0.206467435262));
#7590 = CARTESIAN_POINT('',(1.800259135131,0.207619204664));
#7591 = CARTESIAN_POINT('',(1.792203892157,0.208518197521));
#7592 = CARTESIAN_POINT('',(1.784834188998,0.209192063806));
#7593 = CARTESIAN_POINT('',(1.778155525533,0.209668632925));
#7594 = CARTESIAN_POINT('',(1.772172570006,0.209975753324));
#7595 = CARTESIAN_POINT('',(1.766889128654,0.210141704678));
#7596 = CARTESIAN_POINT('',(1.762308229228,0.210193833399));
#7597 = CARTESIAN_POINT('',(1.712559090747,0.209792434482));
#7598 = CARTESIAN_POINT('',(1.664785121205,0.188404686567));
#7599 = CARTESIAN_POINT('',(1.623355459281,0.250046601299));
#7600 = ( GEOMETRIC_REPRESENTATION_CONTEXT(2) 
PARAMETRIC_REPRESENTATION_CONTEXT() REPRESENTATION_CONTEXT('2D SPACE',''
  ) );
#7601 = ORIENTED_EDGE('',*,*,#7512,.T.);
#7602 = ORIENTED_EDGE('',*,*,#2977,.T.);
#7603 = ORIENTED_EDGE('',*,*,#7604,.F.);
#7604 = EDGE_CURVE('',#7537,#2978,#7605,.T.);
#7605 = SURFACE_CURVE('',#7606,(#7609,#7616),.PCURVE_S1.);
#7606 = B_SPLINE_CURVE_WITH_KNOTS('',1,(#7607,#7608),.UNSPECIFIED.,.F.,
  .F.,(2,2),(0.,1.),.PIECEWISE_BEZIER_KNOTS.);
#7607 = CARTESIAN_POINT('',(4.469440489634,16.85,-0.250046601299));
#7608 = CARTESIAN_POINT('',(4.469440489634,16.15,-0.250046601299));
#7609 = PCURVE('',#3015,#7610);
#7610 = DEFINITIONAL_REPRESENTATION('',(#7611),#7615);
#7611 = LINE('',#7612,#7613);
#7612 = CARTESIAN_POINT('',(3.21983994241E-16,-3.167198491319E-15));
#7613 = VECTOR('',#7614,1.);
#7614 = DIRECTION('',(-3.21983994241E-16,1.));
#7615 = ( GEOMETRIC_REPRESENTATION_CONTEXT(2) 
PARAMETRIC_REPRESENTATION_CONTEXT() REPRESENTATION_CONTEXT('2D SPACE',''
  ) );
#7616 = PCURVE('',#3135,#7617);
#7617 = DEFINITIONAL_REPRESENTATION('',(#7618),#7621);
#7618 = B_SPLINE_CURVE_WITH_KNOTS('',1,(#7619,#7620),.UNSPECIFIED.,.F.,
  .F.,(2,2),(0.,1.),.PIECEWISE_BEZIER_KNOTS.);
#7619 = CARTESIAN_POINT('',(1.593946186551,0.));
#7620 = CARTESIAN_POINT('',(1.593946186551,0.7));
#7621 = ( GEOMETRIC_REPRESENTATION_CONTEXT(2) 
PARAMETRIC_REPRESENTATION_CONTEXT() REPRESENTATION_CONTEXT('2D SPACE',''
  ) );
#7622 = ADVANCED_FACE('',(#7623),#3135,.F.);
#7623 = FACE_BOUND('',#7624,.F.);
#7624 = EDGE_LOOP('',(#7625,#7626,#7627,#7650));
#7625 = ORIENTED_EDGE('',*,*,#7604,.T.);
#7626 = ORIENTED_EDGE('',*,*,#3117,.T.);
#7627 = ORIENTED_EDGE('',*,*,#7628,.F.);
#7628 = EDGE_CURVE('',#7629,#3118,#7631,.T.);
#7629 = VERTEX_POINT('',#7630);
#7630 = CARTESIAN_POINT('',(4.456127884369,16.85,-0.324912693244));
#7631 = SURFACE_CURVE('',#7632,(#7637,#7643),.PCURVE_S1.);
#7632 = B_SPLINE_CURVE_WITH_KNOTS('',3,(#7633,#7634,#7635,#7636),
  .UNSPECIFIED.,.F.,.F.,(4,4),(0.,1.),.PIECEWISE_BEZIER_KNOTS.);
#7633 = CARTESIAN_POINT('',(4.456127884369,16.85,-0.324912693244));
#7634 = CARTESIAN_POINT('',(4.456127884369,16.616666666667,
    -0.324912693244));
#7635 = CARTESIAN_POINT('',(4.456127884369,16.383333333333,
    -0.324912693244));
#7636 = CARTESIAN_POINT('',(4.456127884369,16.15,-0.324912693244));
#7637 = PCURVE('',#3135,#7638);
#7638 = DEFINITIONAL_REPRESENTATION('',(#7639),#7642);
#7639 = B_SPLINE_CURVE_WITH_KNOTS('',1,(#7640,#7641),.UNSPECIFIED.,.F.,
  .F.,(2,2),(0.,1.),.PIECEWISE_BEZIER_KNOTS.);
#7640 = CARTESIAN_POINT('',(1.547646467039,0.));
#7641 = CARTESIAN_POINT('',(1.547646467039,0.7));
#7642 = ( GEOMETRIC_REPRESENTATION_CONTEXT(2) 
PARAMETRIC_REPRESENTATION_CONTEXT() REPRESENTATION_CONTEXT('2D SPACE',''
  ) );
#7643 = PCURVE('',#3202,#7644);
#7644 = DEFINITIONAL_REPRESENTATION('',(#7645),#7649);
#7645 = LINE('',#7646,#7647);
#7646 = CARTESIAN_POINT('',(1.,-3.167190747018E-15));
#7647 = VECTOR('',#7648,1.);
#7648 = DIRECTION('',(0.,1.));
#7649 = ( GEOMETRIC_REPRESENTATION_CONTEXT(2) 
PARAMETRIC_REPRESENTATION_CONTEXT() REPRESENTATION_CONTEXT('2D SPACE',''
  ) );
#7650 = ORIENTED_EDGE('',*,*,#7651,.F.);
#7651 = EDGE_CURVE('',#7537,#7629,#7652,.T.);
#7652 = SURFACE_CURVE('',#7653,(#7658,#7664),.PCURVE_S1.);
#7653 = B_SPLINE_CURVE_WITH_KNOTS('',3,(#7654,#7655,#7656,#7657),
  .UNSPECIFIED.,.F.,.F.,(4,4),(0.,1.),.PIECEWISE_BEZIER_KNOTS.);
#7654 = CARTESIAN_POINT('',(4.469440489634,16.85,-0.250046601299));
#7655 = CARTESIAN_POINT('',(4.465581460466,16.85,-0.275100235444));
#7656 = CARTESIAN_POINT('',(4.46114233989,16.85,-0.30006451573));
#7657 = CARTESIAN_POINT('',(4.456127884369,16.85,-0.324912693244));
#7658 = PCURVE('',#3135,#7659);
#7659 = DEFINITIONAL_REPRESENTATION('',(#7660),#7663);
#7660 = B_SPLINE_CURVE_WITH_KNOTS('',1,(#7661,#7662),.UNSPECIFIED.,.F.,
  .F.,(2,2),(0.,1.),.PIECEWISE_BEZIER_KNOTS.);
#7661 = CARTESIAN_POINT('',(1.593946186551,0.));
#7662 = CARTESIAN_POINT('',(1.547646467039,0.));
#7663 = ( GEOMETRIC_REPRESENTATION_CONTEXT(2) 
PARAMETRIC_REPRESENTATION_CONTEXT() REPRESENTATION_CONTEXT('2D SPACE',''
  ) );
#7664 = PCURVE('',#5924,#7665);
#7665 = DEFINITIONAL_REPRESENTATION('',(#7666),#7671);
#7666 = B_SPLINE_CURVE_WITH_KNOTS('',3,(#7667,#7668,#7669,#7670),
  .UNSPECIFIED.,.F.,.F.,(4,4),(0.,1.),.PIECEWISE_BEZIER_KNOTS.);
#7667 = CARTESIAN_POINT('',(1.623355459281,0.250046601299));
#7668 = CARTESIAN_POINT('',(1.619496430113,0.275100235444));
#7669 = CARTESIAN_POINT('',(1.615057309537,0.30006451573));
#7670 = CARTESIAN_POINT('',(1.610042854016,0.324912693244));
#7671 = ( GEOMETRIC_REPRESENTATION_CONTEXT(2) 
PARAMETRIC_REPRESENTATION_CONTEXT() REPRESENTATION_CONTEXT('2D SPACE',''
  ) );
#7672 = ADVANCED_FACE('',(#7673),#3202,.F.);
#7673 = FACE_BOUND('',#7674,.F.);
#7674 = EDGE_LOOP('',(#7675,#7676,#7697,#7761));
#7675 = ORIENTED_EDGE('',*,*,#3146,.T.);
#7676 = ORIENTED_EDGE('',*,*,#7677,.F.);
#7677 = EDGE_CURVE('',#7678,#3147,#7680,.T.);
#7678 = VERTEX_POINT('',#7679);
#7679 = CARTESIAN_POINT('',(4.753001470732,16.85,-0.530748574622));
#7680 = SURFACE_CURVE('',#7681,(#7684,#7691),.PCURVE_S1.);
#7681 = B_SPLINE_CURVE_WITH_KNOTS('',1,(#7682,#7683),.UNSPECIFIED.,.F.,
  .F.,(2,2),(0.,1.),.PIECEWISE_BEZIER_KNOTS.);
#7682 = CARTESIAN_POINT('',(4.753001470732,16.85,-0.530748574622));
#7683 = CARTESIAN_POINT('',(4.753001470732,16.15,-0.530748574622));
#7684 = PCURVE('',#3202,#7685);
#7685 = DEFINITIONAL_REPRESENTATION('',(#7686),#7690);
#7686 = LINE('',#7687,#7688);
#7687 = CARTESIAN_POINT('',(0.499024834132,-3.167198491319E-15));
#7688 = VECTOR('',#7689,1.);
#7689 = DIRECTION('',(1.110223024625E-16,1.));
#7690 = ( GEOMETRIC_REPRESENTATION_CONTEXT(2) 
PARAMETRIC_REPRESENTATION_CONTEXT() REPRESENTATION_CONTEXT('2D SPACE',''
  ) );
#7691 = PCURVE('',#3344,#7692);
#7692 = DEFINITIONAL_REPRESENTATION('',(#7693),#7696);
#7693 = B_SPLINE_CURVE_WITH_KNOTS('',1,(#7694,#7695),.UNSPECIFIED.,.F.,
  .F.,(2,2),(0.,1.),.PIECEWISE_BEZIER_KNOTS.);
#7694 = CARTESIAN_POINT('',(4.491247001569,0.));
#7695 = CARTESIAN_POINT('',(4.491247001569,0.7));
#7696 = ( GEOMETRIC_REPRESENTATION_CONTEXT(2) 
PARAMETRIC_REPRESENTATION_CONTEXT() REPRESENTATION_CONTEXT('2D SPACE',''
  ) );
#7697 = ORIENTED_EDGE('',*,*,#7698,.F.);
#7698 = EDGE_CURVE('',#7629,#7678,#7699,.T.);
#7699 = SURFACE_CURVE('',#7700,(#7726,#7732),.PCURVE_S1.);
#7700 = B_SPLINE_CURVE_WITH_KNOTS('',3,(#7701,#7702,#7703,#7704,#7705,
    #7706,#7707,#7708,#7709,#7710,#7711,#7712,#7713,#7714,#7715,#7716,
    #7717,#7718,#7719,#7720,#7721,#7722,#7723,#7724,#7725),
  .UNSPECIFIED.,.F.,.F.,(4,1,1,1,1,1,1,1,1,1,1,1,1,1,1,1,1,1,1,1,1,1,4),
  (0.,0.387972789549,0.398654840446,0.41127908225,0.425845514983,
    0.442354138656,0.460804953278,0.481197958857,0.503533155396,
    0.527810542899,0.55403012137,0.58219189081,0.61229585122,
    0.644342002604,0.67833034496,0.714260878292,0.752133602599,
    0.791948517882,0.833705624143,0.87740492138,0.923046409596,
    0.97063008879,1.),.UNSPECIFIED.);
#7701 = CARTESIAN_POINT('',(4.456127884369,16.85,-0.324912693244));
#7702 = CARTESIAN_POINT('',(4.473767605034,16.85,-0.39705825994));
#7703 = CARTESIAN_POINT('',(4.525986146779,16.85,-0.393451069253));
#7704 = CARTESIAN_POINT('',(4.572823999975,16.85,-0.410224661851));
#7705 = CARTESIAN_POINT('',(4.57710611584,16.85,-0.411852802101));
#7706 = CARTESIAN_POINT('',(4.582008468331,16.85,-0.413829979996));
#7707 = CARTESIAN_POINT('',(4.587518787971,16.85,-0.416180821812));
#7708 = CARTESIAN_POINT('',(4.593623752789,16.85,-0.418930561505));
#7709 = CARTESIAN_POINT('',(4.600309380308,16.85,-0.42210373107));
#7710 = CARTESIAN_POINT('',(4.607560913963,16.85,-0.425724557935));
#7711 = CARTESIAN_POINT('',(4.615362873142,16.85,-0.429816812472));
#7712 = CARTESIAN_POINT('',(4.62369905218,16.85,-0.434403829664));
#7713 = CARTESIAN_POINT('',(4.632552535843,16.85,-0.439508477036));
#7714 = CARTESIAN_POINT('',(4.641905710392,16.85,-0.445153139471));
#7715 = CARTESIAN_POINT('',(4.651740276604,16.85,-0.451359699306));
#7716 = CARTESIAN_POINT('',(4.662037262813,16.85,-0.458149518262));
#7717 = CARTESIAN_POINT('',(4.672777038545,16.85,-0.465543419252));
#7718 = CARTESIAN_POINT('',(4.68393932857,16.85,-0.473561668659));
#7719 = CARTESIAN_POINT('',(4.695503227401,16.85,-0.482223958936));
#7720 = CARTESIAN_POINT('',(4.707447214239,16.85,-0.491549391562));
#7721 = CARTESIAN_POINT('',(4.719749168334,16.85,-0.501556460377));
#7722 = CARTESIAN_POINT('',(4.732386384772,16.85,-0.512263035293));
#7723 = CARTESIAN_POINT('',(4.743507207025,16.85,-0.522073413883));
#7724 = CARTESIAN_POINT('',(4.750389149596,16.85,-0.528341048862));
#7725 = CARTESIAN_POINT('',(4.753001470732,16.85,-0.530748574622));
#7726 = PCURVE('',#3202,#7727);
#7727 = DEFINITIONAL_REPRESENTATION('',(#7728),#7731);
#7728 = B_SPLINE_CURVE_WITH_KNOTS('',1,(#7729,#7730),.UNSPECIFIED.,.F.,
  .F.,(2,2),(0.,1.),.PIECEWISE_BEZIER_KNOTS.);
#7729 = CARTESIAN_POINT('',(1.,1.908114508412E-15));
#7730 = CARTESIAN_POINT('',(0.499024834132,-3.167198491319E-15));
#7731 = ( GEOMETRIC_REPRESENTATION_CONTEXT(2) 
PARAMETRIC_REPRESENTATION_CONTEXT() REPRESENTATION_CONTEXT('2D SPACE',''
  ) );
#7732 = PCURVE('',#5924,#7733);
#7733 = DEFINITIONAL_REPRESENTATION('',(#7734),#7760);
#7734 = B_SPLINE_CURVE_WITH_KNOTS('',3,(#7735,#7736,#7737,#7738,#7739,
    #7740,#7741,#7742,#7743,#7744,#7745,#7746,#7747,#7748,#7749,#7750,
    #7751,#7752,#7753,#7754,#7755,#7756,#7757,#7758,#7759),
  .UNSPECIFIED.,.F.,.F.,(4,1,1,1,1,1,1,1,1,1,1,1,1,1,1,1,1,1,1,1,1,1,4),
  (0.,0.387972789549,0.398654840446,0.41127908225,0.425845514983,
    0.442354138656,0.460804953278,0.481197958857,0.503533155396,
    0.527810542899,0.55403012137,0.58219189081,0.61229585122,
    0.644342002604,0.67833034496,0.714260878292,0.752133602599,
    0.791948517882,0.833705624143,0.87740492138,0.923046409596,
    0.97063008879,1.),.UNSPECIFIED.);
#7735 = CARTESIAN_POINT('',(1.610042854016,0.324912693244));
#7736 = CARTESIAN_POINT('',(1.627682574681,0.39705825994));
#7737 = CARTESIAN_POINT('',(1.679901116426,0.393451069253));
#7738 = CARTESIAN_POINT('',(1.726738969622,0.410224661851));
#7739 = CARTESIAN_POINT('',(1.731021085487,0.411852802101));
#7740 = CARTESIAN_POINT('',(1.735923437978,0.413829979996));
#7741 = CARTESIAN_POINT('',(1.741433757618,0.416180821812));
#7742 = CARTESIAN_POINT('',(1.747538722436,0.418930561505));
#7743 = CARTESIAN_POINT('',(1.754224349955,0.42210373107));
#7744 = CARTESIAN_POINT('',(1.76147588361,0.425724557935));
#7745 = CARTESIAN_POINT('',(1.769277842789,0.429816812472));
#7746 = CARTESIAN_POINT('',(1.777614021827,0.434403829664));
#7747 = CARTESIAN_POINT('',(1.786467505489,0.439508477036));
#7748 = CARTESIAN_POINT('',(1.795820680039,0.445153139471));
#7749 = CARTESIAN_POINT('',(1.805655246251,0.451359699306));
#7750 = CARTESIAN_POINT('',(1.81595223246,0.458149518262));
#7751 = CARTESIAN_POINT('',(1.826692008192,0.465543419252));
#7752 = CARTESIAN_POINT('',(1.837854298217,0.473561668659));
#7753 = CARTESIAN_POINT('',(1.849418197048,0.482223958936));
#7754 = CARTESIAN_POINT('',(1.861362183886,0.491549391562));
#7755 = CARTESIAN_POINT('',(1.873664137981,0.501556460377));
#7756 = CARTESIAN_POINT('',(1.886301354419,0.512263035293));
#7757 = CARTESIAN_POINT('',(1.897422176672,0.522073413883));
#7758 = CARTESIAN_POINT('',(1.904304119243,0.528341048862));
#7759 = CARTESIAN_POINT('',(1.906916440378,0.530748574622));
#7760 = ( GEOMETRIC_REPRESENTATION_CONTEXT(2) 
PARAMETRIC_REPRESENTATION_CONTEXT() REPRESENTATION_CONTEXT('2D SPACE',''
  ) );
#7761 = ORIENTED_EDGE('',*,*,#7628,.T.);
#7762 = ADVANCED_FACE('',(#7763),#3344,.F.);
#7763 = FACE_BOUND('',#7764,.F.);
#7764 = EDGE_LOOP('',(#7765,#7789,#7790,#7791));
#7765 = ORIENTED_EDGE('',*,*,#7766,.F.);
#7766 = EDGE_CURVE('',#7678,#7767,#7769,.T.);
#7767 = VERTEX_POINT('',#7768);
#7768 = CARTESIAN_POINT('',(4.717505220871,16.85,-0.64483395576));
#7769 = SURFACE_CURVE('',#7770,(#7775,#7781),.PCURVE_S1.);
#7770 = B_SPLINE_CURVE_WITH_KNOTS('',3,(#7771,#7772,#7773,#7774),
  .UNSPECIFIED.,.F.,.F.,(4,4),(0.,1.),.PIECEWISE_BEZIER_KNOTS.);
#7771 = CARTESIAN_POINT('',(4.753001470732,16.85,-0.530748574622));
#7772 = CARTESIAN_POINT('',(4.742320886861,16.85,-0.569122640847));
#7773 = CARTESIAN_POINT('',(4.730481615859,16.85,-0.607174202651));
#7774 = CARTESIAN_POINT('',(4.717505220871,16.85,-0.64483395576));
#7775 = PCURVE('',#3344,#7776);
#7776 = DEFINITIONAL_REPRESENTATION('',(#7777),#7780);
#7777 = B_SPLINE_CURVE_WITH_KNOTS('',1,(#7778,#7779),.UNSPECIFIED.,.F.,
  .F.,(2,2),(0.,1.),.PIECEWISE_BEZIER_KNOTS.);
#7778 = CARTESIAN_POINT('',(4.491247001569,0.));
#7779 = CARTESIAN_POINT('',(4.430876134622,0.));
#7780 = ( GEOMETRIC_REPRESENTATION_CONTEXT(2) 
PARAMETRIC_REPRESENTATION_CONTEXT() REPRESENTATION_CONTEXT('2D SPACE',''
  ) );
#7781 = PCURVE('',#5924,#7782);
#7782 = DEFINITIONAL_REPRESENTATION('',(#7783),#7788);
#7783 = B_SPLINE_CURVE_WITH_KNOTS('',3,(#7784,#7785,#7786,#7787),
  .UNSPECIFIED.,.F.,.F.,(4,4),(0.,1.),.PIECEWISE_BEZIER_KNOTS.);
#7784 = CARTESIAN_POINT('',(1.906916440378,0.530748574622));
#7785 = CARTESIAN_POINT('',(1.896235856508,0.569122640847));
#7786 = CARTESIAN_POINT('',(1.884396585506,0.607174202651));
#7787 = CARTESIAN_POINT('',(1.871420190518,0.64483395576));
#7788 = ( GEOMETRIC_REPRESENTATION_CONTEXT(2) 
PARAMETRIC_REPRESENTATION_CONTEXT() REPRESENTATION_CONTEXT('2D SPACE',''
  ) );
#7789 = ORIENTED_EDGE('',*,*,#7677,.T.);
#7790 = ORIENTED_EDGE('',*,*,#3326,.T.);
#7791 = ORIENTED_EDGE('',*,*,#7792,.F.);
#7792 = EDGE_CURVE('',#7767,#3327,#7793,.T.);
#7793 = SURFACE_CURVE('',#7794,(#7799,#7805),.PCURVE_S1.);
#7794 = B_SPLINE_CURVE_WITH_KNOTS('',3,(#7795,#7796,#7797,#7798),
  .UNSPECIFIED.,.F.,.F.,(4,4),(0.,1.),.PIECEWISE_BEZIER_KNOTS.);
#7795 = CARTESIAN_POINT('',(4.717505220871,16.85,-0.64483395576));
#7796 = CARTESIAN_POINT('',(4.717505220877,16.616666666667,
    -0.64483395576));
#7797 = CARTESIAN_POINT('',(4.717505220877,16.383333333333,
    -0.64483395576));
#7798 = CARTESIAN_POINT('',(4.717505220871,16.15,-0.64483395576));
#7799 = PCURVE('',#3344,#7800);
#7800 = DEFINITIONAL_REPRESENTATION('',(#7801),#7804);
#7801 = B_SPLINE_CURVE_WITH_KNOTS('',1,(#7802,#7803),.UNSPECIFIED.,.F.,
  .F.,(2,2),(0.,1.),.PIECEWISE_BEZIER_KNOTS.);
#7802 = CARTESIAN_POINT('',(4.430876134622,0.));
#7803 = CARTESIAN_POINT('',(4.430876134622,0.7));
#7804 = ( GEOMETRIC_REPRESENTATION_CONTEXT(2) 
PARAMETRIC_REPRESENTATION_CONTEXT() REPRESENTATION_CONTEXT('2D SPACE',''
  ) );
#7805 = PCURVE('',#3393,#7806);
#7806 = DEFINITIONAL_REPRESENTATION('',(#7807),#7811);
#7807 = LINE('',#7808,#7809);
#7808 = CARTESIAN_POINT('',(0.500975165842,-3.167190747018E-15));
#7809 = VECTOR('',#7810,1.);
#7810 = DIRECTION('',(0.,1.));
#7811 = ( GEOMETRIC_REPRESENTATION_CONTEXT(2) 
PARAMETRIC_REPRESENTATION_CONTEXT() REPRESENTATION_CONTEXT('2D SPACE',''
  ) );
#7812 = ADVANCED_FACE('',(#7813),#3393,.F.);
#7813 = FACE_BOUND('',#7814,.F.);
#7814 = EDGE_LOOP('',(#7815,#7881,#7882,#7883));
#7815 = ORIENTED_EDGE('',*,*,#7816,.F.);
#7816 = EDGE_CURVE('',#7767,#7817,#7819,.T.);
#7817 = VERTEX_POINT('',#7818);
#7818 = CARTESIAN_POINT('',(4.356255731676,16.85,-0.645903013513));
#7819 = SURFACE_CURVE('',#7820,(#7846,#7852),.PCURVE_S1.);
#7820 = B_SPLINE_CURVE_WITH_KNOTS('',3,(#7821,#7822,#7823,#7824,#7825,
    #7826,#7827,#7828,#7829,#7830,#7831,#7832,#7833,#7834,#7835,#7836,
    #7837,#7838,#7839,#7840,#7841,#7842,#7843,#7844,#7845),
  .UNSPECIFIED.,.F.,.F.,(4,1,1,1,1,1,1,1,1,1,1,1,1,1,1,1,1,1,1,1,1,1,4),
  (0.,2.936991105782E-02,7.695359025921E-02,0.122595078482,
    0.166294375726,0.208051481993,0.247866397283,0.285739121596,
    0.321669654933,0.355657997295,0.387704148684,0.417808109099,
    0.445969878543,0.472189457018,0.496466844525,0.518802041068,
    0.539195046649,0.557645861275,0.57415448495,0.588720917685,
    0.601345159492,0.61202721039,1.),.UNSPECIFIED.);
#7821 = CARTESIAN_POINT('',(4.717505220871,16.85,-0.64483395576));
#7822 = CARTESIAN_POINT('',(4.713988124285,16.85,-0.645334389308));
#7823 = CARTESIAN_POINT('',(4.704765059107,16.85,-0.646591151079));
#7824 = CARTESIAN_POINT('',(4.690041398323,16.85,-0.648360339652));
#7825 = CARTESIAN_POINT('',(4.673560565425,16.85,-0.650007195051));
#7826 = CARTESIAN_POINT('',(4.657752678892,16.85,-0.65126823597));
#7827 = CARTESIAN_POINT('',(4.642626297141,16.85,-0.652171059519));
#7828 = CARTESIAN_POINT('',(4.628189143554,16.85,-0.652743445168));
#7829 = CARTESIAN_POINT('',(4.614448102725,16.85,-0.653013332384));
#7830 = CARTESIAN_POINT('',(4.601409217265,16.85,-0.653008798182));
#7831 = CARTESIAN_POINT('',(4.589077685159,16.85,-0.652758034623));
#7832 = CARTESIAN_POINT('',(4.577457857706,16.85,-0.65228932625));
#7833 = CARTESIAN_POINT('',(4.566553237999,16.85,-0.651631027526));
#7834 = CARTESIAN_POINT('',(4.556366480019,16.85,-0.650811540117));
#7835 = CARTESIAN_POINT('',(4.546899388146,16.85,-0.649859290612));
#7836 = CARTESIAN_POINT('',(4.538152917728,16.85,-0.648802706748));
#7837 = CARTESIAN_POINT('',(4.530127174592,16.85,-0.647670198625));
#7838 = CARTESIAN_POINT('',(4.52282142048,16.85,-0.646490123514));
#7839 = CARTESIAN_POINT('',(4.516234061588,16.85,-0.645290804274));
#7840 = CARTESIAN_POINT('',(4.510362693873,16.85,-0.644100375386));
#7841 = CARTESIAN_POINT('',(4.505203971124,16.85,-0.642947174639));
#7842 = CARTESIAN_POINT('',(4.500754025191,16.85,-0.64185844228));
#7843 = CARTESIAN_POINT('',(4.452667671229,16.85,-0.629097546412));
#7844 = CARTESIAN_POINT('',(4.411713525406,16.85,-0.596500830833));
#7845 = CARTESIAN_POINT('',(4.356255731676,16.85,-0.645903013513));
#7846 = PCURVE('',#3393,#7847);
#7847 = DEFINITIONAL_REPRESENTATION('',(#7848),#7851);
#7848 = B_SPLINE_CURVE_WITH_KNOTS('',1,(#7849,#7850),.UNSPECIFIED.,.F.,
  .F.,(2,2),(0.,1.),.PIECEWISE_BEZIER_KNOTS.);
#7849 = CARTESIAN_POINT('',(0.500975165842,-3.167190747018E-15));
#7850 = CARTESIAN_POINT('',(1.53178310466E-16,-3.167198491319E-15));
#7851 = ( GEOMETRIC_REPRESENTATION_CONTEXT(2) 
PARAMETRIC_REPRESENTATION_CONTEXT() REPRESENTATION_CONTEXT('2D SPACE',''
  ) );
#7852 = PCURVE('',#5924,#7853);
#7853 = DEFINITIONAL_REPRESENTATION('',(#7854),#7880);
#7854 = B_SPLINE_CURVE_WITH_KNOTS('',3,(#7855,#7856,#7857,#7858,#7859,
    #7860,#7861,#7862,#7863,#7864,#7865,#7866,#7867,#7868,#7869,#7870,
    #7871,#7872,#7873,#7874,#7875,#7876,#7877,#7878,#7879),
  .UNSPECIFIED.,.F.,.F.,(4,1,1,1,1,1,1,1,1,1,1,1,1,1,1,1,1,1,1,1,1,1,4),
  (0.,2.936991105782E-02,7.695359025921E-02,0.122595078482,
    0.166294375726,0.208051481993,0.247866397283,0.285739121596,
    0.321669654933,0.355657997295,0.387704148684,0.417808109099,
    0.445969878543,0.472189457018,0.496466844525,0.518802041068,
    0.539195046649,0.557645861275,0.57415448495,0.588720917685,
    0.601345159492,0.61202721039,1.),.UNSPECIFIED.);
#7855 = CARTESIAN_POINT('',(1.871420190518,0.64483395576));
#7856 = CARTESIAN_POINT('',(1.867903093932,0.645334389308));
#7857 = CARTESIAN_POINT('',(1.858680028754,0.646591151079));
#7858 = CARTESIAN_POINT('',(1.84395636797,0.648360339652));
#7859 = CARTESIAN_POINT('',(1.827475535072,0.650007195051));
#7860 = CARTESIAN_POINT('',(1.811667648539,0.65126823597));
#7861 = CARTESIAN_POINT('',(1.796541266788,0.652171059519));
#7862 = CARTESIAN_POINT('',(1.782104113201,0.652743445168));
#7863 = CARTESIAN_POINT('',(1.768363072372,0.653013332384));
#7864 = CARTESIAN_POINT('',(1.755324186912,0.653008798182));
#7865 = CARTESIAN_POINT('',(1.742992654806,0.652758034623));
#7866 = CARTESIAN_POINT('',(1.731372827353,0.65228932625));
#7867 = CARTESIAN_POINT('',(1.720468207646,0.651631027526));
#7868 = CARTESIAN_POINT('',(1.710281449666,0.650811540117));
#7869 = CARTESIAN_POINT('',(1.700814357793,0.649859290612));
#7870 = CARTESIAN_POINT('',(1.692067887375,0.648802706748));
#7871 = CARTESIAN_POINT('',(1.684042144239,0.647670198625));
#7872 = CARTESIAN_POINT('',(1.676736390127,0.646490123514));
#7873 = CARTESIAN_POINT('',(1.670149031235,0.645290804274));
#7874 = CARTESIAN_POINT('',(1.66427766352,0.644100375386));
#7875 = CARTESIAN_POINT('',(1.65911894077,0.642947174639));
#7876 = CARTESIAN_POINT('',(1.654668994838,0.64185844228));
#7877 = CARTESIAN_POINT('',(1.606582640876,0.629097546412));
#7878 = CARTESIAN_POINT('',(1.565628495053,0.596500830833));
#7879 = CARTESIAN_POINT('',(1.510170701323,0.645903013513));
#7880 = ( GEOMETRIC_REPRESENTATION_CONTEXT(2) 
PARAMETRIC_REPRESENTATION_CONTEXT() REPRESENTATION_CONTEXT('2D SPACE',''
  ) );
#7881 = ORIENTED_EDGE('',*,*,#7792,.T.);
#7882 = ORIENTED_EDGE('',*,*,#3355,.T.);
#7883 = ORIENTED_EDGE('',*,*,#7884,.F.);
#7884 = EDGE_CURVE('',#7817,#3356,#7885,.T.);
#7885 = SURFACE_CURVE('',#7886,(#7889,#7896),.PCURVE_S1.);
#7886 = B_SPLINE_CURVE_WITH_KNOTS('',1,(#7887,#7888),.UNSPECIFIED.,.F.,
  .F.,(2,2),(0.,1.),.PIECEWISE_BEZIER_KNOTS.);
#7887 = CARTESIAN_POINT('',(4.356255731676,16.85,-0.645903013513));
#7888 = CARTESIAN_POINT('',(4.356255731676,16.15,-0.645903013513));
#7889 = PCURVE('',#3393,#7890);
#7890 = DEFINITIONAL_REPRESENTATION('',(#7891),#7895);
#7891 = LINE('',#7892,#7893);
#7892 = CARTESIAN_POINT('',(1.53178310466E-16,-3.167198491319E-15));
#7893 = VECTOR('',#7894,1.);
#7894 = DIRECTION('',(-8.875884785199E-17,1.));
#7895 = ( GEOMETRIC_REPRESENTATION_CONTEXT(2) 
PARAMETRIC_REPRESENTATION_CONTEXT() REPRESENTATION_CONTEXT('2D SPACE',''
  ) );
#7896 = PCURVE('',#3513,#7897);
#7897 = DEFINITIONAL_REPRESENTATION('',(#7898),#7901);
#7898 = B_SPLINE_CURVE_WITH_KNOTS('',1,(#7899,#7900),.UNSPECIFIED.,.F.,
  .F.,(2,2),(0.,1.),.PIECEWISE_BEZIER_KNOTS.);
#7899 = CARTESIAN_POINT('',(1.593946186551,0.));
#7900 = CARTESIAN_POINT('',(1.593946186551,0.7));
#7901 = ( GEOMETRIC_REPRESENTATION_CONTEXT(2) 
PARAMETRIC_REPRESENTATION_CONTEXT() REPRESENTATION_CONTEXT('2D SPACE',''
  ) );
#7902 = ADVANCED_FACE('',(#7903),#3513,.F.);
#7903 = FACE_BOUND('',#7904,.F.);
#7904 = EDGE_LOOP('',(#7905,#7906,#7907,#7930));
#7905 = ORIENTED_EDGE('',*,*,#7884,.T.);
#7906 = ORIENTED_EDGE('',*,*,#3495,.T.);
#7907 = ORIENTED_EDGE('',*,*,#7908,.F.);
#7908 = EDGE_CURVE('',#7909,#3496,#7911,.T.);
#7909 = VERTEX_POINT('',#7910);
#7910 = CARTESIAN_POINT('',(4.324742926427,16.85,-0.715106339209));
#7911 = SURFACE_CURVE('',#7912,(#7917,#7923),.PCURVE_S1.);
#7912 = B_SPLINE_CURVE_WITH_KNOTS('',3,(#7913,#7914,#7915,#7916),
  .UNSPECIFIED.,.F.,.F.,(4,4),(0.,1.),.PIECEWISE_BEZIER_KNOTS.);
#7913 = CARTESIAN_POINT('',(4.324742926427,16.85,-0.715106339209));
#7914 = CARTESIAN_POINT('',(4.324742926427,16.616666666667,
    -0.715106339209));
#7915 = CARTESIAN_POINT('',(4.324742926427,16.383333333333,
    -0.715106339209));
#7916 = CARTESIAN_POINT('',(4.324742926427,16.15,-0.715106339209));
#7917 = PCURVE('',#3513,#7918);
#7918 = DEFINITIONAL_REPRESENTATION('',(#7919),#7922);
#7919 = B_SPLINE_CURVE_WITH_KNOTS('',1,(#7920,#7921),.UNSPECIFIED.,.F.,
  .F.,(2,2),(0.,1.),.PIECEWISE_BEZIER_KNOTS.);
#7920 = CARTESIAN_POINT('',(1.547646467039,0.));
#7921 = CARTESIAN_POINT('',(1.547646467039,0.7));
#7922 = ( GEOMETRIC_REPRESENTATION_CONTEXT(2) 
PARAMETRIC_REPRESENTATION_CONTEXT() REPRESENTATION_CONTEXT('2D SPACE',''
  ) );
#7923 = PCURVE('',#3580,#7924);
#7924 = DEFINITIONAL_REPRESENTATION('',(#7925),#7929);
#7925 = LINE('',#7926,#7927);
#7926 = CARTESIAN_POINT('',(1.,-3.167190747018E-15));
#7927 = VECTOR('',#7928,1.);
#7928 = DIRECTION('',(0.,1.));
#7929 = ( GEOMETRIC_REPRESENTATION_CONTEXT(2) 
PARAMETRIC_REPRESENTATION_CONTEXT() REPRESENTATION_CONTEXT('2D SPACE',''
  ) );
#7930 = ORIENTED_EDGE('',*,*,#7931,.F.);
#7931 = EDGE_CURVE('',#7817,#7909,#7932,.T.);
#7932 = SURFACE_CURVE('',#7933,(#7938,#7944),.PCURVE_S1.);
#7933 = B_SPLINE_CURVE_WITH_KNOTS('',3,(#7934,#7935,#7936,#7937),
  .UNSPECIFIED.,.F.,.F.,(4,4),(0.,1.),.PIECEWISE_BEZIER_KNOTS.);
#7934 = CARTESIAN_POINT('',(4.356255731676,16.85,-0.645903013513));
#7935 = CARTESIAN_POINT('',(4.346287355557,16.85,-0.669209840142));
#7936 = CARTESIAN_POINT('',(4.33577933407,16.85,-0.692285857262));
#7937 = CARTESIAN_POINT('',(4.324742926427,16.85,-0.715106339209));
#7938 = PCURVE('',#3513,#7939);
#7939 = DEFINITIONAL_REPRESENTATION('',(#7940),#7943);
#7940 = B_SPLINE_CURVE_WITH_KNOTS('',1,(#7941,#7942),.UNSPECIFIED.,.F.,
  .F.,(2,2),(0.,1.),.PIECEWISE_BEZIER_KNOTS.);
#7941 = CARTESIAN_POINT('',(1.593946186551,0.));
#7942 = CARTESIAN_POINT('',(1.547646467039,0.));
#7943 = ( GEOMETRIC_REPRESENTATION_CONTEXT(2) 
PARAMETRIC_REPRESENTATION_CONTEXT() REPRESENTATION_CONTEXT('2D SPACE',''
  ) );
#7944 = PCURVE('',#5924,#7945);
#7945 = DEFINITIONAL_REPRESENTATION('',(#7946),#7951);
#7946 = B_SPLINE_CURVE_WITH_KNOTS('',3,(#7947,#7948,#7949,#7950),
  .UNSPECIFIED.,.F.,.F.,(4,4),(0.,1.),.PIECEWISE_BEZIER_KNOTS.);
#7947 = CARTESIAN_POINT('',(1.510170701323,0.645903013513));
#7948 = CARTESIAN_POINT('',(1.500202325204,0.669209840142));
#7949 = CARTESIAN_POINT('',(1.489694303716,0.692285857262));
#7950 = CARTESIAN_POINT('',(1.478657896074,0.715106339209));
#7951 = ( GEOMETRIC_REPRESENTATION_CONTEXT(2) 
PARAMETRIC_REPRESENTATION_CONTEXT() REPRESENTATION_CONTEXT('2D SPACE',''
  ) );
#7952 = ADVANCED_FACE('',(#7953),#3580,.F.);
#7953 = FACE_BOUND('',#7954,.F.);
#7954 = EDGE_LOOP('',(#7955,#7956,#7977,#8041));
#7955 = ORIENTED_EDGE('',*,*,#3524,.T.);
#7956 = ORIENTED_EDGE('',*,*,#7957,.F.);
#7957 = EDGE_CURVE('',#7958,#3525,#7960,.T.);
#7958 = VERTEX_POINT('',#7959);
#7959 = CARTESIAN_POINT('',(4.561100381047,16.85,-0.988304966562));
#7960 = SURFACE_CURVE('',#7961,(#7964,#7971),.PCURVE_S1.);
#7961 = B_SPLINE_CURVE_WITH_KNOTS('',1,(#7962,#7963),.UNSPECIFIED.,.F.,
  .F.,(2,2),(0.,1.),.PIECEWISE_BEZIER_KNOTS.);
#7962 = CARTESIAN_POINT('',(4.561100381047,16.85,-0.988304966562));
#7963 = CARTESIAN_POINT('',(4.561100381047,16.15,-0.988304966562));
#7964 = PCURVE('',#3580,#7965);
#7965 = DEFINITIONAL_REPRESENTATION('',(#7966),#7970);
#7966 = LINE('',#7967,#7968);
#7967 = CARTESIAN_POINT('',(0.499024834132,-3.167198491319E-15));
#7968 = VECTOR('',#7969,1.);
#7969 = DIRECTION('',(1.110223024625E-16,1.));
#7970 = ( GEOMETRIC_REPRESENTATION_CONTEXT(2) 
PARAMETRIC_REPRESENTATION_CONTEXT() REPRESENTATION_CONTEXT('2D SPACE',''
  ) );
#7971 = PCURVE('',#3722,#7972);
#7972 = DEFINITIONAL_REPRESENTATION('',(#7973),#7976);
#7973 = B_SPLINE_CURVE_WITH_KNOTS('',1,(#7974,#7975),.UNSPECIFIED.,.F.,
  .F.,(2,2),(0.,1.),.PIECEWISE_BEZIER_KNOTS.);
#7974 = CARTESIAN_POINT('',(4.239919589282,0.));
#7975 = CARTESIAN_POINT('',(4.239919589282,0.7));
#7976 = ( GEOMETRIC_REPRESENTATION_CONTEXT(2) 
PARAMETRIC_REPRESENTATION_CONTEXT() REPRESENTATION_CONTEXT('2D SPACE',''
  ) );
#7977 = ORIENTED_EDGE('',*,*,#7978,.F.);
#7978 = EDGE_CURVE('',#7909,#7958,#7979,.T.);
#7979 = SURFACE_CURVE('',#7980,(#8006,#8012),.PCURVE_S1.);
#7980 = B_SPLINE_CURVE_WITH_KNOTS('',3,(#7981,#7982,#7983,#7984,#7985,
    #7986,#7987,#7988,#7989,#7990,#7991,#7992,#7993,#7994,#7995,#7996,
    #7997,#7998,#7999,#8000,#8001,#8002,#8003,#8004,#8005),
  .UNSPECIFIED.,.F.,.F.,(4,1,1,1,1,1,1,1,1,1,1,1,1,1,1,1,1,1,1,1,1,1,4),
  (0.,0.387972789549,0.398654840446,0.41127908225,0.425845514983,
    0.442354138656,0.460804953278,0.481197958857,0.503533155396,
    0.527810542899,0.55403012137,0.58219189081,0.61229585122,
    0.644342002604,0.67833034496,0.714260878292,0.752133602599,
    0.791948517882,0.833705624143,0.87740492138,0.923046409596,
    0.97063008879,1.),.UNSPECIFIED.);
#7981 = CARTESIAN_POINT('',(4.324742926427,16.85,-0.715106339209));
#7982 = CARTESIAN_POINT('',(4.323886589989,16.85,-0.789372140402));
#7983 = CARTESIAN_POINT('',(4.375361662067,16.85,-0.798864499499));
#7984 = CARTESIAN_POINT('',(4.416556595126,16.85,-0.826759219267));
#7985 = CARTESIAN_POINT('',(4.420299278431,16.85,-0.829401127409));
#7986 = CARTESIAN_POINT('',(4.424555910356,16.85,-0.832535354112));
#7987 = CARTESIAN_POINT('',(4.429308482586,16.85,-0.836182700679));
#7988 = CARTESIAN_POINT('',(4.434537816254,16.85,-0.840364295255));
#7989 = CARTESIAN_POINT('',(4.44022426731,16.85,-0.845100421816));
#7990 = CARTESIAN_POINT('',(4.446347517675,16.85,-0.850410876833));
#7991 = CARTESIAN_POINT('',(4.452886661641,16.85,-0.856314834017));
#7992 = CARTESIAN_POINT('',(4.459820199497,16.85,-0.862830865053));
#7993 = CARTESIAN_POINT('',(4.467126060512,16.85,-0.869976912394));
#7994 = CARTESIAN_POINT('',(4.474781617419,16.85,-0.877770277303));
#7995 = CARTESIAN_POINT('',(4.482763703984,16.85,-0.886227603809));
#7996 = CARTESIAN_POINT('',(4.491048632126,16.85,-0.895364864455));
#7997 = CARTESIAN_POINT('',(4.499612209652,16.85,-0.905197346064));
#7998 = CARTESIAN_POINT('',(4.508429758269,16.85,-0.915739636068));
#7999 = CARTESIAN_POINT('',(4.517476131963,16.85,-0.927005609263));
#8000 = CARTESIAN_POINT('',(4.526725735703,16.85,-0.939008415014));
#8001 = CARTESIAN_POINT('',(4.536152544474,16.85,-0.951760464936));
#8002 = CARTESIAN_POINT('',(4.545730122612,16.85,-0.965273421043));
#8003 = CARTESIAN_POINT('',(4.554061821839,16.85,-0.97754122458));
#8004 = CARTESIAN_POINT('',(4.559168858094,16.85,-0.985323419803));
#8005 = CARTESIAN_POINT('',(4.561100381047,16.85,-0.988304966562));
#8006 = PCURVE('',#3580,#8007);
#8007 = DEFINITIONAL_REPRESENTATION('',(#8008),#8011);
#8008 = B_SPLINE_CURVE_WITH_KNOTS('',1,(#8009,#8010),.UNSPECIFIED.,.F.,
  .F.,(2,2),(0.,1.),.PIECEWISE_BEZIER_KNOTS.);
#8009 = CARTESIAN_POINT('',(1.,1.908114508412E-15));
#8010 = CARTESIAN_POINT('',(0.499024834132,-3.167198491319E-15));
#8011 = ( GEOMETRIC_REPRESENTATION_CONTEXT(2) 
PARAMETRIC_REPRESENTATION_CONTEXT() REPRESENTATION_CONTEXT('2D SPACE',''
  ) );
#8012 = PCURVE('',#5924,#8013);
#8013 = DEFINITIONAL_REPRESENTATION('',(#8014),#8040);
#8014 = B_SPLINE_CURVE_WITH_KNOTS('',3,(#8015,#8016,#8017,#8018,#8019,
    #8020,#8021,#8022,#8023,#8024,#8025,#8026,#8027,#8028,#8029,#8030,
    #8031,#8032,#8033,#8034,#8035,#8036,#8037,#8038,#8039),
  .UNSPECIFIED.,.F.,.F.,(4,1,1,1,1,1,1,1,1,1,1,1,1,1,1,1,1,1,1,1,1,1,4),
  (0.,0.387972789549,0.398654840446,0.41127908225,0.425845514983,
    0.442354138656,0.460804953278,0.481197958857,0.503533155396,
    0.527810542899,0.55403012137,0.58219189081,0.61229585122,
    0.644342002604,0.67833034496,0.714260878292,0.752133602599,
    0.791948517882,0.833705624143,0.87740492138,0.923046409596,
    0.97063008879,1.),.UNSPECIFIED.);
#8015 = CARTESIAN_POINT('',(1.478657896074,0.715106339209));
#8016 = CARTESIAN_POINT('',(1.477801559636,0.789372140402));
#8017 = CARTESIAN_POINT('',(1.529276631714,0.798864499499));
#8018 = CARTESIAN_POINT('',(1.570471564773,0.826759219267));
#8019 = CARTESIAN_POINT('',(1.574214248078,0.829401127409));
#8020 = CARTESIAN_POINT('',(1.578470880003,0.832535354112));
#8021 = CARTESIAN_POINT('',(1.583223452233,0.836182700679));
#8022 = CARTESIAN_POINT('',(1.588452785901,0.840364295255));
#8023 = CARTESIAN_POINT('',(1.594139236957,0.845100421816));
#8024 = CARTESIAN_POINT('',(1.600262487322,0.850410876833));
#8025 = CARTESIAN_POINT('',(1.606801631288,0.856314834017));
#8026 = CARTESIAN_POINT('',(1.613735169144,0.862830865053));
#8027 = CARTESIAN_POINT('',(1.621041030158,0.869976912394));
#8028 = CARTESIAN_POINT('',(1.628696587066,0.877770277303));
#8029 = CARTESIAN_POINT('',(1.636678673631,0.886227603809));
#8030 = CARTESIAN_POINT('',(1.644963601773,0.895364864455));
#8031 = CARTESIAN_POINT('',(1.653527179299,0.905197346064));
#8032 = CARTESIAN_POINT('',(1.662344727916,0.915739636068));
#8033 = CARTESIAN_POINT('',(1.67139110161,0.927005609263));
#8034 = CARTESIAN_POINT('',(1.68064070535,0.939008415014));
#8035 = CARTESIAN_POINT('',(1.690067514121,0.951760464936));
#8036 = CARTESIAN_POINT('',(1.699645092259,0.965273421043));
#8037 = CARTESIAN_POINT('',(1.707976791486,0.97754122458));
#8038 = CARTESIAN_POINT('',(1.713083827741,0.985323419803));
#8039 = CARTESIAN_POINT('',(1.715015350694,0.988304966562));
#8040 = ( GEOMETRIC_REPRESENTATION_CONTEXT(2) 
PARAMETRIC_REPRESENTATION_CONTEXT() REPRESENTATION_CONTEXT('2D SPACE',''
  ) );
#8041 = ORIENTED_EDGE('',*,*,#7908,.T.);
#8042 = ADVANCED_FACE('',(#8043),#3722,.F.);
#8043 = FACE_BOUND('',#8044,.F.);
#8044 = EDGE_LOOP('',(#8045,#8069,#8070,#8071));
#8045 = ORIENTED_EDGE('',*,*,#8046,.F.);
#8046 = EDGE_CURVE('',#7958,#8047,#8049,.T.);
#8047 = VERTEX_POINT('',#8048);
#8048 = CARTESIAN_POINT('',(4.498347430587,16.85,-1.089978587292));
#8049 = SURFACE_CURVE('',#8050,(#8055,#8061),.PCURVE_S1.);
#8050 = B_SPLINE_CURVE_WITH_KNOTS('',3,(#8051,#8052,#8053,#8054),
  .UNSPECIFIED.,.F.,.F.,(4,4),(0.,1.),.PIECEWISE_BEZIER_KNOTS.);
#8051 = CARTESIAN_POINT('',(4.561100381047,16.85,-0.988304966562));
#8052 = CARTESIAN_POINT('',(4.54121210516,16.85,-1.022817287734));
#8053 = CARTESIAN_POINT('',(4.520281748016,16.85,-1.056729082782));
#8054 = CARTESIAN_POINT('',(4.498347430587,16.85,-1.089978587292));
#8055 = PCURVE('',#3722,#8056);
#8056 = DEFINITIONAL_REPRESENTATION('',(#8057),#8060);
#8057 = B_SPLINE_CURVE_WITH_KNOTS('',1,(#8058,#8059),.UNSPECIFIED.,.F.,
  .F.,(2,2),(0.,1.),.PIECEWISE_BEZIER_KNOTS.);
#8058 = CARTESIAN_POINT('',(4.239919589282,0.));
#8059 = CARTESIAN_POINT('',(4.179548722335,0.));
#8060 = ( GEOMETRIC_REPRESENTATION_CONTEXT(2) 
PARAMETRIC_REPRESENTATION_CONTEXT() REPRESENTATION_CONTEXT('2D SPACE',''
  ) );
#8061 = PCURVE('',#5924,#8062);
#8062 = DEFINITIONAL_REPRESENTATION('',(#8063),#8068);
#8063 = B_SPLINE_CURVE_WITH_KNOTS('',3,(#8064,#8065,#8066,#8067),
  .UNSPECIFIED.,.F.,.F.,(4,4),(0.,1.),.PIECEWISE_BEZIER_KNOTS.);
#8064 = CARTESIAN_POINT('',(1.715015350694,0.988304966562));
#8065 = CARTESIAN_POINT('',(1.695127074807,1.022817287734));
#8066 = CARTESIAN_POINT('',(1.674196717663,1.056729082782));
#8067 = CARTESIAN_POINT('',(1.652262400234,1.089978587292));
#8068 = ( GEOMETRIC_REPRESENTATION_CONTEXT(2) 
PARAMETRIC_REPRESENTATION_CONTEXT() REPRESENTATION_CONTEXT('2D SPACE',''
  ) );
#8069 = ORIENTED_EDGE('',*,*,#7957,.T.);
#8070 = ORIENTED_EDGE('',*,*,#3704,.T.);
#8071 = ORIENTED_EDGE('',*,*,#8072,.F.);
#8072 = EDGE_CURVE('',#8047,#3705,#8073,.T.);
#8073 = SURFACE_CURVE('',#8074,(#8079,#8085),.PCURVE_S1.);
#8074 = B_SPLINE_CURVE_WITH_KNOTS('',3,(#8075,#8076,#8077,#8078),
  .UNSPECIFIED.,.F.,.F.,(4,4),(0.,1.),.PIECEWISE_BEZIER_KNOTS.);
#8075 = CARTESIAN_POINT('',(4.498347430587,16.85,-1.089978587292));
#8076 = CARTESIAN_POINT('',(4.498347430592,16.616666666667,
    -1.089978587292));
#8077 = CARTESIAN_POINT('',(4.498347430592,16.383333333333,
    -1.089978587292));
#8078 = CARTESIAN_POINT('',(4.498347430587,16.15,-1.089978587292));
#8079 = PCURVE('',#3722,#8080);
#8080 = DEFINITIONAL_REPRESENTATION('',(#8081),#8084);
#8081 = B_SPLINE_CURVE_WITH_KNOTS('',1,(#8082,#8083),.UNSPECIFIED.,.F.,
  .F.,(2,2),(0.,1.),.PIECEWISE_BEZIER_KNOTS.);
#8082 = CARTESIAN_POINT('',(4.179548722335,0.));
#8083 = CARTESIAN_POINT('',(4.179548722335,0.7));
#8084 = ( GEOMETRIC_REPRESENTATION_CONTEXT(2) 
PARAMETRIC_REPRESENTATION_CONTEXT() REPRESENTATION_CONTEXT('2D SPACE',''
  ) );
#8085 = PCURVE('',#3771,#8086);
#8086 = DEFINITIONAL_REPRESENTATION('',(#8087),#8091);
#8087 = LINE('',#8088,#8089);
#8088 = CARTESIAN_POINT('',(0.500975165842,-3.167190747018E-15));
#8089 = VECTOR('',#8090,1.);
#8090 = DIRECTION('',(-1.110223024625E-16,1.));
#8091 = ( GEOMETRIC_REPRESENTATION_CONTEXT(2) 
PARAMETRIC_REPRESENTATION_CONTEXT() REPRESENTATION_CONTEXT('2D SPACE',''
  ) );
#8092 = ADVANCED_FACE('',(#8093),#3771,.F.);
#8093 = FACE_BOUND('',#8094,.F.);
#8094 = EDGE_LOOP('',(#8095,#8161,#8162,#8163));
#8095 = ORIENTED_EDGE('',*,*,#8096,.F.);
#8096 = EDGE_CURVE('',#8047,#8097,#8099,.T.);
#8097 = VERTEX_POINT('',#8098);
#8098 = CARTESIAN_POINT('',(4.148181394534,16.85,-1.001174963923));
#8099 = SURFACE_CURVE('',#8100,(#8126,#8132),.PCURVE_S1.);
#8100 = B_SPLINE_CURVE_WITH_KNOTS('',3,(#8101,#8102,#8103,#8104,#8105,
    #8106,#8107,#8108,#8109,#8110,#8111,#8112,#8113,#8114,#8115,#8116,
    #8117,#8118,#8119,#8120,#8121,#8122,#8123,#8124,#8125),
  .UNSPECIFIED.,.F.,.F.,(4,1,1,1,1,1,1,1,1,1,1,1,1,1,1,1,1,1,1,1,1,1,4),
  (0.,2.936991105782E-02,7.695359025921E-02,0.122595078482,
    0.166294375726,0.208051481993,0.247866397283,0.285739121596,
    0.321669654933,0.355657997295,0.387704148684,0.417808109099,
    0.445969878543,0.472189457018,0.496466844525,0.518802041068,
    0.539195046649,0.557645861275,0.57415448495,0.588720917685,
    0.601345159492,0.61202721039,1.),.UNSPECIFIED.);
#8101 = CARTESIAN_POINT('',(4.498347430587,16.85,-1.089978587292));
#8102 = CARTESIAN_POINT('',(4.494816377295,16.85,-1.089588632446));
#8103 = CARTESIAN_POINT('',(4.485570527727,16.85,-1.088512227697));
#8104 = CARTESIAN_POINT('',(4.470869458514,16.85,-1.086564208418));
#8105 = CARTESIAN_POINT('',(4.454496845004,16.85,-1.084060708352));
#8106 = CARTESIAN_POINT('',(4.438871984172,16.85,-1.081350869834));
#8107 = CARTESIAN_POINT('',(4.423996302433,16.85,-1.07846355135));
#8108 = CARTESIAN_POINT('',(4.409870372051,16.85,-1.075427580355));
#8109 = CARTESIAN_POINT('',(4.396493913067,16.85,-1.072271730675));
#8110 = CARTESIAN_POINT('',(4.38386579578,16.85,-1.069024699969));
#8111 = CARTESIAN_POINT('',(4.371984043792,16.85,-1.06571508728));
#8112 = CARTESIAN_POINT('',(4.360845837619,16.85,-1.062371370665));
#8113 = CARTESIAN_POINT('',(4.350447518828,16.85,-1.059021884961));
#8114 = CARTESIAN_POINT('',(4.340784594813,16.85,-1.055694799563));
#8115 = CARTESIAN_POINT('',(4.331851743861,16.85,-1.052418096718));
#8116 = CARTESIAN_POINT('',(4.323642821617,16.85,-1.049219548637));
#8117 = CARTESIAN_POINT('',(4.316150865278,16.85,-1.046126699184));
#8118 = CARTESIAN_POINT('',(4.309368107612,16.85,-1.043166831137));
#8119 = CARTESIAN_POINT('',(4.303285961279,16.85,-1.040366981177));
#8120 = CARTESIAN_POINT('',(4.297895101004,16.85,-1.037753802027));
#8121 = CARTESIAN_POINT('',(4.293185238379,16.85,-1.035353909024));
#8122 = CARTESIAN_POINT('',(4.289145852408,16.85,-1.033192724642));
#8123 = CARTESIAN_POINT('',(4.245743725434,16.85,-1.008874145843));
#8124 = CARTESIAN_POINT('',(4.214182702931,16.85,-0.967116634121));
#8125 = CARTESIAN_POINT('',(4.148181394534,16.85,-1.001174963923));
#8126 = PCURVE('',#3771,#8127);
#8127 = DEFINITIONAL_REPRESENTATION('',(#8128),#8131);
#8128 = B_SPLINE_CURVE_WITH_KNOTS('',1,(#8129,#8130),.UNSPECIFIED.,.F.,
  .F.,(2,2),(0.,1.),.PIECEWISE_BEZIER_KNOTS.);
#8129 = CARTESIAN_POINT('',(0.500975165842,-3.167190747018E-15));
#8130 = CARTESIAN_POINT('',(1.343179665794E-16,-3.167198491319E-15));
#8131 = ( GEOMETRIC_REPRESENTATION_CONTEXT(2) 
PARAMETRIC_REPRESENTATION_CONTEXT() REPRESENTATION_CONTEXT('2D SPACE',''
  ) );
#8132 = PCURVE('',#5924,#8133);
#8133 = DEFINITIONAL_REPRESENTATION('',(#8134),#8160);
#8134 = B_SPLINE_CURVE_WITH_KNOTS('',3,(#8135,#8136,#8137,#8138,#8139,
    #8140,#8141,#8142,#8143,#8144,#8145,#8146,#8147,#8148,#8149,#8150,
    #8151,#8152,#8153,#8154,#8155,#8156,#8157,#8158,#8159),
  .UNSPECIFIED.,.F.,.F.,(4,1,1,1,1,1,1,1,1,1,1,1,1,1,1,1,1,1,1,1,1,1,4),
  (0.,2.936991105782E-02,7.695359025921E-02,0.122595078482,
    0.166294375726,0.208051481993,0.247866397283,0.285739121596,
    0.321669654933,0.355657997295,0.387704148684,0.417808109099,
    0.445969878543,0.472189457018,0.496466844525,0.518802041068,
    0.539195046649,0.557645861275,0.57415448495,0.588720917685,
    0.601345159492,0.61202721039,1.),.UNSPECIFIED.);
#8135 = CARTESIAN_POINT('',(1.652262400234,1.089978587292));
#8136 = CARTESIAN_POINT('',(1.648731346942,1.089588632446));
#8137 = CARTESIAN_POINT('',(1.639485497373,1.088512227697));
#8138 = CARTESIAN_POINT('',(1.624784428161,1.086564208418));
#8139 = CARTESIAN_POINT('',(1.608411814651,1.084060708352));
#8140 = CARTESIAN_POINT('',(1.592786953819,1.081350869834));
#8141 = CARTESIAN_POINT('',(1.577911272079,1.07846355135));
#8142 = CARTESIAN_POINT('',(1.563785341698,1.075427580355));
#8143 = CARTESIAN_POINT('',(1.550408882714,1.072271730675));
#8144 = CARTESIAN_POINT('',(1.537780765427,1.069024699969));
#8145 = CARTESIAN_POINT('',(1.525899013439,1.06571508728));
#8146 = CARTESIAN_POINT('',(1.514760807266,1.062371370665));
#8147 = CARTESIAN_POINT('',(1.504362488475,1.059021884961));
#8148 = CARTESIAN_POINT('',(1.49469956446,1.055694799563));
#8149 = CARTESIAN_POINT('',(1.485766713508,1.052418096718));
#8150 = CARTESIAN_POINT('',(1.477557791264,1.049219548637));
#8151 = CARTESIAN_POINT('',(1.470065834925,1.046126699184));
#8152 = CARTESIAN_POINT('',(1.463283077258,1.043166831137));
#8153 = CARTESIAN_POINT('',(1.457200930926,1.040366981177));
#8154 = CARTESIAN_POINT('',(1.45181007065,1.037753802027));
#8155 = CARTESIAN_POINT('',(1.447100208026,1.035353909024));
#8156 = CARTESIAN_POINT('',(1.443060822055,1.033192724642));
#8157 = CARTESIAN_POINT('',(1.399658695081,1.008874145843));
#8158 = CARTESIAN_POINT('',(1.368097672578,0.967116634121));
#8159 = CARTESIAN_POINT('',(1.302096364181,1.001174963923));
#8160 = ( GEOMETRIC_REPRESENTATION_CONTEXT(2) 
PARAMETRIC_REPRESENTATION_CONTEXT() REPRESENTATION_CONTEXT('2D SPACE',''
  ) );
#8161 = ORIENTED_EDGE('',*,*,#8072,.T.);
#8162 = ORIENTED_EDGE('',*,*,#3733,.T.);
#8163 = ORIENTED_EDGE('',*,*,#8164,.F.);
#8164 = EDGE_CURVE('',#8097,#3734,#8165,.T.);
#8165 = SURFACE_CURVE('',#8166,(#8169,#8176),.PCURVE_S1.);
#8166 = B_SPLINE_CURVE_WITH_KNOTS('',1,(#8167,#8168),.UNSPECIFIED.,.F.,
  .F.,(2,2),(0.,1.),.PIECEWISE_BEZIER_KNOTS.);
#8167 = CARTESIAN_POINT('',(4.148181394534,16.85,-1.001174963923));
#8168 = CARTESIAN_POINT('',(4.148181394534,16.15,-1.001174963923));
#8169 = PCURVE('',#3771,#8170);
#8170 = DEFINITIONAL_REPRESENTATION('',(#8171),#8175);
#8171 = LINE('',#8172,#8173);
#8172 = CARTESIAN_POINT('',(1.343179665794E-16,-3.167198491319E-15));
#8173 = VECTOR('',#8174,1.);
#8174 = DIRECTION('',(-1.343179665794E-16,1.));
#8175 = ( GEOMETRIC_REPRESENTATION_CONTEXT(2) 
PARAMETRIC_REPRESENTATION_CONTEXT() REPRESENTATION_CONTEXT('2D SPACE',''
  ) );
#8176 = PCURVE('',#3891,#8177);
#8177 = DEFINITIONAL_REPRESENTATION('',(#8178),#8181);
#8178 = B_SPLINE_CURVE_WITH_KNOTS('',1,(#8179,#8180),.UNSPECIFIED.,.F.,
  .F.,(2,2),(0.,1.),.PIECEWISE_BEZIER_KNOTS.);
#8179 = CARTESIAN_POINT('',(1.593946186551,0.));
#8180 = CARTESIAN_POINT('',(1.593946186551,0.7));
#8181 = ( GEOMETRIC_REPRESENTATION_CONTEXT(2) 
PARAMETRIC_REPRESENTATION_CONTEXT() REPRESENTATION_CONTEXT('2D SPACE',''
  ) );
#8182 = ADVANCED_FACE('',(#8183),#3891,.F.);
#8183 = FACE_BOUND('',#8184,.F.);
#8184 = EDGE_LOOP('',(#8185,#8186,#8187,#8210));
#8185 = ORIENTED_EDGE('',*,*,#8164,.T.);
#8186 = ORIENTED_EDGE('',*,*,#3873,.T.);
#8187 = ORIENTED_EDGE('',*,*,#8188,.F.);
#8188 = EDGE_CURVE('',#8189,#3874,#8191,.T.);
#8189 = VERTEX_POINT('',#8190);
#8190 = CARTESIAN_POINT('',(4.100448454752,16.85,-1.060367223905));
#8191 = SURFACE_CURVE('',#8192,(#8197,#8203),.PCURVE_S1.);
#8192 = B_SPLINE_CURVE_WITH_KNOTS('',3,(#8193,#8194,#8195,#8196),
  .UNSPECIFIED.,.F.,.F.,(4,4),(0.,1.),.PIECEWISE_BEZIER_KNOTS.);
#8193 = CARTESIAN_POINT('',(4.100448454752,16.85,-1.060367223905));
#8194 = CARTESIAN_POINT('',(4.100448454752,16.616666666667,
    -1.060367223905));
#8195 = CARTESIAN_POINT('',(4.100448454752,16.383333333333,
    -1.060367223905));
#8196 = CARTESIAN_POINT('',(4.100448454752,16.15,-1.060367223905));
#8197 = PCURVE('',#3891,#8198);
#8198 = DEFINITIONAL_REPRESENTATION('',(#8199),#8202);
#8199 = B_SPLINE_CURVE_WITH_KNOTS('',1,(#8200,#8201),.UNSPECIFIED.,.F.,
  .F.,(2,2),(0.,1.),.PIECEWISE_BEZIER_KNOTS.);
#8200 = CARTESIAN_POINT('',(1.547646467039,0.));
#8201 = CARTESIAN_POINT('',(1.547646467039,0.7));
#8202 = ( GEOMETRIC_REPRESENTATION_CONTEXT(2) 
PARAMETRIC_REPRESENTATION_CONTEXT() REPRESENTATION_CONTEXT('2D SPACE',''
  ) );
#8203 = PCURVE('',#3958,#8204);
#8204 = DEFINITIONAL_REPRESENTATION('',(#8205),#8209);
#8205 = LINE('',#8206,#8207);
#8206 = CARTESIAN_POINT('',(1.,-3.167190747018E-15));
#8207 = VECTOR('',#8208,1.);
#8208 = DIRECTION('',(0.,1.));
#8209 = ( GEOMETRIC_REPRESENTATION_CONTEXT(2) 
PARAMETRIC_REPRESENTATION_CONTEXT() REPRESENTATION_CONTEXT('2D SPACE',''
  ) );
#8210 = ORIENTED_EDGE('',*,*,#8211,.F.);
#8211 = EDGE_CURVE('',#8097,#8189,#8212,.T.);
#8212 = SURFACE_CURVE('',#8213,(#8218,#8224),.PCURVE_S1.);
#8213 = B_SPLINE_CURVE_WITH_KNOTS('',3,(#8214,#8215,#8216,#8217),
  .UNSPECIFIED.,.F.,.F.,(4,4),(0.,1.),.PIECEWISE_BEZIER_KNOTS.);
#8214 = CARTESIAN_POINT('',(4.148181394534,16.85,-1.001174963923));
#8215 = CARTESIAN_POINT('',(4.132730021197,16.85,-1.021270529402));
#8216 = CARTESIAN_POINT('',(4.116813356434,16.85,-1.041008332333));
#8217 = CARTESIAN_POINT('',(4.100448454752,16.85,-1.060367223905));
#8218 = PCURVE('',#3891,#8219);
#8219 = DEFINITIONAL_REPRESENTATION('',(#8220),#8223);
#8220 = B_SPLINE_CURVE_WITH_KNOTS('',1,(#8221,#8222),.UNSPECIFIED.,.F.,
  .F.,(2,2),(0.,1.),.PIECEWISE_BEZIER_KNOTS.);
#8221 = CARTESIAN_POINT('',(1.593946186551,0.));
#8222 = CARTESIAN_POINT('',(1.547646467039,0.));
#8223 = ( GEOMETRIC_REPRESENTATION_CONTEXT(2) 
PARAMETRIC_REPRESENTATION_CONTEXT() REPRESENTATION_CONTEXT('2D SPACE',''
  ) );
#8224 = PCURVE('',#5924,#8225);
#8225 = DEFINITIONAL_REPRESENTATION('',(#8226),#8231);
#8226 = B_SPLINE_CURVE_WITH_KNOTS('',3,(#8227,#8228,#8229,#8230),
  .UNSPECIFIED.,.F.,.F.,(4,4),(0.,1.),.PIECEWISE_BEZIER_KNOTS.);
#8227 = CARTESIAN_POINT('',(1.302096364181,1.001174963923));
#8228 = CARTESIAN_POINT('',(1.286644990844,1.021270529402));
#8229 = CARTESIAN_POINT('',(1.270728326081,1.041008332333));
#8230 = CARTESIAN_POINT('',(1.254363424399,1.060367223905));
#8231 = ( GEOMETRIC_REPRESENTATION_CONTEXT(2) 
PARAMETRIC_REPRESENTATION_CONTEXT() REPRESENTATION_CONTEXT('2D SPACE',''
  ) );
#8232 = ADVANCED_FACE('',(#8233),#3958,.F.);
#8233 = FACE_BOUND('',#8234,.F.);
#8234 = EDGE_LOOP('',(#8235,#8236,#8257,#8321));
#8235 = ORIENTED_EDGE('',*,*,#3902,.T.);
#8236 = ORIENTED_EDGE('',*,*,#8237,.F.);
#8237 = EDGE_CURVE('',#8238,#3903,#8240,.T.);
#8238 = VERTEX_POINT('',#8239);
#8239 = CARTESIAN_POINT('',(4.261438569494,16.85,-1.383762522722));
#8240 = SURFACE_CURVE('',#8241,(#8244,#8251),.PCURVE_S1.);
#8241 = B_SPLINE_CURVE_WITH_KNOTS('',1,(#8242,#8243),.UNSPECIFIED.,.F.,
  .F.,(2,2),(0.,1.),.PIECEWISE_BEZIER_KNOTS.);
#8242 = CARTESIAN_POINT('',(4.261438569494,16.85,-1.383762522722));
#8243 = CARTESIAN_POINT('',(4.261438569494,16.15,-1.383762522722));
#8244 = PCURVE('',#3958,#8245);
#8245 = DEFINITIONAL_REPRESENTATION('',(#8246),#8250);
#8246 = LINE('',#8247,#8248);
#8247 = CARTESIAN_POINT('',(0.499024834132,-3.167198491319E-15));
#8248 = VECTOR('',#8249,1.);
#8249 = DIRECTION('',(-5.551115123126E-17,1.));
#8250 = ( GEOMETRIC_REPRESENTATION_CONTEXT(2) 
PARAMETRIC_REPRESENTATION_CONTEXT() REPRESENTATION_CONTEXT('2D SPACE',''
  ) );
#8251 = PCURVE('',#4100,#8252);
#8252 = DEFINITIONAL_REPRESENTATION('',(#8253),#8256);
#8253 = B_SPLINE_CURVE_WITH_KNOTS('',1,(#8254,#8255),.UNSPECIFIED.,.F.,
  .F.,(2,2),(0.,1.),.PIECEWISE_BEZIER_KNOTS.);
#8254 = CARTESIAN_POINT('',(3.988592176994,0.));
#8255 = CARTESIAN_POINT('',(3.988592176994,0.7));
#8256 = ( GEOMETRIC_REPRESENTATION_CONTEXT(2) 
PARAMETRIC_REPRESENTATION_CONTEXT() REPRESENTATION_CONTEXT('2D SPACE',''
  ) );
#8257 = ORIENTED_EDGE('',*,*,#8258,.F.);
#8258 = EDGE_CURVE('',#8189,#8238,#8259,.T.);
#8259 = SURFACE_CURVE('',#8260,(#8286,#8292),.PCURVE_S1.);
#8260 = B_SPLINE_CURVE_WITH_KNOTS('',3,(#8261,#8262,#8263,#8264,#8265,
    #8266,#8267,#8268,#8269,#8270,#8271,#8272,#8273,#8274,#8275,#8276,
    #8277,#8278,#8279,#8280,#8281,#8282,#8283,#8284,#8285),
  .UNSPECIFIED.,.F.,.F.,(4,1,1,1,1,1,1,1,1,1,1,1,1,1,1,1,1,1,1,1,1,1,4),
  (0.,0.387972789549,0.398654840446,0.41127908225,0.425845514983,
    0.442354138656,0.460804953278,0.481197958857,0.503533155396,
    0.527810542899,0.55403012137,0.58219189081,0.61229585122,
    0.644342002604,0.67833034496,0.714260878292,0.752133602599,
    0.791948517882,0.833705624143,0.87740492138,0.923046409596,
    0.97063008879,1.),.UNSPECIFIED.);
#8261 = CARTESIAN_POINT('',(4.100448454752,16.85,-1.060367223905));
#8262 = CARTESIAN_POINT('',(4.081149867978,16.85,-1.132086866176));
#8263 = CARTESIAN_POINT('',(4.128647102299,16.85,-1.154082335223));
#8264 = CARTESIAN_POINT('',(4.161610686072,16.85,-1.191345454329));
#8265 = CARTESIAN_POINT('',(4.164578770261,16.85,-1.194835129557));
#8266 = CARTESIAN_POINT('',(4.167922221781,16.85,-1.198929470078));
#8267 = CARTESIAN_POINT('',(4.171618425009,16.85,-1.203644145197));
#8268 = CARTESIAN_POINT('',(4.175643549261,16.85,-1.20899484969));
#8269 = CARTESIAN_POINT('',(4.17997352322,16.85,-1.214996344998));
#8270 = CARTESIAN_POINT('',(4.184583743956,16.85,-1.221662752748));
#8271 = CARTESIAN_POINT('',(4.189449194244,16.85,-1.229007445235));
#8272 = CARTESIAN_POINT('',(4.194544431235,16.85,-1.237043063921));
#8273 = CARTESIAN_POINT('',(4.199843615484,16.85,-1.245781498796));
#8274 = CARTESIAN_POINT('',(4.205320527954,16.85,-1.255233880398));
#8275 = CARTESIAN_POINT('',(4.210948591017,16.85,-1.265410568647));
#8276 = CARTESIAN_POINT('',(4.216700888587,16.85,-1.276321143293));
#8277 = CARTESIAN_POINT('',(4.222550186836,16.85,-1.287974394539));
#8278 = CARTESIAN_POINT('',(4.228468955037,16.85,-1.300378314288));
#8279 = CARTESIAN_POINT('',(4.234429386664,16.85,-1.313540087872));
#8280 = CARTESIAN_POINT('',(4.240403420686,16.85,-1.327466086319));
#8281 = CARTESIAN_POINT('',(4.246362763068,16.85,-1.342161859153));
#8282 = CARTESIAN_POINT('',(4.252278908447,16.85,-1.357632127721));
#8283 = CARTESIAN_POINT('',(4.257297973345,16.85,-1.371586524993));
#8284 = CARTESIAN_POINT('',(4.260309209413,16.85,-1.380394296511));
#8285 = CARTESIAN_POINT('',(4.261438569494,16.85,-1.383762522722));
#8286 = PCURVE('',#3958,#8287);
#8287 = DEFINITIONAL_REPRESENTATION('',(#8288),#8291);
#8288 = B_SPLINE_CURVE_WITH_KNOTS('',1,(#8289,#8290),.UNSPECIFIED.,.F.,
  .F.,(2,2),(0.,1.),.PIECEWISE_BEZIER_KNOTS.);
#8289 = CARTESIAN_POINT('',(1.,1.908114508412E-15));
#8290 = CARTESIAN_POINT('',(0.499024834132,-3.167198491319E-15));
#8291 = ( GEOMETRIC_REPRESENTATION_CONTEXT(2) 
PARAMETRIC_REPRESENTATION_CONTEXT() REPRESENTATION_CONTEXT('2D SPACE',''
  ) );
#8292 = PCURVE('',#5924,#8293);
#8293 = DEFINITIONAL_REPRESENTATION('',(#8294),#8320);
#8294 = B_SPLINE_CURVE_WITH_KNOTS('',3,(#8295,#8296,#8297,#8298,#8299,
    #8300,#8301,#8302,#8303,#8304,#8305,#8306,#8307,#8308,#8309,#8310,
    #8311,#8312,#8313,#8314,#8315,#8316,#8317,#8318,#8319),
  .UNSPECIFIED.,.F.,.F.,(4,1,1,1,1,1,1,1,1,1,1,1,1,1,1,1,1,1,1,1,1,1,4),
  (0.,0.387972789549,0.398654840446,0.41127908225,0.425845514983,
    0.442354138656,0.460804953278,0.481197958857,0.503533155396,
    0.527810542899,0.55403012137,0.58219189081,0.61229585122,
    0.644342002604,0.67833034496,0.714260878292,0.752133602599,
    0.791948517882,0.833705624143,0.87740492138,0.923046409596,
    0.97063008879,1.),.UNSPECIFIED.);
#8295 = CARTESIAN_POINT('',(1.254363424399,1.060367223905));
#8296 = CARTESIAN_POINT('',(1.235064837625,1.132086866176));
#8297 = CARTESIAN_POINT('',(1.282562071945,1.154082335223));
#8298 = CARTESIAN_POINT('',(1.315525655718,1.191345454329));
#8299 = CARTESIAN_POINT('',(1.318493739908,1.194835129557));
#8300 = CARTESIAN_POINT('',(1.321837191428,1.198929470078));
#8301 = CARTESIAN_POINT('',(1.325533394656,1.203644145197));
#8302 = CARTESIAN_POINT('',(1.329558518907,1.20899484969));
#8303 = CARTESIAN_POINT('',(1.333888492867,1.214996344998));
#8304 = CARTESIAN_POINT('',(1.338498713603,1.221662752748));
#8305 = CARTESIAN_POINT('',(1.34336416389,1.229007445235));
#8306 = CARTESIAN_POINT('',(1.348459400882,1.237043063921));
#8307 = CARTESIAN_POINT('',(1.353758585131,1.245781498796));
#8308 = CARTESIAN_POINT('',(1.359235497601,1.255233880398));
#8309 = CARTESIAN_POINT('',(1.364863560664,1.265410568647));
#8310 = CARTESIAN_POINT('',(1.370615858234,1.276321143293));
#8311 = CARTESIAN_POINT('',(1.376465156483,1.287974394539));
#8312 = CARTESIAN_POINT('',(1.382383924684,1.300378314288));
#8313 = CARTESIAN_POINT('',(1.388344356311,1.313540087872));
#8314 = CARTESIAN_POINT('',(1.394318390333,1.327466086319));
#8315 = CARTESIAN_POINT('',(1.400277732715,1.342161859153));
#8316 = CARTESIAN_POINT('',(1.406193878094,1.357632127721));
#8317 = CARTESIAN_POINT('',(1.411212942992,1.371586524993));
#8318 = CARTESIAN_POINT('',(1.41422417906,1.380394296511));
#8319 = CARTESIAN_POINT('',(1.415353539141,1.383762522722));
#8320 = ( GEOMETRIC_REPRESENTATION_CONTEXT(2) 
PARAMETRIC_REPRESENTATION_CONTEXT() REPRESENTATION_CONTEXT('2D SPACE',''
  ) );
#8321 = ORIENTED_EDGE('',*,*,#8188,.T.);
#8322 = ADVANCED_FACE('',(#8323),#4100,.F.);
#8323 = FACE_BOUND('',#8324,.F.);
#8324 = EDGE_LOOP('',(#8325,#8349,#8350,#8351));
#8325 = ORIENTED_EDGE('',*,*,#8326,.F.);
#8326 = EDGE_CURVE('',#8238,#8327,#8329,.T.);
#8327 = VERTEX_POINT('',#8328);
#8328 = CARTESIAN_POINT('',(4.1753719171,16.85,-1.466635855522));
#8329 = SURFACE_CURVE('',#8330,(#8335,#8341),.PCURVE_S1.);
#8330 = B_SPLINE_CURVE_WITH_KNOTS('',3,(#8331,#8332,#8333,#8334),
  .UNSPECIFIED.,.F.,.F.,(4,4),(0.,1.),.PIECEWISE_BEZIER_KNOTS.);
#8331 = CARTESIAN_POINT('',(4.261438569494,16.85,-1.383762522722));
#8332 = CARTESIAN_POINT('',(4.233592255107,16.85,-1.412244562774));
#8333 = CARTESIAN_POINT('',(4.204885943137,16.85,-1.439885788265));
#8334 = CARTESIAN_POINT('',(4.1753719171,16.85,-1.466635855522));
#8335 = PCURVE('',#4100,#8336);
#8336 = DEFINITIONAL_REPRESENTATION('',(#8337),#8340);
#8337 = B_SPLINE_CURVE_WITH_KNOTS('',1,(#8338,#8339),.UNSPECIFIED.,.F.,
  .F.,(2,2),(0.,1.),.PIECEWISE_BEZIER_KNOTS.);
#8338 = CARTESIAN_POINT('',(3.988592176994,0.));
#8339 = CARTESIAN_POINT('',(3.928221310048,0.));
#8340 = ( GEOMETRIC_REPRESENTATION_CONTEXT(2) 
PARAMETRIC_REPRESENTATION_CONTEXT() REPRESENTATION_CONTEXT('2D SPACE',''
  ) );
#8341 = PCURVE('',#5924,#8342);
#8342 = DEFINITIONAL_REPRESENTATION('',(#8343),#8348);
#8343 = B_SPLINE_CURVE_WITH_KNOTS('',3,(#8344,#8345,#8346,#8347),
  .UNSPECIFIED.,.F.,.F.,(4,4),(0.,1.),.PIECEWISE_BEZIER_KNOTS.);
#8344 = CARTESIAN_POINT('',(1.415353539141,1.383762522722));
#8345 = CARTESIAN_POINT('',(1.387507224754,1.412244562774));
#8346 = CARTESIAN_POINT('',(1.358800912784,1.439885788265));
#8347 = CARTESIAN_POINT('',(1.329286886747,1.466635855522));
#8348 = ( GEOMETRIC_REPRESENTATION_CONTEXT(2) 
PARAMETRIC_REPRESENTATION_CONTEXT() REPRESENTATION_CONTEXT('2D SPACE',''
  ) );
#8349 = ORIENTED_EDGE('',*,*,#8237,.T.);
#8350 = ORIENTED_EDGE('',*,*,#4082,.T.);
#8351 = ORIENTED_EDGE('',*,*,#8352,.F.);
#8352 = EDGE_CURVE('',#8327,#4083,#8353,.T.);
#8353 = SURFACE_CURVE('',#8354,(#8359,#8365),.PCURVE_S1.);
#8354 = B_SPLINE_CURVE_WITH_KNOTS('',3,(#8355,#8356,#8357,#8358),
  .UNSPECIFIED.,.F.,.F.,(4,4),(0.,1.),.PIECEWISE_BEZIER_KNOTS.);
#8355 = CARTESIAN_POINT('',(4.1753719171,16.85,-1.466635855522));
#8356 = CARTESIAN_POINT('',(4.175371917105,16.616666666667,
    -1.466635855524));
#8357 = CARTESIAN_POINT('',(4.175371917105,16.383333333333,
    -1.466635855524));
#8358 = CARTESIAN_POINT('',(4.1753719171,16.15,-1.466635855522));
#8359 = PCURVE('',#4100,#8360);
#8360 = DEFINITIONAL_REPRESENTATION('',(#8361),#8364);
#8361 = B_SPLINE_CURVE_WITH_KNOTS('',1,(#8362,#8363),.UNSPECIFIED.,.F.,
  .F.,(2,2),(0.,1.),.PIECEWISE_BEZIER_KNOTS.);
#8362 = CARTESIAN_POINT('',(3.928221310048,0.));
#8363 = CARTESIAN_POINT('',(3.928221310048,0.7));
#8364 = ( GEOMETRIC_REPRESENTATION_CONTEXT(2) 
PARAMETRIC_REPRESENTATION_CONTEXT() REPRESENTATION_CONTEXT('2D SPACE',''
  ) );
#8365 = PCURVE('',#4149,#8366);
#8366 = DEFINITIONAL_REPRESENTATION('',(#8367),#8371);
#8367 = LINE('',#8368,#8369);
#8368 = CARTESIAN_POINT('',(0.500975165842,-3.167190747018E-15));
#8369 = VECTOR('',#8370,1.);
#8370 = DIRECTION('',(-8.881784197001E-16,1.));
#8371 = ( GEOMETRIC_REPRESENTATION_CONTEXT(2) 
PARAMETRIC_REPRESENTATION_CONTEXT() REPRESENTATION_CONTEXT('2D SPACE',''
  ) );
#8372 = ADVANCED_FACE('',(#8373),#4149,.F.);
#8373 = FACE_BOUND('',#8374,.F.);
#8374 = EDGE_LOOP('',(#8375,#8441,#8442,#8443));
#8375 = ORIENTED_EDGE('',*,*,#8376,.F.);
#8376 = EDGE_CURVE('',#8327,#8377,#8379,.T.);
#8377 = VERTEX_POINT('',#8378);
#8378 = CARTESIAN_POINT('',(3.858291554056,16.85,-1.293539409285));
#8379 = SURFACE_CURVE('',#8380,(#8406,#8412),.PCURVE_S1.);
#8380 = B_SPLINE_CURVE_WITH_KNOTS('',3,(#8381,#8382,#8383,#8384,#8385,
    #8386,#8387,#8388,#8389,#8390,#8391,#8392,#8393,#8394,#8395,#8396,
    #8397,#8398,#8399,#8400,#8401,#8402,#8403,#8404,#8405),
  .UNSPECIFIED.,.F.,.F.,(4,1,1,1,1,1,1,1,1,1,1,1,1,1,1,1,1,1,1,1,1,1,4),
  (0.,2.936991105782E-02,7.695359025921E-02,0.122595078482,
    0.166294375726,0.208051481993,0.247866397283,0.285739121596,
    0.321669654933,0.355657997295,0.387704148684,0.417808109099,
    0.445969878543,0.472189457018,0.496466844525,0.518802041068,
    0.539195046649,0.557645861275,0.57415448495,0.588720917685,
    0.601345159492,0.61202721039,1.),.UNSPECIFIED.);
#8381 = CARTESIAN_POINT('',(4.1753719171,16.85,-1.466635855522));
#8382 = CARTESIAN_POINT('',(4.172048776167,16.85,-1.46538001458));
#8383 = CARTESIAN_POINT('',(4.16336109294,16.85,-1.46203807778));
#8384 = CARTESIAN_POINT('',(4.149606337545,16.85,-1.456495251866));
#8385 = CARTESIAN_POINT('',(4.134370694945,16.85,-1.449998700451));
#8386 = CARTESIAN_POINT('',(4.119910627283,16.85,-1.443488251616));
#8387 = CARTESIAN_POINT('',(4.106220339348,16.85,-1.436992211938));
#8388 = CARTESIAN_POINT('',(4.093293216329,16.85,-1.430538645522));
#8389 = CARTESIAN_POINT('',(4.081121831302,16.85,-1.424155352587));
#8390 = CARTESIAN_POINT('',(4.069697953241,16.85,-1.417869848259));
#8391 = CARTESIAN_POINT('',(4.059012555548,16.85,-1.411709341578));
#8392 = CARTESIAN_POINT('',(4.049055825111,16.85,-1.405700714732));
#8393 = CARTESIAN_POINT('',(4.039817171847,16.85,-1.399870502554));
#8394 = CARTESIAN_POINT('',(4.031285238851,16.85,-1.394244872179));
#8395 = CARTESIAN_POINT('',(4.0234479127,16.85,-1.388849603284));
#8396 = CARTESIAN_POINT('',(4.016292335404,16.85,-1.383710067526));
#8397 = CARTESIAN_POINT('',(4.009804913031,16.85,-1.378851211849));
#8398 = CARTESIAN_POINT('',(4.003971337421,16.85,-1.374297530261));
#8399 = CARTESIAN_POINT('',(3.99877656727,16.85,-1.370073074451));
#8400 = CARTESIAN_POINT('',(3.994204942011,16.85,-1.366201340696));
#8401 = CARTESIAN_POINT('',(3.990239877502,16.85,-1.36270554954));
#8402 = CARTESIAN_POINT('',(3.986864860969,16.85,-1.359607708298));
#8403 = CARTESIAN_POINT('',(3.950874076243,16.85,-1.32525947231));
#8404 = CARTESIAN_POINT('',(3.930689272177,16.85,-1.276964942481));
#8405 = CARTESIAN_POINT('',(3.858291554056,16.85,-1.293539409285));
#8406 = PCURVE('',#4149,#8407);
#8407 = DEFINITIONAL_REPRESENTATION('',(#8408),#8411);
#8408 = B_SPLINE_CURVE_WITH_KNOTS('',1,(#8409,#8410),.UNSPECIFIED.,.F.,
  .F.,(2,2),(0.,1.),.PIECEWISE_BEZIER_KNOTS.);
#8409 = CARTESIAN_POINT('',(0.500975165842,-3.167190747018E-15));
#8410 = CARTESIAN_POINT('',(2.132834732548E-16,-3.167198491319E-15));
#8411 = ( GEOMETRIC_REPRESENTATION_CONTEXT(2) 
PARAMETRIC_REPRESENTATION_CONTEXT() REPRESENTATION_CONTEXT('2D SPACE',''
  ) );
#8412 = PCURVE('',#5924,#8413);
#8413 = DEFINITIONAL_REPRESENTATION('',(#8414),#8440);
#8414 = B_SPLINE_CURVE_WITH_KNOTS('',3,(#8415,#8416,#8417,#8418,#8419,
    #8420,#8421,#8422,#8423,#8424,#8425,#8426,#8427,#8428,#8429,#8430,
    #8431,#8432,#8433,#8434,#8435,#8436,#8437,#8438,#8439),
  .UNSPECIFIED.,.F.,.F.,(4,1,1,1,1,1,1,1,1,1,1,1,1,1,1,1,1,1,1,1,1,1,4),
  (0.,2.936991105782E-02,7.695359025921E-02,0.122595078482,
    0.166294375726,0.208051481993,0.247866397283,0.285739121596,
    0.321669654933,0.355657997295,0.387704148684,0.417808109099,
    0.445969878543,0.472189457018,0.496466844525,0.518802041068,
    0.539195046649,0.557645861275,0.57415448495,0.588720917685,
    0.601345159492,0.61202721039,1.),.UNSPECIFIED.);
#8415 = CARTESIAN_POINT('',(1.329286886747,1.466635855522));
#8416 = CARTESIAN_POINT('',(1.325963745814,1.46538001458));
#8417 = CARTESIAN_POINT('',(1.317276062587,1.46203807778));
#8418 = CARTESIAN_POINT('',(1.303521307192,1.456495251866));
#8419 = CARTESIAN_POINT('',(1.288285664592,1.449998700451));
#8420 = CARTESIAN_POINT('',(1.27382559693,1.443488251616));
#8421 = CARTESIAN_POINT('',(1.260135308995,1.436992211938));
#8422 = CARTESIAN_POINT('',(1.247208185976,1.430538645522));
#8423 = CARTESIAN_POINT('',(1.235036800949,1.424155352587));
#8424 = CARTESIAN_POINT('',(1.223612922888,1.417869848259));
#8425 = CARTESIAN_POINT('',(1.212927525195,1.411709341578));
#8426 = CARTESIAN_POINT('',(1.202970794758,1.405700714732));
#8427 = CARTESIAN_POINT('',(1.193732141494,1.399870502554));
#8428 = CARTESIAN_POINT('',(1.185200208498,1.394244872179));
#8429 = CARTESIAN_POINT('',(1.177362882346,1.388849603284));
#8430 = CARTESIAN_POINT('',(1.170207305051,1.383710067526));
#8431 = CARTESIAN_POINT('',(1.163719882678,1.378851211849));
#8432 = CARTESIAN_POINT('',(1.157886307067,1.374297530261));
#8433 = CARTESIAN_POINT('',(1.152691536917,1.370073074451));
#8434 = CARTESIAN_POINT('',(1.148119911658,1.366201340696));
#8435 = CARTESIAN_POINT('',(1.144154847149,1.36270554954));
#8436 = CARTESIAN_POINT('',(1.140779830616,1.359607708298));
#8437 = CARTESIAN_POINT('',(1.10478904589,1.32525947231));
#8438 = CARTESIAN_POINT('',(1.084604241823,1.276964942481));
#8439 = CARTESIAN_POINT('',(1.012206523703,1.293539409285));
#8440 = ( GEOMETRIC_REPRESENTATION_CONTEXT(2) 
PARAMETRIC_REPRESENTATION_CONTEXT() REPRESENTATION_CONTEXT('2D SPACE',''
  ) );
#8441 = ORIENTED_EDGE('',*,*,#8352,.T.);
#8442 = ORIENTED_EDGE('',*,*,#4111,.T.);
#8443 = ORIENTED_EDGE('',*,*,#8444,.F.);
#8444 = EDGE_CURVE('',#8377,#4112,#8445,.T.);
#8445 = SURFACE_CURVE('',#8446,(#8449,#8456),.PCURVE_S1.);
#8446 = B_SPLINE_CURVE_WITH_KNOTS('',1,(#8447,#8448),.UNSPECIFIED.,.F.,
  .F.,(2,2),(0.,1.),.PIECEWISE_BEZIER_KNOTS.);
#8447 = CARTESIAN_POINT('',(3.858291554056,16.85,-1.293539409285));
#8448 = CARTESIAN_POINT('',(3.858291554056,16.15,-1.293539409285));
#8449 = PCURVE('',#4149,#8450);
#8450 = DEFINITIONAL_REPRESENTATION('',(#8451),#8455);
#8451 = LINE('',#8452,#8453);
#8452 = CARTESIAN_POINT('',(2.132834732548E-16,-3.167198491319E-15));
#8453 = VECTOR('',#8454,1.);
#8454 = DIRECTION('',(1.211117092593E-16,1.));
#8455 = ( GEOMETRIC_REPRESENTATION_CONTEXT(2) 
PARAMETRIC_REPRESENTATION_CONTEXT() REPRESENTATION_CONTEXT('2D SPACE',''
  ) );
#8456 = PCURVE('',#4269,#8457);
#8457 = DEFINITIONAL_REPRESENTATION('',(#8458),#8461);
#8458 = B_SPLINE_CURVE_WITH_KNOTS('',1,(#8459,#8460),.UNSPECIFIED.,.F.,
  .F.,(2,2),(0.,1.),.PIECEWISE_BEZIER_KNOTS.);
#8459 = CARTESIAN_POINT('',(1.593946186551,0.));
#8460 = CARTESIAN_POINT('',(1.593946186551,0.7));
#8461 = ( GEOMETRIC_REPRESENTATION_CONTEXT(2) 
PARAMETRIC_REPRESENTATION_CONTEXT() REPRESENTATION_CONTEXT('2D SPACE',''
  ) );
#8462 = ADVANCED_FACE('',(#8463),#4269,.F.);
#8463 = FACE_BOUND('',#8464,.F.);
#8464 = EDGE_LOOP('',(#8465,#8466,#8467,#8490));
#8465 = ORIENTED_EDGE('',*,*,#8444,.T.);
#8466 = ORIENTED_EDGE('',*,*,#4251,.T.);
#8467 = ORIENTED_EDGE('',*,*,#8468,.F.);
#8468 = EDGE_CURVE('',#8469,#4252,#8471,.T.);
#8469 = VERTEX_POINT('',#8470);
#8470 = CARTESIAN_POINT('',(3.797337715895,16.85,-1.339001336164));
#8471 = SURFACE_CURVE('',#8472,(#8477,#8483),.PCURVE_S1.);
#8472 = B_SPLINE_CURVE_WITH_KNOTS('',3,(#8473,#8474,#8475,#8476),
  .UNSPECIFIED.,.F.,.F.,(4,4),(0.,1.),.PIECEWISE_BEZIER_KNOTS.);
#8473 = CARTESIAN_POINT('',(3.797337715895,16.85,-1.339001336164));
#8474 = CARTESIAN_POINT('',(3.797337715895,16.616666666667,
    -1.339001336164));
#8475 = CARTESIAN_POINT('',(3.797337715895,16.383333333333,
    -1.339001336164));
#8476 = CARTESIAN_POINT('',(3.797337715895,16.15,-1.339001336164));
#8477 = PCURVE('',#4269,#8478);
#8478 = DEFINITIONAL_REPRESENTATION('',(#8479),#8482);
#8479 = B_SPLINE_CURVE_WITH_KNOTS('',1,(#8480,#8481),.UNSPECIFIED.,.F.,
  .F.,(2,2),(0.,1.),.PIECEWISE_BEZIER_KNOTS.);
#8480 = CARTESIAN_POINT('',(1.547646467039,0.));
#8481 = CARTESIAN_POINT('',(1.547646467039,0.7));
#8482 = ( GEOMETRIC_REPRESENTATION_CONTEXT(2) 
PARAMETRIC_REPRESENTATION_CONTEXT() REPRESENTATION_CONTEXT('2D SPACE',''
  ) );
#8483 = PCURVE('',#4336,#8484);
#8484 = DEFINITIONAL_REPRESENTATION('',(#8485),#8489);
#8485 = LINE('',#8486,#8487);
#8486 = CARTESIAN_POINT('',(1.,-3.167190747018E-15));
#8487 = VECTOR('',#8488,1.);
#8488 = DIRECTION('',(0.,1.));
#8489 = ( GEOMETRIC_REPRESENTATION_CONTEXT(2) 
PARAMETRIC_REPRESENTATION_CONTEXT() REPRESENTATION_CONTEXT('2D SPACE',''
  ) );
#8490 = ORIENTED_EDGE('',*,*,#8491,.F.);
#8491 = EDGE_CURVE('',#8377,#8469,#8492,.T.);
#8492 = SURFACE_CURVE('',#8493,(#8498,#8504),.PCURVE_S1.);
#8493 = B_SPLINE_CURVE_WITH_KNOTS('',3,(#8494,#8495,#8496,#8497),
  .UNSPECIFIED.,.F.,.F.,(4,4),(0.,1.),.PIECEWISE_BEZIER_KNOTS.);
#8494 = CARTESIAN_POINT('',(3.858291554056,16.85,-1.293539409285));
#8495 = CARTESIAN_POINT('',(3.838328050113,16.85,-1.30916103533));
#8496 = CARTESIAN_POINT('',(3.818002844659,16.85,-1.324320425322));
#8497 = CARTESIAN_POINT('',(3.797337715895,16.85,-1.339001336164));
#8498 = PCURVE('',#4269,#8499);
#8499 = DEFINITIONAL_REPRESENTATION('',(#8500),#8503);
#8500 = B_SPLINE_CURVE_WITH_KNOTS('',1,(#8501,#8502),.UNSPECIFIED.,.F.,
  .F.,(2,2),(0.,1.),.PIECEWISE_BEZIER_KNOTS.);
#8501 = CARTESIAN_POINT('',(1.593946186551,0.));
#8502 = CARTESIAN_POINT('',(1.547646467039,0.));
#8503 = ( GEOMETRIC_REPRESENTATION_CONTEXT(2) 
PARAMETRIC_REPRESENTATION_CONTEXT() REPRESENTATION_CONTEXT('2D SPACE',''
  ) );
#8504 = PCURVE('',#5924,#8505);
#8505 = DEFINITIONAL_REPRESENTATION('',(#8506),#8511);
#8506 = B_SPLINE_CURVE_WITH_KNOTS('',3,(#8507,#8508,#8509,#8510),
  .UNSPECIFIED.,.F.,.F.,(4,4),(0.,1.),.PIECEWISE_BEZIER_KNOTS.);
#8507 = CARTESIAN_POINT('',(1.012206523703,1.293539409285));
#8508 = CARTESIAN_POINT('',(0.99224301976,1.30916103533));
#8509 = CARTESIAN_POINT('',(0.971917814306,1.324320425322));
#8510 = CARTESIAN_POINT('',(0.951252685542,1.339001336164));
#8511 = ( GEOMETRIC_REPRESENTATION_CONTEXT(2) 
PARAMETRIC_REPRESENTATION_CONTEXT() REPRESENTATION_CONTEXT('2D SPACE',''
  ) );
#8512 = ADVANCED_FACE('',(#8513),#4336,.F.);
#8513 = FACE_BOUND('',#8514,.F.);
#8514 = EDGE_LOOP('',(#8515,#8516,#8537,#8601));
#8515 = ORIENTED_EDGE('',*,*,#4280,.T.);
#8516 = ORIENTED_EDGE('',*,*,#8517,.F.);
#8517 = EDGE_CURVE('',#8518,#4281,#8520,.T.);
#8518 = VERTEX_POINT('',#8519);
#8519 = CARTESIAN_POINT('',(3.87284488977,16.85,-1.692273190457));
#8520 = SURFACE_CURVE('',#8521,(#8524,#8531),.PCURVE_S1.);
#8521 = B_SPLINE_CURVE_WITH_KNOTS('',1,(#8522,#8523),.UNSPECIFIED.,.F.,
  .F.,(2,2),(0.,1.),.PIECEWISE_BEZIER_KNOTS.);
#8522 = CARTESIAN_POINT('',(3.87284488977,16.85,-1.692273190457));
#8523 = CARTESIAN_POINT('',(3.87284488977,16.15,-1.692273190457));
#8524 = PCURVE('',#4336,#8525);
#8525 = DEFINITIONAL_REPRESENTATION('',(#8526),#8530);
#8526 = LINE('',#8527,#8528);
#8527 = CARTESIAN_POINT('',(0.499024834132,-3.167198491319E-15));
#8528 = VECTOR('',#8529,1.);
#8529 = DIRECTION('',(-1.110223024625E-16,1.));
#8530 = ( GEOMETRIC_REPRESENTATION_CONTEXT(2) 
PARAMETRIC_REPRESENTATION_CONTEXT() REPRESENTATION_CONTEXT('2D SPACE',''
  ) );
#8531 = PCURVE('',#4478,#8532);
#8532 = DEFINITIONAL_REPRESENTATION('',(#8533),#8536);
#8533 = B_SPLINE_CURVE_WITH_KNOTS('',1,(#8534,#8535),.UNSPECIFIED.,.F.,
  .F.,(2,2),(0.,1.),.PIECEWISE_BEZIER_KNOTS.);
#8534 = CARTESIAN_POINT('',(3.737264764707,0.));
#8535 = CARTESIAN_POINT('',(3.737264764707,0.7));
#8536 = ( GEOMETRIC_REPRESENTATION_CONTEXT(2) 
PARAMETRIC_REPRESENTATION_CONTEXT() REPRESENTATION_CONTEXT('2D SPACE',''
  ) );
#8537 = ORIENTED_EDGE('',*,*,#8538,.F.);
#8538 = EDGE_CURVE('',#8469,#8518,#8539,.T.);
#8539 = SURFACE_CURVE('',#8540,(#8566,#8572),.PCURVE_S1.);
#8540 = B_SPLINE_CURVE_WITH_KNOTS('',3,(#8541,#8542,#8543,#8544,#8545,
    #8546,#8547,#8548,#8549,#8550,#8551,#8552,#8553,#8554,#8555,#8556,
    #8557,#8558,#8559,#8560,#8561,#8562,#8563,#8564,#8565),
  .UNSPECIFIED.,.F.,.F.,(4,1,1,1,1,1,1,1,1,1,1,1,1,1,1,1,1,1,1,1,1,1,4),
  (0.,0.387972789549,0.398654840446,0.41127908225,0.425845514983,
    0.442354138656,0.460804953278,0.481197958857,0.503533155396,
    0.527810542899,0.55403012137,0.58219189081,0.61229585122,
    0.644342002604,0.67833034496,0.714260878292,0.752133602599,
    0.791948517882,0.833705624143,0.87740492138,0.923046409596,
    0.97063008879,1.),.UNSPECIFIED.);
#8541 = CARTESIAN_POINT('',(3.797337715895,16.85,-1.339001336164));
#8542 = CARTESIAN_POINT('',(3.760809479969,16.85,-1.403668410623));
#8543 = CARTESIAN_POINT('',(3.801344450616,16.85,-1.436784933407));
#8544 = CARTESIAN_POINT('',(3.824005461903,16.85,-1.481075073033));
#8545 = CARTESIAN_POINT('',(3.826012451331,16.85,-1.485193246219));
#8546 = CARTESIAN_POINT('',(3.828232641092,16.85,-1.489990438085));
#8547 = CARTESIAN_POINT('',(3.830640229275,16.85,-1.49547620138));
#8548 = CARTESIAN_POINT('',(3.83320823075,16.85,-1.501659811347));
#8549 = CARTESIAN_POINT('',(3.835909659424,16.85,-1.508549579379));
#8550 = CARTESIAN_POINT('',(3.838717173407,16.85,-1.516153064946));
#8551 = CARTESIAN_POINT('',(3.841603215881,16.85,-1.524476998696));
#8552 = CARTESIAN_POINT('',(3.844539999528,16.85,-1.533527297556));
#8553 = CARTESIAN_POINT('',(3.847499539777,16.85,-1.543309051964));
#8554 = CARTESIAN_POINT('',(3.850453673256,16.85,-1.55382652236));
#8555 = CARTESIAN_POINT('',(3.853374080916,16.85,-1.565083133603));
#8556 = CARTESIAN_POINT('',(3.856232309903,16.85,-1.577081470717));
#8557 = CARTESIAN_POINT('',(3.858999795954,16.85,-1.589823274968));
#8558 = CARTESIAN_POINT('',(3.861647885765,16.85,-1.603309440565));
#8559 = CARTESIAN_POINT('',(3.864147859484,16.85,-1.617540011897));
#8560 = CARTESIAN_POINT('',(3.86647095326,16.85,-1.632514181342));
#8561 = CARTESIAN_POINT('',(3.868588381855,16.85,-1.648230287633));
#8562 = CARTESIAN_POINT('',(3.870471361303,16.85,-1.664685814793));
#8563 = CARTESIAN_POINT('',(3.871862425565,16.85,-1.679449999697));
#8564 = CARTESIAN_POINT('',(3.872588654409,16.85,-1.688729922835));
#8565 = CARTESIAN_POINT('',(3.87284488977,16.85,-1.692273190457));
#8566 = PCURVE('',#4336,#8567);
#8567 = DEFINITIONAL_REPRESENTATION('',(#8568),#8571);
#8568 = B_SPLINE_CURVE_WITH_KNOTS('',1,(#8569,#8570),.UNSPECIFIED.,.F.,
  .F.,(2,2),(0.,1.),.PIECEWISE_BEZIER_KNOTS.);
#8569 = CARTESIAN_POINT('',(1.,1.908114508412E-15));
#8570 = CARTESIAN_POINT('',(0.499024834132,-3.167198491319E-15));
#8571 = ( GEOMETRIC_REPRESENTATION_CONTEXT(2) 
PARAMETRIC_REPRESENTATION_CONTEXT() REPRESENTATION_CONTEXT('2D SPACE',''
  ) );
#8572 = PCURVE('',#5924,#8573);
#8573 = DEFINITIONAL_REPRESENTATION('',(#8574),#8600);
#8574 = B_SPLINE_CURVE_WITH_KNOTS('',3,(#8575,#8576,#8577,#8578,#8579,
    #8580,#8581,#8582,#8583,#8584,#8585,#8586,#8587,#8588,#8589,#8590,
    #8591,#8592,#8593,#8594,#8595,#8596,#8597,#8598,#8599),
  .UNSPECIFIED.,.F.,.F.,(4,1,1,1,1,1,1,1,1,1,1,1,1,1,1,1,1,1,1,1,1,1,4),
  (0.,0.387972789549,0.398654840446,0.41127908225,0.425845514983,
    0.442354138656,0.460804953278,0.481197958857,0.503533155396,
    0.527810542899,0.55403012137,0.58219189081,0.61229585122,
    0.644342002604,0.67833034496,0.714260878292,0.752133602599,
    0.791948517882,0.833705624143,0.87740492138,0.923046409596,
    0.97063008879,1.),.UNSPECIFIED.);
#8575 = CARTESIAN_POINT('',(0.951252685542,1.339001336164));
#8576 = CARTESIAN_POINT('',(0.914724449616,1.403668410623));
#8577 = CARTESIAN_POINT('',(0.955259420263,1.436784933407));
#8578 = CARTESIAN_POINT('',(0.97792043155,1.481075073033));
#8579 = CARTESIAN_POINT('',(0.979927420978,1.485193246219));
#8580 = CARTESIAN_POINT('',(0.982147610738,1.489990438085));
#8581 = CARTESIAN_POINT('',(0.984555198922,1.49547620138));
#8582 = CARTESIAN_POINT('',(0.987123200397,1.501659811347));
#8583 = CARTESIAN_POINT('',(0.989824629071,1.508549579379));
#8584 = CARTESIAN_POINT('',(0.992632143053,1.516153064946));
#8585 = CARTESIAN_POINT('',(0.995518185528,1.524476998696));
#8586 = CARTESIAN_POINT('',(0.998454969175,1.533527297556));
#8587 = CARTESIAN_POINT('',(1.001414509423,1.543309051964));
#8588 = CARTESIAN_POINT('',(1.004368642903,1.55382652236));
#8589 = CARTESIAN_POINT('',(1.007289050563,1.565083133603));
#8590 = CARTESIAN_POINT('',(1.01014727955,1.577081470717));
#8591 = CARTESIAN_POINT('',(1.012914765601,1.589823274968));
#8592 = CARTESIAN_POINT('',(1.015562855412,1.603309440565));
#8593 = CARTESIAN_POINT('',(1.018062829131,1.617540011897));
#8594 = CARTESIAN_POINT('',(1.020385922907,1.632514181342));
#8595 = CARTESIAN_POINT('',(1.022503351502,1.648230287633));
#8596 = CARTESIAN_POINT('',(1.02438633095,1.664685814793));
#8597 = CARTESIAN_POINT('',(1.025777395212,1.679449999697));
#8598 = CARTESIAN_POINT('',(1.026503624056,1.688729922835));
#8599 = CARTESIAN_POINT('',(1.026759859417,1.692273190457));
#8600 = ( GEOMETRIC_REPRESENTATION_CONTEXT(2) 
PARAMETRIC_REPRESENTATION_CONTEXT() REPRESENTATION_CONTEXT('2D SPACE',''
  ) );
#8601 = ORIENTED_EDGE('',*,*,#8468,.T.);
#8602 = ADVANCED_FACE('',(#8603),#4478,.F.);
#8603 = FACE_BOUND('',#8604,.F.);
#8604 = EDGE_LOOP('',(#8605,#8629,#8630,#8631));
#8605 = ORIENTED_EDGE('',*,*,#8606,.F.);
#8606 = EDGE_CURVE('',#8518,#8607,#8609,.T.);
#8607 = VERTEX_POINT('',#8608);
#8608 = CARTESIAN_POINT('',(3.768872419748,16.85,-1.751138999044));
#8609 = SURFACE_CURVE('',#8610,(#8615,#8621),.PCURVE_S1.);
#8610 = B_SPLINE_CURVE_WITH_KNOTS('',3,(#8611,#8612,#8613,#8614),
  .UNSPECIFIED.,.F.,.F.,(4,4),(0.,1.),.PIECEWISE_BEZIER_KNOTS.);
#8611 = CARTESIAN_POINT('',(3.87284488977,16.85,-1.692273190457));
#8612 = CARTESIAN_POINT('',(3.838790223229,16.85,-1.712935318063));
#8613 = CARTESIAN_POINT('',(3.804111679588,16.85,-1.732569174142));
#8614 = CARTESIAN_POINT('',(3.768872419748,16.85,-1.751138999044));
#8615 = PCURVE('',#4478,#8616);
#8616 = DEFINITIONAL_REPRESENTATION('',(#8617),#8620);
#8617 = B_SPLINE_CURVE_WITH_KNOTS('',1,(#8618,#8619),.UNSPECIFIED.,.F.,
  .F.,(2,2),(0.,1.),.PIECEWISE_BEZIER_KNOTS.);
#8618 = CARTESIAN_POINT('',(3.737264764707,0.));
#8619 = CARTESIAN_POINT('',(3.676893897762,0.));
#8620 = ( GEOMETRIC_REPRESENTATION_CONTEXT(2) 
PARAMETRIC_REPRESENTATION_CONTEXT() REPRESENTATION_CONTEXT('2D SPACE',''
  ) );
#8621 = PCURVE('',#5924,#8622);
#8622 = DEFINITIONAL_REPRESENTATION('',(#8623),#8628);
#8623 = B_SPLINE_CURVE_WITH_KNOTS('',3,(#8624,#8625,#8626,#8627),
  .UNSPECIFIED.,.F.,.F.,(4,4),(0.,1.),.PIECEWISE_BEZIER_KNOTS.);
#8624 = CARTESIAN_POINT('',(1.026759859417,1.692273190457));
#8625 = CARTESIAN_POINT('',(0.992705192876,1.712935318063));
#8626 = CARTESIAN_POINT('',(0.958026649235,1.732569174142));
#8627 = CARTESIAN_POINT('',(0.922787389395,1.751138999044));
#8628 = ( GEOMETRIC_REPRESENTATION_CONTEXT(2) 
PARAMETRIC_REPRESENTATION_CONTEXT() REPRESENTATION_CONTEXT('2D SPACE',''
  ) );
#8629 = ORIENTED_EDGE('',*,*,#8517,.T.);
#8630 = ORIENTED_EDGE('',*,*,#4460,.T.);
#8631 = ORIENTED_EDGE('',*,*,#8632,.T.);
#8632 = EDGE_CURVE('',#4461,#8607,#8633,.T.);
#8633 = SURFACE_CURVE('',#8634,(#8639),.PCURVE_S1.);
#8634 = B_SPLINE_CURVE_WITH_KNOTS('',3,(#8635,#8636,#8637,#8638),
  .UNSPECIFIED.,.F.,.F.,(4,4),(-1.,-0.),.PIECEWISE_BEZIER_KNOTS.);
#8635 = CARTESIAN_POINT('',(3.768872419748,16.15,-1.751138999044));
#8636 = CARTESIAN_POINT('',(3.768872419748,16.383333333333,
    -1.751138999044));
#8637 = CARTESIAN_POINT('',(3.768872419748,16.616666666667,
    -1.751138999044));
#8638 = CARTESIAN_POINT('',(3.768872419748,16.85,-1.751138999044));
#8639 = PCURVE('',#4478,#8640);
#8640 = DEFINITIONAL_REPRESENTATION('',(#8641),#8644);
#8641 = B_SPLINE_CURVE_WITH_KNOTS('',1,(#8642,#8643),.UNSPECIFIED.,.F.,
  .F.,(2,2),(-1.,-0.),.PIECEWISE_BEZIER_KNOTS.);
#8642 = CARTESIAN_POINT('',(3.676893897762,0.7));
#8643 = CARTESIAN_POINT('',(3.676893897762,0.));
#8644 = ( GEOMETRIC_REPRESENTATION_CONTEXT(2) 
PARAMETRIC_REPRESENTATION_CONTEXT() REPRESENTATION_CONTEXT('2D SPACE',''
  ) );
#8645 = ADVANCED_FACE('',(#8646),#4545,.F.);
#8646 = FACE_BOUND('',#8647,.F.);
#8647 = EDGE_LOOP('',(#8648,#8664,#8665,#8688));
#8648 = ORIENTED_EDGE('',*,*,#8649,.T.);
#8649 = EDGE_CURVE('',#8650,#4490,#8652,.T.);
#8650 = VERTEX_POINT('',#8651);
#8651 = CARTESIAN_POINT('',(3.504801055058,16.85,-1.504626016257));
#8652 = SURFACE_CURVE('',#8653,(#8658),.PCURVE_S1.);
#8653 = B_SPLINE_CURVE_WITH_KNOTS('',3,(#8654,#8655,#8656,#8657),
  .UNSPECIFIED.,.F.,.F.,(4,4),(-1.,-0.),.PIECEWISE_BEZIER_KNOTS.);
#8654 = CARTESIAN_POINT('',(3.504801055058,16.85,-1.504626016257));
#8655 = CARTESIAN_POINT('',(3.504801055058,16.616666666667,
    -1.504626016257));
#8656 = CARTESIAN_POINT('',(3.504801055058,16.383333333333,
    -1.504626016257));
#8657 = CARTESIAN_POINT('',(3.504801055058,16.15,-1.504626016257));
#8658 = PCURVE('',#4545,#8659);
#8659 = DEFINITIONAL_REPRESENTATION('',(#8660),#8663);
#8660 = B_SPLINE_CURVE_WITH_KNOTS('',1,(#8661,#8662),.UNSPECIFIED.,.F.,
  .F.,(2,2),(-1.,-0.),.PIECEWISE_BEZIER_KNOTS.);
#8661 = CARTESIAN_POINT('',(1.593946186551,0.));
#8662 = CARTESIAN_POINT('',(1.593946186551,0.7));
#8663 = ( GEOMETRIC_REPRESENTATION_CONTEXT(2) 
PARAMETRIC_REPRESENTATION_CONTEXT() REPRESENTATION_CONTEXT('2D SPACE',''
  ) );
#8664 = ORIENTED_EDGE('',*,*,#4527,.T.);
#8665 = ORIENTED_EDGE('',*,*,#8666,.F.);
#8666 = EDGE_CURVE('',#8667,#4528,#8669,.T.);
#8667 = VERTEX_POINT('',#8668);
#8668 = CARTESIAN_POINT('',(3.434456272343,16.85,-1.53350106997));
#8669 = SURFACE_CURVE('',#8670,(#8675,#8681),.PCURVE_S1.);
#8670 = B_SPLINE_CURVE_WITH_KNOTS('',3,(#8671,#8672,#8673,#8674),
  .UNSPECIFIED.,.F.,.F.,(4,4),(0.,1.),.PIECEWISE_BEZIER_KNOTS.);
#8671 = CARTESIAN_POINT('',(3.434456272343,16.85,-1.53350106997));
#8672 = CARTESIAN_POINT('',(3.434456272343,16.616666666667,
    -1.53350106997));
#8673 = CARTESIAN_POINT('',(3.434456272343,16.383333333333,
    -1.53350106997));
#8674 = CARTESIAN_POINT('',(3.434456272343,16.15,-1.53350106997));
#8675 = PCURVE('',#4545,#8676);
#8676 = DEFINITIONAL_REPRESENTATION('',(#8677),#8680);
#8677 = B_SPLINE_CURVE_WITH_KNOTS('',1,(#8678,#8679),.UNSPECIFIED.,.F.,
  .F.,(2,2),(0.,1.),.PIECEWISE_BEZIER_KNOTS.);
#8678 = CARTESIAN_POINT('',(1.547646467039,0.));
#8679 = CARTESIAN_POINT('',(1.547646467039,0.7));
#8680 = ( GEOMETRIC_REPRESENTATION_CONTEXT(2) 
PARAMETRIC_REPRESENTATION_CONTEXT() REPRESENTATION_CONTEXT('2D SPACE',''
  ) );
#8681 = PCURVE('',#4612,#8682);
#8682 = DEFINITIONAL_REPRESENTATION('',(#8683),#8687);
#8683 = LINE('',#8684,#8685);
#8684 = CARTESIAN_POINT('',(1.,-3.167190747018E-15));
#8685 = VECTOR('',#8686,1.);
#8686 = DIRECTION('',(0.,1.));
#8687 = ( GEOMETRIC_REPRESENTATION_CONTEXT(2) 
PARAMETRIC_REPRESENTATION_CONTEXT() REPRESENTATION_CONTEXT('2D SPACE',''
  ) );
#8688 = ORIENTED_EDGE('',*,*,#8689,.F.);
#8689 = EDGE_CURVE('',#8650,#8667,#8690,.T.);
#8690 = SURFACE_CURVE('',#8691,(#8696,#8702),.PCURVE_S1.);
#8691 = B_SPLINE_CURVE_WITH_KNOTS('',3,(#8692,#8693,#8694,#8695),
  .UNSPECIFIED.,.F.,.F.,(4,4),(0.,1.),.PIECEWISE_BEZIER_KNOTS.);
#8692 = CARTESIAN_POINT('',(3.504801055058,16.85,-1.504626016257));
#8693 = CARTESIAN_POINT('',(3.481579800883,16.85,-1.514792138651));
#8694 = CARTESIAN_POINT('',(3.458123162147,16.85,-1.524420595479));
#8695 = CARTESIAN_POINT('',(3.434456272343,16.85,-1.53350106997));
#8696 = PCURVE('',#4545,#8697);
#8697 = DEFINITIONAL_REPRESENTATION('',(#8698),#8701);
#8698 = B_SPLINE_CURVE_WITH_KNOTS('',1,(#8699,#8700),.UNSPECIFIED.,.F.,
  .F.,(2,2),(0.,1.),.PIECEWISE_BEZIER_KNOTS.);
#8699 = CARTESIAN_POINT('',(1.593946186551,0.));
#8700 = CARTESIAN_POINT('',(1.547646467039,0.));
#8701 = ( GEOMETRIC_REPRESENTATION_CONTEXT(2) 
PARAMETRIC_REPRESENTATION_CONTEXT() REPRESENTATION_CONTEXT('2D SPACE',''
  ) );
#8702 = PCURVE('',#5924,#8703);
#8703 = DEFINITIONAL_REPRESENTATION('',(#8704),#8709);
#8704 = B_SPLINE_CURVE_WITH_KNOTS('',3,(#8705,#8706,#8707,#8708),
  .UNSPECIFIED.,.F.,.F.,(4,4),(0.,1.),.PIECEWISE_BEZIER_KNOTS.);
#8705 = CARTESIAN_POINT('',(0.658716024704,1.504626016257));
#8706 = CARTESIAN_POINT('',(0.63549477053,1.514792138651));
#8707 = CARTESIAN_POINT('',(0.612038131794,1.524420595479));
#8708 = CARTESIAN_POINT('',(0.58837124199,1.53350106997));
#8709 = ( GEOMETRIC_REPRESENTATION_CONTEXT(2) 
PARAMETRIC_REPRESENTATION_CONTEXT() REPRESENTATION_CONTEXT('2D SPACE',''
  ) );
#8710 = ADVANCED_FACE('',(#8711),#4612,.F.);
#8711 = FACE_BOUND('',#8712,.F.);
#8712 = EDGE_LOOP('',(#8713,#8714,#8729,#8793));
#8713 = ORIENTED_EDGE('',*,*,#4556,.T.);
#8714 = ORIENTED_EDGE('',*,*,#8715,.T.);
#8715 = EDGE_CURVE('',#4557,#8716,#8718,.T.);
#8716 = VERTEX_POINT('',#8717);
#8717 = CARTESIAN_POINT('',(3.419736111919,16.85,-1.894452109896));
#8718 = SURFACE_CURVE('',#8719,(#8722),.PCURVE_S1.);
#8719 = B_SPLINE_CURVE_WITH_KNOTS('',1,(#8720,#8721),.UNSPECIFIED.,.F.,
  .F.,(2,2),(-1.,-0.),.PIECEWISE_BEZIER_KNOTS.);
#8720 = CARTESIAN_POINT('',(3.419736111919,16.15,-1.894452109896));
#8721 = CARTESIAN_POINT('',(3.419736111919,16.85,-1.894452109896));
#8722 = PCURVE('',#4612,#8723);
#8723 = DEFINITIONAL_REPRESENTATION('',(#8724),#8728);
#8724 = LINE('',#8725,#8726);
#8725 = CARTESIAN_POINT('',(0.499024834122,0.));
#8726 = VECTOR('',#8727,1.);
#8727 = DIRECTION('',(1.110223024625E-16,-1.));
#8728 = ( GEOMETRIC_REPRESENTATION_CONTEXT(2) 
PARAMETRIC_REPRESENTATION_CONTEXT() REPRESENTATION_CONTEXT('2D SPACE',''
  ) );
#8729 = ORIENTED_EDGE('',*,*,#8730,.F.);
#8730 = EDGE_CURVE('',#8667,#8716,#8731,.T.);
#8731 = SURFACE_CURVE('',#8732,(#8758,#8764),.PCURVE_S1.);
#8732 = B_SPLINE_CURVE_WITH_KNOTS('',3,(#8733,#8734,#8735,#8736,#8737,
    #8738,#8739,#8740,#8741,#8742,#8743,#8744,#8745,#8746,#8747,#8748,
    #8749,#8750,#8751,#8752,#8753,#8754,#8755,#8756,#8757),
  .UNSPECIFIED.,.F.,.F.,(4,1,1,1,1,1,1,1,1,1,1,1,1,1,1,1,1,1,1,1,1,1,4),
  (0.,0.387972789549,0.398654840446,0.41127908225,0.425845514983,
    0.442354138656,0.460804953278,0.481197958857,0.503533155396,
    0.527810542899,0.55403012137,0.58219189081,0.61229585122,
    0.644342002604,0.67833034496,0.714260878292,0.752133602599,
    0.791948517882,0.833705624143,0.87740492138,0.923046409596,
    0.97063008879,1.),.UNSPECIFIED.);
#8733 = CARTESIAN_POINT('',(3.434456272343,16.85,-1.53350106997));
#8734 = CARTESIAN_POINT('',(3.382993590669,16.85,-1.5870523065));
#8735 = CARTESIAN_POINT('',(3.41401933636,16.85,-1.6292090501));
#8736 = CARTESIAN_POINT('',(3.424953900481,16.85,-1.677743297886));
#8737 = CARTESIAN_POINT('',(3.42587368862,16.85,-1.682231209063));
#8738 = CARTESIAN_POINT('',(3.426831113933,16.85,-1.687429827066));
#8739 = CARTESIAN_POINT('',(3.427798809452,16.85,-1.693341987852));
#8740 = CARTESIAN_POINT('',(3.428748331173,16.85,-1.699969964339));
#8741 = CARTESIAN_POINT('',(3.429651473863,16.85,-1.707315095631));
#8742 = CARTESIAN_POINT('',(3.430479874664,16.85,-1.715377904052));
#8743 = CARTESIAN_POINT('',(3.431205168661,16.85,-1.724158055694));
#8744 = CARTESIAN_POINT('',(3.431798970048,16.85,-1.733654371168));
#8745 = CARTESIAN_POINT('',(3.432232907497,16.85,-1.743864821503));
#8746 = CARTESIAN_POINT('',(3.432478642915,16.85,-1.754786529349));
#8747 = CARTESIAN_POINT('',(3.432507895218,16.85,-1.766415769301));
#8748 = CARTESIAN_POINT('',(3.432292462583,16.85,-1.778747969235));
#8749 = CARTESIAN_POINT('',(3.431804245109,16.85,-1.791777712069));
#8750 = CARTESIAN_POINT('',(3.431015267309,16.85,-1.805498738131));
#8751 = CARTESIAN_POINT('',(3.429897700577,16.85,-1.819903948078));
#8752 = CARTESIAN_POINT('',(3.42842388558,16.85,-1.834985406383));
#8753 = CARTESIAN_POINT('',(3.426566354562,16.85,-1.850734345374));
#8754 = CARTESIAN_POINT('',(3.424297853556,16.85,-1.867141169836));
#8755 = CARTESIAN_POINT('',(3.421973511498,16.85,-1.881787454336));
#8756 = CARTESIAN_POINT('',(3.420369101489,16.85,-1.890956437393));
#8757 = CARTESIAN_POINT('',(3.419736111919,16.85,-1.894452109896));
#8758 = PCURVE('',#4612,#8759);
#8759 = DEFINITIONAL_REPRESENTATION('',(#8760),#8763);
#8760 = B_SPLINE_CURVE_WITH_KNOTS('',1,(#8761,#8762),.UNSPECIFIED.,.F.,
  .F.,(2,2),(0.,1.),.PIECEWISE_BEZIER_KNOTS.);
#8761 = CARTESIAN_POINT('',(1.,1.908114508412E-15));
#8762 = CARTESIAN_POINT('',(0.499024834122,-3.167198491319E-15));
#8763 = ( GEOMETRIC_REPRESENTATION_CONTEXT(2) 
PARAMETRIC_REPRESENTATION_CONTEXT() REPRESENTATION_CONTEXT('2D SPACE',''
  ) );
#8764 = PCURVE('',#5924,#8765);
#8765 = DEFINITIONAL_REPRESENTATION('',(#8766),#8792);
#8766 = B_SPLINE_CURVE_WITH_KNOTS('',3,(#8767,#8768,#8769,#8770,#8771,
    #8772,#8773,#8774,#8775,#8776,#8777,#8778,#8779,#8780,#8781,#8782,
    #8783,#8784,#8785,#8786,#8787,#8788,#8789,#8790,#8791),
  .UNSPECIFIED.,.F.,.F.,(4,1,1,1,1,1,1,1,1,1,1,1,1,1,1,1,1,1,1,1,1,1,4),
  (0.,0.387972789549,0.398654840446,0.41127908225,0.425845514983,
    0.442354138656,0.460804953278,0.481197958857,0.503533155396,
    0.527810542899,0.55403012137,0.58219189081,0.61229585122,
    0.644342002604,0.67833034496,0.714260878292,0.752133602599,
    0.791948517882,0.833705624143,0.87740492138,0.923046409596,
    0.97063008879,1.),.UNSPECIFIED.);
#8767 = CARTESIAN_POINT('',(0.58837124199,1.53350106997));
#8768 = CARTESIAN_POINT('',(0.536908560316,1.5870523065));
#8769 = CARTESIAN_POINT('',(0.567934306007,1.6292090501));
#8770 = CARTESIAN_POINT('',(0.578868870128,1.677743297886));
#8771 = CARTESIAN_POINT('',(0.579788658267,1.682231209063));
#8772 = CARTESIAN_POINT('',(0.58074608358,1.687429827066));
#8773 = CARTESIAN_POINT('',(0.581713779099,1.693341987852));
#8774 = CARTESIAN_POINT('',(0.58266330082,1.699969964339));
#8775 = CARTESIAN_POINT('',(0.58356644351,1.707315095631));
#8776 = CARTESIAN_POINT('',(0.584394844311,1.715377904052));
#8777 = CARTESIAN_POINT('',(0.585120138308,1.724158055694));
#8778 = CARTESIAN_POINT('',(0.585713939695,1.733654371168));
#8779 = CARTESIAN_POINT('',(0.586147877144,1.743864821503));
#8780 = CARTESIAN_POINT('',(0.586393612562,1.754786529349));
#8781 = CARTESIAN_POINT('',(0.586422864865,1.766415769301));
#8782 = CARTESIAN_POINT('',(0.58620743223,1.778747969235));
#8783 = CARTESIAN_POINT('',(0.585719214756,1.791777712069));
#8784 = CARTESIAN_POINT('',(0.584930236956,1.805498738131));
#8785 = CARTESIAN_POINT('',(0.583812670224,1.819903948078));
#8786 = CARTESIAN_POINT('',(0.582338855227,1.834985406383));
#8787 = CARTESIAN_POINT('',(0.580481324209,1.850734345374));
#8788 = CARTESIAN_POINT('',(0.578212823203,1.867141169836));
#8789 = CARTESIAN_POINT('',(0.575888481145,1.881787454336));
#8790 = CARTESIAN_POINT('',(0.574284071136,1.890956437393));
#8791 = CARTESIAN_POINT('',(0.573651081566,1.894452109896));
#8792 = ( GEOMETRIC_REPRESENTATION_CONTEXT(2) 
PARAMETRIC_REPRESENTATION_CONTEXT() REPRESENTATION_CONTEXT('2D SPACE',''
  ) );
#8793 = ORIENTED_EDGE('',*,*,#8666,.T.);
#8794 = ADVANCED_FACE('',(#8795),#5924,.F.);
#8795 = FACE_BOUND('',#8796,.T.);
#8796 = EDGE_LOOP('',(#8797,#8817,#8855,#8873,#8929,#8947,#8985,#9003,
    #9059,#9077,#9115,#9133,#9189,#9207,#9245,#9263,#9319,#9337,#9375,
    #9393,#9449,#9467,#9505,#9523,#9579,#9597,#9635,#9653,#9709,#9727,
    #9765,#9781,#9782,#9783,#9819,#9820,#9821,#9822,#9823,#9824,#9825,
    #9826,#9827,#9828,#9829,#9830,#9831,#9832,#9833,#9834,#9835,#9836,
    #9837,#9838,#9839,#9840,#9841,#9842,#9843,#9844,#9845,#9846,#9847,
    #9848,#9849,#9850,#9851,#9905,#9906,#9907,#9908,#9964,#9980,#9981,
    #9999,#10055,#10073,#10111,#10129,#10185,#10203,#10241,#10259,#10315
    ,#10333,#10371,#10389,#10445,#10463,#10501,#10519,#10575,#10593,
    #10631,#10649,#10705,#10723,#10761,#10779));
#8797 = ORIENTED_EDGE('',*,*,#8798,.F.);
#8798 = EDGE_CURVE('',#8799,#8801,#8803,.T.);
#8799 = VERTEX_POINT('',#8800);
#8800 = CARTESIAN_POINT('',(1.204191064658,16.85,4.461452022685E-02));
#8801 = VERTEX_POINT('',#8802);
#8802 = CARTESIAN_POINT('',(1.208015486667,16.85,0.12055878254));
#8803 = SURFACE_CURVE('',#8804,(#8809),.PCURVE_S1.);
#8804 = B_SPLINE_CURVE_WITH_KNOTS('',3,(#8805,#8806,#8807,#8808),
  .UNSPECIFIED.,.F.,.F.,(4,4),(-1.,-0.),.PIECEWISE_BEZIER_KNOTS.);
#8805 = CARTESIAN_POINT('',(1.204191064658,16.85,4.461452022685E-02));
#8806 = CARTESIAN_POINT('',(1.205465871995,16.85,6.992927433135E-02));
#8807 = CARTESIAN_POINT('',(1.206740679331,16.85,9.524402843584E-02));
#8808 = CARTESIAN_POINT('',(1.208015486667,16.85,0.12055878254));
#8809 = PCURVE('',#5924,#8810);
#8810 = DEFINITIONAL_REPRESENTATION('',(#8811),#8816);
#8811 = B_SPLINE_CURVE_WITH_KNOTS('',3,(#8812,#8813,#8814,#8815),
  .UNSPECIFIED.,.F.,.F.,(4,4),(-1.,-0.),.PIECEWISE_BEZIER_KNOTS.);
#8812 = CARTESIAN_POINT('',(-1.641893965695,-4.461452022685E-02));
#8813 = CARTESIAN_POINT('',(-1.640619158359,-6.992927433135E-02));
#8814 = CARTESIAN_POINT('',(-1.639344351022,-9.524402843584E-02));
#8815 = CARTESIAN_POINT('',(-1.638069543686,-0.12055878254));
#8816 = ( GEOMETRIC_REPRESENTATION_CONTEXT(2) 
PARAMETRIC_REPRESENTATION_CONTEXT() REPRESENTATION_CONTEXT('2D SPACE',''
  ) );
#8817 = ORIENTED_EDGE('',*,*,#8818,.F.);
#8818 = EDGE_CURVE('',#8819,#8799,#8821,.T.);
#8819 = VERTEX_POINT('',#8820);
#8820 = CARTESIAN_POINT('',(0.868703330468,16.85,-8.936427115384E-02));
#8821 = SURFACE_CURVE('',#8822,(#8837),.PCURVE_S1.);
#8822 = B_SPLINE_CURVE_WITH_KNOTS('',3,(#8823,#8824,#8825,#8826,#8827,
    #8828,#8829,#8830,#8831,#8832,#8833,#8834,#8835,#8836),
  .UNSPECIFIED.,.F.,.F.,(4,1,1,2,2,2,2,4),(-1.,-0.75,-0.625,-0.5625,-0.5
    ,-0.375,-0.25,-0.),.UNSPECIFIED.);
#8823 = CARTESIAN_POINT('',(0.868703330468,16.85,-8.936427115384E-02));
#8824 = CARTESIAN_POINT('',(0.898144588853,16.85,-7.257261593322E-02));
#8825 = CARTESIAN_POINT('',(0.941072420051,16.85,-5.122201371706E-02));
#8826 = CARTESIAN_POINT('',(0.988995291113,16.85,-3.302751887407E-02));
#8827 = CARTESIAN_POINT('',(1.009070893282,16.85,-2.666870845762E-02));
#8828 = CARTESIAN_POINT('',(1.02235179003,16.85,-2.274924156455E-02));
#8829 = CARTESIAN_POINT('',(1.027300923663,16.85,-2.136075447487E-02));
#8830 = CARTESIAN_POINT('',(1.051833441864,16.85,-1.520664529526E-02));
#8831 = CARTESIAN_POINT('',(1.065094881893,16.85,-1.272042638364E-02));
#8832 = CARTESIAN_POINT('',(1.09510664504,16.85,-1.015340036695E-02));
#8833 = CARTESIAN_POINT('',(1.107964849225,16.85,-9.519470569996E-03));
#8834 = CARTESIAN_POINT('',(1.159672017574,16.85,-9.595040497729E-03));
#8835 = CARTESIAN_POINT('',(1.186002181791,16.85,8.458019759857E-03));
#8836 = CARTESIAN_POINT('',(1.204191064658,16.85,4.461452022685E-02));
#8837 = PCURVE('',#5924,#8838);
#8838 = DEFINITIONAL_REPRESENTATION('',(#8839),#8854);
#8839 = B_SPLINE_CURVE_WITH_KNOTS('',3,(#8840,#8841,#8842,#8843,#8844,
    #8845,#8846,#8847,#8848,#8849,#8850,#8851,#8852,#8853),
  .UNSPECIFIED.,.F.,.F.,(4,1,1,2,2,2,2,4),(-1.,-0.75,-0.625,-0.5625,-0.5
    ,-0.375,-0.25,-0.),.UNSPECIFIED.);
#8840 = CARTESIAN_POINT('',(-1.977381699885,8.936427115385E-02));
#8841 = CARTESIAN_POINT('',(-1.9479404415,7.257261593322E-02));
#8842 = CARTESIAN_POINT('',(-1.905012610303,5.122201371706E-02));
#8843 = CARTESIAN_POINT('',(-1.85708973924,3.302751887407E-02));
#8844 = CARTESIAN_POINT('',(-1.837014137071,2.666870845762E-02));
#8845 = CARTESIAN_POINT('',(-1.823733240323,2.274924156455E-02));
#8846 = CARTESIAN_POINT('',(-1.81878410669,2.136075447487E-02));
#8847 = CARTESIAN_POINT('',(-1.794251588489,1.520664529526E-02));
#8848 = CARTESIAN_POINT('',(-1.78099014846,1.272042638364E-02));
#8849 = CARTESIAN_POINT('',(-1.750978385313,1.015340036695E-02));
#8850 = CARTESIAN_POINT('',(-1.738120181129,9.519470569997E-03));
#8851 = CARTESIAN_POINT('',(-1.68641301278,9.595040497731E-03));
#8852 = CARTESIAN_POINT('',(-1.660082848563,-8.458019759856E-03));
#8853 = CARTESIAN_POINT('',(-1.641893965695,-4.461452022685E-02));
#8854 = ( GEOMETRIC_REPRESENTATION_CONTEXT(2) 
PARAMETRIC_REPRESENTATION_CONTEXT() REPRESENTATION_CONTEXT('2D SPACE',''
  ) );
#8855 = ORIENTED_EDGE('',*,*,#8856,.F.);
#8856 = EDGE_CURVE('',#8857,#8819,#8859,.T.);
#8857 = VERTEX_POINT('',#8858);
#8858 = CARTESIAN_POINT('',(0.877697381928,16.85,-0.208505217024));
#8859 = SURFACE_CURVE('',#8860,(#8865),.PCURVE_S1.);
#8860 = B_SPLINE_CURVE_WITH_KNOTS('',3,(#8861,#8862,#8863,#8864),
  .UNSPECIFIED.,.F.,.F.,(4,4),(-1.,-0.),.PIECEWISE_BEZIER_KNOTS.);
#8861 = CARTESIAN_POINT('',(0.877697381928,16.85,-0.208505217024));
#8862 = CARTESIAN_POINT('',(0.873500226851,16.85,-0.168882092344));
#8863 = CARTESIAN_POINT('',(0.870502209698,16.85,-0.12916844372));
#8864 = CARTESIAN_POINT('',(0.868703330468,16.85,-8.936427115384E-02));
#8865 = PCURVE('',#5924,#8866);
#8866 = DEFINITIONAL_REPRESENTATION('',(#8867),#8872);
#8867 = B_SPLINE_CURVE_WITH_KNOTS('',3,(#8868,#8869,#8870,#8871),
  .UNSPECIFIED.,.F.,.F.,(4,4),(-1.,-0.),.PIECEWISE_BEZIER_KNOTS.);
#8868 = CARTESIAN_POINT('',(-1.968387648425,0.208505217024));
#8869 = CARTESIAN_POINT('',(-1.972584803502,0.168882092344));
#8870 = CARTESIAN_POINT('',(-1.975582820655,0.12916844372));
#8871 = CARTESIAN_POINT('',(-1.977381699885,8.936427115385E-02));
#8872 = ( GEOMETRIC_REPRESENTATION_CONTEXT(2) 
PARAMETRIC_REPRESENTATION_CONTEXT() REPRESENTATION_CONTEXT('2D SPACE',''
  ) );
#8873 = ORIENTED_EDGE('',*,*,#8874,.F.);
#8874 = EDGE_CURVE('',#8875,#8857,#8877,.T.);
#8875 = VERTEX_POINT('',#8876);
#8876 = CARTESIAN_POINT('',(1.229496703554,16.85,-0.290600123293));
#8877 = SURFACE_CURVE('',#8878,(#8902),.PCURVE_S1.);
#8878 = B_SPLINE_CURVE_WITH_KNOTS('',3,(#8879,#8880,#8881,#8882,#8883,
    #8884,#8885,#8886,#8887,#8888,#8889,#8890,#8891,#8892,#8893,#8894,
    #8895,#8896,#8897,#8898,#8899,#8900,#8901),.UNSPECIFIED.,.F.,.F.,(4,
    1,2,2,2,2,1,2,2,1,2,2,4),(-1.,-0.9375,-0.90625,-0.875,-0.8125,-0.75,
    -0.6875,-0.65625,-0.625,-0.5625,-0.53125,-0.5,-0.),.UNSPECIFIED.);
#8879 = CARTESIAN_POINT('',(1.229496703554,16.85,-0.290600123293));
#8880 = CARTESIAN_POINT('',(1.223279725568,16.85,-0.281832350922));
#8881 = CARTESIAN_POINT('',(1.213318554595,16.85,-0.270722031938));
#8882 = CARTESIAN_POINT('',(1.202403827634,16.85,-0.262673722315));
#8883 = CARTESIAN_POINT('',(1.194915441662,16.85,-0.257988629091));
#8884 = CARTESIAN_POINT('',(1.189955708724,16.85,-0.255520126651));
#8885 = CARTESIAN_POINT('',(1.181416193632,16.85,-0.251932363659));
#8886 = CARTESIAN_POINT('',(1.17491648101,16.85,-0.25028553182));
#8887 = CARTESIAN_POINT('',(1.160303650643,16.85,-0.248481888456));
#8888 = CARTESIAN_POINT('',(1.150784574779,16.85,-0.248417789856));
#8889 = CARTESIAN_POINT('',(1.135756850406,16.85,-0.249408761265));
#8890 = CARTESIAN_POINT('',(1.124512358487,16.85,-0.250392857187));
#8891 = CARTESIAN_POINT('',(1.11330731861,16.85,-0.251738254159));
#8892 = CARTESIAN_POINT('',(1.105846059145,16.85,-0.252715474596));
#8893 = CARTESIAN_POINT('',(1.100460291017,16.85,-0.253497892943));
#8894 = CARTESIAN_POINT('',(1.09427326905,16.85,-0.254443600263));
#8895 = CARTESIAN_POINT('',(1.085517447325,16.85,-0.254780919907));
#8896 = CARTESIAN_POINT('',(1.072908425964,16.85,-0.254205658039));
#8897 = CARTESIAN_POINT('',(1.063646145137,16.85,-0.253619354235));
#8898 = CARTESIAN_POINT('',(1.056397465949,16.85,-0.253026927535));
#8899 = CARTESIAN_POINT('',(1.000331440145,16.85,-0.24795972151));
#8900 = CARTESIAN_POINT('',(0.94186407931,16.85,-0.23321850832));
#8901 = CARTESIAN_POINT('',(0.877697381928,16.85,-0.208505217024));
#8902 = PCURVE('',#5924,#8903);
#8903 = DEFINITIONAL_REPRESENTATION('',(#8904),#8928);
#8904 = B_SPLINE_CURVE_WITH_KNOTS('',3,(#8905,#8906,#8907,#8908,#8909,
    #8910,#8911,#8912,#8913,#8914,#8915,#8916,#8917,#8918,#8919,#8920,
    #8921,#8922,#8923,#8924,#8925,#8926,#8927),.UNSPECIFIED.,.F.,.F.,(4,
    1,2,2,2,2,1,2,2,1,2,2,4),(-1.,-0.9375,-0.90625,-0.875,-0.8125,-0.75,
    -0.6875,-0.65625,-0.625,-0.5625,-0.53125,-0.5,-0.),.UNSPECIFIED.);
#8905 = CARTESIAN_POINT('',(-1.616588326799,0.290600123293));
#8906 = CARTESIAN_POINT('',(-1.622805304785,0.281832350922));
#8907 = CARTESIAN_POINT('',(-1.632766475758,0.270722031938));
#8908 = CARTESIAN_POINT('',(-1.64368120272,0.262673722315));
#8909 = CARTESIAN_POINT('',(-1.651169588691,0.257988629091));
#8910 = CARTESIAN_POINT('',(-1.656129321629,0.255520126651));
#8911 = CARTESIAN_POINT('',(-1.664668836721,0.251932363659));
#8912 = CARTESIAN_POINT('',(-1.671168549343,0.25028553182));
#8913 = CARTESIAN_POINT('',(-1.68578137971,0.248481888456));
#8914 = CARTESIAN_POINT('',(-1.695300455574,0.248417789856));
#8915 = CARTESIAN_POINT('',(-1.710328179947,0.249408761265));
#8916 = CARTESIAN_POINT('',(-1.721572671866,0.250392857187));
#8917 = CARTESIAN_POINT('',(-1.732777711744,0.251738254159));
#8918 = CARTESIAN_POINT('',(-1.740238971208,0.252715474596));
#8919 = CARTESIAN_POINT('',(-1.745624739336,0.253497892943));
#8920 = CARTESIAN_POINT('',(-1.751811761303,0.254443600263));
#8921 = CARTESIAN_POINT('',(-1.760567583028,0.254780919907));
#8922 = CARTESIAN_POINT('',(-1.77317660439,0.254205658039));
#8923 = CARTESIAN_POINT('',(-1.782438885216,0.253619354235));
#8924 = CARTESIAN_POINT('',(-1.789687564404,0.253026927535));
#8925 = CARTESIAN_POINT('',(-1.845753590208,0.24795972151));
#8926 = CARTESIAN_POINT('',(-1.904220951043,0.23321850832));
#8927 = CARTESIAN_POINT('',(-1.968387648425,0.208505217024));
#8928 = ( GEOMETRIC_REPRESENTATION_CONTEXT(2) 
PARAMETRIC_REPRESENTATION_CONTEXT() REPRESENTATION_CONTEXT('2D SPACE',''
  ) );
#8929 = ORIENTED_EDGE('',*,*,#8930,.F.);
#8930 = EDGE_CURVE('',#8931,#8875,#8933,.T.);
#8931 = VERTEX_POINT('',#8932);
#8932 = CARTESIAN_POINT('',(1.244679002821,16.85,-0.365109552032));
#8933 = SURFACE_CURVE('',#8934,(#8939),.PCURVE_S1.);
#8934 = B_SPLINE_CURVE_WITH_KNOTS('',3,(#8935,#8936,#8937,#8938),
  .UNSPECIFIED.,.F.,.F.,(4,4),(-1.,-0.),.PIECEWISE_BEZIER_KNOTS.);
#8935 = CARTESIAN_POINT('',(1.244679002821,16.85,-0.365109552032));
#8936 = CARTESIAN_POINT('',(1.239618236399,16.85,-0.340273075785));
#8937 = CARTESIAN_POINT('',(1.234557469977,16.85,-0.315436599539));
#8938 = CARTESIAN_POINT('',(1.229496703554,16.85,-0.290600123293));
#8939 = PCURVE('',#5924,#8940);
#8940 = DEFINITIONAL_REPRESENTATION('',(#8941),#8946);
#8941 = B_SPLINE_CURVE_WITH_KNOTS('',3,(#8942,#8943,#8944,#8945),
  .UNSPECIFIED.,.F.,.F.,(4,4),(-1.,-0.),.PIECEWISE_BEZIER_KNOTS.);
#8942 = CARTESIAN_POINT('',(-1.601406027532,0.365109552032));
#8943 = CARTESIAN_POINT('',(-1.606466793954,0.340273075785));
#8944 = CARTESIAN_POINT('',(-1.611527560376,0.315436599539));
#8945 = CARTESIAN_POINT('',(-1.616588326799,0.290600123293));
#8946 = ( GEOMETRIC_REPRESENTATION_CONTEXT(2) 
PARAMETRIC_REPRESENTATION_CONTEXT() REPRESENTATION_CONTEXT('2D SPACE',''
  ) );
#8947 = ORIENTED_EDGE('',*,*,#8948,.F.);
#8948 = EDGE_CURVE('',#8949,#8931,#8951,.T.);
#8949 = VERTEX_POINT('',#8950);
#8950 = CARTESIAN_POINT('',(0.95305040323,16.85,-0.578311560072));
#8951 = SURFACE_CURVE('',#8952,(#8967),.PCURVE_S1.);
#8952 = B_SPLINE_CURVE_WITH_KNOTS('',3,(#8953,#8954,#8955,#8956,#8957,
    #8958,#8959,#8960,#8961,#8962,#8963,#8964,#8965,#8966),
  .UNSPECIFIED.,.F.,.F.,(4,1,1,2,2,2,2,4),(-1.,-0.75,-0.625,-0.5625,-0.5
    ,-0.375,-0.25,-0.),.UNSPECIFIED.);
#8953 = CARTESIAN_POINT('',(0.95305040323,16.85,-0.578311560072));
#8954 = CARTESIAN_POINT('',(0.977390795503,16.85,-0.554725702352));
#8955 = CARTESIAN_POINT('',(1.013660291088,16.85,-0.523370151069));
#8956 = CARTESIAN_POINT('',(1.055552790162,16.85,-0.493829336342));
#8957 = CARTESIAN_POINT('',(1.073416308528,16.85,-0.482677700409));
#8958 = CARTESIAN_POINT('',(1.085305229704,16.85,-0.475578546063));
#8959 = CARTESIAN_POINT('',(1.089753574505,16.85,-0.473002881363));
#8960 = CARTESIAN_POINT('',(1.111984893817,16.85,-0.460941125657));
#8961 = CARTESIAN_POINT('',(1.124211403821,16.85,-0.45523502986));
#8962 = CARTESIAN_POINT('',(1.15264189883,16.85,-0.445285029695));
#8963 = CARTESIAN_POINT('',(1.164938486956,16.85,-0.441473310621));
#8964 = CARTESIAN_POINT('',(1.215039973005,16.85,-0.428687456518));
#8965 = CARTESIAN_POINT('',(1.236053313177,16.85,-0.404653520777));
#8966 = CARTESIAN_POINT('',(1.244679002821,16.85,-0.365109552032));
#8967 = PCURVE('',#5924,#8968);
#8968 = DEFINITIONAL_REPRESENTATION('',(#8969),#8984);
#8969 = B_SPLINE_CURVE_WITH_KNOTS('',3,(#8970,#8971,#8972,#8973,#8974,
    #8975,#8976,#8977,#8978,#8979,#8980,#8981,#8982,#8983),
  .UNSPECIFIED.,.F.,.F.,(4,1,1,2,2,2,2,4),(-1.,-0.75,-0.625,-0.5625,-0.5
    ,-0.375,-0.25,-0.),.UNSPECIFIED.);
#8970 = CARTESIAN_POINT('',(-1.893034627123,0.578311560072));
#8971 = CARTESIAN_POINT('',(-1.86869423485,0.554725702352));
#8972 = CARTESIAN_POINT('',(-1.832424739265,0.523370151069));
#8973 = CARTESIAN_POINT('',(-1.790532240191,0.493829336342));
#8974 = CARTESIAN_POINT('',(-1.772668721825,0.482677700409));
#8975 = CARTESIAN_POINT('',(-1.76077980065,0.475578546063));
#8976 = CARTESIAN_POINT('',(-1.756331455848,0.473002881363));
#8977 = CARTESIAN_POINT('',(-1.734100136536,0.460941125657));
#8978 = CARTESIAN_POINT('',(-1.721873626533,0.45523502986));
#8979 = CARTESIAN_POINT('',(-1.693443131523,0.445285029695));
#8980 = CARTESIAN_POINT('',(-1.681146543397,0.441473310621));
#8981 = CARTESIAN_POINT('',(-1.631045057348,0.428687456518));
#8982 = CARTESIAN_POINT('',(-1.610031717176,0.404653520777));
#8983 = CARTESIAN_POINT('',(-1.601406027532,0.365109552032));
#8984 = ( GEOMETRIC_REPRESENTATION_CONTEXT(2) 
PARAMETRIC_REPRESENTATION_CONTEXT() REPRESENTATION_CONTEXT('2D SPACE',''
  ) );
#8985 = ORIENTED_EDGE('',*,*,#8986,.F.);
#8986 = EDGE_CURVE('',#8987,#8949,#8989,.T.);
#8987 = VERTEX_POINT('',#8988);
#8988 = CARTESIAN_POINT('',(0.99139103841,16.85,-0.691472744401));
#8989 = SURFACE_CURVE('',#8990,(#8995),.PCURVE_S1.);
#8990 = B_SPLINE_CURVE_WITH_KNOTS('',3,(#8991,#8992,#8993,#8994),
  .UNSPECIFIED.,.F.,.F.,(4,4),(-1.,-0.),.PIECEWISE_BEZIER_KNOTS.);
#8991 = CARTESIAN_POINT('',(0.99139103841,16.85,-0.691472744401));
#8992 = CARTESIAN_POINT('',(0.977471874272,16.85,-0.654138243066));
#8993 = CARTESIAN_POINT('',(0.964691662546,16.85,-0.61641784829));
#8994 = CARTESIAN_POINT('',(0.95305040323,16.85,-0.578311560072));
#8995 = PCURVE('',#5924,#8996);
#8996 = DEFINITIONAL_REPRESENTATION('',(#8997),#9002);
#8997 = B_SPLINE_CURVE_WITH_KNOTS('',3,(#8998,#8999,#9000,#9001),
  .UNSPECIFIED.,.F.,.F.,(4,4),(-1.,-0.),.PIECEWISE_BEZIER_KNOTS.);
#8998 = CARTESIAN_POINT('',(-1.854693991943,0.691472744401));
#8999 = CARTESIAN_POINT('',(-1.868613156081,0.654138243066));
#9000 = CARTESIAN_POINT('',(-1.881393367807,0.61641784829));
#9001 = CARTESIAN_POINT('',(-1.893034627123,0.578311560072));
#9002 = ( GEOMETRIC_REPRESENTATION_CONTEXT(2) 
PARAMETRIC_REPRESENTATION_CONTEXT() REPRESENTATION_CONTEXT('2D SPACE',''
  ) );
#9003 = ORIENTED_EDGE('',*,*,#9004,.F.);
#9004 = EDGE_CURVE('',#9005,#8987,#9007,.T.);
#9005 = VERTEX_POINT('',#9006);
#9006 = CARTESIAN_POINT('',(1.35255411041,16.85,-0.683499554627));
#9007 = SURFACE_CURVE('',#9008,(#9032),.PCURVE_S1.);
#9008 = B_SPLINE_CURVE_WITH_KNOTS('',3,(#9009,#9010,#9011,#9012,#9013,
    #9014,#9015,#9016,#9017,#9018,#9019,#9020,#9021,#9022,#9023,#9024,
    #9025,#9026,#9027,#9028,#9029,#9030,#9031),.UNSPECIFIED.,.F.,.F.,(4,
    1,2,2,2,2,1,2,2,1,2,2,4),(-1.,-0.9375,-0.90625,-0.875,-0.8125,-0.75,
    -0.6875,-0.65625,-0.625,-0.5625,-0.53125,-0.5,-0.),.UNSPECIFIED.);
#9009 = CARTESIAN_POINT('',(1.35255411041,16.85,-0.683499554627));
#9010 = CARTESIAN_POINT('',(1.344351993898,16.85,-0.676553337501));
#9011 = CARTESIAN_POINT('',(1.331940747454,16.85,-0.668269312105));
#9012 = CARTESIAN_POINT('',(1.319367393499,16.85,-0.663188237145));
#9013 = CARTESIAN_POINT('',(1.310949133637,16.85,-0.660512620602));
#9014 = CARTESIAN_POINT('',(1.305531328237,16.85,-0.65935510613));
#9015 = CARTESIAN_POINT('',(1.296367857341,16.85,-0.658003750354));
#9016 = CARTESIAN_POINT('',(1.289662794719,16.85,-0.658025069565));
#9017 = CARTESIAN_POINT('',(1.275060505424,16.85,-0.659912154109));
#9018 = CARTESIAN_POINT('',(1.26582454816,16.85,-0.662217367186));
#9019 = CARTESIAN_POINT('',(1.251515391949,16.85,-0.666914448485));
#9020 = CARTESIAN_POINT('',(1.240868901125,16.85,-0.670664018651));
#9021 = CARTESIAN_POINT('',(1.230350474801,16.85,-0.674753727606));
#9022 = CARTESIAN_POINT('',(1.223366649363,16.85,-0.67755578664));
#9023 = CARTESIAN_POINT('',(1.218344664575,16.85,-0.679653009943));
#9024 = CARTESIAN_POINT('',(1.212587207127,16.85,-0.682107655924));
#9025 = CARTESIAN_POINT('',(1.204190353626,16.85,-0.684611862369));
#9026 = CARTESIAN_POINT('',(1.191834406048,16.85,-0.687190409509));
#9027 = CARTESIAN_POINT('',(1.182717308979,16.85,-0.688925961091));
#9028 = CARTESIAN_POINT('',(1.175549029849,16.85,-0.690154819775));
#9029 = CARTESIAN_POINT('',(1.119984258448,16.85,-0.699189862976));
#9030 = CARTESIAN_POINT('',(1.059687766623,16.85,-0.699452013475));
#9031 = CARTESIAN_POINT('',(0.99139103841,16.85,-0.691472744401));
#9032 = PCURVE('',#5924,#9033);
#9033 = DEFINITIONAL_REPRESENTATION('',(#9034),#9058);
#9034 = B_SPLINE_CURVE_WITH_KNOTS('',3,(#9035,#9036,#9037,#9038,#9039,
    #9040,#9041,#9042,#9043,#9044,#9045,#9046,#9047,#9048,#9049,#9050,
    #9051,#9052,#9053,#9054,#9055,#9056,#9057),.UNSPECIFIED.,.F.,.F.,(4,
    1,2,2,2,2,1,2,2,1,2,2,4),(-1.,-0.9375,-0.90625,-0.875,-0.8125,-0.75,
    -0.6875,-0.65625,-0.625,-0.5625,-0.53125,-0.5,-0.),.UNSPECIFIED.);
#9035 = CARTESIAN_POINT('',(-1.493530919943,0.683499554627));
#9036 = CARTESIAN_POINT('',(-1.501733036455,0.676553337501));
#9037 = CARTESIAN_POINT('',(-1.514144282899,0.668269312105));
#9038 = CARTESIAN_POINT('',(-1.526717636854,0.663188237145));
#9039 = CARTESIAN_POINT('',(-1.535135896716,0.660512620602));
#9040 = CARTESIAN_POINT('',(-1.540553702116,0.65935510613));
#9041 = CARTESIAN_POINT('',(-1.549717173012,0.658003750354));
#9042 = CARTESIAN_POINT('',(-1.556422235634,0.658025069565));
#9043 = CARTESIAN_POINT('',(-1.571024524929,0.659912154109));
#9044 = CARTESIAN_POINT('',(-1.580260482193,0.662217367186));
#9045 = CARTESIAN_POINT('',(-1.594569638404,0.666914448485));
#9046 = CARTESIAN_POINT('',(-1.605216129228,0.670664018651));
#9047 = CARTESIAN_POINT('',(-1.615734555552,0.674753727606));
#9048 = CARTESIAN_POINT('',(-1.62271838099,0.67755578664));
#9049 = CARTESIAN_POINT('',(-1.627740365778,0.679653009943));
#9050 = CARTESIAN_POINT('',(-1.633497823226,0.682107655924));
#9051 = CARTESIAN_POINT('',(-1.641894676727,0.684611862369));
#9052 = CARTESIAN_POINT('',(-1.654250624305,0.687190409509));
#9053 = CARTESIAN_POINT('',(-1.663367721374,0.688925961091));
#9054 = CARTESIAN_POINT('',(-1.670536000504,0.690154819775));
#9055 = CARTESIAN_POINT('',(-1.726100771905,0.699189862976));
#9056 = CARTESIAN_POINT('',(-1.78639726373,0.699452013475));
#9057 = CARTESIAN_POINT('',(-1.854693991943,0.691472744401));
#9058 = ( GEOMETRIC_REPRESENTATION_CONTEXT(2) 
PARAMETRIC_REPRESENTATION_CONTEXT() REPRESENTATION_CONTEXT('2D SPACE',''
  ) );
#9059 = ORIENTED_EDGE('',*,*,#9060,.F.);
#9060 = EDGE_CURVE('',#9061,#9005,#9063,.T.);
#9061 = VERTEX_POINT('',#9062);
#9062 = CARTESIAN_POINT('',(1.385789171253,16.85,-0.751892448357));
#9063 = SURFACE_CURVE('',#9064,(#9069),.PCURVE_S1.);
#9064 = B_SPLINE_CURVE_WITH_KNOTS('',3,(#9065,#9066,#9067,#9068),
  .UNSPECIFIED.,.F.,.F.,(4,4),(-1.,-0.),.PIECEWISE_BEZIER_KNOTS.);
#9065 = CARTESIAN_POINT('',(1.385789171253,16.85,-0.751892448357));
#9066 = CARTESIAN_POINT('',(1.374710817639,16.85,-0.729094817114));
#9067 = CARTESIAN_POINT('',(1.363632464025,16.85,-0.70629718587));
#9068 = CARTESIAN_POINT('',(1.35255411041,16.85,-0.683499554627));
#9069 = PCURVE('',#5924,#9070);
#9070 = DEFINITIONAL_REPRESENTATION('',(#9071),#9076);
#9071 = B_SPLINE_CURVE_WITH_KNOTS('',3,(#9072,#9073,#9074,#9075),
  .UNSPECIFIED.,.F.,.F.,(4,4),(-1.,-0.),.PIECEWISE_BEZIER_KNOTS.);
#9072 = CARTESIAN_POINT('',(-1.4602958591,0.751892448357));
#9073 = CARTESIAN_POINT('',(-1.471374212714,0.729094817114));
#9074 = CARTESIAN_POINT('',(-1.482452566328,0.70629718587));
#9075 = CARTESIAN_POINT('',(-1.493530919943,0.683499554627));
#9076 = ( GEOMETRIC_REPRESENTATION_CONTEXT(2) 
PARAMETRIC_REPRESENTATION_CONTEXT() REPRESENTATION_CONTEXT('2D SPACE',''
  ) );
#9077 = ORIENTED_EDGE('',*,*,#9078,.F.);
#9078 = EDGE_CURVE('',#9079,#9061,#9081,.T.);
#9079 = VERTEX_POINT('',#9080);
#9080 = CARTESIAN_POINT('',(1.156343803709,16.85,-1.030921406791));
#9081 = SURFACE_CURVE('',#9082,(#9097),.PCURVE_S1.);
#9082 = B_SPLINE_CURVE_WITH_KNOTS('',3,(#9083,#9084,#9085,#9086,#9087,
    #9088,#9089,#9090,#9091,#9092,#9093,#9094,#9095,#9096),
  .UNSPECIFIED.,.F.,.F.,(4,1,1,2,2,2,2,4),(-1.,-0.75,-0.625,-0.5625,-0.5
    ,-0.375,-0.25,-0.),.UNSPECIFIED.);
#9083 = CARTESIAN_POINT('',(1.156343803709,16.85,-1.030921406791));
#9084 = CARTESIAN_POINT('',(1.174053933504,16.85,-1.002023332754));
#9085 = CARTESIAN_POINT('',(1.20138614768,16.85,-0.962633017009));
#9086 = CARTESIAN_POINT('',(1.23461601498,16.85,-0.92360204043));
#9087 = CARTESIAN_POINT('',(1.249145018986,16.85,-0.90835827728));
#9088 = CARTESIAN_POINT('',(1.258894939947,16.85,-0.898525501456));
#9089 = CARTESIAN_POINT('',(1.262562990053,16.85,-0.894924497633));
#9090 = CARTESIAN_POINT('',(1.281096234923,16.85,-0.877712979871));
#9091 = CARTESIAN_POINT('',(1.291519578312,16.85,-0.869145542173));
#9092 = CARTESIAN_POINT('',(1.316582412622,16.85,-0.852437762964));
#9093 = CARTESIAN_POINT('',(1.327544744834,16.85,-0.84568775894));
#9094 = CARTESIAN_POINT('',(1.372892487954,16.85,-0.820843863043));
#9095 = CARTESIAN_POINT('',(1.387268658637,16.85,-0.792339192393));
#9096 = CARTESIAN_POINT('',(1.385789171253,16.85,-0.751892448357));
#9097 = PCURVE('',#5924,#9098);
#9098 = DEFINITIONAL_REPRESENTATION('',(#9099),#9114);
#9099 = B_SPLINE_CURVE_WITH_KNOTS('',3,(#9100,#9101,#9102,#9103,#9104,
    #9105,#9106,#9107,#9108,#9109,#9110,#9111,#9112,#9113),
  .UNSPECIFIED.,.F.,.F.,(4,1,1,2,2,2,2,4),(-1.,-0.75,-0.625,-0.5625,-0.5
    ,-0.375,-0.25,-0.),.UNSPECIFIED.);
#9100 = CARTESIAN_POINT('',(-1.689741226644,1.030921406791));
#9101 = CARTESIAN_POINT('',(-1.672031096849,1.002023332754));
#9102 = CARTESIAN_POINT('',(-1.644698882673,0.962633017009));
#9103 = CARTESIAN_POINT('',(-1.611469015373,0.92360204043));
#9104 = CARTESIAN_POINT('',(-1.596940011367,0.90835827728));
#9105 = CARTESIAN_POINT('',(-1.587190090406,0.898525501456));
#9106 = CARTESIAN_POINT('',(-1.5835220403,0.894924497633));
#9107 = CARTESIAN_POINT('',(-1.56498879543,0.877712979871));
#9108 = CARTESIAN_POINT('',(-1.554565452042,0.869145542173));
#9109 = CARTESIAN_POINT('',(-1.529502617731,0.852437762964));
#9110 = CARTESIAN_POINT('',(-1.518540285519,0.84568775894));
#9111 = CARTESIAN_POINT('',(-1.473192542399,0.820843863043));
#9112 = CARTESIAN_POINT('',(-1.458816371717,0.792339192393));
#9113 = CARTESIAN_POINT('',(-1.4602958591,0.751892448357));
#9114 = ( GEOMETRIC_REPRESENTATION_CONTEXT(2) 
PARAMETRIC_REPRESENTATION_CONTEXT() REPRESENTATION_CONTEXT('2D SPACE',''
  ) );
#9115 = ORIENTED_EDGE('',*,*,#9116,.F.);
#9116 = EDGE_CURVE('',#9117,#9079,#9119,.T.);
#9117 = VERTEX_POINT('',#9118);
#9118 = CARTESIAN_POINT('',(1.221621939493,16.85,-1.130992496188));
#9119 = SURFACE_CURVE('',#9120,(#9125),.PCURVE_S1.);
#9120 = B_SPLINE_CURVE_WITH_KNOTS('',3,(#9121,#9122,#9123,#9124),
  .UNSPECIFIED.,.F.,.F.,(4,4),(-1.,-0.),.PIECEWISE_BEZIER_KNOTS.);
#9121 = CARTESIAN_POINT('',(1.221621939493,16.85,-1.130992496188));
#9122 = CARTESIAN_POINT('',(1.198855358568,16.85,-1.098292482225));
#9123 = CARTESIAN_POINT('',(1.177095979974,16.85,-1.064935452426));
#9124 = CARTESIAN_POINT('',(1.156343803709,16.85,-1.030921406791));
#9125 = PCURVE('',#5924,#9126);
#9126 = DEFINITIONAL_REPRESENTATION('',(#9127),#9132);
#9127 = B_SPLINE_CURVE_WITH_KNOTS('',3,(#9128,#9129,#9130,#9131),
  .UNSPECIFIED.,.F.,.F.,(4,4),(-1.,-0.),.PIECEWISE_BEZIER_KNOTS.);
#9128 = CARTESIAN_POINT('',(-1.62446309086,1.130992496188));
#9129 = CARTESIAN_POINT('',(-1.647229671785,1.098292482225));
#9130 = CARTESIAN_POINT('',(-1.66898905038,1.064935452426));
#9131 = CARTESIAN_POINT('',(-1.689741226644,1.030921406791));
#9132 = ( GEOMETRIC_REPRESENTATION_CONTEXT(2) 
PARAMETRIC_REPRESENTATION_CONTEXT() REPRESENTATION_CONTEXT('2D SPACE',''
  ) );
#9133 = ORIENTED_EDGE('',*,*,#9134,.F.);
#9134 = EDGE_CURVE('',#9135,#9117,#9137,.T.);
#9135 = VERTEX_POINT('',#9136);
#9136 = CARTESIAN_POINT('',(1.569455557789,16.85,-1.033452195208));
#9137 = SURFACE_CURVE('',#9138,(#9162),.PCURVE_S1.);
#9138 = B_SPLINE_CURVE_WITH_KNOTS('',3,(#9139,#9140,#9141,#9142,#9143,
    #9144,#9145,#9146,#9147,#9148,#9149,#9150,#9151,#9152,#9153,#9154,
    #9155,#9156,#9157,#9158,#9159,#9160,#9161),.UNSPECIFIED.,.F.,.F.,(4,
    1,2,2,2,2,1,2,2,1,2,2,4),(-1.,-0.9375,-0.90625,-0.875,-0.8125,-0.75,
    -0.6875,-0.65625,-0.625,-0.5625,-0.53125,-0.5,-0.),.UNSPECIFIED.);
#9139 = CARTESIAN_POINT('',(1.569455557789,16.85,-1.033452195208));
#9140 = CARTESIAN_POINT('',(1.559783671896,16.85,-1.028763989697));
#9141 = CARTESIAN_POINT('',(1.545702194241,16.85,-1.023826773669));
#9142 = CARTESIAN_POINT('',(1.532260243363,16.85,-1.022032195999));
#9143 = CARTESIAN_POINT('',(1.523441059839,16.85,-1.021534174965));
#9144 = CARTESIAN_POINT('',(1.517905602614,16.85,-1.021760379352));
#9145 = CARTESIAN_POINT('',(1.508693950491,16.85,-1.022730341446));
#9146 = CARTESIAN_POINT('',(1.502204841613,16.85,-1.024418472142));
#9147 = CARTESIAN_POINT('',(1.488530608931,16.85,-1.029877712132));
#9148 = CARTESIAN_POINT('',(1.480158099428,16.85,-1.034407391872));
#9149 = CARTESIAN_POINT('',(1.46746660829,16.85,-1.042515448167));
#9150 = CARTESIAN_POINT('',(1.458087076735,16.85,-1.048794893293));
#9151 = CARTESIAN_POINT('',(1.448916175374,16.85,-1.055371942776));
#9152 = CARTESIAN_POINT('',(1.4428486034,16.85,-1.059822776733));
#9153 = CARTESIAN_POINT('',(1.438505951725,16.85,-1.063103028741));
#9154 = CARTESIAN_POINT('',(1.433539821022,16.85,-1.066912378947));
#9155 = CARTESIAN_POINT('',(1.426029540933,16.85,-1.071426123691));
#9156 = CARTESIAN_POINT('',(1.414703036767,16.85,-1.07699646024));
#9157 = CARTESIAN_POINT('',(1.406303984194,16.85,-1.080944816119));
#9158 = CARTESIAN_POINT('',(1.399666514462,16.85,-1.083917746476));
#9159 = CARTESIAN_POINT('',(1.348094336405,16.85,-1.10648733391));
#9160 = CARTESIAN_POINT('',(1.289757363927,16.85,-1.121736376217));
#9161 = CARTESIAN_POINT('',(1.221621939493,16.85,-1.130992496188));
#9162 = PCURVE('',#5924,#9163);
#9163 = DEFINITIONAL_REPRESENTATION('',(#9164),#9188);
#9164 = B_SPLINE_CURVE_WITH_KNOTS('',3,(#9165,#9166,#9167,#9168,#9169,
    #9170,#9171,#9172,#9173,#9174,#9175,#9176,#9177,#9178,#9179,#9180,
    #9181,#9182,#9183,#9184,#9185,#9186,#9187),.UNSPECIFIED.,.F.,.F.,(4,
    1,2,2,2,2,1,2,2,1,2,2,4),(-1.,-0.9375,-0.90625,-0.875,-0.8125,-0.75,
    -0.6875,-0.65625,-0.625,-0.5625,-0.53125,-0.5,-0.),.UNSPECIFIED.);
#9165 = CARTESIAN_POINT('',(-1.276629472564,1.033452195208));
#9166 = CARTESIAN_POINT('',(-1.286301358457,1.028763989697));
#9167 = CARTESIAN_POINT('',(-1.300382836112,1.023826773669));
#9168 = CARTESIAN_POINT('',(-1.31382478699,1.022032195999));
#9169 = CARTESIAN_POINT('',(-1.322643970515,1.021534174965));
#9170 = CARTESIAN_POINT('',(-1.328179427739,1.021760379352));
#9171 = CARTESIAN_POINT('',(-1.337391079862,1.022730341446));
#9172 = CARTESIAN_POINT('',(-1.34388018874,1.024418472142));
#9173 = CARTESIAN_POINT('',(-1.357554421422,1.029877712132));
#9174 = CARTESIAN_POINT('',(-1.365926930925,1.034407391872));
#9175 = CARTESIAN_POINT('',(-1.378618422063,1.042515448167));
#9176 = CARTESIAN_POINT('',(-1.387997953619,1.048794893293));
#9177 = CARTESIAN_POINT('',(-1.397168854979,1.055371942776));
#9178 = CARTESIAN_POINT('',(-1.403236426953,1.059822776733));
#9179 = CARTESIAN_POINT('',(-1.407579078628,1.063103028741));
#9180 = CARTESIAN_POINT('',(-1.412545209331,1.066912378947));
#9181 = CARTESIAN_POINT('',(-1.42005548942,1.071426123691));
#9182 = CARTESIAN_POINT('',(-1.431381993586,1.07699646024));
#9183 = CARTESIAN_POINT('',(-1.439781046159,1.080944816119));
#9184 = CARTESIAN_POINT('',(-1.446418515892,1.083917746476));
#9185 = CARTESIAN_POINT('',(-1.497990693948,1.10648733391));
#9186 = CARTESIAN_POINT('',(-1.556327666426,1.121736376217));
#9187 = CARTESIAN_POINT('',(-1.62446309086,1.130992496188));
#9188 = ( GEOMETRIC_REPRESENTATION_CONTEXT(2) 
PARAMETRIC_REPRESENTATION_CONTEXT() REPRESENTATION_CONTEXT('2D SPACE',''
  ) );
#9189 = ORIENTED_EDGE('',*,*,#9190,.F.);
#9190 = EDGE_CURVE('',#9191,#9135,#9193,.T.);
#9191 = VERTEX_POINT('',#9192);
#9192 = CARTESIAN_POINT('',(1.618655099105,16.85,-1.091431176885));
#9193 = SURFACE_CURVE('',#9194,(#9199),.PCURVE_S1.);
#9194 = B_SPLINE_CURVE_WITH_KNOTS('',3,(#9195,#9196,#9197,#9198),
  .UNSPECIFIED.,.F.,.F.,(4,4),(-1.,-0.),.PIECEWISE_BEZIER_KNOTS.);
#9195 = CARTESIAN_POINT('',(1.618655099105,16.85,-1.091431176885));
#9196 = CARTESIAN_POINT('',(1.602255252,16.85,-1.07210484966));
#9197 = CARTESIAN_POINT('',(1.585855404895,16.85,-1.052778522434));
#9198 = CARTESIAN_POINT('',(1.569455557789,16.85,-1.033452195208));
#9199 = PCURVE('',#5924,#9200);
#9200 = DEFINITIONAL_REPRESENTATION('',(#9201),#9206);
#9201 = B_SPLINE_CURVE_WITH_KNOTS('',3,(#9202,#9203,#9204,#9205),
  .UNSPECIFIED.,.F.,.F.,(4,4),(-1.,-0.),.PIECEWISE_BEZIER_KNOTS.);
#9202 = CARTESIAN_POINT('',(-1.227429931248,1.091431176885));
#9203 = CARTESIAN_POINT('',(-1.243829778353,1.07210484966));
#9204 = CARTESIAN_POINT('',(-1.260229625459,1.052778522434));
#9205 = CARTESIAN_POINT('',(-1.276629472564,1.033452195208));
#9206 = ( GEOMETRIC_REPRESENTATION_CONTEXT(2) 
PARAMETRIC_REPRESENTATION_CONTEXT() REPRESENTATION_CONTEXT('2D SPACE',''
  ) );
#9207 = ORIENTED_EDGE('',*,*,#9208,.F.);
#9208 = EDGE_CURVE('',#9209,#9191,#9211,.T.);
#9209 = VERTEX_POINT('',#9210);
#9210 = CARTESIAN_POINT('',(1.465809859891,16.85,-1.418754670056));
#9211 = SURFACE_CURVE('',#9212,(#9227),.PCURVE_S1.);
#9212 = B_SPLINE_CURVE_WITH_KNOTS('',3,(#9213,#9214,#9215,#9216,#9217,
    #9218,#9219,#9220,#9221,#9222,#9223,#9224,#9225,#9226),
  .UNSPECIFIED.,.F.,.F.,(4,1,1,2,2,2,2,4),(-1.,-0.75,-0.625,-0.5625,-0.5
    ,-0.375,-0.25,-0.),.UNSPECIFIED.);
#9213 = CARTESIAN_POINT('',(1.465809859891,16.85,-1.418754670056));
#9214 = CARTESIAN_POINT('',(1.475776934621,16.85,-1.386360151975));
#9215 = CARTESIAN_POINT('',(1.49245448385,16.85,-1.341410110173));
#9216 = CARTESIAN_POINT('',(1.514933764602,16.85,-1.295341431547));
#9217 = CARTESIAN_POINT('',(1.525215343492,16.85,-1.276963362881));
#9218 = CARTESIAN_POINT('',(1.532213640847,16.85,-1.265014795047));
#9219 = CARTESIAN_POINT('',(1.53487091918,16.85,-1.260614716414));
#9220 = CARTESIAN_POINT('',(1.548541577671,16.85,-1.239334899557));
#9221 = CARTESIAN_POINT('',(1.556506817446,16.85,-1.228444443577));
#9222 = CARTESIAN_POINT('',(1.576627201003,16.85,-1.206028696539));
#9223 = CARTESIAN_POINT('',(1.585566473651,16.85,-1.196764535143));
#9224 = CARTESIAN_POINT('',(1.623311108366,16.85,-1.1614236308));
#9225 = CARTESIAN_POINT('',(1.630146801882,16.85,-1.13023927853));
#9226 = CARTESIAN_POINT('',(1.618655099105,16.85,-1.091431176885));
#9227 = PCURVE('',#5924,#9228);
#9228 = DEFINITIONAL_REPRESENTATION('',(#9229),#9244);
#9229 = B_SPLINE_CURVE_WITH_KNOTS('',3,(#9230,#9231,#9232,#9233,#9234,
    #9235,#9236,#9237,#9238,#9239,#9240,#9241,#9242,#9243),
  .UNSPECIFIED.,.F.,.F.,(4,1,1,2,2,2,2,4),(-1.,-0.75,-0.625,-0.5625,-0.5
    ,-0.375,-0.25,-0.),.UNSPECIFIED.);
#9230 = CARTESIAN_POINT('',(-1.380275170462,1.418754670056));
#9231 = CARTESIAN_POINT('',(-1.370308095732,1.386360151975));
#9232 = CARTESIAN_POINT('',(-1.353630546503,1.341410110173));
#9233 = CARTESIAN_POINT('',(-1.331151265751,1.295341431548));
#9234 = CARTESIAN_POINT('',(-1.320869686861,1.276963362881));
#9235 = CARTESIAN_POINT('',(-1.313871389506,1.265014795047));
#9236 = CARTESIAN_POINT('',(-1.311214111173,1.260614716414));
#9237 = CARTESIAN_POINT('',(-1.297543452682,1.239334899557));
#9238 = CARTESIAN_POINT('',(-1.289578212907,1.228444443577));
#9239 = CARTESIAN_POINT('',(-1.26945782935,1.206028696539));
#9240 = CARTESIAN_POINT('',(-1.260518556702,1.196764535143));
#9241 = CARTESIAN_POINT('',(-1.222773921987,1.1614236308));
#9242 = CARTESIAN_POINT('',(-1.215938228471,1.13023927853));
#9243 = CARTESIAN_POINT('',(-1.227429931248,1.091431176885));
#9244 = ( GEOMETRIC_REPRESENTATION_CONTEXT(2) 
PARAMETRIC_REPRESENTATION_CONTEXT() REPRESENTATION_CONTEXT('2D SPACE',''
  ) );
#9245 = ORIENTED_EDGE('',*,*,#9246,.F.);
#9246 = EDGE_CURVE('',#9247,#9209,#9249,.T.);
#9247 = VERTEX_POINT('',#9248);
#9248 = CARTESIAN_POINT('',(1.553923830932,16.85,-1.49944782994));
#9249 = SURFACE_CURVE('',#9250,(#9255),.PCURVE_S1.);
#9250 = B_SPLINE_CURVE_WITH_KNOTS('',3,(#9251,#9252,#9253,#9254),
  .UNSPECIFIED.,.F.,.F.,(4,4),(-1.,-0.),.PIECEWISE_BEZIER_KNOTS.);
#9251 = CARTESIAN_POINT('',(1.553923830932,16.85,-1.49944782994));
#9252 = CARTESIAN_POINT('',(1.523740341229,16.85,-1.473436965488));
#9253 = CARTESIAN_POINT('',(1.494369017549,16.85,-1.446539245527));
#9254 = CARTESIAN_POINT('',(1.465809859891,16.85,-1.418754670056));
#9255 = PCURVE('',#5924,#9256);
#9256 = DEFINITIONAL_REPRESENTATION('',(#9257),#9262);
#9257 = B_SPLINE_CURVE_WITH_KNOTS('',3,(#9258,#9259,#9260,#9261),
  .UNSPECIFIED.,.F.,.F.,(4,4),(-1.,-0.),.PIECEWISE_BEZIER_KNOTS.);
#9258 = CARTESIAN_POINT('',(-1.292161199421,1.49944782994));
#9259 = CARTESIAN_POINT('',(-1.322344689124,1.473436965488));
#9260 = CARTESIAN_POINT('',(-1.351716012804,1.446539245527));
#9261 = CARTESIAN_POINT('',(-1.380275170462,1.418754670056));
#9262 = ( GEOMETRIC_REPRESENTATION_CONTEXT(2) 
PARAMETRIC_REPRESENTATION_CONTEXT() REPRESENTATION_CONTEXT('2D SPACE',''
  ) );
#9263 = ORIENTED_EDGE('',*,*,#9264,.F.);
#9264 = EDGE_CURVE('',#9265,#9247,#9267,.T.);
#9265 = VERTEX_POINT('',#9266);
#9266 = CARTESIAN_POINT('',(1.866572330044,16.85,-1.318469233593));
#9267 = SURFACE_CURVE('',#9268,(#9292),.PCURVE_S1.);
#9268 = B_SPLINE_CURVE_WITH_KNOTS('',3,(#9269,#9270,#9271,#9272,#9273,
    #9274,#9275,#9276,#9277,#9278,#9279,#9280,#9281,#9282,#9283,#9284,
    #9285,#9286,#9287,#9288,#9289,#9290,#9291),.UNSPECIFIED.,.F.,.F.,(4,
    1,2,2,2,2,1,2,2,1,2,2,4),(-1.,-0.9375,-0.90625,-0.875,-0.8125,-0.75,
    -0.6875,-0.65625,-0.625,-0.5625,-0.53125,-0.5,-0.),.UNSPECIFIED.);
#9269 = CARTESIAN_POINT('',(1.866572330044,16.85,-1.318469233593));
#9270 = CARTESIAN_POINT('',(1.856038394932,16.85,-1.316333616891));
#9271 = CARTESIAN_POINT('',(1.841171477094,16.85,-1.315053433672));
#9272 = CARTESIAN_POINT('',(1.827705536503,16.85,-1.316658113207));
#9273 = CARTESIAN_POINT('',(1.819039571051,16.85,-1.318368980175));
#9274 = CARTESIAN_POINT('',(1.813734275138,16.85,-1.319964690168));
#9275 = CARTESIAN_POINT('',(1.80505324377,16.85,-1.323195023846));
#9276 = CARTESIAN_POINT('',(1.799187823212,16.85,-1.326443894567));
#9277 = CARTESIAN_POINT('',(1.787300849471,16.85,-1.335132265876));
#9278 = CARTESIAN_POINT('',(1.780317863294,16.85,-1.341601795841));
#9279 = CARTESIAN_POINT('',(1.770041490294,16.85,-1.352611368137));
#9280 = CARTESIAN_POINT('',(1.762518268469,16.85,-1.361026127592));
#9281 = CARTESIAN_POINT('',(1.755271133533,16.85,-1.369677257396));
#9282 = CARTESIAN_POINT('',(1.750501062884,16.85,-1.375497204009));
#9283 = CARTESIAN_POINT('',(1.747110609099,16.85,-1.379754374423));
#9284 = CARTESIAN_POINT('',(1.743247845397,16.85,-1.384679073372));
#9285 = CARTESIAN_POINT('',(1.737096037239,16.85,-1.390918741232));
#9286 = CARTESIAN_POINT('',(1.727510662397,16.85,-1.399130862459));
#9287 = CARTESIAN_POINT('',(1.720357397683,16.85,-1.405043932913));
#9288 = CARTESIAN_POINT('',(1.714667793983,16.85,-1.409574134795));
#9289 = CARTESIAN_POINT('',(1.670328678887,16.85,-1.444260136279));
#9290 = CARTESIAN_POINT('',(1.617616752284,16.85,-1.473537916985));
#9291 = CARTESIAN_POINT('',(1.553923830932,16.85,-1.49944782994));
#9292 = PCURVE('',#5924,#9293);
#9293 = DEFINITIONAL_REPRESENTATION('',(#9294),#9318);
#9294 = B_SPLINE_CURVE_WITH_KNOTS('',3,(#9295,#9296,#9297,#9298,#9299,
    #9300,#9301,#9302,#9303,#9304,#9305,#9306,#9307,#9308,#9309,#9310,
    #9311,#9312,#9313,#9314,#9315,#9316,#9317),.UNSPECIFIED.,.F.,.F.,(4,
    1,2,2,2,2,1,2,2,1,2,2,4),(-1.,-0.9375,-0.90625,-0.875,-0.8125,-0.75,
    -0.6875,-0.65625,-0.625,-0.5625,-0.53125,-0.5,-0.),.UNSPECIFIED.);
#9295 = CARTESIAN_POINT('',(-0.979512700309,1.318469233593));
#9296 = CARTESIAN_POINT('',(-0.990046635421,1.316333616891));
#9297 = CARTESIAN_POINT('',(-1.004913553259,1.315053433672));
#9298 = CARTESIAN_POINT('',(-1.018379493851,1.316658113207));
#9299 = CARTESIAN_POINT('',(-1.027045459302,1.318368980175));
#9300 = CARTESIAN_POINT('',(-1.032350755215,1.319964690168));
#9301 = CARTESIAN_POINT('',(-1.041031786583,1.323195023846));
#9302 = CARTESIAN_POINT('',(-1.046897207141,1.326443894567));
#9303 = CARTESIAN_POINT('',(-1.058784180882,1.335132265876));
#9304 = CARTESIAN_POINT('',(-1.065767167059,1.341601795841));
#9305 = CARTESIAN_POINT('',(-1.076043540059,1.352611368137));
#9306 = CARTESIAN_POINT('',(-1.083566761884,1.361026127592));
#9307 = CARTESIAN_POINT('',(-1.09081389682,1.369677257396));
#9308 = CARTESIAN_POINT('',(-1.095583967469,1.375497204009));
#9309 = CARTESIAN_POINT('',(-1.098974421254,1.379754374423));
#9310 = CARTESIAN_POINT('',(-1.102837184956,1.384679073372));
#9311 = CARTESIAN_POINT('',(-1.108988993114,1.390918741232));
#9312 = CARTESIAN_POINT('',(-1.118574367956,1.399130862459));
#9313 = CARTESIAN_POINT('',(-1.12572763267,1.405043932913));
#9314 = CARTESIAN_POINT('',(-1.13141723637,1.409574134795));
#9315 = CARTESIAN_POINT('',(-1.175756351466,1.444260136279));
#9316 = CARTESIAN_POINT('',(-1.228468278069,1.473537916985));
#9317 = CARTESIAN_POINT('',(-1.292161199421,1.49944782994));
#9318 = ( GEOMETRIC_REPRESENTATION_CONTEXT(2) 
PARAMETRIC_REPRESENTATION_CONTEXT() REPRESENTATION_CONTEXT('2D SPACE',''
  ) );
#9319 = ORIENTED_EDGE('',*,*,#9320,.F.);
#9320 = EDGE_CURVE('',#9321,#9265,#9323,.T.);
#9321 = VERTEX_POINT('',#9322);
#9322 = CARTESIAN_POINT('',(1.928644963709,16.85,-1.362391270567));
#9323 = SURFACE_CURVE('',#9324,(#9329),.PCURVE_S1.);
#9324 = B_SPLINE_CURVE_WITH_KNOTS('',3,(#9325,#9326,#9327,#9328),
  .UNSPECIFIED.,.F.,.F.,(4,4),(-1.,-0.),.PIECEWISE_BEZIER_KNOTS.);
#9325 = CARTESIAN_POINT('',(1.928644963709,16.85,-1.362391270567));
#9326 = CARTESIAN_POINT('',(1.907954085821,16.85,-1.347750591576));
#9327 = CARTESIAN_POINT('',(1.887263207932,16.85,-1.333109912585));
#9328 = CARTESIAN_POINT('',(1.866572330044,16.85,-1.318469233593));
#9329 = PCURVE('',#5924,#9330);
#9330 = DEFINITIONAL_REPRESENTATION('',(#9331),#9336);
#9331 = B_SPLINE_CURVE_WITH_KNOTS('',3,(#9332,#9333,#9334,#9335),
  .UNSPECIFIED.,.F.,.F.,(4,4),(-1.,-0.),.PIECEWISE_BEZIER_KNOTS.);
#9332 = CARTESIAN_POINT('',(-0.917440066644,1.362391270567));
#9333 = CARTESIAN_POINT('',(-0.938130944532,1.347750591576));
#9334 = CARTESIAN_POINT('',(-0.958821822421,1.333109912585));
#9335 = CARTESIAN_POINT('',(-0.979512700309,1.318469233593));
#9336 = ( GEOMETRIC_REPRESENTATION_CONTEXT(2) 
PARAMETRIC_REPRESENTATION_CONTEXT() REPRESENTATION_CONTEXT('2D SPACE',''
  ) );
#9337 = ORIENTED_EDGE('',*,*,#9338,.F.);
#9338 = EDGE_CURVE('',#9339,#9321,#9341,.T.);
#9339 = VERTEX_POINT('',#9340);
#9340 = CARTESIAN_POINT('',(1.862003681331,16.85,-1.717442359588));
#9341 = SURFACE_CURVE('',#9342,(#9357),.PCURVE_S1.);
#9342 = B_SPLINE_CURVE_WITH_KNOTS('',3,(#9343,#9344,#9345,#9346,#9347,
    #9348,#9349,#9350,#9351,#9352,#9353,#9354,#9355,#9356),
  .UNSPECIFIED.,.F.,.F.,(4,1,1,2,2,2,2,4),(-1.,-0.75,-0.625,-0.5625,-0.5
    ,-0.375,-0.25,-0.),.UNSPECIFIED.);
#9343 = CARTESIAN_POINT('',(1.862003681331,16.85,-1.717442359588));
#9344 = CARTESIAN_POINT('',(1.863601433034,16.85,-1.683586864172));
#9345 = CARTESIAN_POINT('',(1.868576405562,16.85,-1.635901472754));
#9346 = CARTESIAN_POINT('',(1.878892643883,16.85,-1.585689756588));
#9347 = CARTESIAN_POINT('',(1.884280768243,16.85,-1.56533214405));
#9348 = CARTESIAN_POINT('',(1.888087713231,16.85,-1.552018556667));
#9349 = CARTESIAN_POINT('',(1.88956725322,16.85,-1.547095876346));
#9350 = CARTESIAN_POINT('',(1.897516347583,16.85,-1.523084849549));
#9351 = CARTESIAN_POINT('',(1.902522998434,16.85,-1.510555662689));
#9352 = CARTESIAN_POINT('',(1.916436693542,16.85,-1.483840411647));
#9353 = CARTESIAN_POINT('',(1.922791219249,16.85,-1.472644194211));
#9354 = CARTESIAN_POINT('',(1.950561111343,16.85,-1.429026880417));
#9355 = CARTESIAN_POINT('',(1.949426815931,16.85,-1.397122274069));
#9356 = CARTESIAN_POINT('',(1.928644963709,16.85,-1.362391270567));
#9357 = PCURVE('',#5924,#9358);
#9358 = DEFINITIONAL_REPRESENTATION('',(#9359),#9374);
#9359 = B_SPLINE_CURVE_WITH_KNOTS('',3,(#9360,#9361,#9362,#9363,#9364,
    #9365,#9366,#9367,#9368,#9369,#9370,#9371,#9372,#9373),
  .UNSPECIFIED.,.F.,.F.,(4,1,1,2,2,2,2,4),(-1.,-0.75,-0.625,-0.5625,-0.5
    ,-0.375,-0.25,-0.),.UNSPECIFIED.);
#9360 = CARTESIAN_POINT('',(-0.984081349022,1.717442359588));
#9361 = CARTESIAN_POINT('',(-0.98248359732,1.683586864172));
#9362 = CARTESIAN_POINT('',(-0.977508624791,1.635901472754));
#9363 = CARTESIAN_POINT('',(-0.96719238647,1.585689756588));
#9364 = CARTESIAN_POINT('',(-0.96180426211,1.56533214405));
#9365 = CARTESIAN_POINT('',(-0.957997317122,1.552018556667));
#9366 = CARTESIAN_POINT('',(-0.956517777133,1.547095876346));
#9367 = CARTESIAN_POINT('',(-0.94856868277,1.523084849549));
#9368 = CARTESIAN_POINT('',(-0.943562031919,1.510555662689));
#9369 = CARTESIAN_POINT('',(-0.929648336811,1.483840411647));
#9370 = CARTESIAN_POINT('',(-0.923293811104,1.472644194211));
#9371 = CARTESIAN_POINT('',(-0.89552391901,1.429026880417));
#9372 = CARTESIAN_POINT('',(-0.896658214423,1.397122274069));
#9373 = CARTESIAN_POINT('',(-0.917440066644,1.362391270567));
#9374 = ( GEOMETRIC_REPRESENTATION_CONTEXT(2) 
PARAMETRIC_REPRESENTATION_CONTEXT() REPRESENTATION_CONTEXT('2D SPACE',''
  ) );
#9375 = ORIENTED_EDGE('',*,*,#9376,.F.);
#9376 = EDGE_CURVE('',#9377,#9339,#9379,.T.);
#9377 = VERTEX_POINT('',#9378);
#9378 = CARTESIAN_POINT('',(1.967416962768,16.85,-1.773687341953));
#9379 = SURFACE_CURVE('',#9380,(#9385),.PCURVE_S1.);
#9380 = B_SPLINE_CURVE_WITH_KNOTS('',3,(#9381,#9382,#9383,#9384),
  .UNSPECIFIED.,.F.,.F.,(4,4),(-1.,-0.),.PIECEWISE_BEZIER_KNOTS.);
#9381 = CARTESIAN_POINT('',(1.967416962768,16.85,-1.773687341953));
#9382 = CARTESIAN_POINT('',(1.931713103952,16.85,-1.755999985287));
#9383 = CARTESIAN_POINT('',(1.896575343473,16.85,-1.737251657832));
#9384 = CARTESIAN_POINT('',(1.862003681331,16.85,-1.717442359588));
#9385 = PCURVE('',#5924,#9386);
#9386 = DEFINITIONAL_REPRESENTATION('',(#9387),#9392);
#9387 = B_SPLINE_CURVE_WITH_KNOTS('',3,(#9388,#9389,#9390,#9391),
  .UNSPECIFIED.,.F.,.F.,(4,4),(-1.,-0.),.PIECEWISE_BEZIER_KNOTS.);
#9388 = CARTESIAN_POINT('',(-0.878668067585,1.773687341953));
#9389 = CARTESIAN_POINT('',(-0.914371926401,1.755999985287));
#9390 = CARTESIAN_POINT('',(-0.94950968688,1.737251657832));
#9391 = CARTESIAN_POINT('',(-0.984081349022,1.717442359588));
#9392 = ( GEOMETRIC_REPRESENTATION_CONTEXT(2) 
PARAMETRIC_REPRESENTATION_CONTEXT() REPRESENTATION_CONTEXT('2D SPACE',''
  ) );
#9393 = ORIENTED_EDGE('',*,*,#9394,.F.);
#9394 = EDGE_CURVE('',#9395,#9377,#9397,.T.);
#9395 = VERTEX_POINT('',#9396);
#9396 = CARTESIAN_POINT('',(2.225235487654,16.85,-1.520642001041));
#9397 = SURFACE_CURVE('',#9398,(#9422),.PCURVE_S1.);
#9398 = B_SPLINE_CURVE_WITH_KNOTS('',3,(#9399,#9400,#9401,#9402,#9403,
    #9404,#9405,#9406,#9407,#9408,#9409,#9410,#9411,#9412,#9413,#9414,
    #9415,#9416,#9417,#9418,#9419,#9420,#9421),.UNSPECIFIED.,.F.,.F.,(4,
    1,2,2,2,2,1,2,2,1,2,2,4),(-1.,-0.9375,-0.90625,-0.875,-0.8125,-0.75,
    -0.6875,-0.65625,-0.625,-0.5625,-0.53125,-0.5,-0.),.UNSPECIFIED.);
#9399 = CARTESIAN_POINT('',(2.225235487654,16.85,-1.520642001041));
#9400 = CARTESIAN_POINT('',(2.214501389208,16.85,-1.521193161799));
#9401 = CARTESIAN_POINT('',(2.199783174313,16.85,-1.52365045001));
#9402 = CARTESIAN_POINT('',(2.187139358579,16.85,-1.528553558832));
#9403 = CARTESIAN_POINT('',(2.179171125681,16.85,-1.532365813739));
#9404 = CARTESIAN_POINT('',(2.174429342333,16.85,-1.53523076501));
#9405 = CARTESIAN_POINT('',(2.166824392846,16.85,-1.540518496527));
#9406 = CARTESIAN_POINT('',(2.161951206554,16.85,-1.545123968776));
#9407 = CARTESIAN_POINT('',(2.152598394032,16.85,-1.556495549083));
#9408 = CARTESIAN_POINT('',(2.147443697884,16.85,-1.564498424911));
#9409 = CARTESIAN_POINT('',(2.14022814533,16.85,-1.577717741291));
#9410 = CARTESIAN_POINT('',(2.135033944933,16.85,-1.58773908479));
#9411 = CARTESIAN_POINT('',(2.130165940562,16.85,-1.597920712612));
#9412 = CARTESIAN_POINT('',(2.126993092321,16.85,-1.604744083232));
#9413 = CARTESIAN_POINT('',(2.124767871106,16.85,-1.609710678378));
#9414 = CARTESIAN_POINT('',(2.122251186054,16.85,-1.615441289123));
#9415 = CARTESIAN_POINT('',(2.117844390558,16.85,-1.62301481882));
#9416 = CARTESIAN_POINT('',(2.110602429394,16.85,-1.633352726945));
#9417 = CARTESIAN_POINT('',(2.10514441847,16.85,-1.640858972013));
#9418 = CARTESIAN_POINT('',(2.100760179527,16.85,-1.646661796174));
#9419 = CARTESIAN_POINT('',(2.066440117061,16.85,-1.691284762669));
#9420 = CARTESIAN_POINT('',(2.022665320543,16.85,-1.732751651135));
#9421 = CARTESIAN_POINT('',(1.967416962768,16.85,-1.773687341953));
#9422 = PCURVE('',#5924,#9423);
#9423 = DEFINITIONAL_REPRESENTATION('',(#9424),#9448);
#9424 = B_SPLINE_CURVE_WITH_KNOTS('',3,(#9425,#9426,#9427,#9428,#9429,
    #9430,#9431,#9432,#9433,#9434,#9435,#9436,#9437,#9438,#9439,#9440,
    #9441,#9442,#9443,#9444,#9445,#9446,#9447),.UNSPECIFIED.,.F.,.F.,(4,
    1,2,2,2,2,1,2,2,1,2,2,4),(-1.,-0.9375,-0.90625,-0.875,-0.8125,-0.75,
    -0.6875,-0.65625,-0.625,-0.5625,-0.53125,-0.5,-0.),.UNSPECIFIED.);
#9425 = CARTESIAN_POINT('',(-0.620849542699,1.520642001041));
#9426 = CARTESIAN_POINT('',(-0.631583641145,1.521193161799));
#9427 = CARTESIAN_POINT('',(-0.646301856041,1.52365045001));
#9428 = CARTESIAN_POINT('',(-0.658945671774,1.528553558832));
#9429 = CARTESIAN_POINT('',(-0.666913904672,1.532365813739));
#9430 = CARTESIAN_POINT('',(-0.67165568802,1.53523076501));
#9431 = CARTESIAN_POINT('',(-0.679260637507,1.540518496527));
#9432 = CARTESIAN_POINT('',(-0.684133823799,1.545123968776));
#9433 = CARTESIAN_POINT('',(-0.693486636321,1.556495549083));
#9434 = CARTESIAN_POINT('',(-0.69864133247,1.564498424911));
#9435 = CARTESIAN_POINT('',(-0.705856885023,1.577717741291));
#9436 = CARTESIAN_POINT('',(-0.71105108542,1.58773908479));
#9437 = CARTESIAN_POINT('',(-0.715919089791,1.597920712612));
#9438 = CARTESIAN_POINT('',(-0.719091938032,1.604744083232));
#9439 = CARTESIAN_POINT('',(-0.721317159247,1.609710678378));
#9440 = CARTESIAN_POINT('',(-0.723833844299,1.615441289123));
#9441 = CARTESIAN_POINT('',(-0.728240639795,1.62301481882));
#9442 = CARTESIAN_POINT('',(-0.735482600959,1.633352726945));
#9443 = CARTESIAN_POINT('',(-0.740940611883,1.640858972013));
#9444 = CARTESIAN_POINT('',(-0.745324850826,1.646661796174));
#9445 = CARTESIAN_POINT('',(-0.779644913292,1.691284762669));
#9446 = CARTESIAN_POINT('',(-0.82341970981,1.732751651135));
#9447 = CARTESIAN_POINT('',(-0.878668067585,1.773687341953));
#9448 = ( GEOMETRIC_REPRESENTATION_CONTEXT(2) 
PARAMETRIC_REPRESENTATION_CONTEXT() REPRESENTATION_CONTEXT('2D SPACE',''
  ) );
#9449 = ORIENTED_EDGE('',*,*,#9450,.F.);
#9450 = EDGE_CURVE('',#9451,#9395,#9453,.T.);
#9451 = VERTEX_POINT('',#9452);
#9452 = CARTESIAN_POINT('',(2.296280961809,16.85,-1.547747310194));
#9453 = SURFACE_CURVE('',#9454,(#9459),.PCURVE_S1.);
#9454 = B_SPLINE_CURVE_WITH_KNOTS('',3,(#9455,#9456,#9457,#9458),
  .UNSPECIFIED.,.F.,.F.,(4,4),(-1.,-0.),.PIECEWISE_BEZIER_KNOTS.);
#9455 = CARTESIAN_POINT('',(2.296280961809,16.85,-1.547747310194));
#9456 = CARTESIAN_POINT('',(2.272599137091,16.85,-1.538712207143));
#9457 = CARTESIAN_POINT('',(2.248917312372,16.85,-1.529677104092));
#9458 = CARTESIAN_POINT('',(2.225235487654,16.85,-1.520642001041));
#9459 = PCURVE('',#5924,#9460);
#9460 = DEFINITIONAL_REPRESENTATION('',(#9461),#9466);
#9461 = B_SPLINE_CURVE_WITH_KNOTS('',3,(#9462,#9463,#9464,#9465),
  .UNSPECIFIED.,.F.,.F.,(4,4),(-1.,-0.),.PIECEWISE_BEZIER_KNOTS.);
#9462 = CARTESIAN_POINT('',(-0.549804068544,1.547747310194));
#9463 = CARTESIAN_POINT('',(-0.573485893263,1.538712207143));
#9464 = CARTESIAN_POINT('',(-0.597167717981,1.529677104092));
#9465 = CARTESIAN_POINT('',(-0.620849542699,1.520642001041));
#9466 = ( GEOMETRIC_REPRESENTATION_CONTEXT(2) 
PARAMETRIC_REPRESENTATION_CONTEXT() REPRESENTATION_CONTEXT('2D SPACE',''
  ) );
#9467 = ORIENTED_EDGE('',*,*,#9468,.F.);
#9468 = EDGE_CURVE('',#9469,#9451,#9471,.T.);
#9469 = VERTEX_POINT('',#9470);
#9470 = CARTESIAN_POINT('',(2.320030953127,16.85,-1.908216829355));
#9471 = SURFACE_CURVE('',#9472,(#9487),.PCURVE_S1.);
#9472 = B_SPLINE_CURVE_WITH_KNOTS('',3,(#9473,#9474,#9475,#9476,#9477,
    #9478,#9479,#9480,#9481,#9482,#9483,#9484,#9485,#9486),
  .UNSPECIFIED.,.F.,.F.,(4,1,1,2,2,2,2,4),(-1.,-0.75,-0.625,-0.5625,-0.5
    ,-0.375,-0.25,-0.),.UNSPECIFIED.);
#9473 = CARTESIAN_POINT('',(2.320030953127,16.85,-1.908216829355));
#9474 = CARTESIAN_POINT('',(2.313158989187,16.85,-1.875027621893));
#9475 = CARTESIAN_POINT('',(2.306118789194,16.85,-1.827603129377));
#9476 = CARTESIAN_POINT('',(2.303623777891,16.85,-1.776403362463));
#9477 = CARTESIAN_POINT('',(2.303779892051,16.85,-1.755345349719));
#9478 = CARTESIAN_POINT('',(2.304156280318,16.85,-1.741503284446));
#9479 = CARTESIAN_POINT('',(2.304365117023,16.85,-1.736367312547));
#9480 = CARTESIAN_POINT('',(2.306093176425,16.85,-1.711133776929));
#9481 = CARTESIAN_POINT('',(2.307826652067,16.85,-1.697753114079));
#9482 = CARTESIAN_POINT('',(2.31465941009,16.85,-1.668416976508));
#9483 = CARTESIAN_POINT('',(2.318029910636,16.85,-1.65599220255));
#9484 = CARTESIAN_POINT('',(2.334080175659,16.85,-1.606839115544));
#9485 = CARTESIAN_POINT('',(2.325047163269,16.85,-1.576218938871));
#9486 = CARTESIAN_POINT('',(2.296280961809,16.85,-1.547747310194));
#9487 = PCURVE('',#5924,#9488);
#9488 = DEFINITIONAL_REPRESENTATION('',(#9489),#9504);
#9489 = B_SPLINE_CURVE_WITH_KNOTS('',3,(#9490,#9491,#9492,#9493,#9494,
    #9495,#9496,#9497,#9498,#9499,#9500,#9501,#9502,#9503),
  .UNSPECIFIED.,.F.,.F.,(4,1,1,2,2,2,2,4),(-1.,-0.75,-0.625,-0.5625,-0.5
    ,-0.375,-0.25,-0.),.UNSPECIFIED.);
#9490 = CARTESIAN_POINT('',(-0.526054077226,1.908216829355));
#9491 = CARTESIAN_POINT('',(-0.532926041166,1.875027621893));
#9492 = CARTESIAN_POINT('',(-0.539966241159,1.827603129377));
#9493 = CARTESIAN_POINT('',(-0.542461252462,1.776403362463));
#9494 = CARTESIAN_POINT('',(-0.542305138302,1.755345349719));
#9495 = CARTESIAN_POINT('',(-0.541928750036,1.741503284446));
#9496 = CARTESIAN_POINT('',(-0.54171991333,1.736367312547));
#9497 = CARTESIAN_POINT('',(-0.539991853928,1.711133776929));
#9498 = CARTESIAN_POINT('',(-0.538258378286,1.697753114079));
#9499 = CARTESIAN_POINT('',(-0.531425620263,1.668416976508));
#9500 = CARTESIAN_POINT('',(-0.528055119718,1.65599220255));
#9501 = CARTESIAN_POINT('',(-0.512004854694,1.606839115544));
#9502 = CARTESIAN_POINT('',(-0.521037867084,1.576218938871));
#9503 = CARTESIAN_POINT('',(-0.549804068544,1.547747310194));
#9504 = ( GEOMETRIC_REPRESENTATION_CONTEXT(2) 
PARAMETRIC_REPRESENTATION_CONTEXT() REPRESENTATION_CONTEXT('2D SPACE',''
  ) );
#9505 = ORIENTED_EDGE('',*,*,#9506,.F.);
#9506 = EDGE_CURVE('',#9507,#9469,#9509,.T.);
#9507 = VERTEX_POINT('',#9508);
#9508 = CARTESIAN_POINT('',(2.436120040805,16.85,-1.936479555106));
#9509 = SURFACE_CURVE('',#9510,(#9515),.PCURVE_S1.);
#9510 = B_SPLINE_CURVE_WITH_KNOTS('',3,(#9511,#9512,#9513,#9514),
  .UNSPECIFIED.,.F.,.F.,(4,4),(-1.,-0.),.PIECEWISE_BEZIER_KNOTS.);
#9511 = CARTESIAN_POINT('',(2.436120040805,16.85,-1.936479555106));
#9512 = CARTESIAN_POINT('',(2.397139217635,16.85,-1.928227067895));
#9513 = CARTESIAN_POINT('',(2.358442855075,16.85,-1.918806159311));
#9514 = CARTESIAN_POINT('',(2.320030953127,16.85,-1.908216829355));
#9515 = PCURVE('',#5924,#9516);
#9516 = DEFINITIONAL_REPRESENTATION('',(#9517),#9522);
#9517 = B_SPLINE_CURVE_WITH_KNOTS('',3,(#9518,#9519,#9520,#9521),
  .UNSPECIFIED.,.F.,.F.,(4,4),(-1.,-0.),.PIECEWISE_BEZIER_KNOTS.);
#9518 = CARTESIAN_POINT('',(-0.409964989549,1.936479555106));
#9519 = CARTESIAN_POINT('',(-0.448945812719,1.928227067895));
#9520 = CARTESIAN_POINT('',(-0.487642175278,1.918806159311));
#9521 = CARTESIAN_POINT('',(-0.526054077226,1.908216829355));
#9522 = ( GEOMETRIC_REPRESENTATION_CONTEXT(2) 
PARAMETRIC_REPRESENTATION_CONTEXT() REPRESENTATION_CONTEXT('2D SPACE',''
  ) );
#9523 = ORIENTED_EDGE('',*,*,#9524,.F.);
#9524 = EDGE_CURVE('',#9525,#9507,#9527,.T.);
#9525 = VERTEX_POINT('',#9526);
#9526 = CARTESIAN_POINT('',(2.622908905358,16.85,-1.627267239034));
#9527 = SURFACE_CURVE('',#9528,(#9552),.PCURVE_S1.);
#9528 = B_SPLINE_CURVE_WITH_KNOTS('',3,(#9529,#9530,#9531,#9532,#9533,
    #9534,#9535,#9536,#9537,#9538,#9539,#9540,#9541,#9542,#9543,#9544,
    #9545,#9546,#9547,#9548,#9549,#9550,#9551),.UNSPECIFIED.,.F.,.F.,(4,
    1,2,2,2,2,1,2,2,1,2,2,4),(-1.,-0.9375,-0.90625,-0.875,-0.8125,-0.75,
    -0.6875,-0.65625,-0.625,-0.5625,-0.53125,-0.5,-0.),.UNSPECIFIED.);
#9529 = CARTESIAN_POINT('',(2.622908905358,16.85,-1.627267239034));
#9530 = CARTESIAN_POINT('',(2.612649106459,16.85,-1.630470545794));
#9531 = CARTESIAN_POINT('',(2.599004394078,16.85,-1.636510904979));
#9532 = CARTESIAN_POINT('',(2.587977160645,16.85,-1.644404362729));
#9533 = CARTESIAN_POINT('',(2.581207333679,16.85,-1.650078467578));
#9534 = CARTESIAN_POINT('',(2.577327006583,16.85,-1.654032644703));
#9535 = CARTESIAN_POINT('',(2.571275985923,16.85,-1.661045526441));
#9536 = CARTESIAN_POINT('',(2.567701234113,16.85,-1.666718221459));
#9537 = CARTESIAN_POINT('',(2.561470254419,16.85,-1.68005849255));
#9538 = CARTESIAN_POINT('',(2.558467736815,16.85,-1.689091864122));
#9539 = CARTESIAN_POINT('',(2.554766384413,16.85,-1.703690306319));
#9540 = CARTESIAN_POINT('',(2.552227576157,16.85,-1.714688555995));
#9541 = CARTESIAN_POINT('',(2.550044576969,16.85,-1.725760932714));
#9542 = CARTESIAN_POINT('',(2.548668312859,16.85,-1.73315898987));
#9543 = CARTESIAN_POINT('',(2.547748143047,16.85,-1.738522940309));
#9544 = CARTESIAN_POINT('',(2.546735669224,16.85,-1.744699387501));
#9545 = CARTESIAN_POINT('',(2.544350781557,16.85,-1.753130906311));
#9546 = CARTESIAN_POINT('',(2.539907273126,16.85,-1.764945032547));
#9547 = CARTESIAN_POINT('',(2.53648746289,16.85,-1.773572807244));
#9548 = CARTESIAN_POINT('',(2.533684066562,16.85,-1.780283640901));
#9549 = CARTESIAN_POINT('',(2.511539512471,16.85,-1.83203974731));
#9550 = CARTESIAN_POINT('',(2.479452377495,16.85,-1.883090226429));
#9551 = CARTESIAN_POINT('',(2.436120040805,16.85,-1.936479555106));
#9552 = PCURVE('',#5924,#9553);
#9553 = DEFINITIONAL_REPRESENTATION('',(#9554),#9578);
#9554 = B_SPLINE_CURVE_WITH_KNOTS('',3,(#9555,#9556,#9557,#9558,#9559,
    #9560,#9561,#9562,#9563,#9564,#9565,#9566,#9567,#9568,#9569,#9570,
    #9571,#9572,#9573,#9574,#9575,#9576,#9577),.UNSPECIFIED.,.F.,.F.,(4,
    1,2,2,2,2,1,2,2,1,2,2,4),(-1.,-0.9375,-0.90625,-0.875,-0.8125,-0.75,
    -0.6875,-0.65625,-0.625,-0.5625,-0.53125,-0.5,-0.),.UNSPECIFIED.);
#9555 = CARTESIAN_POINT('',(-0.223176124995,1.627267239034));
#9556 = CARTESIAN_POINT('',(-0.233435923894,1.630470545794));
#9557 = CARTESIAN_POINT('',(-0.247080636276,1.636510904979));
#9558 = CARTESIAN_POINT('',(-0.258107869708,1.644404362729));
#9559 = CARTESIAN_POINT('',(-0.264877696674,1.650078467578));
#9560 = CARTESIAN_POINT('',(-0.26875802377,1.654032644703));
#9561 = CARTESIAN_POINT('',(-0.27480904443,1.661045526441));
#9562 = CARTESIAN_POINT('',(-0.27838379624,1.666718221459));
#9563 = CARTESIAN_POINT('',(-0.284614775934,1.68005849255));
#9564 = CARTESIAN_POINT('',(-0.287617293538,1.689091864122));
#9565 = CARTESIAN_POINT('',(-0.29131864594,1.703690306319));
#9566 = CARTESIAN_POINT('',(-0.293857454196,1.714688555995));
#9567 = CARTESIAN_POINT('',(-0.296040453384,1.725760932714));
#9568 = CARTESIAN_POINT('',(-0.297416717494,1.73315898987));
#9569 = CARTESIAN_POINT('',(-0.298336887306,1.738522940309));
#9570 = CARTESIAN_POINT('',(-0.299349361129,1.744699387501));
#9571 = CARTESIAN_POINT('',(-0.301734248796,1.753130906311));
#9572 = CARTESIAN_POINT('',(-0.306177757227,1.764945032547));
#9573 = CARTESIAN_POINT('',(-0.309597567463,1.773572807244));
#9574 = CARTESIAN_POINT('',(-0.312400963792,1.780283640901));
#9575 = CARTESIAN_POINT('',(-0.334545517882,1.83203974731));
#9576 = CARTESIAN_POINT('',(-0.366632652858,1.883090226429));
#9577 = CARTESIAN_POINT('',(-0.409964989549,1.936479555106));
#9578 = ( GEOMETRIC_REPRESENTATION_CONTEXT(2) 
PARAMETRIC_REPRESENTATION_CONTEXT() REPRESENTATION_CONTEXT('2D SPACE',''
  ) );
#9579 = ORIENTED_EDGE('',*,*,#9580,.F.);
#9580 = EDGE_CURVE('',#9581,#9525,#9583,.T.);
#9581 = VERTEX_POINT('',#9582);
#9582 = CARTESIAN_POINT('',(2.698463171573,16.85,-1.635852694105));
#9583 = SURFACE_CURVE('',#9584,(#9589),.PCURVE_S1.);
#9584 = B_SPLINE_CURVE_WITH_KNOTS('',3,(#9585,#9586,#9587,#9588),
  .UNSPECIFIED.,.F.,.F.,(4,4),(-1.,-0.),.PIECEWISE_BEZIER_KNOTS.);
#9585 = CARTESIAN_POINT('',(2.698463171573,16.85,-1.635852694105));
#9586 = CARTESIAN_POINT('',(2.673278416168,16.85,-1.632990875748));
#9587 = CARTESIAN_POINT('',(2.648093660763,16.85,-1.630129057391));
#9588 = CARTESIAN_POINT('',(2.622908905358,16.85,-1.627267239034));
#9589 = PCURVE('',#5924,#9590);
#9590 = DEFINITIONAL_REPRESENTATION('',(#9591),#9596);
#9591 = B_SPLINE_CURVE_WITH_KNOTS('',3,(#9592,#9593,#9594,#9595),
  .UNSPECIFIED.,.F.,.F.,(4,4),(-1.,-0.),.PIECEWISE_BEZIER_KNOTS.);
#9592 = CARTESIAN_POINT('',(-0.14762185878,1.635852694105));
#9593 = CARTESIAN_POINT('',(-0.172806614185,1.632990875748));
#9594 = CARTESIAN_POINT('',(-0.19799136959,1.630129057391));
#9595 = CARTESIAN_POINT('',(-0.223176124995,1.627267239034));
#9596 = ( GEOMETRIC_REPRESENTATION_CONTEXT(2) 
PARAMETRIC_REPRESENTATION_CONTEXT() REPRESENTATION_CONTEXT('2D SPACE',''
  ) );
#9597 = ORIENTED_EDGE('',*,*,#9598,.F.);
#9598 = EDGE_CURVE('',#9599,#9581,#9601,.T.);
#9599 = VERTEX_POINT('',#9600);
#9600 = CARTESIAN_POINT('',(2.811112137288,16.85,-1.979091017804));
#9601 = SURFACE_CURVE('',#9602,(#9617),.PCURVE_S1.);
#9602 = B_SPLINE_CURVE_WITH_KNOTS('',3,(#9603,#9604,#9605,#9606,#9607,
    #9608,#9609,#9610,#9611,#9612,#9613,#9614,#9615,#9616),
  .UNSPECIFIED.,.F.,.F.,(4,1,1,2,2,2,2,4),(-1.,-0.75,-0.625,-0.5625,-0.5
    ,-0.375,-0.25,-0.),.UNSPECIFIED.);
#9603 = CARTESIAN_POINT('',(2.811112137288,16.85,-1.979091017804));
#9604 = CARTESIAN_POINT('',(2.796202248472,16.85,-1.948653498261));
#9605 = CARTESIAN_POINT('',(2.777589237616,16.85,-1.904469759928));
#9606 = CARTESIAN_POINT('',(2.762439747424,16.85,-1.85549901192));
#9607 = CARTESIAN_POINT('',(2.757354042157,16.85,-1.835063751356));
#9608 = CARTESIAN_POINT('',(2.754276223843,16.85,-1.821562956062));
#9609 = CARTESIAN_POINT('',(2.753201235288,16.85,-1.816536404588));
#9610 = CARTESIAN_POINT('',(2.7485996794,16.85,-1.791665875995));
#9611 = CARTESIAN_POINT('',(2.746951059183,16.85,-1.778274493412));
#9612 = CARTESIAN_POINT('',(2.746273552805,16.85,-1.748160766727));
#9613 = CARTESIAN_POINT('',(2.746448247245,16.85,-1.73528813049));
#9614 = CARTESIAN_POINT('',(2.749770388017,16.85,-1.683687739501));
#9615 = CARTESIAN_POINT('',(2.73340623604,16.85,-1.656275970816));
#9616 = CARTESIAN_POINT('',(2.698463171573,16.85,-1.635852694105));
#9617 = PCURVE('',#5924,#9618);
#9618 = DEFINITIONAL_REPRESENTATION('',(#9619),#9634);
#9619 = B_SPLINE_CURVE_WITH_KNOTS('',3,(#9620,#9621,#9622,#9623,#9624,
    #9625,#9626,#9627,#9628,#9629,#9630,#9631,#9632,#9633),
  .UNSPECIFIED.,.F.,.F.,(4,1,1,2,2,2,2,4),(-1.,-0.75,-0.625,-0.5625,-0.5
    ,-0.375,-0.25,-0.),.UNSPECIFIED.);
#9620 = CARTESIAN_POINT('',(-3.49728930655E-02,1.979091017804));
#9621 = CARTESIAN_POINT('',(-4.988278188062E-02,1.948653498261));
#9622 = CARTESIAN_POINT('',(-6.849579273726E-02,1.904469759928));
#9623 = CARTESIAN_POINT('',(-8.364528292946E-02,1.85549901192));
#9624 = CARTESIAN_POINT('',(-8.8730988196E-02,1.835063751356));
#9625 = CARTESIAN_POINT('',(-9.180880650986E-02,1.821562956062));
#9626 = CARTESIAN_POINT('',(-9.288379506538E-02,1.816536404588));
#9627 = CARTESIAN_POINT('',(-9.748535095312E-02,1.791665875995));
#9628 = CARTESIAN_POINT('',(-9.913397117053E-02,1.778274493412));
#9629 = CARTESIAN_POINT('',(-9.981147754778E-02,1.748160766727));
#9630 = CARTESIAN_POINT('',(-9.96367831081E-02,1.73528813049));
#9631 = CARTESIAN_POINT('',(-9.631464233634E-02,1.683687739501));
#9632 = CARTESIAN_POINT('',(-0.112678794313,1.656275970816));
#9633 = CARTESIAN_POINT('',(-0.14762185878,1.635852694105));
#9634 = ( GEOMETRIC_REPRESENTATION_CONTEXT(2) 
PARAMETRIC_REPRESENTATION_CONTEXT() REPRESENTATION_CONTEXT('2D SPACE',''
  ) );
#9635 = ORIENTED_EDGE('',*,*,#9636,.F.);
#9636 = EDGE_CURVE('',#9637,#9599,#9639,.T.);
#9637 = VERTEX_POINT('',#9638);
#9638 = CARTESIAN_POINT('',(2.930582726881,16.85,-1.977595635938));
#9639 = SURFACE_CURVE('',#9640,(#9645),.PCURVE_S1.);
#9640 = B_SPLINE_CURVE_WITH_KNOTS('',3,(#9641,#9642,#9643,#9644),
  .UNSPECIFIED.,.F.,.F.,(4,4),(-1.,-0.),.PIECEWISE_BEZIER_KNOTS.);
#9641 = CARTESIAN_POINT('',(2.930582726881,16.85,-1.977595635938));
#9642 = CARTESIAN_POINT('',(2.890774247838,16.85,-1.979296552304));
#9643 = CARTESIAN_POINT('',(2.850950717973,16.85,-1.979795012925));
#9644 = CARTESIAN_POINT('',(2.811112137288,16.85,-1.979091017804));
#9645 = PCURVE('',#5924,#9646);
#9646 = DEFINITIONAL_REPRESENTATION('',(#9647),#9652);
#9647 = B_SPLINE_CURVE_WITH_KNOTS('',3,(#9648,#9649,#9650,#9651),
  .UNSPECIFIED.,.F.,.F.,(4,4),(-1.,-0.),.PIECEWISE_BEZIER_KNOTS.);
#9648 = CARTESIAN_POINT('',(8.449769652747E-02,1.977595635938));
#9649 = CARTESIAN_POINT('',(4.46892174846E-02,1.979296552304));
#9650 = CARTESIAN_POINT('',(4.865687620279E-03,1.979795012925));
#9651 = CARTESIAN_POINT('',(-3.49728930655E-02,1.979091017804));
#9652 = ( GEOMETRIC_REPRESENTATION_CONTEXT(2) 
PARAMETRIC_REPRESENTATION_CONTEXT() REPRESENTATION_CONTEXT('2D SPACE',''
  ) );
#9653 = ORIENTED_EDGE('',*,*,#9654,.F.);
#9654 = EDGE_CURVE('',#9655,#9637,#9657,.T.);
#9655 = VERTEX_POINT('',#9656);
#9656 = CARTESIAN_POINT('',(3.034605299779,16.85,-1.631645291727));
#9657 = SURFACE_CURVE('',#9658,(#9682),.PCURVE_S1.);
#9658 = B_SPLINE_CURVE_WITH_KNOTS('',3,(#9659,#9660,#9661,#9662,#9663,
    #9664,#9665,#9666,#9667,#9668,#9669,#9670,#9671,#9672,#9673,#9674,
    #9675,#9676,#9677,#9678,#9679,#9680,#9681),.UNSPECIFIED.,.F.,.F.,(4,
    1,2,2,2,2,1,2,2,1,2,2,4),(-1.,-0.9375,-0.90625,-0.875,-0.8125,-0.75,
    -0.6875,-0.65625,-0.625,-0.5625,-0.53125,-0.5,-0.),.UNSPECIFIED.);
#9659 = CARTESIAN_POINT('',(3.034605299779,16.85,-1.631645291727));
#9660 = CARTESIAN_POINT('',(3.025464461326,16.85,-1.637299468946));
#9661 = CARTESIAN_POINT('',(3.013750598919,16.85,-1.646543361122));
#9662 = CARTESIAN_POINT('',(3.00503282942,16.85,-1.65693119282));
#9663 = CARTESIAN_POINT('',(2.999886781511,16.85,-1.664110622735));
#9664 = CARTESIAN_POINT('',(2.997111725889,16.85,-1.668905570222));
#9665 = CARTESIAN_POINT('',(2.992994841939,16.85,-1.67720295703));
#9666 = CARTESIAN_POINT('',(2.990943139414,16.85,-1.683586438527));
#9667 = CARTESIAN_POINT('',(2.988225507918,16.85,-1.698057182107));
#9668 = CARTESIAN_POINT('',(2.987563828083,16.85,-1.707553449465));
#9669 = CARTESIAN_POINT('',(2.987609245415,16.85,-1.722613743666));
#9670 = CARTESIAN_POINT('',(2.98788535196,16.85,-1.733897839043));
#9671 = CARTESIAN_POINT('',(2.988524523823,16.85,-1.745165246509));
#9672 = CARTESIAN_POINT('',(2.98903131958,16.85,-1.752673143061));
#9673 = CARTESIAN_POINT('',(2.989474018824,16.85,-1.758097412061));
#9674 = CARTESIAN_POINT('',(2.990029373683,16.85,-1.764331606807));
#9675 = CARTESIAN_POINT('',(2.989816245109,16.85,-1.773091331394));
#9676 = CARTESIAN_POINT('',(2.988450391387,16.85,-1.78563935074));
#9677 = CARTESIAN_POINT('',(2.987283661094,16.85,-1.794846540251));
#9678 = CARTESIAN_POINT('',(2.986237255081,16.85,-1.802043717045));
#9679 = CARTESIAN_POINT('',(2.977659633141,16.85,-1.857680936856));
#9680 = CARTESIAN_POINT('',(2.959276312406,16.85,-1.915107317275));
#9681 = CARTESIAN_POINT('',(2.930582726881,16.85,-1.977595635938));
#9682 = PCURVE('',#5924,#9683);
#9683 = DEFINITIONAL_REPRESENTATION('',(#9684),#9708);
#9684 = B_SPLINE_CURVE_WITH_KNOTS('',3,(#9685,#9686,#9687,#9688,#9689,
    #9690,#9691,#9692,#9693,#9694,#9695,#9696,#9697,#9698,#9699,#9700,
    #9701,#9702,#9703,#9704,#9705,#9706,#9707),.UNSPECIFIED.,.F.,.F.,(4,
    1,2,2,2,2,1,2,2,1,2,2,4),(-1.,-0.9375,-0.90625,-0.875,-0.8125,-0.75,
    -0.6875,-0.65625,-0.625,-0.5625,-0.53125,-0.5,-0.),.UNSPECIFIED.);
#9685 = CARTESIAN_POINT('',(0.188520269426,1.631645291727));
#9686 = CARTESIAN_POINT('',(0.179379430973,1.637299468946));
#9687 = CARTESIAN_POINT('',(0.167665568566,1.646543361122));
#9688 = CARTESIAN_POINT('',(0.158947799067,1.65693119282));
#9689 = CARTESIAN_POINT('',(0.153801751158,1.664110622735));
#9690 = CARTESIAN_POINT('',(0.151026695536,1.668905570222));
#9691 = CARTESIAN_POINT('',(0.146909811586,1.67720295703));
#9692 = CARTESIAN_POINT('',(0.144858109061,1.683586438527));
#9693 = CARTESIAN_POINT('',(0.142140477565,1.698057182107));
#9694 = CARTESIAN_POINT('',(0.14147879773,1.707553449465));
#9695 = CARTESIAN_POINT('',(0.141524215062,1.722613743666));
#9696 = CARTESIAN_POINT('',(0.141800321606,1.733897839043));
#9697 = CARTESIAN_POINT('',(0.14243949347,1.745165246509));
#9698 = CARTESIAN_POINT('',(0.142946289227,1.752673143061));
#9699 = CARTESIAN_POINT('',(0.143388988471,1.758097412061));
#9700 = CARTESIAN_POINT('',(0.14394434333,1.764331606807));
#9701 = CARTESIAN_POINT('',(0.143731214756,1.773091331394));
#9702 = CARTESIAN_POINT('',(0.142365361034,1.78563935074));
#9703 = CARTESIAN_POINT('',(0.141198630741,1.794846540251));
#9704 = CARTESIAN_POINT('',(0.140152224728,1.802043717045));
#9705 = CARTESIAN_POINT('',(0.131574602788,1.857680936856));
#9706 = CARTESIAN_POINT('',(0.113191282053,1.915107317275));
#9707 = CARTESIAN_POINT('',(8.449769652747E-02,1.977595635938));
#9708 = ( GEOMETRIC_REPRESENTATION_CONTEXT(2) 
PARAMETRIC_REPRESENTATION_CONTEXT() REPRESENTATION_CONTEXT('2D SPACE',''
  ) );
#9709 = ORIENTED_EDGE('',*,*,#9710,.F.);
#9710 = EDGE_CURVE('',#9711,#9655,#9713,.T.);
#9711 = VERTEX_POINT('',#9712);
#9712 = CARTESIAN_POINT('',(3.109921005639,16.85,-1.621171437));
#9713 = SURFACE_CURVE('',#9714,(#9719),.PCURVE_S1.);
#9714 = B_SPLINE_CURVE_WITH_KNOTS('',3,(#9715,#9716,#9717,#9718),
  .UNSPECIFIED.,.F.,.F.,(4,4),(-1.,-0.),.PIECEWISE_BEZIER_KNOTS.);
#9715 = CARTESIAN_POINT('',(3.109921005639,16.85,-1.621171437));
#9716 = CARTESIAN_POINT('',(3.084815770352,16.85,-1.624662721909));
#9717 = CARTESIAN_POINT('',(3.059710535066,16.85,-1.628154006818));
#9718 = CARTESIAN_POINT('',(3.034605299779,16.85,-1.631645291727));
#9719 = PCURVE('',#5924,#9720);
#9720 = DEFINITIONAL_REPRESENTATION('',(#9721),#9726);
#9721 = B_SPLINE_CURVE_WITH_KNOTS('',3,(#9722,#9723,#9724,#9725),
  .UNSPECIFIED.,.F.,.F.,(4,4),(-1.,-0.),.PIECEWISE_BEZIER_KNOTS.);
#9722 = CARTESIAN_POINT('',(0.263835975286,1.621171437));
#9723 = CARTESIAN_POINT('',(0.238730739999,1.624662721909));
#9724 = CARTESIAN_POINT('',(0.213625504713,1.628154006818));
#9725 = CARTESIAN_POINT('',(0.188520269426,1.631645291727));
#9726 = ( GEOMETRIC_REPRESENTATION_CONTEXT(2) 
PARAMETRIC_REPRESENTATION_CONTEXT() REPRESENTATION_CONTEXT('2D SPACE',''
  ) );
#9727 = ORIENTED_EDGE('',*,*,#9728,.F.);
#9728 = EDGE_CURVE('',#9729,#9711,#9731,.T.);
#9729 = VERTEX_POINT('',#9730);
#9730 = CARTESIAN_POINT('',(3.30439079694,16.85,-1.925611639016));
#9731 = SURFACE_CURVE('',#9732,(#9747),.PCURVE_S1.);
#9732 = B_SPLINE_CURVE_WITH_KNOTS('',3,(#9733,#9734,#9735,#9736,#9737,
    #9738,#9739,#9740,#9741,#9742,#9743,#9744,#9745,#9746),
  .UNSPECIFIED.,.F.,.F.,(4,1,1,2,2,2,2,4),(-1.,-0.75,-0.625,-0.5625,-0.5
    ,-0.375,-0.25,-0.),.UNSPECIFIED.);
#9733 = CARTESIAN_POINT('',(3.30439079694,16.85,-1.925611639016));
#9734 = CARTESIAN_POINT('',(3.282379826399,16.85,-1.899838308687));
#9735 = CARTESIAN_POINT('',(3.253363528605,16.85,-1.861671551312));
#9736 = CARTESIAN_POINT('',(3.226511457709,16.85,-1.818006834411));
#9737 = CARTESIAN_POINT('',(3.216503486581,16.85,-1.799478348604));
#9738 = CARTESIAN_POINT('',(3.210164852331,16.85,-1.787167127909));
#9739 = CARTESIAN_POINT('',(3.207873583999,16.85,-1.782565833575));
#9740 = CARTESIAN_POINT('',(3.197231545502,16.85,-1.759621018787));
#9741 = CARTESIAN_POINT('',(3.192304418296,16.85,-1.747060346288));
#9742 = CARTESIAN_POINT('',(3.184159217736,16.85,-1.718061186687));
#9743 = CARTESIAN_POINT('',(3.181127129376,16.85,-1.705549523247));
#9744 = CARTESIAN_POINT('',(3.171512403573,16.85,-1.654744070614));
#9745 = CARTESIAN_POINT('',(3.148845331861,16.85,-1.632263092158));
#9746 = CARTESIAN_POINT('',(3.109921005639,16.85,-1.621171437));
#9747 = PCURVE('',#5924,#9748);
#9748 = DEFINITIONAL_REPRESENTATION('',(#9749),#9764);
#9749 = B_SPLINE_CURVE_WITH_KNOTS('',3,(#9750,#9751,#9752,#9753,#9754,
    #9755,#9756,#9757,#9758,#9759,#9760,#9761,#9762,#9763),
  .UNSPECIFIED.,.F.,.F.,(4,1,1,2,2,2,2,4),(-1.,-0.75,-0.625,-0.5625,-0.5
    ,-0.375,-0.25,-0.),.UNSPECIFIED.);
#9750 = CARTESIAN_POINT('',(0.458305766587,1.925611639016));
#9751 = CARTESIAN_POINT('',(0.436294796046,1.899838308687));
#9752 = CARTESIAN_POINT('',(0.407278498252,1.861671551312));
#9753 = CARTESIAN_POINT('',(0.380426427356,1.818006834411));
#9754 = CARTESIAN_POINT('',(0.370418456228,1.799478348604));
#9755 = CARTESIAN_POINT('',(0.364079821978,1.787167127909));
#9756 = CARTESIAN_POINT('',(0.361788553646,1.782565833575));
#9757 = CARTESIAN_POINT('',(0.351146515148,1.759621018787));
#9758 = CARTESIAN_POINT('',(0.346219387943,1.747060346288));
#9759 = CARTESIAN_POINT('',(0.338074187383,1.718061186687));
#9760 = CARTESIAN_POINT('',(0.335042099022,1.705549523247));
#9761 = CARTESIAN_POINT('',(0.32542737322,1.654744070614));
#9762 = CARTESIAN_POINT('',(0.302760301508,1.632263092158));
#9763 = CARTESIAN_POINT('',(0.263835975286,1.621171437));
#9764 = ( GEOMETRIC_REPRESENTATION_CONTEXT(2) 
PARAMETRIC_REPRESENTATION_CONTEXT() REPRESENTATION_CONTEXT('2D SPACE',''
  ) );
#9765 = ORIENTED_EDGE('',*,*,#9766,.F.);
#9766 = EDGE_CURVE('',#8716,#9729,#9767,.T.);
#9767 = SURFACE_CURVE('',#9768,(#9773),.PCURVE_S1.);
#9768 = B_SPLINE_CURVE_WITH_KNOTS('',3,(#9769,#9770,#9771,#9772),
  .UNSPECIFIED.,.F.,.F.,(4,4),(-1.,-0.),.PIECEWISE_BEZIER_KNOTS.);
#9769 = CARTESIAN_POINT('',(3.419736111919,16.85,-1.894452109896));
#9770 = CARTESIAN_POINT('',(3.381601290151,16.85,-1.905999554987));
#9771 = CARTESIAN_POINT('',(3.343152851823,16.85,-1.916386064701));
#9772 = CARTESIAN_POINT('',(3.30439079694,16.85,-1.925611639016));
#9773 = PCURVE('',#5924,#9774);
#9774 = DEFINITIONAL_REPRESENTATION('',(#9775),#9780);
#9775 = B_SPLINE_CURVE_WITH_KNOTS('',3,(#9776,#9777,#9778,#9779),
  .UNSPECIFIED.,.F.,.F.,(4,4),(-1.,-0.),.PIECEWISE_BEZIER_KNOTS.);
#9776 = CARTESIAN_POINT('',(0.573651081566,1.894452109896));
#9777 = CARTESIAN_POINT('',(0.535516259798,1.905999554987));
#9778 = CARTESIAN_POINT('',(0.49706782147,1.916386064701));
#9779 = CARTESIAN_POINT('',(0.458305766587,1.925611639016));
#9780 = ( GEOMETRIC_REPRESENTATION_CONTEXT(2) 
PARAMETRIC_REPRESENTATION_CONTEXT() REPRESENTATION_CONTEXT('2D SPACE',''
  ) );
#9781 = ORIENTED_EDGE('',*,*,#8730,.F.);
#9782 = ORIENTED_EDGE('',*,*,#8689,.F.);
#9783 = ORIENTED_EDGE('',*,*,#9784,.F.);
#9784 = EDGE_CURVE('',#8607,#8650,#9785,.T.);
#9785 = SURFACE_CURVE('',#9786,(#9801),.PCURVE_S1.);
#9786 = B_SPLINE_CURVE_WITH_KNOTS('',3,(#9787,#9788,#9789,#9790,#9791,
    #9792,#9793,#9794,#9795,#9796,#9797,#9798,#9799,#9800),
  .UNSPECIFIED.,.F.,.F.,(4,1,1,2,2,2,2,4),(-1.,-0.75,-0.625,-0.5625,-0.5
    ,-0.375,-0.25,-0.),.UNSPECIFIED.);
#9787 = CARTESIAN_POINT('',(3.768872419748,16.85,-1.751138999044));
#9788 = CARTESIAN_POINT('',(3.74114339771,16.85,-1.731649291062));
#9789 = CARTESIAN_POINT('',(3.703547013683,16.85,-1.701897672378));
#9790 = CARTESIAN_POINT('',(3.666679576453,16.85,-1.666282601333));
#9791 = CARTESIAN_POINT('',(3.652378177097,16.85,-1.65082510319));
#9792 = CARTESIAN_POINT('',(3.643177006612,16.85,-1.640477016369));
#9793 = CARTESIAN_POINT('',(3.639813427319,16.85,-1.63659009542));
#9794 = CARTESIAN_POINT('',(3.62379958463,16.85,-1.617012701534));
#9795 = CARTESIAN_POINT('',(3.61590353996,16.85,-1.606071972368));
#9796 = CARTESIAN_POINT('',(3.600802438124,16.85,-1.5800095037));
#9797 = CARTESIAN_POINT('',(3.594754084226,16.85,-1.568644966887));
#9798 = CARTESIAN_POINT('',(3.572806620432,16.85,-1.521826746048));
#9799 = CARTESIAN_POINT('',(3.545260884464,16.85,-1.505689120376));
#9800 = CARTESIAN_POINT('',(3.504801055058,16.85,-1.504626016257));
#9801 = PCURVE('',#5924,#9802);
#9802 = DEFINITIONAL_REPRESENTATION('',(#9803),#9818);
#9803 = B_SPLINE_CURVE_WITH_KNOTS('',3,(#9804,#9805,#9806,#9807,#9808,
    #9809,#9810,#9811,#9812,#9813,#9814,#9815,#9816,#9817),
  .UNSPECIFIED.,.F.,.F.,(4,1,1,2,2,2,2,4),(-1.,-0.75,-0.625,-0.5625,-0.5
    ,-0.375,-0.25,-0.),.UNSPECIFIED.);
#9804 = CARTESIAN_POINT('',(0.922787389395,1.751138999044));
#9805 = CARTESIAN_POINT('',(0.895058367357,1.731649291062));
#9806 = CARTESIAN_POINT('',(0.85746198333,1.701897672378));
#9807 = CARTESIAN_POINT('',(0.8205945461,1.666282601333));
#9808 = CARTESIAN_POINT('',(0.806293146744,1.65082510319));
#9809 = CARTESIAN_POINT('',(0.797091976259,1.640477016369));
#9810 = CARTESIAN_POINT('',(0.793728396966,1.63659009542));
#9811 = CARTESIAN_POINT('',(0.777714554277,1.617012701534));
#9812 = CARTESIAN_POINT('',(0.769818509607,1.606071972368));
#9813 = CARTESIAN_POINT('',(0.754717407771,1.5800095037));
#9814 = CARTESIAN_POINT('',(0.748669053873,1.568644966887));
#9815 = CARTESIAN_POINT('',(0.726721590079,1.521826746048));
#9816 = CARTESIAN_POINT('',(0.699175854111,1.505689120376));
#9817 = CARTESIAN_POINT('',(0.658716024704,1.504626016257));
#9818 = ( GEOMETRIC_REPRESENTATION_CONTEXT(2) 
PARAMETRIC_REPRESENTATION_CONTEXT() REPRESENTATION_CONTEXT('2D SPACE',''
  ) );
#9819 = ORIENTED_EDGE('',*,*,#8606,.F.);
#9820 = ORIENTED_EDGE('',*,*,#8538,.F.);
#9821 = ORIENTED_EDGE('',*,*,#8491,.F.);
#9822 = ORIENTED_EDGE('',*,*,#8376,.F.);
#9823 = ORIENTED_EDGE('',*,*,#8326,.F.);
#9824 = ORIENTED_EDGE('',*,*,#8258,.F.);
#9825 = ORIENTED_EDGE('',*,*,#8211,.F.);
#9826 = ORIENTED_EDGE('',*,*,#8096,.F.);
#9827 = ORIENTED_EDGE('',*,*,#8046,.F.);
#9828 = ORIENTED_EDGE('',*,*,#7978,.F.);
#9829 = ORIENTED_EDGE('',*,*,#7931,.F.);
#9830 = ORIENTED_EDGE('',*,*,#7816,.F.);
#9831 = ORIENTED_EDGE('',*,*,#7766,.F.);
#9832 = ORIENTED_EDGE('',*,*,#7698,.F.);
#9833 = ORIENTED_EDGE('',*,*,#7651,.F.);
#9834 = ORIENTED_EDGE('',*,*,#7536,.F.);
#9835 = ORIENTED_EDGE('',*,*,#7486,.F.);
#9836 = ORIENTED_EDGE('',*,*,#7418,.F.);
#9837 = ORIENTED_EDGE('',*,*,#7371,.F.);
#9838 = ORIENTED_EDGE('',*,*,#7256,.F.);
#9839 = ORIENTED_EDGE('',*,*,#7206,.F.);
#9840 = ORIENTED_EDGE('',*,*,#7138,.F.);
#9841 = ORIENTED_EDGE('',*,*,#7091,.F.);
#9842 = ORIENTED_EDGE('',*,*,#6976,.F.);
#9843 = ORIENTED_EDGE('',*,*,#6926,.F.);
#9844 = ORIENTED_EDGE('',*,*,#6858,.F.);
#9845 = ORIENTED_EDGE('',*,*,#6811,.F.);
#9846 = ORIENTED_EDGE('',*,*,#6696,.F.);
#9847 = ORIENTED_EDGE('',*,*,#6646,.F.);
#9848 = ORIENTED_EDGE('',*,*,#6493,.F.);
#9849 = ORIENTED_EDGE('',*,*,#6251,.F.);
#9850 = ORIENTED_EDGE('',*,*,#6186,.F.);
#9851 = ORIENTED_EDGE('',*,*,#9852,.F.);
#9852 = EDGE_CURVE('',#6146,#6187,#9853,.T.);
#9853 = SURFACE_CURVE('',#9854,(#9878),.PCURVE_S1.);
#9854 = B_SPLINE_CURVE_WITH_KNOTS('',3,(#9855,#9856,#9857,#9858,#9859,
    #9860,#9861,#9862,#9863,#9864,#9865,#9866,#9867,#9868,#9869,#9870,
    #9871,#9872,#9873,#9874,#9875,#9876,#9877),.UNSPECIFIED.,.F.,.F.,(4,
    1,2,2,2,2,1,2,2,1,2,2,4),(-1.,-0.9375,-0.90625,-0.875,-0.8125,-0.75,
    -0.6875,-0.65625,-0.625,-0.5625,-0.53125,-0.5,-0.),.UNSPECIFIED.);
#9855 = CARTESIAN_POINT('',(3.652625968053,16.85,1.430838203926));
#9856 = CARTESIAN_POINT('',(3.663344503687,16.85,1.430039679349));
#9857 = CARTESIAN_POINT('',(3.678254640939,16.85,1.430632909643));
#9858 = CARTESIAN_POINT('',(3.691413278893,16.85,1.433912665677));
#9859 = CARTESIAN_POINT('',(3.699796482128,16.85,1.43669617542));
#9860 = CARTESIAN_POINT('',(3.704859948705,16.85,1.438944232655));
#9861 = CARTESIAN_POINT('',(3.713067659383,16.85,1.44323711592));
#9862 = CARTESIAN_POINT('',(3.718479637875,16.85,1.447195500449));
#9863 = CARTESIAN_POINT('',(3.729183937607,16.85,1.457305194212));
#9864 = CARTESIAN_POINT('',(3.735301013743,16.85,1.464598910238));
#9865 = CARTESIAN_POINT('',(3.744116489176,16.85,1.476809639825));
#9866 = CARTESIAN_POINT('',(3.750525739137,16.85,1.486100956107));
#9867 = CARTESIAN_POINT('',(3.756631454177,16.85,1.495592176024));
#9868 = CARTESIAN_POINT('',(3.760634478666,16.85,1.501964078999));
#9869 = CARTESIAN_POINT('',(3.763464632777,16.85,1.506612616888));
#9870 = CARTESIAN_POINT('',(3.76667970899,16.85,1.51198261578));
#9871 = CARTESIAN_POINT('',(3.772000970554,16.85,1.518944108004));
#9872 = CARTESIAN_POINT('',(3.780481510145,16.85,1.528292840226));
#9873 = CARTESIAN_POINT('',(3.786837264989,16.85,1.535055826151));
#9874 = CARTESIAN_POINT('',(3.791914219614,16.85,1.540263402468));
#9875 = CARTESIAN_POINT('',(3.831556398818,16.85,1.580233059138));
#9876 = CARTESIAN_POINT('',(3.880183197209,16.85,1.615886532006));
#9877 = CARTESIAN_POINT('',(3.940126507679,16.85,1.649574977347));
#9878 = PCURVE('',#5924,#9879);
#9879 = DEFINITIONAL_REPRESENTATION('',(#9880),#9904);
#9880 = B_SPLINE_CURVE_WITH_KNOTS('',3,(#9881,#9882,#9883,#9884,#9885,
    #9886,#9887,#9888,#9889,#9890,#9891,#9892,#9893,#9894,#9895,#9896,
    #9897,#9898,#9899,#9900,#9901,#9902,#9903),.UNSPECIFIED.,.F.,.F.,(4,
    1,2,2,2,2,1,2,2,1,2,2,4),(-1.,-0.9375,-0.90625,-0.875,-0.8125,-0.75,
    -0.6875,-0.65625,-0.625,-0.5625,-0.53125,-0.5,-0.),.UNSPECIFIED.);
#9881 = CARTESIAN_POINT('',(0.8065409377,-1.430838203926));
#9882 = CARTESIAN_POINT('',(0.817259473334,-1.430039679349));
#9883 = CARTESIAN_POINT('',(0.832169610586,-1.430632909643));
#9884 = CARTESIAN_POINT('',(0.845328248539,-1.433912665677));
#9885 = CARTESIAN_POINT('',(0.853711451775,-1.43669617542));
#9886 = CARTESIAN_POINT('',(0.858774918352,-1.438944232655));
#9887 = CARTESIAN_POINT('',(0.86698262903,-1.44323711592));
#9888 = CARTESIAN_POINT('',(0.872394607522,-1.447195500449));
#9889 = CARTESIAN_POINT('',(0.883098907254,-1.457305194212));
#9890 = CARTESIAN_POINT('',(0.889215983389,-1.464598910238));
#9891 = CARTESIAN_POINT('',(0.898031458823,-1.476809639825));
#9892 = CARTESIAN_POINT('',(0.904440708784,-1.486100956107));
#9893 = CARTESIAN_POINT('',(0.910546423824,-1.495592176024));
#9894 = CARTESIAN_POINT('',(0.914549448313,-1.501964078999));
#9895 = CARTESIAN_POINT('',(0.917379602424,-1.506612616888));
#9896 = CARTESIAN_POINT('',(0.920594678637,-1.51198261578));
#9897 = CARTESIAN_POINT('',(0.925915940201,-1.518944108004));
#9898 = CARTESIAN_POINT('',(0.934396479792,-1.528292840226));
#9899 = CARTESIAN_POINT('',(0.940752234636,-1.535055826151));
#9900 = CARTESIAN_POINT('',(0.945829189261,-1.540263402468));
#9901 = CARTESIAN_POINT('',(0.985471368465,-1.580233059138));
#9902 = CARTESIAN_POINT('',(1.034098166856,-1.615886532006));
#9903 = CARTESIAN_POINT('',(1.094041477326,-1.649574977347));
#9904 = ( GEOMETRIC_REPRESENTATION_CONTEXT(2) 
PARAMETRIC_REPRESENTATION_CONTEXT() REPRESENTATION_CONTEXT('2D SPACE',''
  ) );
#9905 = ORIENTED_EDGE('',*,*,#6161,.F.);
#9906 = ORIENTED_EDGE('',*,*,#6053,.F.);
#9907 = ORIENTED_EDGE('',*,*,#5988,.F.);
#9908 = ORIENTED_EDGE('',*,*,#9909,.F.);
#9909 = EDGE_CURVE('',#9910,#5989,#9912,.T.);
#9910 = VERTEX_POINT('',#9911);
#9911 = CARTESIAN_POINT('',(3.271452009885,16.85,1.586464365413));
#9912 = SURFACE_CURVE('',#9913,(#9937),.PCURVE_S1.);
#9913 = B_SPLINE_CURVE_WITH_KNOTS('',3,(#9914,#9915,#9916,#9917,#9918,
    #9919,#9920,#9921,#9922,#9923,#9924,#9925,#9926,#9927,#9928,#9929,
    #9930,#9931,#9932,#9933,#9934,#9935,#9936),.UNSPECIFIED.,.F.,.F.,(4,
    1,2,2,2,2,1,2,2,1,2,2,4),(-1.,-0.9375,-0.90625,-0.875,-0.8125,-0.75,
    -0.6875,-0.65625,-0.625,-0.5625,-0.53125,-0.5,-0.),.UNSPECIFIED.);
#9914 = CARTESIAN_POINT('',(3.271452009885,16.85,1.586464365413));
#9915 = CARTESIAN_POINT('',(3.282032387999,16.85,1.588356519371));
#9916 = CARTESIAN_POINT('',(3.296326565496,16.85,1.592639112595));
#9917 = CARTESIAN_POINT('',(3.308256158483,16.85,1.599088249251));
#9918 = CARTESIAN_POINT('',(3.31568375725,16.85,1.603869127783));
#9919 = CARTESIAN_POINT('',(3.320029076613,16.85,1.607305791098));
#9920 = CARTESIAN_POINT('',(3.326911330312,16.85,1.613504980183));
#9921 = CARTESIAN_POINT('',(3.331168871346,16.85,1.618684909104));
#9922 = CARTESIAN_POINT('',(3.339022697217,16.85,1.631139039339));
#9923 = CARTESIAN_POINT('',(3.343133720742,16.85,1.639724864838));
#9924 = CARTESIAN_POINT('',(3.348635556841,16.85,1.653744291493));
#9925 = CARTESIAN_POINT('',(3.352532792031,16.85,1.664337619637));
#9926 = CARTESIAN_POINT('',(3.356086314395,16.85,1.675049085011));
#9927 = CARTESIAN_POINT('',(3.358378948677,16.85,1.682216314646));
#9928 = CARTESIAN_POINT('',(3.359964143929,16.85,1.687422640876));
#9929 = CARTESIAN_POINT('',(3.361742748192,16.85,1.693423488319));
#9930 = CARTESIAN_POINT('',(3.365165579823,16.85,1.701489616401));
#9931 = CARTESIAN_POINT('',(3.371054752506,16.85,1.712653665443));
#9932 = CARTESIAN_POINT('',(3.375528943418,16.85,1.720784791684));
#9933 = CARTESIAN_POINT('',(3.379151324611,16.85,1.727091349687));
#9934 = CARTESIAN_POINT('',(3.407608022452,16.85,1.775663895168));
#9935 = CARTESIAN_POINT('',(3.445840462407,16.85,1.822290241629));
#9936 = CARTESIAN_POINT('',(3.495522567881,16.85,1.869827597628));
#9937 = PCURVE('',#5924,#9938);
#9938 = DEFINITIONAL_REPRESENTATION('',(#9939),#9963);
#9939 = B_SPLINE_CURVE_WITH_KNOTS('',3,(#9940,#9941,#9942,#9943,#9944,
    #9945,#9946,#9947,#9948,#9949,#9950,#9951,#9952,#9953,#9954,#9955,
    #9956,#9957,#9958,#9959,#9960,#9961,#9962),.UNSPECIFIED.,.F.,.F.,(4,
    1,2,2,2,2,1,2,2,1,2,2,4),(-1.,-0.9375,-0.90625,-0.875,-0.8125,-0.75,
    -0.6875,-0.65625,-0.625,-0.5625,-0.53125,-0.5,-0.),.UNSPECIFIED.);
#9940 = CARTESIAN_POINT('',(0.425366979532,-1.586464365413));
#9941 = CARTESIAN_POINT('',(0.435947357646,-1.588356519371));
#9942 = CARTESIAN_POINT('',(0.450241535143,-1.592639112595));
#9943 = CARTESIAN_POINT('',(0.46217112813,-1.599088249251));
#9944 = CARTESIAN_POINT('',(0.469598726897,-1.603869127783));
#9945 = CARTESIAN_POINT('',(0.47394404626,-1.607305791098));
#9946 = CARTESIAN_POINT('',(0.480826299959,-1.613504980183));
#9947 = CARTESIAN_POINT('',(0.485083840993,-1.618684909104));
#9948 = CARTESIAN_POINT('',(0.492937666864,-1.631139039339));
#9949 = CARTESIAN_POINT('',(0.497048690389,-1.639724864838));
#9950 = CARTESIAN_POINT('',(0.502550526487,-1.653744291493));
#9951 = CARTESIAN_POINT('',(0.506447761678,-1.664337619637));
#9952 = CARTESIAN_POINT('',(0.510001284042,-1.675049085011));
#9953 = CARTESIAN_POINT('',(0.512293918324,-1.682216314646));
#9954 = CARTESIAN_POINT('',(0.513879113575,-1.687422640876));
#9955 = CARTESIAN_POINT('',(0.515657717839,-1.693423488319));
#9956 = CARTESIAN_POINT('',(0.51908054947,-1.701489616401));
#9957 = CARTESIAN_POINT('',(0.524969722153,-1.712653665443));
#9958 = CARTESIAN_POINT('',(0.529443913065,-1.720784791684));
#9959 = CARTESIAN_POINT('',(0.533066294258,-1.727091349687));
#9960 = CARTESIAN_POINT('',(0.561522992099,-1.775663895168));
#9961 = CARTESIAN_POINT('',(0.599755432054,-1.822290241629));
#9962 = CARTESIAN_POINT('',(0.649437537528,-1.869827597628));
#9963 = ( GEOMETRIC_REPRESENTATION_CONTEXT(2) 
PARAMETRIC_REPRESENTATION_CONTEXT() REPRESENTATION_CONTEXT('2D SPACE',''
  ) );
#9964 = ORIENTED_EDGE('',*,*,#9965,.F.);
#9965 = EDGE_CURVE('',#5888,#9910,#9966,.T.);
#9966 = SURFACE_CURVE('',#9967,(#9972),.PCURVE_S1.);
#9967 = B_SPLINE_CURVE_WITH_KNOTS('',3,(#9968,#9969,#9970,#9971),
  .UNSPECIFIED.,.F.,.F.,(4,4),(-1.,-0.),.PIECEWISE_BEZIER_KNOTS.);
#9968 = CARTESIAN_POINT('',(3.197569554472,16.85,1.604451582101));
#9969 = CARTESIAN_POINT('',(3.222197039609,16.85,1.598455843205));
#9970 = CARTESIAN_POINT('',(3.246824524747,16.85,1.592460104309));
#9971 = CARTESIAN_POINT('',(3.271452009885,16.85,1.586464365413));
#9972 = PCURVE('',#5924,#9973);
#9973 = DEFINITIONAL_REPRESENTATION('',(#9974),#9979);
#9974 = B_SPLINE_CURVE_WITH_KNOTS('',3,(#9975,#9976,#9977,#9978),
  .UNSPECIFIED.,.F.,.F.,(4,4),(-1.,-0.),.PIECEWISE_BEZIER_KNOTS.);
#9975 = CARTESIAN_POINT('',(0.351484524118,-1.604451582101));
#9976 = CARTESIAN_POINT('',(0.376112009256,-1.598455843205));
#9977 = CARTESIAN_POINT('',(0.400739494394,-1.592460104309));
#9978 = CARTESIAN_POINT('',(0.425366979532,-1.586464365413));
#9979 = ( GEOMETRIC_REPRESENTATION_CONTEXT(2) 
PARAMETRIC_REPRESENTATION_CONTEXT() REPRESENTATION_CONTEXT('2D SPACE',''
  ) );
#9980 = ORIENTED_EDGE('',*,*,#5885,.F.);
#9981 = ORIENTED_EDGE('',*,*,#9982,.F.);
#9982 = EDGE_CURVE('',#9983,#5886,#9985,.T.);
#9983 = VERTEX_POINT('',#9984);
#9984 = CARTESIAN_POINT('',(3.010112079136,16.85,1.972592073204));
#9985 = SURFACE_CURVE('',#9986,(#9991),.PCURVE_S1.);
#9986 = B_SPLINE_CURVE_WITH_KNOTS('',3,(#9987,#9988,#9989,#9990),
  .UNSPECIFIED.,.F.,.F.,(4,4),(-1.,-0.),.PIECEWISE_BEZIER_KNOTS.);
#9987 = CARTESIAN_POINT('',(3.010112079136,16.85,1.972592073204));
#9988 = CARTESIAN_POINT('',(3.049819837779,16.85,1.969290251934));
#9989 = CARTESIAN_POINT('',(3.089391820897,16.85,1.964793570275));
#9990 = CARTESIAN_POINT('',(3.128828028493,16.85,1.95910202822));
#9991 = PCURVE('',#5924,#9992);
#9992 = DEFINITIONAL_REPRESENTATION('',(#9993),#9998);
#9993 = B_SPLINE_CURVE_WITH_KNOTS('',3,(#9994,#9995,#9996,#9997),
  .UNSPECIFIED.,.F.,.F.,(4,4),(-1.,-0.),.PIECEWISE_BEZIER_KNOTS.);
#9994 = CARTESIAN_POINT('',(0.164027048783,-1.972592073204));
#9995 = CARTESIAN_POINT('',(0.203734807426,-1.969290251934));
#9996 = CARTESIAN_POINT('',(0.243306790544,-1.964793570275));
#9997 = CARTESIAN_POINT('',(0.28274299814,-1.95910202822));
#9998 = ( GEOMETRIC_REPRESENTATION_CONTEXT(2) 
PARAMETRIC_REPRESENTATION_CONTEXT() REPRESENTATION_CONTEXT('2D SPACE',''
  ) );
#9999 = ORIENTED_EDGE('',*,*,#10000,.F.);
#10000 = EDGE_CURVE('',#10001,#9983,#10003,.T.);
#10001 = VERTEX_POINT('',#10002);
#10002 = CARTESIAN_POINT('',(2.863550680002,16.85,1.642407136213));
#10003 = SURFACE_CURVE('',#10004,(#10028),.PCURVE_S1.);
#10004 = B_SPLINE_CURVE_WITH_KNOTS('',3,(#10005,#10006,#10007,#10008,
    #10009,#10010,#10011,#10012,#10013,#10014,#10015,#10016,#10017,
    #10018,#10019,#10020,#10021,#10022,#10023,#10024,#10025,#10026,
    #10027),.UNSPECIFIED.,.F.,.F.,(4,1,2,2,2,2,1,2,2,1,2,2,4),(-1.,
    -0.9375,-0.90625,-0.875,-0.8125,-0.75,-0.6875,-0.65625,-0.625,
    -0.5625,-0.53125,-0.5,-0.),.UNSPECIFIED.);
#10005 = CARTESIAN_POINT('',(2.863550680002,16.85,1.642407136213));
#10006 = CARTESIAN_POINT('',(2.873328096527,16.85,1.646871077714));
#10007 = CARTESIAN_POINT('',(2.886108158528,16.85,1.654573942786));
#10008 = CARTESIAN_POINT('',(2.896059126347,16.85,1.663787237088));
#10009 = CARTESIAN_POINT('',(2.902064417297,16.85,1.67026508423));
#10010 = CARTESIAN_POINT('',(2.90541855705,16.85,1.674674415429));
#10011 = CARTESIAN_POINT('',(2.91054291646,16.85,1.682390392485));
#10012 = CARTESIAN_POINT('',(2.913378503074,16.85,1.688466391813));
#10013 = CARTESIAN_POINT('',(2.91788837032,16.85,1.702482419715));
#10014 = CARTESIAN_POINT('',(2.919735030507,16.85,1.711820875694));
#10015 = CARTESIAN_POINT('',(2.921577526674,16.85,1.726768107279));
#10016 = CARTESIAN_POINT('',(2.922717869474,16.85,1.73799782952));
#10017 = CARTESIAN_POINT('',(2.923495918283,16.85,1.749256499588));
#10018 = CARTESIAN_POINT('',(2.923934107714,16.85,1.756768712485));
#10019 = CARTESIAN_POINT('',(2.924174740459,16.85,1.762205694431));
#10020 = CARTESIAN_POINT('',(2.924405116525,16.85,1.76846033511));
#10021 = CARTESIAN_POINT('',(2.925714449124,16.85,1.777124274559));
#10022 = CARTESIAN_POINT('',(2.928642216522,16.85,1.789402162161));
#10023 = CARTESIAN_POINT('',(2.930953713631,16.85,1.798390520152));
#10024 = CARTESIAN_POINT('',(2.93289391386,16.85,1.805399795609));
#10025 = CARTESIAN_POINT('',(2.948377091354,16.85,1.859523238229));
#10026 = CARTESIAN_POINT('',(2.973812888064,16.85,1.914192753455));
#10027 = CARTESIAN_POINT('',(3.010112079136,16.85,1.972592073204));
#10028 = PCURVE('',#5924,#10029);
#10029 = DEFINITIONAL_REPRESENTATION('',(#10030),#10054);
#10030 = B_SPLINE_CURVE_WITH_KNOTS('',3,(#10031,#10032,#10033,#10034,
    #10035,#10036,#10037,#10038,#10039,#10040,#10041,#10042,#10043,
    #10044,#10045,#10046,#10047,#10048,#10049,#10050,#10051,#10052,
    #10053),.UNSPECIFIED.,.F.,.F.,(4,1,2,2,2,2,1,2,2,1,2,2,4),(-1.,
    -0.9375,-0.90625,-0.875,-0.8125,-0.75,-0.6875,-0.65625,-0.625,
    -0.5625,-0.53125,-0.5,-0.),.UNSPECIFIED.);
#10031 = CARTESIAN_POINT('',(1.746564964882E-02,-1.642407136213));
#10032 = CARTESIAN_POINT('',(2.724306617431E-02,-1.646871077714));
#10033 = CARTESIAN_POINT('',(4.002312817485E-02,-1.654573942786));
#10034 = CARTESIAN_POINT('',(4.997409599386E-02,-1.663787237088));
#10035 = CARTESIAN_POINT('',(5.597938694398E-02,-1.67026508423));
#10036 = CARTESIAN_POINT('',(5.933352669707E-02,-1.674674415429));
#10037 = CARTESIAN_POINT('',(6.445788610662E-02,-1.682390392485));
#10038 = CARTESIAN_POINT('',(6.729347272123E-02,-1.688466391813));
#10039 = CARTESIAN_POINT('',(7.180333996693E-02,-1.702482419715));
#10040 = CARTESIAN_POINT('',(7.365000015341E-02,-1.711820875694));
#10041 = CARTESIAN_POINT('',(7.54924963213E-02,-1.726768107279));
#10042 = CARTESIAN_POINT('',(7.663283912061E-02,-1.73799782952));
#10043 = CARTESIAN_POINT('',(7.741088793001E-02,-1.749256499588));
#10044 = CARTESIAN_POINT('',(7.784907736074E-02,-1.756768712485));
#10045 = CARTESIAN_POINT('',(7.808971010613E-02,-1.762205694431));
#10046 = CARTESIAN_POINT('',(7.832008617222E-02,-1.76846033511));
#10047 = CARTESIAN_POINT('',(7.962941877091E-02,-1.777124274559));
#10048 = CARTESIAN_POINT('',(8.25571861685E-02,-1.789402162161));
#10049 = CARTESIAN_POINT('',(8.486868327776E-02,-1.798390520152));
#10050 = CARTESIAN_POINT('',(8.680888350657E-02,-1.805399795609));
#10051 = CARTESIAN_POINT('',(0.102292061001,-1.859523238229));
#10052 = CARTESIAN_POINT('',(0.127727857711,-1.914192753455));
#10053 = CARTESIAN_POINT('',(0.164027048783,-1.972592073204));
#10054 = ( GEOMETRIC_REPRESENTATION_CONTEXT(2) 
PARAMETRIC_REPRESENTATION_CONTEXT() REPRESENTATION_CONTEXT('2D SPACE',''
  ) );
#10055 = ORIENTED_EDGE('',*,*,#10056,.F.);
#10056 = EDGE_CURVE('',#10057,#10001,#10059,.T.);
#10057 = VERTEX_POINT('',#10058);
#10058 = CARTESIAN_POINT('',(2.787516138897,16.85,1.641455431912));
#10059 = SURFACE_CURVE('',#10060,(#10065),.PCURVE_S1.);
#10060 = B_SPLINE_CURVE_WITH_KNOTS('',3,(#10061,#10062,#10063,#10064),
  .UNSPECIFIED.,.F.,.F.,(4,4),(-1.,-0.),.PIECEWISE_BEZIER_KNOTS.);
#10061 = CARTESIAN_POINT('',(2.787516138897,16.85,1.641455431912));
#10062 = CARTESIAN_POINT('',(2.812860985932,16.85,1.641772666679));
#10063 = CARTESIAN_POINT('',(2.838205832967,16.85,1.642089901446));
#10064 = CARTESIAN_POINT('',(2.863550680002,16.85,1.642407136213));
#10065 = PCURVE('',#5924,#10066);
#10066 = DEFINITIONAL_REPRESENTATION('',(#10067),#10072);
#10067 = B_SPLINE_CURVE_WITH_KNOTS('',3,(#10068,#10069,#10070,#10071),
  .UNSPECIFIED.,.F.,.F.,(4,4),(-1.,-0.),.PIECEWISE_BEZIER_KNOTS.);
#10068 = CARTESIAN_POINT('',(-5.856889145562E-02,-1.641455431912));
#10069 = CARTESIAN_POINT('',(-3.322404442081E-02,-1.641772666679));
#10070 = CARTESIAN_POINT('',(-7.879197385991E-03,-1.642089901446));
#10071 = CARTESIAN_POINT('',(1.746564964882E-02,-1.642407136213));
#10072 = ( GEOMETRIC_REPRESENTATION_CONTEXT(2) 
PARAMETRIC_REPRESENTATION_CONTEXT() REPRESENTATION_CONTEXT('2D SPACE',''
  ) );
#10073 = ORIENTED_EDGE('',*,*,#10074,.F.);
#10074 = EDGE_CURVE('',#10075,#10057,#10077,.T.);
#10075 = VERTEX_POINT('',#10076);
#10076 = CARTESIAN_POINT('',(2.632736274931,16.85,1.967868559777));
#10077 = SURFACE_CURVE('',#10078,(#10093),.PCURVE_S1.);
#10078 = B_SPLINE_CURVE_WITH_KNOTS('',3,(#10079,#10080,#10081,#10082,
    #10083,#10084,#10085,#10086,#10087,#10088,#10089,#10090,#10091,
    #10092),.UNSPECIFIED.,.F.,.F.,(4,1,1,2,2,2,2,4),(-1.,-0.75,-0.625,
    -0.5625,-0.5,-0.375,-0.25,-0.),.UNSPECIFIED.);
#10079 = CARTESIAN_POINT('',(2.632736274931,16.85,1.967868559777));
#10080 = CARTESIAN_POINT('',(2.651343427566,16.85,1.939539753745));
#10081 = CARTESIAN_POINT('',(2.675347360069,16.85,1.898037246222));
#10082 = CARTESIAN_POINT('',(2.696515054204,16.85,1.851351381783));
#10083 = CARTESIAN_POINT('',(2.70412187445,16.85,1.831714667238));
#10084 = CARTESIAN_POINT('',(2.708867521577,16.85,1.818706082669));
#10085 = CARTESIAN_POINT('',(2.710564027477,16.85,1.813853898846));
#10086 = CARTESIAN_POINT('',(2.718246402491,16.85,1.789756209678));
#10087 = CARTESIAN_POINT('',(2.721560408127,16.85,1.77667704905));
#10088 = CARTESIAN_POINT('',(2.726006822904,16.85,1.746885692159));
#10089 = CARTESIAN_POINT('',(2.727446875106,16.85,1.734092665484));
#10090 = CARTESIAN_POINT('',(2.730618174263,16.85,1.682482784345));
#10091 = CARTESIAN_POINT('',(2.75028889562,16.85,1.657338137726));
#10092 = CARTESIAN_POINT('',(2.787516138897,16.85,1.641455431912));
#10093 = PCURVE('',#5924,#10094);
#10094 = DEFINITIONAL_REPRESENTATION('',(#10095),#10110);
#10095 = B_SPLINE_CURVE_WITH_KNOTS('',3,(#10096,#10097,#10098,#10099,
    #10100,#10101,#10102,#10103,#10104,#10105,#10106,#10107,#10108,
    #10109),.UNSPECIFIED.,.F.,.F.,(4,1,1,2,2,2,2,4),(-1.,-0.75,-0.625,
    -0.5625,-0.5,-0.375,-0.25,-0.),.UNSPECIFIED.);
#10096 = CARTESIAN_POINT('',(-0.213348755422,-1.967868559777));
#10097 = CARTESIAN_POINT('',(-0.194741602787,-1.939539753745));
#10098 = CARTESIAN_POINT('',(-0.170737670284,-1.898037246222));
#10099 = CARTESIAN_POINT('',(-0.149569976149,-1.851351381783));
#10100 = CARTESIAN_POINT('',(-0.141963155903,-1.831714667238));
#10101 = CARTESIAN_POINT('',(-0.137217508776,-1.818706082669));
#10102 = CARTESIAN_POINT('',(-0.135521002876,-1.813853898846));
#10103 = CARTESIAN_POINT('',(-0.127838627862,-1.789756209678));
#10104 = CARTESIAN_POINT('',(-0.124524622226,-1.77667704905));
#10105 = CARTESIAN_POINT('',(-0.120078207449,-1.746885692159));
#10106 = CARTESIAN_POINT('',(-0.118638155247,-1.734092665484));
#10107 = CARTESIAN_POINT('',(-0.11546685609,-1.682482784345));
#10108 = CARTESIAN_POINT('',(-9.579613473302E-02,-1.657338137726));
#10109 = CARTESIAN_POINT('',(-5.856889145562E-02,-1.641455431912));
#10110 = ( GEOMETRIC_REPRESENTATION_CONTEXT(2) 
PARAMETRIC_REPRESENTATION_CONTEXT() REPRESENTATION_CONTEXT('2D SPACE',''
  ) );
#10111 = ORIENTED_EDGE('',*,*,#10112,.F.);
#10112 = EDGE_CURVE('',#10113,#10075,#10115,.T.);
#10113 = VERTEX_POINT('',#10114);
#10114 = CARTESIAN_POINT('',(2.514395167666,16.85,1.951411334135));
#10115 = SURFACE_CURVE('',#10116,(#10121),.PCURVE_S1.);
#10116 = B_SPLINE_CURVE_WITH_KNOTS('',3,(#10117,#10118,#10119,#10120),
  .UNSPECIFIED.,.F.,.F.,(4,4),(-1.,-0.),.PIECEWISE_BEZIER_KNOTS.);
#10117 = CARTESIAN_POINT('',(2.514395167666,16.85,1.951411334135));
#10118 = CARTESIAN_POINT('',(2.553676563614,16.85,1.958088163669));
#10119 = CARTESIAN_POINT('',(2.593123599369,16.85,1.963573905549));
#10120 = CARTESIAN_POINT('',(2.632736274931,16.85,1.967868559777));
#10121 = PCURVE('',#5924,#10122);
#10122 = DEFINITIONAL_REPRESENTATION('',(#10123),#10128);
#10123 = B_SPLINE_CURVE_WITH_KNOTS('',3,(#10124,#10125,#10126,#10127),
  .UNSPECIFIED.,.F.,.F.,(4,4),(-1.,-0.),.PIECEWISE_BEZIER_KNOTS.);
#10124 = CARTESIAN_POINT('',(-0.331689862687,-1.951411334135));
#10125 = CARTESIAN_POINT('',(-0.29240846674,-1.958088163669));
#10126 = CARTESIAN_POINT('',(-0.252961430984,-1.963573905549));
#10127 = CARTESIAN_POINT('',(-0.213348755422,-1.967868559777));
#10128 = ( GEOMETRIC_REPRESENTATION_CONTEXT(2) 
PARAMETRIC_REPRESENTATION_CONTEXT() REPRESENTATION_CONTEXT('2D SPACE',''
  ) );
#10129 = ORIENTED_EDGE('',*,*,#10130,.F.);
#10130 = EDGE_CURVE('',#10131,#10113,#10133,.T.);
#10131 = VERTEX_POINT('',#10132);
#10132 = CARTESIAN_POINT('',(2.454551919118,16.85,1.595151426294));
#10133 = SURFACE_CURVE('',#10134,(#10158),.PCURVE_S1.);
#10134 = B_SPLINE_CURVE_WITH_KNOTS('',3,(#10135,#10136,#10137,#10138,
    #10139,#10140,#10141,#10142,#10143,#10144,#10145,#10146,#10147,
    #10148,#10149,#10150,#10151,#10152,#10153,#10154,#10155,#10156,
    #10157),.UNSPECIFIED.,.F.,.F.,(4,1,2,2,2,2,1,2,2,1,2,2,4),(-1.,
    -0.9375,-0.90625,-0.875,-0.8125,-0.75,-0.6875,-0.65625,-0.625,
    -0.5625,-0.53125,-0.5,-0.),.UNSPECIFIED.);
#10135 = CARTESIAN_POINT('',(2.454551919118,16.85,1.595151426294));
#10136 = CARTESIAN_POINT('',(2.462912023015,16.85,1.601906669477));
#10137 = CARTESIAN_POINT('',(2.473374951222,16.85,1.612545807055));
#10138 = CARTESIAN_POINT('',(2.480722037968,16.85,1.623944353838));
#10139 = CARTESIAN_POINT('',(2.484927686585,16.85,1.631712142629));
#10140 = CARTESIAN_POINT('',(2.487079893791,16.85,1.636817087217));
#10141 = CARTESIAN_POINT('',(2.490124376563,16.85,1.645565029029));
#10142 = CARTESIAN_POINT('',(2.491359838423,16.85,1.65215532138));
#10143 = CARTESIAN_POINT('',(2.492242375499,16.85,1.666852568368));
#10144 = CARTESIAN_POINT('',(2.491708639896,16.85,1.676356885294));
#10145 = CARTESIAN_POINT('',(2.489776025322,16.85,1.691292732276));
#10146 = CARTESIAN_POINT('',(2.488087823799,16.85,1.702453243865));
#10147 = CARTESIAN_POINT('',(2.486041511385,16.85,1.713551694981));
#10148 = CARTESIAN_POINT('',(2.484597722912,16.85,1.720936871175));
#10149 = CARTESIAN_POINT('',(2.48347867331,16.85,1.726262883266));
#10150 = CARTESIAN_POINT('',(2.482146345804,16.85,1.732378315104));
#10151 = CARTESIAN_POINT('',(2.481259909187,16.85,1.74109567874));
#10152 = CARTESIAN_POINT('',(2.481042308906,16.85,1.753715940069));
#10153 = CARTESIAN_POINT('',(2.481045872348,16.85,1.762996758221));
#10154 = CARTESIAN_POINT('',(2.481181981697,16.85,1.770268332576));
#10155 = CARTESIAN_POINT('',(2.48271877386,16.85,1.826541897385));
#10156 = CARTESIAN_POINT('',(2.493759702671,16.85,1.885819494673));
#10157 = CARTESIAN_POINT('',(2.514395167666,16.85,1.951411334135));
#10158 = PCURVE('',#5924,#10159);
#10159 = DEFINITIONAL_REPRESENTATION('',(#10160),#10184);
#10160 = B_SPLINE_CURVE_WITH_KNOTS('',3,(#10161,#10162,#10163,#10164,
    #10165,#10166,#10167,#10168,#10169,#10170,#10171,#10172,#10173,
    #10174,#10175,#10176,#10177,#10178,#10179,#10180,#10181,#10182,
    #10183),.UNSPECIFIED.,.F.,.F.,(4,1,2,2,2,2,1,2,2,1,2,2,4),(-1.,
    -0.9375,-0.90625,-0.875,-0.8125,-0.75,-0.6875,-0.65625,-0.625,
    -0.5625,-0.53125,-0.5,-0.),.UNSPECIFIED.);
#10161 = CARTESIAN_POINT('',(-0.391533111235,-1.595151426294));
#10162 = CARTESIAN_POINT('',(-0.383173007338,-1.601906669477));
#10163 = CARTESIAN_POINT('',(-0.372710079132,-1.612545807055));
#10164 = CARTESIAN_POINT('',(-0.365362992386,-1.623944353838));
#10165 = CARTESIAN_POINT('',(-0.361157343768,-1.631712142629));
#10166 = CARTESIAN_POINT('',(-0.359005136562,-1.636817087217));
#10167 = CARTESIAN_POINT('',(-0.35596065379,-1.645565029029));
#10168 = CARTESIAN_POINT('',(-0.35472519193,-1.65215532138));
#10169 = CARTESIAN_POINT('',(-0.353842654854,-1.666852568368));
#10170 = CARTESIAN_POINT('',(-0.354376390457,-1.676356885294));
#10171 = CARTESIAN_POINT('',(-0.356309005031,-1.691292732276));
#10172 = CARTESIAN_POINT('',(-0.357997206554,-1.702453243865));
#10173 = CARTESIAN_POINT('',(-0.360043518968,-1.713551694981));
#10174 = CARTESIAN_POINT('',(-0.361487307442,-1.720936871175));
#10175 = CARTESIAN_POINT('',(-0.362606357043,-1.726262883266));
#10176 = CARTESIAN_POINT('',(-0.36393868455,-1.732378315104));
#10177 = CARTESIAN_POINT('',(-0.364825121166,-1.74109567874));
#10178 = CARTESIAN_POINT('',(-0.365042721447,-1.753715940069));
#10179 = CARTESIAN_POINT('',(-0.365039158005,-1.762996758221));
#10180 = CARTESIAN_POINT('',(-0.364903048657,-1.770268332576));
#10181 = CARTESIAN_POINT('',(-0.363366256493,-1.826541897385));
#10182 = CARTESIAN_POINT('',(-0.352325327683,-1.885819494673));
#10183 = CARTESIAN_POINT('',(-0.331689862687,-1.951411334135));
#10184 = ( GEOMETRIC_REPRESENTATION_CONTEXT(2) 
PARAMETRIC_REPRESENTATION_CONTEXT() REPRESENTATION_CONTEXT('2D SPACE',''
  ) );
#10185 = ORIENTED_EDGE('',*,*,#10186,.F.);
#10186 = EDGE_CURVE('',#10187,#10131,#10189,.T.);
#10187 = VERTEX_POINT('',#10188);
#10188 = CARTESIAN_POINT('',(2.381142822175,16.85,1.575320600086));
#10189 = SURFACE_CURVE('',#10190,(#10195),.PCURVE_S1.);
#10190 = B_SPLINE_CURVE_WITH_KNOTS('',3,(#10191,#10192,#10193,#10194),
  .UNSPECIFIED.,.F.,.F.,(4,4),(-1.,-0.),.PIECEWISE_BEZIER_KNOTS.);
#10191 = CARTESIAN_POINT('',(2.381142822175,16.85,1.575320600086));
#10192 = CARTESIAN_POINT('',(2.405612521156,16.85,1.581930875488));
#10193 = CARTESIAN_POINT('',(2.430082220137,16.85,1.588541150891));
#10194 = CARTESIAN_POINT('',(2.454551919118,16.85,1.595151426294));
#10195 = PCURVE('',#5924,#10196);
#10196 = DEFINITIONAL_REPRESENTATION('',(#10197),#10202);
#10197 = B_SPLINE_CURVE_WITH_KNOTS('',3,(#10198,#10199,#10200,#10201),
  .UNSPECIFIED.,.F.,.F.,(4,4),(-1.,-0.),.PIECEWISE_BEZIER_KNOTS.);
#10198 = CARTESIAN_POINT('',(-0.464942208178,-1.575320600086));
#10199 = CARTESIAN_POINT('',(-0.440472509197,-1.581930875488));
#10200 = CARTESIAN_POINT('',(-0.416002810216,-1.588541150891));
#10201 = CARTESIAN_POINT('',(-0.391533111235,-1.595151426294));
#10202 = ( GEOMETRIC_REPRESENTATION_CONTEXT(2) 
PARAMETRIC_REPRESENTATION_CONTEXT() REPRESENTATION_CONTEXT('2D SPACE',''
  ) );
#10203 = ORIENTED_EDGE('',*,*,#10204,.F.);
#10204 = EDGE_CURVE('',#10205,#10187,#10207,.T.);
#10205 = VERTEX_POINT('',#10206);
#10206 = CARTESIAN_POINT('',(2.150050008318,16.85,1.852986672402));
#10207 = SURFACE_CURVE('',#10208,(#10223),.PCURVE_S1.);
#10208 = B_SPLINE_CURVE_WITH_KNOTS('',3,(#10209,#10210,#10211,#10212,
    #10213,#10214,#10215,#10216,#10217,#10218,#10219,#10220,#10221,
    #10222),.UNSPECIFIED.,.F.,.F.,(4,1,1,2,2,2,2,4),(-1.,-0.75,-0.625,
    -0.5625,-0.5,-0.375,-0.25,-0.),.UNSPECIFIED.);
#10209 = CARTESIAN_POINT('',(2.150050008318,16.85,1.852986672402));
#10210 = CARTESIAN_POINT('',(2.175117670612,16.85,1.830175278593));
#10211 = CARTESIAN_POINT('',(2.208688729348,16.85,1.795946183928));
#10212 = CARTESIAN_POINT('',(2.240801703806,16.85,1.755991233235));
#10213 = CARTESIAN_POINT('',(2.253052994131,16.85,1.738863181456));
#10214 = CARTESIAN_POINT('',(2.260884651456,16.85,1.727443479941));
#10215 = CARTESIAN_POINT('',(2.263734547551,16.85,1.723165640256));
#10216 = CARTESIAN_POINT('',(2.277168418227,16.85,1.701735553282));
#10217 = CARTESIAN_POINT('',(2.283630963262,16.85,1.689891458222));
#10218 = CARTESIAN_POINT('',(2.295346494927,16.85,1.66214182998));
#10219 = CARTESIAN_POINT('',(2.299922801601,16.85,1.650108846183));
#10220 = CARTESIAN_POINT('',(2.31582932408,16.85,1.600909054393));
#10221 = CARTESIAN_POINT('',(2.341135272884,16.85,1.58144628256));
#10222 = CARTESIAN_POINT('',(2.381142822175,16.85,1.575320600086));
#10223 = PCURVE('',#5924,#10224);
#10224 = DEFINITIONAL_REPRESENTATION('',(#10225),#10240);
#10225 = B_SPLINE_CURVE_WITH_KNOTS('',3,(#10226,#10227,#10228,#10229,
    #10230,#10231,#10232,#10233,#10234,#10235,#10236,#10237,#10238,
    #10239),.UNSPECIFIED.,.F.,.F.,(4,1,1,2,2,2,2,4),(-1.,-0.75,-0.625,
    -0.5625,-0.5,-0.375,-0.25,-0.),.UNSPECIFIED.);
#10226 = CARTESIAN_POINT('',(-0.696035022035,-1.852986672402));
#10227 = CARTESIAN_POINT('',(-0.670967359741,-1.830175278593));
#10228 = CARTESIAN_POINT('',(-0.637396301005,-1.795946183928));
#10229 = CARTESIAN_POINT('',(-0.605283326547,-1.755991233235));
#10230 = CARTESIAN_POINT('',(-0.593032036222,-1.738863181456));
#10231 = CARTESIAN_POINT('',(-0.585200378897,-1.727443479941));
#10232 = CARTESIAN_POINT('',(-0.582350482802,-1.723165640256));
#10233 = CARTESIAN_POINT('',(-0.568916612126,-1.701735553282));
#10234 = CARTESIAN_POINT('',(-0.562454067091,-1.689891458222));
#10235 = CARTESIAN_POINT('',(-0.550738535427,-1.66214182998));
#10236 = CARTESIAN_POINT('',(-0.546162228752,-1.650108846183));
#10237 = CARTESIAN_POINT('',(-0.530255706273,-1.600909054393));
#10238 = CARTESIAN_POINT('',(-0.504949757469,-1.58144628256));
#10239 = CARTESIAN_POINT('',(-0.464942208178,-1.575320600086));
#10240 = ( GEOMETRIC_REPRESENTATION_CONTEXT(2) 
PARAMETRIC_REPRESENTATION_CONTEXT() REPRESENTATION_CONTEXT('2D SPACE',''
  ) );
#10241 = ORIENTED_EDGE('',*,*,#10242,.F.);
#10242 = EDGE_CURVE('',#10243,#10205,#10245,.T.);
#10243 = VERTEX_POINT('',#10244);
#10244 = CARTESIAN_POINT('',(2.039519550139,16.85,1.807616244153));
#10245 = SURFACE_CURVE('',#10246,(#10251),.PCURVE_S1.);
#10246 = B_SPLINE_CURVE_WITH_KNOTS('',3,(#10247,#10248,#10249,#10250),
  .UNSPECIFIED.,.F.,.F.,(4,4),(-1.,-0.),.PIECEWISE_BEZIER_KNOTS.);
#10247 = CARTESIAN_POINT('',(2.039519550139,16.85,1.807616244153));
#10248 = CARTESIAN_POINT('',(2.075906388816,16.85,1.823852194735));
#10249 = CARTESIAN_POINT('',(2.112749874876,16.85,1.838975670818));
#10250 = CARTESIAN_POINT('',(2.150050008318,16.85,1.852986672402));
#10251 = PCURVE('',#5924,#10252);
#10252 = DEFINITIONAL_REPRESENTATION('',(#10253),#10258);
#10253 = B_SPLINE_CURVE_WITH_KNOTS('',3,(#10254,#10255,#10256,#10257),
  .UNSPECIFIED.,.F.,.F.,(4,4),(-1.,-0.),.PIECEWISE_BEZIER_KNOTS.);
#10254 = CARTESIAN_POINT('',(-0.806565480214,-1.807616244153));
#10255 = CARTESIAN_POINT('',(-0.770178641537,-1.823852194735));
#10256 = CARTESIAN_POINT('',(-0.733335155478,-1.838975670818));
#10257 = CARTESIAN_POINT('',(-0.696035022035,-1.852986672402));
#10258 = ( GEOMETRIC_REPRESENTATION_CONTEXT(2) 
PARAMETRIC_REPRESENTATION_CONTEXT() REPRESENTATION_CONTEXT('2D SPACE',''
  ) );
#10259 = ORIENTED_EDGE('',*,*,#10260,.F.);
#10260 = EDGE_CURVE('',#10261,#10243,#10263,.T.);
#10261 = VERTEX_POINT('',#10262);
#10262 = CARTESIAN_POINT('',(2.07015462357,16.85,1.447666485704));
#10263 = SURFACE_CURVE('',#10264,(#10288),.PCURVE_S1.);
#10264 = B_SPLINE_CURVE_WITH_KNOTS('',3,(#10265,#10266,#10267,#10268,
    #10269,#10270,#10271,#10272,#10273,#10274,#10275,#10276,#10277,
    #10278,#10279,#10280,#10281,#10282,#10283,#10284,#10285,#10286,
    #10287),.UNSPECIFIED.,.F.,.F.,(4,1,2,2,2,2,1,2,2,1,2,2,4),(-1.,
    -0.9375,-0.90625,-0.875,-0.8125,-0.75,-0.6875,-0.65625,-0.625,
    -0.5625,-0.53125,-0.5,-0.),.UNSPECIFIED.);
#10265 = CARTESIAN_POINT('',(2.07015462357,16.85,1.447666485704));
#10266 = CARTESIAN_POINT('',(2.076572118766,16.85,1.456288573795));
#10267 = CARTESIAN_POINT('',(2.084060488919,16.85,1.469195487737));
#10268 = CARTESIAN_POINT('',(2.088342050111,16.85,1.482063074387));
#10269 = CARTESIAN_POINT('',(2.090483800025,16.85,1.490632726089));
#10270 = CARTESIAN_POINT('',(2.091298843591,16.85,1.496112521623));
#10271 = CARTESIAN_POINT('',(2.092072153677,16.85,1.505342762833));
#10272 = CARTESIAN_POINT('',(2.091629862169,16.85,1.512033255902));
#10273 = CARTESIAN_POINT('',(2.088829616024,16.85,1.526488239895));
#10274 = CARTESIAN_POINT('',(2.085949021203,16.85,1.535561226581));
#10275 = CARTESIAN_POINT('',(2.080362729169,16.85,1.549547214765));
#10276 = CARTESIAN_POINT('',(2.075952059233,16.85,1.559937259713));
#10277 = CARTESIAN_POINT('',(2.071209962931,16.85,1.570178135375));
#10278 = CARTESIAN_POINT('',(2.067974915093,16.85,1.576972237086));
#10279 = CARTESIAN_POINT('',(2.065566497147,16.85,1.581852626394));
#10280 = CARTESIAN_POINT('',(2.062755181105,16.85,1.587444594319));
#10281 = CARTESIAN_POINT('',(2.059728673346,16.85,1.595667638123));
#10282 = CARTESIAN_POINT('',(2.056379378012,16.85,1.607837295747));
#10283 = CARTESIAN_POINT('',(2.054074783883,16.85,1.616827426122));
#10284 = CARTESIAN_POINT('',(2.0523982501,16.85,1.623904399616));
#10285 = CARTESIAN_POINT('',(2.039892094629,16.85,1.678792211576));
#10286 = CARTESIAN_POINT('',(2.035844413377,16.85,1.738953261481));
#10287 = CARTESIAN_POINT('',(2.039519550139,16.85,1.807616244153));
#10288 = PCURVE('',#5924,#10289);
#10289 = DEFINITIONAL_REPRESENTATION('',(#10290),#10314);
#10290 = B_SPLINE_CURVE_WITH_KNOTS('',3,(#10291,#10292,#10293,#10294,
    #10295,#10296,#10297,#10298,#10299,#10300,#10301,#10302,#10303,
    #10304,#10305,#10306,#10307,#10308,#10309,#10310,#10311,#10312,
    #10313),.UNSPECIFIED.,.F.,.F.,(4,1,2,2,2,2,1,2,2,1,2,2,4),(-1.,
    -0.9375,-0.90625,-0.875,-0.8125,-0.75,-0.6875,-0.65625,-0.625,
    -0.5625,-0.53125,-0.5,-0.),.UNSPECIFIED.);
#10291 = CARTESIAN_POINT('',(-0.775930406783,-1.447666485704));
#10292 = CARTESIAN_POINT('',(-0.769512911587,-1.456288573795));
#10293 = CARTESIAN_POINT('',(-0.762024541434,-1.469195487737));
#10294 = CARTESIAN_POINT('',(-0.757742980242,-1.482063074387));
#10295 = CARTESIAN_POINT('',(-0.755601230328,-1.490632726089));
#10296 = CARTESIAN_POINT('',(-0.754786186762,-1.496112521623));
#10297 = CARTESIAN_POINT('',(-0.754012876677,-1.505342762833));
#10298 = CARTESIAN_POINT('',(-0.754455168184,-1.512033255902));
#10299 = CARTESIAN_POINT('',(-0.757255414329,-1.526488239895));
#10300 = CARTESIAN_POINT('',(-0.76013600915,-1.535561226581));
#10301 = CARTESIAN_POINT('',(-0.765722301184,-1.549547214765));
#10302 = CARTESIAN_POINT('',(-0.77013297112,-1.559937259713));
#10303 = CARTESIAN_POINT('',(-0.774875067422,-1.570178135375));
#10304 = CARTESIAN_POINT('',(-0.77811011526,-1.576972237086));
#10305 = CARTESIAN_POINT('',(-0.780518533206,-1.581852626394));
#10306 = CARTESIAN_POINT('',(-0.783329849248,-1.587444594319));
#10307 = CARTESIAN_POINT('',(-0.786356357007,-1.595667638123));
#10308 = CARTESIAN_POINT('',(-0.789705652341,-1.607837295747));
#10309 = CARTESIAN_POINT('',(-0.79201024647,-1.616827426122));
#10310 = CARTESIAN_POINT('',(-0.793686780253,-1.623904399616));
#10311 = CARTESIAN_POINT('',(-0.806192935724,-1.678792211576));
#10312 = CARTESIAN_POINT('',(-0.810240616976,-1.738953261481));
#10313 = CARTESIAN_POINT('',(-0.806565480214,-1.807616244153));
#10314 = ( GEOMETRIC_REPRESENTATION_CONTEXT(2) 
PARAMETRIC_REPRESENTATION_CONTEXT() REPRESENTATION_CONTEXT('2D SPACE',''
  ) );
#10315 = ORIENTED_EDGE('',*,*,#10316,.F.);
#10316 = EDGE_CURVE('',#10317,#10261,#10319,.T.);
#10317 = VERTEX_POINT('',#10318);
#10318 = CARTESIAN_POINT('',(2.00398353433,16.85,1.410202581332));
#10319 = SURFACE_CURVE('',#10320,(#10325),.PCURVE_S1.);
#10320 = B_SPLINE_CURVE_WITH_KNOTS('',3,(#10321,#10322,#10323,#10324),
  .UNSPECIFIED.,.F.,.F.,(4,4),(-1.,-0.),.PIECEWISE_BEZIER_KNOTS.);
#10321 = CARTESIAN_POINT('',(2.00398353433,16.85,1.410202581332));
#10322 = CARTESIAN_POINT('',(2.026040564077,16.85,1.422690549456));
#10323 = CARTESIAN_POINT('',(2.048097593824,16.85,1.43517851758));
#10324 = CARTESIAN_POINT('',(2.07015462357,16.85,1.447666485704));
#10325 = PCURVE('',#5924,#10326);
#10326 = DEFINITIONAL_REPRESENTATION('',(#10327),#10332);
#10327 = B_SPLINE_CURVE_WITH_KNOTS('',3,(#10328,#10329,#10330,#10331),
  .UNSPECIFIED.,.F.,.F.,(4,4),(-1.,-0.),.PIECEWISE_BEZIER_KNOTS.);
#10328 = CARTESIAN_POINT('',(-0.842101496023,-1.410202581332));
#10329 = CARTESIAN_POINT('',(-0.820044466276,-1.422690549456));
#10330 = CARTESIAN_POINT('',(-0.79798743653,-1.43517851758));
#10331 = CARTESIAN_POINT('',(-0.775930406783,-1.447666485704));
#10332 = ( GEOMETRIC_REPRESENTATION_CONTEXT(2) 
PARAMETRIC_REPRESENTATION_CONTEXT() REPRESENTATION_CONTEXT('2D SPACE',''
  ) );
#10333 = ORIENTED_EDGE('',*,*,#10334,.F.);
#10334 = EDGE_CURVE('',#10335,#10317,#10337,.T.);
#10335 = VERTEX_POINT('',#10336);
#10336 = CARTESIAN_POINT('',(1.711098181976,16.85,1.621674817592));
#10337 = SURFACE_CURVE('',#10338,(#10353),.PCURVE_S1.);
#10338 = B_SPLINE_CURVE_WITH_KNOTS('',3,(#10339,#10340,#10341,#10342,
    #10343,#10344,#10345,#10346,#10347,#10348,#10349,#10350,#10351,
    #10352),.UNSPECIFIED.,.F.,.F.,(4,1,1,2,2,2,2,4),(-1.,-0.75,-0.625,
    -0.5625,-0.5,-0.375,-0.25,-0.),.UNSPECIFIED.);
#10339 = CARTESIAN_POINT('',(1.711098181976,16.85,1.621674817592));
#10340 = CARTESIAN_POINT('',(1.741051260515,16.85,1.605814159774));
#10341 = CARTESIAN_POINT('',(1.782080052398,16.85,1.58100921787));
#10342 = CARTESIAN_POINT('',(1.823120530892,16.85,1.550295697419));
#10343 = CARTESIAN_POINT('',(1.839246497668,16.85,1.536752526892));
#10344 = CARTESIAN_POINT('',(1.849672073357,16.85,1.527639250275));
#10345 = CARTESIAN_POINT('',(1.853496290194,16.85,1.524204547129));
#10346 = CARTESIAN_POINT('',(1.871837557031,16.85,1.506788593527));
#10347 = CARTESIAN_POINT('',(1.881042575994,16.85,1.496923772089));
#10348 = CARTESIAN_POINT('',(1.899291094605,16.85,1.472959483694));
#10349 = CARTESIAN_POINT('',(1.906716109572,16.85,1.4624426194));
#10350 = CARTESIAN_POINT('',(1.934358390066,16.85,1.418744320822));
#10351 = CARTESIAN_POINT('',(1.963709500486,16.85,1.406186341308));
#10352 = CARTESIAN_POINT('',(2.00398353433,16.85,1.410202581332));
#10353 = PCURVE('',#5924,#10354);
#10354 = DEFINITIONAL_REPRESENTATION('',(#10355),#10370);
#10355 = B_SPLINE_CURVE_WITH_KNOTS('',3,(#10356,#10357,#10358,#10359,
    #10360,#10361,#10362,#10363,#10364,#10365,#10366,#10367,#10368,
    #10369),.UNSPECIFIED.,.F.,.F.,(4,1,1,2,2,2,2,4),(-1.,-0.75,-0.625,
    -0.5625,-0.5,-0.375,-0.25,-0.),.UNSPECIFIED.);
#10356 = CARTESIAN_POINT('',(-1.134986848377,-1.621674817592));
#10357 = CARTESIAN_POINT('',(-1.105033769838,-1.605814159774));
#10358 = CARTESIAN_POINT('',(-1.064004977955,-1.58100921787));
#10359 = CARTESIAN_POINT('',(-1.022964499461,-1.550295697419));
#10360 = CARTESIAN_POINT('',(-1.006838532686,-1.536752526892));
#10361 = CARTESIAN_POINT('',(-0.996412956996,-1.527639250275));
#10362 = CARTESIAN_POINT('',(-0.992588740159,-1.524204547129));
#10363 = CARTESIAN_POINT('',(-0.974247473322,-1.506788593527));
#10364 = CARTESIAN_POINT('',(-0.965042454359,-1.496923772089));
#10365 = CARTESIAN_POINT('',(-0.946793935749,-1.472959483694));
#10366 = CARTESIAN_POINT('',(-0.939368920781,-1.4624426194));
#10367 = CARTESIAN_POINT('',(-0.911726640287,-1.418744320822));
#10368 = CARTESIAN_POINT('',(-0.882375529867,-1.406186341308));
#10369 = CARTESIAN_POINT('',(-0.842101496023,-1.410202581332));
#10370 = ( GEOMETRIC_REPRESENTATION_CONTEXT(2) 
PARAMETRIC_REPRESENTATION_CONTEXT() REPRESENTATION_CONTEXT('2D SPACE',''
  ) );
#10371 = ORIENTED_EDGE('',*,*,#10372,.F.);
#10372 = EDGE_CURVE('',#10373,#10335,#10375,.T.);
#10373 = VERTEX_POINT('',#10374);
#10374 = CARTESIAN_POINT('',(1.615323408074,16.85,1.550241977604));
#10375 = SURFACE_CURVE('',#10376,(#10381),.PCURVE_S1.);
#10376 = B_SPLINE_CURVE_WITH_KNOTS('',3,(#10377,#10378,#10379,#10380),
  .UNSPECIFIED.,.F.,.F.,(4,4),(-1.,-0.),.PIECEWISE_BEZIER_KNOTS.);
#10377 = CARTESIAN_POINT('',(1.615323408074,16.85,1.550241977604));
#10378 = CARTESIAN_POINT('',(1.646529370585,16.85,1.575016884747));
#10379 = CARTESIAN_POINT('',(1.678454295219,16.85,1.59882783141));
#10380 = CARTESIAN_POINT('',(1.711098181976,16.85,1.621674817592));
#10381 = PCURVE('',#5924,#10382);
#10382 = DEFINITIONAL_REPRESENTATION('',(#10383),#10388);
#10383 = B_SPLINE_CURVE_WITH_KNOTS('',3,(#10384,#10385,#10386,#10387),
  .UNSPECIFIED.,.F.,.F.,(4,4),(-1.,-0.),.PIECEWISE_BEZIER_KNOTS.);
#10384 = CARTESIAN_POINT('',(-1.230761622279,-1.550241977604));
#10385 = CARTESIAN_POINT('',(-1.199555659768,-1.575016884747));
#10386 = CARTESIAN_POINT('',(-1.167630735134,-1.59882783141));
#10387 = CARTESIAN_POINT('',(-1.134986848377,-1.621674817592));
#10388 = ( GEOMETRIC_REPRESENTATION_CONTEXT(2) 
PARAMETRIC_REPRESENTATION_CONTEXT() REPRESENTATION_CONTEXT('2D SPACE',''
  ) );
#10389 = ORIENTED_EDGE('',*,*,#10390,.F.);
#10390 = EDGE_CURVE('',#10391,#10373,#10393,.T.);
#10391 = VERTEX_POINT('',#10392);
#10392 = CARTESIAN_POINT('',(1.734511889154,16.85,1.209219335672));
#10393 = SURFACE_CURVE('',#10394,(#10418),.PCURVE_S1.);
#10394 = B_SPLINE_CURVE_WITH_KNOTS('',3,(#10395,#10396,#10397,#10398,
    #10399,#10400,#10401,#10402,#10403,#10404,#10405,#10406,#10407,
    #10408,#10409,#10410,#10411,#10412,#10413,#10414,#10415,#10416,
    #10417),.UNSPECIFIED.,.F.,.F.,(4,1,2,2,2,2,1,2,2,1,2,2,4),(-1.,
    -0.9375,-0.90625,-0.875,-0.8125,-0.75,-0.6875,-0.65625,-0.625,
    -0.5625,-0.53125,-0.5,-0.),.UNSPECIFIED.);
#10395 = CARTESIAN_POINT('',(1.734511889154,16.85,1.209219335672));
#10396 = CARTESIAN_POINT('',(1.738583540822,16.85,1.219166511168));
#10397 = CARTESIAN_POINT('',(1.742626831084,16.85,1.233530212602));
#10398 = CARTESIAN_POINT('',(1.743573840486,16.85,1.247058321326));
#10399 = CARTESIAN_POINT('',(1.743517117674,16.85,1.255891373205));
#10400 = CARTESIAN_POINT('',(1.742943785415,16.85,1.261401703978));
#10401 = CARTESIAN_POINT('',(1.741397332897,16.85,1.270534274586));
#10402 = CARTESIAN_POINT('',(1.739305078824,16.85,1.276904580086));
#10403 = CARTESIAN_POINT('',(1.732997999223,16.85,1.290209041279));
#10404 = CARTESIAN_POINT('',(1.72795154355,16.85,1.298280608603));
#10405 = CARTESIAN_POINT('',(1.719062581329,16.85,1.310437946914));
#10406 = CARTESIAN_POINT('',(1.712206581594,16.85,1.319404680486));
#10407 = CARTESIAN_POINT('',(1.705066664755,16.85,1.328144508813));
#10408 = CARTESIAN_POINT('',(1.700243627505,16.85,1.333920637643));
#10409 = CARTESIAN_POINT('',(1.696697170971,16.85,1.338048751359));
#10410 = CARTESIAN_POINT('',(1.69258351172,16.85,1.34276589146));
#10411 = CARTESIAN_POINT('',(1.687607099432,16.85,1.349977931349));
#10412 = CARTESIAN_POINT('',(1.681336557588,16.85,1.36093232092));
#10413 = CARTESIAN_POINT('',(1.676868612014,16.85,1.369066880565));
#10414 = CARTESIAN_POINT('',(1.673484777883,16.85,1.375504580925));
#10415 = CARTESIAN_POINT('',(1.64772148252,16.85,1.425557836948));
#10416 = CARTESIAN_POINT('',(1.628839521905,16.85,1.482822199448));
#10417 = CARTESIAN_POINT('',(1.615323408074,16.85,1.550241977604));
#10418 = PCURVE('',#5924,#10419);
#10419 = DEFINITIONAL_REPRESENTATION('',(#10420),#10444);
#10420 = B_SPLINE_CURVE_WITH_KNOTS('',3,(#10421,#10422,#10423,#10424,
    #10425,#10426,#10427,#10428,#10429,#10430,#10431,#10432,#10433,
    #10434,#10435,#10436,#10437,#10438,#10439,#10440,#10441,#10442,
    #10443),.UNSPECIFIED.,.F.,.F.,(4,1,2,2,2,2,1,2,2,1,2,2,4),(-1.,
    -0.9375,-0.90625,-0.875,-0.8125,-0.75,-0.6875,-0.65625,-0.625,
    -0.5625,-0.53125,-0.5,-0.),.UNSPECIFIED.);
#10421 = CARTESIAN_POINT('',(-1.111573141199,-1.209219335672));
#10422 = CARTESIAN_POINT('',(-1.107501489531,-1.219166511168));
#10423 = CARTESIAN_POINT('',(-1.103458199269,-1.233530212602));
#10424 = CARTESIAN_POINT('',(-1.102511189867,-1.247058321326));
#10425 = CARTESIAN_POINT('',(-1.102567912679,-1.255891373205));
#10426 = CARTESIAN_POINT('',(-1.103141244938,-1.261401703978));
#10427 = CARTESIAN_POINT('',(-1.104687697457,-1.270534274586));
#10428 = CARTESIAN_POINT('',(-1.10677995153,-1.276904580086));
#10429 = CARTESIAN_POINT('',(-1.11308703113,-1.290209041279));
#10430 = CARTESIAN_POINT('',(-1.118133486803,-1.298280608603));
#10431 = CARTESIAN_POINT('',(-1.127022449024,-1.310437946914));
#10432 = CARTESIAN_POINT('',(-1.133878448759,-1.319404680486));
#10433 = CARTESIAN_POINT('',(-1.141018365598,-1.328144508813));
#10434 = CARTESIAN_POINT('',(-1.145841402848,-1.333920637643));
#10435 = CARTESIAN_POINT('',(-1.149387859382,-1.338048751359));
#10436 = CARTESIAN_POINT('',(-1.153501518633,-1.34276589146));
#10437 = CARTESIAN_POINT('',(-1.158477930921,-1.349977931349));
#10438 = CARTESIAN_POINT('',(-1.164748472765,-1.36093232092));
#10439 = CARTESIAN_POINT('',(-1.169216418339,-1.369066880565));
#10440 = CARTESIAN_POINT('',(-1.17260025247,-1.375504580925));
#10441 = CARTESIAN_POINT('',(-1.198363547833,-1.425557836948));
#10442 = CARTESIAN_POINT('',(-1.217245508448,-1.482822199448));
#10443 = CARTESIAN_POINT('',(-1.230761622279,-1.550241977604));
#10444 = ( GEOMETRIC_REPRESENTATION_CONTEXT(2) 
PARAMETRIC_REPRESENTATION_CONTEXT() REPRESENTATION_CONTEXT('2D SPACE',''
  ) );
#10445 = ORIENTED_EDGE('',*,*,#10446,.F.);
#10446 = EDGE_CURVE('',#10447,#10391,#10449,.T.);
#10447 = VERTEX_POINT('',#10448);
#10448 = CARTESIAN_POINT('',(1.679736580513,16.85,1.156476348031));
#10449 = SURFACE_CURVE('',#10450,(#10455),.PCURVE_S1.);
#10450 = B_SPLINE_CURVE_WITH_KNOTS('',3,(#10451,#10452,#10453,#10454),
  .UNSPECIFIED.,.F.,.F.,(4,4),(-1.,-0.),.PIECEWISE_BEZIER_KNOTS.);
#10451 = CARTESIAN_POINT('',(1.679736580513,16.85,1.156476348031));
#10452 = CARTESIAN_POINT('',(1.697995016726,16.85,1.174057343911));
#10453 = CARTESIAN_POINT('',(1.71625345294,16.85,1.191638339792));
#10454 = CARTESIAN_POINT('',(1.734511889154,16.85,1.209219335672));
#10455 = PCURVE('',#5924,#10456);
#10456 = DEFINITIONAL_REPRESENTATION('',(#10457),#10462);
#10457 = B_SPLINE_CURVE_WITH_KNOTS('',3,(#10458,#10459,#10460,#10461),
  .UNSPECIFIED.,.F.,.F.,(4,4),(-1.,-0.),.PIECEWISE_BEZIER_KNOTS.);
#10458 = CARTESIAN_POINT('',(-1.16634844984,-1.156476348031));
#10459 = CARTESIAN_POINT('',(-1.148090013627,-1.174057343911));
#10460 = CARTESIAN_POINT('',(-1.129831577413,-1.191638339792));
#10461 = CARTESIAN_POINT('',(-1.111573141199,-1.209219335672));
#10462 = ( GEOMETRIC_REPRESENTATION_CONTEXT(2) 
PARAMETRIC_REPRESENTATION_CONTEXT() REPRESENTATION_CONTEXT('2D SPACE',''
  ) );
#10463 = ORIENTED_EDGE('',*,*,#10464,.F.);
#10464 = EDGE_CURVE('',#10465,#10447,#10467,.T.);
#10465 = VERTEX_POINT('',#10466);
#10466 = CARTESIAN_POINT('',(1.343461753508,16.85,1.288467169889));
#10467 = SURFACE_CURVE('',#10468,(#10483),.PCURVE_S1.);
#10468 = B_SPLINE_CURVE_WITH_KNOTS('',3,(#10469,#10470,#10471,#10472,
    #10473,#10474,#10475,#10476,#10477,#10478,#10479,#10480,#10481,
    #10482),.UNSPECIFIED.,.F.,.F.,(4,1,1,2,2,2,2,4),(-1.,-0.75,-0.625,
    -0.5625,-0.5,-0.375,-0.25,-0.),.UNSPECIFIED.);
#10469 = CARTESIAN_POINT('',(1.343461753508,16.85,1.288467169889));
#10470 = CARTESIAN_POINT('',(1.376418186208,16.85,1.280553831525));
#10471 = CARTESIAN_POINT('',(1.422326721351,16.85,1.266731628107));
#10472 = CARTESIAN_POINT('',(1.46971597968,16.85,1.247189381346));
#10473 = CARTESIAN_POINT('',(1.488703369105,16.85,1.238082059282));
#10474 = CARTESIAN_POINT('',(1.501067785897,16.85,1.231847828251));
#10475 = CARTESIAN_POINT('',(1.505626033867,16.85,1.229472076673));
#10476 = CARTESIAN_POINT('',(1.527722247616,16.85,1.217164564859));
#10477 = CARTESIAN_POINT('',(1.539091355312,16.85,1.209898860055));
#10478 = CARTESIAN_POINT('',(1.56272623933,16.85,1.191225675881));
#10479 = CARTESIAN_POINT('',(1.572533421594,16.85,1.182885744353));
#10480 = CARTESIAN_POINT('',(1.610174593958,16.85,1.147434663797));
#10481 = CARTESIAN_POINT('',(1.641726627779,16.85,1.14257054064));
#10482 = CARTESIAN_POINT('',(1.679736580513,16.85,1.156476348031));
#10483 = PCURVE('',#5924,#10484);
#10484 = DEFINITIONAL_REPRESENTATION('',(#10485),#10500);
#10485 = B_SPLINE_CURVE_WITH_KNOTS('',3,(#10486,#10487,#10488,#10489,
    #10490,#10491,#10492,#10493,#10494,#10495,#10496,#10497,#10498,
    #10499),.UNSPECIFIED.,.F.,.F.,(4,1,1,2,2,2,2,4),(-1.,-0.75,-0.625,
    -0.5625,-0.5,-0.375,-0.25,-0.),.UNSPECIFIED.);
#10486 = CARTESIAN_POINT('',(-1.502623276845,-1.288467169889));
#10487 = CARTESIAN_POINT('',(-1.469666844145,-1.280553831525));
#10488 = CARTESIAN_POINT('',(-1.423758309003,-1.266731628107));
#10489 = CARTESIAN_POINT('',(-1.376369050674,-1.247189381346));
#10490 = CARTESIAN_POINT('',(-1.357381661248,-1.238082059282));
#10491 = CARTESIAN_POINT('',(-1.345017244456,-1.231847828251));
#10492 = CARTESIAN_POINT('',(-1.340458996486,-1.229472076673));
#10493 = CARTESIAN_POINT('',(-1.318362782737,-1.217164564859));
#10494 = CARTESIAN_POINT('',(-1.306993675041,-1.209898860055));
#10495 = CARTESIAN_POINT('',(-1.283358791023,-1.191225675881));
#10496 = CARTESIAN_POINT('',(-1.273551608759,-1.182885744353));
#10497 = CARTESIAN_POINT('',(-1.235910436395,-1.147434663797));
#10498 = CARTESIAN_POINT('',(-1.204358402574,-1.14257054064));
#10499 = CARTESIAN_POINT('',(-1.16634844984,-1.156476348031));
#10500 = ( GEOMETRIC_REPRESENTATION_CONTEXT(2) 
PARAMETRIC_REPRESENTATION_CONTEXT() REPRESENTATION_CONTEXT('2D SPACE',''
  ) );
#10501 = ORIENTED_EDGE('',*,*,#10502,.F.);
#10502 = EDGE_CURVE('',#10503,#10465,#10505,.T.);
#10503 = VERTEX_POINT('',#10504);
#10504 = CARTESIAN_POINT('',(1.268460545162,16.85,1.195460306211));
#10505 = SURFACE_CURVE('',#10506,(#10511),.PCURVE_S1.);
#10506 = B_SPLINE_CURVE_WITH_KNOTS('',3,(#10507,#10508,#10509,#10510),
  .UNSPECIFIED.,.F.,.F.,(4,4),(-1.,-0.),.PIECEWISE_BEZIER_KNOTS.);
#10507 = CARTESIAN_POINT('',(1.268460545162,16.85,1.195460306211));
#10508 = CARTESIAN_POINT('',(1.292524846115,16.85,1.227217471384));
#10509 = CARTESIAN_POINT('',(1.317525248897,16.85,1.258219759277));
#10510 = CARTESIAN_POINT('',(1.343461753508,16.85,1.288467169889));
#10511 = PCURVE('',#5924,#10512);
#10512 = DEFINITIONAL_REPRESENTATION('',(#10513),#10518);
#10513 = B_SPLINE_CURVE_WITH_KNOTS('',3,(#10514,#10515,#10516,#10517),
  .UNSPECIFIED.,.F.,.F.,(4,4),(-1.,-0.),.PIECEWISE_BEZIER_KNOTS.);
#10514 = CARTESIAN_POINT('',(-1.577624485191,-1.195460306211));
#10515 = CARTESIAN_POINT('',(-1.553560184238,-1.227217471384));
#10516 = CARTESIAN_POINT('',(-1.528559781456,-1.258219759277));
#10517 = CARTESIAN_POINT('',(-1.502623276845,-1.288467169889));
#10518 = ( GEOMETRIC_REPRESENTATION_CONTEXT(2) 
PARAMETRIC_REPRESENTATION_CONTEXT() REPRESENTATION_CONTEXT('2D SPACE',''
  ) );
#10519 = ORIENTED_EDGE('',*,*,#10520,.F.);
#10520 = EDGE_CURVE('',#10521,#10503,#10523,.T.);
#10521 = VERTEX_POINT('',#10522);
#10522 = CARTESIAN_POINT('',(1.468713383278,16.85,0.894792487583));
#10523 = SURFACE_CURVE('',#10524,(#10548),.PCURVE_S1.);
#10524 = B_SPLINE_CURVE_WITH_KNOTS('',3,(#10525,#10526,#10527,#10528,
    #10529,#10530,#10531,#10532,#10533,#10534,#10535,#10536,#10537,
    #10538,#10539,#10540,#10541,#10542,#10543,#10544,#10545,#10546,
    #10547),.UNSPECIFIED.,.F.,.F.,(4,1,2,2,2,2,1,2,2,1,2,2,4),(-1.,
    -0.9375,-0.90625,-0.875,-0.8125,-0.75,-0.6875,-0.65625,-0.625,
    -0.5625,-0.53125,-0.5,-0.),.UNSPECIFIED.);
#10525 = CARTESIAN_POINT('',(1.468713383278,16.85,0.894792487583));
#10526 = CARTESIAN_POINT('',(1.470183354571,16.85,0.905439732862));
#10527 = CARTESIAN_POINT('',(1.470527510146,16.85,0.920357697603));
#10528 = CARTESIAN_POINT('',(1.468080463674,16.85,0.933696307575));
#10529 = CARTESIAN_POINT('',(1.465828832238,16.85,0.942237746497));
#10530 = CARTESIAN_POINT('',(1.463903148728,16.85,0.947432378161));
#10531 = CARTESIAN_POINT('',(1.460134102905,16.85,0.955893445168));
#10532 = CARTESIAN_POINT('',(1.456523350285,16.85,0.961543293378));
#10533 = CARTESIAN_POINT('',(1.447105734235,16.85,0.972861263542));
#10534 = CARTESIAN_POINT('',(1.44021050508,16.85,0.979424245244));
#10535 = CARTESIAN_POINT('',(1.42857739886,16.85,0.988989043405));
#10536 = CARTESIAN_POINT('',(1.419706857004,16.85,0.995969052752));
#10537 = CARTESIAN_POINT('',(1.410617746861,16.85,1.002658678188));
#10538 = CARTESIAN_POINT('',(1.404509769368,16.85,1.00705389872));
#10539 = CARTESIAN_POINT('',(1.400048111154,16.85,1.010170352278));
#10540 = CARTESIAN_POINT('',(1.394890585033,16.85,1.013716269292));
#10541 = CARTESIAN_POINT('',(1.388276954502,16.85,1.019464146276));
#10542 = CARTESIAN_POINT('',(1.379479167354,16.85,1.028514963212));
#10543 = CARTESIAN_POINT('',(1.373128607786,16.85,1.035282827826));
#10544 = CARTESIAN_POINT('',(1.36825009205,16.85,1.040676750663));
#10545 = CARTESIAN_POINT('',(1.330848459394,16.85,1.08275042059));
#10546 = CARTESIAN_POINT('',(1.298318642444,16.85,1.133519965186));
#10547 = CARTESIAN_POINT('',(1.268460545162,16.85,1.195460306211));
#10548 = PCURVE('',#5924,#10549);
#10549 = DEFINITIONAL_REPRESENTATION('',(#10550),#10574);
#10550 = B_SPLINE_CURVE_WITH_KNOTS('',3,(#10551,#10552,#10553,#10554,
    #10555,#10556,#10557,#10558,#10559,#10560,#10561,#10562,#10563,
    #10564,#10565,#10566,#10567,#10568,#10569,#10570,#10571,#10572,
    #10573),.UNSPECIFIED.,.F.,.F.,(4,1,2,2,2,2,1,2,2,1,2,2,4),(-1.,
    -0.9375,-0.90625,-0.875,-0.8125,-0.75,-0.6875,-0.65625,-0.625,
    -0.5625,-0.53125,-0.5,-0.),.UNSPECIFIED.);
#10551 = CARTESIAN_POINT('',(-1.377371647075,-0.894792487583));
#10552 = CARTESIAN_POINT('',(-1.375901675782,-0.905439732862));
#10553 = CARTESIAN_POINT('',(-1.375557520207,-0.920357697603));
#10554 = CARTESIAN_POINT('',(-1.378004566679,-0.933696307575));
#10555 = CARTESIAN_POINT('',(-1.380256198115,-0.942237746497));
#10556 = CARTESIAN_POINT('',(-1.382181881625,-0.947432378161));
#10557 = CARTESIAN_POINT('',(-1.385950927448,-0.955893445168));
#10558 = CARTESIAN_POINT('',(-1.389561680068,-0.961543293378));
#10559 = CARTESIAN_POINT('',(-1.398979296118,-0.972861263542));
#10560 = CARTESIAN_POINT('',(-1.405874525274,-0.979424245244));
#10561 = CARTESIAN_POINT('',(-1.417507631493,-0.988989043405));
#10562 = CARTESIAN_POINT('',(-1.426378173349,-0.995969052752));
#10563 = CARTESIAN_POINT('',(-1.435467283492,-1.002658678188));
#10564 = CARTESIAN_POINT('',(-1.441575260985,-1.00705389872));
#10565 = CARTESIAN_POINT('',(-1.4460369192,-1.010170352278));
#10566 = CARTESIAN_POINT('',(-1.45119444532,-1.013716269292));
#10567 = CARTESIAN_POINT('',(-1.457808075851,-1.019464146276));
#10568 = CARTESIAN_POINT('',(-1.466605862999,-1.028514963212));
#10569 = CARTESIAN_POINT('',(-1.472956422567,-1.035282827826));
#10570 = CARTESIAN_POINT('',(-1.477834938303,-1.040676750663));
#10571 = CARTESIAN_POINT('',(-1.515236570959,-1.08275042059));
#10572 = CARTESIAN_POINT('',(-1.547766387909,-1.133519965186));
#10573 = CARTESIAN_POINT('',(-1.577624485191,-1.195460306211));
#10574 = ( GEOMETRIC_REPRESENTATION_CONTEXT(2) 
PARAMETRIC_REPRESENTATION_CONTEXT() REPRESENTATION_CONTEXT('2D SPACE',''
  ) );
#10575 = ORIENTED_EDGE('',*,*,#10576,.F.);
#10576 = EDGE_CURVE('',#10577,#10521,#10579,.T.);
#10577 = VERTEX_POINT('',#10578);
#10578 = CARTESIAN_POINT('',(1.428775589329,16.85,0.830084452561));
#10579 = SURFACE_CURVE('',#10580,(#10585),.PCURVE_S1.);
#10580 = B_SPLINE_CURVE_WITH_KNOTS('',3,(#10581,#10582,#10583,#10584),
  .UNSPECIFIED.,.F.,.F.,(4,4),(-1.,-0.),.PIECEWISE_BEZIER_KNOTS.);
#10581 = CARTESIAN_POINT('',(1.428775589329,16.85,0.830084452561));
#10582 = CARTESIAN_POINT('',(1.442088187312,16.85,0.851653797568));
#10583 = CARTESIAN_POINT('',(1.455400785295,16.85,0.873223142576));
#10584 = CARTESIAN_POINT('',(1.468713383278,16.85,0.894792487583));
#10585 = PCURVE('',#5924,#10586);
#10586 = DEFINITIONAL_REPRESENTATION('',(#10587),#10592);
#10587 = B_SPLINE_CURVE_WITH_KNOTS('',3,(#10588,#10589,#10590,#10591),
  .UNSPECIFIED.,.F.,.F.,(4,4),(-1.,-0.),.PIECEWISE_BEZIER_KNOTS.);
#10588 = CARTESIAN_POINT('',(-1.417309441024,-0.830084452561));
#10589 = CARTESIAN_POINT('',(-1.403996843041,-0.851653797568));
#10590 = CARTESIAN_POINT('',(-1.390684245058,-0.873223142576));
#10591 = CARTESIAN_POINT('',(-1.377371647075,-0.894792487583));
#10592 = ( GEOMETRIC_REPRESENTATION_CONTEXT(2) 
PARAMETRIC_REPRESENTATION_CONTEXT() REPRESENTATION_CONTEXT('2D SPACE',''
  ) );
#10593 = ORIENTED_EDGE('',*,*,#10594,.F.);
#10594 = EDGE_CURVE('',#10595,#10577,#10597,.T.);
#10595 = VERTEX_POINT('',#10596);
#10596 = CARTESIAN_POINT('',(1.070240671785,16.85,0.874300391252));
#10597 = SURFACE_CURVE('',#10598,(#10613),.PCURVE_S1.);
#10598 = B_SPLINE_CURVE_WITH_KNOTS('',3,(#10599,#10600,#10601,#10602,
    #10603,#10604,#10605,#10606,#10607,#10608,#10609,#10610,#10611,
    #10612),.UNSPECIFIED.,.F.,.F.,(4,1,1,2,2,2,2,4),(-1.,-0.75,-0.625,
    -0.5625,-0.5,-0.375,-0.25,-0.),.UNSPECIFIED.);
#10599 = CARTESIAN_POINT('',(1.070240671785,16.85,0.874300391252));
#10600 = CARTESIAN_POINT('',(1.104129684774,16.85,0.874831596493));
#10601 = CARTESIAN_POINT('',(1.152033361074,16.85,0.872860631438));
#10602 = CARTESIAN_POINT('',(1.202793757852,16.85,0.865717569601));
#10603 = CARTESIAN_POINT('',(1.22344952242,16.85,0.861618342541));
#10604 = CARTESIAN_POINT('',(1.236975878533,16.85,0.858654876758));
#10605 = CARTESIAN_POINT('',(1.241981746153,16.85,0.857487353958));
#10606 = CARTESIAN_POINT('',(1.266444520439,16.85,0.851061610164));
#10607 = CARTESIAN_POINT('',(1.279263354019,16.85,0.846851552947));
#10608 = CARTESIAN_POINT('',(1.306799536759,16.85,0.834642777831));
#10609 = CARTESIAN_POINT('',(1.318372664988,16.85,0.829003807638));
#10610 = CARTESIAN_POINT('',(1.363647595929,16.85,0.804027466876));
#10611 = CARTESIAN_POINT('',(1.395418022826,16.85,0.807162830824));
#10612 = CARTESIAN_POINT('',(1.428775589329,16.85,0.830084452561));
#10613 = PCURVE('',#5924,#10614);
#10614 = DEFINITIONAL_REPRESENTATION('',(#10615),#10630);
#10615 = B_SPLINE_CURVE_WITH_KNOTS('',3,(#10616,#10617,#10618,#10619,
    #10620,#10621,#10622,#10623,#10624,#10625,#10626,#10627,#10628,
    #10629),.UNSPECIFIED.,.F.,.F.,(4,1,1,2,2,2,2,4),(-1.,-0.75,-0.625,
    -0.5625,-0.5,-0.375,-0.25,-0.),.UNSPECIFIED.);
#10616 = CARTESIAN_POINT('',(-1.775844358568,-0.874300391252));
#10617 = CARTESIAN_POINT('',(-1.741955345579,-0.874831596493));
#10618 = CARTESIAN_POINT('',(-1.694051669279,-0.872860631438));
#10619 = CARTESIAN_POINT('',(-1.643291272501,-0.865717569601));
#10620 = CARTESIAN_POINT('',(-1.622635507933,-0.861618342541));
#10621 = CARTESIAN_POINT('',(-1.60910915182,-0.858654876758));
#10622 = CARTESIAN_POINT('',(-1.6041032842,-0.857487353958));
#10623 = CARTESIAN_POINT('',(-1.579640509914,-0.851061610164));
#10624 = CARTESIAN_POINT('',(-1.566821676334,-0.846851552947));
#10625 = CARTESIAN_POINT('',(-1.539285493594,-0.834642777831));
#10626 = CARTESIAN_POINT('',(-1.527712365365,-0.829003807638));
#10627 = CARTESIAN_POINT('',(-1.482437434425,-0.804027466876));
#10628 = CARTESIAN_POINT('',(-1.450667007527,-0.807162830824));
#10629 = CARTESIAN_POINT('',(-1.417309441024,-0.830084452561));
#10630 = ( GEOMETRIC_REPRESENTATION_CONTEXT(2) 
PARAMETRIC_REPRESENTATION_CONTEXT() REPRESENTATION_CONTEXT('2D SPACE',''
  ) );
#10631 = ORIENTED_EDGE('',*,*,#10632,.F.);
#10632 = EDGE_CURVE('',#10633,#10595,#10635,.T.);
#10633 = VERTEX_POINT('',#10634);
#10634 = CARTESIAN_POINT('',(1.020725630751,16.85,0.765563467183));
#10635 = SURFACE_CURVE('',#10636,(#10641),.PCURVE_S1.);
#10636 = B_SPLINE_CURVE_WITH_KNOTS('',3,(#10637,#10638,#10639,#10640),
  .UNSPECIFIED.,.F.,.F.,(4,4),(-1.,-0.),.PIECEWISE_BEZIER_KNOTS.);
#10637 = CARTESIAN_POINT('',(1.020725630751,16.85,0.765563467183));
#10638 = CARTESIAN_POINT('',(1.036136221615,16.85,0.802307470903));
#10639 = CARTESIAN_POINT('',(1.052641235293,16.85,0.83855311226));
#10640 = CARTESIAN_POINT('',(1.070240671785,16.85,0.874300391252));
#10641 = PCURVE('',#5924,#10642);
#10642 = DEFINITIONAL_REPRESENTATION('',(#10643),#10648);
#10643 = B_SPLINE_CURVE_WITH_KNOTS('',3,(#10644,#10645,#10646,#10647),
  .UNSPECIFIED.,.F.,.F.,(4,4),(-1.,-0.),.PIECEWISE_BEZIER_KNOTS.);
#10644 = CARTESIAN_POINT('',(-1.825359399602,-0.765563467183));
#10645 = CARTESIAN_POINT('',(-1.809948808738,-0.802307470903));
#10646 = CARTESIAN_POINT('',(-1.79344379506,-0.83855311226));
#10647 = CARTESIAN_POINT('',(-1.775844358568,-0.874300391252));
#10648 = ( GEOMETRIC_REPRESENTATION_CONTEXT(2) 
PARAMETRIC_REPRESENTATION_CONTEXT() REPRESENTATION_CONTEXT('2D SPACE',''
  ) );
#10649 = ORIENTED_EDGE('',*,*,#10650,.F.);
#10650 = EDGE_CURVE('',#10651,#10633,#10653,.T.);
#10651 = VERTEX_POINT('',#10652);
#10652 = CARTESIAN_POINT('',(1.289460203608,16.85,0.524142536682));
#10653 = SURFACE_CURVE('',#10654,(#10678),.PCURVE_S1.);
#10654 = B_SPLINE_CURVE_WITH_KNOTS('',3,(#10655,#10656,#10657,#10658,
    #10659,#10660,#10661,#10662,#10663,#10664,#10665,#10666,#10667,
    #10668,#10669,#10670,#10671,#10672,#10673,#10674,#10675,#10676,
    #10677),.UNSPECIFIED.,.F.,.F.,(4,1,2,2,2,2,1,2,2,1,2,2,4),(-1.,
    -0.9375,-0.90625,-0.875,-0.8125,-0.75,-0.6875,-0.65625,-0.625,
    -0.5625,-0.53125,-0.5,-0.),.UNSPECIFIED.);
#10655 = CARTESIAN_POINT('',(1.289460203608,16.85,0.524142536682));
#10656 = CARTESIAN_POINT('',(1.288236130822,16.85,0.534820846167));
#10657 = CARTESIAN_POINT('',(1.284859527148,16.85,0.549355723624));
#10658 = CARTESIAN_POINT('',(1.279172181732,16.85,0.561666720925));
#10659 = CARTESIAN_POINT('',(1.274867119957,16.85,0.569379856869));
#10660 = CARTESIAN_POINT('',(1.271710082972,16.85,0.573932391612));
#10661 = CARTESIAN_POINT('',(1.265955266856,16.85,0.581190315059));
#10662 = CARTESIAN_POINT('',(1.261052892555,16.85,0.585764705237));
#10663 = CARTESIAN_POINT('',(1.249116483508,16.85,0.594385034684));
#10664 = CARTESIAN_POINT('',(1.240805733477,16.85,0.599027054486));
#10665 = CARTESIAN_POINT('',(1.227159434106,16.85,0.605398321052));
#10666 = CARTESIAN_POINT('',(1.216831718897,16.85,0.609953026516));
#10667 = CARTESIAN_POINT('',(1.206364517668,16.85,0.614172115292));
#10668 = CARTESIAN_POINT('',(1.199355386622,16.85,0.616910259655));
#10669 = CARTESIAN_POINT('',(1.194258869121,16.85,0.618819234815));
#10670 = CARTESIAN_POINT('',(1.188381542465,16.85,0.620971125738));
#10671 = CARTESIAN_POINT('',(1.18054625242,16.85,0.624893679566));
#10672 = CARTESIAN_POINT('',(1.169774017291,16.85,0.631472227751));
#10673 = CARTESIAN_POINT('',(1.161939872742,16.85,0.63644814751));
#10674 = CARTESIAN_POINT('',(1.155873210488,16.85,0.640459372815));
#10675 = CARTESIAN_POINT('',(1.109183322672,16.85,0.671909813228));
#10676 = CARTESIAN_POINT('',(1.065049617423,16.85,0.712994502715));
#10677 = CARTESIAN_POINT('',(1.020725630751,16.85,0.765563467183));
#10678 = PCURVE('',#5924,#10679);
#10679 = DEFINITIONAL_REPRESENTATION('',(#10680),#10704);
#10680 = B_SPLINE_CURVE_WITH_KNOTS('',3,(#10681,#10682,#10683,#10684,
    #10685,#10686,#10687,#10688,#10689,#10690,#10691,#10692,#10693,
    #10694,#10695,#10696,#10697,#10698,#10699,#10700,#10701,#10702,
    #10703),.UNSPECIFIED.,.F.,.F.,(4,1,2,2,2,2,1,2,2,1,2,2,4),(-1.,
    -0.9375,-0.90625,-0.875,-0.8125,-0.75,-0.6875,-0.65625,-0.625,
    -0.5625,-0.53125,-0.5,-0.),.UNSPECIFIED.);
#10681 = CARTESIAN_POINT('',(-1.556624826745,-0.524142536682));
#10682 = CARTESIAN_POINT('',(-1.557848899531,-0.534820846167));
#10683 = CARTESIAN_POINT('',(-1.561225503205,-0.549355723624));
#10684 = CARTESIAN_POINT('',(-1.566912848621,-0.561666720925));
#10685 = CARTESIAN_POINT('',(-1.571217910397,-0.569379856869));
#10686 = CARTESIAN_POINT('',(-1.574374947381,-0.573932391612));
#10687 = CARTESIAN_POINT('',(-1.580129763497,-0.581190315059));
#10688 = CARTESIAN_POINT('',(-1.585032137798,-0.585764705237));
#10689 = CARTESIAN_POINT('',(-1.596968546845,-0.594385034684));
#10690 = CARTESIAN_POINT('',(-1.605279296876,-0.599027054486));
#10691 = CARTESIAN_POINT('',(-1.618925596247,-0.605398321052));
#10692 = CARTESIAN_POINT('',(-1.629253311456,-0.609953026516));
#10693 = CARTESIAN_POINT('',(-1.639720512685,-0.614172115292));
#10694 = CARTESIAN_POINT('',(-1.646729643731,-0.616910259655));
#10695 = CARTESIAN_POINT('',(-1.651826161232,-0.618819234815));
#10696 = CARTESIAN_POINT('',(-1.657703487888,-0.620971125738));
#10697 = CARTESIAN_POINT('',(-1.665538777933,-0.624893679566));
#10698 = CARTESIAN_POINT('',(-1.676311013062,-0.631472227751));
#10699 = CARTESIAN_POINT('',(-1.684145157611,-0.63644814751));
#10700 = CARTESIAN_POINT('',(-1.690211819865,-0.640459372815));
#10701 = CARTESIAN_POINT('',(-1.736901707681,-0.671909813228));
#10702 = CARTESIAN_POINT('',(-1.78103541293,-0.712994502715));
#10703 = CARTESIAN_POINT('',(-1.825359399602,-0.765563467183));
#10704 = ( GEOMETRIC_REPRESENTATION_CONTEXT(2) 
PARAMETRIC_REPRESENTATION_CONTEXT() REPRESENTATION_CONTEXT('2D SPACE',''
  ) );
#10705 = ORIENTED_EDGE('',*,*,#10706,.F.);
#10706 = EDGE_CURVE('',#10707,#10651,#10709,.T.);
#10707 = VERTEX_POINT('',#10708);
#10708 = CARTESIAN_POINT('',(1.266869362824,16.85,0.451535298099));
#10709 = SURFACE_CURVE('',#10710,(#10715),.PCURVE_S1.);
#10710 = B_SPLINE_CURVE_WITH_KNOTS('',3,(#10711,#10712,#10713,#10714),
  .UNSPECIFIED.,.F.,.F.,(4,4),(-1.,-0.),.PIECEWISE_BEZIER_KNOTS.);
#10711 = CARTESIAN_POINT('',(1.266869362824,16.85,0.451535298099));
#10712 = CARTESIAN_POINT('',(1.274399643085,16.85,0.47573771096));
#10713 = CARTESIAN_POINT('',(1.281929923346,16.85,0.499940123821));
#10714 = CARTESIAN_POINT('',(1.289460203608,16.85,0.524142536682));
#10715 = PCURVE('',#5924,#10716);
#10716 = DEFINITIONAL_REPRESENTATION('',(#10717),#10722);
#10717 = B_SPLINE_CURVE_WITH_KNOTS('',3,(#10718,#10719,#10720,#10721),
  .UNSPECIFIED.,.F.,.F.,(4,4),(-1.,-0.),.PIECEWISE_BEZIER_KNOTS.);
#10718 = CARTESIAN_POINT('',(-1.57921566753,-0.451535298099));
#10719 = CARTESIAN_POINT('',(-1.571685387268,-0.47573771096));
#10720 = CARTESIAN_POINT('',(-1.564155107007,-0.499940123821));
#10721 = CARTESIAN_POINT('',(-1.556624826745,-0.524142536682));
#10722 = ( GEOMETRIC_REPRESENTATION_CONTEXT(2) 
PARAMETRIC_REPRESENTATION_CONTEXT() REPRESENTATION_CONTEXT('2D SPACE',''
  ) );
#10723 = ORIENTED_EDGE('',*,*,#10724,.F.);
#10724 = EDGE_CURVE('',#10725,#10707,#10727,.T.);
#10725 = VERTEX_POINT('',#10726);
#10726 = CARTESIAN_POINT('',(0.908602422211,16.85,0.40519810358));
#10727 = SURFACE_CURVE('',#10728,(#10743),.PCURVE_S1.);
#10728 = B_SPLINE_CURVE_WITH_KNOTS('',3,(#10729,#10730,#10731,#10732,
    #10733,#10734,#10735,#10736,#10737,#10738,#10739,#10740,#10741,
    #10742),.UNSPECIFIED.,.F.,.F.,(4,1,1,2,2,2,2,4),(-1.,-0.75,-0.625,
    -0.5625,-0.5,-0.375,-0.25,-0.),.UNSPECIFIED.);
#10729 = CARTESIAN_POINT('',(0.908602422211,16.85,0.40519810358));
#10730 = CARTESIAN_POINT('',(0.941294644167,16.85,0.414140474848));
#10731 = CARTESIAN_POINT('',(0.988183497465,16.85,0.424144591138));
#10732 = CARTESIAN_POINT('',(1.039125570278,16.85,0.429849539071));
#10733 = CARTESIAN_POINT('',(1.060151832334,16.85,0.431015976527));
#10734 = CARTESIAN_POINT('',(1.073990217068,16.85,0.431509481447));
#10735 = CARTESIAN_POINT('',(1.079129167265,16.85,0.431623547177));
#10736 = CARTESIAN_POINT('',(1.104421416012,16.85,0.431483324516));
#10737 = CARTESIAN_POINT('',(1.117884521016,16.85,0.430593448265));
#10738 = CARTESIAN_POINT('',(1.147591802847,16.85,0.425616204448));
#10739 = CARTESIAN_POINT('',(1.160203694832,16.85,0.423032512827));
#10740 = CARTESIAN_POINT('',(1.210267593928,16.85,0.410100267205));
#10741 = CARTESIAN_POINT('',(1.240260161137,16.85,0.421038111809));
#10742 = CARTESIAN_POINT('',(1.266869362824,16.85,0.451535298099));
#10743 = PCURVE('',#5924,#10744);
#10744 = DEFINITIONAL_REPRESENTATION('',(#10745),#10760);
#10745 = B_SPLINE_CURVE_WITH_KNOTS('',3,(#10746,#10747,#10748,#10749,
    #10750,#10751,#10752,#10753,#10754,#10755,#10756,#10757,#10758,
    #10759),.UNSPECIFIED.,.F.,.F.,(4,1,1,2,2,2,2,4),(-1.,-0.75,-0.625,
    -0.5625,-0.5,-0.375,-0.25,-0.),.UNSPECIFIED.);
#10746 = CARTESIAN_POINT('',(-1.937482608143,-0.40519810358));
#10747 = CARTESIAN_POINT('',(-1.904790386186,-0.414140474848));
#10748 = CARTESIAN_POINT('',(-1.857901532888,-0.424144591138));
#10749 = CARTESIAN_POINT('',(-1.806959460075,-0.429849539071));
#10750 = CARTESIAN_POINT('',(-1.785933198019,-0.431015976527));
#10751 = CARTESIAN_POINT('',(-1.772094813285,-0.431509481447));
#10752 = CARTESIAN_POINT('',(-1.766955863088,-0.431623547177));
#10753 = CARTESIAN_POINT('',(-1.741663614341,-0.431483324516));
#10754 = CARTESIAN_POINT('',(-1.728200509337,-0.430593448265));
#10755 = CARTESIAN_POINT('',(-1.698493227506,-0.425616204448));
#10756 = CARTESIAN_POINT('',(-1.685881335521,-0.423032512827));
#10757 = CARTESIAN_POINT('',(-1.635817436425,-0.410100267205));
#10758 = CARTESIAN_POINT('',(-1.605824869216,-0.421038111809));
#10759 = CARTESIAN_POINT('',(-1.57921566753,-0.451535298099));
#10760 = ( GEOMETRIC_REPRESENTATION_CONTEXT(2) 
PARAMETRIC_REPRESENTATION_CONTEXT() REPRESENTATION_CONTEXT('2D SPACE',''
  ) );
#10761 = ORIENTED_EDGE('',*,*,#10762,.F.);
#10762 = EDGE_CURVE('',#10763,#10725,#10765,.T.);
#10763 = VERTEX_POINT('',#10764);
#10764 = CARTESIAN_POINT('',(0.88768476062,16.85,0.287563459966));
#10765 = SURFACE_CURVE('',#10766,(#10771),.PCURVE_S1.);
#10766 = B_SPLINE_CURVE_WITH_KNOTS('',3,(#10767,#10768,#10769,#10770),
  .UNSPECIFIED.,.F.,.F.,(4,4),(-1.,-0.),.PIECEWISE_BEZIER_KNOTS.);
#10767 = CARTESIAN_POINT('',(0.88768476062,16.85,0.287563459966));
#10768 = CARTESIAN_POINT('',(0.893473337294,16.85,0.326985541345));
#10769 = CARTESIAN_POINT('',(0.900445891158,16.85,0.366197089217));
#10770 = CARTESIAN_POINT('',(0.908602422211,16.85,0.40519810358));
#10771 = PCURVE('',#5924,#10772);
#10772 = DEFINITIONAL_REPRESENTATION('',(#10773),#10778);
#10773 = B_SPLINE_CURVE_WITH_KNOTS('',3,(#10774,#10775,#10776,#10777),
  .UNSPECIFIED.,.F.,.F.,(4,4),(-1.,-0.),.PIECEWISE_BEZIER_KNOTS.);
#10774 = CARTESIAN_POINT('',(-1.958400269734,-0.287563459966));
#10775 = CARTESIAN_POINT('',(-1.952611693059,-0.326985541345));
#10776 = CARTESIAN_POINT('',(-1.945639139195,-0.366197089217));
#10777 = CARTESIAN_POINT('',(-1.937482608143,-0.40519810358));
#10778 = ( GEOMETRIC_REPRESENTATION_CONTEXT(2) 
PARAMETRIC_REPRESENTATION_CONTEXT() REPRESENTATION_CONTEXT('2D SPACE',''
  ) );
#10779 = ORIENTED_EDGE('',*,*,#10780,.F.);
#10780 = EDGE_CURVE('',#8801,#10763,#10781,.T.);
#10781 = SURFACE_CURVE('',#10782,(#10806),.PCURVE_S1.);
#10782 = B_SPLINE_CURVE_WITH_KNOTS('',3,(#10783,#10784,#10785,#10786,
    #10787,#10788,#10789,#10790,#10791,#10792,#10793,#10794,#10795,
    #10796,#10797,#10798,#10799,#10800,#10801,#10802,#10803,#10804,
    #10805),.UNSPECIFIED.,.F.,.F.,(4,1,2,2,2,2,1,2,2,1,2,2,4),(-1.,
    -0.9375,-0.90625,-0.875,-0.8125,-0.75,-0.6875,-0.65625,-0.625,
    -0.5625,-0.53125,-0.5,-0.),.UNSPECIFIED.);
#10783 = CARTESIAN_POINT('',(1.208015486667,16.85,0.12055878254));
#10784 = CARTESIAN_POINT('',(1.204174282798,16.85,0.130597198774));
#10785 = CARTESIAN_POINT('',(1.197289084303,16.85,0.143835709141));
#10786 = CARTESIAN_POINT('',(1.188718796772,16.85,0.154345548534));
#10787 = CARTESIAN_POINT('',(1.18263080752,16.85,0.160745736802));
#10788 = CARTESIAN_POINT('',(1.178440785307,16.85,0.164370122123));
#10789 = CARTESIAN_POINT('',(1.171061795158,16.85,0.169968859988));
#10790 = CARTESIAN_POINT('',(1.165175833384,16.85,0.173180366374));
#10791 = CARTESIAN_POINT('',(1.151470639819,16.85,0.178561408101));
#10792 = CARTESIAN_POINT('',(1.142266563902,16.85,0.180990790828));
#10793 = CARTESIAN_POINT('',(1.127464518556,16.85,0.183768195687));
#10794 = CARTESIAN_POINT('',(1.116328558323,16.85,0.185611408374));
#10795 = CARTESIAN_POINT('',(1.105140958757,16.85,0.187094859625));
#10796 = CARTESIAN_POINT('',(1.097671083639,16.85,0.188003880139));
#10797 = CARTESIAN_POINT('',(1.09225993979,16.85,0.188585428972));
#10798 = CARTESIAN_POINT('',(1.086032106648,16.85,0.189208082581));
#10799 = CARTESIAN_POINT('',(1.077467477179,16.85,0.19105884477));
#10800 = CARTESIAN_POINT('',(1.06539765322,16.85,0.194751769829));
#10801 = CARTESIAN_POINT('',(1.056572171804,16.85,0.197623089395));
#10802 = CARTESIAN_POINT('',(1.049698553732,16.85,0.199999577129));
#10803 = CARTESIAN_POINT('',(0.996654108121,16.85,0.21885064119));
#10804 = CARTESIAN_POINT('',(0.943689597586,16.85,0.247668973429));
#10805 = CARTESIAN_POINT('',(0.88768476062,16.85,0.287563459966));
#10806 = PCURVE('',#5924,#10807);
#10807 = DEFINITIONAL_REPRESENTATION('',(#10808),#10832);
#10808 = B_SPLINE_CURVE_WITH_KNOTS('',3,(#10809,#10810,#10811,#10812,
    #10813,#10814,#10815,#10816,#10817,#10818,#10819,#10820,#10821,
    #10822,#10823,#10824,#10825,#10826,#10827,#10828,#10829,#10830,
    #10831),.UNSPECIFIED.,.F.,.F.,(4,1,2,2,2,2,1,2,2,1,2,2,4),(-1.,
    -0.9375,-0.90625,-0.875,-0.8125,-0.75,-0.6875,-0.65625,-0.625,
    -0.5625,-0.53125,-0.5,-0.),.UNSPECIFIED.);
#10809 = CARTESIAN_POINT('',(-1.638069543686,-0.12055878254));
#10810 = CARTESIAN_POINT('',(-1.641910747556,-0.130597198774));
#10811 = CARTESIAN_POINT('',(-1.64879594605,-0.143835709141));
#10812 = CARTESIAN_POINT('',(-1.657366233582,-0.154345548534));
#10813 = CARTESIAN_POINT('',(-1.663454222833,-0.160745736802));
#10814 = CARTESIAN_POINT('',(-1.667644245046,-0.164370122123));
#10815 = CARTESIAN_POINT('',(-1.675023235195,-0.169968859988));
#10816 = CARTESIAN_POINT('',(-1.680909196969,-0.173180366374));
#10817 = CARTESIAN_POINT('',(-1.694614390534,-0.178561408101));
#10818 = CARTESIAN_POINT('',(-1.703818466451,-0.180990790828));
#10819 = CARTESIAN_POINT('',(-1.718620511797,-0.183768195687));
#10820 = CARTESIAN_POINT('',(-1.72975647203,-0.185611408374));
#10821 = CARTESIAN_POINT('',(-1.740944071596,-0.187094859625));
#10822 = CARTESIAN_POINT('',(-1.748413946714,-0.188003880139));
#10823 = CARTESIAN_POINT('',(-1.753825090563,-0.188585428972));
#10824 = CARTESIAN_POINT('',(-1.760052923705,-0.189208082581));
#10825 = CARTESIAN_POINT('',(-1.768617553174,-0.19105884477));
#10826 = CARTESIAN_POINT('',(-1.780687377133,-0.194751769829));
#10827 = CARTESIAN_POINT('',(-1.789512858549,-0.197623089395));
#10828 = CARTESIAN_POINT('',(-1.796386476621,-0.199999577129));
#10829 = CARTESIAN_POINT('',(-1.849430922232,-0.21885064119));
#10830 = CARTESIAN_POINT('',(-1.902395432768,-0.247668973429));
#10831 = CARTESIAN_POINT('',(-1.958400269734,-0.287563459966));
#10832 = ( GEOMETRIC_REPRESENTATION_CONTEXT(2) 
PARAMETRIC_REPRESENTATION_CONTEXT() REPRESENTATION_CONTEXT('2D SPACE',''
  ) );
#10833 = SHELL_BASED_SURFACE_MODEL('',(#10834));
#10834 = OPEN_SHELL('',(#10835,#10986));
#10835 = ADVANCED_FACE('',(#10836),#10851,.T.);
#10836 = FACE_BOUND('',#10837,.T.);
#10837 = EDGE_LOOP('',(#10838,#10861,#10972));
#10838 = ORIENTED_EDGE('',*,*,#10839,.T.);
#10839 = EDGE_CURVE('',#10840,#10842,#10844,.T.);
#10840 = VERTEX_POINT('',#10841);
#10841 = CARTESIAN_POINT('',(3.020863520467,18.104958421445,
    0.862162727908));
#10842 = VERTEX_POINT('',#10843);
#10843 = CARTESIAN_POINT('',(3.219498718752,17.14975831015,
    6.759219723269E-05));
#10844 = SURFACE_CURVE('',#10845,(#10850),.PCURVE_S1.);
#10845 = B_SPLINE_CURVE_WITH_KNOTS('',3,(#10846,#10847,#10848,#10849),
  .UNSPECIFIED.,.F.,.F.,(4,4),(0.,1.),.PIECEWISE_BEZIER_KNOTS.);
#10846 = CARTESIAN_POINT('',(3.020863520467,18.104958421445,
    0.862162727908));
#10847 = CARTESIAN_POINT('',(3.020863520467,17.68663894763,
    0.862162727908));
#10848 = CARTESIAN_POINT('',(3.020863520467,17.268319473815,
    0.862162727908));
#10849 = CARTESIAN_POINT('',(3.020863520467,16.85,0.862162727908));
#10850 = PCURVE('',#10851,#10856);
#10851 = CYLINDRICAL_SURFACE('',#10852,0.8797);
#10852 = AXIS2_PLACEMENT_3D('',#10853,#10854,#10855);
#10853 = CARTESIAN_POINT('',(2.846085030353,18.2,1.73381795713E-15));
#10854 = DIRECTION('',(1.393758570794E-16,-1.,-7.018727669979E-18));
#10855 = DIRECTION('',(5.029454251471E-02,-1.54074395551E-33,
    0.998734428661));
#10856 = DEFINITIONAL_REPRESENTATION('',(#10857),#10860);
#10857 = B_SPLINE_CURVE_WITH_KNOTS('',1,(#10858,#10859),.UNSPECIFIED.,
  .F.,.F.,(2,2),(0.,0.761140843372),.PIECEWISE_BEZIER_KNOTS.);
#10858 = CARTESIAN_POINT('',(6.133490546124,9.50415785553E-02));
#10859 = CARTESIAN_POINT('',(6.133490546124,1.05024168985));
#10860 = ( GEOMETRIC_REPRESENTATION_CONTEXT(2) 
PARAMETRIC_REPRESENTATION_CONTEXT() REPRESENTATION_CONTEXT('2D SPACE',''
  ) );
#10861 = ORIENTED_EDGE('',*,*,#10862,.F.);
#10862 = EDGE_CURVE('',#10863,#10842,#10865,.T.);
#10863 = VERTEX_POINT('',#10864);
#10864 = CARTESIAN_POINT('',(3.063459376815,18.104958421445,
    0.852420367836));
#10865 = SURFACE_CURVE('',#10866,(#10869,#10875),.PCURVE_S1.);
#10866 = B_SPLINE_CURVE_WITH_KNOTS('',1,(#10867,#10868),.UNSPECIFIED.,
  .F.,.F.,(2,2),(0.,1.),.PIECEWISE_BEZIER_KNOTS.);
#10867 = CARTESIAN_POINT('',(3.063459376815,18.104958421445,
    0.852420367836));
#10868 = CARTESIAN_POINT('',(3.063459376814,16.85,0.852420367836));
#10869 = PCURVE('',#10851,#10870);
#10870 = DEFINITIONAL_REPRESENTATION('',(#10871),#10874);
#10871 = B_SPLINE_CURVE_WITH_KNOTS('',1,(#10872,#10873),.UNSPECIFIED.,
  .F.,.F.,(2,2),(0.,0.761140843372),.PIECEWISE_BEZIER_KNOTS.);
#10872 = CARTESIAN_POINT('',(6.083814217836,9.50415785553E-02));
#10873 = CARTESIAN_POINT('',(6.083814217836,1.05024168985));
#10874 = ( GEOMETRIC_REPRESENTATION_CONTEXT(2) 
PARAMETRIC_REPRESENTATION_CONTEXT() REPRESENTATION_CONTEXT('2D SPACE',''
  ) );
#10875 = PCURVE('',#10876,#10967);
#10876 = B_SPLINE_SURFACE_WITH_KNOTS('',3,1,(
    (#10877,#10878)
    ,(#10879,#10880)
    ,(#10881,#10882)
    ,(#10883,#10884)
    ,(#10885,#10886)
    ,(#10887,#10888)
    ,(#10889,#10890)
    ,(#10891,#10892)
    ,(#10893,#10894)
    ,(#10895,#10896)
    ,(#10897,#10898)
    ,(#10899,#10900)
    ,(#10901,#10902)
    ,(#10903,#10904)
    ,(#10905,#10906)
    ,(#10907,#10908)
    ,(#10909,#10910)
    ,(#10911,#10912)
    ,(#10913,#10914)
    ,(#10915,#10916)
    ,(#10917,#10918)
    ,(#10919,#10920)
    ,(#10921,#10922)
    ,(#10923,#10924)
    ,(#10925,#10926)
    ,(#10927,#10928)
    ,(#10929,#10930)
    ,(#10931,#10932)
    ,(#10933,#10934)
    ,(#10935,#10936)
    ,(#10937,#10938)
    ,(#10939,#10940)
    ,(#10941,#10942)
    ,(#10943,#10944)
    ,(#10945,#10946)
    ,(#10947,#10948)
    ,(#10949,#10950)
    ,(#10951,#10952)
    ,(#10953,#10954)
    ,(#10955,#10956)
    ,(#10957,#10958)
    ,(#10959,#10960)
    ,(#10961,#10962)
    ,(#10963,#10964)
    ,(#10965,#10966
    )),.UNSPECIFIED.,.F.,.F.,.F.,(4,1,1,1,1,1,1,1,1,1,1,1,1,1,1,1,1,1,1,
    1,1,1,1,1,1,1,1,1,1,1,1,1,1,1,1,1,1,1,1,1,1,1,4),(2,2),(0.,
    8.699547701647E-02,8.869139891085E-02,9.058684102083E-02,
    9.268180334707E-02,9.497628589005E-02,9.747028865013E-02,
    0.100163811628,0.103056854823,0.106149418236,0.109441501866,
    0.112933105715,0.116624229782,0.120514874068,0.124605038571,
    0.128894723294,0.133383928234,0.138072653393,0.142960898771,
    0.148048664367,0.153335950182,0.158822756215,0.164509082468,
    0.170394928938,0.176480295628,0.182765182536,0.189249589663,
    0.195933517009,0.202816964574,0.209899932357,0.21718242036,
    0.224664428581,0.232345957021,0.24022700568,0.248307574557,
    0.256587663654,0.265067272969,0.273746402504,0.282625052257,
    0.291703222229,0.30098091242,0.31045812283,0.310929569538),(0.,1.),
  .UNSPECIFIED.);
#10877 = CARTESIAN_POINT('',(3.127320406412,18.207434970029,
    0.469747712345));
#10878 = CARTESIAN_POINT('',(3.127320406412,15.95,0.469747712345));
#10879 = CARTESIAN_POINT('',(3.081073771781,18.207434970029,
    0.515305110874));
#10880 = CARTESIAN_POINT('',(3.081073771781,15.95,0.515305110874));
#10881 = CARTESIAN_POINT('',(3.112120848519,18.207434970029,
    0.545317840575));
#10882 = CARTESIAN_POINT('',(3.112120848519,15.95,0.545317840575));
#10883 = CARTESIAN_POINT('',(3.122525438449,18.207434970029,
    0.582281814455));
#10884 = CARTESIAN_POINT('',(3.122525438449,15.95,0.582281814455));
#10885 = CARTESIAN_POINT('',(3.123132751997,18.207434970029,
    0.584614469455));
#10886 = CARTESIAN_POINT('',(3.123132751997,15.95,0.584614469455));
#10887 = CARTESIAN_POINT('',(3.123752243762,18.207434970029,
    0.587205610962));
#10888 = CARTESIAN_POINT('',(3.123752243762,15.95,0.587205610962));
#10889 = CARTESIAN_POINT('',(3.124374018111,18.207434970029,
    0.590056483356));
#10890 = CARTESIAN_POINT('',(3.124374018111,15.95,0.590056483356));
#10891 = CARTESIAN_POINT('',(3.124987843563,18.207434970029,
    0.59316813898));
#10892 = CARTESIAN_POINT('',(3.124987843563,15.95,0.59316813898));
#10893 = CARTESIAN_POINT('',(3.125583539745,18.207434970029,
    0.596541293352));
#10894 = CARTESIAN_POINT('',(3.125583539745,15.95,0.596541293352));
#10895 = CARTESIAN_POINT('',(3.126150868924,18.207434970029,
    0.600176368212));
#10896 = CARTESIAN_POINT('',(3.126150868924,15.95,0.600176368212));
#10897 = CARTESIAN_POINT('',(3.126679579535,18.207434970029,
    0.604073477232));
#10898 = CARTESIAN_POINT('',(3.126679579535,15.95,0.604073477232));
#10899 = CARTESIAN_POINT('',(3.127159403632,18.207434970029,
    0.608232429379));
#10900 = CARTESIAN_POINT('',(3.127159403632,15.95,0.608232429379));
#10901 = CARTESIAN_POINT('',(3.127580068205,18.207434970029,
    0.612652727231));
#10902 = CARTESIAN_POINT('',(3.127580068205,15.95,0.612652727231));
#10903 = CARTESIAN_POINT('',(3.127931302381,18.207434970029,
    0.617333567075));
#10904 = CARTESIAN_POINT('',(3.127931302381,15.95,0.617333567075));
#10905 = CARTESIAN_POINT('',(3.128202845848,18.207434970029,
    0.622273838728));
#10906 = CARTESIAN_POINT('',(3.128202845848,15.95,0.622273838728));
#10907 = CARTESIAN_POINT('',(3.128384456932,18.207434970029,
    0.627472125713));
#10908 = CARTESIAN_POINT('',(3.128384456932,15.95,0.627472125713));
#10909 = CARTESIAN_POINT('',(3.12846592077,18.207434970029,
    0.632926705588));
#10910 = CARTESIAN_POINT('',(3.12846592077,15.95,0.632926705588));
#10911 = CARTESIAN_POINT('',(3.128437057444,18.207434970029,
    0.638635550499));
#10912 = CARTESIAN_POINT('',(3.128437057444,15.95,0.638635550499));
#10913 = CARTESIAN_POINT('',(3.128287730115,18.207434970029,
    0.644596327923));
#10914 = CARTESIAN_POINT('',(3.128287730115,15.95,0.644596327923));
#10915 = CARTESIAN_POINT('',(3.128007853138,18.207434970029,
    0.650806401625));
#10916 = CARTESIAN_POINT('',(3.128007853138,15.95,0.650806401625));
#10917 = CARTESIAN_POINT('',(3.127587400153,18.207434970029,
    0.657262832812));
#10918 = CARTESIAN_POINT('',(3.127587400153,15.95,0.657262832812));
#10919 = CARTESIAN_POINT('',(3.127016412153,18.207434970029,
    0.66396238149));
#10920 = CARTESIAN_POINT('',(3.127016412153,15.95,0.66396238149));
#10921 = CARTESIAN_POINT('',(3.126285005515,18.207434970029,
    0.67090150802));
#10922 = CARTESIAN_POINT('',(3.126285005515,15.95,0.67090150802));
#10923 = CARTESIAN_POINT('',(3.125383380001,18.207434970029,
    0.678076374885));
#10924 = CARTESIAN_POINT('',(3.125383380001,15.95,0.678076374885));
#10925 = CARTESIAN_POINT('',(3.124301826713,18.207434970029,
    0.685482848643));
#10926 = CARTESIAN_POINT('',(3.124301826713,15.95,0.685482848643));
#10927 = CARTESIAN_POINT('',(3.123030736006,18.207434970029,
    0.693116502086));
#10928 = CARTESIAN_POINT('',(3.123030736006,15.95,0.693116502086));
#10929 = CARTESIAN_POINT('',(3.121560605347,18.207434970029,
    0.700972616603));
#10930 = CARTESIAN_POINT('',(3.121560605347,15.95,0.700972616603));
#10931 = CARTESIAN_POINT('',(3.119882047122,18.207434970029,
    0.709046184724));
#10932 = CARTESIAN_POINT('',(3.119882047122,15.95,0.709046184724));
#10933 = CARTESIAN_POINT('',(3.11798579638,18.207434970029,
    0.717331912878));
#10934 = CARTESIAN_POINT('',(3.11798579638,15.95,0.717331912878));
#10935 = CARTESIAN_POINT('',(3.115862718512,18.207434970029,
    0.725824224331));
#10936 = CARTESIAN_POINT('',(3.115862718512,15.95,0.725824224331));
#10937 = CARTESIAN_POINT('',(3.113503816865,18.207434970029,
    0.734517262319));
#10938 = CARTESIAN_POINT('',(3.113503816865,15.95,0.734517262319));
#10939 = CARTESIAN_POINT('',(3.110900240276,18.207434970029,
    0.743404893384));
#10940 = CARTESIAN_POINT('',(3.110900240276,15.95,0.743404893384));
#10941 = CARTESIAN_POINT('',(3.10804329053,18.207434970029,
    0.752480710879));
#10942 = CARTESIAN_POINT('',(3.10804329053,15.95,0.752480710879));
#10943 = CARTESIAN_POINT('',(3.104924429739,18.207434970029,
    0.761738038678));
#10944 = CARTESIAN_POINT('',(3.104924429739,15.95,0.761738038678));
#10945 = CARTESIAN_POINT('',(3.101535287622,18.207434970029,
    0.771169935064));
#10946 = CARTESIAN_POINT('',(3.101535287622,15.95,0.771169935064));
#10947 = CARTESIAN_POINT('',(3.097867668709,18.207434970029,
    0.780769196796));
#10948 = CARTESIAN_POINT('',(3.097867668709,15.95,0.780769196796));
#10949 = CARTESIAN_POINT('',(3.093913559432,18.207434970029,
    0.790528363371));
#10950 = CARTESIAN_POINT('',(3.093913559432,15.95,0.790528363371));
#10951 = CARTESIAN_POINT('',(3.089665135123,18.207434970029,
    0.800439721449));
#10952 = CARTESIAN_POINT('',(3.089665135123,15.95,0.800439721449));
#10953 = CARTESIAN_POINT('',(3.085114766913,18.207434970029,
    0.810495309465));
#10954 = CARTESIAN_POINT('',(3.085114766913,15.95,0.810495309465));
#10955 = CARTESIAN_POINT('',(3.080255028506,18.207434970029,
    0.820686922412));
#10956 = CARTESIAN_POINT('',(3.080255028506,15.95,0.820686922412));
#10957 = CARTESIAN_POINT('',(3.075078702852,18.207434970029,
    0.831006116798));
#10958 = CARTESIAN_POINT('',(3.075078702852,15.95,0.831006116798));
#10959 = CARTESIAN_POINT('',(3.0695787887,18.207434970029,0.841444215764
    ));
#10960 = CARTESIAN_POINT('',(3.0695787887,15.95,0.841444215764));
#10961 = CARTESIAN_POINT('',(3.065636172129,18.207434970029,
    0.848577165888));
#10962 = CARTESIAN_POINT('',(3.065636172129,15.95,0.848577165888));
#10963 = CARTESIAN_POINT('',(3.063557945254,18.207434970029,
    0.852246532463));
#10964 = CARTESIAN_POINT('',(3.063557945254,15.95,0.852246532463));
#10965 = CARTESIAN_POINT('',(3.063459376814,18.207434970029,
    0.852420367836));
#10966 = CARTESIAN_POINT('',(3.063459376814,15.95,0.852420367836));
#10967 = DEFINITIONAL_REPRESENTATION('',(#10968),#10971);
#10968 = B_SPLINE_CURVE_WITH_KNOTS('',1,(#10969,#10970),.UNSPECIFIED.,
  .F.,.F.,(2,2),(0.,0.761140843372),.PIECEWISE_BEZIER_KNOTS.);
#10969 = CARTESIAN_POINT('',(0.310929569537,4.539512763166E-02));
#10970 = CARTESIAN_POINT('',(0.310929569537,0.468530289431));
#10971 = ( GEOMETRIC_REPRESENTATION_CONTEXT(2) 
PARAMETRIC_REPRESENTATION_CONTEXT() REPRESENTATION_CONTEXT('2D SPACE',''
  ) );
#10972 = ORIENTED_EDGE('',*,*,#10973,.T.);
#10973 = EDGE_CURVE('',#10863,#10840,#10974,.T.);
#10974 = SURFACE_CURVE('',#10975,(#10980),.PCURVE_S1.);
#10975 = B_SPLINE_CURVE_WITH_KNOTS('',3,(#10976,#10977,#10978,#10979),
  .UNSPECIFIED.,.F.,.F.,(4,4),(0.,1.),.PIECEWISE_BEZIER_KNOTS.);
#10976 = CARTESIAN_POINT('',(3.063459376815,18.104958421445,
    0.852420367836));
#10977 = CARTESIAN_POINT('',(3.049344338804,18.104958421445,
    0.856019820967));
#10978 = CARTESIAN_POINT('',(3.035139880037,18.104958421445,
    0.859268610024));
#10979 = CARTESIAN_POINT('',(3.020863520467,18.104958421445,
    0.862162727908));
#10980 = PCURVE('',#10851,#10981);
#10981 = DEFINITIONAL_REPRESENTATION('',(#10982),#10985);
#10982 = B_SPLINE_CURVE_WITH_KNOTS('',1,(#10983,#10984),.UNSPECIFIED.,
  .F.,.F.,(2,2),(0.,1.),.PIECEWISE_BEZIER_KNOTS.);
#10983 = CARTESIAN_POINT('',(6.083814217836,9.50415785553E-02));
#10984 = CARTESIAN_POINT('',(6.133490546124,9.50415785553E-02));
#10985 = ( GEOMETRIC_REPRESENTATION_CONTEXT(2) 
PARAMETRIC_REPRESENTATION_CONTEXT() REPRESENTATION_CONTEXT('2D SPACE',''
  ) );
#10986 = ADVANCED_FACE('',(#10987),#10876,.T.);
#10987 = FACE_BOUND('',#10988,.T.);
#10988 = EDGE_LOOP('',(#10989,#10990));
#10989 = ORIENTED_EDGE('',*,*,#10862,.T.);
#10990 = ORIENTED_EDGE('',*,*,#10991,.T.);
#10991 = EDGE_CURVE('',#10842,#10863,#10992,.T.);
#10992 = SURFACE_CURVE('',#10993,(#11008),.PCURVE_S1.);
#10993 = B_SPLINE_CURVE_WITH_KNOTS('',3,(#10994,#10995,#10996,#10997,
    #10998,#10999,#11000,#11001,#11002,#11003,#11004,#11005,#11006,
    #11007),.UNSPECIFIED.,.F.,.F.,(4,2,2,2,2,2,4),(0.,0.125,0.1875,
    0.21875,0.25,0.5,1.),.UNSPECIFIED.);
#10994 = CARTESIAN_POINT('',(3.127320406412,18.19397114317,
    0.469747712345));
#10995 = CARTESIAN_POINT('',(3.116059218918,18.192970782607,
    0.480841068881));
#10996 = CARTESIAN_POINT('',(3.105620436127,18.190749292658,
    0.49489672869));
#10997 = CARTESIAN_POINT('',(3.101824838251,18.185585363654,
    0.518359306134));
#10998 = CARTESIAN_POINT('',(3.102481919862,18.18355877164,
    0.526591161023));
#10999 = CARTESIAN_POINT('',(3.106077752149,18.180060960098,
    0.539680444392));
#11000 = CARTESIAN_POINT('',(3.107694174316,18.178818702331,
    0.54417117311));
#11001 = CARTESIAN_POINT('',(3.111452087335,18.176181545624,
    0.553490642583));
#11002 = CARTESIAN_POINT('',(3.114040856425,18.174479396155,
    0.559376955962));
#11003 = CARTESIAN_POINT('',(3.129235874099,18.16400367517,
    0.595447472439));
#11004 = CARTESIAN_POINT('',(3.129872029148,18.154966322193,
    0.632466019699));
#11005 = CARTESIAN_POINT('',(3.121620518343,18.133536068596,
    0.722839677112));
#11006 = CARTESIAN_POINT('',(3.099940906135,18.119247907635,
    0.788081516177));
#11007 = CARTESIAN_POINT('',(3.063459376815,18.104958421445,
    0.852420367836));
#11008 = PCURVE('',#10876,#11009);
#11009 = DEFINITIONAL_REPRESENTATION('',(#11010),#11058);
#11010 = B_SPLINE_CURVE_WITH_KNOTS('',3,(#11011,#11012,#11013,#11014,
    #11015,#11016,#11017,#11018,#11019,#11020,#11021,#11022,#11023,
    #11024,#11025,#11026,#11027,#11028,#11029,#11030,#11031,#11032,
    #11033,#11034,#11035,#11036,#11037,#11038,#11039,#11040,#11041,
    #11042,#11043,#11044,#11045,#11046,#11047,#11048,#11049,#11050,
    #11051,#11052,#11053,#11054,#11055,#11056,#11057),.UNSPECIFIED.,.F.,
  .F.,(4,1,1,1,1,1,1,1,1,1,1,1,1,1,1,1,1,1,1,1,1,1,1,1,1,1,1,1,1,1,1,1,1
    ,1,1,1,1,1,1,1,1,1,1,1,4),(0.,2.272727272727E-02,4.545454545455E-02,
    6.818181818182E-02,9.090909090909E-02,0.113636363636,0.136363636364,
    0.159090909091,0.181818181818,0.204545454545,0.227272727273,0.25,
    0.272727272727,0.295454545455,0.318181818182,0.340909090909,
    0.363636363636,0.386363636364,0.409090909091,0.431818181818,
    0.454545454545,0.477272727273,0.5,0.522727272727,0.545454545455,
    0.568181818182,0.590909090909,0.613636363636,0.636363636364,
    0.659090909091,0.681818181818,0.704545454545,0.727272727273,0.75,
    0.772727272727,0.795454545455,0.818181818182,0.840909090909,
    0.863636363636,0.886363636364,0.909090909091,0.931818181818,
    0.954545454545,0.977272727273,1.),.QUASI_UNIFORM_KNOTS.);
#11011 = CARTESIAN_POINT('',(0.,5.964214711731E-03));
#11012 = CARTESIAN_POINT('',(1.283879718257E-03,6.044785687727E-03));
#11013 = CARTESIAN_POINT('',(4.01097551766E-03,6.241691951205E-03));
#11014 = CARTESIAN_POINT('',(8.59846344144E-03,6.644345157027E-03));
#11015 = CARTESIAN_POINT('',(1.370410040564E-02,7.154289545E-03));
#11016 = CARTESIAN_POINT('',(1.934054734692E-02,7.77153475277E-03));
#11017 = CARTESIAN_POINT('',(2.549768908743E-02,8.496044858233E-03));
#11018 = CARTESIAN_POINT('',(3.21287231997E-02,9.327953912157E-03));
#11019 = CARTESIAN_POINT('',(3.926512255916E-02,1.026676163355E-02));
#11020 = CARTESIAN_POINT('',(4.692228090619E-02,1.131433509563E-02));
#11021 = CARTESIAN_POINT('',(5.504177078042E-02,1.24637062865E-02));
#11022 = CARTESIAN_POINT('',(6.381454903633E-02,1.374088018051E-02));
#11023 = CARTESIAN_POINT('',(7.34305488782E-02,1.51813318829E-02));
#11024 = CARTESIAN_POINT('',(8.028541331678E-02,1.621957502628E-02));
#11025 = CARTESIAN_POINT('',(8.790538377675E-02,1.735471310878E-02));
#11026 = CARTESIAN_POINT('',(9.532432607601E-02,1.844891094824E-02));
#11027 = CARTESIAN_POINT('',(0.102767905964,1.953500139247E-02));
#11028 = CARTESIAN_POINT('',(0.110160740112,2.060008384974E-02));
#11029 = CARTESIAN_POINT('',(0.117500886985,2.164352345656E-02));
#11030 = CARTESIAN_POINT('',(0.124759345857,2.266135587591E-02));
#11031 = CARTESIAN_POINT('',(0.131909657725,2.365066893672E-02));
#11032 = CARTESIAN_POINT('',(0.138915176135,2.460767127762E-02));
#11033 = CARTESIAN_POINT('',(0.145754951829,2.553103613254E-02));
#11034 = CARTESIAN_POINT('',(0.152336763556,2.641045754444E-02));
#11035 = CARTESIAN_POINT('',(0.15882220994,2.726908172492E-02));
#11036 = CARTESIAN_POINT('',(0.165413910269,2.813328773426E-02));
#11037 = CARTESIAN_POINT('',(0.172058489687,2.899600732456E-02));
#11038 = CARTESIAN_POINT('',(0.17877106136,2.985913442713E-02));
#11039 = CARTESIAN_POINT('',(0.185548276052,3.07221615646E-02));
#11040 = CARTESIAN_POINT('',(0.192391619035,3.158522471513E-02));
#11041 = CARTESIAN_POINT('',(0.19930116925,3.244828744349E-02));
#11042 = CARTESIAN_POINT('',(0.206277274932,3.331135951245E-02));
#11043 = CARTESIAN_POINT('',(0.213320109173,3.41744383061E-02));
#11044 = CARTESIAN_POINT('',(0.220429794246,3.503752452537E-02));
#11045 = CARTESIAN_POINT('',(0.22760637395,3.590061798244E-02));
#11046 = CARTESIAN_POINT('',(0.234849826889,3.676371872763E-02));
#11047 = CARTESIAN_POINT('',(0.242160068883,3.762682674747E-02));
#11048 = CARTESIAN_POINT('',(0.249536958313,3.848994204557E-02));
#11049 = CARTESIAN_POINT('',(0.25698030061,3.935306462094E-02));
#11050 = CARTESIAN_POINT('',(0.264489852978,4.021619447389E-02));
#11051 = CARTESIAN_POINT('',(0.272065328607,4.107933160429E-02));
#11052 = CARTESIAN_POINT('',(0.279706400942,4.19424760122E-02));
#11053 = CARTESIAN_POINT('',(0.287412708391,4.28056276976E-02));
#11054 = CARTESIAN_POINT('',(0.295183857824,4.366878666048E-02));
#11055 = CARTESIAN_POINT('',(0.303019431207,4.453195290087E-02));
#11056 = CARTESIAN_POINT('',(0.308285797211,4.510740191278E-02));
#11057 = CARTESIAN_POINT('',(0.310929569538,4.539512763166E-02));
#11058 = ( GEOMETRIC_REPRESENTATION_CONTEXT(2) 
PARAMETRIC_REPRESENTATION_CONTEXT() REPRESENTATION_CONTEXT('2D SPACE',''
  ) );
#11059 = SHELL_BASED_SURFACE_MODEL('',(#11060));
#11060 = OPEN_SHELL('',(#11061));
#11061 = ADVANCED_FACE('',(#11062),#11089,.T.);
#11062 = FACE_BOUND('',#11063,.T.);
#11063 = EDGE_LOOP('',(#11064,#11230));
#11064 = ORIENTED_EDGE('',*,*,#11065,.T.);
#11065 = EDGE_CURVE('',#11066,#11068,#11070,.T.);
#11066 = VERTEX_POINT('',#11067);
#11067 = CARTESIAN_POINT('',(2.97672399269,18.104958421445,
    -0.869945717571));
#11068 = VERTEX_POINT('',#11069);
#11069 = CARTESIAN_POINT('',(3.219498718752,17.14975831015,
    6.759219723269E-05));
#11070 = SURFACE_CURVE('',#11071,(#11088),.PCURVE_S1.);
#11071 = B_SPLINE_CURVE_WITH_KNOTS('',3,(#11072,#11073,#11074,#11075,
    #11076,#11077,#11078,#11079,#11080,#11081,#11082,#11083,#11084,
    #11085,#11086,#11087),.UNSPECIFIED.,.F.,.F.,(4,2,2,2,2,2,2,4),(0.,
    0.25,0.5,0.625,0.6875,0.75,0.875,1.),.UNSPECIFIED.);
#11072 = CARTESIAN_POINT('',(2.97672399269,18.104958421445,
    -0.869945717571));
#11073 = CARTESIAN_POINT('',(2.998172252342,18.112125881249,
    -0.839675600356));
#11074 = CARTESIAN_POINT('',(3.015883930211,18.11929367946,
    -0.808824155981));
#11075 = CARTESIAN_POINT('',(3.043543391894,18.133629952696,
    -0.747323161679));
#11076 = CARTESIAN_POINT('',(3.053158676242,18.140340009496,
    -0.718567675336));
#11077 = CARTESIAN_POINT('',(3.062296520154,18.151780856978,
    -0.671024141388));
#11078 = CARTESIAN_POINT('',(3.064328591404,18.155812057055,
    -0.654611957392));
#11079 = CARTESIAN_POINT('',(3.064725115825,18.162185233543,
    -0.629406873106));
#11080 = CARTESIAN_POINT('',(3.064422638524,18.164364021768,
    -0.620904642179));
#11081 = CARTESIAN_POINT('',(3.062336682084,18.168830390343,
    -0.603892801049));
#11082 = CARTESIAN_POINT('',(3.060822865541,18.170541433345,
    -0.597526437662));
#11083 = CARTESIAN_POINT('',(3.051176761361,18.179296974621,
    -0.566269538782));
#11084 = CARTESIAN_POINT('',(3.04642443306,18.183924754718,
    -0.54886097847));
#11085 = CARTESIAN_POINT('',(3.054650014243,18.190761820074,
    -0.518413110057));
#11086 = CARTESIAN_POINT('',(3.066391220652,18.192971105332,
    -0.505527346921));
#11087 = CARTESIAN_POINT('',(3.078705921134,18.19397114317,
    -0.495624627286));
#11088 = PCURVE('',#11089,#11180);
#11089 = B_SPLINE_SURFACE_WITH_KNOTS('',3,1,(
    (#11090,#11091)
    ,(#11092,#11093)
    ,(#11094,#11095)
    ,(#11096,#11097)
    ,(#11098,#11099)
    ,(#11100,#11101)
    ,(#11102,#11103)
    ,(#11104,#11105)
    ,(#11106,#11107)
    ,(#11108,#11109)
    ,(#11110,#11111)
    ,(#11112,#11113)
    ,(#11114,#11115)
    ,(#11116,#11117)
    ,(#11118,#11119)
    ,(#11120,#11121)
    ,(#11122,#11123)
    ,(#11124,#11125)
    ,(#11126,#11127)
    ,(#11128,#11129)
    ,(#11130,#11131)
    ,(#11132,#11133)
    ,(#11134,#11135)
    ,(#11136,#11137)
    ,(#11138,#11139)
    ,(#11140,#11141)
    ,(#11142,#11143)
    ,(#11144,#11145)
    ,(#11146,#11147)
    ,(#11148,#11149)
    ,(#11150,#11151)
    ,(#11152,#11153)
    ,(#11154,#11155)
    ,(#11156,#11157)
    ,(#11158,#11159)
    ,(#11160,#11161)
    ,(#11162,#11163)
    ,(#11164,#11165)
    ,(#11166,#11167)
    ,(#11168,#11169)
    ,(#11170,#11171)
    ,(#11172,#11173)
    ,(#11174,#11175)
    ,(#11176,#11177)
    ,(#11178,#11179
    )),.UNSPECIFIED.,.F.,.F.,.F.,(4,1,1,1,1,1,1,1,1,1,1,1,1,1,1,1,1,1,1,
    1,1,1,1,1,1,1,1,1,1,1,1,1,1,1,1,1,1,1,1,1,1,1,4),(2,2),(
    0.689070430269,0.68954187717,0.69901908758,0.708296777771,
    0.717374947743,0.726253597496,0.734932727031,0.743412336346,
    0.751692425443,0.75977299432,0.767654042979,0.775335571419,
    0.78281757964,0.790100067643,0.797183035426,0.804066482991,
    0.810750410337,0.817234817464,0.823519704372,0.829605071062,
    0.835490917532,0.841177243785,0.846664049818,0.851951335633,
    0.857039101229,0.861927346607,0.866616071766,0.871105276706,
    0.875394961429,0.879485125932,0.883375770218,0.887066894285,
    0.890558498134,0.893850581764,0.896943145177,0.899836188372,
    0.90252971135,0.90502371411,0.907318196653,0.909413158979,
    0.911308601089,0.913004522984,1.),(0.,1.),.UNSPECIFIED.);
#11090 = CARTESIAN_POINT('',(2.976723992547,18.207434970029,
    -0.869945717772));
#11091 = CARTESIAN_POINT('',(2.976723992547,15.95,-0.869945717772));
#11092 = CARTESIAN_POINT('',(2.97683952618,18.207434970029,
    -0.869782664141));
#11093 = CARTESIAN_POINT('',(2.97683952618,15.95,-0.869782664141));
#11094 = CARTESIAN_POINT('',(2.979275870289,18.207434970029,
    -0.866340643502));
#11095 = CARTESIAN_POINT('',(2.979275870289,15.95,-0.866340643502));
#11096 = CARTESIAN_POINT('',(2.98391512977,18.207434970029,
    -0.859639861778));
#11097 = CARTESIAN_POINT('',(2.98391512977,15.95,-0.859639861778));
#11098 = CARTESIAN_POINT('',(2.990435849432,18.207434970029,
    -0.849807101189));
#11099 = CARTESIAN_POINT('',(2.990435849432,15.95,-0.849807101189));
#11100 = CARTESIAN_POINT('',(2.99662267229,18.207434970029,
    -0.840060135356));
#11101 = CARTESIAN_POINT('',(2.99662267229,15.95,-0.840060135356));
#11102 = CARTESIAN_POINT('',(3.002481692484,18.207434970029,
    -0.830408300596));
#11103 = CARTESIAN_POINT('',(3.002481692484,15.95,-0.830408300596));
#11104 = CARTESIAN_POINT('',(3.008019242303,18.207434970029,
    -0.820860722726));
#11105 = CARTESIAN_POINT('',(3.008019242303,15.95,-0.820860722726));
#11106 = CARTESIAN_POINT('',(3.013241886182,18.207434970029,
    -0.8114263113));
#11107 = CARTESIAN_POINT('',(3.013241886182,15.95,-0.8114263113));
#11108 = CARTESIAN_POINT('',(3.018156414565,18.207434970029,
    -0.802113754014));
#11109 = CARTESIAN_POINT('',(3.018156414565,15.95,-0.802113754014));
#11110 = CARTESIAN_POINT('',(3.022769837637,18.207434970029,
    -0.792931511267));
#11111 = CARTESIAN_POINT('',(3.022769837637,15.95,-0.792931511267));
#11112 = CARTESIAN_POINT('',(3.027089378927,18.207434970029,
    -0.783887810877));
#11113 = CARTESIAN_POINT('',(3.027089378927,15.95,-0.783887810877));
#11114 = CARTESIAN_POINT('',(3.031122468797,18.207434970029,
    -0.774990642972));
#11115 = CARTESIAN_POINT('',(3.031122468797,15.95,-0.774990642972));
#11116 = CARTESIAN_POINT('',(3.034876737801,18.207434970029,
    -0.766247755046));
#11117 = CARTESIAN_POINT('',(3.034876737801,15.95,-0.766247755046));
#11118 = CARTESIAN_POINT('',(3.038360009941,18.207434970029,
    -0.75766664718));
#11119 = CARTESIAN_POINT('',(3.038360009941,15.95,-0.75766664718));
#11120 = CARTESIAN_POINT('',(3.041580295802,18.207434970029,
    -0.749254567447));
#11121 = CARTESIAN_POINT('',(3.041580295802,15.95,-0.749254567447));
#11122 = CARTESIAN_POINT('',(3.044545785589,18.207434970029,
    -0.741018507482));
#11123 = CARTESIAN_POINT('',(3.044545785589,15.95,-0.741018507482));
#11124 = CARTESIAN_POINT('',(3.047264842062,18.207434970029,
    -0.732965198236));
#11125 = CARTESIAN_POINT('',(3.047264842062,15.95,-0.732965198236));
#11126 = CARTESIAN_POINT('',(3.049745993366,18.207434970029,
    -0.725101105908));
#11127 = CARTESIAN_POINT('',(3.049745993366,15.95,-0.725101105908));
#11128 = CARTESIAN_POINT('',(3.05199792578,18.207434970029,
    -0.717432428066));
#11129 = CARTESIAN_POINT('',(3.05199792578,15.95,-0.717432428066));
#11130 = CARTESIAN_POINT('',(3.054029476366,18.207434970029,
    -0.709965089939));
#11131 = CARTESIAN_POINT('',(3.054029476366,15.95,-0.709965089939));
#11132 = CARTESIAN_POINT('',(3.055849625542,18.207434970029,
    -0.702704740911));
#11133 = CARTESIAN_POINT('',(3.055849625542,15.95,-0.702704740911));
#11134 = CARTESIAN_POINT('',(3.057467489573,18.207434970029,
    -0.695656751192));
#11135 = CARTESIAN_POINT('',(3.057467489573,15.95,-0.695656751192));
#11136 = CARTESIAN_POINT('',(3.058892312984,18.207434970029,
    -0.688826208686));
#11137 = CARTESIAN_POINT('',(3.058892312984,15.95,-0.688826208686));
#11138 = CARTESIAN_POINT('',(3.06013346091,18.207434970029,
    -0.682217916047));
#11139 = CARTESIAN_POINT('',(3.06013346091,15.95,-0.682217916047));
#11140 = CARTESIAN_POINT('',(3.061200411373,18.207434970029,
    -0.675836387931));
#11141 = CARTESIAN_POINT('',(3.061200411373,15.95,-0.675836387931));
#11142 = CARTESIAN_POINT('',(3.062102747502,18.207434970029,
    -0.669685848441));
#11143 = CARTESIAN_POINT('',(3.062102747502,15.95,-0.669685848441));
#11144 = CARTESIAN_POINT('',(3.062850149696,18.207434970029,
    -0.663770228769));
#11145 = CARTESIAN_POINT('',(3.062850149696,15.95,-0.663770228769));
#11146 = CARTESIAN_POINT('',(3.063452387736,18.207434970029,
    -0.658093165034));
#11147 = CARTESIAN_POINT('',(3.063452387736,15.95,-0.658093165034));
#11148 = CARTESIAN_POINT('',(3.063919312846,18.207434970029,
    -0.652657996323));
#11149 = CARTESIAN_POINT('',(3.063919312846,15.95,-0.652657996323));
#11150 = CARTESIAN_POINT('',(3.064260849723,18.207434970029,
    -0.647467762925));
#11151 = CARTESIAN_POINT('',(3.064260849723,15.95,-0.647467762925));
#11152 = CARTESIAN_POINT('',(3.064486988512,18.207434970029,
    -0.64252520477));
#11153 = CARTESIAN_POINT('',(3.064486988512,15.95,-0.64252520477));
#11154 = CARTESIAN_POINT('',(3.064607776773,18.207434970029,
    -0.637832760068));
#11155 = CARTESIAN_POINT('',(3.064607776773,15.95,-0.637832760068));
#11156 = CARTESIAN_POINT('',(3.064633311377,18.207434970029,
    -0.633392564152));
#11157 = CARTESIAN_POINT('',(3.064633311377,15.95,-0.633392564152));
#11158 = CARTESIAN_POINT('',(3.064573730495,18.207434970029,
    -0.629206448502));
#11159 = CARTESIAN_POINT('',(3.064573730495,15.95,-0.629206448502));
#11160 = CARTESIAN_POINT('',(3.064439205193,18.207434970029,
    -0.625275940065));
#11161 = CARTESIAN_POINT('',(3.064439205193,15.95,-0.625275940065));
#11162 = CARTESIAN_POINT('',(3.064239932278,18.207434970029,
    -0.621602260446));
#11163 = CARTESIAN_POINT('',(3.064239932278,15.95,-0.621602260446));
#11164 = CARTESIAN_POINT('',(3.063986122872,18.207434970029,
    -0.61818632644));
#11165 = CARTESIAN_POINT('',(3.063986122872,15.95,-0.61818632644));
#11166 = CARTESIAN_POINT('',(3.063688005284,18.207434970029,
    -0.615028746937));
#11167 = CARTESIAN_POINT('',(3.063688005284,15.95,-0.615028746937));
#11168 = CARTESIAN_POINT('',(3.063355780264,18.207434970029,
    -0.612129832781));
#11169 = CARTESIAN_POINT('',(3.063355780264,15.95,-0.612129832781));
#11170 = CARTESIAN_POINT('',(3.062999733253,18.207434970029,
    -0.609489564825));
#11171 = CARTESIAN_POINT('',(3.062999733253,15.95,-0.609489564825));
#11172 = CARTESIAN_POINT('',(3.062629834833,18.207434970029,
    -0.607107699116));
#11173 = CARTESIAN_POINT('',(3.062629834833,15.95,-0.607107699116));
#11174 = CARTESIAN_POINT('',(3.055991349276,18.207434970029,
    -0.569285465363));
#11175 = CARTESIAN_POINT('',(3.055991349276,15.95,-0.569285465363));
#11176 = CARTESIAN_POINT('',(3.028116474565,18.207434970029,
    -0.536305527856));
#11177 = CARTESIAN_POINT('',(3.028116474565,15.95,-0.536305527856));
#11178 = CARTESIAN_POINT('',(3.078705921134,18.207434970029,
    -0.495624627286));
#11179 = CARTESIAN_POINT('',(3.078705921134,15.95,-0.495624627286));
#11180 = DEFINITIONAL_REPRESENTATION('',(#11181),#11229);
#11181 = B_SPLINE_CURVE_WITH_KNOTS('',3,(#11182,#11183,#11184,#11185,
    #11186,#11187,#11188,#11189,#11190,#11191,#11192,#11193,#11194,
    #11195,#11196,#11197,#11198,#11199,#11200,#11201,#11202,#11203,
    #11204,#11205,#11206,#11207,#11208,#11209,#11210,#11211,#11212,
    #11213,#11214,#11215,#11216,#11217,#11218,#11219,#11220,#11221,
    #11222,#11223,#11224,#11225,#11226,#11227,#11228),.UNSPECIFIED.,.F.,
  .F.,(4,1,1,1,1,1,1,1,1,1,1,1,1,1,1,1,1,1,1,1,1,1,1,1,1,1,1,1,1,1,1,1,1
    ,1,1,1,1,1,1,1,1,1,1,1,4),(0.,2.272727272727E-02,4.545454545455E-02,
    6.818181818182E-02,9.090909090909E-02,0.113636363636,0.136363636364,
    0.159090909091,0.181818181818,0.204545454545,0.227272727273,0.25,
    0.272727272727,0.295454545455,0.318181818182,0.340909090909,
    0.363636363636,0.386363636364,0.409090909091,0.431818181818,
    0.454545454545,0.477272727273,0.5,0.522727272727,0.545454545455,
    0.568181818182,0.590909090909,0.613636363636,0.636363636364,
    0.659090909091,0.681818181818,0.704545454545,0.727272727273,0.75,
    0.772727272727,0.795454545455,0.818181818182,0.840909090909,
    0.863636363636,0.886363636364,0.909090909091,0.931818181818,
    0.954545454545,0.977272727273,1.),.QUASI_UNIFORM_KNOTS.);
#11182 = CARTESIAN_POINT('',(0.689070430269,4.539512763164E-02));
#11183 = CARTESIAN_POINT('',(0.69172260768,4.510648708889E-02));
#11184 = CARTESIAN_POINT('',(0.69700504531,4.452920352387E-02));
#11185 = CARTESIAN_POINT('',(0.704862880554,4.366327075321E-02));
#11186 = CARTESIAN_POINT('',(0.712654821391,4.279733051308E-02));
#11187 = CARTESIAN_POINT('',(0.720380807139,4.193138297335E-02));
#11188 = CARTESIAN_POINT('',(0.7280407961,4.106542750089E-02));
#11189 = CARTESIAN_POINT('',(0.735634742087,4.019946645836E-02));
#11190 = CARTESIAN_POINT('',(0.743162699477,3.933349102824E-02));
#11191 = CARTESIAN_POINT('',(0.750624444331,3.846753411797E-02));
#11192 = CARTESIAN_POINT('',(0.758020903353,3.760147291529E-02));
#11193 = CARTESIAN_POINT('',(0.765348834861,3.673576576178E-02));
#11194 = CARTESIAN_POINT('',(0.772620692616,3.586870210342E-02));
#11195 = CARTESIAN_POINT('',(0.77979050714,3.500666581468E-02));
#11196 = CARTESIAN_POINT('',(0.786830948236,3.415329451528E-02));
#11197 = CARTESIAN_POINT('',(0.793773677605,3.330413139008E-02));
#11198 = CARTESIAN_POINT('',(0.800635165336,3.245688854169E-02));
#11199 = CARTESIAN_POINT('',(0.807436498791,3.160869683668E-02));
#11200 = CARTESIAN_POINT('',(0.814197993884,3.075684316803E-02));
#11201 = CARTESIAN_POINT('',(0.820940604899,2.989857155912E-02));
#11202 = CARTESIAN_POINT('',(0.827685315771,2.90311414853E-02));
#11203 = CARTESIAN_POINT('',(0.8344537521,2.815179348362E-02));
#11204 = CARTESIAN_POINT('',(0.841265825386,2.725782839244E-02));
#11205 = CARTESIAN_POINT('',(0.848147850889,2.634632478307E-02));
#11206 = CARTESIAN_POINT('',(0.85510145296,2.541518999377E-02));
#11207 = CARTESIAN_POINT('',(0.862103491624,2.446507133711E-02));
#11208 = CARTESIAN_POINT('',(0.869156625149,2.349581248691E-02));
#11209 = CARTESIAN_POINT('',(0.876259542042,2.250739143523E-02));
#11210 = CARTESIAN_POINT('',(0.883411856224,2.150005254006E-02));
#11211 = CARTESIAN_POINT('',(0.890624728656,2.047284037736E-02));
#11212 = CARTESIAN_POINT('',(0.897872455256,1.942933228526E-02));
#11213 = CARTESIAN_POINT('',(0.905238109891,1.835617433541E-02));
#11214 = CARTESIAN_POINT('',(0.912395559839,1.7303204903E-02));
#11215 = CARTESIAN_POINT('',(0.918940793785,1.633310343292E-02));
#11216 = CARTESIAN_POINT('',(0.92727550053,1.507623626576E-02));
#11217 = CARTESIAN_POINT('',(0.936678678723,1.366361700436E-02));
#11218 = CARTESIAN_POINT('',(0.945160382967,1.242745001652E-02));
#11219 = CARTESIAN_POINT('',(0.953313810345,1.127872141013E-02));
#11220 = CARTESIAN_POINT('',(0.960940923706,1.024128238572E-02));
#11221 = CARTESIAN_POINT('',(0.968003246949,9.308742033351E-03));
#11222 = CARTESIAN_POINT('',(0.97459122277,8.482812792233E-03));
#11223 = CARTESIAN_POINT('',(0.980717325098,7.763035815445E-03));
#11224 = CARTESIAN_POINT('',(0.986328239114,7.149534051466E-03));
#11225 = CARTESIAN_POINT('',(0.991416000437,6.642274553313E-03));
#11226 = CARTESIAN_POINT('',(0.995992406977,6.241266160426E-03));
#11227 = CARTESIAN_POINT('',(0.998716547912,6.044759694838E-03));
#11228 = CARTESIAN_POINT('',(1.,5.964214711726E-03));
#11229 = ( GEOMETRIC_REPRESENTATION_CONTEXT(2) 
PARAMETRIC_REPRESENTATION_CONTEXT() REPRESENTATION_CONTEXT('2D SPACE',''
  ) );
#11230 = ORIENTED_EDGE('',*,*,#11231,.T.);
#11231 = EDGE_CURVE('',#11068,#11066,#11232,.T.);
#11232 = SURFACE_CURVE('',#11233,(#11236),.PCURVE_S1.);
#11233 = B_SPLINE_CURVE_WITH_KNOTS('',1,(#11234,#11235),.UNSPECIFIED.,
  .F.,.F.,(2,2),(0.,1.),.PIECEWISE_BEZIER_KNOTS.);
#11234 = CARTESIAN_POINT('',(2.97672399269,16.85,-0.869945717571));
#11235 = CARTESIAN_POINT('',(2.97672399269,18.104958421445,
    -0.869945717571));
#11236 = PCURVE('',#11089,#11237);
#11237 = DEFINITIONAL_REPRESENTATION('',(#11238),#11241);
#11238 = B_SPLINE_CURVE_WITH_KNOTS('',1,(#11239,#11240),.UNSPECIFIED.,
  .F.,.F.,(2,2),(0.238859156628,1.),.PIECEWISE_BEZIER_KNOTS.);
#11239 = CARTESIAN_POINT('',(0.689070430463,0.468530289431));
#11240 = CARTESIAN_POINT('',(0.689070430463,4.539512763164E-02));
#11241 = ( GEOMETRIC_REPRESENTATION_CONTEXT(2) 
PARAMETRIC_REPRESENTATION_CONTEXT() REPRESENTATION_CONTEXT('2D SPACE',''
  ) );
#11242 = ( GEOMETRIC_REPRESENTATION_CONTEXT(3) 
GLOBAL_UNCERTAINTY_ASSIGNED_CONTEXT((#11246)) 
GLOBAL_UNIT_ASSIGNED_CONTEXT((#11243,#11244,#11245)) 
REPRESENTATION_CONTEXT('Context #1',
  '3D Context with UNIT and UNCERTAINTY') );
#11243 = ( LENGTH_UNIT() NAMED_UNIT(*) SI_UNIT(.MILLI.,.METRE.) );
#11244 = ( NAMED_UNIT(*) PLANE_ANGLE_UNIT() SI_UNIT($,.RADIAN.) );
#11245 = ( NAMED_UNIT(*) SI_UNIT($,.STERADIAN.) SOLID_ANGLE_UNIT() );
#11246 = UNCERTAINTY_MEASURE_WITH_UNIT(LENGTH_MEASURE(1.E-02),#11243,
  'distance_accuracy_value','confusion accuracy');
#11247 = PRODUCT_RELATED_PRODUCT_CATEGORY('part',$,(#7));
ENDSEC;
END-ISO-10303-21;
