ISO-10303-21;
HEADER;
FILE_DESCRIPTION(('Open CASCADE Model'),'2;1');
FILE_NAME('Open CASCADE Shape Model','2026-03-14T15:57:22',('Author'),(
    'Open CASCADE'),'Open CASCADE STEP processor 7.8','build123d',
  'Unknown');
FILE_SCHEMA(('AUTOMOTIVE_DESIGN { 1 0 10303 214 1 1 1 1 }'));
ENDSEC;
DATA;
#1 = APPLICATION_PROTOCOL_DEFINITION('international standard',
  'automotive_design',2000,#2);
#2 = APPLICATION_CONTEXT(
  'core data for automotive mechanical design processes');
#3 = SHAPE_DEFINITION_REPRESENTATION(#4,#10);
#4 = PRODUCT_DEFINITION_SHAPE('','',#5);
#5 = PRODUCT_DEFINITION('design','',#6,#9);
#6 = PRODUCT_DEFINITION_FORMATION('','',#7);
#7 = PRODUCT('SHELL','SHELL','',(#8));
#8 = PRODUCT_CONTEXT('',#2,'mechanical');
#9 = PRODUCT_DEFINITION_CONTEXT('part definition',#2,'design');
#10 = MANIFOLD_SURFACE_SHAPE_REPRESENTATION('',(#11,#15),#6387);
#11 = AXIS2_PLACEMENT_3D('',#12,#13,#14);
#12 = CARTESIAN_POINT('',(0.,0.,0.));
#13 = DIRECTION('',(0.,0.,1.));
#14 = DIRECTION('',(1.,0.,-0.));
#15 = SHELL_BASED_SURFACE_MODEL('',(#16));
#16 = OPEN_SHELL('',(#17,#236,#1957,#2054,#3259,#3304,#3311,#3356,#3363,
    #3408,#3415,#3464,#3492,#3520,#3548,#3574,#3602,#3630,#3658,#3665,
    #3786,#3865,#3986,#4065,#4303,#4399,#4571,#4682,#4731,#4776,#4783,
    #5021,#5117,#5289,#5400,#5449,#5495,#5503,#5743,#5922,#5968,#6179,
    #6187,#6308));
#17 = ADVANCED_FACE('',(#18),#39,.F.);
#18 = FACE_BOUND('',#19,.F.);
#19 = EDGE_LOOP('',(#20,#91,#118,#216));
#20 = ORIENTED_EDGE('',*,*,#21,.T.);
#21 = EDGE_CURVE('',#22,#24,#26,.T.);
#22 = VERTEX_POINT('',#23);
#23 = CARTESIAN_POINT('',(-0.500466424864,23.33,4.870876959808));
#24 = VERTEX_POINT('',#25);
#25 = CARTESIAN_POINT('',(0.505301136355,23.33,4.128629283624));
#26 = SURFACE_CURVE('',#27,(#38,#72),.PCURVE_S1.);
#27 = B_SPLINE_CURVE_WITH_KNOTS('',3,(#28,#29,#30,#31,#32,#33,#34,#35,
    #36,#37),.UNSPECIFIED.,.F.,.F.,(4,2,2,2,4),(0.,0.25,0.5,0.75,1.),
  .UNSPECIFIED.);
#28 = CARTESIAN_POINT('',(-0.500466424864,23.33,4.870876959808));
#29 = CARTESIAN_POINT('',(-0.402265085734,23.33,5.003942679694));
#30 = CARTESIAN_POINT('',(-0.253912302079,23.33,5.093025788832));
#31 = CARTESIAN_POINT('',(7.241031588411E-02,23.33,5.142513882584));
#32 = CARTESIAN_POINT('',(0.240672042489,23.33,5.100512686994));
#33 = CARTESIAN_POINT('',(0.506410345185,23.33,4.904761117657));
#34 = CARTESIAN_POINT('',(0.595690022862,23.33,4.756082779541));
#35 = CARTESIAN_POINT('',(0.645178116613,23.33,4.429760161577));
#36 = CARTESIAN_POINT('',(0.603955158764,23.33,4.262308402747));
#37 = CARTESIAN_POINT('',(0.505301136355,23.33,4.128629283624));
#38 = PCURVE('',#39,#44);
#39 = CYLINDRICAL_SURFACE('',#40,0.625);
#40 = AXIS2_PLACEMENT_3D('',#41,#42,#43);
#41 = CARTESIAN_POINT('',(2.417355745391E-03,24.13,4.499753121716));
#42 = DIRECTION('',(0.,1.,0.));
#43 = DIRECTION('',(0.804614048975,0.,-0.593798140947));
#44 = DEFINITIONAL_REPRESENTATION('',(#45),#71);
#45 = B_SPLINE_CURVE_WITH_KNOTS('',3,(#46,#47,#48,#49,#50,#51,#52,#53,
    #54,#55,#56,#57,#58,#59,#60,#61,#62,#63,#64,#65,#66,#67,#68,#69,#70)
  ,.UNSPECIFIED.,.F.,.F.,(4,1,1,1,1,1,1,1,1,1,1,1,1,1,1,1,1,1,1,1,1,1,4)
  ,(0.,4.545454545455E-02,9.090909090909E-02,0.136363636364,
    0.181818181818,0.227272727273,0.272727272727,0.318181818182,
    0.363636363636,0.409090909091,0.454545454545,0.5,0.545454545455,
    0.590909090909,0.636363636364,0.681818181818,0.727272727273,
    0.772727272727,0.818181818182,0.863636363636,0.909090909091,
    0.954545454545,1.),.QUASI_UNIFORM_KNOTS.);
#46 = CARTESIAN_POINT('',(3.14159265359,-0.8));
#47 = CARTESIAN_POINT('',(3.189685128393,-0.8));
#48 = CARTESIAN_POINT('',(3.285345947944,-0.8));
#49 = CARTESIAN_POINT('',(3.42784526257,-0.8));
#50 = CARTESIAN_POINT('',(3.569979816619,-0.8));
#51 = CARTESIAN_POINT('',(3.712213388925,-0.8));
#52 = CARTESIAN_POINT('',(3.854918114298,-0.8));
#53 = CARTESIAN_POINT('',(3.999060979546,-0.8));
#54 = CARTESIAN_POINT('',(4.141772770098,-0.8));
#55 = CARTESIAN_POINT('',(4.284067758727,-0.8));
#56 = CARTESIAN_POINT('',(4.426314775865,-0.8));
#57 = CARTESIAN_POINT('',(4.56877558197,-0.8));
#58 = CARTESIAN_POINT('',(4.7124001862,-0.8));
#59 = CARTESIAN_POINT('',(4.855957555536,-0.8));
#60 = CARTESIAN_POINT('',(4.998339063218,-0.8));
#61 = CARTESIAN_POINT('',(5.140566729412,-0.8));
#62 = CARTESIAN_POINT('',(5.282915976124,-0.8));
#63 = CARTESIAN_POINT('',(5.425715634617,-0.8));
#64 = CARTESIAN_POINT('',(5.569868200128,-0.8));
#65 = CARTESIAN_POINT('',(5.712362692789,-0.8));
#66 = CARTESIAN_POINT('',(5.854340816437,-0.8));
#67 = CARTESIAN_POINT('',(5.996317841889,-0.8));
#68 = CARTESIAN_POINT('',(6.138910107799,-0.8));
#69 = CARTESIAN_POINT('',(6.234867010143,-0.8));
#70 = CARTESIAN_POINT('',(6.28318530718,-0.8));
#71 = ( GEOMETRIC_REPRESENTATION_CONTEXT(2) 
PARAMETRIC_REPRESENTATION_CONTEXT() REPRESENTATION_CONTEXT('2D SPACE',''
  ) );
#72 = PCURVE('',#73,#78);
#73 = PLANE('',#74);
#74 = AXIS2_PLACEMENT_3D('',#75,#76,#77);
#75 = CARTESIAN_POINT('',(-2.965244213474E-04,23.33,2.1885031502E-04));
#76 = DIRECTION('',(0.,-1.,0.));
#77 = DIRECTION('',(0.,0.,-1.));
#78 = DEFINITIONAL_REPRESENTATION('',(#79),#90);
#79 = B_SPLINE_CURVE_WITH_KNOTS('',3,(#80,#81,#82,#83,#84,#85,#86,#87,
    #88,#89),.UNSPECIFIED.,.F.,.F.,(4,2,2,2,4),(0.,0.25,0.5,0.75,1.),
  .UNSPECIFIED.);
#80 = CARTESIAN_POINT('',(-4.870658109493,-0.500169900443));
#81 = CARTESIAN_POINT('',(-5.003723829379,-0.401968561313));
#82 = CARTESIAN_POINT('',(-5.092806938517,-0.253615777658));
#83 = CARTESIAN_POINT('',(-5.142295032269,7.270684030546E-02));
#84 = CARTESIAN_POINT('',(-5.100293836679,0.24096856691));
#85 = CARTESIAN_POINT('',(-4.904542267342,0.506706869607));
#86 = CARTESIAN_POINT('',(-4.755863929226,0.595986547283));
#87 = CARTESIAN_POINT('',(-4.429541311262,0.645474641035));
#88 = CARTESIAN_POINT('',(-4.262089552432,0.604251683186));
#89 = CARTESIAN_POINT('',(-4.128410433309,0.505597660776));
#90 = ( GEOMETRIC_REPRESENTATION_CONTEXT(2) 
PARAMETRIC_REPRESENTATION_CONTEXT() REPRESENTATION_CONTEXT('2D SPACE',''
  ) );
#91 = ORIENTED_EDGE('',*,*,#92,.T.);
#92 = EDGE_CURVE('',#24,#93,#95,.T.);
#93 = VERTEX_POINT('',#94);
#94 = CARTESIAN_POINT('',(0.505301136355,24.13,4.128629283624));
#95 = SURFACE_CURVE('',#96,(#101,#107),.PCURVE_S1.);
#96 = B_SPLINE_CURVE_WITH_KNOTS('',3,(#97,#98,#99,#100),.UNSPECIFIED.,
  .F.,.F.,(4,4),(0.,1.),.PIECEWISE_BEZIER_KNOTS.);
#97 = CARTESIAN_POINT('',(0.505301136355,23.33,4.128629283624));
#98 = CARTESIAN_POINT('',(0.505301136355,23.596666666667,4.128629283624)
  );
#99 = CARTESIAN_POINT('',(0.505301136355,23.863333333333,4.128629283624)
  );
#100 = CARTESIAN_POINT('',(0.505301136355,24.13,4.128629283624));
#101 = PCURVE('',#39,#102);
#102 = DEFINITIONAL_REPRESENTATION('',(#103),#106);
#103 = B_SPLINE_CURVE_WITH_KNOTS('',1,(#104,#105),.UNSPECIFIED.,.F.,.F.,
  (2,2),(0.,1.),.PIECEWISE_BEZIER_KNOTS.);
#104 = CARTESIAN_POINT('',(6.28318530718,-0.8));
#105 = CARTESIAN_POINT('',(6.28318530718,0.));
#106 = ( GEOMETRIC_REPRESENTATION_CONTEXT(2) 
PARAMETRIC_REPRESENTATION_CONTEXT() REPRESENTATION_CONTEXT('2D SPACE',''
  ) );
#107 = PCURVE('',#108,#113);
#108 = CYLINDRICAL_SURFACE('',#109,0.625);
#109 = AXIS2_PLACEMENT_3D('',#110,#111,#112);
#110 = CARTESIAN_POINT('',(2.417355745391E-03,24.13,4.499753121716));
#111 = DIRECTION('',(0.,1.,0.));
#112 = DIRECTION('',(0.804614048975,0.,-0.593798140947));
#113 = DEFINITIONAL_REPRESENTATION('',(#114),#117);
#114 = B_SPLINE_CURVE_WITH_KNOTS('',1,(#115,#116),.UNSPECIFIED.,.F.,.F.,
  (2,2),(0.,1.),.PIECEWISE_BEZIER_KNOTS.);
#115 = CARTESIAN_POINT('',(0.,-0.8));
#116 = CARTESIAN_POINT('',(0.,0.));
#117 = ( GEOMETRIC_REPRESENTATION_CONTEXT(2) 
PARAMETRIC_REPRESENTATION_CONTEXT() REPRESENTATION_CONTEXT('2D SPACE',''
  ) );
#118 = ORIENTED_EDGE('',*,*,#119,.T.);
#119 = EDGE_CURVE('',#93,#120,#122,.T.);
#120 = VERTEX_POINT('',#121);
#121 = CARTESIAN_POINT('',(-0.500466424864,24.13,4.870876959808));
#122 = SURFACE_CURVE('',#123,(#140,#191),.PCURVE_S1.);
#123 = B_SPLINE_CURVE_WITH_KNOTS('',3,(#124,#125,#126,#127,#128,#129,
    #130,#131,#132,#133,#134,#135,#136,#137,#138,#139),.UNSPECIFIED.,.F.
  ,.F.,(4,2,2,2,2,2,2,4),(0.,0.125,0.25,0.375,0.5,0.625,0.75,1.),
  .UNSPECIFIED.);
#124 = CARTESIAN_POINT('',(0.505301136355,24.13,4.128629283624));
#125 = CARTESIAN_POINT('',(0.55462814756,24.13,4.195468843185));
#126 = CARTESIAN_POINT('',(0.589079150197,24.13,4.268507498985));
#127 = CARTESIAN_POINT('',(0.629009513955,24.13,4.430141890855));
#128 = CARTESIAN_POINT('',(0.632916048771,24.13,4.510615773031));
#129 = CARTESIAN_POINT('',(0.607952090704,24.13,4.675227168087));
#130 = CARTESIAN_POINT('',(0.580765236817,24.13,4.751070306883));
#131 = CARTESIAN_POINT('',(0.494707493242,24.13,4.893598112436));
#132 = CARTESIAN_POINT('',(0.440566202707,24.13,4.95326407749));
#133 = CARTESIAN_POINT('',(0.306516184967,24.13,5.052009727161));
#134 = CARTESIAN_POINT('',(0.233662978476,24.13,5.086414916167));
#135 = CARTESIAN_POINT('',(7.202858660611E-02,24.13,5.126345279925));
#136 = CARTESIAN_POINT('',(-8.445295569404E-03,24.13,5.130251814742));
#137 = CARTESIAN_POINT('',(-0.255362388154,24.13,5.092805877641));
#138 = CARTESIAN_POINT('',(-0.402265085734,24.13,5.003942679694));
#139 = CARTESIAN_POINT('',(-0.500466424864,24.13,4.870876959808));
#140 = PCURVE('',#39,#141);
#141 = DEFINITIONAL_REPRESENTATION('',(#142),#190);
#142 = B_SPLINE_CURVE_WITH_KNOTS('',3,(#143,#144,#145,#146,#147,#148,
    #149,#150,#151,#152,#153,#154,#155,#156,#157,#158,#159,#160,#161,
    #162,#163,#164,#165,#166,#167,#168,#169,#170,#171,#172,#173,#174,
    #175,#176,#177,#178,#179,#180,#181,#182,#183,#184,#185,#186,#187,
    #188,#189),.UNSPECIFIED.,.F.,.F.,(4,1,1,1,1,1,1,1,1,1,1,1,1,1,1,1,1,
    1,1,1,1,1,1,1,1,1,1,1,1,1,1,1,1,1,1,1,1,1,1,1,1,1,1,1,4),(0.,
    2.272727272727E-02,4.545454545455E-02,6.818181818182E-02,
    9.090909090909E-02,0.113636363636,0.136363636364,0.159090909091,
    0.181818181818,0.204545454545,0.227272727273,0.25,0.272727272727,
    0.295454545455,0.318181818182,0.340909090909,0.363636363636,
    0.386363636364,0.409090909091,0.431818181818,0.454545454545,
    0.477272727273,0.5,0.522727272727,0.545454545455,0.568181818182,
    0.590909090909,0.613636363636,0.636363636364,0.659090909091,
    0.681818181818,0.704545454545,0.727272727273,0.75,0.772727272727,
    0.795454545455,0.818181818182,0.840909090909,0.863636363636,
    0.886363636364,0.909090909091,0.931818181818,0.954545454545,
    0.977272727273,1.),.QUASI_UNIFORM_KNOTS.);
#143 = CARTESIAN_POINT('',(6.28318530718,0.));
#144 = CARTESIAN_POINT('',(6.259016967673,-2.171102803711E-15));
#145 = CARTESIAN_POINT('',(6.211096982066,-4.422866431485E-15));
#146 = CARTESIAN_POINT('',(6.140004984714,-2.579595357039E-15));
#147 = CARTESIAN_POINT('',(6.069254391629,-6.575034213162E-15));
#148 = CARTESIAN_POINT('',(5.99834429774,7.563450136886E-15));
#149 = CARTESIAN_POINT('',(5.926878953891,-2.362484261577E-15));
#150 = CARTESIAN_POINT('',(5.85409255049,1.886486909424E-15));
#151 = CARTESIAN_POINT('',(5.782651661248,-5.183463376118E-15));
#152 = CARTESIAN_POINT('',(5.711791166911,-2.468915477757E-15));
#153 = CARTESIAN_POINT('',(5.641059023991,-6.257156785659E-15));
#154 = CARTESIAN_POINT('',(5.57004450709,6.181260547589E-15));
#155 = CARTESIAN_POINT('',(5.49779007073,2.848396668107E-15));
#156 = CARTESIAN_POINT('',(5.425518072681,3.741434852787E-15));
#157 = CARTESIAN_POINT('',(5.35448330207,3.502145993549E-15));
#158 = CARTESIAN_POINT('',(5.283746355609,3.56626324582E-15));
#159 = CARTESIAN_POINT('',(5.212899284223,3.549083095973E-15));
#160 = CARTESIAN_POINT('',(5.141482276836,3.55368644309E-15));
#161 = CARTESIAN_POINT('',(5.068693988829,3.552453204469E-15));
#162 = CARTESIAN_POINT('',(4.997253604565,3.552782811836E-15));
#163 = CARTESIAN_POINT('',(4.926392974921,3.55269762099E-15));
#164 = CARTESIAN_POINT('',(4.855660868254,3.552708777008E-15));
#165 = CARTESIAN_POINT('',(4.784646341648,3.552749343782E-15));
#166 = CARTESIAN_POINT('',(4.712391907853,3.552575920668E-15));
#167 = CARTESIAN_POINT('',(4.640119909248,3.553229046349E-15));
#168 = CARTESIAN_POINT('',(4.569085138294,3.550789966737E-15));
#169 = CARTESIAN_POINT('',(4.498348193761,3.559893159504E-15));
#170 = CARTESIAN_POINT('',(4.427501115003,3.525919468048E-15));
#171 = CARTESIAN_POINT('',(4.356084135177,3.652711041106E-15));
#172 = CARTESIAN_POINT('',(4.2832957443,3.179518440331E-15));
#173 = CARTESIAN_POINT('',(4.211855743953,4.945497270373E-15));
#174 = CARTESIAN_POINT('',(4.140993681509,-1.64522544902E-15));
#175 = CARTESIAN_POINT('',(4.070266922125,1.635404525709E-15));
#176 = CARTESIAN_POINT('',(3.999232439189,-4.896392653814E-15));
#177 = CARTESIAN_POINT('',(3.927052483432,-3.366115983256E-15));
#178 = CARTESIAN_POINT('',(3.854502529008,-2.955425485964E-15));
#179 = CARTESIAN_POINT('',(3.782718529426,-6.128464145689E-15));
#180 = CARTESIAN_POINT('',(3.711249426348,6.152999995918E-15));
#181 = CARTESIAN_POINT('',(3.640080544635,2.832746234819E-15));
#182 = CARTESIAN_POINT('',(3.569089057129,3.832297137609E-15));
#183 = CARTESIAN_POINT('',(3.498187109399,3.154347287549E-15));
#184 = CARTESIAN_POINT('',(3.427280386868,4.866595784999E-15));
#185 = CARTESIAN_POINT('',(3.356276097116,-1.304448354742E-15));
#186 = CARTESIAN_POINT('',(3.285077335108,3.51197633969E-16));
#187 = CARTESIAN_POINT('',(3.213582605498,-1.00342181134E-16));
#188 = CARTESIAN_POINT('',(3.165646906945,0.));
#189 = CARTESIAN_POINT('',(3.14159265359,0.));
#190 = ( GEOMETRIC_REPRESENTATION_CONTEXT(2) 
PARAMETRIC_REPRESENTATION_CONTEXT() REPRESENTATION_CONTEXT('2D SPACE',''
  ) );
#191 = PCURVE('',#192,#197);
#192 = PLANE('',#193);
#193 = AXIS2_PLACEMENT_3D('',#194,#195,#196);
#194 = CARTESIAN_POINT('',(-2.965244213474E-04,24.13,2.1885031502E-04));
#195 = DIRECTION('',(0.,-1.,0.));
#196 = DIRECTION('',(0.,0.,-1.));
#197 = DEFINITIONAL_REPRESENTATION('',(#198),#215);
#198 = B_SPLINE_CURVE_WITH_KNOTS('',3,(#199,#200,#201,#202,#203,#204,
    #205,#206,#207,#208,#209,#210,#211,#212,#213,#214),.UNSPECIFIED.,.F.
  ,.F.,(4,2,2,2,2,2,2,4),(0.,0.125,0.25,0.375,0.5,0.625,0.75,1.),
  .UNSPECIFIED.);
#199 = CARTESIAN_POINT('',(-4.128410433309,0.505597660776));
#200 = CARTESIAN_POINT('',(-4.19524999287,0.554924671981));
#201 = CARTESIAN_POINT('',(-4.26828864867,0.589375674618));
#202 = CARTESIAN_POINT('',(-4.42992304054,0.629306038376));
#203 = CARTESIAN_POINT('',(-4.510396922716,0.633212573192));
#204 = CARTESIAN_POINT('',(-4.675008317772,0.608248615126));
#205 = CARTESIAN_POINT('',(-4.750851456568,0.581061761239));
#206 = CARTESIAN_POINT('',(-4.893379262121,0.495004017664));
#207 = CARTESIAN_POINT('',(-4.953045227175,0.440862727128));
#208 = CARTESIAN_POINT('',(-5.051790876846,0.306812709389));
#209 = CARTESIAN_POINT('',(-5.086196065852,0.233959502897));
#210 = CARTESIAN_POINT('',(-5.12612642961,7.232511102745E-02));
#211 = CARTESIAN_POINT('',(-5.130032964427,-8.148771148057E-03));
#212 = CARTESIAN_POINT('',(-5.092587027326,-0.255065863733));
#213 = CARTESIAN_POINT('',(-5.003723829379,-0.401968561313));
#214 = CARTESIAN_POINT('',(-4.870658109493,-0.500169900443));
#215 = ( GEOMETRIC_REPRESENTATION_CONTEXT(2) 
PARAMETRIC_REPRESENTATION_CONTEXT() REPRESENTATION_CONTEXT('2D SPACE',''
  ) );
#216 = ORIENTED_EDGE('',*,*,#217,.T.);
#217 = EDGE_CURVE('',#120,#22,#218,.T.);
#218 = SURFACE_CURVE('',#219,(#224,#230),.PCURVE_S1.);
#219 = B_SPLINE_CURVE_WITH_KNOTS('',3,(#220,#221,#222,#223),
  .UNSPECIFIED.,.F.,.F.,(4,4),(0.,1.),.PIECEWISE_BEZIER_KNOTS.);
#220 = CARTESIAN_POINT('',(-0.500466424864,24.13,4.870876959808));
#221 = CARTESIAN_POINT('',(-0.500466424864,23.863333333333,
    4.870876959808));
#222 = CARTESIAN_POINT('',(-0.500466424864,23.596666666667,
    4.870876959808));
#223 = CARTESIAN_POINT('',(-0.500466424864,23.33,4.870876959808));
#224 = PCURVE('',#39,#225);
#225 = DEFINITIONAL_REPRESENTATION('',(#226),#229);
#226 = B_SPLINE_CURVE_WITH_KNOTS('',1,(#227,#228),.UNSPECIFIED.,.F.,.F.,
  (2,2),(0.,1.),.PIECEWISE_BEZIER_KNOTS.);
#227 = CARTESIAN_POINT('',(3.14159265359,0.));
#228 = CARTESIAN_POINT('',(3.14159265359,-0.8));
#229 = ( GEOMETRIC_REPRESENTATION_CONTEXT(2) 
PARAMETRIC_REPRESENTATION_CONTEXT() REPRESENTATION_CONTEXT('2D SPACE',''
  ) );
#230 = PCURVE('',#108,#231);
#231 = DEFINITIONAL_REPRESENTATION('',(#232),#235);
#232 = B_SPLINE_CURVE_WITH_KNOTS('',1,(#233,#234),.UNSPECIFIED.,.F.,.F.,
  (2,2),(0.,1.),.PIECEWISE_BEZIER_KNOTS.);
#233 = CARTESIAN_POINT('',(3.14159265359,0.));
#234 = CARTESIAN_POINT('',(3.14159265359,-0.8));
#235 = ( GEOMETRIC_REPRESENTATION_CONTEXT(2) 
PARAMETRIC_REPRESENTATION_CONTEXT() REPRESENTATION_CONTEXT('2D SPACE',''
  ) );
#236 = ADVANCED_FACE('',(#237,#367,#573,#827,#1211,#1341,#1471,#1531),
  #73,.T.);
#237 = FACE_BOUND('',#238,.T.);
#238 = EDGE_LOOP('',(#239,#305));
#239 = ORIENTED_EDGE('',*,*,#240,.T.);
#240 = EDGE_CURVE('',#241,#243,#245,.T.);
#241 = VERTEX_POINT('',#242);
#242 = CARTESIAN_POINT('',(1.455975473609,23.33,-2.889031744417));
#243 = VERTEX_POINT('',#244);
#244 = CARTESIAN_POINT('',(2.099666712789,23.33,-3.364070257174));
#245 = SURFACE_CURVE('',#246,(#257,#271),.PCURVE_S1.);
#246 = B_SPLINE_CURVE_WITH_KNOTS('',3,(#247,#248,#249,#250,#251,#252,
    #253,#254,#255,#256),.UNSPECIFIED.,.F.,.F.,(4,2,2,2,4),(0.,0.25,0.5,
    0.75,1.),.UNSPECIFIED.);
#247 = CARTESIAN_POINT('',(1.455975473609,23.33,-2.889031744417));
#248 = CARTESIAN_POINT('',(1.518742402502,23.33,-2.803980698757));
#249 = CARTESIAN_POINT('',(1.614039018165,23.33,-2.746868459303));
#250 = CARTESIAN_POINT('',(1.822347681714,23.33,-2.715172148378));
#251 = CARTESIAN_POINT('',(1.930485777093,23.33,-2.742263485115));
#252 = CARTESIAN_POINT('',(2.100194922063,23.33,-2.867147277297));
#253 = CARTESIAN_POINT('',(2.157503634692,23.33,-2.962768925761));
#254 = CARTESIAN_POINT('',(2.189199945617,23.33,-3.171077589311));
#255 = CARTESIAN_POINT('',(2.162886328075,23.33,-3.278405808059));
#256 = CARTESIAN_POINT('',(2.099666712789,23.33,-3.364070257174));
#257 = PCURVE('',#73,#258);
#258 = DEFINITIONAL_REPRESENTATION('',(#259),#270);
#259 = B_SPLINE_CURVE_WITH_KNOTS('',3,(#260,#261,#262,#263,#264,#265,
    #266,#267,#268,#269),.UNSPECIFIED.,.F.,.F.,(4,2,2,2,4),(0.,0.25,0.5,
    0.75,1.),.UNSPECIFIED.);
#260 = CARTESIAN_POINT('',(2.889250594732,1.45627199803));
#261 = CARTESIAN_POINT('',(2.804199549072,1.519038926923));
#262 = CARTESIAN_POINT('',(2.747087309618,1.614335542586));
#263 = CARTESIAN_POINT('',(2.715390998693,1.822644206136));
#264 = CARTESIAN_POINT('',(2.74248233543,1.930782301514));
#265 = CARTESIAN_POINT('',(2.867366127612,2.100491446484));
#266 = CARTESIAN_POINT('',(2.962987776077,2.157800159113));
#267 = CARTESIAN_POINT('',(3.171296439626,2.189496470038));
#268 = CARTESIAN_POINT('',(3.278624658374,2.163182852496));
#269 = CARTESIAN_POINT('',(3.364289107489,2.099963237211));
#270 = ( GEOMETRIC_REPRESENTATION_CONTEXT(2) 
PARAMETRIC_REPRESENTATION_CONTEXT() REPRESENTATION_CONTEXT('2D SPACE',''
  ) );
#271 = PCURVE('',#272,#277);
#272 = CYLINDRICAL_SURFACE('',#273,0.4);
#273 = AXIS2_PLACEMENT_3D('',#274,#275,#276);
#274 = CARTESIAN_POINT('',(1.777821093199,24.13,-3.126551000796));
#275 = DIRECTION('',(0.,-1.,0.));
#276 = DIRECTION('',(-0.804614048975,0.,0.593798140947));
#277 = DEFINITIONAL_REPRESENTATION('',(#278),#304);
#278 = B_SPLINE_CURVE_WITH_KNOTS('',3,(#279,#280,#281,#282,#283,#284,
    #285,#286,#287,#288,#289,#290,#291,#292,#293,#294,#295,#296,#297,
    #298,#299,#300,#301,#302,#303),.UNSPECIFIED.,.F.,.F.,(4,1,1,1,1,1,1,
    1,1,1,1,1,1,1,1,1,1,1,1,1,1,1,4),(0.,4.545454545455E-02,
    9.090909090909E-02,0.136363636364,0.181818181818,0.227272727273,
    0.272727272727,0.318181818182,0.363636363636,0.409090909091,
    0.454545454545,0.5,0.545454545455,0.590909090909,0.636363636364,
    0.681818181818,0.727272727273,0.772727272727,0.818181818182,
    0.863636363636,0.909090909091,0.954545454545,1.),
  .QUASI_UNIFORM_KNOTS.);
#279 = CARTESIAN_POINT('',(6.28318530718,0.8));
#280 = CARTESIAN_POINT('',(6.23515905604,0.8));
#281 = CARTESIAN_POINT('',(6.139546431168,0.8));
#282 = CARTESIAN_POINT('',(5.99696122592,0.8));
#283 = CARTESIAN_POINT('',(5.854662808073,0.8));
#284 = CARTESIAN_POINT('',(5.712317888722,0.8));
#285 = CARTESIAN_POINT('',(5.569660701757,0.8));
#286 = CARTESIAN_POINT('',(5.425917347222,0.8));
#287 = CARTESIAN_POINT('',(5.283250087159,0.8));
#288 = CARTESIAN_POINT('',(5.140804680474,0.8));
#289 = CARTESIAN_POINT('',(4.998347927249,0.8));
#290 = CARTESIAN_POINT('',(4.855758725472,0.8));
#291 = CARTESIAN_POINT('',(4.712371532119,0.8));
#292 = CARTESIAN_POINT('',(4.56908902836,0.8));
#293 = CARTESIAN_POINT('',(4.426623504278,0.8));
#294 = CARTESIAN_POINT('',(4.284196957417,0.8));
#295 = CARTESIAN_POINT('',(4.141666874302,0.8));
#296 = CARTESIAN_POINT('',(3.998862702302,0.8));
#297 = CARTESIAN_POINT('',(3.85510420664,0.8));
#298 = CARTESIAN_POINT('',(3.712775180472,0.8));
#299 = CARTESIAN_POINT('',(3.570829371328,0.8));
#300 = CARTESIAN_POINT('',(3.428777250605,0.8));
#301 = CARTESIAN_POINT('',(3.286046949789,0.8));
#302 = CARTESIAN_POINT('',(3.189971749621,0.8));
#303 = CARTESIAN_POINT('',(3.14159265359,0.8));
#304 = ( GEOMETRIC_REPRESENTATION_CONTEXT(2) 
PARAMETRIC_REPRESENTATION_CONTEXT() REPRESENTATION_CONTEXT('2D SPACE',''
  ) );
#305 = ORIENTED_EDGE('',*,*,#306,.T.);
#306 = EDGE_CURVE('',#243,#241,#307,.T.);
#307 = SURFACE_CURVE('',#308,(#319,#333),.PCURVE_S1.);
#308 = B_SPLINE_CURVE_WITH_KNOTS('',3,(#309,#310,#311,#312,#313,#314,
    #315,#316,#317,#318),.UNSPECIFIED.,.F.,.F.,(4,2,2,2,4),(0.,0.25,0.5,
    0.75,1.),.UNSPECIFIED.);
#309 = CARTESIAN_POINT('',(2.099666712789,23.33,-3.364070257174));
#310 = CARTESIAN_POINT('',(2.036899783896,23.33,-3.449121302834));
#311 = CARTESIAN_POINT('',(1.941603168233,23.33,-3.506233542288));
#312 = CARTESIAN_POINT('',(1.733294504684,23.33,-3.537929853213));
#313 = CARTESIAN_POINT('',(1.625156409305,23.33,-3.510838516477));
#314 = CARTESIAN_POINT('',(1.455447264336,23.33,-3.385954724295));
#315 = CARTESIAN_POINT('',(1.398138551707,23.33,-3.29033307583));
#316 = CARTESIAN_POINT('',(1.366442240781,23.33,-3.082024412281));
#317 = CARTESIAN_POINT('',(1.392755858323,23.33,-2.974696193532));
#318 = CARTESIAN_POINT('',(1.455975473609,23.33,-2.889031744417));
#319 = PCURVE('',#73,#320);
#320 = DEFINITIONAL_REPRESENTATION('',(#321),#332);
#321 = B_SPLINE_CURVE_WITH_KNOTS('',3,(#322,#323,#324,#325,#326,#327,
    #328,#329,#330,#331),.UNSPECIFIED.,.F.,.F.,(4,2,2,2,4),(0.,0.25,0.5,
    0.75,1.),.UNSPECIFIED.);
#322 = CARTESIAN_POINT('',(3.364289107489,2.099963237211));
#323 = CARTESIAN_POINT('',(3.449340153149,2.037196308318));
#324 = CARTESIAN_POINT('',(3.506452392603,1.941899692655));
#325 = CARTESIAN_POINT('',(3.538148703528,1.733591029105));
#326 = CARTESIAN_POINT('',(3.511057366792,1.625452933726));
#327 = CARTESIAN_POINT('',(3.38617357461,1.455743788757));
#328 = CARTESIAN_POINT('',(3.290551926145,1.398435076128));
#329 = CARTESIAN_POINT('',(3.082243262596,1.366738765203));
#330 = CARTESIAN_POINT('',(2.974915043847,1.393052382745));
#331 = CARTESIAN_POINT('',(2.889250594732,1.45627199803));
#332 = ( GEOMETRIC_REPRESENTATION_CONTEXT(2) 
PARAMETRIC_REPRESENTATION_CONTEXT() REPRESENTATION_CONTEXT('2D SPACE',''
  ) );
#333 = PCURVE('',#334,#339);
#334 = CYLINDRICAL_SURFACE('',#335,0.4);
#335 = AXIS2_PLACEMENT_3D('',#336,#337,#338);
#336 = CARTESIAN_POINT('',(1.777821093199,24.13,-3.126551000796));
#337 = DIRECTION('',(0.,-1.,0.));
#338 = DIRECTION('',(-0.804614048975,0.,0.593798140947));
#339 = DEFINITIONAL_REPRESENTATION('',(#340),#366);
#340 = B_SPLINE_CURVE_WITH_KNOTS('',3,(#341,#342,#343,#344,#345,#346,
    #347,#348,#349,#350,#351,#352,#353,#354,#355,#356,#357,#358,#359,
    #360,#361,#362,#363,#364,#365),.UNSPECIFIED.,.F.,.F.,(4,1,1,1,1,1,1,
    1,1,1,1,1,1,1,1,1,1,1,1,1,1,1,4),(0.,4.545454545455E-02,
    9.090909090909E-02,0.136363636364,0.181818181818,0.227272727273,
    0.272727272727,0.318181818182,0.363636363636,0.409090909091,
    0.454545454545,0.5,0.545454545455,0.590909090909,0.636363636364,
    0.681818181818,0.727272727273,0.772727272727,0.818181818182,
    0.863636363636,0.909090909091,0.954545454545,1.),
  .QUASI_UNIFORM_KNOTS.);
#341 = CARTESIAN_POINT('',(3.14159265359,0.8));
#342 = CARTESIAN_POINT('',(3.093566402451,0.8));
#343 = CARTESIAN_POINT('',(2.997953777579,0.8));
#344 = CARTESIAN_POINT('',(2.855368572331,0.8));
#345 = CARTESIAN_POINT('',(2.713070154483,0.8));
#346 = CARTESIAN_POINT('',(2.570725235132,0.8));
#347 = CARTESIAN_POINT('',(2.428068048167,0.8));
#348 = CARTESIAN_POINT('',(2.284324693632,0.8));
#349 = CARTESIAN_POINT('',(2.141657433569,0.8));
#350 = CARTESIAN_POINT('',(1.999212026884,0.8));
#351 = CARTESIAN_POINT('',(1.85675527366,0.8));
#352 = CARTESIAN_POINT('',(1.714166071882,0.8));
#353 = CARTESIAN_POINT('',(1.570778878529,0.8));
#354 = CARTESIAN_POINT('',(1.42749637477,0.8));
#355 = CARTESIAN_POINT('',(1.285030850688,0.8));
#356 = CARTESIAN_POINT('',(1.142604303827,0.8));
#357 = CARTESIAN_POINT('',(1.000074220713,0.8));
#358 = CARTESIAN_POINT('',(0.857270048712,0.8));
#359 = CARTESIAN_POINT('',(0.71351155305,0.8));
#360 = CARTESIAN_POINT('',(0.571182526882,0.8));
#361 = CARTESIAN_POINT('',(0.429236717738,0.8));
#362 = CARTESIAN_POINT('',(0.287184597015,0.8));
#363 = CARTESIAN_POINT('',(0.144454296199,0.8));
#364 = CARTESIAN_POINT('',(4.837909603139E-02,0.8));
#365 = CARTESIAN_POINT('',(0.,0.8));
#366 = ( GEOMETRIC_REPRESENTATION_CONTEXT(2) 
PARAMETRIC_REPRESENTATION_CONTEXT() REPRESENTATION_CONTEXT('2D SPACE',''
  ) );
#367 = FACE_BOUND('',#368,.T.);
#368 = EDGE_LOOP('',(#369,#473));
#369 = ORIENTED_EDGE('',*,*,#370,.T.);
#370 = EDGE_CURVE('',#371,#373,#375,.T.);
#371 = VERTEX_POINT('',#372);
#372 = CARTESIAN_POINT('',(-1.837190366498,23.33,-4.510336080299));
#373 = VERTEX_POINT('',#374);
#374 = CARTESIAN_POINT('',(-3.768264084039,23.33,-3.085220542027));
#375 = SURFACE_CURVE('',#376,(#395,#417),.PCURVE_S1.);
#376 = B_SPLINE_CURVE_WITH_KNOTS('',3,(#377,#378,#379,#380,#381,#382,
    #383,#384,#385,#386,#387,#388,#389,#390,#391,#392,#393,#394),
  .UNSPECIFIED.,.F.,.F.,(4,2,2,2,2,2,2,2,4),(0.,0.125,0.25,0.375,0.5,
    0.625,0.75,0.875,1.),.UNSPECIFIED.);
#377 = CARTESIAN_POINT('',(-1.837190366498,23.33,-4.510336080299));
#378 = CARTESIAN_POINT('',(-1.931568106016,23.33,-4.638220709587));
#379 = CARTESIAN_POINT('',(-2.047426764319,23.33,-4.743586077669));
#380 = CARTESIAN_POINT('',(-2.319316308515,23.33,-4.907595540308));
#381 = CARTESIAN_POINT('',(-2.466865550945,23.33,-4.960631721191));
#382 = CARTESIAN_POINT('',(-2.780822440035,23.33,-5.008109082865));
#383 = CARTESIAN_POINT('',(-2.937436232893,23.33,-5.000643474329));
#384 = CARTESIAN_POINT('',(-3.245663376539,23.33,-4.924360737105));
#385 = CARTESIAN_POINT('',(-3.387498689571,23.33,-4.857529910375));
#386 = CARTESIAN_POINT('',(-3.643071299239,23.33,-4.669100429491));
#387 = CARTESIAN_POINT('',(-3.748534991774,23.33,-4.553078772113));
#388 = CARTESIAN_POINT('',(-3.912544454414,23.33,-4.281189227916));
#389 = CARTESIAN_POINT('',(-3.965580635297,23.33,-4.133639985486));
#390 = CARTESIAN_POINT('',(-4.01305799697,23.33,-3.819683096396));
#391 = CARTESIAN_POINT('',(-4.005638229975,23.33,-3.663254530334));
#392 = CARTESIAN_POINT('',(-3.929263809671,23.33,-3.354656933096));
#393 = CARTESIAN_POINT('',(-3.86286816441,23.33,-3.213411869866));
#394 = CARTESIAN_POINT('',(-3.768264084039,23.33,-3.085220542027));
#395 = PCURVE('',#73,#396);
#396 = DEFINITIONAL_REPRESENTATION('',(#397),#416);
#397 = B_SPLINE_CURVE_WITH_KNOTS('',3,(#398,#399,#400,#401,#402,#403,
    #404,#405,#406,#407,#408,#409,#410,#411,#412,#413,#414,#415),
  .UNSPECIFIED.,.F.,.F.,(4,2,2,2,2,2,2,2,4),(0.,0.125,0.25,0.375,0.5,
    0.625,0.75,0.875,1.),.UNSPECIFIED.);
#398 = CARTESIAN_POINT('',(4.510554930614,-1.836893842077));
#399 = CARTESIAN_POINT('',(4.638439559902,-1.931271581595));
#400 = CARTESIAN_POINT('',(4.743804927984,-2.047130239898));
#401 = CARTESIAN_POINT('',(4.907814390623,-2.319019784093));
#402 = CARTESIAN_POINT('',(4.960850571506,-2.466569026524));
#403 = CARTESIAN_POINT('',(5.00832793318,-2.780525915613));
#404 = CARTESIAN_POINT('',(5.000862324644,-2.937139708472));
#405 = CARTESIAN_POINT('',(4.92457958742,-3.245366852118));
#406 = CARTESIAN_POINT('',(4.85774876069,-3.387202165149));
#407 = CARTESIAN_POINT('',(4.669319279806,-3.642774774817));
#408 = CARTESIAN_POINT('',(4.553297622428,-3.748238467353));
#409 = CARTESIAN_POINT('',(4.281408078231,-3.912247929993));
#410 = CARTESIAN_POINT('',(4.133858835801,-3.965284110876));
#411 = CARTESIAN_POINT('',(3.819901946711,-4.012761472549));
#412 = CARTESIAN_POINT('',(3.663473380649,-4.005341705554));
#413 = CARTESIAN_POINT('',(3.354875783411,-3.92896728525));
#414 = CARTESIAN_POINT('',(3.213630720182,-3.862571639988));
#415 = CARTESIAN_POINT('',(3.085439392342,-3.767967559617));
#416 = ( GEOMETRIC_REPRESENTATION_CONTEXT(2) 
PARAMETRIC_REPRESENTATION_CONTEXT() REPRESENTATION_CONTEXT('2D SPACE',''
  ) );
#417 = PCURVE('',#418,#423);
#418 = CYLINDRICAL_SURFACE('',#419,1.2);
#419 = AXIS2_PLACEMENT_3D('',#420,#421,#422);
#420 = CARTESIAN_POINT('',(-2.802727225269,15.2,-3.797778311163));
#421 = DIRECTION('',(0.,-1.,0.));
#422 = DIRECTION('',(-0.804614048975,0.,0.593798140947));
#423 = DEFINITIONAL_REPRESENTATION('',(#424),#472);
#424 = B_SPLINE_CURVE_WITH_KNOTS('',3,(#425,#426,#427,#428,#429,#430,
    #431,#432,#433,#434,#435,#436,#437,#438,#439,#440,#441,#442,#443,
    #444,#445,#446,#447,#448,#449,#450,#451,#452,#453,#454,#455,#456,
    #457,#458,#459,#460,#461,#462,#463,#464,#465,#466,#467,#468,#469,
    #470,#471),.UNSPECIFIED.,.F.,.F.,(4,1,1,1,1,1,1,1,1,1,1,1,1,1,1,1,1,
    1,1,1,1,1,1,1,1,1,1,1,1,1,1,1,1,1,1,1,1,1,1,1,1,1,1,1,4),(0.,
    2.272727272727E-02,4.545454545455E-02,6.818181818182E-02,
    9.090909090909E-02,0.113636363636,0.136363636364,0.159090909091,
    0.181818181818,0.204545454545,0.227272727273,0.25,0.272727272727,
    0.295454545455,0.318181818182,0.340909090909,0.363636363636,
    0.386363636364,0.409090909091,0.431818181818,0.454545454545,
    0.477272727273,0.5,0.522727272727,0.545454545455,0.568181818182,
    0.590909090909,0.613636363636,0.636363636364,0.659090909091,
    0.681818181818,0.704545454545,0.727272727273,0.75,0.772727272727,
    0.795454545455,0.818181818182,0.840909090909,0.863636363636,
    0.886363636364,0.909090909091,0.931818181818,0.954545454545,
    0.977272727273,1.),.QUASI_UNIFORM_KNOTS.);
#425 = CARTESIAN_POINT('',(3.14159265359,-8.13));
#426 = CARTESIAN_POINT('',(3.117510032009,-8.13));
#427 = CARTESIAN_POINT('',(3.069644296112,-8.13));
#428 = CARTESIAN_POINT('',(2.998421309902,-8.13));
#429 = CARTESIAN_POINT('',(2.927458431563,-8.13));
#430 = CARTESIAN_POINT('',(2.856414270944,-8.13));
#431 = CARTESIAN_POINT('',(2.785018757592,-8.13));
#432 = CARTESIAN_POINT('',(2.712769136174,-8.13));
#433 = CARTESIAN_POINT('',(2.641359311443,-8.13));
#434 = CARTESIAN_POINT('',(2.570295642972,-8.13));
#435 = CARTESIAN_POINT('',(2.499299714238,-8.13));
#436 = CARTESIAN_POINT('',(2.428124156988,-8.13));
#437 = CARTESIAN_POINT('',(2.35619297969,-8.13));
#438 = CARTESIAN_POINT('',(2.284270865406,-8.13));
#439 = CARTESIAN_POINT('',(2.213105801808,-8.13));
#440 = CARTESIAN_POINT('',(2.142112356492,-8.13));
#441 = CARTESIAN_POINT('',(2.071041759144,-8.13));
#442 = CARTESIAN_POINT('',(1.999619465507,-8.13));
#443 = CARTESIAN_POINT('',(1.927371275207,-8.13));
#444 = CARTESIAN_POINT('',(1.855961067009,-8.13));
#445 = CARTESIAN_POINT('',(1.784897501288,-8.13));
#446 = CARTESIAN_POINT('',(1.713901545023,-8.13));
#447 = CARTESIAN_POINT('',(1.64272599515,-8.13));
#448 = CARTESIAN_POINT('',(1.570794815876,-8.13));
#449 = CARTESIAN_POINT('',(1.498872702116,-8.13));
#450 = CARTESIAN_POINT('',(1.427707638398,-8.13));
#451 = CARTESIAN_POINT('',(1.356714193037,-8.13));
#452 = CARTESIAN_POINT('',(1.285643595988,-8.13));
#453 = CARTESIAN_POINT('',(1.214221301204,-8.13));
#454 = CARTESIAN_POINT('',(1.141973115194,-8.13));
#455 = CARTESIAN_POINT('',(1.070562890978,-8.13));
#456 = CARTESIAN_POINT('',(0.999499385041,-8.13));
#457 = CARTESIAN_POINT('',(0.928503205656,-8.13));
#458 = CARTESIAN_POINT('',(0.857328488476,-8.13));
#459 = CARTESIAN_POINT('',(0.785394201551,-8.13));
#460 = CARTESIAN_POINT('',(0.713483685705,-8.13));
#461 = CARTESIAN_POINT('',(0.6423488075,-8.13));
#462 = CARTESIAN_POINT('',(0.571382928817,-8.13));
#463 = CARTESIAN_POINT('',(0.500319398967,-8.13));
#464 = CARTESIAN_POINT('',(0.428870860481,-8.13));
#465 = CARTESIAN_POINT('',(0.356525001376,-8.13));
#466 = CARTESIAN_POINT('',(0.285157876714,-8.13));
#467 = CARTESIAN_POINT('',(0.214185241599,-8.13));
#468 = CARTESIAN_POINT('',(0.1432888892,-8.13));
#469 = CARTESIAN_POINT('',(7.207240666999E-02,-8.13));
#470 = CARTESIAN_POINT('',(2.414096598523E-02,-8.13));
#471 = CARTESIAN_POINT('',(0.,-8.13));
#472 = ( GEOMETRIC_REPRESENTATION_CONTEXT(2) 
PARAMETRIC_REPRESENTATION_CONTEXT() REPRESENTATION_CONTEXT('2D SPACE',''
  ) );
#473 = ORIENTED_EDGE('',*,*,#474,.T.);
#474 = EDGE_CURVE('',#373,#371,#475,.T.);
#475 = SURFACE_CURVE('',#476,(#495,#517),.PCURVE_S1.);
#476 = B_SPLINE_CURVE_WITH_KNOTS('',3,(#477,#478,#479,#480,#481,#482,
    #483,#484,#485,#486,#487,#488,#489,#490,#491,#492,#493,#494),
  .UNSPECIFIED.,.F.,.F.,(4,2,2,2,2,2,2,2,4),(0.,0.125,0.25,0.375,0.5,
    0.625,0.75,0.875,1.),.UNSPECIFIED.);
#477 = CARTESIAN_POINT('',(-3.768264084039,23.33,-3.085220542027));
#478 = CARTESIAN_POINT('',(-3.673886344521,23.33,-2.957335912739));
#479 = CARTESIAN_POINT('',(-3.558027686218,23.33,-2.851970544657));
#480 = CARTESIAN_POINT('',(-3.286138142022,23.33,-2.687961082017));
#481 = CARTESIAN_POINT('',(-3.138588899592,23.33,-2.634924901134));
#482 = CARTESIAN_POINT('',(-2.824632010502,23.33,-2.587447539461));
#483 = CARTESIAN_POINT('',(-2.668018217644,23.33,-2.594913147997));
#484 = CARTESIAN_POINT('',(-2.359791073998,23.33,-2.67119588522));
#485 = CARTESIAN_POINT('',(-2.217955760966,23.33,-2.738026711951));
#486 = CARTESIAN_POINT('',(-1.962383151299,23.33,-2.926456192834));
#487 = CARTESIAN_POINT('',(-1.856919458762,23.33,-3.042477850213));
#488 = CARTESIAN_POINT('',(-1.692909996123,23.33,-3.314367394409));
#489 = CARTESIAN_POINT('',(-1.63987381524,23.33,-3.461916636839));
#490 = CARTESIAN_POINT('',(-1.592396453566,23.33,-3.775873525929));
#491 = CARTESIAN_POINT('',(-1.599816220562,23.33,-3.932302091991));
#492 = CARTESIAN_POINT('',(-1.676190640866,23.33,-4.24089968923));
#493 = CARTESIAN_POINT('',(-1.742586286128,23.33,-4.382144752459));
#494 = CARTESIAN_POINT('',(-1.837190366498,23.33,-4.510336080299));
#495 = PCURVE('',#73,#496);
#496 = DEFINITIONAL_REPRESENTATION('',(#497),#516);
#497 = B_SPLINE_CURVE_WITH_KNOTS('',3,(#498,#499,#500,#501,#502,#503,
    #504,#505,#506,#507,#508,#509,#510,#511,#512,#513,#514,#515),
  .UNSPECIFIED.,.F.,.F.,(4,2,2,2,2,2,2,2,4),(0.,0.125,0.25,0.375,0.5,
    0.625,0.75,0.875,1.),.UNSPECIFIED.);
#498 = CARTESIAN_POINT('',(3.085439392342,-3.767967559617));
#499 = CARTESIAN_POINT('',(2.957554763054,-3.673589820099));
#500 = CARTESIAN_POINT('',(2.852189394972,-3.557731161797));
#501 = CARTESIAN_POINT('',(2.688179932332,-3.285841617601));
#502 = CARTESIAN_POINT('',(2.635143751449,-3.138292375171));
#503 = CARTESIAN_POINT('',(2.587666389776,-2.824335486081));
#504 = CARTESIAN_POINT('',(2.595131998312,-2.667721693223));
#505 = CARTESIAN_POINT('',(2.671414735535,-2.359494549577));
#506 = CARTESIAN_POINT('',(2.738245562266,-2.217659236545));
#507 = CARTESIAN_POINT('',(2.926675043149,-1.962086626877));
#508 = CARTESIAN_POINT('',(3.042696700528,-1.856622934341));
#509 = CARTESIAN_POINT('',(3.314586244724,-1.692613471702));
#510 = CARTESIAN_POINT('',(3.462135487154,-1.639577290819));
#511 = CARTESIAN_POINT('',(3.776092376244,-1.592099929145));
#512 = CARTESIAN_POINT('',(3.932520942306,-1.599519696141));
#513 = CARTESIAN_POINT('',(4.241118539545,-1.675894116445));
#514 = CARTESIAN_POINT('',(4.382363602774,-1.742289761706));
#515 = CARTESIAN_POINT('',(4.510554930614,-1.836893842077));
#516 = ( GEOMETRIC_REPRESENTATION_CONTEXT(2) 
PARAMETRIC_REPRESENTATION_CONTEXT() REPRESENTATION_CONTEXT('2D SPACE',''
  ) );
#517 = PCURVE('',#518,#523);
#518 = CYLINDRICAL_SURFACE('',#519,1.2);
#519 = AXIS2_PLACEMENT_3D('',#520,#521,#522);
#520 = CARTESIAN_POINT('',(-2.802727225269,15.2,-3.797778311163));
#521 = DIRECTION('',(0.,-1.,0.));
#522 = DIRECTION('',(-0.804614048975,0.,0.593798140947));
#523 = DEFINITIONAL_REPRESENTATION('',(#524),#572);
#524 = B_SPLINE_CURVE_WITH_KNOTS('',3,(#525,#526,#527,#528,#529,#530,
    #531,#532,#533,#534,#535,#536,#537,#538,#539,#540,#541,#542,#543,
    #544,#545,#546,#547,#548,#549,#550,#551,#552,#553,#554,#555,#556,
    #557,#558,#559,#560,#561,#562,#563,#564,#565,#566,#567,#568,#569,
    #570,#571),.UNSPECIFIED.,.F.,.F.,(4,1,1,1,1,1,1,1,1,1,1,1,1,1,1,1,1,
    1,1,1,1,1,1,1,1,1,1,1,1,1,1,1,1,1,1,1,1,1,1,1,1,1,1,1,4),(0.,
    2.272727272727E-02,4.545454545455E-02,6.818181818182E-02,
    9.090909090909E-02,0.113636363636,0.136363636364,0.159090909091,
    0.181818181818,0.204545454545,0.227272727273,0.25,0.272727272727,
    0.295454545455,0.318181818182,0.340909090909,0.363636363636,
    0.386363636364,0.409090909091,0.431818181818,0.454545454545,
    0.477272727273,0.5,0.522727272727,0.545454545455,0.568181818182,
    0.590909090909,0.613636363636,0.636363636364,0.659090909091,
    0.681818181818,0.704545454545,0.727272727273,0.75,0.772727272727,
    0.795454545455,0.818181818182,0.840909090909,0.863636363636,
    0.886363636364,0.909090909091,0.931818181818,0.954545454545,
    0.977272727273,1.),.QUASI_UNIFORM_KNOTS.);
#525 = CARTESIAN_POINT('',(6.28318530718,-8.13));
#526 = CARTESIAN_POINT('',(6.259102685599,-8.13));
#527 = CARTESIAN_POINT('',(6.211236949702,-8.13));
#528 = CARTESIAN_POINT('',(6.140013963491,-8.13));
#529 = CARTESIAN_POINT('',(6.069051085153,-8.13));
#530 = CARTESIAN_POINT('',(5.998006924534,-8.13));
#531 = CARTESIAN_POINT('',(5.926611411182,-8.13));
#532 = CARTESIAN_POINT('',(5.854361789763,-8.13));
#533 = CARTESIAN_POINT('',(5.782951965033,-8.13));
#534 = CARTESIAN_POINT('',(5.711888296562,-8.13));
#535 = CARTESIAN_POINT('',(5.640892367828,-8.13));
#536 = CARTESIAN_POINT('',(5.569716810578,-8.13));
#537 = CARTESIAN_POINT('',(5.49778563328,-8.13));
#538 = CARTESIAN_POINT('',(5.425863518996,-8.13));
#539 = CARTESIAN_POINT('',(5.354698455398,-8.13));
#540 = CARTESIAN_POINT('',(5.283705010081,-8.13));
#541 = CARTESIAN_POINT('',(5.212634412734,-8.13));
#542 = CARTESIAN_POINT('',(5.141212119097,-8.13));
#543 = CARTESIAN_POINT('',(5.068963928797,-8.13));
#544 = CARTESIAN_POINT('',(4.997553720599,-8.13));
#545 = CARTESIAN_POINT('',(4.926490154878,-8.13));
#546 = CARTESIAN_POINT('',(4.855494198612,-8.13));
#547 = CARTESIAN_POINT('',(4.784318648739,-8.13));
#548 = CARTESIAN_POINT('',(4.712387469466,-8.13));
#549 = CARTESIAN_POINT('',(4.640465355706,-8.13));
#550 = CARTESIAN_POINT('',(4.569300291988,-8.13));
#551 = CARTESIAN_POINT('',(4.498306846627,-8.13));
#552 = CARTESIAN_POINT('',(4.427236249577,-8.13));
#553 = CARTESIAN_POINT('',(4.355813954793,-8.13));
#554 = CARTESIAN_POINT('',(4.283565768784,-8.13));
#555 = CARTESIAN_POINT('',(4.212155544568,-8.13));
#556 = CARTESIAN_POINT('',(4.141092038631,-8.13));
#557 = CARTESIAN_POINT('',(4.070095859246,-8.13));
#558 = CARTESIAN_POINT('',(3.998921142066,-8.13));
#559 = CARTESIAN_POINT('',(3.926986855141,-8.13));
#560 = CARTESIAN_POINT('',(3.855076339295,-8.13));
#561 = CARTESIAN_POINT('',(3.78394146109,-8.13));
#562 = CARTESIAN_POINT('',(3.712975582406,-8.13));
#563 = CARTESIAN_POINT('',(3.641912052557,-8.13));
#564 = CARTESIAN_POINT('',(3.570463514071,-8.13));
#565 = CARTESIAN_POINT('',(3.498117654966,-8.13));
#566 = CARTESIAN_POINT('',(3.426750530304,-8.13));
#567 = CARTESIAN_POINT('',(3.355777895189,-8.13));
#568 = CARTESIAN_POINT('',(3.28488154279,-8.13));
#569 = CARTESIAN_POINT('',(3.21366506026,-8.13));
#570 = CARTESIAN_POINT('',(3.165733619575,-8.13));
#571 = CARTESIAN_POINT('',(3.14159265359,-8.13));
#572 = ( GEOMETRIC_REPRESENTATION_CONTEXT(2) 
PARAMETRIC_REPRESENTATION_CONTEXT() REPRESENTATION_CONTEXT('2D SPACE',''
  ) );
#573 = FACE_BOUND('',#574,.T.);
#574 = EDGE_LOOP('',(#575,#679,#703,#805));
#575 = ORIENTED_EDGE('',*,*,#576,.T.);
#576 = EDGE_CURVE('',#577,#579,#581,.T.);
#577 = VERTEX_POINT('',#578);
#578 = CARTESIAN_POINT('',(3.758979543143,23.33,3.072806459752));
#579 = VERTEX_POINT('',#580);
#580 = CARTESIAN_POINT('',(1.837190366498,23.33,4.510336080299));
#581 = SURFACE_CURVE('',#582,(#601,#623),.PCURVE_S1.);
#582 = B_SPLINE_CURVE_WITH_KNOTS('',3,(#583,#584,#585,#586,#587,#588,
    #589,#590,#591,#592,#593,#594,#595,#596,#597,#598,#599,#600),
  .UNSPECIFIED.,.F.,.F.,(4,2,2,2,2,2,2,2,4),(4.068738859457E-03,
    0.128560146502,0.253051554145,0.377542961787,0.50203436943,
    0.626525777072,0.751017184715,0.875508592357,1.),.UNSPECIFIED.);
#583 = CARTESIAN_POINT('',(3.758979543143,23.33,3.072806459752));
#584 = CARTESIAN_POINT('',(3.663625012564,23.33,2.946919029359));
#585 = CARTESIAN_POINT('',(3.546449681389,23.33,2.843051255815));
#586 = CARTESIAN_POINT('',(3.274431997586,23.33,2.683008351137));
#587 = CARTESIAN_POINT('',(3.126403096119,23.33,2.631636453391));
#588 = CARTESIAN_POINT('',(2.813828308647,23.33,2.587369823817));
#589 = CARTESIAN_POINT('',(2.657479973425,23.33,2.596286309398));
#590 = CARTESIAN_POINT('',(2.351549836885,23.33,2.674548502767));
#591 = CARTESIAN_POINT('',(2.210478799766,23.33,2.742340329408));
#592 = CARTESIAN_POINT('',(1.957417892079,23.33,2.931376278184));
#593 = CARTESIAN_POINT('',(1.852888916279,23.33,3.047749439262));
#594 = CARTESIAN_POINT('',(1.690960728008,23.33,3.319061758973));
#595 = CARTESIAN_POINT('',(1.638700947178,23.33,3.466404801904));
#596 = CARTESIAN_POINT('',(1.592422611529,23.33,3.779049384724));
#597 = CARTESIAN_POINT('',(1.600210505095,23.33,3.934918442044));
#598 = CARTESIAN_POINT('',(1.676731400931,23.33,4.242048851685));
#599 = CARTESIAN_POINT('',(1.742971205426,23.33,4.382666329496));
#600 = CARTESIAN_POINT('',(1.837190366498,23.33,4.510336080299));
#601 = PCURVE('',#73,#602);
#602 = DEFINITIONAL_REPRESENTATION('',(#603),#622);
#603 = B_SPLINE_CURVE_WITH_KNOTS('',3,(#604,#605,#606,#607,#608,#609,
    #610,#611,#612,#613,#614,#615,#616,#617,#618,#619,#620,#621),
  .UNSPECIFIED.,.F.,.F.,(4,2,2,2,2,2,2,2,4),(4.068738859457E-03,
    0.128560146502,0.253051554145,0.377542961787,0.50203436943,
    0.626525777072,0.751017184715,0.875508592357,1.),.UNSPECIFIED.);
#604 = CARTESIAN_POINT('',(-3.072587609437,3.759276067564));
#605 = CARTESIAN_POINT('',(-2.946700179044,3.663921536985));
#606 = CARTESIAN_POINT('',(-2.8428324055,3.546746205811));
#607 = CARTESIAN_POINT('',(-2.682789500822,3.274728522008));
#608 = CARTESIAN_POINT('',(-2.631417603076,3.126699620541));
#609 = CARTESIAN_POINT('',(-2.587150973502,2.814124833069));
#610 = CARTESIAN_POINT('',(-2.596067459083,2.657776497846));
#611 = CARTESIAN_POINT('',(-2.674329652452,2.351846361307));
#612 = CARTESIAN_POINT('',(-2.742121479093,2.210775324187));
#613 = CARTESIAN_POINT('',(-2.931157427869,1.9577144165));
#614 = CARTESIAN_POINT('',(-3.047530588946,1.8531854407));
#615 = CARTESIAN_POINT('',(-3.318842908658,1.691257252429));
#616 = CARTESIAN_POINT('',(-3.466185951589,1.6389974716));
#617 = CARTESIAN_POINT('',(-3.778830534409,1.59271913595));
#618 = CARTESIAN_POINT('',(-3.934699591729,1.600507029517));
#619 = CARTESIAN_POINT('',(-4.24183000137,1.677027925352));
#620 = CARTESIAN_POINT('',(-4.382447479181,1.743267729847));
#621 = CARTESIAN_POINT('',(-4.510117229984,1.83748689092));
#622 = ( GEOMETRIC_REPRESENTATION_CONTEXT(2) 
PARAMETRIC_REPRESENTATION_CONTEXT() REPRESENTATION_CONTEXT('2D SPACE',''
  ) );
#623 = PCURVE('',#624,#629);
#624 = CYLINDRICAL_SURFACE('',#625,1.2);
#625 = AXIS2_PLACEMENT_3D('',#626,#627,#628);
#626 = CARTESIAN_POINT('',(2.802727225269,15.2,3.797778311163));
#627 = DIRECTION('',(0.,-1.,0.));
#628 = DIRECTION('',(-0.796876189575,0.,0.604142647468));
#629 = DEFINITIONAL_REPRESENTATION('',(#630),#678);
#630 = B_SPLINE_CURVE_WITH_KNOTS('',3,(#631,#632,#633,#634,#635,#636,
    #637,#638,#639,#640,#641,#642,#643,#644,#645,#646,#647,#648,#649,
    #650,#651,#652,#653,#654,#655,#656,#657,#658,#659,#660,#661,#662,
    #663,#664,#665,#666,#667,#668,#669,#670,#671,#672,#673,#674,#675,
    #676,#677),.UNSPECIFIED.,.F.,.F.,(4,1,1,1,1,1,1,1,1,1,1,1,1,1,1,1,1,
    1,1,1,1,1,1,1,1,1,1,1,1,1,1,1,1,1,1,1,1,1,1,1,1,1,1,1,4),(
    4.068738859457E-03,2.670354024901E-02,4.933834163857E-02,
    7.197314302813E-02,9.460794441769E-02,0.117242745807,0.139877547197,
    0.162512348586,0.185147149976,0.207781951365,0.230416752755,
    0.253051554145,0.275686355534,0.298321156924,0.320955958313,
    0.343590759703,0.366225561092,0.388860362482,0.411495163871,
    0.434129965261,0.456764766651,0.47939956804,0.50203436943,
    0.524669170819,0.547303972209,0.569938773598,0.592573574988,
    0.615208376378,0.637843177767,0.660477979157,0.683112780546,
    0.705747581936,0.728382383325,0.751017184715,0.773651986104,
    0.796286787494,0.818921588884,0.841556390273,0.864191191663,
    0.886825993052,0.909460794442,0.932095595831,0.954730397221,
    0.97736519861,1.),.QUASI_UNIFORM_KNOTS.);
#631 = CARTESIAN_POINT('',(3.141592653979,-8.13));
#632 = CARTESIAN_POINT('',(3.117664411083,-8.13));
#633 = CARTESIAN_POINT('',(3.070051353908,-8.13));
#634 = CARTESIAN_POINT('',(2.999096989354,-8.13));
#635 = CARTESIAN_POINT('',(2.92834700308,-8.13));
#636 = CARTESIAN_POINT('',(2.857525776161,-8.13));
#637 = CARTESIAN_POINT('',(2.7864176217,-8.13));
#638 = CARTESIAN_POINT('',(2.714620692232,-8.13));
#639 = CARTESIAN_POINT('',(2.643517128499,-8.13));
#640 = CARTESIAN_POINT('',(2.57269290449,-8.13));
#641 = CARTESIAN_POINT('',(2.501916639338,-8.13));
#642 = CARTESIAN_POINT('',(2.430986918555,-8.13));
#643 = CARTESIAN_POINT('',(2.359428248536,-8.13));
#644 = CARTESIAN_POINT('',(2.287890912705,-8.13));
#645 = CARTESIAN_POINT('',(2.216991652318,-8.13));
#646 = CARTESIAN_POINT('',(2.146232335433,-8.13));
#647 = CARTESIAN_POINT('',(2.075400358286,-8.13));
#648 = CARTESIAN_POINT('',(2.00426486058,-8.13));
#649 = CARTESIAN_POINT('',(1.932424876934,-8.13));
#650 = CARTESIAN_POINT('',(1.861319028743,-8.13));
#651 = CARTESIAN_POINT('',(1.790512172573,-8.13));
#652 = CARTESIAN_POINT('',(1.719757872004,-8.13));
#653 = CARTESIAN_POINT('',(1.64884133321,-8.13));
#654 = CARTESIAN_POINT('',(1.577255544429,-8.13));
#655 = CARTESIAN_POINT('',(1.505689494235,-8.13));
#656 = CARTESIAN_POINT('',(1.434801651843,-8.13));
#657 = CARTESIAN_POINT('',(1.364064071544,-8.13));
#658 = CARTESIAN_POINT('',(1.293250752811,-8.13));
#659 = CARTESIAN_POINT('',(1.222115439012,-8.13));
#660 = CARTESIAN_POINT('',(1.150230195006,-8.13));
#661 = CARTESIAN_POINT('',(1.079122348471,-8.13));
#662 = CARTESIAN_POINT('',(1.008333077159,-8.13));
#663 = CARTESIAN_POINT('',(0.937600936119,-8.13));
#664 = CARTESIAN_POINT('',(0.866698656432,-8.13));
#665 = CARTESIAN_POINT('',(0.795082296654,-8.13));
#666 = CARTESIAN_POINT('',(0.723498334442,-8.13));
#667 = CARTESIAN_POINT('',(0.652651456378,-8.13));
#668 = CARTESIAN_POINT('',(0.58196266051,-8.13));
#669 = CARTESIAN_POINT('',(0.511174796493,-8.13));
#670 = CARTESIAN_POINT('',(0.440013448771,-8.13));
#671 = CARTESIAN_POINT('',(0.367985667886,-8.13));
#672 = CARTESIAN_POINT('',(0.296919292885,-8.13));
#673 = CARTESIAN_POINT('',(0.226238766087,-8.13));
#674 = CARTESIAN_POINT('',(0.155629139325,-8.13));
#675 = CARTESIAN_POINT('',(8.469899763704E-02,-8.13));
#676 = CARTESIAN_POINT('',(3.696114999732E-02,-8.13));
#677 = CARTESIAN_POINT('',(1.291842111679E-02,-8.13));
#678 = ( GEOMETRIC_REPRESENTATION_CONTEXT(2) 
PARAMETRIC_REPRESENTATION_CONTEXT() REPRESENTATION_CONTEXT('2D SPACE',''
  ) );
#679 = ORIENTED_EDGE('',*,*,#680,.T.);
#680 = EDGE_CURVE('',#579,#681,#683,.T.);
#681 = VERTEX_POINT('',#682);
#682 = CARTESIAN_POINT('',(1.846474907394,23.33,4.522750162573));
#683 = SURFACE_CURVE('',#684,(#689,#697),.PCURVE_S1.);
#684 = B_SPLINE_CURVE_WITH_KNOTS('',3,(#685,#686,#687,#688),
  .UNSPECIFIED.,.F.,.F.,(4,4),(0.,4.068738859456E-03),
  .PIECEWISE_BEZIER_KNOTS.);
#685 = CARTESIAN_POINT('',(1.837190366498,23.33,4.510336080299));
#686 = CARTESIAN_POINT('',(1.840262353508,23.33,4.514498713585));
#687 = CARTESIAN_POINT('',(1.843356606884,23.33,4.518637190642));
#688 = CARTESIAN_POINT('',(1.846474907394,23.33,4.522750162573));
#689 = PCURVE('',#73,#690);
#690 = DEFINITIONAL_REPRESENTATION('',(#691),#696);
#691 = B_SPLINE_CURVE_WITH_KNOTS('',3,(#692,#693,#694,#695),
  .UNSPECIFIED.,.F.,.F.,(4,4),(0.,4.068738859456E-03),
  .PIECEWISE_BEZIER_KNOTS.);
#692 = CARTESIAN_POINT('',(-4.510117229984,1.83748689092));
#693 = CARTESIAN_POINT('',(-4.51427986327,1.84055887793));
#694 = CARTESIAN_POINT('',(-4.518418340327,1.843653131305));
#695 = CARTESIAN_POINT('',(-4.522531312258,1.846771431816));
#696 = ( GEOMETRIC_REPRESENTATION_CONTEXT(2) 
PARAMETRIC_REPRESENTATION_CONTEXT() REPRESENTATION_CONTEXT('2D SPACE',''
  ) );
#697 = PCURVE('',#624,#698);
#698 = DEFINITIONAL_REPRESENTATION('',(#699),#702);
#699 = B_SPLINE_CURVE_WITH_KNOTS('',1,(#700,#701),.UNSPECIFIED.,.F.,.F.,
  (2,2),(0.,4.068738859456E-03),.PIECEWISE_BEZIER_KNOTS.);
#700 = CARTESIAN_POINT('',(1.291842111679E-02,-8.13));
#701 = CARTESIAN_POINT('',(0.,-8.13));
#702 = ( GEOMETRIC_REPRESENTATION_CONTEXT(2) 
PARAMETRIC_REPRESENTATION_CONTEXT() REPRESENTATION_CONTEXT('2D SPACE',''
  ) );
#703 = ORIENTED_EDGE('',*,*,#704,.T.);
#704 = EDGE_CURVE('',#681,#705,#707,.T.);
#705 = VERTEX_POINT('',#706);
#706 = CARTESIAN_POINT('',(3.768264084039,23.33,3.085220542027));
#707 = SURFACE_CURVE('',#708,(#727,#749),.PCURVE_S1.);
#708 = B_SPLINE_CURVE_WITH_KNOTS('',3,(#709,#710,#711,#712,#713,#714,
    #715,#716,#717,#718,#719,#720,#721,#722,#723,#724,#725,#726),
  .UNSPECIFIED.,.F.,.F.,(4,2,2,2,2,2,2,2,4),(4.068738859456E-03,
    0.128560146502,0.253051554145,0.377542961787,0.50203436943,
    0.626525777072,0.751017184715,0.875508592357,1.),.UNSPECIFIED.);
#709 = CARTESIAN_POINT('',(1.846474907394,23.33,4.522750162573));
#710 = CARTESIAN_POINT('',(1.941829437974,23.33,4.648637592967));
#711 = CARTESIAN_POINT('',(2.059004769148,23.33,4.75250536651));
#712 = CARTESIAN_POINT('',(2.331022452951,23.33,4.912548271189));
#713 = CARTESIAN_POINT('',(2.479051354418,23.33,4.963920168935));
#714 = CARTESIAN_POINT('',(2.79162614189,23.33,5.008186798508));
#715 = CARTESIAN_POINT('',(2.947974477113,23.33,4.999270312927));
#716 = CARTESIAN_POINT('',(3.253904613652,23.33,4.921008119559));
#717 = CARTESIAN_POINT('',(3.394975650771,23.33,4.853216292917));
#718 = CARTESIAN_POINT('',(3.648036558459,23.33,4.664180344141));
#719 = CARTESIAN_POINT('',(3.752565534258,23.33,4.547807183064));
#720 = CARTESIAN_POINT('',(3.914493722529,23.33,4.276494863353));
#721 = CARTESIAN_POINT('',(3.966753503359,23.33,4.129151820422));
#722 = CARTESIAN_POINT('',(4.013031839008,23.33,3.816507237601));
#723 = CARTESIAN_POINT('',(4.005243945442,23.33,3.660638180282));
#724 = CARTESIAN_POINT('',(3.928723049606,23.33,3.35350777064));
#725 = CARTESIAN_POINT('',(3.862483245111,23.33,3.212890292829));
#726 = CARTESIAN_POINT('',(3.768264084039,23.33,3.085220542027));
#727 = PCURVE('',#73,#728);
#728 = DEFINITIONAL_REPRESENTATION('',(#729),#748);
#729 = B_SPLINE_CURVE_WITH_KNOTS('',3,(#730,#731,#732,#733,#734,#735,
    #736,#737,#738,#739,#740,#741,#742,#743,#744,#745,#746,#747),
  .UNSPECIFIED.,.F.,.F.,(4,2,2,2,2,2,2,2,4),(4.068738859456E-03,
    0.128560146502,0.253051554145,0.377542961787,0.50203436943,
    0.626525777072,0.751017184715,0.875508592357,1.),.UNSPECIFIED.);
#730 = CARTESIAN_POINT('',(-4.522531312258,1.846771431816));
#731 = CARTESIAN_POINT('',(-4.648418742652,1.942125962395));
#732 = CARTESIAN_POINT('',(-4.752286516195,2.059301293569));
#733 = CARTESIAN_POINT('',(-4.912329420874,2.331318977372));
#734 = CARTESIAN_POINT('',(-4.96370131862,2.479347878839));
#735 = CARTESIAN_POINT('',(-5.007967948193,2.791922666311));
#736 = CARTESIAN_POINT('',(-4.999051462612,2.948271001534));
#737 = CARTESIAN_POINT('',(-4.920789269244,3.254201138073));
#738 = CARTESIAN_POINT('',(-4.852997442602,3.395272175193));
#739 = CARTESIAN_POINT('',(-4.663961493826,3.64833308288));
#740 = CARTESIAN_POINT('',(-4.547588332749,3.75286205868));
#741 = CARTESIAN_POINT('',(-4.276276013038,3.914790246951));
#742 = CARTESIAN_POINT('',(-4.128932970107,3.96705002778));
#743 = CARTESIAN_POINT('',(-3.816288387286,4.01332836343));
#744 = CARTESIAN_POINT('',(-3.660419329967,4.005540469864));
#745 = CARTESIAN_POINT('',(-3.353288920325,3.929019574028));
#746 = CARTESIAN_POINT('',(-3.212671442514,3.862779769533));
#747 = CARTESIAN_POINT('',(-3.085001691712,3.76856060846));
#748 = ( GEOMETRIC_REPRESENTATION_CONTEXT(2) 
PARAMETRIC_REPRESENTATION_CONTEXT() REPRESENTATION_CONTEXT('2D SPACE',''
  ) );
#749 = PCURVE('',#750,#755);
#750 = CYLINDRICAL_SURFACE('',#751,1.2);
#751 = AXIS2_PLACEMENT_3D('',#752,#753,#754);
#752 = CARTESIAN_POINT('',(2.802727225269,15.2,3.797778311163));
#753 = DIRECTION('',(0.,-1.,0.));
#754 = DIRECTION('',(-0.796876189575,0.,0.604142647468));
#755 = DEFINITIONAL_REPRESENTATION('',(#756),#804);
#756 = B_SPLINE_CURVE_WITH_KNOTS('',3,(#757,#758,#759,#760,#761,#762,
    #763,#764,#765,#766,#767,#768,#769,#770,#771,#772,#773,#774,#775,
    #776,#777,#778,#779,#780,#781,#782,#783,#784,#785,#786,#787,#788,
    #789,#790,#791,#792,#793,#794,#795,#796,#797,#798,#799,#800,#801,
    #802,#803),.UNSPECIFIED.,.F.,.F.,(4,1,1,1,1,1,1,1,1,1,1,1,1,1,1,1,1,
    1,1,1,1,1,1,1,1,1,1,1,1,1,1,1,1,1,1,1,1,1,1,1,1,1,1,1,4),(
    4.068738859456E-03,2.670354024901E-02,4.933834163857E-02,
    7.197314302813E-02,9.460794441769E-02,0.117242745807,0.139877547197,
    0.162512348586,0.185147149976,0.207781951365,0.230416752755,
    0.253051554145,0.275686355534,0.298321156924,0.320955958313,
    0.343590759703,0.366225561092,0.388860362482,0.411495163871,
    0.434129965261,0.456764766651,0.47939956804,0.50203436943,
    0.524669170819,0.547303972209,0.569938773598,0.592573574988,
    0.615208376378,0.637843177767,0.660477979157,0.683112780546,
    0.705747581936,0.728382383325,0.751017184715,0.773651986104,
    0.796286787494,0.818921588884,0.841556390273,0.864191191663,
    0.886825993052,0.909460794442,0.932095595831,0.954730397221,
    0.97736519861,1.),.QUASI_UNIFORM_KNOTS.);
#757 = CARTESIAN_POINT('',(6.283185307568,-8.13));
#758 = CARTESIAN_POINT('',(6.259257064673,-8.13));
#759 = CARTESIAN_POINT('',(6.211644007497,-8.13));
#760 = CARTESIAN_POINT('',(6.140689642943,-8.13));
#761 = CARTESIAN_POINT('',(6.06993965667,-8.13));
#762 = CARTESIAN_POINT('',(5.999118429751,-8.13));
#763 = CARTESIAN_POINT('',(5.92801027529,-8.13));
#764 = CARTESIAN_POINT('',(5.856213345822,-8.13));
#765 = CARTESIAN_POINT('',(5.785109782089,-8.13));
#766 = CARTESIAN_POINT('',(5.71428555808,-8.13));
#767 = CARTESIAN_POINT('',(5.643509292928,-8.13));
#768 = CARTESIAN_POINT('',(5.572579572145,-8.13));
#769 = CARTESIAN_POINT('',(5.501020902126,-8.13));
#770 = CARTESIAN_POINT('',(5.429483566295,-8.13));
#771 = CARTESIAN_POINT('',(5.358584305908,-8.13));
#772 = CARTESIAN_POINT('',(5.287824989023,-8.13));
#773 = CARTESIAN_POINT('',(5.216993011876,-8.13));
#774 = CARTESIAN_POINT('',(5.14585751417,-8.13));
#775 = CARTESIAN_POINT('',(5.074017530524,-8.13));
#776 = CARTESIAN_POINT('',(5.002911682333,-8.13));
#777 = CARTESIAN_POINT('',(4.932104826163,-8.13));
#778 = CARTESIAN_POINT('',(4.861350525594,-8.13));
#779 = CARTESIAN_POINT('',(4.7904339868,-8.13));
#780 = CARTESIAN_POINT('',(4.718848198018,-8.13));
#781 = CARTESIAN_POINT('',(4.647282147824,-8.13));
#782 = CARTESIAN_POINT('',(4.576394305432,-8.13));
#783 = CARTESIAN_POINT('',(4.505656725134,-8.13));
#784 = CARTESIAN_POINT('',(4.434843406401,-8.13));
#785 = CARTESIAN_POINT('',(4.363708092602,-8.13));
#786 = CARTESIAN_POINT('',(4.291822848595,-8.13));
#787 = CARTESIAN_POINT('',(4.220715002061,-8.13));
#788 = CARTESIAN_POINT('',(4.149925730749,-8.13));
#789 = CARTESIAN_POINT('',(4.079193589709,-8.13));
#790 = CARTESIAN_POINT('',(4.008291310022,-8.13));
#791 = CARTESIAN_POINT('',(3.936674950244,-8.13));
#792 = CARTESIAN_POINT('',(3.865090988032,-8.13));
#793 = CARTESIAN_POINT('',(3.794244109968,-8.13));
#794 = CARTESIAN_POINT('',(3.7235553141,-8.13));
#795 = CARTESIAN_POINT('',(3.652767450083,-8.13));
#796 = CARTESIAN_POINT('',(3.58160610236,-8.13));
#797 = CARTESIAN_POINT('',(3.509578321476,-8.13));
#798 = CARTESIAN_POINT('',(3.438511946474,-8.13));
#799 = CARTESIAN_POINT('',(3.367831419676,-8.13));
#800 = CARTESIAN_POINT('',(3.297221792915,-8.13));
#801 = CARTESIAN_POINT('',(3.226291651227,-8.13));
#802 = CARTESIAN_POINT('',(3.178553803587,-8.13));
#803 = CARTESIAN_POINT('',(3.154511074707,-8.13));
#804 = ( GEOMETRIC_REPRESENTATION_CONTEXT(2) 
PARAMETRIC_REPRESENTATION_CONTEXT() REPRESENTATION_CONTEXT('2D SPACE',''
  ) );
#805 = ORIENTED_EDGE('',*,*,#806,.T.);
#806 = EDGE_CURVE('',#705,#577,#807,.T.);
#807 = SURFACE_CURVE('',#808,(#813,#821),.PCURVE_S1.);
#808 = B_SPLINE_CURVE_WITH_KNOTS('',3,(#809,#810,#811,#812),
  .UNSPECIFIED.,.F.,.F.,(4,4),(0.,4.068738859457E-03),
  .PIECEWISE_BEZIER_KNOTS.);
#809 = CARTESIAN_POINT('',(3.768264084039,23.33,3.085220542027));
#810 = CARTESIAN_POINT('',(3.765192097029,23.33,3.081057908741));
#811 = CARTESIAN_POINT('',(3.762097843653,23.33,3.076919431683));
#812 = CARTESIAN_POINT('',(3.758979543143,23.33,3.072806459752));
#813 = PCURVE('',#73,#814);
#814 = DEFINITIONAL_REPRESENTATION('',(#815),#820);
#815 = B_SPLINE_CURVE_WITH_KNOTS('',3,(#816,#817,#818,#819),
  .UNSPECIFIED.,.F.,.F.,(4,4),(0.,4.068738859457E-03),
  .PIECEWISE_BEZIER_KNOTS.);
#816 = CARTESIAN_POINT('',(-3.085001691712,3.76856060846));
#817 = CARTESIAN_POINT('',(-3.080839058426,3.76548862145));
#818 = CARTESIAN_POINT('',(-3.076700581368,3.762394368075));
#819 = CARTESIAN_POINT('',(-3.072587609437,3.759276067564));
#820 = ( GEOMETRIC_REPRESENTATION_CONTEXT(2) 
PARAMETRIC_REPRESENTATION_CONTEXT() REPRESENTATION_CONTEXT('2D SPACE',''
  ) );
#821 = PCURVE('',#750,#822);
#822 = DEFINITIONAL_REPRESENTATION('',(#823),#826);
#823 = B_SPLINE_CURVE_WITH_KNOTS('',1,(#824,#825),.UNSPECIFIED.,.F.,.F.,
  (2,2),(0.,4.068738859457E-03),.PIECEWISE_BEZIER_KNOTS.);
#824 = CARTESIAN_POINT('',(3.154511074707,-8.13));
#825 = CARTESIAN_POINT('',(3.141592653979,-8.13));
#826 = ( GEOMETRIC_REPRESENTATION_CONTEXT(2) 
PARAMETRIC_REPRESENTATION_CONTEXT() REPRESENTATION_CONTEXT('2D SPACE',''
  ) );
#827 = FACE_BOUND('',#828,.T.);
#828 = EDGE_LOOP('',(#829,#887,#1022,#1078));
#829 = ORIENTED_EDGE('',*,*,#830,.T.);
#830 = EDGE_CURVE('',#831,#833,#835,.T.);
#831 = VERTEX_POINT('',#832);
#832 = CARTESIAN_POINT('',(-1.997226730552,23.33,0.114290541357));
#833 = VERTEX_POINT('',#834);
#834 = CARTESIAN_POINT('',(-1.609524622372,23.33,1.187815132208));
#835 = SURFACE_CURVE('',#836,(#843,#853),.PCURVE_S1.);
#836 = B_SPLINE_CURVE_WITH_KNOTS('',3,(#837,#838,#839,#840,#841,#842),
  .UNSPECIFIED.,.F.,.F.,(4,2,4),(0.815857603812,0.907928801906,1.),
  .UNSPECIFIED.);
#837 = CARTESIAN_POINT('',(-1.997226730552,23.33,0.114290541357));
#838 = CARTESIAN_POINT('',(-1.986417605258,23.33,0.305608053313));
#839 = CARTESIAN_POINT('',(-1.946523146933,23.33,0.499342542015));
#840 = CARTESIAN_POINT('',(-1.816222735338,23.33,0.861367150002));
#841 = CARTESIAN_POINT('',(-1.725606629083,23.33,1.030520578735));
#842 = CARTESIAN_POINT('',(-1.609524622372,23.33,1.187815132208));
#843 = PCURVE('',#73,#844);
#844 = DEFINITIONAL_REPRESENTATION('',(#845),#852);
#845 = B_SPLINE_CURVE_WITH_KNOTS('',3,(#846,#847,#848,#849,#850,#851),
  .UNSPECIFIED.,.F.,.F.,(4,2,4),(0.815857603812,0.907928801906,1.),
  .UNSPECIFIED.);
#846 = CARTESIAN_POINT('',(-0.114071691042,-1.99693020613));
#847 = CARTESIAN_POINT('',(-0.305389202998,-1.986121080837));
#848 = CARTESIAN_POINT('',(-0.4991236917,-1.946226622512));
#849 = CARTESIAN_POINT('',(-0.861148299687,-1.815926210917));
#850 = CARTESIAN_POINT('',(-1.03030172842,-1.725310104662));
#851 = CARTESIAN_POINT('',(-1.187596281893,-1.60922809795));
#852 = ( GEOMETRIC_REPRESENTATION_CONTEXT(2) 
PARAMETRIC_REPRESENTATION_CONTEXT() REPRESENTATION_CONTEXT('2D SPACE',''
  ) );
#853 = PCURVE('',#854,#859);
#854 = CYLINDRICAL_SURFACE('',#855,2.);
#855 = AXIS2_PLACEMENT_3D('',#856,#857,#858);
#856 = CARTESIAN_POINT('',(-2.965244213474E-04,24.93,2.1885031502E-04));
#857 = DIRECTION('',(0.,1.,0.));
#858 = DIRECTION('',(-0.998372435418,0.,5.703051988454E-02));
#859 = DEFINITIONAL_REPRESENTATION('',(#860),#886);
#860 = B_SPLINE_CURVE_WITH_KNOTS('',3,(#861,#862,#863,#864,#865,#866,
    #867,#868,#869,#870,#871,#872,#873,#874,#875,#876,#877,#878,#879,
    #880,#881,#882,#883,#884,#885),.UNSPECIFIED.,.F.,.F.,(4,1,1,1,1,1,1,
    1,1,1,1,1,1,1,1,1,1,1,1,1,1,1,4),(0.815857603812,0.82422771273,
    0.832597821647,0.840967930565,0.849338039483,0.8577081484,
    0.866078257318,0.874448366235,0.882818475153,0.891188584071,
    0.899558692988,0.907928801906,0.916298910824,0.924669019741,
    0.933039128659,0.941409237577,0.949779346494,0.958149455412,
    0.966519564329,0.974889673247,0.983259782165,0.991629891082,1.),
  .QUASI_UNIFORM_KNOTS.);
#861 = CARTESIAN_POINT('',(3.20815821775E-08,-1.6));
#862 = CARTESIAN_POINT('',(8.709264682554E-03,-1.6));
#863 = CARTESIAN_POINT('',(2.616138797414E-02,-1.6));
#864 = CARTESIAN_POINT('',(5.242493734173E-02,-1.6));
#865 = CARTESIAN_POINT('',(7.875856550001E-02,-1.6));
#866 = CARTESIAN_POINT('',(0.105145852112,-1.6));
#867 = CARTESIAN_POINT('',(0.131569830425,-1.6));
#868 = CARTESIAN_POINT('',(0.158013045158,-1.6));
#869 = CARTESIAN_POINT('',(0.184457722559,-1.6));
#870 = CARTESIAN_POINT('',(0.210886050213,-1.6));
#871 = CARTESIAN_POINT('',(0.23727992286,-1.6));
#872 = CARTESIAN_POINT('',(0.263622720168,-1.6));
#873 = CARTESIAN_POINT('',(0.289893484678,-1.6));
#874 = CARTESIAN_POINT('',(0.316089449568,-1.6));
#875 = CARTESIAN_POINT('',(0.342243136098,-1.6));
#876 = CARTESIAN_POINT('',(0.368369612319,-1.6));
#877 = CARTESIAN_POINT('',(0.394488772318,-1.6));
#878 = CARTESIAN_POINT('',(0.420619273311,-1.6));
#879 = CARTESIAN_POINT('',(0.446780068029,-1.6));
#880 = CARTESIAN_POINT('',(0.472989900093,-1.6));
#881 = CARTESIAN_POINT('',(0.499267349072,-1.6));
#882 = CARTESIAN_POINT('',(0.525630705684,-1.6));
#883 = CARTESIAN_POINT('',(0.552097963665,-1.6));
#884 = CARTESIAN_POINT('',(0.569823652618,-1.6));
#885 = CARTESIAN_POINT('',(0.578709634858,-1.6));
#886 = ( GEOMETRIC_REPRESENTATION_CONTEXT(2) 
PARAMETRIC_REPRESENTATION_CONTEXT() REPRESENTATION_CONTEXT('2D SPACE',''
  ) );
#887 = ORIENTED_EDGE('',*,*,#888,.T.);
#888 = EDGE_CURVE('',#833,#889,#891,.T.);
#889 = VERTEX_POINT('',#890);
#890 = CARTESIAN_POINT('',(1.996633681709,23.33,-0.113852840727));
#891 = SURFACE_CURVE('',#892,(#919,#949),.PCURVE_S1.);
#892 = B_SPLINE_CURVE_WITH_KNOTS('',3,(#893,#894,#895,#896,#897,#898,
    #899,#900,#901,#902,#903,#904,#905,#906,#907,#908,#909,#910,#911,
    #912,#913,#914,#915,#916,#917,#918),.UNSPECIFIED.,.F.,.F.,(4,2,2,2,2
    ,2,2,2,2,2,2,2,4),(0.,0.101982200476,0.152973300715,0.203964400953,
    0.305946601429,0.356937701668,0.407928801906,0.458919902144,
    0.509911002382,0.611893202859,0.713875403335,0.764866503574,
    0.815857603812),.UNSPECIFIED.);
#893 = CARTESIAN_POINT('',(-1.609524622372,23.33,1.187815132208));
#894 = CARTESIAN_POINT('',(-1.481131631989,23.33,1.361791432786));
#895 = CARTESIAN_POINT('',(-1.329474390834,23.33,1.510406177204));
#896 = CARTESIAN_POINT('',(-1.067092152942,23.33,1.695285959593));
#897 = CARTESIAN_POINT('',(-0.973386371011,23.33,1.750836121517));
#898 = CARTESIAN_POINT('',(-0.78180698553,23.33,1.844684481086));
#899 = CARTESIAN_POINT('',(-0.683038976734,23.33,1.883529927301));
#900 = CARTESIAN_POINT('',(-0.37780000218,23.33,1.975830065236));
#901 = CARTESIAN_POINT('',(-0.160196803269,23.33,2.005398778724));
#902 = CARTESIAN_POINT('',(0.158049823117,23.33,1.997165307977));
#903 = CARTESIAN_POINT('',(0.263792039666,23.33,1.985817288923));
#904 = CARTESIAN_POINT('',(0.47459648827,23.33,1.945914193207));
#905 = CARTESIAN_POINT('',(0.579518752679,23.33,1.917394757776));
#906 = CARTESIAN_POINT('',(0.779944659945,23.33,1.845249159439));
#907 = CARTESIAN_POINT('',(0.876551073766,23.33,1.801357845501));
#908 = CARTESIAN_POINT('',(1.062550821787,23.33,1.697938188084));
#909 = CARTESIAN_POINT('',(1.152792914701,23.33,1.637791818896));
#910 = CARTESIAN_POINT('',(1.406261915011,23.33,1.438587562126));
#911 = CARTESIAN_POINT('',(1.549945151018,23.33,1.282411913332));
#912 = CARTESIAN_POINT('',(1.78671942797,23.33,0.923314993851));
#913 = CARTESIAN_POINT('',(1.875553323952,23.33,0.727357151438));
#914 = CARTESIAN_POINT('',(1.958432012189,23.33,0.418644853415));
#915 = CARTESIAN_POINT('',(1.978157291162,23.33,0.31163663742));
#916 = CARTESIAN_POINT('',(2.00039344729,23.33,9.837658434004E-02));
#917 = CARTESIAN_POINT('',(2.002907996549,23.33,-7.913449953323E-03));
#918 = CARTESIAN_POINT('',(1.996633681709,23.33,-0.113852840727));
#919 = PCURVE('',#73,#920);
#920 = DEFINITIONAL_REPRESENTATION('',(#921),#948);
#921 = B_SPLINE_CURVE_WITH_KNOTS('',3,(#922,#923,#924,#925,#926,#927,
    #928,#929,#930,#931,#932,#933,#934,#935,#936,#937,#938,#939,#940,
    #941,#942,#943,#944,#945,#946,#947),.UNSPECIFIED.,.F.,.F.,(4,2,2,2,2
    ,2,2,2,2,2,2,2,4),(0.,0.101982200476,0.152973300715,0.203964400953,
    0.305946601429,0.356937701668,0.407928801906,0.458919902144,
    0.509911002382,0.611893202859,0.713875403335,0.764866503574,
    0.815857603812),.UNSPECIFIED.);
#922 = CARTESIAN_POINT('',(-1.187596281893,-1.60922809795));
#923 = CARTESIAN_POINT('',(-1.361572582471,-1.480835107568));
#924 = CARTESIAN_POINT('',(-1.510187326889,-1.329177866413));
#925 = CARTESIAN_POINT('',(-1.695067109278,-1.066795628521));
#926 = CARTESIAN_POINT('',(-1.750617271202,-0.973089846589));
#927 = CARTESIAN_POINT('',(-1.844465630771,-0.781510461108));
#928 = CARTESIAN_POINT('',(-1.883311076986,-0.682742452313));
#929 = CARTESIAN_POINT('',(-1.97561121492,-0.377503477758));
#930 = CARTESIAN_POINT('',(-2.005179928409,-0.159900278848));
#931 = CARTESIAN_POINT('',(-1.996946457662,0.158346347538));
#932 = CARTESIAN_POINT('',(-1.985598438608,0.264088564087));
#933 = CARTESIAN_POINT('',(-1.945695342892,0.474893012691));
#934 = CARTESIAN_POINT('',(-1.917175907461,0.5798152771));
#935 = CARTESIAN_POINT('',(-1.845030309124,0.780241184366));
#936 = CARTESIAN_POINT('',(-1.801138995186,0.876847598188));
#937 = CARTESIAN_POINT('',(-1.697719337769,1.062847346209));
#938 = CARTESIAN_POINT('',(-1.637572968581,1.153089439122));
#939 = CARTESIAN_POINT('',(-1.438368711811,1.406558439432));
#940 = CARTESIAN_POINT('',(-1.282193063017,1.55024167544));
#941 = CARTESIAN_POINT('',(-0.923096143536,1.787015952391));
#942 = CARTESIAN_POINT('',(-0.727138301123,1.875849848374));
#943 = CARTESIAN_POINT('',(-0.4184260031,1.95872853661));
#944 = CARTESIAN_POINT('',(-0.311417787105,1.978453815584));
#945 = CARTESIAN_POINT('',(-9.815773402502E-02,2.000689971711));
#946 = CARTESIAN_POINT('',(8.132300268343E-03,2.003204520971));
#947 = CARTESIAN_POINT('',(0.114071691042,1.99693020613));
#948 = ( GEOMETRIC_REPRESENTATION_CONTEXT(2) 
PARAMETRIC_REPRESENTATION_CONTEXT() REPRESENTATION_CONTEXT('2D SPACE',''
  ) );
#949 = PCURVE('',#854,#950);
#950 = DEFINITIONAL_REPRESENTATION('',(#951),#1021);
#951 = B_SPLINE_CURVE_WITH_KNOTS('',3,(#952,#953,#954,#955,#956,#957,
    #958,#959,#960,#961,#962,#963,#964,#965,#966,#967,#968,#969,#970,
    #971,#972,#973,#974,#975,#976,#977,#978,#979,#980,#981,#982,#983,
    #984,#985,#986,#987,#988,#989,#990,#991,#992,#993,#994,#995,#996,
    #997,#998,#999,#1000,#1001,#1002,#1003,#1004,#1005,#1006,#1007,#1008
    ,#1009,#1010,#1011,#1012,#1013,#1014,#1015,#1016,#1017,#1018,#1019,
    #1020),.UNSPECIFIED.,.F.,.F.,(4,1,1,1,1,1,1,1,1,1,1,1,1,1,1,1,1,1,1,
    1,1,1,1,1,1,1,1,1,1,1,1,1,1,1,1,1,1,1,1,1,1,1,1,1,1,1,1,1,1,1,1,1,1,
    1,1,1,1,1,1,1,1,1,1,1,1,1,4),(0.,1.236147884564E-02,
    2.472295769127E-02,3.708443653691E-02,4.944591538254E-02,
    6.180739422818E-02,7.416887307381E-02,8.653035191945E-02,
    9.889183076508E-02,0.111253309611,0.123614788456,0.135976267302,
    0.148337746148,0.160699224993,0.173060703839,0.185422182685,
    0.19778366153,0.210145140376,0.222506619221,0.234868098067,
    0.247229576913,0.259591055758,0.271952534604,0.28431401345,
    0.296675492295,0.309036971141,0.321398449987,0.333759928832,
    0.346121407678,0.358482886523,0.370844365369,0.383205844215,
    0.39556732306,0.407928801906,0.420290280752,0.432651759597,
    0.445013238443,0.457374717289,0.469736196134,0.48209767498,
    0.494459153825,0.506820632671,0.519182111517,0.531543590362,
    0.543905069208,0.556266548054,0.568628026899,0.580989505745,
    0.59335098459,0.605712463436,0.618073942282,0.630435421127,
    0.642796899973,0.655158378819,0.667519857664,0.67988133651,
    0.692242815356,0.704604294201,0.716965773047,0.729327251892,
    0.741688730738,0.754050209584,0.766411688429,0.778773167275,
    0.791134646121,0.803496124966,0.815857603812),
  .QUASI_UNIFORM_KNOTS.);
#952 = CARTESIAN_POINT('',(0.578709634858,-1.6));
#953 = CARTESIAN_POINT('',(0.591814247285,-1.6));
#954 = CARTESIAN_POINT('',(0.617925957192,-1.6));
#955 = CARTESIAN_POINT('',(0.656858617808,-1.6));
#956 = CARTESIAN_POINT('',(0.695613366974,-1.6));
#957 = CARTESIAN_POINT('',(0.734249464771,-1.6));
#958 = CARTESIAN_POINT('',(0.772827221342,-1.6));
#959 = CARTESIAN_POINT('',(0.811406633234,-1.6));
#960 = CARTESIAN_POINT('',(0.850050885857,-1.6));
#961 = CARTESIAN_POINT('',(0.888810611989,-1.6));
#962 = CARTESIAN_POINT('',(0.927780257188,-1.6));
#963 = CARTESIAN_POINT('',(0.966947009429,-1.6));
#964 = CARTESIAN_POINT('',(1.006124249312,-1.6));
#965 = CARTESIAN_POINT('',(1.045172376577,-1.6));
#966 = CARTESIAN_POINT('',(1.083917211507,-1.6));
#967 = CARTESIAN_POINT('',(1.122557232369,-1.6));
#968 = CARTESIAN_POINT('',(1.161133256045,-1.6));
#969 = CARTESIAN_POINT('',(1.199711507135,-1.6));
#970 = CARTESIAN_POINT('',(1.23835051821,-1.6));
#971 = CARTESIAN_POINT('',(1.277174049726,-1.6));
#972 = CARTESIAN_POINT('',(1.316114005821,-1.6));
#973 = CARTESIAN_POINT('',(1.355127502896,-1.6));
#974 = CARTESIAN_POINT('',(1.394162648986,-1.6));
#975 = CARTESIAN_POINT('',(1.433170430297,-1.6));
#976 = CARTESIAN_POINT('',(1.472097940371,-1.6));
#977 = CARTESIAN_POINT('',(1.510910173848,-1.6));
#978 = CARTESIAN_POINT('',(1.549516116586,-1.6));
#979 = CARTESIAN_POINT('',(1.588083958875,-1.6));
#980 = CARTESIAN_POINT('',(1.626715903522,-1.6));
#981 = CARTESIAN_POINT('',(1.665458698652,-1.6));
#982 = CARTESIAN_POINT('',(1.704384712609,-1.6));
#983 = CARTESIAN_POINT('',(1.743511776093,-1.6));
#984 = CARTESIAN_POINT('',(1.782685853752,-1.6));
#985 = CARTESIAN_POINT('',(1.821790538123,-1.6));
#986 = CARTESIAN_POINT('',(1.860660917554,-1.6));
#987 = CARTESIAN_POINT('',(1.899298642501,-1.6));
#988 = CARTESIAN_POINT('',(1.93788838517,-1.6));
#989 = CARTESIAN_POINT('',(1.97646280896,-1.6));
#990 = CARTESIAN_POINT('',(2.015070423593,-1.6));
#991 = CARTESIAN_POINT('',(2.053849005341,-1.6));
#992 = CARTESIAN_POINT('',(2.092878766652,-1.6));
#993 = CARTESIAN_POINT('',(2.132011459364,-1.6));
#994 = CARTESIAN_POINT('',(2.171165835126,-1.6));
#995 = CARTESIAN_POINT('',(2.210198407265,-1.6));
#996 = CARTESIAN_POINT('',(2.24900293658,-1.6));
#997 = CARTESIAN_POINT('',(2.287675067807,-1.6));
#998 = CARTESIAN_POINT('',(2.326264866448,-1.6));
#999 = CARTESIAN_POINT('',(2.364835895772,-1.6));
#1000 = CARTESIAN_POINT('',(2.403447408214,-1.6));
#1001 = CARTESIAN_POINT('',(2.442163390589,-1.6));
#1002 = CARTESIAN_POINT('',(2.481031104498,-1.6));
#1003 = CARTESIAN_POINT('',(2.520154739547,-1.6));
#1004 = CARTESIAN_POINT('',(2.559144079208,-1.6));
#1005 = CARTESIAN_POINT('',(2.59805096255,-1.6));
#1006 = CARTESIAN_POINT('',(2.63688092122,-1.6));
#1007 = CARTESIAN_POINT('',(2.675652866296,-1.6));
#1008 = CARTESIAN_POINT('',(2.714384961784,-1.6));
#1009 = CARTESIAN_POINT('',(2.753091948405,-1.6));
#1010 = CARTESIAN_POINT('',(2.791810462512,-1.6));
#1011 = CARTESIAN_POINT('',(2.830500901096,-1.6));
#1012 = CARTESIAN_POINT('',(2.869469302006,-1.6));
#1013 = CARTESIAN_POINT('',(2.908617489228,-1.6));
#1014 = CARTESIAN_POINT('',(2.947798808217,-1.6));
#1015 = CARTESIAN_POINT('',(2.986870339013,-1.6));
#1016 = CARTESIAN_POINT('',(3.025717926046,-1.6));
#1017 = CARTESIAN_POINT('',(3.064414442446,-1.6));
#1018 = CARTESIAN_POINT('',(3.103016261406,-1.6));
#1019 = CARTESIAN_POINT('',(3.128730402308,-1.6));
#1020 = CARTESIAN_POINT('',(3.141592685671,-1.6));
#1021 = ( GEOMETRIC_REPRESENTATION_CONTEXT(2) 
PARAMETRIC_REPRESENTATION_CONTEXT() REPRESENTATION_CONTEXT('2D SPACE',''
  ) );
#1022 = ORIENTED_EDGE('',*,*,#1023,.T.);
#1023 = EDGE_CURVE('',#889,#1024,#1026,.T.);
#1024 = VERTEX_POINT('',#1025);
#1025 = CARTESIAN_POINT('',(1.608931573529,23.33,-1.187377431578));
#1026 = SURFACE_CURVE('',#1027,(#1034,#1044),.PCURVE_S1.);
#1027 = B_SPLINE_CURVE_WITH_KNOTS('',3,(#1028,#1029,#1030,#1031,#1032,
    #1033),.UNSPECIFIED.,.F.,.F.,(4,2,4),(0.815857603812,0.907928801906,
    1.),.UNSPECIFIED.);
#1028 = CARTESIAN_POINT('',(1.996633681709,23.33,-0.113852840727));
#1029 = CARTESIAN_POINT('',(1.985824556416,23.33,-0.305170352683));
#1030 = CARTESIAN_POINT('',(1.94593009809,23.33,-0.498904841385));
#1031 = CARTESIAN_POINT('',(1.815629686495,23.33,-0.860929449372));
#1032 = CARTESIAN_POINT('',(1.725013580241,23.33,-1.030082878105));
#1033 = CARTESIAN_POINT('',(1.608931573529,23.33,-1.187377431578));
#1034 = PCURVE('',#73,#1035);
#1035 = DEFINITIONAL_REPRESENTATION('',(#1036),#1043);
#1036 = B_SPLINE_CURVE_WITH_KNOTS('',3,(#1037,#1038,#1039,#1040,#1041,
    #1042),.UNSPECIFIED.,.F.,.F.,(4,2,4),(0.815857603812,0.907928801906,
    1.),.UNSPECIFIED.);
#1037 = CARTESIAN_POINT('',(0.114071691042,1.99693020613));
#1038 = CARTESIAN_POINT('',(0.305389202998,1.986121080837));
#1039 = CARTESIAN_POINT('',(0.4991236917,1.946226622512));
#1040 = CARTESIAN_POINT('',(0.861148299687,1.815926210917));
#1041 = CARTESIAN_POINT('',(1.03030172842,1.725310104662));
#1042 = CARTESIAN_POINT('',(1.187596281893,1.60922809795));
#1043 = ( GEOMETRIC_REPRESENTATION_CONTEXT(2) 
PARAMETRIC_REPRESENTATION_CONTEXT() REPRESENTATION_CONTEXT('2D SPACE',''
  ) );
#1044 = PCURVE('',#1045,#1050);
#1045 = CYLINDRICAL_SURFACE('',#1046,2.);
#1046 = AXIS2_PLACEMENT_3D('',#1047,#1048,#1049);
#1047 = CARTESIAN_POINT('',(-2.965244213474E-04,24.93,2.1885031502E-04)
  );
#1048 = DIRECTION('',(0.,1.,0.));
#1049 = DIRECTION('',(-0.998372435418,0.,5.703051988454E-02));
#1050 = DEFINITIONAL_REPRESENTATION('',(#1051),#1077);
#1051 = B_SPLINE_CURVE_WITH_KNOTS('',3,(#1052,#1053,#1054,#1055,#1056,
    #1057,#1058,#1059,#1060,#1061,#1062,#1063,#1064,#1065,#1066,#1067,
    #1068,#1069,#1070,#1071,#1072,#1073,#1074,#1075,#1076),
  .UNSPECIFIED.,.F.,.F.,(4,1,1,1,1,1,1,1,1,1,1,1,1,1,1,1,1,1,1,1,1,1,4),
  (0.815857603812,0.82422771273,0.832597821647,0.840967930565,
    0.849338039482,0.8577081484,0.866078257318,0.874448366235,
    0.882818475153,0.891188584071,0.899558692988,0.907928801906,
    0.916298910824,0.924669019741,0.933039128659,0.941409237577,
    0.949779346494,0.958149455412,0.966519564329,0.974889673247,
    0.983259782165,0.991629891082,1.),.QUASI_UNIFORM_KNOTS.);
#1052 = CARTESIAN_POINT('',(3.141592685671,-1.6));
#1053 = CARTESIAN_POINT('',(3.150301918272,-1.6));
#1054 = CARTESIAN_POINT('',(3.167754041564,-1.6));
#1055 = CARTESIAN_POINT('',(3.194017590932,-1.6));
#1056 = CARTESIAN_POINT('',(3.22035121909,-1.6));
#1057 = CARTESIAN_POINT('',(3.246738505702,-1.6));
#1058 = CARTESIAN_POINT('',(3.273162484014,-1.6));
#1059 = CARTESIAN_POINT('',(3.299605698748,-1.6));
#1060 = CARTESIAN_POINT('',(3.326050376149,-1.6));
#1061 = CARTESIAN_POINT('',(3.352478703803,-1.6));
#1062 = CARTESIAN_POINT('',(3.378872576449,-1.6));
#1063 = CARTESIAN_POINT('',(3.405215373758,-1.6));
#1064 = CARTESIAN_POINT('',(3.431486138268,-1.6));
#1065 = CARTESIAN_POINT('',(3.457682103157,-1.6));
#1066 = CARTESIAN_POINT('',(3.483835789688,-1.6));
#1067 = CARTESIAN_POINT('',(3.509962265909,-1.6));
#1068 = CARTESIAN_POINT('',(3.536081425908,-1.6));
#1069 = CARTESIAN_POINT('',(3.562211926901,-1.6));
#1070 = CARTESIAN_POINT('',(3.588372721619,-1.6));
#1071 = CARTESIAN_POINT('',(3.614582553683,-1.6));
#1072 = CARTESIAN_POINT('',(3.640860002661,-1.6));
#1073 = CARTESIAN_POINT('',(3.667223359274,-1.6));
#1074 = CARTESIAN_POINT('',(3.693690617254,-1.6));
#1075 = CARTESIAN_POINT('',(3.711416306208,-1.6));
#1076 = CARTESIAN_POINT('',(3.720302288448,-1.6));
#1077 = ( GEOMETRIC_REPRESENTATION_CONTEXT(2) 
PARAMETRIC_REPRESENTATION_CONTEXT() REPRESENTATION_CONTEXT('2D SPACE',''
  ) );
#1078 = ORIENTED_EDGE('',*,*,#1079,.T.);
#1079 = EDGE_CURVE('',#1024,#831,#1080,.T.);
#1080 = SURFACE_CURVE('',#1081,(#1108,#1138),.PCURVE_S1.);
#1081 = B_SPLINE_CURVE_WITH_KNOTS('',3,(#1082,#1083,#1084,#1085,#1086,
    #1087,#1088,#1089,#1090,#1091,#1092,#1093,#1094,#1095,#1096,#1097,
    #1098,#1099,#1100,#1101,#1102,#1103,#1104,#1105,#1106,#1107),
  .UNSPECIFIED.,.F.,.F.,(4,2,2,2,2,2,2,2,2,2,2,2,4),(0.,0.101982200476,
    0.152973300715,0.203964400953,0.305946601429,0.356937701668,
    0.407928801906,0.458919902144,0.509911002382,0.611893202859,
    0.713875403335,0.764866503574,0.815857603812),.UNSPECIFIED.);
#1082 = CARTESIAN_POINT('',(1.608931573529,23.33,-1.187377431578));
#1083 = CARTESIAN_POINT('',(1.480538583147,23.33,-1.361353732156));
#1084 = CARTESIAN_POINT('',(1.328881341992,23.33,-1.509968476574));
#1085 = CARTESIAN_POINT('',(1.0664991041,23.33,-1.694848258963));
#1086 = CARTESIAN_POINT('',(0.972793322168,23.33,-1.750398420887));
#1087 = CARTESIAN_POINT('',(0.781213936687,23.33,-1.844246780456));
#1088 = CARTESIAN_POINT('',(0.682445927891,23.33,-1.883092226671));
#1089 = CARTESIAN_POINT('',(0.377206953337,23.33,-1.975392364605));
#1090 = CARTESIAN_POINT('',(0.159603754426,23.33,-2.004961078094));
#1091 = CARTESIAN_POINT('',(-0.15864287196,23.33,-1.996727607347));
#1092 = CARTESIAN_POINT('',(-0.264385088509,23.33,-1.985379588293));
#1093 = CARTESIAN_POINT('',(-0.475189537113,23.33,-1.945476492577));
#1094 = CARTESIAN_POINT('',(-0.580111801521,23.33,-1.916957057146));
#1095 = CARTESIAN_POINT('',(-0.780537708787,23.33,-1.844811458809));
#1096 = CARTESIAN_POINT('',(-0.877144122609,23.33,-1.800920144871));
#1097 = CARTESIAN_POINT('',(-1.06314387063,23.33,-1.697500487454));
#1098 = CARTESIAN_POINT('',(-1.153385963544,23.33,-1.637354118266));
#1099 = CARTESIAN_POINT('',(-1.406854963853,23.33,-1.438149861496));
#1100 = CARTESIAN_POINT('',(-1.550538199861,23.33,-1.281974212702));
#1101 = CARTESIAN_POINT('',(-1.787312476812,23.33,-0.92287729322));
#1102 = CARTESIAN_POINT('',(-1.876146372795,23.33,-0.726919450808));
#1103 = CARTESIAN_POINT('',(-1.959025061031,23.33,-0.418207152785));
#1104 = CARTESIAN_POINT('',(-1.978750340005,23.33,-0.31119893679));
#1105 = CARTESIAN_POINT('',(-2.000986496133,23.33,-9.793888370996E-02));
#1106 = CARTESIAN_POINT('',(-2.003501045392,23.33,8.351150583352E-03));
#1107 = CARTESIAN_POINT('',(-1.997226730552,23.33,0.114290541357));
#1108 = PCURVE('',#73,#1109);
#1109 = DEFINITIONAL_REPRESENTATION('',(#1110),#1137);
#1110 = B_SPLINE_CURVE_WITH_KNOTS('',3,(#1111,#1112,#1113,#1114,#1115,
    #1116,#1117,#1118,#1119,#1120,#1121,#1122,#1123,#1124,#1125,#1126,
    #1127,#1128,#1129,#1130,#1131,#1132,#1133,#1134,#1135,#1136),
  .UNSPECIFIED.,.F.,.F.,(4,2,2,2,2,2,2,2,2,2,2,2,4),(0.,0.101982200476,
    0.152973300715,0.203964400953,0.305946601429,0.356937701668,
    0.407928801906,0.458919902144,0.509911002382,0.611893202859,
    0.713875403335,0.764866503574,0.815857603812),.UNSPECIFIED.);
#1111 = CARTESIAN_POINT('',(1.187596281893,1.60922809795));
#1112 = CARTESIAN_POINT('',(1.361572582471,1.480835107568));
#1113 = CARTESIAN_POINT('',(1.510187326889,1.329177866413));
#1114 = CARTESIAN_POINT('',(1.695067109278,1.066795628521));
#1115 = CARTESIAN_POINT('',(1.750617271202,0.973089846589));
#1116 = CARTESIAN_POINT('',(1.844465630771,0.781510461108));
#1117 = CARTESIAN_POINT('',(1.883311076986,0.682742452313));
#1118 = CARTESIAN_POINT('',(1.97561121492,0.377503477758));
#1119 = CARTESIAN_POINT('',(2.005179928409,0.159900278848));
#1120 = CARTESIAN_POINT('',(1.996946457662,-0.158346347538));
#1121 = CARTESIAN_POINT('',(1.985598438608,-0.264088564087));
#1122 = CARTESIAN_POINT('',(1.945695342892,-0.474893012692));
#1123 = CARTESIAN_POINT('',(1.917175907461,-0.5798152771));
#1124 = CARTESIAN_POINT('',(1.845030309124,-0.780241184366));
#1125 = CARTESIAN_POINT('',(1.801138995186,-0.876847598188));
#1126 = CARTESIAN_POINT('',(1.697719337769,-1.062847346209));
#1127 = CARTESIAN_POINT('',(1.637572968581,-1.153089439122));
#1128 = CARTESIAN_POINT('',(1.438368711811,-1.406558439432));
#1129 = CARTESIAN_POINT('',(1.282193063017,-1.55024167544));
#1130 = CARTESIAN_POINT('',(0.923096143535,-1.787015952391));
#1131 = CARTESIAN_POINT('',(0.727138301123,-1.875849848374));
#1132 = CARTESIAN_POINT('',(0.4184260031,-1.95872853661));
#1133 = CARTESIAN_POINT('',(0.311417787105,-1.978453815584));
#1134 = CARTESIAN_POINT('',(9.815773402498E-02,-2.000689971711));
#1135 = CARTESIAN_POINT('',(-8.132300268332E-03,-2.003204520971));
#1136 = CARTESIAN_POINT('',(-0.114071691042,-1.99693020613));
#1137 = ( GEOMETRIC_REPRESENTATION_CONTEXT(2) 
PARAMETRIC_REPRESENTATION_CONTEXT() REPRESENTATION_CONTEXT('2D SPACE',''
  ) );
#1138 = PCURVE('',#1045,#1139);
#1139 = DEFINITIONAL_REPRESENTATION('',(#1140),#1210);
#1140 = B_SPLINE_CURVE_WITH_KNOTS('',3,(#1141,#1142,#1143,#1144,#1145,
    #1146,#1147,#1148,#1149,#1150,#1151,#1152,#1153,#1154,#1155,#1156,
    #1157,#1158,#1159,#1160,#1161,#1162,#1163,#1164,#1165,#1166,#1167,
    #1168,#1169,#1170,#1171,#1172,#1173,#1174,#1175,#1176,#1177,#1178,
    #1179,#1180,#1181,#1182,#1183,#1184,#1185,#1186,#1187,#1188,#1189,
    #1190,#1191,#1192,#1193,#1194,#1195,#1196,#1197,#1198,#1199,#1200,
    #1201,#1202,#1203,#1204,#1205,#1206,#1207,#1208,#1209),
  .UNSPECIFIED.,.F.,.F.,(4,1,1,1,1,1,1,1,1,1,1,1,1,1,1,1,1,1,1,1,1,1,1,1
    ,1,1,1,1,1,1,1,1,1,1,1,1,1,1,1,1,1,1,1,1,1,1,1,1,1,1,1,1,1,1,1,1,1,1
    ,1,1,1,1,1,1,1,1,4),(0.,1.236147884564E-02,2.472295769127E-02,
    3.708443653691E-02,4.944591538254E-02,6.180739422818E-02,
    7.416887307382E-02,8.653035191945E-02,9.889183076509E-02,
    0.111253309611,0.123614788456,0.135976267302,0.148337746148,
    0.160699224993,0.173060703839,0.185422182685,0.19778366153,
    0.210145140376,0.222506619221,0.234868098067,0.247229576913,
    0.259591055758,0.271952534604,0.28431401345,0.296675492295,
    0.309036971141,0.321398449987,0.333759928832,0.346121407678,
    0.358482886523,0.370844365369,0.383205844215,0.39556732306,
    0.407928801906,0.420290280752,0.432651759597,0.445013238443,
    0.457374717289,0.469736196134,0.48209767498,0.494459153825,
    0.506820632671,0.519182111517,0.531543590362,0.543905069208,
    0.556266548054,0.568628026899,0.580989505745,0.593350984591,
    0.605712463436,0.618073942282,0.630435421127,0.642796899973,
    0.655158378819,0.667519857664,0.67988133651,0.692242815356,
    0.704604294201,0.716965773047,0.729327251893,0.741688730738,
    0.754050209584,0.766411688429,0.778773167275,0.791134646121,
    0.803496124966,0.815857603812),.QUASI_UNIFORM_KNOTS.);
#1141 = CARTESIAN_POINT('',(3.720302288448,-1.6));
#1142 = CARTESIAN_POINT('',(3.733406900874,-1.6));
#1143 = CARTESIAN_POINT('',(3.759518610782,-1.6));
#1144 = CARTESIAN_POINT('',(3.798451271398,-1.6));
#1145 = CARTESIAN_POINT('',(3.837206020564,-1.6));
#1146 = CARTESIAN_POINT('',(3.875842118361,-1.6));
#1147 = CARTESIAN_POINT('',(3.914419874932,-1.6));
#1148 = CARTESIAN_POINT('',(3.952999286824,-1.6));
#1149 = CARTESIAN_POINT('',(3.991643539446,-1.6));
#1150 = CARTESIAN_POINT('',(4.030403265579,-1.6));
#1151 = CARTESIAN_POINT('',(4.069372910778,-1.6));
#1152 = CARTESIAN_POINT('',(4.108539663019,-1.6));
#1153 = CARTESIAN_POINT('',(4.147716902902,-1.6));
#1154 = CARTESIAN_POINT('',(4.186765030167,-1.6));
#1155 = CARTESIAN_POINT('',(4.225509865097,-1.6));
#1156 = CARTESIAN_POINT('',(4.264149885958,-1.6));
#1157 = CARTESIAN_POINT('',(4.302725909634,-1.6));
#1158 = CARTESIAN_POINT('',(4.341304160725,-1.6));
#1159 = CARTESIAN_POINT('',(4.3799431718,-1.6));
#1160 = CARTESIAN_POINT('',(4.418766703315,-1.6));
#1161 = CARTESIAN_POINT('',(4.457706659411,-1.6));
#1162 = CARTESIAN_POINT('',(4.496720156486,-1.6));
#1163 = CARTESIAN_POINT('',(4.535755302576,-1.6));
#1164 = CARTESIAN_POINT('',(4.574763083887,-1.6));
#1165 = CARTESIAN_POINT('',(4.613690593961,-1.6));
#1166 = CARTESIAN_POINT('',(4.652502827438,-1.6));
#1167 = CARTESIAN_POINT('',(4.691108770175,-1.6));
#1168 = CARTESIAN_POINT('',(4.729676612465,-1.6));
#1169 = CARTESIAN_POINT('',(4.768308557112,-1.6));
#1170 = CARTESIAN_POINT('',(4.807051352242,-1.6));
#1171 = CARTESIAN_POINT('',(4.845977366198,-1.6));
#1172 = CARTESIAN_POINT('',(4.885104429682,-1.6));
#1173 = CARTESIAN_POINT('',(4.924278507342,-1.6));
#1174 = CARTESIAN_POINT('',(4.963383191713,-1.6));
#1175 = CARTESIAN_POINT('',(5.002253571144,-1.6));
#1176 = CARTESIAN_POINT('',(5.040891296091,-1.6));
#1177 = CARTESIAN_POINT('',(5.07948103876,-1.6));
#1178 = CARTESIAN_POINT('',(5.11805546255,-1.6));
#1179 = CARTESIAN_POINT('',(5.156663077182,-1.6));
#1180 = CARTESIAN_POINT('',(5.195441658931,-1.6));
#1181 = CARTESIAN_POINT('',(5.234471420242,-1.6));
#1182 = CARTESIAN_POINT('',(5.273604112954,-1.6));
#1183 = CARTESIAN_POINT('',(5.312758488716,-1.6));
#1184 = CARTESIAN_POINT('',(5.351791060855,-1.6));
#1185 = CARTESIAN_POINT('',(5.39059559017,-1.6));
#1186 = CARTESIAN_POINT('',(5.429267721397,-1.6));
#1187 = CARTESIAN_POINT('',(5.467857520037,-1.6));
#1188 = CARTESIAN_POINT('',(5.506428549362,-1.6));
#1189 = CARTESIAN_POINT('',(5.545040061804,-1.6));
#1190 = CARTESIAN_POINT('',(5.583756044179,-1.6));
#1191 = CARTESIAN_POINT('',(5.622623758088,-1.6));
#1192 = CARTESIAN_POINT('',(5.661747393137,-1.6));
#1193 = CARTESIAN_POINT('',(5.700736732798,-1.6));
#1194 = CARTESIAN_POINT('',(5.73964361614,-1.6));
#1195 = CARTESIAN_POINT('',(5.77847357481,-1.6));
#1196 = CARTESIAN_POINT('',(5.817245519886,-1.6));
#1197 = CARTESIAN_POINT('',(5.855977615374,-1.6));
#1198 = CARTESIAN_POINT('',(5.894684601994,-1.6));
#1199 = CARTESIAN_POINT('',(5.933403116102,-1.6));
#1200 = CARTESIAN_POINT('',(5.972093554686,-1.6));
#1201 = CARTESIAN_POINT('',(6.011061955595,-1.6));
#1202 = CARTESIAN_POINT('',(6.050210142818,-1.6));
#1203 = CARTESIAN_POINT('',(6.089391461807,-1.6));
#1204 = CARTESIAN_POINT('',(6.128462992602,-1.6));
#1205 = CARTESIAN_POINT('',(6.167310579636,-1.6));
#1206 = CARTESIAN_POINT('',(6.206007096036,-1.6));
#1207 = CARTESIAN_POINT('',(6.244608914996,-1.6));
#1208 = CARTESIAN_POINT('',(6.270323055898,-1.6));
#1209 = CARTESIAN_POINT('',(6.283185339261,-1.6));
#1210 = ( GEOMETRIC_REPRESENTATION_CONTEXT(2) 
PARAMETRIC_REPRESENTATION_CONTEXT() REPRESENTATION_CONTEXT('2D SPACE',''
  ) );
#1211 = FACE_BOUND('',#1212,.T.);
#1212 = EDGE_LOOP('',(#1213,#1279));
#1213 = ORIENTED_EDGE('',*,*,#1214,.T.);
#1214 = EDGE_CURVE('',#1215,#1217,#1219,.T.);
#1215 = VERTEX_POINT('',#1216);
#1216 = CARTESIAN_POINT('',(-2.349831410051,23.33,3.358536339589));
#1217 = VERTEX_POINT('',#1218);
#1218 = CARTESIAN_POINT('',(-1.625678765973,23.33,2.824118012737));
#1219 = SURFACE_CURVE('',#1220,(#1231,#1245),.PCURVE_S1.);
#1220 = B_SPLINE_CURVE_WITH_KNOTS('',3,(#1221,#1222,#1223,#1224,#1225,
    #1226,#1227,#1228,#1229,#1230),.UNSPECIFIED.,.F.,.F.,(4,2,2,2,4),(0.
    ,0.25,0.5,0.75,1.),.UNSPECIFIED.);
#1221 = CARTESIAN_POINT('',(-2.349831410051,23.33,3.358536339589));
#1222 = CARTESIAN_POINT('',(-2.279190144188,23.33,3.454257344811));
#1223 = CARTESIAN_POINT('',(-2.172103293975,23.33,3.518474158063));
#1224 = CARTESIAN_POINT('',(-1.937569304383,23.33,3.554124262412));
#1225 = CARTESIAN_POINT('',(-1.816070427084,23.33,3.523719570164));
#1226 = CARTESIAN_POINT('',(-1.625021422089,23.33,3.383087426239));
#1227 = CARTESIAN_POINT('',(-1.560608106112,23.33,3.275675382126));
#1228 = CARTESIAN_POINT('',(-1.524958001763,23.33,3.041141392533));
#1229 = CARTESIAN_POINT('',(-1.554584814824,23.33,2.920452419915));
#1230 = CARTESIAN_POINT('',(-1.625678765973,23.33,2.824118012737));
#1231 = PCURVE('',#73,#1232);
#1232 = DEFINITIONAL_REPRESENTATION('',(#1233),#1244);
#1233 = B_SPLINE_CURVE_WITH_KNOTS('',3,(#1234,#1235,#1236,#1237,#1238,
    #1239,#1240,#1241,#1242,#1243),.UNSPECIFIED.,.F.,.F.,(4,2,2,2,4),(0.
    ,0.25,0.5,0.75,1.),.UNSPECIFIED.);
#1234 = CARTESIAN_POINT('',(-3.358317489274,-2.34953488563));
#1235 = CARTESIAN_POINT('',(-3.454038494496,-2.278893619767));
#1236 = CARTESIAN_POINT('',(-3.518255307748,-2.171806769554));
#1237 = CARTESIAN_POINT('',(-3.553905412097,-1.937272779962));
#1238 = CARTESIAN_POINT('',(-3.523500719848,-1.815773902662));
#1239 = CARTESIAN_POINT('',(-3.382868575924,-1.624724897668));
#1240 = CARTESIAN_POINT('',(-3.275456531811,-1.560311581691));
#1241 = CARTESIAN_POINT('',(-3.040922542218,-1.524661477342));
#1242 = CARTESIAN_POINT('',(-2.9202335696,-1.554288290403));
#1243 = CARTESIAN_POINT('',(-2.823899162422,-1.625382241552));
#1244 = ( GEOMETRIC_REPRESENTATION_CONTEXT(2) 
PARAMETRIC_REPRESENTATION_CONTEXT() REPRESENTATION_CONTEXT('2D SPACE',''
  ) );
#1245 = PCURVE('',#1246,#1251);
#1246 = CYLINDRICAL_SURFACE('',#1247,0.45);
#1247 = AXIS2_PLACEMENT_3D('',#1248,#1249,#1250);
#1248 = CARTESIAN_POINT('',(-1.987755088012,24.13,3.091327176163));
#1249 = DIRECTION('',(0.,-1.,0.));
#1250 = DIRECTION('',(-0.804614048975,0.,0.593798140947));
#1251 = DEFINITIONAL_REPRESENTATION('',(#1252),#1278);
#1252 = B_SPLINE_CURVE_WITH_KNOTS('',3,(#1253,#1254,#1255,#1256,#1257,
    #1258,#1259,#1260,#1261,#1262,#1263,#1264,#1265,#1266,#1267,#1268,
    #1269,#1270,#1271,#1272,#1273,#1274,#1275,#1276,#1277),
  .UNSPECIFIED.,.F.,.F.,(4,1,1,1,1,1,1,1,1,1,1,1,1,1,1,1,1,1,1,1,1,1,4),
  (0.,4.545454545455E-02,9.090909090909E-02,0.136363636364,
    0.181818181818,0.227272727273,0.272727272727,0.318181818182,
    0.363636363636,0.409090909091,0.454545454545,0.5,0.545454545455,
    0.590909090909,0.636363636364,0.681818181818,0.727272727273,
    0.772727272727,0.818181818182,0.863636363636,0.909090909091,
    0.954545454545,1.),.QUASI_UNIFORM_KNOTS.);
#1253 = CARTESIAN_POINT('',(6.28318530718,0.8));
#1254 = CARTESIAN_POINT('',(6.235138600378,0.8));
#1255 = CARTESIAN_POINT('',(6.139511083125,0.8));
#1256 = CARTESIAN_POINT('',(5.996952391225,0.8));
#1257 = CARTESIAN_POINT('',(5.854704572875,0.8));
#1258 = CARTESIAN_POINT('',(5.712394036418,0.8));
#1259 = CARTESIAN_POINT('',(5.569722170226,0.8));
#1260 = CARTESIAN_POINT('',(5.425855503037,0.8));
#1261 = CARTESIAN_POINT('',(5.283174506115,0.8));
#1262 = CARTESIAN_POINT('',(5.140775535656,0.8));
#1263 = CARTESIAN_POINT('',(4.998383528554,0.8));
#1264 = CARTESIAN_POINT('',(4.855833944071,0.8));
#1265 = CARTESIAN_POINT('',(4.712373454136,0.8));
#1266 = CARTESIAN_POINT('',(4.569006121694,0.8));
#1267 = CARTESIAN_POINT('',(4.426566535011,0.8));
#1268 = CARTESIAN_POINT('',(4.284201386115,0.8));
#1269 = CARTESIAN_POINT('',(4.14172711974,0.8));
#1270 = CARTESIAN_POINT('',(3.998924318596,0.8));
#1271 = CARTESIAN_POINT('',(3.855044188376,0.8));
#1272 = CARTESIAN_POINT('',(3.712664110492,0.8));
#1273 = CARTESIAN_POINT('',(3.570708346341,0.8));
#1274 = CARTESIAN_POINT('',(3.428679415165,0.8));
#1275 = CARTESIAN_POINT('',(3.285991710839,0.8));
#1276 = CARTESIAN_POINT('',(3.18995300084,0.8));
#1277 = CARTESIAN_POINT('',(3.14159265359,0.8));
#1278 = ( GEOMETRIC_REPRESENTATION_CONTEXT(2) 
PARAMETRIC_REPRESENTATION_CONTEXT() REPRESENTATION_CONTEXT('2D SPACE',''
  ) );
#1279 = ORIENTED_EDGE('',*,*,#1280,.T.);
#1280 = EDGE_CURVE('',#1217,#1215,#1281,.T.);
#1281 = SURFACE_CURVE('',#1282,(#1293,#1307),.PCURVE_S1.);
#1282 = B_SPLINE_CURVE_WITH_KNOTS('',3,(#1283,#1284,#1285,#1286,#1287,
    #1288,#1289,#1290,#1291,#1292),.UNSPECIFIED.,.F.,.F.,(4,2,2,2,4),(0.
    ,0.25,0.5,0.75,1.),.UNSPECIFIED.);
#1283 = CARTESIAN_POINT('',(-1.625678765973,23.33,2.824118012737));
#1284 = CARTESIAN_POINT('',(-1.696320031837,23.33,2.728397007514));
#1285 = CARTESIAN_POINT('',(-1.803406882049,23.33,2.664180194263));
#1286 = CARTESIAN_POINT('',(-2.037940871641,23.33,2.628530089914));
#1287 = CARTESIAN_POINT('',(-2.159439748941,23.33,2.658934782162));
#1288 = CARTESIAN_POINT('',(-2.350488753936,23.33,2.799566926086));
#1289 = CARTESIAN_POINT('',(-2.414902069912,23.33,2.9069789702));
#1290 = CARTESIAN_POINT('',(-2.450552174261,23.33,3.141512959792));
#1291 = CARTESIAN_POINT('',(-2.4209253612,23.33,3.26220193241));
#1292 = CARTESIAN_POINT('',(-2.349831410051,23.33,3.358536339589));
#1293 = PCURVE('',#73,#1294);
#1294 = DEFINITIONAL_REPRESENTATION('',(#1295),#1306);
#1295 = B_SPLINE_CURVE_WITH_KNOTS('',3,(#1296,#1297,#1298,#1299,#1300,
    #1301,#1302,#1303,#1304,#1305),.UNSPECIFIED.,.F.,.F.,(4,2,2,2,4),(0.
    ,0.25,0.5,0.75,1.),.UNSPECIFIED.);
#1296 = CARTESIAN_POINT('',(-2.823899162422,-1.625382241552));
#1297 = CARTESIAN_POINT('',(-2.728178157199,-1.696023507415));
#1298 = CARTESIAN_POINT('',(-2.663961343948,-1.803110357628));
#1299 = CARTESIAN_POINT('',(-2.628311239599,-2.03764434722));
#1300 = CARTESIAN_POINT('',(-2.658715931847,-2.15914322452));
#1301 = CARTESIAN_POINT('',(-2.799348075771,-2.350192229514));
#1302 = CARTESIAN_POINT('',(-2.906760119885,-2.414605545491));
#1303 = CARTESIAN_POINT('',(-3.141294109477,-2.45025564984));
#1304 = CARTESIAN_POINT('',(-3.261983082095,-2.420628836779));
#1305 = CARTESIAN_POINT('',(-3.358317489274,-2.34953488563));
#1306 = ( GEOMETRIC_REPRESENTATION_CONTEXT(2) 
PARAMETRIC_REPRESENTATION_CONTEXT() REPRESENTATION_CONTEXT('2D SPACE',''
  ) );
#1307 = PCURVE('',#1308,#1313);
#1308 = CYLINDRICAL_SURFACE('',#1309,0.45);
#1309 = AXIS2_PLACEMENT_3D('',#1310,#1311,#1312);
#1310 = CARTESIAN_POINT('',(-1.987755088012,24.13,3.091327176163));
#1311 = DIRECTION('',(0.,-1.,0.));
#1312 = DIRECTION('',(-0.804614048975,0.,0.593798140947));
#1313 = DEFINITIONAL_REPRESENTATION('',(#1314),#1340);
#1314 = B_SPLINE_CURVE_WITH_KNOTS('',3,(#1315,#1316,#1317,#1318,#1319,
    #1320,#1321,#1322,#1323,#1324,#1325,#1326,#1327,#1328,#1329,#1330,
    #1331,#1332,#1333,#1334,#1335,#1336,#1337,#1338,#1339),
  .UNSPECIFIED.,.F.,.F.,(4,1,1,1,1,1,1,1,1,1,1,1,1,1,1,1,1,1,1,1,1,1,4),
  (0.,4.545454545455E-02,9.090909090909E-02,0.136363636364,
    0.181818181818,0.227272727273,0.272727272727,0.318181818182,
    0.363636363636,0.409090909091,0.454545454545,0.5,0.545454545455,
    0.590909090909,0.636363636364,0.681818181818,0.727272727273,
    0.772727272727,0.818181818182,0.863636363636,0.909090909091,
    0.954545454545,1.),.QUASI_UNIFORM_KNOTS.);
#1315 = CARTESIAN_POINT('',(3.14159265359,0.8));
#1316 = CARTESIAN_POINT('',(3.093545946788,0.8));
#1317 = CARTESIAN_POINT('',(2.997918429535,0.8));
#1318 = CARTESIAN_POINT('',(2.855359737635,0.8));
#1319 = CARTESIAN_POINT('',(2.713111919285,0.8));
#1320 = CARTESIAN_POINT('',(2.570801382828,0.8));
#1321 = CARTESIAN_POINT('',(2.428129516637,0.8));
#1322 = CARTESIAN_POINT('',(2.284262849447,0.8));
#1323 = CARTESIAN_POINT('',(2.141581852525,0.8));
#1324 = CARTESIAN_POINT('',(1.999182882066,0.8));
#1325 = CARTESIAN_POINT('',(1.856790874964,0.8));
#1326 = CARTESIAN_POINT('',(1.714241290481,0.8));
#1327 = CARTESIAN_POINT('',(1.570780800546,0.8));
#1328 = CARTESIAN_POINT('',(1.427413468104,0.8));
#1329 = CARTESIAN_POINT('',(1.284973881421,0.8));
#1330 = CARTESIAN_POINT('',(1.142608732525,0.8));
#1331 = CARTESIAN_POINT('',(1.00013446615,0.8));
#1332 = CARTESIAN_POINT('',(0.857331665006,0.8));
#1333 = CARTESIAN_POINT('',(0.713451534786,0.8));
#1334 = CARTESIAN_POINT('',(0.571071456902,0.8));
#1335 = CARTESIAN_POINT('',(0.429115692751,0.8));
#1336 = CARTESIAN_POINT('',(0.287086761576,0.8));
#1337 = CARTESIAN_POINT('',(0.144399057249,0.8));
#1338 = CARTESIAN_POINT('',(4.836034725072E-02,0.8));
#1339 = CARTESIAN_POINT('',(0.,0.8));
#1340 = ( GEOMETRIC_REPRESENTATION_CONTEXT(2) 
PARAMETRIC_REPRESENTATION_CONTEXT() REPRESENTATION_CONTEXT('2D SPACE',''
  ) );
#1341 = FACE_BOUND('',#1342,.T.);
#1342 = EDGE_LOOP('',(#1343,#1409));
#1343 = ORIENTED_EDGE('',*,*,#1344,.T.);
#1344 = EDGE_CURVE('',#1345,#1347,#1349,.T.);
#1345 = VERTEX_POINT('',#1346);
#1346 = CARTESIAN_POINT('',(0.499872626723,23.33,-4.871681573856));
#1347 = VERTEX_POINT('',#1348);
#1348 = CARTESIAN_POINT('',(-0.505894934496,23.33,-4.129433897673));
#1349 = SURFACE_CURVE('',#1350,(#1361,#1375),.PCURVE_S1.);
#1350 = B_SPLINE_CURVE_WITH_KNOTS('',3,(#1351,#1352,#1353,#1354,#1355,
    #1356,#1357,#1358,#1359,#1360),.UNSPECIFIED.,.F.,.F.,(4,2,2,2,4),(0.
    ,0.25,0.5,0.75,1.),.UNSPECIFIED.);
#1351 = CARTESIAN_POINT('',(0.499872626723,23.33,-4.871681573856));
#1352 = CARTESIAN_POINT('',(0.401671287593,23.33,-5.004747293743));
#1353 = CARTESIAN_POINT('',(0.253318503939,23.33,-5.093830402881));
#1354 = CARTESIAN_POINT('',(-7.300411402516E-02,23.33,-5.143318496633));
#1355 = CARTESIAN_POINT('',(-0.24126584063,23.33,-5.101317301043));
#1356 = CARTESIAN_POINT('',(-0.507004143326,23.33,-4.905565731706));
#1357 = CARTESIAN_POINT('',(-0.596283821003,23.33,-4.75688739359));
#1358 = CARTESIAN_POINT('',(-0.645771914754,23.33,-4.430564775626));
#1359 = CARTESIAN_POINT('',(-0.604548956905,23.33,-4.263113016796));
#1360 = CARTESIAN_POINT('',(-0.505894934496,23.33,-4.129433897673));
#1361 = PCURVE('',#73,#1362);
#1362 = DEFINITIONAL_REPRESENTATION('',(#1363),#1374);
#1363 = B_SPLINE_CURVE_WITH_KNOTS('',3,(#1364,#1365,#1366,#1367,#1368,
    #1369,#1370,#1371,#1372,#1373),.UNSPECIFIED.,.F.,.F.,(4,2,2,2,4),(0.
    ,0.25,0.5,0.75,1.),.UNSPECIFIED.);
#1364 = CARTESIAN_POINT('',(4.871900424172,0.500169151144));
#1365 = CARTESIAN_POINT('',(5.004966144058,0.401967812014));
#1366 = CARTESIAN_POINT('',(5.094049253196,0.25361502836));
#1367 = CARTESIAN_POINT('',(5.143537346948,-7.270758960381E-02));
#1368 = CARTESIAN_POINT('',(5.101536151358,-0.240969316208));
#1369 = CARTESIAN_POINT('',(4.905784582021,-0.506707618905));
#1370 = CARTESIAN_POINT('',(4.757106243905,-0.595987296582));
#1371 = CARTESIAN_POINT('',(4.430783625941,-0.645475390333));
#1372 = CARTESIAN_POINT('',(4.263331867111,-0.604252432484));
#1373 = CARTESIAN_POINT('',(4.129652747988,-0.505598410074));
#1374 = ( GEOMETRIC_REPRESENTATION_CONTEXT(2) 
PARAMETRIC_REPRESENTATION_CONTEXT() REPRESENTATION_CONTEXT('2D SPACE',''
  ) );
#1375 = PCURVE('',#1376,#1381);
#1376 = CYLINDRICAL_SURFACE('',#1377,0.625);
#1377 = AXIS2_PLACEMENT_3D('',#1378,#1379,#1380);
#1378 = CARTESIAN_POINT('',(-3.011153886339E-03,24.13,-4.500557735765));
#1379 = DIRECTION('',(0.,1.,0.));
#1380 = DIRECTION('',(0.804614048975,0.,-0.593798140947));
#1381 = DEFINITIONAL_REPRESENTATION('',(#1382),#1408);
#1382 = B_SPLINE_CURVE_WITH_KNOTS('',3,(#1383,#1384,#1385,#1386,#1387,
    #1388,#1389,#1390,#1391,#1392,#1393,#1394,#1395,#1396,#1397,#1398,
    #1399,#1400,#1401,#1402,#1403,#1404,#1405,#1406,#1407),
  .UNSPECIFIED.,.F.,.F.,(4,1,1,1,1,1,1,1,1,1,1,1,1,1,1,1,1,1,1,1,1,1,4),
  (0.,4.545454545455E-02,9.090909090909E-02,0.136363636364,
    0.181818181818,0.227272727273,0.272727272727,0.318181818182,
    0.363636363636,0.409090909091,0.454545454545,0.5,0.545454545455,
    0.590909090909,0.636363636364,0.681818181818,0.727272727273,
    0.772727272727,0.818181818182,0.863636363636,0.909090909091,
    0.954545454545,1.),.QUASI_UNIFORM_KNOTS.);
#1383 = CARTESIAN_POINT('',(0.,-0.8));
#1384 = CARTESIAN_POINT('',(4.809247480364E-02,-0.8));
#1385 = CARTESIAN_POINT('',(0.143753294354,-0.8));
#1386 = CARTESIAN_POINT('',(0.28625260898,-0.8));
#1387 = CARTESIAN_POINT('',(0.428387163029,-0.8));
#1388 = CARTESIAN_POINT('',(0.570620735335,-0.8));
#1389 = CARTESIAN_POINT('',(0.713325460708,-0.8));
#1390 = CARTESIAN_POINT('',(0.857468325956,-0.8));
#1391 = CARTESIAN_POINT('',(1.000180116508,-0.8));
#1392 = CARTESIAN_POINT('',(1.142475105137,-0.8));
#1393 = CARTESIAN_POINT('',(1.284722122275,-0.8));
#1394 = CARTESIAN_POINT('',(1.42718292838,-0.8));
#1395 = CARTESIAN_POINT('',(1.570807532611,-0.8));
#1396 = CARTESIAN_POINT('',(1.714364901947,-0.8));
#1397 = CARTESIAN_POINT('',(1.856746409629,-0.8));
#1398 = CARTESIAN_POINT('',(1.998974075822,-0.8));
#1399 = CARTESIAN_POINT('',(2.141323322535,-0.8));
#1400 = CARTESIAN_POINT('',(2.284122981027,-0.8));
#1401 = CARTESIAN_POINT('',(2.428275546538,-0.8));
#1402 = CARTESIAN_POINT('',(2.570770039199,-0.8));
#1403 = CARTESIAN_POINT('',(2.712748162847,-0.8));
#1404 = CARTESIAN_POINT('',(2.854725188299,-0.8));
#1405 = CARTESIAN_POINT('',(2.997317454209,-0.8));
#1406 = CARTESIAN_POINT('',(3.093274356554,-0.8));
#1407 = CARTESIAN_POINT('',(3.14159265359,-0.8));
#1408 = ( GEOMETRIC_REPRESENTATION_CONTEXT(2) 
PARAMETRIC_REPRESENTATION_CONTEXT() REPRESENTATION_CONTEXT('2D SPACE',''
  ) );
#1409 = ORIENTED_EDGE('',*,*,#1410,.T.);
#1410 = EDGE_CURVE('',#1347,#1345,#1411,.T.);
#1411 = SURFACE_CURVE('',#1412,(#1423,#1437),.PCURVE_S1.);
#1412 = B_SPLINE_CURVE_WITH_KNOTS('',3,(#1413,#1414,#1415,#1416,#1417,
    #1418,#1419,#1420,#1421,#1422),.UNSPECIFIED.,.F.,.F.,(4,2,2,2,4),(0.
    ,0.25,0.5,0.75,1.),.UNSPECIFIED.);
#1413 = CARTESIAN_POINT('',(-0.505894934496,23.33,-4.129433897673));
#1414 = CARTESIAN_POINT('',(-0.407693595366,23.33,-3.996368177787));
#1415 = CARTESIAN_POINT('',(-0.259340811712,23.33,-3.907285068648));
#1416 = CARTESIAN_POINT('',(6.698180625272E-02,23.33,-3.857796974897));
#1417 = CARTESIAN_POINT('',(0.235243532857,23.33,-3.899798170487));
#1418 = CARTESIAN_POINT('',(0.500981835554,23.33,-4.095549739824));
#1419 = CARTESIAN_POINT('',(0.59026151323,23.33,-4.24422807794));
#1420 = CARTESIAN_POINT('',(0.639749606982,23.33,-4.570550695904));
#1421 = CARTESIAN_POINT('',(0.598526649132,23.33,-4.738002454734));
#1422 = CARTESIAN_POINT('',(0.499872626723,23.33,-4.871681573856));
#1423 = PCURVE('',#73,#1424);
#1424 = DEFINITIONAL_REPRESENTATION('',(#1425),#1436);
#1425 = B_SPLINE_CURVE_WITH_KNOTS('',3,(#1426,#1427,#1428,#1429,#1430,
    #1431,#1432,#1433,#1434,#1435),.UNSPECIFIED.,.F.,.F.,(4,2,2,2,4),(0.
    ,0.25,0.5,0.75,1.),.UNSPECIFIED.);
#1426 = CARTESIAN_POINT('',(4.129652747988,-0.505598410074));
#1427 = CARTESIAN_POINT('',(3.996587028102,-0.407397070944));
#1428 = CARTESIAN_POINT('',(3.907503918963,-0.25904428729));
#1429 = CARTESIAN_POINT('',(3.858015825212,6.727833067406E-02));
#1430 = CARTESIAN_POINT('',(3.900017020802,0.235540057278));
#1431 = CARTESIAN_POINT('',(4.095768590139,0.501278359975));
#1432 = CARTESIAN_POINT('',(4.244446928255,0.590558037652));
#1433 = CARTESIAN_POINT('',(4.570769546219,0.640046131403));
#1434 = CARTESIAN_POINT('',(4.738221305049,0.598823173554));
#1435 = CARTESIAN_POINT('',(4.871900424172,0.500169151144));
#1436 = ( GEOMETRIC_REPRESENTATION_CONTEXT(2) 
PARAMETRIC_REPRESENTATION_CONTEXT() REPRESENTATION_CONTEXT('2D SPACE',''
  ) );
#1437 = PCURVE('',#1438,#1443);
#1438 = CYLINDRICAL_SURFACE('',#1439,0.625);
#1439 = AXIS2_PLACEMENT_3D('',#1440,#1441,#1442);
#1440 = CARTESIAN_POINT('',(-3.011153886339E-03,24.13,-4.500557735765));
#1441 = DIRECTION('',(0.,1.,0.));
#1442 = DIRECTION('',(0.804614048975,0.,-0.593798140947));
#1443 = DEFINITIONAL_REPRESENTATION('',(#1444),#1470);
#1444 = B_SPLINE_CURVE_WITH_KNOTS('',3,(#1445,#1446,#1447,#1448,#1449,
    #1450,#1451,#1452,#1453,#1454,#1455,#1456,#1457,#1458,#1459,#1460,
    #1461,#1462,#1463,#1464,#1465,#1466,#1467,#1468,#1469),
  .UNSPECIFIED.,.F.,.F.,(4,1,1,1,1,1,1,1,1,1,1,1,1,1,1,1,1,1,1,1,1,1,4),
  (0.,4.545454545455E-02,9.090909090909E-02,0.136363636364,
    0.181818181818,0.227272727273,0.272727272727,0.318181818182,
    0.363636363636,0.409090909091,0.454545454545,0.5,0.545454545455,
    0.590909090909,0.636363636364,0.681818181818,0.727272727273,
    0.772727272727,0.818181818182,0.863636363636,0.909090909091,
    0.954545454545,1.),.QUASI_UNIFORM_KNOTS.);
#1445 = CARTESIAN_POINT('',(3.14159265359,-0.8));
#1446 = CARTESIAN_POINT('',(3.189685128393,-0.8));
#1447 = CARTESIAN_POINT('',(3.285345947944,-0.8));
#1448 = CARTESIAN_POINT('',(3.427845262569,-0.8));
#1449 = CARTESIAN_POINT('',(3.569979816619,-0.8));
#1450 = CARTESIAN_POINT('',(3.712213388925,-0.8));
#1451 = CARTESIAN_POINT('',(3.854918114298,-0.8));
#1452 = CARTESIAN_POINT('',(3.999060979546,-0.8));
#1453 = CARTESIAN_POINT('',(4.141772770098,-0.8));
#1454 = CARTESIAN_POINT('',(4.284067758727,-0.8));
#1455 = CARTESIAN_POINT('',(4.426314775865,-0.8));
#1456 = CARTESIAN_POINT('',(4.56877558197,-0.8));
#1457 = CARTESIAN_POINT('',(4.7124001862,-0.8));
#1458 = CARTESIAN_POINT('',(4.855957555536,-0.8));
#1459 = CARTESIAN_POINT('',(4.998339063218,-0.8));
#1460 = CARTESIAN_POINT('',(5.140566729412,-0.8));
#1461 = CARTESIAN_POINT('',(5.282915976124,-0.8));
#1462 = CARTESIAN_POINT('',(5.425715634617,-0.8));
#1463 = CARTESIAN_POINT('',(5.569868200128,-0.8));
#1464 = CARTESIAN_POINT('',(5.712362692789,-0.8));
#1465 = CARTESIAN_POINT('',(5.854340816437,-0.8));
#1466 = CARTESIAN_POINT('',(5.996317841889,-0.8));
#1467 = CARTESIAN_POINT('',(6.138910107799,-0.8));
#1468 = CARTESIAN_POINT('',(6.234867010143,-0.8));
#1469 = CARTESIAN_POINT('',(6.28318530718,-0.8));
#1470 = ( GEOMETRIC_REPRESENTATION_CONTEXT(2) 
PARAMETRIC_REPRESENTATION_CONTEXT() REPRESENTATION_CONTEXT('2D SPACE',''
  ) );
#1471 = FACE_BOUND('',#1472,.T.);
#1472 = EDGE_LOOP('',(#1473,#1530));
#1473 = ORIENTED_EDGE('',*,*,#1474,.T.);
#1474 = EDGE_CURVE('',#24,#22,#1475,.T.);
#1475 = SURFACE_CURVE('',#1476,(#1487,#1501),.PCURVE_S1.);
#1476 = B_SPLINE_CURVE_WITH_KNOTS('',3,(#1477,#1478,#1479,#1480,#1481,
    #1482,#1483,#1484,#1485,#1486),.UNSPECIFIED.,.F.,.F.,(4,2,2,2,4),(0.
    ,0.25,0.5,0.75,1.),.UNSPECIFIED.);
#1477 = CARTESIAN_POINT('',(0.505301136355,23.33,4.128629283624));
#1478 = CARTESIAN_POINT('',(0.407099797225,23.33,3.995563563738));
#1479 = CARTESIAN_POINT('',(0.25874701357,23.33,3.906480454599));
#1480 = CARTESIAN_POINT('',(-6.757560439359E-02,23.33,3.856992360848));
#1481 = CARTESIAN_POINT('',(-0.235837330998,23.33,3.898993556438));
#1482 = CARTESIAN_POINT('',(-0.501575633695,23.33,4.094745125775));
#1483 = CARTESIAN_POINT('',(-0.590855311371,23.33,4.243423463891));
#1484 = CARTESIAN_POINT('',(-0.640343405123,23.33,4.569746081855));
#1485 = CARTESIAN_POINT('',(-0.599120447273,23.33,4.737197840685));
#1486 = CARTESIAN_POINT('',(-0.500466424864,23.33,4.870876959808));
#1487 = PCURVE('',#73,#1488);
#1488 = DEFINITIONAL_REPRESENTATION('',(#1489),#1500);
#1489 = B_SPLINE_CURVE_WITH_KNOTS('',3,(#1490,#1491,#1492,#1493,#1494,
    #1495,#1496,#1497,#1498,#1499),.UNSPECIFIED.,.F.,.F.,(4,2,2,2,4),(0.
    ,0.25,0.5,0.75,1.),.UNSPECIFIED.);
#1490 = CARTESIAN_POINT('',(-4.128410433309,0.505597660776));
#1491 = CARTESIAN_POINT('',(-3.995344713423,0.407396321646));
#1492 = CARTESIAN_POINT('',(-3.906261604284,0.259043537992));
#1493 = CARTESIAN_POINT('',(-3.856773510533,-6.727907997224E-02));
#1494 = CARTESIAN_POINT('',(-3.898774706123,-0.235540806577));
#1495 = CARTESIAN_POINT('',(-4.09452627546,-0.501279109273));
#1496 = CARTESIAN_POINT('',(-4.243204613576,-0.59055878695));
#1497 = CARTESIAN_POINT('',(-4.56952723154,-0.640046880701));
#1498 = CARTESIAN_POINT('',(-4.73697899037,-0.598823922852));
#1499 = CARTESIAN_POINT('',(-4.870658109493,-0.500169900443));
#1500 = ( GEOMETRIC_REPRESENTATION_CONTEXT(2) 
PARAMETRIC_REPRESENTATION_CONTEXT() REPRESENTATION_CONTEXT('2D SPACE',''
  ) );
#1501 = PCURVE('',#108,#1502);
#1502 = DEFINITIONAL_REPRESENTATION('',(#1503),#1529);
#1503 = B_SPLINE_CURVE_WITH_KNOTS('',3,(#1504,#1505,#1506,#1507,#1508,
    #1509,#1510,#1511,#1512,#1513,#1514,#1515,#1516,#1517,#1518,#1519,
    #1520,#1521,#1522,#1523,#1524,#1525,#1526,#1527,#1528),
  .UNSPECIFIED.,.F.,.F.,(4,1,1,1,1,1,1,1,1,1,1,1,1,1,1,1,1,1,1,1,1,1,4),
  (0.,4.545454545455E-02,9.090909090909E-02,0.136363636364,
    0.181818181818,0.227272727273,0.272727272727,0.318181818182,
    0.363636363636,0.409090909091,0.454545454545,0.5,0.545454545455,
    0.590909090909,0.636363636364,0.681818181818,0.727272727273,
    0.772727272727,0.818181818182,0.863636363636,0.909090909091,
    0.954545454545,1.),.QUASI_UNIFORM_KNOTS.);
#1504 = CARTESIAN_POINT('',(0.,-0.8));
#1505 = CARTESIAN_POINT('',(4.809247480357E-02,-0.8));
#1506 = CARTESIAN_POINT('',(0.143753294354,-0.8));
#1507 = CARTESIAN_POINT('',(0.286252608979,-0.8));
#1508 = CARTESIAN_POINT('',(0.428387163029,-0.8));
#1509 = CARTESIAN_POINT('',(0.570620735335,-0.8));
#1510 = CARTESIAN_POINT('',(0.713325460708,-0.8));
#1511 = CARTESIAN_POINT('',(0.857468325957,-0.8));
#1512 = CARTESIAN_POINT('',(1.000180116508,-0.8));
#1513 = CARTESIAN_POINT('',(1.142475105138,-0.8));
#1514 = CARTESIAN_POINT('',(1.284722122275,-0.8));
#1515 = CARTESIAN_POINT('',(1.42718292838,-0.8));
#1516 = CARTESIAN_POINT('',(1.570807532611,-0.8));
#1517 = CARTESIAN_POINT('',(1.714364901947,-0.8));
#1518 = CARTESIAN_POINT('',(1.856746409628,-0.8));
#1519 = CARTESIAN_POINT('',(1.998974075822,-0.8));
#1520 = CARTESIAN_POINT('',(2.141323322535,-0.8));
#1521 = CARTESIAN_POINT('',(2.284122981027,-0.8));
#1522 = CARTESIAN_POINT('',(2.428275546538,-0.8));
#1523 = CARTESIAN_POINT('',(2.570770039199,-0.8));
#1524 = CARTESIAN_POINT('',(2.712748162847,-0.8));
#1525 = CARTESIAN_POINT('',(2.854725188299,-0.8));
#1526 = CARTESIAN_POINT('',(2.997317454209,-0.8));
#1527 = CARTESIAN_POINT('',(3.093274356554,-0.8));
#1528 = CARTESIAN_POINT('',(3.14159265359,-0.8));
#1529 = ( GEOMETRIC_REPRESENTATION_CONTEXT(2) 
PARAMETRIC_REPRESENTATION_CONTEXT() REPRESENTATION_CONTEXT('2D SPACE',''
  ) );
#1530 = ORIENTED_EDGE('',*,*,#21,.T.);
#1531 = FACE_BOUND('',#1532,.T.);
#1532 = EDGE_LOOP('',(#1533,#1566,#1630,#1661,#1725,#1756,#1812,#1864,
    #1895));
#1533 = ORIENTED_EDGE('',*,*,#1534,.T.);
#1534 = EDGE_CURVE('',#1535,#1537,#1539,.T.);
#1535 = VERTEX_POINT('',#1536);
#1536 = CARTESIAN_POINT('',(-4.003914677617,23.33,-5.997367471148));
#1537 = VERTEX_POINT('',#1538);
#1538 = CARTESIAN_POINT('',(3.996083867239,23.33,-6.002192645505));
#1539 = SURFACE_CURVE('',#1540,(#1545,#1553),.PCURVE_S1.);
#1540 = B_SPLINE_CURVE_WITH_KNOTS('',3,(#1541,#1542,#1543,#1544),
  .UNSPECIFIED.,.F.,.F.,(4,4),(0.,1.),.PIECEWISE_BEZIER_KNOTS.);
#1541 = CARTESIAN_POINT('',(-4.003914677617,23.33,-5.997367471148));
#1542 = CARTESIAN_POINT('',(-1.337248495998,23.33,-5.998975862601));
#1543 = CARTESIAN_POINT('',(1.32941768562,23.33,-6.000584254053));
#1544 = CARTESIAN_POINT('',(3.996083867239,23.33,-6.002192645505));
#1545 = PCURVE('',#73,#1546);
#1546 = DEFINITIONAL_REPRESENTATION('',(#1547),#1552);
#1547 = B_SPLINE_CURVE_WITH_KNOTS('',3,(#1548,#1549,#1550,#1551),
  .UNSPECIFIED.,.F.,.F.,(4,4),(0.,1.),.PIECEWISE_BEZIER_KNOTS.);
#1548 = CARTESIAN_POINT('',(5.997586321463,-4.003618153196));
#1549 = CARTESIAN_POINT('',(5.999194712916,-1.336951971577));
#1550 = CARTESIAN_POINT('',(6.000803104368,1.329714210042));
#1551 = CARTESIAN_POINT('',(6.00241149582,3.99638039166));
#1552 = ( GEOMETRIC_REPRESENTATION_CONTEXT(2) 
PARAMETRIC_REPRESENTATION_CONTEXT() REPRESENTATION_CONTEXT('2D SPACE',''
  ) );
#1553 = PCURVE('',#1554,#1559);
#1554 = PLANE('',#1555);
#1555 = AXIS2_PLACEMENT_3D('',#1556,#1557,#1558);
#1556 = CARTESIAN_POINT('',(-5.003914495724,24.13,-5.996764324354));
#1557 = DIRECTION('',(6.031467946254E-04,0.,0.999999818107));
#1558 = DIRECTION('',(0.,-1.,0.));
#1559 = DEFINITIONAL_REPRESENTATION('',(#1560),#1565);
#1560 = B_SPLINE_CURVE_WITH_KNOTS('',3,(#1561,#1562,#1563,#1564),
  .UNSPECIFIED.,.F.,.F.,(4,4),(0.,1.),.PIECEWISE_BEZIER_KNOTS.);
#1561 = CARTESIAN_POINT('',(0.8,1.));
#1562 = CARTESIAN_POINT('',(0.8,3.666666666667));
#1563 = CARTESIAN_POINT('',(0.8,6.333333333333));
#1564 = CARTESIAN_POINT('',(0.8,9.));
#1565 = ( GEOMETRIC_REPRESENTATION_CONTEXT(2) 
PARAMETRIC_REPRESENTATION_CONTEXT() REPRESENTATION_CONTEXT('2D SPACE',''
  ) );
#1566 = ORIENTED_EDGE('',*,*,#1567,.T.);
#1567 = EDGE_CURVE('',#1537,#1568,#1570,.T.);
#1568 = VERTEX_POINT('',#1569);
#1569 = CARTESIAN_POINT('',(4.99668683214,23.33,-5.002795974193));
#1570 = SURFACE_CURVE('',#1571,(#1582,#1596),.PCURVE_S1.);
#1571 = B_SPLINE_CURVE_WITH_KNOTS('',3,(#1572,#1573,#1574,#1575,#1576,
    #1577,#1578,#1579,#1580,#1581),.UNSPECIFIED.,.F.,.F.,(4,2,2,2,4),(0.
    ,0.25,0.5,0.75,1.),.UNSPECIFIED.);
#1572 = CARTESIAN_POINT('',(3.996083867239,23.33,-6.002192645505));
#1573 = CARTESIAN_POINT('',(4.128501247528,23.33,-6.002272512638));
#1574 = CARTESIAN_POINT('',(4.256579597173,23.33,-5.976768739907));
#1575 = CARTESIAN_POINT('',(4.501046686452,23.33,-5.875837272389));
#1576 = CARTESIAN_POINT('',(4.609750507547,23.33,-5.803126980081));
#1577 = CARTESIAN_POINT('',(4.796983847281,23.33,-5.61632495823));
#1578 = CARTESIAN_POINT('',(4.869514815964,23.33,-5.507726503917));
#1579 = CARTESIAN_POINT('',(4.97115631246,23.33,-5.263140346352));
#1580 = CARTESIAN_POINT('',(4.996606735103,23.33,-5.135594529372));
#1581 = CARTESIAN_POINT('',(4.99668683214,23.33,-5.002795974193));
#1582 = PCURVE('',#73,#1583);
#1583 = DEFINITIONAL_REPRESENTATION('',(#1584),#1595);
#1584 = B_SPLINE_CURVE_WITH_KNOTS('',3,(#1585,#1586,#1587,#1588,#1589,
    #1590,#1591,#1592,#1593,#1594),.UNSPECIFIED.,.F.,.F.,(4,2,2,2,4),(0.
    ,0.25,0.5,0.75,1.),.UNSPECIFIED.);
#1585 = CARTESIAN_POINT('',(6.00241149582,3.99638039166));
#1586 = CARTESIAN_POINT('',(6.002491362953,4.12879777195));
#1587 = CARTESIAN_POINT('',(5.976987590222,4.256876121594));
#1588 = CARTESIAN_POINT('',(5.876056122704,4.501343210873));
#1589 = CARTESIAN_POINT('',(5.803345830396,4.610047031968));
#1590 = CARTESIAN_POINT('',(5.616543808545,4.797280371702));
#1591 = CARTESIAN_POINT('',(5.507945354232,4.869811340385));
#1592 = CARTESIAN_POINT('',(5.263359196667,4.971452836881));
#1593 = CARTESIAN_POINT('',(5.135813379687,4.996903259524));
#1594 = CARTESIAN_POINT('',(5.003014824508,4.996983356562));
#1595 = ( GEOMETRIC_REPRESENTATION_CONTEXT(2) 
PARAMETRIC_REPRESENTATION_CONTEXT() REPRESENTATION_CONTEXT('2D SPACE',''
  ) );
#1596 = PCURVE('',#1597,#1602);
#1597 = CYLINDRICAL_SURFACE('',#1598,1.);
#1598 = AXIS2_PLACEMENT_3D('',#1599,#1600,#1601);
#1599 = CARTESIAN_POINT('',(3.996687014033,24.13,-5.002192827398));
#1600 = DIRECTION('',(0.,-1.,0.));
#1601 = DIRECTION('',(-0.804614048975,0.,0.593798140947));
#1602 = DEFINITIONAL_REPRESENTATION('',(#1603),#1629);
#1603 = B_SPLINE_CURVE_WITH_KNOTS('',3,(#1604,#1605,#1606,#1607,#1608,
    #1609,#1610,#1611,#1612,#1613,#1614,#1615,#1616,#1617,#1618,#1619,
    #1620,#1621,#1622,#1623,#1624,#1625,#1626,#1627,#1628),
  .UNSPECIFIED.,.F.,.F.,(4,1,1,1,1,1,1,1,1,1,1,1,1,1,1,1,1,1,1,1,1,1,4),
  (0.,4.545454545455E-02,9.090909090909E-02,0.136363636364,
    0.181818181818,0.227272727273,0.272727272727,0.318181818182,
    0.363636363636,0.409090909091,0.454545454545,0.5,0.545454545455,
    0.590909090909,0.636363636364,0.681818181818,0.727272727273,
    0.772727272727,0.818181818182,0.863636363636,0.909090909091,
    0.954545454545,1.),.QUASI_UNIFORM_KNOTS.);
#1604 = CARTESIAN_POINT('',(2.205964295148,0.8));
#1605 = CARTESIAN_POINT('',(2.230041025705,0.8));
#1606 = CARTESIAN_POINT('',(2.277903023219,0.8));
#1607 = CARTESIAN_POINT('',(2.3491349823,0.8));
#1608 = CARTESIAN_POINT('',(2.420112421743,0.8));
#1609 = CARTESIAN_POINT('',(2.491165785286,0.8));
#1610 = CARTESIAN_POINT('',(2.562556522793,0.8));
#1611 = CARTESIAN_POINT('',(2.634769362638,0.8));
#1612 = CARTESIAN_POINT('',(2.706177086147,0.8));
#1613 = CARTESIAN_POINT('',(2.777254607345,0.8));
#1614 = CARTESIAN_POINT('',(2.84826887835,0.8));
#1615 = CARTESIAN_POINT('',(2.919454461637,0.8));
#1616 = CARTESIAN_POINT('',(2.9913672119,0.8));
#1617 = CARTESIAN_POINT('',(3.063251442037,0.8));
#1618 = CARTESIAN_POINT('',(3.134389205096,0.8));
#1619 = CARTESIAN_POINT('',(3.205367140207,0.8));
#1620 = CARTESIAN_POINT('',(3.276444562431,0.8));
#1621 = CARTESIAN_POINT('',(3.347898725574,0.8));
#1622 = CARTESIAN_POINT('',(3.420227082312,0.8));
#1623 = CARTESIAN_POINT('',(3.491583764528,0.8));
#1624 = CARTESIAN_POINT('',(3.562551296702,0.8));
#1625 = CARTESIAN_POINT('',(3.633448894867,0.8));
#1626 = CARTESIAN_POINT('',(3.704673038623,0.8));
#1627 = CARTESIAN_POINT('',(3.752613878046,0.8));
#1628 = CARTESIAN_POINT('',(3.776760621943,0.8));
#1629 = ( GEOMETRIC_REPRESENTATION_CONTEXT(2) 
PARAMETRIC_REPRESENTATION_CONTEXT() REPRESENTATION_CONTEXT('2D SPACE',''
  ) );
#1630 = ORIENTED_EDGE('',*,*,#1631,.T.);
#1631 = EDGE_CURVE('',#1568,#1632,#1634,.T.);
#1632 = VERTEX_POINT('',#1633);
#1633 = CARTESIAN_POINT('',(5.002718300087,23.33,4.997202206877));
#1634 = SURFACE_CURVE('',#1635,(#1640,#1648),.PCURVE_S1.);
#1635 = B_SPLINE_CURVE_WITH_KNOTS('',3,(#1636,#1637,#1638,#1639),
  .UNSPECIFIED.,.F.,.F.,(4,4),(0.,1.),.PIECEWISE_BEZIER_KNOTS.);
#1636 = CARTESIAN_POINT('',(4.99668683214,23.33,-5.002795974193));
#1637 = CARTESIAN_POINT('',(4.998697321456,23.33,-1.66946324717));
#1638 = CARTESIAN_POINT('',(5.000707810771,23.33,1.663869479853));
#1639 = CARTESIAN_POINT('',(5.002718300087,23.33,4.997202206877));
#1640 = PCURVE('',#73,#1641);
#1641 = DEFINITIONAL_REPRESENTATION('',(#1642),#1647);
#1642 = B_SPLINE_CURVE_WITH_KNOTS('',3,(#1643,#1644,#1645,#1646),
  .UNSPECIFIED.,.F.,.F.,(4,4),(0.,1.),.PIECEWISE_BEZIER_KNOTS.);
#1643 = CARTESIAN_POINT('',(5.003014824508,4.996983356562));
#1644 = CARTESIAN_POINT('',(1.669682097485,4.998993845877));
#1645 = CARTESIAN_POINT('',(-1.663650629538,5.001004335193));
#1646 = CARTESIAN_POINT('',(-4.996983356562,5.003014824508));
#1647 = ( GEOMETRIC_REPRESENTATION_CONTEXT(2) 
PARAMETRIC_REPRESENTATION_CONTEXT() REPRESENTATION_CONTEXT('2D SPACE',''
  ) );
#1648 = PCURVE('',#1649,#1654);
#1649 = PLANE('',#1650);
#1650 = AXIS2_PLACEMENT_3D('',#1651,#1652,#1653);
#1651 = CARTESIAN_POINT('',(4.996083685346,24.13,-6.0027957923));
#1652 = DIRECTION('',(-0.999999818107,0.,6.03146794625E-04));
#1653 = DIRECTION('',(0.,1.,0.));
#1654 = DEFINITIONAL_REPRESENTATION('',(#1655),#1660);
#1655 = B_SPLINE_CURVE_WITH_KNOTS('',3,(#1656,#1657,#1658,#1659),
  .UNSPECIFIED.,.F.,.F.,(4,4),(0.,1.),.PIECEWISE_BEZIER_KNOTS.);
#1656 = CARTESIAN_POINT('',(-0.8,-1.));
#1657 = CARTESIAN_POINT('',(-0.8,-4.333333333333));
#1658 = CARTESIAN_POINT('',(-0.8,-7.666666666667));
#1659 = CARTESIAN_POINT('',(-0.8,-11.));
#1660 = ( GEOMETRIC_REPRESENTATION_CONTEXT(2) 
PARAMETRIC_REPRESENTATION_CONTEXT() REPRESENTATION_CONTEXT('2D SPACE',''
  ) );
#1661 = ORIENTED_EDGE('',*,*,#1662,.T.);
#1662 = EDGE_CURVE('',#1632,#1663,#1665,.T.);
#1663 = VERTEX_POINT('',#1664);
#1664 = CARTESIAN_POINT('',(4.003321628774,23.33,5.997805171778));
#1665 = SURFACE_CURVE('',#1666,(#1677,#1691),.PCURVE_S1.);
#1666 = B_SPLINE_CURVE_WITH_KNOTS('',3,(#1667,#1668,#1669,#1670,#1671,
    #1672,#1673,#1674,#1675,#1676),.UNSPECIFIED.,.F.,.F.,(4,2,2,2,4),(0.
    ,0.25,0.5,0.75,1.),.UNSPECIFIED.);
#1667 = CARTESIAN_POINT('',(5.002718300087,23.33,4.997202206877));
#1668 = CARTESIAN_POINT('',(5.00279816722,23.33,5.129619587166));
#1669 = CARTESIAN_POINT('',(4.977294394488,23.33,5.25769793681));
#1670 = CARTESIAN_POINT('',(4.87636292697,23.33,5.50216502609));
#1671 = CARTESIAN_POINT('',(4.803652634663,23.33,5.610868847184));
#1672 = CARTESIAN_POINT('',(4.616850612811,23.33,5.798102186919));
#1673 = CARTESIAN_POINT('',(4.508252158499,23.33,5.870633155602));
#1674 = CARTESIAN_POINT('',(4.263666000933,23.33,5.972274652098));
#1675 = CARTESIAN_POINT('',(4.136120183953,23.33,5.997725074741));
#1676 = CARTESIAN_POINT('',(4.003321628774,23.33,5.997805171778));
#1677 = PCURVE('',#73,#1678);
#1678 = DEFINITIONAL_REPRESENTATION('',(#1679),#1690);
#1679 = B_SPLINE_CURVE_WITH_KNOTS('',3,(#1680,#1681,#1682,#1683,#1684,
    #1685,#1686,#1687,#1688,#1689),.UNSPECIFIED.,.F.,.F.,(4,2,2,2,4),(0.
    ,0.25,0.5,0.75,1.),.UNSPECIFIED.);
#1680 = CARTESIAN_POINT('',(-4.996983356562,5.003014824508));
#1681 = CARTESIAN_POINT('',(-5.129400736851,5.003094691641));
#1682 = CARTESIAN_POINT('',(-5.257479086495,4.97759091891));
#1683 = CARTESIAN_POINT('',(-5.501946175775,4.876659451392));
#1684 = CARTESIAN_POINT('',(-5.610649996869,4.803949159084));
#1685 = CARTESIAN_POINT('',(-5.797883336604,4.617147137232));
#1686 = CARTESIAN_POINT('',(-5.870414305287,4.50854868292));
#1687 = CARTESIAN_POINT('',(-5.972055801783,4.263962525355));
#1688 = CARTESIAN_POINT('',(-5.997506224426,4.136416708374));
#1689 = CARTESIAN_POINT('',(-5.997586321463,4.003618153196));
#1690 = ( GEOMETRIC_REPRESENTATION_CONTEXT(2) 
PARAMETRIC_REPRESENTATION_CONTEXT() REPRESENTATION_CONTEXT('2D SPACE',''
  ) );
#1691 = PCURVE('',#1692,#1697);
#1692 = CYLINDRICAL_SURFACE('',#1693,1.);
#1693 = AXIS2_PLACEMENT_3D('',#1694,#1695,#1696);
#1694 = CARTESIAN_POINT('',(4.00271848198,24.13,4.997805353671));
#1695 = DIRECTION('',(0.,-1.,0.));
#1696 = DIRECTION('',(-0.804614048975,0.,0.593798140947));
#1697 = DEFINITIONAL_REPRESENTATION('',(#1698),#1724);
#1698 = B_SPLINE_CURVE_WITH_KNOTS('',3,(#1699,#1700,#1701,#1702,#1703,
    #1704,#1705,#1706,#1707,#1708,#1709,#1710,#1711,#1712,#1713,#1714,
    #1715,#1716,#1717,#1718,#1719,#1720,#1721,#1722,#1723),
  .UNSPECIFIED.,.F.,.F.,(4,1,1,1,1,1,1,1,1,1,1,1,1,1,1,1,1,1,1,1,1,1,4),
  (0.,4.545454545455E-02,9.090909090909E-02,0.136363636364,
    0.181818181818,0.227272727273,0.272727272727,0.318181818182,
    0.363636363636,0.409090909091,0.454545454545,0.5,0.545454545455,
    0.590909090909,0.636363636364,0.681818181818,0.727272727273,
    0.772727272727,0.818181818182,0.863636363636,0.909090909091,
    0.954545454545,1.),.QUASI_UNIFORM_KNOTS.);
#1699 = CARTESIAN_POINT('',(3.776760621943,0.8));
#1700 = CARTESIAN_POINT('',(3.8008373525,0.8));
#1701 = CARTESIAN_POINT('',(3.848699350014,0.8));
#1702 = CARTESIAN_POINT('',(3.919931309095,0.8));
#1703 = CARTESIAN_POINT('',(3.990908748538,0.8));
#1704 = CARTESIAN_POINT('',(4.06196211208,0.8));
#1705 = CARTESIAN_POINT('',(4.133352849588,0.8));
#1706 = CARTESIAN_POINT('',(4.205565689433,0.8));
#1707 = CARTESIAN_POINT('',(4.276973412942,0.8));
#1708 = CARTESIAN_POINT('',(4.34805093414,0.8));
#1709 = CARTESIAN_POINT('',(4.419065205145,0.8));
#1710 = CARTESIAN_POINT('',(4.490250788432,0.8));
#1711 = CARTESIAN_POINT('',(4.562163538695,0.8));
#1712 = CARTESIAN_POINT('',(4.634047768832,0.8));
#1713 = CARTESIAN_POINT('',(4.705185531891,0.8));
#1714 = CARTESIAN_POINT('',(4.776163467002,0.8));
#1715 = CARTESIAN_POINT('',(4.847240889226,0.8));
#1716 = CARTESIAN_POINT('',(4.918695052369,0.8));
#1717 = CARTESIAN_POINT('',(4.991023409107,0.8));
#1718 = CARTESIAN_POINT('',(5.062380091323,0.8));
#1719 = CARTESIAN_POINT('',(5.133347623497,0.8));
#1720 = CARTESIAN_POINT('',(5.204245221662,0.8));
#1721 = CARTESIAN_POINT('',(5.275469365418,0.8));
#1722 = CARTESIAN_POINT('',(5.323410204841,0.8));
#1723 = CARTESIAN_POINT('',(5.347556948738,0.8));
#1724 = ( GEOMETRIC_REPRESENTATION_CONTEXT(2) 
PARAMETRIC_REPRESENTATION_CONTEXT() REPRESENTATION_CONTEXT('2D SPACE',''
  ) );
#1725 = ORIENTED_EDGE('',*,*,#1726,.T.);
#1726 = EDGE_CURVE('',#1663,#1727,#1729,.T.);
#1727 = VERTEX_POINT('',#1728);
#1728 = CARTESIAN_POINT('',(-3.996676916081,23.33,6.002630346135));
#1729 = SURFACE_CURVE('',#1730,(#1735,#1743),.PCURVE_S1.);
#1730 = B_SPLINE_CURVE_WITH_KNOTS('',3,(#1731,#1732,#1733,#1734),
  .UNSPECIFIED.,.F.,.F.,(4,4),(0.,1.),.PIECEWISE_BEZIER_KNOTS.);
#1731 = CARTESIAN_POINT('',(4.003321628774,23.33,5.997805171778));
#1732 = CARTESIAN_POINT('',(1.336655447156,23.33,5.999413563231));
#1733 = CARTESIAN_POINT('',(-1.330010734463,23.33,6.001021954683));
#1734 = CARTESIAN_POINT('',(-3.996676916081,23.33,6.002630346135));
#1735 = PCURVE('',#73,#1736);
#1736 = DEFINITIONAL_REPRESENTATION('',(#1737),#1742);
#1737 = B_SPLINE_CURVE_WITH_KNOTS('',3,(#1738,#1739,#1740,#1741),
  .UNSPECIFIED.,.F.,.F.,(4,4),(0.,1.),.PIECEWISE_BEZIER_KNOTS.);
#1738 = CARTESIAN_POINT('',(-5.997586321463,4.003618153196));
#1739 = CARTESIAN_POINT('',(-5.999194712916,1.336951971577));
#1740 = CARTESIAN_POINT('',(-6.000803104368,-1.329714210042));
#1741 = CARTESIAN_POINT('',(-6.00241149582,-3.99638039166));
#1742 = ( GEOMETRIC_REPRESENTATION_CONTEXT(2) 
PARAMETRIC_REPRESENTATION_CONTEXT() REPRESENTATION_CONTEXT('2D SPACE',''
  ) );
#1743 = PCURVE('',#1744,#1749);
#1744 = PLANE('',#1745);
#1745 = AXIS2_PLACEMENT_3D('',#1746,#1747,#1748);
#1746 = CARTESIAN_POINT('',(5.003321446881,24.13,5.997202024984));
#1747 = DIRECTION('',(-6.031467946253E-04,0.,-0.999999818107));
#1748 = DIRECTION('',(-0.999999818107,0.,6.031467946253E-04));
#1749 = DEFINITIONAL_REPRESENTATION('',(#1750),#1755);
#1750 = B_SPLINE_CURVE_WITH_KNOTS('',3,(#1751,#1752,#1753,#1754),
  .UNSPECIFIED.,.F.,.F.,(4,4),(0.,1.),.PIECEWISE_BEZIER_KNOTS.);
#1751 = CARTESIAN_POINT('',(1.,-0.8));
#1752 = CARTESIAN_POINT('',(3.666666666667,-0.8));
#1753 = CARTESIAN_POINT('',(6.333333333333,-0.8));
#1754 = CARTESIAN_POINT('',(9.,-0.8));
#1755 = ( GEOMETRIC_REPRESENTATION_CONTEXT(2) 
PARAMETRIC_REPRESENTATION_CONTEXT() REPRESENTATION_CONTEXT('2D SPACE',''
  ) );
#1756 = ORIENTED_EDGE('',*,*,#1757,.T.);
#1757 = EDGE_CURVE('',#1727,#1758,#1760,.T.);
#1758 = VERTEX_POINT('',#1759);
#1759 = CARTESIAN_POINT('',(-4.801894111851,23.33,5.596428668975));
#1760 = SURFACE_CURVE('',#1761,(#1768,#1778),.PCURVE_S1.);
#1761 = B_SPLINE_CURVE_WITH_KNOTS('',3,(#1762,#1763,#1764,#1765,#1766,
    #1767),.UNSPECIFIED.,.F.,.F.,(4,2,4),(0.,0.5,1.),.UNSPECIFIED.);
#1762 = CARTESIAN_POINT('',(-3.996676916081,23.33,6.002630346135));
#1763 = CARTESIAN_POINT('',(-4.155328564872,23.33,6.002726036386));
#1764 = CARTESIAN_POINT('',(-4.305971142083,23.33,5.966846464459));
#1765 = CARTESIAN_POINT('',(-4.589384928017,23.33,5.824070400158));
#1766 = CARTESIAN_POINT('',(-4.707456953618,23.33,5.72439381238));
#1767 = CARTESIAN_POINT('',(-4.801894111851,23.33,5.596428668975));
#1768 = PCURVE('',#73,#1769);
#1769 = DEFINITIONAL_REPRESENTATION('',(#1770),#1777);
#1770 = B_SPLINE_CURVE_WITH_KNOTS('',3,(#1771,#1772,#1773,#1774,#1775,
    #1776),.UNSPECIFIED.,.F.,.F.,(4,2,4),(0.,0.5,1.),.UNSPECIFIED.);
#1771 = CARTESIAN_POINT('',(-6.00241149582,-3.99638039166));
#1772 = CARTESIAN_POINT('',(-6.002507186071,-4.155032040451));
#1773 = CARTESIAN_POINT('',(-5.966627614144,-4.305674617661));
#1774 = CARTESIAN_POINT('',(-5.823851549843,-4.589088403596));
#1775 = CARTESIAN_POINT('',(-5.724174962065,-4.707160429196));
#1776 = CARTESIAN_POINT('',(-5.59620981866,-4.80159758743));
#1777 = ( GEOMETRIC_REPRESENTATION_CONTEXT(2) 
PARAMETRIC_REPRESENTATION_CONTEXT() REPRESENTATION_CONTEXT('2D SPACE',''
  ) );
#1778 = PCURVE('',#1779,#1784);
#1779 = CYLINDRICAL_SURFACE('',#1780,1.);
#1780 = AXIS2_PLACEMENT_3D('',#1781,#1782,#1783);
#1781 = CARTESIAN_POINT('',(-3.997280062876,24.13,5.002630528028));
#1782 = DIRECTION('',(0.,-1.,0.));
#1783 = DIRECTION('',(-0.804614048975,0.,0.593798140947));
#1784 = DEFINITIONAL_REPRESENTATION('',(#1785),#1811);
#1785 = B_SPLINE_CURVE_WITH_KNOTS('',3,(#1786,#1787,#1788,#1789,#1790,
    #1791,#1792,#1793,#1794,#1795,#1796,#1797,#1798,#1799,#1800,#1801,
    #1802,#1803,#1804,#1805,#1806,#1807,#1808,#1809,#1810),
  .UNSPECIFIED.,.F.,.F.,(4,1,1,1,1,1,1,1,1,1,1,1,1,1,1,1,1,1,1,1,1,1,4),
  (0.,4.545454545455E-02,9.090909090909E-02,0.136363636364,
    0.181818181818,0.227272727273,0.272727272727,0.318181818182,
    0.363636363636,0.409090909091,0.454545454545,0.5,0.545454545455,
    0.590909090909,0.636363636364,0.681818181818,0.727272727273,
    0.772727272727,0.818181818182,0.863636363636,0.909090909091,
    0.954545454545,1.),.QUASI_UNIFORM_KNOTS.);
#1786 = CARTESIAN_POINT('',(5.347556948738,0.8));
#1787 = CARTESIAN_POINT('',(5.361980093319,0.8));
#1788 = CARTESIAN_POINT('',(5.390692611962,0.8));
#1789 = CARTESIAN_POINT('',(5.433430957553,0.8));
#1790 = CARTESIAN_POINT('',(5.475908713513,0.8));
#1791 = CARTESIAN_POINT('',(5.518199350121,0.8));
#1792 = CARTESIAN_POINT('',(5.560377742373,0.8));
#1793 = CARTESIAN_POINT('',(5.602519502909,0.8));
#1794 = CARTESIAN_POINT('',(5.644701290745,0.8));
#1795 = CARTESIAN_POINT('',(5.686995851461,0.8));
#1796 = CARTESIAN_POINT('',(5.729487217711,0.8));
#1797 = CARTESIAN_POINT('',(5.772210469325,0.8));
#1798 = CARTESIAN_POINT('',(5.815372901527,0.8));
#1799 = CARTESIAN_POINT('',(5.858524692318,0.8));
#1800 = CARTESIAN_POINT('',(5.901221958271,0.8));
#1801 = CARTESIAN_POINT('',(5.943678015468,0.8));
#1802 = CARTESIAN_POINT('',(5.985933948423,0.8));
#1803 = CARTESIAN_POINT('',(6.028079696325,0.8));
#1804 = CARTESIAN_POINT('',(6.070193736911,0.8));
#1805 = CARTESIAN_POINT('',(6.112358211525,0.8));
#1806 = CARTESIAN_POINT('',(6.154653896053,0.8));
#1807 = CARTESIAN_POINT('',(6.197160405511,0.8));
#1808 = CARTESIAN_POINT('',(6.23995552408,0.8));
#1809 = CARTESIAN_POINT('',(6.268726879514,0.8));
#1810 = CARTESIAN_POINT('',(6.28318530718,0.8));
#1811 = ( GEOMETRIC_REPRESENTATION_CONTEXT(2) 
PARAMETRIC_REPRESENTATION_CONTEXT() REPRESENTATION_CONTEXT('2D SPACE',''
  ) );
#1812 = ORIENTED_EDGE('',*,*,#1813,.T.);
#1813 = EDGE_CURVE('',#1758,#1814,#1816,.T.);
#1814 = VERTEX_POINT('',#1815);
#1815 = CARTESIAN_POINT('',(-4.997279880983,23.33,5.003233674823));
#1816 = SURFACE_CURVE('',#1817,(#1822,#1830),.PCURVE_S1.);
#1817 = B_SPLINE_CURVE_WITH_KNOTS('',3,(#1818,#1819,#1820,#1821),
  .UNSPECIFIED.,.F.,.F.,(4,4),(0.,1.),.PIECEWISE_BEZIER_KNOTS.);
#1818 = CARTESIAN_POINT('',(-4.801894111851,23.33,5.596428668975));
#1819 = CARTESIAN_POINT('',(-4.928458391745,23.33,5.424930325213));
#1820 = CARTESIAN_POINT('',(-4.997150870445,23.33,5.217129388566));
#1821 = CARTESIAN_POINT('',(-4.997279880983,23.33,5.003233674823));
#1822 = PCURVE('',#73,#1823);
#1823 = DEFINITIONAL_REPRESENTATION('',(#1824),#1829);
#1824 = B_SPLINE_CURVE_WITH_KNOTS('',3,(#1825,#1826,#1827,#1828),
  .UNSPECIFIED.,.F.,.F.,(4,4),(0.,1.),.PIECEWISE_BEZIER_KNOTS.);
#1825 = CARTESIAN_POINT('',(-5.59620981866,-4.80159758743));
#1826 = CARTESIAN_POINT('',(-5.424711474898,-4.928161867324));
#1827 = CARTESIAN_POINT('',(-5.216910538251,-4.996854346024));
#1828 = CARTESIAN_POINT('',(-5.003014824508,-4.996983356562));
#1829 = ( GEOMETRIC_REPRESENTATION_CONTEXT(2) 
PARAMETRIC_REPRESENTATION_CONTEXT() REPRESENTATION_CONTEXT('2D SPACE',''
  ) );
#1830 = PCURVE('',#1831,#1836);
#1831 = CYLINDRICAL_SURFACE('',#1832,1.);
#1832 = AXIS2_PLACEMENT_3D('',#1833,#1834,#1835);
#1833 = CARTESIAN_POINT('',(-3.997280062876,24.13,5.002630528028));
#1834 = DIRECTION('',(0.,-1.,0.));
#1835 = DIRECTION('',(-0.804614048975,0.,0.593798140947));
#1836 = DEFINITIONAL_REPRESENTATION('',(#1837),#1863);
#1837 = B_SPLINE_CURVE_WITH_KNOTS('',3,(#1838,#1839,#1840,#1841,#1842,
    #1843,#1844,#1845,#1846,#1847,#1848,#1849,#1850,#1851,#1852,#1853,
    #1854,#1855,#1856,#1857,#1858,#1859,#1860,#1861,#1862),
  .UNSPECIFIED.,.F.,.F.,(4,1,1,1,1,1,1,1,1,1,1,1,1,1,1,1,1,1,1,1,1,1,4),
  (0.,4.545454545455E-02,9.090909090909E-02,0.136363636364,
    0.181818181818,0.227272727273,0.272727272727,0.318181818182,
    0.363636363636,0.409090909091,0.454545454545,0.5,0.545454545455,
    0.590909090909,0.636363636364,0.681818181818,0.727272727273,
    0.772727272727,0.818181818182,0.863636363636,0.909090909091,
    0.954545454545,1.),.QUASI_UNIFORM_KNOTS.);
#1838 = CARTESIAN_POINT('',(0.,0.8));
#1839 = CARTESIAN_POINT('',(9.688324256663E-03,0.8));
#1840 = CARTESIAN_POINT('',(2.90437558004E-02,0.8));
#1841 = CARTESIAN_POINT('',(5.802007868123E-02,0.8));
#1842 = CARTESIAN_POINT('',(8.694650016707E-02,0.8));
#1843 = CARTESIAN_POINT('',(0.115829605318,0.8));
#1844 = CARTESIAN_POINT('',(0.144675789887,0.8));
#1845 = CARTESIAN_POINT('',(0.173491254551,0.8));
#1846 = CARTESIAN_POINT('',(0.20228204207,0.8));
#1847 = CARTESIAN_POINT('',(0.231054064254,0.8));
#1848 = CARTESIAN_POINT('',(0.259813132707,0.8));
#1849 = CARTESIAN_POINT('',(0.288564989374,0.8));
#1850 = CARTESIAN_POINT('',(0.317315337715,0.8));
#1851 = CARTESIAN_POINT('',(0.34606987404,0.8));
#1852 = CARTESIAN_POINT('',(0.37483431892,0.8));
#1853 = CARTESIAN_POINT('',(0.403614448442,0.8));
#1854 = CARTESIAN_POINT('',(0.432416125139,0.8));
#1855 = CARTESIAN_POINT('',(0.461245328471,0.8));
#1856 = CARTESIAN_POINT('',(0.490108184369,0.8));
#1857 = CARTESIAN_POINT('',(0.519010994797,0.8));
#1858 = CARTESIAN_POINT('',(0.547960262839,0.8));
#1859 = CARTESIAN_POINT('',(0.576962729175,0.8));
#1860 = CARTESIAN_POINT('',(0.606025359726,0.8));
#1861 = CARTESIAN_POINT('',(0.625445458716,0.8));
#1862 = CARTESIAN_POINT('',(0.635167968353,0.8));
#1863 = ( GEOMETRIC_REPRESENTATION_CONTEXT(2) 
PARAMETRIC_REPRESENTATION_CONTEXT() REPRESENTATION_CONTEXT('2D SPACE',''
  ) );
#1864 = ORIENTED_EDGE('',*,*,#1865,.T.);
#1865 = EDGE_CURVE('',#1814,#1866,#1868,.T.);
#1866 = VERTEX_POINT('',#1867);
#1867 = CARTESIAN_POINT('',(-5.003311348929,23.33,-4.996764506247));
#1868 = SURFACE_CURVE('',#1869,(#1874,#1882),.PCURVE_S1.);
#1869 = B_SPLINE_CURVE_WITH_KNOTS('',3,(#1870,#1871,#1872,#1873),
  .UNSPECIFIED.,.F.,.F.,(4,4),(0.,1.),.PIECEWISE_BEZIER_KNOTS.);
#1870 = CARTESIAN_POINT('',(-4.997279880983,23.33,5.003233674823));
#1871 = CARTESIAN_POINT('',(-4.999290370298,23.33,1.6699009478));
#1872 = CARTESIAN_POINT('',(-5.001300859614,23.33,-1.663431779223));
#1873 = CARTESIAN_POINT('',(-5.003311348929,23.33,-4.996764506247));
#1874 = PCURVE('',#73,#1875);
#1875 = DEFINITIONAL_REPRESENTATION('',(#1876),#1881);
#1876 = B_SPLINE_CURVE_WITH_KNOTS('',3,(#1877,#1878,#1879,#1880),
  .UNSPECIFIED.,.F.,.F.,(4,4),(0.,1.),.PIECEWISE_BEZIER_KNOTS.);
#1877 = CARTESIAN_POINT('',(-5.003014824508,-4.996983356562));
#1878 = CARTESIAN_POINT('',(-1.669682097485,-4.998993845877));
#1879 = CARTESIAN_POINT('',(1.663650629538,-5.001004335193));
#1880 = CARTESIAN_POINT('',(4.996983356562,-5.003014824508));
#1881 = ( GEOMETRIC_REPRESENTATION_CONTEXT(2) 
PARAMETRIC_REPRESENTATION_CONTEXT() REPRESENTATION_CONTEXT('2D SPACE',''
  ) );
#1882 = PCURVE('',#1883,#1888);
#1883 = PLANE('',#1884);
#1884 = AXIS2_PLACEMENT_3D('',#1885,#1886,#1887);
#1885 = CARTESIAN_POINT('',(-4.996676734188,24.13,6.00323349293));
#1886 = DIRECTION('',(0.999999818107,0.,-6.031467946256E-04));
#1887 = DIRECTION('',(0.,-1.,0.));
#1888 = DEFINITIONAL_REPRESENTATION('',(#1889),#1894);
#1889 = B_SPLINE_CURVE_WITH_KNOTS('',3,(#1890,#1891,#1892,#1893),
  .UNSPECIFIED.,.F.,.F.,(4,4),(0.,1.),.PIECEWISE_BEZIER_KNOTS.);
#1890 = CARTESIAN_POINT('',(0.8,1.));
#1891 = CARTESIAN_POINT('',(0.8,4.333333333333));
#1892 = CARTESIAN_POINT('',(0.8,7.666666666667));
#1893 = CARTESIAN_POINT('',(0.8,11.));
#1894 = ( GEOMETRIC_REPRESENTATION_CONTEXT(2) 
PARAMETRIC_REPRESENTATION_CONTEXT() REPRESENTATION_CONTEXT('2D SPACE',''
  ) );
#1895 = ORIENTED_EDGE('',*,*,#1896,.T.);
#1896 = EDGE_CURVE('',#1866,#1535,#1897,.T.);
#1897 = SURFACE_CURVE('',#1898,(#1909,#1923),.PCURVE_S1.);
#1898 = B_SPLINE_CURVE_WITH_KNOTS('',3,(#1899,#1900,#1901,#1902,#1903,
    #1904,#1905,#1906,#1907,#1908),.UNSPECIFIED.,.F.,.F.,(4,2,2,2,4),(0.
    ,0.25,0.5,0.75,1.),.UNSPECIFIED.);
#1899 = CARTESIAN_POINT('',(-5.003311348929,23.33,-4.996764506247));
#1900 = CARTESIAN_POINT('',(-5.003391216062,23.33,-5.129181886536));
#1901 = CARTESIAN_POINT('',(-4.977887443331,23.33,-5.25726023618));
#1902 = CARTESIAN_POINT('',(-4.876955975813,23.33,-5.50172732546));
#1903 = CARTESIAN_POINT('',(-4.804245683506,23.33,-5.610431146554));
#1904 = CARTESIAN_POINT('',(-4.617443661654,23.33,-5.797664486289));
#1905 = CARTESIAN_POINT('',(-4.508845207342,23.33,-5.870195454971));
#1906 = CARTESIAN_POINT('',(-4.264259049776,23.33,-5.971836951468));
#1907 = CARTESIAN_POINT('',(-4.136713232795,23.33,-5.997287374111));
#1908 = CARTESIAN_POINT('',(-4.003914677617,23.33,-5.997367471148));
#1909 = PCURVE('',#73,#1910);
#1910 = DEFINITIONAL_REPRESENTATION('',(#1911),#1922);
#1911 = B_SPLINE_CURVE_WITH_KNOTS('',3,(#1912,#1913,#1914,#1915,#1916,
    #1917,#1918,#1919,#1920,#1921),.UNSPECIFIED.,.F.,.F.,(4,2,2,2,4),(0.
    ,0.25,0.5,0.75,1.),.UNSPECIFIED.);
#1912 = CARTESIAN_POINT('',(4.996983356562,-5.003014824508));
#1913 = CARTESIAN_POINT('',(5.129400736851,-5.003094691641));
#1914 = CARTESIAN_POINT('',(5.257479086495,-4.977590918909));
#1915 = CARTESIAN_POINT('',(5.501946175775,-4.876659451392));
#1916 = CARTESIAN_POINT('',(5.610649996869,-4.803949159084));
#1917 = CARTESIAN_POINT('',(5.797883336604,-4.617147137232));
#1918 = CARTESIAN_POINT('',(5.870414305287,-4.50854868292));
#1919 = CARTESIAN_POINT('',(5.972055801783,-4.263962525354));
#1920 = CARTESIAN_POINT('',(5.997506224426,-4.136416708374));
#1921 = CARTESIAN_POINT('',(5.997586321463,-4.003618153196));
#1922 = ( GEOMETRIC_REPRESENTATION_CONTEXT(2) 
PARAMETRIC_REPRESENTATION_CONTEXT() REPRESENTATION_CONTEXT('2D SPACE',''
  ) );
#1923 = PCURVE('',#1924,#1929);
#1924 = CYLINDRICAL_SURFACE('',#1925,1.);
#1925 = AXIS2_PLACEMENT_3D('',#1926,#1927,#1928);
#1926 = CARTESIAN_POINT('',(-4.003311530822,24.13,-4.997367653041));
#1927 = DIRECTION('',(0.,-1.,0.));
#1928 = DIRECTION('',(-0.804614048975,0.,0.593798140947));
#1929 = DEFINITIONAL_REPRESENTATION('',(#1930),#1956);
#1930 = B_SPLINE_CURVE_WITH_KNOTS('',3,(#1931,#1932,#1933,#1934,#1935,
    #1936,#1937,#1938,#1939,#1940,#1941,#1942,#1943,#1944,#1945,#1946,
    #1947,#1948,#1949,#1950,#1951,#1952,#1953,#1954,#1955),
  .UNSPECIFIED.,.F.,.F.,(4,1,1,1,1,1,1,1,1,1,1,1,1,1,1,1,1,1,1,1,1,1,4),
  (0.,4.545454545455E-02,9.090909090909E-02,0.136363636364,
    0.181818181818,0.227272727273,0.272727272727,0.318181818182,
    0.363636363636,0.409090909091,0.454545454545,0.5,0.545454545455,
    0.590909090909,0.636363636364,0.681818181818,0.727272727273,
    0.772727272727,0.818181818182,0.863636363636,0.909090909091,
    0.954545454545,1.),.QUASI_UNIFORM_KNOTS.);
#1931 = CARTESIAN_POINT('',(0.635167968353,0.8));
#1932 = CARTESIAN_POINT('',(0.65924469891,0.8));
#1933 = CARTESIAN_POINT('',(0.707106696424,0.8));
#1934 = CARTESIAN_POINT('',(0.778338655505,0.8));
#1935 = CARTESIAN_POINT('',(0.849316094948,0.8));
#1936 = CARTESIAN_POINT('',(0.920369458491,0.8));
#1937 = CARTESIAN_POINT('',(0.991760195998,0.8));
#1938 = CARTESIAN_POINT('',(1.063973035843,0.8));
#1939 = CARTESIAN_POINT('',(1.135380759353,0.8));
#1940 = CARTESIAN_POINT('',(1.20645828055,0.8));
#1941 = CARTESIAN_POINT('',(1.277472551555,0.8));
#1942 = CARTESIAN_POINT('',(1.348658134842,0.8));
#1943 = CARTESIAN_POINT('',(1.420570885105,0.8));
#1944 = CARTESIAN_POINT('',(1.492455115243,0.8));
#1945 = CARTESIAN_POINT('',(1.563592878302,0.8));
#1946 = CARTESIAN_POINT('',(1.634570813412,0.8));
#1947 = CARTESIAN_POINT('',(1.705648235636,0.8));
#1948 = CARTESIAN_POINT('',(1.777102398779,0.8));
#1949 = CARTESIAN_POINT('',(1.849430755517,0.8));
#1950 = CARTESIAN_POINT('',(1.920787437734,0.8));
#1951 = CARTESIAN_POINT('',(1.991754969907,0.8));
#1952 = CARTESIAN_POINT('',(2.062652568072,0.8));
#1953 = CARTESIAN_POINT('',(2.133876711828,0.8));
#1954 = CARTESIAN_POINT('',(2.181817551251,0.8));
#1955 = CARTESIAN_POINT('',(2.205964295148,0.8));
#1956 = ( GEOMETRIC_REPRESENTATION_CONTEXT(2) 
PARAMETRIC_REPRESENTATION_CONTEXT() REPRESENTATION_CONTEXT('2D SPACE',''
  ) );
#1957 = ADVANCED_FACE('',(#1958),#108,.F.);
#1958 = FACE_BOUND('',#1959,.F.);
#1959 = EDGE_LOOP('',(#1960,#1961,#2052,#2053));
#1960 = ORIENTED_EDGE('',*,*,#217,.F.);
#1961 = ORIENTED_EDGE('',*,*,#1962,.T.);
#1962 = EDGE_CURVE('',#120,#93,#1963,.T.);
#1963 = SURFACE_CURVE('',#1964,(#1981,#2032),.PCURVE_S1.);
#1964 = B_SPLINE_CURVE_WITH_KNOTS('',3,(#1965,#1966,#1967,#1968,#1969,
    #1970,#1971,#1972,#1973,#1974,#1975,#1976,#1977,#1978,#1979,#1980),
  .UNSPECIFIED.,.F.,.F.,(4,2,2,2,2,2,2,4),(0.,0.125,0.25,0.375,0.5,0.625
    ,0.75,1.),.UNSPECIFIED.);
#1965 = CARTESIAN_POINT('',(-0.500466424864,24.13,4.870876959808));
#1966 = CARTESIAN_POINT('',(-0.549793436069,24.13,4.804037400246));
#1967 = CARTESIAN_POINT('',(-0.584244438706,24.13,4.730998744446));
#1968 = CARTESIAN_POINT('',(-0.624174802464,24.13,4.569364352577));
#1969 = CARTESIAN_POINT('',(-0.62808133728,24.13,4.488890470401));
#1970 = CARTESIAN_POINT('',(-0.603117379213,24.13,4.324279075344));
#1971 = CARTESIAN_POINT('',(-0.575930525327,24.13,4.248435936549));
#1972 = CARTESIAN_POINT('',(-0.489872781751,24.13,4.105908130996));
#1973 = CARTESIAN_POINT('',(-0.435731491216,24.13,4.046242165942));
#1974 = CARTESIAN_POINT('',(-0.301681473477,24.13,3.947496516271));
#1975 = CARTESIAN_POINT('',(-0.228828266985,24.13,3.913091327265));
#1976 = CARTESIAN_POINT('',(-6.719387511545E-02,24.13,3.873160963506));
#1977 = CARTESIAN_POINT('',(1.328000705994E-02,24.13,3.86925442869));
#1978 = CARTESIAN_POINT('',(0.260197099645,24.13,3.90670036579));
#1979 = CARTESIAN_POINT('',(0.407099797225,24.13,3.995563563738));
#1980 = CARTESIAN_POINT('',(0.505301136355,24.13,4.128629283624));
#1981 = PCURVE('',#108,#1982);
#1982 = DEFINITIONAL_REPRESENTATION('',(#1983),#2031);
#1983 = B_SPLINE_CURVE_WITH_KNOTS('',3,(#1984,#1985,#1986,#1987,#1988,
    #1989,#1990,#1991,#1992,#1993,#1994,#1995,#1996,#1997,#1998,#1999,
    #2000,#2001,#2002,#2003,#2004,#2005,#2006,#2007,#2008,#2009,#2010,
    #2011,#2012,#2013,#2014,#2015,#2016,#2017,#2018,#2019,#2020,#2021,
    #2022,#2023,#2024,#2025,#2026,#2027,#2028,#2029,#2030),
  .UNSPECIFIED.,.F.,.F.,(4,1,1,1,1,1,1,1,1,1,1,1,1,1,1,1,1,1,1,1,1,1,1,1
    ,1,1,1,1,1,1,1,1,1,1,1,1,1,1,1,1,1,1,1,1,4),(0.,2.272727272727E-02,
    4.545454545455E-02,6.818181818182E-02,9.090909090909E-02,
    0.113636363636,0.136363636364,0.159090909091,0.181818181818,
    0.204545454545,0.227272727273,0.25,0.272727272727,0.295454545455,
    0.318181818182,0.340909090909,0.363636363636,0.386363636364,
    0.409090909091,0.431818181818,0.454545454545,0.477272727273,0.5,
    0.522727272727,0.545454545455,0.568181818182,0.590909090909,
    0.613636363636,0.636363636364,0.659090909091,0.681818181818,
    0.704545454545,0.727272727273,0.75,0.772727272727,0.795454545455,
    0.818181818182,0.840909090909,0.863636363636,0.886363636364,
    0.909090909091,0.931818181818,0.954545454545,0.977272727273,1.),
  .QUASI_UNIFORM_KNOTS.);
#1984 = CARTESIAN_POINT('',(3.14159265359,0.));
#1985 = CARTESIAN_POINT('',(3.117424314083,2.171102803711E-15));
#1986 = CARTESIAN_POINT('',(3.069504328476,4.353390528974E-15));
#1987 = CARTESIAN_POINT('',(2.998412331124,2.822761015827E-15));
#1988 = CARTESIAN_POINT('',(2.927661738039,5.671847480522E-15));
#1989 = CARTESIAN_POINT('',(2.85675164415,-4.193868865113E-15));
#1990 = CARTESIAN_POINT('',(2.785286300301,1.110362797993E-14));
#1991 = CARTESIAN_POINT('',(2.712499896901,2.411921091001E-15));
#1992 = CARTESIAN_POINT('',(2.641059007658,5.649697288677E-16));
#1993 = CARTESIAN_POINT('',(2.570198513322,-4.671800006472E-15));
#1994 = CARTESIAN_POINT('',(2.499466370402,-3.194051775781E-15));
#1995 = CARTESIAN_POINT('',(2.4284518535,-3.868274963205E-15));
#1996 = CARTESIAN_POINT('',(2.356197417141,-2.649130444201E-15));
#1997 = CARTESIAN_POINT('',(2.283925419091,-6.851485332795E-15));
#1998 = CARTESIAN_POINT('',(2.21289064848,8.738789702579E-15));
#1999 = CARTESIAN_POINT('',(2.142153702019,-6.787391404718E-15));
#2000 = CARTESIAN_POINT('',(2.071306630633,-2.905506156509E-15));
#2001 = CARTESIAN_POINT('',(1.999889623246,-2.906866042049E-15));
#2002 = CARTESIAN_POINT('',(1.927101335239,-6.783311748098E-15));
#2003 = CARTESIAN_POINT('',(1.855660950975,8.723830961638E-15));
#2004 = CARTESIAN_POINT('',(1.784800321331,-6.795730025652E-15));
#2005 = CARTESIAN_POINT('',(1.714068214664,-2.857192931834E-15));
#2006 = CARTESIAN_POINT('',(1.643053688058,-3.091780319817E-15));
#2007 = CARTESIAN_POINT('',(1.570799254263,-6.091967861703E-15));
#2008 = CARTESIAN_POINT('',(1.498527255658,6.143369693825E-15));
#2009 = CARTESIAN_POINT('',(1.427492484704,2.834771159204E-15));
#2010 = CARTESIAN_POINT('',(1.356755540172,3.83382774216E-15));
#2011 = CARTESIAN_POINT('',(1.285908461413,3.146199944958E-15));
#2012 = CARTESIAN_POINT('',(1.214491481587,4.897654550811E-15));
#2013 = CARTESIAN_POINT('',(1.141703090711,-1.420536075398E-15));
#2014 = CARTESIAN_POINT('',(1.070263090364,7.844897507804E-16));
#2015 = CARTESIAN_POINT('',(0.99940102792,-1.717422927724E-15));
#2016 = CARTESIAN_POINT('',(0.928674268535,6.085201960114E-15));
#2017 = CARTESIAN_POINT('',(0.857639785599,-1.30710283993E-15));
#2018 = CARTESIAN_POINT('',(0.785459829842,-8.567906003925E-16));
#2019 = CARTESIAN_POINT('',(0.712909875418,4.734265241501E-15));
#2020 = CARTESIAN_POINT('',(0.641125875835,3.236011707193E-15));
#2021 = CARTESIAN_POINT('',(0.569656772758,3.63797000253E-15));
#2022 = CARTESIAN_POINT('',(0.498487891045,3.52839035549E-15));
#2023 = CARTESIAN_POINT('',(0.427496403539,3.564750648312E-15));
#2024 = CARTESIAN_POINT('',(0.356594455809,3.528889124065E-15));
#2025 = CARTESIAN_POINT('',(0.285687733278,3.635974928229E-15));
#2026 = CARTESIAN_POINT('',(0.214683443525,3.24349323582E-15));
#2027 = CARTESIAN_POINT('',(0.143484681518,4.706334201293E-15));
#2028 = CARTESIAN_POINT('',(7.198995190758E-02,-7.525479681883E-16));
#2029 = CARTESIAN_POINT('',(2.405425335494E-02,-1.381610875089E-15));
#2030 = CARTESIAN_POINT('',(0.,0.));
#2031 = ( GEOMETRIC_REPRESENTATION_CONTEXT(2) 
PARAMETRIC_REPRESENTATION_CONTEXT() REPRESENTATION_CONTEXT('2D SPACE',''
  ) );
#2032 = PCURVE('',#192,#2033);
#2033 = DEFINITIONAL_REPRESENTATION('',(#2034),#2051);
#2034 = B_SPLINE_CURVE_WITH_KNOTS('',3,(#2035,#2036,#2037,#2038,#2039,
    #2040,#2041,#2042,#2043,#2044,#2045,#2046,#2047,#2048,#2049,#2050),
  .UNSPECIFIED.,.F.,.F.,(4,2,2,2,2,2,2,4),(0.,0.125,0.25,0.375,0.5,0.625
    ,0.75,1.),.UNSPECIFIED.);
#2035 = CARTESIAN_POINT('',(-4.870658109493,-0.500169900443));
#2036 = CARTESIAN_POINT('',(-4.803818549931,-0.549496911647));
#2037 = CARTESIAN_POINT('',(-4.730779894131,-0.583947914285));
#2038 = CARTESIAN_POINT('',(-4.569145502262,-0.623878278043));
#2039 = CARTESIAN_POINT('',(-4.488671620086,-0.627784812859));
#2040 = CARTESIAN_POINT('',(-4.324060225029,-0.602820854792));
#2041 = CARTESIAN_POINT('',(-4.248217086234,-0.575634000905));
#2042 = CARTESIAN_POINT('',(-4.105689280681,-0.48957625733));
#2043 = CARTESIAN_POINT('',(-4.046023315627,-0.435434966795));
#2044 = CARTESIAN_POINT('',(-3.947277665956,-0.301384949055));
#2045 = CARTESIAN_POINT('',(-3.91287247695,-0.228531742564));
#2046 = CARTESIAN_POINT('',(-3.872942113191,-6.689735069411E-02));
#2047 = CARTESIAN_POINT('',(-3.869035578375,1.357653148128E-02));
#2048 = CARTESIAN_POINT('',(-3.906481515475,0.260493624067));
#2049 = CARTESIAN_POINT('',(-3.995344713423,0.407396321646));
#2050 = CARTESIAN_POINT('',(-4.128410433309,0.505597660776));
#2051 = ( GEOMETRIC_REPRESENTATION_CONTEXT(2) 
PARAMETRIC_REPRESENTATION_CONTEXT() REPRESENTATION_CONTEXT('2D SPACE',''
  ) );
#2052 = ORIENTED_EDGE('',*,*,#92,.F.);
#2053 = ORIENTED_EDGE('',*,*,#1474,.T.);
#2054 = ADVANCED_FACE('',(#2055,#2389,#2393,#2513,#2719,#2925,#3045,
    #3139),#192,.F.);
#2055 = FACE_BOUND('',#2056,.T.);
#2056 = EDGE_LOOP('',(#2057,#2110,#2136,#2187,#2213,#2264,#2290,#2337,
    #2365));
#2057 = ORIENTED_EDGE('',*,*,#2058,.F.);
#2058 = EDGE_CURVE('',#2059,#2061,#2063,.T.);
#2059 = VERTEX_POINT('',#2060);
#2060 = CARTESIAN_POINT('',(5.002718300087,24.13,4.997202206877));
#2061 = VERTEX_POINT('',#2062);
#2062 = CARTESIAN_POINT('',(4.003321628774,24.13,5.997805171778));
#2063 = SURFACE_CURVE('',#2064,(#2071,#2081),.PCURVE_S1.);
#2064 = B_SPLINE_CURVE_WITH_KNOTS('',3,(#2065,#2066,#2067,#2068,#2069,
    #2070),.UNSPECIFIED.,.F.,.F.,(4,2,4),(0.,0.5,1.),.UNSPECIFIED.);
#2065 = CARTESIAN_POINT('',(5.002718300087,24.13,4.997202206877));
#2066 = CARTESIAN_POINT('',(5.002876203548,24.13,5.259001547056));
#2067 = CARTESIAN_POINT('',(4.89526005788,24.13,5.519253773692));
#2068 = CARTESIAN_POINT('',(4.525243189594,24.13,5.889717260411));
#2069 = CARTESIAN_POINT('',(4.265120968954,24.13,5.997647268317));
#2070 = CARTESIAN_POINT('',(4.003321628774,24.13,5.997805171778));
#2071 = PCURVE('',#192,#2072);
#2072 = DEFINITIONAL_REPRESENTATION('',(#2073),#2080);
#2073 = B_SPLINE_CURVE_WITH_KNOTS('',3,(#2074,#2075,#2076,#2077,#2078,
    #2079),.UNSPECIFIED.,.F.,.F.,(4,2,4),(0.,0.5,1.),.UNSPECIFIED.);
#2074 = CARTESIAN_POINT('',(-4.996983356562,5.003014824508));
#2075 = CARTESIAN_POINT('',(-5.258782696741,5.00317272797));
#2076 = CARTESIAN_POINT('',(-5.519034923377,4.895556582301));
#2077 = CARTESIAN_POINT('',(-5.889498410096,4.525539714016));
#2078 = CARTESIAN_POINT('',(-5.997428418002,4.265417493375));
#2079 = CARTESIAN_POINT('',(-5.997586321463,4.003618153196));
#2080 = ( GEOMETRIC_REPRESENTATION_CONTEXT(2) 
PARAMETRIC_REPRESENTATION_CONTEXT() REPRESENTATION_CONTEXT('2D SPACE',''
  ) );
#2081 = PCURVE('',#1692,#2082);
#2082 = DEFINITIONAL_REPRESENTATION('',(#2083),#2109);
#2083 = B_SPLINE_CURVE_WITH_KNOTS('',3,(#2084,#2085,#2086,#2087,#2088,
    #2089,#2090,#2091,#2092,#2093,#2094,#2095,#2096,#2097,#2098,#2099,
    #2100,#2101,#2102,#2103,#2104,#2105,#2106,#2107,#2108),
  .UNSPECIFIED.,.F.,.F.,(4,1,1,1,1,1,1,1,1,1,1,1,1,1,1,1,1,1,1,1,1,1,4),
  (0.,4.545454545455E-02,9.090909090909E-02,0.136363636364,
    0.181818181818,0.227272727273,0.272727272727,0.318181818182,
    0.363636363636,0.409090909091,0.454545454545,0.5,0.545454545455,
    0.590909090909,0.636363636364,0.681818181818,0.727272727273,
    0.772727272727,0.818181818182,0.863636363636,0.909090909091,
    0.954545454545,1.),.QUASI_UNIFORM_KNOTS.);
#2084 = CARTESIAN_POINT('',(3.776760621943,0.));
#2085 = CARTESIAN_POINT('',(3.800558055376,1.7763568394E-15));
#2086 = CARTESIAN_POINT('',(3.848135964753,3.900067949546E-15));
#2087 = CARTESIAN_POINT('',(3.919486600189,5.001508990292E-15));
#2088 = CARTESIAN_POINT('',(3.990866070297,-2.58982183791E-15));
#2089 = CARTESIAN_POINT('',(4.06228297025,5.35777836135E-15));
#2090 = CARTESIAN_POINT('',(4.133730348843,2.474990465313E-15));
#2091 = CARTESIAN_POINT('',(4.205189049867,6.0585418502E-15));
#2092 = CARTESIAN_POINT('',(4.276636479898,-5.392875793309E-15));
#2093 = CARTESIAN_POINT('',(4.348053174099,-5.803320749767E-15));
#2094 = CARTESIAN_POINT('',(4.41943341578,7.289876719573E-15));
#2095 = CARTESIAN_POINT('',(4.490781170672,-2.039904055723E-15));
#2096 = CARTESIAN_POINT('',(4.56215878534,8.697395033194E-16));
#2097 = CARTESIAN_POINT('',(4.633536400009,-1.439053957555E-15));
#2098 = CARTESIAN_POINT('',(4.704884154901,4.886476326899E-15));
#2099 = CARTESIAN_POINT('',(4.776264396582,3.209430722762E-15));
#2100 = CARTESIAN_POINT('',(4.847681090782,3.592082854857E-15));
#2101 = CARTESIAN_POINT('',(4.919128520814,3.738519930613E-15));
#2102 = CARTESIAN_POINT('',(4.990587221837,2.770119495493E-15));
#2103 = CARTESIAN_POINT('',(5.062034600431,6.497284160218E-15));
#2104 = CARTESIAN_POINT('',(5.133451500384,-7.442974063563E-15));
#2105 = CARTESIAN_POINT('',(5.204830970491,1.958330021231E-15));
#2106 = CARTESIAN_POINT('',(5.276181605927,-3.903460213612E-16));
#2107 = CARTESIAN_POINT('',(5.323759515305,-3.947459643112E-16));
#2108 = CARTESIAN_POINT('',(5.347556948738,0.));
#2109 = ( GEOMETRIC_REPRESENTATION_CONTEXT(2) 
PARAMETRIC_REPRESENTATION_CONTEXT() REPRESENTATION_CONTEXT('2D SPACE',''
  ) );
#2110 = ORIENTED_EDGE('',*,*,#2111,.F.);
#2111 = EDGE_CURVE('',#2112,#2059,#2114,.T.);
#2112 = VERTEX_POINT('',#2113);
#2113 = CARTESIAN_POINT('',(4.99668683214,24.13,-5.002795974193));
#2114 = SURFACE_CURVE('',#2115,(#2120,#2128),.PCURVE_S1.);
#2115 = B_SPLINE_CURVE_WITH_KNOTS('',3,(#2116,#2117,#2118,#2119),
  .UNSPECIFIED.,.F.,.F.,(4,4),(0.,1.),.PIECEWISE_BEZIER_KNOTS.);
#2116 = CARTESIAN_POINT('',(4.99668683214,24.13,-5.002795974193));
#2117 = CARTESIAN_POINT('',(4.998697321456,24.13,-1.66946324717));
#2118 = CARTESIAN_POINT('',(5.000707810771,24.13,1.663869479853));
#2119 = CARTESIAN_POINT('',(5.002718300087,24.13,4.997202206877));
#2120 = PCURVE('',#192,#2121);
#2121 = DEFINITIONAL_REPRESENTATION('',(#2122),#2127);
#2122 = B_SPLINE_CURVE_WITH_KNOTS('',3,(#2123,#2124,#2125,#2126),
  .UNSPECIFIED.,.F.,.F.,(4,4),(0.,1.),.PIECEWISE_BEZIER_KNOTS.);
#2123 = CARTESIAN_POINT('',(5.003014824508,4.996983356562));
#2124 = CARTESIAN_POINT('',(1.669682097485,4.998993845877));
#2125 = CARTESIAN_POINT('',(-1.663650629538,5.001004335193));
#2126 = CARTESIAN_POINT('',(-4.996983356562,5.003014824508));
#2127 = ( GEOMETRIC_REPRESENTATION_CONTEXT(2) 
PARAMETRIC_REPRESENTATION_CONTEXT() REPRESENTATION_CONTEXT('2D SPACE',''
  ) );
#2128 = PCURVE('',#1649,#2129);
#2129 = DEFINITIONAL_REPRESENTATION('',(#2130),#2135);
#2130 = B_SPLINE_CURVE_WITH_KNOTS('',3,(#2131,#2132,#2133,#2134),
  .UNSPECIFIED.,.F.,.F.,(4,4),(0.,1.),.PIECEWISE_BEZIER_KNOTS.);
#2131 = CARTESIAN_POINT('',(0.,-1.));
#2132 = CARTESIAN_POINT('',(0.,-4.333333333333));
#2133 = CARTESIAN_POINT('',(0.,-7.666666666667));
#2134 = CARTESIAN_POINT('',(0.,-11.));
#2135 = ( GEOMETRIC_REPRESENTATION_CONTEXT(2) 
PARAMETRIC_REPRESENTATION_CONTEXT() REPRESENTATION_CONTEXT('2D SPACE',''
  ) );
#2136 = ORIENTED_EDGE('',*,*,#2137,.F.);
#2137 = EDGE_CURVE('',#2138,#2112,#2140,.T.);
#2138 = VERTEX_POINT('',#2139);
#2139 = CARTESIAN_POINT('',(3.996083867239,24.13,-6.002192645505));
#2140 = SURFACE_CURVE('',#2141,(#2148,#2158),.PCURVE_S1.);
#2141 = B_SPLINE_CURVE_WITH_KNOTS('',3,(#2142,#2143,#2144,#2145,#2146,
    #2147),.UNSPECIFIED.,.F.,.F.,(4,2,4),(0.,0.5,1.),.UNSPECIFIED.);
#2142 = CARTESIAN_POINT('',(3.996083867239,24.13,-6.002192645505));
#2143 = CARTESIAN_POINT('',(4.257883207418,24.13,-6.002350548967));
#2144 = CARTESIAN_POINT('',(4.518135434054,24.13,-5.894734403298));
#2145 = CARTESIAN_POINT('',(4.888598920773,24.13,-5.524717535013));
#2146 = CARTESIAN_POINT('',(4.996528928679,24.13,-5.264595314373));
#2147 = CARTESIAN_POINT('',(4.99668683214,24.13,-5.002795974193));
#2148 = PCURVE('',#192,#2149);
#2149 = DEFINITIONAL_REPRESENTATION('',(#2150),#2157);
#2150 = B_SPLINE_CURVE_WITH_KNOTS('',3,(#2151,#2152,#2153,#2154,#2155,
    #2156),.UNSPECIFIED.,.F.,.F.,(4,2,4),(0.,0.5,1.),.UNSPECIFIED.);
#2151 = CARTESIAN_POINT('',(6.00241149582,3.99638039166));
#2152 = CARTESIAN_POINT('',(6.002569399282,4.25817973184));
#2153 = CARTESIAN_POINT('',(5.894953253613,4.518431958475));
#2154 = CARTESIAN_POINT('',(5.524936385328,4.888895445195));
#2155 = CARTESIAN_POINT('',(5.264814164688,4.9968254531));
#2156 = CARTESIAN_POINT('',(5.003014824508,4.996983356562));
#2157 = ( GEOMETRIC_REPRESENTATION_CONTEXT(2) 
PARAMETRIC_REPRESENTATION_CONTEXT() REPRESENTATION_CONTEXT('2D SPACE',''
  ) );
#2158 = PCURVE('',#1597,#2159);
#2159 = DEFINITIONAL_REPRESENTATION('',(#2160),#2186);
#2160 = B_SPLINE_CURVE_WITH_KNOTS('',3,(#2161,#2162,#2163,#2164,#2165,
    #2166,#2167,#2168,#2169,#2170,#2171,#2172,#2173,#2174,#2175,#2176,
    #2177,#2178,#2179,#2180,#2181,#2182,#2183,#2184,#2185),
  .UNSPECIFIED.,.F.,.F.,(4,1,1,1,1,1,1,1,1,1,1,1,1,1,1,1,1,1,1,1,1,1,4),
  (0.,4.545454545455E-02,9.090909090909E-02,0.136363636364,
    0.181818181818,0.227272727273,0.272727272727,0.318181818182,
    0.363636363636,0.409090909091,0.454545454545,0.5,0.545454545455,
    0.590909090909,0.636363636364,0.681818181818,0.727272727273,
    0.772727272727,0.818181818182,0.863636363636,0.909090909091,
    0.954545454545,1.),.QUASI_UNIFORM_KNOTS.);
#2161 = CARTESIAN_POINT('',(2.205964295148,0.));
#2162 = CARTESIAN_POINT('',(2.229761728581,1.7763568394E-15));
#2163 = CARTESIAN_POINT('',(2.277339637959,3.900067949546E-15));
#2164 = CARTESIAN_POINT('',(2.348690273395,5.001508990292E-15));
#2165 = CARTESIAN_POINT('',(2.420069743502,-2.58982183791E-15));
#2166 = CARTESIAN_POINT('',(2.491486643455,5.35777836135E-15));
#2167 = CARTESIAN_POINT('',(2.562934022048,2.474990465313E-15));
#2168 = CARTESIAN_POINT('',(2.634392723072,6.0585418502E-15));
#2169 = CARTESIAN_POINT('',(2.705840153104,-5.392875793309E-15));
#2170 = CARTESIAN_POINT('',(2.777256847304,-5.803320749767E-15));
#2171 = CARTESIAN_POINT('',(2.848637088985,7.289876719573E-15));
#2172 = CARTESIAN_POINT('',(2.919984843877,-2.039904055723E-15));
#2173 = CARTESIAN_POINT('',(2.991362458545,8.697395033194E-16));
#2174 = CARTESIAN_POINT('',(3.062740073214,-1.439053957555E-15));
#2175 = CARTESIAN_POINT('',(3.134087828106,4.886476326899E-15));
#2176 = CARTESIAN_POINT('',(3.205468069787,3.209430722762E-15));
#2177 = CARTESIAN_POINT('',(3.276884763987,3.592082854857E-15));
#2178 = CARTESIAN_POINT('',(3.348332194019,3.738519930613E-15));
#2179 = CARTESIAN_POINT('',(3.419790895043,2.770119495493E-15));
#2180 = CARTESIAN_POINT('',(3.491238273636,6.497284160218E-15));
#2181 = CARTESIAN_POINT('',(3.562655173589,-7.442974063563E-15));
#2182 = CARTESIAN_POINT('',(3.634034643696,1.958330021231E-15));
#2183 = CARTESIAN_POINT('',(3.705385279132,-3.903460213612E-16));
#2184 = CARTESIAN_POINT('',(3.75296318851,-3.947459643112E-16));
#2185 = CARTESIAN_POINT('',(3.776760621943,0.));
#2186 = ( GEOMETRIC_REPRESENTATION_CONTEXT(2) 
PARAMETRIC_REPRESENTATION_CONTEXT() REPRESENTATION_CONTEXT('2D SPACE',''
  ) );
#2187 = ORIENTED_EDGE('',*,*,#2188,.F.);
#2188 = EDGE_CURVE('',#2189,#2138,#2191,.T.);
#2189 = VERTEX_POINT('',#2190);
#2190 = CARTESIAN_POINT('',(-4.003914677617,24.13,-5.997367471148));
#2191 = SURFACE_CURVE('',#2192,(#2197,#2205),.PCURVE_S1.);
#2192 = B_SPLINE_CURVE_WITH_KNOTS('',3,(#2193,#2194,#2195,#2196),
  .UNSPECIFIED.,.F.,.F.,(4,4),(0.,1.),.PIECEWISE_BEZIER_KNOTS.);
#2193 = CARTESIAN_POINT('',(-4.003914677617,24.13,-5.997367471148));
#2194 = CARTESIAN_POINT('',(-1.337248495998,24.13,-5.998975862601));
#2195 = CARTESIAN_POINT('',(1.32941768562,24.13,-6.000584254053));
#2196 = CARTESIAN_POINT('',(3.996083867239,24.13,-6.002192645505));
#2197 = PCURVE('',#192,#2198);
#2198 = DEFINITIONAL_REPRESENTATION('',(#2199),#2204);
#2199 = B_SPLINE_CURVE_WITH_KNOTS('',3,(#2200,#2201,#2202,#2203),
  .UNSPECIFIED.,.F.,.F.,(4,4),(0.,1.),.PIECEWISE_BEZIER_KNOTS.);
#2200 = CARTESIAN_POINT('',(5.997586321463,-4.003618153196));
#2201 = CARTESIAN_POINT('',(5.999194712916,-1.336951971577));
#2202 = CARTESIAN_POINT('',(6.000803104368,1.329714210041));
#2203 = CARTESIAN_POINT('',(6.00241149582,3.99638039166));
#2204 = ( GEOMETRIC_REPRESENTATION_CONTEXT(2) 
PARAMETRIC_REPRESENTATION_CONTEXT() REPRESENTATION_CONTEXT('2D SPACE',''
  ) );
#2205 = PCURVE('',#1554,#2206);
#2206 = DEFINITIONAL_REPRESENTATION('',(#2207),#2212);
#2207 = B_SPLINE_CURVE_WITH_KNOTS('',3,(#2208,#2209,#2210,#2211),
  .UNSPECIFIED.,.F.,.F.,(4,4),(0.,1.),.PIECEWISE_BEZIER_KNOTS.);
#2208 = CARTESIAN_POINT('',(0.,1.));
#2209 = CARTESIAN_POINT('',(0.,3.666666666667));
#2210 = CARTESIAN_POINT('',(0.,6.333333333333));
#2211 = CARTESIAN_POINT('',(0.,9.));
#2212 = ( GEOMETRIC_REPRESENTATION_CONTEXT(2) 
PARAMETRIC_REPRESENTATION_CONTEXT() REPRESENTATION_CONTEXT('2D SPACE',''
  ) );
#2213 = ORIENTED_EDGE('',*,*,#2214,.F.);
#2214 = EDGE_CURVE('',#2215,#2189,#2217,.T.);
#2215 = VERTEX_POINT('',#2216);
#2216 = CARTESIAN_POINT('',(-5.003311348929,24.13,-4.996764506247));
#2217 = SURFACE_CURVE('',#2218,(#2225,#2235),.PCURVE_S1.);
#2218 = B_SPLINE_CURVE_WITH_KNOTS('',3,(#2219,#2220,#2221,#2222,#2223,
    #2224),.UNSPECIFIED.,.F.,.F.,(4,2,4),(0.,0.5,1.),.UNSPECIFIED.);
#2219 = CARTESIAN_POINT('',(-5.003311348929,24.13,-4.996764506247));
#2220 = CARTESIAN_POINT('',(-5.003469252391,24.13,-5.258563846426));
#2221 = CARTESIAN_POINT('',(-4.895853106722,24.13,-5.518816073062));
#2222 = CARTESIAN_POINT('',(-4.525836238437,24.13,-5.889279559781));
#2223 = CARTESIAN_POINT('',(-4.265714017797,24.13,-5.997209567687));
#2224 = CARTESIAN_POINT('',(-4.003914677617,24.13,-5.997367471148));
#2225 = PCURVE('',#192,#2226);
#2226 = DEFINITIONAL_REPRESENTATION('',(#2227),#2234);
#2227 = B_SPLINE_CURVE_WITH_KNOTS('',3,(#2228,#2229,#2230,#2231,#2232,
    #2233),.UNSPECIFIED.,.F.,.F.,(4,2,4),(0.,0.5,1.),.UNSPECIFIED.);
#2228 = CARTESIAN_POINT('',(4.996983356562,-5.003014824508));
#2229 = CARTESIAN_POINT('',(5.258782696741,-5.00317272797));
#2230 = CARTESIAN_POINT('',(5.519034923377,-4.895556582301));
#2231 = CARTESIAN_POINT('',(5.889498410096,-4.525539714016));
#2232 = CARTESIAN_POINT('',(5.997428418002,-4.265417493375));
#2233 = CARTESIAN_POINT('',(5.997586321463,-4.003618153196));
#2234 = ( GEOMETRIC_REPRESENTATION_CONTEXT(2) 
PARAMETRIC_REPRESENTATION_CONTEXT() REPRESENTATION_CONTEXT('2D SPACE',''
  ) );
#2235 = PCURVE('',#1924,#2236);
#2236 = DEFINITIONAL_REPRESENTATION('',(#2237),#2263);
#2237 = B_SPLINE_CURVE_WITH_KNOTS('',3,(#2238,#2239,#2240,#2241,#2242,
    #2243,#2244,#2245,#2246,#2247,#2248,#2249,#2250,#2251,#2252,#2253,
    #2254,#2255,#2256,#2257,#2258,#2259,#2260,#2261,#2262),
  .UNSPECIFIED.,.F.,.F.,(4,1,1,1,1,1,1,1,1,1,1,1,1,1,1,1,1,1,1,1,1,1,4),
  (0.,4.545454545455E-02,9.090909090909E-02,0.136363636364,
    0.181818181818,0.227272727273,0.272727272727,0.318181818182,
    0.363636363636,0.409090909091,0.454545454545,0.5,0.545454545455,
    0.590909090909,0.636363636364,0.681818181818,0.727272727273,
    0.772727272727,0.818181818182,0.863636363636,0.909090909091,
    0.954545454545,1.),.QUASI_UNIFORM_KNOTS.);
#2238 = CARTESIAN_POINT('',(0.635167968353,0.));
#2239 = CARTESIAN_POINT('',(0.658965401786,1.7763568394E-15));
#2240 = CARTESIAN_POINT('',(0.706543311164,3.900067949546E-15));
#2241 = CARTESIAN_POINT('',(0.7778939466,5.001508990292E-15));
#2242 = CARTESIAN_POINT('',(0.849273416707,-2.58982183791E-15));
#2243 = CARTESIAN_POINT('',(0.92069031666,5.35777836135E-15));
#2244 = CARTESIAN_POINT('',(0.992137695254,2.474990465313E-15));
#2245 = CARTESIAN_POINT('',(1.063596396277,6.0585418502E-15));
#2246 = CARTESIAN_POINT('',(1.135043826309,-5.392875793309E-15));
#2247 = CARTESIAN_POINT('',(1.206460520509,-5.803320749767E-15));
#2248 = CARTESIAN_POINT('',(1.27784076219,7.289876719573E-15));
#2249 = CARTESIAN_POINT('',(1.349188517082,-2.039904055723E-15));
#2250 = CARTESIAN_POINT('',(1.420566131751,8.697395033194E-16));
#2251 = CARTESIAN_POINT('',(1.491943746419,-1.439053957555E-15));
#2252 = CARTESIAN_POINT('',(1.563291501311,4.886476326899E-15));
#2253 = CARTESIAN_POINT('',(1.634671742992,3.209430722762E-15));
#2254 = CARTESIAN_POINT('',(1.706088437192,3.592082854857E-15));
#2255 = CARTESIAN_POINT('',(1.777535867224,3.738519930613E-15));
#2256 = CARTESIAN_POINT('',(1.848994568248,2.770119495493E-15));
#2257 = CARTESIAN_POINT('',(1.920441946841,6.497284160218E-15));
#2258 = CARTESIAN_POINT('',(1.991858846794,-7.442974063563E-15));
#2259 = CARTESIAN_POINT('',(2.063238316902,1.958330021231E-15));
#2260 = CARTESIAN_POINT('',(2.134588952338,-3.903460213612E-16));
#2261 = CARTESIAN_POINT('',(2.182166861715,-3.947459643112E-16));
#2262 = CARTESIAN_POINT('',(2.205964295148,0.));
#2263 = ( GEOMETRIC_REPRESENTATION_CONTEXT(2) 
PARAMETRIC_REPRESENTATION_CONTEXT() REPRESENTATION_CONTEXT('2D SPACE',''
  ) );
#2264 = ORIENTED_EDGE('',*,*,#2265,.F.);
#2265 = EDGE_CURVE('',#2266,#2215,#2268,.T.);
#2266 = VERTEX_POINT('',#2267);
#2267 = CARTESIAN_POINT('',(-4.997279880983,24.13,5.003233674823));
#2268 = SURFACE_CURVE('',#2269,(#2274,#2282),.PCURVE_S1.);
#2269 = B_SPLINE_CURVE_WITH_KNOTS('',3,(#2270,#2271,#2272,#2273),
  .UNSPECIFIED.,.F.,.F.,(4,4),(0.,1.),.PIECEWISE_BEZIER_KNOTS.);
#2270 = CARTESIAN_POINT('',(-4.997279880983,24.13,5.003233674823));
#2271 = CARTESIAN_POINT('',(-4.999290370298,24.13,1.6699009478));
#2272 = CARTESIAN_POINT('',(-5.001300859614,24.13,-1.663431779223));
#2273 = CARTESIAN_POINT('',(-5.003311348929,24.13,-4.996764506247));
#2274 = PCURVE('',#192,#2275);
#2275 = DEFINITIONAL_REPRESENTATION('',(#2276),#2281);
#2276 = B_SPLINE_CURVE_WITH_KNOTS('',3,(#2277,#2278,#2279,#2280),
  .UNSPECIFIED.,.F.,.F.,(4,4),(0.,1.),.PIECEWISE_BEZIER_KNOTS.);
#2277 = CARTESIAN_POINT('',(-5.003014824508,-4.996983356562));
#2278 = CARTESIAN_POINT('',(-1.669682097485,-4.998993845877));
#2279 = CARTESIAN_POINT('',(1.663650629538,-5.001004335193));
#2280 = CARTESIAN_POINT('',(4.996983356562,-5.003014824508));
#2281 = ( GEOMETRIC_REPRESENTATION_CONTEXT(2) 
PARAMETRIC_REPRESENTATION_CONTEXT() REPRESENTATION_CONTEXT('2D SPACE',''
  ) );
#2282 = PCURVE('',#1883,#2283);
#2283 = DEFINITIONAL_REPRESENTATION('',(#2284),#2289);
#2284 = B_SPLINE_CURVE_WITH_KNOTS('',3,(#2285,#2286,#2287,#2288),
  .UNSPECIFIED.,.F.,.F.,(4,4),(0.,1.),.PIECEWISE_BEZIER_KNOTS.);
#2285 = CARTESIAN_POINT('',(0.,1.));
#2286 = CARTESIAN_POINT('',(0.,4.333333333333));
#2287 = CARTESIAN_POINT('',(0.,7.666666666667));
#2288 = CARTESIAN_POINT('',(0.,11.));
#2289 = ( GEOMETRIC_REPRESENTATION_CONTEXT(2) 
PARAMETRIC_REPRESENTATION_CONTEXT() REPRESENTATION_CONTEXT('2D SPACE',''
  ) );
#2290 = ORIENTED_EDGE('',*,*,#2291,.F.);
#2291 = EDGE_CURVE('',#2292,#2266,#2294,.T.);
#2292 = VERTEX_POINT('',#2293);
#2293 = CARTESIAN_POINT('',(-4.801894111851,24.13,5.596428668975));
#2294 = SURFACE_CURVE('',#2295,(#2300,#2308),.PCURVE_S1.);
#2295 = B_SPLINE_CURVE_WITH_KNOTS('',3,(#2296,#2297,#2298,#2299),
  .UNSPECIFIED.,.F.,.F.,(4,4),(0.,1.),.PIECEWISE_BEZIER_KNOTS.);
#2296 = CARTESIAN_POINT('',(-4.801894111851,24.13,5.596428668975));
#2297 = CARTESIAN_POINT('',(-4.92761463145,24.13,5.426073645376));
#2298 = CARTESIAN_POINT('',(-4.997152181142,24.13,5.21495629243));
#2299 = CARTESIAN_POINT('',(-4.997279880983,24.13,5.003233674823));
#2300 = PCURVE('',#192,#2301);
#2301 = DEFINITIONAL_REPRESENTATION('',(#2302),#2307);
#2302 = B_SPLINE_CURVE_WITH_KNOTS('',3,(#2303,#2304,#2305,#2306),
  .UNSPECIFIED.,.F.,.F.,(4,4),(0.,1.),.PIECEWISE_BEZIER_KNOTS.);
#2303 = CARTESIAN_POINT('',(-5.59620981866,-4.80159758743));
#2304 = CARTESIAN_POINT('',(-5.425854795061,-4.927318107029));
#2305 = CARTESIAN_POINT('',(-5.214737442115,-4.99685565672));
#2306 = CARTESIAN_POINT('',(-5.003014824508,-4.996983356562));
#2307 = ( GEOMETRIC_REPRESENTATION_CONTEXT(2) 
PARAMETRIC_REPRESENTATION_CONTEXT() REPRESENTATION_CONTEXT('2D SPACE',''
  ) );
#2308 = PCURVE('',#1831,#2309);
#2309 = DEFINITIONAL_REPRESENTATION('',(#2310),#2336);
#2310 = B_SPLINE_CURVE_WITH_KNOTS('',3,(#2311,#2312,#2313,#2314,#2315,
    #2316,#2317,#2318,#2319,#2320,#2321,#2322,#2323,#2324,#2325,#2326,
    #2327,#2328,#2329,#2330,#2331,#2332,#2333,#2334,#2335),
  .UNSPECIFIED.,.F.,.F.,(4,1,1,1,1,1,1,1,1,1,1,1,1,1,1,1,1,1,1,1,1,1,4),
  (0.,4.545454545455E-02,9.090909090909E-02,0.136363636364,
    0.181818181818,0.227272727273,0.272727272727,0.318181818182,
    0.363636363636,0.409090909091,0.454545454545,0.5,0.545454545455,
    0.590909090909,0.636363636364,0.681818181818,0.727272727273,
    0.772727272727,0.818181818182,0.863636363636,0.909090909091,
    0.954545454545,1.),.QUASI_UNIFORM_KNOTS.);
#2311 = CARTESIAN_POINT('',(0.,0.));
#2312 = CARTESIAN_POINT('',(9.623694828727E-03,-3.552713678801E-15));
#2313 = CARTESIAN_POINT('',(2.886899460982E-02,-5.064230190891E-15));
#2314 = CARTESIAN_POINT('',(5.77332120181E-02,1.737594113517E-15));
#2315 = CARTESIAN_POINT('',(8.659651217854E-02,-1.886146263176E-15));
#2316 = CARTESIAN_POINT('',(0.115460738333,5.806990939187E-15));
#2317 = CARTESIAN_POINT('',(0.144327184437,-2.553542077021E-17));
#2318 = CARTESIAN_POINT('',(0.173196572723,-5.704849256106E-15));
#2319 = CARTESIAN_POINT('',(0.20206915332,1.528650372393E-15));
#2320 = CARTESIAN_POINT('',(0.230944773766,-4.097522334655E-16));
#2321 = CARTESIAN_POINT('',(0.259822958864,1.103585614691E-16));
#2322 = CARTESIAN_POINT('',(0.288702989663,-3.168201241082E-17));
#2323 = CARTESIAN_POINT('',(0.317583984177,1.636948817419E-17));
#2324 = CARTESIAN_POINT('',(0.34646497869,-3.379594028593E-17));
#2325 = CARTESIAN_POINT('',(0.375345009489,1.188142729695E-16));
#2326 = CARTESIAN_POINT('',(0.404223194587,-4.414611515922E-16));
#2327 = CARTESIAN_POINT('',(0.433098815034,1.647030333399E-15));
#2328 = CARTESIAN_POINT('',(0.46197139563,-6.146660182005E-15));
#2329 = CARTESIAN_POINT('',(0.490840783916,1.623328321818E-15));
#2330 = CARTESIAN_POINT('',(0.519707230021,-3.466531052685E-16));
#2331 = CARTESIAN_POINT('',(0.548571456175,-2.367159007446E-16));
#2332 = CARTESIAN_POINT('',(0.577434756335,1.293516708247E-15));
#2333 = CARTESIAN_POINT('',(0.606298973743,-4.937350932243E-15));
#2334 = CARTESIAN_POINT('',(0.625544273524,-3.552713678801E-15));
#2335 = CARTESIAN_POINT('',(0.635167968353,0.));
#2336 = ( GEOMETRIC_REPRESENTATION_CONTEXT(2) 
PARAMETRIC_REPRESENTATION_CONTEXT() REPRESENTATION_CONTEXT('2D SPACE',''
  ) );
#2337 = ORIENTED_EDGE('',*,*,#2338,.F.);
#2338 = EDGE_CURVE('',#2339,#2292,#2341,.T.);
#2339 = VERTEX_POINT('',#2340);
#2340 = CARTESIAN_POINT('',(-3.996676916081,24.13,6.002630346135));
#2341 = SURFACE_CURVE('',#2342,(#2349,#2359),.PCURVE_S1.);
#2342 = B_SPLINE_CURVE_WITH_KNOTS('',3,(#2343,#2344,#2345,#2346,#2347,
    #2348),.UNSPECIFIED.,.F.,.F.,(4,2,4),(0.,0.5,1.),.UNSPECIFIED.);
#2343 = CARTESIAN_POINT('',(-3.996676916081,24.13,6.002630346135));
#2344 = CARTESIAN_POINT('',(-4.152614947458,24.13,6.002724399676));
#2345 = CARTESIAN_POINT('',(-4.308452183974,24.13,5.9656926182));
#2346 = CARTESIAN_POINT('',(-4.586903886125,24.13,5.825224246417));
#2347 = CARTESIAN_POINT('',(-4.709298381875,24.13,5.721898622612));
#2348 = CARTESIAN_POINT('',(-4.801894111851,24.13,5.596428668975));
#2349 = PCURVE('',#192,#2350);
#2350 = DEFINITIONAL_REPRESENTATION('',(#2351),#2358);
#2351 = B_SPLINE_CURVE_WITH_KNOTS('',3,(#2352,#2353,#2354,#2355,#2356,
    #2357),.UNSPECIFIED.,.F.,.F.,(4,2,4),(0.,0.5,1.),.UNSPECIFIED.);
#2352 = CARTESIAN_POINT('',(-6.00241149582,-3.99638039166));
#2353 = CARTESIAN_POINT('',(-6.002505549361,-4.152318423036));
#2354 = CARTESIAN_POINT('',(-5.965473767885,-4.308155659553));
#2355 = CARTESIAN_POINT('',(-5.825005396102,-4.586607361704));
#2356 = CARTESIAN_POINT('',(-5.721679772297,-4.709001857453));
#2357 = CARTESIAN_POINT('',(-5.59620981866,-4.80159758743));
#2358 = ( GEOMETRIC_REPRESENTATION_CONTEXT(2) 
PARAMETRIC_REPRESENTATION_CONTEXT() REPRESENTATION_CONTEXT('2D SPACE',''
  ) );
#2359 = PCURVE('',#1779,#2360);
#2360 = DEFINITIONAL_REPRESENTATION('',(#2361),#2364);
#2361 = B_SPLINE_CURVE_WITH_KNOTS('',1,(#2362,#2363),.UNSPECIFIED.,.F.,
  .F.,(2,2),(0.,1.),.PIECEWISE_BEZIER_KNOTS.);
#2362 = CARTESIAN_POINT('',(5.347556948738,0.));
#2363 = CARTESIAN_POINT('',(6.28318530718,0.));
#2364 = ( GEOMETRIC_REPRESENTATION_CONTEXT(2) 
PARAMETRIC_REPRESENTATION_CONTEXT() REPRESENTATION_CONTEXT('2D SPACE',''
  ) );
#2365 = ORIENTED_EDGE('',*,*,#2366,.F.);
#2366 = EDGE_CURVE('',#2061,#2339,#2367,.T.);
#2367 = SURFACE_CURVE('',#2368,(#2373,#2381),.PCURVE_S1.);
#2368 = B_SPLINE_CURVE_WITH_KNOTS('',3,(#2369,#2370,#2371,#2372),
  .UNSPECIFIED.,.F.,.F.,(4,4),(0.,1.),.PIECEWISE_BEZIER_KNOTS.);
#2369 = CARTESIAN_POINT('',(4.003321628774,24.13,5.997805171778));
#2370 = CARTESIAN_POINT('',(1.336655447156,24.13,5.999413563231));
#2371 = CARTESIAN_POINT('',(-1.330010734463,24.13,6.001021954683));
#2372 = CARTESIAN_POINT('',(-3.996676916081,24.13,6.002630346135));
#2373 = PCURVE('',#192,#2374);
#2374 = DEFINITIONAL_REPRESENTATION('',(#2375),#2380);
#2375 = B_SPLINE_CURVE_WITH_KNOTS('',3,(#2376,#2377,#2378,#2379),
  .UNSPECIFIED.,.F.,.F.,(4,4),(0.,1.),.PIECEWISE_BEZIER_KNOTS.);
#2376 = CARTESIAN_POINT('',(-5.997586321463,4.003618153196));
#2377 = CARTESIAN_POINT('',(-5.999194712916,1.336951971577));
#2378 = CARTESIAN_POINT('',(-6.000803104368,-1.329714210041));
#2379 = CARTESIAN_POINT('',(-6.00241149582,-3.99638039166));
#2380 = ( GEOMETRIC_REPRESENTATION_CONTEXT(2) 
PARAMETRIC_REPRESENTATION_CONTEXT() REPRESENTATION_CONTEXT('2D SPACE',''
  ) );
#2381 = PCURVE('',#1744,#2382);
#2382 = DEFINITIONAL_REPRESENTATION('',(#2383),#2388);
#2383 = B_SPLINE_CURVE_WITH_KNOTS('',3,(#2384,#2385,#2386,#2387),
  .UNSPECIFIED.,.F.,.F.,(4,4),(0.,1.),.PIECEWISE_BEZIER_KNOTS.);
#2384 = CARTESIAN_POINT('',(1.,0.));
#2385 = CARTESIAN_POINT('',(3.666666666667,0.));
#2386 = CARTESIAN_POINT('',(6.333333333333,0.));
#2387 = CARTESIAN_POINT('',(9.,0.));
#2388 = ( GEOMETRIC_REPRESENTATION_CONTEXT(2) 
PARAMETRIC_REPRESENTATION_CONTEXT() REPRESENTATION_CONTEXT('2D SPACE',''
  ) );
#2389 = FACE_BOUND('',#2390,.T.);
#2390 = EDGE_LOOP('',(#2391,#2392));
#2391 = ORIENTED_EDGE('',*,*,#119,.T.);
#2392 = ORIENTED_EDGE('',*,*,#1962,.T.);
#2393 = FACE_BOUND('',#2394,.T.);
#2394 = EDGE_LOOP('',(#2395,#2456));
#2395 = ORIENTED_EDGE('',*,*,#2396,.F.);
#2396 = EDGE_CURVE('',#2397,#2399,#2401,.T.);
#2397 = VERTEX_POINT('',#2398);
#2398 = CARTESIAN_POINT('',(-0.505894934496,24.13,-4.129433897673));
#2399 = VERTEX_POINT('',#2400);
#2400 = CARTESIAN_POINT('',(0.499872626723,24.13,-4.871681573857));
#2401 = SURFACE_CURVE('',#2402,(#2413,#2427),.PCURVE_S1.);
#2402 = B_SPLINE_CURVE_WITH_KNOTS('',3,(#2403,#2404,#2405,#2406,#2407,
    #2408,#2409,#2410,#2411,#2412),.UNSPECIFIED.,.F.,.F.,(4,2,2,2,4),(0.
    ,0.25,0.5,0.75,1.),.UNSPECIFIED.);
#2403 = CARTESIAN_POINT('',(-0.505894934496,24.13,-4.129433897673));
#2404 = CARTESIAN_POINT('',(-0.408734940886,24.13,-3.997779231775));
#2405 = CARTESIAN_POINT('',(-0.257975900102,24.13,-3.906932438462));
#2406 = CARTESIAN_POINT('',(6.561689464343E-02,24.13,-3.858149605083));
#2407 = CARTESIAN_POINT('',(0.236458018308,24.13,-3.900513961545));
#2408 = CARTESIAN_POINT('',(0.499767350103,24.13,-4.094833948765));
#2409 = CARTESIAN_POINT('',(0.590614143417,24.13,-4.245592989549));
#2410 = CARTESIAN_POINT('',(0.639396976795,24.13,-4.569185784295));
#2411 = CARTESIAN_POINT('',(0.597032620333,24.13,-4.740026907959));
#2412 = CARTESIAN_POINT('',(0.499872626723,24.13,-4.871681573857));
#2413 = PCURVE('',#192,#2414);
#2414 = DEFINITIONAL_REPRESENTATION('',(#2415),#2426);
#2415 = B_SPLINE_CURVE_WITH_KNOTS('',3,(#2416,#2417,#2418,#2419,#2420,
    #2421,#2422,#2423,#2424,#2425),.UNSPECIFIED.,.F.,.F.,(4,2,2,2,4),(0.
    ,0.25,0.5,0.75,1.),.UNSPECIFIED.);
#2416 = CARTESIAN_POINT('',(4.129652747988,-0.505598410074));
#2417 = CARTESIAN_POINT('',(3.99799808209,-0.408438416464));
#2418 = CARTESIAN_POINT('',(3.907151288777,-0.257679375681));
#2419 = CARTESIAN_POINT('',(3.858368455398,6.591341906477E-02));
#2420 = CARTESIAN_POINT('',(3.90073281186,0.236754542729));
#2421 = CARTESIAN_POINT('',(4.09505279908,0.500063874524));
#2422 = CARTESIAN_POINT('',(4.245811839864,0.590910667838));
#2423 = CARTESIAN_POINT('',(4.56940463461,0.639693501217));
#2424 = CARTESIAN_POINT('',(4.740245758274,0.597329144755));
#2425 = CARTESIAN_POINT('',(4.871900424172,0.500169151144));
#2426 = ( GEOMETRIC_REPRESENTATION_CONTEXT(2) 
PARAMETRIC_REPRESENTATION_CONTEXT() REPRESENTATION_CONTEXT('2D SPACE',''
  ) );
#2427 = PCURVE('',#1438,#2428);
#2428 = DEFINITIONAL_REPRESENTATION('',(#2429),#2455);
#2429 = B_SPLINE_CURVE_WITH_KNOTS('',3,(#2430,#2431,#2432,#2433,#2434,
    #2435,#2436,#2437,#2438,#2439,#2440,#2441,#2442,#2443,#2444,#2445,
    #2446,#2447,#2448,#2449,#2450,#2451,#2452,#2453,#2454),
  .UNSPECIFIED.,.F.,.F.,(4,1,1,1,1,1,1,1,1,1,1,1,1,1,1,1,1,1,1,1,1,1,4),
  (0.,4.545454545455E-02,9.090909090909E-02,0.136363636364,
    0.181818181818,0.227272727273,0.272727272727,0.318181818182,
    0.363636363636,0.409090909091,0.454545454545,0.5,0.545454545455,
    0.590909090909,0.636363636364,0.681818181818,0.727272727273,
    0.772727272727,0.818181818182,0.863636363636,0.909090909091,
    0.954545454545,1.),.QUASI_UNIFORM_KNOTS.);
#2430 = CARTESIAN_POINT('',(3.14159265359,0.));
#2431 = CARTESIAN_POINT('',(3.189162673511,1.7763568394E-15));
#2432 = CARTESIAN_POINT('',(3.284314888889,1.111133521868E-15));
#2433 = CARTESIAN_POINT('',(3.427094504312,-6.553502585638E-15));
#2434 = CARTESIAN_POINT('',(3.570027583884,3.786594747881E-15));
#2435 = CARTESIAN_POINT('',(3.712910378241,-8.592876405887E-15));
#2436 = CARTESIAN_POINT('',(3.855605685106,9.268628802865E-15));
#2437 = CARTESIAN_POINT('',(3.998375955023,-7.165356732769E-15));
#2438 = CARTESIAN_POINT('',(4.141071224956,-1.923483944593E-15));
#2439 = CARTESIAN_POINT('',(4.283954167044,-6.456989561664E-15));
#2440 = CARTESIAN_POINT('',(4.426886692623,6.435160118446E-15));
#2441 = CARTESIAN_POINT('',(4.569668376287,2.032631160683E-15));
#2442 = CARTESIAN_POINT('',(4.712388980385,6.750597311625E-15));
#2443 = CARTESIAN_POINT('',(4.855109584482,1.359754373842E-14));
#2444 = CARTESIAN_POINT('',(4.997891268146,2.808073953098E-15));
#2445 = CARTESIAN_POINT('',(5.140823793725,-3.513557478009E-15));
#2446 = CARTESIAN_POINT('',(5.283706735813,1.124615595894E-14));
#2447 = CARTESIAN_POINT('',(5.426402005746,1.161497787855E-15));
#2448 = CARTESIAN_POINT('',(5.569172275663,5.424134962443E-15));
#2449 = CARTESIAN_POINT('',(5.711867582528,-1.541755564824E-15));
#2450 = CARTESIAN_POINT('',(5.854750376885,7.428872968518E-16));
#2451 = CARTESIAN_POINT('',(5.997683456457,-1.429793622583E-15));
#2452 = CARTESIAN_POINT('',(6.140463071881,4.976287193482E-15));
#2453 = CARTESIAN_POINT('',(6.235615287259,3.552713678801E-15));
#2454 = CARTESIAN_POINT('',(6.28318530718,0.));
#2455 = ( GEOMETRIC_REPRESENTATION_CONTEXT(2) 
PARAMETRIC_REPRESENTATION_CONTEXT() REPRESENTATION_CONTEXT('2D SPACE',''
  ) );
#2456 = ORIENTED_EDGE('',*,*,#2457,.F.);
#2457 = EDGE_CURVE('',#2399,#2397,#2458,.T.);
#2458 = SURFACE_CURVE('',#2459,(#2470,#2484),.PCURVE_S1.);
#2459 = B_SPLINE_CURVE_WITH_KNOTS('',3,(#2460,#2461,#2462,#2463,#2464,
    #2465,#2466,#2467,#2468,#2469),.UNSPECIFIED.,.F.,.F.,(4,2,2,2,4),(0.
    ,0.25,0.5,0.75,1.),.UNSPECIFIED.);
#2460 = CARTESIAN_POINT('',(0.499872626723,24.13,-4.871681573857));
#2461 = CARTESIAN_POINT('',(0.402712633113,24.13,-5.003336239754));
#2462 = CARTESIAN_POINT('',(0.25195359233,24.13,-5.094183033068));
#2463 = CARTESIAN_POINT('',(-7.163920241611E-02,24.13,-5.142965866446));
#2464 = CARTESIAN_POINT('',(-0.24248032608,24.13,-5.100601509984));
#2465 = CARTESIAN_POINT('',(-0.505789657876,24.13,-4.906281522764));
#2466 = CARTESIAN_POINT('',(-0.596636451189,24.13,-4.755522481981));
#2467 = CARTESIAN_POINT('',(-0.645419284568,24.13,-4.431929687235));
#2468 = CARTESIAN_POINT('',(-0.603054928106,24.13,-4.261088563571));
#2469 = CARTESIAN_POINT('',(-0.505894934496,24.13,-4.129433897673));
#2470 = PCURVE('',#192,#2471);
#2471 = DEFINITIONAL_REPRESENTATION('',(#2472),#2483);
#2472 = B_SPLINE_CURVE_WITH_KNOTS('',3,(#2473,#2474,#2475,#2476,#2477,
    #2478,#2479,#2480,#2481,#2482),.UNSPECIFIED.,.F.,.F.,(4,2,2,2,4),(0.
    ,0.25,0.5,0.75,1.),.UNSPECIFIED.);
#2473 = CARTESIAN_POINT('',(4.871900424172,0.500169151144));
#2474 = CARTESIAN_POINT('',(5.003555090069,0.403009157534));
#2475 = CARTESIAN_POINT('',(5.094401883383,0.252250116751));
#2476 = CARTESIAN_POINT('',(5.143184716761,-7.134267799476E-02));
#2477 = CARTESIAN_POINT('',(5.100820360299,-0.242183801659));
#2478 = CARTESIAN_POINT('',(4.906500373079,-0.505493133454));
#2479 = CARTESIAN_POINT('',(4.755741332296,-0.596339926768));
#2480 = CARTESIAN_POINT('',(4.43214853755,-0.645122760147));
#2481 = CARTESIAN_POINT('',(4.261307413886,-0.602758403685));
#2482 = CARTESIAN_POINT('',(4.129652747988,-0.505598410074));
#2483 = ( GEOMETRIC_REPRESENTATION_CONTEXT(2) 
PARAMETRIC_REPRESENTATION_CONTEXT() REPRESENTATION_CONTEXT('2D SPACE',''
  ) );
#2484 = PCURVE('',#1376,#2485);
#2485 = DEFINITIONAL_REPRESENTATION('',(#2486),#2512);
#2486 = B_SPLINE_CURVE_WITH_KNOTS('',3,(#2487,#2488,#2489,#2490,#2491,
    #2492,#2493,#2494,#2495,#2496,#2497,#2498,#2499,#2500,#2501,#2502,
    #2503,#2504,#2505,#2506,#2507,#2508,#2509,#2510,#2511),
  .UNSPECIFIED.,.F.,.F.,(4,1,1,1,1,1,1,1,1,1,1,1,1,1,1,1,1,1,1,1,1,1,4),
  (0.,4.545454545455E-02,9.090909090909E-02,0.136363636364,
    0.181818181818,0.227272727273,0.272727272727,0.318181818182,
    0.363636363636,0.409090909091,0.454545454545,0.5,0.545454545455,
    0.590909090909,0.636363636364,0.681818181818,0.727272727273,
    0.772727272727,0.818181818182,0.863636363636,0.909090909091,
    0.954545454545,1.),.QUASI_UNIFORM_KNOTS.);
#2487 = CARTESIAN_POINT('',(0.,0.));
#2488 = CARTESIAN_POINT('',(4.757001992097E-02,-1.381610875089E-15));
#2489 = CARTESIAN_POINT('',(0.142722235299,-7.889795040138E-16));
#2490 = CARTESIAN_POINT('',(0.285501850722,4.833844576682E-15));
#2491 = CARTESIAN_POINT('',(0.428434930295,2.769883270089E-15));
#2492 = CARTESIAN_POINT('',(0.571317724651,5.402904415764E-15));
#2493 = CARTESIAN_POINT('',(0.714013031517,-3.065218860344E-15));
#2494 = CARTESIAN_POINT('',(0.856783301434,6.857971025611E-15));
#2495 = CARTESIAN_POINT('',(0.999478571366,-3.050383169296E-15));
#2496 = CARTESIAN_POINT('',(1.142361513454,5.343561651572E-15));
#2497 = CARTESIAN_POINT('',(1.285294039034,2.992418635812E-15));
#2498 = CARTESIAN_POINT('',(1.428075722698,4.003045877983E-15));
#2499 = CARTESIAN_POINT('',(1.570796326795,2.31167992506E-15));
#2500 = CARTESIAN_POINT('',(1.713516930892,8.066516494581E-15));
#2501 = CARTESIAN_POINT('',(1.856298614556,8.054818242221E-15));
#2502 = CARTESIAN_POINT('',(1.999231140135,2.346774682141E-15));
#2503 = CARTESIAN_POINT('',(2.142114082224,3.874365102017E-15));
#2504 = CARTESIAN_POINT('',(2.284809352156,3.472046982592E-15));
#2505 = CARTESIAN_POINT('',(2.427579622073,3.553729040417E-15));
#2506 = CARTESIAN_POINT('',(2.570274928939,3.629318928544E-15));
#2507 = CARTESIAN_POINT('',(2.713157723295,3.24527731821E-15));
#2508 = CARTESIAN_POINT('',(2.856090802868,4.705853871419E-15));
#2509 = CARTESIAN_POINT('',(2.998870418291,-7.524107310814E-16));
#2510 = CARTESIAN_POINT('',(3.094022633669,-1.381610875089E-15));
#2511 = CARTESIAN_POINT('',(3.14159265359,0.));
#2512 = ( GEOMETRIC_REPRESENTATION_CONTEXT(2) 
PARAMETRIC_REPRESENTATION_CONTEXT() REPRESENTATION_CONTEXT('2D SPACE',''
  ) );
#2513 = FACE_BOUND('',#2514,.T.);
#2514 = EDGE_LOOP('',(#2515,#2619));
#2515 = ORIENTED_EDGE('',*,*,#2516,.F.);
#2516 = EDGE_CURVE('',#2517,#2519,#2521,.T.);
#2517 = VERTEX_POINT('',#2518);
#2518 = CARTESIAN_POINT('',(-1.555575449357,24.13,-4.71816542963));
#2519 = VERTEX_POINT('',#2520);
#2520 = CARTESIAN_POINT('',(-4.04987900118,24.13,-2.877391192695));
#2521 = SURFACE_CURVE('',#2522,(#2541,#2563),.PCURVE_S1.);
#2522 = B_SPLINE_CURVE_WITH_KNOTS('',3,(#2523,#2524,#2525,#2526,#2527,
    #2528,#2529,#2530,#2531,#2532,#2533,#2534,#2535,#2536,#2537,#2538,
    #2539,#2540),.UNSPECIFIED.,.F.,.F.,(4,2,2,2,2,2,2,2,4),(0.,0.125,
    0.25,0.375,0.5,0.625,0.75,0.875,1.),.UNSPECIFIED.);
#2523 = CARTESIAN_POINT('',(-1.555575449357,24.13,-4.71816542963));
#2524 = CARTESIAN_POINT('',(-1.676053841434,24.13,-4.881417215343));
#2525 = CARTESIAN_POINT('',(-1.828944852923,24.13,-5.020649555327));
#2526 = CARTESIAN_POINT('',(-2.176507401414,24.13,-5.230089353049));
#2527 = CARTESIAN_POINT('',(-2.371042187395,24.13,-5.300214405169));
#2528 = CARTESIAN_POINT('',(-2.77229725288,24.13,-5.360705118559));
#2529 = CARTESIAN_POINT('',(-2.97885965565,24.13,-5.351046979315));
#2530 = CARTESIAN_POINT('',(-3.372719791794,24.13,-5.253379445609));
#2531 = CARTESIAN_POINT('',(-3.559862558023,24.13,-5.165408479151));
#2532 = CARTESIAN_POINT('',(-3.886366129449,24.13,-4.924451694998));
#2533 = CARTESIAN_POINT('',(-4.025598469433,24.13,-4.771560683509));
#2534 = CARTESIAN_POINT('',(-4.235038267154,24.13,-4.423998135017));
#2535 = CARTESIAN_POINT('',(-4.305163319275,24.13,-4.229463349036));
#2536 = CARTESIAN_POINT('',(-4.365654032664,24.13,-3.828208283551));
#2537 = CARTESIAN_POINT('',(-4.355995893421,24.13,-3.621645880782));
#2538 = CARTESIAN_POINT('',(-4.258328359715,24.13,-3.227785744638));
#2539 = CARTESIAN_POINT('',(-4.170357393257,24.13,-3.040642978408));
#2540 = CARTESIAN_POINT('',(-4.04987900118,24.13,-2.877391192695));
#2541 = PCURVE('',#192,#2542);
#2542 = DEFINITIONAL_REPRESENTATION('',(#2543),#2562);
#2543 = B_SPLINE_CURVE_WITH_KNOTS('',3,(#2544,#2545,#2546,#2547,#2548,
    #2549,#2550,#2551,#2552,#2553,#2554,#2555,#2556,#2557,#2558,#2559,
    #2560,#2561),.UNSPECIFIED.,.F.,.F.,(4,2,2,2,2,2,2,2,4),(0.,0.125,
    0.25,0.375,0.5,0.625,0.75,0.875,1.),.UNSPECIFIED.);
#2544 = CARTESIAN_POINT('',(4.718384279945,-1.555278924936));
#2545 = CARTESIAN_POINT('',(4.881636065658,-1.675757317012));
#2546 = CARTESIAN_POINT('',(5.020868405642,-1.828648328501));
#2547 = CARTESIAN_POINT('',(5.230308203364,-2.176210876993));
#2548 = CARTESIAN_POINT('',(5.300433255484,-2.370745662974));
#2549 = CARTESIAN_POINT('',(5.360923968874,-2.772000728459));
#2550 = CARTESIAN_POINT('',(5.35126582963,-2.978563131228));
#2551 = CARTESIAN_POINT('',(5.253598295924,-3.372423267372));
#2552 = CARTESIAN_POINT('',(5.165627329466,-3.559566033602));
#2553 = CARTESIAN_POINT('',(4.924670545313,-3.886069605028));
#2554 = CARTESIAN_POINT('',(4.771779533824,-4.025301945012));
#2555 = CARTESIAN_POINT('',(4.424216985332,-4.234741742733));
#2556 = CARTESIAN_POINT('',(4.229682199351,-4.304866794853));
#2557 = CARTESIAN_POINT('',(3.828427133866,-4.365357508243));
#2558 = CARTESIAN_POINT('',(3.621864731097,-4.355699369));
#2559 = CARTESIAN_POINT('',(3.228004594953,-4.258031835294));
#2560 = CARTESIAN_POINT('',(3.040861828723,-4.170060868835));
#2561 = CARTESIAN_POINT('',(2.87761004301,-4.049582476759));
#2562 = ( GEOMETRIC_REPRESENTATION_CONTEXT(2) 
PARAMETRIC_REPRESENTATION_CONTEXT() REPRESENTATION_CONTEXT('2D SPACE',''
  ) );
#2563 = PCURVE('',#2564,#2569);
#2564 = CONICAL_SURFACE('',#2565,1.2,0.785398163397);
#2565 = AXIS2_PLACEMENT_3D('',#2566,#2567,#2568);
#2566 = CARTESIAN_POINT('',(-2.802727225269,23.78,-3.797778311163));
#2567 = DIRECTION('',(0.,1.,0.));
#2568 = DIRECTION('',(0.804614048975,0.,-0.593798140947));
#2569 = DEFINITIONAL_REPRESENTATION('',(#2570),#2618);
#2570 = B_SPLINE_CURVE_WITH_KNOTS('',3,(#2571,#2572,#2573,#2574,#2575,
    #2576,#2577,#2578,#2579,#2580,#2581,#2582,#2583,#2584,#2585,#2586,
    #2587,#2588,#2589,#2590,#2591,#2592,#2593,#2594,#2595,#2596,#2597,
    #2598,#2599,#2600,#2601,#2602,#2603,#2604,#2605,#2606,#2607,#2608,
    #2609,#2610,#2611,#2612,#2613,#2614,#2615,#2616,#2617),
  .UNSPECIFIED.,.F.,.F.,(4,1,1,1,1,1,1,1,1,1,1,1,1,1,1,1,1,1,1,1,1,1,1,1
    ,1,1,1,1,1,1,1,1,1,1,1,1,1,1,1,1,1,1,1,1,4),(0.,2.272727272727E-02,
    4.545454545455E-02,6.818181818182E-02,9.090909090909E-02,
    0.113636363636,0.136363636364,0.159090909091,0.181818181818,
    0.204545454545,0.227272727273,0.25,0.272727272727,0.295454545455,
    0.318181818182,0.340909090909,0.363636363636,0.386363636364,
    0.409090909091,0.431818181818,0.454545454545,0.477272727273,0.5,
    0.522727272727,0.545454545455,0.568181818182,0.590909090909,
    0.613636363636,0.636363636364,0.659090909091,0.681818181818,
    0.704545454545,0.727272727273,0.75,0.772727272727,0.795454545455,
    0.818181818182,0.840909090909,0.863636363636,0.886363636364,
    0.909090909091,0.931818181818,0.954545454545,0.977272727273,1.),
  .QUASI_UNIFORM_KNOTS.);
#2571 = CARTESIAN_POINT('',(0.,0.35));
#2572 = CARTESIAN_POINT('',(2.379899193962E-02,0.349998394919));
#2573 = CARTESIAN_POINT('',(7.139737723807E-02,0.349984572322));
#2574 = CARTESIAN_POINT('',(0.142796598609,0.349955228874));
#2575 = CARTESIAN_POINT('',(0.214200627488,0.349948648188));
#2576 = CARTESIAN_POINT('',(0.285603090745,0.349967696619));
#2577 = CARTESIAN_POINT('',(0.35699964178,0.350000237516));
#2578 = CARTESIAN_POINT('',(0.42839852182,0.350000232647));
#2579 = CARTESIAN_POINT('',(0.499795071637,0.349967711226));
#2580 = CARTESIAN_POINT('',(0.571197539765,0.349948594632));
#2581 = CARTESIAN_POINT('',(0.642601550379,0.349955428495));
#2582 = CARTESIAN_POINT('',(0.714000839939,0.349983827396));
#2583 = CARTESIAN_POINT('',(0.785398163398,0.350008086301));
#2584 = CARTESIAN_POINT('',(0.856795486856,0.349983827401));
#2585 = CARTESIAN_POINT('',(0.928194776417,0.349955428475));
#2586 = CARTESIAN_POINT('',(0.999598787024,0.349948594706));
#2587 = CARTESIAN_POINT('',(1.071001255177,0.34996771095));
#2588 = CARTESIAN_POINT('',(1.1423978049,0.350000233676));
#2589 = CARTESIAN_POINT('',(1.213796685292,0.350000233676));
#2590 = CARTESIAN_POINT('',(1.285193235015,0.34996771095));
#2591 = CARTESIAN_POINT('',(1.356595703168,0.349948594706));
#2592 = CARTESIAN_POINT('',(1.427999713775,0.349955428475));
#2593 = CARTESIAN_POINT('',(1.499399003337,0.349983827401));
#2594 = CARTESIAN_POINT('',(1.570796326795,0.3500080863));
#2595 = CARTESIAN_POINT('',(1.642193650253,0.349983827401));
#2596 = CARTESIAN_POINT('',(1.713592939814,0.349955428475));
#2597 = CARTESIAN_POINT('',(1.784996950422,0.349948594706));
#2598 = CARTESIAN_POINT('',(1.856399418575,0.34996771095));
#2599 = CARTESIAN_POINT('',(1.927795968298,0.350000233676));
#2600 = CARTESIAN_POINT('',(1.999194848689,0.350000233676));
#2601 = CARTESIAN_POINT('',(2.070591398412,0.34996771095));
#2602 = CARTESIAN_POINT('',(2.141993866565,0.349948594706));
#2603 = CARTESIAN_POINT('',(2.213397877173,0.349955428475));
#2604 = CARTESIAN_POINT('',(2.284797166734,0.349983827401));
#2605 = CARTESIAN_POINT('',(2.356194490192,0.350008086301));
#2606 = CARTESIAN_POINT('',(2.427591813651,0.349983827396));
#2607 = CARTESIAN_POINT('',(2.498991103211,0.349955428495));
#2608 = CARTESIAN_POINT('',(2.570395113825,0.349948594632));
#2609 = CARTESIAN_POINT('',(2.641797581952,0.349967711226));
#2610 = CARTESIAN_POINT('',(2.71319413177,0.350000232647));
#2611 = CARTESIAN_POINT('',(2.78459301181,0.350000237516));
#2612 = CARTESIAN_POINT('',(2.855989562844,0.349967696619));
#2613 = CARTESIAN_POINT('',(2.927392026102,0.349948648188));
#2614 = CARTESIAN_POINT('',(2.99879605498,0.349955228874));
#2615 = CARTESIAN_POINT('',(3.070195276352,0.349984572322));
#2616 = CARTESIAN_POINT('',(3.11779366165,0.349998394919));
#2617 = CARTESIAN_POINT('',(3.14159265359,0.35));
#2618 = ( GEOMETRIC_REPRESENTATION_CONTEXT(2) 
PARAMETRIC_REPRESENTATION_CONTEXT() REPRESENTATION_CONTEXT('2D SPACE',''
  ) );
#2619 = ORIENTED_EDGE('',*,*,#2620,.F.);
#2620 = EDGE_CURVE('',#2519,#2517,#2621,.T.);
#2621 = SURFACE_CURVE('',#2622,(#2641,#2663),.PCURVE_S1.);
#2622 = B_SPLINE_CURVE_WITH_KNOTS('',3,(#2623,#2624,#2625,#2626,#2627,
    #2628,#2629,#2630,#2631,#2632,#2633,#2634,#2635,#2636,#2637,#2638,
    #2639,#2640),.UNSPECIFIED.,.F.,.F.,(4,2,2,2,2,2,2,2,4),(0.,0.125,
    0.25,0.375,0.5,0.625,0.75,0.875,1.),.UNSPECIFIED.);
#2623 = CARTESIAN_POINT('',(-4.04987900118,24.13,-2.877391192695));
#2624 = CARTESIAN_POINT('',(-3.929400609104,24.13,-2.714139406982));
#2625 = CARTESIAN_POINT('',(-3.776509597614,24.13,-2.574907066998));
#2626 = CARTESIAN_POINT('',(-3.428947049123,24.13,-2.365467269277));
#2627 = CARTESIAN_POINT('',(-3.234412263142,24.13,-2.295342217157));
#2628 = CARTESIAN_POINT('',(-2.833157197657,24.13,-2.234851503767));
#2629 = CARTESIAN_POINT('',(-2.626594794887,24.13,-2.24450964301));
#2630 = CARTESIAN_POINT('',(-2.232734658744,24.13,-2.342177176716));
#2631 = CARTESIAN_POINT('',(-2.045591892514,24.13,-2.430148143175));
#2632 = CARTESIAN_POINT('',(-1.719088321088,24.13,-2.671104927328));
#2633 = CARTESIAN_POINT('',(-1.579855981104,24.13,-2.823995938817));
#2634 = CARTESIAN_POINT('',(-1.370416183383,24.13,-3.171558487309));
#2635 = CARTESIAN_POINT('',(-1.300291131262,24.13,-3.36609327329));
#2636 = CARTESIAN_POINT('',(-1.239800417873,24.13,-3.767348338774));
#2637 = CARTESIAN_POINT('',(-1.249458557116,24.13,-3.973910741544));
#2638 = CARTESIAN_POINT('',(-1.347126090822,24.13,-4.367770877688));
#2639 = CARTESIAN_POINT('',(-1.435097057281,24.13,-4.554913643917));
#2640 = CARTESIAN_POINT('',(-1.555575449357,24.13,-4.71816542963));
#2641 = PCURVE('',#192,#2642);
#2642 = DEFINITIONAL_REPRESENTATION('',(#2643),#2662);
#2643 = B_SPLINE_CURVE_WITH_KNOTS('',3,(#2644,#2645,#2646,#2647,#2648,
    #2649,#2650,#2651,#2652,#2653,#2654,#2655,#2656,#2657,#2658,#2659,
    #2660,#2661),.UNSPECIFIED.,.F.,.F.,(4,2,2,2,2,2,2,2,4),(0.,0.125,
    0.25,0.375,0.5,0.625,0.75,0.875,1.),.UNSPECIFIED.);
#2644 = CARTESIAN_POINT('',(2.87761004301,-4.049582476759));
#2645 = CARTESIAN_POINT('',(2.714358257297,-3.929104084682));
#2646 = CARTESIAN_POINT('',(2.575125917313,-3.776213073193));
#2647 = CARTESIAN_POINT('',(2.365686119592,-3.428650524701));
#2648 = CARTESIAN_POINT('',(2.295561067472,-3.23411573872));
#2649 = CARTESIAN_POINT('',(2.235070354082,-2.832860673236));
#2650 = CARTESIAN_POINT('',(2.244728493325,-2.626298270466));
#2651 = CARTESIAN_POINT('',(2.342396027031,-2.232438134322));
#2652 = CARTESIAN_POINT('',(2.43036699349,-2.045295368093));
#2653 = CARTESIAN_POINT('',(2.671323777643,-1.718791796667));
#2654 = CARTESIAN_POINT('',(2.824214789132,-1.579559456683));
#2655 = CARTESIAN_POINT('',(3.171777337624,-1.370119658961));
#2656 = CARTESIAN_POINT('',(3.366312123605,-1.299994606841));
#2657 = CARTESIAN_POINT('',(3.767567189089,-1.239503893451));
#2658 = CARTESIAN_POINT('',(3.974129591859,-1.249162032695));
#2659 = CARTESIAN_POINT('',(4.367989728003,-1.346829566401));
#2660 = CARTESIAN_POINT('',(4.555132494232,-1.434800532859));
#2661 = CARTESIAN_POINT('',(4.718384279945,-1.555278924936));
#2662 = ( GEOMETRIC_REPRESENTATION_CONTEXT(2) 
PARAMETRIC_REPRESENTATION_CONTEXT() REPRESENTATION_CONTEXT('2D SPACE',''
  ) );
#2663 = PCURVE('',#2664,#2669);
#2664 = CONICAL_SURFACE('',#2665,1.2,0.785398163397);
#2665 = AXIS2_PLACEMENT_3D('',#2666,#2667,#2668);
#2666 = CARTESIAN_POINT('',(-2.802727225269,23.78,-3.797778311163));
#2667 = DIRECTION('',(0.,1.,0.));
#2668 = DIRECTION('',(0.804614048975,0.,-0.593798140947));
#2669 = DEFINITIONAL_REPRESENTATION('',(#2670),#2718);
#2670 = B_SPLINE_CURVE_WITH_KNOTS('',3,(#2671,#2672,#2673,#2674,#2675,
    #2676,#2677,#2678,#2679,#2680,#2681,#2682,#2683,#2684,#2685,#2686,
    #2687,#2688,#2689,#2690,#2691,#2692,#2693,#2694,#2695,#2696,#2697,
    #2698,#2699,#2700,#2701,#2702,#2703,#2704,#2705,#2706,#2707,#2708,
    #2709,#2710,#2711,#2712,#2713,#2714,#2715,#2716,#2717),
  .UNSPECIFIED.,.F.,.F.,(4,1,1,1,1,1,1,1,1,1,1,1,1,1,1,1,1,1,1,1,1,1,1,1
    ,1,1,1,1,1,1,1,1,1,1,1,1,1,1,1,1,1,1,1,1,4),(0.,2.272727272727E-02,
    4.545454545455E-02,6.818181818182E-02,9.090909090909E-02,
    0.113636363636,0.136363636364,0.159090909091,0.181818181818,
    0.204545454545,0.227272727273,0.25,0.272727272727,0.295454545455,
    0.318181818182,0.340909090909,0.363636363636,0.386363636364,
    0.409090909091,0.431818181818,0.454545454545,0.477272727273,0.5,
    0.522727272727,0.545454545455,0.568181818182,0.590909090909,
    0.613636363636,0.636363636364,0.659090909091,0.681818181818,
    0.704545454545,0.727272727273,0.75,0.772727272727,0.795454545455,
    0.818181818182,0.840909090909,0.863636363636,0.886363636364,
    0.909090909091,0.931818181818,0.954545454545,0.977272727273,1.),
  .QUASI_UNIFORM_KNOTS.);
#2671 = CARTESIAN_POINT('',(3.14159265359,0.35));
#2672 = CARTESIAN_POINT('',(3.165391645529,0.349998394919));
#2673 = CARTESIAN_POINT('',(3.212990030828,0.349984572322));
#2674 = CARTESIAN_POINT('',(3.284389252199,0.349955228874));
#2675 = CARTESIAN_POINT('',(3.355793281078,0.349948648188));
#2676 = CARTESIAN_POINT('',(3.427195744335,0.349967696619));
#2677 = CARTESIAN_POINT('',(3.49859229537,0.350000237516));
#2678 = CARTESIAN_POINT('',(3.56999117541,0.350000232647));
#2679 = CARTESIAN_POINT('',(3.641387725227,0.349967711226));
#2680 = CARTESIAN_POINT('',(3.712790193355,0.349948594632));
#2681 = CARTESIAN_POINT('',(3.784194203969,0.349955428495));
#2682 = CARTESIAN_POINT('',(3.855593493529,0.349983827396));
#2683 = CARTESIAN_POINT('',(3.926990816987,0.350008086301));
#2684 = CARTESIAN_POINT('',(3.998388140445,0.349983827401));
#2685 = CARTESIAN_POINT('',(4.069787430007,0.349955428475));
#2686 = CARTESIAN_POINT('',(4.141191440614,0.349948594706));
#2687 = CARTESIAN_POINT('',(4.212593908767,0.34996771095));
#2688 = CARTESIAN_POINT('',(4.28399045849,0.350000233676));
#2689 = CARTESIAN_POINT('',(4.355389338882,0.350000233676));
#2690 = CARTESIAN_POINT('',(4.426785888605,0.34996771095));
#2691 = CARTESIAN_POINT('',(4.498188356758,0.349948594706));
#2692 = CARTESIAN_POINT('',(4.569592367365,0.349955428475));
#2693 = CARTESIAN_POINT('',(4.640991656927,0.349983827401));
#2694 = CARTESIAN_POINT('',(4.712388980385,0.3500080863));
#2695 = CARTESIAN_POINT('',(4.783786303843,0.349983827401));
#2696 = CARTESIAN_POINT('',(4.855185593404,0.349955428475));
#2697 = CARTESIAN_POINT('',(4.926589604012,0.349948594706));
#2698 = CARTESIAN_POINT('',(4.997992072165,0.34996771095));
#2699 = CARTESIAN_POINT('',(5.069388621888,0.350000233676));
#2700 = CARTESIAN_POINT('',(5.140787502279,0.350000233676));
#2701 = CARTESIAN_POINT('',(5.212184052002,0.34996771095));
#2702 = CARTESIAN_POINT('',(5.283586520155,0.349948594706));
#2703 = CARTESIAN_POINT('',(5.354990530763,0.349955428475));
#2704 = CARTESIAN_POINT('',(5.426389820324,0.349983827401));
#2705 = CARTESIAN_POINT('',(5.497787143782,0.350008086301));
#2706 = CARTESIAN_POINT('',(5.569184467241,0.349983827396));
#2707 = CARTESIAN_POINT('',(5.6405837568,0.349955428495));
#2708 = CARTESIAN_POINT('',(5.711987767414,0.349948594632));
#2709 = CARTESIAN_POINT('',(5.783390235542,0.349967711226));
#2710 = CARTESIAN_POINT('',(5.854786785359,0.350000232647));
#2711 = CARTESIAN_POINT('',(5.926185665399,0.350000237516));
#2712 = CARTESIAN_POINT('',(5.997582216434,0.349967696619));
#2713 = CARTESIAN_POINT('',(6.068984679691,0.349948648188));
#2714 = CARTESIAN_POINT('',(6.14038870857,0.349955228874));
#2715 = CARTESIAN_POINT('',(6.211787929942,0.349984572322));
#2716 = CARTESIAN_POINT('',(6.25938631524,0.349998394919));
#2717 = CARTESIAN_POINT('',(6.28318530718,0.35));
#2718 = ( GEOMETRIC_REPRESENTATION_CONTEXT(2) 
PARAMETRIC_REPRESENTATION_CONTEXT() REPRESENTATION_CONTEXT('2D SPACE',''
  ) );
#2719 = FACE_BOUND('',#2720,.T.);
#2720 = EDGE_LOOP('',(#2721,#2825));
#2721 = ORIENTED_EDGE('',*,*,#2722,.F.);
#2722 = EDGE_CURVE('',#2723,#2725,#2727,.T.);
#2723 = VERTEX_POINT('',#2724);
#2724 = CARTESIAN_POINT('',(4.04987900118,24.13,2.877391192695));
#2725 = VERTEX_POINT('',#2726);
#2726 = CARTESIAN_POINT('',(1.555575449357,24.13,4.71816542963));
#2727 = SURFACE_CURVE('',#2728,(#2747,#2769),.PCURVE_S1.);
#2728 = B_SPLINE_CURVE_WITH_KNOTS('',3,(#2729,#2730,#2731,#2732,#2733,
    #2734,#2735,#2736,#2737,#2738,#2739,#2740,#2741,#2742,#2743,#2744,
    #2745,#2746),.UNSPECIFIED.,.F.,.F.,(4,2,2,2,2,2,2,2,4),(0.,0.125,
    0.25,0.375,0.5,0.625,0.75,0.875,1.),.UNSPECIFIED.);
#2729 = CARTESIAN_POINT('',(4.04987900118,24.13,2.877391192695));
#2730 = CARTESIAN_POINT('',(3.929400609104,24.13,2.714139406982));
#2731 = CARTESIAN_POINT('',(3.776509597614,24.13,2.574907066998));
#2732 = CARTESIAN_POINT('',(3.428947049123,24.13,2.365467269277));
#2733 = CARTESIAN_POINT('',(3.234412263142,24.13,2.295342217157));
#2734 = CARTESIAN_POINT('',(2.833157197657,24.13,2.234851503767));
#2735 = CARTESIAN_POINT('',(2.626594794887,24.13,2.24450964301));
#2736 = CARTESIAN_POINT('',(2.232734658744,24.13,2.342177176716));
#2737 = CARTESIAN_POINT('',(2.045591892514,24.13,2.430148143175));
#2738 = CARTESIAN_POINT('',(1.719088321088,24.13,2.671104927328));
#2739 = CARTESIAN_POINT('',(1.579855981104,24.13,2.823995938817));
#2740 = CARTESIAN_POINT('',(1.370416183383,24.13,3.171558487309));
#2741 = CARTESIAN_POINT('',(1.300291131262,24.13,3.36609327329));
#2742 = CARTESIAN_POINT('',(1.239800417873,24.13,3.767348338774));
#2743 = CARTESIAN_POINT('',(1.249458557116,24.13,3.973910741544));
#2744 = CARTESIAN_POINT('',(1.347126090822,24.13,4.367770877688));
#2745 = CARTESIAN_POINT('',(1.435097057281,24.13,4.554913643917));
#2746 = CARTESIAN_POINT('',(1.555575449357,24.13,4.71816542963));
#2747 = PCURVE('',#192,#2748);
#2748 = DEFINITIONAL_REPRESENTATION('',(#2749),#2768);
#2749 = B_SPLINE_CURVE_WITH_KNOTS('',3,(#2750,#2751,#2752,#2753,#2754,
    #2755,#2756,#2757,#2758,#2759,#2760,#2761,#2762,#2763,#2764,#2765,
    #2766,#2767),.UNSPECIFIED.,.F.,.F.,(4,2,2,2,2,2,2,2,4),(0.,0.125,
    0.25,0.375,0.5,0.625,0.75,0.875,1.),.UNSPECIFIED.);
#2750 = CARTESIAN_POINT('',(-2.87717234238,4.050175525601));
#2751 = CARTESIAN_POINT('',(-2.713920556667,3.929697133525));
#2752 = CARTESIAN_POINT('',(-2.574688216683,3.776806122036));
#2753 = CARTESIAN_POINT('',(-2.365248418962,3.429243573544));
#2754 = CARTESIAN_POINT('',(-2.295123366842,3.234708787563));
#2755 = CARTESIAN_POINT('',(-2.234632653452,2.833453722078));
#2756 = CARTESIAN_POINT('',(-2.244290792695,2.626891319309));
#2757 = CARTESIAN_POINT('',(-2.341958326401,2.233031183165));
#2758 = CARTESIAN_POINT('',(-2.42992929286,2.045888416936));
#2759 = CARTESIAN_POINT('',(-2.670886077013,1.719384845509));
#2760 = CARTESIAN_POINT('',(-2.823777088502,1.580152505525));
#2761 = CARTESIAN_POINT('',(-3.171339636994,1.370712707804));
#2762 = CARTESIAN_POINT('',(-3.365874422975,1.300587655684));
#2763 = CARTESIAN_POINT('',(-3.767129488459,1.240096942294));
#2764 = CARTESIAN_POINT('',(-3.973691891229,1.249755081538));
#2765 = CARTESIAN_POINT('',(-4.367552027373,1.347422615243));
#2766 = CARTESIAN_POINT('',(-4.554694793602,1.435393581702));
#2767 = CARTESIAN_POINT('',(-4.717946579315,1.555871973778));
#2768 = ( GEOMETRIC_REPRESENTATION_CONTEXT(2) 
PARAMETRIC_REPRESENTATION_CONTEXT() REPRESENTATION_CONTEXT('2D SPACE',''
  ) );
#2769 = PCURVE('',#2770,#2775);
#2770 = CONICAL_SURFACE('',#2771,1.2,0.785398163397);
#2771 = AXIS2_PLACEMENT_3D('',#2772,#2773,#2774);
#2772 = CARTESIAN_POINT('',(2.802727225269,23.78,3.797778311163));
#2773 = DIRECTION('',(0.,1.,0.));
#2774 = DIRECTION('',(0.804614048975,0.,-0.593798140947));
#2775 = DEFINITIONAL_REPRESENTATION('',(#2776),#2824);
#2776 = B_SPLINE_CURVE_WITH_KNOTS('',3,(#2777,#2778,#2779,#2780,#2781,
    #2782,#2783,#2784,#2785,#2786,#2787,#2788,#2789,#2790,#2791,#2792,
    #2793,#2794,#2795,#2796,#2797,#2798,#2799,#2800,#2801,#2802,#2803,
    #2804,#2805,#2806,#2807,#2808,#2809,#2810,#2811,#2812,#2813,#2814,
    #2815,#2816,#2817,#2818,#2819,#2820,#2821,#2822,#2823),
  .UNSPECIFIED.,.F.,.F.,(4,1,1,1,1,1,1,1,1,1,1,1,1,1,1,1,1,1,1,1,1,1,1,1
    ,1,1,1,1,1,1,1,1,1,1,1,1,1,1,1,1,1,1,1,1,4),(0.,2.272727272727E-02,
    4.545454545455E-02,6.818181818182E-02,9.090909090909E-02,
    0.113636363636,0.136363636364,0.159090909091,0.181818181818,
    0.204545454545,0.227272727273,0.25,0.272727272727,0.295454545455,
    0.318181818182,0.340909090909,0.363636363636,0.386363636364,
    0.409090909091,0.431818181818,0.454545454545,0.477272727273,0.5,
    0.522727272727,0.545454545455,0.568181818182,0.590909090909,
    0.613636363636,0.636363636364,0.659090909091,0.681818181818,
    0.704545454545,0.727272727273,0.75,0.772727272727,0.795454545455,
    0.818181818182,0.840909090909,0.863636363636,0.886363636364,
    0.909090909091,0.931818181818,0.954545454545,0.977272727273,1.),
  .QUASI_UNIFORM_KNOTS.);
#2777 = CARTESIAN_POINT('',(0.,0.35));
#2778 = CARTESIAN_POINT('',(2.379899193962E-02,0.349998394919));
#2779 = CARTESIAN_POINT('',(7.139737723806E-02,0.349984572322));
#2780 = CARTESIAN_POINT('',(0.142796598609,0.349955228874));
#2781 = CARTESIAN_POINT('',(0.214200627488,0.349948648188));
#2782 = CARTESIAN_POINT('',(0.285603090745,0.349967696619));
#2783 = CARTESIAN_POINT('',(0.35699964178,0.350000237516));
#2784 = CARTESIAN_POINT('',(0.42839852182,0.350000232647));
#2785 = CARTESIAN_POINT('',(0.499795071637,0.349967711226));
#2786 = CARTESIAN_POINT('',(0.571197539765,0.349948594632));
#2787 = CARTESIAN_POINT('',(0.642601550379,0.349955428495));
#2788 = CARTESIAN_POINT('',(0.714000839939,0.349983827396));
#2789 = CARTESIAN_POINT('',(0.785398163398,0.350008086301));
#2790 = CARTESIAN_POINT('',(0.856795486856,0.349983827401));
#2791 = CARTESIAN_POINT('',(0.928194776417,0.349955428475));
#2792 = CARTESIAN_POINT('',(0.999598787024,0.349948594706));
#2793 = CARTESIAN_POINT('',(1.071001255177,0.34996771095));
#2794 = CARTESIAN_POINT('',(1.1423978049,0.350000233676));
#2795 = CARTESIAN_POINT('',(1.213796685292,0.350000233676));
#2796 = CARTESIAN_POINT('',(1.285193235015,0.34996771095));
#2797 = CARTESIAN_POINT('',(1.356595703168,0.349948594706));
#2798 = CARTESIAN_POINT('',(1.427999713775,0.349955428475));
#2799 = CARTESIAN_POINT('',(1.499399003337,0.349983827401));
#2800 = CARTESIAN_POINT('',(1.570796326795,0.3500080863));
#2801 = CARTESIAN_POINT('',(1.642193650253,0.349983827401));
#2802 = CARTESIAN_POINT('',(1.713592939814,0.349955428475));
#2803 = CARTESIAN_POINT('',(1.784996950422,0.349948594706));
#2804 = CARTESIAN_POINT('',(1.856399418575,0.34996771095));
#2805 = CARTESIAN_POINT('',(1.927795968298,0.350000233676));
#2806 = CARTESIAN_POINT('',(1.999194848689,0.350000233676));
#2807 = CARTESIAN_POINT('',(2.070591398412,0.34996771095));
#2808 = CARTESIAN_POINT('',(2.141993866565,0.349948594706));
#2809 = CARTESIAN_POINT('',(2.213397877173,0.349955428475));
#2810 = CARTESIAN_POINT('',(2.284797166734,0.349983827401));
#2811 = CARTESIAN_POINT('',(2.356194490192,0.350008086301));
#2812 = CARTESIAN_POINT('',(2.427591813651,0.349983827396));
#2813 = CARTESIAN_POINT('',(2.498991103211,0.349955428495));
#2814 = CARTESIAN_POINT('',(2.570395113825,0.349948594632));
#2815 = CARTESIAN_POINT('',(2.641797581952,0.349967711226));
#2816 = CARTESIAN_POINT('',(2.71319413177,0.350000232647));
#2817 = CARTESIAN_POINT('',(2.78459301181,0.350000237516));
#2818 = CARTESIAN_POINT('',(2.855989562844,0.349967696619));
#2819 = CARTESIAN_POINT('',(2.927392026102,0.349948648188));
#2820 = CARTESIAN_POINT('',(2.99879605498,0.349955228874));
#2821 = CARTESIAN_POINT('',(3.070195276352,0.349984572322));
#2822 = CARTESIAN_POINT('',(3.11779366165,0.349998394919));
#2823 = CARTESIAN_POINT('',(3.14159265359,0.35));
#2824 = ( GEOMETRIC_REPRESENTATION_CONTEXT(2) 
PARAMETRIC_REPRESENTATION_CONTEXT() REPRESENTATION_CONTEXT('2D SPACE',''
  ) );
#2825 = ORIENTED_EDGE('',*,*,#2826,.F.);
#2826 = EDGE_CURVE('',#2725,#2723,#2827,.T.);
#2827 = SURFACE_CURVE('',#2828,(#2847,#2869),.PCURVE_S1.);
#2828 = B_SPLINE_CURVE_WITH_KNOTS('',3,(#2829,#2830,#2831,#2832,#2833,
    #2834,#2835,#2836,#2837,#2838,#2839,#2840,#2841,#2842,#2843,#2844,
    #2845,#2846),.UNSPECIFIED.,.F.,.F.,(4,2,2,2,2,2,2,2,4),(0.,0.125,
    0.25,0.375,0.5,0.625,0.75,0.875,1.),.UNSPECIFIED.);
#2829 = CARTESIAN_POINT('',(1.555575449357,24.13,4.71816542963));
#2830 = CARTESIAN_POINT('',(1.676053841434,24.13,4.881417215343));
#2831 = CARTESIAN_POINT('',(1.828944852923,24.13,5.020649555327));
#2832 = CARTESIAN_POINT('',(2.176507401414,24.13,5.230089353049));
#2833 = CARTESIAN_POINT('',(2.371042187395,24.13,5.300214405169));
#2834 = CARTESIAN_POINT('',(2.77229725288,24.13,5.360705118559));
#2835 = CARTESIAN_POINT('',(2.97885965565,24.13,5.351046979315));
#2836 = CARTESIAN_POINT('',(3.372719791794,24.13,5.253379445609));
#2837 = CARTESIAN_POINT('',(3.559862558023,24.13,5.165408479151));
#2838 = CARTESIAN_POINT('',(3.886366129449,24.13,4.924451694998));
#2839 = CARTESIAN_POINT('',(4.025598469433,24.13,4.771560683509));
#2840 = CARTESIAN_POINT('',(4.235038267154,24.13,4.423998135017));
#2841 = CARTESIAN_POINT('',(4.305163319275,24.13,4.229463349036));
#2842 = CARTESIAN_POINT('',(4.365654032664,24.13,3.828208283551));
#2843 = CARTESIAN_POINT('',(4.355995893421,24.13,3.621645880782));
#2844 = CARTESIAN_POINT('',(4.258328359715,24.13,3.227785744638));
#2845 = CARTESIAN_POINT('',(4.170357393257,24.13,3.040642978408));
#2846 = CARTESIAN_POINT('',(4.04987900118,24.13,2.877391192695));
#2847 = PCURVE('',#192,#2848);
#2848 = DEFINITIONAL_REPRESENTATION('',(#2849),#2868);
#2849 = B_SPLINE_CURVE_WITH_KNOTS('',3,(#2850,#2851,#2852,#2853,#2854,
    #2855,#2856,#2857,#2858,#2859,#2860,#2861,#2862,#2863,#2864,#2865,
    #2866,#2867),.UNSPECIFIED.,.F.,.F.,(4,2,2,2,2,2,2,2,4),(0.,0.125,
    0.25,0.375,0.5,0.625,0.75,0.875,1.),.UNSPECIFIED.);
#2850 = CARTESIAN_POINT('',(-4.717946579315,1.555871973778));
#2851 = CARTESIAN_POINT('',(-4.881198365028,1.676350365855));
#2852 = CARTESIAN_POINT('',(-5.020430705012,1.829241377344));
#2853 = CARTESIAN_POINT('',(-5.229870502733,2.176803925836));
#2854 = CARTESIAN_POINT('',(-5.299995554854,2.371338711817));
#2855 = CARTESIAN_POINT('',(-5.360486268244,2.772593777301));
#2856 = CARTESIAN_POINT('',(-5.350828129,2.979156180071));
#2857 = CARTESIAN_POINT('',(-5.253160595294,3.373016316215));
#2858 = CARTESIAN_POINT('',(-5.165189628836,3.560159082444));
#2859 = CARTESIAN_POINT('',(-4.924232844683,3.886662653871));
#2860 = CARTESIAN_POINT('',(-4.771341833194,4.025894993854));
#2861 = CARTESIAN_POINT('',(-4.423779284702,4.235334791576));
#2862 = CARTESIAN_POINT('',(-4.229244498721,4.305459843696));
#2863 = CARTESIAN_POINT('',(-3.827989433236,4.365950557086));
#2864 = CARTESIAN_POINT('',(-3.621427030467,4.356292417842));
#2865 = CARTESIAN_POINT('',(-3.227566894323,4.258624884136));
#2866 = CARTESIAN_POINT('',(-3.040424128093,4.170653917678));
#2867 = CARTESIAN_POINT('',(-2.87717234238,4.050175525601));
#2868 = ( GEOMETRIC_REPRESENTATION_CONTEXT(2) 
PARAMETRIC_REPRESENTATION_CONTEXT() REPRESENTATION_CONTEXT('2D SPACE',''
  ) );
#2869 = PCURVE('',#2870,#2875);
#2870 = CONICAL_SURFACE('',#2871,1.2,0.785398163397);
#2871 = AXIS2_PLACEMENT_3D('',#2872,#2873,#2874);
#2872 = CARTESIAN_POINT('',(2.802727225269,23.78,3.797778311163));
#2873 = DIRECTION('',(0.,1.,0.));
#2874 = DIRECTION('',(0.804614048975,0.,-0.593798140947));
#2875 = DEFINITIONAL_REPRESENTATION('',(#2876),#2924);
#2876 = B_SPLINE_CURVE_WITH_KNOTS('',3,(#2877,#2878,#2879,#2880,#2881,
    #2882,#2883,#2884,#2885,#2886,#2887,#2888,#2889,#2890,#2891,#2892,
    #2893,#2894,#2895,#2896,#2897,#2898,#2899,#2900,#2901,#2902,#2903,
    #2904,#2905,#2906,#2907,#2908,#2909,#2910,#2911,#2912,#2913,#2914,
    #2915,#2916,#2917,#2918,#2919,#2920,#2921,#2922,#2923),
  .UNSPECIFIED.,.F.,.F.,(4,1,1,1,1,1,1,1,1,1,1,1,1,1,1,1,1,1,1,1,1,1,1,1
    ,1,1,1,1,1,1,1,1,1,1,1,1,1,1,1,1,1,1,1,1,4),(0.,2.272727272727E-02,
    4.545454545455E-02,6.818181818182E-02,9.090909090909E-02,
    0.113636363636,0.136363636364,0.159090909091,0.181818181818,
    0.204545454545,0.227272727273,0.25,0.272727272727,0.295454545455,
    0.318181818182,0.340909090909,0.363636363636,0.386363636364,
    0.409090909091,0.431818181818,0.454545454545,0.477272727273,0.5,
    0.522727272727,0.545454545455,0.568181818182,0.590909090909,
    0.613636363636,0.636363636364,0.659090909091,0.681818181818,
    0.704545454545,0.727272727273,0.75,0.772727272727,0.795454545455,
    0.818181818182,0.840909090909,0.863636363636,0.886363636364,
    0.909090909091,0.931818181818,0.954545454545,0.977272727273,1.),
  .QUASI_UNIFORM_KNOTS.);
#2877 = CARTESIAN_POINT('',(3.14159265359,0.35));
#2878 = CARTESIAN_POINT('',(3.165391645529,0.349998394919));
#2879 = CARTESIAN_POINT('',(3.212990030828,0.349984572322));
#2880 = CARTESIAN_POINT('',(3.284389252199,0.349955228874));
#2881 = CARTESIAN_POINT('',(3.355793281078,0.349948648188));
#2882 = CARTESIAN_POINT('',(3.427195744335,0.349967696619));
#2883 = CARTESIAN_POINT('',(3.49859229537,0.350000237516));
#2884 = CARTESIAN_POINT('',(3.56999117541,0.350000232647));
#2885 = CARTESIAN_POINT('',(3.641387725227,0.349967711226));
#2886 = CARTESIAN_POINT('',(3.712790193355,0.349948594632));
#2887 = CARTESIAN_POINT('',(3.784194203969,0.349955428495));
#2888 = CARTESIAN_POINT('',(3.855593493529,0.349983827396));
#2889 = CARTESIAN_POINT('',(3.926990816987,0.350008086301));
#2890 = CARTESIAN_POINT('',(3.998388140445,0.349983827401));
#2891 = CARTESIAN_POINT('',(4.069787430007,0.349955428475));
#2892 = CARTESIAN_POINT('',(4.141191440614,0.349948594706));
#2893 = CARTESIAN_POINT('',(4.212593908767,0.34996771095));
#2894 = CARTESIAN_POINT('',(4.28399045849,0.350000233676));
#2895 = CARTESIAN_POINT('',(4.355389338882,0.350000233676));
#2896 = CARTESIAN_POINT('',(4.426785888605,0.34996771095));
#2897 = CARTESIAN_POINT('',(4.498188356758,0.349948594706));
#2898 = CARTESIAN_POINT('',(4.569592367365,0.349955428475));
#2899 = CARTESIAN_POINT('',(4.640991656927,0.349983827401));
#2900 = CARTESIAN_POINT('',(4.712388980385,0.3500080863));
#2901 = CARTESIAN_POINT('',(4.783786303843,0.349983827401));
#2902 = CARTESIAN_POINT('',(4.855185593404,0.349955428475));
#2903 = CARTESIAN_POINT('',(4.926589604012,0.349948594706));
#2904 = CARTESIAN_POINT('',(4.997992072165,0.34996771095));
#2905 = CARTESIAN_POINT('',(5.069388621888,0.350000233676));
#2906 = CARTESIAN_POINT('',(5.140787502279,0.350000233676));
#2907 = CARTESIAN_POINT('',(5.212184052002,0.34996771095));
#2908 = CARTESIAN_POINT('',(5.283586520155,0.349948594706));
#2909 = CARTESIAN_POINT('',(5.354990530763,0.349955428475));
#2910 = CARTESIAN_POINT('',(5.426389820324,0.349983827401));
#2911 = CARTESIAN_POINT('',(5.497787143782,0.350008086301));
#2912 = CARTESIAN_POINT('',(5.569184467241,0.349983827396));
#2913 = CARTESIAN_POINT('',(5.6405837568,0.349955428495));
#2914 = CARTESIAN_POINT('',(5.711987767414,0.349948594632));
#2915 = CARTESIAN_POINT('',(5.783390235542,0.349967711226));
#2916 = CARTESIAN_POINT('',(5.854786785359,0.350000232647));
#2917 = CARTESIAN_POINT('',(5.926185665399,0.350000237516));
#2918 = CARTESIAN_POINT('',(5.997582216434,0.349967696619));
#2919 = CARTESIAN_POINT('',(6.068984679691,0.349948648188));
#2920 = CARTESIAN_POINT('',(6.14038870857,0.349955228874));
#2921 = CARTESIAN_POINT('',(6.211787929942,0.349984572322));
#2922 = CARTESIAN_POINT('',(6.25938631524,0.349998394919));
#2923 = CARTESIAN_POINT('',(6.28318530718,0.35));
#2924 = ( GEOMETRIC_REPRESENTATION_CONTEXT(2) 
PARAMETRIC_REPRESENTATION_CONTEXT() REPRESENTATION_CONTEXT('2D SPACE',''
  ) );
#2925 = FACE_BOUND('',#2926,.T.);
#2926 = EDGE_LOOP('',(#2927,#2988));
#2927 = ORIENTED_EDGE('',*,*,#2928,.F.);
#2928 = EDGE_CURVE('',#2929,#2931,#2933,.T.);
#2929 = VERTEX_POINT('',#2930);
#2930 = CARTESIAN_POINT('',(-1.625678765973,24.13,2.824118012737));
#2931 = VERTEX_POINT('',#2932);
#2932 = CARTESIAN_POINT('',(-2.349831410051,24.13,3.358536339589));
#2933 = SURFACE_CURVE('',#2934,(#2945,#2959),.PCURVE_S1.);
#2934 = B_SPLINE_CURVE_WITH_KNOTS('',3,(#2935,#2936,#2937,#2938,#2939,
    #2940,#2941,#2942,#2943,#2944),.UNSPECIFIED.,.F.,.F.,(4,2,2,2,4),(0.
    ,0.25,0.5,0.75,1.),.UNSPECIFIED.);
#2935 = CARTESIAN_POINT('',(-1.625678765973,24.13,2.824118012737));
#2936 = CARTESIAN_POINT('',(-1.695633961373,24.13,2.72932665329));
#2937 = CARTESIAN_POINT('',(-1.804180470737,24.13,2.663916962104));
#2938 = CARTESIAN_POINT('',(-2.037167282954,24.13,2.628793322072));
#2939 = CARTESIAN_POINT('',(-2.160172891992,24.13,2.659295658724));
#2940 = CARTESIAN_POINT('',(-2.349755610885,24.13,2.799206049523));
#2941 = CARTESIAN_POINT('',(-2.41516530207,24.13,2.907752558887));
#2942 = CARTESIAN_POINT('',(-2.450288942103,24.13,3.140739371104));
#2943 = CARTESIAN_POINT('',(-2.41978660545,24.13,3.263744980142));
#2944 = CARTESIAN_POINT('',(-2.349831410051,24.13,3.358536339589));
#2945 = PCURVE('',#192,#2946);
#2946 = DEFINITIONAL_REPRESENTATION('',(#2947),#2958);
#2947 = B_SPLINE_CURVE_WITH_KNOTS('',3,(#2948,#2949,#2950,#2951,#2952,
    #2953,#2954,#2955,#2956,#2957),.UNSPECIFIED.,.F.,.F.,(4,2,2,2,4),(0.
    ,0.25,0.5,0.75,1.),.UNSPECIFIED.);
#2948 = CARTESIAN_POINT('',(-2.823899162422,-1.625382241552));
#2949 = CARTESIAN_POINT('',(-2.729107802975,-1.695337436951));
#2950 = CARTESIAN_POINT('',(-2.663698111789,-1.803883946316));
#2951 = CARTESIAN_POINT('',(-2.628574471757,-2.036870758532));
#2952 = CARTESIAN_POINT('',(-2.659076808409,-2.159876367571));
#2953 = CARTESIAN_POINT('',(-2.798987199208,-2.349459086463));
#2954 = CARTESIAN_POINT('',(-2.907533708572,-2.414868777649));
#2955 = CARTESIAN_POINT('',(-3.140520520789,-2.449992417682));
#2956 = CARTESIAN_POINT('',(-3.263526129827,-2.419490081029));
#2957 = CARTESIAN_POINT('',(-3.358317489274,-2.34953488563));
#2958 = ( GEOMETRIC_REPRESENTATION_CONTEXT(2) 
PARAMETRIC_REPRESENTATION_CONTEXT() REPRESENTATION_CONTEXT('2D SPACE',''
  ) );
#2959 = PCURVE('',#1308,#2960);
#2960 = DEFINITIONAL_REPRESENTATION('',(#2961),#2987);
#2961 = B_SPLINE_CURVE_WITH_KNOTS('',3,(#2962,#2963,#2964,#2965,#2966,
    #2967,#2968,#2969,#2970,#2971,#2972,#2973,#2974,#2975,#2976,#2977,
    #2978,#2979,#2980,#2981,#2982,#2983,#2984,#2985,#2986),
  .UNSPECIFIED.,.F.,.F.,(4,1,1,1,1,1,1,1,1,1,1,1,1,1,1,1,1,1,1,1,1,1,4),
  (0.,4.545454545455E-02,9.090909090909E-02,0.136363636364,
    0.181818181818,0.227272727273,0.272727272727,0.318181818182,
    0.363636363636,0.409090909091,0.454545454545,0.5,0.545454545455,
    0.590909090909,0.636363636364,0.681818181818,0.727272727273,
    0.772727272727,0.818181818182,0.863636363636,0.909090909091,
    0.954545454545,1.),.QUASI_UNIFORM_KNOTS.);
#2962 = CARTESIAN_POINT('',(3.14159265359,0.));
#2963 = CARTESIAN_POINT('',(3.094022633669,-2.171102803711E-15));
#2964 = CARTESIAN_POINT('',(2.998870418291,-1.205994734714E-15));
#2965 = CARTESIAN_POINT('',(2.856090802868,7.477635777067E-15));
#2966 = CARTESIAN_POINT('',(2.713157723295,-7.388266300751E-15));
#2967 = CARTESIAN_POINT('',(2.570274928939,7.591473531326E-16));
#2968 = CARTESIAN_POINT('',(2.427579622073,4.35167688822E-15));
#2969 = CARTESIAN_POINT('',(2.284809352156,3.15042716679E-15));
#2970 = CARTESIAN_POINT('',(2.142114082224,4.362896517424E-15));
#2971 = CARTESIAN_POINT('',(1.999231140135,7.142688363184E-16));
#2972 = CARTESIAN_POINT('',(1.856298614556,1.409631021011E-14));
#2973 = CARTESIAN_POINT('',(1.713516930892,6.849336541667E-15));
#2974 = CARTESIAN_POINT('',(1.570796326795,1.138907768831E-15));
#2975 = CARTESIAN_POINT('',(1.428075722698,9.911314455812E-15));
#2976 = CARTESIAN_POINT('',(1.285294039034,1.848398553526E-15));
#2977 = CARTESIAN_POINT('',(1.142361513454,4.011373402886E-15));
#2978 = CARTESIAN_POINT('',(0.999478571366,3.422389907731E-15));
#2979 = CARTESIAN_POINT('',(0.856783301434,3.615349038991E-15));
#2980 = CARTESIAN_POINT('',(0.714013031517,3.432496009108E-15));
#2981 = CARTESIAN_POINT('',(0.571317724651,3.970948997382E-15));
#2982 = CARTESIAN_POINT('',(0.428434930295,1.999990074169E-15));
#2983 = CARTESIAN_POINT('',(0.285501850722,9.345372778746E-15));
#2984 = CARTESIAN_POINT('',(0.142722235299,3.251082956454E-15));
#2985 = CARTESIAN_POINT('',(4.757001992097E-02,3.947459643112E-16));
#2986 = CARTESIAN_POINT('',(0.,0.));
#2987 = ( GEOMETRIC_REPRESENTATION_CONTEXT(2) 
PARAMETRIC_REPRESENTATION_CONTEXT() REPRESENTATION_CONTEXT('2D SPACE',''
  ) );
#2988 = ORIENTED_EDGE('',*,*,#2989,.F.);
#2989 = EDGE_CURVE('',#2931,#2929,#2990,.T.);
#2990 = SURFACE_CURVE('',#2991,(#3002,#3016),.PCURVE_S1.);
#2991 = B_SPLINE_CURVE_WITH_KNOTS('',3,(#2992,#2993,#2994,#2995,#2996,
    #2997,#2998,#2999,#3000,#3001),.UNSPECIFIED.,.F.,.F.,(4,2,2,2,4),(0.
    ,0.25,0.5,0.75,1.),.UNSPECIFIED.);
#2992 = CARTESIAN_POINT('',(-2.349831410051,24.13,3.358536339589));
#2993 = CARTESIAN_POINT('',(-2.279876214652,24.13,3.453327699035));
#2994 = CARTESIAN_POINT('',(-2.171329705288,24.13,3.518737390221));
#2995 = CARTESIAN_POINT('',(-1.938342893071,24.13,3.553861030253));
#2996 = CARTESIAN_POINT('',(-1.815337284033,24.13,3.523358693601));
#2997 = CARTESIAN_POINT('',(-1.62575456514,24.13,3.383448302802));
#2998 = CARTESIAN_POINT('',(-1.560344873954,24.13,3.274901793438));
#2999 = CARTESIAN_POINT('',(-1.525221233921,24.13,3.041914981221));
#3000 = CARTESIAN_POINT('',(-1.555723570574,24.13,2.918909372183));
#3001 = CARTESIAN_POINT('',(-1.625678765973,24.13,2.824118012737));
#3002 = PCURVE('',#192,#3003);
#3003 = DEFINITIONAL_REPRESENTATION('',(#3004),#3015);
#3004 = B_SPLINE_CURVE_WITH_KNOTS('',3,(#3005,#3006,#3007,#3008,#3009,
    #3010,#3011,#3012,#3013,#3014),.UNSPECIFIED.,.F.,.F.,(4,2,2,2,4),(0.
    ,0.25,0.5,0.75,1.),.UNSPECIFIED.);
#3005 = CARTESIAN_POINT('',(-3.358317489274,-2.34953488563));
#3006 = CARTESIAN_POINT('',(-3.45310884872,-2.279579690231));
#3007 = CARTESIAN_POINT('',(-3.518518539906,-2.171033180866));
#3008 = CARTESIAN_POINT('',(-3.553642179938,-1.93804636865));
#3009 = CARTESIAN_POINT('',(-3.523139843286,-1.815040759611));
#3010 = CARTESIAN_POINT('',(-3.383229452487,-1.625458040719));
#3011 = CARTESIAN_POINT('',(-3.274682943123,-1.560048349533));
#3012 = CARTESIAN_POINT('',(-3.041696130906,-1.5249247095));
#3013 = CARTESIAN_POINT('',(-2.918690521868,-1.555427046153));
#3014 = CARTESIAN_POINT('',(-2.823899162422,-1.625382241552));
#3015 = ( GEOMETRIC_REPRESENTATION_CONTEXT(2) 
PARAMETRIC_REPRESENTATION_CONTEXT() REPRESENTATION_CONTEXT('2D SPACE',''
  ) );
#3016 = PCURVE('',#1246,#3017);
#3017 = DEFINITIONAL_REPRESENTATION('',(#3018),#3044);
#3018 = B_SPLINE_CURVE_WITH_KNOTS('',3,(#3019,#3020,#3021,#3022,#3023,
    #3024,#3025,#3026,#3027,#3028,#3029,#3030,#3031,#3032,#3033,#3034,
    #3035,#3036,#3037,#3038,#3039,#3040,#3041,#3042,#3043),
  .UNSPECIFIED.,.F.,.F.,(4,1,1,1,1,1,1,1,1,1,1,1,1,1,1,1,1,1,1,1,1,1,4),
  (0.,4.545454545455E-02,9.090909090909E-02,0.136363636364,
    0.181818181818,0.227272727273,0.272727272727,0.318181818182,
    0.363636363636,0.409090909091,0.454545454545,0.5,0.545454545455,
    0.590909090909,0.636363636364,0.681818181818,0.727272727273,
    0.772727272727,0.818181818182,0.863636363636,0.909090909091,
    0.954545454545,1.),.QUASI_UNIFORM_KNOTS.);
#3019 = CARTESIAN_POINT('',(6.28318530718,0.));
#3020 = CARTESIAN_POINT('',(6.235615287259,-1.381610875089E-15));
#3021 = CARTESIAN_POINT('',(6.140463071881,-7.518771979513E-16));
#3022 = CARTESIAN_POINT('',(5.997683456457,4.703986505463E-15));
#3023 = CARTESIAN_POINT('',(5.854750376885,3.252213248901E-15));
#3024 = CARTESIAN_POINT('',(5.711867582528,3.603442571734E-15));
#3025 = CARTESIAN_POINT('',(5.569172275663,3.650298536966E-15));
#3026 = CARTESIAN_POINT('',(5.426402005746,3.111645353206E-15));
#3027 = CARTESIAN_POINT('',(5.283706735813,5.219402123015E-15));
#3028 = CARTESIAN_POINT('',(5.140823793725,-2.672971772463E-15));
#3029 = CARTESIAN_POINT('',(4.997891268146,-1.584379710597E-14));
#3030 = CARTESIAN_POINT('',(4.855109584482,2.099313977922E-15));
#3031 = CARTESIAN_POINT('',(4.712388980385,-1.386974087852E-14));
#3032 = CARTESIAN_POINT('',(4.569668376287,-1.056919668224E-14));
#3033 = CARTESIAN_POINT('',(4.426886692623,-7.802318610942E-15));
#3034 = CARTESIAN_POINT('',(4.283954167044,-8.540930196021E-16));
#3035 = CARTESIAN_POINT('',(4.141071224956,-1.009759138345E-14));
#3036 = CARTESIAN_POINT('',(3.998375955023,-1.388105592194E-15));
#3037 = CARTESIAN_POINT('',(3.855605685106,-5.666268320576E-15));
#3038 = CARTESIAN_POINT('',(3.712910378241,2.736896801695E-15));
#3039 = CARTESIAN_POINT('',(3.570027583884,-5.281318886204E-15));
#3040 = CARTESIAN_POINT('',(3.427094504312,-2.927903329682E-15));
#3041 = CARTESIAN_POINT('',(3.284314888889,-4.323349867873E-15));
#3042 = CARTESIAN_POINT('',(3.189162673511,-2.171102803711E-15));
#3043 = CARTESIAN_POINT('',(3.14159265359,0.));
#3044 = ( GEOMETRIC_REPRESENTATION_CONTEXT(2) 
PARAMETRIC_REPRESENTATION_CONTEXT() REPRESENTATION_CONTEXT('2D SPACE',''
  ) );
#3045 = FACE_BOUND('',#3046,.T.);
#3046 = EDGE_LOOP('',(#3047,#3095));
#3047 = ORIENTED_EDGE('',*,*,#3048,.F.);
#3048 = EDGE_CURVE('',#3049,#3051,#3053,.T.);
#3049 = VERTEX_POINT('',#3050);
#3050 = CARTESIAN_POINT('',(-1.609524622372,24.13,1.187815132208));
#3051 = VERTEX_POINT('',#3052);
#3052 = CARTESIAN_POINT('',(1.608931573529,24.13,-1.187377431578));
#3053 = SURFACE_CURVE('',#3054,(#3073),.PCURVE_S1.);
#3054 = B_SPLINE_CURVE_WITH_KNOTS('',3,(#3055,#3056,#3057,#3058,#3059,
    #3060,#3061,#3062,#3063,#3064,#3065,#3066,#3067,#3068,#3069,#3070,
    #3071,#3072),.UNSPECIFIED.,.F.,.F.,(4,2,2,2,2,2,2,2,4),(-1.,-0.875,
    -0.75,-0.625,-0.5,-0.375,-0.25,-0.125,-0.),.UNSPECIFIED.);
#3055 = CARTESIAN_POINT('',(-1.609524622372,24.13,1.187815132208));
#3056 = CARTESIAN_POINT('',(-1.452152809224,24.13,1.401058594995));
#3057 = CARTESIAN_POINT('',(-1.25936502896,24.13,1.576480436986));
#3058 = CARTESIAN_POINT('',(-0.805746982721,24.13,1.849998923064));
#3059 = CARTESIAN_POINT('',(-0.560314951502,24.13,1.938319325023));
#3060 = CARTESIAN_POINT('',(-3.655552993646E-02,24.13,2.017425345158));
#3061 = CARTESIAN_POINT('',(0.2239928549,24.13,2.005099984711));
#3062 = CARTESIAN_POINT('',(0.738156027749,24.13,1.877750364434));
#3063 = CARTESIAN_POINT('',(0.974154636488,24.13,1.76665566598));
#3064 = CARTESIAN_POINT('',(1.400444878456,24.13,1.452238230551));
#3065 = CARTESIAN_POINT('',(1.575965062249,24.13,1.259287354854));
#3066 = CARTESIAN_POINT('',(1.849483548328,24.13,0.805669308615));
#3067 = CARTESIAN_POINT('',(1.937803950287,24.13,0.560237277396));
#3068 = CARTESIAN_POINT('',(2.016909970421,24.13,3.647785582989E-02));
#3069 = CARTESIAN_POINT('',(2.004630463561,24.13,-0.223885399083));
#3070 = CARTESIAN_POINT('',(1.877189136111,24.13,-0.738418831779));
#3071 = CARTESIAN_POINT('',(1.766529727342,24.13,-0.973827270495));
#3072 = CARTESIAN_POINT('',(1.608931573529,24.13,-1.187377431578));
#3073 = PCURVE('',#192,#3074);
#3074 = DEFINITIONAL_REPRESENTATION('',(#3075),#3094);
#3075 = B_SPLINE_CURVE_WITH_KNOTS('',3,(#3076,#3077,#3078,#3079,#3080,
    #3081,#3082,#3083,#3084,#3085,#3086,#3087,#3088,#3089,#3090,#3091,
    #3092,#3093),.UNSPECIFIED.,.F.,.F.,(4,2,2,2,2,2,2,2,4),(-1.,-0.875,
    -0.75,-0.625,-0.5,-0.375,-0.25,-0.125,-0.),.UNSPECIFIED.);
#3076 = CARTESIAN_POINT('',(-1.187596281893,-1.60922809795));
#3077 = CARTESIAN_POINT('',(-1.40083974468,-1.451856284803));
#3078 = CARTESIAN_POINT('',(-1.576261586671,-1.259068504539));
#3079 = CARTESIAN_POINT('',(-1.849780072749,-0.8054504583));
#3080 = CARTESIAN_POINT('',(-1.938100474708,-0.56001842708));
#3081 = CARTESIAN_POINT('',(-2.017206494843,-3.625900551512E-02));
#3082 = CARTESIAN_POINT('',(-2.004881134396,0.224289379321));
#3083 = CARTESIAN_POINT('',(-1.877531514119,0.738452552171));
#3084 = CARTESIAN_POINT('',(-1.766436815665,0.974451160909));
#3085 = CARTESIAN_POINT('',(-1.452019380236,1.400741402878));
#3086 = CARTESIAN_POINT('',(-1.259068504539,1.57626158667));
#3087 = CARTESIAN_POINT('',(-0.8054504583,1.849780072749));
#3088 = CARTESIAN_POINT('',(-0.560018427081,1.938100474708));
#3089 = CARTESIAN_POINT('',(-3.625900551487E-02,2.017206494842));
#3090 = CARTESIAN_POINT('',(0.224104249398,2.004926987982));
#3091 = CARTESIAN_POINT('',(0.738637682094,1.877485660532));
#3092 = CARTESIAN_POINT('',(0.97404612081,1.766826251763));
#3093 = CARTESIAN_POINT('',(1.187596281893,1.60922809795));
#3094 = ( GEOMETRIC_REPRESENTATION_CONTEXT(2) 
PARAMETRIC_REPRESENTATION_CONTEXT() REPRESENTATION_CONTEXT('2D SPACE',''
  ) );
#3095 = ORIENTED_EDGE('',*,*,#3096,.F.);
#3096 = EDGE_CURVE('',#3051,#3049,#3097,.T.);
#3097 = SURFACE_CURVE('',#3098,(#3117),.PCURVE_S1.);
#3098 = B_SPLINE_CURVE_WITH_KNOTS('',3,(#3099,#3100,#3101,#3102,#3103,
    #3104,#3105,#3106,#3107,#3108,#3109,#3110,#3111,#3112,#3113,#3114,
    #3115,#3116),.UNSPECIFIED.,.F.,.F.,(4,2,2,2,2,2,2,2,4),(-1.,-0.875,
    -0.75,-0.625,-0.5,-0.375,-0.25,-0.125,-0.),.UNSPECIFIED.);
#3099 = CARTESIAN_POINT('',(1.608931573529,24.13,-1.187377431578));
#3100 = CARTESIAN_POINT('',(1.451559760381,24.13,-1.400620894365));
#3101 = CARTESIAN_POINT('',(1.258771980117,24.13,-1.576042736356));
#3102 = CARTESIAN_POINT('',(0.805153933879,24.13,-1.849561222434));
#3103 = CARTESIAN_POINT('',(0.559721902659,24.13,-1.937881624393));
#3104 = CARTESIAN_POINT('',(3.596248109384E-02,24.13,-2.016987644528));
#3105 = CARTESIAN_POINT('',(-0.224585903742,24.13,-2.004662284081));
#3106 = CARTESIAN_POINT('',(-0.738749076592,24.13,-1.877312663804));
#3107 = CARTESIAN_POINT('',(-0.97474768533,24.13,-1.76621796535));
#3108 = CARTESIAN_POINT('',(-1.401037927299,24.13,-1.451800529921));
#3109 = CARTESIAN_POINT('',(-1.576558111092,24.13,-1.258849654224));
#3110 = CARTESIAN_POINT('',(-1.850076597171,24.13,-0.805231607985));
#3111 = CARTESIAN_POINT('',(-1.93839699913,24.13,-0.559799576765));
#3112 = CARTESIAN_POINT('',(-2.017503019264,24.13,-3.604015520022E-02));
#3113 = CARTESIAN_POINT('',(-2.005223512404,24.13,0.224323099713));
#3114 = CARTESIAN_POINT('',(-1.877782184954,24.13,0.738856532409));
#3115 = CARTESIAN_POINT('',(-1.767122776185,24.13,0.974264971125));
#3116 = CARTESIAN_POINT('',(-1.609524622372,24.13,1.187815132208));
#3117 = PCURVE('',#192,#3118);
#3118 = DEFINITIONAL_REPRESENTATION('',(#3119),#3138);
#3119 = B_SPLINE_CURVE_WITH_KNOTS('',3,(#3120,#3121,#3122,#3123,#3124,
    #3125,#3126,#3127,#3128,#3129,#3130,#3131,#3132,#3133,#3134,#3135,
    #3136,#3137),.UNSPECIFIED.,.F.,.F.,(4,2,2,2,2,2,2,2,4),(-1.,-0.875,
    -0.75,-0.625,-0.5,-0.375,-0.25,-0.125,-0.),.UNSPECIFIED.);
#3120 = CARTESIAN_POINT('',(1.187596281893,1.60922809795));
#3121 = CARTESIAN_POINT('',(1.40083974468,1.451856284803));
#3122 = CARTESIAN_POINT('',(1.576261586671,1.259068504539));
#3123 = CARTESIAN_POINT('',(1.849780072749,0.8054504583));
#3124 = CARTESIAN_POINT('',(1.938100474708,0.56001842708));
#3125 = CARTESIAN_POINT('',(2.017206494843,3.625900551519E-02));
#3126 = CARTESIAN_POINT('',(2.004881134396,-0.224289379321));
#3127 = CARTESIAN_POINT('',(1.877531514119,-0.738452552171));
#3128 = CARTESIAN_POINT('',(1.766436815665,-0.974451160909));
#3129 = CARTESIAN_POINT('',(1.452019380236,-1.400741402878));
#3130 = CARTESIAN_POINT('',(1.259068504539,-1.576261586671));
#3131 = CARTESIAN_POINT('',(0.8054504583,-1.849780072749));
#3132 = CARTESIAN_POINT('',(0.56001842708,-1.938100474708));
#3133 = CARTESIAN_POINT('',(3.625900551524E-02,-2.017206494843));
#3134 = CARTESIAN_POINT('',(-0.224104249398,-2.004926987982));
#3135 = CARTESIAN_POINT('',(-0.738637682094,-1.877485660532));
#3136 = CARTESIAN_POINT('',(-0.97404612081,-1.766826251763));
#3137 = CARTESIAN_POINT('',(-1.187596281893,-1.60922809795));
#3138 = ( GEOMETRIC_REPRESENTATION_CONTEXT(2) 
PARAMETRIC_REPRESENTATION_CONTEXT() REPRESENTATION_CONTEXT('2D SPACE',''
  ) );
#3139 = FACE_BOUND('',#3140,.T.);
#3140 = EDGE_LOOP('',(#3141,#3202));
#3141 = ORIENTED_EDGE('',*,*,#3142,.F.);
#3142 = EDGE_CURVE('',#3143,#3145,#3147,.T.);
#3143 = VERTEX_POINT('',#3144);
#3144 = CARTESIAN_POINT('',(2.099666712789,24.13,-3.364070257174));
#3145 = VERTEX_POINT('',#3146);
#3146 = CARTESIAN_POINT('',(1.455975473609,24.13,-2.889031744417));
#3147 = SURFACE_CURVE('',#3148,(#3159,#3173),.PCURVE_S1.);
#3148 = B_SPLINE_CURVE_WITH_KNOTS('',3,(#3149,#3150,#3151,#3152,#3153,
    #3154,#3155,#3156,#3157,#3158),.UNSPECIFIED.,.F.,.F.,(4,2,2,2,4),(0.
    ,0.25,0.5,0.75,1.),.UNSPECIFIED.);
#3149 = CARTESIAN_POINT('',(2.099666712789,24.13,-3.364070257174));
#3150 = CARTESIAN_POINT('',(2.037484316879,24.13,-3.448329243349));
#3151 = CARTESIAN_POINT('',(1.940998530777,24.13,-3.50647119107));
#3152 = CARTESIAN_POINT('',(1.73389914214,24.13,-3.537692204432));
#3153 = CARTESIAN_POINT('',(1.624560822995,24.13,-3.510579016296));
#3154 = CARTESIAN_POINT('',(1.456042850646,24.13,-3.386214224475));
#3155 = CARTESIAN_POINT('',(1.397900902925,24.13,-3.289728438374));
#3156 = CARTESIAN_POINT('',(1.366679889563,24.13,-3.082629049737));
#3157 = CARTESIAN_POINT('',(1.393793077699,24.13,-2.973290730591));
#3158 = CARTESIAN_POINT('',(1.455975473609,24.13,-2.889031744417));
#3159 = PCURVE('',#192,#3160);
#3160 = DEFINITIONAL_REPRESENTATION('',(#3161),#3172);
#3161 = B_SPLINE_CURVE_WITH_KNOTS('',3,(#3162,#3163,#3164,#3165,#3166,
    #3167,#3168,#3169,#3170,#3171),.UNSPECIFIED.,.F.,.F.,(4,2,2,2,4),(0.
    ,0.25,0.5,0.75,1.),.UNSPECIFIED.);
#3162 = CARTESIAN_POINT('',(3.364289107489,2.099963237211));
#3163 = CARTESIAN_POINT('',(3.448548093664,2.0377808413));
#3164 = CARTESIAN_POINT('',(3.506690041385,1.941295055199));
#3165 = CARTESIAN_POINT('',(3.537911054747,1.734195666561));
#3166 = CARTESIAN_POINT('',(3.510797866611,1.624857347416));
#3167 = CARTESIAN_POINT('',(3.38643307479,1.456339375067));
#3168 = CARTESIAN_POINT('',(3.289947288689,1.398197427347));
#3169 = CARTESIAN_POINT('',(3.082847900052,1.366976413984));
#3170 = CARTESIAN_POINT('',(2.973509580906,1.39408960212));
#3171 = CARTESIAN_POINT('',(2.889250594732,1.45627199803));
#3172 = ( GEOMETRIC_REPRESENTATION_CONTEXT(2) 
PARAMETRIC_REPRESENTATION_CONTEXT() REPRESENTATION_CONTEXT('2D SPACE',''
  ) );
#3173 = PCURVE('',#334,#3174);
#3174 = DEFINITIONAL_REPRESENTATION('',(#3175),#3201);
#3175 = B_SPLINE_CURVE_WITH_KNOTS('',3,(#3176,#3177,#3178,#3179,#3180,
    #3181,#3182,#3183,#3184,#3185,#3186,#3187,#3188,#3189,#3190,#3191,
    #3192,#3193,#3194,#3195,#3196,#3197,#3198,#3199,#3200),
  .UNSPECIFIED.,.F.,.F.,(4,1,1,1,1,1,1,1,1,1,1,1,1,1,1,1,1,1,1,1,1,1,4),
  (0.,4.545454545455E-02,9.090909090909E-02,0.136363636364,
    0.181818181818,0.227272727273,0.272727272727,0.318181818182,
    0.363636363636,0.409090909091,0.454545454545,0.5,0.545454545455,
    0.590909090909,0.636363636364,0.681818181818,0.727272727273,
    0.772727272727,0.818181818182,0.863636363636,0.909090909091,
    0.954545454545,1.),.QUASI_UNIFORM_KNOTS.);
#3176 = CARTESIAN_POINT('',(3.14159265359,0.));
#3177 = CARTESIAN_POINT('',(3.094022633669,2.171102803711E-15));
#3178 = CARTESIAN_POINT('',(2.998870418291,4.422866431502E-15));
#3179 = CARTESIAN_POINT('',(2.856090802868,2.57959535698E-15));
#3180 = CARTESIAN_POINT('',(2.713157723295,6.575034213381E-15));
#3181 = CARTESIAN_POINT('',(2.570274928939,-7.5634501377E-15));
#3182 = CARTESIAN_POINT('',(2.427579622073,2.362484264617E-15));
#3183 = CARTESIAN_POINT('',(2.284809352156,-1.886486920768E-15));
#3184 = CARTESIAN_POINT('',(2.142114082224,5.183463418456E-15));
#3185 = CARTESIAN_POINT('',(1.999231140135,2.468915319747E-15));
#3186 = CARTESIAN_POINT('',(1.856298614556,6.25715737536E-15));
#3187 = CARTESIAN_POINT('',(1.713516930892,-6.181262748383E-15));
#3188 = CARTESIAN_POINT('',(1.570796326795,-2.848388454632E-15));
#3189 = CARTESIAN_POINT('',(1.428075722698,-3.741465505891E-15));
#3190 = CARTESIAN_POINT('',(1.285294039034,-3.502031594608E-15));
#3191 = CARTESIAN_POINT('',(1.142361513454,-3.56669018848E-15));
#3192 = CARTESIAN_POINT('',(0.999478571366,-3.547489724276E-15));
#3193 = CARTESIAN_POINT('',(0.856783301434,-3.559632987219E-15));
#3194 = CARTESIAN_POINT('',(0.714013031517,-3.530260399651E-15));
#3195 = CARTESIAN_POINT('',(0.571317724651,-3.635607486981E-15));
#3196 = CARTESIAN_POINT('',(0.428434930295,-3.243591725227E-15));
#3197 = CARTESIAN_POINT('',(0.285501850722,-4.706307684914E-15));
#3198 = CARTESIAN_POINT('',(0.142722235299,7.525403920801E-16));
#3199 = CARTESIAN_POINT('',(4.757001992097E-02,1.381610875089E-15));
#3200 = CARTESIAN_POINT('',(0.,0.));
#3201 = ( GEOMETRIC_REPRESENTATION_CONTEXT(2) 
PARAMETRIC_REPRESENTATION_CONTEXT() REPRESENTATION_CONTEXT('2D SPACE',''
  ) );
#3202 = ORIENTED_EDGE('',*,*,#3203,.F.);
#3203 = EDGE_CURVE('',#3145,#3143,#3204,.T.);
#3204 = SURFACE_CURVE('',#3205,(#3216,#3230),.PCURVE_S1.);
#3205 = B_SPLINE_CURVE_WITH_KNOTS('',3,(#3206,#3207,#3208,#3209,#3210,
    #3211,#3212,#3213,#3214,#3215),.UNSPECIFIED.,.F.,.F.,(4,2,2,2,4),(0.
    ,0.25,0.5,0.75,1.),.UNSPECIFIED.);
#3206 = CARTESIAN_POINT('',(1.455975473609,24.13,-2.889031744417));
#3207 = CARTESIAN_POINT('',(1.51815786952,24.13,-2.804772758242));
#3208 = CARTESIAN_POINT('',(1.614643655621,24.13,-2.746630810522));
#3209 = CARTESIAN_POINT('',(1.821743044258,24.13,-2.715409797159));
#3210 = CARTESIAN_POINT('',(1.931081363403,24.13,-2.742522985295));
#3211 = CARTESIAN_POINT('',(2.099599335752,24.13,-2.866887777116));
#3212 = CARTESIAN_POINT('',(2.157741283473,24.13,-2.963373563217));
#3213 = CARTESIAN_POINT('',(2.188962296835,24.13,-3.170472951855));
#3214 = CARTESIAN_POINT('',(2.1618491087,24.13,-3.279811271));
#3215 = CARTESIAN_POINT('',(2.099666712789,24.13,-3.364070257174));
#3216 = PCURVE('',#192,#3217);
#3217 = DEFINITIONAL_REPRESENTATION('',(#3218),#3229);
#3218 = B_SPLINE_CURVE_WITH_KNOTS('',3,(#3219,#3220,#3221,#3222,#3223,
    #3224,#3225,#3226,#3227,#3228),.UNSPECIFIED.,.F.,.F.,(4,2,2,2,4),(0.
    ,0.25,0.5,0.75,1.),.UNSPECIFIED.);
#3219 = CARTESIAN_POINT('',(2.889250594732,1.45627199803));
#3220 = CARTESIAN_POINT('',(2.804991608557,1.518454393941));
#3221 = CARTESIAN_POINT('',(2.746849660837,1.614940180042));
#3222 = CARTESIAN_POINT('',(2.715628647474,1.82203956868));
#3223 = CARTESIAN_POINT('',(2.74274183561,1.931377887825));
#3224 = CARTESIAN_POINT('',(2.867106627431,2.099895860174));
#3225 = CARTESIAN_POINT('',(2.963592413532,2.158037807894));
#3226 = CARTESIAN_POINT('',(3.17069180217,2.189258821257));
#3227 = CARTESIAN_POINT('',(3.280030121315,2.162145633121));
#3228 = CARTESIAN_POINT('',(3.364289107489,2.099963237211));
#3229 = ( GEOMETRIC_REPRESENTATION_CONTEXT(2) 
PARAMETRIC_REPRESENTATION_CONTEXT() REPRESENTATION_CONTEXT('2D SPACE',''
  ) );
#3230 = PCURVE('',#272,#3231);
#3231 = DEFINITIONAL_REPRESENTATION('',(#3232),#3258);
#3232 = B_SPLINE_CURVE_WITH_KNOTS('',3,(#3233,#3234,#3235,#3236,#3237,
    #3238,#3239,#3240,#3241,#3242,#3243,#3244,#3245,#3246,#3247,#3248,
    #3249,#3250,#3251,#3252,#3253,#3254,#3255,#3256,#3257),
  .UNSPECIFIED.,.F.,.F.,(4,1,1,1,1,1,1,1,1,1,1,1,1,1,1,1,1,1,1,1,1,1,4),
  (0.,4.545454545455E-02,9.090909090909E-02,0.136363636364,
    0.181818181818,0.227272727273,0.272727272727,0.318181818182,
    0.363636363636,0.409090909091,0.454545454545,0.5,0.545454545455,
    0.590909090909,0.636363636364,0.681818181818,0.727272727273,
    0.772727272727,0.818181818182,0.863636363636,0.909090909091,
    0.954545454545,1.),.QUASI_UNIFORM_KNOTS.);
#3233 = CARTESIAN_POINT('',(6.28318530718,0.));
#3234 = CARTESIAN_POINT('',(6.235615287259,1.381610875089E-15));
#3235 = CARTESIAN_POINT('',(6.140463071881,7.187165203953E-16));
#3236 = CARTESIAN_POINT('',(5.997683456457,-4.587924134017E-15));
#3237 = CARTESIAN_POINT('',(5.854750376885,-3.68330205713E-15));
#3238 = CARTESIAN_POINT('',(5.711867582528,-1.995149710266E-15));
#3239 = CARTESIAN_POINT('',(5.569172275663,-9.652381174608E-15));
#3240 = CARTESIAN_POINT('',(5.426402005746,-2.027889736907E-15));
#3241 = CARTESIAN_POINT('',(5.283706735813,-3.552341950566E-15));
#3242 = CARTESIAN_POINT('',(5.140823793725,-5.079024533633E-15));
#3243 = CARTESIAN_POINT('',(4.997891268146,2.552158012293E-15));
#3244 = CARTESIAN_POINT('',(4.855109584482,-5.129607515539E-15));
#3245 = CARTESIAN_POINT('',(4.712388980385,-3.35001002294E-15));
#3246 = CARTESIAN_POINT('',(4.569668376287,-2.786634465503E-15));
#3247 = CARTESIAN_POINT('',(4.426886692623,-6.81973418785E-15));
#3248 = CARTESIAN_POINT('',(4.283954167044,8.7492891441E-15));
#3249 = CARTESIAN_POINT('',(4.141071224956,-6.861140315749E-15));
#3250 = CARTESIAN_POINT('',(3.998375955024,-2.621009953908E-15));
#3251 = CARTESIAN_POINT('',(3.855605685106,-3.971101941421E-15));
#3252 = CARTESIAN_POINT('',(3.712910378241,-2.81086435321E-15));
#3253 = CARTESIAN_POINT('',(3.570027583884,-6.101722718543E-15));
#3254 = CARTESIAN_POINT('',(3.427094504312,5.90147315458E-15));
#3255 = CARTESIAN_POINT('',(3.284314888889,3.812112173025E-15));
#3256 = CARTESIAN_POINT('',(3.189162673511,1.381610875089E-15));
#3257 = CARTESIAN_POINT('',(3.14159265359,0.));
#3258 = ( GEOMETRIC_REPRESENTATION_CONTEXT(2) 
PARAMETRIC_REPRESENTATION_CONTEXT() REPRESENTATION_CONTEXT('2D SPACE',''
  ) );
#3259 = ADVANCED_FACE('',(#3260),#334,.F.);
#3260 = FACE_BOUND('',#3261,.F.);
#3261 = EDGE_LOOP('',(#3262,#3282,#3283,#3303));
#3262 = ORIENTED_EDGE('',*,*,#3263,.T.);
#3263 = EDGE_CURVE('',#3143,#243,#3264,.T.);
#3264 = SURFACE_CURVE('',#3265,(#3270,#3276),.PCURVE_S1.);
#3265 = B_SPLINE_CURVE_WITH_KNOTS('',3,(#3266,#3267,#3268,#3269),
  .UNSPECIFIED.,.F.,.F.,(4,4),(0.,1.),.PIECEWISE_BEZIER_KNOTS.);
#3266 = CARTESIAN_POINT('',(2.099666712789,24.13,-3.364070257174));
#3267 = CARTESIAN_POINT('',(2.099666712789,23.863333333333,
    -3.364070257174));
#3268 = CARTESIAN_POINT('',(2.099666712789,23.596666666667,
    -3.364070257174));
#3269 = CARTESIAN_POINT('',(2.099666712789,23.33,-3.364070257174));
#3270 = PCURVE('',#334,#3271);
#3271 = DEFINITIONAL_REPRESENTATION('',(#3272),#3275);
#3272 = B_SPLINE_CURVE_WITH_KNOTS('',1,(#3273,#3274),.UNSPECIFIED.,.F.,
  .F.,(2,2),(0.,1.),.PIECEWISE_BEZIER_KNOTS.);
#3273 = CARTESIAN_POINT('',(3.14159265359,0.));
#3274 = CARTESIAN_POINT('',(3.14159265359,0.8));
#3275 = ( GEOMETRIC_REPRESENTATION_CONTEXT(2) 
PARAMETRIC_REPRESENTATION_CONTEXT() REPRESENTATION_CONTEXT('2D SPACE',''
  ) );
#3276 = PCURVE('',#272,#3277);
#3277 = DEFINITIONAL_REPRESENTATION('',(#3278),#3281);
#3278 = B_SPLINE_CURVE_WITH_KNOTS('',1,(#3279,#3280),.UNSPECIFIED.,.F.,
  .F.,(2,2),(0.,1.),.PIECEWISE_BEZIER_KNOTS.);
#3279 = CARTESIAN_POINT('',(3.14159265359,0.));
#3280 = CARTESIAN_POINT('',(3.14159265359,0.8));
#3281 = ( GEOMETRIC_REPRESENTATION_CONTEXT(2) 
PARAMETRIC_REPRESENTATION_CONTEXT() REPRESENTATION_CONTEXT('2D SPACE',''
  ) );
#3282 = ORIENTED_EDGE('',*,*,#306,.T.);
#3283 = ORIENTED_EDGE('',*,*,#3284,.T.);
#3284 = EDGE_CURVE('',#241,#3145,#3285,.T.);
#3285 = SURFACE_CURVE('',#3286,(#3291,#3297),.PCURVE_S1.);
#3286 = B_SPLINE_CURVE_WITH_KNOTS('',3,(#3287,#3288,#3289,#3290),
  .UNSPECIFIED.,.F.,.F.,(4,4),(0.,1.),.PIECEWISE_BEZIER_KNOTS.);
#3287 = CARTESIAN_POINT('',(1.455975473609,23.33,-2.889031744417));
#3288 = CARTESIAN_POINT('',(1.455975473609,23.596666666667,
    -2.889031744417));
#3289 = CARTESIAN_POINT('',(1.455975473609,23.863333333333,
    -2.889031744417));
#3290 = CARTESIAN_POINT('',(1.455975473609,24.13,-2.889031744417));
#3291 = PCURVE('',#334,#3292);
#3292 = DEFINITIONAL_REPRESENTATION('',(#3293),#3296);
#3293 = B_SPLINE_CURVE_WITH_KNOTS('',1,(#3294,#3295),.UNSPECIFIED.,.F.,
  .F.,(2,2),(0.,1.),.PIECEWISE_BEZIER_KNOTS.);
#3294 = CARTESIAN_POINT('',(0.,0.8));
#3295 = CARTESIAN_POINT('',(0.,0.));
#3296 = ( GEOMETRIC_REPRESENTATION_CONTEXT(2) 
PARAMETRIC_REPRESENTATION_CONTEXT() REPRESENTATION_CONTEXT('2D SPACE',''
  ) );
#3297 = PCURVE('',#272,#3298);
#3298 = DEFINITIONAL_REPRESENTATION('',(#3299),#3302);
#3299 = B_SPLINE_CURVE_WITH_KNOTS('',1,(#3300,#3301),.UNSPECIFIED.,.F.,
  .F.,(2,2),(0.,1.),.PIECEWISE_BEZIER_KNOTS.);
#3300 = CARTESIAN_POINT('',(6.28318530718,0.8));
#3301 = CARTESIAN_POINT('',(6.28318530718,0.));
#3302 = ( GEOMETRIC_REPRESENTATION_CONTEXT(2) 
PARAMETRIC_REPRESENTATION_CONTEXT() REPRESENTATION_CONTEXT('2D SPACE',''
  ) );
#3303 = ORIENTED_EDGE('',*,*,#3142,.F.);
#3304 = ADVANCED_FACE('',(#3305),#272,.F.);
#3305 = FACE_BOUND('',#3306,.F.);
#3306 = EDGE_LOOP('',(#3307,#3308,#3309,#3310));
#3307 = ORIENTED_EDGE('',*,*,#3203,.F.);
#3308 = ORIENTED_EDGE('',*,*,#3284,.F.);
#3309 = ORIENTED_EDGE('',*,*,#240,.T.);
#3310 = ORIENTED_EDGE('',*,*,#3263,.F.);
#3311 = ADVANCED_FACE('',(#3312),#1308,.F.);
#3312 = FACE_BOUND('',#3313,.F.);
#3313 = EDGE_LOOP('',(#3314,#3334,#3335,#3355));
#3314 = ORIENTED_EDGE('',*,*,#3315,.T.);
#3315 = EDGE_CURVE('',#2929,#1217,#3316,.T.);
#3316 = SURFACE_CURVE('',#3317,(#3322,#3328),.PCURVE_S1.);
#3317 = B_SPLINE_CURVE_WITH_KNOTS('',3,(#3318,#3319,#3320,#3321),
  .UNSPECIFIED.,.F.,.F.,(4,4),(0.,1.),.PIECEWISE_BEZIER_KNOTS.);
#3318 = CARTESIAN_POINT('',(-1.625678765973,24.13,2.824118012737));
#3319 = CARTESIAN_POINT('',(-1.625678765973,23.863333333333,
    2.824118012737));
#3320 = CARTESIAN_POINT('',(-1.625678765973,23.596666666667,
    2.824118012737));
#3321 = CARTESIAN_POINT('',(-1.625678765973,23.33,2.824118012737));
#3322 = PCURVE('',#1308,#3323);
#3323 = DEFINITIONAL_REPRESENTATION('',(#3324),#3327);
#3324 = B_SPLINE_CURVE_WITH_KNOTS('',1,(#3325,#3326),.UNSPECIFIED.,.F.,
  .F.,(2,2),(0.,1.),.PIECEWISE_BEZIER_KNOTS.);
#3325 = CARTESIAN_POINT('',(3.14159265359,0.));
#3326 = CARTESIAN_POINT('',(3.14159265359,0.8));
#3327 = ( GEOMETRIC_REPRESENTATION_CONTEXT(2) 
PARAMETRIC_REPRESENTATION_CONTEXT() REPRESENTATION_CONTEXT('2D SPACE',''
  ) );
#3328 = PCURVE('',#1246,#3329);
#3329 = DEFINITIONAL_REPRESENTATION('',(#3330),#3333);
#3330 = B_SPLINE_CURVE_WITH_KNOTS('',1,(#3331,#3332),.UNSPECIFIED.,.F.,
  .F.,(2,2),(0.,1.),.PIECEWISE_BEZIER_KNOTS.);
#3331 = CARTESIAN_POINT('',(3.14159265359,0.));
#3332 = CARTESIAN_POINT('',(3.14159265359,0.8));
#3333 = ( GEOMETRIC_REPRESENTATION_CONTEXT(2) 
PARAMETRIC_REPRESENTATION_CONTEXT() REPRESENTATION_CONTEXT('2D SPACE',''
  ) );
#3334 = ORIENTED_EDGE('',*,*,#1280,.T.);
#3335 = ORIENTED_EDGE('',*,*,#3336,.T.);
#3336 = EDGE_CURVE('',#1215,#2931,#3337,.T.);
#3337 = SURFACE_CURVE('',#3338,(#3343,#3349),.PCURVE_S1.);
#3338 = B_SPLINE_CURVE_WITH_KNOTS('',3,(#3339,#3340,#3341,#3342),
  .UNSPECIFIED.,.F.,.F.,(4,4),(0.,1.),.PIECEWISE_BEZIER_KNOTS.);
#3339 = CARTESIAN_POINT('',(-2.349831410051,23.33,3.358536339589));
#3340 = CARTESIAN_POINT('',(-2.349831410051,23.596666666667,
    3.358536339589));
#3341 = CARTESIAN_POINT('',(-2.349831410051,23.863333333333,
    3.358536339589));
#3342 = CARTESIAN_POINT('',(-2.349831410051,24.13,3.358536339589));
#3343 = PCURVE('',#1308,#3344);
#3344 = DEFINITIONAL_REPRESENTATION('',(#3345),#3348);
#3345 = B_SPLINE_CURVE_WITH_KNOTS('',1,(#3346,#3347),.UNSPECIFIED.,.F.,
  .F.,(2,2),(0.,1.),.PIECEWISE_BEZIER_KNOTS.);
#3346 = CARTESIAN_POINT('',(0.,0.8));
#3347 = CARTESIAN_POINT('',(0.,0.));
#3348 = ( GEOMETRIC_REPRESENTATION_CONTEXT(2) 
PARAMETRIC_REPRESENTATION_CONTEXT() REPRESENTATION_CONTEXT('2D SPACE',''
  ) );
#3349 = PCURVE('',#1246,#3350);
#3350 = DEFINITIONAL_REPRESENTATION('',(#3351),#3354);
#3351 = B_SPLINE_CURVE_WITH_KNOTS('',1,(#3352,#3353),.UNSPECIFIED.,.F.,
  .F.,(2,2),(0.,1.),.PIECEWISE_BEZIER_KNOTS.);
#3352 = CARTESIAN_POINT('',(6.28318530718,0.8));
#3353 = CARTESIAN_POINT('',(6.28318530718,0.));
#3354 = ( GEOMETRIC_REPRESENTATION_CONTEXT(2) 
PARAMETRIC_REPRESENTATION_CONTEXT() REPRESENTATION_CONTEXT('2D SPACE',''
  ) );
#3355 = ORIENTED_EDGE('',*,*,#2928,.F.);
#3356 = ADVANCED_FACE('',(#3357),#1246,.F.);
#3357 = FACE_BOUND('',#3358,.F.);
#3358 = EDGE_LOOP('',(#3359,#3360,#3361,#3362));
#3359 = ORIENTED_EDGE('',*,*,#2989,.F.);
#3360 = ORIENTED_EDGE('',*,*,#3336,.F.);
#3361 = ORIENTED_EDGE('',*,*,#1214,.T.);
#3362 = ORIENTED_EDGE('',*,*,#3315,.F.);
#3363 = ADVANCED_FACE('',(#3364),#1438,.F.);
#3364 = FACE_BOUND('',#3365,.F.);
#3365 = EDGE_LOOP('',(#3366,#3367,#3387,#3388));
#3366 = ORIENTED_EDGE('',*,*,#1410,.T.);
#3367 = ORIENTED_EDGE('',*,*,#3368,.T.);
#3368 = EDGE_CURVE('',#1345,#2399,#3369,.T.);
#3369 = SURFACE_CURVE('',#3370,(#3375,#3381),.PCURVE_S1.);
#3370 = B_SPLINE_CURVE_WITH_KNOTS('',3,(#3371,#3372,#3373,#3374),
  .UNSPECIFIED.,.F.,.F.,(4,4),(0.,1.),.PIECEWISE_BEZIER_KNOTS.);
#3371 = CARTESIAN_POINT('',(0.499872626723,23.33,-4.871681573856));
#3372 = CARTESIAN_POINT('',(0.499872626723,23.596666666667,
    -4.871681573856));
#3373 = CARTESIAN_POINT('',(0.499872626723,23.863333333333,
    -4.871681573856));
#3374 = CARTESIAN_POINT('',(0.499872626723,24.13,-4.871681573857));
#3375 = PCURVE('',#1438,#3376);
#3376 = DEFINITIONAL_REPRESENTATION('',(#3377),#3380);
#3377 = B_SPLINE_CURVE_WITH_KNOTS('',1,(#3378,#3379),.UNSPECIFIED.,.F.,
  .F.,(2,2),(0.,1.),.PIECEWISE_BEZIER_KNOTS.);
#3378 = CARTESIAN_POINT('',(6.28318530718,-0.8));
#3379 = CARTESIAN_POINT('',(6.28318530718,0.));
#3380 = ( GEOMETRIC_REPRESENTATION_CONTEXT(2) 
PARAMETRIC_REPRESENTATION_CONTEXT() REPRESENTATION_CONTEXT('2D SPACE',''
  ) );
#3381 = PCURVE('',#1376,#3382);
#3382 = DEFINITIONAL_REPRESENTATION('',(#3383),#3386);
#3383 = B_SPLINE_CURVE_WITH_KNOTS('',1,(#3384,#3385),.UNSPECIFIED.,.F.,
  .F.,(2,2),(0.,1.),.PIECEWISE_BEZIER_KNOTS.);
#3384 = CARTESIAN_POINT('',(0.,-0.8));
#3385 = CARTESIAN_POINT('',(0.,0.));
#3386 = ( GEOMETRIC_REPRESENTATION_CONTEXT(2) 
PARAMETRIC_REPRESENTATION_CONTEXT() REPRESENTATION_CONTEXT('2D SPACE',''
  ) );
#3387 = ORIENTED_EDGE('',*,*,#2396,.F.);
#3388 = ORIENTED_EDGE('',*,*,#3389,.T.);
#3389 = EDGE_CURVE('',#2397,#1347,#3390,.T.);
#3390 = SURFACE_CURVE('',#3391,(#3396,#3402),.PCURVE_S1.);
#3391 = B_SPLINE_CURVE_WITH_KNOTS('',3,(#3392,#3393,#3394,#3395),
  .UNSPECIFIED.,.F.,.F.,(4,4),(0.,1.),.PIECEWISE_BEZIER_KNOTS.);
#3392 = CARTESIAN_POINT('',(-0.505894934496,24.13,-4.129433897673));
#3393 = CARTESIAN_POINT('',(-0.505894934496,23.863333333333,
    -4.129433897673));
#3394 = CARTESIAN_POINT('',(-0.505894934496,23.596666666667,
    -4.129433897673));
#3395 = CARTESIAN_POINT('',(-0.505894934496,23.33,-4.129433897673));
#3396 = PCURVE('',#1438,#3397);
#3397 = DEFINITIONAL_REPRESENTATION('',(#3398),#3401);
#3398 = B_SPLINE_CURVE_WITH_KNOTS('',1,(#3399,#3400),.UNSPECIFIED.,.F.,
  .F.,(2,2),(0.,1.),.PIECEWISE_BEZIER_KNOTS.);
#3399 = CARTESIAN_POINT('',(3.14159265359,0.));
#3400 = CARTESIAN_POINT('',(3.14159265359,-0.8));
#3401 = ( GEOMETRIC_REPRESENTATION_CONTEXT(2) 
PARAMETRIC_REPRESENTATION_CONTEXT() REPRESENTATION_CONTEXT('2D SPACE',''
  ) );
#3402 = PCURVE('',#1376,#3403);
#3403 = DEFINITIONAL_REPRESENTATION('',(#3404),#3407);
#3404 = B_SPLINE_CURVE_WITH_KNOTS('',1,(#3405,#3406),.UNSPECIFIED.,.F.,
  .F.,(2,2),(0.,1.),.PIECEWISE_BEZIER_KNOTS.);
#3405 = CARTESIAN_POINT('',(3.14159265359,0.));
#3406 = CARTESIAN_POINT('',(3.14159265359,-0.8));
#3407 = ( GEOMETRIC_REPRESENTATION_CONTEXT(2) 
PARAMETRIC_REPRESENTATION_CONTEXT() REPRESENTATION_CONTEXT('2D SPACE',''
  ) );
#3408 = ADVANCED_FACE('',(#3409),#1376,.F.);
#3409 = FACE_BOUND('',#3410,.F.);
#3410 = EDGE_LOOP('',(#3411,#3412,#3413,#3414));
#3411 = ORIENTED_EDGE('',*,*,#3389,.F.);
#3412 = ORIENTED_EDGE('',*,*,#2457,.F.);
#3413 = ORIENTED_EDGE('',*,*,#3368,.F.);
#3414 = ORIENTED_EDGE('',*,*,#1344,.T.);
#3415 = ADVANCED_FACE('',(#3416),#1597,.T.);
#3416 = FACE_BOUND('',#3417,.T.);
#3417 = EDGE_LOOP('',(#3418,#3419,#3441,#3442));
#3418 = ORIENTED_EDGE('',*,*,#1567,.F.);
#3419 = ORIENTED_EDGE('',*,*,#3420,.T.);
#3420 = EDGE_CURVE('',#1537,#2138,#3421,.T.);
#3421 = SURFACE_CURVE('',#3422,(#3427,#3433),.PCURVE_S1.);
#3422 = B_SPLINE_CURVE_WITH_KNOTS('',3,(#3423,#3424,#3425,#3426),
  .UNSPECIFIED.,.F.,.F.,(4,4),(0.,1.),.PIECEWISE_BEZIER_KNOTS.);
#3423 = CARTESIAN_POINT('',(3.996083867239,23.33,-6.002192645505));
#3424 = CARTESIAN_POINT('',(3.996083867239,23.596666666667,
    -6.002192645505));
#3425 = CARTESIAN_POINT('',(3.996083867239,23.863333333333,
    -6.002192645505));
#3426 = CARTESIAN_POINT('',(3.996083867239,24.13,-6.002192645505));
#3427 = PCURVE('',#1597,#3428);
#3428 = DEFINITIONAL_REPRESENTATION('',(#3429),#3432);
#3429 = B_SPLINE_CURVE_WITH_KNOTS('',1,(#3430,#3431),.UNSPECIFIED.,.F.,
  .F.,(2,2),(0.,1.),.PIECEWISE_BEZIER_KNOTS.);
#3430 = CARTESIAN_POINT('',(2.205964295148,0.8));
#3431 = CARTESIAN_POINT('',(2.205964295148,0.));
#3432 = ( GEOMETRIC_REPRESENTATION_CONTEXT(2) 
PARAMETRIC_REPRESENTATION_CONTEXT() REPRESENTATION_CONTEXT('2D SPACE',''
  ) );
#3433 = PCURVE('',#1554,#3434);
#3434 = DEFINITIONAL_REPRESENTATION('',(#3435),#3440);
#3435 = B_SPLINE_CURVE_WITH_KNOTS('',3,(#3436,#3437,#3438,#3439),
  .UNSPECIFIED.,.F.,.F.,(4,4),(0.,1.),.PIECEWISE_BEZIER_KNOTS.);
#3436 = CARTESIAN_POINT('',(0.8,9.));
#3437 = CARTESIAN_POINT('',(0.533333333333,9.));
#3438 = CARTESIAN_POINT('',(0.266666666667,9.));
#3439 = CARTESIAN_POINT('',(0.,9.));
#3440 = ( GEOMETRIC_REPRESENTATION_CONTEXT(2) 
PARAMETRIC_REPRESENTATION_CONTEXT() REPRESENTATION_CONTEXT('2D SPACE',''
  ) );
#3441 = ORIENTED_EDGE('',*,*,#2137,.T.);
#3442 = ORIENTED_EDGE('',*,*,#3443,.T.);
#3443 = EDGE_CURVE('',#2112,#1568,#3444,.T.);
#3444 = SURFACE_CURVE('',#3445,(#3450,#3456),.PCURVE_S1.);
#3445 = B_SPLINE_CURVE_WITH_KNOTS('',3,(#3446,#3447,#3448,#3449),
  .UNSPECIFIED.,.F.,.F.,(4,4),(0.,1.),.PIECEWISE_BEZIER_KNOTS.);
#3446 = CARTESIAN_POINT('',(4.99668683214,24.13,-5.002795974193));
#3447 = CARTESIAN_POINT('',(4.99668683214,23.863333333333,
    -5.002795974193));
#3448 = CARTESIAN_POINT('',(4.99668683214,23.596666666667,
    -5.002795974193));
#3449 = CARTESIAN_POINT('',(4.99668683214,23.33,-5.002795974193));
#3450 = PCURVE('',#1597,#3451);
#3451 = DEFINITIONAL_REPRESENTATION('',(#3452),#3455);
#3452 = B_SPLINE_CURVE_WITH_KNOTS('',1,(#3453,#3454),.UNSPECIFIED.,.F.,
  .F.,(2,2),(0.,1.),.PIECEWISE_BEZIER_KNOTS.);
#3453 = CARTESIAN_POINT('',(3.776760621943,0.));
#3454 = CARTESIAN_POINT('',(3.776760621943,0.8));
#3455 = ( GEOMETRIC_REPRESENTATION_CONTEXT(2) 
PARAMETRIC_REPRESENTATION_CONTEXT() REPRESENTATION_CONTEXT('2D SPACE',''
  ) );
#3456 = PCURVE('',#1649,#3457);
#3457 = DEFINITIONAL_REPRESENTATION('',(#3458),#3463);
#3458 = B_SPLINE_CURVE_WITH_KNOTS('',3,(#3459,#3460,#3461,#3462),
  .UNSPECIFIED.,.F.,.F.,(4,4),(0.,1.),.PIECEWISE_BEZIER_KNOTS.);
#3459 = CARTESIAN_POINT('',(0.,-1.));
#3460 = CARTESIAN_POINT('',(-0.266666666667,-1.));
#3461 = CARTESIAN_POINT('',(-0.533333333333,-1.));
#3462 = CARTESIAN_POINT('',(-0.8,-1.));
#3463 = ( GEOMETRIC_REPRESENTATION_CONTEXT(2) 
PARAMETRIC_REPRESENTATION_CONTEXT() REPRESENTATION_CONTEXT('2D SPACE',''
  ) );
#3464 = ADVANCED_FACE('',(#3465),#1554,.F.);
#3465 = FACE_BOUND('',#3466,.T.);
#3466 = EDGE_LOOP('',(#3467,#3489,#3490,#3491));
#3467 = ORIENTED_EDGE('',*,*,#3468,.F.);
#3468 = EDGE_CURVE('',#2189,#1535,#3469,.T.);
#3469 = SURFACE_CURVE('',#3470,(#3475,#3483),.PCURVE_S1.);
#3470 = B_SPLINE_CURVE_WITH_KNOTS('',3,(#3471,#3472,#3473,#3474),
  .UNSPECIFIED.,.F.,.F.,(4,4),(0.,1.),.PIECEWISE_BEZIER_KNOTS.);
#3471 = CARTESIAN_POINT('',(-4.003914677617,24.13,-5.997367471148));
#3472 = CARTESIAN_POINT('',(-4.003914677617,23.863333333333,
    -5.997367471148));
#3473 = CARTESIAN_POINT('',(-4.003914677617,23.596666666667,
    -5.997367471148));
#3474 = CARTESIAN_POINT('',(-4.003914677617,23.33,-5.997367471148));
#3475 = PCURVE('',#1554,#3476);
#3476 = DEFINITIONAL_REPRESENTATION('',(#3477),#3482);
#3477 = B_SPLINE_CURVE_WITH_KNOTS('',3,(#3478,#3479,#3480,#3481),
  .UNSPECIFIED.,.F.,.F.,(4,4),(0.,1.),.PIECEWISE_BEZIER_KNOTS.);
#3478 = CARTESIAN_POINT('',(0.,1.));
#3479 = CARTESIAN_POINT('',(0.266666666667,1.));
#3480 = CARTESIAN_POINT('',(0.533333333333,1.));
#3481 = CARTESIAN_POINT('',(0.8,1.));
#3482 = ( GEOMETRIC_REPRESENTATION_CONTEXT(2) 
PARAMETRIC_REPRESENTATION_CONTEXT() REPRESENTATION_CONTEXT('2D SPACE',''
  ) );
#3483 = PCURVE('',#1924,#3484);
#3484 = DEFINITIONAL_REPRESENTATION('',(#3485),#3488);
#3485 = B_SPLINE_CURVE_WITH_KNOTS('',1,(#3486,#3487),.UNSPECIFIED.,.F.,
  .F.,(2,2),(0.,1.),.PIECEWISE_BEZIER_KNOTS.);
#3486 = CARTESIAN_POINT('',(2.205964295148,0.));
#3487 = CARTESIAN_POINT('',(2.205964295148,0.8));
#3488 = ( GEOMETRIC_REPRESENTATION_CONTEXT(2) 
PARAMETRIC_REPRESENTATION_CONTEXT() REPRESENTATION_CONTEXT('2D SPACE',''
  ) );
#3489 = ORIENTED_EDGE('',*,*,#2188,.T.);
#3490 = ORIENTED_EDGE('',*,*,#3420,.F.);
#3491 = ORIENTED_EDGE('',*,*,#1534,.F.);
#3492 = ADVANCED_FACE('',(#3493),#1924,.T.);
#3493 = FACE_BOUND('',#3494,.T.);
#3494 = EDGE_LOOP('',(#3495,#3496,#3518,#3519));
#3495 = ORIENTED_EDGE('',*,*,#1896,.F.);
#3496 = ORIENTED_EDGE('',*,*,#3497,.T.);
#3497 = EDGE_CURVE('',#1866,#2215,#3498,.T.);
#3498 = SURFACE_CURVE('',#3499,(#3504,#3510),.PCURVE_S1.);
#3499 = B_SPLINE_CURVE_WITH_KNOTS('',3,(#3500,#3501,#3502,#3503),
  .UNSPECIFIED.,.F.,.F.,(4,4),(0.,1.),.PIECEWISE_BEZIER_KNOTS.);
#3500 = CARTESIAN_POINT('',(-5.003311348929,23.33,-4.996764506247));
#3501 = CARTESIAN_POINT('',(-5.003311348929,23.596666666667,
    -4.996764506247));
#3502 = CARTESIAN_POINT('',(-5.003311348929,23.863333333333,
    -4.996764506247));
#3503 = CARTESIAN_POINT('',(-5.003311348929,24.13,-4.996764506247));
#3504 = PCURVE('',#1924,#3505);
#3505 = DEFINITIONAL_REPRESENTATION('',(#3506),#3509);
#3506 = B_SPLINE_CURVE_WITH_KNOTS('',1,(#3507,#3508),.UNSPECIFIED.,.F.,
  .F.,(2,2),(0.,1.),.PIECEWISE_BEZIER_KNOTS.);
#3507 = CARTESIAN_POINT('',(0.635167968353,0.8));
#3508 = CARTESIAN_POINT('',(0.635167968353,0.));
#3509 = ( GEOMETRIC_REPRESENTATION_CONTEXT(2) 
PARAMETRIC_REPRESENTATION_CONTEXT() REPRESENTATION_CONTEXT('2D SPACE',''
  ) );
#3510 = PCURVE('',#1883,#3511);
#3511 = DEFINITIONAL_REPRESENTATION('',(#3512),#3517);
#3512 = B_SPLINE_CURVE_WITH_KNOTS('',3,(#3513,#3514,#3515,#3516),
  .UNSPECIFIED.,.F.,.F.,(4,4),(0.,1.),.PIECEWISE_BEZIER_KNOTS.);
#3513 = CARTESIAN_POINT('',(0.8,11.));
#3514 = CARTESIAN_POINT('',(0.533333333333,11.));
#3515 = CARTESIAN_POINT('',(0.266666666667,11.));
#3516 = CARTESIAN_POINT('',(0.,11.));
#3517 = ( GEOMETRIC_REPRESENTATION_CONTEXT(2) 
PARAMETRIC_REPRESENTATION_CONTEXT() REPRESENTATION_CONTEXT('2D SPACE',''
  ) );
#3518 = ORIENTED_EDGE('',*,*,#2214,.T.);
#3519 = ORIENTED_EDGE('',*,*,#3468,.T.);
#3520 = ADVANCED_FACE('',(#3521),#1883,.F.);
#3521 = FACE_BOUND('',#3522,.T.);
#3522 = EDGE_LOOP('',(#3523,#3545,#3546,#3547));
#3523 = ORIENTED_EDGE('',*,*,#3524,.F.);
#3524 = EDGE_CURVE('',#2266,#1814,#3525,.T.);
#3525 = SURFACE_CURVE('',#3526,(#3531,#3539),.PCURVE_S1.);
#3526 = B_SPLINE_CURVE_WITH_KNOTS('',3,(#3527,#3528,#3529,#3530),
  .UNSPECIFIED.,.F.,.F.,(4,4),(0.,1.),.PIECEWISE_BEZIER_KNOTS.);
#3527 = CARTESIAN_POINT('',(-4.997279880983,24.13,5.003233674823));
#3528 = CARTESIAN_POINT('',(-4.997279880983,23.863333333333,
    5.003233674823));
#3529 = CARTESIAN_POINT('',(-4.997279880983,23.596666666667,
    5.003233674823));
#3530 = CARTESIAN_POINT('',(-4.997279880983,23.33,5.003233674823));
#3531 = PCURVE('',#1883,#3532);
#3532 = DEFINITIONAL_REPRESENTATION('',(#3533),#3538);
#3533 = B_SPLINE_CURVE_WITH_KNOTS('',3,(#3534,#3535,#3536,#3537),
  .UNSPECIFIED.,.F.,.F.,(4,4),(0.,1.),.PIECEWISE_BEZIER_KNOTS.);
#3534 = CARTESIAN_POINT('',(0.,1.));
#3535 = CARTESIAN_POINT('',(0.266666666667,1.));
#3536 = CARTESIAN_POINT('',(0.533333333333,1.));
#3537 = CARTESIAN_POINT('',(0.8,1.));
#3538 = ( GEOMETRIC_REPRESENTATION_CONTEXT(2) 
PARAMETRIC_REPRESENTATION_CONTEXT() REPRESENTATION_CONTEXT('2D SPACE',''
  ) );
#3539 = PCURVE('',#1831,#3540);
#3540 = DEFINITIONAL_REPRESENTATION('',(#3541),#3544);
#3541 = B_SPLINE_CURVE_WITH_KNOTS('',1,(#3542,#3543),.UNSPECIFIED.,.F.,
  .F.,(2,2),(0.,1.),.PIECEWISE_BEZIER_KNOTS.);
#3542 = CARTESIAN_POINT('',(0.635167968353,0.));
#3543 = CARTESIAN_POINT('',(0.635167968353,0.8));
#3544 = ( GEOMETRIC_REPRESENTATION_CONTEXT(2) 
PARAMETRIC_REPRESENTATION_CONTEXT() REPRESENTATION_CONTEXT('2D SPACE',''
  ) );
#3545 = ORIENTED_EDGE('',*,*,#2265,.T.);
#3546 = ORIENTED_EDGE('',*,*,#3497,.F.);
#3547 = ORIENTED_EDGE('',*,*,#1865,.F.);
#3548 = ADVANCED_FACE('',(#3549),#1831,.T.);
#3549 = FACE_BOUND('',#3550,.T.);
#3550 = EDGE_LOOP('',(#3551,#3552,#3553,#3573));
#3551 = ORIENTED_EDGE('',*,*,#3524,.T.);
#3552 = ORIENTED_EDGE('',*,*,#1813,.F.);
#3553 = ORIENTED_EDGE('',*,*,#3554,.T.);
#3554 = EDGE_CURVE('',#1758,#2292,#3555,.T.);
#3555 = SURFACE_CURVE('',#3556,(#3561,#3567),.PCURVE_S1.);
#3556 = B_SPLINE_CURVE_WITH_KNOTS('',3,(#3557,#3558,#3559,#3560),
  .UNSPECIFIED.,.F.,.F.,(4,4),(0.,1.),.PIECEWISE_BEZIER_KNOTS.);
#3557 = CARTESIAN_POINT('',(-4.801894111851,23.33,5.596428668975));
#3558 = CARTESIAN_POINT('',(-4.801894111851,23.596666666667,
    5.596428668975));
#3559 = CARTESIAN_POINT('',(-4.801894111851,23.863333333333,
    5.596428668975));
#3560 = CARTESIAN_POINT('',(-4.801894111851,24.13,5.596428668975));
#3561 = PCURVE('',#1831,#3562);
#3562 = DEFINITIONAL_REPRESENTATION('',(#3563),#3566);
#3563 = B_SPLINE_CURVE_WITH_KNOTS('',1,(#3564,#3565),.UNSPECIFIED.,.F.,
  .F.,(2,2),(0.,1.),.PIECEWISE_BEZIER_KNOTS.);
#3564 = CARTESIAN_POINT('',(0.,0.8));
#3565 = CARTESIAN_POINT('',(0.,0.));
#3566 = ( GEOMETRIC_REPRESENTATION_CONTEXT(2) 
PARAMETRIC_REPRESENTATION_CONTEXT() REPRESENTATION_CONTEXT('2D SPACE',''
  ) );
#3567 = PCURVE('',#1779,#3568);
#3568 = DEFINITIONAL_REPRESENTATION('',(#3569),#3572);
#3569 = B_SPLINE_CURVE_WITH_KNOTS('',1,(#3570,#3571),.UNSPECIFIED.,.F.,
  .F.,(2,2),(0.,1.),.PIECEWISE_BEZIER_KNOTS.);
#3570 = CARTESIAN_POINT('',(6.28318530718,0.8));
#3571 = CARTESIAN_POINT('',(6.28318530718,0.));
#3572 = ( GEOMETRIC_REPRESENTATION_CONTEXT(2) 
PARAMETRIC_REPRESENTATION_CONTEXT() REPRESENTATION_CONTEXT('2D SPACE',''
  ) );
#3573 = ORIENTED_EDGE('',*,*,#2291,.T.);
#3574 = ADVANCED_FACE('',(#3575),#1779,.T.);
#3575 = FACE_BOUND('',#3576,.T.);
#3576 = EDGE_LOOP('',(#3577,#3578,#3600,#3601));
#3577 = ORIENTED_EDGE('',*,*,#1757,.F.);
#3578 = ORIENTED_EDGE('',*,*,#3579,.T.);
#3579 = EDGE_CURVE('',#1727,#2339,#3580,.T.);
#3580 = SURFACE_CURVE('',#3581,(#3586,#3592),.PCURVE_S1.);
#3581 = B_SPLINE_CURVE_WITH_KNOTS('',3,(#3582,#3583,#3584,#3585),
  .UNSPECIFIED.,.F.,.F.,(4,4),(0.,1.),.PIECEWISE_BEZIER_KNOTS.);
#3582 = CARTESIAN_POINT('',(-3.996676916081,23.33,6.002630346135));
#3583 = CARTESIAN_POINT('',(-3.996676916081,23.596666666667,
    6.002630346135));
#3584 = CARTESIAN_POINT('',(-3.996676916081,23.863333333333,
    6.002630346135));
#3585 = CARTESIAN_POINT('',(-3.996676916081,24.13,6.002630346135));
#3586 = PCURVE('',#1779,#3587);
#3587 = DEFINITIONAL_REPRESENTATION('',(#3588),#3591);
#3588 = B_SPLINE_CURVE_WITH_KNOTS('',1,(#3589,#3590),.UNSPECIFIED.,.F.,
  .F.,(2,2),(0.,1.),.PIECEWISE_BEZIER_KNOTS.);
#3589 = CARTESIAN_POINT('',(5.347556948738,0.8));
#3590 = CARTESIAN_POINT('',(5.347556948738,0.));
#3591 = ( GEOMETRIC_REPRESENTATION_CONTEXT(2) 
PARAMETRIC_REPRESENTATION_CONTEXT() REPRESENTATION_CONTEXT('2D SPACE',''
  ) );
#3592 = PCURVE('',#1744,#3593);
#3593 = DEFINITIONAL_REPRESENTATION('',(#3594),#3599);
#3594 = B_SPLINE_CURVE_WITH_KNOTS('',3,(#3595,#3596,#3597,#3598),
  .UNSPECIFIED.,.F.,.F.,(4,4),(0.,1.),.PIECEWISE_BEZIER_KNOTS.);
#3595 = CARTESIAN_POINT('',(9.,-0.8));
#3596 = CARTESIAN_POINT('',(9.,-0.533333333333));
#3597 = CARTESIAN_POINT('',(9.,-0.266666666667));
#3598 = CARTESIAN_POINT('',(9.,0.));
#3599 = ( GEOMETRIC_REPRESENTATION_CONTEXT(2) 
PARAMETRIC_REPRESENTATION_CONTEXT() REPRESENTATION_CONTEXT('2D SPACE',''
  ) );
#3600 = ORIENTED_EDGE('',*,*,#2338,.T.);
#3601 = ORIENTED_EDGE('',*,*,#3554,.F.);
#3602 = ADVANCED_FACE('',(#3603),#1744,.F.);
#3603 = FACE_BOUND('',#3604,.T.);
#3604 = EDGE_LOOP('',(#3605,#3627,#3628,#3629));
#3605 = ORIENTED_EDGE('',*,*,#3606,.F.);
#3606 = EDGE_CURVE('',#2061,#1663,#3607,.T.);
#3607 = SURFACE_CURVE('',#3608,(#3613,#3621),.PCURVE_S1.);
#3608 = B_SPLINE_CURVE_WITH_KNOTS('',3,(#3609,#3610,#3611,#3612),
  .UNSPECIFIED.,.F.,.F.,(4,4),(0.,1.),.PIECEWISE_BEZIER_KNOTS.);
#3609 = CARTESIAN_POINT('',(4.003321628774,24.13,5.997805171778));
#3610 = CARTESIAN_POINT('',(4.003321628774,23.863333333333,
    5.997805171778));
#3611 = CARTESIAN_POINT('',(4.003321628774,23.596666666667,
    5.997805171778));
#3612 = CARTESIAN_POINT('',(4.003321628774,23.33,5.997805171778));
#3613 = PCURVE('',#1744,#3614);
#3614 = DEFINITIONAL_REPRESENTATION('',(#3615),#3620);
#3615 = B_SPLINE_CURVE_WITH_KNOTS('',3,(#3616,#3617,#3618,#3619),
  .UNSPECIFIED.,.F.,.F.,(4,4),(0.,1.),.PIECEWISE_BEZIER_KNOTS.);
#3616 = CARTESIAN_POINT('',(1.,0.));
#3617 = CARTESIAN_POINT('',(1.,-0.266666666667));
#3618 = CARTESIAN_POINT('',(1.,-0.533333333333));
#3619 = CARTESIAN_POINT('',(1.,-0.8));
#3620 = ( GEOMETRIC_REPRESENTATION_CONTEXT(2) 
PARAMETRIC_REPRESENTATION_CONTEXT() REPRESENTATION_CONTEXT('2D SPACE',''
  ) );
#3621 = PCURVE('',#1692,#3622);
#3622 = DEFINITIONAL_REPRESENTATION('',(#3623),#3626);
#3623 = B_SPLINE_CURVE_WITH_KNOTS('',1,(#3624,#3625),.UNSPECIFIED.,.F.,
  .F.,(2,2),(0.,1.),.PIECEWISE_BEZIER_KNOTS.);
#3624 = CARTESIAN_POINT('',(5.347556948738,0.));
#3625 = CARTESIAN_POINT('',(5.347556948738,0.8));
#3626 = ( GEOMETRIC_REPRESENTATION_CONTEXT(2) 
PARAMETRIC_REPRESENTATION_CONTEXT() REPRESENTATION_CONTEXT('2D SPACE',''
  ) );
#3627 = ORIENTED_EDGE('',*,*,#2366,.T.);
#3628 = ORIENTED_EDGE('',*,*,#3579,.F.);
#3629 = ORIENTED_EDGE('',*,*,#1726,.F.);
#3630 = ADVANCED_FACE('',(#3631),#1692,.T.);
#3631 = FACE_BOUND('',#3632,.T.);
#3632 = EDGE_LOOP('',(#3633,#3634,#3656,#3657));
#3633 = ORIENTED_EDGE('',*,*,#1662,.F.);
#3634 = ORIENTED_EDGE('',*,*,#3635,.T.);
#3635 = EDGE_CURVE('',#1632,#2059,#3636,.T.);
#3636 = SURFACE_CURVE('',#3637,(#3642,#3648),.PCURVE_S1.);
#3637 = B_SPLINE_CURVE_WITH_KNOTS('',3,(#3638,#3639,#3640,#3641),
  .UNSPECIFIED.,.F.,.F.,(4,4),(0.,1.),.PIECEWISE_BEZIER_KNOTS.);
#3638 = CARTESIAN_POINT('',(5.002718300087,23.33,4.997202206877));
#3639 = CARTESIAN_POINT('',(5.002718300087,23.596666666667,
    4.997202206877));
#3640 = CARTESIAN_POINT('',(5.002718300087,23.863333333333,
    4.997202206877));
#3641 = CARTESIAN_POINT('',(5.002718300087,24.13,4.997202206877));
#3642 = PCURVE('',#1692,#3643);
#3643 = DEFINITIONAL_REPRESENTATION('',(#3644),#3647);
#3644 = B_SPLINE_CURVE_WITH_KNOTS('',1,(#3645,#3646),.UNSPECIFIED.,.F.,
  .F.,(2,2),(0.,1.),.PIECEWISE_BEZIER_KNOTS.);
#3645 = CARTESIAN_POINT('',(3.776760621943,0.8));
#3646 = CARTESIAN_POINT('',(3.776760621943,0.));
#3647 = ( GEOMETRIC_REPRESENTATION_CONTEXT(2) 
PARAMETRIC_REPRESENTATION_CONTEXT() REPRESENTATION_CONTEXT('2D SPACE',''
  ) );
#3648 = PCURVE('',#1649,#3649);
#3649 = DEFINITIONAL_REPRESENTATION('',(#3650),#3655);
#3650 = B_SPLINE_CURVE_WITH_KNOTS('',3,(#3651,#3652,#3653,#3654),
  .UNSPECIFIED.,.F.,.F.,(4,4),(0.,1.),.PIECEWISE_BEZIER_KNOTS.);
#3651 = CARTESIAN_POINT('',(-0.8,-11.));
#3652 = CARTESIAN_POINT('',(-0.533333333333,-11.));
#3653 = CARTESIAN_POINT('',(-0.266666666667,-11.));
#3654 = CARTESIAN_POINT('',(0.,-11.));
#3655 = ( GEOMETRIC_REPRESENTATION_CONTEXT(2) 
PARAMETRIC_REPRESENTATION_CONTEXT() REPRESENTATION_CONTEXT('2D SPACE',''
  ) );
#3656 = ORIENTED_EDGE('',*,*,#2058,.T.);
#3657 = ORIENTED_EDGE('',*,*,#3606,.T.);
#3658 = ADVANCED_FACE('',(#3659),#1649,.F.);
#3659 = FACE_BOUND('',#3660,.T.);
#3660 = EDGE_LOOP('',(#3661,#3662,#3663,#3664));
#3661 = ORIENTED_EDGE('',*,*,#3635,.F.);
#3662 = ORIENTED_EDGE('',*,*,#1631,.F.);
#3663 = ORIENTED_EDGE('',*,*,#3443,.F.);
#3664 = ORIENTED_EDGE('',*,*,#2111,.T.);
#3665 = ADVANCED_FACE('',(#3666),#2664,.F.);
#3666 = FACE_BOUND('',#3667,.F.);
#3667 = EDGE_LOOP('',(#3668,#3745,#3765,#3766));
#3668 = ORIENTED_EDGE('',*,*,#3669,.T.);
#3669 = EDGE_CURVE('',#3670,#3672,#3674,.T.);
#3670 = VERTEX_POINT('',#3671);
#3671 = CARTESIAN_POINT('',(-3.768264084039,23.78,-3.085220542027));
#3672 = VERTEX_POINT('',#3673);
#3673 = CARTESIAN_POINT('',(-1.837190366498,23.78,-4.510336080299));
#3674 = SURFACE_CURVE('',#3675,(#3694),.PCURVE_S1.);
#3675 = B_SPLINE_CURVE_WITH_KNOTS('',3,(#3676,#3677,#3678,#3679,#3680,
    #3681,#3682,#3683,#3684,#3685,#3686,#3687,#3688,#3689,#3690,#3691,
    #3692,#3693),.UNSPECIFIED.,.F.,.F.,(4,2,2,2,2,2,2,2,4),(-1.,-0.875,
    -0.75,-0.625,-0.5,-0.375,-0.25,-0.125,-0.),.UNSPECIFIED.);
#3676 = CARTESIAN_POINT('',(-3.768264084039,23.78,-3.085220542027));
#3677 = CARTESIAN_POINT('',(-3.674990490173,23.78,-2.958832062765));
#3678 = CARTESIAN_POINT('',(-3.556623255472,23.78,-2.851039283422));
#3679 = CARTESIAN_POINT('',(-3.287542572769,23.78,-2.688892343251));
#3680 = CARTESIAN_POINT('',(-3.136934996525,23.78,-2.634601980319));
#3681 = CARTESIAN_POINT('',(-2.826285913569,23.78,-2.587770460276));
#3682 = CARTESIAN_POINT('',(-2.666366634006,23.78,-2.595247729367));
#3683 = CARTESIAN_POINT('',(-2.361442657636,23.78,-2.670861303849));
#3684 = CARTESIAN_POINT('',(-2.216557935394,23.78,-2.738967858527));
#3685 = CARTESIAN_POINT('',(-1.963780976871,23.78,-2.925515046258));
#3686 = CARTESIAN_POINT('',(-1.855988197528,23.78,-3.04388228096));
#3687 = CARTESIAN_POINT('',(-1.693841257357,23.78,-3.312962963663));
#3688 = CARTESIAN_POINT('',(-1.639550894425,23.78,-3.463570539906));
#3689 = CARTESIAN_POINT('',(-1.592719374382,23.78,-3.774219622862));
#3690 = CARTESIAN_POINT('',(-1.600196643473,23.78,-3.934138902426));
#3691 = CARTESIAN_POINT('',(-1.675810217955,23.78,-4.239062878795));
#3692 = CARTESIAN_POINT('',(-1.743916772633,23.78,-4.383947601037));
#3693 = CARTESIAN_POINT('',(-1.837190366498,23.78,-4.510336080299));
#3694 = PCURVE('',#2664,#3695);
#3695 = DEFINITIONAL_REPRESENTATION('',(#3696),#3744);
#3696 = B_SPLINE_CURVE_WITH_KNOTS('',3,(#3697,#3698,#3699,#3700,#3701,
    #3702,#3703,#3704,#3705,#3706,#3707,#3708,#3709,#3710,#3711,#3712,
    #3713,#3714,#3715,#3716,#3717,#3718,#3719,#3720,#3721,#3722,#3723,
    #3724,#3725,#3726,#3727,#3728,#3729,#3730,#3731,#3732,#3733,#3734,
    #3735,#3736,#3737,#3738,#3739,#3740,#3741,#3742,#3743),
  .UNSPECIFIED.,.F.,.F.,(4,1,1,1,1,1,1,1,1,1,1,1,1,1,1,1,1,1,1,1,1,1,1,1
    ,1,1,1,1,1,1,1,1,1,1,1,1,1,1,1,1,1,1,1,1,4),(-1.,-0.977272727273,
    -0.954545454545,-0.931818181818,-0.909090909091,-0.886363636364,
    -0.863636363636,-0.840909090909,-0.818181818182,-0.795454545455,
    -0.772727272727,-0.75,-0.727272727273,-0.704545454545,
    -0.681818181818,-0.659090909091,-0.636363636364,-0.613636363636,
    -0.590909090909,-0.568181818182,-0.545454545455,-0.522727272727,-0.5
    ,-0.477272727273,-0.454545454545,-0.431818181818,-0.409090909091,
    -0.386363636364,-0.363636363636,-0.340909090909,-0.318181818182,
    -0.295454545455,-0.272727272727,-0.25,-0.227272727273,
    -0.204545454545,-0.181818181818,-0.159090909091,-0.136363636364,
    -0.113636363636,-9.090909090909E-02,-6.818181818182E-02,
    -4.545454545455E-02,-2.272727272727E-02,-0.),.UNSPECIFIED.);
#3697 = CARTESIAN_POINT('',(3.14159265359,-1.443289932013E-15));
#3698 = CARTESIAN_POINT('',(3.165391645529,-1.242643434084E-06));
#3699 = CARTESIAN_POINT('',(3.212990030828,-1.19440090021E-05));
#3700 = CARTESIAN_POINT('',(3.284389252199,-3.466151654248E-05));
#3701 = CARTESIAN_POINT('',(3.355793281078,-3.97562411715E-05));
#3702 = CARTESIAN_POINT('',(3.427195744335,-2.500906891885E-05));
#3703 = CARTESIAN_POINT('',(3.49859229537,1.838829801312E-07));
#3704 = CARTESIAN_POINT('',(3.56999117541,1.801135899548E-07));
#3705 = CARTESIAN_POINT('',(3.641387725227,-2.499776074898E-05));
#3706 = CARTESIAN_POINT('',(3.712790193355,-3.979770448342E-05));
#3707 = CARTESIAN_POINT('',(3.784194203969,-3.45069714833E-05));
#3708 = CARTESIAN_POINT('',(3.855593493529,-1.252072593291E-05));
#3709 = CARTESIAN_POINT('',(3.926990816987,6.260362010617E-06));
#3710 = CARTESIAN_POINT('',(3.998388140445,-1.252072211956E-05));
#3711 = CARTESIAN_POINT('',(4.069787430007,-3.45069867287E-05));
#3712 = CARTESIAN_POINT('',(4.141191440614,-3.979764731449E-05));
#3713 = CARTESIAN_POINT('',(4.212593908767,-2.499797418131E-05));
#3714 = CARTESIAN_POINT('',(4.28399045849,1.809101523403E-07));
#3715 = CARTESIAN_POINT('',(4.355389338882,1.809101542599E-07));
#3716 = CARTESIAN_POINT('',(4.426785888605,-2.499797418707E-05));
#3717 = CARTESIAN_POINT('',(4.498188356758,-3.97976472927E-05));
#3718 = CARTESIAN_POINT('',(4.569592367365,-3.450698680807E-05));
#3719 = CARTESIAN_POINT('',(4.640991656927,-1.252072182718E-05));
#3720 = CARTESIAN_POINT('',(4.712388980385,6.260360910492E-06));
#3721 = CARTESIAN_POINT('',(4.783786303843,-1.252072182478E-05));
#3722 = CARTESIAN_POINT('',(4.855185593404,-3.450698680768E-05));
#3723 = CARTESIAN_POINT('',(4.926589604012,-3.979764729469E-05));
#3724 = CARTESIAN_POINT('',(4.997992072165,-2.499797418151E-05));
#3725 = CARTESIAN_POINT('',(5.069388621888,1.809101546379E-07));
#3726 = CARTESIAN_POINT('',(5.140787502279,1.809101545885E-07));
#3727 = CARTESIAN_POINT('',(5.212184052002,-2.499797418069E-05));
#3728 = CARTESIAN_POINT('',(5.283586520155,-3.979764730989E-05));
#3729 = CARTESIAN_POINT('',(5.354990530763,-3.450698672571E-05));
#3730 = CARTESIAN_POINT('',(5.426389820324,-1.252072211811E-05));
#3731 = CARTESIAN_POINT('',(5.497787143782,6.260362012506E-06));
#3732 = CARTESIAN_POINT('',(5.569184467241,-1.252072593125E-05));
#3733 = CARTESIAN_POINT('',(5.6405837568,-3.450697148382E-05));
#3734 = CARTESIAN_POINT('',(5.711987767414,-3.979770448233E-05));
#3735 = CARTESIAN_POINT('',(5.783390235542,-2.499776074418E-05));
#3736 = CARTESIAN_POINT('',(5.854786785359,1.801135902929E-07));
#3737 = CARTESIAN_POINT('',(5.926185665399,1.838829826343E-07));
#3738 = CARTESIAN_POINT('',(5.997582216434,-2.500906891987E-05));
#3739 = CARTESIAN_POINT('',(6.068984679691,-3.975624117123E-05));
#3740 = CARTESIAN_POINT('',(6.14038870857,-3.466151654118E-05));
#3741 = CARTESIAN_POINT('',(6.211787929942,-1.194400900025E-05));
#3742 = CARTESIAN_POINT('',(6.25938631524,-1.242643431285E-06));
#3743 = CARTESIAN_POINT('',(6.28318530718,2.122467674916E-15));
#3744 = ( GEOMETRIC_REPRESENTATION_CONTEXT(2) 
PARAMETRIC_REPRESENTATION_CONTEXT() REPRESENTATION_CONTEXT('2D SPACE',''
  ) );
#3745 = ORIENTED_EDGE('',*,*,#3746,.T.);
#3746 = EDGE_CURVE('',#3672,#2517,#3747,.T.);
#3747 = SURFACE_CURVE('',#3748,(#3753,#3759),.PCURVE_S1.);
#3748 = B_SPLINE_CURVE_WITH_KNOTS('',3,(#3749,#3750,#3751,#3752),
  .UNSPECIFIED.,.F.,.F.,(4,4),(0.,1.),.PIECEWISE_BEZIER_KNOTS.);
#3749 = CARTESIAN_POINT('',(-1.837190366498,23.78,-4.510336080299));
#3750 = CARTESIAN_POINT('',(-1.743318727451,23.896666666667,
    -4.579612530076));
#3751 = CARTESIAN_POINT('',(-1.649447088404,24.013333333333,
    -4.648888979853));
#3752 = CARTESIAN_POINT('',(-1.555575449357,24.13,-4.71816542963));
#3753 = PCURVE('',#2664,#3754);
#3754 = DEFINITIONAL_REPRESENTATION('',(#3755),#3758);
#3755 = B_SPLINE_CURVE_WITH_KNOTS('',1,(#3756,#3757),.UNSPECIFIED.,.F.,
  .F.,(2,2),(0.,1.),.PIECEWISE_BEZIER_KNOTS.);
#3756 = CARTESIAN_POINT('',(6.28318530718,2.331468351713E-15));
#3757 = CARTESIAN_POINT('',(6.28318530718,0.35));
#3758 = ( GEOMETRIC_REPRESENTATION_CONTEXT(2) 
PARAMETRIC_REPRESENTATION_CONTEXT() REPRESENTATION_CONTEXT('2D SPACE',''
  ) );
#3759 = PCURVE('',#2564,#3760);
#3760 = DEFINITIONAL_REPRESENTATION('',(#3761),#3764);
#3761 = B_SPLINE_CURVE_WITH_KNOTS('',1,(#3762,#3763),.UNSPECIFIED.,.F.,
  .F.,(2,2),(0.,1.),.PIECEWISE_BEZIER_KNOTS.);
#3762 = CARTESIAN_POINT('',(0.,2.331468351713E-15));
#3763 = CARTESIAN_POINT('',(0.,0.35));
#3764 = ( GEOMETRIC_REPRESENTATION_CONTEXT(2) 
PARAMETRIC_REPRESENTATION_CONTEXT() REPRESENTATION_CONTEXT('2D SPACE',''
  ) );
#3765 = ORIENTED_EDGE('',*,*,#2620,.F.);
#3766 = ORIENTED_EDGE('',*,*,#3767,.T.);
#3767 = EDGE_CURVE('',#2519,#3670,#3768,.T.);
#3768 = SURFACE_CURVE('',#3769,(#3774,#3780),.PCURVE_S1.);
#3769 = B_SPLINE_CURVE_WITH_KNOTS('',3,(#3770,#3771,#3772,#3773),
  .UNSPECIFIED.,.F.,.F.,(4,4),(0.,1.),.PIECEWISE_BEZIER_KNOTS.);
#3770 = CARTESIAN_POINT('',(-4.04987900118,24.13,-2.877391192695));
#3771 = CARTESIAN_POINT('',(-3.956007362133,24.013333333333,
    -2.946667642472));
#3772 = CARTESIAN_POINT('',(-3.862135723086,23.896666666667,
    -3.01594409225));
#3773 = CARTESIAN_POINT('',(-3.768264084039,23.78,-3.085220542027));
#3774 = PCURVE('',#2664,#3775);
#3775 = DEFINITIONAL_REPRESENTATION('',(#3776),#3779);
#3776 = B_SPLINE_CURVE_WITH_KNOTS('',1,(#3777,#3778),.UNSPECIFIED.,.F.,
  .F.,(2,2),(0.,1.),.PIECEWISE_BEZIER_KNOTS.);
#3777 = CARTESIAN_POINT('',(3.14159265359,0.35));
#3778 = CARTESIAN_POINT('',(3.14159265359,-1.443289932013E-15));
#3779 = ( GEOMETRIC_REPRESENTATION_CONTEXT(2) 
PARAMETRIC_REPRESENTATION_CONTEXT() REPRESENTATION_CONTEXT('2D SPACE',''
  ) );
#3780 = PCURVE('',#2564,#3781);
#3781 = DEFINITIONAL_REPRESENTATION('',(#3782),#3785);
#3782 = B_SPLINE_CURVE_WITH_KNOTS('',1,(#3783,#3784),.UNSPECIFIED.,.F.,
  .F.,(2,2),(0.,1.),.PIECEWISE_BEZIER_KNOTS.);
#3783 = CARTESIAN_POINT('',(3.14159265359,0.35));
#3784 = CARTESIAN_POINT('',(3.14159265359,-1.443289932013E-15));
#3785 = ( GEOMETRIC_REPRESENTATION_CONTEXT(2) 
PARAMETRIC_REPRESENTATION_CONTEXT() REPRESENTATION_CONTEXT('2D SPACE',''
  ) );
#3786 = ADVANCED_FACE('',(#3787),#2564,.F.);
#3787 = FACE_BOUND('',#3788,.F.);
#3788 = EDGE_LOOP('',(#3789,#3790,#3791,#3792));
#3789 = ORIENTED_EDGE('',*,*,#3767,.F.);
#3790 = ORIENTED_EDGE('',*,*,#2516,.F.);
#3791 = ORIENTED_EDGE('',*,*,#3746,.F.);
#3792 = ORIENTED_EDGE('',*,*,#3793,.T.);
#3793 = EDGE_CURVE('',#3672,#3670,#3794,.T.);
#3794 = SURFACE_CURVE('',#3795,(#3814),.PCURVE_S1.);
#3795 = B_SPLINE_CURVE_WITH_KNOTS('',3,(#3796,#3797,#3798,#3799,#3800,
    #3801,#3802,#3803,#3804,#3805,#3806,#3807,#3808,#3809,#3810,#3811,
    #3812,#3813),.UNSPECIFIED.,.F.,.F.,(4,2,2,2,2,2,2,2,4),(-1.,-0.875,
    -0.75,-0.625,-0.5,-0.375,-0.25,-0.125,-0.),.UNSPECIFIED.);
#3796 = CARTESIAN_POINT('',(-1.837190366498,23.78,-4.510336080299));
#3797 = CARTESIAN_POINT('',(-1.930463960364,23.78,-4.636724559561));
#3798 = CARTESIAN_POINT('',(-2.048831195065,23.78,-4.744517338903));
#3799 = CARTESIAN_POINT('',(-2.317911877769,23.78,-4.906664279074));
#3800 = CARTESIAN_POINT('',(-2.468519454012,23.78,-4.960954642006));
#3801 = CARTESIAN_POINT('',(-2.779168536968,23.78,-5.00778616205));
#3802 = CARTESIAN_POINT('',(-2.939087816531,23.78,-5.000308892958));
#3803 = CARTESIAN_POINT('',(-3.244011792901,23.78,-4.924695318476));
#3804 = CARTESIAN_POINT('',(-3.388896515143,23.78,-4.856588763799));
#3805 = CARTESIAN_POINT('',(-3.641673473666,23.78,-4.670041576067));
#3806 = CARTESIAN_POINT('',(-3.749466253009,23.78,-4.551674341366));
#3807 = CARTESIAN_POINT('',(-3.91161319318,23.78,-4.282593658663));
#3808 = CARTESIAN_POINT('',(-3.965903556112,23.78,-4.131986082419));
#3809 = CARTESIAN_POINT('',(-4.012735076156,23.78,-3.821336999464));
#3810 = CARTESIAN_POINT('',(-4.005257807064,23.78,-3.6614177199));
#3811 = CARTESIAN_POINT('',(-3.929644232582,23.78,-3.35649374353));
#3812 = CARTESIAN_POINT('',(-3.861537677904,23.78,-3.211609021288));
#3813 = CARTESIAN_POINT('',(-3.768264084039,23.78,-3.085220542027));
#3814 = PCURVE('',#2564,#3815);
#3815 = DEFINITIONAL_REPRESENTATION('',(#3816),#3864);
#3816 = B_SPLINE_CURVE_WITH_KNOTS('',3,(#3817,#3818,#3819,#3820,#3821,
    #3822,#3823,#3824,#3825,#3826,#3827,#3828,#3829,#3830,#3831,#3832,
    #3833,#3834,#3835,#3836,#3837,#3838,#3839,#3840,#3841,#3842,#3843,
    #3844,#3845,#3846,#3847,#3848,#3849,#3850,#3851,#3852,#3853,#3854,
    #3855,#3856,#3857,#3858,#3859,#3860,#3861,#3862,#3863),
  .UNSPECIFIED.,.F.,.F.,(4,1,1,1,1,1,1,1,1,1,1,1,1,1,1,1,1,1,1,1,1,1,1,1
    ,1,1,1,1,1,1,1,1,1,1,1,1,1,1,1,1,1,1,1,1,4),(-1.,-0.977272727273,
    -0.954545454545,-0.931818181818,-0.909090909091,-0.886363636364,
    -0.863636363636,-0.840909090909,-0.818181818182,-0.795454545455,
    -0.772727272727,-0.75,-0.727272727273,-0.704545454545,
    -0.681818181818,-0.659090909091,-0.636363636364,-0.613636363636,
    -0.590909090909,-0.568181818182,-0.545454545455,-0.522727272727,-0.5
    ,-0.477272727273,-0.454545454545,-0.431818181818,-0.409090909091,
    -0.386363636364,-0.363636363636,-0.340909090909,-0.318181818182,
    -0.295454545455,-0.272727272727,-0.25,-0.227272727273,
    -0.204545454545,-0.181818181818,-0.159090909091,-0.136363636364,
    -0.113636363636,-9.090909090909E-02,-6.818181818182E-02,
    -4.545454545455E-02,-2.272727272727E-02,-0.),.UNSPECIFIED.);
#3817 = CARTESIAN_POINT('',(0.,2.122467674916E-15));
#3818 = CARTESIAN_POINT('',(2.379899193962E-02,-1.242643432142E-06));
#3819 = CARTESIAN_POINT('',(7.139737723807E-02,-1.194400900072E-05));
#3820 = CARTESIAN_POINT('',(0.142796598609,-3.466151653826E-05));
#3821 = CARTESIAN_POINT('',(0.214200627488,-3.975624117244E-05));
#3822 = CARTESIAN_POINT('',(0.285603090745,-2.500906891929E-05));
#3823 = CARTESIAN_POINT('',(0.35699964178,1.838829828464E-07));
#3824 = CARTESIAN_POINT('',(0.42839852182,1.80113590195E-07));
#3825 = CARTESIAN_POINT('',(0.499795071637,-2.4997760744E-05));
#3826 = CARTESIAN_POINT('',(0.571197539765,-3.979770447962E-05));
#3827 = CARTESIAN_POINT('',(0.642601550379,-3.450697148418E-05));
#3828 = CARTESIAN_POINT('',(0.714000839939,-1.252072593051E-05));
#3829 = CARTESIAN_POINT('',(0.785398163398,6.260362012561E-06));
#3830 = CARTESIAN_POINT('',(0.856795486856,-1.252072211774E-05));
#3831 = CARTESIAN_POINT('',(0.928194776417,-3.450698672991E-05));
#3832 = CARTESIAN_POINT('',(0.999598787024,-3.979764731611E-05));
#3833 = CARTESIAN_POINT('',(1.071001255177,-2.49979741816E-05));
#3834 = CARTESIAN_POINT('',(1.1423978049,1.809101491188E-07));
#3835 = CARTESIAN_POINT('',(1.213796685292,1.809101547772E-07));
#3836 = CARTESIAN_POINT('',(1.285193235015,-2.499797418792E-05));
#3837 = CARTESIAN_POINT('',(1.356595703168,-3.979764729117E-05));
#3838 = CARTESIAN_POINT('',(1.427999713775,-3.450698680604E-05));
#3839 = CARTESIAN_POINT('',(1.499399003337,-1.252072182553E-05));
#3840 = CARTESIAN_POINT('',(1.570796326795,6.26036091319E-06));
#3841 = CARTESIAN_POINT('',(1.642193650253,-1.252072182923E-05));
#3842 = CARTESIAN_POINT('',(1.713592939814,-3.450698680324E-05));
#3843 = CARTESIAN_POINT('',(1.784996950422,-3.979764728933E-05));
#3844 = CARTESIAN_POINT('',(1.856399418575,-2.499797418676E-05));
#3845 = CARTESIAN_POINT('',(1.927795968298,1.809101576198E-07));
#3846 = CARTESIAN_POINT('',(1.999194848689,1.809101492448E-07));
#3847 = CARTESIAN_POINT('',(2.070591398412,-2.499797417562E-05));
#3848 = CARTESIAN_POINT('',(2.141993866565,-3.979764731617E-05));
#3849 = CARTESIAN_POINT('',(2.213397877173,-3.450698672898E-05));
#3850 = CARTESIAN_POINT('',(2.284797166734,-1.252072212073E-05));
#3851 = CARTESIAN_POINT('',(2.356194490192,6.26036201427E-06));
#3852 = CARTESIAN_POINT('',(2.427591813651,-1.252072593502E-05));
#3853 = CARTESIAN_POINT('',(2.498991103211,-3.450697148251E-05));
#3854 = CARTESIAN_POINT('',(2.570395113825,-3.979770448447E-05));
#3855 = CARTESIAN_POINT('',(2.641797581952,-2.499776074822E-05));
#3856 = CARTESIAN_POINT('',(2.71319413177,1.801135866369E-07));
#3857 = CARTESIAN_POINT('',(2.78459301181,1.838829819847E-07));
#3858 = CARTESIAN_POINT('',(2.855989562844,-2.500906892494E-05));
#3859 = CARTESIAN_POINT('',(2.927392026102,-3.975624117029E-05));
#3860 = CARTESIAN_POINT('',(2.99879605498,-3.466151654055E-05));
#3861 = CARTESIAN_POINT('',(3.070195276352,-1.194400899969E-05));
#3862 = CARTESIAN_POINT('',(3.11779366165,-1.242643433017E-06));
#3863 = CARTESIAN_POINT('',(3.14159265359,-1.443289932013E-15));
#3864 = ( GEOMETRIC_REPRESENTATION_CONTEXT(2) 
PARAMETRIC_REPRESENTATION_CONTEXT() REPRESENTATION_CONTEXT('2D SPACE',''
  ) );
#3865 = ADVANCED_FACE('',(#3866),#2870,.F.);
#3866 = FACE_BOUND('',#3867,.F.);
#3867 = EDGE_LOOP('',(#3868,#3945,#3965,#3966));
#3868 = ORIENTED_EDGE('',*,*,#3869,.T.);
#3869 = EDGE_CURVE('',#3870,#3872,#3874,.T.);
#3870 = VERTEX_POINT('',#3871);
#3871 = CARTESIAN_POINT('',(1.837190366498,23.78,4.510336080299));
#3872 = VERTEX_POINT('',#3873);
#3873 = CARTESIAN_POINT('',(3.768264084039,23.78,3.085220542027));
#3874 = SURFACE_CURVE('',#3875,(#3894),.PCURVE_S1.);
#3875 = B_SPLINE_CURVE_WITH_KNOTS('',3,(#3876,#3877,#3878,#3879,#3880,
    #3881,#3882,#3883,#3884,#3885,#3886,#3887,#3888,#3889,#3890,#3891,
    #3892,#3893),.UNSPECIFIED.,.F.,.F.,(4,2,2,2,2,2,2,2,4),(-1.,-0.875,
    -0.75,-0.625,-0.5,-0.375,-0.25,-0.125,-0.),.UNSPECIFIED.);
#3876 = CARTESIAN_POINT('',(1.837190366498,23.78,4.510336080299));
#3877 = CARTESIAN_POINT('',(1.930463960364,23.78,4.636724559561));
#3878 = CARTESIAN_POINT('',(2.048831195065,23.78,4.744517338903));
#3879 = CARTESIAN_POINT('',(2.317911877769,23.78,4.906664279074));
#3880 = CARTESIAN_POINT('',(2.468519454012,23.78,4.960954642006));
#3881 = CARTESIAN_POINT('',(2.779168536968,23.78,5.00778616205));
#3882 = CARTESIAN_POINT('',(2.939087816531,23.78,5.000308892958));
#3883 = CARTESIAN_POINT('',(3.244011792901,23.78,4.924695318476));
#3884 = CARTESIAN_POINT('',(3.388896515143,23.78,4.856588763799));
#3885 = CARTESIAN_POINT('',(3.641673473666,23.78,4.670041576067));
#3886 = CARTESIAN_POINT('',(3.749466253009,23.78,4.551674341366));
#3887 = CARTESIAN_POINT('',(3.91161319318,23.78,4.282593658663));
#3888 = CARTESIAN_POINT('',(3.965903556112,23.78,4.131986082419));
#3889 = CARTESIAN_POINT('',(4.012735076156,23.78,3.821336999464));
#3890 = CARTESIAN_POINT('',(4.005257807064,23.78,3.6614177199));
#3891 = CARTESIAN_POINT('',(3.929644232582,23.78,3.35649374353));
#3892 = CARTESIAN_POINT('',(3.861537677904,23.78,3.211609021288));
#3893 = CARTESIAN_POINT('',(3.768264084039,23.78,3.085220542027));
#3894 = PCURVE('',#2870,#3895);
#3895 = DEFINITIONAL_REPRESENTATION('',(#3896),#3944);
#3896 = B_SPLINE_CURVE_WITH_KNOTS('',3,(#3897,#3898,#3899,#3900,#3901,
    #3902,#3903,#3904,#3905,#3906,#3907,#3908,#3909,#3910,#3911,#3912,
    #3913,#3914,#3915,#3916,#3917,#3918,#3919,#3920,#3921,#3922,#3923,
    #3924,#3925,#3926,#3927,#3928,#3929,#3930,#3931,#3932,#3933,#3934,
    #3935,#3936,#3937,#3938,#3939,#3940,#3941,#3942,#3943),
  .UNSPECIFIED.,.F.,.F.,(4,1,1,1,1,1,1,1,1,1,1,1,1,1,1,1,1,1,1,1,1,1,1,1
    ,1,1,1,1,1,1,1,1,1,1,1,1,1,1,1,1,1,1,1,1,4),(-1.,-0.977272727273,
    -0.954545454545,-0.931818181818,-0.909090909091,-0.886363636364,
    -0.863636363636,-0.840909090909,-0.818181818182,-0.795454545455,
    -0.772727272727,-0.75,-0.727272727273,-0.704545454545,
    -0.681818181818,-0.659090909091,-0.636363636364,-0.613636363636,
    -0.590909090909,-0.568181818182,-0.545454545455,-0.522727272727,-0.5
    ,-0.477272727273,-0.454545454545,-0.431818181818,-0.409090909091,
    -0.386363636364,-0.363636363636,-0.340909090909,-0.318181818182,
    -0.295454545455,-0.272727272727,-0.25,-0.227272727273,
    -0.204545454545,-0.181818181818,-0.159090909091,-0.136363636364,
    -0.113636363636,-9.090909090909E-02,-6.818181818182E-02,
    -4.545454545455E-02,-2.272727272727E-02,-0.),.UNSPECIFIED.);
#3897 = CARTESIAN_POINT('',(3.14159265359,-1.110223024625E-15));
#3898 = CARTESIAN_POINT('',(3.165391645529,-1.242643433239E-06));
#3899 = CARTESIAN_POINT('',(3.212990030828,-1.194400899994E-05));
#3900 = CARTESIAN_POINT('',(3.284389252199,-3.466151653867E-05));
#3901 = CARTESIAN_POINT('',(3.355793281078,-3.975624117692E-05));
#3902 = CARTESIAN_POINT('',(3.427195744335,-2.500906892229E-05));
#3903 = CARTESIAN_POINT('',(3.49859229537,1.838829759944E-07));
#3904 = CARTESIAN_POINT('',(3.56999117541,1.801135879586E-07));
#3905 = CARTESIAN_POINT('',(3.641387725227,-2.499776074752E-05));
#3906 = CARTESIAN_POINT('',(3.712790193355,-3.979770448328E-05));
#3907 = CARTESIAN_POINT('',(3.784194203969,-3.450697148265E-05));
#3908 = CARTESIAN_POINT('',(3.855593493529,-1.252072593762E-05));
#3909 = CARTESIAN_POINT('',(3.926990816987,6.260362012187E-06));
#3910 = CARTESIAN_POINT('',(3.998388140445,-1.252072212312E-05));
#3911 = CARTESIAN_POINT('',(4.069787430007,-3.450698672802E-05));
#3912 = CARTESIAN_POINT('',(4.141191440614,-3.979764731765E-05));
#3913 = CARTESIAN_POINT('',(4.212593908767,-2.499797417668E-05));
#3914 = CARTESIAN_POINT('',(4.28399045849,1.809101489444E-07));
#3915 = CARTESIAN_POINT('',(4.355389338882,1.809101592098E-07));
#3916 = CARTESIAN_POINT('',(4.426785888605,-2.499797418283E-05));
#3917 = CARTESIAN_POINT('',(4.498188356758,-3.979764728866E-05));
#3918 = CARTESIAN_POINT('',(4.569592367365,-3.450698680185E-05));
#3919 = CARTESIAN_POINT('',(4.640991656927,-1.252072182482E-05));
#3920 = CARTESIAN_POINT('',(4.712388980385,6.26036091946E-06));
#3921 = CARTESIAN_POINT('',(4.783786303843,-1.252072181972E-05));
#3922 = CARTESIAN_POINT('',(4.855185593404,-3.450698679827E-05));
#3923 = CARTESIAN_POINT('',(4.926589604012,-3.979764729142E-05));
#3924 = CARTESIAN_POINT('',(4.997992072165,-2.499797418268E-05));
#3925 = CARTESIAN_POINT('',(5.069388621888,1.809101567305E-07));
#3926 = CARTESIAN_POINT('',(5.140787502279,1.809101560524E-07));
#3927 = CARTESIAN_POINT('',(5.212184052002,-2.499797417732E-05));
#3928 = CARTESIAN_POINT('',(5.283586520155,-3.979764731154E-05));
#3929 = CARTESIAN_POINT('',(5.354990530763,-3.45069867245E-05));
#3930 = CARTESIAN_POINT('',(5.426389820324,-1.252072211798E-05));
#3931 = CARTESIAN_POINT('',(5.497787143782,6.260362014761E-06));
#3932 = CARTESIAN_POINT('',(5.569184467241,-1.252072592908E-05));
#3933 = CARTESIAN_POINT('',(5.6405837568,-3.450697147944E-05));
#3934 = CARTESIAN_POINT('',(5.711987767414,-3.979770447937E-05));
#3935 = CARTESIAN_POINT('',(5.783390235542,-2.49977607444E-05));
#3936 = CARTESIAN_POINT('',(5.854786785359,1.801135915687E-07));
#3937 = CARTESIAN_POINT('',(5.926185665399,1.838829830861E-07));
#3938 = CARTESIAN_POINT('',(5.997582216434,-2.500906891962E-05));
#3939 = CARTESIAN_POINT('',(6.068984679691,-3.975624117001E-05));
#3940 = CARTESIAN_POINT('',(6.14038870857,-3.466151654431E-05));
#3941 = CARTESIAN_POINT('',(6.211787929942,-1.194400900293E-05));
#3942 = CARTESIAN_POINT('',(6.25938631524,-1.242643433165E-06));
#3943 = CARTESIAN_POINT('',(6.28318530718,7.614513694974E-16));
#3944 = ( GEOMETRIC_REPRESENTATION_CONTEXT(2) 
PARAMETRIC_REPRESENTATION_CONTEXT() REPRESENTATION_CONTEXT('2D SPACE',''
  ) );
#3945 = ORIENTED_EDGE('',*,*,#3946,.T.);
#3946 = EDGE_CURVE('',#3872,#2723,#3947,.T.);
#3947 = SURFACE_CURVE('',#3948,(#3953,#3959),.PCURVE_S1.);
#3948 = B_SPLINE_CURVE_WITH_KNOTS('',3,(#3949,#3950,#3951,#3952),
  .UNSPECIFIED.,.F.,.F.,(4,4),(0.,1.),.PIECEWISE_BEZIER_KNOTS.);
#3949 = CARTESIAN_POINT('',(3.768264084039,23.78,3.085220542027));
#3950 = CARTESIAN_POINT('',(3.862135723086,23.896666666667,3.01594409225
    ));
#3951 = CARTESIAN_POINT('',(3.956007362133,24.013333333333,
    2.946667642472));
#3952 = CARTESIAN_POINT('',(4.04987900118,24.13,2.877391192695));
#3953 = PCURVE('',#2870,#3954);
#3954 = DEFINITIONAL_REPRESENTATION('',(#3955),#3958);
#3955 = B_SPLINE_CURVE_WITH_KNOTS('',1,(#3956,#3957),.UNSPECIFIED.,.F.,
  .F.,(2,2),(0.,1.),.PIECEWISE_BEZIER_KNOTS.);
#3956 = CARTESIAN_POINT('',(6.28318530718,6.661338147751E-16));
#3957 = CARTESIAN_POINT('',(6.28318530718,0.35));
#3958 = ( GEOMETRIC_REPRESENTATION_CONTEXT(2) 
PARAMETRIC_REPRESENTATION_CONTEXT() REPRESENTATION_CONTEXT('2D SPACE',''
  ) );
#3959 = PCURVE('',#2770,#3960);
#3960 = DEFINITIONAL_REPRESENTATION('',(#3961),#3964);
#3961 = B_SPLINE_CURVE_WITH_KNOTS('',1,(#3962,#3963),.UNSPECIFIED.,.F.,
  .F.,(2,2),(0.,1.),.PIECEWISE_BEZIER_KNOTS.);
#3962 = CARTESIAN_POINT('',(0.,6.661338147751E-16));
#3963 = CARTESIAN_POINT('',(0.,0.35));
#3964 = ( GEOMETRIC_REPRESENTATION_CONTEXT(2) 
PARAMETRIC_REPRESENTATION_CONTEXT() REPRESENTATION_CONTEXT('2D SPACE',''
  ) );
#3965 = ORIENTED_EDGE('',*,*,#2826,.F.);
#3966 = ORIENTED_EDGE('',*,*,#3967,.T.);
#3967 = EDGE_CURVE('',#2725,#3870,#3968,.T.);
#3968 = SURFACE_CURVE('',#3969,(#3974,#3980),.PCURVE_S1.);
#3969 = B_SPLINE_CURVE_WITH_KNOTS('',3,(#3970,#3971,#3972,#3973),
  .UNSPECIFIED.,.F.,.F.,(4,4),(0.,1.),.PIECEWISE_BEZIER_KNOTS.);
#3970 = CARTESIAN_POINT('',(1.555575449357,24.13,4.71816542963));
#3971 = CARTESIAN_POINT('',(1.649447088404,24.013333333333,
    4.648888979853));
#3972 = CARTESIAN_POINT('',(1.743318727451,23.896666666667,
    4.579612530076));
#3973 = CARTESIAN_POINT('',(1.837190366498,23.78,4.510336080299));
#3974 = PCURVE('',#2870,#3975);
#3975 = DEFINITIONAL_REPRESENTATION('',(#3976),#3979);
#3976 = B_SPLINE_CURVE_WITH_KNOTS('',1,(#3977,#3978),.UNSPECIFIED.,.F.,
  .F.,(2,2),(0.,1.),.PIECEWISE_BEZIER_KNOTS.);
#3977 = CARTESIAN_POINT('',(3.14159265359,0.35));
#3978 = CARTESIAN_POINT('',(3.14159265359,-1.110223024625E-15));
#3979 = ( GEOMETRIC_REPRESENTATION_CONTEXT(2) 
PARAMETRIC_REPRESENTATION_CONTEXT() REPRESENTATION_CONTEXT('2D SPACE',''
  ) );
#3980 = PCURVE('',#2770,#3981);
#3981 = DEFINITIONAL_REPRESENTATION('',(#3982),#3985);
#3982 = B_SPLINE_CURVE_WITH_KNOTS('',1,(#3983,#3984),.UNSPECIFIED.,.F.,
  .F.,(2,2),(0.,1.),.PIECEWISE_BEZIER_KNOTS.);
#3983 = CARTESIAN_POINT('',(3.14159265359,0.35));
#3984 = CARTESIAN_POINT('',(3.14159265359,-1.110223024625E-15));
#3985 = ( GEOMETRIC_REPRESENTATION_CONTEXT(2) 
PARAMETRIC_REPRESENTATION_CONTEXT() REPRESENTATION_CONTEXT('2D SPACE',''
  ) );
#3986 = ADVANCED_FACE('',(#3987),#2770,.F.);
#3987 = FACE_BOUND('',#3988,.F.);
#3988 = EDGE_LOOP('',(#3989,#3990,#3991,#3992));
#3989 = ORIENTED_EDGE('',*,*,#3967,.F.);
#3990 = ORIENTED_EDGE('',*,*,#2722,.F.);
#3991 = ORIENTED_EDGE('',*,*,#3946,.F.);
#3992 = ORIENTED_EDGE('',*,*,#3993,.T.);
#3993 = EDGE_CURVE('',#3872,#3870,#3994,.T.);
#3994 = SURFACE_CURVE('',#3995,(#4014),.PCURVE_S1.);
#3995 = B_SPLINE_CURVE_WITH_KNOTS('',3,(#3996,#3997,#3998,#3999,#4000,
    #4001,#4002,#4003,#4004,#4005,#4006,#4007,#4008,#4009,#4010,#4011,
    #4012,#4013),.UNSPECIFIED.,.F.,.F.,(4,2,2,2,2,2,2,2,4),(-1.,-0.875,
    -0.75,-0.625,-0.5,-0.375,-0.25,-0.125,-0.),.UNSPECIFIED.);
#3996 = CARTESIAN_POINT('',(3.768264084039,23.78,3.085220542027));
#3997 = CARTESIAN_POINT('',(3.674990490173,23.78,2.958832062765));
#3998 = CARTESIAN_POINT('',(3.556623255472,23.78,2.851039283422));
#3999 = CARTESIAN_POINT('',(3.287542572769,23.78,2.688892343251));
#4000 = CARTESIAN_POINT('',(3.136934996525,23.78,2.634601980319));
#4001 = CARTESIAN_POINT('',(2.826285913569,23.78,2.587770460276));
#4002 = CARTESIAN_POINT('',(2.666366634006,23.78,2.595247729367));
#4003 = CARTESIAN_POINT('',(2.361442657636,23.78,2.670861303849));
#4004 = CARTESIAN_POINT('',(2.216557935394,23.78,2.738967858527));
#4005 = CARTESIAN_POINT('',(1.963780976871,23.78,2.925515046258));
#4006 = CARTESIAN_POINT('',(1.855988197528,23.78,3.04388228096));
#4007 = CARTESIAN_POINT('',(1.693841257357,23.78,3.312962963663));
#4008 = CARTESIAN_POINT('',(1.639550894425,23.78,3.463570539906));
#4009 = CARTESIAN_POINT('',(1.592719374382,23.78,3.774219622862));
#4010 = CARTESIAN_POINT('',(1.600196643473,23.78,3.934138902426));
#4011 = CARTESIAN_POINT('',(1.675810217955,23.78,4.239062878795));
#4012 = CARTESIAN_POINT('',(1.743916772633,23.78,4.383947601037));
#4013 = CARTESIAN_POINT('',(1.837190366498,23.78,4.510336080299));
#4014 = PCURVE('',#2770,#4015);
#4015 = DEFINITIONAL_REPRESENTATION('',(#4016),#4064);
#4016 = B_SPLINE_CURVE_WITH_KNOTS('',3,(#4017,#4018,#4019,#4020,#4021,
    #4022,#4023,#4024,#4025,#4026,#4027,#4028,#4029,#4030,#4031,#4032,
    #4033,#4034,#4035,#4036,#4037,#4038,#4039,#4040,#4041,#4042,#4043,
    #4044,#4045,#4046,#4047,#4048,#4049,#4050,#4051,#4052,#4053,#4054,
    #4055,#4056,#4057,#4058,#4059,#4060,#4061,#4062,#4063),
  .UNSPECIFIED.,.F.,.F.,(4,1,1,1,1,1,1,1,1,1,1,1,1,1,1,1,1,1,1,1,1,1,1,1
    ,1,1,1,1,1,1,1,1,1,1,1,1,1,1,1,1,1,1,1,1,4),(-1.,-0.977272727273,
    -0.954545454545,-0.931818181818,-0.909090909091,-0.886363636364,
    -0.863636363636,-0.840909090909,-0.818181818182,-0.795454545455,
    -0.772727272727,-0.75,-0.727272727273,-0.704545454545,
    -0.681818181818,-0.659090909091,-0.636363636364,-0.613636363636,
    -0.590909090909,-0.568181818182,-0.545454545455,-0.522727272727,-0.5
    ,-0.477272727273,-0.454545454545,-0.431818181818,-0.409090909091,
    -0.386363636364,-0.363636363636,-0.340909090909,-0.318181818182,
    -0.295454545455,-0.272727272727,-0.25,-0.227272727273,
    -0.204545454545,-0.181818181818,-0.159090909091,-0.136363636364,
    -0.113636363636,-9.090909090909E-02,-6.818181818182E-02,
    -4.545454545455E-02,-2.272727272727E-02,-0.),.UNSPECIFIED.);
#4017 = CARTESIAN_POINT('',(0.,7.614513694974E-16));
#4018 = CARTESIAN_POINT('',(2.379899193962E-02,-1.242643433621E-06));
#4019 = CARTESIAN_POINT('',(7.139737723806E-02,-1.194400900165E-05));
#4020 = CARTESIAN_POINT('',(0.142796598609,-3.46615165381E-05));
#4021 = CARTESIAN_POINT('',(0.214200627488,-3.975624117081E-05));
#4022 = CARTESIAN_POINT('',(0.285603090745,-2.50090689233E-05));
#4023 = CARTESIAN_POINT('',(0.35699964178,1.838829785921E-07));
#4024 = CARTESIAN_POINT('',(0.42839852182,1.801135905685E-07));
#4025 = CARTESIAN_POINT('',(0.499795071637,-2.499776074857E-05));
#4026 = CARTESIAN_POINT('',(0.571197539765,-3.979770448304E-05));
#4027 = CARTESIAN_POINT('',(0.642601550379,-3.450697148325E-05));
#4028 = CARTESIAN_POINT('',(0.714000839939,-1.25207259328E-05));
#4029 = CARTESIAN_POINT('',(0.785398163398,6.260362010828E-06));
#4030 = CARTESIAN_POINT('',(0.856795486856,-1.252072212183E-05));
#4031 = CARTESIAN_POINT('',(0.928194776417,-3.450698672846E-05));
#4032 = CARTESIAN_POINT('',(0.999598787024,-3.979764731117E-05));
#4033 = CARTESIAN_POINT('',(1.071001255177,-2.499797418081E-05));
#4034 = CARTESIAN_POINT('',(1.1423978049,1.809101496915E-07));
#4035 = CARTESIAN_POINT('',(1.213796685292,1.809101563611E-07));
#4036 = CARTESIAN_POINT('',(1.285193235015,-2.499797419283E-05));
#4037 = CARTESIAN_POINT('',(1.356595703168,-3.979764729176E-05));
#4038 = CARTESIAN_POINT('',(1.427999713775,-3.450698680741E-05));
#4039 = CARTESIAN_POINT('',(1.499399003337,-1.252072182612E-05));
#4040 = CARTESIAN_POINT('',(1.570796326795,6.260360916252E-06));
#4041 = CARTESIAN_POINT('',(1.642193650253,-1.252072182423E-05));
#4042 = CARTESIAN_POINT('',(1.713592939814,-3.450698680232E-05));
#4043 = CARTESIAN_POINT('',(1.784996950422,-3.979764729537E-05));
#4044 = CARTESIAN_POINT('',(1.856399418575,-2.499797418218E-05));
#4045 = CARTESIAN_POINT('',(1.927795968298,1.809101573201E-07));
#4046 = CARTESIAN_POINT('',(1.999194848689,1.809101558531E-07));
#4047 = CARTESIAN_POINT('',(2.070591398412,-2.499797417844E-05));
#4048 = CARTESIAN_POINT('',(2.141993866565,-3.979764731084E-05));
#4049 = CARTESIAN_POINT('',(2.213397877173,-3.450698672485E-05));
#4050 = CARTESIAN_POINT('',(2.284797166734,-1.252072211862E-05));
#4051 = CARTESIAN_POINT('',(2.356194490192,6.260362015006E-06));
#4052 = CARTESIAN_POINT('',(2.427591813651,-1.252072593008E-05));
#4053 = CARTESIAN_POINT('',(2.498991103211,-3.450697147966E-05));
#4054 = CARTESIAN_POINT('',(2.570395113825,-3.979770448081E-05));
#4055 = CARTESIAN_POINT('',(2.641797581952,-2.499776074242E-05));
#4056 = CARTESIAN_POINT('',(2.71319413177,1.801135850725E-07));
#4057 = CARTESIAN_POINT('',(2.78459301181,1.838829844382E-07));
#4058 = CARTESIAN_POINT('',(2.855989562844,-2.50090689192E-05));
#4059 = CARTESIAN_POINT('',(2.927392026102,-3.975624117172E-05));
#4060 = CARTESIAN_POINT('',(2.99879605498,-3.466151653857E-05));
#4061 = CARTESIAN_POINT('',(3.070195276352,-1.194400900218E-05));
#4062 = CARTESIAN_POINT('',(3.11779366165,-1.242643434738E-06));
#4063 = CARTESIAN_POINT('',(3.14159265359,-1.110223024625E-15));
#4064 = ( GEOMETRIC_REPRESENTATION_CONTEXT(2) 
PARAMETRIC_REPRESENTATION_CONTEXT() REPRESENTATION_CONTEXT('2D SPACE',''
  ) );
#4065 = ADVANCED_FACE('',(#4066),#4081,.T.);
#4066 = FACE_BOUND('',#4067,.T.);
#4067 = EDGE_LOOP('',(#4068,#4102,#4181,#4203));
#4068 = ORIENTED_EDGE('',*,*,#4069,.T.);
#4069 = EDGE_CURVE('',#4070,#4072,#4074,.T.);
#4070 = VERTEX_POINT('',#4071);
#4071 = CARTESIAN_POINT('',(-3.687802679141,23.95,-3.144600356121));
#4072 = VERTEX_POINT('',#4073);
#4073 = CARTESIAN_POINT('',(-3.526879869346,23.75,-3.263359984311));
#4074 = SURFACE_CURVE('',#4075,(#4080,#4091),.PCURVE_S1.);
#4075 = B_SPLINE_CURVE_WITH_KNOTS('',3,(#4076,#4077,#4078,#4079),
  .UNSPECIFIED.,.F.,.F.,(4,4),(0.,1.),.PIECEWISE_BEZIER_KNOTS.);
#4076 = CARTESIAN_POINT('',(-3.687802679141,23.95,-3.144600356121));
#4077 = CARTESIAN_POINT('',(-3.634161742543,23.883333333333,
    -3.184186898851));
#4078 = CARTESIAN_POINT('',(-3.580520805945,23.816666666667,
    -3.223773441581));
#4079 = CARTESIAN_POINT('',(-3.526879869346,23.75,-3.263359984311));
#4080 = PCURVE('',#4081,#4086);
#4081 = CONICAL_SURFACE('',#4082,0.9,0.785398163397);
#4082 = AXIS2_PLACEMENT_3D('',#4083,#4084,#4085);
#4083 = CARTESIAN_POINT('',(-2.802727225269,23.75,-3.797778311163));
#4084 = DIRECTION('',(0.,1.,0.));
#4085 = DIRECTION('',(0.804614048975,0.,-0.593798140947));
#4086 = DEFINITIONAL_REPRESENTATION('',(#4087),#4090);
#4087 = B_SPLINE_CURVE_WITH_KNOTS('',1,(#4088,#4089),.UNSPECIFIED.,.F.,
  .F.,(2,2),(0.,1.),.PIECEWISE_BEZIER_KNOTS.);
#4088 = CARTESIAN_POINT('',(3.14159265359,0.2));
#4089 = CARTESIAN_POINT('',(3.14159265359,-1.443289932013E-15));
#4090 = ( GEOMETRIC_REPRESENTATION_CONTEXT(2) 
PARAMETRIC_REPRESENTATION_CONTEXT() REPRESENTATION_CONTEXT('2D SPACE',''
  ) );
#4091 = PCURVE('',#4092,#4097);
#4092 = CONICAL_SURFACE('',#4093,0.9,0.785398163397);
#4093 = AXIS2_PLACEMENT_3D('',#4094,#4095,#4096);
#4094 = CARTESIAN_POINT('',(-2.802727225269,23.75,-3.797778311163));
#4095 = DIRECTION('',(0.,1.,0.));
#4096 = DIRECTION('',(0.804614048975,0.,-0.593798140947));
#4097 = DEFINITIONAL_REPRESENTATION('',(#4098),#4101);
#4098 = B_SPLINE_CURVE_WITH_KNOTS('',1,(#4099,#4100),.UNSPECIFIED.,.F.,
  .F.,(2,2),(0.,1.),.PIECEWISE_BEZIER_KNOTS.);
#4099 = CARTESIAN_POINT('',(3.14159265359,0.2));
#4100 = CARTESIAN_POINT('',(3.14159265359,-1.443289932013E-15));
#4101 = ( GEOMETRIC_REPRESENTATION_CONTEXT(2) 
PARAMETRIC_REPRESENTATION_CONTEXT() REPRESENTATION_CONTEXT('2D SPACE',''
  ) );
#4102 = ORIENTED_EDGE('',*,*,#4103,.T.);
#4103 = EDGE_CURVE('',#4072,#4104,#4106,.T.);
#4104 = VERTEX_POINT('',#4105);
#4105 = CARTESIAN_POINT('',(-2.078574581191,23.75,-4.332196638015));
#4106 = SURFACE_CURVE('',#4107,(#4118,#4147),.PCURVE_S1.);
#4107 = B_SPLINE_CURVE_WITH_KNOTS('',3,(#4108,#4109,#4110,#4111,#4112,
    #4113,#4114,#4115,#4116,#4117),.UNSPECIFIED.,.F.,.F.,(4,2,2,2,4),(0.
    ,0.25,0.5,0.75,1.),.UNSPECIFIED.);
#4108 = CARTESIAN_POINT('',(-3.526879869346,23.75,-3.263359984311));
#4109 = CARTESIAN_POINT('',(-3.386969478548,23.75,-3.073777265418));
#4110 = CARTESIAN_POINT('',(-3.169876459819,23.75,-2.942957883047));
#4111 = CARTESIAN_POINT('',(-2.703902835386,23.75,-2.872710602981));
#4112 = CARTESIAN_POINT('',(-2.457891617309,23.75,-2.933715276287));
#4113 = CARTESIAN_POINT('',(-2.078726179524,23.75,-3.213536057884));
#4114 = CARTESIAN_POINT('',(-1.947906797152,23.75,-3.430629076612));
#4115 = CARTESIAN_POINT('',(-1.877659517087,23.75,-3.896602701046));
#4116 = CARTESIAN_POINT('',(-1.938664190392,23.75,-4.142613919122));
#4117 = CARTESIAN_POINT('',(-2.078574581191,23.75,-4.332196638015));
#4118 = PCURVE('',#4081,#4119);
#4119 = DEFINITIONAL_REPRESENTATION('',(#4120),#4146);
#4120 = B_SPLINE_CURVE_WITH_KNOTS('',3,(#4121,#4122,#4123,#4124,#4125,
    #4126,#4127,#4128,#4129,#4130,#4131,#4132,#4133,#4134,#4135,#4136,
    #4137,#4138,#4139,#4140,#4141,#4142,#4143,#4144,#4145),
  .UNSPECIFIED.,.F.,.F.,(4,1,1,1,1,1,1,1,1,1,1,1,1,1,1,1,1,1,1,1,1,1,4),
  (0.,4.545454545455E-02,9.090909090909E-02,0.136363636364,
    0.181818181818,0.227272727273,0.272727272727,0.318181818182,
    0.363636363636,0.409090909091,0.454545454545,0.5,0.545454545455,
    0.590909090909,0.636363636364,0.681818181818,0.727272727273,
    0.772727272727,0.818181818182,0.863636363636,0.909090909091,
    0.954545454545,1.),.QUASI_UNIFORM_KNOTS.);
#4121 = CARTESIAN_POINT('',(3.14159265359,-1.443289932013E-15));
#4122 = CARTESIAN_POINT('',(3.189162673511,-1.289809117784E-05));
#4123 = CARTESIAN_POINT('',(3.284314888889,-1.39194192255E-04));
#4124 = CARTESIAN_POINT('',(3.427094504312,-4.116487367698E-04));
#4125 = CARTESIAN_POINT('',(3.570027583884,-4.743035783891E-04));
#4126 = CARTESIAN_POINT('',(3.712910378241,-2.944711851394E-04));
#4127 = CARTESIAN_POINT('',(3.855605685106,3.002046576347E-06));
#4128 = CARTESIAN_POINT('',(3.998375955023,2.962921940726E-06));
#4129 = CARTESIAN_POINT('',(4.141071224956,-2.943538112089E-04));
#4130 = CARTESIAN_POINT('',(4.283954167044,-4.747339494728E-04));
#4131 = CARTESIAN_POINT('',(4.426886692623,-4.10044626344E-04));
#4132 = CARTESIAN_POINT('',(4.569668376287,-1.451802628829E-04));
#4133 = CARTESIAN_POINT('',(4.712388980385,7.259013144094E-05));
#4134 = CARTESIAN_POINT('',(4.855109584482,-1.451802628809E-04));
#4135 = CARTESIAN_POINT('',(4.997891268146,-4.100446263405E-04));
#4136 = CARTESIAN_POINT('',(5.140823793725,-4.747339494799E-04));
#4137 = CARTESIAN_POINT('',(5.283706735813,-2.943538112066E-04));
#4138 = CARTESIAN_POINT('',(5.426402005746,2.962921936544E-06));
#4139 = CARTESIAN_POINT('',(5.569172275663,3.002046585841E-06));
#4140 = CARTESIAN_POINT('',(5.711867582528,-2.944711851435E-04));
#4141 = CARTESIAN_POINT('',(5.854750376885,-4.743035783813E-04));
#4142 = CARTESIAN_POINT('',(5.997683456457,-4.116487367768E-04));
#4143 = CARTESIAN_POINT('',(6.140463071881,-1.391941922528E-04));
#4144 = CARTESIAN_POINT('',(6.235615287259,-1.289809117434E-05));
#4145 = CARTESIAN_POINT('',(6.28318530718,1.700782772033E-16));
#4146 = ( GEOMETRIC_REPRESENTATION_CONTEXT(2) 
PARAMETRIC_REPRESENTATION_CONTEXT() REPRESENTATION_CONTEXT('2D SPACE',''
  ) );
#4147 = PCURVE('',#4148,#4153);
#4148 = CYLINDRICAL_SURFACE('',#4149,0.9);
#4149 = AXIS2_PLACEMENT_3D('',#4150,#4151,#4152);
#4150 = CARTESIAN_POINT('',(-2.802727225269,23.95,-3.797778311163));
#4151 = DIRECTION('',(0.,1.,0.));
#4152 = DIRECTION('',(0.804614048975,0.,-0.593798140947));
#4153 = DEFINITIONAL_REPRESENTATION('',(#4154),#4180);
#4154 = B_SPLINE_CURVE_WITH_KNOTS('',3,(#4155,#4156,#4157,#4158,#4159,
    #4160,#4161,#4162,#4163,#4164,#4165,#4166,#4167,#4168,#4169,#4170,
    #4171,#4172,#4173,#4174,#4175,#4176,#4177,#4178,#4179),
  .UNSPECIFIED.,.F.,.F.,(4,1,1,1,1,1,1,1,1,1,1,1,1,1,1,1,1,1,1,1,1,1,4),
  (0.,4.545454545455E-02,9.090909090909E-02,0.136363636364,
    0.181818181818,0.227272727273,0.272727272727,0.318181818182,
    0.363636363636,0.409090909091,0.454545454545,0.5,0.545454545455,
    0.590909090909,0.636363636364,0.681818181818,0.727272727273,
    0.772727272727,0.818181818182,0.863636363636,0.909090909091,
    0.954545454545,1.),.QUASI_UNIFORM_KNOTS.);
#4155 = CARTESIAN_POINT('',(3.14159265359,-0.2));
#4156 = CARTESIAN_POINT('',(3.189162673511,-0.2));
#4157 = CARTESIAN_POINT('',(3.284314888889,-0.2));
#4158 = CARTESIAN_POINT('',(3.427094504312,-0.2));
#4159 = CARTESIAN_POINT('',(3.570027583884,-0.2));
#4160 = CARTESIAN_POINT('',(3.712910378241,-0.2));
#4161 = CARTESIAN_POINT('',(3.855605685106,-0.2));
#4162 = CARTESIAN_POINT('',(3.998375955023,-0.2));
#4163 = CARTESIAN_POINT('',(4.141071224956,-0.2));
#4164 = CARTESIAN_POINT('',(4.283954167044,-0.2));
#4165 = CARTESIAN_POINT('',(4.426886692623,-0.2));
#4166 = CARTESIAN_POINT('',(4.569668376287,-0.2));
#4167 = CARTESIAN_POINT('',(4.712388980385,-0.2));
#4168 = CARTESIAN_POINT('',(4.855109584482,-0.2));
#4169 = CARTESIAN_POINT('',(4.997891268146,-0.2));
#4170 = CARTESIAN_POINT('',(5.140823793725,-0.2));
#4171 = CARTESIAN_POINT('',(5.283706735813,-0.2));
#4172 = CARTESIAN_POINT('',(5.426402005746,-0.2));
#4173 = CARTESIAN_POINT('',(5.569172275663,-0.2));
#4174 = CARTESIAN_POINT('',(5.711867582528,-0.2));
#4175 = CARTESIAN_POINT('',(5.854750376885,-0.2));
#4176 = CARTESIAN_POINT('',(5.997683456457,-0.2));
#4177 = CARTESIAN_POINT('',(6.140463071881,-0.2));
#4178 = CARTESIAN_POINT('',(6.235615287259,-0.2));
#4179 = CARTESIAN_POINT('',(6.28318530718,-0.2));
#4180 = ( GEOMETRIC_REPRESENTATION_CONTEXT(2) 
PARAMETRIC_REPRESENTATION_CONTEXT() REPRESENTATION_CONTEXT('2D SPACE',''
  ) );
#4181 = ORIENTED_EDGE('',*,*,#4182,.T.);
#4182 = EDGE_CURVE('',#4104,#4183,#4185,.T.);
#4183 = VERTEX_POINT('',#4184);
#4184 = CARTESIAN_POINT('',(-1.917651771396,23.95,-4.450956266204));
#4185 = SURFACE_CURVE('',#4186,(#4191,#4197),.PCURVE_S1.);
#4186 = B_SPLINE_CURVE_WITH_KNOTS('',3,(#4187,#4188,#4189,#4190),
  .UNSPECIFIED.,.F.,.F.,(4,4),(0.,1.),.PIECEWISE_BEZIER_KNOTS.);
#4187 = CARTESIAN_POINT('',(-2.078574581191,23.75,-4.332196638015));
#4188 = CARTESIAN_POINT('',(-2.024933644593,23.816666666667,
    -4.371783180745));
#4189 = CARTESIAN_POINT('',(-1.971292707994,23.883333333333,
    -4.411369723474));
#4190 = CARTESIAN_POINT('',(-1.917651771396,23.95,-4.450956266204));
#4191 = PCURVE('',#4081,#4192);
#4192 = DEFINITIONAL_REPRESENTATION('',(#4193),#4196);
#4193 = B_SPLINE_CURVE_WITH_KNOTS('',1,(#4194,#4195),.UNSPECIFIED.,.F.,
  .F.,(2,2),(0.,1.),.PIECEWISE_BEZIER_KNOTS.);
#4194 = CARTESIAN_POINT('',(6.28318530718,1.110223024625E-16));
#4195 = CARTESIAN_POINT('',(6.28318530718,0.2));
#4196 = ( GEOMETRIC_REPRESENTATION_CONTEXT(2) 
PARAMETRIC_REPRESENTATION_CONTEXT() REPRESENTATION_CONTEXT('2D SPACE',''
  ) );
#4197 = PCURVE('',#4092,#4198);
#4198 = DEFINITIONAL_REPRESENTATION('',(#4199),#4202);
#4199 = B_SPLINE_CURVE_WITH_KNOTS('',1,(#4200,#4201),.UNSPECIFIED.,.F.,
  .F.,(2,2),(0.,1.),.PIECEWISE_BEZIER_KNOTS.);
#4200 = CARTESIAN_POINT('',(0.,1.110223024625E-16));
#4201 = CARTESIAN_POINT('',(0.,0.2));
#4202 = ( GEOMETRIC_REPRESENTATION_CONTEXT(2) 
PARAMETRIC_REPRESENTATION_CONTEXT() REPRESENTATION_CONTEXT('2D SPACE',''
  ) );
#4203 = ORIENTED_EDGE('',*,*,#4204,.T.);
#4204 = EDGE_CURVE('',#4183,#4070,#4205,.T.);
#4205 = SURFACE_CURVE('',#4206,(#4225,#4276),.PCURVE_S1.);
#4206 = B_SPLINE_CURVE_WITH_KNOTS('',3,(#4207,#4208,#4209,#4210,#4211,
    #4212,#4213,#4214,#4215,#4216,#4217,#4218,#4219,#4220,#4221,#4222,
    #4223,#4224),.UNSPECIFIED.,.F.,.F.,(4,2,2,2,2,2,2,2,4),(0.,0.125,
    0.25,0.375,0.5,0.625,0.75,0.875,1.),.UNSPECIFIED.);
#4207 = CARTESIAN_POINT('',(-1.917651771396,23.95,-4.450956266204));
#4208 = CARTESIAN_POINT('',(-1.832150977019,23.95,-4.335100160214));
#4209 = CARTESIAN_POINT('',(-1.769719968565,23.95,-4.202289164826));
#4210 = CARTESIAN_POINT('',(-1.700407525289,23.95,-3.92277551982));
#4211 = CARTESIAN_POINT('',(-1.693553361955,23.95,-3.776182846887));
#4212 = CARTESIAN_POINT('',(-1.736482255329,23.95,-3.491421187511));
#4213 = CARTESIAN_POINT('',(-1.78624842135,23.95,-3.353364242621));
#4214 = CARTESIAN_POINT('',(-1.934883116507,23.95,-3.106706950143));
#4215 = CARTESIAN_POINT('',(-2.033693164237,23.95,-2.998203651667));
#4216 = CARTESIAN_POINT('',(-2.265405376217,23.95,-2.827202062913));
#4217 = CARTESIAN_POINT('',(-2.398216371606,23.95,-2.764771054459));
#4218 = CARTESIAN_POINT('',(-2.677730016611,23.95,-2.695458611184));
#4219 = CARTESIAN_POINT('',(-2.824322689544,23.95,-2.68860444785));
#4220 = CARTESIAN_POINT('',(-3.10908434892,23.95,-2.731533341223));
#4221 = CARTESIAN_POINT('',(-3.24714129381,23.95,-2.781299507244));
#4222 = CARTESIAN_POINT('',(-3.493798586288,23.95,-2.929934202401));
#4223 = CARTESIAN_POINT('',(-3.602301884764,23.95,-3.028744250131));
#4224 = CARTESIAN_POINT('',(-3.687802679141,23.95,-3.144600356121));
#4225 = PCURVE('',#4081,#4226);
#4226 = DEFINITIONAL_REPRESENTATION('',(#4227),#4275);
#4227 = B_SPLINE_CURVE_WITH_KNOTS('',3,(#4228,#4229,#4230,#4231,#4232,
    #4233,#4234,#4235,#4236,#4237,#4238,#4239,#4240,#4241,#4242,#4243,
    #4244,#4245,#4246,#4247,#4248,#4249,#4250,#4251,#4252,#4253,#4254,
    #4255,#4256,#4257,#4258,#4259,#4260,#4261,#4262,#4263,#4264,#4265,
    #4266,#4267,#4268,#4269,#4270,#4271,#4272,#4273,#4274),
  .UNSPECIFIED.,.F.,.F.,(4,1,1,1,1,1,1,1,1,1,1,1,1,1,1,1,1,1,1,1,1,1,1,1
    ,1,1,1,1,1,1,1,1,1,1,1,1,1,1,1,1,1,1,1,1,4),(0.,2.272727272727E-02,
    4.545454545455E-02,6.818181818182E-02,9.090909090909E-02,
    0.113636363636,0.136363636364,0.159090909091,0.181818181818,
    0.204545454545,0.227272727273,0.25,0.272727272727,0.295454545455,
    0.318181818182,0.340909090909,0.363636363636,0.386363636364,
    0.409090909091,0.431818181818,0.454545454545,0.477272727273,0.5,
    0.522727272727,0.545454545455,0.568181818182,0.590909090909,
    0.613636363636,0.636363636364,0.659090909091,0.681818181818,
    0.704545454545,0.727272727273,0.75,0.772727272727,0.795454545455,
    0.818181818182,0.840909090909,0.863636363636,0.886363636364,
    0.909090909091,0.931818181818,0.954545454545,0.977272727273,1.),
  .QUASI_UNIFORM_KNOTS.);
#4228 = CARTESIAN_POINT('',(6.28318530718,0.2));
#4229 = CARTESIAN_POINT('',(6.25938631524,0.19999886091));
#4230 = CARTESIAN_POINT('',(6.211787929942,0.199989051325));
#4231 = CARTESIAN_POINT('',(6.14038870857,0.199968226943));
#4232 = CARTESIAN_POINT('',(6.068984679691,0.199963556779));
#4233 = CARTESIAN_POINT('',(5.997582216434,0.19997707502));
#4234 = CARTESIAN_POINT('',(5.926185665399,0.200000168559));
#4235 = CARTESIAN_POINT('',(5.854786785359,0.200000165104));
#4236 = CARTESIAN_POINT('',(5.783390235542,0.199977085386));
#4237 = CARTESIAN_POINT('',(5.711987767414,0.199963518771));
#4238 = CARTESIAN_POINT('',(5.6405837568,0.199968368609));
#4239 = CARTESIAN_POINT('',(5.569184467241,0.199988522668));
#4240 = CARTESIAN_POINT('',(5.497787143782,0.200005738665));
#4241 = CARTESIAN_POINT('',(5.426389820324,0.199988522671));
#4242 = CARTESIAN_POINT('',(5.354990530763,0.199968368596));
#4243 = CARTESIAN_POINT('',(5.283586520155,0.199963518823));
#4244 = CARTESIAN_POINT('',(5.212184052002,0.19997708519));
#4245 = CARTESIAN_POINT('',(5.140787502279,0.200000165834));
#4246 = CARTESIAN_POINT('',(5.069388621888,0.200000165834));
#4247 = CARTESIAN_POINT('',(4.997992072165,0.19997708519));
#4248 = CARTESIAN_POINT('',(4.926589604012,0.199963518823));
#4249 = CARTESIAN_POINT('',(4.855185593404,0.199968368595));
#4250 = CARTESIAN_POINT('',(4.783786303843,0.199988522672));
#4251 = CARTESIAN_POINT('',(4.712388980385,0.200005738664));
#4252 = CARTESIAN_POINT('',(4.640991656927,0.199988522672));
#4253 = CARTESIAN_POINT('',(4.569592367365,0.199968368595));
#4254 = CARTESIAN_POINT('',(4.498188356758,0.199963518823));
#4255 = CARTESIAN_POINT('',(4.426785888605,0.19997708519));
#4256 = CARTESIAN_POINT('',(4.355389338882,0.200000165834));
#4257 = CARTESIAN_POINT('',(4.28399045849,0.200000165834));
#4258 = CARTESIAN_POINT('',(4.212593908767,0.19997708519));
#4259 = CARTESIAN_POINT('',(4.141191440614,0.199963518823));
#4260 = CARTESIAN_POINT('',(4.069787430007,0.199968368595));
#4261 = CARTESIAN_POINT('',(3.998388140445,0.199988522671));
#4262 = CARTESIAN_POINT('',(3.926990816987,0.200005738665));
#4263 = CARTESIAN_POINT('',(3.855593493529,0.199988522668));
#4264 = CARTESIAN_POINT('',(3.784194203969,0.199968368609));
#4265 = CARTESIAN_POINT('',(3.712790193355,0.199963518771));
#4266 = CARTESIAN_POINT('',(3.641387725227,0.199977085386));
#4267 = CARTESIAN_POINT('',(3.56999117541,0.200000165104));
#4268 = CARTESIAN_POINT('',(3.49859229537,0.200000168559));
#4269 = CARTESIAN_POINT('',(3.427195744335,0.19997707502));
#4270 = CARTESIAN_POINT('',(3.355793281078,0.199963556779));
#4271 = CARTESIAN_POINT('',(3.284389252199,0.199968226943));
#4272 = CARTESIAN_POINT('',(3.212990030828,0.199989051325));
#4273 = CARTESIAN_POINT('',(3.165391645529,0.19999886091));
#4274 = CARTESIAN_POINT('',(3.14159265359,0.2));
#4275 = ( GEOMETRIC_REPRESENTATION_CONTEXT(2) 
PARAMETRIC_REPRESENTATION_CONTEXT() REPRESENTATION_CONTEXT('2D SPACE',''
  ) );
#4276 = PCURVE('',#4277,#4282);
#4277 = PLANE('',#4278);
#4278 = AXIS2_PLACEMENT_3D('',#4279,#4280,#4281);
#4279 = CARTESIAN_POINT('',(-3.233230877455,23.95,-4.38112349667));
#4280 = DIRECTION('',(-0.,1.,0.));
#4281 = DIRECTION('',(1.,0.,0.));
#4282 = DEFINITIONAL_REPRESENTATION('',(#4283),#4302);
#4283 = B_SPLINE_CURVE_WITH_KNOTS('',3,(#4284,#4285,#4286,#4287,#4288,
    #4289,#4290,#4291,#4292,#4293,#4294,#4295,#4296,#4297,#4298,#4299,
    #4300,#4301),.UNSPECIFIED.,.F.,.F.,(4,2,2,2,2,2,2,2,4),(0.,0.125,
    0.25,0.375,0.5,0.625,0.75,0.875,1.),.UNSPECIFIED.);
#4284 = CARTESIAN_POINT('',(1.315579106059,6.983276953441E-02));
#4285 = CARTESIAN_POINT('',(1.401079900436,-4.602333645555E-02));
#4286 = CARTESIAN_POINT('',(1.46351090889,-0.178834331844));
#4287 = CARTESIAN_POINT('',(1.532823352165,-0.458347976849));
#4288 = CARTESIAN_POINT('',(1.539677515499,-0.604940649783));
#4289 = CARTESIAN_POINT('',(1.496748622126,-0.889702309159));
#4290 = CARTESIAN_POINT('',(1.446982456105,-1.027759254049));
#4291 = CARTESIAN_POINT('',(1.298347760948,-1.274416546527));
#4292 = CARTESIAN_POINT('',(1.199537713218,-1.382919845003));
#4293 = CARTESIAN_POINT('',(0.967825501238,-1.553921433757));
#4294 = CARTESIAN_POINT('',(0.835014505849,-1.616352442211));
#4295 = CARTESIAN_POINT('',(0.555500860844,-1.685664885486));
#4296 = CARTESIAN_POINT('',(0.408908187911,-1.69251904882));
#4297 = CARTESIAN_POINT('',(0.124146528535,-1.649590155447));
#4298 = CARTESIAN_POINT('',(-1.391041635532E-02,-1.599823989426));
#4299 = CARTESIAN_POINT('',(-0.260567708833,-1.451189294269));
#4300 = CARTESIAN_POINT('',(-0.369071007309,-1.352379246538));
#4301 = CARTESIAN_POINT('',(-0.454571801686,-1.236523140548));
#4302 = ( GEOMETRIC_REPRESENTATION_CONTEXT(2) 
PARAMETRIC_REPRESENTATION_CONTEXT() REPRESENTATION_CONTEXT('2D SPACE',''
  ) );
#4303 = ADVANCED_FACE('',(#4304),#4148,.T.);
#4304 = FACE_BOUND('',#4305,.T.);
#4305 = EDGE_LOOP('',(#4306,#4333,#4378,#4398));
#4306 = ORIENTED_EDGE('',*,*,#4307,.T.);
#4307 = EDGE_CURVE('',#4072,#4308,#4310,.T.);
#4308 = VERTEX_POINT('',#4309);
#4309 = CARTESIAN_POINT('',(-3.526879869346,21.95,-3.263359984311));
#4310 = SURFACE_CURVE('',#4311,(#4316,#4322),.PCURVE_S1.);
#4311 = B_SPLINE_CURVE_WITH_KNOTS('',3,(#4312,#4313,#4314,#4315),
  .UNSPECIFIED.,.F.,.F.,(4,4),(0.,1.),.PIECEWISE_BEZIER_KNOTS.);
#4312 = CARTESIAN_POINT('',(-3.526879869346,23.75,-3.263359984311));
#4313 = CARTESIAN_POINT('',(-3.526879869346,23.15,-3.263359984311));
#4314 = CARTESIAN_POINT('',(-3.526879869346,22.55,-3.263359984311));
#4315 = CARTESIAN_POINT('',(-3.526879869346,21.95,-3.263359984311));
#4316 = PCURVE('',#4148,#4317);
#4317 = DEFINITIONAL_REPRESENTATION('',(#4318),#4321);
#4318 = B_SPLINE_CURVE_WITH_KNOTS('',1,(#4319,#4320),.UNSPECIFIED.,.F.,
  .F.,(2,2),(0.,1.),.PIECEWISE_BEZIER_KNOTS.);
#4319 = CARTESIAN_POINT('',(3.14159265359,-0.2));
#4320 = CARTESIAN_POINT('',(3.14159265359,-2.));
#4321 = ( GEOMETRIC_REPRESENTATION_CONTEXT(2) 
PARAMETRIC_REPRESENTATION_CONTEXT() REPRESENTATION_CONTEXT('2D SPACE',''
  ) );
#4322 = PCURVE('',#4323,#4328);
#4323 = CYLINDRICAL_SURFACE('',#4324,0.9);
#4324 = AXIS2_PLACEMENT_3D('',#4325,#4326,#4327);
#4325 = CARTESIAN_POINT('',(-2.802727225269,23.95,-3.797778311163));
#4326 = DIRECTION('',(0.,1.,0.));
#4327 = DIRECTION('',(0.804614048975,0.,-0.593798140947));
#4328 = DEFINITIONAL_REPRESENTATION('',(#4329),#4332);
#4329 = B_SPLINE_CURVE_WITH_KNOTS('',1,(#4330,#4331),.UNSPECIFIED.,.F.,
  .F.,(2,2),(0.,1.),.PIECEWISE_BEZIER_KNOTS.);
#4330 = CARTESIAN_POINT('',(3.14159265359,-0.2));
#4331 = CARTESIAN_POINT('',(3.14159265359,-2.));
#4332 = ( GEOMETRIC_REPRESENTATION_CONTEXT(2) 
PARAMETRIC_REPRESENTATION_CONTEXT() REPRESENTATION_CONTEXT('2D SPACE',''
  ) );
#4333 = ORIENTED_EDGE('',*,*,#4334,.T.);
#4334 = EDGE_CURVE('',#4308,#4335,#4337,.T.);
#4335 = VERTEX_POINT('',#4336);
#4336 = CARTESIAN_POINT('',(-2.078574581191,21.95,-4.332196638015));
#4337 = SURFACE_CURVE('',#4338,(#4349),.PCURVE_S1.);
#4338 = B_SPLINE_CURVE_WITH_KNOTS('',3,(#4339,#4340,#4341,#4342,#4343,
    #4344,#4345,#4346,#4347,#4348),.UNSPECIFIED.,.F.,.F.,(4,2,2,2,4),(0.
    ,0.25,0.5,0.75,1.),.UNSPECIFIED.);
#4339 = CARTESIAN_POINT('',(-3.526879869346,21.95,-3.263359984311));
#4340 = CARTESIAN_POINT('',(-3.386969478548,21.95,-3.073777265418));
#4341 = CARTESIAN_POINT('',(-3.169876459819,21.95,-2.942957883047));
#4342 = CARTESIAN_POINT('',(-2.703902835386,21.95,-2.872710602981));
#4343 = CARTESIAN_POINT('',(-2.457891617309,21.95,-2.933715276287));
#4344 = CARTESIAN_POINT('',(-2.078726179524,21.95,-3.213536057884));
#4345 = CARTESIAN_POINT('',(-1.947906797152,21.95,-3.430629076612));
#4346 = CARTESIAN_POINT('',(-1.877659517087,21.95,-3.896602701046));
#4347 = CARTESIAN_POINT('',(-1.938664190392,21.95,-4.142613919122));
#4348 = CARTESIAN_POINT('',(-2.078574581191,21.95,-4.332196638015));
#4349 = PCURVE('',#4148,#4350);
#4350 = DEFINITIONAL_REPRESENTATION('',(#4351),#4377);
#4351 = B_SPLINE_CURVE_WITH_KNOTS('',3,(#4352,#4353,#4354,#4355,#4356,
    #4357,#4358,#4359,#4360,#4361,#4362,#4363,#4364,#4365,#4366,#4367,
    #4368,#4369,#4370,#4371,#4372,#4373,#4374,#4375,#4376),
  .UNSPECIFIED.,.F.,.F.,(4,1,1,1,1,1,1,1,1,1,1,1,1,1,1,1,1,1,1,1,1,1,4),
  (0.,4.545454545455E-02,9.090909090909E-02,0.136363636364,
    0.181818181818,0.227272727273,0.272727272727,0.318181818182,
    0.363636363636,0.409090909091,0.454545454545,0.5,0.545454545455,
    0.590909090909,0.636363636364,0.681818181818,0.727272727273,
    0.772727272727,0.818181818182,0.863636363636,0.909090909091,
    0.954545454545,1.),.QUASI_UNIFORM_KNOTS.);
#4352 = CARTESIAN_POINT('',(3.14159265359,-2.));
#4353 = CARTESIAN_POINT('',(3.189162673511,-2.));
#4354 = CARTESIAN_POINT('',(3.284314888889,-2.));
#4355 = CARTESIAN_POINT('',(3.427094504312,-2.));
#4356 = CARTESIAN_POINT('',(3.570027583884,-2.));
#4357 = CARTESIAN_POINT('',(3.712910378241,-2.));
#4358 = CARTESIAN_POINT('',(3.855605685106,-2.));
#4359 = CARTESIAN_POINT('',(3.998375955023,-2.));
#4360 = CARTESIAN_POINT('',(4.141071224956,-2.));
#4361 = CARTESIAN_POINT('',(4.283954167044,-2.));
#4362 = CARTESIAN_POINT('',(4.426886692623,-2.));
#4363 = CARTESIAN_POINT('',(4.569668376287,-2.));
#4364 = CARTESIAN_POINT('',(4.712388980385,-2.));
#4365 = CARTESIAN_POINT('',(4.855109584482,-2.));
#4366 = CARTESIAN_POINT('',(4.997891268146,-2.));
#4367 = CARTESIAN_POINT('',(5.140823793725,-2.));
#4368 = CARTESIAN_POINT('',(5.283706735813,-2.));
#4369 = CARTESIAN_POINT('',(5.426402005746,-2.));
#4370 = CARTESIAN_POINT('',(5.569172275663,-2.));
#4371 = CARTESIAN_POINT('',(5.711867582528,-2.));
#4372 = CARTESIAN_POINT('',(5.854750376885,-2.));
#4373 = CARTESIAN_POINT('',(5.997683456457,-2.));
#4374 = CARTESIAN_POINT('',(6.140463071881,-2.));
#4375 = CARTESIAN_POINT('',(6.235615287259,-2.));
#4376 = CARTESIAN_POINT('',(6.28318530718,-2.));
#4377 = ( GEOMETRIC_REPRESENTATION_CONTEXT(2) 
PARAMETRIC_REPRESENTATION_CONTEXT() REPRESENTATION_CONTEXT('2D SPACE',''
  ) );
#4378 = ORIENTED_EDGE('',*,*,#4379,.T.);
#4379 = EDGE_CURVE('',#4335,#4104,#4380,.T.);
#4380 = SURFACE_CURVE('',#4381,(#4386,#4392),.PCURVE_S1.);
#4381 = B_SPLINE_CURVE_WITH_KNOTS('',3,(#4382,#4383,#4384,#4385),
  .UNSPECIFIED.,.F.,.F.,(4,4),(0.,1.),.PIECEWISE_BEZIER_KNOTS.);
#4382 = CARTESIAN_POINT('',(-2.078574581191,21.95,-4.332196638015));
#4383 = CARTESIAN_POINT('',(-2.078574581191,22.55,-4.332196638015));
#4384 = CARTESIAN_POINT('',(-2.078574581191,23.15,-4.332196638015));
#4385 = CARTESIAN_POINT('',(-2.078574581191,23.75,-4.332196638015));
#4386 = PCURVE('',#4148,#4387);
#4387 = DEFINITIONAL_REPRESENTATION('',(#4388),#4391);
#4388 = B_SPLINE_CURVE_WITH_KNOTS('',1,(#4389,#4390),.UNSPECIFIED.,.F.,
  .F.,(2,2),(0.,1.),.PIECEWISE_BEZIER_KNOTS.);
#4389 = CARTESIAN_POINT('',(6.28318530718,-2.));
#4390 = CARTESIAN_POINT('',(6.28318530718,-0.2));
#4391 = ( GEOMETRIC_REPRESENTATION_CONTEXT(2) 
PARAMETRIC_REPRESENTATION_CONTEXT() REPRESENTATION_CONTEXT('2D SPACE',''
  ) );
#4392 = PCURVE('',#4323,#4393);
#4393 = DEFINITIONAL_REPRESENTATION('',(#4394),#4397);
#4394 = B_SPLINE_CURVE_WITH_KNOTS('',1,(#4395,#4396),.UNSPECIFIED.,.F.,
  .F.,(2,2),(0.,1.),.PIECEWISE_BEZIER_KNOTS.);
#4395 = CARTESIAN_POINT('',(0.,-2.));
#4396 = CARTESIAN_POINT('',(0.,-0.2));
#4397 = ( GEOMETRIC_REPRESENTATION_CONTEXT(2) 
PARAMETRIC_REPRESENTATION_CONTEXT() REPRESENTATION_CONTEXT('2D SPACE',''
  ) );
#4398 = ORIENTED_EDGE('',*,*,#4103,.F.);
#4399 = ADVANCED_FACE('',(#4400),#4092,.T.);
#4400 = FACE_BOUND('',#4401,.T.);
#4401 = EDGE_LOOP('',(#4402,#4474,#4475,#4570));
#4402 = ORIENTED_EDGE('',*,*,#4403,.T.);
#4403 = EDGE_CURVE('',#4104,#4072,#4404,.T.);
#4404 = SURFACE_CURVE('',#4405,(#4416,#4445),.PCURVE_S1.);
#4405 = B_SPLINE_CURVE_WITH_KNOTS('',3,(#4406,#4407,#4408,#4409,#4410,
    #4411,#4412,#4413,#4414,#4415),.UNSPECIFIED.,.F.,.F.,(4,2,2,2,4),(0.
    ,0.25,0.5,0.75,1.),.UNSPECIFIED.);
#4406 = CARTESIAN_POINT('',(-2.078574581191,23.75,-4.332196638015));
#4407 = CARTESIAN_POINT('',(-2.218484971989,23.75,-4.521779356907));
#4408 = CARTESIAN_POINT('',(-2.435577990718,23.75,-4.652598739279));
#4409 = CARTESIAN_POINT('',(-2.901551615151,23.75,-4.722846019344));
#4410 = CARTESIAN_POINT('',(-3.147562833228,23.75,-4.661841346039));
#4411 = CARTESIAN_POINT('',(-3.526728271013,23.75,-4.382020564442));
#4412 = CARTESIAN_POINT('',(-3.657547653385,23.75,-4.164927545714));
#4413 = CARTESIAN_POINT('',(-3.72779493345,23.75,-3.69895392128));
#4414 = CARTESIAN_POINT('',(-3.666790260145,23.75,-3.452942703203));
#4415 = CARTESIAN_POINT('',(-3.526879869346,23.75,-3.263359984311));
#4416 = PCURVE('',#4092,#4417);
#4417 = DEFINITIONAL_REPRESENTATION('',(#4418),#4444);
#4418 = B_SPLINE_CURVE_WITH_KNOTS('',3,(#4419,#4420,#4421,#4422,#4423,
    #4424,#4425,#4426,#4427,#4428,#4429,#4430,#4431,#4432,#4433,#4434,
    #4435,#4436,#4437,#4438,#4439,#4440,#4441,#4442,#4443),
  .UNSPECIFIED.,.F.,.F.,(4,1,1,1,1,1,1,1,1,1,1,1,1,1,1,1,1,1,1,1,1,1,4),
  (0.,4.545454545455E-02,9.090909090909E-02,0.136363636364,
    0.181818181818,0.227272727273,0.272727272727,0.318181818182,
    0.363636363636,0.409090909091,0.454545454545,0.5,0.545454545455,
    0.590909090909,0.636363636364,0.681818181818,0.727272727273,
    0.772727272727,0.818181818182,0.863636363636,0.909090909091,
    0.954545454545,1.),.QUASI_UNIFORM_KNOTS.);
#4419 = CARTESIAN_POINT('',(0.,1.700782772033E-16));
#4420 = CARTESIAN_POINT('',(4.757001992097E-02,-1.289809117618E-05));
#4421 = CARTESIAN_POINT('',(0.142722235299,-1.391941922539E-04));
#4422 = CARTESIAN_POINT('',(0.285501850722,-4.116487367713E-04));
#4423 = CARTESIAN_POINT('',(0.428434930295,-4.743035783823E-04));
#4424 = CARTESIAN_POINT('',(0.571317724651,-2.944711851455E-04));
#4425 = CARTESIAN_POINT('',(0.714013031517,3.002046578147E-06));
#4426 = CARTESIAN_POINT('',(0.856783301434,2.962921934661E-06));
#4427 = CARTESIAN_POINT('',(0.999478571366,-2.94353811213E-04));
#4428 = CARTESIAN_POINT('',(1.142361513454,-4.747339494773E-04));
#4429 = CARTESIAN_POINT('',(1.285294039034,-4.100446263457E-04));
#4430 = CARTESIAN_POINT('',(1.428075722698,-1.451802628867E-04));
#4431 = CARTESIAN_POINT('',(1.570796326795,7.259013143586E-05));
#4432 = CARTESIAN_POINT('',(1.713516930892,-1.451802628834E-04));
#4433 = CARTESIAN_POINT('',(1.856298614556,-4.100446263473E-04));
#4434 = CARTESIAN_POINT('',(1.999231140135,-4.747339494723E-04));
#4435 = CARTESIAN_POINT('',(2.142114082224,-2.943538112095E-04));
#4436 = CARTESIAN_POINT('',(2.284809352156,2.962921938644E-06));
#4437 = CARTESIAN_POINT('',(2.427579622073,3.002046581299E-06));
#4438 = CARTESIAN_POINT('',(2.570274928939,-2.944711851361E-04));
#4439 = CARTESIAN_POINT('',(2.713157723295,-4.743035783834E-04));
#4440 = CARTESIAN_POINT('',(2.856090802868,-4.116487367737E-04));
#4441 = CARTESIAN_POINT('',(2.998870418291,-1.39194192254E-04));
#4442 = CARTESIAN_POINT('',(3.094022633669,-1.289809117635E-05));
#4443 = CARTESIAN_POINT('',(3.14159265359,-1.443289932013E-15));
#4444 = ( GEOMETRIC_REPRESENTATION_CONTEXT(2) 
PARAMETRIC_REPRESENTATION_CONTEXT() REPRESENTATION_CONTEXT('2D SPACE',''
  ) );
#4445 = PCURVE('',#4323,#4446);
#4446 = DEFINITIONAL_REPRESENTATION('',(#4447),#4473);
#4447 = B_SPLINE_CURVE_WITH_KNOTS('',3,(#4448,#4449,#4450,#4451,#4452,
    #4453,#4454,#4455,#4456,#4457,#4458,#4459,#4460,#4461,#4462,#4463,
    #4464,#4465,#4466,#4467,#4468,#4469,#4470,#4471,#4472),
  .UNSPECIFIED.,.F.,.F.,(4,1,1,1,1,1,1,1,1,1,1,1,1,1,1,1,1,1,1,1,1,1,4),
  (0.,4.545454545455E-02,9.090909090909E-02,0.136363636364,
    0.181818181818,0.227272727273,0.272727272727,0.318181818182,
    0.363636363636,0.409090909091,0.454545454545,0.5,0.545454545455,
    0.590909090909,0.636363636364,0.681818181818,0.727272727273,
    0.772727272727,0.818181818182,0.863636363636,0.909090909091,
    0.954545454545,1.),.QUASI_UNIFORM_KNOTS.);
#4448 = CARTESIAN_POINT('',(0.,-0.2));
#4449 = CARTESIAN_POINT('',(4.757001992097E-02,-0.2));
#4450 = CARTESIAN_POINT('',(0.142722235299,-0.2));
#4451 = CARTESIAN_POINT('',(0.285501850722,-0.2));
#4452 = CARTESIAN_POINT('',(0.428434930295,-0.2));
#4453 = CARTESIAN_POINT('',(0.571317724651,-0.2));
#4454 = CARTESIAN_POINT('',(0.714013031517,-0.2));
#4455 = CARTESIAN_POINT('',(0.856783301434,-0.2));
#4456 = CARTESIAN_POINT('',(0.999478571366,-0.2));
#4457 = CARTESIAN_POINT('',(1.142361513454,-0.2));
#4458 = CARTESIAN_POINT('',(1.285294039034,-0.2));
#4459 = CARTESIAN_POINT('',(1.428075722698,-0.2));
#4460 = CARTESIAN_POINT('',(1.570796326795,-0.2));
#4461 = CARTESIAN_POINT('',(1.713516930892,-0.2));
#4462 = CARTESIAN_POINT('',(1.856298614556,-0.2));
#4463 = CARTESIAN_POINT('',(1.999231140135,-0.2));
#4464 = CARTESIAN_POINT('',(2.142114082224,-0.2));
#4465 = CARTESIAN_POINT('',(2.284809352156,-0.2));
#4466 = CARTESIAN_POINT('',(2.427579622073,-0.2));
#4467 = CARTESIAN_POINT('',(2.570274928939,-0.2));
#4468 = CARTESIAN_POINT('',(2.713157723295,-0.2));
#4469 = CARTESIAN_POINT('',(2.856090802868,-0.2));
#4470 = CARTESIAN_POINT('',(2.998870418291,-0.2));
#4471 = CARTESIAN_POINT('',(3.094022633669,-0.2));
#4472 = CARTESIAN_POINT('',(3.14159265359,-0.2));
#4473 = ( GEOMETRIC_REPRESENTATION_CONTEXT(2) 
PARAMETRIC_REPRESENTATION_CONTEXT() REPRESENTATION_CONTEXT('2D SPACE',''
  ) );
#4474 = ORIENTED_EDGE('',*,*,#4069,.F.);
#4475 = ORIENTED_EDGE('',*,*,#4476,.T.);
#4476 = EDGE_CURVE('',#4070,#4183,#4477,.T.);
#4477 = SURFACE_CURVE('',#4478,(#4497,#4548),.PCURVE_S1.);
#4478 = B_SPLINE_CURVE_WITH_KNOTS('',3,(#4479,#4480,#4481,#4482,#4483,
    #4484,#4485,#4486,#4487,#4488,#4489,#4490,#4491,#4492,#4493,#4494,
    #4495,#4496),.UNSPECIFIED.,.F.,.F.,(4,2,2,2,2,2,2,2,4),(0.,0.125,
    0.25,0.375,0.5,0.625,0.75,0.875,1.),.UNSPECIFIED.);
#4479 = CARTESIAN_POINT('',(-3.687802679141,23.95,-3.144600356121));
#4480 = CARTESIAN_POINT('',(-3.773303473518,23.95,-3.260456462111));
#4481 = CARTESIAN_POINT('',(-3.835734481973,23.95,-3.3932674575));
#4482 = CARTESIAN_POINT('',(-3.905046925248,23.95,-3.672781102505));
#4483 = CARTESIAN_POINT('',(-3.911901088582,23.95,-3.819373775438));
#4484 = CARTESIAN_POINT('',(-3.868972195208,23.95,-4.104135434815));
#4485 = CARTESIAN_POINT('',(-3.819206029187,23.95,-4.242192379704));
#4486 = CARTESIAN_POINT('',(-3.67057133403,23.95,-4.488849672182));
#4487 = CARTESIAN_POINT('',(-3.5717612863,23.95,-4.597352970659));
#4488 = CARTESIAN_POINT('',(-3.34004907432,23.95,-4.768354559412));
#4489 = CARTESIAN_POINT('',(-3.207238078931,23.95,-4.830785567867));
#4490 = CARTESIAN_POINT('',(-2.927724433926,23.95,-4.900098011142));
#4491 = CARTESIAN_POINT('',(-2.781131760993,23.95,-4.906952174476));
#4492 = CARTESIAN_POINT('',(-2.496370101617,23.95,-4.864023281103));
#4493 = CARTESIAN_POINT('',(-2.358313156727,23.95,-4.814257115082));
#4494 = CARTESIAN_POINT('',(-2.111655864249,23.95,-4.665622419925));
#4495 = CARTESIAN_POINT('',(-2.003152565773,23.95,-4.566812372194));
#4496 = CARTESIAN_POINT('',(-1.917651771396,23.95,-4.450956266204));
#4497 = PCURVE('',#4092,#4498);
#4498 = DEFINITIONAL_REPRESENTATION('',(#4499),#4547);
#4499 = B_SPLINE_CURVE_WITH_KNOTS('',3,(#4500,#4501,#4502,#4503,#4504,
    #4505,#4506,#4507,#4508,#4509,#4510,#4511,#4512,#4513,#4514,#4515,
    #4516,#4517,#4518,#4519,#4520,#4521,#4522,#4523,#4524,#4525,#4526,
    #4527,#4528,#4529,#4530,#4531,#4532,#4533,#4534,#4535,#4536,#4537,
    #4538,#4539,#4540,#4541,#4542,#4543,#4544,#4545,#4546),
  .UNSPECIFIED.,.F.,.F.,(4,1,1,1,1,1,1,1,1,1,1,1,1,1,1,1,1,1,1,1,1,1,1,1
    ,1,1,1,1,1,1,1,1,1,1,1,1,1,1,1,1,1,1,1,1,4),(0.,2.272727272727E-02,
    4.545454545455E-02,6.818181818182E-02,9.090909090909E-02,
    0.113636363636,0.136363636364,0.159090909091,0.181818181818,
    0.204545454545,0.227272727273,0.25,0.272727272727,0.295454545455,
    0.318181818182,0.340909090909,0.363636363636,0.386363636364,
    0.409090909091,0.431818181818,0.454545454545,0.477272727273,0.5,
    0.522727272727,0.545454545455,0.568181818182,0.590909090909,
    0.613636363636,0.636363636364,0.659090909091,0.681818181818,
    0.704545454545,0.727272727273,0.75,0.772727272727,0.795454545455,
    0.818181818182,0.840909090909,0.863636363636,0.886363636364,
    0.909090909091,0.931818181818,0.954545454545,0.977272727273,1.),
  .QUASI_UNIFORM_KNOTS.);
#4500 = CARTESIAN_POINT('',(3.14159265359,0.2));
#4501 = CARTESIAN_POINT('',(3.11779366165,0.19999886091));
#4502 = CARTESIAN_POINT('',(3.070195276352,0.199989051325));
#4503 = CARTESIAN_POINT('',(2.99879605498,0.199968226943));
#4504 = CARTESIAN_POINT('',(2.927392026102,0.199963556779));
#4505 = CARTESIAN_POINT('',(2.855989562844,0.19997707502));
#4506 = CARTESIAN_POINT('',(2.78459301181,0.200000168559));
#4507 = CARTESIAN_POINT('',(2.71319413177,0.200000165104));
#4508 = CARTESIAN_POINT('',(2.641797581952,0.199977085386));
#4509 = CARTESIAN_POINT('',(2.570395113825,0.199963518771));
#4510 = CARTESIAN_POINT('',(2.498991103211,0.199968368609));
#4511 = CARTESIAN_POINT('',(2.427591813651,0.199988522668));
#4512 = CARTESIAN_POINT('',(2.356194490192,0.200005738665));
#4513 = CARTESIAN_POINT('',(2.284797166734,0.199988522671));
#4514 = CARTESIAN_POINT('',(2.213397877173,0.199968368596));
#4515 = CARTESIAN_POINT('',(2.141993866565,0.199963518823));
#4516 = CARTESIAN_POINT('',(2.070591398412,0.19997708519));
#4517 = CARTESIAN_POINT('',(1.999194848689,0.200000165834));
#4518 = CARTESIAN_POINT('',(1.927795968298,0.200000165834));
#4519 = CARTESIAN_POINT('',(1.856399418575,0.19997708519));
#4520 = CARTESIAN_POINT('',(1.784996950422,0.199963518823));
#4521 = CARTESIAN_POINT('',(1.713592939814,0.199968368595));
#4522 = CARTESIAN_POINT('',(1.642193650253,0.199988522672));
#4523 = CARTESIAN_POINT('',(1.570796326795,0.200005738664));
#4524 = CARTESIAN_POINT('',(1.499399003337,0.199988522672));
#4525 = CARTESIAN_POINT('',(1.427999713775,0.199968368595));
#4526 = CARTESIAN_POINT('',(1.356595703168,0.199963518823));
#4527 = CARTESIAN_POINT('',(1.285193235015,0.19997708519));
#4528 = CARTESIAN_POINT('',(1.213796685292,0.200000165834));
#4529 = CARTESIAN_POINT('',(1.1423978049,0.200000165834));
#4530 = CARTESIAN_POINT('',(1.071001255177,0.19997708519));
#4531 = CARTESIAN_POINT('',(0.999598787024,0.199963518823));
#4532 = CARTESIAN_POINT('',(0.928194776417,0.199968368596));
#4533 = CARTESIAN_POINT('',(0.856795486856,0.199988522671));
#4534 = CARTESIAN_POINT('',(0.785398163398,0.200005738665));
#4535 = CARTESIAN_POINT('',(0.714000839939,0.199988522668));
#4536 = CARTESIAN_POINT('',(0.642601550379,0.199968368609));
#4537 = CARTESIAN_POINT('',(0.571197539765,0.199963518771));
#4538 = CARTESIAN_POINT('',(0.499795071637,0.199977085386));
#4539 = CARTESIAN_POINT('',(0.42839852182,0.200000165104));
#4540 = CARTESIAN_POINT('',(0.35699964178,0.200000168559));
#4541 = CARTESIAN_POINT('',(0.285603090745,0.19997707502));
#4542 = CARTESIAN_POINT('',(0.214200627488,0.199963556779));
#4543 = CARTESIAN_POINT('',(0.142796598609,0.199968226943));
#4544 = CARTESIAN_POINT('',(7.139737723807E-02,0.199989051325));
#4545 = CARTESIAN_POINT('',(2.379899193962E-02,0.19999886091));
#4546 = CARTESIAN_POINT('',(0.,0.2));
#4547 = ( GEOMETRIC_REPRESENTATION_CONTEXT(2) 
PARAMETRIC_REPRESENTATION_CONTEXT() REPRESENTATION_CONTEXT('2D SPACE',''
  ) );
#4548 = PCURVE('',#4277,#4549);
#4549 = DEFINITIONAL_REPRESENTATION('',(#4550),#4569);
#4550 = B_SPLINE_CURVE_WITH_KNOTS('',3,(#4551,#4552,#4553,#4554,#4555,
    #4556,#4557,#4558,#4559,#4560,#4561,#4562,#4563,#4564,#4565,#4566,
    #4567,#4568),.UNSPECIFIED.,.F.,.F.,(4,2,2,2,2,2,2,2,4),(0.,0.125,
    0.25,0.375,0.5,0.625,0.75,0.875,1.),.UNSPECIFIED.);
#4551 = CARTESIAN_POINT('',(-0.454571801686,-1.236523140548));
#4552 = CARTESIAN_POINT('',(-0.540072596063,-1.120667034558));
#4553 = CARTESIAN_POINT('',(-0.602503604518,-0.98785603917));
#4554 = CARTESIAN_POINT('',(-0.671816047793,-0.708342394165));
#4555 = CARTESIAN_POINT('',(-0.678670211127,-0.561749721231));
#4556 = CARTESIAN_POINT('',(-0.635741317753,-0.276988061855));
#4557 = CARTESIAN_POINT('',(-0.585975151733,-0.138931116965));
#4558 = CARTESIAN_POINT('',(-0.437340456576,0.107726175513));
#4559 = CARTESIAN_POINT('',(-0.338530408845,0.216229473989));
#4560 = CARTESIAN_POINT('',(-0.106818196865,0.387231062743));
#4561 = CARTESIAN_POINT('',(2.599279852347E-02,0.449662071197));
#4562 = CARTESIAN_POINT('',(0.305506443529,0.518974514472));
#4563 = CARTESIAN_POINT('',(0.452099116462,0.525828677806));
#4564 = CARTESIAN_POINT('',(0.736860775838,0.482899784433));
#4565 = CARTESIAN_POINT('',(0.874917720728,0.433133618412));
#4566 = CARTESIAN_POINT('',(1.121575013206,0.284498923255));
#4567 = CARTESIAN_POINT('',(1.230078311682,0.185688875524));
#4568 = CARTESIAN_POINT('',(1.315579106059,6.983276953441E-02));
#4569 = ( GEOMETRIC_REPRESENTATION_CONTEXT(2) 
PARAMETRIC_REPRESENTATION_CONTEXT() REPRESENTATION_CONTEXT('2D SPACE',''
  ) );
#4570 = ORIENTED_EDGE('',*,*,#4182,.F.);
#4571 = ADVANCED_FACE('',(#4572,#4576),#4277,.F.);
#4572 = FACE_BOUND('',#4573,.T.);
#4573 = EDGE_LOOP('',(#4574,#4575));
#4574 = ORIENTED_EDGE('',*,*,#4204,.F.);
#4575 = ORIENTED_EDGE('',*,*,#4476,.F.);
#4576 = FACE_BOUND('',#4577,.T.);
#4577 = EDGE_LOOP('',(#4578,#4632));
#4578 = ORIENTED_EDGE('',*,*,#4579,.F.);
#4579 = EDGE_CURVE('',#4580,#4582,#4584,.T.);
#4580 = VERTEX_POINT('',#4581);
#4581 = CARTESIAN_POINT('',(-1.837190366498,23.95,-4.510336080299));
#4582 = VERTEX_POINT('',#4583);
#4583 = CARTESIAN_POINT('',(-3.768264084039,23.95,-3.085220542027));
#4584 = SURFACE_CURVE('',#4585,(#4604,#4626),.PCURVE_S1.);
#4585 = B_SPLINE_CURVE_WITH_KNOTS('',3,(#4586,#4587,#4588,#4589,#4590,
    #4591,#4592,#4593,#4594,#4595,#4596,#4597,#4598,#4599,#4600,#4601,
    #4602,#4603),.UNSPECIFIED.,.F.,.F.,(4,2,2,2,2,2,2,2,4),(0.,0.125,
    0.25,0.375,0.5,0.625,0.75,0.875,1.),.UNSPECIFIED.);
#4586 = CARTESIAN_POINT('',(-1.837190366498,23.95,-4.510336080299));
#4587 = CARTESIAN_POINT('',(-1.930463960364,23.95,-4.636724559561));
#4588 = CARTESIAN_POINT('',(-2.048831195065,23.95,-4.744517338903));
#4589 = CARTESIAN_POINT('',(-2.317911877769,23.95,-4.906664279074));
#4590 = CARTESIAN_POINT('',(-2.468519454012,23.95,-4.960954642006));
#4591 = CARTESIAN_POINT('',(-2.779168536968,23.95,-5.00778616205));
#4592 = CARTESIAN_POINT('',(-2.939087816531,23.95,-5.000308892958));
#4593 = CARTESIAN_POINT('',(-3.244011792901,23.95,-4.924695318476));
#4594 = CARTESIAN_POINT('',(-3.388896515143,23.95,-4.856588763799));
#4595 = CARTESIAN_POINT('',(-3.641673473666,23.95,-4.670041576067));
#4596 = CARTESIAN_POINT('',(-3.749466253009,23.95,-4.551674341366));
#4597 = CARTESIAN_POINT('',(-3.91161319318,23.95,-4.282593658663));
#4598 = CARTESIAN_POINT('',(-3.965903556112,23.95,-4.131986082419));
#4599 = CARTESIAN_POINT('',(-4.012735076156,23.95,-3.821336999464));
#4600 = CARTESIAN_POINT('',(-4.005257807064,23.95,-3.6614177199));
#4601 = CARTESIAN_POINT('',(-3.929644232582,23.95,-3.35649374353));
#4602 = CARTESIAN_POINT('',(-3.861537677904,23.95,-3.211609021288));
#4603 = CARTESIAN_POINT('',(-3.768264084039,23.95,-3.085220542027));
#4604 = PCURVE('',#4277,#4605);
#4605 = DEFINITIONAL_REPRESENTATION('',(#4606),#4625);
#4606 = B_SPLINE_CURVE_WITH_KNOTS('',3,(#4607,#4608,#4609,#4610,#4611,
    #4612,#4613,#4614,#4615,#4616,#4617,#4618,#4619,#4620,#4621,#4622,
    #4623,#4624),.UNSPECIFIED.,.F.,.F.,(4,2,2,2,2,2,2,2,4),(0.,0.125,
    0.25,0.375,0.5,0.625,0.75,0.875,1.),.UNSPECIFIED.);
#4607 = CARTESIAN_POINT('',(1.396040510957,0.129212583629));
#4608 = CARTESIAN_POINT('',(1.302766917091,0.255601062891));
#4609 = CARTESIAN_POINT('',(1.18439968239,0.363393842233));
#4610 = CARTESIAN_POINT('',(0.915318999686,0.525540782405));
#4611 = CARTESIAN_POINT('',(0.764711423443,0.579831145336));
#4612 = CARTESIAN_POINT('',(0.454062340487,0.62666266538));
#4613 = CARTESIAN_POINT('',(0.294143060924,0.619185396288));
#4614 = CARTESIAN_POINT('',(-1.078091544589E-02,0.543571821806));
#4615 = CARTESIAN_POINT('',(-0.155665637688,0.475465267129));
#4616 = CARTESIAN_POINT('',(-0.408442596211,0.288918079398));
#4617 = CARTESIAN_POINT('',(-0.516235375554,0.170550844696));
#4618 = CARTESIAN_POINT('',(-0.678382315725,-9.852983800695E-02));
#4619 = CARTESIAN_POINT('',(-0.732672678657,-0.24913741425));
#4620 = CARTESIAN_POINT('',(-0.779504198701,-0.559786497206));
#4621 = CARTESIAN_POINT('',(-0.772026929609,-0.71970577677));
#4622 = CARTESIAN_POINT('',(-0.696413355127,-1.024629753139));
#4623 = CARTESIAN_POINT('',(-0.628306800449,-1.169514475381));
#4624 = CARTESIAN_POINT('',(-0.535033206584,-1.295902954643));
#4625 = ( GEOMETRIC_REPRESENTATION_CONTEXT(2) 
PARAMETRIC_REPRESENTATION_CONTEXT() REPRESENTATION_CONTEXT('2D SPACE',''
  ) );
#4626 = PCURVE('',#418,#4627);
#4627 = DEFINITIONAL_REPRESENTATION('',(#4628),#4631);
#4628 = B_SPLINE_CURVE_WITH_KNOTS('',1,(#4629,#4630),.UNSPECIFIED.,.F.,
  .F.,(2,2),(0.,1.),.PIECEWISE_BEZIER_KNOTS.);
#4629 = CARTESIAN_POINT('',(3.14159265359,-8.75));
#4630 = CARTESIAN_POINT('',(0.,-8.75));
#4631 = ( GEOMETRIC_REPRESENTATION_CONTEXT(2) 
PARAMETRIC_REPRESENTATION_CONTEXT() REPRESENTATION_CONTEXT('2D SPACE',''
  ) );
#4632 = ORIENTED_EDGE('',*,*,#4633,.F.);
#4633 = EDGE_CURVE('',#4582,#4580,#4634,.T.);
#4634 = SURFACE_CURVE('',#4635,(#4654,#4676),.PCURVE_S1.);
#4635 = B_SPLINE_CURVE_WITH_KNOTS('',3,(#4636,#4637,#4638,#4639,#4640,
    #4641,#4642,#4643,#4644,#4645,#4646,#4647,#4648,#4649,#4650,#4651,
    #4652,#4653),.UNSPECIFIED.,.F.,.F.,(4,2,2,2,2,2,2,2,4),(0.,0.125,
    0.25,0.375,0.5,0.625,0.75,0.875,1.),.UNSPECIFIED.);
#4636 = CARTESIAN_POINT('',(-3.768264084039,23.95,-3.085220542027));
#4637 = CARTESIAN_POINT('',(-3.674990490173,23.95,-2.958832062765));
#4638 = CARTESIAN_POINT('',(-3.556623255472,23.95,-2.851039283422));
#4639 = CARTESIAN_POINT('',(-3.287542572769,23.95,-2.688892343251));
#4640 = CARTESIAN_POINT('',(-3.136934996525,23.95,-2.634601980319));
#4641 = CARTESIAN_POINT('',(-2.826285913569,23.95,-2.587770460276));
#4642 = CARTESIAN_POINT('',(-2.666366634006,23.95,-2.595247729367));
#4643 = CARTESIAN_POINT('',(-2.361442657636,23.95,-2.670861303849));
#4644 = CARTESIAN_POINT('',(-2.216557935394,23.95,-2.738967858527));
#4645 = CARTESIAN_POINT('',(-1.963780976871,23.95,-2.925515046258));
#4646 = CARTESIAN_POINT('',(-1.855988197528,23.95,-3.04388228096));
#4647 = CARTESIAN_POINT('',(-1.693841257357,23.95,-3.312962963663));
#4648 = CARTESIAN_POINT('',(-1.639550894425,23.95,-3.463570539906));
#4649 = CARTESIAN_POINT('',(-1.592719374382,23.95,-3.774219622862));
#4650 = CARTESIAN_POINT('',(-1.600196643473,23.95,-3.934138902426));
#4651 = CARTESIAN_POINT('',(-1.675810217955,23.95,-4.239062878795));
#4652 = CARTESIAN_POINT('',(-1.743916772633,23.95,-4.383947601037));
#4653 = CARTESIAN_POINT('',(-1.837190366498,23.95,-4.510336080299));
#4654 = PCURVE('',#4277,#4655);
#4655 = DEFINITIONAL_REPRESENTATION('',(#4656),#4675);
#4656 = B_SPLINE_CURVE_WITH_KNOTS('',3,(#4657,#4658,#4659,#4660,#4661,
    #4662,#4663,#4664,#4665,#4666,#4667,#4668,#4669,#4670,#4671,#4672,
    #4673,#4674),.UNSPECIFIED.,.F.,.F.,(4,2,2,2,2,2,2,2,4),(0.,0.125,
    0.25,0.375,0.5,0.625,0.75,0.875,1.),.UNSPECIFIED.);
#4657 = CARTESIAN_POINT('',(-0.535033206584,-1.295902954643));
#4658 = CARTESIAN_POINT('',(-0.441759612718,-1.422291433905));
#4659 = CARTESIAN_POINT('',(-0.323392378017,-1.530084213247));
#4660 = CARTESIAN_POINT('',(-5.431169531367E-02,-1.692231153419));
#4661 = CARTESIAN_POINT('',(9.629588092978E-02,-1.74652151635));
#4662 = CARTESIAN_POINT('',(0.406944963886,-1.793353036394));
#4663 = CARTESIAN_POINT('',(0.566864243449,-1.785875767302));
#4664 = CARTESIAN_POINT('',(0.871788219819,-1.71026219282));
#4665 = CARTESIAN_POINT('',(1.016672942061,-1.642155638143));
#4666 = CARTESIAN_POINT('',(1.269449900584,-1.455608450412));
#4667 = CARTESIAN_POINT('',(1.377242679927,-1.33724121571));
#4668 = CARTESIAN_POINT('',(1.539389620098,-1.068160533007));
#4669 = CARTESIAN_POINT('',(1.59367998303,-0.917552956764));
#4670 = CARTESIAN_POINT('',(1.640511503073,-0.606903873808));
#4671 = CARTESIAN_POINT('',(1.633034233982,-0.446984594244));
#4672 = CARTESIAN_POINT('',(1.5574206595,-0.142060617875));
#4673 = CARTESIAN_POINT('',(1.489314104822,2.824104367313E-03));
#4674 = CARTESIAN_POINT('',(1.396040510957,0.129212583629));
#4675 = ( GEOMETRIC_REPRESENTATION_CONTEXT(2) 
PARAMETRIC_REPRESENTATION_CONTEXT() REPRESENTATION_CONTEXT('2D SPACE',''
  ) );
#4676 = PCURVE('',#518,#4677);
#4677 = DEFINITIONAL_REPRESENTATION('',(#4678),#4681);
#4678 = B_SPLINE_CURVE_WITH_KNOTS('',1,(#4679,#4680),.UNSPECIFIED.,.F.,
  .F.,(2,2),(0.,1.),.PIECEWISE_BEZIER_KNOTS.);
#4679 = CARTESIAN_POINT('',(6.28318530718,-8.75));
#4680 = CARTESIAN_POINT('',(3.14159265359,-8.75));
#4681 = ( GEOMETRIC_REPRESENTATION_CONTEXT(2) 
PARAMETRIC_REPRESENTATION_CONTEXT() REPRESENTATION_CONTEXT('2D SPACE',''
  ) );
#4682 = ADVANCED_FACE('',(#4683),#4323,.T.);
#4683 = FACE_BOUND('',#4684,.T.);
#4684 = EDGE_LOOP('',(#4685,#4728,#4729,#4730));
#4685 = ORIENTED_EDGE('',*,*,#4686,.T.);
#4686 = EDGE_CURVE('',#4335,#4308,#4687,.T.);
#4687 = SURFACE_CURVE('',#4688,(#4699),.PCURVE_S1.);
#4688 = B_SPLINE_CURVE_WITH_KNOTS('',3,(#4689,#4690,#4691,#4692,#4693,
    #4694,#4695,#4696,#4697,#4698),.UNSPECIFIED.,.F.,.F.,(4,2,2,2,4),(0.
    ,0.25,0.5,0.75,1.),.UNSPECIFIED.);
#4689 = CARTESIAN_POINT('',(-2.078574581191,21.95,-4.332196638015));
#4690 = CARTESIAN_POINT('',(-2.218484971989,21.95,-4.521779356907));
#4691 = CARTESIAN_POINT('',(-2.435577990718,21.95,-4.652598739279));
#4692 = CARTESIAN_POINT('',(-2.901551615151,21.95,-4.722846019344));
#4693 = CARTESIAN_POINT('',(-3.147562833228,21.95,-4.661841346039));
#4694 = CARTESIAN_POINT('',(-3.526728271013,21.95,-4.382020564442));
#4695 = CARTESIAN_POINT('',(-3.657547653385,21.95,-4.164927545714));
#4696 = CARTESIAN_POINT('',(-3.72779493345,21.95,-3.69895392128));
#4697 = CARTESIAN_POINT('',(-3.666790260145,21.95,-3.452942703203));
#4698 = CARTESIAN_POINT('',(-3.526879869346,21.95,-3.263359984311));
#4699 = PCURVE('',#4323,#4700);
#4700 = DEFINITIONAL_REPRESENTATION('',(#4701),#4727);
#4701 = B_SPLINE_CURVE_WITH_KNOTS('',3,(#4702,#4703,#4704,#4705,#4706,
    #4707,#4708,#4709,#4710,#4711,#4712,#4713,#4714,#4715,#4716,#4717,
    #4718,#4719,#4720,#4721,#4722,#4723,#4724,#4725,#4726),
  .UNSPECIFIED.,.F.,.F.,(4,1,1,1,1,1,1,1,1,1,1,1,1,1,1,1,1,1,1,1,1,1,4),
  (0.,4.545454545455E-02,9.090909090909E-02,0.136363636364,
    0.181818181818,0.227272727273,0.272727272727,0.318181818182,
    0.363636363636,0.409090909091,0.454545454545,0.5,0.545454545455,
    0.590909090909,0.636363636364,0.681818181818,0.727272727273,
    0.772727272727,0.818181818182,0.863636363636,0.909090909091,
    0.954545454545,1.),.QUASI_UNIFORM_KNOTS.);
#4702 = CARTESIAN_POINT('',(0.,-2.));
#4703 = CARTESIAN_POINT('',(4.757001992097E-02,-2.));
#4704 = CARTESIAN_POINT('',(0.142722235299,-2.));
#4705 = CARTESIAN_POINT('',(0.285501850722,-2.));
#4706 = CARTESIAN_POINT('',(0.428434930295,-2.));
#4707 = CARTESIAN_POINT('',(0.571317724651,-2.));
#4708 = CARTESIAN_POINT('',(0.714013031517,-2.));
#4709 = CARTESIAN_POINT('',(0.856783301434,-2.));
#4710 = CARTESIAN_POINT('',(0.999478571366,-2.));
#4711 = CARTESIAN_POINT('',(1.142361513454,-2.));
#4712 = CARTESIAN_POINT('',(1.285294039034,-2.));
#4713 = CARTESIAN_POINT('',(1.428075722698,-2.));
#4714 = CARTESIAN_POINT('',(1.570796326795,-2.));
#4715 = CARTESIAN_POINT('',(1.713516930892,-2.));
#4716 = CARTESIAN_POINT('',(1.856298614556,-2.));
#4717 = CARTESIAN_POINT('',(1.999231140135,-2.));
#4718 = CARTESIAN_POINT('',(2.142114082224,-2.));
#4719 = CARTESIAN_POINT('',(2.284809352156,-2.));
#4720 = CARTESIAN_POINT('',(2.427579622073,-2.));
#4721 = CARTESIAN_POINT('',(2.570274928939,-2.));
#4722 = CARTESIAN_POINT('',(2.713157723295,-2.));
#4723 = CARTESIAN_POINT('',(2.856090802868,-2.));
#4724 = CARTESIAN_POINT('',(2.998870418291,-2.));
#4725 = CARTESIAN_POINT('',(3.094022633669,-2.));
#4726 = CARTESIAN_POINT('',(3.14159265359,-2.));
#4727 = ( GEOMETRIC_REPRESENTATION_CONTEXT(2) 
PARAMETRIC_REPRESENTATION_CONTEXT() REPRESENTATION_CONTEXT('2D SPACE',''
  ) );
#4728 = ORIENTED_EDGE('',*,*,#4307,.F.);
#4729 = ORIENTED_EDGE('',*,*,#4403,.F.);
#4730 = ORIENTED_EDGE('',*,*,#4379,.F.);
#4731 = ADVANCED_FACE('',(#4732),#518,.F.);
#4732 = FACE_BOUND('',#4733,.F.);
#4733 = EDGE_LOOP('',(#4734,#4735,#4755,#4756));
#4734 = ORIENTED_EDGE('',*,*,#474,.T.);
#4735 = ORIENTED_EDGE('',*,*,#4736,.T.);
#4736 = EDGE_CURVE('',#371,#4580,#4737,.T.);
#4737 = SURFACE_CURVE('',#4738,(#4743,#4749),.PCURVE_S1.);
#4738 = B_SPLINE_CURVE_WITH_KNOTS('',3,(#4739,#4740,#4741,#4742),
  .UNSPECIFIED.,.F.,.F.,(4,4),(0.,1.),.PIECEWISE_BEZIER_KNOTS.);
#4739 = CARTESIAN_POINT('',(-1.837190366498,23.33,-4.510336080299));
#4740 = CARTESIAN_POINT('',(-1.837190366498,23.536666666667,
    -4.510336080299));
#4741 = CARTESIAN_POINT('',(-1.837190366498,23.743333333333,
    -4.510336080299));
#4742 = CARTESIAN_POINT('',(-1.837190366498,23.95,-4.510336080299));
#4743 = PCURVE('',#518,#4744);
#4744 = DEFINITIONAL_REPRESENTATION('',(#4745),#4748);
#4745 = B_SPLINE_CURVE_WITH_KNOTS('',1,(#4746,#4747),.UNSPECIFIED.,.F.,
  .F.,(2,2),(0.,1.),.PIECEWISE_BEZIER_KNOTS.);
#4746 = CARTESIAN_POINT('',(3.14159265359,-8.13));
#4747 = CARTESIAN_POINT('',(3.14159265359,-8.75));
#4748 = ( GEOMETRIC_REPRESENTATION_CONTEXT(2) 
PARAMETRIC_REPRESENTATION_CONTEXT() REPRESENTATION_CONTEXT('2D SPACE',''
  ) );
#4749 = PCURVE('',#418,#4750);
#4750 = DEFINITIONAL_REPRESENTATION('',(#4751),#4754);
#4751 = B_SPLINE_CURVE_WITH_KNOTS('',1,(#4752,#4753),.UNSPECIFIED.,.F.,
  .F.,(2,2),(0.,1.),.PIECEWISE_BEZIER_KNOTS.);
#4752 = CARTESIAN_POINT('',(3.14159265359,-8.13));
#4753 = CARTESIAN_POINT('',(3.14159265359,-8.75));
#4754 = ( GEOMETRIC_REPRESENTATION_CONTEXT(2) 
PARAMETRIC_REPRESENTATION_CONTEXT() REPRESENTATION_CONTEXT('2D SPACE',''
  ) );
#4755 = ORIENTED_EDGE('',*,*,#4633,.F.);
#4756 = ORIENTED_EDGE('',*,*,#4757,.T.);
#4757 = EDGE_CURVE('',#4582,#373,#4758,.T.);
#4758 = SURFACE_CURVE('',#4759,(#4764,#4770),.PCURVE_S1.);
#4759 = B_SPLINE_CURVE_WITH_KNOTS('',3,(#4760,#4761,#4762,#4763),
  .UNSPECIFIED.,.F.,.F.,(4,4),(0.,1.),.PIECEWISE_BEZIER_KNOTS.);
#4760 = CARTESIAN_POINT('',(-3.768264084039,23.95,-3.085220542027));
#4761 = CARTESIAN_POINT('',(-3.768264084039,23.743333333333,
    -3.085220542027));
#4762 = CARTESIAN_POINT('',(-3.768264084039,23.536666666667,
    -3.085220542027));
#4763 = CARTESIAN_POINT('',(-3.768264084039,23.33,-3.085220542027));
#4764 = PCURVE('',#518,#4765);
#4765 = DEFINITIONAL_REPRESENTATION('',(#4766),#4769);
#4766 = B_SPLINE_CURVE_WITH_KNOTS('',1,(#4767,#4768),.UNSPECIFIED.,.F.,
  .F.,(2,2),(0.,1.),.PIECEWISE_BEZIER_KNOTS.);
#4767 = CARTESIAN_POINT('',(6.28318530718,-8.75));
#4768 = CARTESIAN_POINT('',(6.28318530718,-8.13));
#4769 = ( GEOMETRIC_REPRESENTATION_CONTEXT(2) 
PARAMETRIC_REPRESENTATION_CONTEXT() REPRESENTATION_CONTEXT('2D SPACE',''
  ) );
#4770 = PCURVE('',#418,#4771);
#4771 = DEFINITIONAL_REPRESENTATION('',(#4772),#4775);
#4772 = B_SPLINE_CURVE_WITH_KNOTS('',1,(#4773,#4774),.UNSPECIFIED.,.F.,
  .F.,(2,2),(0.,1.),.PIECEWISE_BEZIER_KNOTS.);
#4773 = CARTESIAN_POINT('',(0.,-8.75));
#4774 = CARTESIAN_POINT('',(0.,-8.13));
#4775 = ( GEOMETRIC_REPRESENTATION_CONTEXT(2) 
PARAMETRIC_REPRESENTATION_CONTEXT() REPRESENTATION_CONTEXT('2D SPACE',''
  ) );
#4776 = ADVANCED_FACE('',(#4777),#418,.F.);
#4777 = FACE_BOUND('',#4778,.F.);
#4778 = EDGE_LOOP('',(#4779,#4780,#4781,#4782));
#4779 = ORIENTED_EDGE('',*,*,#4757,.F.);
#4780 = ORIENTED_EDGE('',*,*,#4579,.F.);
#4781 = ORIENTED_EDGE('',*,*,#4736,.F.);
#4782 = ORIENTED_EDGE('',*,*,#370,.T.);
#4783 = ADVANCED_FACE('',(#4784),#4799,.T.);
#4784 = FACE_BOUND('',#4785,.T.);
#4785 = EDGE_LOOP('',(#4786,#4820,#4899,#4921));
#4786 = ORIENTED_EDGE('',*,*,#4787,.T.);
#4787 = EDGE_CURVE('',#4788,#4790,#4792,.T.);
#4788 = VERTEX_POINT('',#4789);
#4789 = CARTESIAN_POINT('',(1.926163416737,23.95,4.462335223377));
#4790 = VERTEX_POINT('',#4791);
#4791 = CARTESIAN_POINT('',(2.085538654651,23.75,4.341506693884));
#4792 = SURFACE_CURVE('',#4793,(#4798,#4809),.PCURVE_S1.);
#4793 = B_SPLINE_CURVE_WITH_KNOTS('',3,(#4794,#4795,#4796,#4797),
  .UNSPECIFIED.,.F.,.F.,(4,4),(0.,1.),.PIECEWISE_BEZIER_KNOTS.);
#4794 = CARTESIAN_POINT('',(1.926163416737,23.95,4.462335223377));
#4795 = CARTESIAN_POINT('',(1.979288496042,23.883333333333,
    4.422059046879));
#4796 = CARTESIAN_POINT('',(2.032413575347,23.816666666667,
    4.381782870381));
#4797 = CARTESIAN_POINT('',(2.085538654651,23.75,4.341506693884));
#4798 = PCURVE('',#4799,#4804);
#4799 = CONICAL_SURFACE('',#4800,0.9,0.785398163397);
#4800 = AXIS2_PLACEMENT_3D('',#4801,#4802,#4803);
#4801 = CARTESIAN_POINT('',(2.802727225269,23.75,3.797778311163));
#4802 = DIRECTION('',(0.,1.,0.));
#4803 = DIRECTION('',(0.796876189575,0.,-0.604142647468));
#4804 = DEFINITIONAL_REPRESENTATION('',(#4805),#4808);
#4805 = B_SPLINE_CURVE_WITH_KNOTS('',1,(#4806,#4807),.UNSPECIFIED.,.F.,
  .F.,(2,2),(0.,1.),.PIECEWISE_BEZIER_KNOTS.);
#4806 = CARTESIAN_POINT('',(3.14159265359,0.2));
#4807 = CARTESIAN_POINT('',(3.14159265359,5.551115123126E-17));
#4808 = ( GEOMETRIC_REPRESENTATION_CONTEXT(2) 
PARAMETRIC_REPRESENTATION_CONTEXT() REPRESENTATION_CONTEXT('2D SPACE',''
  ) );
#4809 = PCURVE('',#4810,#4815);
#4810 = CONICAL_SURFACE('',#4811,0.9,0.785398163397);
#4811 = AXIS2_PLACEMENT_3D('',#4812,#4813,#4814);
#4812 = CARTESIAN_POINT('',(2.802727225269,23.75,3.797778311163));
#4813 = DIRECTION('',(0.,1.,0.));
#4814 = DIRECTION('',(0.796876189575,0.,-0.604142647468));
#4815 = DEFINITIONAL_REPRESENTATION('',(#4816),#4819);
#4816 = B_SPLINE_CURVE_WITH_KNOTS('',1,(#4817,#4818),.UNSPECIFIED.,.F.,
  .F.,(2,2),(0.,1.),.PIECEWISE_BEZIER_KNOTS.);
#4817 = CARTESIAN_POINT('',(3.14159265359,0.2));
#4818 = CARTESIAN_POINT('',(3.14159265359,5.551115123126E-17));
#4819 = ( GEOMETRIC_REPRESENTATION_CONTEXT(2) 
PARAMETRIC_REPRESENTATION_CONTEXT() REPRESENTATION_CONTEXT('2D SPACE',''
  ) );
#4820 = ORIENTED_EDGE('',*,*,#4821,.T.);
#4821 = EDGE_CURVE('',#4790,#4822,#4824,.T.);
#4822 = VERTEX_POINT('',#4823);
#4823 = CARTESIAN_POINT('',(3.519915795886,23.75,3.254049928442));
#4824 = SURFACE_CURVE('',#4825,(#4836,#4865),.PCURVE_S1.);
#4825 = B_SPLINE_CURVE_WITH_KNOTS('',3,(#4826,#4827,#4828,#4829,#4830,
    #4831,#4832,#4833,#4834,#4835),.UNSPECIFIED.,.F.,.F.,(4,2,2,2,4),(0.
    ,0.25,0.5,0.75,1.),.UNSPECIFIED.);
#4826 = CARTESIAN_POINT('',(2.085538654651,23.75,4.341506693884));
#4827 = CARTESIAN_POINT('',(2.227886412377,23.75,4.529266222608));
#4828 = CARTESIAN_POINT('',(2.446651249374,23.75,4.657270268162));
#4829 = CARTESIAN_POINT('',(2.913493450909,23.75,4.7214922106));
#4830 = CARTESIAN_POINT('',(3.158696079265,23.75,4.657314639505));
#4831 = CARTESIAN_POINT('',(3.534215136713,23.75,4.372619124055));
#4832 = CARTESIAN_POINT('',(3.662219182268,23.75,4.153854287058));
#4833 = CARTESIAN_POINT('',(3.726441124706,23.75,3.687012085523));
#4834 = CARTESIAN_POINT('',(3.662263553611,23.75,3.441809457166));
#4835 = CARTESIAN_POINT('',(3.519915795886,23.75,3.254049928442));
#4836 = PCURVE('',#4799,#4837);
#4837 = DEFINITIONAL_REPRESENTATION('',(#4838),#4864);
#4838 = B_SPLINE_CURVE_WITH_KNOTS('',3,(#4839,#4840,#4841,#4842,#4843,
    #4844,#4845,#4846,#4847,#4848,#4849,#4850,#4851,#4852,#4853,#4854,
    #4855,#4856,#4857,#4858,#4859,#4860,#4861,#4862,#4863),
  .UNSPECIFIED.,.F.,.F.,(4,1,1,1,1,1,1,1,1,1,1,1,1,1,1,1,1,1,1,1,1,1,4),
  (0.,4.545454545455E-02,9.090909090909E-02,0.136363636364,
    0.181818181818,0.227272727273,0.272727272727,0.318181818182,
    0.363636363636,0.409090909091,0.454545454545,0.5,0.545454545455,
    0.590909090909,0.636363636364,0.681818181818,0.727272727273,
    0.772727272727,0.818181818182,0.863636363636,0.909090909091,
    0.954545454545,1.),.QUASI_UNIFORM_KNOTS.);
#4839 = CARTESIAN_POINT('',(3.14159265359,5.551115123126E-17));
#4840 = CARTESIAN_POINT('',(3.189162673511,-1.289809117629E-05));
#4841 = CARTESIAN_POINT('',(3.284314888889,-1.391941922541E-04));
#4842 = CARTESIAN_POINT('',(3.427094504312,-4.116487367711E-04));
#4843 = CARTESIAN_POINT('',(3.570027583884,-4.743035783833E-04));
#4844 = CARTESIAN_POINT('',(3.712910378241,-2.94471185141E-04));
#4845 = CARTESIAN_POINT('',(3.855605685106,3.002046585436E-06));
#4846 = CARTESIAN_POINT('',(3.998375955023,2.962921942982E-06));
#4847 = CARTESIAN_POINT('',(4.141071224956,-2.943538112087E-04));
#4848 = CARTESIAN_POINT('',(4.283954167044,-4.747339494742E-04));
#4849 = CARTESIAN_POINT('',(4.426886692623,-4.100446263409E-04));
#4850 = CARTESIAN_POINT('',(4.569668376287,-1.451802628813E-04));
#4851 = CARTESIAN_POINT('',(4.712388980385,7.259013144041E-05));
#4852 = CARTESIAN_POINT('',(4.855109584482,-1.451802628806E-04));
#4853 = CARTESIAN_POINT('',(4.997891268146,-4.100446263414E-04));
#4854 = CARTESIAN_POINT('',(5.140823793725,-4.747339494736E-04));
#4855 = CARTESIAN_POINT('',(5.283706735813,-2.943538112093E-04));
#4856 = CARTESIAN_POINT('',(5.426402005746,2.962921938836E-06));
#4857 = CARTESIAN_POINT('',(5.569172275663,3.002046582657E-06));
#4858 = CARTESIAN_POINT('',(5.711867582528,-2.944711851421E-04));
#4859 = CARTESIAN_POINT('',(5.854750376885,-4.743035783829E-04));
#4860 = CARTESIAN_POINT('',(5.997683456457,-4.116487367708E-04));
#4861 = CARTESIAN_POINT('',(6.140463071881,-1.391941922537E-04));
#4862 = CARTESIAN_POINT('',(6.235615287259,-1.289809117612E-05));
#4863 = CARTESIAN_POINT('',(6.28318530718,4.85557290494E-17));
#4864 = ( GEOMETRIC_REPRESENTATION_CONTEXT(2) 
PARAMETRIC_REPRESENTATION_CONTEXT() REPRESENTATION_CONTEXT('2D SPACE',''
  ) );
#4865 = PCURVE('',#4866,#4871);
#4866 = CYLINDRICAL_SURFACE('',#4867,0.9);
#4867 = AXIS2_PLACEMENT_3D('',#4868,#4869,#4870);
#4868 = CARTESIAN_POINT('',(2.802727225269,23.95,3.797778311163));
#4869 = DIRECTION('',(0.,1.,0.));
#4870 = DIRECTION('',(0.796876189575,0.,-0.604142647468));
#4871 = DEFINITIONAL_REPRESENTATION('',(#4872),#4898);
#4872 = B_SPLINE_CURVE_WITH_KNOTS('',3,(#4873,#4874,#4875,#4876,#4877,
    #4878,#4879,#4880,#4881,#4882,#4883,#4884,#4885,#4886,#4887,#4888,
    #4889,#4890,#4891,#4892,#4893,#4894,#4895,#4896,#4897),
  .UNSPECIFIED.,.F.,.F.,(4,1,1,1,1,1,1,1,1,1,1,1,1,1,1,1,1,1,1,1,1,1,4),
  (0.,4.545454545455E-02,9.090909090909E-02,0.136363636364,
    0.181818181818,0.227272727273,0.272727272727,0.318181818182,
    0.363636363636,0.409090909091,0.454545454545,0.5,0.545454545455,
    0.590909090909,0.636363636364,0.681818181818,0.727272727273,
    0.772727272727,0.818181818182,0.863636363636,0.909090909091,
    0.954545454545,1.),.QUASI_UNIFORM_KNOTS.);
#4873 = CARTESIAN_POINT('',(3.14159265359,-0.2));
#4874 = CARTESIAN_POINT('',(3.189162673511,-0.2));
#4875 = CARTESIAN_POINT('',(3.284314888889,-0.2));
#4876 = CARTESIAN_POINT('',(3.427094504312,-0.2));
#4877 = CARTESIAN_POINT('',(3.570027583884,-0.2));
#4878 = CARTESIAN_POINT('',(3.712910378241,-0.2));
#4879 = CARTESIAN_POINT('',(3.855605685106,-0.2));
#4880 = CARTESIAN_POINT('',(3.998375955023,-0.2));
#4881 = CARTESIAN_POINT('',(4.141071224956,-0.2));
#4882 = CARTESIAN_POINT('',(4.283954167044,-0.2));
#4883 = CARTESIAN_POINT('',(4.426886692623,-0.2));
#4884 = CARTESIAN_POINT('',(4.569668376287,-0.2));
#4885 = CARTESIAN_POINT('',(4.712388980385,-0.2));
#4886 = CARTESIAN_POINT('',(4.855109584482,-0.2));
#4887 = CARTESIAN_POINT('',(4.997891268146,-0.2));
#4888 = CARTESIAN_POINT('',(5.140823793725,-0.2));
#4889 = CARTESIAN_POINT('',(5.283706735813,-0.2));
#4890 = CARTESIAN_POINT('',(5.426402005746,-0.2));
#4891 = CARTESIAN_POINT('',(5.569172275663,-0.2));
#4892 = CARTESIAN_POINT('',(5.711867582528,-0.2));
#4893 = CARTESIAN_POINT('',(5.854750376885,-0.2));
#4894 = CARTESIAN_POINT('',(5.997683456457,-0.2));
#4895 = CARTESIAN_POINT('',(6.140463071881,-0.2));
#4896 = CARTESIAN_POINT('',(6.235615287259,-0.2));
#4897 = CARTESIAN_POINT('',(6.28318530718,-0.2));
#4898 = ( GEOMETRIC_REPRESENTATION_CONTEXT(2) 
PARAMETRIC_REPRESENTATION_CONTEXT() REPRESENTATION_CONTEXT('2D SPACE',''
  ) );
#4899 = ORIENTED_EDGE('',*,*,#4900,.T.);
#4900 = EDGE_CURVE('',#4822,#4901,#4903,.T.);
#4901 = VERTEX_POINT('',#4902);
#4902 = CARTESIAN_POINT('',(3.679291033801,23.95,3.133221398948));
#4903 = SURFACE_CURVE('',#4904,(#4909,#4915),.PCURVE_S1.);
#4904 = B_SPLINE_CURVE_WITH_KNOTS('',3,(#4905,#4906,#4907,#4908),
  .UNSPECIFIED.,.F.,.F.,(4,4),(0.,1.),.PIECEWISE_BEZIER_KNOTS.);
#4905 = CARTESIAN_POINT('',(3.519915795886,23.75,3.254049928442));
#4906 = CARTESIAN_POINT('',(3.573040875191,23.816666666667,
    3.213773751944));
#4907 = CARTESIAN_POINT('',(3.626165954496,23.883333333333,
    3.173497575446));
#4908 = CARTESIAN_POINT('',(3.679291033801,23.95,3.133221398948));
#4909 = PCURVE('',#4799,#4910);
#4910 = DEFINITIONAL_REPRESENTATION('',(#4911),#4914);
#4911 = B_SPLINE_CURVE_WITH_KNOTS('',1,(#4912,#4913),.UNSPECIFIED.,.F.,
  .F.,(2,2),(0.,1.),.PIECEWISE_BEZIER_KNOTS.);
#4912 = CARTESIAN_POINT('',(6.28318530718,-5.551115123126E-17));
#4913 = CARTESIAN_POINT('',(6.28318530718,0.2));
#4914 = ( GEOMETRIC_REPRESENTATION_CONTEXT(2) 
PARAMETRIC_REPRESENTATION_CONTEXT() REPRESENTATION_CONTEXT('2D SPACE',''
  ) );
#4915 = PCURVE('',#4810,#4916);
#4916 = DEFINITIONAL_REPRESENTATION('',(#4917),#4920);
#4917 = B_SPLINE_CURVE_WITH_KNOTS('',1,(#4918,#4919),.UNSPECIFIED.,.F.,
  .F.,(2,2),(0.,1.),.PIECEWISE_BEZIER_KNOTS.);
#4918 = CARTESIAN_POINT('',(0.,-5.551115123126E-17));
#4919 = CARTESIAN_POINT('',(0.,0.2));
#4920 = ( GEOMETRIC_REPRESENTATION_CONTEXT(2) 
PARAMETRIC_REPRESENTATION_CONTEXT() REPRESENTATION_CONTEXT('2D SPACE',''
  ) );
#4921 = ORIENTED_EDGE('',*,*,#4922,.T.);
#4922 = EDGE_CURVE('',#4901,#4788,#4923,.T.);
#4923 = SURFACE_CURVE('',#4924,(#4943,#4994),.PCURVE_S1.);
#4924 = B_SPLINE_CURVE_WITH_KNOTS('',3,(#4925,#4926,#4927,#4928,#4929,
    #4930,#4931,#4932,#4933,#4934,#4935,#4936,#4937,#4938,#4939,#4940,
    #4941,#4942),.UNSPECIFIED.,.F.,.F.,(4,2,2,2,2,2,2,2,4),(0.,0.125,
    0.25,0.375,0.5,0.625,0.75,0.875,1.),.UNSPECIFIED.);
#4925 = CARTESIAN_POINT('',(3.679291033801,23.95,3.133221398948));
#4926 = CARTESIAN_POINT('',(3.766281330188,23.95,3.247963333169));
#4927 = CARTESIAN_POINT('',(3.830422789944,23.95,3.379956758964));
#4928 = CARTESIAN_POINT('',(3.903340224216,23.95,3.658551698466));
#4929 = CARTESIAN_POINT('',(3.912087508836,23.95,3.805043596961));
#4930 = CARTESIAN_POINT('',(3.872840766235,23.95,4.090336053454));
#4931 = CARTESIAN_POINT('',(3.824862180931,23.95,4.229024361054));
#4932 = CARTESIAN_POINT('',(3.679426222246,23.95,4.477581144221));
#4933 = CARTESIAN_POINT('',(3.582026071703,23.95,4.587351823307));
#4934 = CARTESIAN_POINT('',(3.352542203263,23.95,4.761332416082));
#4935 = CARTESIAN_POINT('',(3.220548777467,23.95,4.825473875838));
#4936 = CARTESIAN_POINT('',(2.941953837965,23.95,4.89839131011));
#4937 = CARTESIAN_POINT('',(2.795461939471,23.95,4.90713859473));
#4938 = CARTESIAN_POINT('',(2.510169482977,23.95,4.867891852129));
#4939 = CARTESIAN_POINT('',(2.371481175377,23.95,4.819913266825));
#4940 = CARTESIAN_POINT('',(2.122924392211,23.95,4.67447730814));
#4941 = CARTESIAN_POINT('',(2.013153713124,23.95,4.577077157597));
#4942 = CARTESIAN_POINT('',(1.926163416737,23.95,4.462335223377));
#4943 = PCURVE('',#4799,#4944);
#4944 = DEFINITIONAL_REPRESENTATION('',(#4945),#4993);
#4945 = B_SPLINE_CURVE_WITH_KNOTS('',3,(#4946,#4947,#4948,#4949,#4950,
    #4951,#4952,#4953,#4954,#4955,#4956,#4957,#4958,#4959,#4960,#4961,
    #4962,#4963,#4964,#4965,#4966,#4967,#4968,#4969,#4970,#4971,#4972,
    #4973,#4974,#4975,#4976,#4977,#4978,#4979,#4980,#4981,#4982,#4983,
    #4984,#4985,#4986,#4987,#4988,#4989,#4990,#4991,#4992),
  .UNSPECIFIED.,.F.,.F.,(4,1,1,1,1,1,1,1,1,1,1,1,1,1,1,1,1,1,1,1,1,1,1,1
    ,1,1,1,1,1,1,1,1,1,1,1,1,1,1,1,1,1,1,1,1,4),(0.,2.272727272727E-02,
    4.545454545455E-02,6.818181818182E-02,9.090909090909E-02,
    0.113636363636,0.136363636364,0.159090909091,0.181818181818,
    0.204545454545,0.227272727273,0.25,0.272727272727,0.295454545455,
    0.318181818182,0.340909090909,0.363636363636,0.386363636364,
    0.409090909091,0.431818181818,0.454545454545,0.477272727273,0.5,
    0.522727272727,0.545454545455,0.568181818182,0.590909090909,
    0.613636363636,0.636363636364,0.659090909091,0.681818181818,
    0.704545454545,0.727272727273,0.75,0.772727272727,0.795454545455,
    0.818181818182,0.840909090909,0.863636363636,0.886363636364,
    0.909090909091,0.931818181818,0.954545454545,0.977272727273,1.),
  .QUASI_UNIFORM_KNOTS.);
#4946 = CARTESIAN_POINT('',(6.28318530718,0.2));
#4947 = CARTESIAN_POINT('',(6.25938631524,0.19999886091));
#4948 = CARTESIAN_POINT('',(6.211787929942,0.199989051325));
#4949 = CARTESIAN_POINT('',(6.14038870857,0.199968226943));
#4950 = CARTESIAN_POINT('',(6.068984679691,0.199963556779));
#4951 = CARTESIAN_POINT('',(5.997582216434,0.19997707502));
#4952 = CARTESIAN_POINT('',(5.926185665399,0.200000168559));
#4953 = CARTESIAN_POINT('',(5.854786785359,0.200000165104));
#4954 = CARTESIAN_POINT('',(5.783390235542,0.199977085386));
#4955 = CARTESIAN_POINT('',(5.711987767414,0.199963518771));
#4956 = CARTESIAN_POINT('',(5.6405837568,0.199968368609));
#4957 = CARTESIAN_POINT('',(5.569184467241,0.199988522668));
#4958 = CARTESIAN_POINT('',(5.497787143782,0.200005738665));
#4959 = CARTESIAN_POINT('',(5.426389820324,0.199988522671));
#4960 = CARTESIAN_POINT('',(5.354990530763,0.199968368596));
#4961 = CARTESIAN_POINT('',(5.283586520155,0.199963518823));
#4962 = CARTESIAN_POINT('',(5.212184052002,0.19997708519));
#4963 = CARTESIAN_POINT('',(5.140787502279,0.200000165834));
#4964 = CARTESIAN_POINT('',(5.069388621888,0.200000165834));
#4965 = CARTESIAN_POINT('',(4.997992072165,0.19997708519));
#4966 = CARTESIAN_POINT('',(4.926589604012,0.199963518823));
#4967 = CARTESIAN_POINT('',(4.855185593404,0.199968368595));
#4968 = CARTESIAN_POINT('',(4.783786303843,0.199988522672));
#4969 = CARTESIAN_POINT('',(4.712388980385,0.200005738664));
#4970 = CARTESIAN_POINT('',(4.640991656927,0.199988522672));
#4971 = CARTESIAN_POINT('',(4.569592367365,0.199968368595));
#4972 = CARTESIAN_POINT('',(4.498188356758,0.199963518823));
#4973 = CARTESIAN_POINT('',(4.426785888605,0.19997708519));
#4974 = CARTESIAN_POINT('',(4.355389338882,0.200000165834));
#4975 = CARTESIAN_POINT('',(4.28399045849,0.200000165834));
#4976 = CARTESIAN_POINT('',(4.212593908767,0.19997708519));
#4977 = CARTESIAN_POINT('',(4.141191440614,0.199963518823));
#4978 = CARTESIAN_POINT('',(4.069787430007,0.199968368595));
#4979 = CARTESIAN_POINT('',(3.998388140445,0.199988522671));
#4980 = CARTESIAN_POINT('',(3.926990816987,0.200005738665));
#4981 = CARTESIAN_POINT('',(3.855593493529,0.199988522668));
#4982 = CARTESIAN_POINT('',(3.784194203969,0.199968368609));
#4983 = CARTESIAN_POINT('',(3.712790193355,0.199963518771));
#4984 = CARTESIAN_POINT('',(3.641387725227,0.199977085386));
#4985 = CARTESIAN_POINT('',(3.56999117541,0.200000165104));
#4986 = CARTESIAN_POINT('',(3.49859229537,0.200000168559));
#4987 = CARTESIAN_POINT('',(3.427195744335,0.19997707502));
#4988 = CARTESIAN_POINT('',(3.355793281078,0.199963556779));
#4989 = CARTESIAN_POINT('',(3.284389252199,0.199968226943));
#4990 = CARTESIAN_POINT('',(3.212990030828,0.199989051325));
#4991 = CARTESIAN_POINT('',(3.165391645529,0.19999886091));
#4992 = CARTESIAN_POINT('',(3.14159265359,0.2));
#4993 = ( GEOMETRIC_REPRESENTATION_CONTEXT(2) 
PARAMETRIC_REPRESENTATION_CONTEXT() REPRESENTATION_CONTEXT('2D SPACE',''
  ) );
#4994 = PCURVE('',#4995,#5000);
#4995 = PLANE('',#4996);
#4996 = AXIS2_PLACEMENT_3D('',#4997,#4998,#4999);
#4997 = CARTESIAN_POINT('',(2.364723805855,23.95,3.220043073721));
#4998 = DIRECTION('',(-0.,1.,0.));
#4999 = DIRECTION('',(1.,0.,0.));
#5000 = DEFINITIONAL_REPRESENTATION('',(#5001),#5020);
#5001 = B_SPLINE_CURVE_WITH_KNOTS('',3,(#5002,#5003,#5004,#5005,#5006,
    #5007,#5008,#5009,#5010,#5011,#5012,#5013,#5014,#5015,#5016,#5017,
    #5018,#5019),.UNSPECIFIED.,.F.,.F.,(4,2,2,2,2,2,2,2,4),(0.,0.125,
    0.25,0.375,0.5,0.625,0.75,0.875,1.),.UNSPECIFIED.);
#5002 = CARTESIAN_POINT('',(1.314567227946,8.682167477276E-02));
#5003 = CARTESIAN_POINT('',(1.401557524334,-2.792025944752E-02));
#5004 = CARTESIAN_POINT('',(1.465698984089,-0.159913685243));
#5005 = CARTESIAN_POINT('',(1.538616418361,-0.438508624745));
#5006 = CARTESIAN_POINT('',(1.547363702981,-0.585000523239));
#5007 = CARTESIAN_POINT('',(1.50811696038,-0.870292979733));
#5008 = CARTESIAN_POINT('',(1.460138375077,-1.008981287333));
#5009 = CARTESIAN_POINT('',(1.314702416391,-1.2575380705));
#5010 = CARTESIAN_POINT('',(1.217302265849,-1.367308749586));
#5011 = CARTESIAN_POINT('',(0.987818397408,-1.541289342361));
#5012 = CARTESIAN_POINT('',(0.855824971613,-1.605430802116));
#5013 = CARTESIAN_POINT('',(0.577230032111,-1.678348236389));
#5014 = CARTESIAN_POINT('',(0.430738133616,-1.687095521009));
#5015 = CARTESIAN_POINT('',(0.145445677123,-1.647848778408));
#5016 = CARTESIAN_POINT('',(6.757369522567E-03,-1.599870193104));
#5017 = CARTESIAN_POINT('',(-0.241799413644,-1.454434234419));
#5018 = CARTESIAN_POINT('',(-0.35157009273,-1.357034083876));
#5019 = CARTESIAN_POINT('',(-0.438560389118,-1.242292149656));
#5020 = ( GEOMETRIC_REPRESENTATION_CONTEXT(2) 
PARAMETRIC_REPRESENTATION_CONTEXT() REPRESENTATION_CONTEXT('2D SPACE',''
  ) );
#5021 = ADVANCED_FACE('',(#5022),#4866,.T.);
#5022 = FACE_BOUND('',#5023,.T.);
#5023 = EDGE_LOOP('',(#5024,#5051,#5096,#5116));
#5024 = ORIENTED_EDGE('',*,*,#5025,.T.);
#5025 = EDGE_CURVE('',#4790,#5026,#5028,.T.);
#5026 = VERTEX_POINT('',#5027);
#5027 = CARTESIAN_POINT('',(2.085538654651,21.95,4.341506693884));
#5028 = SURFACE_CURVE('',#5029,(#5034,#5040),.PCURVE_S1.);
#5029 = B_SPLINE_CURVE_WITH_KNOTS('',3,(#5030,#5031,#5032,#5033),
  .UNSPECIFIED.,.F.,.F.,(4,4),(0.,1.),.PIECEWISE_BEZIER_KNOTS.);
#5030 = CARTESIAN_POINT('',(2.085538654651,23.75,4.341506693884));
#5031 = CARTESIAN_POINT('',(2.085538654651,23.15,4.341506693884));
#5032 = CARTESIAN_POINT('',(2.085538654651,22.55,4.341506693884));
#5033 = CARTESIAN_POINT('',(2.085538654651,21.95,4.341506693884));
#5034 = PCURVE('',#4866,#5035);
#5035 = DEFINITIONAL_REPRESENTATION('',(#5036),#5039);
#5036 = B_SPLINE_CURVE_WITH_KNOTS('',1,(#5037,#5038),.UNSPECIFIED.,.F.,
  .F.,(2,2),(0.,1.),.PIECEWISE_BEZIER_KNOTS.);
#5037 = CARTESIAN_POINT('',(3.14159265359,-0.2));
#5038 = CARTESIAN_POINT('',(3.14159265359,-2.));
#5039 = ( GEOMETRIC_REPRESENTATION_CONTEXT(2) 
PARAMETRIC_REPRESENTATION_CONTEXT() REPRESENTATION_CONTEXT('2D SPACE',''
  ) );
#5040 = PCURVE('',#5041,#5046);
#5041 = CYLINDRICAL_SURFACE('',#5042,0.9);
#5042 = AXIS2_PLACEMENT_3D('',#5043,#5044,#5045);
#5043 = CARTESIAN_POINT('',(2.802727225269,23.95,3.797778311163));
#5044 = DIRECTION('',(0.,1.,0.));
#5045 = DIRECTION('',(0.796876189575,0.,-0.604142647468));
#5046 = DEFINITIONAL_REPRESENTATION('',(#5047),#5050);
#5047 = B_SPLINE_CURVE_WITH_KNOTS('',1,(#5048,#5049),.UNSPECIFIED.,.F.,
  .F.,(2,2),(0.,1.),.PIECEWISE_BEZIER_KNOTS.);
#5048 = CARTESIAN_POINT('',(3.14159265359,-0.2));
#5049 = CARTESIAN_POINT('',(3.14159265359,-2.));
#5050 = ( GEOMETRIC_REPRESENTATION_CONTEXT(2) 
PARAMETRIC_REPRESENTATION_CONTEXT() REPRESENTATION_CONTEXT('2D SPACE',''
  ) );
#5051 = ORIENTED_EDGE('',*,*,#5052,.T.);
#5052 = EDGE_CURVE('',#5026,#5053,#5055,.T.);
#5053 = VERTEX_POINT('',#5054);
#5054 = CARTESIAN_POINT('',(3.519915795886,21.95,3.254049928442));
#5055 = SURFACE_CURVE('',#5056,(#5067),.PCURVE_S1.);
#5056 = B_SPLINE_CURVE_WITH_KNOTS('',3,(#5057,#5058,#5059,#5060,#5061,
    #5062,#5063,#5064,#5065,#5066),.UNSPECIFIED.,.F.,.F.,(4,2,2,2,4),(0.
    ,0.25,0.5,0.75,1.),.UNSPECIFIED.);
#5057 = CARTESIAN_POINT('',(2.085538654651,21.95,4.341506693884));
#5058 = CARTESIAN_POINT('',(2.227886412377,21.95,4.529266222608));
#5059 = CARTESIAN_POINT('',(2.446651249374,21.95,4.657270268162));
#5060 = CARTESIAN_POINT('',(2.913493450909,21.95,4.7214922106));
#5061 = CARTESIAN_POINT('',(3.158696079265,21.95,4.657314639505));
#5062 = CARTESIAN_POINT('',(3.534215136713,21.95,4.372619124055));
#5063 = CARTESIAN_POINT('',(3.662219182268,21.95,4.153854287058));
#5064 = CARTESIAN_POINT('',(3.726441124706,21.95,3.687012085523));
#5065 = CARTESIAN_POINT('',(3.662263553611,21.95,3.441809457166));
#5066 = CARTESIAN_POINT('',(3.519915795886,21.95,3.254049928442));
#5067 = PCURVE('',#4866,#5068);
#5068 = DEFINITIONAL_REPRESENTATION('',(#5069),#5095);
#5069 = B_SPLINE_CURVE_WITH_KNOTS('',3,(#5070,#5071,#5072,#5073,#5074,
    #5075,#5076,#5077,#5078,#5079,#5080,#5081,#5082,#5083,#5084,#5085,
    #5086,#5087,#5088,#5089,#5090,#5091,#5092,#5093,#5094),
  .UNSPECIFIED.,.F.,.F.,(4,1,1,1,1,1,1,1,1,1,1,1,1,1,1,1,1,1,1,1,1,1,4),
  (0.,4.545454545455E-02,9.090909090909E-02,0.136363636364,
    0.181818181818,0.227272727273,0.272727272727,0.318181818182,
    0.363636363636,0.409090909091,0.454545454545,0.5,0.545454545455,
    0.590909090909,0.636363636364,0.681818181818,0.727272727273,
    0.772727272727,0.818181818182,0.863636363636,0.909090909091,
    0.954545454545,1.),.QUASI_UNIFORM_KNOTS.);
#5070 = CARTESIAN_POINT('',(3.14159265359,-2.));
#5071 = CARTESIAN_POINT('',(3.189162673511,-2.));
#5072 = CARTESIAN_POINT('',(3.284314888889,-2.));
#5073 = CARTESIAN_POINT('',(3.427094504312,-2.));
#5074 = CARTESIAN_POINT('',(3.570027583884,-2.));
#5075 = CARTESIAN_POINT('',(3.712910378241,-2.));
#5076 = CARTESIAN_POINT('',(3.855605685106,-2.));
#5077 = CARTESIAN_POINT('',(3.998375955023,-2.));
#5078 = CARTESIAN_POINT('',(4.141071224956,-2.));
#5079 = CARTESIAN_POINT('',(4.283954167044,-2.));
#5080 = CARTESIAN_POINT('',(4.426886692623,-2.));
#5081 = CARTESIAN_POINT('',(4.569668376287,-2.));
#5082 = CARTESIAN_POINT('',(4.712388980385,-2.));
#5083 = CARTESIAN_POINT('',(4.855109584482,-2.));
#5084 = CARTESIAN_POINT('',(4.997891268146,-2.));
#5085 = CARTESIAN_POINT('',(5.140823793725,-2.));
#5086 = CARTESIAN_POINT('',(5.283706735813,-2.));
#5087 = CARTESIAN_POINT('',(5.426402005746,-2.));
#5088 = CARTESIAN_POINT('',(5.569172275663,-2.));
#5089 = CARTESIAN_POINT('',(5.711867582528,-2.));
#5090 = CARTESIAN_POINT('',(5.854750376885,-2.));
#5091 = CARTESIAN_POINT('',(5.997683456457,-2.));
#5092 = CARTESIAN_POINT('',(6.140463071881,-2.));
#5093 = CARTESIAN_POINT('',(6.235615287259,-2.));
#5094 = CARTESIAN_POINT('',(6.28318530718,-2.));
#5095 = ( GEOMETRIC_REPRESENTATION_CONTEXT(2) 
PARAMETRIC_REPRESENTATION_CONTEXT() REPRESENTATION_CONTEXT('2D SPACE',''
  ) );
#5096 = ORIENTED_EDGE('',*,*,#5097,.T.);
#5097 = EDGE_CURVE('',#5053,#4822,#5098,.T.);
#5098 = SURFACE_CURVE('',#5099,(#5104,#5110),.PCURVE_S1.);
#5099 = B_SPLINE_CURVE_WITH_KNOTS('',3,(#5100,#5101,#5102,#5103),
  .UNSPECIFIED.,.F.,.F.,(4,4),(0.,1.),.PIECEWISE_BEZIER_KNOTS.);
#5100 = CARTESIAN_POINT('',(3.519915795886,21.95,3.254049928442));
#5101 = CARTESIAN_POINT('',(3.519915795886,22.55,3.254049928442));
#5102 = CARTESIAN_POINT('',(3.519915795886,23.15,3.254049928442));
#5103 = CARTESIAN_POINT('',(3.519915795886,23.75,3.254049928442));
#5104 = PCURVE('',#4866,#5105);
#5105 = DEFINITIONAL_REPRESENTATION('',(#5106),#5109);
#5106 = B_SPLINE_CURVE_WITH_KNOTS('',1,(#5107,#5108),.UNSPECIFIED.,.F.,
  .F.,(2,2),(0.,1.),.PIECEWISE_BEZIER_KNOTS.);
#5107 = CARTESIAN_POINT('',(6.28318530718,-2.));
#5108 = CARTESIAN_POINT('',(6.28318530718,-0.2));
#5109 = ( GEOMETRIC_REPRESENTATION_CONTEXT(2) 
PARAMETRIC_REPRESENTATION_CONTEXT() REPRESENTATION_CONTEXT('2D SPACE',''
  ) );
#5110 = PCURVE('',#5041,#5111);
#5111 = DEFINITIONAL_REPRESENTATION('',(#5112),#5115);
#5112 = B_SPLINE_CURVE_WITH_KNOTS('',1,(#5113,#5114),.UNSPECIFIED.,.F.,
  .F.,(2,2),(0.,1.),.PIECEWISE_BEZIER_KNOTS.);
#5113 = CARTESIAN_POINT('',(0.,-2.));
#5114 = CARTESIAN_POINT('',(0.,-0.2));
#5115 = ( GEOMETRIC_REPRESENTATION_CONTEXT(2) 
PARAMETRIC_REPRESENTATION_CONTEXT() REPRESENTATION_CONTEXT('2D SPACE',''
  ) );
#5116 = ORIENTED_EDGE('',*,*,#4821,.F.);
#5117 = ADVANCED_FACE('',(#5118),#4810,.T.);
#5118 = FACE_BOUND('',#5119,.T.);
#5119 = EDGE_LOOP('',(#5120,#5192,#5193,#5288));
#5120 = ORIENTED_EDGE('',*,*,#5121,.T.);
#5121 = EDGE_CURVE('',#4822,#4790,#5122,.T.);
#5122 = SURFACE_CURVE('',#5123,(#5134,#5163),.PCURVE_S1.);
#5123 = B_SPLINE_CURVE_WITH_KNOTS('',3,(#5124,#5125,#5126,#5127,#5128,
    #5129,#5130,#5131,#5132,#5133),.UNSPECIFIED.,.F.,.F.,(4,2,2,2,4),(0.
    ,0.25,0.5,0.75,1.),.UNSPECIFIED.);
#5124 = CARTESIAN_POINT('',(3.519915795886,23.75,3.254049928442));
#5125 = CARTESIAN_POINT('',(3.37756803816,23.75,3.066290399718));
#5126 = CARTESIAN_POINT('',(3.158803201163,23.75,2.938286354163));
#5127 = CARTESIAN_POINT('',(2.691960999628,23.75,2.874064411726));
#5128 = CARTESIAN_POINT('',(2.446758371272,23.75,2.93824198282));
#5129 = CARTESIAN_POINT('',(2.071239313824,23.75,3.222937498271));
#5130 = CARTESIAN_POINT('',(1.943235268269,23.75,3.441702335268));
#5131 = CARTESIAN_POINT('',(1.879013325831,23.75,3.908544536803));
#5132 = CARTESIAN_POINT('',(1.943190896926,23.75,4.153747165159));
#5133 = CARTESIAN_POINT('',(2.085538654651,23.75,4.341506693884));
#5134 = PCURVE('',#4810,#5135);
#5135 = DEFINITIONAL_REPRESENTATION('',(#5136),#5162);
#5136 = B_SPLINE_CURVE_WITH_KNOTS('',3,(#5137,#5138,#5139,#5140,#5141,
    #5142,#5143,#5144,#5145,#5146,#5147,#5148,#5149,#5150,#5151,#5152,
    #5153,#5154,#5155,#5156,#5157,#5158,#5159,#5160,#5161),
  .UNSPECIFIED.,.F.,.F.,(4,1,1,1,1,1,1,1,1,1,1,1,1,1,1,1,1,1,1,1,1,1,4),
  (0.,4.545454545455E-02,9.090909090909E-02,0.136363636364,
    0.181818181818,0.227272727273,0.272727272727,0.318181818182,
    0.363636363636,0.409090909091,0.454545454545,0.5,0.545454545455,
    0.590909090909,0.636363636364,0.681818181818,0.727272727273,
    0.772727272727,0.818181818182,0.863636363636,0.909090909091,
    0.954545454545,1.),.QUASI_UNIFORM_KNOTS.);
#5137 = CARTESIAN_POINT('',(0.,4.85557290494E-17));
#5138 = CARTESIAN_POINT('',(4.757001992097E-02,-1.289809117613E-05));
#5139 = CARTESIAN_POINT('',(0.142722235299,-1.391941922538E-04));
#5140 = CARTESIAN_POINT('',(0.285501850722,-4.116487367716E-04));
#5141 = CARTESIAN_POINT('',(0.428434930295,-4.743035783797E-04));
#5142 = CARTESIAN_POINT('',(0.571317724651,-2.94471185144E-04));
#5143 = CARTESIAN_POINT('',(0.714013031517,3.002046585325E-06));
#5144 = CARTESIAN_POINT('',(0.856783301434,2.962921940126E-06));
#5145 = CARTESIAN_POINT('',(0.999478571366,-2.943538112084E-04));
#5146 = CARTESIAN_POINT('',(1.142361513454,-4.747339494756E-04));
#5147 = CARTESIAN_POINT('',(1.285294039034,-4.100446263358E-04));
#5148 = CARTESIAN_POINT('',(1.428075722698,-1.451802628834E-04));
#5149 = CARTESIAN_POINT('',(1.570796326795,7.259013144216E-05));
#5150 = CARTESIAN_POINT('',(1.713516930892,-1.451802628776E-04));
#5151 = CARTESIAN_POINT('',(1.856298614556,-4.100446263403E-04));
#5152 = CARTESIAN_POINT('',(1.999231140135,-4.74733949475E-04));
#5153 = CARTESIAN_POINT('',(2.142114082224,-2.943538112089E-04));
#5154 = CARTESIAN_POINT('',(2.284809352156,2.962921938117E-06));
#5155 = CARTESIAN_POINT('',(2.427579622073,3.00204658251E-06));
#5156 = CARTESIAN_POINT('',(2.570274928939,-2.944711851421E-04));
#5157 = CARTESIAN_POINT('',(2.713157723295,-4.74303578384E-04));
#5158 = CARTESIAN_POINT('',(2.856090802868,-4.116487367684E-04));
#5159 = CARTESIAN_POINT('',(2.998870418291,-1.391941922545E-04));
#5160 = CARTESIAN_POINT('',(3.094022633669,-1.289809117712E-05));
#5161 = CARTESIAN_POINT('',(3.14159265359,5.551115123126E-17));
#5162 = ( GEOMETRIC_REPRESENTATION_CONTEXT(2) 
PARAMETRIC_REPRESENTATION_CONTEXT() REPRESENTATION_CONTEXT('2D SPACE',''
  ) );
#5163 = PCURVE('',#5041,#5164);
#5164 = DEFINITIONAL_REPRESENTATION('',(#5165),#5191);
#5165 = B_SPLINE_CURVE_WITH_KNOTS('',3,(#5166,#5167,#5168,#5169,#5170,
    #5171,#5172,#5173,#5174,#5175,#5176,#5177,#5178,#5179,#5180,#5181,
    #5182,#5183,#5184,#5185,#5186,#5187,#5188,#5189,#5190),
  .UNSPECIFIED.,.F.,.F.,(4,1,1,1,1,1,1,1,1,1,1,1,1,1,1,1,1,1,1,1,1,1,4),
  (0.,4.545454545455E-02,9.090909090909E-02,0.136363636364,
    0.181818181818,0.227272727273,0.272727272727,0.318181818182,
    0.363636363636,0.409090909091,0.454545454545,0.5,0.545454545455,
    0.590909090909,0.636363636364,0.681818181818,0.727272727273,
    0.772727272727,0.818181818182,0.863636363636,0.909090909091,
    0.954545454545,1.),.QUASI_UNIFORM_KNOTS.);
#5166 = CARTESIAN_POINT('',(0.,-0.2));
#5167 = CARTESIAN_POINT('',(4.757001992097E-02,-0.2));
#5168 = CARTESIAN_POINT('',(0.142722235299,-0.2));
#5169 = CARTESIAN_POINT('',(0.285501850722,-0.2));
#5170 = CARTESIAN_POINT('',(0.428434930295,-0.2));
#5171 = CARTESIAN_POINT('',(0.571317724651,-0.2));
#5172 = CARTESIAN_POINT('',(0.714013031517,-0.2));
#5173 = CARTESIAN_POINT('',(0.856783301434,-0.2));
#5174 = CARTESIAN_POINT('',(0.999478571366,-0.2));
#5175 = CARTESIAN_POINT('',(1.142361513454,-0.2));
#5176 = CARTESIAN_POINT('',(1.285294039034,-0.2));
#5177 = CARTESIAN_POINT('',(1.428075722698,-0.2));
#5178 = CARTESIAN_POINT('',(1.570796326795,-0.2));
#5179 = CARTESIAN_POINT('',(1.713516930892,-0.2));
#5180 = CARTESIAN_POINT('',(1.856298614556,-0.2));
#5181 = CARTESIAN_POINT('',(1.999231140135,-0.2));
#5182 = CARTESIAN_POINT('',(2.142114082224,-0.2));
#5183 = CARTESIAN_POINT('',(2.284809352156,-0.2));
#5184 = CARTESIAN_POINT('',(2.427579622073,-0.2));
#5185 = CARTESIAN_POINT('',(2.570274928939,-0.2));
#5186 = CARTESIAN_POINT('',(2.713157723295,-0.2));
#5187 = CARTESIAN_POINT('',(2.856090802868,-0.2));
#5188 = CARTESIAN_POINT('',(2.998870418291,-0.2));
#5189 = CARTESIAN_POINT('',(3.094022633669,-0.2));
#5190 = CARTESIAN_POINT('',(3.14159265359,-0.2));
#5191 = ( GEOMETRIC_REPRESENTATION_CONTEXT(2) 
PARAMETRIC_REPRESENTATION_CONTEXT() REPRESENTATION_CONTEXT('2D SPACE',''
  ) );
#5192 = ORIENTED_EDGE('',*,*,#4787,.F.);
#5193 = ORIENTED_EDGE('',*,*,#5194,.T.);
#5194 = EDGE_CURVE('',#4788,#4901,#5195,.T.);
#5195 = SURFACE_CURVE('',#5196,(#5215,#5266),.PCURVE_S1.);
#5196 = B_SPLINE_CURVE_WITH_KNOTS('',3,(#5197,#5198,#5199,#5200,#5201,
    #5202,#5203,#5204,#5205,#5206,#5207,#5208,#5209,#5210,#5211,#5212,
    #5213,#5214),.UNSPECIFIED.,.F.,.F.,(4,2,2,2,2,2,2,2,4),(0.,0.125,
    0.25,0.375,0.5,0.625,0.75,0.875,1.),.UNSPECIFIED.);
#5197 = CARTESIAN_POINT('',(1.926163416737,23.95,4.462335223377));
#5198 = CARTESIAN_POINT('',(1.839173120349,23.95,4.347593289157));
#5199 = CARTESIAN_POINT('',(1.775031660594,23.95,4.215599863361));
#5200 = CARTESIAN_POINT('',(1.702114226322,23.95,3.937004923859));
#5201 = CARTESIAN_POINT('',(1.693366941701,23.95,3.790513025365));
#5202 = CARTESIAN_POINT('',(1.732613684302,23.95,3.505220568871));
#5203 = CARTESIAN_POINT('',(1.780592269606,23.95,3.366532261271));
#5204 = CARTESIAN_POINT('',(1.926028228292,23.95,3.117975478105));
#5205 = CARTESIAN_POINT('',(2.023428378834,23.95,3.008204799018));
#5206 = CARTESIAN_POINT('',(2.252912247275,23.95,2.834224206243));
#5207 = CARTESIAN_POINT('',(2.38490567307,23.95,2.770082746488));
#5208 = CARTESIAN_POINT('',(2.663500612572,23.95,2.697165312216));
#5209 = CARTESIAN_POINT('',(2.809992511066,23.95,2.688418027595));
#5210 = CARTESIAN_POINT('',(3.09528496756,23.95,2.727664770196));
#5211 = CARTESIAN_POINT('',(3.23397327516,23.95,2.7756433555));
#5212 = CARTESIAN_POINT('',(3.482530058327,23.95,2.921079314186));
#5213 = CARTESIAN_POINT('',(3.592300737413,23.95,3.018479464728));
#5214 = CARTESIAN_POINT('',(3.679291033801,23.95,3.133221398948));
#5215 = PCURVE('',#4810,#5216);
#5216 = DEFINITIONAL_REPRESENTATION('',(#5217),#5265);
#5217 = B_SPLINE_CURVE_WITH_KNOTS('',3,(#5218,#5219,#5220,#5221,#5222,
    #5223,#5224,#5225,#5226,#5227,#5228,#5229,#5230,#5231,#5232,#5233,
    #5234,#5235,#5236,#5237,#5238,#5239,#5240,#5241,#5242,#5243,#5244,
    #5245,#5246,#5247,#5248,#5249,#5250,#5251,#5252,#5253,#5254,#5255,
    #5256,#5257,#5258,#5259,#5260,#5261,#5262,#5263,#5264),
  .UNSPECIFIED.,.F.,.F.,(4,1,1,1,1,1,1,1,1,1,1,1,1,1,1,1,1,1,1,1,1,1,1,1
    ,1,1,1,1,1,1,1,1,1,1,1,1,1,1,1,1,1,1,1,1,4),(0.,2.272727272727E-02,
    4.545454545455E-02,6.818181818182E-02,9.090909090909E-02,
    0.113636363636,0.136363636364,0.159090909091,0.181818181818,
    0.204545454545,0.227272727273,0.25,0.272727272727,0.295454545455,
    0.318181818182,0.340909090909,0.363636363636,0.386363636364,
    0.409090909091,0.431818181818,0.454545454545,0.477272727273,0.5,
    0.522727272727,0.545454545455,0.568181818182,0.590909090909,
    0.613636363636,0.636363636364,0.659090909091,0.681818181818,
    0.704545454545,0.727272727273,0.75,0.772727272727,0.795454545455,
    0.818181818182,0.840909090909,0.863636363636,0.886363636364,
    0.909090909091,0.931818181818,0.954545454545,0.977272727273,1.),
  .QUASI_UNIFORM_KNOTS.);
#5218 = CARTESIAN_POINT('',(3.14159265359,0.2));
#5219 = CARTESIAN_POINT('',(3.11779366165,0.19999886091));
#5220 = CARTESIAN_POINT('',(3.070195276352,0.199989051325));
#5221 = CARTESIAN_POINT('',(2.99879605498,0.199968226943));
#5222 = CARTESIAN_POINT('',(2.927392026102,0.199963556779));
#5223 = CARTESIAN_POINT('',(2.855989562844,0.19997707502));
#5224 = CARTESIAN_POINT('',(2.78459301181,0.200000168559));
#5225 = CARTESIAN_POINT('',(2.71319413177,0.200000165104));
#5226 = CARTESIAN_POINT('',(2.641797581952,0.199977085386));
#5227 = CARTESIAN_POINT('',(2.570395113825,0.199963518771));
#5228 = CARTESIAN_POINT('',(2.498991103211,0.199968368609));
#5229 = CARTESIAN_POINT('',(2.427591813651,0.199988522668));
#5230 = CARTESIAN_POINT('',(2.356194490192,0.200005738665));
#5231 = CARTESIAN_POINT('',(2.284797166734,0.199988522671));
#5232 = CARTESIAN_POINT('',(2.213397877173,0.199968368596));
#5233 = CARTESIAN_POINT('',(2.141993866565,0.199963518823));
#5234 = CARTESIAN_POINT('',(2.070591398412,0.19997708519));
#5235 = CARTESIAN_POINT('',(1.999194848689,0.200000165834));
#5236 = CARTESIAN_POINT('',(1.927795968298,0.200000165834));
#5237 = CARTESIAN_POINT('',(1.856399418575,0.19997708519));
#5238 = CARTESIAN_POINT('',(1.784996950422,0.199963518823));
#5239 = CARTESIAN_POINT('',(1.713592939814,0.199968368595));
#5240 = CARTESIAN_POINT('',(1.642193650253,0.199988522672));
#5241 = CARTESIAN_POINT('',(1.570796326795,0.200005738664));
#5242 = CARTESIAN_POINT('',(1.499399003337,0.199988522672));
#5243 = CARTESIAN_POINT('',(1.427999713775,0.199968368595));
#5244 = CARTESIAN_POINT('',(1.356595703168,0.199963518823));
#5245 = CARTESIAN_POINT('',(1.285193235015,0.19997708519));
#5246 = CARTESIAN_POINT('',(1.213796685292,0.200000165834));
#5247 = CARTESIAN_POINT('',(1.1423978049,0.200000165834));
#5248 = CARTESIAN_POINT('',(1.071001255177,0.19997708519));
#5249 = CARTESIAN_POINT('',(0.999598787024,0.199963518823));
#5250 = CARTESIAN_POINT('',(0.928194776417,0.199968368595));
#5251 = CARTESIAN_POINT('',(0.856795486856,0.199988522671));
#5252 = CARTESIAN_POINT('',(0.785398163398,0.200005738665));
#5253 = CARTESIAN_POINT('',(0.714000839939,0.199988522668));
#5254 = CARTESIAN_POINT('',(0.642601550379,0.199968368609));
#5255 = CARTESIAN_POINT('',(0.571197539765,0.199963518771));
#5256 = CARTESIAN_POINT('',(0.499795071637,0.199977085386));
#5257 = CARTESIAN_POINT('',(0.42839852182,0.200000165104));
#5258 = CARTESIAN_POINT('',(0.35699964178,0.200000168559));
#5259 = CARTESIAN_POINT('',(0.285603090745,0.19997707502));
#5260 = CARTESIAN_POINT('',(0.214200627488,0.199963556779));
#5261 = CARTESIAN_POINT('',(0.142796598609,0.199968226943));
#5262 = CARTESIAN_POINT('',(7.139737723807E-02,0.199989051325));
#5263 = CARTESIAN_POINT('',(2.379899193962E-02,0.19999886091));
#5264 = CARTESIAN_POINT('',(0.,0.2));
#5265 = ( GEOMETRIC_REPRESENTATION_CONTEXT(2) 
PARAMETRIC_REPRESENTATION_CONTEXT() REPRESENTATION_CONTEXT('2D SPACE',''
  ) );
#5266 = PCURVE('',#4995,#5267);
#5267 = DEFINITIONAL_REPRESENTATION('',(#5268),#5287);
#5268 = B_SPLINE_CURVE_WITH_KNOTS('',3,(#5269,#5270,#5271,#5272,#5273,
    #5274,#5275,#5276,#5277,#5278,#5279,#5280,#5281,#5282,#5283,#5284,
    #5285,#5286),.UNSPECIFIED.,.F.,.F.,(4,2,2,2,2,2,2,2,4),(0.,0.125,
    0.25,0.375,0.5,0.625,0.75,0.875,1.),.UNSPECIFIED.);
#5269 = CARTESIAN_POINT('',(-0.438560389118,-1.242292149656));
#5270 = CARTESIAN_POINT('',(-0.525550685506,-1.127550215436));
#5271 = CARTESIAN_POINT('',(-0.589692145261,-0.99555678964));
#5272 = CARTESIAN_POINT('',(-0.662609579533,-0.716961850138));
#5273 = CARTESIAN_POINT('',(-0.671356864153,-0.570469951644));
#5274 = CARTESIAN_POINT('',(-0.632110121552,-0.28517749515));
#5275 = CARTESIAN_POINT('',(-0.584131536249,-0.14648918755));
#5276 = CARTESIAN_POINT('',(-0.438695577563,0.102067595616));
#5277 = CARTESIAN_POINT('',(-0.341295427021,0.211838274703));
#5278 = CARTESIAN_POINT('',(-0.11181155858,0.385818867478));
#5279 = CARTESIAN_POINT('',(2.018186721534E-02,0.449960327233));
#5280 = CARTESIAN_POINT('',(0.298776806717,0.522877761505));
#5281 = CARTESIAN_POINT('',(0.445268705212,0.531625046126));
#5282 = CARTESIAN_POINT('',(0.730561161705,0.492378303525));
#5283 = CARTESIAN_POINT('',(0.869249469305,0.444399718221));
#5284 = CARTESIAN_POINT('',(1.117806252472,0.298963759535));
#5285 = CARTESIAN_POINT('',(1.227576931558,0.201563608993));
#5286 = CARTESIAN_POINT('',(1.314567227946,8.682167477276E-02));
#5287 = ( GEOMETRIC_REPRESENTATION_CONTEXT(2) 
PARAMETRIC_REPRESENTATION_CONTEXT() REPRESENTATION_CONTEXT('2D SPACE',''
  ) );
#5288 = ORIENTED_EDGE('',*,*,#4900,.F.);
#5289 = ADVANCED_FACE('',(#5290,#5294),#4995,.F.);
#5290 = FACE_BOUND('',#5291,.T.);
#5291 = EDGE_LOOP('',(#5292,#5293));
#5292 = ORIENTED_EDGE('',*,*,#4922,.F.);
#5293 = ORIENTED_EDGE('',*,*,#5194,.F.);
#5294 = FACE_BOUND('',#5295,.T.);
#5295 = EDGE_LOOP('',(#5296,#5350));
#5296 = ORIENTED_EDGE('',*,*,#5297,.F.);
#5297 = EDGE_CURVE('',#5298,#5300,#5302,.T.);
#5298 = VERTEX_POINT('',#5299);
#5299 = CARTESIAN_POINT('',(3.758978652758,23.95,3.072807134202));
#5300 = VERTEX_POINT('',#5301);
#5301 = CARTESIAN_POINT('',(1.846475797779,23.95,4.522749488124));
#5302 = SURFACE_CURVE('',#5303,(#5322,#5344),.PCURVE_S1.);
#5303 = B_SPLINE_CURVE_WITH_KNOTS('',3,(#5304,#5305,#5306,#5307,#5308,
    #5309,#5310,#5311,#5312,#5313,#5314,#5315,#5316,#5317,#5318,#5319,
    #5320,#5321),.UNSPECIFIED.,.F.,.F.,(4,2,2,2,2,2,2,2,4),(0.,0.125,
    0.25,0.375,0.5,0.625,0.75,0.875,1.),.UNSPECIFIED.);
#5304 = CARTESIAN_POINT('',(3.758978652758,23.95,3.072807134202));
#5305 = CARTESIAN_POINT('',(3.664080147608,23.95,2.947634115052));
#5306 = CARTESIAN_POINT('',(3.544330315877,23.95,2.84137940537));
#5307 = CARTESIAN_POINT('',(3.273177461514,23.95,2.682721995895));
#5308 = CARTESIAN_POINT('',(3.12188112595,23.95,2.630381721018));
#5309 = CARTESIAN_POINT('',(2.810652991593,23.95,2.587567092726));
#5310 = CARTESIAN_POINT('',(2.650843647781,23.95,2.597109585039));
#5311 = CARTESIAN_POINT('',(2.346921895597,23.95,2.676655876972));
#5312 = CARTESIAN_POINT('',(2.202929067457,23.95,2.746628378523));
#5313 = CARTESIAN_POINT('',(1.952583029158,23.95,2.936425388824));
#5314 = CARTESIAN_POINT('',(1.846328319476,23.95,3.056175220554));
#5315 = CARTESIAN_POINT('',(1.68767091,23.95,3.327328074918));
#5316 = CARTESIAN_POINT('',(1.635330635123,23.95,3.478624410481));
#5317 = CARTESIAN_POINT('',(1.592516006832,23.95,3.789852544838));
#5318 = CARTESIAN_POINT('',(1.602058499145,23.95,3.94966188865));
#5319 = CARTESIAN_POINT('',(1.681604791078,23.95,4.253583640834));
#5320 = CARTESIAN_POINT('',(1.751577292629,23.95,4.397576468974));
#5321 = CARTESIAN_POINT('',(1.846475797779,23.95,4.522749488124));
#5322 = PCURVE('',#4995,#5323);
#5323 = DEFINITIONAL_REPRESENTATION('',(#5324),#5343);
#5324 = B_SPLINE_CURVE_WITH_KNOTS('',3,(#5325,#5326,#5327,#5328,#5329,
    #5330,#5331,#5332,#5333,#5334,#5335,#5336,#5337,#5338,#5339,#5340,
    #5341,#5342),.UNSPECIFIED.,.F.,.F.,(4,2,2,2,2,2,2,2,4),(0.,0.125,
    0.25,0.375,0.5,0.625,0.75,0.875,1.),.UNSPECIFIED.);
#5325 = CARTESIAN_POINT('',(1.394254846903,0.14723593952));
#5326 = CARTESIAN_POINT('',(1.299356341753,0.272408958669));
#5327 = CARTESIAN_POINT('',(1.179606510023,0.378663668352));
#5328 = CARTESIAN_POINT('',(0.908453655659,0.537321077827));
#5329 = CARTESIAN_POINT('',(0.757157320095,0.589661352704));
#5330 = CARTESIAN_POINT('',(0.445929185739,0.632475980995));
#5331 = CARTESIAN_POINT('',(0.286119841927,0.622933488683));
#5332 = CARTESIAN_POINT('',(-1.780191025727E-02,0.543387196749));
#5333 = CARTESIAN_POINT('',(-0.161794738398,0.473414695198));
#5334 = CARTESIAN_POINT('',(-0.412140776697,0.283617684898));
#5335 = CARTESIAN_POINT('',(-0.518395486379,0.163867853167));
#5336 = CARTESIAN_POINT('',(-0.677052895854,-0.107285001196));
#5337 = CARTESIAN_POINT('',(-0.729393170731,-0.25858133676));
#5338 = CARTESIAN_POINT('',(-0.772207799023,-0.569809471117));
#5339 = CARTESIAN_POINT('',(-0.76266530671,-0.729618814929));
#5340 = CARTESIAN_POINT('',(-0.683119014777,-1.033540567113));
#5341 = CARTESIAN_POINT('',(-0.613146513226,-1.177533395253));
#5342 = CARTESIAN_POINT('',(-0.518248008075,-1.302706414403));
#5343 = ( GEOMETRIC_REPRESENTATION_CONTEXT(2) 
PARAMETRIC_REPRESENTATION_CONTEXT() REPRESENTATION_CONTEXT('2D SPACE',''
  ) );
#5344 = PCURVE('',#624,#5345);
#5345 = DEFINITIONAL_REPRESENTATION('',(#5346),#5349);
#5346 = B_SPLINE_CURVE_WITH_KNOTS('',1,(#5347,#5348),.UNSPECIFIED.,.F.,
  .F.,(2,2),(0.,1.),.PIECEWISE_BEZIER_KNOTS.);
#5347 = CARTESIAN_POINT('',(3.14159265359,-8.75));
#5348 = CARTESIAN_POINT('',(0.,-8.75));
#5349 = ( GEOMETRIC_REPRESENTATION_CONTEXT(2) 
PARAMETRIC_REPRESENTATION_CONTEXT() REPRESENTATION_CONTEXT('2D SPACE',''
  ) );
#5350 = ORIENTED_EDGE('',*,*,#5351,.F.);
#5351 = EDGE_CURVE('',#5300,#5298,#5352,.T.);
#5352 = SURFACE_CURVE('',#5353,(#5372,#5394),.PCURVE_S1.);
#5353 = B_SPLINE_CURVE_WITH_KNOTS('',3,(#5354,#5355,#5356,#5357,#5358,
    #5359,#5360,#5361,#5362,#5363,#5364,#5365,#5366,#5367,#5368,#5369,
    #5370,#5371),.UNSPECIFIED.,.F.,.F.,(4,2,2,2,2,2,2,2,4),(0.,0.125,
    0.25,0.375,0.5,0.625,0.75,0.875,1.),.UNSPECIFIED.);
#5354 = CARTESIAN_POINT('',(1.846475797779,23.95,4.522749488124));
#5355 = CARTESIAN_POINT('',(1.941374302929,23.95,4.647922507273));
#5356 = CARTESIAN_POINT('',(2.06112413466,23.95,4.754177216956));
#5357 = CARTESIAN_POINT('',(2.332276989023,23.95,4.912834626431));
#5358 = CARTESIAN_POINT('',(2.483573324587,23.95,4.965174901308));
#5359 = CARTESIAN_POINT('',(2.794801458944,23.95,5.0079895296));
#5360 = CARTESIAN_POINT('',(2.954610802756,23.95,4.998447037287));
#5361 = CARTESIAN_POINT('',(3.25853255494,23.95,4.918900745354));
#5362 = CARTESIAN_POINT('',(3.40252538308,23.95,4.848928243802));
#5363 = CARTESIAN_POINT('',(3.652871421379,23.95,4.659131233502));
#5364 = CARTESIAN_POINT('',(3.759126131062,23.95,4.539381401772));
#5365 = CARTESIAN_POINT('',(3.917783540537,23.95,4.268228547408));
#5366 = CARTESIAN_POINT('',(3.970123815414,23.95,4.116932211844));
#5367 = CARTESIAN_POINT('',(4.012938443706,23.95,3.805704077488));
#5368 = CARTESIAN_POINT('',(4.003395951393,23.95,3.645894733675));
#5369 = CARTESIAN_POINT('',(3.923849659459,23.95,3.341972981491));
#5370 = CARTESIAN_POINT('',(3.853877157908,23.95,3.197980153351));
#5371 = CARTESIAN_POINT('',(3.758978652758,23.95,3.072807134202));
#5372 = PCURVE('',#4995,#5373);
#5373 = DEFINITIONAL_REPRESENTATION('',(#5374),#5393);
#5374 = B_SPLINE_CURVE_WITH_KNOTS('',3,(#5375,#5376,#5377,#5378,#5379,
    #5380,#5381,#5382,#5383,#5384,#5385,#5386,#5387,#5388,#5389,#5390,
    #5391,#5392),.UNSPECIFIED.,.F.,.F.,(4,2,2,2,2,2,2,2,4),(0.,0.125,
    0.25,0.375,0.5,0.625,0.75,0.875,1.),.UNSPECIFIED.);
#5375 = CARTESIAN_POINT('',(-0.518248008075,-1.302706414403));
#5376 = CARTESIAN_POINT('',(-0.423349502925,-1.427879433552));
#5377 = CARTESIAN_POINT('',(-0.303599671195,-1.534134143235));
#5378 = CARTESIAN_POINT('',(-3.244681683121E-02,-1.69279155271));
#5379 = CARTESIAN_POINT('',(0.118849518733,-1.745131827587));
#5380 = CARTESIAN_POINT('',(0.430077653089,-1.787946455879));
#5381 = CARTESIAN_POINT('',(0.589886996901,-1.778403963566));
#5382 = CARTESIAN_POINT('',(0.893808749085,-1.698857671632));
#5383 = CARTESIAN_POINT('',(1.037801577226,-1.628885170081));
#5384 = CARTESIAN_POINT('',(1.288147615524,-1.439088159781));
#5385 = CARTESIAN_POINT('',(1.394402325207,-1.31933832805));
#5386 = CARTESIAN_POINT('',(1.553059734682,-1.048185473687));
#5387 = CARTESIAN_POINT('',(1.605400009559,-0.896889138123));
#5388 = CARTESIAN_POINT('',(1.648214637851,-0.585661003766));
#5389 = CARTESIAN_POINT('',(1.638672145538,-0.425851659954));
#5390 = CARTESIAN_POINT('',(1.559125853605,-0.12192990777));
#5391 = CARTESIAN_POINT('',(1.489153352054,2.206292037013E-02));
#5392 = CARTESIAN_POINT('',(1.394254846903,0.14723593952));
#5393 = ( GEOMETRIC_REPRESENTATION_CONTEXT(2) 
PARAMETRIC_REPRESENTATION_CONTEXT() REPRESENTATION_CONTEXT('2D SPACE',''
  ) );
#5394 = PCURVE('',#750,#5395);
#5395 = DEFINITIONAL_REPRESENTATION('',(#5396),#5399);
#5396 = B_SPLINE_CURVE_WITH_KNOTS('',1,(#5397,#5398),.UNSPECIFIED.,.F.,
  .F.,(2,2),(0.,1.),.PIECEWISE_BEZIER_KNOTS.);
#5397 = CARTESIAN_POINT('',(6.28318530718,-8.75));
#5398 = CARTESIAN_POINT('',(3.14159265359,-8.75));
#5399 = ( GEOMETRIC_REPRESENTATION_CONTEXT(2) 
PARAMETRIC_REPRESENTATION_CONTEXT() REPRESENTATION_CONTEXT('2D SPACE',''
  ) );
#5400 = ADVANCED_FACE('',(#5401),#5041,.T.);
#5401 = FACE_BOUND('',#5402,.T.);
#5402 = EDGE_LOOP('',(#5403,#5446,#5447,#5448));
#5403 = ORIENTED_EDGE('',*,*,#5404,.T.);
#5404 = EDGE_CURVE('',#5053,#5026,#5405,.T.);
#5405 = SURFACE_CURVE('',#5406,(#5417),.PCURVE_S1.);
#5406 = B_SPLINE_CURVE_WITH_KNOTS('',3,(#5407,#5408,#5409,#5410,#5411,
    #5412,#5413,#5414,#5415,#5416),.UNSPECIFIED.,.F.,.F.,(4,2,2,2,4),(0.
    ,0.25,0.5,0.75,1.),.UNSPECIFIED.);
#5407 = CARTESIAN_POINT('',(3.519915795886,21.95,3.254049928442));
#5408 = CARTESIAN_POINT('',(3.37756803816,21.95,3.066290399718));
#5409 = CARTESIAN_POINT('',(3.158803201163,21.95,2.938286354163));
#5410 = CARTESIAN_POINT('',(2.691960999628,21.95,2.874064411726));
#5411 = CARTESIAN_POINT('',(2.446758371272,21.95,2.93824198282));
#5412 = CARTESIAN_POINT('',(2.071239313824,21.95,3.222937498271));
#5413 = CARTESIAN_POINT('',(1.943235268269,21.95,3.441702335268));
#5414 = CARTESIAN_POINT('',(1.879013325831,21.95,3.908544536803));
#5415 = CARTESIAN_POINT('',(1.943190896926,21.95,4.153747165159));
#5416 = CARTESIAN_POINT('',(2.085538654651,21.95,4.341506693884));
#5417 = PCURVE('',#5041,#5418);
#5418 = DEFINITIONAL_REPRESENTATION('',(#5419),#5445);
#5419 = B_SPLINE_CURVE_WITH_KNOTS('',3,(#5420,#5421,#5422,#5423,#5424,
    #5425,#5426,#5427,#5428,#5429,#5430,#5431,#5432,#5433,#5434,#5435,
    #5436,#5437,#5438,#5439,#5440,#5441,#5442,#5443,#5444),
  .UNSPECIFIED.,.F.,.F.,(4,1,1,1,1,1,1,1,1,1,1,1,1,1,1,1,1,1,1,1,1,1,4),
  (0.,4.545454545455E-02,9.090909090909E-02,0.136363636364,
    0.181818181818,0.227272727273,0.272727272727,0.318181818182,
    0.363636363636,0.409090909091,0.454545454545,0.5,0.545454545455,
    0.590909090909,0.636363636364,0.681818181818,0.727272727273,
    0.772727272727,0.818181818182,0.863636363636,0.909090909091,
    0.954545454545,1.),.QUASI_UNIFORM_KNOTS.);
#5420 = CARTESIAN_POINT('',(0.,-2.));
#5421 = CARTESIAN_POINT('',(4.757001992097E-02,-2.));
#5422 = CARTESIAN_POINT('',(0.142722235299,-2.));
#5423 = CARTESIAN_POINT('',(0.285501850722,-2.));
#5424 = CARTESIAN_POINT('',(0.428434930295,-2.));
#5425 = CARTESIAN_POINT('',(0.571317724651,-2.));
#5426 = CARTESIAN_POINT('',(0.714013031517,-2.));
#5427 = CARTESIAN_POINT('',(0.856783301434,-2.));
#5428 = CARTESIAN_POINT('',(0.999478571366,-2.));
#5429 = CARTESIAN_POINT('',(1.142361513454,-2.));
#5430 = CARTESIAN_POINT('',(1.285294039034,-2.));
#5431 = CARTESIAN_POINT('',(1.428075722698,-2.));
#5432 = CARTESIAN_POINT('',(1.570796326795,-2.));
#5433 = CARTESIAN_POINT('',(1.713516930892,-2.));
#5434 = CARTESIAN_POINT('',(1.856298614556,-2.));
#5435 = CARTESIAN_POINT('',(1.999231140135,-2.));
#5436 = CARTESIAN_POINT('',(2.142114082224,-2.));
#5437 = CARTESIAN_POINT('',(2.284809352156,-2.));
#5438 = CARTESIAN_POINT('',(2.427579622073,-2.));
#5439 = CARTESIAN_POINT('',(2.570274928939,-2.));
#5440 = CARTESIAN_POINT('',(2.713157723295,-2.));
#5441 = CARTESIAN_POINT('',(2.856090802868,-2.));
#5442 = CARTESIAN_POINT('',(2.998870418291,-2.));
#5443 = CARTESIAN_POINT('',(3.094022633669,-2.));
#5444 = CARTESIAN_POINT('',(3.14159265359,-2.));
#5445 = ( GEOMETRIC_REPRESENTATION_CONTEXT(2) 
PARAMETRIC_REPRESENTATION_CONTEXT() REPRESENTATION_CONTEXT('2D SPACE',''
  ) );
#5446 = ORIENTED_EDGE('',*,*,#5025,.F.);
#5447 = ORIENTED_EDGE('',*,*,#5121,.F.);
#5448 = ORIENTED_EDGE('',*,*,#5097,.F.);
#5449 = ADVANCED_FACE('',(#5450),#750,.F.);
#5450 = FACE_BOUND('',#5451,.F.);
#5451 = EDGE_LOOP('',(#5452,#5453,#5454,#5474,#5475));
#5452 = ORIENTED_EDGE('',*,*,#704,.T.);
#5453 = ORIENTED_EDGE('',*,*,#806,.T.);
#5454 = ORIENTED_EDGE('',*,*,#5455,.T.);
#5455 = EDGE_CURVE('',#577,#5298,#5456,.T.);
#5456 = SURFACE_CURVE('',#5457,(#5462,#5468),.PCURVE_S1.);
#5457 = B_SPLINE_CURVE_WITH_KNOTS('',3,(#5458,#5459,#5460,#5461),
  .UNSPECIFIED.,.F.,.F.,(4,4),(0.,1.),.PIECEWISE_BEZIER_KNOTS.);
#5458 = CARTESIAN_POINT('',(3.758979543143,23.33,3.072806459752));
#5459 = CARTESIAN_POINT('',(3.758978652758,23.536666666667,
    3.072807134202));
#5460 = CARTESIAN_POINT('',(3.758978652758,23.743333333333,
    3.072807134202));
#5461 = CARTESIAN_POINT('',(3.758978652758,23.95,3.072807134202));
#5462 = PCURVE('',#750,#5463);
#5463 = DEFINITIONAL_REPRESENTATION('',(#5464),#5467);
#5464 = B_SPLINE_CURVE_WITH_KNOTS('',1,(#5465,#5466),.UNSPECIFIED.,.F.,
  .F.,(2,2),(0.,1.),.PIECEWISE_BEZIER_KNOTS.);
#5465 = CARTESIAN_POINT('',(3.141592653979,-8.13));
#5466 = CARTESIAN_POINT('',(3.14159265359,-8.75));
#5467 = ( GEOMETRIC_REPRESENTATION_CONTEXT(2) 
PARAMETRIC_REPRESENTATION_CONTEXT() REPRESENTATION_CONTEXT('2D SPACE',''
  ) );
#5468 = PCURVE('',#624,#5469);
#5469 = DEFINITIONAL_REPRESENTATION('',(#5470),#5473);
#5470 = B_SPLINE_CURVE_WITH_KNOTS('',1,(#5471,#5472),.UNSPECIFIED.,.F.,
  .F.,(2,2),(0.,1.),.PIECEWISE_BEZIER_KNOTS.);
#5471 = CARTESIAN_POINT('',(3.141592653979,-8.13));
#5472 = CARTESIAN_POINT('',(3.14159265359,-8.75));
#5473 = ( GEOMETRIC_REPRESENTATION_CONTEXT(2) 
PARAMETRIC_REPRESENTATION_CONTEXT() REPRESENTATION_CONTEXT('2D SPACE',''
  ) );
#5474 = ORIENTED_EDGE('',*,*,#5351,.F.);
#5475 = ORIENTED_EDGE('',*,*,#5476,.T.);
#5476 = EDGE_CURVE('',#5300,#681,#5477,.T.);
#5477 = SURFACE_CURVE('',#5478,(#5483,#5489),.PCURVE_S1.);
#5478 = B_SPLINE_CURVE_WITH_KNOTS('',3,(#5479,#5480,#5481,#5482),
  .UNSPECIFIED.,.F.,.F.,(4,4),(0.,1.),.PIECEWISE_BEZIER_KNOTS.);
#5479 = CARTESIAN_POINT('',(1.846475797779,23.95,4.522749488124));
#5480 = CARTESIAN_POINT('',(1.846475797779,23.743333333333,
    4.522749488124));
#5481 = CARTESIAN_POINT('',(1.846475797779,23.536666666667,
    4.522749488124));
#5482 = CARTESIAN_POINT('',(1.846474907394,23.33,4.522750162573));
#5483 = PCURVE('',#750,#5484);
#5484 = DEFINITIONAL_REPRESENTATION('',(#5485),#5488);
#5485 = B_SPLINE_CURVE_WITH_KNOTS('',1,(#5486,#5487),.UNSPECIFIED.,.F.,
  .F.,(2,2),(0.,1.),.PIECEWISE_BEZIER_KNOTS.);
#5486 = CARTESIAN_POINT('',(6.28318530718,-8.75));
#5487 = CARTESIAN_POINT('',(6.28318530718,-8.13));
#5488 = ( GEOMETRIC_REPRESENTATION_CONTEXT(2) 
PARAMETRIC_REPRESENTATION_CONTEXT() REPRESENTATION_CONTEXT('2D SPACE',''
  ) );
#5489 = PCURVE('',#624,#5490);
#5490 = DEFINITIONAL_REPRESENTATION('',(#5491),#5494);
#5491 = B_SPLINE_CURVE_WITH_KNOTS('',1,(#5492,#5493),.UNSPECIFIED.,.F.,
  .F.,(2,2),(0.,1.),.PIECEWISE_BEZIER_KNOTS.);
#5492 = CARTESIAN_POINT('',(0.,-8.75));
#5493 = CARTESIAN_POINT('',(0.,-8.13));
#5494 = ( GEOMETRIC_REPRESENTATION_CONTEXT(2) 
PARAMETRIC_REPRESENTATION_CONTEXT() REPRESENTATION_CONTEXT('2D SPACE',''
  ) );
#5495 = ADVANCED_FACE('',(#5496),#624,.F.);
#5496 = FACE_BOUND('',#5497,.F.);
#5497 = EDGE_LOOP('',(#5498,#5499,#5500,#5501,#5502));
#5498 = ORIENTED_EDGE('',*,*,#680,.T.);
#5499 = ORIENTED_EDGE('',*,*,#5476,.F.);
#5500 = ORIENTED_EDGE('',*,*,#5297,.F.);
#5501 = ORIENTED_EDGE('',*,*,#5455,.F.);
#5502 = ORIENTED_EDGE('',*,*,#576,.T.);
#5503 = ADVANCED_FACE('',(#5504),#5519,.F.);
#5504 = FACE_BOUND('',#5505,.F.);
#5505 = EDGE_LOOP('',(#5506,#5540,#5642,#5664));
#5506 = ORIENTED_EDGE('',*,*,#5507,.T.);
#5507 = EDGE_CURVE('',#5508,#5510,#5512,.T.);
#5508 = VERTEX_POINT('',#5509);
#5509 = CARTESIAN_POINT('',(1.996448346414,24.66875644347,
    -0.113842189454));
#5510 = VERTEX_POINT('',#5511);
#5511 = CARTESIAN_POINT('',(1.926562275935,24.93,-0.109850053062));
#5512 = SURFACE_CURVE('',#5513,(#5518,#5529),.PCURVE_S1.);
#5513 = B_SPLINE_CURVE_WITH_KNOTS('',3,(#5514,#5515,#5516,#5517),
  .UNSPECIFIED.,.F.,.F.,(4,4),(0.,1.),.PIECEWISE_BEZIER_KNOTS.);
#5514 = CARTESIAN_POINT('',(1.996448346414,24.66875644347,
    -0.113842189454));
#5515 = CARTESIAN_POINT('',(1.973152989587,24.75583762898,
    -0.112511477323));
#5516 = CARTESIAN_POINT('',(1.949857632761,24.84291881449,
    -0.111180765193));
#5517 = CARTESIAN_POINT('',(1.926562275935,24.93,-0.109850053062));
#5518 = PCURVE('',#5519,#5524);
#5519 = CONICAL_SURFACE('',#5520,1.93,0.261799387799);
#5520 = AXIS2_PLACEMENT_3D('',#5521,#5522,#5523);
#5521 = CARTESIAN_POINT('',(-2.965244213474E-04,24.93,2.1885031502E-04)
  );
#5522 = DIRECTION('',(0.,-1.,0.));
#5523 = DIRECTION('',(0.998372435418,0.,-5.703051988454E-02));
#5524 = DEFINITIONAL_REPRESENTATION('',(#5525),#5528);
#5525 = B_SPLINE_CURVE_WITH_KNOTS('',1,(#5526,#5527),.UNSPECIFIED.,.F.,
  .F.,(2,2),(0.,1.),.PIECEWISE_BEZIER_KNOTS.);
#5526 = CARTESIAN_POINT('',(0.,0.26124355653));
#5527 = CARTESIAN_POINT('',(0.,5.551115123126E-17));
#5528 = ( GEOMETRIC_REPRESENTATION_CONTEXT(2) 
PARAMETRIC_REPRESENTATION_CONTEXT() REPRESENTATION_CONTEXT('2D SPACE',''
  ) );
#5529 = PCURVE('',#5530,#5535);
#5530 = CONICAL_SURFACE('',#5531,1.93,0.261799387799);
#5531 = AXIS2_PLACEMENT_3D('',#5532,#5533,#5534);
#5532 = CARTESIAN_POINT('',(-2.965244213474E-04,24.93,2.1885031502E-04)
  );
#5533 = DIRECTION('',(0.,-1.,0.));
#5534 = DIRECTION('',(0.998372435418,0.,-5.703051988454E-02));
#5535 = DEFINITIONAL_REPRESENTATION('',(#5536),#5539);
#5536 = B_SPLINE_CURVE_WITH_KNOTS('',1,(#5537,#5538),.UNSPECIFIED.,.F.,
  .F.,(2,2),(0.,1.),.PIECEWISE_BEZIER_KNOTS.);
#5537 = CARTESIAN_POINT('',(6.28318530718,0.26124355653));
#5538 = CARTESIAN_POINT('',(6.28318530718,5.551115123126E-17));
#5539 = ( GEOMETRIC_REPRESENTATION_CONTEXT(2) 
PARAMETRIC_REPRESENTATION_CONTEXT() REPRESENTATION_CONTEXT('2D SPACE',''
  ) );
#5540 = ORIENTED_EDGE('',*,*,#5541,.T.);
#5541 = EDGE_CURVE('',#5510,#5542,#5544,.T.);
#5542 = VERTEX_POINT('',#5543);
#5543 = CARTESIAN_POINT('',(-1.927155324777,24.93,0.110287753692));
#5544 = SURFACE_CURVE('',#5545,(#5564,#5615),.PCURVE_S1.);
#5545 = B_SPLINE_CURVE_WITH_KNOTS('',3,(#5546,#5547,#5548,#5549,#5550,
    #5551,#5552,#5553,#5554,#5555,#5556,#5557,#5558,#5559,#5560,#5561,
    #5562,#5563),.UNSPECIFIED.,.F.,.F.,(4,2,2,2,2,2,2,2,4),(0.,0.125,
    0.25,0.375,0.5,0.625,0.75,0.875,1.),.UNSPECIFIED.);
#5546 = CARTESIAN_POINT('',(1.926562275935,24.93,-0.109850053062));
#5547 = CARTESIAN_POINT('',(1.941169181842,24.93,0.145857456779));
#5548 = CARTESIAN_POINT('',(1.906497430479,24.93,0.393930325673));
#5549 = CARTESIAN_POINT('',(1.737523427536,24.93,0.877880439771));
#5550 = CARTESIAN_POINT('',(1.610684524476,24.93,1.093659279587));
#5551 = CARTESIAN_POINT('',(1.269373210874,24.93,1.476107333333));
#5552 = CARTESIAN_POINT('',(1.069614357358,24.93,1.626921840207));
#5553 = CARTESIAN_POINT('',(0.607927286598,24.93,1.849643584317));
#5554 = CARTESIAN_POINT('',(0.365659957255,24.93,1.912533616715));
#5555 = CARTESIAN_POINT('',(-0.146115199344,24.93,1.941621684627));
#5556 = CARTESIAN_POINT('',(-0.394007999779,24.93,1.907012805216));
#5557 = CARTESIAN_POINT('',(-0.877958113878,24.93,1.738038802273));
#5558 = CARTESIAN_POINT('',(-1.093736953693,24.93,1.611199899212));
#5559 = CARTESIAN_POINT('',(-1.476185007439,24.93,1.26988858561));
#5560 = CARTESIAN_POINT('',(-1.627082261427,24.93,1.06995820294));
#5561 = CARTESIAN_POINT('',(-1.84963851131,24.93,0.608614190488));
#5562 = CARTESIAN_POINT('',(-1.912570157446,24.93,0.365614709481));
#5563 = CARTESIAN_POINT('',(-1.927155324777,24.93,0.110287753692));
#5564 = PCURVE('',#5519,#5565);
#5565 = DEFINITIONAL_REPRESENTATION('',(#5566),#5614);
#5566 = B_SPLINE_CURVE_WITH_KNOTS('',3,(#5567,#5568,#5569,#5570,#5571,
    #5572,#5573,#5574,#5575,#5576,#5577,#5578,#5579,#5580,#5581,#5582,
    #5583,#5584,#5585,#5586,#5587,#5588,#5589,#5590,#5591,#5592,#5593,
    #5594,#5595,#5596,#5597,#5598,#5599,#5600,#5601,#5602,#5603,#5604,
    #5605,#5606,#5607,#5608,#5609,#5610,#5611,#5612,#5613),
  .UNSPECIFIED.,.F.,.F.,(4,1,1,1,1,1,1,1,1,1,1,1,1,1,1,1,1,1,1,1,1,1,1,1
    ,1,1,1,1,1,1,1,1,1,1,1,1,1,1,1,1,1,1,1,1,4),(0.,2.272727272727E-02,
    4.545454545455E-02,6.818181818182E-02,9.090909090909E-02,
    0.113636363636,0.136363636364,0.159090909091,0.181818181818,
    0.204545454545,0.227272727273,0.25,0.272727272727,0.295454545455,
    0.318181818182,0.340909090909,0.363636363636,0.386363636364,
    0.409090909091,0.431818181818,0.454545454545,0.477272727273,0.5,
    0.522727272727,0.545454545455,0.568181818182,0.590909090909,
    0.613636363636,0.636363636364,0.659090909091,0.681818181818,
    0.704545454545,0.727272727273,0.75,0.772727272727,0.795454545455,
    0.818181818182,0.840909090909,0.863636363636,0.886363636364,
    0.909090909091,0.931818181818,0.954545454545,0.977272727273,1.),
  .QUASI_UNIFORM_KNOTS.);
#5567 = CARTESIAN_POINT('',(0.,5.935930901452E-19));
#5568 = CARTESIAN_POINT('',(2.41302962447E-02,3.510664619634E-06));
#5569 = CARTESIAN_POINT('',(7.202623855849E-02,3.39029438159E-05));
#5570 = CARTESIAN_POINT('',(0.143176470191,9.902017898192E-05));
#5571 = CARTESIAN_POINT('',(0.21402137524,1.159665312246E-04));
#5572 = CARTESIAN_POINT('',(0.284991005977,7.694713153347E-05));
#5573 = CARTESIAN_POINT('',(0.356425284026,4.986177679744E-06));
#5574 = CARTESIAN_POINT('',(0.428973068621,-5.94368662161E-06));
#5575 = CARTESIAN_POINT('',(0.50040012202,6.477467345793E-05));
#5576 = CARTESIAN_POINT('',(0.571350919494,1.104340214283E-04));
#5577 = CARTESIAN_POINT('',(0.6422003187,1.010154140124E-04));
#5578 = CARTESIAN_POINT('',(0.71328645008,4.241411902609E-05));
#5579 = CARTESIAN_POINT('',(0.785397219316,-1.776254359261E-05));
#5580 = CARTESIAN_POINT('',(0.857513653042,2.86360553039E-05));
#5581 = CARTESIAN_POINT('',(0.92860632632,9.319923666376E-05));
#5582 = CARTESIAN_POINT('',(0.999457282273,1.132681248451E-04));
#5583 = CARTESIAN_POINT('',(1.070403726705,7.634718724135E-05));
#5584 = CARTESIAN_POINT('',(1.141823125333,5.084100981075E-06));
#5585 = CARTESIAN_POINT('',(1.214371318323,-5.969925101618E-06));
#5586 = CARTESIAN_POINT('',(1.285798262292,6.478170404484E-05));
#5587 = CARTESIAN_POINT('',(1.356749089088,1.10432137588E-04));
#5588 = CARTESIAN_POINT('',(1.427598480437,1.010159187838E-04));
#5589 = CARTESIAN_POINT('',(1.498684613922,4.24139838157E-05));
#5590 = CARTESIAN_POINT('',(1.570795382595,-1.776250750072E-05));
#5591 = CARTESIAN_POINT('',(1.642911816468,2.863604614706E-05));
#5592 = CARTESIAN_POINT('',(1.71400448972,9.319923718123E-05));
#5593 = CARTESIAN_POINT('',(1.784855445632,1.132681319071E-04));
#5594 = CARTESIAN_POINT('',(1.855801890252,7.634715847258E-05));
#5595 = CARTESIAN_POINT('',(1.927221288168,5.084208997726E-06));
#5596 = CARTESIAN_POINT('',(1.99976948382,-5.970328386568E-06));
#5597 = CARTESIAN_POINT('',(2.071196417852,6.478320919454E-05));
#5598 = CARTESIAN_POINT('',(2.142147281737,1.104265202709E-04));
#5599 = CARTESIAN_POINT('',(2.212996534667,1.010368829214E-04));
#5600 = CARTESIAN_POINT('',(2.284083184735,4.233574463687E-05));
#5601 = CARTESIAN_POINT('',(2.356192025495,-1.747051487655E-05));
#5602 = CARTESIAN_POINT('',(2.428315654439,2.754631484845E-05));
#5603 = CARTESIAN_POINT('',(2.499427058661,8.995185111942E-05));
#5604 = CARTESIAN_POINT('',(2.57029510787,1.095196951412E-04));
#5605 = CARTESIAN_POINT('',(2.641245973142,7.396574076353E-05));
#5606 = CARTESIAN_POINT('',(2.712648965746,5.04772197498E-06));
#5607 = CARTESIAN_POINT('',(2.785137025101,-5.783581039252E-06));
#5608 = CARTESIAN_POINT('',(2.856589006963,5.287586162468E-05));
#5609 = CARTESIAN_POINT('',(2.927603104873,8.940648471987E-05));
#5610 = CARTESIAN_POINT('',(2.998489330982,8.022567733886E-05));
#5611 = CARTESIAN_POINT('',(3.069643560269,2.822661998475E-05));
#5612 = CARTESIAN_POINT('',(3.117498633564,3.172492349244E-06));
#5613 = CARTESIAN_POINT('',(3.14159265359,1.110223024625E-16));
#5614 = ( GEOMETRIC_REPRESENTATION_CONTEXT(2) 
PARAMETRIC_REPRESENTATION_CONTEXT() REPRESENTATION_CONTEXT('2D SPACE',''
  ) );
#5615 = PCURVE('',#5616,#5621);
#5616 = PLANE('',#5617);
#5617 = AXIS2_PLACEMENT_3D('',#5618,#5619,#5620);
#5618 = CARTESIAN_POINT('',(0.113764515348,24.93,1.99696372115));
#5619 = DIRECTION('',(-0.,1.,0.));
#5620 = DIRECTION('',(1.,0.,0.));
#5621 = DEFINITIONAL_REPRESENTATION('',(#5622),#5641);
#5622 = B_SPLINE_CURVE_WITH_KNOTS('',3,(#5623,#5624,#5625,#5626,#5627,
    #5628,#5629,#5630,#5631,#5632,#5633,#5634,#5635,#5636,#5637,#5638,
    #5639,#5640),.UNSPECIFIED.,.F.,.F.,(4,2,2,2,2,2,2,2,4),(0.,0.125,
    0.25,0.375,0.5,0.625,0.75,0.875,1.),.UNSPECIFIED.);
#5623 = CARTESIAN_POINT('',(1.812797760587,2.106813774212));
#5624 = CARTESIAN_POINT('',(1.827404666494,1.851106264371));
#5625 = CARTESIAN_POINT('',(1.792732915132,1.603033395477));
#5626 = CARTESIAN_POINT('',(1.623758912189,1.119083281379));
#5627 = CARTESIAN_POINT('',(1.496920009128,0.903304441563));
#5628 = CARTESIAN_POINT('',(1.155608695526,0.520856387818));
#5629 = CARTESIAN_POINT('',(0.95584984201,0.370041880943));
#5630 = CARTESIAN_POINT('',(0.49416277125,0.147320136833));
#5631 = CARTESIAN_POINT('',(0.251895441907,8.443010443495E-02));
#5632 = CARTESIAN_POINT('',(-0.259879714691,5.534203652352E-02));
#5633 = CARTESIAN_POINT('',(-0.507772515127,8.995091593468E-02));
#5634 = CARTESIAN_POINT('',(-0.991722629225,0.258924918877));
#5635 = CARTESIAN_POINT('',(-1.207501469041,0.385763821938));
#5636 = CARTESIAN_POINT('',(-1.589949522787,0.72707513554));
#5637 = CARTESIAN_POINT('',(-1.740846776775,0.92700551821));
#5638 = CARTESIAN_POINT('',(-1.963403026658,1.388349530662));
#5639 = CARTESIAN_POINT('',(-2.026334672794,1.631349011669));
#5640 = CARTESIAN_POINT('',(-2.040919840125,1.886675967458));
#5641 = ( GEOMETRIC_REPRESENTATION_CONTEXT(2) 
PARAMETRIC_REPRESENTATION_CONTEXT() REPRESENTATION_CONTEXT('2D SPACE',''
  ) );
#5642 = ORIENTED_EDGE('',*,*,#5643,.T.);
#5643 = EDGE_CURVE('',#5542,#5644,#5646,.T.);
#5644 = VERTEX_POINT('',#5645);
#5645 = CARTESIAN_POINT('',(-1.997041395257,24.66875644347,
    0.114279890084));
#5646 = SURFACE_CURVE('',#5647,(#5652,#5658),.PCURVE_S1.);
#5647 = B_SPLINE_CURVE_WITH_KNOTS('',3,(#5648,#5649,#5650,#5651),
  .UNSPECIFIED.,.F.,.F.,(4,4),(0.,1.),.PIECEWISE_BEZIER_KNOTS.);
#5648 = CARTESIAN_POINT('',(-1.927155324777,24.93,0.110287753692));
#5649 = CARTESIAN_POINT('',(-1.950450681604,24.84291881449,
    0.111618465823));
#5650 = CARTESIAN_POINT('',(-1.97374603843,24.75583762898,0.112949177953
    ));
#5651 = CARTESIAN_POINT('',(-1.997041395257,24.66875644347,
    0.114279890084));
#5652 = PCURVE('',#5519,#5653);
#5653 = DEFINITIONAL_REPRESENTATION('',(#5654),#5657);
#5654 = B_SPLINE_CURVE_WITH_KNOTS('',1,(#5655,#5656),.UNSPECIFIED.,.F.,
  .F.,(2,2),(0.,1.),.PIECEWISE_BEZIER_KNOTS.);
#5655 = CARTESIAN_POINT('',(3.14159265359,1.110223024625E-16));
#5656 = CARTESIAN_POINT('',(3.14159265359,0.26124355653));
#5657 = ( GEOMETRIC_REPRESENTATION_CONTEXT(2) 
PARAMETRIC_REPRESENTATION_CONTEXT() REPRESENTATION_CONTEXT('2D SPACE',''
  ) );
#5658 = PCURVE('',#5530,#5659);
#5659 = DEFINITIONAL_REPRESENTATION('',(#5660),#5663);
#5660 = B_SPLINE_CURVE_WITH_KNOTS('',1,(#5661,#5662),.UNSPECIFIED.,.F.,
  .F.,(2,2),(0.,1.),.PIECEWISE_BEZIER_KNOTS.);
#5661 = CARTESIAN_POINT('',(3.14159265359,1.110223024625E-16));
#5662 = CARTESIAN_POINT('',(3.14159265359,0.26124355653));
#5663 = ( GEOMETRIC_REPRESENTATION_CONTEXT(2) 
PARAMETRIC_REPRESENTATION_CONTEXT() REPRESENTATION_CONTEXT('2D SPACE',''
  ) );
#5664 = ORIENTED_EDGE('',*,*,#5665,.T.);
#5665 = EDGE_CURVE('',#5644,#5508,#5666,.T.);
#5666 = SURFACE_CURVE('',#5667,(#5686,#5737),.PCURVE_S1.);
#5667 = B_SPLINE_CURVE_WITH_KNOTS('',3,(#5668,#5669,#5670,#5671,#5672,
    #5673,#5674,#5675,#5676,#5677,#5678,#5679,#5680,#5681,#5682,#5683,
    #5684,#5685),.UNSPECIFIED.,.F.,.F.,(4,2,2,2,2,2,2,2,4),(0.,0.125,
    0.25,0.375,0.5,0.625,0.75,0.875,1.),.UNSPECIFIED.);
#5668 = CARTESIAN_POINT('',(-1.997041395257,24.66875644347,
    0.114279890084));
#5669 = CARTESIAN_POINT('',(-1.982110840065,24.66875644347,
    0.375653182472));
#5670 = CARTESIAN_POINT('',(-1.915216235045,24.66875644347,
    0.633954932069));
#5671 = CARTESIAN_POINT('',(-1.687581709025,24.66875644347,
    1.105482450218));
#5672 = CARTESIAN_POINT('',(-1.52693135249,24.66875644347,1.318522692826
    ));
#5673 = CARTESIAN_POINT('',(-1.136178703907,24.66875644347,
    1.667045354118));
#5674 = CARTESIAN_POINT('',(-0.90623015634,24.66875644347,1.802390644016
    ));
#5675 = CARTESIAN_POINT('',(-0.41184793376,24.66875644347,1.974849032634
    ));
#5676 = CARTESIAN_POINT('',(-0.14760877704,24.66875644347,2.011894276342
    ));
#5677 = CARTESIAN_POINT('',(0.375137807736,24.66875644347,1.982033165959
    ));
#5678 = CARTESIAN_POINT('',(0.633439557332,24.66875644347,1.915138560939
    ));
#5679 = CARTESIAN_POINT('',(1.104967075481,24.66875644347,1.687504034918
    ));
#5680 = CARTESIAN_POINT('',(1.31800731809,24.66875644347,1.526853678384)
  );
#5681 = CARTESIAN_POINT('',(1.666529979381,24.66875644347,1.136101029801
    ));
#5682 = CARTESIAN_POINT('',(1.801875269279,24.66875644347,0.906152482234
    ));
#5683 = CARTESIAN_POINT('',(1.974333657897,24.66875644347,0.411770259654
    ));
#5684 = CARTESIAN_POINT('',(2.011378901606,24.66875644347,0.147531102934
    ));
#5685 = CARTESIAN_POINT('',(1.996448346414,24.66875644347,
    -0.113842189454));
#5686 = PCURVE('',#5519,#5687);
#5687 = DEFINITIONAL_REPRESENTATION('',(#5688),#5736);
#5688 = B_SPLINE_CURVE_WITH_KNOTS('',3,(#5689,#5690,#5691,#5692,#5693,
    #5694,#5695,#5696,#5697,#5698,#5699,#5700,#5701,#5702,#5703,#5704,
    #5705,#5706,#5707,#5708,#5709,#5710,#5711,#5712,#5713,#5714,#5715,
    #5716,#5717,#5718,#5719,#5720,#5721,#5722,#5723,#5724,#5725,#5726,
    #5727,#5728,#5729,#5730,#5731,#5732,#5733,#5734,#5735),
  .UNSPECIFIED.,.F.,.F.,(4,1,1,1,1,1,1,1,1,1,1,1,1,1,1,1,1,1,1,1,1,1,1,1
    ,1,1,1,1,1,1,1,1,1,1,1,1,1,1,1,1,1,1,1,1,4),(0.,2.272727272727E-02,
    4.545454545455E-02,6.818181818182E-02,9.090909090909E-02,
    0.113636363636,0.136363636364,0.159090909091,0.181818181818,
    0.204545454545,0.227272727273,0.25,0.272727272727,0.295454545455,
    0.318181818182,0.340909090909,0.363636363636,0.386363636364,
    0.409090909091,0.431818181818,0.454545454545,0.477272727273,0.5,
    0.522727272727,0.545454545455,0.568181818182,0.590909090909,
    0.613636363636,0.636363636364,0.659090909091,0.681818181818,
    0.704545454545,0.727272727273,0.75,0.772727272727,0.795454545455,
    0.818181818182,0.840909090909,0.863636363636,0.886363636364,
    0.909090909091,0.931818181818,0.954545454545,0.977272727273,1.),
  .QUASI_UNIFORM_KNOTS.);
#5689 = CARTESIAN_POINT('',(3.14159265359,0.26124355653));
#5690 = CARTESIAN_POINT('',(3.11779366165,0.261242520994));
#5691 = CARTESIAN_POINT('',(3.070195276352,0.261233603189));
#5692 = CARTESIAN_POINT('',(2.99879605498,0.261214671933));
#5693 = CARTESIAN_POINT('',(2.927392026102,0.261210426329));
#5694 = CARTESIAN_POINT('',(2.855989562844,0.261222715639));
#5695 = CARTESIAN_POINT('',(2.78459301181,0.261243709766));
#5696 = CARTESIAN_POINT('',(2.71319413177,0.261243706624));
#5697 = CARTESIAN_POINT('',(2.641797581952,0.261222725063));
#5698 = CARTESIAN_POINT('',(2.570395113825,0.261210391776));
#5699 = CARTESIAN_POINT('',(2.498991103211,0.26121480072));
#5700 = CARTESIAN_POINT('',(2.427591813651,0.261233122592));
#5701 = CARTESIAN_POINT('',(2.356194490192,0.261248773498));
#5702 = CARTESIAN_POINT('',(2.284797166734,0.261233122595));
#5703 = CARTESIAN_POINT('',(2.213397877173,0.261214800708));
#5704 = CARTESIAN_POINT('',(2.141993866565,0.261210391824));
#5705 = CARTESIAN_POINT('',(2.070591398412,0.261222724885));
#5706 = CARTESIAN_POINT('',(1.999194848689,0.261243707288));
#5707 = CARTESIAN_POINT('',(1.927795968298,0.261243707288));
#5708 = CARTESIAN_POINT('',(1.856399418575,0.261222724885));
#5709 = CARTESIAN_POINT('',(1.784996950422,0.261210391824));
#5710 = CARTESIAN_POINT('',(1.713592939814,0.261214800707));
#5711 = CARTESIAN_POINT('',(1.642193650253,0.261233122595));
#5712 = CARTESIAN_POINT('',(1.570796326795,0.261248773497));
#5713 = CARTESIAN_POINT('',(1.499399003337,0.261233122595));
#5714 = CARTESIAN_POINT('',(1.427999713775,0.261214800707));
#5715 = CARTESIAN_POINT('',(1.356595703168,0.261210391824));
#5716 = CARTESIAN_POINT('',(1.285193235015,0.261222724885));
#5717 = CARTESIAN_POINT('',(1.213796685292,0.261243707288));
#5718 = CARTESIAN_POINT('',(1.1423978049,0.261243707288));
#5719 = CARTESIAN_POINT('',(1.071001255177,0.261222724885));
#5720 = CARTESIAN_POINT('',(0.999598787024,0.261210391824));
#5721 = CARTESIAN_POINT('',(0.928194776417,0.261214800708));
#5722 = CARTESIAN_POINT('',(0.856795486856,0.261233122595));
#5723 = CARTESIAN_POINT('',(0.785398163398,0.261248773498));
#5724 = CARTESIAN_POINT('',(0.714000839939,0.261233122592));
#5725 = CARTESIAN_POINT('',(0.642601550379,0.26121480072));
#5726 = CARTESIAN_POINT('',(0.571197539765,0.261210391776));
#5727 = CARTESIAN_POINT('',(0.499795071637,0.261222725063));
#5728 = CARTESIAN_POINT('',(0.42839852182,0.261243706624));
#5729 = CARTESIAN_POINT('',(0.35699964178,0.261243709766));
#5730 = CARTESIAN_POINT('',(0.285603090745,0.261222715639));
#5731 = CARTESIAN_POINT('',(0.214200627488,0.261210426329));
#5732 = CARTESIAN_POINT('',(0.142796598609,0.261214671933));
#5733 = CARTESIAN_POINT('',(7.139737723806E-02,0.261233603189));
#5734 = CARTESIAN_POINT('',(2.379899193962E-02,0.261242520994));
#5735 = CARTESIAN_POINT('',(0.,0.26124355653));
#5736 = ( GEOMETRIC_REPRESENTATION_CONTEXT(2) 
PARAMETRIC_REPRESENTATION_CONTEXT() REPRESENTATION_CONTEXT('2D SPACE',''
  ) );
#5737 = PCURVE('',#854,#5738);
#5738 = DEFINITIONAL_REPRESENTATION('',(#5739),#5742);
#5739 = B_SPLINE_CURVE_WITH_KNOTS('',1,(#5740,#5741),.UNSPECIFIED.,.F.,
  .F.,(2,2),(0.,1.),.PIECEWISE_BEZIER_KNOTS.);
#5740 = CARTESIAN_POINT('',(0.,-0.26124355653));
#5741 = CARTESIAN_POINT('',(3.14159265359,-0.26124355653));
#5742 = ( GEOMETRIC_REPRESENTATION_CONTEXT(2) 
PARAMETRIC_REPRESENTATION_CONTEXT() REPRESENTATION_CONTEXT('2D SPACE',''
  ) );
#5743 = ADVANCED_FACE('',(#5744),#5530,.F.);
#5744 = FACE_BOUND('',#5745,.F.);
#5745 = EDGE_LOOP('',(#5746,#5825,#5826,#5921));
#5746 = ORIENTED_EDGE('',*,*,#5747,.T.);
#5747 = EDGE_CURVE('',#5508,#5644,#5748,.T.);
#5748 = SURFACE_CURVE('',#5749,(#5768,#5819),.PCURVE_S1.);
#5749 = B_SPLINE_CURVE_WITH_KNOTS('',3,(#5750,#5751,#5752,#5753,#5754,
    #5755,#5756,#5757,#5758,#5759,#5760,#5761,#5762,#5763,#5764,#5765,
    #5766,#5767),.UNSPECIFIED.,.F.,.F.,(4,2,2,2,2,2,2,2,4),(0.,0.125,
    0.25,0.375,0.5,0.625,0.75,0.875,1.),.UNSPECIFIED.);
#5750 = CARTESIAN_POINT('',(1.996448346414,24.66875644347,
    -0.113842189454));
#5751 = CARTESIAN_POINT('',(1.981517791222,24.66875644347,
    -0.375215481842));
#5752 = CARTESIAN_POINT('',(1.914623186202,24.66875644347,
    -0.633517231439));
#5753 = CARTESIAN_POINT('',(1.686988660182,24.66875644347,
    -1.105044749588));
#5754 = CARTESIAN_POINT('',(1.526338303647,24.66875644347,
    -1.318084992196));
#5755 = CARTESIAN_POINT('',(1.135585655064,24.66875644347,
    -1.666607653488));
#5756 = CARTESIAN_POINT('',(0.905637107498,24.66875644347,
    -1.801952943386));
#5757 = CARTESIAN_POINT('',(0.411254884918,24.66875644347,
    -1.974411332003));
#5758 = CARTESIAN_POINT('',(0.147015728197,24.66875644347,
    -2.011456575712));
#5759 = CARTESIAN_POINT('',(-0.375730856578,24.66875644347,
    -1.981595465329));
#5760 = CARTESIAN_POINT('',(-0.634032606175,24.66875644347,
    -1.914700860309));
#5761 = CARTESIAN_POINT('',(-1.105560124324,24.66875644347,
    -1.687066334288));
#5762 = CARTESIAN_POINT('',(-1.318600366933,24.66875644347,
    -1.526415977754));
#5763 = CARTESIAN_POINT('',(-1.667123028224,24.66875644347,
    -1.135663329171));
#5764 = CARTESIAN_POINT('',(-1.802468318122,24.66875644347,
    -0.905714781604));
#5765 = CARTESIAN_POINT('',(-1.97492670674,24.66875644347,
    -0.411332559024));
#5766 = CARTESIAN_POINT('',(-2.011971950448,24.66875644347,
    -0.147093402304));
#5767 = CARTESIAN_POINT('',(-1.997041395257,24.66875644347,
    0.114279890084));
#5768 = PCURVE('',#5530,#5769);
#5769 = DEFINITIONAL_REPRESENTATION('',(#5770),#5818);
#5770 = B_SPLINE_CURVE_WITH_KNOTS('',3,(#5771,#5772,#5773,#5774,#5775,
    #5776,#5777,#5778,#5779,#5780,#5781,#5782,#5783,#5784,#5785,#5786,
    #5787,#5788,#5789,#5790,#5791,#5792,#5793,#5794,#5795,#5796,#5797,
    #5798,#5799,#5800,#5801,#5802,#5803,#5804,#5805,#5806,#5807,#5808,
    #5809,#5810,#5811,#5812,#5813,#5814,#5815,#5816,#5817),
  .UNSPECIFIED.,.F.,.F.,(4,1,1,1,1,1,1,1,1,1,1,1,1,1,1,1,1,1,1,1,1,1,1,1
    ,1,1,1,1,1,1,1,1,1,1,1,1,1,1,1,1,1,1,1,1,4),(0.,2.272727272727E-02,
    4.545454545455E-02,6.818181818182E-02,9.090909090909E-02,
    0.113636363636,0.136363636364,0.159090909091,0.181818181818,
    0.204545454545,0.227272727273,0.25,0.272727272727,0.295454545455,
    0.318181818182,0.340909090909,0.363636363636,0.386363636364,
    0.409090909091,0.431818181818,0.454545454545,0.477272727273,0.5,
    0.522727272727,0.545454545455,0.568181818182,0.590909090909,
    0.613636363636,0.636363636364,0.659090909091,0.681818181818,
    0.704545454545,0.727272727273,0.75,0.772727272727,0.795454545455,
    0.818181818182,0.840909090909,0.863636363636,0.886363636364,
    0.909090909091,0.931818181818,0.954545454545,0.977272727273,1.),
  .QUASI_UNIFORM_KNOTS.);
#5771 = CARTESIAN_POINT('',(6.28318530718,0.26124355653));
#5772 = CARTESIAN_POINT('',(6.25938631524,0.261242520994));
#5773 = CARTESIAN_POINT('',(6.211787929942,0.261233603189));
#5774 = CARTESIAN_POINT('',(6.14038870857,0.261214671933));
#5775 = CARTESIAN_POINT('',(6.068984679691,0.261210426329));
#5776 = CARTESIAN_POINT('',(5.997582216434,0.261222715639));
#5777 = CARTESIAN_POINT('',(5.926185665399,0.261243709766));
#5778 = CARTESIAN_POINT('',(5.854786785359,0.261243706624));
#5779 = CARTESIAN_POINT('',(5.783390235542,0.261222725063));
#5780 = CARTESIAN_POINT('',(5.711987767414,0.261210391776));
#5781 = CARTESIAN_POINT('',(5.6405837568,0.26121480072));
#5782 = CARTESIAN_POINT('',(5.569184467241,0.261233122592));
#5783 = CARTESIAN_POINT('',(5.497787143782,0.261248773498));
#5784 = CARTESIAN_POINT('',(5.426389820324,0.261233122595));
#5785 = CARTESIAN_POINT('',(5.354990530763,0.261214800708));
#5786 = CARTESIAN_POINT('',(5.283586520155,0.261210391824));
#5787 = CARTESIAN_POINT('',(5.212184052002,0.261222724885));
#5788 = CARTESIAN_POINT('',(5.140787502279,0.261243707288));
#5789 = CARTESIAN_POINT('',(5.069388621888,0.261243707288));
#5790 = CARTESIAN_POINT('',(4.997992072165,0.261222724885));
#5791 = CARTESIAN_POINT('',(4.926589604012,0.261210391824));
#5792 = CARTESIAN_POINT('',(4.855185593404,0.261214800707));
#5793 = CARTESIAN_POINT('',(4.783786303843,0.261233122595));
#5794 = CARTESIAN_POINT('',(4.712388980385,0.261248773497));
#5795 = CARTESIAN_POINT('',(4.640991656927,0.261233122595));
#5796 = CARTESIAN_POINT('',(4.569592367365,0.261214800707));
#5797 = CARTESIAN_POINT('',(4.498188356758,0.261210391824));
#5798 = CARTESIAN_POINT('',(4.426785888605,0.261222724885));
#5799 = CARTESIAN_POINT('',(4.355389338882,0.261243707288));
#5800 = CARTESIAN_POINT('',(4.28399045849,0.261243707288));
#5801 = CARTESIAN_POINT('',(4.212593908767,0.261222724885));
#5802 = CARTESIAN_POINT('',(4.141191440614,0.261210391824));
#5803 = CARTESIAN_POINT('',(4.069787430007,0.261214800708));
#5804 = CARTESIAN_POINT('',(3.998388140445,0.261233122595));
#5805 = CARTESIAN_POINT('',(3.926990816987,0.261248773498));
#5806 = CARTESIAN_POINT('',(3.855593493529,0.261233122592));
#5807 = CARTESIAN_POINT('',(3.784194203969,0.26121480072));
#5808 = CARTESIAN_POINT('',(3.712790193355,0.261210391776));
#5809 = CARTESIAN_POINT('',(3.641387725227,0.261222725063));
#5810 = CARTESIAN_POINT('',(3.56999117541,0.261243706624));
#5811 = CARTESIAN_POINT('',(3.49859229537,0.261243709766));
#5812 = CARTESIAN_POINT('',(3.427195744335,0.261222715639));
#5813 = CARTESIAN_POINT('',(3.355793281078,0.261210426329));
#5814 = CARTESIAN_POINT('',(3.284389252199,0.261214671933));
#5815 = CARTESIAN_POINT('',(3.212990030828,0.261233603189));
#5816 = CARTESIAN_POINT('',(3.165391645529,0.261242520994));
#5817 = CARTESIAN_POINT('',(3.14159265359,0.26124355653));
#5818 = ( GEOMETRIC_REPRESENTATION_CONTEXT(2) 
PARAMETRIC_REPRESENTATION_CONTEXT() REPRESENTATION_CONTEXT('2D SPACE',''
  ) );
#5819 = PCURVE('',#1045,#5820);
#5820 = DEFINITIONAL_REPRESENTATION('',(#5821),#5824);
#5821 = B_SPLINE_CURVE_WITH_KNOTS('',1,(#5822,#5823),.UNSPECIFIED.,.F.,
  .F.,(2,2),(0.,1.),.PIECEWISE_BEZIER_KNOTS.);
#5822 = CARTESIAN_POINT('',(3.14159265359,-0.26124355653));
#5823 = CARTESIAN_POINT('',(6.28318530718,-0.26124355653));
#5824 = ( GEOMETRIC_REPRESENTATION_CONTEXT(2) 
PARAMETRIC_REPRESENTATION_CONTEXT() REPRESENTATION_CONTEXT('2D SPACE',''
  ) );
#5825 = ORIENTED_EDGE('',*,*,#5643,.F.);
#5826 = ORIENTED_EDGE('',*,*,#5827,.T.);
#5827 = EDGE_CURVE('',#5542,#5510,#5828,.T.);
#5828 = SURFACE_CURVE('',#5829,(#5848,#5899),.PCURVE_S1.);
#5829 = B_SPLINE_CURVE_WITH_KNOTS('',3,(#5830,#5831,#5832,#5833,#5834,
    #5835,#5836,#5837,#5838,#5839,#5840,#5841,#5842,#5843,#5844,#5845,
    #5846,#5847),.UNSPECIFIED.,.F.,.F.,(4,2,2,2,2,2,2,2,4),(0.,0.125,
    0.25,0.375,0.5,0.625,0.75,0.875,1.),.UNSPECIFIED.);
#5830 = CARTESIAN_POINT('',(-1.927155324777,24.93,0.110287753692));
#5831 = CARTESIAN_POINT('',(-1.941762230685,24.93,-0.145419756149));
#5832 = CARTESIAN_POINT('',(-1.907090479322,24.93,-0.393492625043));
#5833 = CARTESIAN_POINT('',(-1.738116476379,24.93,-0.877442739141));
#5834 = CARTESIAN_POINT('',(-1.611277573319,24.93,-1.093221578957));
#5835 = CARTESIAN_POINT('',(-1.269966259717,24.93,-1.475669632703));
#5836 = CARTESIAN_POINT('',(-1.0702074062,24.93,-1.626484139577));
#5837 = CARTESIAN_POINT('',(-0.608520335441,24.93,-1.849205883687));
#5838 = CARTESIAN_POINT('',(-0.366253006098,24.93,-1.912095916085));
#5839 = CARTESIAN_POINT('',(0.145522150501,24.93,-1.941183983997));
#5840 = CARTESIAN_POINT('',(0.393414950937,24.93,-1.906575104585));
#5841 = CARTESIAN_POINT('',(0.877365065035,24.93,-1.737601101643));
#5842 = CARTESIAN_POINT('',(1.093143904851,24.93,-1.610762198582));
#5843 = CARTESIAN_POINT('',(1.475591958596,24.93,-1.269450884981));
#5844 = CARTESIAN_POINT('',(1.626489212584,24.93,-1.06952050231));
#5845 = CARTESIAN_POINT('',(1.849045462467,24.93,-0.608176489858));
#5846 = CARTESIAN_POINT('',(1.911977108604,24.93,-0.365177008851));
#5847 = CARTESIAN_POINT('',(1.926562275935,24.93,-0.109850053062));
#5848 = PCURVE('',#5530,#5849);
#5849 = DEFINITIONAL_REPRESENTATION('',(#5850),#5898);
#5850 = B_SPLINE_CURVE_WITH_KNOTS('',3,(#5851,#5852,#5853,#5854,#5855,
    #5856,#5857,#5858,#5859,#5860,#5861,#5862,#5863,#5864,#5865,#5866,
    #5867,#5868,#5869,#5870,#5871,#5872,#5873,#5874,#5875,#5876,#5877,
    #5878,#5879,#5880,#5881,#5882,#5883,#5884,#5885,#5886,#5887,#5888,
    #5889,#5890,#5891,#5892,#5893,#5894,#5895,#5896,#5897),
  .UNSPECIFIED.,.F.,.F.,(4,1,1,1,1,1,1,1,1,1,1,1,1,1,1,1,1,1,1,1,1,1,1,1
    ,1,1,1,1,1,1,1,1,1,1,1,1,1,1,1,1,1,1,1,1,4),(0.,2.272727272727E-02,
    4.545454545455E-02,6.818181818182E-02,9.090909090909E-02,
    0.113636363636,0.136363636364,0.159090909091,0.181818181818,
    0.204545454545,0.227272727273,0.25,0.272727272727,0.295454545455,
    0.318181818182,0.340909090909,0.363636363636,0.386363636364,
    0.409090909091,0.431818181818,0.454545454545,0.477272727273,0.5,
    0.522727272727,0.545454545455,0.568181818182,0.590909090909,
    0.613636363636,0.636363636364,0.659090909091,0.681818181818,
    0.704545454545,0.727272727273,0.75,0.772727272727,0.795454545455,
    0.818181818182,0.840909090909,0.863636363636,0.886363636364,
    0.909090909091,0.931818181818,0.954545454545,0.977272727273,1.),
  .QUASI_UNIFORM_KNOTS.);
#5851 = CARTESIAN_POINT('',(3.14159265359,1.110223024625E-16));
#5852 = CARTESIAN_POINT('',(3.165722949834,3.51066462058E-06));
#5853 = CARTESIAN_POINT('',(3.213618892148,3.390294381669E-05));
#5854 = CARTESIAN_POINT('',(3.284769123781,9.902017897905E-05));
#5855 = CARTESIAN_POINT('',(3.35561402883,1.159665312353E-04));
#5856 = CARTESIAN_POINT('',(3.426583659567,7.694713153046E-05));
#5857 = CARTESIAN_POINT('',(3.498017937615,4.986177679118E-06));
#5858 = CARTESIAN_POINT('',(3.570565722211,-5.943686619764E-06));
#5859 = CARTESIAN_POINT('',(3.64199277561,6.477467346772E-05));
#5860 = CARTESIAN_POINT('',(3.712943573084,1.104340214174E-04));
#5861 = CARTESIAN_POINT('',(3.783792972289,1.01015414031E-04));
#5862 = CARTESIAN_POINT('',(3.85487910367,4.241411902769E-05));
#5863 = CARTESIAN_POINT('',(3.926989872906,-1.776254358442E-05));
#5864 = CARTESIAN_POINT('',(3.999106306632,2.863605531065E-05));
#5865 = CARTESIAN_POINT('',(4.07019897991,9.319923665404E-05));
#5866 = CARTESIAN_POINT('',(4.141049935863,1.132681248336E-04));
#5867 = CARTESIAN_POINT('',(4.211996380295,7.634718723838E-05));
#5868 = CARTESIAN_POINT('',(4.283415778923,5.084100976337E-06));
#5869 = CARTESIAN_POINT('',(4.355963971912,-5.969925095361E-06));
#5870 = CARTESIAN_POINT('',(4.427390915882,6.478170403787E-05));
#5871 = CARTESIAN_POINT('',(4.498341742678,1.104321375824E-04));
#5872 = CARTESIAN_POINT('',(4.569191134027,1.010159187742E-04));
#5873 = CARTESIAN_POINT('',(4.640277267512,4.241398380946E-05));
#5874 = CARTESIAN_POINT('',(4.712388036185,-1.776250749781E-05));
#5875 = CARTESIAN_POINT('',(4.784504470058,2.863604614665E-05));
#5876 = CARTESIAN_POINT('',(4.85559714331,9.319923718664E-05));
#5877 = CARTESIAN_POINT('',(4.926448099222,1.132681319E-04));
#5878 = CARTESIAN_POINT('',(4.997394543842,7.634715846411E-05));
#5879 = CARTESIAN_POINT('',(5.068813941758,5.084208990761E-06));
#5880 = CARTESIAN_POINT('',(5.14136213741,-5.970328386438E-06));
#5881 = CARTESIAN_POINT('',(5.212789071442,6.478320919575E-05));
#5882 = CARTESIAN_POINT('',(5.283739935326,1.104265202689E-04));
#5883 = CARTESIAN_POINT('',(5.354589188257,1.010368829064E-04));
#5884 = CARTESIAN_POINT('',(5.425675838325,4.233574462511E-05));
#5885 = CARTESIAN_POINT('',(5.497784679085,-1.747051487771E-05));
#5886 = CARTESIAN_POINT('',(5.569908308029,2.754631484893E-05));
#5887 = CARTESIAN_POINT('',(5.641019712251,8.995185112797E-05));
#5888 = CARTESIAN_POINT('',(5.711887761459,1.095196951396E-04));
#5889 = CARTESIAN_POINT('',(5.782838626732,7.396574075782E-05));
#5890 = CARTESIAN_POINT('',(5.854241619336,5.047721972422E-06));
#5891 = CARTESIAN_POINT('',(5.926729678691,-5.783581037292E-06));
#5892 = CARTESIAN_POINT('',(5.998181660552,5.287586162773E-05));
#5893 = CARTESIAN_POINT('',(6.069195758462,8.940648472305E-05));
#5894 = CARTESIAN_POINT('',(6.140081984572,8.022567734077E-05));
#5895 = CARTESIAN_POINT('',(6.211236213859,2.822661998527E-05));
#5896 = CARTESIAN_POINT('',(6.259091287153,3.172492349195E-06));
#5897 = CARTESIAN_POINT('',(6.28318530718,5.935930901452E-19));
#5898 = ( GEOMETRIC_REPRESENTATION_CONTEXT(2) 
PARAMETRIC_REPRESENTATION_CONTEXT() REPRESENTATION_CONTEXT('2D SPACE',''
  ) );
#5899 = PCURVE('',#5616,#5900);
#5900 = DEFINITIONAL_REPRESENTATION('',(#5901),#5920);
#5901 = B_SPLINE_CURVE_WITH_KNOTS('',3,(#5902,#5903,#5904,#5905,#5906,
    #5907,#5908,#5909,#5910,#5911,#5912,#5913,#5914,#5915,#5916,#5917,
    #5918,#5919),.UNSPECIFIED.,.F.,.F.,(4,2,2,2,2,2,2,2,4),(0.,0.125,
    0.25,0.375,0.5,0.625,0.75,0.875,1.),.UNSPECIFIED.);
#5902 = CARTESIAN_POINT('',(-2.040919840125,1.886675967458));
#5903 = CARTESIAN_POINT('',(-2.055526746032,2.142383477299));
#5904 = CARTESIAN_POINT('',(-2.02085499467,2.390456346193));
#5905 = CARTESIAN_POINT('',(-1.851880991727,2.874406460291));
#5906 = CARTESIAN_POINT('',(-1.725042088666,3.090185300108));
#5907 = CARTESIAN_POINT('',(-1.383730775065,3.472633353853));
#5908 = CARTESIAN_POINT('',(-1.183971921548,3.623447860727));
#5909 = CARTESIAN_POINT('',(-0.722284850788,3.846169604837));
#5910 = CARTESIAN_POINT('',(-0.480017521445,3.909059637235));
#5911 = CARTESIAN_POINT('',(3.175763515286E-02,3.938147705147));
#5912 = CARTESIAN_POINT('',(0.279650435589,3.903538825736));
#5913 = CARTESIAN_POINT('',(0.763600549687,3.734564822793));
#5914 = CARTESIAN_POINT('',(0.979379389503,3.607725919733));
#5915 = CARTESIAN_POINT('',(1.361827443249,3.266414606131));
#5916 = CARTESIAN_POINT('',(1.512724697236,3.06648422346));
#5917 = CARTESIAN_POINT('',(1.73528094712,2.605140211009));
#5918 = CARTESIAN_POINT('',(1.798212593256,2.362140730001));
#5919 = CARTESIAN_POINT('',(1.812797760587,2.106813774212));
#5920 = ( GEOMETRIC_REPRESENTATION_CONTEXT(2) 
PARAMETRIC_REPRESENTATION_CONTEXT() REPRESENTATION_CONTEXT('2D SPACE',''
  ) );
#5921 = ORIENTED_EDGE('',*,*,#5507,.F.);
#5922 = ADVANCED_FACE('',(#5923),#854,.F.);
#5923 = FACE_BOUND('',#5924,.F.);
#5924 = EDGE_LOOP('',(#5925,#5945,#5946,#5947,#5967));
#5925 = ORIENTED_EDGE('',*,*,#5926,.T.);
#5926 = EDGE_CURVE('',#5644,#831,#5927,.T.);
#5927 = SURFACE_CURVE('',#5928,(#5933,#5939),.PCURVE_S1.);
#5928 = B_SPLINE_CURVE_WITH_KNOTS('',3,(#5929,#5930,#5931,#5932),
  .UNSPECIFIED.,.F.,.F.,(4,4),(0.,1.),.PIECEWISE_BEZIER_KNOTS.);
#5929 = CARTESIAN_POINT('',(-1.997041395257,24.66875644347,
    0.114279890084));
#5930 = CARTESIAN_POINT('',(-1.997041395257,24.222504295647,
    0.114279890084));
#5931 = CARTESIAN_POINT('',(-1.997041395257,23.776252147823,
    0.114279890084));
#5932 = CARTESIAN_POINT('',(-1.997226730552,23.33,0.114290541357));
#5933 = PCURVE('',#854,#5934);
#5934 = DEFINITIONAL_REPRESENTATION('',(#5935),#5938);
#5935 = B_SPLINE_CURVE_WITH_KNOTS('',1,(#5936,#5937),.UNSPECIFIED.,.F.,
  .F.,(2,2),(0.,1.),.PIECEWISE_BEZIER_KNOTS.);
#5936 = CARTESIAN_POINT('',(0.,-0.26124355653));
#5937 = CARTESIAN_POINT('',(3.20815821775E-08,-1.6));
#5938 = ( GEOMETRIC_REPRESENTATION_CONTEXT(2) 
PARAMETRIC_REPRESENTATION_CONTEXT() REPRESENTATION_CONTEXT('2D SPACE',''
  ) );
#5939 = PCURVE('',#1045,#5940);
#5940 = DEFINITIONAL_REPRESENTATION('',(#5941),#5944);
#5941 = B_SPLINE_CURVE_WITH_KNOTS('',1,(#5942,#5943),.UNSPECIFIED.,.F.,
  .F.,(2,2),(0.,1.),.PIECEWISE_BEZIER_KNOTS.);
#5942 = CARTESIAN_POINT('',(6.28318530718,-0.26124355653));
#5943 = CARTESIAN_POINT('',(6.283185339261,-1.6));
#5944 = ( GEOMETRIC_REPRESENTATION_CONTEXT(2) 
PARAMETRIC_REPRESENTATION_CONTEXT() REPRESENTATION_CONTEXT('2D SPACE',''
  ) );
#5945 = ORIENTED_EDGE('',*,*,#830,.T.);
#5946 = ORIENTED_EDGE('',*,*,#888,.T.);
#5947 = ORIENTED_EDGE('',*,*,#5948,.T.);
#5948 = EDGE_CURVE('',#889,#5508,#5949,.T.);
#5949 = SURFACE_CURVE('',#5950,(#5955,#5961),.PCURVE_S1.);
#5950 = B_SPLINE_CURVE_WITH_KNOTS('',3,(#5951,#5952,#5953,#5954),
  .UNSPECIFIED.,.F.,.F.,(4,4),(0.,1.),.PIECEWISE_BEZIER_KNOTS.);
#5951 = CARTESIAN_POINT('',(1.996633681709,23.33,-0.113852840727));
#5952 = CARTESIAN_POINT('',(1.996448346414,23.776252147823,
    -0.113842189454));
#5953 = CARTESIAN_POINT('',(1.996448346414,24.222504295647,
    -0.113842189454));
#5954 = CARTESIAN_POINT('',(1.996448346414,24.66875644347,
    -0.113842189454));
#5955 = PCURVE('',#854,#5956);
#5956 = DEFINITIONAL_REPRESENTATION('',(#5957),#5960);
#5957 = B_SPLINE_CURVE_WITH_KNOTS('',1,(#5958,#5959),.UNSPECIFIED.,.F.,
  .F.,(2,2),(0.,1.),.PIECEWISE_BEZIER_KNOTS.);
#5958 = CARTESIAN_POINT('',(3.141592685671,-1.6));
#5959 = CARTESIAN_POINT('',(3.14159265359,-0.26124355653));
#5960 = ( GEOMETRIC_REPRESENTATION_CONTEXT(2) 
PARAMETRIC_REPRESENTATION_CONTEXT() REPRESENTATION_CONTEXT('2D SPACE',''
  ) );
#5961 = PCURVE('',#1045,#5962);
#5962 = DEFINITIONAL_REPRESENTATION('',(#5963),#5966);
#5963 = B_SPLINE_CURVE_WITH_KNOTS('',1,(#5964,#5965),.UNSPECIFIED.,.F.,
  .F.,(2,2),(0.,1.),.PIECEWISE_BEZIER_KNOTS.);
#5964 = CARTESIAN_POINT('',(3.141592685671,-1.6));
#5965 = CARTESIAN_POINT('',(3.14159265359,-0.26124355653));
#5966 = ( GEOMETRIC_REPRESENTATION_CONTEXT(2) 
PARAMETRIC_REPRESENTATION_CONTEXT() REPRESENTATION_CONTEXT('2D SPACE',''
  ) );
#5967 = ORIENTED_EDGE('',*,*,#5665,.F.);
#5968 = ADVANCED_FACE('',(#5969,#6175),#5616,.F.);
#5969 = FACE_BOUND('',#5970,.T.);
#5970 = EDGE_LOOP('',(#5971,#6075));
#5971 = ORIENTED_EDGE('',*,*,#5972,.F.);
#5972 = EDGE_CURVE('',#5973,#5975,#5977,.T.);
#5973 = VERTEX_POINT('',#5974);
#5974 = CARTESIAN_POINT('',(-1.547773799319,24.93,8.861615613605E-02));
#5975 = VERTEX_POINT('',#5976);
#5976 = CARTESIAN_POINT('',(1.547180750476,24.93,-8.817845550601E-02));
#5977 = SURFACE_CURVE('',#5978,(#5997,#6019),.PCURVE_S1.);
#5978 = B_SPLINE_CURVE_WITH_KNOTS('',3,(#5979,#5980,#5981,#5982,#5983,
    #5984,#5985,#5986,#5987,#5988,#5989,#5990,#5991,#5992,#5993,#5994,
    #5995,#5996),.UNSPECIFIED.,.F.,.F.,(4,2,2,2,2,2,2,2,4),(0.,0.125,
    0.25,0.375,0.5,0.625,0.75,0.875,1.),.UNSPECIFIED.);
#5979 = CARTESIAN_POINT('',(-1.547773799319,24.93,8.861615613605E-02));
#5980 = CARTESIAN_POINT('',(-1.559344979592,24.93,-0.113948145465));
#5981 = CARTESIAN_POINT('',(-1.530634915718,24.93,-0.318733491923));
#5982 = CARTESIAN_POINT('',(-1.396979664539,24.93,-0.701879714422));
#5983 = CARTESIAN_POINT('',(-1.292087064868,24.93,-0.880089838786));
#5984 = CARTESIAN_POINT('',(-1.021982002368,24.93,-1.182923141438));
#5985 = CARTESIAN_POINT('',(-0.856875814346,24.93,-1.307427167753));
#5986 = CARTESIAN_POINT('',(-0.491441987781,24.93,-1.483843925418));
#5987 = CARTESIAN_POINT('',(-0.291258131843,24.93,-1.535687244309));
#5988 = CARTESIAN_POINT('',(0.113870471358,24.93,-1.558829604856));
#5989 = CARTESIAN_POINT('',(0.318655817816,24.93,-1.530119540982));
#5990 = CARTESIAN_POINT('',(0.701802040316,24.93,-1.396464289803));
#5991 = CARTESIAN_POINT('',(0.88001216468,24.93,-1.291571690132));
#5992 = CARTESIAN_POINT('',(1.182845467332,24.93,-1.021466627631));
#5993 = CARTESIAN_POINT('',(1.307349493646,24.93,-0.85636043961));
#5994 = CARTESIAN_POINT('',(1.483766251312,24.93,-0.490926613044));
#5995 = CARTESIAN_POINT('',(1.535609570202,24.93,-0.290742757107));
#5996 = CARTESIAN_POINT('',(1.547180750476,24.93,-8.817845550601E-02));
#5997 = PCURVE('',#5616,#5998);
#5998 = DEFINITIONAL_REPRESENTATION('',(#5999),#6018);
#5999 = B_SPLINE_CURVE_WITH_KNOTS('',3,(#6000,#6001,#6002,#6003,#6004,
    #6005,#6006,#6007,#6008,#6009,#6010,#6011,#6012,#6013,#6014,#6015,
    #6016,#6017),.UNSPECIFIED.,.F.,.F.,(4,2,2,2,2,2,2,2,4),(0.,0.125,
    0.25,0.375,0.5,0.625,0.75,0.875,1.),.UNSPECIFIED.);
#6000 = CARTESIAN_POINT('',(-1.661538314666,1.908347565014));
#6001 = CARTESIAN_POINT('',(-1.67310949494,2.110911866615));
#6002 = CARTESIAN_POINT('',(-1.644399431066,2.315697213073));
#6003 = CARTESIAN_POINT('',(-1.510744179887,2.698843435573));
#6004 = CARTESIAN_POINT('',(-1.405851580216,2.877053559937));
#6005 = CARTESIAN_POINT('',(-1.135746517715,3.179886862588));
#6006 = CARTESIAN_POINT('',(-0.970640329694,3.304390888903));
#6007 = CARTESIAN_POINT('',(-0.605206503128,3.480807646569));
#6008 = CARTESIAN_POINT('',(-0.405022647191,3.532650965459));
#6009 = CARTESIAN_POINT('',(1.059560104993E-04,3.555793326006));
#6010 = CARTESIAN_POINT('',(0.204891302469,3.527083262132));
#6011 = CARTESIAN_POINT('',(0.588037524968,3.393428010953));
#6012 = CARTESIAN_POINT('',(0.766247649332,3.288535411282));
#6013 = CARTESIAN_POINT('',(1.069080951984,3.018430348782));
#6014 = CARTESIAN_POINT('',(1.193584978299,2.85332416076));
#6015 = CARTESIAN_POINT('',(1.370001735964,2.487890334194));
#6016 = CARTESIAN_POINT('',(1.421845054855,2.287706478257));
#6017 = CARTESIAN_POINT('',(1.433416235128,2.085142176656));
#6018 = ( GEOMETRIC_REPRESENTATION_CONTEXT(2) 
PARAMETRIC_REPRESENTATION_CONTEXT() REPRESENTATION_CONTEXT('2D SPACE',''
  ) );
#6019 = PCURVE('',#6020,#6025);
#6020 = CONICAL_SURFACE('',#6021,1.5,0.785398163397);
#6021 = AXIS2_PLACEMENT_3D('',#6022,#6023,#6024);
#6022 = CARTESIAN_POINT('',(-2.965244213474E-04,24.88,2.1885031502E-04)
  );
#6023 = DIRECTION('',(0.,1.,0.));
#6024 = DIRECTION('',(-0.998372435418,0.,5.703051988454E-02));
#6025 = DEFINITIONAL_REPRESENTATION('',(#6026),#6074);
#6026 = B_SPLINE_CURVE_WITH_KNOTS('',3,(#6027,#6028,#6029,#6030,#6031,
    #6032,#6033,#6034,#6035,#6036,#6037,#6038,#6039,#6040,#6041,#6042,
    #6043,#6044,#6045,#6046,#6047,#6048,#6049,#6050,#6051,#6052,#6053,
    #6054,#6055,#6056,#6057,#6058,#6059,#6060,#6061,#6062,#6063,#6064,
    #6065,#6066,#6067,#6068,#6069,#6070,#6071,#6072,#6073),
  .UNSPECIFIED.,.F.,.F.,(4,1,1,1,1,1,1,1,1,1,1,1,1,1,1,1,1,1,1,1,1,1,1,1
    ,1,1,1,1,1,1,1,1,1,1,1,1,1,1,1,1,1,1,1,1,4),(0.,2.272727272727E-02,
    4.545454545455E-02,6.818181818182E-02,9.090909090909E-02,
    0.113636363636,0.136363636364,0.159090909091,0.181818181818,
    0.204545454545,0.227272727273,0.25,0.272727272727,0.295454545455,
    0.318181818182,0.340909090909,0.363636363636,0.386363636364,
    0.409090909091,0.431818181818,0.454545454545,0.477272727273,0.5,
    0.522727272727,0.545454545455,0.568181818182,0.590909090909,
    0.613636363636,0.636363636364,0.659090909091,0.681818181818,
    0.704545454545,0.727272727273,0.75,0.772727272727,0.795454545455,
    0.818181818182,0.840909090909,0.863636363636,0.886363636364,
    0.909090909091,0.931818181818,0.954545454545,0.977272727273,1.),
  .QUASI_UNIFORM_KNOTS.);
#6027 = CARTESIAN_POINT('',(6.28318530718,5.E-02));
#6028 = CARTESIAN_POINT('',(6.25938631524,4.99983949189E-02));
#6029 = CARTESIAN_POINT('',(6.211787929942,4.998457232171E-02));
#6030 = CARTESIAN_POINT('',(6.14038870857,4.995522887447E-02));
#6031 = CARTESIAN_POINT('',(6.068984679691,4.994864818849E-02));
#6032 = CARTESIAN_POINT('',(5.997582216434,4.996769661931E-02));
#6033 = CARTESIAN_POINT('',(5.926185665399,5.000023751552E-02));
#6034 = CARTESIAN_POINT('',(5.854786785359,5.000023264672E-02));
#6035 = CARTESIAN_POINT('',(5.783390235542,4.99677112257E-02));
#6036 = CARTESIAN_POINT('',(5.711987767414,4.994859463171E-02));
#6037 = CARTESIAN_POINT('',(5.6405837568,4.995542849517E-02));
#6038 = CARTESIAN_POINT('',(5.569184467241,4.998382739567E-02));
#6039 = CARTESIAN_POINT('',(5.497787143782,5.000808630094E-02));
#6040 = CARTESIAN_POINT('',(5.426389820324,4.998382740059E-02));
#6041 = CARTESIAN_POINT('',(5.354990530763,4.995542847548E-02));
#6042 = CARTESIAN_POINT('',(5.283586520155,4.994859470555E-02));
#6043 = CARTESIAN_POINT('',(5.212184052002,4.996771095002E-02));
#6044 = CARTESIAN_POINT('',(5.140787502279,5.000023367562E-02));
#6045 = CARTESIAN_POINT('',(5.069388621888,5.000023367562E-02));
#6046 = CARTESIAN_POINT('',(4.997992072165,4.996771095001E-02));
#6047 = CARTESIAN_POINT('',(4.926589604012,4.994859470558E-02));
#6048 = CARTESIAN_POINT('',(4.855185593404,4.995542847538E-02));
#6049 = CARTESIAN_POINT('',(4.783786303843,4.998382740098E-02));
#6050 = CARTESIAN_POINT('',(4.712388980385,5.000808629951E-02));
#6051 = CARTESIAN_POINT('',(4.640991656927,4.998382740098E-02));
#6052 = CARTESIAN_POINT('',(4.569592367365,4.995542847538E-02));
#6053 = CARTESIAN_POINT('',(4.498188356758,4.994859470558E-02));
#6054 = CARTESIAN_POINT('',(4.426785888605,4.996771095001E-02));
#6055 = CARTESIAN_POINT('',(4.355389338882,5.000023367562E-02));
#6056 = CARTESIAN_POINT('',(4.28399045849,5.000023367562E-02));
#6057 = CARTESIAN_POINT('',(4.212593908767,4.996771095002E-02));
#6058 = CARTESIAN_POINT('',(4.141191440614,4.994859470556E-02));
#6059 = CARTESIAN_POINT('',(4.069787430007,4.995542847548E-02));
#6060 = CARTESIAN_POINT('',(3.998388140445,4.99838274006E-02));
#6061 = CARTESIAN_POINT('',(3.926990816987,5.000808630093E-02));
#6062 = CARTESIAN_POINT('',(3.855593493529,4.998382739567E-02));
#6063 = CARTESIAN_POINT('',(3.784194203969,4.995542849517E-02));
#6064 = CARTESIAN_POINT('',(3.712790193355,4.994859463171E-02));
#6065 = CARTESIAN_POINT('',(3.641387725227,4.99677112257E-02));
#6066 = CARTESIAN_POINT('',(3.56999117541,5.000023264672E-02));
#6067 = CARTESIAN_POINT('',(3.49859229537,5.000023751552E-02));
#6068 = CARTESIAN_POINT('',(3.427195744335,4.996769661931E-02));
#6069 = CARTESIAN_POINT('',(3.355793281078,4.994864818849E-02));
#6070 = CARTESIAN_POINT('',(3.284389252199,4.995522887447E-02));
#6071 = CARTESIAN_POINT('',(3.212990030828,4.998457232171E-02));
#6072 = CARTESIAN_POINT('',(3.165391645529,4.99983949189E-02));
#6073 = CARTESIAN_POINT('',(3.14159265359,5.E-02));
#6074 = ( GEOMETRIC_REPRESENTATION_CONTEXT(2) 
PARAMETRIC_REPRESENTATION_CONTEXT() REPRESENTATION_CONTEXT('2D SPACE',''
  ) );
#6075 = ORIENTED_EDGE('',*,*,#6076,.F.);
#6076 = EDGE_CURVE('',#5975,#5973,#6077,.T.);
#6077 = SURFACE_CURVE('',#6078,(#6097,#6119),.PCURVE_S1.);
#6078 = B_SPLINE_CURVE_WITH_KNOTS('',3,(#6079,#6080,#6081,#6082,#6083,
    #6084,#6085,#6086,#6087,#6088,#6089,#6090,#6091,#6092,#6093,#6094,
    #6095,#6096),.UNSPECIFIED.,.F.,.F.,(4,2,2,2,2,2,2,2,4),(0.,0.125,
    0.25,0.375,0.5,0.625,0.75,0.875,1.),.UNSPECIFIED.);
#6079 = CARTESIAN_POINT('',(1.547180750476,24.93,-8.817845550601E-02));
#6080 = CARTESIAN_POINT('',(1.558751930749,24.93,0.114385846095));
#6081 = CARTESIAN_POINT('',(1.530041866875,24.93,0.319171192553));
#6082 = CARTESIAN_POINT('',(1.396386615697,24.93,0.702317415052));
#6083 = CARTESIAN_POINT('',(1.291494016026,24.93,0.880527539416));
#6084 = CARTESIAN_POINT('',(1.021388953525,24.93,1.183360842068));
#6085 = CARTESIAN_POINT('',(0.856282765503,24.93,1.307864868383));
#6086 = CARTESIAN_POINT('',(0.490848938938,24.93,1.484281626048));
#6087 = CARTESIAN_POINT('',(0.290665083,24.93,1.536124944939));
#6088 = CARTESIAN_POINT('',(-0.114463520201,24.93,1.559267305486));
#6089 = CARTESIAN_POINT('',(-0.319248866659,24.93,1.530557241612));
#6090 = CARTESIAN_POINT('',(-0.702395089159,24.93,1.396901990433));
#6091 = CARTESIAN_POINT('',(-0.880605213523,24.93,1.292009390762));
#6092 = CARTESIAN_POINT('',(-1.183438516174,24.93,1.021904328261));
#6093 = CARTESIAN_POINT('',(-1.307942542489,24.93,0.85679814024));
#6094 = CARTESIAN_POINT('',(-1.484359300155,24.93,0.491364313674));
#6095 = CARTESIAN_POINT('',(-1.536202619045,24.93,0.291180457737));
#6096 = CARTESIAN_POINT('',(-1.547773799319,24.93,8.861615613605E-02));
#6097 = PCURVE('',#5616,#6098);
#6098 = DEFINITIONAL_REPRESENTATION('',(#6099),#6118);
#6099 = B_SPLINE_CURVE_WITH_KNOTS('',3,(#6100,#6101,#6102,#6103,#6104,
    #6105,#6106,#6107,#6108,#6109,#6110,#6111,#6112,#6113,#6114,#6115,
    #6116,#6117),.UNSPECIFIED.,.F.,.F.,(4,2,2,2,2,2,2,2,4),(0.,0.125,
    0.25,0.375,0.5,0.625,0.75,0.875,1.),.UNSPECIFIED.);
#6100 = CARTESIAN_POINT('',(1.433416235128,2.085142176656));
#6101 = CARTESIAN_POINT('',(1.444987415402,1.882577875056));
#6102 = CARTESIAN_POINT('',(1.416277351528,1.677792528598));
#6103 = CARTESIAN_POINT('',(1.282622100349,1.294646306098));
#6104 = CARTESIAN_POINT('',(1.177729500678,1.116436181734));
#6105 = CARTESIAN_POINT('',(0.907624438177,0.813602879082));
#6106 = CARTESIAN_POINT('',(0.742518250155,0.689098852768));
#6107 = CARTESIAN_POINT('',(0.37708442359,0.512682095102));
#6108 = CARTESIAN_POINT('',(0.176900567653,0.460838776211));
#6109 = CARTESIAN_POINT('',(-0.228228035549,0.437696415664));
#6110 = CARTESIAN_POINT('',(-0.433013382007,0.466406479538));
#6111 = CARTESIAN_POINT('',(-0.816159604506,0.600061730717));
#6112 = CARTESIAN_POINT('',(-0.994369728871,0.704954330388));
#6113 = CARTESIAN_POINT('',(-1.297203031522,0.975059392889));
#6114 = CARTESIAN_POINT('',(-1.421707057837,1.140165580911));
#6115 = CARTESIAN_POINT('',(-1.598123815502,1.505599407476));
#6116 = CARTESIAN_POINT('',(-1.649967134393,1.705783263414));
#6117 = CARTESIAN_POINT('',(-1.661538314666,1.908347565014));
#6118 = ( GEOMETRIC_REPRESENTATION_CONTEXT(2) 
PARAMETRIC_REPRESENTATION_CONTEXT() REPRESENTATION_CONTEXT('2D SPACE',''
  ) );
#6119 = PCURVE('',#6120,#6125);
#6120 = CONICAL_SURFACE('',#6121,1.5,0.785398163397);
#6121 = AXIS2_PLACEMENT_3D('',#6122,#6123,#6124);
#6122 = CARTESIAN_POINT('',(-2.965244213474E-04,24.88,2.1885031502E-04)
  );
#6123 = DIRECTION('',(0.,1.,0.));
#6124 = DIRECTION('',(-0.998372435418,0.,5.703051988454E-02));
#6125 = DEFINITIONAL_REPRESENTATION('',(#6126),#6174);
#6126 = B_SPLINE_CURVE_WITH_KNOTS('',3,(#6127,#6128,#6129,#6130,#6131,
    #6132,#6133,#6134,#6135,#6136,#6137,#6138,#6139,#6140,#6141,#6142,
    #6143,#6144,#6145,#6146,#6147,#6148,#6149,#6150,#6151,#6152,#6153,
    #6154,#6155,#6156,#6157,#6158,#6159,#6160,#6161,#6162,#6163,#6164,
    #6165,#6166,#6167,#6168,#6169,#6170,#6171,#6172,#6173),
  .UNSPECIFIED.,.F.,.F.,(4,1,1,1,1,1,1,1,1,1,1,1,1,1,1,1,1,1,1,1,1,1,1,1
    ,1,1,1,1,1,1,1,1,1,1,1,1,1,1,1,1,1,1,1,1,4),(0.,2.272727272727E-02,
    4.545454545455E-02,6.818181818182E-02,9.090909090909E-02,
    0.113636363636,0.136363636364,0.159090909091,0.181818181818,
    0.204545454545,0.227272727273,0.25,0.272727272727,0.295454545455,
    0.318181818182,0.340909090909,0.363636363636,0.386363636364,
    0.409090909091,0.431818181818,0.454545454545,0.477272727273,0.5,
    0.522727272727,0.545454545455,0.568181818182,0.590909090909,
    0.613636363636,0.636363636364,0.659090909091,0.681818181818,
    0.704545454545,0.727272727273,0.75,0.772727272727,0.795454545455,
    0.818181818182,0.840909090909,0.863636363636,0.886363636364,
    0.909090909091,0.931818181818,0.954545454545,0.977272727273,1.),
  .QUASI_UNIFORM_KNOTS.);
#6127 = CARTESIAN_POINT('',(3.14159265359,5.E-02));
#6128 = CARTESIAN_POINT('',(3.11779366165,4.99983949189E-02));
#6129 = CARTESIAN_POINT('',(3.070195276352,4.998457232171E-02));
#6130 = CARTESIAN_POINT('',(2.99879605498,4.995522887447E-02));
#6131 = CARTESIAN_POINT('',(2.927392026102,4.994864818848E-02));
#6132 = CARTESIAN_POINT('',(2.855989562844,4.996769661931E-02));
#6133 = CARTESIAN_POINT('',(2.78459301181,5.000023751552E-02));
#6134 = CARTESIAN_POINT('',(2.71319413177,5.000023264672E-02));
#6135 = CARTESIAN_POINT('',(2.641797581952,4.996771122571E-02));
#6136 = CARTESIAN_POINT('',(2.570395113825,4.994859463171E-02));
#6137 = CARTESIAN_POINT('',(2.498991103211,4.995542849518E-02));
#6138 = CARTESIAN_POINT('',(2.427591813651,4.998382739568E-02));
#6139 = CARTESIAN_POINT('',(2.356194490192,5.000808630094E-02));
#6140 = CARTESIAN_POINT('',(2.284797166734,4.99838274006E-02));
#6141 = CARTESIAN_POINT('',(2.213397877173,4.995542847548E-02));
#6142 = CARTESIAN_POINT('',(2.141993866565,4.994859470556E-02));
#6143 = CARTESIAN_POINT('',(2.070591398412,4.996771095002E-02));
#6144 = CARTESIAN_POINT('',(1.999194848689,5.000023367562E-02));
#6145 = CARTESIAN_POINT('',(1.927795968298,5.000023367562E-02));
#6146 = CARTESIAN_POINT('',(1.856399418575,4.996771095001E-02));
#6147 = CARTESIAN_POINT('',(1.784996950422,4.994859470559E-02));
#6148 = CARTESIAN_POINT('',(1.713592939814,4.995542847538E-02));
#6149 = CARTESIAN_POINT('',(1.642193650253,4.998382740098E-02));
#6150 = CARTESIAN_POINT('',(1.570796326795,5.000808629952E-02));
#6151 = CARTESIAN_POINT('',(1.499399003337,4.998382740098E-02));
#6152 = CARTESIAN_POINT('',(1.427999713775,4.995542847538E-02));
#6153 = CARTESIAN_POINT('',(1.356595703168,4.994859470558E-02));
#6154 = CARTESIAN_POINT('',(1.285193235015,4.996771095001E-02));
#6155 = CARTESIAN_POINT('',(1.213796685292,5.000023367562E-02));
#6156 = CARTESIAN_POINT('',(1.1423978049,5.000023367562E-02));
#6157 = CARTESIAN_POINT('',(1.071001255177,4.996771095002E-02));
#6158 = CARTESIAN_POINT('',(0.999598787024,4.994859470556E-02));
#6159 = CARTESIAN_POINT('',(0.928194776417,4.995542847548E-02));
#6160 = CARTESIAN_POINT('',(0.856795486856,4.998382740059E-02));
#6161 = CARTESIAN_POINT('',(0.785398163398,5.000808630094E-02));
#6162 = CARTESIAN_POINT('',(0.714000839939,4.998382739568E-02));
#6163 = CARTESIAN_POINT('',(0.642601550379,4.995542849517E-02));
#6164 = CARTESIAN_POINT('',(0.571197539765,4.994859463171E-02));
#6165 = CARTESIAN_POINT('',(0.499795071637,4.996771122571E-02));
#6166 = CARTESIAN_POINT('',(0.42839852182,5.000023264672E-02));
#6167 = CARTESIAN_POINT('',(0.35699964178,5.000023751552E-02));
#6168 = CARTESIAN_POINT('',(0.285603090745,4.996769661931E-02));
#6169 = CARTESIAN_POINT('',(0.214200627488,4.994864818849E-02));
#6170 = CARTESIAN_POINT('',(0.142796598609,4.995522887447E-02));
#6171 = CARTESIAN_POINT('',(7.139737723806E-02,4.998457232171E-02));
#6172 = CARTESIAN_POINT('',(2.379899193962E-02,4.99983949189E-02));
#6173 = CARTESIAN_POINT('',(0.,5.E-02));
#6174 = ( GEOMETRIC_REPRESENTATION_CONTEXT(2) 
PARAMETRIC_REPRESENTATION_CONTEXT() REPRESENTATION_CONTEXT('2D SPACE',''
  ) );
#6175 = FACE_BOUND('',#6176,.T.);
#6176 = EDGE_LOOP('',(#6177,#6178));
#6177 = ORIENTED_EDGE('',*,*,#5827,.T.);
#6178 = ORIENTED_EDGE('',*,*,#5541,.T.);
#6179 = ADVANCED_FACE('',(#6180),#1045,.F.);
#6180 = FACE_BOUND('',#6181,.F.);
#6181 = EDGE_LOOP('',(#6182,#6183,#6184,#6185,#6186));
#6182 = ORIENTED_EDGE('',*,*,#5747,.F.);
#6183 = ORIENTED_EDGE('',*,*,#5948,.F.);
#6184 = ORIENTED_EDGE('',*,*,#1023,.T.);
#6185 = ORIENTED_EDGE('',*,*,#1079,.T.);
#6186 = ORIENTED_EDGE('',*,*,#5926,.F.);
#6187 = ADVANCED_FACE('',(#6188),#6120,.T.);
#6188 = FACE_BOUND('',#6189,.T.);
#6189 = EDGE_LOOP('',(#6190,#6267,#6287,#6288));
#6190 = ORIENTED_EDGE('',*,*,#6191,.T.);
#6191 = EDGE_CURVE('',#6192,#6194,#6196,.T.);
#6192 = VERTEX_POINT('',#6193);
#6193 = CARTESIAN_POINT('',(-1.497855177548,24.88,8.576463014182E-02));
#6194 = VERTEX_POINT('',#6195);
#6195 = CARTESIAN_POINT('',(1.497262128705,24.88,-8.532692951178E-02));
#6196 = SURFACE_CURVE('',#6197,(#6216),.PCURVE_S1.);
#6197 = B_SPLINE_CURVE_WITH_KNOTS('',3,(#6198,#6199,#6200,#6201,#6202,
    #6203,#6204,#6205,#6206,#6207,#6208,#6209,#6210,#6211,#6212,#6213,
    #6214,#6215),.UNSPECIFIED.,.F.,.F.,(4,2,2,2,2,2,2,2,4),(0.,0.125,
    0.25,0.375,0.5,0.625,0.75,0.875,1.),.UNSPECIFIED.);
#6198 = CARTESIAN_POINT('',(-1.497855177548,24.88,8.576463014182E-02));
#6199 = CARTESIAN_POINT('',(-1.486657261154,24.88,0.281794599433));
#6200 = CARTESIAN_POINT('',(-1.436486307389,24.88,0.47552091163));
#6201 = CARTESIAN_POINT('',(-1.265760412874,24.88,0.829166550242));
#6202 = CARTESIAN_POINT('',(-1.145272645473,24.88,0.988946732199));
#6203 = CARTESIAN_POINT('',(-0.852208159036,24.88,1.250338728167));
#6204 = CARTESIAN_POINT('',(-0.679746748361,24.88,1.35184769559));
#6205 = CARTESIAN_POINT('',(-0.308960081426,24.88,1.481191487054));
#6206 = CARTESIAN_POINT('',(-0.110780713885,24.88,1.508975419835));
#6207 = CARTESIAN_POINT('',(0.281279224696,24.88,1.486579587048));
#6208 = CARTESIAN_POINT('',(0.475005536894,24.88,1.436408633283));
#6209 = CARTESIAN_POINT('',(0.828651175506,24.88,1.265682738768));
#6210 = CARTESIAN_POINT('',(0.988431357462,24.88,1.145194971366));
#6211 = CARTESIAN_POINT('',(1.249823353431,24.88,0.852130484929));
#6212 = CARTESIAN_POINT('',(1.351332320854,24.88,0.679669074254));
#6213 = CARTESIAN_POINT('',(1.480676112318,24.88,0.308882407319));
#6214 = CARTESIAN_POINT('',(1.508460045099,24.88,0.110703039779));
#6215 = CARTESIAN_POINT('',(1.497262128705,24.88,-8.532692951178E-02));
#6216 = PCURVE('',#6120,#6217);
#6217 = DEFINITIONAL_REPRESENTATION('',(#6218),#6266);
#6218 = B_SPLINE_CURVE_WITH_KNOTS('',3,(#6219,#6220,#6221,#6222,#6223,
    #6224,#6225,#6226,#6227,#6228,#6229,#6230,#6231,#6232,#6233,#6234,
    #6235,#6236,#6237,#6238,#6239,#6240,#6241,#6242,#6243,#6244,#6245,
    #6246,#6247,#6248,#6249,#6250,#6251,#6252,#6253,#6254,#6255,#6256,
    #6257,#6258,#6259,#6260,#6261,#6262,#6263,#6264,#6265),
  .UNSPECIFIED.,.F.,.F.,(4,1,1,1,1,1,1,1,1,1,1,1,1,1,1,1,1,1,1,1,1,1,1,1
    ,1,1,1,1,1,1,1,1,1,1,1,1,1,1,1,1,1,1,1,1,4),(0.,2.272727272727E-02,
    4.545454545455E-02,6.818181818182E-02,9.090909090909E-02,
    0.113636363636,0.136363636364,0.159090909091,0.181818181818,
    0.204545454545,0.227272727273,0.25,0.272727272727,0.295454545455,
    0.318181818182,0.340909090909,0.363636363636,0.386363636364,
    0.409090909091,0.431818181818,0.454545454545,0.477272727273,0.5,
    0.522727272727,0.545454545455,0.568181818182,0.590909090909,
    0.613636363636,0.636363636364,0.659090909091,0.681818181818,
    0.704545454545,0.727272727273,0.75,0.772727272727,0.795454545455,
    0.818181818182,0.840909090909,0.863636363636,0.886363636364,
    0.909090909091,0.931818181818,0.954545454545,0.977272727273,1.),
  .QUASI_UNIFORM_KNOTS.);
#6219 = CARTESIAN_POINT('',(0.,-4.748744721162E-18));
#6220 = CARTESIAN_POINT('',(2.379899193962E-02,-1.553304289274E-06));
#6221 = CARTESIAN_POINT('',(7.139737723806E-02,-1.493001124881E-05));
#6222 = CARTESIAN_POINT('',(0.142796598609,-4.332689567849E-05));
#6223 = CARTESIAN_POINT('',(0.214200627488,-4.969530146263E-05));
#6224 = CARTESIAN_POINT('',(0.285603090745,-3.126133615694E-05));
#6225 = CARTESIAN_POINT('',(0.35699964178,2.298537329758E-07));
#6226 = CARTESIAN_POINT('',(0.42839852182,2.251419865608E-07));
#6227 = CARTESIAN_POINT('',(0.499795071637,-3.124720092969E-05));
#6228 = CARTESIAN_POINT('',(0.571197539765,-4.974713060325E-05));
#6229 = CARTESIAN_POINT('',(0.642601550379,-4.313371435392E-05));
#6230 = CARTESIAN_POINT('',(0.714000839939,-1.565090741645E-05));
#6231 = CARTESIAN_POINT('',(0.785398163398,7.825452514524E-06));
#6232 = CARTESIAN_POINT('',(0.856795486856,-1.56509026523E-05));
#6233 = CARTESIAN_POINT('',(0.928194776417,-4.313373341053E-05));
#6234 = CARTESIAN_POINT('',(0.999598787024,-4.974705914098E-05));
#6235 = CARTESIAN_POINT('',(1.071001255177,-3.124746772217E-05));
#6236 = CARTESIAN_POINT('',(1.1423978049,2.261376942171E-07));
#6237 = CARTESIAN_POINT('',(1.213796685292,2.261376968311E-07));
#6238 = CARTESIAN_POINT('',(1.285193235015,-3.124746773001E-05));
#6239 = CARTESIAN_POINT('',(1.356595703168,-4.974705911223E-05));
#6240 = CARTESIAN_POINT('',(1.427999713775,-4.313373350504E-05));
#6241 = CARTESIAN_POINT('',(1.499399003337,-1.565090227967E-05));
#6242 = CARTESIAN_POINT('',(1.570796326795,7.825451141154E-06));
#6243 = CARTESIAN_POINT('',(1.642193650253,-1.565090228428E-05));
#6244 = CARTESIAN_POINT('',(1.713592939814,-4.313373350923E-05));
#6245 = CARTESIAN_POINT('',(1.784996950422,-4.974705911351E-05));
#6246 = CARTESIAN_POINT('',(1.856399418575,-3.124746773135E-05));
#6247 = CARTESIAN_POINT('',(1.927795968298,2.261376941569E-07));
#6248 = CARTESIAN_POINT('',(1.999194848689,2.261376949324E-07));
#6249 = CARTESIAN_POINT('',(2.070591398412,-3.124746772302E-05));
#6250 = CARTESIAN_POINT('',(2.141993866565,-4.974705913829E-05));
#6251 = CARTESIAN_POINT('',(2.213397877173,-4.313373340914E-05));
#6252 = CARTESIAN_POINT('',(2.284797166734,-1.56509026499E-05));
#6253 = CARTESIAN_POINT('',(2.356194490192,7.825452514192E-06));
#6254 = CARTESIAN_POINT('',(2.427591813651,-1.565090741619E-05));
#6255 = CARTESIAN_POINT('',(2.498991103211,-4.31337143533E-05));
#6256 = CARTESIAN_POINT('',(2.570395113825,-4.974713060467E-05));
#6257 = CARTESIAN_POINT('',(2.641797581952,-3.124720093463E-05));
#6258 = CARTESIAN_POINT('',(2.71319413177,2.251419870878E-07));
#6259 = CARTESIAN_POINT('',(2.78459301181,2.298537271478E-07));
#6260 = CARTESIAN_POINT('',(2.855989562844,-3.126133615481E-05));
#6261 = CARTESIAN_POINT('',(2.927392026102,-4.969530146601E-05));
#6262 = CARTESIAN_POINT('',(2.99879605498,-4.332689567644E-05));
#6263 = CARTESIAN_POINT('',(3.070195276352,-1.493001125162E-05));
#6264 = CARTESIAN_POINT('',(3.11779366165,-1.553304291629E-06));
#6265 = CARTESIAN_POINT('',(3.14159265359,-3.330669073875E-16));
#6266 = ( GEOMETRIC_REPRESENTATION_CONTEXT(2) 
PARAMETRIC_REPRESENTATION_CONTEXT() REPRESENTATION_CONTEXT('2D SPACE',''
  ) );
#6267 = ORIENTED_EDGE('',*,*,#6268,.T.);
#6268 = EDGE_CURVE('',#6194,#5975,#6269,.T.);
#6269 = SURFACE_CURVE('',#6270,(#6275,#6281),.PCURVE_S1.);
#6270 = B_SPLINE_CURVE_WITH_KNOTS('',3,(#6271,#6272,#6273,#6274),
  .UNSPECIFIED.,.F.,.F.,(4,4),(0.,1.),.PIECEWISE_BEZIER_KNOTS.);
#6271 = CARTESIAN_POINT('',(1.497262128705,24.88,-8.532692951178E-02));
#6272 = CARTESIAN_POINT('',(1.513901669295,24.896666666667,
    -8.627743817653E-02));
#6273 = CARTESIAN_POINT('',(1.530541209886,24.913333333333,
    -8.722794684127E-02));
#6274 = CARTESIAN_POINT('',(1.547180750476,24.93,-8.817845550601E-02));
#6275 = PCURVE('',#6120,#6276);
#6276 = DEFINITIONAL_REPRESENTATION('',(#6277),#6280);
#6277 = B_SPLINE_CURVE_WITH_KNOTS('',1,(#6278,#6279),.UNSPECIFIED.,.F.,
  .F.,(2,2),(0.,1.),.PIECEWISE_BEZIER_KNOTS.);
#6278 = CARTESIAN_POINT('',(3.14159265359,-3.330669073875E-16));
#6279 = CARTESIAN_POINT('',(3.14159265359,5.E-02));
#6280 = ( GEOMETRIC_REPRESENTATION_CONTEXT(2) 
PARAMETRIC_REPRESENTATION_CONTEXT() REPRESENTATION_CONTEXT('2D SPACE',''
  ) );
#6281 = PCURVE('',#6020,#6282);
#6282 = DEFINITIONAL_REPRESENTATION('',(#6283),#6286);
#6283 = B_SPLINE_CURVE_WITH_KNOTS('',1,(#6284,#6285),.UNSPECIFIED.,.F.,
  .F.,(2,2),(0.,1.),.PIECEWISE_BEZIER_KNOTS.);
#6284 = CARTESIAN_POINT('',(3.14159265359,-3.330669073875E-16));
#6285 = CARTESIAN_POINT('',(3.14159265359,5.E-02));
#6286 = ( GEOMETRIC_REPRESENTATION_CONTEXT(2) 
PARAMETRIC_REPRESENTATION_CONTEXT() REPRESENTATION_CONTEXT('2D SPACE',''
  ) );
#6287 = ORIENTED_EDGE('',*,*,#6076,.T.);
#6288 = ORIENTED_EDGE('',*,*,#6289,.T.);
#6289 = EDGE_CURVE('',#5973,#6192,#6290,.T.);
#6290 = SURFACE_CURVE('',#6291,(#6296,#6302),.PCURVE_S1.);
#6291 = B_SPLINE_CURVE_WITH_KNOTS('',3,(#6292,#6293,#6294,#6295),
  .UNSPECIFIED.,.F.,.F.,(4,4),(0.,1.),.PIECEWISE_BEZIER_KNOTS.);
#6292 = CARTESIAN_POINT('',(-1.547773799319,24.93,8.861615613605E-02));
#6293 = CARTESIAN_POINT('',(-1.531134258728,24.913333333333,
    8.766564747131E-02));
#6294 = CARTESIAN_POINT('',(-1.514494718138,24.896666666667,
    8.671513880657E-02));
#6295 = CARTESIAN_POINT('',(-1.497855177548,24.88,8.576463014182E-02));
#6296 = PCURVE('',#6120,#6297);
#6297 = DEFINITIONAL_REPRESENTATION('',(#6298),#6301);
#6298 = B_SPLINE_CURVE_WITH_KNOTS('',1,(#6299,#6300),.UNSPECIFIED.,.F.,
  .F.,(2,2),(0.,1.),.PIECEWISE_BEZIER_KNOTS.);
#6299 = CARTESIAN_POINT('',(0.,5.E-02));
#6300 = CARTESIAN_POINT('',(0.,1.110223024625E-16));
#6301 = ( GEOMETRIC_REPRESENTATION_CONTEXT(2) 
PARAMETRIC_REPRESENTATION_CONTEXT() REPRESENTATION_CONTEXT('2D SPACE',''
  ) );
#6302 = PCURVE('',#6020,#6303);
#6303 = DEFINITIONAL_REPRESENTATION('',(#6304),#6307);
#6304 = B_SPLINE_CURVE_WITH_KNOTS('',1,(#6305,#6306),.UNSPECIFIED.,.F.,
  .F.,(2,2),(0.,1.),.PIECEWISE_BEZIER_KNOTS.);
#6305 = CARTESIAN_POINT('',(6.28318530718,5.E-02));
#6306 = CARTESIAN_POINT('',(6.28318530718,1.110223024625E-16));
#6307 = ( GEOMETRIC_REPRESENTATION_CONTEXT(2) 
PARAMETRIC_REPRESENTATION_CONTEXT() REPRESENTATION_CONTEXT('2D SPACE',''
  ) );
#6308 = ADVANCED_FACE('',(#6309),#6020,.T.);
#6309 = FACE_BOUND('',#6310,.T.);
#6310 = EDGE_LOOP('',(#6311,#6312,#6385,#6386));
#6311 = ORIENTED_EDGE('',*,*,#6268,.F.);
#6312 = ORIENTED_EDGE('',*,*,#6313,.T.);
#6313 = EDGE_CURVE('',#6194,#6192,#6314,.T.);
#6314 = SURFACE_CURVE('',#6315,(#6334),.PCURVE_S1.);
#6315 = B_SPLINE_CURVE_WITH_KNOTS('',3,(#6316,#6317,#6318,#6319,#6320,
    #6321,#6322,#6323,#6324,#6325,#6326,#6327,#6328,#6329,#6330,#6331,
    #6332,#6333),.UNSPECIFIED.,.F.,.F.,(4,2,2,2,2,2,2,2,4),(0.,0.125,
    0.25,0.375,0.5,0.625,0.75,0.875,1.),.UNSPECIFIED.);
#6316 = CARTESIAN_POINT('',(1.497262128705,24.88,-8.532692951178E-02));
#6317 = CARTESIAN_POINT('',(1.486064212311,24.88,-0.281356898803));
#6318 = CARTESIAN_POINT('',(1.435893258546,24.88,-0.475083211));
#6319 = CARTESIAN_POINT('',(1.265167364031,24.88,-0.828728849612));
#6320 = CARTESIAN_POINT('',(1.14467959663,24.88,-0.988509031568));
#6321 = CARTESIAN_POINT('',(0.851615110193,24.88,-1.249901027537));
#6322 = CARTESIAN_POINT('',(0.679153699518,24.88,-1.35140999496));
#6323 = CARTESIAN_POINT('',(0.308367032583,24.88,-1.480753786424));
#6324 = CARTESIAN_POINT('',(0.110187665043,24.88,-1.508537719205));
#6325 = CARTESIAN_POINT('',(-0.281872273539,24.88,-1.486141886418));
#6326 = CARTESIAN_POINT('',(-0.475598585737,24.88,-1.435970932653));
#6327 = CARTESIAN_POINT('',(-0.829244224348,24.88,-1.265245038138));
#6328 = CARTESIAN_POINT('',(-0.989024406305,24.88,-1.144757270736));
#6329 = CARTESIAN_POINT('',(-1.250416402273,24.88,-0.851692784299));
#6330 = CARTESIAN_POINT('',(-1.351925369697,24.88,-0.679231373624));
#6331 = CARTESIAN_POINT('',(-1.48126916116,24.88,-0.308444706689));
#6332 = CARTESIAN_POINT('',(-1.509053093941,24.88,-0.110265339149));
#6333 = CARTESIAN_POINT('',(-1.497855177548,24.88,8.576463014182E-02));
#6334 = PCURVE('',#6020,#6335);
#6335 = DEFINITIONAL_REPRESENTATION('',(#6336),#6384);
#6336 = B_SPLINE_CURVE_WITH_KNOTS('',3,(#6337,#6338,#6339,#6340,#6341,
    #6342,#6343,#6344,#6345,#6346,#6347,#6348,#6349,#6350,#6351,#6352,
    #6353,#6354,#6355,#6356,#6357,#6358,#6359,#6360,#6361,#6362,#6363,
    #6364,#6365,#6366,#6367,#6368,#6369,#6370,#6371,#6372,#6373,#6374,
    #6375,#6376,#6377,#6378,#6379,#6380,#6381,#6382,#6383),
  .UNSPECIFIED.,.F.,.F.,(4,1,1,1,1,1,1,1,1,1,1,1,1,1,1,1,1,1,1,1,1,1,1,1
    ,1,1,1,1,1,1,1,1,1,1,1,1,1,1,1,1,1,1,1,1,4),(0.,2.272727272727E-02,
    4.545454545455E-02,6.818181818182E-02,9.090909090909E-02,
    0.113636363636,0.136363636364,0.159090909091,0.181818181818,
    0.204545454545,0.227272727273,0.25,0.272727272727,0.295454545455,
    0.318181818182,0.340909090909,0.363636363636,0.386363636364,
    0.409090909091,0.431818181818,0.454545454545,0.477272727273,0.5,
    0.522727272727,0.545454545455,0.568181818182,0.590909090909,
    0.613636363636,0.636363636364,0.659090909091,0.681818181818,
    0.704545454545,0.727272727273,0.75,0.772727272727,0.795454545455,
    0.818181818182,0.840909090909,0.863636363636,0.886363636364,
    0.909090909091,0.931818181818,0.954545454545,0.977272727273,1.),
  .QUASI_UNIFORM_KNOTS.);
#6337 = CARTESIAN_POINT('',(3.14159265359,-3.330669073875E-16));
#6338 = CARTESIAN_POINT('',(3.165391645529,-1.553304289809E-06));
#6339 = CARTESIAN_POINT('',(3.212990030828,-1.493001124925E-05));
#6340 = CARTESIAN_POINT('',(3.284389252199,-4.332689567679E-05));
#6341 = CARTESIAN_POINT('',(3.355793281078,-4.969530146766E-05));
#6342 = CARTESIAN_POINT('',(3.427195744335,-3.126133614852E-05));
#6343 = CARTESIAN_POINT('',(3.49859229537,2.298537276478E-07));
#6344 = CARTESIAN_POINT('',(3.56999117541,2.251419887968E-07));
#6345 = CARTESIAN_POINT('',(3.641387725227,-3.124720093064E-05));
#6346 = CARTESIAN_POINT('',(3.712790193355,-4.974713060168E-05));
#6347 = CARTESIAN_POINT('',(3.784194203969,-4.313371434593E-05));
#6348 = CARTESIAN_POINT('',(3.855593493529,-1.565090741536E-05));
#6349 = CARTESIAN_POINT('',(3.926990816987,7.825452514164E-06));
#6350 = CARTESIAN_POINT('',(3.998388140445,-1.565090265195E-05));
#6351 = CARTESIAN_POINT('',(4.069787430007,-4.313373341025E-05));
#6352 = CARTESIAN_POINT('',(4.141191440614,-4.974705914245E-05));
#6353 = CARTESIAN_POINT('',(4.212593908767,-3.124746772658E-05));
#6354 = CARTESIAN_POINT('',(4.28399045849,2.261376906923E-07));
#6355 = CARTESIAN_POINT('',(4.355389338882,2.261376926969E-07));
#6356 = CARTESIAN_POINT('',(4.426785888605,-3.124746773193E-05));
#6357 = CARTESIAN_POINT('',(4.498188356758,-4.974705911174E-05));
#6358 = CARTESIAN_POINT('',(4.569592367365,-4.31337335051E-05));
#6359 = CARTESIAN_POINT('',(4.640991656927,-1.565090227996E-05));
#6360 = CARTESIAN_POINT('',(4.712388980385,7.825451143027E-06));
#6361 = CARTESIAN_POINT('',(4.783786303843,-1.56509022795E-05));
#6362 = CARTESIAN_POINT('',(4.855185593404,-4.313373350827E-05));
#6363 = CARTESIAN_POINT('',(4.926589604012,-4.97470591115E-05));
#6364 = CARTESIAN_POINT('',(4.997992072165,-3.124746773037E-05));
#6365 = CARTESIAN_POINT('',(5.069388621888,2.261376968799E-07));
#6366 = CARTESIAN_POINT('',(5.140787502279,2.261376943832E-07));
#6367 = CARTESIAN_POINT('',(5.212184052002,-3.124746772288E-05));
#6368 = CARTESIAN_POINT('',(5.283586520155,-4.974705913896E-05));
#6369 = CARTESIAN_POINT('',(5.354990530763,-4.31337334059E-05));
#6370 = CARTESIAN_POINT('',(5.426389820324,-1.565090265083E-05));
#6371 = CARTESIAN_POINT('',(5.497787143782,7.825452514657E-06));
#6372 = CARTESIAN_POINT('',(5.569184467241,-1.565090741646E-05));
#6373 = CARTESIAN_POINT('',(5.6405837568,-4.313371435402E-05));
#6374 = CARTESIAN_POINT('',(5.711987767414,-4.974713060351E-05));
#6375 = CARTESIAN_POINT('',(5.783390235542,-3.124720093788E-05));
#6376 = CARTESIAN_POINT('',(5.854786785359,2.251419863035E-07));
#6377 = CARTESIAN_POINT('',(5.926185665399,2.29853721553E-07));
#6378 = CARTESIAN_POINT('',(5.997582216434,-3.126133615562E-05));
#6379 = CARTESIAN_POINT('',(6.068984679691,-4.969530146781E-05));
#6380 = CARTESIAN_POINT('',(6.14038870857,-4.332689567977E-05));
#6381 = CARTESIAN_POINT('',(6.211787929942,-1.493001124849E-05));
#6382 = CARTESIAN_POINT('',(6.25938631524,-1.553304288713E-06));
#6383 = CARTESIAN_POINT('',(6.28318530718,-4.748744721162E-18));
#6384 = ( GEOMETRIC_REPRESENTATION_CONTEXT(2) 
PARAMETRIC_REPRESENTATION_CONTEXT() REPRESENTATION_CONTEXT('2D SPACE',''
  ) );
#6385 = ORIENTED_EDGE('',*,*,#6289,.F.);
#6386 = ORIENTED_EDGE('',*,*,#5972,.T.);
#6387 = ( GEOMETRIC_REPRESENTATION_CONTEXT(3) 
GLOBAL_UNCERTAINTY_ASSIGNED_CONTEXT((#6391)) 
GLOBAL_UNIT_ASSIGNED_CONTEXT((#6388,#6389,#6390)) REPRESENTATION_CONTEXT
('Context #1','3D Context with UNIT and UNCERTAINTY') );
#6388 = ( LENGTH_UNIT() NAMED_UNIT(*) SI_UNIT(.MILLI.,.METRE.) );
#6389 = ( NAMED_UNIT(*) PLANE_ANGLE_UNIT() SI_UNIT($,.RADIAN.) );
#6390 = ( NAMED_UNIT(*) SI_UNIT($,.STERADIAN.) SOLID_ANGLE_UNIT() );
#6391 = UNCERTAINTY_MEASURE_WITH_UNIT(LENGTH_MEASURE(2.E-04),#6388,
  'distance_accuracy_value','confusion accuracy');
#6392 = PRODUCT_RELATED_PRODUCT_CATEGORY('part',$,(#7));
ENDSEC;
END-ISO-10303-21;
