ISO-10303-21;
HEADER;
FILE_DESCRIPTION(('Open CASCADE Model'),'2;1');
FILE_NAME('Open CASCADE Shape Model','2026-03-14T15:57:22',('Author'),(
    'Open CASCADE'),'Open CASCADE STEP processor 7.8','build123d',
  'Unknown');
FILE_SCHEMA(('AUTOMOTIVE_DESIGN { 1 0 10303 214 1 1 1 1 }'));
ENDSEC;
DATA;
#1 = APPLICATION_PROTOCOL_DEFINITION('international standard',
  'automotive_design',2000,#2);
#2 = APPLICATION_CONTEXT(
  'core data for automotive mechanical design processes');
#3 = SHAPE_DEFINITION_REPRESENTATION(#4,#10);
#4 = PRODUCT_DEFINITION_SHAPE('','',#5);
#5 = PRODUCT_DEFINITION('design','',#6,#9);
#6 = PRODUCT_DEFINITION_FORMATION('','',#7);
#7 = PRODUCT('SHELL','SHELL','',(#8));
#8 = PRODUCT_CONTEXT('',#2,'mechanical');
#9 = PRODUCT_DEFINITION_CONTEXT('part definition',#2,'design');
#10 = MANIFOLD_SURFACE_SHAPE_REPRESENTATION('',(#11,#15),#4463);
#11 = AXIS2_PLACEMENT_3D('',#12,#13,#14);
#12 = CARTESIAN_POINT('',(0.,0.,0.));
#13 = DIRECTION('',(0.,0.,1.));
#14 = DIRECTION('',(1.,0.,-0.));
#15 = SHELL_BASED_SURFACE_MODEL('',(#16));
#16 = OPEN_SHELL('',(#17,#183,#288,#531,#593,#661,#706,#774,#813,#939,
    #1676,#1763,#2687,#2717,#2762,#2792,#2814,#2859,#2904,#2911,#2940,
    #2969,#2976,#3053,#3125,#3180,#3235,#3265,#3342,#3397,#3452,#3507,
    #3554,#3578,#3602,#3763,#3868,#4079,#4147,#4215,#4254,#4316,#4361,
    #4454));
#17 = ADVANCED_FACE('',(#18),#39,.F.);
#18 = FACE_BOUND('',#19,.F.);
#19 = EDGE_LOOP('',(#20,#72,#99,#163));
#20 = ORIENTED_EDGE('',*,*,#21,.T.);
#21 = EDGE_CURVE('',#22,#24,#26,.T.);
#22 = VERTEX_POINT('',#23);
#23 = CARTESIAN_POINT('',(0.3,-1.3,-3.5));
#24 = VERTEX_POINT('',#25);
#25 = CARTESIAN_POINT('',(-0.3,-1.3,-3.5));
#26 = SURFACE_CURVE('',#27,(#38),.PCURVE_S1.);
#27 = B_SPLINE_CURVE_WITH_KNOTS('',3,(#28,#29,#30,#31,#32,#33,#34,#35,
    #36,#37),.UNSPECIFIED.,.F.,.F.,(4,2,2,2,4),(-1.,-0.75,-0.5,-0.25,-0.
    ),.UNSPECIFIED.);
#28 = CARTESIAN_POINT('',(0.3,-1.3,-3.5));
#29 = CARTESIAN_POINT('',(0.3,-1.37853981634,-3.5));
#30 = CARTESIAN_POINT('',(0.267668071083,-1.456595997629,-3.5));
#31 = CARTESIAN_POINT('',(0.156595997629,-1.567668071083,-3.5));
#32 = CARTESIAN_POINT('',(7.853981633974E-02,-1.6,-3.5));
#33 = CARTESIAN_POINT('',(-7.853981633975E-02,-1.6,-3.5));
#34 = CARTESIAN_POINT('',(-0.156595997629,-1.567668071083,-3.5));
#35 = CARTESIAN_POINT('',(-0.267668071083,-1.456595997629,-3.5));
#36 = CARTESIAN_POINT('',(-0.3,-1.37853981634,-3.5));
#37 = CARTESIAN_POINT('',(-0.3,-1.3,-3.5));
#38 = PCURVE('',#39,#44);
#39 = CYLINDRICAL_SURFACE('',#40,0.3);
#40 = AXIS2_PLACEMENT_3D('',#41,#42,#43);
#41 = CARTESIAN_POINT('',(0.,-1.3,-3.));
#42 = DIRECTION('',(0.,0.,-1.));
#43 = DIRECTION('',(-1.,0.,0.));
#44 = DEFINITIONAL_REPRESENTATION('',(#45),#71);
#45 = B_SPLINE_CURVE_WITH_KNOTS('',3,(#46,#47,#48,#49,#50,#51,#52,#53,
    #54,#55,#56,#57,#58,#59,#60,#61,#62,#63,#64,#65,#66,#67,#68,#69,#70)
  ,.UNSPECIFIED.,.F.,.F.,(4,1,1,1,1,1,1,1,1,1,1,1,1,1,1,1,1,1,1,1,1,1,4)
  ,(-1.,-0.954545454545,-0.909090909091,-0.863636363636,-0.818181818182,
    -0.772727272727,-0.727272727273,-0.681818181818,-0.636363636364,
    -0.590909090909,-0.545454545455,-0.5,-0.454545454545,-0.409090909091
    ,-0.363636363636,-0.318181818182,-0.272727272727,-0.227272727273,
    -0.181818181818,-0.136363636364,-9.090909090909E-02,
    -4.545454545455E-02,-0.),.UNSPECIFIED.);
#46 = CARTESIAN_POINT('',(3.14159265359,0.5));
#47 = CARTESIAN_POINT('',(3.189162673511,0.5));
#48 = CARTESIAN_POINT('',(3.284314888889,0.5));
#49 = CARTESIAN_POINT('',(3.427094504312,0.5));
#50 = CARTESIAN_POINT('',(3.570027583884,0.5));
#51 = CARTESIAN_POINT('',(3.712910378241,0.5));
#52 = CARTESIAN_POINT('',(3.855605685106,0.5));
#53 = CARTESIAN_POINT('',(3.998375955023,0.5));
#54 = CARTESIAN_POINT('',(4.141071224956,0.5));
#55 = CARTESIAN_POINT('',(4.283954167044,0.5));
#56 = CARTESIAN_POINT('',(4.426886692623,0.5));
#57 = CARTESIAN_POINT('',(4.569668376287,0.5));
#58 = CARTESIAN_POINT('',(4.712388980385,0.5));
#59 = CARTESIAN_POINT('',(4.855109584482,0.5));
#60 = CARTESIAN_POINT('',(4.997891268146,0.5));
#61 = CARTESIAN_POINT('',(5.140823793725,0.5));
#62 = CARTESIAN_POINT('',(5.283706735813,0.5));
#63 = CARTESIAN_POINT('',(5.426402005746,0.5));
#64 = CARTESIAN_POINT('',(5.569172275663,0.5));
#65 = CARTESIAN_POINT('',(5.711867582528,0.5));
#66 = CARTESIAN_POINT('',(5.854750376885,0.5));
#67 = CARTESIAN_POINT('',(5.997683456457,0.5));
#68 = CARTESIAN_POINT('',(6.140463071881,0.5));
#69 = CARTESIAN_POINT('',(6.235615287259,0.5));
#70 = CARTESIAN_POINT('',(6.28318530718,0.5));
#71 = ( GEOMETRIC_REPRESENTATION_CONTEXT(2) 
PARAMETRIC_REPRESENTATION_CONTEXT() REPRESENTATION_CONTEXT('2D SPACE',''
  ) );
#72 = ORIENTED_EDGE('',*,*,#73,.T.);
#73 = EDGE_CURVE('',#24,#74,#76,.T.);
#74 = VERTEX_POINT('',#75);
#75 = CARTESIAN_POINT('',(-0.3,-1.3,-4.));
#76 = SURFACE_CURVE('',#77,(#82,#88),.PCURVE_S1.);
#77 = B_SPLINE_CURVE_WITH_KNOTS('',3,(#78,#79,#80,#81),.UNSPECIFIED.,.F.
  ,.F.,(4,4),(0.,1.),.PIECEWISE_BEZIER_KNOTS.);
#78 = CARTESIAN_POINT('',(-0.3,-1.3,-3.5));
#79 = CARTESIAN_POINT('',(-0.3,-1.3,-3.666666666667));
#80 = CARTESIAN_POINT('',(-0.3,-1.3,-3.833333333333));
#81 = CARTESIAN_POINT('',(-0.3,-1.3,-4.));
#82 = PCURVE('',#39,#83);
#83 = DEFINITIONAL_REPRESENTATION('',(#84),#87);
#84 = B_SPLINE_CURVE_WITH_KNOTS('',1,(#85,#86),.UNSPECIFIED.,.F.,.F.,(2,
    2),(0.,1.),.PIECEWISE_BEZIER_KNOTS.);
#85 = CARTESIAN_POINT('',(6.28318530718,0.5));
#86 = CARTESIAN_POINT('',(6.28318530718,1.));
#87 = ( GEOMETRIC_REPRESENTATION_CONTEXT(2) 
PARAMETRIC_REPRESENTATION_CONTEXT() REPRESENTATION_CONTEXT('2D SPACE',''
  ) );
#88 = PCURVE('',#89,#94);
#89 = CYLINDRICAL_SURFACE('',#90,0.3);
#90 = AXIS2_PLACEMENT_3D('',#91,#92,#93);
#91 = CARTESIAN_POINT('',(0.,-1.3,-3.));
#92 = DIRECTION('',(0.,0.,-1.));
#93 = DIRECTION('',(-1.,0.,0.));
#94 = DEFINITIONAL_REPRESENTATION('',(#95),#98);
#95 = B_SPLINE_CURVE_WITH_KNOTS('',1,(#96,#97),.UNSPECIFIED.,.F.,.F.,(2,
    2),(0.,1.),.PIECEWISE_BEZIER_KNOTS.);
#96 = CARTESIAN_POINT('',(0.,0.5));
#97 = CARTESIAN_POINT('',(0.,1.));
#98 = ( GEOMETRIC_REPRESENTATION_CONTEXT(2) 
PARAMETRIC_REPRESENTATION_CONTEXT() REPRESENTATION_CONTEXT('2D SPACE',''
  ) );
#99 = ORIENTED_EDGE('',*,*,#100,.T.);
#100 = EDGE_CURVE('',#74,#101,#103,.T.);
#101 = VERTEX_POINT('',#102);
#102 = CARTESIAN_POINT('',(0.3,-1.3,-4.));
#103 = SURFACE_CURVE('',#104,(#115,#144),.PCURVE_S1.);
#104 = B_SPLINE_CURVE_WITH_KNOTS('',3,(#105,#106,#107,#108,#109,#110,
    #111,#112,#113,#114),.UNSPECIFIED.,.F.,.F.,(4,2,2,2,4),(0.,0.25,0.5,
    0.75,1.),.UNSPECIFIED.);
#105 = CARTESIAN_POINT('',(-0.3,-1.3,-4.));
#106 = CARTESIAN_POINT('',(-0.3,-1.379182077674,-4.));
#107 = CARTESIAN_POINT('',(-0.267772020868,-1.456287659619,-4.));
#108 = CARTESIAN_POINT('',(-0.156492047844,-1.567976409093,-4.));
#109 = CARTESIAN_POINT('',(-7.883134783541E-02,-1.5998554757,-4.));
#110 = CARTESIAN_POINT('',(7.883134783541E-02,-1.6001445243,-4.));
#111 = CARTESIAN_POINT('',(0.156287659619,-1.567772020868,-4.));
#112 = CARTESIAN_POINT('',(0.267976409093,-1.456492047844,-4.));
#113 = CARTESIAN_POINT('',(0.3,-1.379944441958,-4.));
#114 = CARTESIAN_POINT('',(0.3,-1.3,-4.));
#115 = PCURVE('',#39,#116);
#116 = DEFINITIONAL_REPRESENTATION('',(#117),#143);
#117 = B_SPLINE_CURVE_WITH_KNOTS('',3,(#118,#119,#120,#121,#122,#123,
    #124,#125,#126,#127,#128,#129,#130,#131,#132,#133,#134,#135,#136,
    #137,#138,#139,#140,#141,#142),.UNSPECIFIED.,.F.,.F.,(4,1,1,1,1,1,1,
    1,1,1,1,1,1,1,1,1,1,1,1,1,1,1,4),(0.,4.545454545455E-02,
    9.090909090909E-02,0.136363636364,0.181818181818,0.227272727273,
    0.272727272727,0.318181818182,0.363636363636,0.409090909091,
    0.454545454545,0.5,0.545454545455,0.590909090909,0.636363636364,
    0.681818181818,0.727272727273,0.772727272727,0.818181818182,
    0.863636363636,0.909090909091,0.954545454545,1.),
  .QUASI_UNIFORM_KNOTS.);
#118 = CARTESIAN_POINT('',(6.28318530718,1.));
#119 = CARTESIAN_POINT('',(6.235220510345,1.));
#120 = CARTESIAN_POINT('',(6.139652656552,1.));
#121 = CARTESIAN_POINT('',(5.996987890508,1.));
#122 = CARTESIAN_POINT('',(5.854537544094,1.));
#123 = CARTESIAN_POINT('',(5.712089387387,1.));
#124 = CARTESIAN_POINT('',(5.569476274721,1.));
#125 = CARTESIAN_POINT('',(5.426102894861,1.));
#126 = CARTESIAN_POINT('',(5.283476807275,1.));
#127 = CARTESIAN_POINT('',(5.140892033477,1.));
#128 = CARTESIAN_POINT('',(4.998240973567,1.));
#129 = CARTESIAN_POINT('',(4.855532978987,1.));
#130 = CARTESIAN_POINT('',(4.712365791035,1.));
#131 = CARTESIAN_POINT('',(4.569337739182,1.));
#132 = CARTESIAN_POINT('',(4.426794368551,1.));
#133 = CARTESIAN_POINT('',(4.284183547176,1.));
#134 = CARTESIAN_POINT('',(4.141485997735,1.));
#135 = CARTESIAN_POINT('',(3.998677832122,1.));
#136 = CARTESIAN_POINT('',(3.855284283142,1.));
#137 = CARTESIAN_POINT('',(3.713108314912,1.));
#138 = CARTESIAN_POINT('',(3.571192271342,1.));
#139 = CARTESIAN_POINT('',(3.429070517854,1.));
#140 = CARTESIAN_POINT('',(3.286212464347,1.));
#141 = CARTESIAN_POINT('',(3.190027908621,1.));
#142 = CARTESIAN_POINT('',(3.14159265359,1.));
#143 = ( GEOMETRIC_REPRESENTATION_CONTEXT(2) 
PARAMETRIC_REPRESENTATION_CONTEXT() REPRESENTATION_CONTEXT('2D SPACE',''
  ) );
#144 = PCURVE('',#145,#150);
#145 = PLANE('',#146);
#146 = AXIS2_PLACEMENT_3D('',#147,#148,#149);
#147 = CARTESIAN_POINT('',(-0.75,-1.8,-4.));
#148 = DIRECTION('',(0.,0.,-1.));
#149 = DIRECTION('',(0.,-1.,0.));
#150 = DEFINITIONAL_REPRESENTATION('',(#151),#162);
#151 = B_SPLINE_CURVE_WITH_KNOTS('',3,(#152,#153,#154,#155,#156,#157,
    #158,#159,#160,#161),.UNSPECIFIED.,.F.,.F.,(4,2,2,2,4),(0.,0.25,0.5,
    0.75,1.),.UNSPECIFIED.);
#152 = CARTESIAN_POINT('',(-0.5,-0.45));
#153 = CARTESIAN_POINT('',(-0.420817922326,-0.45));
#154 = CARTESIAN_POINT('',(-0.343712340381,-0.482227979132));
#155 = CARTESIAN_POINT('',(-0.232023590907,-0.593507952156));
#156 = CARTESIAN_POINT('',(-0.2001445243,-0.671168652165));
#157 = CARTESIAN_POINT('',(-0.1998554757,-0.828831347835));
#158 = CARTESIAN_POINT('',(-0.232227979132,-0.906287659619));
#159 = CARTESIAN_POINT('',(-0.343507952156,-1.017976409093));
#160 = CARTESIAN_POINT('',(-0.420055558042,-1.05));
#161 = CARTESIAN_POINT('',(-0.5,-1.05));
#162 = ( GEOMETRIC_REPRESENTATION_CONTEXT(2) 
PARAMETRIC_REPRESENTATION_CONTEXT() REPRESENTATION_CONTEXT('2D SPACE',''
  ) );
#163 = ORIENTED_EDGE('',*,*,#164,.T.);
#164 = EDGE_CURVE('',#101,#22,#165,.T.);
#165 = SURFACE_CURVE('',#166,(#171,#177),.PCURVE_S1.);
#166 = B_SPLINE_CURVE_WITH_KNOTS('',3,(#167,#168,#169,#170),
  .UNSPECIFIED.,.F.,.F.,(4,4),(0.,1.),.PIECEWISE_BEZIER_KNOTS.);
#167 = CARTESIAN_POINT('',(0.3,-1.3,-4.));
#168 = CARTESIAN_POINT('',(0.3,-1.3,-3.833333333333));
#169 = CARTESIAN_POINT('',(0.3,-1.3,-3.666666666667));
#170 = CARTESIAN_POINT('',(0.3,-1.3,-3.5));
#171 = PCURVE('',#39,#172);
#172 = DEFINITIONAL_REPRESENTATION('',(#173),#176);
#173 = B_SPLINE_CURVE_WITH_KNOTS('',1,(#174,#175),.UNSPECIFIED.,.F.,.F.,
  (2,2),(0.,1.),.PIECEWISE_BEZIER_KNOTS.);
#174 = CARTESIAN_POINT('',(3.14159265359,1.));
#175 = CARTESIAN_POINT('',(3.14159265359,0.5));
#176 = ( GEOMETRIC_REPRESENTATION_CONTEXT(2) 
PARAMETRIC_REPRESENTATION_CONTEXT() REPRESENTATION_CONTEXT('2D SPACE',''
  ) );
#177 = PCURVE('',#89,#178);
#178 = DEFINITIONAL_REPRESENTATION('',(#179),#182);
#179 = B_SPLINE_CURVE_WITH_KNOTS('',1,(#180,#181),.UNSPECIFIED.,.F.,.F.,
  (2,2),(0.,1.),.PIECEWISE_BEZIER_KNOTS.);
#180 = CARTESIAN_POINT('',(3.14159265359,1.));
#181 = CARTESIAN_POINT('',(3.14159265359,0.5));
#182 = ( GEOMETRIC_REPRESENTATION_CONTEXT(2) 
PARAMETRIC_REPRESENTATION_CONTEXT() REPRESENTATION_CONTEXT('2D SPACE',''
  ) );
#183 = ADVANCED_FACE('',(#184),#89,.F.);
#184 = FACE_BOUND('',#185,.F.);
#185 = EDGE_LOOP('',(#186,#187,#244,#245));
#186 = ORIENTED_EDGE('',*,*,#164,.F.);
#187 = ORIENTED_EDGE('',*,*,#188,.T.);
#188 = EDGE_CURVE('',#101,#74,#189,.T.);
#189 = SURFACE_CURVE('',#190,(#201,#230),.PCURVE_S1.);
#190 = B_SPLINE_CURVE_WITH_KNOTS('',3,(#191,#192,#193,#194,#195,#196,
    #197,#198,#199,#200),.UNSPECIFIED.,.F.,.F.,(4,2,2,2,4),(0.,0.25,0.5,
    0.75,1.),.UNSPECIFIED.);
#191 = CARTESIAN_POINT('',(0.3,-1.3,-4.));
#192 = CARTESIAN_POINT('',(0.3,-1.220817922326,-4.));
#193 = CARTESIAN_POINT('',(0.267772020868,-1.143712340381,-4.));
#194 = CARTESIAN_POINT('',(0.156492047844,-1.032023590907,-4.));
#195 = CARTESIAN_POINT('',(7.883134783543E-02,-1.0001445243,-4.));
#196 = CARTESIAN_POINT('',(-7.883134783543E-02,-0.9998554757,-4.));
#197 = CARTESIAN_POINT('',(-0.156287659619,-1.032227979132,-4.));
#198 = CARTESIAN_POINT('',(-0.267976409093,-1.143507952156,-4.));
#199 = CARTESIAN_POINT('',(-0.3,-1.220055558042,-4.));
#200 = CARTESIAN_POINT('',(-0.3,-1.3,-4.));
#201 = PCURVE('',#89,#202);
#202 = DEFINITIONAL_REPRESENTATION('',(#203),#229);
#203 = B_SPLINE_CURVE_WITH_KNOTS('',3,(#204,#205,#206,#207,#208,#209,
    #210,#211,#212,#213,#214,#215,#216,#217,#218,#219,#220,#221,#222,
    #223,#224,#225,#226,#227,#228),.UNSPECIFIED.,.F.,.F.,(4,1,1,1,1,1,1,
    1,1,1,1,1,1,1,1,1,1,1,1,1,1,1,4),(0.,4.545454545455E-02,
    9.090909090909E-02,0.136363636364,0.181818181818,0.227272727273,
    0.272727272727,0.318181818182,0.363636363636,0.409090909091,
    0.454545454545,0.5,0.545454545455,0.590909090909,0.636363636364,
    0.681818181818,0.727272727273,0.772727272727,0.818181818182,
    0.863636363636,0.909090909091,0.954545454545,1.),
  .QUASI_UNIFORM_KNOTS.);
#204 = CARTESIAN_POINT('',(3.14159265359,1.));
#205 = CARTESIAN_POINT('',(3.093627856755,1.));
#206 = CARTESIAN_POINT('',(2.998060002962,1.));
#207 = CARTESIAN_POINT('',(2.855395236918,1.));
#208 = CARTESIAN_POINT('',(2.712944890505,1.));
#209 = CARTESIAN_POINT('',(2.570496733798,1.));
#210 = CARTESIAN_POINT('',(2.427883621131,1.));
#211 = CARTESIAN_POINT('',(2.284510241272,1.));
#212 = CARTESIAN_POINT('',(2.141884153685,1.));
#213 = CARTESIAN_POINT('',(1.999299379887,1.));
#214 = CARTESIAN_POINT('',(1.856648319977,1.));
#215 = CARTESIAN_POINT('',(1.713940325398,1.));
#216 = CARTESIAN_POINT('',(1.570773137445,1.));
#217 = CARTESIAN_POINT('',(1.427745085592,1.));
#218 = CARTESIAN_POINT('',(1.285201714962,1.));
#219 = CARTESIAN_POINT('',(1.142590893586,1.));
#220 = CARTESIAN_POINT('',(0.999893344145,1.));
#221 = CARTESIAN_POINT('',(0.857085178532,1.));
#222 = CARTESIAN_POINT('',(0.713691629552,1.));
#223 = CARTESIAN_POINT('',(0.571515661323,1.));
#224 = CARTESIAN_POINT('',(0.429599617753,1.));
#225 = CARTESIAN_POINT('',(0.287477864264,1.));
#226 = CARTESIAN_POINT('',(0.144619810757,1.));
#227 = CARTESIAN_POINT('',(4.843525503126E-02,1.));
#228 = CARTESIAN_POINT('',(0.,1.));
#229 = ( GEOMETRIC_REPRESENTATION_CONTEXT(2) 
PARAMETRIC_REPRESENTATION_CONTEXT() REPRESENTATION_CONTEXT('2D SPACE',''
  ) );
#230 = PCURVE('',#145,#231);
#231 = DEFINITIONAL_REPRESENTATION('',(#232),#243);
#232 = B_SPLINE_CURVE_WITH_KNOTS('',3,(#233,#234,#235,#236,#237,#238,
    #239,#240,#241,#242),.UNSPECIFIED.,.F.,.F.,(4,2,2,2,4),(0.,0.25,0.5,
    0.75,1.),.UNSPECIFIED.);
#233 = CARTESIAN_POINT('',(-0.5,-1.05));
#234 = CARTESIAN_POINT('',(-0.579182077674,-1.05));
#235 = CARTESIAN_POINT('',(-0.656287659619,-1.017772020868));
#236 = CARTESIAN_POINT('',(-0.767976409093,-0.906492047844));
#237 = CARTESIAN_POINT('',(-0.7998554757,-0.828831347835));
#238 = CARTESIAN_POINT('',(-0.8001445243,-0.671168652165));
#239 = CARTESIAN_POINT('',(-0.767772020868,-0.593712340381));
#240 = CARTESIAN_POINT('',(-0.656492047844,-0.482023590907));
#241 = CARTESIAN_POINT('',(-0.579944441958,-0.45));
#242 = CARTESIAN_POINT('',(-0.5,-0.45));
#243 = ( GEOMETRIC_REPRESENTATION_CONTEXT(2) 
PARAMETRIC_REPRESENTATION_CONTEXT() REPRESENTATION_CONTEXT('2D SPACE',''
  ) );
#244 = ORIENTED_EDGE('',*,*,#73,.F.);
#245 = ORIENTED_EDGE('',*,*,#246,.T.);
#246 = EDGE_CURVE('',#24,#22,#247,.T.);
#247 = SURFACE_CURVE('',#248,(#259),.PCURVE_S1.);
#248 = B_SPLINE_CURVE_WITH_KNOTS('',3,(#249,#250,#251,#252,#253,#254,
    #255,#256,#257,#258),.UNSPECIFIED.,.F.,.F.,(4,2,2,2,4),(-1.,-0.75,
    -0.5,-0.25,-0.),.UNSPECIFIED.);
#249 = CARTESIAN_POINT('',(-0.3,-1.3,-3.5));
#250 = CARTESIAN_POINT('',(-0.3,-1.22146018366,-3.5));
#251 = CARTESIAN_POINT('',(-0.267668071083,-1.143404002371,-3.5));
#252 = CARTESIAN_POINT('',(-0.156595997629,-1.032331928917,-3.5));
#253 = CARTESIAN_POINT('',(-7.853981633974E-02,-1.,-3.5));
#254 = CARTESIAN_POINT('',(7.853981633975E-02,-1.,-3.5));
#255 = CARTESIAN_POINT('',(0.156595997629,-1.032331928917,-3.5));
#256 = CARTESIAN_POINT('',(0.267668071083,-1.143404002371,-3.5));
#257 = CARTESIAN_POINT('',(0.3,-1.22146018366,-3.5));
#258 = CARTESIAN_POINT('',(0.3,-1.3,-3.5));
#259 = PCURVE('',#89,#260);
#260 = DEFINITIONAL_REPRESENTATION('',(#261),#287);
#261 = B_SPLINE_CURVE_WITH_KNOTS('',3,(#262,#263,#264,#265,#266,#267,
    #268,#269,#270,#271,#272,#273,#274,#275,#276,#277,#278,#279,#280,
    #281,#282,#283,#284,#285,#286),.UNSPECIFIED.,.F.,.F.,(4,1,1,1,1,1,1,
    1,1,1,1,1,1,1,1,1,1,1,1,1,1,1,4),(-1.,-0.954545454545,
    -0.909090909091,-0.863636363636,-0.818181818182,-0.772727272727,
    -0.727272727273,-0.681818181818,-0.636363636364,-0.590909090909,
    -0.545454545455,-0.5,-0.454545454545,-0.409090909091,-0.363636363636
    ,-0.318181818182,-0.272727272727,-0.227272727273,-0.181818181818,
    -0.136363636364,-9.090909090909E-02,-4.545454545455E-02,-0.),
  .UNSPECIFIED.);
#262 = CARTESIAN_POINT('',(0.,0.5));
#263 = CARTESIAN_POINT('',(4.757001992097E-02,0.5));
#264 = CARTESIAN_POINT('',(0.142722235299,0.5));
#265 = CARTESIAN_POINT('',(0.285501850722,0.5));
#266 = CARTESIAN_POINT('',(0.428434930295,0.5));
#267 = CARTESIAN_POINT('',(0.571317724651,0.5));
#268 = CARTESIAN_POINT('',(0.714013031517,0.5));
#269 = CARTESIAN_POINT('',(0.856783301434,0.5));
#270 = CARTESIAN_POINT('',(0.999478571366,0.5));
#271 = CARTESIAN_POINT('',(1.142361513454,0.5));
#272 = CARTESIAN_POINT('',(1.285294039034,0.5));
#273 = CARTESIAN_POINT('',(1.428075722698,0.5));
#274 = CARTESIAN_POINT('',(1.570796326795,0.5));
#275 = CARTESIAN_POINT('',(1.713516930892,0.5));
#276 = CARTESIAN_POINT('',(1.856298614556,0.5));
#277 = CARTESIAN_POINT('',(1.999231140135,0.5));
#278 = CARTESIAN_POINT('',(2.142114082224,0.5));
#279 = CARTESIAN_POINT('',(2.284809352156,0.5));
#280 = CARTESIAN_POINT('',(2.427579622073,0.5));
#281 = CARTESIAN_POINT('',(2.570274928939,0.5));
#282 = CARTESIAN_POINT('',(2.713157723295,0.5));
#283 = CARTESIAN_POINT('',(2.856090802868,0.5));
#284 = CARTESIAN_POINT('',(2.998870418291,0.5));
#285 = CARTESIAN_POINT('',(3.094022633669,0.5));
#286 = CARTESIAN_POINT('',(3.14159265359,0.5));
#287 = ( GEOMETRIC_REPRESENTATION_CONTEXT(2) 
PARAMETRIC_REPRESENTATION_CONTEXT() REPRESENTATION_CONTEXT('2D SPACE',''
  ) );
#288 = ADVANCED_FACE('',(#289,#293),#145,.T.);
#289 = FACE_BOUND('',#290,.T.);
#290 = EDGE_LOOP('',(#291,#292));
#291 = ORIENTED_EDGE('',*,*,#100,.T.);
#292 = ORIENTED_EDGE('',*,*,#188,.T.);
#293 = FACE_BOUND('',#294,.T.);
#294 = EDGE_LOOP('',(#295,#328,#359,#390,#446,#477));
#295 = ORIENTED_EDGE('',*,*,#296,.T.);
#296 = EDGE_CURVE('',#297,#299,#301,.T.);
#297 = VERTEX_POINT('',#298);
#298 = CARTESIAN_POINT('',(-0.75,-1.5,-4.));
#299 = VERTEX_POINT('',#300);
#300 = CARTESIAN_POINT('',(-0.75,-7.228014483237E-17,-4.));
#301 = SURFACE_CURVE('',#302,(#307,#315),.PCURVE_S1.);
#302 = B_SPLINE_CURVE_WITH_KNOTS('',3,(#303,#304,#305,#306),
  .UNSPECIFIED.,.F.,.F.,(4,4),(0.,1.),.PIECEWISE_BEZIER_KNOTS.);
#303 = CARTESIAN_POINT('',(-0.75,-1.5,-4.));
#304 = CARTESIAN_POINT('',(-0.75,-1.,-4.));
#305 = CARTESIAN_POINT('',(-0.75,-0.5,-4.));
#306 = CARTESIAN_POINT('',(-0.75,-7.228014483237E-17,-4.));
#307 = PCURVE('',#145,#308);
#308 = DEFINITIONAL_REPRESENTATION('',(#309),#314);
#309 = B_SPLINE_CURVE_WITH_KNOTS('',3,(#310,#311,#312,#313),
  .UNSPECIFIED.,.F.,.F.,(4,4),(0.,1.),.PIECEWISE_BEZIER_KNOTS.);
#310 = CARTESIAN_POINT('',(-0.3,0.));
#311 = CARTESIAN_POINT('',(-0.8,0.));
#312 = CARTESIAN_POINT('',(-1.3,0.));
#313 = CARTESIAN_POINT('',(-1.8,0.));
#314 = ( GEOMETRIC_REPRESENTATION_CONTEXT(2) 
PARAMETRIC_REPRESENTATION_CONTEXT() REPRESENTATION_CONTEXT('2D SPACE',''
  ) );
#315 = PCURVE('',#316,#321);
#316 = PLANE('',#317);
#317 = AXIS2_PLACEMENT_3D('',#318,#319,#320);
#318 = CARTESIAN_POINT('',(-0.75,-1.8,-4.));
#319 = DIRECTION('',(-1.,0.,0.));
#320 = DIRECTION('',(0.,0.,1.));
#321 = DEFINITIONAL_REPRESENTATION('',(#322),#327);
#322 = B_SPLINE_CURVE_WITH_KNOTS('',3,(#323,#324,#325,#326),
  .UNSPECIFIED.,.F.,.F.,(4,4),(0.,1.),.PIECEWISE_BEZIER_KNOTS.);
#323 = CARTESIAN_POINT('',(0.,0.3));
#324 = CARTESIAN_POINT('',(0.,0.8));
#325 = CARTESIAN_POINT('',(0.,1.3));
#326 = CARTESIAN_POINT('',(0.,1.8));
#327 = ( GEOMETRIC_REPRESENTATION_CONTEXT(2) 
PARAMETRIC_REPRESENTATION_CONTEXT() REPRESENTATION_CONTEXT('2D SPACE',''
  ) );
#328 = ORIENTED_EDGE('',*,*,#329,.T.);
#329 = EDGE_CURVE('',#299,#330,#332,.T.);
#330 = VERTEX_POINT('',#331);
#331 = CARTESIAN_POINT('',(0.75,-7.228014483237E-17,-4.));
#332 = SURFACE_CURVE('',#333,(#338,#346),.PCURVE_S1.);
#333 = B_SPLINE_CURVE_WITH_KNOTS('',3,(#334,#335,#336,#337),
  .UNSPECIFIED.,.F.,.F.,(4,4),(0.,1.),.PIECEWISE_BEZIER_KNOTS.);
#334 = CARTESIAN_POINT('',(-0.75,-7.228014483237E-17,-4.));
#335 = CARTESIAN_POINT('',(-0.25,0.,-4.));
#336 = CARTESIAN_POINT('',(0.25,0.,-4.));
#337 = CARTESIAN_POINT('',(0.75,-7.228014483237E-17,-4.));
#338 = PCURVE('',#145,#339);
#339 = DEFINITIONAL_REPRESENTATION('',(#340),#345);
#340 = B_SPLINE_CURVE_WITH_KNOTS('',3,(#341,#342,#343,#344),
  .UNSPECIFIED.,.F.,.F.,(4,4),(0.,1.),.PIECEWISE_BEZIER_KNOTS.);
#341 = CARTESIAN_POINT('',(-1.8,0.));
#342 = CARTESIAN_POINT('',(-1.8,-0.5));
#343 = CARTESIAN_POINT('',(-1.8,-1.));
#344 = CARTESIAN_POINT('',(-1.8,-1.5));
#345 = ( GEOMETRIC_REPRESENTATION_CONTEXT(2) 
PARAMETRIC_REPRESENTATION_CONTEXT() REPRESENTATION_CONTEXT('2D SPACE',''
  ) );
#346 = PCURVE('',#347,#352);
#347 = PLANE('',#348);
#348 = AXIS2_PLACEMENT_3D('',#349,#350,#351);
#349 = CARTESIAN_POINT('',(0.,0.,0.));
#350 = DIRECTION('',(-0.,1.,0.));
#351 = DIRECTION('',(1.,0.,0.));
#352 = DEFINITIONAL_REPRESENTATION('',(#353),#358);
#353 = B_SPLINE_CURVE_WITH_KNOTS('',3,(#354,#355,#356,#357),
  .UNSPECIFIED.,.F.,.F.,(4,4),(0.,1.),.PIECEWISE_BEZIER_KNOTS.);
#354 = CARTESIAN_POINT('',(-0.75,4.));
#355 = CARTESIAN_POINT('',(-0.25,4.));
#356 = CARTESIAN_POINT('',(0.25,4.));
#357 = CARTESIAN_POINT('',(0.75,4.));
#358 = ( GEOMETRIC_REPRESENTATION_CONTEXT(2) 
PARAMETRIC_REPRESENTATION_CONTEXT() REPRESENTATION_CONTEXT('2D SPACE',''
  ) );
#359 = ORIENTED_EDGE('',*,*,#360,.T.);
#360 = EDGE_CURVE('',#330,#361,#363,.T.);
#361 = VERTEX_POINT('',#362);
#362 = CARTESIAN_POINT('',(0.75,-1.5,-4.));
#363 = SURFACE_CURVE('',#364,(#369,#377),.PCURVE_S1.);
#364 = B_SPLINE_CURVE_WITH_KNOTS('',3,(#365,#366,#367,#368),
  .UNSPECIFIED.,.F.,.F.,(4,4),(0.,1.),.PIECEWISE_BEZIER_KNOTS.);
#365 = CARTESIAN_POINT('',(0.75,-7.228014483237E-17,-4.));
#366 = CARTESIAN_POINT('',(0.75,-0.5,-4.));
#367 = CARTESIAN_POINT('',(0.75,-1.,-4.));
#368 = CARTESIAN_POINT('',(0.75,-1.5,-4.));
#369 = PCURVE('',#145,#370);
#370 = DEFINITIONAL_REPRESENTATION('',(#371),#376);
#371 = B_SPLINE_CURVE_WITH_KNOTS('',3,(#372,#373,#374,#375),
  .UNSPECIFIED.,.F.,.F.,(4,4),(0.,1.),.PIECEWISE_BEZIER_KNOTS.);
#372 = CARTESIAN_POINT('',(-1.8,-1.5));
#373 = CARTESIAN_POINT('',(-1.3,-1.5));
#374 = CARTESIAN_POINT('',(-0.8,-1.5));
#375 = CARTESIAN_POINT('',(-0.3,-1.5));
#376 = ( GEOMETRIC_REPRESENTATION_CONTEXT(2) 
PARAMETRIC_REPRESENTATION_CONTEXT() REPRESENTATION_CONTEXT('2D SPACE',''
  ) );
#377 = PCURVE('',#378,#383);
#378 = PLANE('',#379);
#379 = AXIS2_PLACEMENT_3D('',#380,#381,#382);
#380 = CARTESIAN_POINT('',(0.75,-1.8,-4.));
#381 = DIRECTION('',(1.,0.,-2.168404344971E-16));
#382 = DIRECTION('',(-2.168404344971E-16,0.,-1.));
#383 = DEFINITIONAL_REPRESENTATION('',(#384),#389);
#384 = B_SPLINE_CURVE_WITH_KNOTS('',3,(#385,#386,#387,#388),
  .UNSPECIFIED.,.F.,.F.,(4,4),(0.,1.),.PIECEWISE_BEZIER_KNOTS.);
#385 = CARTESIAN_POINT('',(0.,1.8));
#386 = CARTESIAN_POINT('',(0.,1.3));
#387 = CARTESIAN_POINT('',(0.,0.8));
#388 = CARTESIAN_POINT('',(0.,0.3));
#389 = ( GEOMETRIC_REPRESENTATION_CONTEXT(2) 
PARAMETRIC_REPRESENTATION_CONTEXT() REPRESENTATION_CONTEXT('2D SPACE',''
  ) );
#390 = ORIENTED_EDGE('',*,*,#391,.T.);
#391 = EDGE_CURVE('',#361,#392,#394,.T.);
#392 = VERTEX_POINT('',#393);
#393 = CARTESIAN_POINT('',(0.45,-1.8,-4.));
#394 = SURFACE_CURVE('',#395,(#402,#412),.PCURVE_S1.);
#395 = B_SPLINE_CURVE_WITH_KNOTS('',3,(#396,#397,#398,#399,#400,#401),
  .UNSPECIFIED.,.F.,.F.,(4,2,4),(0.,0.5,1.),.UNSPECIFIED.);
#396 = CARTESIAN_POINT('',(0.75,-1.5,-4.));
#397 = CARTESIAN_POINT('',(0.75,-1.579182077674,-4.));
#398 = CARTESIAN_POINT('',(0.717772020868,-1.656287659619,-4.));
#399 = CARTESIAN_POINT('',(0.606492047844,-1.767976409093,-4.));
#400 = CARTESIAN_POINT('',(0.529944441958,-1.8,-4.));
#401 = CARTESIAN_POINT('',(0.45,-1.8,-4.));
#402 = PCURVE('',#145,#403);
#403 = DEFINITIONAL_REPRESENTATION('',(#404),#411);
#404 = B_SPLINE_CURVE_WITH_KNOTS('',3,(#405,#406,#407,#408,#409,#410),
  .UNSPECIFIED.,.F.,.F.,(4,2,4),(0.,0.5,1.),.UNSPECIFIED.);
#405 = CARTESIAN_POINT('',(-0.3,-1.5));
#406 = CARTESIAN_POINT('',(-0.220817922326,-1.5));
#407 = CARTESIAN_POINT('',(-0.143712340381,-1.467772020868));
#408 = CARTESIAN_POINT('',(-3.202359090723E-02,-1.356492047844));
#409 = CARTESIAN_POINT('',(-2.22044604925E-16,-1.279944441958));
#410 = CARTESIAN_POINT('',(0.,-1.2));
#411 = ( GEOMETRIC_REPRESENTATION_CONTEXT(2) 
PARAMETRIC_REPRESENTATION_CONTEXT() REPRESENTATION_CONTEXT('2D SPACE',''
  ) );
#412 = PCURVE('',#413,#418);
#413 = CYLINDRICAL_SURFACE('',#414,0.3);
#414 = AXIS2_PLACEMENT_3D('',#415,#416,#417);
#415 = CARTESIAN_POINT('',(0.45,-1.5,-4.));
#416 = DIRECTION('',(0.,0.,-1.));
#417 = DIRECTION('',(-1.,0.,0.));
#418 = DEFINITIONAL_REPRESENTATION('',(#419),#445);
#419 = B_SPLINE_CURVE_WITH_KNOTS('',3,(#420,#421,#422,#423,#424,#425,
    #426,#427,#428,#429,#430,#431,#432,#433,#434,#435,#436,#437,#438,
    #439,#440,#441,#442,#443,#444),.UNSPECIFIED.,.F.,.F.,(4,1,1,1,1,1,1,
    1,1,1,1,1,1,1,1,1,1,1,1,1,1,1,4),(0.,4.545454545455E-02,
    9.090909090909E-02,0.136363636364,0.181818181818,0.227272727273,
    0.272727272727,0.318181818182,0.363636363636,0.409090909091,
    0.454545454545,0.5,0.545454545455,0.590909090909,0.636363636364,
    0.681818181818,0.727272727273,0.772727272727,0.818181818182,
    0.863636363636,0.909090909091,0.954545454545,1.),
  .QUASI_UNIFORM_KNOTS.);
#420 = CARTESIAN_POINT('',(3.14159265359,0.));
#421 = CARTESIAN_POINT('',(3.165585268065,0.));
#422 = CARTESIAN_POINT('',(3.213463611936,0.));
#423 = CARTESIAN_POINT('',(3.28503726706,0.));
#424 = CARTESIAN_POINT('',(3.356452130482,0.));
#425 = CARTESIAN_POINT('',(3.42776431069,0.));
#426 = CARTESIAN_POINT('',(3.499016628696,0.));
#427 = CARTESIAN_POINT('',(3.570240377877,0.));
#428 = CARTESIAN_POINT('',(3.641462170138,0.));
#429 = CARTESIAN_POINT('',(3.712706001709,0.));
#430 = CARTESIAN_POINT('',(3.784010219277,0.));
#431 = CARTESIAN_POINT('',(3.855389685625,0.));
#432 = CARTESIAN_POINT('',(3.927001421704,0.));
#433 = CARTESIAN_POINT('',(3.998549529482,0.));
#434 = CARTESIAN_POINT('',(4.069766984613,0.));
#435 = CARTESIAN_POINT('',(4.140844607429,0.));
#436 = CARTESIAN_POINT('',(4.211834575382,0.));
#437 = CARTESIAN_POINT('',(4.282814635921,0.));
#438 = CARTESIAN_POINT('',(4.353848766644,0.));
#439 = CARTESIAN_POINT('',(4.42500257919,0.));
#440 = CARTESIAN_POINT('',(4.496343913338,0.));
#441 = CARTESIAN_POINT('',(4.567947901395,0.));
#442 = CARTESIAN_POINT('',(4.639898278932,0.));
#443 = CARTESIAN_POINT('',(4.688164679768,0.));
#444 = CARTESIAN_POINT('',(4.712388980385,0.));
#445 = ( GEOMETRIC_REPRESENTATION_CONTEXT(2) 
PARAMETRIC_REPRESENTATION_CONTEXT() REPRESENTATION_CONTEXT('2D SPACE',''
  ) );
#446 = ORIENTED_EDGE('',*,*,#447,.T.);
#447 = EDGE_CURVE('',#392,#448,#450,.T.);
#448 = VERTEX_POINT('',#449);
#449 = CARTESIAN_POINT('',(-0.45,-1.8,-4.));
#450 = SURFACE_CURVE('',#451,(#456,#464),.PCURVE_S1.);
#451 = B_SPLINE_CURVE_WITH_KNOTS('',3,(#452,#453,#454,#455),
  .UNSPECIFIED.,.F.,.F.,(4,4),(0.,1.),.PIECEWISE_BEZIER_KNOTS.);
#452 = CARTESIAN_POINT('',(0.45,-1.8,-4.));
#453 = CARTESIAN_POINT('',(0.15,-1.8,-4.));
#454 = CARTESIAN_POINT('',(-0.15,-1.8,-4.));
#455 = CARTESIAN_POINT('',(-0.45,-1.8,-4.));
#456 = PCURVE('',#145,#457);
#457 = DEFINITIONAL_REPRESENTATION('',(#458),#463);
#458 = B_SPLINE_CURVE_WITH_KNOTS('',3,(#459,#460,#461,#462),
  .UNSPECIFIED.,.F.,.F.,(4,4),(0.,1.),.PIECEWISE_BEZIER_KNOTS.);
#459 = CARTESIAN_POINT('',(0.,-1.2));
#460 = CARTESIAN_POINT('',(0.,-0.9));
#461 = CARTESIAN_POINT('',(0.,-0.6));
#462 = CARTESIAN_POINT('',(0.,-0.3));
#463 = ( GEOMETRIC_REPRESENTATION_CONTEXT(2) 
PARAMETRIC_REPRESENTATION_CONTEXT() REPRESENTATION_CONTEXT('2D SPACE',''
  ) );
#464 = PCURVE('',#465,#470);
#465 = PLANE('',#466);
#466 = AXIS2_PLACEMENT_3D('',#467,#468,#469);
#467 = CARTESIAN_POINT('',(0.,-1.8,0.));
#468 = DIRECTION('',(0.,-1.,0.));
#469 = DIRECTION('',(0.,0.,-1.));
#470 = DEFINITIONAL_REPRESENTATION('',(#471),#476);
#471 = B_SPLINE_CURVE_WITH_KNOTS('',3,(#472,#473,#474,#475),
  .UNSPECIFIED.,.F.,.F.,(4,4),(0.,1.),.PIECEWISE_BEZIER_KNOTS.);
#472 = CARTESIAN_POINT('',(4.,0.45));
#473 = CARTESIAN_POINT('',(4.,0.15));
#474 = CARTESIAN_POINT('',(4.,-0.15));
#475 = CARTESIAN_POINT('',(4.,-0.45));
#476 = ( GEOMETRIC_REPRESENTATION_CONTEXT(2) 
PARAMETRIC_REPRESENTATION_CONTEXT() REPRESENTATION_CONTEXT('2D SPACE',''
  ) );
#477 = ORIENTED_EDGE('',*,*,#478,.T.);
#478 = EDGE_CURVE('',#448,#297,#479,.T.);
#479 = SURFACE_CURVE('',#480,(#487,#497),.PCURVE_S1.);
#480 = B_SPLINE_CURVE_WITH_KNOTS('',3,(#481,#482,#483,#484,#485,#486),
  .UNSPECIFIED.,.F.,.F.,(4,2,4),(0.,0.5,1.),.UNSPECIFIED.);
#481 = CARTESIAN_POINT('',(-0.45,-1.8,-4.));
#482 = CARTESIAN_POINT('',(-0.529182077674,-1.8,-4.));
#483 = CARTESIAN_POINT('',(-0.606287659619,-1.767772020868,-4.));
#484 = CARTESIAN_POINT('',(-0.717976409093,-1.656492047844,-4.));
#485 = CARTESIAN_POINT('',(-0.75,-1.579944441958,-4.));
#486 = CARTESIAN_POINT('',(-0.75,-1.5,-4.));
#487 = PCURVE('',#145,#488);
#488 = DEFINITIONAL_REPRESENTATION('',(#489),#496);
#489 = B_SPLINE_CURVE_WITH_KNOTS('',3,(#490,#491,#492,#493,#494,#495),
  .UNSPECIFIED.,.F.,.F.,(4,2,4),(0.,0.5,1.),.UNSPECIFIED.);
#490 = CARTESIAN_POINT('',(0.,-0.3));
#491 = CARTESIAN_POINT('',(0.,-0.220817922326));
#492 = CARTESIAN_POINT('',(-3.222797913185E-02,-0.143712340381));
#493 = CARTESIAN_POINT('',(-0.143507952156,-3.202359090722E-02));
#494 = CARTESIAN_POINT('',(-0.220055558042,-2.22044604925E-16));
#495 = CARTESIAN_POINT('',(-0.3,0.));
#496 = ( GEOMETRIC_REPRESENTATION_CONTEXT(2) 
PARAMETRIC_REPRESENTATION_CONTEXT() REPRESENTATION_CONTEXT('2D SPACE',''
  ) );
#497 = PCURVE('',#498,#503);
#498 = CYLINDRICAL_SURFACE('',#499,0.3);
#499 = AXIS2_PLACEMENT_3D('',#500,#501,#502);
#500 = CARTESIAN_POINT('',(-0.45,-1.5,-4.));
#501 = DIRECTION('',(0.,0.,1.));
#502 = DIRECTION('',(1.,0.,-0.));
#503 = DEFINITIONAL_REPRESENTATION('',(#504),#530);
#504 = B_SPLINE_CURVE_WITH_KNOTS('',3,(#505,#506,#507,#508,#509,#510,
    #511,#512,#513,#514,#515,#516,#517,#518,#519,#520,#521,#522,#523,
    #524,#525,#526,#527,#528,#529),.UNSPECIFIED.,.F.,.F.,(4,1,1,1,1,1,1,
    1,1,1,1,1,1,1,1,1,1,1,1,1,1,1,4),(0.,4.545454545455E-02,
    9.090909090909E-02,0.136363636364,0.181818181818,0.227272727273,
    0.272727272727,0.318181818182,0.363636363636,0.409090909091,
    0.454545454545,0.5,0.545454545455,0.590909090909,0.636363636364,
    0.681818181818,0.727272727273,0.772727272727,0.818181818182,
    0.863636363636,0.909090909091,0.954545454545,1.),
  .QUASI_UNIFORM_KNOTS.);
#505 = CARTESIAN_POINT('',(4.712388980385,0.));
#506 = CARTESIAN_POINT('',(4.68839636591,0.));
#507 = CARTESIAN_POINT('',(4.640518022039,0.));
#508 = CARTESIAN_POINT('',(4.568944366914,0.));
#509 = CARTESIAN_POINT('',(4.497529503492,0.));
#510 = CARTESIAN_POINT('',(4.426217323284,0.));
#511 = CARTESIAN_POINT('',(4.354965005279,0.));
#512 = CARTESIAN_POINT('',(4.283741256097,0.));
#513 = CARTESIAN_POINT('',(4.212519463836,0.));
#514 = CARTESIAN_POINT('',(4.141275632266,0.));
#515 = CARTESIAN_POINT('',(4.069971414697,0.));
#516 = CARTESIAN_POINT('',(3.998591948349,0.));
#517 = CARTESIAN_POINT('',(3.92698021227,0.));
#518 = CARTESIAN_POINT('',(3.855432104493,0.));
#519 = CARTESIAN_POINT('',(3.784214649361,0.));
#520 = CARTESIAN_POINT('',(3.713137026545,0.));
#521 = CARTESIAN_POINT('',(3.642147058593,0.));
#522 = CARTESIAN_POINT('',(3.571166998053,0.));
#523 = CARTESIAN_POINT('',(3.500132867331,0.));
#524 = CARTESIAN_POINT('',(3.428979054785,0.));
#525 = CARTESIAN_POINT('',(3.357637720637,0.));
#526 = CARTESIAN_POINT('',(3.28603373258,0.));
#527 = CARTESIAN_POINT('',(3.214083355042,0.));
#528 = CARTESIAN_POINT('',(3.165816954206,0.));
#529 = CARTESIAN_POINT('',(3.14159265359,0.));
#530 = ( GEOMETRIC_REPRESENTATION_CONTEXT(2) 
PARAMETRIC_REPRESENTATION_CONTEXT() REPRESENTATION_CONTEXT('2D SPACE',''
  ) );
#531 = ADVANCED_FACE('',(#532),#316,.T.);
#532 = FACE_BOUND('',#533,.T.);
#533 = EDGE_LOOP('',(#534,#554,#570,#571));
#534 = ORIENTED_EDGE('',*,*,#535,.T.);
#535 = EDGE_CURVE('',#536,#538,#540,.T.);
#536 = VERTEX_POINT('',#537);
#537 = CARTESIAN_POINT('',(-0.75,-1.5,-3.5));
#538 = VERTEX_POINT('',#539);
#539 = CARTESIAN_POINT('',(-0.75,-1.084202172486E-16,-3.5));
#540 = SURFACE_CURVE('',#541,(#546),.PCURVE_S1.);
#541 = B_SPLINE_CURVE_WITH_KNOTS('',3,(#542,#543,#544,#545),
  .UNSPECIFIED.,.F.,.F.,(4,4),(0.,1.),.PIECEWISE_BEZIER_KNOTS.);
#542 = CARTESIAN_POINT('',(-0.75,-1.5,-3.5));
#543 = CARTESIAN_POINT('',(-0.75,-1.,-3.5));
#544 = CARTESIAN_POINT('',(-0.75,-0.5,-3.5));
#545 = CARTESIAN_POINT('',(-0.75,-1.084202172486E-16,-3.5));
#546 = PCURVE('',#316,#547);
#547 = DEFINITIONAL_REPRESENTATION('',(#548),#553);
#548 = B_SPLINE_CURVE_WITH_KNOTS('',3,(#549,#550,#551,#552),
  .UNSPECIFIED.,.F.,.F.,(4,4),(0.,1.),.PIECEWISE_BEZIER_KNOTS.);
#549 = CARTESIAN_POINT('',(0.5,0.3));
#550 = CARTESIAN_POINT('',(0.5,0.8));
#551 = CARTESIAN_POINT('',(0.5,1.3));
#552 = CARTESIAN_POINT('',(0.5,1.8));
#553 = ( GEOMETRIC_REPRESENTATION_CONTEXT(2) 
PARAMETRIC_REPRESENTATION_CONTEXT() REPRESENTATION_CONTEXT('2D SPACE',''
  ) );
#554 = ORIENTED_EDGE('',*,*,#555,.T.);
#555 = EDGE_CURVE('',#538,#299,#556,.T.);
#556 = SURFACE_CURVE('',#557,(#562),.PCURVE_S1.);
#557 = B_SPLINE_CURVE_WITH_KNOTS('',3,(#558,#559,#560,#561),
  .UNSPECIFIED.,.F.,.F.,(4,4),(0.,1.),.PIECEWISE_BEZIER_KNOTS.);
#558 = CARTESIAN_POINT('',(-0.75,-1.084202172486E-16,-3.5));
#559 = CARTESIAN_POINT('',(-0.75,0.,-3.666666666667));
#560 = CARTESIAN_POINT('',(-0.75,0.,-3.833333333333));
#561 = CARTESIAN_POINT('',(-0.75,-7.228014483237E-17,-4.));
#562 = PCURVE('',#316,#563);
#563 = DEFINITIONAL_REPRESENTATION('',(#564),#569);
#564 = B_SPLINE_CURVE_WITH_KNOTS('',3,(#565,#566,#567,#568),
  .UNSPECIFIED.,.F.,.F.,(4,4),(0.,1.),.PIECEWISE_BEZIER_KNOTS.);
#565 = CARTESIAN_POINT('',(0.5,1.8));
#566 = CARTESIAN_POINT('',(0.333333333333,1.8));
#567 = CARTESIAN_POINT('',(0.166666666667,1.8));
#568 = CARTESIAN_POINT('',(0.,1.8));
#569 = ( GEOMETRIC_REPRESENTATION_CONTEXT(2) 
PARAMETRIC_REPRESENTATION_CONTEXT() REPRESENTATION_CONTEXT('2D SPACE',''
  ) );
#570 = ORIENTED_EDGE('',*,*,#296,.F.);
#571 = ORIENTED_EDGE('',*,*,#572,.T.);
#572 = EDGE_CURVE('',#297,#536,#573,.T.);
#573 = SURFACE_CURVE('',#574,(#579,#587),.PCURVE_S1.);
#574 = B_SPLINE_CURVE_WITH_KNOTS('',3,(#575,#576,#577,#578),
  .UNSPECIFIED.,.F.,.F.,(4,4),(0.,1.),.PIECEWISE_BEZIER_KNOTS.);
#575 = CARTESIAN_POINT('',(-0.75,-1.5,-4.));
#576 = CARTESIAN_POINT('',(-0.75,-1.5,-3.833333333333));
#577 = CARTESIAN_POINT('',(-0.75,-1.5,-3.666666666667));
#578 = CARTESIAN_POINT('',(-0.75,-1.5,-3.5));
#579 = PCURVE('',#316,#580);
#580 = DEFINITIONAL_REPRESENTATION('',(#581),#586);
#581 = B_SPLINE_CURVE_WITH_KNOTS('',3,(#582,#583,#584,#585),
  .UNSPECIFIED.,.F.,.F.,(4,4),(0.,1.),.PIECEWISE_BEZIER_KNOTS.);
#582 = CARTESIAN_POINT('',(0.,0.3));
#583 = CARTESIAN_POINT('',(0.166666666667,0.3));
#584 = CARTESIAN_POINT('',(0.333333333333,0.3));
#585 = CARTESIAN_POINT('',(0.5,0.3));
#586 = ( GEOMETRIC_REPRESENTATION_CONTEXT(2) 
PARAMETRIC_REPRESENTATION_CONTEXT() REPRESENTATION_CONTEXT('2D SPACE',''
  ) );
#587 = PCURVE('',#498,#588);
#588 = DEFINITIONAL_REPRESENTATION('',(#589),#592);
#589 = B_SPLINE_CURVE_WITH_KNOTS('',1,(#590,#591),.UNSPECIFIED.,.F.,.F.,
  (2,2),(0.,1.),.PIECEWISE_BEZIER_KNOTS.);
#590 = CARTESIAN_POINT('',(3.14159265359,0.));
#591 = CARTESIAN_POINT('',(3.14159265359,0.5));
#592 = ( GEOMETRIC_REPRESENTATION_CONTEXT(2) 
PARAMETRIC_REPRESENTATION_CONTEXT() REPRESENTATION_CONTEXT('2D SPACE',''
  ) );
#593 = ADVANCED_FACE('',(#594),#498,.T.);
#594 = FACE_BOUND('',#595,.T.);
#595 = EDGE_LOOP('',(#596,#637,#638,#639));
#596 = ORIENTED_EDGE('',*,*,#597,.T.);
#597 = EDGE_CURVE('',#598,#536,#600,.T.);
#598 = VERTEX_POINT('',#599);
#599 = CARTESIAN_POINT('',(-0.45,-1.8,-3.5));
#600 = SURFACE_CURVE('',#601,(#608),.PCURVE_S1.);
#601 = B_SPLINE_CURVE_WITH_KNOTS('',3,(#602,#603,#604,#605,#606,#607),
  .UNSPECIFIED.,.F.,.F.,(4,2,4),(0.,0.5,1.),.UNSPECIFIED.);
#602 = CARTESIAN_POINT('',(-0.45,-1.8,-3.5));
#603 = CARTESIAN_POINT('',(-0.52853981634,-1.8,-3.5));
#604 = CARTESIAN_POINT('',(-0.606595997629,-1.767668071083,-3.5));
#605 = CARTESIAN_POINT('',(-0.717668071083,-1.656595997629,-3.5));
#606 = CARTESIAN_POINT('',(-0.75,-1.57853981634,-3.5));
#607 = CARTESIAN_POINT('',(-0.75,-1.5,-3.5));
#608 = PCURVE('',#498,#609);
#609 = DEFINITIONAL_REPRESENTATION('',(#610),#636);
#610 = B_SPLINE_CURVE_WITH_KNOTS('',3,(#611,#612,#613,#614,#615,#616,
    #617,#618,#619,#620,#621,#622,#623,#624,#625,#626,#627,#628,#629,
    #630,#631,#632,#633,#634,#635),.UNSPECIFIED.,.F.,.F.,(4,1,1,1,1,1,1,
    1,1,1,1,1,1,1,1,1,1,1,1,1,1,1,4),(0.,4.545454545455E-02,
    9.090909090909E-02,0.136363636364,0.181818181818,0.227272727273,
    0.272727272727,0.318181818182,0.363636363636,0.409090909091,
    0.454545454545,0.5,0.545454545455,0.590909090909,0.636363636364,
    0.681818181818,0.727272727273,0.772727272727,0.818181818182,
    0.863636363636,0.909090909091,0.954545454545,1.),
  .QUASI_UNIFORM_KNOTS.);
#611 = CARTESIAN_POINT('',(4.712388980385,0.5));
#612 = CARTESIAN_POINT('',(4.688591546952,0.5));
#613 = CARTESIAN_POINT('',(4.641013637574,0.5));
#614 = CARTESIAN_POINT('',(4.569663002138,0.5));
#615 = CARTESIAN_POINT('',(4.498283532031,0.5));
#616 = CARTESIAN_POINT('',(4.426866632078,0.5));
#617 = CARTESIAN_POINT('',(4.355419253484,0.5));
#618 = CARTESIAN_POINT('',(4.283960552461,0.5));
#619 = CARTESIAN_POINT('',(4.212513122429,0.5));
#620 = CARTESIAN_POINT('',(4.141096428229,0.5));
#621 = CARTESIAN_POINT('',(4.069716186547,0.5));
#622 = CARTESIAN_POINT('',(3.998368431655,0.5));
#623 = CARTESIAN_POINT('',(3.926990816987,0.5));
#624 = CARTESIAN_POINT('',(3.855613202319,0.5));
#625 = CARTESIAN_POINT('',(3.784265447427,0.5));
#626 = CARTESIAN_POINT('',(3.712885205746,0.5));
#627 = CARTESIAN_POINT('',(3.641468511545,0.5));
#628 = CARTESIAN_POINT('',(3.570021081514,0.5));
#629 = CARTESIAN_POINT('',(3.49856238049,0.5));
#630 = CARTESIAN_POINT('',(3.427115001897,0.5));
#631 = CARTESIAN_POINT('',(3.355698101943,0.5));
#632 = CARTESIAN_POINT('',(3.284318631836,0.5));
#633 = CARTESIAN_POINT('',(3.2129679964,0.5));
#634 = CARTESIAN_POINT('',(3.165390087023,0.5));
#635 = CARTESIAN_POINT('',(3.14159265359,0.5));
#636 = ( GEOMETRIC_REPRESENTATION_CONTEXT(2) 
PARAMETRIC_REPRESENTATION_CONTEXT() REPRESENTATION_CONTEXT('2D SPACE',''
  ) );
#637 = ORIENTED_EDGE('',*,*,#572,.F.);
#638 = ORIENTED_EDGE('',*,*,#478,.F.);
#639 = ORIENTED_EDGE('',*,*,#640,.T.);
#640 = EDGE_CURVE('',#448,#598,#641,.T.);
#641 = SURFACE_CURVE('',#642,(#647,#653),.PCURVE_S1.);
#642 = B_SPLINE_CURVE_WITH_KNOTS('',3,(#643,#644,#645,#646),
  .UNSPECIFIED.,.F.,.F.,(4,4),(0.,1.),.PIECEWISE_BEZIER_KNOTS.);
#643 = CARTESIAN_POINT('',(-0.45,-1.8,-4.));
#644 = CARTESIAN_POINT('',(-0.45,-1.8,-3.833333333333));
#645 = CARTESIAN_POINT('',(-0.45,-1.8,-3.666666666667));
#646 = CARTESIAN_POINT('',(-0.45,-1.8,-3.5));
#647 = PCURVE('',#498,#648);
#648 = DEFINITIONAL_REPRESENTATION('',(#649),#652);
#649 = B_SPLINE_CURVE_WITH_KNOTS('',1,(#650,#651),.UNSPECIFIED.,.F.,.F.,
  (2,2),(0.,1.),.PIECEWISE_BEZIER_KNOTS.);
#650 = CARTESIAN_POINT('',(4.712388980385,0.));
#651 = CARTESIAN_POINT('',(4.712388980385,0.5));
#652 = ( GEOMETRIC_REPRESENTATION_CONTEXT(2) 
PARAMETRIC_REPRESENTATION_CONTEXT() REPRESENTATION_CONTEXT('2D SPACE',''
  ) );
#653 = PCURVE('',#465,#654);
#654 = DEFINITIONAL_REPRESENTATION('',(#655),#660);
#655 = B_SPLINE_CURVE_WITH_KNOTS('',3,(#656,#657,#658,#659),
  .UNSPECIFIED.,.F.,.F.,(4,4),(0.,1.),.PIECEWISE_BEZIER_KNOTS.);
#656 = CARTESIAN_POINT('',(4.,-0.45));
#657 = CARTESIAN_POINT('',(3.833333333333,-0.45));
#658 = CARTESIAN_POINT('',(3.666666666667,-0.45));
#659 = CARTESIAN_POINT('',(3.5,-0.45));
#660 = ( GEOMETRIC_REPRESENTATION_CONTEXT(2) 
PARAMETRIC_REPRESENTATION_CONTEXT() REPRESENTATION_CONTEXT('2D SPACE',''
  ) );
#661 = ADVANCED_FACE('',(#662),#465,.T.);
#662 = FACE_BOUND('',#663,.T.);
#663 = EDGE_LOOP('',(#664,#682,#683,#684));
#664 = ORIENTED_EDGE('',*,*,#665,.T.);
#665 = EDGE_CURVE('',#666,#598,#668,.T.);
#666 = VERTEX_POINT('',#667);
#667 = CARTESIAN_POINT('',(0.45,-1.8,-3.5));
#668 = SURFACE_CURVE('',#669,(#674),.PCURVE_S1.);
#669 = B_SPLINE_CURVE_WITH_KNOTS('',3,(#670,#671,#672,#673),
  .UNSPECIFIED.,.F.,.F.,(4,4),(0.,1.),.PIECEWISE_BEZIER_KNOTS.);
#670 = CARTESIAN_POINT('',(0.45,-1.8,-3.5));
#671 = CARTESIAN_POINT('',(0.15,-1.8,-3.5));
#672 = CARTESIAN_POINT('',(-0.15,-1.8,-3.5));
#673 = CARTESIAN_POINT('',(-0.45,-1.8,-3.5));
#674 = PCURVE('',#465,#675);
#675 = DEFINITIONAL_REPRESENTATION('',(#676),#681);
#676 = B_SPLINE_CURVE_WITH_KNOTS('',3,(#677,#678,#679,#680),
  .UNSPECIFIED.,.F.,.F.,(4,4),(0.,1.),.PIECEWISE_BEZIER_KNOTS.);
#677 = CARTESIAN_POINT('',(3.5,0.45));
#678 = CARTESIAN_POINT('',(3.5,0.15));
#679 = CARTESIAN_POINT('',(3.5,-0.15));
#680 = CARTESIAN_POINT('',(3.5,-0.45));
#681 = ( GEOMETRIC_REPRESENTATION_CONTEXT(2) 
PARAMETRIC_REPRESENTATION_CONTEXT() REPRESENTATION_CONTEXT('2D SPACE',''
  ) );
#682 = ORIENTED_EDGE('',*,*,#640,.F.);
#683 = ORIENTED_EDGE('',*,*,#447,.F.);
#684 = ORIENTED_EDGE('',*,*,#685,.T.);
#685 = EDGE_CURVE('',#392,#666,#686,.T.);
#686 = SURFACE_CURVE('',#687,(#692,#700),.PCURVE_S1.);
#687 = B_SPLINE_CURVE_WITH_KNOTS('',3,(#688,#689,#690,#691),
  .UNSPECIFIED.,.F.,.F.,(4,4),(0.,1.),.PIECEWISE_BEZIER_KNOTS.);
#688 = CARTESIAN_POINT('',(0.45,-1.8,-4.));
#689 = CARTESIAN_POINT('',(0.45,-1.8,-3.833333333333));
#690 = CARTESIAN_POINT('',(0.45,-1.8,-3.666666666667));
#691 = CARTESIAN_POINT('',(0.45,-1.8,-3.5));
#692 = PCURVE('',#465,#693);
#693 = DEFINITIONAL_REPRESENTATION('',(#694),#699);
#694 = B_SPLINE_CURVE_WITH_KNOTS('',3,(#695,#696,#697,#698),
  .UNSPECIFIED.,.F.,.F.,(4,4),(0.,1.),.PIECEWISE_BEZIER_KNOTS.);
#695 = CARTESIAN_POINT('',(4.,0.45));
#696 = CARTESIAN_POINT('',(3.833333333333,0.45));
#697 = CARTESIAN_POINT('',(3.666666666667,0.45));
#698 = CARTESIAN_POINT('',(3.5,0.45));
#699 = ( GEOMETRIC_REPRESENTATION_CONTEXT(2) 
PARAMETRIC_REPRESENTATION_CONTEXT() REPRESENTATION_CONTEXT('2D SPACE',''
  ) );
#700 = PCURVE('',#413,#701);
#701 = DEFINITIONAL_REPRESENTATION('',(#702),#705);
#702 = B_SPLINE_CURVE_WITH_KNOTS('',1,(#703,#704),.UNSPECIFIED.,.F.,.F.,
  (2,2),(0.,1.),.PIECEWISE_BEZIER_KNOTS.);
#703 = CARTESIAN_POINT('',(4.712388980385,0.));
#704 = CARTESIAN_POINT('',(4.712388980385,-0.5));
#705 = ( GEOMETRIC_REPRESENTATION_CONTEXT(2) 
PARAMETRIC_REPRESENTATION_CONTEXT() REPRESENTATION_CONTEXT('2D SPACE',''
  ) );
#706 = ADVANCED_FACE('',(#707),#413,.T.);
#707 = FACE_BOUND('',#708,.T.);
#708 = EDGE_LOOP('',(#709,#710,#734,#773));
#709 = ORIENTED_EDGE('',*,*,#391,.F.);
#710 = ORIENTED_EDGE('',*,*,#711,.T.);
#711 = EDGE_CURVE('',#361,#712,#714,.T.);
#712 = VERTEX_POINT('',#713);
#713 = CARTESIAN_POINT('',(0.75,-1.5,-3.5));
#714 = SURFACE_CURVE('',#715,(#720,#726),.PCURVE_S1.);
#715 = B_SPLINE_CURVE_WITH_KNOTS('',3,(#716,#717,#718,#719),
  .UNSPECIFIED.,.F.,.F.,(4,4),(0.,1.),.PIECEWISE_BEZIER_KNOTS.);
#716 = CARTESIAN_POINT('',(0.75,-1.5,-4.));
#717 = CARTESIAN_POINT('',(0.75,-1.5,-3.833333333333));
#718 = CARTESIAN_POINT('',(0.75,-1.5,-3.666666666667));
#719 = CARTESIAN_POINT('',(0.75,-1.5,-3.5));
#720 = PCURVE('',#413,#721);
#721 = DEFINITIONAL_REPRESENTATION('',(#722),#725);
#722 = B_SPLINE_CURVE_WITH_KNOTS('',1,(#723,#724),.UNSPECIFIED.,.F.,.F.,
  (2,2),(0.,1.),.PIECEWISE_BEZIER_KNOTS.);
#723 = CARTESIAN_POINT('',(3.14159265359,0.));
#724 = CARTESIAN_POINT('',(3.14159265359,-0.5));
#725 = ( GEOMETRIC_REPRESENTATION_CONTEXT(2) 
PARAMETRIC_REPRESENTATION_CONTEXT() REPRESENTATION_CONTEXT('2D SPACE',''
  ) );
#726 = PCURVE('',#378,#727);
#727 = DEFINITIONAL_REPRESENTATION('',(#728),#733);
#728 = B_SPLINE_CURVE_WITH_KNOTS('',3,(#729,#730,#731,#732),
  .UNSPECIFIED.,.F.,.F.,(4,4),(0.,1.),.PIECEWISE_BEZIER_KNOTS.);
#729 = CARTESIAN_POINT('',(0.,0.3));
#730 = CARTESIAN_POINT('',(-0.166666666667,0.3));
#731 = CARTESIAN_POINT('',(-0.333333333333,0.3));
#732 = CARTESIAN_POINT('',(-0.5,0.3));
#733 = ( GEOMETRIC_REPRESENTATION_CONTEXT(2) 
PARAMETRIC_REPRESENTATION_CONTEXT() REPRESENTATION_CONTEXT('2D SPACE',''
  ) );
#734 = ORIENTED_EDGE('',*,*,#735,.T.);
#735 = EDGE_CURVE('',#712,#666,#736,.T.);
#736 = SURFACE_CURVE('',#737,(#744),.PCURVE_S1.);
#737 = B_SPLINE_CURVE_WITH_KNOTS('',3,(#738,#739,#740,#741,#742,#743),
  .UNSPECIFIED.,.F.,.F.,(4,2,4),(0.,0.5,1.),.UNSPECIFIED.);
#738 = CARTESIAN_POINT('',(0.75,-1.5,-3.5));
#739 = CARTESIAN_POINT('',(0.75,-1.57853981634,-3.5));
#740 = CARTESIAN_POINT('',(0.717668071083,-1.656595997629,-3.5));
#741 = CARTESIAN_POINT('',(0.606595997629,-1.767668071083,-3.5));
#742 = CARTESIAN_POINT('',(0.52853981634,-1.8,-3.5));
#743 = CARTESIAN_POINT('',(0.45,-1.8,-3.5));
#744 = PCURVE('',#413,#745);
#745 = DEFINITIONAL_REPRESENTATION('',(#746),#772);
#746 = B_SPLINE_CURVE_WITH_KNOTS('',3,(#747,#748,#749,#750,#751,#752,
    #753,#754,#755,#756,#757,#758,#759,#760,#761,#762,#763,#764,#765,
    #766,#767,#768,#769,#770,#771),.UNSPECIFIED.,.F.,.F.,(4,1,1,1,1,1,1,
    1,1,1,1,1,1,1,1,1,1,1,1,1,1,1,4),(0.,4.545454545455E-02,
    9.090909090909E-02,0.136363636364,0.181818181818,0.227272727273,
    0.272727272727,0.318181818182,0.363636363636,0.409090909091,
    0.454545454545,0.5,0.545454545455,0.590909090909,0.636363636364,
    0.681818181818,0.727272727273,0.772727272727,0.818181818182,
    0.863636363636,0.909090909091,0.954545454545,1.),
  .QUASI_UNIFORM_KNOTS.);
#747 = CARTESIAN_POINT('',(3.14159265359,-0.5));
#748 = CARTESIAN_POINT('',(3.165390087023,-0.5));
#749 = CARTESIAN_POINT('',(3.2129679964,-0.5));
#750 = CARTESIAN_POINT('',(3.284318631836,-0.5));
#751 = CARTESIAN_POINT('',(3.355698101943,-0.5));
#752 = CARTESIAN_POINT('',(3.427115001897,-0.5));
#753 = CARTESIAN_POINT('',(3.49856238049,-0.5));
#754 = CARTESIAN_POINT('',(3.570021081514,-0.5));
#755 = CARTESIAN_POINT('',(3.641468511545,-0.5));
#756 = CARTESIAN_POINT('',(3.712885205746,-0.5));
#757 = CARTESIAN_POINT('',(3.784265447427,-0.5));
#758 = CARTESIAN_POINT('',(3.855613202319,-0.5));
#759 = CARTESIAN_POINT('',(3.926990816987,-0.5));
#760 = CARTESIAN_POINT('',(3.998368431655,-0.5));
#761 = CARTESIAN_POINT('',(4.069716186547,-0.5));
#762 = CARTESIAN_POINT('',(4.141096428229,-0.5));
#763 = CARTESIAN_POINT('',(4.212513122429,-0.5));
#764 = CARTESIAN_POINT('',(4.283960552461,-0.5));
#765 = CARTESIAN_POINT('',(4.355419253484,-0.5));
#766 = CARTESIAN_POINT('',(4.426866632078,-0.5));
#767 = CARTESIAN_POINT('',(4.498283532031,-0.5));
#768 = CARTESIAN_POINT('',(4.569663002138,-0.5));
#769 = CARTESIAN_POINT('',(4.641013637574,-0.5));
#770 = CARTESIAN_POINT('',(4.688591546952,-0.5));
#771 = CARTESIAN_POINT('',(4.712388980385,-0.5));
#772 = ( GEOMETRIC_REPRESENTATION_CONTEXT(2) 
PARAMETRIC_REPRESENTATION_CONTEXT() REPRESENTATION_CONTEXT('2D SPACE',''
  ) );
#773 = ORIENTED_EDGE('',*,*,#685,.F.);
#774 = ADVANCED_FACE('',(#775),#378,.T.);
#775 = FACE_BOUND('',#776,.T.);
#776 = EDGE_LOOP('',(#777,#778,#796,#812));
#777 = ORIENTED_EDGE('',*,*,#360,.F.);
#778 = ORIENTED_EDGE('',*,*,#779,.T.);
#779 = EDGE_CURVE('',#330,#780,#782,.T.);
#780 = VERTEX_POINT('',#781);
#781 = CARTESIAN_POINT('',(0.75,-1.084202172486E-16,-3.5));
#782 = SURFACE_CURVE('',#783,(#788),.PCURVE_S1.);
#783 = B_SPLINE_CURVE_WITH_KNOTS('',3,(#784,#785,#786,#787),
  .UNSPECIFIED.,.F.,.F.,(4,4),(0.,1.),.PIECEWISE_BEZIER_KNOTS.);
#784 = CARTESIAN_POINT('',(0.75,-7.228014483237E-17,-4.));
#785 = CARTESIAN_POINT('',(0.75,0.,-3.833333333333));
#786 = CARTESIAN_POINT('',(0.75,0.,-3.666666666667));
#787 = CARTESIAN_POINT('',(0.75,-1.084202172486E-16,-3.5));
#788 = PCURVE('',#378,#789);
#789 = DEFINITIONAL_REPRESENTATION('',(#790),#795);
#790 = B_SPLINE_CURVE_WITH_KNOTS('',3,(#791,#792,#793,#794),
  .UNSPECIFIED.,.F.,.F.,(4,4),(0.,1.),.PIECEWISE_BEZIER_KNOTS.);
#791 = CARTESIAN_POINT('',(0.,1.8));
#792 = CARTESIAN_POINT('',(-0.166666666667,1.8));
#793 = CARTESIAN_POINT('',(-0.333333333333,1.8));
#794 = CARTESIAN_POINT('',(-0.5,1.8));
#795 = ( GEOMETRIC_REPRESENTATION_CONTEXT(2) 
PARAMETRIC_REPRESENTATION_CONTEXT() REPRESENTATION_CONTEXT('2D SPACE',''
  ) );
#796 = ORIENTED_EDGE('',*,*,#797,.T.);
#797 = EDGE_CURVE('',#780,#712,#798,.T.);
#798 = SURFACE_CURVE('',#799,(#804),.PCURVE_S1.);
#799 = B_SPLINE_CURVE_WITH_KNOTS('',3,(#800,#801,#802,#803),
  .UNSPECIFIED.,.F.,.F.,(4,4),(0.,1.),.PIECEWISE_BEZIER_KNOTS.);
#800 = CARTESIAN_POINT('',(0.75,-1.084202172486E-16,-3.5));
#801 = CARTESIAN_POINT('',(0.75,-0.5,-3.5));
#802 = CARTESIAN_POINT('',(0.75,-1.,-3.5));
#803 = CARTESIAN_POINT('',(0.75,-1.5,-3.5));
#804 = PCURVE('',#378,#805);
#805 = DEFINITIONAL_REPRESENTATION('',(#806),#811);
#806 = B_SPLINE_CURVE_WITH_KNOTS('',3,(#807,#808,#809,#810),
  .UNSPECIFIED.,.F.,.F.,(4,4),(0.,1.),.PIECEWISE_BEZIER_KNOTS.);
#807 = CARTESIAN_POINT('',(-0.5,1.8));
#808 = CARTESIAN_POINT('',(-0.5,1.3));
#809 = CARTESIAN_POINT('',(-0.5,0.8));
#810 = CARTESIAN_POINT('',(-0.5,0.3));
#811 = ( GEOMETRIC_REPRESENTATION_CONTEXT(2) 
PARAMETRIC_REPRESENTATION_CONTEXT() REPRESENTATION_CONTEXT('2D SPACE',''
  ) );
#812 = ORIENTED_EDGE('',*,*,#711,.F.);
#813 = ADVANCED_FACE('',(#814),#829,.T.);
#814 = FACE_BOUND('',#815,.T.);
#815 = EDGE_LOOP('',(#816,#853,#879,#910));
#816 = ORIENTED_EDGE('',*,*,#817,.T.);
#817 = EDGE_CURVE('',#818,#820,#822,.T.);
#818 = VERTEX_POINT('',#819);
#819 = CARTESIAN_POINT('',(-5.84084793106E-16,-1.,-6.));
#820 = VERTEX_POINT('',#821);
#821 = CARTESIAN_POINT('',(-8.06129398031E-16,0.,-6.));
#822 = SURFACE_CURVE('',#823,(#828,#841),.PCURVE_S1.);
#823 = B_SPLINE_CURVE_WITH_KNOTS('',3,(#824,#825,#826,#827),
  .UNSPECIFIED.,.F.,.F.,(4,4),(0.,1.),.PIECEWISE_BEZIER_KNOTS.);
#824 = CARTESIAN_POINT('',(-5.84084793106E-16,-1.,-6.));
#825 = CARTESIAN_POINT('',(0.,-0.666666666667,-6.));
#826 = CARTESIAN_POINT('',(0.,-0.333333333333,-6.));
#827 = CARTESIAN_POINT('',(-8.06129398031E-16,0.,-6.));
#828 = PCURVE('',#829,#834);
#829 = PLANE('',#830);
#830 = AXIS2_PLACEMENT_3D('',#831,#832,#833);
#831 = CARTESIAN_POINT('',(-5.,-1.,-6.));
#832 = DIRECTION('',(0.,0.,1.));
#833 = DIRECTION('',(1.,0.,-0.));
#834 = DEFINITIONAL_REPRESENTATION('',(#835),#840);
#835 = B_SPLINE_CURVE_WITH_KNOTS('',3,(#836,#837,#838,#839),
  .UNSPECIFIED.,.F.,.F.,(4,4),(0.,1.),.PIECEWISE_BEZIER_KNOTS.);
#836 = CARTESIAN_POINT('',(5.,0.));
#837 = CARTESIAN_POINT('',(5.,0.333333333333));
#838 = CARTESIAN_POINT('',(5.,0.666666666667));
#839 = CARTESIAN_POINT('',(5.,1.));
#840 = ( GEOMETRIC_REPRESENTATION_CONTEXT(2) 
PARAMETRIC_REPRESENTATION_CONTEXT() REPRESENTATION_CONTEXT('2D SPACE',''
  ) );
#841 = PCURVE('',#842,#847);
#842 = CYLINDRICAL_SURFACE('',#843,6.);
#843 = AXIS2_PLACEMENT_3D('',#844,#845,#846);
#844 = CARTESIAN_POINT('',(-8.673617379884E-16,0.,-1.734723475977E-15));
#845 = DIRECTION('',(0.,-1.,0.));
#846 = DIRECTION('',(-1.,0.,0.));
#847 = DEFINITIONAL_REPRESENTATION('',(#848),#852);
#848 = LINE('',#849,#850);
#849 = CARTESIAN_POINT('',(1.570796326795,1.));
#850 = VECTOR('',#851,1.);
#851 = DIRECTION('',(0.,-1.));
#852 = ( GEOMETRIC_REPRESENTATION_CONTEXT(2) 
PARAMETRIC_REPRESENTATION_CONTEXT() REPRESENTATION_CONTEXT('2D SPACE',''
  ) );
#853 = ORIENTED_EDGE('',*,*,#854,.T.);
#854 = EDGE_CURVE('',#820,#855,#857,.T.);
#855 = VERTEX_POINT('',#856);
#856 = CARTESIAN_POINT('',(-13.5,0.,-6.));
#857 = SURFACE_CURVE('',#858,(#863,#871),.PCURVE_S1.);
#858 = B_SPLINE_CURVE_WITH_KNOTS('',3,(#859,#860,#861,#862),
  .UNSPECIFIED.,.F.,.F.,(4,4),(0.,1.),.PIECEWISE_BEZIER_KNOTS.);
#859 = CARTESIAN_POINT('',(-8.06129398031E-16,0.,-6.));
#860 = CARTESIAN_POINT('',(-4.5,0.,-6.));
#861 = CARTESIAN_POINT('',(-9.,0.,-6.));
#862 = CARTESIAN_POINT('',(-13.5,0.,-6.));
#863 = PCURVE('',#829,#864);
#864 = DEFINITIONAL_REPRESENTATION('',(#865),#870);
#865 = B_SPLINE_CURVE_WITH_KNOTS('',3,(#866,#867,#868,#869),
  .UNSPECIFIED.,.F.,.F.,(4,4),(0.,1.),.PIECEWISE_BEZIER_KNOTS.);
#866 = CARTESIAN_POINT('',(5.,1.));
#867 = CARTESIAN_POINT('',(0.5,1.));
#868 = CARTESIAN_POINT('',(-4.,1.));
#869 = CARTESIAN_POINT('',(-8.5,1.));
#870 = ( GEOMETRIC_REPRESENTATION_CONTEXT(2) 
PARAMETRIC_REPRESENTATION_CONTEXT() REPRESENTATION_CONTEXT('2D SPACE',''
  ) );
#871 = PCURVE('',#347,#872);
#872 = DEFINITIONAL_REPRESENTATION('',(#873),#878);
#873 = B_SPLINE_CURVE_WITH_KNOTS('',3,(#874,#875,#876,#877),
  .UNSPECIFIED.,.F.,.F.,(4,4),(0.,1.),.PIECEWISE_BEZIER_KNOTS.);
#874 = CARTESIAN_POINT('',(-8.06129398031E-16,6.));
#875 = CARTESIAN_POINT('',(-4.5,6.));
#876 = CARTESIAN_POINT('',(-9.,6.));
#877 = CARTESIAN_POINT('',(-13.5,6.));
#878 = ( GEOMETRIC_REPRESENTATION_CONTEXT(2) 
PARAMETRIC_REPRESENTATION_CONTEXT() REPRESENTATION_CONTEXT('2D SPACE',''
  ) );
#879 = ORIENTED_EDGE('',*,*,#880,.T.);
#880 = EDGE_CURVE('',#855,#881,#883,.T.);
#881 = VERTEX_POINT('',#882);
#882 = CARTESIAN_POINT('',(-13.5,-1.,-6.));
#883 = SURFACE_CURVE('',#884,(#889,#897),.PCURVE_S1.);
#884 = B_SPLINE_CURVE_WITH_KNOTS('',3,(#885,#886,#887,#888),
  .UNSPECIFIED.,.F.,.F.,(4,4),(0.,1.),.PIECEWISE_BEZIER_KNOTS.);
#885 = CARTESIAN_POINT('',(-13.5,0.,-6.));
#886 = CARTESIAN_POINT('',(-13.5,-0.333333333333,-6.));
#887 = CARTESIAN_POINT('',(-13.5,-0.666666666667,-6.));
#888 = CARTESIAN_POINT('',(-13.5,-1.,-6.));
#889 = PCURVE('',#829,#890);
#890 = DEFINITIONAL_REPRESENTATION('',(#891),#896);
#891 = B_SPLINE_CURVE_WITH_KNOTS('',3,(#892,#893,#894,#895),
  .UNSPECIFIED.,.F.,.F.,(4,4),(0.,1.),.PIECEWISE_BEZIER_KNOTS.);
#892 = CARTESIAN_POINT('',(-8.5,1.));
#893 = CARTESIAN_POINT('',(-8.5,0.666666666667));
#894 = CARTESIAN_POINT('',(-8.5,0.333333333333));
#895 = CARTESIAN_POINT('',(-8.5,0.));
#896 = ( GEOMETRIC_REPRESENTATION_CONTEXT(2) 
PARAMETRIC_REPRESENTATION_CONTEXT() REPRESENTATION_CONTEXT('2D SPACE',''
  ) );
#897 = PCURVE('',#898,#903);
#898 = PLANE('',#899);
#899 = AXIS2_PLACEMENT_3D('',#900,#901,#902);
#900 = CARTESIAN_POINT('',(-13.5,0.,6.));
#901 = DIRECTION('',(-1.,0.,0.));
#902 = DIRECTION('',(0.,0.,1.));
#903 = DEFINITIONAL_REPRESENTATION('',(#904),#909);
#904 = B_SPLINE_CURVE_WITH_KNOTS('',3,(#905,#906,#907,#908),
  .UNSPECIFIED.,.F.,.F.,(4,4),(0.,1.),.PIECEWISE_BEZIER_KNOTS.);
#905 = CARTESIAN_POINT('',(-12.,0.));
#906 = CARTESIAN_POINT('',(-12.,-0.333333333333));
#907 = CARTESIAN_POINT('',(-12.,-0.666666666667));
#908 = CARTESIAN_POINT('',(-12.,-1.));
#909 = ( GEOMETRIC_REPRESENTATION_CONTEXT(2) 
PARAMETRIC_REPRESENTATION_CONTEXT() REPRESENTATION_CONTEXT('2D SPACE',''
  ) );
#910 = ORIENTED_EDGE('',*,*,#911,.T.);
#911 = EDGE_CURVE('',#881,#818,#912,.T.);
#912 = SURFACE_CURVE('',#913,(#918,#926),.PCURVE_S1.);
#913 = B_SPLINE_CURVE_WITH_KNOTS('',3,(#914,#915,#916,#917),
  .UNSPECIFIED.,.F.,.F.,(4,4),(0.,1.),.PIECEWISE_BEZIER_KNOTS.);
#914 = CARTESIAN_POINT('',(-13.5,-1.,-6.));
#915 = CARTESIAN_POINT('',(-9.,-1.,-6.));
#916 = CARTESIAN_POINT('',(-4.5,-1.,-6.));
#917 = CARTESIAN_POINT('',(-5.84084793106E-16,-1.,-6.));
#918 = PCURVE('',#829,#919);
#919 = DEFINITIONAL_REPRESENTATION('',(#920),#925);
#920 = B_SPLINE_CURVE_WITH_KNOTS('',3,(#921,#922,#923,#924),
  .UNSPECIFIED.,.F.,.F.,(4,4),(0.,1.),.PIECEWISE_BEZIER_KNOTS.);
#921 = CARTESIAN_POINT('',(-8.5,0.));
#922 = CARTESIAN_POINT('',(-4.,0.));
#923 = CARTESIAN_POINT('',(0.5,0.));
#924 = CARTESIAN_POINT('',(5.,0.));
#925 = ( GEOMETRIC_REPRESENTATION_CONTEXT(2) 
PARAMETRIC_REPRESENTATION_CONTEXT() REPRESENTATION_CONTEXT('2D SPACE',''
  ) );
#926 = PCURVE('',#927,#932);
#927 = PLANE('',#928);
#928 = AXIS2_PLACEMENT_3D('',#929,#930,#931);
#929 = CARTESIAN_POINT('',(0.,-1.,0.));
#930 = DIRECTION('',(-0.,1.,0.));
#931 = DIRECTION('',(1.,0.,0.));
#932 = DEFINITIONAL_REPRESENTATION('',(#933),#938);
#933 = B_SPLINE_CURVE_WITH_KNOTS('',3,(#934,#935,#936,#937),
  .UNSPECIFIED.,.F.,.F.,(4,4),(0.,1.),.PIECEWISE_BEZIER_KNOTS.);
#934 = CARTESIAN_POINT('',(-13.5,6.));
#935 = CARTESIAN_POINT('',(-9.,6.));
#936 = CARTESIAN_POINT('',(-4.5,6.));
#937 = CARTESIAN_POINT('',(-5.84084793106E-16,6.));
#938 = ( GEOMETRIC_REPRESENTATION_CONTEXT(2) 
PARAMETRIC_REPRESENTATION_CONTEXT() REPRESENTATION_CONTEXT('2D SPACE',''
  ) );
#939 = ADVANCED_FACE('',(#940,#1070,#1232,#1480),#347,.F.);
#940 = FACE_BOUND('',#941,.T.);
#941 = EDGE_LOOP('',(#942,#975,#1006,#1037,#1053,#1054));
#942 = ORIENTED_EDGE('',*,*,#943,.F.);
#943 = EDGE_CURVE('',#944,#946,#948,.T.);
#944 = VERTEX_POINT('',#945);
#945 = CARTESIAN_POINT('',(-0.95,0.,-3.3));
#946 = VERTEX_POINT('',#947);
#947 = CARTESIAN_POINT('',(-0.95,0.,-4.));
#948 = SURFACE_CURVE('',#949,(#954,#962),.PCURVE_S1.);
#949 = B_SPLINE_CURVE_WITH_KNOTS('',3,(#950,#951,#952,#953),
  .UNSPECIFIED.,.F.,.F.,(4,4),(0.,1.),.PIECEWISE_BEZIER_KNOTS.);
#950 = CARTESIAN_POINT('',(-0.95,0.,-3.3));
#951 = CARTESIAN_POINT('',(-0.95,0.,-3.533333333333));
#952 = CARTESIAN_POINT('',(-0.95,0.,-3.766666666667));
#953 = CARTESIAN_POINT('',(-0.95,0.,-4.));
#954 = PCURVE('',#347,#955);
#955 = DEFINITIONAL_REPRESENTATION('',(#956),#961);
#956 = B_SPLINE_CURVE_WITH_KNOTS('',3,(#957,#958,#959,#960),
  .UNSPECIFIED.,.F.,.F.,(4,4),(0.,1.),.PIECEWISE_BEZIER_KNOTS.);
#957 = CARTESIAN_POINT('',(-0.95,3.3));
#958 = CARTESIAN_POINT('',(-0.95,3.533333333333));
#959 = CARTESIAN_POINT('',(-0.95,3.766666666667));
#960 = CARTESIAN_POINT('',(-0.95,4.));
#961 = ( GEOMETRIC_REPRESENTATION_CONTEXT(2) 
PARAMETRIC_REPRESENTATION_CONTEXT() REPRESENTATION_CONTEXT('2D SPACE',''
  ) );
#962 = PCURVE('',#963,#968);
#963 = PLANE('',#964);
#964 = AXIS2_PLACEMENT_3D('',#965,#966,#967);
#965 = CARTESIAN_POINT('',(-0.95,0.,-4.));
#966 = DIRECTION('',(1.,0.,0.));
#967 = DIRECTION('',(-0.,1.,0.));
#968 = DEFINITIONAL_REPRESENTATION('',(#969),#974);
#969 = B_SPLINE_CURVE_WITH_KNOTS('',3,(#970,#971,#972,#973),
  .UNSPECIFIED.,.F.,.F.,(4,4),(0.,1.),.PIECEWISE_BEZIER_KNOTS.);
#970 = CARTESIAN_POINT('',(0.,0.7));
#971 = CARTESIAN_POINT('',(0.,0.466666666667));
#972 = CARTESIAN_POINT('',(0.,0.233333333333));
#973 = CARTESIAN_POINT('',(0.,0.));
#974 = ( GEOMETRIC_REPRESENTATION_CONTEXT(2) 
PARAMETRIC_REPRESENTATION_CONTEXT() REPRESENTATION_CONTEXT('2D SPACE',''
  ) );
#975 = ORIENTED_EDGE('',*,*,#976,.F.);
#976 = EDGE_CURVE('',#977,#944,#979,.T.);
#977 = VERTEX_POINT('',#978);
#978 = CARTESIAN_POINT('',(0.95,0.,-3.3));
#979 = SURFACE_CURVE('',#980,(#985,#993),.PCURVE_S1.);
#980 = B_SPLINE_CURVE_WITH_KNOTS('',3,(#981,#982,#983,#984),
  .UNSPECIFIED.,.F.,.F.,(4,4),(0.,1.),.PIECEWISE_BEZIER_KNOTS.);
#981 = CARTESIAN_POINT('',(0.95,0.,-3.3));
#982 = CARTESIAN_POINT('',(0.316666666667,0.,-3.3));
#983 = CARTESIAN_POINT('',(-0.316666666667,0.,-3.3));
#984 = CARTESIAN_POINT('',(-0.95,0.,-3.3));
#985 = PCURVE('',#347,#986);
#986 = DEFINITIONAL_REPRESENTATION('',(#987),#992);
#987 = B_SPLINE_CURVE_WITH_KNOTS('',3,(#988,#989,#990,#991),
  .UNSPECIFIED.,.F.,.F.,(4,4),(0.,1.),.PIECEWISE_BEZIER_KNOTS.);
#988 = CARTESIAN_POINT('',(0.95,3.3));
#989 = CARTESIAN_POINT('',(0.316666666667,3.3));
#990 = CARTESIAN_POINT('',(-0.316666666667,3.3));
#991 = CARTESIAN_POINT('',(-0.95,3.3));
#992 = ( GEOMETRIC_REPRESENTATION_CONTEXT(2) 
PARAMETRIC_REPRESENTATION_CONTEXT() REPRESENTATION_CONTEXT('2D SPACE',''
  ) );
#993 = PCURVE('',#994,#999);
#994 = PLANE('',#995);
#995 = AXIS2_PLACEMENT_3D('',#996,#997,#998);
#996 = CARTESIAN_POINT('',(0.95,0.,-3.3));
#997 = DIRECTION('',(0.,0.,-1.));
#998 = DIRECTION('',(0.,-1.,0.));
#999 = DEFINITIONAL_REPRESENTATION('',(#1000),#1005);
#1000 = B_SPLINE_CURVE_WITH_KNOTS('',3,(#1001,#1002,#1003,#1004),
  .UNSPECIFIED.,.F.,.F.,(4,4),(0.,1.),.PIECEWISE_BEZIER_KNOTS.);
#1001 = CARTESIAN_POINT('',(0.,0.));
#1002 = CARTESIAN_POINT('',(0.,0.633333333333));
#1003 = CARTESIAN_POINT('',(0.,1.266666666667));
#1004 = CARTESIAN_POINT('',(0.,1.9));
#1005 = ( GEOMETRIC_REPRESENTATION_CONTEXT(2) 
PARAMETRIC_REPRESENTATION_CONTEXT() REPRESENTATION_CONTEXT('2D SPACE',''
  ) );
#1006 = ORIENTED_EDGE('',*,*,#1007,.F.);
#1007 = EDGE_CURVE('',#1008,#977,#1010,.T.);
#1008 = VERTEX_POINT('',#1009);
#1009 = CARTESIAN_POINT('',(0.95,0.,-4.));
#1010 = SURFACE_CURVE('',#1011,(#1016,#1024),.PCURVE_S1.);
#1011 = B_SPLINE_CURVE_WITH_KNOTS('',3,(#1012,#1013,#1014,#1015),
  .UNSPECIFIED.,.F.,.F.,(4,4),(0.,1.),.PIECEWISE_BEZIER_KNOTS.);
#1012 = CARTESIAN_POINT('',(0.95,0.,-4.));
#1013 = CARTESIAN_POINT('',(0.95,0.,-3.766666666667));
#1014 = CARTESIAN_POINT('',(0.95,0.,-3.533333333333));
#1015 = CARTESIAN_POINT('',(0.95,0.,-3.3));
#1016 = PCURVE('',#347,#1017);
#1017 = DEFINITIONAL_REPRESENTATION('',(#1018),#1023);
#1018 = B_SPLINE_CURVE_WITH_KNOTS('',3,(#1019,#1020,#1021,#1022),
  .UNSPECIFIED.,.F.,.F.,(4,4),(0.,1.),.PIECEWISE_BEZIER_KNOTS.);
#1019 = CARTESIAN_POINT('',(0.95,4.));
#1020 = CARTESIAN_POINT('',(0.95,3.766666666667));
#1021 = CARTESIAN_POINT('',(0.95,3.533333333333));
#1022 = CARTESIAN_POINT('',(0.95,3.3));
#1023 = ( GEOMETRIC_REPRESENTATION_CONTEXT(2) 
PARAMETRIC_REPRESENTATION_CONTEXT() REPRESENTATION_CONTEXT('2D SPACE',''
  ) );
#1024 = PCURVE('',#1025,#1030);
#1025 = PLANE('',#1026);
#1026 = AXIS2_PLACEMENT_3D('',#1027,#1028,#1029);
#1027 = CARTESIAN_POINT('',(0.95,0.,-4.));
#1028 = DIRECTION('',(-1.,0.,0.));
#1029 = DIRECTION('',(0.,0.,1.));
#1030 = DEFINITIONAL_REPRESENTATION('',(#1031),#1036);
#1031 = B_SPLINE_CURVE_WITH_KNOTS('',3,(#1032,#1033,#1034,#1035),
  .UNSPECIFIED.,.F.,.F.,(4,4),(0.,1.),.PIECEWISE_BEZIER_KNOTS.);
#1032 = CARTESIAN_POINT('',(0.,0.));
#1033 = CARTESIAN_POINT('',(0.233333333333,0.));
#1034 = CARTESIAN_POINT('',(0.466666666667,0.));
#1035 = CARTESIAN_POINT('',(0.7,0.));
#1036 = ( GEOMETRIC_REPRESENTATION_CONTEXT(2) 
PARAMETRIC_REPRESENTATION_CONTEXT() REPRESENTATION_CONTEXT('2D SPACE',''
  ) );
#1037 = ORIENTED_EDGE('',*,*,#1038,.F.);
#1038 = EDGE_CURVE('',#330,#1008,#1039,.T.);
#1039 = SURFACE_CURVE('',#1040,(#1045),.PCURVE_S1.);
#1040 = B_SPLINE_CURVE_WITH_KNOTS('',3,(#1041,#1042,#1043,#1044),
  .UNSPECIFIED.,.F.,.F.,(4,4),(-1.,-0.894736842105),
  .PIECEWISE_BEZIER_KNOTS.);
#1041 = CARTESIAN_POINT('',(0.75,-7.228014483237E-17,-4.));
#1042 = CARTESIAN_POINT('',(0.816666666667,0.,-4.));
#1043 = CARTESIAN_POINT('',(0.883333333333,0.,-4.));
#1044 = CARTESIAN_POINT('',(0.95,0.,-4.));
#1045 = PCURVE('',#347,#1046);
#1046 = DEFINITIONAL_REPRESENTATION('',(#1047),#1052);
#1047 = B_SPLINE_CURVE_WITH_KNOTS('',3,(#1048,#1049,#1050,#1051),
  .UNSPECIFIED.,.F.,.F.,(4,4),(-1.,-0.894736842105),
  .PIECEWISE_BEZIER_KNOTS.);
#1048 = CARTESIAN_POINT('',(0.75,4.));
#1049 = CARTESIAN_POINT('',(0.816666666667,4.));
#1050 = CARTESIAN_POINT('',(0.883333333333,4.));
#1051 = CARTESIAN_POINT('',(0.95,4.));
#1052 = ( GEOMETRIC_REPRESENTATION_CONTEXT(2) 
PARAMETRIC_REPRESENTATION_CONTEXT() REPRESENTATION_CONTEXT('2D SPACE',''
  ) );
#1053 = ORIENTED_EDGE('',*,*,#329,.F.);
#1054 = ORIENTED_EDGE('',*,*,#1055,.F.);
#1055 = EDGE_CURVE('',#946,#299,#1056,.T.);
#1056 = SURFACE_CURVE('',#1057,(#1062),.PCURVE_S1.);
#1057 = B_SPLINE_CURVE_WITH_KNOTS('',3,(#1058,#1059,#1060,#1061),
  .UNSPECIFIED.,.F.,.F.,(4,4),(-0.105263157895,-0.),
  .PIECEWISE_BEZIER_KNOTS.);
#1058 = CARTESIAN_POINT('',(-0.95,0.,-4.));
#1059 = CARTESIAN_POINT('',(-0.883333333333,0.,-4.));
#1060 = CARTESIAN_POINT('',(-0.816666666667,0.,-4.));
#1061 = CARTESIAN_POINT('',(-0.75,-7.228014483237E-17,-4.));
#1062 = PCURVE('',#347,#1063);
#1063 = DEFINITIONAL_REPRESENTATION('',(#1064),#1069);
#1064 = B_SPLINE_CURVE_WITH_KNOTS('',3,(#1065,#1066,#1067,#1068),
  .UNSPECIFIED.,.F.,.F.,(4,4),(-0.105263157895,-0.),
  .PIECEWISE_BEZIER_KNOTS.);
#1065 = CARTESIAN_POINT('',(-0.95,4.));
#1066 = CARTESIAN_POINT('',(-0.883333333333,4.));
#1067 = CARTESIAN_POINT('',(-0.816666666667,4.));
#1068 = CARTESIAN_POINT('',(-0.75,4.));
#1069 = ( GEOMETRIC_REPRESENTATION_CONTEXT(2) 
PARAMETRIC_REPRESENTATION_CONTEXT() REPRESENTATION_CONTEXT('2D SPACE',''
  ) );
#1070 = FACE_BOUND('',#1071,.T.);
#1071 = EDGE_LOOP('',(#1072,#1092,#1123,#1141,#1172,#1203));
#1072 = ORIENTED_EDGE('',*,*,#1073,.F.);
#1073 = EDGE_CURVE('',#1074,#1076,#1078,.T.);
#1074 = VERTEX_POINT('',#1075);
#1075 = CARTESIAN_POINT('',(-0.75,-7.228014483237E-17,4.));
#1076 = VERTEX_POINT('',#1077);
#1077 = CARTESIAN_POINT('',(-0.95,0.,4.));
#1078 = SURFACE_CURVE('',#1079,(#1084),.PCURVE_S1.);
#1079 = B_SPLINE_CURVE_WITH_KNOTS('',3,(#1080,#1081,#1082,#1083),
  .UNSPECIFIED.,.F.,.F.,(4,4),(-1.,-0.894736842105),
  .PIECEWISE_BEZIER_KNOTS.);
#1080 = CARTESIAN_POINT('',(-0.75,-7.228014483237E-17,4.));
#1081 = CARTESIAN_POINT('',(-0.816666666667,0.,4.));
#1082 = CARTESIAN_POINT('',(-0.883333333333,0.,4.));
#1083 = CARTESIAN_POINT('',(-0.95,0.,4.));
#1084 = PCURVE('',#347,#1085);
#1085 = DEFINITIONAL_REPRESENTATION('',(#1086),#1091);
#1086 = B_SPLINE_CURVE_WITH_KNOTS('',3,(#1087,#1088,#1089,#1090),
  .UNSPECIFIED.,.F.,.F.,(4,4),(-1.,-0.894736842105),
  .PIECEWISE_BEZIER_KNOTS.);
#1087 = CARTESIAN_POINT('',(-0.75,-4.));
#1088 = CARTESIAN_POINT('',(-0.816666666667,-4.));
#1089 = CARTESIAN_POINT('',(-0.883333333333,-4.));
#1090 = CARTESIAN_POINT('',(-0.95,-4.));
#1091 = ( GEOMETRIC_REPRESENTATION_CONTEXT(2) 
PARAMETRIC_REPRESENTATION_CONTEXT() REPRESENTATION_CONTEXT('2D SPACE',''
  ) );
#1092 = ORIENTED_EDGE('',*,*,#1093,.F.);
#1093 = EDGE_CURVE('',#1094,#1074,#1096,.T.);
#1094 = VERTEX_POINT('',#1095);
#1095 = CARTESIAN_POINT('',(0.75,-7.228014483237E-17,4.));
#1096 = SURFACE_CURVE('',#1097,(#1102,#1110),.PCURVE_S1.);
#1097 = B_SPLINE_CURVE_WITH_KNOTS('',3,(#1098,#1099,#1100,#1101),
  .UNSPECIFIED.,.F.,.F.,(4,4),(0.,1.),.PIECEWISE_BEZIER_KNOTS.);
#1098 = CARTESIAN_POINT('',(0.75,-7.228014483237E-17,4.));
#1099 = CARTESIAN_POINT('',(0.25,0.,4.));
#1100 = CARTESIAN_POINT('',(-0.25,0.,4.));
#1101 = CARTESIAN_POINT('',(-0.75,-7.228014483237E-17,4.));
#1102 = PCURVE('',#347,#1103);
#1103 = DEFINITIONAL_REPRESENTATION('',(#1104),#1109);
#1104 = B_SPLINE_CURVE_WITH_KNOTS('',3,(#1105,#1106,#1107,#1108),
  .UNSPECIFIED.,.F.,.F.,(4,4),(0.,1.),.PIECEWISE_BEZIER_KNOTS.);
#1105 = CARTESIAN_POINT('',(0.75,-4.));
#1106 = CARTESIAN_POINT('',(0.25,-4.));
#1107 = CARTESIAN_POINT('',(-0.25,-4.));
#1108 = CARTESIAN_POINT('',(-0.75,-4.));
#1109 = ( GEOMETRIC_REPRESENTATION_CONTEXT(2) 
PARAMETRIC_REPRESENTATION_CONTEXT() REPRESENTATION_CONTEXT('2D SPACE',''
  ) );
#1110 = PCURVE('',#1111,#1116);
#1111 = PLANE('',#1112);
#1112 = AXIS2_PLACEMENT_3D('',#1113,#1114,#1115);
#1113 = CARTESIAN_POINT('',(-0.75,-1.8,4.));
#1114 = DIRECTION('',(0.,0.,-1.));
#1115 = DIRECTION('',(0.,-1.,0.));
#1116 = DEFINITIONAL_REPRESENTATION('',(#1117),#1122);
#1117 = B_SPLINE_CURVE_WITH_KNOTS('',3,(#1118,#1119,#1120,#1121),
  .UNSPECIFIED.,.F.,.F.,(4,4),(0.,1.),.PIECEWISE_BEZIER_KNOTS.);
#1118 = CARTESIAN_POINT('',(-1.8,-1.5));
#1119 = CARTESIAN_POINT('',(-1.8,-1.));
#1120 = CARTESIAN_POINT('',(-1.8,-0.5));
#1121 = CARTESIAN_POINT('',(-1.8,0.));
#1122 = ( GEOMETRIC_REPRESENTATION_CONTEXT(2) 
PARAMETRIC_REPRESENTATION_CONTEXT() REPRESENTATION_CONTEXT('2D SPACE',''
  ) );
#1123 = ORIENTED_EDGE('',*,*,#1124,.F.);
#1124 = EDGE_CURVE('',#1125,#1094,#1127,.T.);
#1125 = VERTEX_POINT('',#1126);
#1126 = CARTESIAN_POINT('',(0.95,0.,4.));
#1127 = SURFACE_CURVE('',#1128,(#1133),.PCURVE_S1.);
#1128 = B_SPLINE_CURVE_WITH_KNOTS('',3,(#1129,#1130,#1131,#1132),
  .UNSPECIFIED.,.F.,.F.,(4,4),(-0.105263157895,-0.),
  .PIECEWISE_BEZIER_KNOTS.);
#1129 = CARTESIAN_POINT('',(0.95,0.,4.));
#1130 = CARTESIAN_POINT('',(0.883333333333,0.,4.));
#1131 = CARTESIAN_POINT('',(0.816666666667,0.,4.));
#1132 = CARTESIAN_POINT('',(0.75,-7.228014483237E-17,4.));
#1133 = PCURVE('',#347,#1134);
#1134 = DEFINITIONAL_REPRESENTATION('',(#1135),#1140);
#1135 = B_SPLINE_CURVE_WITH_KNOTS('',3,(#1136,#1137,#1138,#1139),
  .UNSPECIFIED.,.F.,.F.,(4,4),(-0.105263157895,-0.),
  .PIECEWISE_BEZIER_KNOTS.);
#1136 = CARTESIAN_POINT('',(0.95,-4.));
#1137 = CARTESIAN_POINT('',(0.883333333333,-4.));
#1138 = CARTESIAN_POINT('',(0.816666666667,-4.));
#1139 = CARTESIAN_POINT('',(0.75,-4.));
#1140 = ( GEOMETRIC_REPRESENTATION_CONTEXT(2) 
PARAMETRIC_REPRESENTATION_CONTEXT() REPRESENTATION_CONTEXT('2D SPACE',''
  ) );
#1141 = ORIENTED_EDGE('',*,*,#1142,.F.);
#1142 = EDGE_CURVE('',#1143,#1125,#1145,.T.);
#1143 = VERTEX_POINT('',#1144);
#1144 = CARTESIAN_POINT('',(0.95,0.,3.3));
#1145 = SURFACE_CURVE('',#1146,(#1151,#1159),.PCURVE_S1.);
#1146 = B_SPLINE_CURVE_WITH_KNOTS('',3,(#1147,#1148,#1149,#1150),
  .UNSPECIFIED.,.F.,.F.,(4,4),(0.,1.),.PIECEWISE_BEZIER_KNOTS.);
#1147 = CARTESIAN_POINT('',(0.95,0.,3.3));
#1148 = CARTESIAN_POINT('',(0.95,0.,3.533333333333));
#1149 = CARTESIAN_POINT('',(0.95,0.,3.766666666667));
#1150 = CARTESIAN_POINT('',(0.95,0.,4.));
#1151 = PCURVE('',#347,#1152);
#1152 = DEFINITIONAL_REPRESENTATION('',(#1153),#1158);
#1153 = B_SPLINE_CURVE_WITH_KNOTS('',3,(#1154,#1155,#1156,#1157),
  .UNSPECIFIED.,.F.,.F.,(4,4),(0.,1.),.PIECEWISE_BEZIER_KNOTS.);
#1154 = CARTESIAN_POINT('',(0.95,-3.3));
#1155 = CARTESIAN_POINT('',(0.95,-3.533333333333));
#1156 = CARTESIAN_POINT('',(0.95,-3.766666666667));
#1157 = CARTESIAN_POINT('',(0.95,-4.));
#1158 = ( GEOMETRIC_REPRESENTATION_CONTEXT(2) 
PARAMETRIC_REPRESENTATION_CONTEXT() REPRESENTATION_CONTEXT('2D SPACE',''
  ) );
#1159 = PCURVE('',#1160,#1165);
#1160 = PLANE('',#1161);
#1161 = AXIS2_PLACEMENT_3D('',#1162,#1163,#1164);
#1162 = CARTESIAN_POINT('',(0.95,0.,4.));
#1163 = DIRECTION('',(1.,0.,0.));
#1164 = DIRECTION('',(-0.,1.,0.));
#1165 = DEFINITIONAL_REPRESENTATION('',(#1166),#1171);
#1166 = B_SPLINE_CURVE_WITH_KNOTS('',3,(#1167,#1168,#1169,#1170),
  .UNSPECIFIED.,.F.,.F.,(4,4),(0.,1.),.PIECEWISE_BEZIER_KNOTS.);
#1167 = CARTESIAN_POINT('',(0.,-0.7));
#1168 = CARTESIAN_POINT('',(0.,-0.466666666667));
#1169 = CARTESIAN_POINT('',(0.,-0.233333333333));
#1170 = CARTESIAN_POINT('',(0.,0.));
#1171 = ( GEOMETRIC_REPRESENTATION_CONTEXT(2) 
PARAMETRIC_REPRESENTATION_CONTEXT() REPRESENTATION_CONTEXT('2D SPACE',''
  ) );
#1172 = ORIENTED_EDGE('',*,*,#1173,.F.);
#1173 = EDGE_CURVE('',#1174,#1143,#1176,.T.);
#1174 = VERTEX_POINT('',#1175);
#1175 = CARTESIAN_POINT('',(-0.95,0.,3.3));
#1176 = SURFACE_CURVE('',#1177,(#1182,#1190),.PCURVE_S1.);
#1177 = B_SPLINE_CURVE_WITH_KNOTS('',3,(#1178,#1179,#1180,#1181),
  .UNSPECIFIED.,.F.,.F.,(4,4),(0.,1.),.PIECEWISE_BEZIER_KNOTS.);
#1178 = CARTESIAN_POINT('',(-0.95,0.,3.3));
#1179 = CARTESIAN_POINT('',(-0.316666666667,0.,3.3));
#1180 = CARTESIAN_POINT('',(0.316666666667,0.,3.3));
#1181 = CARTESIAN_POINT('',(0.95,0.,3.3));
#1182 = PCURVE('',#347,#1183);
#1183 = DEFINITIONAL_REPRESENTATION('',(#1184),#1189);
#1184 = B_SPLINE_CURVE_WITH_KNOTS('',3,(#1185,#1186,#1187,#1188),
  .UNSPECIFIED.,.F.,.F.,(4,4),(0.,1.),.PIECEWISE_BEZIER_KNOTS.);
#1185 = CARTESIAN_POINT('',(-0.95,-3.3));
#1186 = CARTESIAN_POINT('',(-0.316666666667,-3.3));
#1187 = CARTESIAN_POINT('',(0.316666666667,-3.3));
#1188 = CARTESIAN_POINT('',(0.95,-3.3));
#1189 = ( GEOMETRIC_REPRESENTATION_CONTEXT(2) 
PARAMETRIC_REPRESENTATION_CONTEXT() REPRESENTATION_CONTEXT('2D SPACE',''
  ) );
#1190 = PCURVE('',#1191,#1196);
#1191 = PLANE('',#1192);
#1192 = AXIS2_PLACEMENT_3D('',#1193,#1194,#1195);
#1193 = CARTESIAN_POINT('',(0.95,0.,3.3));
#1194 = DIRECTION('',(0.,0.,-1.));
#1195 = DIRECTION('',(0.,-1.,0.));
#1196 = DEFINITIONAL_REPRESENTATION('',(#1197),#1202);
#1197 = B_SPLINE_CURVE_WITH_KNOTS('',3,(#1198,#1199,#1200,#1201),
  .UNSPECIFIED.,.F.,.F.,(4,4),(0.,1.),.PIECEWISE_BEZIER_KNOTS.);
#1198 = CARTESIAN_POINT('',(0.,1.9));
#1199 = CARTESIAN_POINT('',(0.,1.266666666667));
#1200 = CARTESIAN_POINT('',(0.,0.633333333333));
#1201 = CARTESIAN_POINT('',(0.,0.));
#1202 = ( GEOMETRIC_REPRESENTATION_CONTEXT(2) 
PARAMETRIC_REPRESENTATION_CONTEXT() REPRESENTATION_CONTEXT('2D SPACE',''
  ) );
#1203 = ORIENTED_EDGE('',*,*,#1204,.F.);
#1204 = EDGE_CURVE('',#1076,#1174,#1205,.T.);
#1205 = SURFACE_CURVE('',#1206,(#1211,#1219),.PCURVE_S1.);
#1206 = B_SPLINE_CURVE_WITH_KNOTS('',3,(#1207,#1208,#1209,#1210),
  .UNSPECIFIED.,.F.,.F.,(4,4),(0.,1.),.PIECEWISE_BEZIER_KNOTS.);
#1207 = CARTESIAN_POINT('',(-0.95,0.,4.));
#1208 = CARTESIAN_POINT('',(-0.95,0.,3.766666666667));
#1209 = CARTESIAN_POINT('',(-0.95,0.,3.533333333333));
#1210 = CARTESIAN_POINT('',(-0.95,0.,3.3));
#1211 = PCURVE('',#347,#1212);
#1212 = DEFINITIONAL_REPRESENTATION('',(#1213),#1218);
#1213 = B_SPLINE_CURVE_WITH_KNOTS('',3,(#1214,#1215,#1216,#1217),
  .UNSPECIFIED.,.F.,.F.,(4,4),(0.,1.),.PIECEWISE_BEZIER_KNOTS.);
#1214 = CARTESIAN_POINT('',(-0.95,-4.));
#1215 = CARTESIAN_POINT('',(-0.95,-3.766666666667));
#1216 = CARTESIAN_POINT('',(-0.95,-3.533333333333));
#1217 = CARTESIAN_POINT('',(-0.95,-3.3));
#1218 = ( GEOMETRIC_REPRESENTATION_CONTEXT(2) 
PARAMETRIC_REPRESENTATION_CONTEXT() REPRESENTATION_CONTEXT('2D SPACE',''
  ) );
#1219 = PCURVE('',#1220,#1225);
#1220 = PLANE('',#1221);
#1221 = AXIS2_PLACEMENT_3D('',#1222,#1223,#1224);
#1222 = CARTESIAN_POINT('',(-0.95,0.,4.));
#1223 = DIRECTION('',(-1.,0.,0.));
#1224 = DIRECTION('',(0.,0.,1.));
#1225 = DEFINITIONAL_REPRESENTATION('',(#1226),#1231);
#1226 = B_SPLINE_CURVE_WITH_KNOTS('',3,(#1227,#1228,#1229,#1230),
  .UNSPECIFIED.,.F.,.F.,(4,4),(0.,1.),.PIECEWISE_BEZIER_KNOTS.);
#1227 = CARTESIAN_POINT('',(0.,0.));
#1228 = CARTESIAN_POINT('',(-0.233333333333,0.));
#1229 = CARTESIAN_POINT('',(-0.466666666667,0.));
#1230 = CARTESIAN_POINT('',(-0.7,0.));
#1231 = ( GEOMETRIC_REPRESENTATION_CONTEXT(2) 
PARAMETRIC_REPRESENTATION_CONTEXT() REPRESENTATION_CONTEXT('2D SPACE',''
  ) );
#1232 = FACE_BOUND('',#1233,.T.);
#1233 = EDGE_LOOP('',(#1234,#1300,#1359,#1423));
#1234 = ORIENTED_EDGE('',*,*,#1235,.F.);
#1235 = EDGE_CURVE('',#1236,#1238,#1240,.T.);
#1236 = VERTEX_POINT('',#1237);
#1237 = CARTESIAN_POINT('',(-2.625,0.,-1.096983012829E-15));
#1238 = VERTEX_POINT('',#1239);
#1239 = CARTESIAN_POINT('',(-2.738784223866E-05,-5.421010862428E-17,
    -2.624999994261));
#1240 = SURFACE_CURVE('',#1241,(#1252,#1266),.PCURVE_S1.);
#1241 = B_SPLINE_CURVE_WITH_KNOTS('',3,(#1242,#1243,#1244,#1245,#1246,
    #1247,#1248,#1249,#1250,#1251),.UNSPECIFIED.,.F.,.F.,(4,2,2,2,4),(
    0.5,0.625,0.75,0.875,1.),.UNSPECIFIED.);
#1242 = CARTESIAN_POINT('',(-2.5,0.,8.422541647321E-15));
#1243 = CARTESIAN_POINT('',(-2.5,0.,-0.327249234749));
#1244 = CARTESIAN_POINT('',(-2.434931691671,-0.,-0.654369710898));
#1245 = CARTESIAN_POINT('',(-2.184465970886,-0.,-1.259047450927));
#1246 = CARTESIAN_POINT('',(-1.999167105995,0.,-1.536366799937));
#1247 = CARTESIAN_POINT('',(-1.536366799937,-0.,-1.999167105995));
#1248 = CARTESIAN_POINT('',(-1.259047450927,0.,-2.184465970886));
#1249 = CARTESIAN_POINT('',(-0.654369710898,-0.,-2.434931691671));
#1250 = CARTESIAN_POINT('',(-0.327249234749,0.,-2.5));
#1251 = CARTESIAN_POINT('',(-2.738784223866E-05,-5.421010862428E-17,
    -2.624999994261));
#1252 = PCURVE('',#347,#1253);
#1253 = DEFINITIONAL_REPRESENTATION('',(#1254),#1265);
#1254 = B_SPLINE_CURVE_WITH_KNOTS('',3,(#1255,#1256,#1257,#1258,#1259,
    #1260,#1261,#1262,#1263,#1264),.UNSPECIFIED.,.F.,.F.,(4,2,2,2,4),(
    0.5,0.625,0.75,0.875,1.),.UNSPECIFIED.);
#1255 = CARTESIAN_POINT('',(-2.5,-8.422541647321E-15));
#1256 = CARTESIAN_POINT('',(-2.5,0.327249234749));
#1257 = CARTESIAN_POINT('',(-2.434931691671,0.654369710898));
#1258 = CARTESIAN_POINT('',(-2.184465970886,1.259047450927));
#1259 = CARTESIAN_POINT('',(-1.999167105995,1.536366799937));
#1260 = CARTESIAN_POINT('',(-1.536366799937,1.999167105995));
#1261 = CARTESIAN_POINT('',(-1.259047450927,2.184465970886));
#1262 = CARTESIAN_POINT('',(-0.654369710898,2.434931691671));
#1263 = CARTESIAN_POINT('',(-0.327249234749,2.5));
#1264 = CARTESIAN_POINT('',(-2.738784223866E-05,2.624999994261));
#1265 = ( GEOMETRIC_REPRESENTATION_CONTEXT(2) 
PARAMETRIC_REPRESENTATION_CONTEXT() REPRESENTATION_CONTEXT('2D SPACE',''
  ) );
#1266 = PCURVE('',#1267,#1272);
#1267 = CYLINDRICAL_SURFACE('',#1268,2.5);
#1268 = AXIS2_PLACEMENT_3D('',#1269,#1270,#1271);
#1269 = CARTESIAN_POINT('',(0.,-1.3,0.));
#1270 = DIRECTION('',(0.,1.,0.));
#1271 = DIRECTION('',(0.,-0.,1.));
#1272 = DEFINITIONAL_REPRESENTATION('',(#1273),#1299);
#1273 = B_SPLINE_CURVE_WITH_KNOTS('',3,(#1274,#1275,#1276,#1277,#1278,
    #1279,#1280,#1281,#1282,#1283,#1284,#1285,#1286,#1287,#1288,#1289,
    #1290,#1291,#1292,#1293,#1294,#1295,#1296,#1297,#1298),
  .UNSPECIFIED.,.F.,.F.,(4,1,1,1,1,1,1,1,1,1,1,1,1,1,1,1,1,1,1,1,1,1,4),
  (0.5,0.522727272727,0.545454545455,0.568181818182,0.590909090909,
    0.613636363636,0.636363636364,0.659090909091,0.681818181818,
    0.704545454545,0.727272727273,0.75,0.772727272727,0.795454545455,
    0.818181818182,0.840909090909,0.863636363636,0.886363636364,
    0.909090909091,0.931818181818,0.954545454545,0.977272727273,1.),
  .QUASI_UNIFORM_KNOTS.);
#1274 = CARTESIAN_POINT('',(4.712388980385,1.3));
#1275 = CARTESIAN_POINT('',(4.688589988445,1.3));
#1276 = CARTESIAN_POINT('',(4.640991603147,1.3));
#1277 = CARTESIAN_POINT('',(4.569592381775,1.3));
#1278 = CARTESIAN_POINT('',(4.498188352897,1.3));
#1279 = CARTESIAN_POINT('',(4.426785889638,1.3));
#1280 = CARTESIAN_POINT('',(4.355389338609,1.3));
#1281 = CARTESIAN_POINT('',(4.283990458548,1.3));
#1282 = CARTESIAN_POINT('',(4.212593908807,1.3));
#1283 = CARTESIAN_POINT('',(4.141191440397,1.3));
#1284 = CARTESIAN_POINT('',(4.069787430835,1.3));
#1285 = CARTESIAN_POINT('',(3.998388137349,1.3));
#1286 = CARTESIAN_POINT('',(3.926990828544,1.3));
#1287 = CARTESIAN_POINT('',(3.855593450397,1.3));
#1288 = CARTESIAN_POINT('',(3.78419436494,1.3));
#1289 = CARTESIAN_POINT('',(3.712789592604,1.3));
#1290 = CARTESIAN_POINT('',(3.641389967259,1.3));
#1291 = CARTESIAN_POINT('',(3.569982808032,1.3));
#1292 = CARTESIAN_POINT('',(3.49862352285,1.3));
#1293 = CARTESIAN_POINT('',(3.427000482845,1.3));
#1294 = CARTESIAN_POINT('',(3.354831436656,1.3));
#1295 = CARTESIAN_POINT('',(3.282475989995,1.3));
#1296 = CARTESIAN_POINT('',(3.210757255494,1.3));
#1297 = CARTESIAN_POINT('',(3.164293520272,1.3));
#1298 = CARTESIAN_POINT('',(3.141603087054,1.3));
#1299 = ( GEOMETRIC_REPRESENTATION_CONTEXT(2) 
PARAMETRIC_REPRESENTATION_CONTEXT() REPRESENTATION_CONTEXT('2D SPACE',''
  ) );
#1300 = ORIENTED_EDGE('',*,*,#1301,.F.);
#1301 = EDGE_CURVE('',#1302,#1236,#1304,.T.);
#1302 = VERTEX_POINT('',#1303);
#1303 = CARTESIAN_POINT('',(2.738784223873E-05,-5.421010862428E-17,
    2.624999994261));
#1304 = SURFACE_CURVE('',#1305,(#1316,#1330),.PCURVE_S1.);
#1305 = B_SPLINE_CURVE_WITH_KNOTS('',3,(#1306,#1307,#1308,#1309,#1310,
    #1311,#1312,#1313,#1314,#1315),.UNSPECIFIED.,.F.,.F.,(4,2,2,2,4),(0.
    ,0.125,0.25,0.375,0.5),.UNSPECIFIED.);
#1306 = CARTESIAN_POINT('',(1.048990684668E-14,0.,2.5));
#1307 = CARTESIAN_POINT('',(-0.327249234749,0.,2.5));
#1308 = CARTESIAN_POINT('',(-0.654369710898,-0.,2.434931691671));
#1309 = CARTESIAN_POINT('',(-1.259047450927,-0.,2.184465970886));
#1310 = CARTESIAN_POINT('',(-1.536366799937,0.,1.999167105995));
#1311 = CARTESIAN_POINT('',(-1.999167105995,-0.,1.536366799937));
#1312 = CARTESIAN_POINT('',(-2.184465970886,0.,1.259047450927));
#1313 = CARTESIAN_POINT('',(-2.434931691671,-0.,0.654369710898));
#1314 = CARTESIAN_POINT('',(-2.5,0.,0.327249234749));
#1315 = CARTESIAN_POINT('',(-2.625,0.,-1.096983012829E-15));
#1316 = PCURVE('',#347,#1317);
#1317 = DEFINITIONAL_REPRESENTATION('',(#1318),#1329);
#1318 = B_SPLINE_CURVE_WITH_KNOTS('',3,(#1319,#1320,#1321,#1322,#1323,
    #1324,#1325,#1326,#1327,#1328),.UNSPECIFIED.,.F.,.F.,(4,2,2,2,4),(0.
    ,0.125,0.25,0.375,0.5),.UNSPECIFIED.);
#1319 = CARTESIAN_POINT('',(1.048990684668E-14,-2.5));
#1320 = CARTESIAN_POINT('',(-0.327249234749,-2.5));
#1321 = CARTESIAN_POINT('',(-0.654369710898,-2.434931691671));
#1322 = CARTESIAN_POINT('',(-1.259047450927,-2.184465970886));
#1323 = CARTESIAN_POINT('',(-1.536366799937,-1.999167105995));
#1324 = CARTESIAN_POINT('',(-1.999167105995,-1.536366799937));
#1325 = CARTESIAN_POINT('',(-2.184465970886,-1.259047450927));
#1326 = CARTESIAN_POINT('',(-2.434931691671,-0.654369710898));
#1327 = CARTESIAN_POINT('',(-2.5,-0.327249234749));
#1328 = CARTESIAN_POINT('',(-2.625,1.096983012829E-15));
#1329 = ( GEOMETRIC_REPRESENTATION_CONTEXT(2) 
PARAMETRIC_REPRESENTATION_CONTEXT() REPRESENTATION_CONTEXT('2D SPACE',''
  ) );
#1330 = PCURVE('',#1267,#1331);
#1331 = DEFINITIONAL_REPRESENTATION('',(#1332),#1358);
#1332 = B_SPLINE_CURVE_WITH_KNOTS('',3,(#1333,#1334,#1335,#1336,#1337,
    #1338,#1339,#1340,#1341,#1342,#1343,#1344,#1345,#1346,#1347,#1348,
    #1349,#1350,#1351,#1352,#1353,#1354,#1355,#1356,#1357),
  .UNSPECIFIED.,.F.,.F.,(4,1,1,1,1,1,1,1,1,1,1,1,1,1,1,1,1,1,1,1,1,1,4),
  (0.,2.272727272727E-02,4.545454545455E-02,6.818181818182E-02,
    9.090909090909E-02,0.113636363636,0.136363636364,0.159090909091,
    0.181818181818,0.204545454545,0.227272727273,0.25,0.272727272727,
    0.295454545455,0.318181818182,0.340909090909,0.363636363636,
    0.386363636364,0.409090909091,0.431818181818,0.454545454545,
    0.477272727273,0.5),.QUASI_UNIFORM_KNOTS.);
#1333 = CARTESIAN_POINT('',(6.28318530718,1.3));
#1334 = CARTESIAN_POINT('',(6.25938631524,1.3));
#1335 = CARTESIAN_POINT('',(6.211787929942,1.3));
#1336 = CARTESIAN_POINT('',(6.14038870857,1.3));
#1337 = CARTESIAN_POINT('',(6.068984679692,1.3));
#1338 = CARTESIAN_POINT('',(5.997582216433,1.3));
#1339 = CARTESIAN_POINT('',(5.926185665404,1.3));
#1340 = CARTESIAN_POINT('',(5.854786785343,1.3));
#1341 = CARTESIAN_POINT('',(5.783390235602,1.3));
#1342 = CARTESIAN_POINT('',(5.711987767192,1.3));
#1343 = CARTESIAN_POINT('',(5.640583757631,1.3));
#1344 = CARTESIAN_POINT('',(5.569184464142,1.3));
#1345 = CARTESIAN_POINT('',(5.497787155346,1.3));
#1346 = CARTESIAN_POINT('',(5.426389777166,1.3));
#1347 = CARTESIAN_POINT('',(5.354990691829,1.3));
#1348 = CARTESIAN_POINT('',(5.283585919047,1.3));
#1349 = CARTESIAN_POINT('',(5.212186295367,1.3));
#1350 = CARTESIAN_POINT('',(5.140779129926,1.3));
#1351 = CARTESIAN_POINT('',(5.069419867935,1.3));
#1352 = CARTESIAN_POINT('',(4.997796695107,1.3));
#1353 = CARTESIAN_POINT('',(4.925626924933,1.3));
#1354 = CARTESIAN_POINT('',(4.853269779026,1.3));
#1355 = CARTESIAN_POINT('',(4.781548010913,1.3));
#1356 = CARTESIAN_POINT('',(4.735081231683,1.3));
#1357 = CARTESIAN_POINT('',(4.712388980385,1.3));
#1358 = ( GEOMETRIC_REPRESENTATION_CONTEXT(2) 
PARAMETRIC_REPRESENTATION_CONTEXT() REPRESENTATION_CONTEXT('2D SPACE',''
  ) );
#1359 = ORIENTED_EDGE('',*,*,#1360,.F.);
#1360 = EDGE_CURVE('',#1361,#1302,#1363,.T.);
#1361 = VERTEX_POINT('',#1362);
#1362 = CARTESIAN_POINT('',(2.625,0.,-1.791877516393E-15));
#1363 = SURFACE_CURVE('',#1364,(#1375,#1389),.PCURVE_S1.);
#1364 = B_SPLINE_CURVE_WITH_KNOTS('',3,(#1365,#1366,#1367,#1368,#1369,
    #1370,#1371,#1372,#1373,#1374),.UNSPECIFIED.,.F.,.F.,(4,2,2,2,4),(
    0.5,0.625,0.75,0.875,1.),.UNSPECIFIED.);
#1365 = CARTESIAN_POINT('',(2.5,0.,-2.622476711669E-15));
#1366 = CARTESIAN_POINT('',(2.5,-0.,0.327249234749));
#1367 = CARTESIAN_POINT('',(2.434931691671,0.,0.654369710898));
#1368 = CARTESIAN_POINT('',(2.184465970886,-0.,1.259047450927));
#1369 = CARTESIAN_POINT('',(1.999167105995,0.,1.536366799937));
#1370 = CARTESIAN_POINT('',(1.536366799937,-0.,1.999167105995));
#1371 = CARTESIAN_POINT('',(1.259047450927,0.,2.184465970886));
#1372 = CARTESIAN_POINT('',(0.654369710898,-0.,2.434931691671));
#1373 = CARTESIAN_POINT('',(0.327249234749,-0.,2.5));
#1374 = CARTESIAN_POINT('',(2.738784223873E-05,-5.421010862428E-17,
    2.624999994261));
#1375 = PCURVE('',#347,#1376);
#1376 = DEFINITIONAL_REPRESENTATION('',(#1377),#1388);
#1377 = B_SPLINE_CURVE_WITH_KNOTS('',3,(#1378,#1379,#1380,#1381,#1382,
    #1383,#1384,#1385,#1386,#1387),.UNSPECIFIED.,.F.,.F.,(4,2,2,2,4),(
    0.5,0.625,0.75,0.875,1.),.UNSPECIFIED.);
#1378 = CARTESIAN_POINT('',(2.5,2.622476711669E-15));
#1379 = CARTESIAN_POINT('',(2.5,-0.327249234749));
#1380 = CARTESIAN_POINT('',(2.434931691671,-0.654369710898));
#1381 = CARTESIAN_POINT('',(2.184465970886,-1.259047450927));
#1382 = CARTESIAN_POINT('',(1.999167105995,-1.536366799937));
#1383 = CARTESIAN_POINT('',(1.536366799937,-1.999167105995));
#1384 = CARTESIAN_POINT('',(1.259047450927,-2.184465970886));
#1385 = CARTESIAN_POINT('',(0.654369710898,-2.434931691671));
#1386 = CARTESIAN_POINT('',(0.327249234749,-2.5));
#1387 = CARTESIAN_POINT('',(2.738784223873E-05,-2.624999994261));
#1388 = ( GEOMETRIC_REPRESENTATION_CONTEXT(2) 
PARAMETRIC_REPRESENTATION_CONTEXT() REPRESENTATION_CONTEXT('2D SPACE',''
  ) );
#1389 = PCURVE('',#1390,#1395);
#1390 = CYLINDRICAL_SURFACE('',#1391,2.5);
#1391 = AXIS2_PLACEMENT_3D('',#1392,#1393,#1394);
#1392 = CARTESIAN_POINT('',(0.,-1.3,0.));
#1393 = DIRECTION('',(0.,1.,0.));
#1394 = DIRECTION('',(0.,-0.,1.));
#1395 = DEFINITIONAL_REPRESENTATION('',(#1396),#1422);
#1396 = B_SPLINE_CURVE_WITH_KNOTS('',3,(#1397,#1398,#1399,#1400,#1401,
    #1402,#1403,#1404,#1405,#1406,#1407,#1408,#1409,#1410,#1411,#1412,
    #1413,#1414,#1415,#1416,#1417,#1418,#1419,#1420,#1421),
  .UNSPECIFIED.,.F.,.F.,(4,1,1,1,1,1,1,1,1,1,1,1,1,1,1,1,1,1,1,1,1,1,4),
  (0.5,0.522727272727,0.545454545455,0.568181818182,0.590909090909,
    0.613636363636,0.636363636364,0.659090909091,0.681818181818,
    0.704545454545,0.727272727273,0.75,0.772727272727,0.795454545455,
    0.818181818182,0.840909090909,0.863636363636,0.886363636364,
    0.909090909091,0.931818181818,0.954545454545,0.977272727273,1.),
  .QUASI_UNIFORM_KNOTS.);
#1397 = CARTESIAN_POINT('',(1.570796326795,1.3));
#1398 = CARTESIAN_POINT('',(1.546997334855,1.3));
#1399 = CARTESIAN_POINT('',(1.499398949557,1.3));
#1400 = CARTESIAN_POINT('',(1.427999728186,1.3));
#1401 = CARTESIAN_POINT('',(1.356595699307,1.3));
#1402 = CARTESIAN_POINT('',(1.285193236048,1.3));
#1403 = CARTESIAN_POINT('',(1.213796685019,1.3));
#1404 = CARTESIAN_POINT('',(1.142397804959,1.3));
#1405 = CARTESIAN_POINT('',(1.071001255217,1.3));
#1406 = CARTESIAN_POINT('',(0.999598786807,1.3));
#1407 = CARTESIAN_POINT('',(0.928194777245,1.3));
#1408 = CARTESIAN_POINT('',(0.856795483759,1.3));
#1409 = CARTESIAN_POINT('',(0.785398174955,1.3));
#1410 = CARTESIAN_POINT('',(0.714000796807,1.3));
#1411 = CARTESIAN_POINT('',(0.64260171135,1.3));
#1412 = CARTESIAN_POINT('',(0.571196939014,1.3));
#1413 = CARTESIAN_POINT('',(0.49979731367,1.3));
#1414 = CARTESIAN_POINT('',(0.428390154442,1.3));
#1415 = CARTESIAN_POINT('',(0.35703086926,1.3));
#1416 = CARTESIAN_POINT('',(0.285407829256,1.3));
#1417 = CARTESIAN_POINT('',(0.213238783066,1.3));
#1418 = CARTESIAN_POINT('',(0.140883336405,1.3));
#1419 = CARTESIAN_POINT('',(6.916460190462E-02,1.3));
#1420 = CARTESIAN_POINT('',(2.270086668266E-02,1.3));
#1421 = CARTESIAN_POINT('',(1.043346373243E-05,1.3));
#1422 = ( GEOMETRIC_REPRESENTATION_CONTEXT(2) 
PARAMETRIC_REPRESENTATION_CONTEXT() REPRESENTATION_CONTEXT('2D SPACE',''
  ) );
#1423 = ORIENTED_EDGE('',*,*,#1424,.F.);
#1424 = EDGE_CURVE('',#1238,#1361,#1425,.T.);
#1425 = SURFACE_CURVE('',#1426,(#1437,#1451),.PCURVE_S1.);
#1426 = B_SPLINE_CURVE_WITH_KNOTS('',3,(#1427,#1428,#1429,#1430,#1431,
    #1432,#1433,#1434,#1435,#1436),.UNSPECIFIED.,.F.,.F.,(4,2,2,2,4),(0.
    ,0.125,0.25,0.375,0.5),.UNSPECIFIED.);
#1427 = CARTESIAN_POINT('',(-5.244953423339E-15,0.,-2.5));
#1428 = CARTESIAN_POINT('',(0.327249234749,0.,-2.5));
#1429 = CARTESIAN_POINT('',(0.654369710898,-0.,-2.434931691671));
#1430 = CARTESIAN_POINT('',(1.259047450927,-0.,-2.184465970886));
#1431 = CARTESIAN_POINT('',(1.536366799937,0.,-1.999167105995));
#1432 = CARTESIAN_POINT('',(1.999167105995,-0.,-1.536366799937));
#1433 = CARTESIAN_POINT('',(2.184465970886,0.,-1.259047450927));
#1434 = CARTESIAN_POINT('',(2.434931691671,-0.,-0.654369710898));
#1435 = CARTESIAN_POINT('',(2.5,0.,-0.327249234749));
#1436 = CARTESIAN_POINT('',(2.625,0.,-1.791877516393E-15));
#1437 = PCURVE('',#347,#1438);
#1438 = DEFINITIONAL_REPRESENTATION('',(#1439),#1450);
#1439 = B_SPLINE_CURVE_WITH_KNOTS('',3,(#1440,#1441,#1442,#1443,#1444,
    #1445,#1446,#1447,#1448,#1449),.UNSPECIFIED.,.F.,.F.,(4,2,2,2,4),(0.
    ,0.125,0.25,0.375,0.5),.UNSPECIFIED.);
#1440 = CARTESIAN_POINT('',(-5.244953423339E-15,2.5));
#1441 = CARTESIAN_POINT('',(0.327249234749,2.5));
#1442 = CARTESIAN_POINT('',(0.654369710898,2.434931691671));
#1443 = CARTESIAN_POINT('',(1.259047450927,2.184465970886));
#1444 = CARTESIAN_POINT('',(1.536366799937,1.999167105995));
#1445 = CARTESIAN_POINT('',(1.999167105995,1.536366799937));
#1446 = CARTESIAN_POINT('',(2.184465970886,1.259047450927));
#1447 = CARTESIAN_POINT('',(2.434931691671,0.654369710898));
#1448 = CARTESIAN_POINT('',(2.5,0.327249234749));
#1449 = CARTESIAN_POINT('',(2.625,1.791877516393E-15));
#1450 = ( GEOMETRIC_REPRESENTATION_CONTEXT(2) 
PARAMETRIC_REPRESENTATION_CONTEXT() REPRESENTATION_CONTEXT('2D SPACE',''
  ) );
#1451 = PCURVE('',#1390,#1452);
#1452 = DEFINITIONAL_REPRESENTATION('',(#1453),#1479);
#1453 = B_SPLINE_CURVE_WITH_KNOTS('',3,(#1454,#1455,#1456,#1457,#1458,
    #1459,#1460,#1461,#1462,#1463,#1464,#1465,#1466,#1467,#1468,#1469,
    #1470,#1471,#1472,#1473,#1474,#1475,#1476,#1477,#1478),
  .UNSPECIFIED.,.F.,.F.,(4,1,1,1,1,1,1,1,1,1,1,1,1,1,1,1,1,1,1,1,1,1,4),
  (0.,2.272727272727E-02,4.545454545455E-02,6.818181818182E-02,
    9.090909090909E-02,0.113636363636,0.136363636364,0.159090909091,
    0.181818181818,0.204545454545,0.227272727273,0.25,0.272727272727,
    0.295454545455,0.318181818182,0.340909090909,0.363636363636,
    0.386363636364,0.409090909091,0.431818181818,0.454545454545,
    0.477272727273,0.5),.QUASI_UNIFORM_KNOTS.);
#1454 = CARTESIAN_POINT('',(3.14159265359,1.3));
#1455 = CARTESIAN_POINT('',(3.11779366165,1.3));
#1456 = CARTESIAN_POINT('',(3.070195276352,1.3));
#1457 = CARTESIAN_POINT('',(2.99879605498,1.3));
#1458 = CARTESIAN_POINT('',(2.927392026102,1.3));
#1459 = CARTESIAN_POINT('',(2.855989562843,1.3));
#1460 = CARTESIAN_POINT('',(2.784593011814,1.3));
#1461 = CARTESIAN_POINT('',(2.713194131754,1.3));
#1462 = CARTESIAN_POINT('',(2.641797582012,1.3));
#1463 = CARTESIAN_POINT('',(2.570395113602,1.3));
#1464 = CARTESIAN_POINT('',(2.498991104041,1.3));
#1465 = CARTESIAN_POINT('',(2.427591810552,1.3));
#1466 = CARTESIAN_POINT('',(2.356194501756,1.3));
#1467 = CARTESIAN_POINT('',(2.284797123577,1.3));
#1468 = CARTESIAN_POINT('',(2.213398038239,1.3));
#1469 = CARTESIAN_POINT('',(2.141993265458,1.3));
#1470 = CARTESIAN_POINT('',(2.070593641778,1.3));
#1471 = CARTESIAN_POINT('',(1.999186476336,1.3));
#1472 = CARTESIAN_POINT('',(1.927827214345,1.3));
#1473 = CARTESIAN_POINT('',(1.856204041517,1.3));
#1474 = CARTESIAN_POINT('',(1.784034271343,1.3));
#1475 = CARTESIAN_POINT('',(1.711677125436,1.3));
#1476 = CARTESIAN_POINT('',(1.639955357323,1.3));
#1477 = CARTESIAN_POINT('',(1.593488578093,1.3));
#1478 = CARTESIAN_POINT('',(1.570796326795,1.3));
#1479 = ( GEOMETRIC_REPRESENTATION_CONTEXT(2) 
PARAMETRIC_REPRESENTATION_CONTEXT() REPRESENTATION_CONTEXT('2D SPACE',''
  ) );
#1480 = FACE_BOUND('',#1481,.T.);
#1481 = EDGE_LOOP('',(#1482,#1483,#1534,#1565,#1621,#1652));
#1482 = ORIENTED_EDGE('',*,*,#854,.F.);
#1483 = ORIENTED_EDGE('',*,*,#1484,.F.);
#1484 = EDGE_CURVE('',#1485,#820,#1487,.T.);
#1485 = VERTEX_POINT('',#1486);
#1486 = CARTESIAN_POINT('',(5.,0.,-3.316624790355));
#1487 = SURFACE_CURVE('',#1488,(#1495,#1505),.PCURVE_S1.);
#1488 = B_SPLINE_CURVE_WITH_KNOTS('',3,(#1489,#1490,#1491,#1492,#1493,
    #1494),.UNSPECIFIED.,.F.,.F.,(4,2,4),(0.,0.5,1.),.UNSPECIFIED.);
#1489 = CARTESIAN_POINT('',(5.,0.,-3.316624790355));
#1490 = CARTESIAN_POINT('',(4.455459525789,0.,-4.137550443137));
#1491 = CARTESIAN_POINT('',(3.705282380589,-0.,-4.820925817262));
#1492 = CARTESIAN_POINT('',(1.969266281264,-0.,-5.752602330157));
#1493 = CARTESIAN_POINT('',(0.985110783338,0.,-6.));
#1494 = CARTESIAN_POINT('',(-8.06129398031E-16,0.,-6.));
#1495 = PCURVE('',#347,#1496);
#1496 = DEFINITIONAL_REPRESENTATION('',(#1497),#1504);
#1497 = B_SPLINE_CURVE_WITH_KNOTS('',3,(#1498,#1499,#1500,#1501,#1502,
    #1503),.UNSPECIFIED.,.F.,.F.,(4,2,4),(0.,0.5,1.),.UNSPECIFIED.);
#1498 = CARTESIAN_POINT('',(5.,3.316624790355));
#1499 = CARTESIAN_POINT('',(4.455459525789,4.137550443137));
#1500 = CARTESIAN_POINT('',(3.705282380589,4.820925817262));
#1501 = CARTESIAN_POINT('',(1.969266281264,5.752602330157));
#1502 = CARTESIAN_POINT('',(0.985110783338,6.));
#1503 = CARTESIAN_POINT('',(-8.06129398031E-16,6.));
#1504 = ( GEOMETRIC_REPRESENTATION_CONTEXT(2) 
PARAMETRIC_REPRESENTATION_CONTEXT() REPRESENTATION_CONTEXT('2D SPACE',''
  ) );
#1505 = PCURVE('',#842,#1506);
#1506 = DEFINITIONAL_REPRESENTATION('',(#1507),#1533);
#1507 = B_SPLINE_CURVE_WITH_KNOTS('',3,(#1508,#1509,#1510,#1511,#1512,
    #1513,#1514,#1515,#1516,#1517,#1518,#1519,#1520,#1521,#1522,#1523,
    #1524,#1525,#1526,#1527,#1528,#1529,#1530,#1531,#1532),
  .UNSPECIFIED.,.F.,.F.,(4,1,1,1,1,1,1,1,1,1,1,1,1,1,1,1,1,1,1,1,1,1,4),
  (0.,4.545454545455E-02,9.090909090909E-02,0.136363636364,
    0.181818181818,0.227272727273,0.272727272727,0.318181818182,
    0.363636363636,0.409090909091,0.454545454545,0.5,0.545454545455,
    0.590909090909,0.636363636364,0.681818181818,0.727272727273,
    0.772727272727,0.818181818182,0.863636363636,0.909090909091,
    0.954545454545,1.),.QUASI_UNIFORM_KNOTS.);
#1508 = CARTESIAN_POINT('',(2.555907110133,0.));
#1509 = CARTESIAN_POINT('',(2.540981441532,0.));
#1510 = CARTESIAN_POINT('',(2.511131760094,0.));
#1511 = CARTESIAN_POINT('',(2.466358814738,0.));
#1512 = CARTESIAN_POINT('',(2.421583021798,0.));
#1513 = CARTESIAN_POINT('',(2.376803575514,0.));
#1514 = CARTESIAN_POINT('',(2.332021167446,0.));
#1515 = CARTESIAN_POINT('',(2.287237661987,0.));
#1516 = CARTESIAN_POINT('',(2.242455248897,0.));
#1517 = CARTESIAN_POINT('',(2.197675822703,0.));
#1518 = CARTESIAN_POINT('',(2.152899954425,0.));
#1519 = CARTESIAN_POINT('',(2.108127290331,0.));
#1520 = CARTESIAN_POINT('',(2.063351718464,0.));
#1521 = CARTESIAN_POINT('',(2.018576146597,0.));
#1522 = CARTESIAN_POINT('',(1.973803482502,0.));
#1523 = CARTESIAN_POINT('',(1.929027614224,0.));
#1524 = CARTESIAN_POINT('',(1.884248188031,0.));
#1525 = CARTESIAN_POINT('',(1.83946577494,0.));
#1526 = CARTESIAN_POINT('',(1.794682269481,0.));
#1527 = CARTESIAN_POINT('',(1.749899861414,0.));
#1528 = CARTESIAN_POINT('',(1.70512041513,0.));
#1529 = CARTESIAN_POINT('',(1.66034462219,0.));
#1530 = CARTESIAN_POINT('',(1.615571676833,0.));
#1531 = CARTESIAN_POINT('',(1.585721995395,0.));
#1532 = CARTESIAN_POINT('',(1.570796326795,0.));
#1533 = ( GEOMETRIC_REPRESENTATION_CONTEXT(2) 
PARAMETRIC_REPRESENTATION_CONTEXT() REPRESENTATION_CONTEXT('2D SPACE',''
  ) );
#1534 = ORIENTED_EDGE('',*,*,#1535,.F.);
#1535 = EDGE_CURVE('',#1536,#1485,#1538,.T.);
#1536 = VERTEX_POINT('',#1537);
#1537 = CARTESIAN_POINT('',(5.,0.,3.316624790355));
#1538 = SURFACE_CURVE('',#1539,(#1544,#1552),.PCURVE_S1.);
#1539 = B_SPLINE_CURVE_WITH_KNOTS('',3,(#1540,#1541,#1542,#1543),
  .UNSPECIFIED.,.F.,.F.,(4,4),(0.,1.),.PIECEWISE_BEZIER_KNOTS.);
#1540 = CARTESIAN_POINT('',(5.,0.,3.316624790355));
#1541 = CARTESIAN_POINT('',(5.,0.,1.105541596785));
#1542 = CARTESIAN_POINT('',(5.,0.,-1.105541596785));
#1543 = CARTESIAN_POINT('',(5.,0.,-3.316624790355));
#1544 = PCURVE('',#347,#1545);
#1545 = DEFINITIONAL_REPRESENTATION('',(#1546),#1551);
#1546 = B_SPLINE_CURVE_WITH_KNOTS('',3,(#1547,#1548,#1549,#1550),
  .UNSPECIFIED.,.F.,.F.,(4,4),(0.,1.),.PIECEWISE_BEZIER_KNOTS.);
#1547 = CARTESIAN_POINT('',(5.,-3.316624790355));
#1548 = CARTESIAN_POINT('',(5.,-1.105541596785));
#1549 = CARTESIAN_POINT('',(5.,1.105541596785));
#1550 = CARTESIAN_POINT('',(5.,3.316624790355));
#1551 = ( GEOMETRIC_REPRESENTATION_CONTEXT(2) 
PARAMETRIC_REPRESENTATION_CONTEXT() REPRESENTATION_CONTEXT('2D SPACE',''
  ) );
#1552 = PCURVE('',#1553,#1558);
#1553 = PLANE('',#1554);
#1554 = AXIS2_PLACEMENT_3D('',#1555,#1556,#1557);
#1555 = CARTESIAN_POINT('',(5.,-1.,6.));
#1556 = DIRECTION('',(-1.,0.,0.));
#1557 = DIRECTION('',(0.,0.,1.));
#1558 = DEFINITIONAL_REPRESENTATION('',(#1559),#1564);
#1559 = B_SPLINE_CURVE_WITH_KNOTS('',3,(#1560,#1561,#1562,#1563),
  .UNSPECIFIED.,.F.,.F.,(4,4),(0.,1.),.PIECEWISE_BEZIER_KNOTS.);
#1560 = CARTESIAN_POINT('',(-2.683375209645,1.));
#1561 = CARTESIAN_POINT('',(-4.894458403215,1.));
#1562 = CARTESIAN_POINT('',(-7.105541596785,1.));
#1563 = CARTESIAN_POINT('',(-9.316624790355,1.));
#1564 = ( GEOMETRIC_REPRESENTATION_CONTEXT(2) 
PARAMETRIC_REPRESENTATION_CONTEXT() REPRESENTATION_CONTEXT('2D SPACE',''
  ) );
#1565 = ORIENTED_EDGE('',*,*,#1566,.F.);
#1566 = EDGE_CURVE('',#1567,#1536,#1569,.T.);
#1567 = VERTEX_POINT('',#1568);
#1568 = CARTESIAN_POINT('',(-5.612000382016E-16,0.,6.));
#1569 = SURFACE_CURVE('',#1570,(#1577,#1587),.PCURVE_S1.);
#1570 = B_SPLINE_CURVE_WITH_KNOTS('',3,(#1571,#1572,#1573,#1574,#1575,
    #1576),.UNSPECIFIED.,.F.,.F.,(4,2,4),(0.,0.5,1.),.UNSPECIFIED.);
#1571 = CARTESIAN_POINT('',(-5.612000382016E-16,0.,6.));
#1572 = CARTESIAN_POINT('',(0.985110783338,0.,6.));
#1573 = CARTESIAN_POINT('',(1.969266281264,-0.,5.752602330157));
#1574 = CARTESIAN_POINT('',(3.705282380589,-0.,4.820925817262));
#1575 = CARTESIAN_POINT('',(4.455459525789,0.,4.137550443137));
#1576 = CARTESIAN_POINT('',(5.,0.,3.316624790355));
#1577 = PCURVE('',#347,#1578);
#1578 = DEFINITIONAL_REPRESENTATION('',(#1579),#1586);
#1579 = B_SPLINE_CURVE_WITH_KNOTS('',3,(#1580,#1581,#1582,#1583,#1584,
    #1585),.UNSPECIFIED.,.F.,.F.,(4,2,4),(0.,0.5,1.),.UNSPECIFIED.);
#1580 = CARTESIAN_POINT('',(-5.612000382016E-16,-6.));
#1581 = CARTESIAN_POINT('',(0.985110783338,-6.));
#1582 = CARTESIAN_POINT('',(1.969266281264,-5.752602330157));
#1583 = CARTESIAN_POINT('',(3.705282380589,-4.820925817262));
#1584 = CARTESIAN_POINT('',(4.455459525789,-4.137550443137));
#1585 = CARTESIAN_POINT('',(5.,-3.316624790355));
#1586 = ( GEOMETRIC_REPRESENTATION_CONTEXT(2) 
PARAMETRIC_REPRESENTATION_CONTEXT() REPRESENTATION_CONTEXT('2D SPACE',''
  ) );
#1587 = PCURVE('',#1588,#1593);
#1588 = CYLINDRICAL_SURFACE('',#1589,6.);
#1589 = AXIS2_PLACEMENT_3D('',#1590,#1591,#1592);
#1590 = CARTESIAN_POINT('',(-8.673617379884E-16,0.,-1.734723475977E-15)
  );
#1591 = DIRECTION('',(0.,-1.,0.));
#1592 = DIRECTION('',(-1.,0.,0.));
#1593 = DEFINITIONAL_REPRESENTATION('',(#1594),#1620);
#1594 = B_SPLINE_CURVE_WITH_KNOTS('',3,(#1595,#1596,#1597,#1598,#1599,
    #1600,#1601,#1602,#1603,#1604,#1605,#1606,#1607,#1608,#1609,#1610,
    #1611,#1612,#1613,#1614,#1615,#1616,#1617,#1618,#1619),
  .UNSPECIFIED.,.F.,.F.,(4,1,1,1,1,1,1,1,1,1,1,1,1,1,1,1,1,1,1,1,1,1,4),
  (0.,4.545454545455E-02,9.090909090909E-02,0.136363636364,
    0.181818181818,0.227272727273,0.272727272727,0.318181818182,
    0.363636363636,0.409090909091,0.454545454545,0.5,0.545454545455,
    0.590909090909,0.636363636364,0.681818181818,0.727272727273,
    0.772727272727,0.818181818182,0.863636363636,0.909090909091,
    0.954545454545,1.),.QUASI_UNIFORM_KNOTS.);
#1595 = CARTESIAN_POINT('',(4.712388980385,0.));
#1596 = CARTESIAN_POINT('',(4.697463311784,0.));
#1597 = CARTESIAN_POINT('',(4.667613630346,0.));
#1598 = CARTESIAN_POINT('',(4.62284068499,0.));
#1599 = CARTESIAN_POINT('',(4.57806489205,0.));
#1600 = CARTESIAN_POINT('',(4.533285445766,0.));
#1601 = CARTESIAN_POINT('',(4.488503037698,0.));
#1602 = CARTESIAN_POINT('',(4.443719532239,0.));
#1603 = CARTESIAN_POINT('',(4.398937119149,0.));
#1604 = CARTESIAN_POINT('',(4.354157692955,0.));
#1605 = CARTESIAN_POINT('',(4.309381824677,0.));
#1606 = CARTESIAN_POINT('',(4.264609160583,0.));
#1607 = CARTESIAN_POINT('',(4.219833588716,0.));
#1608 = CARTESIAN_POINT('',(4.175058016849,0.));
#1609 = CARTESIAN_POINT('',(4.130285352754,0.));
#1610 = CARTESIAN_POINT('',(4.085509484476,0.));
#1611 = CARTESIAN_POINT('',(4.040730058283,0.));
#1612 = CARTESIAN_POINT('',(3.995947645192,0.));
#1613 = CARTESIAN_POINT('',(3.951164139734,0.));
#1614 = CARTESIAN_POINT('',(3.906381731666,0.));
#1615 = CARTESIAN_POINT('',(3.861602285382,0.));
#1616 = CARTESIAN_POINT('',(3.816826492442,0.));
#1617 = CARTESIAN_POINT('',(3.772053547085,0.));
#1618 = CARTESIAN_POINT('',(3.742203865648,0.));
#1619 = CARTESIAN_POINT('',(3.727278197047,0.));
#1620 = ( GEOMETRIC_REPRESENTATION_CONTEXT(2) 
PARAMETRIC_REPRESENTATION_CONTEXT() REPRESENTATION_CONTEXT('2D SPACE',''
  ) );
#1621 = ORIENTED_EDGE('',*,*,#1622,.F.);
#1622 = EDGE_CURVE('',#1623,#1567,#1625,.T.);
#1623 = VERTEX_POINT('',#1624);
#1624 = CARTESIAN_POINT('',(-13.5,0.,6.));
#1625 = SURFACE_CURVE('',#1626,(#1631,#1639),.PCURVE_S1.);
#1626 = B_SPLINE_CURVE_WITH_KNOTS('',3,(#1627,#1628,#1629,#1630),
  .UNSPECIFIED.,.F.,.F.,(4,4),(0.,1.),.PIECEWISE_BEZIER_KNOTS.);
#1627 = CARTESIAN_POINT('',(-13.5,0.,6.));
#1628 = CARTESIAN_POINT('',(-9.,0.,6.));
#1629 = CARTESIAN_POINT('',(-4.5,0.,6.));
#1630 = CARTESIAN_POINT('',(-5.612000382016E-16,0.,6.));
#1631 = PCURVE('',#347,#1632);
#1632 = DEFINITIONAL_REPRESENTATION('',(#1633),#1638);
#1633 = B_SPLINE_CURVE_WITH_KNOTS('',3,(#1634,#1635,#1636,#1637),
  .UNSPECIFIED.,.F.,.F.,(4,4),(0.,1.),.PIECEWISE_BEZIER_KNOTS.);
#1634 = CARTESIAN_POINT('',(-13.5,-6.));
#1635 = CARTESIAN_POINT('',(-9.,-6.));
#1636 = CARTESIAN_POINT('',(-4.5,-6.));
#1637 = CARTESIAN_POINT('',(-5.612000382016E-16,-6.));
#1638 = ( GEOMETRIC_REPRESENTATION_CONTEXT(2) 
PARAMETRIC_REPRESENTATION_CONTEXT() REPRESENTATION_CONTEXT('2D SPACE',''
  ) );
#1639 = PCURVE('',#1640,#1645);
#1640 = PLANE('',#1641);
#1641 = AXIS2_PLACEMENT_3D('',#1642,#1643,#1644);
#1642 = CARTESIAN_POINT('',(-5.,-1.,6.));
#1643 = DIRECTION('',(0.,0.,-1.));
#1644 = DIRECTION('',(0.,-1.,0.));
#1645 = DEFINITIONAL_REPRESENTATION('',(#1646),#1651);
#1646 = B_SPLINE_CURVE_WITH_KNOTS('',3,(#1647,#1648,#1649,#1650),
  .UNSPECIFIED.,.F.,.F.,(4,4),(0.,1.),.PIECEWISE_BEZIER_KNOTS.);
#1647 = CARTESIAN_POINT('',(-1.,8.5));
#1648 = CARTESIAN_POINT('',(-1.,4.));
#1649 = CARTESIAN_POINT('',(-1.,-0.5));
#1650 = CARTESIAN_POINT('',(-1.,-5.));
#1651 = ( GEOMETRIC_REPRESENTATION_CONTEXT(2) 
PARAMETRIC_REPRESENTATION_CONTEXT() REPRESENTATION_CONTEXT('2D SPACE',''
  ) );
#1652 = ORIENTED_EDGE('',*,*,#1653,.F.);
#1653 = EDGE_CURVE('',#855,#1623,#1654,.T.);
#1654 = SURFACE_CURVE('',#1655,(#1660,#1668),.PCURVE_S1.);
#1655 = B_SPLINE_CURVE_WITH_KNOTS('',3,(#1656,#1657,#1658,#1659),
  .UNSPECIFIED.,.F.,.F.,(4,4),(0.,1.),.PIECEWISE_BEZIER_KNOTS.);
#1656 = CARTESIAN_POINT('',(-13.5,0.,-6.));
#1657 = CARTESIAN_POINT('',(-13.5,0.,-2.));
#1658 = CARTESIAN_POINT('',(-13.5,0.,2.));
#1659 = CARTESIAN_POINT('',(-13.5,0.,6.));
#1660 = PCURVE('',#347,#1661);
#1661 = DEFINITIONAL_REPRESENTATION('',(#1662),#1667);
#1662 = B_SPLINE_CURVE_WITH_KNOTS('',3,(#1663,#1664,#1665,#1666),
  .UNSPECIFIED.,.F.,.F.,(4,4),(0.,1.),.PIECEWISE_BEZIER_KNOTS.);
#1663 = CARTESIAN_POINT('',(-13.5,6.));
#1664 = CARTESIAN_POINT('',(-13.5,2.));
#1665 = CARTESIAN_POINT('',(-13.5,-2.));
#1666 = CARTESIAN_POINT('',(-13.5,-6.));
#1667 = ( GEOMETRIC_REPRESENTATION_CONTEXT(2) 
PARAMETRIC_REPRESENTATION_CONTEXT() REPRESENTATION_CONTEXT('2D SPACE',''
  ) );
#1668 = PCURVE('',#898,#1669);
#1669 = DEFINITIONAL_REPRESENTATION('',(#1670),#1675);
#1670 = B_SPLINE_CURVE_WITH_KNOTS('',3,(#1671,#1672,#1673,#1674),
  .UNSPECIFIED.,.F.,.F.,(4,4),(0.,1.),.PIECEWISE_BEZIER_KNOTS.);
#1671 = CARTESIAN_POINT('',(-12.,0.));
#1672 = CARTESIAN_POINT('',(-8.,0.));
#1673 = CARTESIAN_POINT('',(-4.,0.));
#1674 = CARTESIAN_POINT('',(0.,0.));
#1675 = ( GEOMETRIC_REPRESENTATION_CONTEXT(2) 
PARAMETRIC_REPRESENTATION_CONTEXT() REPRESENTATION_CONTEXT('2D SPACE',''
  ) );
#1676 = ADVANCED_FACE('',(#1677),#842,.F.);
#1677 = FACE_BOUND('',#1678,.F.);
#1678 = EDGE_LOOP('',(#1679,#1680,#1705,#1762));
#1679 = ORIENTED_EDGE('',*,*,#1484,.F.);
#1680 = ORIENTED_EDGE('',*,*,#1681,.T.);
#1681 = EDGE_CURVE('',#1485,#1682,#1684,.T.);
#1682 = VERTEX_POINT('',#1683);
#1683 = CARTESIAN_POINT('',(5.,-1.,-3.316624790355));
#1684 = SURFACE_CURVE('',#1685,(#1690,#1697),.PCURVE_S1.);
#1685 = B_SPLINE_CURVE_WITH_KNOTS('',3,(#1686,#1687,#1688,#1689),
  .UNSPECIFIED.,.F.,.F.,(4,4),(0.,1.),.PIECEWISE_BEZIER_KNOTS.);
#1686 = CARTESIAN_POINT('',(5.,0.,-3.316624790355));
#1687 = CARTESIAN_POINT('',(5.,-0.333333333333,-3.316624790355));
#1688 = CARTESIAN_POINT('',(5.,-0.666666666667,-3.316624790355));
#1689 = CARTESIAN_POINT('',(5.,-1.,-3.316624790355));
#1690 = PCURVE('',#842,#1691);
#1691 = DEFINITIONAL_REPRESENTATION('',(#1692),#1696);
#1692 = LINE('',#1693,#1694);
#1693 = CARTESIAN_POINT('',(2.555907110133,0.));
#1694 = VECTOR('',#1695,1.);
#1695 = DIRECTION('',(4.440892098501E-16,1.));
#1696 = ( GEOMETRIC_REPRESENTATION_CONTEXT(2) 
PARAMETRIC_REPRESENTATION_CONTEXT() REPRESENTATION_CONTEXT('2D SPACE',''
  ) );
#1697 = PCURVE('',#1553,#1698);
#1698 = DEFINITIONAL_REPRESENTATION('',(#1699),#1704);
#1699 = B_SPLINE_CURVE_WITH_KNOTS('',3,(#1700,#1701,#1702,#1703),
  .UNSPECIFIED.,.F.,.F.,(4,4),(0.,1.),.PIECEWISE_BEZIER_KNOTS.);
#1700 = CARTESIAN_POINT('',(-9.316624790355,1.));
#1701 = CARTESIAN_POINT('',(-9.316624790355,0.666666666667));
#1702 = CARTESIAN_POINT('',(-9.316624790355,0.333333333333));
#1703 = CARTESIAN_POINT('',(-9.316624790355,0.));
#1704 = ( GEOMETRIC_REPRESENTATION_CONTEXT(2) 
PARAMETRIC_REPRESENTATION_CONTEXT() REPRESENTATION_CONTEXT('2D SPACE',''
  ) );
#1705 = ORIENTED_EDGE('',*,*,#1706,.T.);
#1706 = EDGE_CURVE('',#1682,#818,#1707,.T.);
#1707 = SURFACE_CURVE('',#1708,(#1719,#1748),.PCURVE_S1.);
#1708 = B_SPLINE_CURVE_WITH_KNOTS('',3,(#1709,#1710,#1711,#1712,#1713,
    #1714,#1715,#1716,#1717,#1718),.UNSPECIFIED.,.F.,.F.,(4,2,2,2,4),(0.
    ,0.25,0.5,0.75,1.),.UNSPECIFIED.);
#1709 = CARTESIAN_POINT('',(5.,-1.,-3.316624790355));
#1710 = CARTESIAN_POINT('',(4.72644813524,-1.,-3.729019743133));
#1711 = CARTESIAN_POINT('',(4.406228385532,-1.,-4.102356505095));
#1712 = CARTESIAN_POINT('',(3.674880309072,-1.,-4.768702184035));
#1713 = CARTESIAN_POINT('',(3.273140842021,-1.,-5.052793930951));
#1714 = CARTESIAN_POINT('',(2.401407819831,-1.,-5.520734216468));
#1715 = CARTESIAN_POINT('',(1.942710442258,-1.,-5.698266199735));
#1716 = CARTESIAN_POINT('',(0.982837560336,-1.,-5.939653239947));
#1717 = CARTESIAN_POINT('',(0.495246226571,-1.,-6.));
#1718 = CARTESIAN_POINT('',(-5.84084793106E-16,-1.,-6.));
#1719 = PCURVE('',#842,#1720);
#1720 = DEFINITIONAL_REPRESENTATION('',(#1721),#1747);
#1721 = B_SPLINE_CURVE_WITH_KNOTS('',3,(#1722,#1723,#1724,#1725,#1726,
    #1727,#1728,#1729,#1730,#1731,#1732,#1733,#1734,#1735,#1736,#1737,
    #1738,#1739,#1740,#1741,#1742,#1743,#1744,#1745,#1746),
  .UNSPECIFIED.,.F.,.F.,(4,1,1,1,1,1,1,1,1,1,1,1,1,1,1,1,1,1,1,1,1,1,4),
  (0.,4.545454545455E-02,9.090909090909E-02,0.136363636364,
    0.181818181818,0.227272727273,0.272727272727,0.318181818182,
    0.363636363636,0.409090909091,0.454545454545,0.5,0.545454545455,
    0.590909090909,0.636363636364,0.681818181818,0.727272727273,
    0.772727272727,0.818181818182,0.863636363636,0.909090909091,
    0.954545454545,1.),.QUASI_UNIFORM_KNOTS.);
#1722 = CARTESIAN_POINT('',(2.555907110133,1.));
#1723 = CARTESIAN_POINT('',(2.54091083064,1.));
#1724 = CARTESIAN_POINT('',(2.510993110478,1.));
#1725 = CARTESIAN_POINT('',(2.466260200111,1.));
#1726 = CARTESIAN_POINT('',(2.421591672132,1.));
#1727 = CARTESIAN_POINT('',(2.376902782195,1.));
#1728 = CARTESIAN_POINT('',(2.332126186718,1.));
#1729 = CARTESIAN_POINT('',(2.287132806951,1.));
#1730 = CARTESIAN_POINT('',(2.242351940963,1.));
#1731 = CARTESIAN_POINT('',(2.197658543794,1.));
#1732 = CARTESIAN_POINT('',(2.152982887036,1.));
#1733 = CARTESIAN_POINT('',(2.108263259977,1.));
#1734 = CARTESIAN_POINT('',(2.063351100259,1.));
#1735 = CARTESIAN_POINT('',(2.018442649771,1.));
#1736 = CARTESIAN_POINT('',(1.973729657112,1.));
#1737 = CARTESIAN_POINT('',(1.929059580848,1.));
#1738 = CARTESIAN_POINT('',(1.884366928744,1.));
#1739 = CARTESIAN_POINT('',(1.839579871364,1.));
#1740 = CARTESIAN_POINT('',(1.794567725204,1.));
#1741 = CARTESIAN_POINT('',(1.749796194012,1.));
#1742 = CARTESIAN_POINT('',(1.705120819271,1.));
#1743 = CARTESIAN_POINT('',(1.660465246947,1.));
#1744 = CARTESIAN_POINT('',(1.615734172945,1.));
#1745 = CARTESIAN_POINT('',(1.585803934346,1.));
#1746 = CARTESIAN_POINT('',(1.570796326795,1.));
#1747 = ( GEOMETRIC_REPRESENTATION_CONTEXT(2) 
PARAMETRIC_REPRESENTATION_CONTEXT() REPRESENTATION_CONTEXT('2D SPACE',''
  ) );
#1748 = PCURVE('',#927,#1749);
#1749 = DEFINITIONAL_REPRESENTATION('',(#1750),#1761);
#1750 = B_SPLINE_CURVE_WITH_KNOTS('',3,(#1751,#1752,#1753,#1754,#1755,
    #1756,#1757,#1758,#1759,#1760),.UNSPECIFIED.,.F.,.F.,(4,2,2,2,4),(0.
    ,0.25,0.5,0.75,1.),.UNSPECIFIED.);
#1751 = CARTESIAN_POINT('',(5.,3.316624790355));
#1752 = CARTESIAN_POINT('',(4.72644813524,3.729019743133));
#1753 = CARTESIAN_POINT('',(4.406228385532,4.102356505095));
#1754 = CARTESIAN_POINT('',(3.674880309072,4.768702184035));
#1755 = CARTESIAN_POINT('',(3.273140842021,5.052793930951));
#1756 = CARTESIAN_POINT('',(2.401407819831,5.520734216468));
#1757 = CARTESIAN_POINT('',(1.942710442258,5.698266199735));
#1758 = CARTESIAN_POINT('',(0.982837560336,5.939653239947));
#1759 = CARTESIAN_POINT('',(0.495246226571,6.));
#1760 = CARTESIAN_POINT('',(-5.84084793106E-16,6.));
#1761 = ( GEOMETRIC_REPRESENTATION_CONTEXT(2) 
PARAMETRIC_REPRESENTATION_CONTEXT() REPRESENTATION_CONTEXT('2D SPACE',''
  ) );
#1762 = ORIENTED_EDGE('',*,*,#817,.T.);
#1763 = ADVANCED_FACE('',(#1764,#1903,#2078,#2316,#2491,#2589),#927,.T.
  );
#1764 = FACE_BOUND('',#1765,.T.);
#1765 = EDGE_LOOP('',(#1766,#1794,#1853,#1877,#1878,#1879));
#1766 = ORIENTED_EDGE('',*,*,#1767,.T.);
#1767 = EDGE_CURVE('',#1768,#1770,#1772,.T.);
#1768 = VERTEX_POINT('',#1769);
#1769 = CARTESIAN_POINT('',(-13.5,-1.,6.));
#1770 = VERTEX_POINT('',#1771);
#1771 = CARTESIAN_POINT('',(-5.612000382016E-16,-1.,6.));
#1772 = SURFACE_CURVE('',#1773,(#1778,#1786),.PCURVE_S1.);
#1773 = B_SPLINE_CURVE_WITH_KNOTS('',3,(#1774,#1775,#1776,#1777),
  .UNSPECIFIED.,.F.,.F.,(4,4),(0.,1.),.PIECEWISE_BEZIER_KNOTS.);
#1774 = CARTESIAN_POINT('',(-13.5,-1.,6.));
#1775 = CARTESIAN_POINT('',(-9.,-1.,6.));
#1776 = CARTESIAN_POINT('',(-4.5,-1.,6.));
#1777 = CARTESIAN_POINT('',(-5.612000382016E-16,-1.,6.));
#1778 = PCURVE('',#927,#1779);
#1779 = DEFINITIONAL_REPRESENTATION('',(#1780),#1785);
#1780 = B_SPLINE_CURVE_WITH_KNOTS('',3,(#1781,#1782,#1783,#1784),
  .UNSPECIFIED.,.F.,.F.,(4,4),(0.,1.),.PIECEWISE_BEZIER_KNOTS.);
#1781 = CARTESIAN_POINT('',(-13.5,-6.));
#1782 = CARTESIAN_POINT('',(-9.,-6.));
#1783 = CARTESIAN_POINT('',(-4.5,-6.));
#1784 = CARTESIAN_POINT('',(-5.612000382016E-16,-6.));
#1785 = ( GEOMETRIC_REPRESENTATION_CONTEXT(2) 
PARAMETRIC_REPRESENTATION_CONTEXT() REPRESENTATION_CONTEXT('2D SPACE',''
  ) );
#1786 = PCURVE('',#1640,#1787);
#1787 = DEFINITIONAL_REPRESENTATION('',(#1788),#1793);
#1788 = B_SPLINE_CURVE_WITH_KNOTS('',3,(#1789,#1790,#1791,#1792),
  .UNSPECIFIED.,.F.,.F.,(4,4),(0.,1.),.PIECEWISE_BEZIER_KNOTS.);
#1789 = CARTESIAN_POINT('',(0.,8.5));
#1790 = CARTESIAN_POINT('',(0.,4.));
#1791 = CARTESIAN_POINT('',(0.,-0.5));
#1792 = CARTESIAN_POINT('',(0.,-5.));
#1793 = ( GEOMETRIC_REPRESENTATION_CONTEXT(2) 
PARAMETRIC_REPRESENTATION_CONTEXT() REPRESENTATION_CONTEXT('2D SPACE',''
  ) );
#1794 = ORIENTED_EDGE('',*,*,#1795,.T.);
#1795 = EDGE_CURVE('',#1770,#1796,#1798,.T.);
#1796 = VERTEX_POINT('',#1797);
#1797 = CARTESIAN_POINT('',(5.,-1.,3.316624790355));
#1798 = SURFACE_CURVE('',#1799,(#1810,#1824),.PCURVE_S1.);
#1799 = B_SPLINE_CURVE_WITH_KNOTS('',3,(#1800,#1801,#1802,#1803,#1804,
    #1805,#1806,#1807,#1808,#1809),.UNSPECIFIED.,.F.,.F.,(4,2,2,2,4),(0.
    ,0.25,0.5,0.75,1.),.UNSPECIFIED.);
#1800 = CARTESIAN_POINT('',(-5.612000382016E-16,-1.,6.));
#1801 = CARTESIAN_POINT('',(0.494873943332,-1.,6.));
#1802 = CARTESIAN_POINT('',(0.982996038343,-1.,5.939519868555));
#1803 = CARTESIAN_POINT('',(1.942551964251,-1.,5.698399571126));
#1804 = CARTESIAN_POINT('',(2.401364932631,-1.,5.520654303676));
#1805 = CARTESIAN_POINT('',(3.273183729221,-1.,5.052873843743));
#1806 = CARTESIAN_POINT('',(3.674681564233,-1.,4.768760525229));
#1807 = CARTESIAN_POINT('',(4.406427130372,-1.,4.102298163901));
#1808 = CARTESIAN_POINT('',(4.726242347937,-1.,3.729329979165));
#1809 = CARTESIAN_POINT('',(5.,-1.,3.316624790355));
#1810 = PCURVE('',#927,#1811);
#1811 = DEFINITIONAL_REPRESENTATION('',(#1812),#1823);
#1812 = B_SPLINE_CURVE_WITH_KNOTS('',3,(#1813,#1814,#1815,#1816,#1817,
    #1818,#1819,#1820,#1821,#1822),.UNSPECIFIED.,.F.,.F.,(4,2,2,2,4),(0.
    ,0.25,0.5,0.75,1.),.UNSPECIFIED.);
#1813 = CARTESIAN_POINT('',(-5.612000382016E-16,-6.));
#1814 = CARTESIAN_POINT('',(0.494873943332,-6.));
#1815 = CARTESIAN_POINT('',(0.982996038343,-5.939519868555));
#1816 = CARTESIAN_POINT('',(1.942551964251,-5.698399571126));
#1817 = CARTESIAN_POINT('',(2.401364932631,-5.520654303676));
#1818 = CARTESIAN_POINT('',(3.273183729221,-5.052873843743));
#1819 = CARTESIAN_POINT('',(3.674681564233,-4.768760525229));
#1820 = CARTESIAN_POINT('',(4.406427130372,-4.102298163901));
#1821 = CARTESIAN_POINT('',(4.726242347937,-3.729329979165));
#1822 = CARTESIAN_POINT('',(5.,-3.316624790355));
#1823 = ( GEOMETRIC_REPRESENTATION_CONTEXT(2) 
PARAMETRIC_REPRESENTATION_CONTEXT() REPRESENTATION_CONTEXT('2D SPACE',''
  ) );
#1824 = PCURVE('',#1588,#1825);
#1825 = DEFINITIONAL_REPRESENTATION('',(#1826),#1852);
#1826 = B_SPLINE_CURVE_WITH_KNOTS('',3,(#1827,#1828,#1829,#1830,#1831,
    #1832,#1833,#1834,#1835,#1836,#1837,#1838,#1839,#1840,#1841,#1842,
    #1843,#1844,#1845,#1846,#1847,#1848,#1849,#1850,#1851),
  .UNSPECIFIED.,.F.,.F.,(4,1,1,1,1,1,1,1,1,1,1,1,1,1,1,1,1,1,1,1,1,1,4),
  (0.,4.545454545455E-02,9.090909090909E-02,0.136363636364,
    0.181818181818,0.227272727273,0.272727272727,0.318181818182,
    0.363636363636,0.409090909091,0.454545454545,0.5,0.545454545455,
    0.590909090909,0.636363636364,0.681818181818,0.727272727273,
    0.772727272727,0.818181818182,0.863636363636,0.909090909091,
    0.954545454545,1.),.QUASI_UNIFORM_KNOTS.);
#1827 = CARTESIAN_POINT('',(4.712388980385,1.));
#1828 = CARTESIAN_POINT('',(4.697392700892,1.));
#1829 = CARTESIAN_POINT('',(4.66747498073,1.));
#1830 = CARTESIAN_POINT('',(4.622742070364,1.));
#1831 = CARTESIAN_POINT('',(4.578073542384,1.));
#1832 = CARTESIAN_POINT('',(4.533384652447,1.));
#1833 = CARTESIAN_POINT('',(4.48860805697,1.));
#1834 = CARTESIAN_POINT('',(4.443614677203,1.));
#1835 = CARTESIAN_POINT('',(4.398833811216,1.));
#1836 = CARTESIAN_POINT('',(4.354140414046,1.));
#1837 = CARTESIAN_POINT('',(4.309464757288,1.));
#1838 = CARTESIAN_POINT('',(4.264745130229,1.));
#1839 = CARTESIAN_POINT('',(4.219832970511,1.));
#1840 = CARTESIAN_POINT('',(4.174924520023,1.));
#1841 = CARTESIAN_POINT('',(4.130211527364,1.));
#1842 = CARTESIAN_POINT('',(4.0855414511,1.));
#1843 = CARTESIAN_POINT('',(4.040848798996,1.));
#1844 = CARTESIAN_POINT('',(3.996061741616,1.));
#1845 = CARTESIAN_POINT('',(3.951049595456,1.));
#1846 = CARTESIAN_POINT('',(3.906278064264,1.));
#1847 = CARTESIAN_POINT('',(3.861602689523,1.));
#1848 = CARTESIAN_POINT('',(3.816947117199,1.));
#1849 = CARTESIAN_POINT('',(3.772216043197,1.));
#1850 = CARTESIAN_POINT('',(3.742285804598,1.));
#1851 = CARTESIAN_POINT('',(3.727278197047,1.));
#1852 = ( GEOMETRIC_REPRESENTATION_CONTEXT(2) 
PARAMETRIC_REPRESENTATION_CONTEXT() REPRESENTATION_CONTEXT('2D SPACE',''
  ) );
#1853 = ORIENTED_EDGE('',*,*,#1854,.T.);
#1854 = EDGE_CURVE('',#1796,#1682,#1855,.T.);
#1855 = SURFACE_CURVE('',#1856,(#1861,#1869),.PCURVE_S1.);
#1856 = B_SPLINE_CURVE_WITH_KNOTS('',3,(#1857,#1858,#1859,#1860),
  .UNSPECIFIED.,.F.,.F.,(4,4),(0.,1.),.PIECEWISE_BEZIER_KNOTS.);
#1857 = CARTESIAN_POINT('',(5.,-1.,3.316624790355));
#1858 = CARTESIAN_POINT('',(5.,-1.,1.105541596785));
#1859 = CARTESIAN_POINT('',(5.,-1.,-1.105541596785));
#1860 = CARTESIAN_POINT('',(5.,-1.,-3.316624790355));
#1861 = PCURVE('',#927,#1862);
#1862 = DEFINITIONAL_REPRESENTATION('',(#1863),#1868);
#1863 = B_SPLINE_CURVE_WITH_KNOTS('',3,(#1864,#1865,#1866,#1867),
  .UNSPECIFIED.,.F.,.F.,(4,4),(0.,1.),.PIECEWISE_BEZIER_KNOTS.);
#1864 = CARTESIAN_POINT('',(5.,-3.316624790355));
#1865 = CARTESIAN_POINT('',(5.,-1.105541596785));
#1866 = CARTESIAN_POINT('',(5.,1.105541596785));
#1867 = CARTESIAN_POINT('',(5.,3.316624790355));
#1868 = ( GEOMETRIC_REPRESENTATION_CONTEXT(2) 
PARAMETRIC_REPRESENTATION_CONTEXT() REPRESENTATION_CONTEXT('2D SPACE',''
  ) );
#1869 = PCURVE('',#1553,#1870);
#1870 = DEFINITIONAL_REPRESENTATION('',(#1871),#1876);
#1871 = B_SPLINE_CURVE_WITH_KNOTS('',3,(#1872,#1873,#1874,#1875),
  .UNSPECIFIED.,.F.,.F.,(4,4),(0.,1.),.PIECEWISE_BEZIER_KNOTS.);
#1872 = CARTESIAN_POINT('',(-2.683375209645,0.));
#1873 = CARTESIAN_POINT('',(-4.894458403215,0.));
#1874 = CARTESIAN_POINT('',(-7.105541596785,0.));
#1875 = CARTESIAN_POINT('',(-9.316624790355,0.));
#1876 = ( GEOMETRIC_REPRESENTATION_CONTEXT(2) 
PARAMETRIC_REPRESENTATION_CONTEXT() REPRESENTATION_CONTEXT('2D SPACE',''
  ) );
#1877 = ORIENTED_EDGE('',*,*,#1706,.T.);
#1878 = ORIENTED_EDGE('',*,*,#911,.F.);
#1879 = ORIENTED_EDGE('',*,*,#1880,.T.);
#1880 = EDGE_CURVE('',#881,#1768,#1881,.T.);
#1881 = SURFACE_CURVE('',#1882,(#1887,#1895),.PCURVE_S1.);
#1882 = B_SPLINE_CURVE_WITH_KNOTS('',3,(#1883,#1884,#1885,#1886),
  .UNSPECIFIED.,.F.,.F.,(4,4),(0.,1.),.PIECEWISE_BEZIER_KNOTS.);
#1883 = CARTESIAN_POINT('',(-13.5,-1.,-6.));
#1884 = CARTESIAN_POINT('',(-13.5,-1.,-2.));
#1885 = CARTESIAN_POINT('',(-13.5,-1.,2.));
#1886 = CARTESIAN_POINT('',(-13.5,-1.,6.));
#1887 = PCURVE('',#927,#1888);
#1888 = DEFINITIONAL_REPRESENTATION('',(#1889),#1894);
#1889 = B_SPLINE_CURVE_WITH_KNOTS('',3,(#1890,#1891,#1892,#1893),
  .UNSPECIFIED.,.F.,.F.,(4,4),(0.,1.),.PIECEWISE_BEZIER_KNOTS.);
#1890 = CARTESIAN_POINT('',(-13.5,6.));
#1891 = CARTESIAN_POINT('',(-13.5,2.));
#1892 = CARTESIAN_POINT('',(-13.5,-2.));
#1893 = CARTESIAN_POINT('',(-13.5,-6.));
#1894 = ( GEOMETRIC_REPRESENTATION_CONTEXT(2) 
PARAMETRIC_REPRESENTATION_CONTEXT() REPRESENTATION_CONTEXT('2D SPACE',''
  ) );
#1895 = PCURVE('',#898,#1896);
#1896 = DEFINITIONAL_REPRESENTATION('',(#1897),#1902);
#1897 = B_SPLINE_CURVE_WITH_KNOTS('',3,(#1898,#1899,#1900,#1901),
  .UNSPECIFIED.,.F.,.F.,(4,4),(0.,1.),.PIECEWISE_BEZIER_KNOTS.);
#1898 = CARTESIAN_POINT('',(-12.,-1.));
#1899 = CARTESIAN_POINT('',(-8.,-1.));
#1900 = CARTESIAN_POINT('',(-4.,-1.));
#1901 = CARTESIAN_POINT('',(0.,-1.));
#1902 = ( GEOMETRIC_REPRESENTATION_CONTEXT(2) 
PARAMETRIC_REPRESENTATION_CONTEXT() REPRESENTATION_CONTEXT('2D SPACE',''
  ) );
#1903 = FACE_BOUND('',#1904,.T.);
#1904 = EDGE_LOOP('',(#1905,#1925,#1956,#1987,#2018,#2049));
#1905 = ORIENTED_EDGE('',*,*,#1906,.T.);
#1906 = EDGE_CURVE('',#1907,#1909,#1911,.T.);
#1907 = VERTEX_POINT('',#1908);
#1908 = CARTESIAN_POINT('',(-3.8,-1.,-4.535786437627));
#1909 = VERTEX_POINT('',#1910);
#1910 = CARTESIAN_POINT('',(-5.92132034356,-1.,-2.414466094067));
#1911 = SURFACE_CURVE('',#1912,(#1917),.PCURVE_S1.);
#1912 = B_SPLINE_CURVE_WITH_KNOTS('',3,(#1913,#1914,#1915,#1916),
  .UNSPECIFIED.,.F.,.F.,(4,4),(0.,1.),.PIECEWISE_BEZIER_KNOTS.);
#1913 = CARTESIAN_POINT('',(-3.8,-1.,-4.535786437627));
#1914 = CARTESIAN_POINT('',(-4.507106781187,-1.,-3.82867965644));
#1915 = CARTESIAN_POINT('',(-5.214213562373,-1.,-3.121572875254));
#1916 = CARTESIAN_POINT('',(-5.92132034356,-1.,-2.414466094067));
#1917 = PCURVE('',#927,#1918);
#1918 = DEFINITIONAL_REPRESENTATION('',(#1919),#1924);
#1919 = B_SPLINE_CURVE_WITH_KNOTS('',3,(#1920,#1921,#1922,#1923),
  .UNSPECIFIED.,.F.,.F.,(4,4),(0.,1.),.PIECEWISE_BEZIER_KNOTS.);
#1920 = CARTESIAN_POINT('',(-3.8,4.535786437627));
#1921 = CARTESIAN_POINT('',(-4.507106781187,3.82867965644));
#1922 = CARTESIAN_POINT('',(-5.214213562373,3.121572875254));
#1923 = CARTESIAN_POINT('',(-5.92132034356,2.414466094067));
#1924 = ( GEOMETRIC_REPRESENTATION_CONTEXT(2) 
PARAMETRIC_REPRESENTATION_CONTEXT() REPRESENTATION_CONTEXT('2D SPACE',''
  ) );
#1925 = ORIENTED_EDGE('',*,*,#1926,.T.);
#1926 = EDGE_CURVE('',#1909,#1927,#1929,.T.);
#1927 = VERTEX_POINT('',#1928);
#1928 = CARTESIAN_POINT('',(-6.628427124746,-1.,-2.414466094067));
#1929 = SURFACE_CURVE('',#1930,(#1935,#1943),.PCURVE_S1.);
#1930 = B_SPLINE_CURVE_WITH_KNOTS('',3,(#1931,#1932,#1933,#1934),
  .UNSPECIFIED.,.F.,.F.,(4,4),(0.,1.),.PIECEWISE_BEZIER_KNOTS.);
#1931 = CARTESIAN_POINT('',(-5.92132034356,-1.,-2.414466094067));
#1932 = CARTESIAN_POINT('',(-6.157022603955,-1.,-2.414466094067));
#1933 = CARTESIAN_POINT('',(-6.392724864351,-1.,-2.414466094067));
#1934 = CARTESIAN_POINT('',(-6.628427124746,-1.,-2.414466094067));
#1935 = PCURVE('',#927,#1936);
#1936 = DEFINITIONAL_REPRESENTATION('',(#1937),#1942);
#1937 = B_SPLINE_CURVE_WITH_KNOTS('',3,(#1938,#1939,#1940,#1941),
  .UNSPECIFIED.,.F.,.F.,(4,4),(0.,1.),.PIECEWISE_BEZIER_KNOTS.);
#1938 = CARTESIAN_POINT('',(-5.92132034356,2.414466094067));
#1939 = CARTESIAN_POINT('',(-6.157022603955,2.414466094067));
#1940 = CARTESIAN_POINT('',(-6.392724864351,2.414466094067));
#1941 = CARTESIAN_POINT('',(-6.628427124746,2.414466094067));
#1942 = ( GEOMETRIC_REPRESENTATION_CONTEXT(2) 
PARAMETRIC_REPRESENTATION_CONTEXT() REPRESENTATION_CONTEXT('2D SPACE',''
  ) );
#1943 = PCURVE('',#1944,#1949);
#1944 = PLANE('',#1945);
#1945 = AXIS2_PLACEMENT_3D('',#1946,#1947,#1948);
#1946 = CARTESIAN_POINT('',(-6.628427124746,-4.2,-2.414466094067));
#1947 = DIRECTION('',(3.066586833367E-15,0.,-1.));
#1948 = DIRECTION('',(0.,-1.,0.));
#1949 = DEFINITIONAL_REPRESENTATION('',(#1950),#1955);
#1950 = B_SPLINE_CURVE_WITH_KNOTS('',3,(#1951,#1952,#1953,#1954),
  .UNSPECIFIED.,.F.,.F.,(4,4),(0.,1.),.PIECEWISE_BEZIER_KNOTS.);
#1951 = CARTESIAN_POINT('',(-3.2,-0.707106781187));
#1952 = CARTESIAN_POINT('',(-3.2,-0.471404520791));
#1953 = CARTESIAN_POINT('',(-3.2,-0.235702260396));
#1954 = CARTESIAN_POINT('',(-3.2,0.));
#1955 = ( GEOMETRIC_REPRESENTATION_CONTEXT(2) 
PARAMETRIC_REPRESENTATION_CONTEXT() REPRESENTATION_CONTEXT('2D SPACE',''
  ) );
#1956 = ORIENTED_EDGE('',*,*,#1957,.T.);
#1957 = EDGE_CURVE('',#1927,#1958,#1960,.T.);
#1958 = VERTEX_POINT('',#1959);
#1959 = CARTESIAN_POINT('',(-7.335533905933,-1.,-3.121572875254));
#1960 = SURFACE_CURVE('',#1961,(#1966,#1974),.PCURVE_S1.);
#1961 = B_SPLINE_CURVE_WITH_KNOTS('',3,(#1962,#1963,#1964,#1965),
  .UNSPECIFIED.,.F.,.F.,(4,4),(0.,1.),.PIECEWISE_BEZIER_KNOTS.);
#1962 = CARTESIAN_POINT('',(-6.628427124746,-1.,-2.414466094067));
#1963 = CARTESIAN_POINT('',(-6.864129385142,-1.,-2.650168354463));
#1964 = CARTESIAN_POINT('',(-7.099831645537,-1.,-2.885870614858));
#1965 = CARTESIAN_POINT('',(-7.335533905933,-1.,-3.121572875254));
#1966 = PCURVE('',#927,#1967);
#1967 = DEFINITIONAL_REPRESENTATION('',(#1968),#1973);
#1968 = B_SPLINE_CURVE_WITH_KNOTS('',3,(#1969,#1970,#1971,#1972),
  .UNSPECIFIED.,.F.,.F.,(4,4),(0.,1.),.PIECEWISE_BEZIER_KNOTS.);
#1969 = CARTESIAN_POINT('',(-6.628427124746,2.414466094067));
#1970 = CARTESIAN_POINT('',(-6.864129385142,2.650168354463));
#1971 = CARTESIAN_POINT('',(-7.099831645537,2.885870614858));
#1972 = CARTESIAN_POINT('',(-7.335533905933,3.121572875254));
#1973 = ( GEOMETRIC_REPRESENTATION_CONTEXT(2) 
PARAMETRIC_REPRESENTATION_CONTEXT() REPRESENTATION_CONTEXT('2D SPACE',''
  ) );
#1974 = PCURVE('',#1975,#1980);
#1975 = PLANE('',#1976);
#1976 = AXIS2_PLACEMENT_3D('',#1977,#1978,#1979);
#1977 = CARTESIAN_POINT('',(-7.335533905933,-4.2,-3.121572875254));
#1978 = DIRECTION('',(0.707106781187,0.,-0.707106781187));
#1979 = DIRECTION('',(0.,-1.,0.));
#1980 = DEFINITIONAL_REPRESENTATION('',(#1981),#1986);
#1981 = B_SPLINE_CURVE_WITH_KNOTS('',3,(#1982,#1983,#1984,#1985),
  .UNSPECIFIED.,.F.,.F.,(4,4),(0.,1.),.PIECEWISE_BEZIER_KNOTS.);
#1982 = CARTESIAN_POINT('',(-3.2,-1.));
#1983 = CARTESIAN_POINT('',(-3.2,-0.666666666667));
#1984 = CARTESIAN_POINT('',(-3.2,-0.333333333333));
#1985 = CARTESIAN_POINT('',(-3.2,0.));
#1986 = ( GEOMETRIC_REPRESENTATION_CONTEXT(2) 
PARAMETRIC_REPRESENTATION_CONTEXT() REPRESENTATION_CONTEXT('2D SPACE',''
  ) );
#1987 = ORIENTED_EDGE('',*,*,#1988,.T.);
#1988 = EDGE_CURVE('',#1958,#1989,#1991,.T.);
#1989 = VERTEX_POINT('',#1990);
#1990 = CARTESIAN_POINT('',(-4.507106781187,-1.,-5.95));
#1991 = SURFACE_CURVE('',#1992,(#1997,#2005),.PCURVE_S1.);
#1992 = B_SPLINE_CURVE_WITH_KNOTS('',3,(#1993,#1994,#1995,#1996),
  .UNSPECIFIED.,.F.,.F.,(4,4),(0.,1.),.PIECEWISE_BEZIER_KNOTS.);
#1993 = CARTESIAN_POINT('',(-7.335533905933,-1.,-3.121572875254));
#1994 = CARTESIAN_POINT('',(-6.392724864351,-1.,-4.064381916836));
#1995 = CARTESIAN_POINT('',(-5.449915822769,-1.,-5.007190958418));
#1996 = CARTESIAN_POINT('',(-4.507106781187,-1.,-5.95));
#1997 = PCURVE('',#927,#1998);
#1998 = DEFINITIONAL_REPRESENTATION('',(#1999),#2004);
#1999 = B_SPLINE_CURVE_WITH_KNOTS('',3,(#2000,#2001,#2002,#2003),
  .UNSPECIFIED.,.F.,.F.,(4,4),(0.,1.),.PIECEWISE_BEZIER_KNOTS.);
#2000 = CARTESIAN_POINT('',(-7.335533905933,3.121572875254));
#2001 = CARTESIAN_POINT('',(-6.392724864351,4.064381916836));
#2002 = CARTESIAN_POINT('',(-5.449915822769,5.007190958418));
#2003 = CARTESIAN_POINT('',(-4.507106781187,5.95));
#2004 = ( GEOMETRIC_REPRESENTATION_CONTEXT(2) 
PARAMETRIC_REPRESENTATION_CONTEXT() REPRESENTATION_CONTEXT('2D SPACE',''
  ) );
#2005 = PCURVE('',#2006,#2011);
#2006 = PLANE('',#2007);
#2007 = AXIS2_PLACEMENT_3D('',#2008,#2009,#2010);
#2008 = CARTESIAN_POINT('',(-4.507106781187,-4.2,-5.95));
#2009 = DIRECTION('',(0.707106781187,0.,0.707106781187));
#2010 = DIRECTION('',(0.,-1.,0.));
#2011 = DEFINITIONAL_REPRESENTATION('',(#2012),#2017);
#2012 = B_SPLINE_CURVE_WITH_KNOTS('',3,(#2013,#2014,#2015,#2016),
  .UNSPECIFIED.,.F.,.F.,(4,4),(0.,1.),.PIECEWISE_BEZIER_KNOTS.);
#2013 = CARTESIAN_POINT('',(-3.2,-4.));
#2014 = CARTESIAN_POINT('',(-3.2,-2.666666666667));
#2015 = CARTESIAN_POINT('',(-3.2,-1.333333333333));
#2016 = CARTESIAN_POINT('',(-3.2,7.105427357601E-15));
#2017 = ( GEOMETRIC_REPRESENTATION_CONTEXT(2) 
PARAMETRIC_REPRESENTATION_CONTEXT() REPRESENTATION_CONTEXT('2D SPACE',''
  ) );
#2018 = ORIENTED_EDGE('',*,*,#2019,.T.);
#2019 = EDGE_CURVE('',#1989,#2020,#2022,.T.);
#2020 = VERTEX_POINT('',#2021);
#2021 = CARTESIAN_POINT('',(-3.8,-1.,-5.242893218813));
#2022 = SURFACE_CURVE('',#2023,(#2028,#2036),.PCURVE_S1.);
#2023 = B_SPLINE_CURVE_WITH_KNOTS('',3,(#2024,#2025,#2026,#2027),
  .UNSPECIFIED.,.F.,.F.,(4,4),(0.,1.),.PIECEWISE_BEZIER_KNOTS.);
#2024 = CARTESIAN_POINT('',(-4.507106781187,-1.,-5.95));
#2025 = CARTESIAN_POINT('',(-4.271404520791,-1.,-5.714297739604));
#2026 = CARTESIAN_POINT('',(-4.035702260396,-1.,-5.478595479209));
#2027 = CARTESIAN_POINT('',(-3.8,-1.,-5.242893218813));
#2028 = PCURVE('',#927,#2029);
#2029 = DEFINITIONAL_REPRESENTATION('',(#2030),#2035);
#2030 = B_SPLINE_CURVE_WITH_KNOTS('',3,(#2031,#2032,#2033,#2034),
  .UNSPECIFIED.,.F.,.F.,(4,4),(0.,1.),.PIECEWISE_BEZIER_KNOTS.);
#2031 = CARTESIAN_POINT('',(-4.507106781187,5.95));
#2032 = CARTESIAN_POINT('',(-4.271404520791,5.714297739604));
#2033 = CARTESIAN_POINT('',(-4.035702260396,5.478595479209));
#2034 = CARTESIAN_POINT('',(-3.8,5.242893218813));
#2035 = ( GEOMETRIC_REPRESENTATION_CONTEXT(2) 
PARAMETRIC_REPRESENTATION_CONTEXT() REPRESENTATION_CONTEXT('2D SPACE',''
  ) );
#2036 = PCURVE('',#2037,#2042);
#2037 = PLANE('',#2038);
#2038 = AXIS2_PLACEMENT_3D('',#2039,#2040,#2041);
#2039 = CARTESIAN_POINT('',(-3.8,-4.2,-5.242893218813));
#2040 = DIRECTION('',(-0.707106781187,0.,0.707106781187));
#2041 = DIRECTION('',(0.,1.,0.));
#2042 = DEFINITIONAL_REPRESENTATION('',(#2043),#2048);
#2043 = B_SPLINE_CURVE_WITH_KNOTS('',3,(#2044,#2045,#2046,#2047),
  .UNSPECIFIED.,.F.,.F.,(4,4),(0.,1.),.PIECEWISE_BEZIER_KNOTS.);
#2044 = CARTESIAN_POINT('',(3.2,1.));
#2045 = CARTESIAN_POINT('',(3.2,0.666666666667));
#2046 = CARTESIAN_POINT('',(3.2,0.333333333333));
#2047 = CARTESIAN_POINT('',(3.2,0.));
#2048 = ( GEOMETRIC_REPRESENTATION_CONTEXT(2) 
PARAMETRIC_REPRESENTATION_CONTEXT() REPRESENTATION_CONTEXT('2D SPACE',''
  ) );
#2049 = ORIENTED_EDGE('',*,*,#2050,.T.);
#2050 = EDGE_CURVE('',#2020,#1907,#2051,.T.);
#2051 = SURFACE_CURVE('',#2052,(#2057,#2065),.PCURVE_S1.);
#2052 = B_SPLINE_CURVE_WITH_KNOTS('',3,(#2053,#2054,#2055,#2056),
  .UNSPECIFIED.,.F.,.F.,(4,4),(0.,1.),.PIECEWISE_BEZIER_KNOTS.);
#2053 = CARTESIAN_POINT('',(-3.8,-1.,-5.242893218813));
#2054 = CARTESIAN_POINT('',(-3.8,-1.,-5.007190958418));
#2055 = CARTESIAN_POINT('',(-3.8,-1.,-4.771488698022));
#2056 = CARTESIAN_POINT('',(-3.8,-1.,-4.535786437627));
#2057 = PCURVE('',#927,#2058);
#2058 = DEFINITIONAL_REPRESENTATION('',(#2059),#2064);
#2059 = B_SPLINE_CURVE_WITH_KNOTS('',3,(#2060,#2061,#2062,#2063),
  .UNSPECIFIED.,.F.,.F.,(4,4),(0.,1.),.PIECEWISE_BEZIER_KNOTS.);
#2060 = CARTESIAN_POINT('',(-3.8,5.242893218813));
#2061 = CARTESIAN_POINT('',(-3.8,5.007190958418));
#2062 = CARTESIAN_POINT('',(-3.8,4.771488698022));
#2063 = CARTESIAN_POINT('',(-3.8,4.535786437627));
#2064 = ( GEOMETRIC_REPRESENTATION_CONTEXT(2) 
PARAMETRIC_REPRESENTATION_CONTEXT() REPRESENTATION_CONTEXT('2D SPACE',''
  ) );
#2065 = PCURVE('',#2066,#2071);
#2066 = PLANE('',#2067);
#2067 = AXIS2_PLACEMENT_3D('',#2068,#2069,#2070);
#2068 = CARTESIAN_POINT('',(-3.8,-4.2,-4.535786437627));
#2069 = DIRECTION('',(-1.,0.,-6.133173666734E-16));
#2070 = DIRECTION('',(-6.133173666734E-16,0.,1.));
#2071 = DEFINITIONAL_REPRESENTATION('',(#2072),#2077);
#2072 = B_SPLINE_CURVE_WITH_KNOTS('',3,(#2073,#2074,#2075,#2076),
  .UNSPECIFIED.,.F.,.F.,(4,4),(0.,1.),.PIECEWISE_BEZIER_KNOTS.);
#2073 = CARTESIAN_POINT('',(-0.707106781187,3.2));
#2074 = CARTESIAN_POINT('',(-0.471404520791,3.2));
#2075 = CARTESIAN_POINT('',(-0.235702260396,3.2));
#2076 = CARTESIAN_POINT('',(0.,3.2));
#2077 = ( GEOMETRIC_REPRESENTATION_CONTEXT(2) 
PARAMETRIC_REPRESENTATION_CONTEXT() REPRESENTATION_CONTEXT('2D SPACE',''
  ) );
#2078 = FACE_BOUND('',#2079,.T.);
#2079 = EDGE_LOOP('',(#2080,#2141,#2200,#2259));
#2080 = ORIENTED_EDGE('',*,*,#2081,.T.);
#2081 = EDGE_CURVE('',#2082,#2084,#2086,.T.);
#2082 = VERTEX_POINT('',#2083);
#2083 = CARTESIAN_POINT('',(2.738784223922E-05,-1.05,2.624999994261));
#2084 = VERTEX_POINT('',#2085);
#2085 = CARTESIAN_POINT('',(-2.625,-1.05,-1.096983012829E-15));
#2086 = SURFACE_CURVE('',#2087,(#2098,#2112),.PCURVE_S1.);
#2087 = B_SPLINE_CURVE_WITH_KNOTS('',3,(#2088,#2089,#2090,#2091,#2092,
    #2093,#2094,#2095,#2096,#2097),.UNSPECIFIED.,.F.,.F.,(4,2,2,2,4),(
    0.499993747729,0.624995310797,0.749996873865,0.874998436932,1.),
  .UNSPECIFIED.);
#2088 = CARTESIAN_POINT('',(5.477568447972E-05,-1.,2.749999988522));
#2089 = CARTESIAN_POINT('',(-0.364987689411,-1.,2.750079970329));
#2090 = CARTESIAN_POINT('',(-0.715055949365,-1.,2.680307984713));
#2091 = CARTESIAN_POINT('',(-1.389627012892,-1.,2.401060871009));
#2092 = CARTESIAN_POINT('',(-1.686345681451,-1.,2.202633426462));
#2093 = CARTESIAN_POINT('',(-2.202702874848,-1.,1.686492594428));
#2094 = CARTESIAN_POINT('',(-2.400898296986,-1.,1.389619732631));
#2095 = CARTESIAN_POINT('',(-2.680428645816,-1.,0.715164446359));
#2096 = CARTESIAN_POINT('',(-2.75,-1.,0.364867731123));
#2097 = CARTESIAN_POINT('',(-2.75,-1.,-1.734723475977E-15));
#2098 = PCURVE('',#927,#2099);
#2099 = DEFINITIONAL_REPRESENTATION('',(#2100),#2111);
#2100 = B_SPLINE_CURVE_WITH_KNOTS('',3,(#2101,#2102,#2103,#2104,#2105,
    #2106,#2107,#2108,#2109,#2110),.UNSPECIFIED.,.F.,.F.,(4,2,2,2,4),(
    0.499993747729,0.624995310797,0.749996873865,0.874998436932,1.),
  .UNSPECIFIED.);
#2101 = CARTESIAN_POINT('',(5.477568447972E-05,-2.749999988522));
#2102 = CARTESIAN_POINT('',(-0.364987689411,-2.750079970329));
#2103 = CARTESIAN_POINT('',(-0.715055949365,-2.680307984713));
#2104 = CARTESIAN_POINT('',(-1.389627012892,-2.401060871009));
#2105 = CARTESIAN_POINT('',(-1.686345681451,-2.202633426462));
#2106 = CARTESIAN_POINT('',(-2.202702874848,-1.686492594428));
#2107 = CARTESIAN_POINT('',(-2.400898296986,-1.389619732631));
#2108 = CARTESIAN_POINT('',(-2.680428645816,-0.715164446359));
#2109 = CARTESIAN_POINT('',(-2.75,-0.364867731123));
#2110 = CARTESIAN_POINT('',(-2.75,1.734723475977E-15));
#2111 = ( GEOMETRIC_REPRESENTATION_CONTEXT(2) 
PARAMETRIC_REPRESENTATION_CONTEXT() REPRESENTATION_CONTEXT('2D SPACE',''
  ) );
#2112 = PCURVE('',#1267,#2113);
#2113 = DEFINITIONAL_REPRESENTATION('',(#2114),#2140);
#2114 = B_SPLINE_CURVE_WITH_KNOTS('',3,(#2115,#2116,#2117,#2118,#2119,
    #2120,#2121,#2122,#2123,#2124,#2125,#2126,#2127,#2128,#2129,#2130,
    #2131,#2132,#2133,#2134,#2135,#2136,#2137,#2138,#2139),
  .UNSPECIFIED.,.F.,.F.,(4,1,1,1,1,1,1,1,1,1,1,1,1,1,1,1,1,1,1,1,1,1,4),
  (0.499993747729,0.522721304651,0.545448861572,0.568176418494,
    0.590903975415,0.613631532336,0.636359089258,0.659086646179,
    0.681814203101,0.704541760022,0.727269316943,0.749996873865,
    0.772724430786,0.795451987707,0.818179544629,0.84090710155,
    0.863634658472,0.886362215393,0.909089772314,0.931817329236,
    0.954544886157,0.977272443079,1.),.QUASI_UNIFORM_KNOTS.);
#2115 = CARTESIAN_POINT('',(6.28320522561,0.3));
#2116 = CARTESIAN_POINT('',(6.259068687587,0.3));
#2117 = CARTESIAN_POINT('',(6.211162600488,0.3));
#2118 = CARTESIAN_POINT('',(6.140003152977,0.3));
#2119 = CARTESIAN_POINT('',(6.069152617818,0.3));
#2120 = CARTESIAN_POINT('',(5.998183429019,0.3));
#2121 = CARTESIAN_POINT('',(5.926758685879,0.3));
#2122 = CARTESIAN_POINT('',(5.854243793829,0.3));
#2123 = CARTESIAN_POINT('',(5.782823257967,0.3));
#2124 = CARTESIAN_POINT('',(5.711861621571,0.3));
#2125 = CARTESIAN_POINT('',(5.640993384439,0.3));
#2126 = CARTESIAN_POINT('',(5.569891471664,0.3));
#2127 = CARTESIAN_POINT('',(5.497796438244,0.3));
#2128 = CARTESIAN_POINT('',(5.425705393404,0.3));
#2129 = CARTESIAN_POINT('',(5.354608109906,0.3));
#2130 = CARTESIAN_POINT('',(5.283741003509,0.3));
#2131 = CARTESIAN_POINT('',(5.212776347312,0.3));
#2132 = CARTESIAN_POINT('',(5.141350347163,0.3));
#2133 = CARTESIAN_POINT('',(5.068835816618,0.3));
#2134 = CARTESIAN_POINT('',(4.997405087283,0.3));
#2135 = CARTESIAN_POINT('',(4.926426033104,0.3));
#2136 = CARTESIAN_POINT('',(4.85556672263,0.3));
#2137 = CARTESIAN_POINT('',(4.784407246289,0.3));
#2138 = CARTESIAN_POINT('',(4.736514136483,0.3));
#2139 = CARTESIAN_POINT('',(4.712388980385,0.3));
#2140 = ( GEOMETRIC_REPRESENTATION_CONTEXT(2) 
PARAMETRIC_REPRESENTATION_CONTEXT() REPRESENTATION_CONTEXT('2D SPACE',''
  ) );
#2141 = ORIENTED_EDGE('',*,*,#2142,.T.);
#2142 = EDGE_CURVE('',#2084,#2143,#2145,.T.);
#2143 = VERTEX_POINT('',#2144);
#2144 = CARTESIAN_POINT('',(-2.738784223866E-05,-1.05,-2.624999994261));
#2145 = SURFACE_CURVE('',#2146,(#2157,#2171),.PCURVE_S1.);
#2146 = B_SPLINE_CURVE_WITH_KNOTS('',3,(#2147,#2148,#2149,#2150,#2151,
    #2152,#2153,#2154,#2155,#2156),.UNSPECIFIED.,.F.,.F.,(4,2,2,2,4),(0.
    ,0.124998436932,0.249996873865,0.374995310797,0.499993747729),
  .UNSPECIFIED.);
#2147 = CARTESIAN_POINT('',(-2.75,-1.,-1.734723475977E-15));
#2148 = CARTESIAN_POINT('',(-2.75,-1.,-0.364477436655));
#2149 = CARTESIAN_POINT('',(-2.680224649852,-1.,-0.715266367653));
#2150 = CARTESIAN_POINT('',(-2.401123249261,-1.,-1.389467218335));
#2151 = CARTESIAN_POINT('',(-2.202626972439,-1.,-1.68635213818));
#2152 = CARTESIAN_POINT('',(-1.686499048451,-1.,-2.202696418119));
#2153 = CARTESIAN_POINT('',(-1.389634607337,-1.,-2.400888357811));
#2154 = CARTESIAN_POINT('',(-0.715200173395,-1.,-2.680417612639));
#2155 = CARTESIAN_POINT('',(-0.365088111517,-1.,-2.749920008715));
#2156 = CARTESIAN_POINT('',(-5.477568448103E-05,-1.,-2.749999988522));
#2157 = PCURVE('',#927,#2158);
#2158 = DEFINITIONAL_REPRESENTATION('',(#2159),#2170);
#2159 = B_SPLINE_CURVE_WITH_KNOTS('',3,(#2160,#2161,#2162,#2163,#2164,
    #2165,#2166,#2167,#2168,#2169),.UNSPECIFIED.,.F.,.F.,(4,2,2,2,4),(0.
    ,0.124998436932,0.249996873865,0.374995310797,0.499993747729),
  .UNSPECIFIED.);
#2160 = CARTESIAN_POINT('',(-2.75,1.734723475977E-15));
#2161 = CARTESIAN_POINT('',(-2.75,0.364477436655));
#2162 = CARTESIAN_POINT('',(-2.680224649852,0.715266367653));
#2163 = CARTESIAN_POINT('',(-2.401123249261,1.389467218335));
#2164 = CARTESIAN_POINT('',(-2.202626972439,1.68635213818));
#2165 = CARTESIAN_POINT('',(-1.686499048451,2.202696418119));
#2166 = CARTESIAN_POINT('',(-1.389634607337,2.400888357811));
#2167 = CARTESIAN_POINT('',(-0.715200173395,2.680417612639));
#2168 = CARTESIAN_POINT('',(-0.365088111517,2.749920008715));
#2169 = CARTESIAN_POINT('',(-5.477568448103E-05,2.749999988522));
#2170 = ( GEOMETRIC_REPRESENTATION_CONTEXT(2) 
PARAMETRIC_REPRESENTATION_CONTEXT() REPRESENTATION_CONTEXT('2D SPACE',''
  ) );
#2171 = PCURVE('',#1267,#2172);
#2172 = DEFINITIONAL_REPRESENTATION('',(#2173),#2199);
#2173 = B_SPLINE_CURVE_WITH_KNOTS('',3,(#2174,#2175,#2176,#2177,#2178,
    #2179,#2180,#2181,#2182,#2183,#2184,#2185,#2186,#2187,#2188,#2189,
    #2190,#2191,#2192,#2193,#2194,#2195,#2196,#2197,#2198),
  .UNSPECIFIED.,.F.,.F.,(4,1,1,1,1,1,1,1,1,1,1,1,1,1,1,1,1,1,1,1,1,1,4),
  (0.,2.272698853315E-02,4.545397706631E-02,6.818096559946E-02,
    9.090795413262E-02,0.113634942666,0.136361931199,0.159088919732,
    0.181815908265,0.204542896798,0.227269885332,0.249996873865,
    0.272723862398,0.295450850931,0.318177839464,0.340904827997,
    0.36363181653,0.386358805064,0.409085793597,0.43181278213,
    0.454539770663,0.477266759196,0.499993747729),
  .QUASI_UNIFORM_KNOTS.);
#2174 = CARTESIAN_POINT('',(4.712388980385,0.3));
#2175 = CARTESIAN_POINT('',(4.688289886451,0.3));
#2176 = CARTESIAN_POINT('',(4.640426663245,0.3));
#2177 = CARTESIAN_POINT('',(4.569266185687,0.3));
#2178 = CARTESIAN_POINT('',(4.498379682288,0.3));
#2179 = CARTESIAN_POINT('',(4.427371232222,0.3));
#2180 = CARTESIAN_POINT('',(4.355929895346,0.3));
#2181 = CARTESIAN_POINT('',(4.283459099313,0.3));
#2182 = CARTESIAN_POINT('',(4.21205178903,0.3));
#2183 = CARTESIAN_POINT('',(4.141088890604,0.3));
#2184 = CARTESIAN_POINT('',(4.07021050617,0.3));
#2185 = CARTESIAN_POINT('',(3.99909730276,0.3));
#2186 = CARTESIAN_POINT('',(3.926999051917,0.3));
#2187 = CARTESIAN_POINT('',(3.854911146845,0.3));
#2188 = CARTESIAN_POINT('',(3.783815258449,0.3));
#2189 = CARTESIAN_POINT('',(3.712950024242,0.3));
#2190 = CARTESIAN_POINT('',(3.641987105508,0.3));
#2191 = CARTESIAN_POINT('',(3.570563108199,0.3));
#2192 = CARTESIAN_POINT('',(3.498050024293,0.3));
#2193 = CARTESIAN_POINT('',(3.426632369592,0.3));
#2194 = CARTESIAN_POINT('',(3.355668043719,0.3));
#2195 = CARTESIAN_POINT('',(3.284818268227,0.3));
#2196 = CARTESIAN_POINT('',(3.213655899902,0.3));
#2197 = CARTESIAN_POINT('',(3.165748778067,0.3));
#2198 = CARTESIAN_POINT('',(3.141612572021,0.3));
#2199 = ( GEOMETRIC_REPRESENTATION_CONTEXT(2) 
PARAMETRIC_REPRESENTATION_CONTEXT() REPRESENTATION_CONTEXT('2D SPACE',''
  ) );
#2200 = ORIENTED_EDGE('',*,*,#2201,.T.);
#2201 = EDGE_CURVE('',#2143,#2202,#2204,.T.);
#2202 = VERTEX_POINT('',#2203);
#2203 = CARTESIAN_POINT('',(2.625,-1.05,-1.791877516393E-15));
#2204 = SURFACE_CURVE('',#2205,(#2216,#2230),.PCURVE_S1.);
#2205 = B_SPLINE_CURVE_WITH_KNOTS('',3,(#2206,#2207,#2208,#2209,#2210,
    #2211,#2212,#2213,#2214,#2215),.UNSPECIFIED.,.F.,.F.,(4,2,2,2,4),(
    0.499993747729,0.624995310797,0.749996873865,0.874998436932,1.),
  .UNSPECIFIED.);
#2206 = CARTESIAN_POINT('',(-5.477568448103E-05,-1.,-2.749999988522));
#2207 = CARTESIAN_POINT('',(0.364987689411,-1.,-2.750079970329));
#2208 = CARTESIAN_POINT('',(0.715055949365,-1.,-2.680307984713));
#2209 = CARTESIAN_POINT('',(1.389627012892,-1.,-2.401060871009));
#2210 = CARTESIAN_POINT('',(1.686345681451,-1.,-2.202633426462));
#2211 = CARTESIAN_POINT('',(2.202702874848,-1.,-1.686492594428));
#2212 = CARTESIAN_POINT('',(2.400898296986,-1.,-1.389619732631));
#2213 = CARTESIAN_POINT('',(2.680428645816,-1.,-0.71516444636));
#2214 = CARTESIAN_POINT('',(2.75,-1.,-0.364867731123));
#2215 = CARTESIAN_POINT('',(2.75,-1.,-2.071501345742E-15));
#2216 = PCURVE('',#927,#2217);
#2217 = DEFINITIONAL_REPRESENTATION('',(#2218),#2229);
#2218 = B_SPLINE_CURVE_WITH_KNOTS('',3,(#2219,#2220,#2221,#2222,#2223,
    #2224,#2225,#2226,#2227,#2228),.UNSPECIFIED.,.F.,.F.,(4,2,2,2,4),(
    0.499993747729,0.624995310797,0.749996873865,0.874998436932,1.),
  .UNSPECIFIED.);
#2219 = CARTESIAN_POINT('',(-5.477568448103E-05,2.749999988522));
#2220 = CARTESIAN_POINT('',(0.364987689411,2.750079970329));
#2221 = CARTESIAN_POINT('',(0.715055949365,2.680307984713));
#2222 = CARTESIAN_POINT('',(1.389627012892,2.401060871009));
#2223 = CARTESIAN_POINT('',(1.686345681451,2.202633426462));
#2224 = CARTESIAN_POINT('',(2.202702874848,1.686492594428));
#2225 = CARTESIAN_POINT('',(2.400898296986,1.389619732631));
#2226 = CARTESIAN_POINT('',(2.680428645816,0.71516444636));
#2227 = CARTESIAN_POINT('',(2.75,0.364867731123));
#2228 = CARTESIAN_POINT('',(2.75,2.071501345742E-15));
#2229 = ( GEOMETRIC_REPRESENTATION_CONTEXT(2) 
PARAMETRIC_REPRESENTATION_CONTEXT() REPRESENTATION_CONTEXT('2D SPACE',''
  ) );
#2230 = PCURVE('',#1390,#2231);
#2231 = DEFINITIONAL_REPRESENTATION('',(#2232),#2258);
#2232 = B_SPLINE_CURVE_WITH_KNOTS('',3,(#2233,#2234,#2235,#2236,#2237,
    #2238,#2239,#2240,#2241,#2242,#2243,#2244,#2245,#2246,#2247,#2248,
    #2249,#2250,#2251,#2252,#2253,#2254,#2255,#2256,#2257),
  .UNSPECIFIED.,.F.,.F.,(4,1,1,1,1,1,1,1,1,1,1,1,1,1,1,1,1,1,1,1,1,1,4),
  (0.499993747729,0.522721304651,0.545448861572,0.568176418494,
    0.590903975415,0.613631532336,0.636359089258,0.659086646179,
    0.681814203101,0.704541760022,0.727269316943,0.749996873865,
    0.772724430786,0.795451987707,0.818179544629,0.84090710155,
    0.863634658472,0.886362215393,0.909089772314,0.931817329236,
    0.954544886157,0.977272443079,1.),.QUASI_UNIFORM_KNOTS.);
#2233 = CARTESIAN_POINT('',(3.141612572021,0.3));
#2234 = CARTESIAN_POINT('',(3.117476033997,0.3));
#2235 = CARTESIAN_POINT('',(3.069569946898,0.3));
#2236 = CARTESIAN_POINT('',(2.998410499387,0.3));
#2237 = CARTESIAN_POINT('',(2.927559964228,0.3));
#2238 = CARTESIAN_POINT('',(2.85659077543,0.3));
#2239 = CARTESIAN_POINT('',(2.78516603229,0.3));
#2240 = CARTESIAN_POINT('',(2.712651140239,0.3));
#2241 = CARTESIAN_POINT('',(2.641230604377,0.3));
#2242 = CARTESIAN_POINT('',(2.570268967981,0.3));
#2243 = CARTESIAN_POINT('',(2.499400730849,0.3));
#2244 = CARTESIAN_POINT('',(2.428298818074,0.3));
#2245 = CARTESIAN_POINT('',(2.356203784654,0.3));
#2246 = CARTESIAN_POINT('',(2.284112739815,0.3));
#2247 = CARTESIAN_POINT('',(2.213015456316,0.3));
#2248 = CARTESIAN_POINT('',(2.142148349919,0.3));
#2249 = CARTESIAN_POINT('',(2.071183693722,0.3));
#2250 = CARTESIAN_POINT('',(1.999757693573,0.3));
#2251 = CARTESIAN_POINT('',(1.927243163028,0.3));
#2252 = CARTESIAN_POINT('',(1.855812433693,0.3));
#2253 = CARTESIAN_POINT('',(1.784833379515,0.3));
#2254 = CARTESIAN_POINT('',(1.713974069041,0.3));
#2255 = CARTESIAN_POINT('',(1.642814592699,0.3));
#2256 = CARTESIAN_POINT('',(1.594921482893,0.3));
#2257 = CARTESIAN_POINT('',(1.570796326795,0.3));
#2258 = ( GEOMETRIC_REPRESENTATION_CONTEXT(2) 
PARAMETRIC_REPRESENTATION_CONTEXT() REPRESENTATION_CONTEXT('2D SPACE',''
  ) );
#2259 = ORIENTED_EDGE('',*,*,#2260,.T.);
#2260 = EDGE_CURVE('',#2202,#2082,#2261,.T.);
#2261 = SURFACE_CURVE('',#2262,(#2273,#2287),.PCURVE_S1.);
#2262 = B_SPLINE_CURVE_WITH_KNOTS('',3,(#2263,#2264,#2265,#2266,#2267,
    #2268,#2269,#2270,#2271,#2272),.UNSPECIFIED.,.F.,.F.,(4,2,2,2,4),(0.
    ,0.124998436932,0.249996873865,0.374995310797,0.499993747729),
  .UNSPECIFIED.);
#2263 = CARTESIAN_POINT('',(2.75,-1.,-2.071501345742E-15));
#2264 = CARTESIAN_POINT('',(2.75,-1.,0.364477436655));
#2265 = CARTESIAN_POINT('',(2.680224649852,-1.,0.715266367653));
#2266 = CARTESIAN_POINT('',(2.401123249261,-1.,1.389467218335));
#2267 = CARTESIAN_POINT('',(2.202626972439,-1.,1.68635213818));
#2268 = CARTESIAN_POINT('',(1.686499048451,-1.,2.202696418119));
#2269 = CARTESIAN_POINT('',(1.389634607337,-1.,2.400888357812));
#2270 = CARTESIAN_POINT('',(0.715200173395,-1.,2.680417612639));
#2271 = CARTESIAN_POINT('',(0.365088111517,-1.,2.749920008715));
#2272 = CARTESIAN_POINT('',(5.477568447972E-05,-1.,2.749999988522));
#2273 = PCURVE('',#927,#2274);
#2274 = DEFINITIONAL_REPRESENTATION('',(#2275),#2286);
#2275 = B_SPLINE_CURVE_WITH_KNOTS('',3,(#2276,#2277,#2278,#2279,#2280,
    #2281,#2282,#2283,#2284,#2285),.UNSPECIFIED.,.F.,.F.,(4,2,2,2,4),(0.
    ,0.124998436932,0.249996873865,0.374995310797,0.499993747729),
  .UNSPECIFIED.);
#2276 = CARTESIAN_POINT('',(2.75,2.071501345742E-15));
#2277 = CARTESIAN_POINT('',(2.75,-0.364477436655));
#2278 = CARTESIAN_POINT('',(2.680224649852,-0.715266367653));
#2279 = CARTESIAN_POINT('',(2.401123249261,-1.389467218335));
#2280 = CARTESIAN_POINT('',(2.202626972439,-1.68635213818));
#2281 = CARTESIAN_POINT('',(1.686499048451,-2.202696418119));
#2282 = CARTESIAN_POINT('',(1.389634607337,-2.400888357812));
#2283 = CARTESIAN_POINT('',(0.715200173395,-2.680417612639));
#2284 = CARTESIAN_POINT('',(0.365088111517,-2.749920008715));
#2285 = CARTESIAN_POINT('',(5.477568447972E-05,-2.749999988522));
#2286 = ( GEOMETRIC_REPRESENTATION_CONTEXT(2) 
PARAMETRIC_REPRESENTATION_CONTEXT() REPRESENTATION_CONTEXT('2D SPACE',''
  ) );
#2287 = PCURVE('',#1390,#2288);
#2288 = DEFINITIONAL_REPRESENTATION('',(#2289),#2315);
#2289 = B_SPLINE_CURVE_WITH_KNOTS('',3,(#2290,#2291,#2292,#2293,#2294,
    #2295,#2296,#2297,#2298,#2299,#2300,#2301,#2302,#2303,#2304,#2305,
    #2306,#2307,#2308,#2309,#2310,#2311,#2312,#2313,#2314),
  .UNSPECIFIED.,.F.,.F.,(4,1,1,1,1,1,1,1,1,1,1,1,1,1,1,1,1,1,1,1,1,1,4),
  (5.527858450652E-17,2.272698853315E-02,4.545397706631E-02,
    6.818096559946E-02,9.090795413262E-02,0.113634942666,0.136361931199,
    0.159088919732,0.181815908265,0.204542896798,0.227269885332,
    0.249996873865,0.272723862398,0.295450850931,0.318177839464,
    0.340904827997,0.36363181653,0.386358805064,0.409085793597,
    0.43181278213,0.454539770663,0.477266759196,0.499993747729),
  .QUASI_UNIFORM_KNOTS.);
#2290 = CARTESIAN_POINT('',(1.570796326795,0.3));
#2291 = CARTESIAN_POINT('',(1.546697232861,0.3));
#2292 = CARTESIAN_POINT('',(1.498834009655,0.3));
#2293 = CARTESIAN_POINT('',(1.427673532097,0.3));
#2294 = CARTESIAN_POINT('',(1.356787028698,0.3));
#2295 = CARTESIAN_POINT('',(1.285778578632,0.3));
#2296 = CARTESIAN_POINT('',(1.214337241756,0.3));
#2297 = CARTESIAN_POINT('',(1.141866445723,0.3));
#2298 = CARTESIAN_POINT('',(1.07045913544,0.3));
#2299 = CARTESIAN_POINT('',(0.999496237014,0.3));
#2300 = CARTESIAN_POINT('',(0.92861785258,0.3));
#2301 = CARTESIAN_POINT('',(0.85750464917,0.3));
#2302 = CARTESIAN_POINT('',(0.785406398328,0.3));
#2303 = CARTESIAN_POINT('',(0.713318493255,0.3));
#2304 = CARTESIAN_POINT('',(0.642222604859,0.3));
#2305 = CARTESIAN_POINT('',(0.571357370652,0.3));
#2306 = CARTESIAN_POINT('',(0.500394451918,0.3));
#2307 = CARTESIAN_POINT('',(0.428970454609,0.3));
#2308 = CARTESIAN_POINT('',(0.356457370703,0.3));
#2309 = CARTESIAN_POINT('',(0.285039716003,0.3));
#2310 = CARTESIAN_POINT('',(0.214075390129,0.3));
#2311 = CARTESIAN_POINT('',(0.143225614637,0.3));
#2312 = CARTESIAN_POINT('',(7.206324631266E-02,0.3));
#2313 = CARTESIAN_POINT('',(2.415612447722E-02,0.3));
#2314 = CARTESIAN_POINT('',(1.99184308004E-05,0.3));
#2315 = ( GEOMETRIC_REPRESENTATION_CONTEXT(2) 
PARAMETRIC_REPRESENTATION_CONTEXT() REPRESENTATION_CONTEXT('2D SPACE',''
  ) );
#2316 = FACE_BOUND('',#2317,.T.);
#2317 = EDGE_LOOP('',(#2318,#2351,#2369,#2400,#2431,#2462));
#2318 = ORIENTED_EDGE('',*,*,#2319,.T.);
#2319 = EDGE_CURVE('',#2320,#2322,#2324,.T.);
#2320 = VERTEX_POINT('',#2321);
#2321 = CARTESIAN_POINT('',(-6.628427124746,-1.,2.414466094067));
#2322 = VERTEX_POINT('',#2323);
#2323 = CARTESIAN_POINT('',(-5.92132034356,-1.,2.414466094067));
#2324 = SURFACE_CURVE('',#2325,(#2330,#2338),.PCURVE_S1.);
#2325 = B_SPLINE_CURVE_WITH_KNOTS('',3,(#2326,#2327,#2328,#2329),
  .UNSPECIFIED.,.F.,.F.,(4,4),(0.,1.),.PIECEWISE_BEZIER_KNOTS.);
#2326 = CARTESIAN_POINT('',(-6.628427124746,-1.,2.414466094067));
#2327 = CARTESIAN_POINT('',(-6.392724864351,-1.,2.414466094067));
#2328 = CARTESIAN_POINT('',(-6.157022603955,-1.,2.414466094067));
#2329 = CARTESIAN_POINT('',(-5.92132034356,-1.,2.414466094067));
#2330 = PCURVE('',#927,#2331);
#2331 = DEFINITIONAL_REPRESENTATION('',(#2332),#2337);
#2332 = B_SPLINE_CURVE_WITH_KNOTS('',3,(#2333,#2334,#2335,#2336),
  .UNSPECIFIED.,.F.,.F.,(4,4),(0.,1.),.PIECEWISE_BEZIER_KNOTS.);
#2333 = CARTESIAN_POINT('',(-6.628427124746,-2.414466094067));
#2334 = CARTESIAN_POINT('',(-6.392724864351,-2.414466094067));
#2335 = CARTESIAN_POINT('',(-6.157022603955,-2.414466094067));
#2336 = CARTESIAN_POINT('',(-5.92132034356,-2.414466094067));
#2337 = ( GEOMETRIC_REPRESENTATION_CONTEXT(2) 
PARAMETRIC_REPRESENTATION_CONTEXT() REPRESENTATION_CONTEXT('2D SPACE',''
  ) );
#2338 = PCURVE('',#2339,#2344);
#2339 = PLANE('',#2340);
#2340 = AXIS2_PLACEMENT_3D('',#2341,#2342,#2343);
#2341 = CARTESIAN_POINT('',(-6.628427124746,-4.2,2.414466094067));
#2342 = DIRECTION('',(-3.066586833367E-15,0.,-1.));
#2343 = DIRECTION('',(-1.,0.,3.066586833367E-15));
#2344 = DEFINITIONAL_REPRESENTATION('',(#2345),#2350);
#2345 = B_SPLINE_CURVE_WITH_KNOTS('',3,(#2346,#2347,#2348,#2349),
  .UNSPECIFIED.,.F.,.F.,(4,4),(0.,1.),.PIECEWISE_BEZIER_KNOTS.);
#2346 = CARTESIAN_POINT('',(0.,3.2));
#2347 = CARTESIAN_POINT('',(-0.235702260396,3.2));
#2348 = CARTESIAN_POINT('',(-0.471404520791,3.2));
#2349 = CARTESIAN_POINT('',(-0.707106781187,3.2));
#2350 = ( GEOMETRIC_REPRESENTATION_CONTEXT(2) 
PARAMETRIC_REPRESENTATION_CONTEXT() REPRESENTATION_CONTEXT('2D SPACE',''
  ) );
#2351 = ORIENTED_EDGE('',*,*,#2352,.T.);
#2352 = EDGE_CURVE('',#2322,#2353,#2355,.T.);
#2353 = VERTEX_POINT('',#2354);
#2354 = CARTESIAN_POINT('',(-3.8,-1.,4.535786437627));
#2355 = SURFACE_CURVE('',#2356,(#2361),.PCURVE_S1.);
#2356 = B_SPLINE_CURVE_WITH_KNOTS('',3,(#2357,#2358,#2359,#2360),
  .UNSPECIFIED.,.F.,.F.,(4,4),(0.,1.),.PIECEWISE_BEZIER_KNOTS.);
#2357 = CARTESIAN_POINT('',(-5.92132034356,-1.,2.414466094067));
#2358 = CARTESIAN_POINT('',(-5.214213562373,-1.,3.121572875254));
#2359 = CARTESIAN_POINT('',(-4.507106781187,-1.,3.82867965644));
#2360 = CARTESIAN_POINT('',(-3.8,-1.,4.535786437627));
#2361 = PCURVE('',#927,#2362);
#2362 = DEFINITIONAL_REPRESENTATION('',(#2363),#2368);
#2363 = B_SPLINE_CURVE_WITH_KNOTS('',3,(#2364,#2365,#2366,#2367),
  .UNSPECIFIED.,.F.,.F.,(4,4),(0.,1.),.PIECEWISE_BEZIER_KNOTS.);
#2364 = CARTESIAN_POINT('',(-5.92132034356,-2.414466094067));
#2365 = CARTESIAN_POINT('',(-5.214213562373,-3.121572875254));
#2366 = CARTESIAN_POINT('',(-4.507106781187,-3.82867965644));
#2367 = CARTESIAN_POINT('',(-3.8,-4.535786437627));
#2368 = ( GEOMETRIC_REPRESENTATION_CONTEXT(2) 
PARAMETRIC_REPRESENTATION_CONTEXT() REPRESENTATION_CONTEXT('2D SPACE',''
  ) );
#2369 = ORIENTED_EDGE('',*,*,#2370,.T.);
#2370 = EDGE_CURVE('',#2353,#2371,#2373,.T.);
#2371 = VERTEX_POINT('',#2372);
#2372 = CARTESIAN_POINT('',(-3.8,-1.,5.242893218813));
#2373 = SURFACE_CURVE('',#2374,(#2379,#2387),.PCURVE_S1.);
#2374 = B_SPLINE_CURVE_WITH_KNOTS('',3,(#2375,#2376,#2377,#2378),
  .UNSPECIFIED.,.F.,.F.,(4,4),(0.,1.),.PIECEWISE_BEZIER_KNOTS.);
#2375 = CARTESIAN_POINT('',(-3.8,-1.,4.535786437627));
#2376 = CARTESIAN_POINT('',(-3.8,-1.,4.771488698022));
#2377 = CARTESIAN_POINT('',(-3.8,-1.,5.007190958418));
#2378 = CARTESIAN_POINT('',(-3.8,-1.,5.242893218813));
#2379 = PCURVE('',#927,#2380);
#2380 = DEFINITIONAL_REPRESENTATION('',(#2381),#2386);
#2381 = B_SPLINE_CURVE_WITH_KNOTS('',3,(#2382,#2383,#2384,#2385),
  .UNSPECIFIED.,.F.,.F.,(4,4),(0.,1.),.PIECEWISE_BEZIER_KNOTS.);
#2382 = CARTESIAN_POINT('',(-3.8,-4.535786437627));
#2383 = CARTESIAN_POINT('',(-3.8,-4.771488698022));
#2384 = CARTESIAN_POINT('',(-3.8,-5.007190958418));
#2385 = CARTESIAN_POINT('',(-3.8,-5.242893218813));
#2386 = ( GEOMETRIC_REPRESENTATION_CONTEXT(2) 
PARAMETRIC_REPRESENTATION_CONTEXT() REPRESENTATION_CONTEXT('2D SPACE',''
  ) );
#2387 = PCURVE('',#2388,#2393);
#2388 = PLANE('',#2389);
#2389 = AXIS2_PLACEMENT_3D('',#2390,#2391,#2392);
#2390 = CARTESIAN_POINT('',(-3.8,-4.2,4.535786437627));
#2391 = DIRECTION('',(1.,0.,-6.133173666734E-16));
#2392 = DIRECTION('',(-6.133173666734E-16,0.,-1.));
#2393 = DEFINITIONAL_REPRESENTATION('',(#2394),#2399);
#2394 = B_SPLINE_CURVE_WITH_KNOTS('',3,(#2395,#2396,#2397,#2398),
  .UNSPECIFIED.,.F.,.F.,(4,4),(0.,1.),.PIECEWISE_BEZIER_KNOTS.);
#2395 = CARTESIAN_POINT('',(0.,3.2));
#2396 = CARTESIAN_POINT('',(-0.235702260396,3.2));
#2397 = CARTESIAN_POINT('',(-0.471404520791,3.2));
#2398 = CARTESIAN_POINT('',(-0.707106781187,3.2));
#2399 = ( GEOMETRIC_REPRESENTATION_CONTEXT(2) 
PARAMETRIC_REPRESENTATION_CONTEXT() REPRESENTATION_CONTEXT('2D SPACE',''
  ) );
#2400 = ORIENTED_EDGE('',*,*,#2401,.T.);
#2401 = EDGE_CURVE('',#2371,#2402,#2404,.T.);
#2402 = VERTEX_POINT('',#2403);
#2403 = CARTESIAN_POINT('',(-4.507106781187,-1.,5.95));
#2404 = SURFACE_CURVE('',#2405,(#2410,#2418),.PCURVE_S1.);
#2405 = B_SPLINE_CURVE_WITH_KNOTS('',3,(#2406,#2407,#2408,#2409),
  .UNSPECIFIED.,.F.,.F.,(4,4),(0.,1.),.PIECEWISE_BEZIER_KNOTS.);
#2406 = CARTESIAN_POINT('',(-3.8,-1.,5.242893218813));
#2407 = CARTESIAN_POINT('',(-4.035702260396,-1.,5.478595479209));
#2408 = CARTESIAN_POINT('',(-4.271404520791,-1.,5.714297739604));
#2409 = CARTESIAN_POINT('',(-4.507106781187,-1.,5.95));
#2410 = PCURVE('',#927,#2411);
#2411 = DEFINITIONAL_REPRESENTATION('',(#2412),#2417);
#2412 = B_SPLINE_CURVE_WITH_KNOTS('',3,(#2413,#2414,#2415,#2416),
  .UNSPECIFIED.,.F.,.F.,(4,4),(0.,1.),.PIECEWISE_BEZIER_KNOTS.);
#2413 = CARTESIAN_POINT('',(-3.8,-5.242893218813));
#2414 = CARTESIAN_POINT('',(-4.035702260396,-5.478595479209));
#2415 = CARTESIAN_POINT('',(-4.271404520791,-5.714297739604));
#2416 = CARTESIAN_POINT('',(-4.507106781187,-5.95));
#2417 = ( GEOMETRIC_REPRESENTATION_CONTEXT(2) 
PARAMETRIC_REPRESENTATION_CONTEXT() REPRESENTATION_CONTEXT('2D SPACE',''
  ) );
#2418 = PCURVE('',#2419,#2424);
#2419 = PLANE('',#2420);
#2420 = AXIS2_PLACEMENT_3D('',#2421,#2422,#2423);
#2421 = CARTESIAN_POINT('',(-3.8,-4.2,5.242893218813));
#2422 = DIRECTION('',(0.707106781187,0.,0.707106781187));
#2423 = DIRECTION('',(0.,-1.,0.));
#2424 = DEFINITIONAL_REPRESENTATION('',(#2425),#2430);
#2425 = B_SPLINE_CURVE_WITH_KNOTS('',3,(#2426,#2427,#2428,#2429),
  .UNSPECIFIED.,.F.,.F.,(4,4),(0.,1.),.PIECEWISE_BEZIER_KNOTS.);
#2426 = CARTESIAN_POINT('',(-3.2,0.));
#2427 = CARTESIAN_POINT('',(-3.2,-0.333333333333));
#2428 = CARTESIAN_POINT('',(-3.2,-0.666666666667));
#2429 = CARTESIAN_POINT('',(-3.2,-1.));
#2430 = ( GEOMETRIC_REPRESENTATION_CONTEXT(2) 
PARAMETRIC_REPRESENTATION_CONTEXT() REPRESENTATION_CONTEXT('2D SPACE',''
  ) );
#2431 = ORIENTED_EDGE('',*,*,#2432,.T.);
#2432 = EDGE_CURVE('',#2402,#2433,#2435,.T.);
#2433 = VERTEX_POINT('',#2434);
#2434 = CARTESIAN_POINT('',(-7.335533905933,-1.,3.121572875254));
#2435 = SURFACE_CURVE('',#2436,(#2441,#2449),.PCURVE_S1.);
#2436 = B_SPLINE_CURVE_WITH_KNOTS('',3,(#2437,#2438,#2439,#2440),
  .UNSPECIFIED.,.F.,.F.,(4,4),(0.,1.),.PIECEWISE_BEZIER_KNOTS.);
#2437 = CARTESIAN_POINT('',(-4.507106781187,-1.,5.95));
#2438 = CARTESIAN_POINT('',(-5.449915822769,-1.,5.007190958418));
#2439 = CARTESIAN_POINT('',(-6.392724864351,-1.,4.064381916836));
#2440 = CARTESIAN_POINT('',(-7.335533905933,-1.,3.121572875254));
#2441 = PCURVE('',#927,#2442);
#2442 = DEFINITIONAL_REPRESENTATION('',(#2443),#2448);
#2443 = B_SPLINE_CURVE_WITH_KNOTS('',3,(#2444,#2445,#2446,#2447),
  .UNSPECIFIED.,.F.,.F.,(4,4),(0.,1.),.PIECEWISE_BEZIER_KNOTS.);
#2444 = CARTESIAN_POINT('',(-4.507106781187,-5.95));
#2445 = CARTESIAN_POINT('',(-5.449915822769,-5.007190958418));
#2446 = CARTESIAN_POINT('',(-6.392724864351,-4.064381916836));
#2447 = CARTESIAN_POINT('',(-7.335533905933,-3.121572875254));
#2448 = ( GEOMETRIC_REPRESENTATION_CONTEXT(2) 
PARAMETRIC_REPRESENTATION_CONTEXT() REPRESENTATION_CONTEXT('2D SPACE',''
  ) );
#2449 = PCURVE('',#2450,#2455);
#2450 = PLANE('',#2451);
#2451 = AXIS2_PLACEMENT_3D('',#2452,#2453,#2454);
#2452 = CARTESIAN_POINT('',(-4.507106781187,-4.2,5.95));
#2453 = DIRECTION('',(-0.707106781187,0.,0.707106781187));
#2454 = DIRECTION('',(0.,1.,0.));
#2455 = DEFINITIONAL_REPRESENTATION('',(#2456),#2461);
#2456 = B_SPLINE_CURVE_WITH_KNOTS('',3,(#2457,#2458,#2459,#2460),
  .UNSPECIFIED.,.F.,.F.,(4,4),(0.,1.),.PIECEWISE_BEZIER_KNOTS.);
#2457 = CARTESIAN_POINT('',(3.2,-7.105427357601E-15));
#2458 = CARTESIAN_POINT('',(3.2,1.333333333333));
#2459 = CARTESIAN_POINT('',(3.2,2.666666666667));
#2460 = CARTESIAN_POINT('',(3.2,4.));
#2461 = ( GEOMETRIC_REPRESENTATION_CONTEXT(2) 
PARAMETRIC_REPRESENTATION_CONTEXT() REPRESENTATION_CONTEXT('2D SPACE',''
  ) );
#2462 = ORIENTED_EDGE('',*,*,#2463,.T.);
#2463 = EDGE_CURVE('',#2433,#2320,#2464,.T.);
#2464 = SURFACE_CURVE('',#2465,(#2470,#2478),.PCURVE_S1.);
#2465 = B_SPLINE_CURVE_WITH_KNOTS('',3,(#2466,#2467,#2468,#2469),
  .UNSPECIFIED.,.F.,.F.,(4,4),(0.,1.),.PIECEWISE_BEZIER_KNOTS.);
#2466 = CARTESIAN_POINT('',(-7.335533905933,-1.,3.121572875254));
#2467 = CARTESIAN_POINT('',(-7.099831645537,-1.,2.885870614858));
#2468 = CARTESIAN_POINT('',(-6.864129385142,-1.,2.650168354463));
#2469 = CARTESIAN_POINT('',(-6.628427124746,-1.,2.414466094067));
#2470 = PCURVE('',#927,#2471);
#2471 = DEFINITIONAL_REPRESENTATION('',(#2472),#2477);
#2472 = B_SPLINE_CURVE_WITH_KNOTS('',3,(#2473,#2474,#2475,#2476),
  .UNSPECIFIED.,.F.,.F.,(4,4),(0.,1.),.PIECEWISE_BEZIER_KNOTS.);
#2473 = CARTESIAN_POINT('',(-7.335533905933,-3.121572875254));
#2474 = CARTESIAN_POINT('',(-7.099831645537,-2.885870614858));
#2475 = CARTESIAN_POINT('',(-6.864129385142,-2.650168354463));
#2476 = CARTESIAN_POINT('',(-6.628427124746,-2.414466094067));
#2477 = ( GEOMETRIC_REPRESENTATION_CONTEXT(2) 
PARAMETRIC_REPRESENTATION_CONTEXT() REPRESENTATION_CONTEXT('2D SPACE',''
  ) );
#2478 = PCURVE('',#2479,#2484);
#2479 = PLANE('',#2480);
#2480 = AXIS2_PLACEMENT_3D('',#2481,#2482,#2483);
#2481 = CARTESIAN_POINT('',(-7.335533905933,-4.2,3.121572875254));
#2482 = DIRECTION('',(-0.707106781187,0.,-0.707106781187));
#2483 = DIRECTION('',(-0.707106781187,0.,0.707106781187));
#2484 = DEFINITIONAL_REPRESENTATION('',(#2485),#2490);
#2485 = B_SPLINE_CURVE_WITH_KNOTS('',3,(#2486,#2487,#2488,#2489),
  .UNSPECIFIED.,.F.,.F.,(4,4),(0.,1.),.PIECEWISE_BEZIER_KNOTS.);
#2486 = CARTESIAN_POINT('',(0.,3.2));
#2487 = CARTESIAN_POINT('',(-0.333333333333,3.2));
#2488 = CARTESIAN_POINT('',(-0.666666666667,3.2));
#2489 = CARTESIAN_POINT('',(-1.,3.2));
#2490 = ( GEOMETRIC_REPRESENTATION_CONTEXT(2) 
PARAMETRIC_REPRESENTATION_CONTEXT() REPRESENTATION_CONTEXT('2D SPACE',''
  ) );
#2491 = FACE_BOUND('',#2492,.T.);
#2492 = EDGE_LOOP('',(#2493,#2521,#2547,#2565));
#2493 = ORIENTED_EDGE('',*,*,#2494,.T.);
#2494 = EDGE_CURVE('',#2495,#2497,#2499,.T.);
#2495 = VERTEX_POINT('',#2496);
#2496 = CARTESIAN_POINT('',(-0.95,-1.,3.3));
#2497 = VERTEX_POINT('',#2498);
#2498 = CARTESIAN_POINT('',(0.95,-1.,3.3));
#2499 = SURFACE_CURVE('',#2500,(#2505,#2513),.PCURVE_S1.);
#2500 = B_SPLINE_CURVE_WITH_KNOTS('',3,(#2501,#2502,#2503,#2504),
  .UNSPECIFIED.,.F.,.F.,(4,4),(0.,1.),.PIECEWISE_BEZIER_KNOTS.);
#2501 = CARTESIAN_POINT('',(-0.95,-1.,3.3));
#2502 = CARTESIAN_POINT('',(-0.316666666667,-1.,3.3));
#2503 = CARTESIAN_POINT('',(0.316666666667,-1.,3.3));
#2504 = CARTESIAN_POINT('',(0.95,-1.,3.3));
#2505 = PCURVE('',#927,#2506);
#2506 = DEFINITIONAL_REPRESENTATION('',(#2507),#2512);
#2507 = B_SPLINE_CURVE_WITH_KNOTS('',3,(#2508,#2509,#2510,#2511),
  .UNSPECIFIED.,.F.,.F.,(4,4),(0.,1.),.PIECEWISE_BEZIER_KNOTS.);
#2508 = CARTESIAN_POINT('',(-0.95,-3.3));
#2509 = CARTESIAN_POINT('',(-0.316666666667,-3.3));
#2510 = CARTESIAN_POINT('',(0.316666666667,-3.3));
#2511 = CARTESIAN_POINT('',(0.95,-3.3));
#2512 = ( GEOMETRIC_REPRESENTATION_CONTEXT(2) 
PARAMETRIC_REPRESENTATION_CONTEXT() REPRESENTATION_CONTEXT('2D SPACE',''
  ) );
#2513 = PCURVE('',#1191,#2514);
#2514 = DEFINITIONAL_REPRESENTATION('',(#2515),#2520);
#2515 = B_SPLINE_CURVE_WITH_KNOTS('',3,(#2516,#2517,#2518,#2519),
  .UNSPECIFIED.,.F.,.F.,(4,4),(0.,1.),.PIECEWISE_BEZIER_KNOTS.);
#2516 = CARTESIAN_POINT('',(1.,1.9));
#2517 = CARTESIAN_POINT('',(1.,1.266666666667));
#2518 = CARTESIAN_POINT('',(1.,0.633333333333));
#2519 = CARTESIAN_POINT('',(1.,0.));
#2520 = ( GEOMETRIC_REPRESENTATION_CONTEXT(2) 
PARAMETRIC_REPRESENTATION_CONTEXT() REPRESENTATION_CONTEXT('2D SPACE',''
  ) );
#2521 = ORIENTED_EDGE('',*,*,#2522,.T.);
#2522 = EDGE_CURVE('',#2497,#2523,#2525,.T.);
#2523 = VERTEX_POINT('',#2524);
#2524 = CARTESIAN_POINT('',(0.95,-1.,4.));
#2525 = SURFACE_CURVE('',#2526,(#2531,#2539),.PCURVE_S1.);
#2526 = B_SPLINE_CURVE_WITH_KNOTS('',3,(#2527,#2528,#2529,#2530),
  .UNSPECIFIED.,.F.,.F.,(4,4),(0.,1.),.PIECEWISE_BEZIER_KNOTS.);
#2527 = CARTESIAN_POINT('',(0.95,-1.,3.3));
#2528 = CARTESIAN_POINT('',(0.95,-1.,3.533333333333));
#2529 = CARTESIAN_POINT('',(0.95,-1.,3.766666666667));
#2530 = CARTESIAN_POINT('',(0.95,-1.,4.));
#2531 = PCURVE('',#927,#2532);
#2532 = DEFINITIONAL_REPRESENTATION('',(#2533),#2538);
#2533 = B_SPLINE_CURVE_WITH_KNOTS('',3,(#2534,#2535,#2536,#2537),
  .UNSPECIFIED.,.F.,.F.,(4,4),(0.,1.),.PIECEWISE_BEZIER_KNOTS.);
#2534 = CARTESIAN_POINT('',(0.95,-3.3));
#2535 = CARTESIAN_POINT('',(0.95,-3.533333333333));
#2536 = CARTESIAN_POINT('',(0.95,-3.766666666667));
#2537 = CARTESIAN_POINT('',(0.95,-4.));
#2538 = ( GEOMETRIC_REPRESENTATION_CONTEXT(2) 
PARAMETRIC_REPRESENTATION_CONTEXT() REPRESENTATION_CONTEXT('2D SPACE',''
  ) );
#2539 = PCURVE('',#1160,#2540);
#2540 = DEFINITIONAL_REPRESENTATION('',(#2541),#2546);
#2541 = B_SPLINE_CURVE_WITH_KNOTS('',3,(#2542,#2543,#2544,#2545),
  .UNSPECIFIED.,.F.,.F.,(4,4),(0.,1.),.PIECEWISE_BEZIER_KNOTS.);
#2542 = CARTESIAN_POINT('',(-1.,-0.7));
#2543 = CARTESIAN_POINT('',(-1.,-0.466666666667));
#2544 = CARTESIAN_POINT('',(-1.,-0.233333333333));
#2545 = CARTESIAN_POINT('',(-1.,0.));
#2546 = ( GEOMETRIC_REPRESENTATION_CONTEXT(2) 
PARAMETRIC_REPRESENTATION_CONTEXT() REPRESENTATION_CONTEXT('2D SPACE',''
  ) );
#2547 = ORIENTED_EDGE('',*,*,#2548,.T.);
#2548 = EDGE_CURVE('',#2523,#2549,#2551,.T.);
#2549 = VERTEX_POINT('',#2550);
#2550 = CARTESIAN_POINT('',(-0.95,-1.,4.));
#2551 = SURFACE_CURVE('',#2552,(#2557),.PCURVE_S1.);
#2552 = B_SPLINE_CURVE_WITH_KNOTS('',3,(#2553,#2554,#2555,#2556),
  .UNSPECIFIED.,.F.,.F.,(4,4),(0.,1.),.PIECEWISE_BEZIER_KNOTS.);
#2553 = CARTESIAN_POINT('',(0.95,-1.,4.));
#2554 = CARTESIAN_POINT('',(0.316666666667,-1.,4.));
#2555 = CARTESIAN_POINT('',(-0.316666666667,-1.,4.));
#2556 = CARTESIAN_POINT('',(-0.95,-1.,4.));
#2557 = PCURVE('',#927,#2558);
#2558 = DEFINITIONAL_REPRESENTATION('',(#2559),#2564);
#2559 = B_SPLINE_CURVE_WITH_KNOTS('',3,(#2560,#2561,#2562,#2563),
  .UNSPECIFIED.,.F.,.F.,(4,4),(0.,1.),.PIECEWISE_BEZIER_KNOTS.);
#2560 = CARTESIAN_POINT('',(0.95,-4.));
#2561 = CARTESIAN_POINT('',(0.316666666667,-4.));
#2562 = CARTESIAN_POINT('',(-0.316666666667,-4.));
#2563 = CARTESIAN_POINT('',(-0.95,-4.));
#2564 = ( GEOMETRIC_REPRESENTATION_CONTEXT(2) 
PARAMETRIC_REPRESENTATION_CONTEXT() REPRESENTATION_CONTEXT('2D SPACE',''
  ) );
#2565 = ORIENTED_EDGE('',*,*,#2566,.T.);
#2566 = EDGE_CURVE('',#2549,#2495,#2567,.T.);
#2567 = SURFACE_CURVE('',#2568,(#2573,#2581),.PCURVE_S1.);
#2568 = B_SPLINE_CURVE_WITH_KNOTS('',3,(#2569,#2570,#2571,#2572),
  .UNSPECIFIED.,.F.,.F.,(4,4),(0.,1.),.PIECEWISE_BEZIER_KNOTS.);
#2569 = CARTESIAN_POINT('',(-0.95,-1.,4.));
#2570 = CARTESIAN_POINT('',(-0.95,-1.,3.766666666667));
#2571 = CARTESIAN_POINT('',(-0.95,-1.,3.533333333333));
#2572 = CARTESIAN_POINT('',(-0.95,-1.,3.3));
#2573 = PCURVE('',#927,#2574);
#2574 = DEFINITIONAL_REPRESENTATION('',(#2575),#2580);
#2575 = B_SPLINE_CURVE_WITH_KNOTS('',3,(#2576,#2577,#2578,#2579),
  .UNSPECIFIED.,.F.,.F.,(4,4),(0.,1.),.PIECEWISE_BEZIER_KNOTS.);
#2576 = CARTESIAN_POINT('',(-0.95,-4.));
#2577 = CARTESIAN_POINT('',(-0.95,-3.766666666667));
#2578 = CARTESIAN_POINT('',(-0.95,-3.533333333333));
#2579 = CARTESIAN_POINT('',(-0.95,-3.3));
#2580 = ( GEOMETRIC_REPRESENTATION_CONTEXT(2) 
PARAMETRIC_REPRESENTATION_CONTEXT() REPRESENTATION_CONTEXT('2D SPACE',''
  ) );
#2581 = PCURVE('',#1220,#2582);
#2582 = DEFINITIONAL_REPRESENTATION('',(#2583),#2588);
#2583 = B_SPLINE_CURVE_WITH_KNOTS('',3,(#2584,#2585,#2586,#2587),
  .UNSPECIFIED.,.F.,.F.,(4,4),(0.,1.),.PIECEWISE_BEZIER_KNOTS.);
#2584 = CARTESIAN_POINT('',(0.,-1.));
#2585 = CARTESIAN_POINT('',(-0.233333333333,-1.));
#2586 = CARTESIAN_POINT('',(-0.466666666667,-1.));
#2587 = CARTESIAN_POINT('',(-0.7,-1.));
#2588 = ( GEOMETRIC_REPRESENTATION_CONTEXT(2) 
PARAMETRIC_REPRESENTATION_CONTEXT() REPRESENTATION_CONTEXT('2D SPACE',''
  ) );
#2589 = FACE_BOUND('',#2590,.T.);
#2590 = EDGE_LOOP('',(#2591,#2619,#2645,#2671));
#2591 = ORIENTED_EDGE('',*,*,#2592,.T.);
#2592 = EDGE_CURVE('',#2593,#2595,#2597,.T.);
#2593 = VERTEX_POINT('',#2594);
#2594 = CARTESIAN_POINT('',(0.95,-1.,-4.));
#2595 = VERTEX_POINT('',#2596);
#2596 = CARTESIAN_POINT('',(0.95,-1.,-3.3));
#2597 = SURFACE_CURVE('',#2598,(#2603,#2611),.PCURVE_S1.);
#2598 = B_SPLINE_CURVE_WITH_KNOTS('',3,(#2599,#2600,#2601,#2602),
  .UNSPECIFIED.,.F.,.F.,(4,4),(0.,1.),.PIECEWISE_BEZIER_KNOTS.);
#2599 = CARTESIAN_POINT('',(0.95,-1.,-4.));
#2600 = CARTESIAN_POINT('',(0.95,-1.,-3.766666666667));
#2601 = CARTESIAN_POINT('',(0.95,-1.,-3.533333333333));
#2602 = CARTESIAN_POINT('',(0.95,-1.,-3.3));
#2603 = PCURVE('',#927,#2604);
#2604 = DEFINITIONAL_REPRESENTATION('',(#2605),#2610);
#2605 = B_SPLINE_CURVE_WITH_KNOTS('',3,(#2606,#2607,#2608,#2609),
  .UNSPECIFIED.,.F.,.F.,(4,4),(0.,1.),.PIECEWISE_BEZIER_KNOTS.);
#2606 = CARTESIAN_POINT('',(0.95,4.));
#2607 = CARTESIAN_POINT('',(0.95,3.766666666667));
#2608 = CARTESIAN_POINT('',(0.95,3.533333333333));
#2609 = CARTESIAN_POINT('',(0.95,3.3));
#2610 = ( GEOMETRIC_REPRESENTATION_CONTEXT(2) 
PARAMETRIC_REPRESENTATION_CONTEXT() REPRESENTATION_CONTEXT('2D SPACE',''
  ) );
#2611 = PCURVE('',#1025,#2612);
#2612 = DEFINITIONAL_REPRESENTATION('',(#2613),#2618);
#2613 = B_SPLINE_CURVE_WITH_KNOTS('',3,(#2614,#2615,#2616,#2617),
  .UNSPECIFIED.,.F.,.F.,(4,4),(0.,1.),.PIECEWISE_BEZIER_KNOTS.);
#2614 = CARTESIAN_POINT('',(0.,-1.));
#2615 = CARTESIAN_POINT('',(0.233333333333,-1.));
#2616 = CARTESIAN_POINT('',(0.466666666667,-1.));
#2617 = CARTESIAN_POINT('',(0.7,-1.));
#2618 = ( GEOMETRIC_REPRESENTATION_CONTEXT(2) 
PARAMETRIC_REPRESENTATION_CONTEXT() REPRESENTATION_CONTEXT('2D SPACE',''
  ) );
#2619 = ORIENTED_EDGE('',*,*,#2620,.T.);
#2620 = EDGE_CURVE('',#2595,#2621,#2623,.T.);
#2621 = VERTEX_POINT('',#2622);
#2622 = CARTESIAN_POINT('',(-0.95,-1.,-3.3));
#2623 = SURFACE_CURVE('',#2624,(#2629,#2637),.PCURVE_S1.);
#2624 = B_SPLINE_CURVE_WITH_KNOTS('',3,(#2625,#2626,#2627,#2628),
  .UNSPECIFIED.,.F.,.F.,(4,4),(0.,1.),.PIECEWISE_BEZIER_KNOTS.);
#2625 = CARTESIAN_POINT('',(0.95,-1.,-3.3));
#2626 = CARTESIAN_POINT('',(0.316666666667,-1.,-3.3));
#2627 = CARTESIAN_POINT('',(-0.316666666667,-1.,-3.3));
#2628 = CARTESIAN_POINT('',(-0.95,-1.,-3.3));
#2629 = PCURVE('',#927,#2630);
#2630 = DEFINITIONAL_REPRESENTATION('',(#2631),#2636);
#2631 = B_SPLINE_CURVE_WITH_KNOTS('',3,(#2632,#2633,#2634,#2635),
  .UNSPECIFIED.,.F.,.F.,(4,4),(0.,1.),.PIECEWISE_BEZIER_KNOTS.);
#2632 = CARTESIAN_POINT('',(0.95,3.3));
#2633 = CARTESIAN_POINT('',(0.316666666667,3.3));
#2634 = CARTESIAN_POINT('',(-0.316666666667,3.3));
#2635 = CARTESIAN_POINT('',(-0.95,3.3));
#2636 = ( GEOMETRIC_REPRESENTATION_CONTEXT(2) 
PARAMETRIC_REPRESENTATION_CONTEXT() REPRESENTATION_CONTEXT('2D SPACE',''
  ) );
#2637 = PCURVE('',#994,#2638);
#2638 = DEFINITIONAL_REPRESENTATION('',(#2639),#2644);
#2639 = B_SPLINE_CURVE_WITH_KNOTS('',3,(#2640,#2641,#2642,#2643),
  .UNSPECIFIED.,.F.,.F.,(4,4),(0.,1.),.PIECEWISE_BEZIER_KNOTS.);
#2640 = CARTESIAN_POINT('',(1.,0.));
#2641 = CARTESIAN_POINT('',(1.,0.633333333333));
#2642 = CARTESIAN_POINT('',(1.,1.266666666667));
#2643 = CARTESIAN_POINT('',(1.,1.9));
#2644 = ( GEOMETRIC_REPRESENTATION_CONTEXT(2) 
PARAMETRIC_REPRESENTATION_CONTEXT() REPRESENTATION_CONTEXT('2D SPACE',''
  ) );
#2645 = ORIENTED_EDGE('',*,*,#2646,.T.);
#2646 = EDGE_CURVE('',#2621,#2647,#2649,.T.);
#2647 = VERTEX_POINT('',#2648);
#2648 = CARTESIAN_POINT('',(-0.95,-1.,-4.));
#2649 = SURFACE_CURVE('',#2650,(#2655,#2663),.PCURVE_S1.);
#2650 = B_SPLINE_CURVE_WITH_KNOTS('',3,(#2651,#2652,#2653,#2654),
  .UNSPECIFIED.,.F.,.F.,(4,4),(0.,1.),.PIECEWISE_BEZIER_KNOTS.);
#2651 = CARTESIAN_POINT('',(-0.95,-1.,-3.3));
#2652 = CARTESIAN_POINT('',(-0.95,-1.,-3.533333333333));
#2653 = CARTESIAN_POINT('',(-0.95,-1.,-3.766666666667));
#2654 = CARTESIAN_POINT('',(-0.95,-1.,-4.));
#2655 = PCURVE('',#927,#2656);
#2656 = DEFINITIONAL_REPRESENTATION('',(#2657),#2662);
#2657 = B_SPLINE_CURVE_WITH_KNOTS('',3,(#2658,#2659,#2660,#2661),
  .UNSPECIFIED.,.F.,.F.,(4,4),(0.,1.),.PIECEWISE_BEZIER_KNOTS.);
#2658 = CARTESIAN_POINT('',(-0.95,3.3));
#2659 = CARTESIAN_POINT('',(-0.95,3.533333333333));
#2660 = CARTESIAN_POINT('',(-0.95,3.766666666667));
#2661 = CARTESIAN_POINT('',(-0.95,4.));
#2662 = ( GEOMETRIC_REPRESENTATION_CONTEXT(2) 
PARAMETRIC_REPRESENTATION_CONTEXT() REPRESENTATION_CONTEXT('2D SPACE',''
  ) );
#2663 = PCURVE('',#963,#2664);
#2664 = DEFINITIONAL_REPRESENTATION('',(#2665),#2670);
#2665 = B_SPLINE_CURVE_WITH_KNOTS('',3,(#2666,#2667,#2668,#2669),
  .UNSPECIFIED.,.F.,.F.,(4,4),(0.,1.),.PIECEWISE_BEZIER_KNOTS.);
#2666 = CARTESIAN_POINT('',(-1.,0.7));
#2667 = CARTESIAN_POINT('',(-1.,0.466666666667));
#2668 = CARTESIAN_POINT('',(-1.,0.233333333333));
#2669 = CARTESIAN_POINT('',(-1.,0.));
#2670 = ( GEOMETRIC_REPRESENTATION_CONTEXT(2) 
PARAMETRIC_REPRESENTATION_CONTEXT() REPRESENTATION_CONTEXT('2D SPACE',''
  ) );
#2671 = ORIENTED_EDGE('',*,*,#2672,.T.);
#2672 = EDGE_CURVE('',#2647,#2593,#2673,.T.);
#2673 = SURFACE_CURVE('',#2674,(#2679),.PCURVE_S1.);
#2674 = B_SPLINE_CURVE_WITH_KNOTS('',3,(#2675,#2676,#2677,#2678),
  .UNSPECIFIED.,.F.,.F.,(4,4),(0.,1.),.PIECEWISE_BEZIER_KNOTS.);
#2675 = CARTESIAN_POINT('',(-0.95,-1.,-4.));
#2676 = CARTESIAN_POINT('',(-0.316666666667,-1.,-4.));
#2677 = CARTESIAN_POINT('',(0.316666666667,-1.,-4.));
#2678 = CARTESIAN_POINT('',(0.95,-1.,-4.));
#2679 = PCURVE('',#927,#2680);
#2680 = DEFINITIONAL_REPRESENTATION('',(#2681),#2686);
#2681 = B_SPLINE_CURVE_WITH_KNOTS('',3,(#2682,#2683,#2684,#2685),
  .UNSPECIFIED.,.F.,.F.,(4,4),(0.,1.),.PIECEWISE_BEZIER_KNOTS.);
#2682 = CARTESIAN_POINT('',(-0.95,4.));
#2683 = CARTESIAN_POINT('',(-0.316666666667,4.));
#2684 = CARTESIAN_POINT('',(0.316666666667,4.));
#2685 = CARTESIAN_POINT('',(0.95,4.));
#2686 = ( GEOMETRIC_REPRESENTATION_CONTEXT(2) 
PARAMETRIC_REPRESENTATION_CONTEXT() REPRESENTATION_CONTEXT('2D SPACE',''
  ) );
#2687 = ADVANCED_FACE('',(#2688),#898,.F.);
#2688 = FACE_BOUND('',#2689,.T.);
#2689 = EDGE_LOOP('',(#2690,#2691,#2715,#2716));
#2690 = ORIENTED_EDGE('',*,*,#1653,.T.);
#2691 = ORIENTED_EDGE('',*,*,#2692,.F.);
#2692 = EDGE_CURVE('',#1768,#1623,#2693,.T.);
#2693 = SURFACE_CURVE('',#2694,(#2699,#2707),.PCURVE_S1.);
#2694 = B_SPLINE_CURVE_WITH_KNOTS('',3,(#2695,#2696,#2697,#2698),
  .UNSPECIFIED.,.F.,.F.,(4,4),(0.,1.),.PIECEWISE_BEZIER_KNOTS.);
#2695 = CARTESIAN_POINT('',(-13.5,-1.,6.));
#2696 = CARTESIAN_POINT('',(-13.5,-0.666666666667,6.));
#2697 = CARTESIAN_POINT('',(-13.5,-0.333333333333,6.));
#2698 = CARTESIAN_POINT('',(-13.5,0.,6.));
#2699 = PCURVE('',#898,#2700);
#2700 = DEFINITIONAL_REPRESENTATION('',(#2701),#2706);
#2701 = B_SPLINE_CURVE_WITH_KNOTS('',3,(#2702,#2703,#2704,#2705),
  .UNSPECIFIED.,.F.,.F.,(4,4),(0.,1.),.PIECEWISE_BEZIER_KNOTS.);
#2702 = CARTESIAN_POINT('',(0.,-1.));
#2703 = CARTESIAN_POINT('',(0.,-0.666666666667));
#2704 = CARTESIAN_POINT('',(0.,-0.333333333333));
#2705 = CARTESIAN_POINT('',(0.,0.));
#2706 = ( GEOMETRIC_REPRESENTATION_CONTEXT(2) 
PARAMETRIC_REPRESENTATION_CONTEXT() REPRESENTATION_CONTEXT('2D SPACE',''
  ) );
#2707 = PCURVE('',#1640,#2708);
#2708 = DEFINITIONAL_REPRESENTATION('',(#2709),#2714);
#2709 = B_SPLINE_CURVE_WITH_KNOTS('',3,(#2710,#2711,#2712,#2713),
  .UNSPECIFIED.,.F.,.F.,(4,4),(0.,1.),.PIECEWISE_BEZIER_KNOTS.);
#2710 = CARTESIAN_POINT('',(0.,8.5));
#2711 = CARTESIAN_POINT('',(-0.333333333333,8.5));
#2712 = CARTESIAN_POINT('',(-0.666666666667,8.5));
#2713 = CARTESIAN_POINT('',(-1.,8.5));
#2714 = ( GEOMETRIC_REPRESENTATION_CONTEXT(2) 
PARAMETRIC_REPRESENTATION_CONTEXT() REPRESENTATION_CONTEXT('2D SPACE',''
  ) );
#2715 = ORIENTED_EDGE('',*,*,#1880,.F.);
#2716 = ORIENTED_EDGE('',*,*,#880,.F.);
#2717 = ADVANCED_FACE('',(#2718),#963,.F.);
#2718 = FACE_BOUND('',#2719,.T.);
#2719 = EDGE_LOOP('',(#2720,#2721,#2737,#2738));
#2720 = ORIENTED_EDGE('',*,*,#943,.T.);
#2721 = ORIENTED_EDGE('',*,*,#2722,.F.);
#2722 = EDGE_CURVE('',#2647,#946,#2723,.T.);
#2723 = SURFACE_CURVE('',#2724,(#2729),.PCURVE_S1.);
#2724 = B_SPLINE_CURVE_WITH_KNOTS('',3,(#2725,#2726,#2727,#2728),
  .UNSPECIFIED.,.F.,.F.,(4,4),(-1.,-0.),.PIECEWISE_BEZIER_KNOTS.);
#2725 = CARTESIAN_POINT('',(-0.95,-1.,-4.));
#2726 = CARTESIAN_POINT('',(-0.95,-0.666666666667,-4.));
#2727 = CARTESIAN_POINT('',(-0.95,-0.333333333333,-4.));
#2728 = CARTESIAN_POINT('',(-0.95,0.,-4.));
#2729 = PCURVE('',#963,#2730);
#2730 = DEFINITIONAL_REPRESENTATION('',(#2731),#2736);
#2731 = B_SPLINE_CURVE_WITH_KNOTS('',3,(#2732,#2733,#2734,#2735),
  .UNSPECIFIED.,.F.,.F.,(4,4),(-1.,-0.),.PIECEWISE_BEZIER_KNOTS.);
#2732 = CARTESIAN_POINT('',(-1.,0.));
#2733 = CARTESIAN_POINT('',(-0.666666666667,0.));
#2734 = CARTESIAN_POINT('',(-0.333333333333,0.));
#2735 = CARTESIAN_POINT('',(0.,0.));
#2736 = ( GEOMETRIC_REPRESENTATION_CONTEXT(2) 
PARAMETRIC_REPRESENTATION_CONTEXT() REPRESENTATION_CONTEXT('2D SPACE',''
  ) );
#2737 = ORIENTED_EDGE('',*,*,#2646,.F.);
#2738 = ORIENTED_EDGE('',*,*,#2739,.F.);
#2739 = EDGE_CURVE('',#944,#2621,#2740,.T.);
#2740 = SURFACE_CURVE('',#2741,(#2746,#2754),.PCURVE_S1.);
#2741 = B_SPLINE_CURVE_WITH_KNOTS('',3,(#2742,#2743,#2744,#2745),
  .UNSPECIFIED.,.F.,.F.,(4,4),(0.,1.),.PIECEWISE_BEZIER_KNOTS.);
#2742 = CARTESIAN_POINT('',(-0.95,0.,-3.3));
#2743 = CARTESIAN_POINT('',(-0.95,-0.333333333333,-3.3));
#2744 = CARTESIAN_POINT('',(-0.95,-0.666666666667,-3.3));
#2745 = CARTESIAN_POINT('',(-0.95,-1.,-3.3));
#2746 = PCURVE('',#963,#2747);
#2747 = DEFINITIONAL_REPRESENTATION('',(#2748),#2753);
#2748 = B_SPLINE_CURVE_WITH_KNOTS('',3,(#2749,#2750,#2751,#2752),
  .UNSPECIFIED.,.F.,.F.,(4,4),(0.,1.),.PIECEWISE_BEZIER_KNOTS.);
#2749 = CARTESIAN_POINT('',(0.,0.7));
#2750 = CARTESIAN_POINT('',(-0.333333333333,0.7));
#2751 = CARTESIAN_POINT('',(-0.666666666667,0.7));
#2752 = CARTESIAN_POINT('',(-1.,0.7));
#2753 = ( GEOMETRIC_REPRESENTATION_CONTEXT(2) 
PARAMETRIC_REPRESENTATION_CONTEXT() REPRESENTATION_CONTEXT('2D SPACE',''
  ) );
#2754 = PCURVE('',#994,#2755);
#2755 = DEFINITIONAL_REPRESENTATION('',(#2756),#2761);
#2756 = B_SPLINE_CURVE_WITH_KNOTS('',3,(#2757,#2758,#2759,#2760),
  .UNSPECIFIED.,.F.,.F.,(4,4),(0.,1.),.PIECEWISE_BEZIER_KNOTS.);
#2757 = CARTESIAN_POINT('',(0.,1.9));
#2758 = CARTESIAN_POINT('',(0.333333333333,1.9));
#2759 = CARTESIAN_POINT('',(0.666666666667,1.9));
#2760 = CARTESIAN_POINT('',(1.,1.9));
#2761 = ( GEOMETRIC_REPRESENTATION_CONTEXT(2) 
PARAMETRIC_REPRESENTATION_CONTEXT() REPRESENTATION_CONTEXT('2D SPACE',''
  ) );
#2762 = ADVANCED_FACE('',(#2763),#994,.F.);
#2763 = FACE_BOUND('',#2764,.T.);
#2764 = EDGE_LOOP('',(#2765,#2766,#2767,#2768));
#2765 = ORIENTED_EDGE('',*,*,#976,.T.);
#2766 = ORIENTED_EDGE('',*,*,#2739,.T.);
#2767 = ORIENTED_EDGE('',*,*,#2620,.F.);
#2768 = ORIENTED_EDGE('',*,*,#2769,.F.);
#2769 = EDGE_CURVE('',#977,#2595,#2770,.T.);
#2770 = SURFACE_CURVE('',#2771,(#2776,#2784),.PCURVE_S1.);
#2771 = B_SPLINE_CURVE_WITH_KNOTS('',3,(#2772,#2773,#2774,#2775),
  .UNSPECIFIED.,.F.,.F.,(4,4),(0.,1.),.PIECEWISE_BEZIER_KNOTS.);
#2772 = CARTESIAN_POINT('',(0.95,0.,-3.3));
#2773 = CARTESIAN_POINT('',(0.95,-0.333333333333,-3.3));
#2774 = CARTESIAN_POINT('',(0.95,-0.666666666667,-3.3));
#2775 = CARTESIAN_POINT('',(0.95,-1.,-3.3));
#2776 = PCURVE('',#994,#2777);
#2777 = DEFINITIONAL_REPRESENTATION('',(#2778),#2783);
#2778 = B_SPLINE_CURVE_WITH_KNOTS('',3,(#2779,#2780,#2781,#2782),
  .UNSPECIFIED.,.F.,.F.,(4,4),(0.,1.),.PIECEWISE_BEZIER_KNOTS.);
#2779 = CARTESIAN_POINT('',(0.,0.));
#2780 = CARTESIAN_POINT('',(0.333333333333,0.));
#2781 = CARTESIAN_POINT('',(0.666666666667,0.));
#2782 = CARTESIAN_POINT('',(1.,0.));
#2783 = ( GEOMETRIC_REPRESENTATION_CONTEXT(2) 
PARAMETRIC_REPRESENTATION_CONTEXT() REPRESENTATION_CONTEXT('2D SPACE',''
  ) );
#2784 = PCURVE('',#1025,#2785);
#2785 = DEFINITIONAL_REPRESENTATION('',(#2786),#2791);
#2786 = B_SPLINE_CURVE_WITH_KNOTS('',3,(#2787,#2788,#2789,#2790),
  .UNSPECIFIED.,.F.,.F.,(4,4),(0.,1.),.PIECEWISE_BEZIER_KNOTS.);
#2787 = CARTESIAN_POINT('',(0.7,0.));
#2788 = CARTESIAN_POINT('',(0.7,-0.333333333333));
#2789 = CARTESIAN_POINT('',(0.7,-0.666666666667));
#2790 = CARTESIAN_POINT('',(0.7,-1.));
#2791 = ( GEOMETRIC_REPRESENTATION_CONTEXT(2) 
PARAMETRIC_REPRESENTATION_CONTEXT() REPRESENTATION_CONTEXT('2D SPACE',''
  ) );
#2792 = ADVANCED_FACE('',(#2793),#1025,.F.);
#2793 = FACE_BOUND('',#2794,.T.);
#2794 = EDGE_LOOP('',(#2795,#2796,#2797,#2798));
#2795 = ORIENTED_EDGE('',*,*,#1007,.T.);
#2796 = ORIENTED_EDGE('',*,*,#2769,.T.);
#2797 = ORIENTED_EDGE('',*,*,#2592,.F.);
#2798 = ORIENTED_EDGE('',*,*,#2799,.F.);
#2799 = EDGE_CURVE('',#1008,#2593,#2800,.T.);
#2800 = SURFACE_CURVE('',#2801,(#2806),.PCURVE_S1.);
#2801 = B_SPLINE_CURVE_WITH_KNOTS('',3,(#2802,#2803,#2804,#2805),
  .UNSPECIFIED.,.F.,.F.,(4,4),(-1.,-0.),.PIECEWISE_BEZIER_KNOTS.);
#2802 = CARTESIAN_POINT('',(0.95,0.,-4.));
#2803 = CARTESIAN_POINT('',(0.95,-0.333333333333,-4.));
#2804 = CARTESIAN_POINT('',(0.95,-0.666666666667,-4.));
#2805 = CARTESIAN_POINT('',(0.95,-1.,-4.));
#2806 = PCURVE('',#1025,#2807);
#2807 = DEFINITIONAL_REPRESENTATION('',(#2808),#2813);
#2808 = B_SPLINE_CURVE_WITH_KNOTS('',3,(#2809,#2810,#2811,#2812),
  .UNSPECIFIED.,.F.,.F.,(4,4),(-1.,-0.),.PIECEWISE_BEZIER_KNOTS.);
#2809 = CARTESIAN_POINT('',(0.,0.));
#2810 = CARTESIAN_POINT('',(0.,-0.333333333333));
#2811 = CARTESIAN_POINT('',(0.,-0.666666666667));
#2812 = CARTESIAN_POINT('',(0.,-1.));
#2813 = ( GEOMETRIC_REPRESENTATION_CONTEXT(2) 
PARAMETRIC_REPRESENTATION_CONTEXT() REPRESENTATION_CONTEXT('2D SPACE',''
  ) );
#2814 = ADVANCED_FACE('',(#2815),#1220,.T.);
#2815 = FACE_BOUND('',#2816,.T.);
#2816 = EDGE_LOOP('',(#2817,#2841,#2842,#2858));
#2817 = ORIENTED_EDGE('',*,*,#2818,.T.);
#2818 = EDGE_CURVE('',#1174,#2495,#2819,.T.);
#2819 = SURFACE_CURVE('',#2820,(#2825,#2833),.PCURVE_S1.);
#2820 = B_SPLINE_CURVE_WITH_KNOTS('',3,(#2821,#2822,#2823,#2824),
  .UNSPECIFIED.,.F.,.F.,(4,4),(0.,1.),.PIECEWISE_BEZIER_KNOTS.);
#2821 = CARTESIAN_POINT('',(-0.95,0.,3.3));
#2822 = CARTESIAN_POINT('',(-0.95,-0.333333333333,3.3));
#2823 = CARTESIAN_POINT('',(-0.95,-0.666666666667,3.3));
#2824 = CARTESIAN_POINT('',(-0.95,-1.,3.3));
#2825 = PCURVE('',#1220,#2826);
#2826 = DEFINITIONAL_REPRESENTATION('',(#2827),#2832);
#2827 = B_SPLINE_CURVE_WITH_KNOTS('',3,(#2828,#2829,#2830,#2831),
  .UNSPECIFIED.,.F.,.F.,(4,4),(0.,1.),.PIECEWISE_BEZIER_KNOTS.);
#2828 = CARTESIAN_POINT('',(-0.7,0.));
#2829 = CARTESIAN_POINT('',(-0.7,-0.333333333333));
#2830 = CARTESIAN_POINT('',(-0.7,-0.666666666667));
#2831 = CARTESIAN_POINT('',(-0.7,-1.));
#2832 = ( GEOMETRIC_REPRESENTATION_CONTEXT(2) 
PARAMETRIC_REPRESENTATION_CONTEXT() REPRESENTATION_CONTEXT('2D SPACE',''
  ) );
#2833 = PCURVE('',#1191,#2834);
#2834 = DEFINITIONAL_REPRESENTATION('',(#2835),#2840);
#2835 = B_SPLINE_CURVE_WITH_KNOTS('',3,(#2836,#2837,#2838,#2839),
  .UNSPECIFIED.,.F.,.F.,(4,4),(0.,1.),.PIECEWISE_BEZIER_KNOTS.);
#2836 = CARTESIAN_POINT('',(0.,1.9));
#2837 = CARTESIAN_POINT('',(0.333333333333,1.9));
#2838 = CARTESIAN_POINT('',(0.666666666667,1.9));
#2839 = CARTESIAN_POINT('',(1.,1.9));
#2840 = ( GEOMETRIC_REPRESENTATION_CONTEXT(2) 
PARAMETRIC_REPRESENTATION_CONTEXT() REPRESENTATION_CONTEXT('2D SPACE',''
  ) );
#2841 = ORIENTED_EDGE('',*,*,#2566,.F.);
#2842 = ORIENTED_EDGE('',*,*,#2843,.T.);
#2843 = EDGE_CURVE('',#2549,#1076,#2844,.T.);
#2844 = SURFACE_CURVE('',#2845,(#2850),.PCURVE_S1.);
#2845 = B_SPLINE_CURVE_WITH_KNOTS('',3,(#2846,#2847,#2848,#2849),
  .UNSPECIFIED.,.F.,.F.,(4,4),(0.,1.),.PIECEWISE_BEZIER_KNOTS.);
#2846 = CARTESIAN_POINT('',(-0.95,-1.,4.));
#2847 = CARTESIAN_POINT('',(-0.95,-0.666666666667,4.));
#2848 = CARTESIAN_POINT('',(-0.95,-0.333333333333,4.));
#2849 = CARTESIAN_POINT('',(-0.95,0.,4.));
#2850 = PCURVE('',#1220,#2851);
#2851 = DEFINITIONAL_REPRESENTATION('',(#2852),#2857);
#2852 = B_SPLINE_CURVE_WITH_KNOTS('',3,(#2853,#2854,#2855,#2856),
  .UNSPECIFIED.,.F.,.F.,(4,4),(0.,1.),.PIECEWISE_BEZIER_KNOTS.);
#2853 = CARTESIAN_POINT('',(0.,-1.));
#2854 = CARTESIAN_POINT('',(0.,-0.666666666667));
#2855 = CARTESIAN_POINT('',(0.,-0.333333333333));
#2856 = CARTESIAN_POINT('',(0.,0.));
#2857 = ( GEOMETRIC_REPRESENTATION_CONTEXT(2) 
PARAMETRIC_REPRESENTATION_CONTEXT() REPRESENTATION_CONTEXT('2D SPACE',''
  ) );
#2858 = ORIENTED_EDGE('',*,*,#1204,.T.);
#2859 = ADVANCED_FACE('',(#2860),#1160,.T.);
#2860 = FACE_BOUND('',#2861,.T.);
#2861 = EDGE_LOOP('',(#2862,#2878,#2879,#2903));
#2862 = ORIENTED_EDGE('',*,*,#2863,.T.);
#2863 = EDGE_CURVE('',#1125,#2523,#2864,.T.);
#2864 = SURFACE_CURVE('',#2865,(#2870),.PCURVE_S1.);
#2865 = B_SPLINE_CURVE_WITH_KNOTS('',3,(#2866,#2867,#2868,#2869),
  .UNSPECIFIED.,.F.,.F.,(4,4),(0.,1.),.PIECEWISE_BEZIER_KNOTS.);
#2866 = CARTESIAN_POINT('',(0.95,0.,4.));
#2867 = CARTESIAN_POINT('',(0.95,-0.333333333333,4.));
#2868 = CARTESIAN_POINT('',(0.95,-0.666666666667,4.));
#2869 = CARTESIAN_POINT('',(0.95,-1.,4.));
#2870 = PCURVE('',#1160,#2871);
#2871 = DEFINITIONAL_REPRESENTATION('',(#2872),#2877);
#2872 = B_SPLINE_CURVE_WITH_KNOTS('',3,(#2873,#2874,#2875,#2876),
  .UNSPECIFIED.,.F.,.F.,(4,4),(0.,1.),.PIECEWISE_BEZIER_KNOTS.);
#2873 = CARTESIAN_POINT('',(0.,0.));
#2874 = CARTESIAN_POINT('',(-0.333333333333,0.));
#2875 = CARTESIAN_POINT('',(-0.666666666667,0.));
#2876 = CARTESIAN_POINT('',(-1.,0.));
#2877 = ( GEOMETRIC_REPRESENTATION_CONTEXT(2) 
PARAMETRIC_REPRESENTATION_CONTEXT() REPRESENTATION_CONTEXT('2D SPACE',''
  ) );
#2878 = ORIENTED_EDGE('',*,*,#2522,.F.);
#2879 = ORIENTED_EDGE('',*,*,#2880,.T.);
#2880 = EDGE_CURVE('',#2497,#1143,#2881,.T.);
#2881 = SURFACE_CURVE('',#2882,(#2887,#2895),.PCURVE_S1.);
#2882 = B_SPLINE_CURVE_WITH_KNOTS('',3,(#2883,#2884,#2885,#2886),
  .UNSPECIFIED.,.F.,.F.,(4,4),(0.,1.),.PIECEWISE_BEZIER_KNOTS.);
#2883 = CARTESIAN_POINT('',(0.95,-1.,3.3));
#2884 = CARTESIAN_POINT('',(0.95,-0.666666666667,3.3));
#2885 = CARTESIAN_POINT('',(0.95,-0.333333333333,3.3));
#2886 = CARTESIAN_POINT('',(0.95,0.,3.3));
#2887 = PCURVE('',#1160,#2888);
#2888 = DEFINITIONAL_REPRESENTATION('',(#2889),#2894);
#2889 = B_SPLINE_CURVE_WITH_KNOTS('',3,(#2890,#2891,#2892,#2893),
  .UNSPECIFIED.,.F.,.F.,(4,4),(0.,1.),.PIECEWISE_BEZIER_KNOTS.);
#2890 = CARTESIAN_POINT('',(-1.,-0.7));
#2891 = CARTESIAN_POINT('',(-0.666666666667,-0.7));
#2892 = CARTESIAN_POINT('',(-0.333333333333,-0.7));
#2893 = CARTESIAN_POINT('',(0.,-0.7));
#2894 = ( GEOMETRIC_REPRESENTATION_CONTEXT(2) 
PARAMETRIC_REPRESENTATION_CONTEXT() REPRESENTATION_CONTEXT('2D SPACE',''
  ) );
#2895 = PCURVE('',#1191,#2896);
#2896 = DEFINITIONAL_REPRESENTATION('',(#2897),#2902);
#2897 = B_SPLINE_CURVE_WITH_KNOTS('',3,(#2898,#2899,#2900,#2901),
  .UNSPECIFIED.,.F.,.F.,(4,4),(0.,1.),.PIECEWISE_BEZIER_KNOTS.);
#2898 = CARTESIAN_POINT('',(1.,0.));
#2899 = CARTESIAN_POINT('',(0.666666666667,0.));
#2900 = CARTESIAN_POINT('',(0.333333333333,0.));
#2901 = CARTESIAN_POINT('',(0.,0.));
#2902 = ( GEOMETRIC_REPRESENTATION_CONTEXT(2) 
PARAMETRIC_REPRESENTATION_CONTEXT() REPRESENTATION_CONTEXT('2D SPACE',''
  ) );
#2903 = ORIENTED_EDGE('',*,*,#1142,.T.);
#2904 = ADVANCED_FACE('',(#2905),#1191,.T.);
#2905 = FACE_BOUND('',#2906,.T.);
#2906 = EDGE_LOOP('',(#2907,#2908,#2909,#2910));
#2907 = ORIENTED_EDGE('',*,*,#2880,.F.);
#2908 = ORIENTED_EDGE('',*,*,#2494,.F.);
#2909 = ORIENTED_EDGE('',*,*,#2818,.F.);
#2910 = ORIENTED_EDGE('',*,*,#1173,.T.);
#2911 = ADVANCED_FACE('',(#2912),#1553,.T.);
#2912 = FACE_BOUND('',#2913,.T.);
#2913 = EDGE_LOOP('',(#2914,#2915,#2916,#2917));
#2914 = ORIENTED_EDGE('',*,*,#1535,.T.);
#2915 = ORIENTED_EDGE('',*,*,#1681,.T.);
#2916 = ORIENTED_EDGE('',*,*,#1854,.F.);
#2917 = ORIENTED_EDGE('',*,*,#2918,.T.);
#2918 = EDGE_CURVE('',#1796,#1536,#2919,.T.);
#2919 = SURFACE_CURVE('',#2920,(#2925,#2933),.PCURVE_S1.);
#2920 = B_SPLINE_CURVE_WITH_KNOTS('',3,(#2921,#2922,#2923,#2924),
  .UNSPECIFIED.,.F.,.F.,(4,4),(0.,1.),.PIECEWISE_BEZIER_KNOTS.);
#2921 = CARTESIAN_POINT('',(5.,-1.,3.316624790355));
#2922 = CARTESIAN_POINT('',(5.,-0.666666666667,3.316624790355));
#2923 = CARTESIAN_POINT('',(5.,-0.333333333333,3.316624790355));
#2924 = CARTESIAN_POINT('',(5.,0.,3.316624790355));
#2925 = PCURVE('',#1553,#2926);
#2926 = DEFINITIONAL_REPRESENTATION('',(#2927),#2932);
#2927 = B_SPLINE_CURVE_WITH_KNOTS('',3,(#2928,#2929,#2930,#2931),
  .UNSPECIFIED.,.F.,.F.,(4,4),(0.,1.),.PIECEWISE_BEZIER_KNOTS.);
#2928 = CARTESIAN_POINT('',(-2.683375209645,0.));
#2929 = CARTESIAN_POINT('',(-2.683375209645,0.333333333333));
#2930 = CARTESIAN_POINT('',(-2.683375209645,0.666666666667));
#2931 = CARTESIAN_POINT('',(-2.683375209645,1.));
#2932 = ( GEOMETRIC_REPRESENTATION_CONTEXT(2) 
PARAMETRIC_REPRESENTATION_CONTEXT() REPRESENTATION_CONTEXT('2D SPACE',''
  ) );
#2933 = PCURVE('',#1588,#2934);
#2934 = DEFINITIONAL_REPRESENTATION('',(#2935),#2939);
#2935 = LINE('',#2936,#2937);
#2936 = CARTESIAN_POINT('',(3.727278197047,1.));
#2937 = VECTOR('',#2938,1.);
#2938 = DIRECTION('',(0.,-1.));
#2939 = ( GEOMETRIC_REPRESENTATION_CONTEXT(2) 
PARAMETRIC_REPRESENTATION_CONTEXT() REPRESENTATION_CONTEXT('2D SPACE',''
  ) );
#2940 = ADVANCED_FACE('',(#2941),#1588,.F.);
#2941 = FACE_BOUND('',#2942,.F.);
#2942 = EDGE_LOOP('',(#2943,#2944,#2945,#2946));
#2943 = ORIENTED_EDGE('',*,*,#1795,.T.);
#2944 = ORIENTED_EDGE('',*,*,#2918,.T.);
#2945 = ORIENTED_EDGE('',*,*,#1566,.F.);
#2946 = ORIENTED_EDGE('',*,*,#2947,.T.);
#2947 = EDGE_CURVE('',#1567,#1770,#2948,.T.);
#2948 = SURFACE_CURVE('',#2949,(#2954,#2961),.PCURVE_S1.);
#2949 = B_SPLINE_CURVE_WITH_KNOTS('',3,(#2950,#2951,#2952,#2953),
  .UNSPECIFIED.,.F.,.F.,(4,4),(0.,1.),.PIECEWISE_BEZIER_KNOTS.);
#2950 = CARTESIAN_POINT('',(-5.612000382016E-16,0.,6.));
#2951 = CARTESIAN_POINT('',(0.,-0.333333333333,6.));
#2952 = CARTESIAN_POINT('',(0.,-0.666666666667,6.));
#2953 = CARTESIAN_POINT('',(-5.612000382016E-16,-1.,6.));
#2954 = PCURVE('',#1588,#2955);
#2955 = DEFINITIONAL_REPRESENTATION('',(#2956),#2960);
#2956 = LINE('',#2957,#2958);
#2957 = CARTESIAN_POINT('',(4.712388980385,0.));
#2958 = VECTOR('',#2959,1.);
#2959 = DIRECTION('',(0.,1.));
#2960 = ( GEOMETRIC_REPRESENTATION_CONTEXT(2) 
PARAMETRIC_REPRESENTATION_CONTEXT() REPRESENTATION_CONTEXT('2D SPACE',''
  ) );
#2961 = PCURVE('',#1640,#2962);
#2962 = DEFINITIONAL_REPRESENTATION('',(#2963),#2968);
#2963 = B_SPLINE_CURVE_WITH_KNOTS('',3,(#2964,#2965,#2966,#2967),
  .UNSPECIFIED.,.F.,.F.,(4,4),(0.,1.),.PIECEWISE_BEZIER_KNOTS.);
#2964 = CARTESIAN_POINT('',(-1.,-5.));
#2965 = CARTESIAN_POINT('',(-0.666666666667,-5.));
#2966 = CARTESIAN_POINT('',(-0.333333333333,-5.));
#2967 = CARTESIAN_POINT('',(0.,-5.));
#2968 = ( GEOMETRIC_REPRESENTATION_CONTEXT(2) 
PARAMETRIC_REPRESENTATION_CONTEXT() REPRESENTATION_CONTEXT('2D SPACE',''
  ) );
#2969 = ADVANCED_FACE('',(#2970),#1640,.T.);
#2970 = FACE_BOUND('',#2971,.T.);
#2971 = EDGE_LOOP('',(#2972,#2973,#2974,#2975));
#2972 = ORIENTED_EDGE('',*,*,#1622,.T.);
#2973 = ORIENTED_EDGE('',*,*,#2947,.T.);
#2974 = ORIENTED_EDGE('',*,*,#1767,.F.);
#2975 = ORIENTED_EDGE('',*,*,#2692,.T.);
#2976 = ADVANCED_FACE('',(#2977),#1944,.T.);
#2977 = FACE_BOUND('',#2978,.T.);
#2978 = EDGE_LOOP('',(#2979,#3005,#3006,#3024));
#2979 = ORIENTED_EDGE('',*,*,#2980,.T.);
#2980 = EDGE_CURVE('',#2981,#1927,#2983,.T.);
#2981 = VERTEX_POINT('',#2982);
#2982 = CARTESIAN_POINT('',(-6.628427124746,-4.2,-2.414466094067));
#2983 = SURFACE_CURVE('',#2984,(#2989,#2997),.PCURVE_S1.);
#2984 = B_SPLINE_CURVE_WITH_KNOTS('',3,(#2985,#2986,#2987,#2988),
  .UNSPECIFIED.,.F.,.F.,(4,4),(0.,1.),.PIECEWISE_BEZIER_KNOTS.);
#2985 = CARTESIAN_POINT('',(-6.628427124746,-4.2,-2.414466094067));
#2986 = CARTESIAN_POINT('',(-6.628427124746,-3.133333333333,
    -2.414466094067));
#2987 = CARTESIAN_POINT('',(-6.628427124746,-2.066666666667,
    -2.414466094067));
#2988 = CARTESIAN_POINT('',(-6.628427124746,-1.,-2.414466094067));
#2989 = PCURVE('',#1944,#2990);
#2990 = DEFINITIONAL_REPRESENTATION('',(#2991),#2996);
#2991 = B_SPLINE_CURVE_WITH_KNOTS('',3,(#2992,#2993,#2994,#2995),
  .UNSPECIFIED.,.F.,.F.,(4,4),(0.,1.),.PIECEWISE_BEZIER_KNOTS.);
#2992 = CARTESIAN_POINT('',(0.,0.));
#2993 = CARTESIAN_POINT('',(-1.066666666667,0.));
#2994 = CARTESIAN_POINT('',(-2.133333333333,0.));
#2995 = CARTESIAN_POINT('',(-3.2,0.));
#2996 = ( GEOMETRIC_REPRESENTATION_CONTEXT(2) 
PARAMETRIC_REPRESENTATION_CONTEXT() REPRESENTATION_CONTEXT('2D SPACE',''
  ) );
#2997 = PCURVE('',#1975,#2998);
#2998 = DEFINITIONAL_REPRESENTATION('',(#2999),#3004);
#2999 = B_SPLINE_CURVE_WITH_KNOTS('',3,(#3000,#3001,#3002,#3003),
  .UNSPECIFIED.,.F.,.F.,(4,4),(0.,1.),.PIECEWISE_BEZIER_KNOTS.);
#3000 = CARTESIAN_POINT('',(0.,-1.));
#3001 = CARTESIAN_POINT('',(-1.066666666667,-1.));
#3002 = CARTESIAN_POINT('',(-2.133333333333,-1.));
#3003 = CARTESIAN_POINT('',(-3.2,-1.));
#3004 = ( GEOMETRIC_REPRESENTATION_CONTEXT(2) 
PARAMETRIC_REPRESENTATION_CONTEXT() REPRESENTATION_CONTEXT('2D SPACE',''
  ) );
#3005 = ORIENTED_EDGE('',*,*,#1926,.F.);
#3006 = ORIENTED_EDGE('',*,*,#3007,.T.);
#3007 = EDGE_CURVE('',#1909,#3008,#3010,.T.);
#3008 = VERTEX_POINT('',#3009);
#3009 = CARTESIAN_POINT('',(-5.92132034356,-4.2,-2.414466094067));
#3010 = SURFACE_CURVE('',#3011,(#3016),.PCURVE_S1.);
#3011 = B_SPLINE_CURVE_WITH_KNOTS('',3,(#3012,#3013,#3014,#3015),
  .UNSPECIFIED.,.F.,.F.,(4,4),(0.,1.),.PIECEWISE_BEZIER_KNOTS.);
#3012 = CARTESIAN_POINT('',(-5.92132034356,-1.,-2.414466094067));
#3013 = CARTESIAN_POINT('',(-5.92132034356,-2.066666666667,
    -2.414466094067));
#3014 = CARTESIAN_POINT('',(-5.92132034356,-3.133333333333,
    -2.414466094067));
#3015 = CARTESIAN_POINT('',(-5.92132034356,-4.2,-2.414466094067));
#3016 = PCURVE('',#1944,#3017);
#3017 = DEFINITIONAL_REPRESENTATION('',(#3018),#3023);
#3018 = B_SPLINE_CURVE_WITH_KNOTS('',3,(#3019,#3020,#3021,#3022),
  .UNSPECIFIED.,.F.,.F.,(4,4),(0.,1.),.PIECEWISE_BEZIER_KNOTS.);
#3019 = CARTESIAN_POINT('',(-3.2,-0.707106781187));
#3020 = CARTESIAN_POINT('',(-2.133333333333,-0.707106781187));
#3021 = CARTESIAN_POINT('',(-1.066666666667,-0.707106781187));
#3022 = CARTESIAN_POINT('',(0.,-0.707106781187));
#3023 = ( GEOMETRIC_REPRESENTATION_CONTEXT(2) 
PARAMETRIC_REPRESENTATION_CONTEXT() REPRESENTATION_CONTEXT('2D SPACE',''
  ) );
#3024 = ORIENTED_EDGE('',*,*,#3025,.T.);
#3025 = EDGE_CURVE('',#3008,#2981,#3026,.T.);
#3026 = SURFACE_CURVE('',#3027,(#3032,#3040),.PCURVE_S1.);
#3027 = B_SPLINE_CURVE_WITH_KNOTS('',3,(#3028,#3029,#3030,#3031),
  .UNSPECIFIED.,.F.,.F.,(4,4),(0.,1.),.PIECEWISE_BEZIER_KNOTS.);
#3028 = CARTESIAN_POINT('',(-5.92132034356,-4.2,-2.414466094067));
#3029 = CARTESIAN_POINT('',(-6.157022603955,-4.2,-2.414466094067));
#3030 = CARTESIAN_POINT('',(-6.392724864351,-4.2,-2.414466094067));
#3031 = CARTESIAN_POINT('',(-6.628427124746,-4.2,-2.414466094067));
#3032 = PCURVE('',#1944,#3033);
#3033 = DEFINITIONAL_REPRESENTATION('',(#3034),#3039);
#3034 = B_SPLINE_CURVE_WITH_KNOTS('',3,(#3035,#3036,#3037,#3038),
  .UNSPECIFIED.,.F.,.F.,(4,4),(0.,1.),.PIECEWISE_BEZIER_KNOTS.);
#3035 = CARTESIAN_POINT('',(0.,-0.707106781187));
#3036 = CARTESIAN_POINT('',(0.,-0.471404520791));
#3037 = CARTESIAN_POINT('',(0.,-0.235702260396));
#3038 = CARTESIAN_POINT('',(0.,0.));
#3039 = ( GEOMETRIC_REPRESENTATION_CONTEXT(2) 
PARAMETRIC_REPRESENTATION_CONTEXT() REPRESENTATION_CONTEXT('2D SPACE',''
  ) );
#3040 = PCURVE('',#3041,#3046);
#3041 = PLANE('',#3042);
#3042 = AXIS2_PLACEMENT_3D('',#3043,#3044,#3045);
#3043 = CARTESIAN_POINT('',(0.,-4.2,0.));
#3044 = DIRECTION('',(-0.,1.,0.));
#3045 = DIRECTION('',(1.,0.,0.));
#3046 = DEFINITIONAL_REPRESENTATION('',(#3047),#3052);
#3047 = B_SPLINE_CURVE_WITH_KNOTS('',3,(#3048,#3049,#3050,#3051),
  .UNSPECIFIED.,.F.,.F.,(4,4),(0.,1.),.PIECEWISE_BEZIER_KNOTS.);
#3048 = CARTESIAN_POINT('',(-5.92132034356,2.414466094067));
#3049 = CARTESIAN_POINT('',(-6.157022603955,2.414466094067));
#3050 = CARTESIAN_POINT('',(-6.392724864351,2.414466094067));
#3051 = CARTESIAN_POINT('',(-6.628427124746,2.414466094067));
#3052 = ( GEOMETRIC_REPRESENTATION_CONTEXT(2) 
PARAMETRIC_REPRESENTATION_CONTEXT() REPRESENTATION_CONTEXT('2D SPACE',''
  ) );
#3053 = ADVANCED_FACE('',(#3054),#2066,.T.);
#3054 = FACE_BOUND('',#3055,.T.);
#3055 = EDGE_LOOP('',(#3056,#3074,#3075,#3101));
#3056 = ORIENTED_EDGE('',*,*,#3057,.T.);
#3057 = EDGE_CURVE('',#3058,#1907,#3060,.T.);
#3058 = VERTEX_POINT('',#3059);
#3059 = CARTESIAN_POINT('',(-3.8,-4.2,-4.535786437627));
#3060 = SURFACE_CURVE('',#3061,(#3066),.PCURVE_S1.);
#3061 = B_SPLINE_CURVE_WITH_KNOTS('',3,(#3062,#3063,#3064,#3065),
  .UNSPECIFIED.,.F.,.F.,(4,4),(0.,1.),.PIECEWISE_BEZIER_KNOTS.);
#3062 = CARTESIAN_POINT('',(-3.8,-4.2,-4.535786437627));
#3063 = CARTESIAN_POINT('',(-3.8,-3.133333333333,-4.535786437627));
#3064 = CARTESIAN_POINT('',(-3.8,-2.066666666667,-4.535786437627));
#3065 = CARTESIAN_POINT('',(-3.8,-1.,-4.535786437627));
#3066 = PCURVE('',#2066,#3067);
#3067 = DEFINITIONAL_REPRESENTATION('',(#3068),#3073);
#3068 = B_SPLINE_CURVE_WITH_KNOTS('',3,(#3069,#3070,#3071,#3072),
  .UNSPECIFIED.,.F.,.F.,(4,4),(0.,1.),.PIECEWISE_BEZIER_KNOTS.);
#3069 = CARTESIAN_POINT('',(0.,0.));
#3070 = CARTESIAN_POINT('',(0.,1.066666666667));
#3071 = CARTESIAN_POINT('',(0.,2.133333333333));
#3072 = CARTESIAN_POINT('',(0.,3.2));
#3073 = ( GEOMETRIC_REPRESENTATION_CONTEXT(2) 
PARAMETRIC_REPRESENTATION_CONTEXT() REPRESENTATION_CONTEXT('2D SPACE',''
  ) );
#3074 = ORIENTED_EDGE('',*,*,#2050,.F.);
#3075 = ORIENTED_EDGE('',*,*,#3076,.T.);
#3076 = EDGE_CURVE('',#2020,#3077,#3079,.T.);
#3077 = VERTEX_POINT('',#3078);
#3078 = CARTESIAN_POINT('',(-3.8,-4.2,-5.242893218813));
#3079 = SURFACE_CURVE('',#3080,(#3085,#3093),.PCURVE_S1.);
#3080 = B_SPLINE_CURVE_WITH_KNOTS('',3,(#3081,#3082,#3083,#3084),
  .UNSPECIFIED.,.F.,.F.,(4,4),(0.,1.),.PIECEWISE_BEZIER_KNOTS.);
#3081 = CARTESIAN_POINT('',(-3.8,-1.,-5.242893218813));
#3082 = CARTESIAN_POINT('',(-3.8,-2.066666666667,-5.242893218813));
#3083 = CARTESIAN_POINT('',(-3.8,-3.133333333333,-5.242893218813));
#3084 = CARTESIAN_POINT('',(-3.8,-4.2,-5.242893218813));
#3085 = PCURVE('',#2066,#3086);
#3086 = DEFINITIONAL_REPRESENTATION('',(#3087),#3092);
#3087 = B_SPLINE_CURVE_WITH_KNOTS('',3,(#3088,#3089,#3090,#3091),
  .UNSPECIFIED.,.F.,.F.,(4,4),(0.,1.),.PIECEWISE_BEZIER_KNOTS.);
#3088 = CARTESIAN_POINT('',(-0.707106781187,3.2));
#3089 = CARTESIAN_POINT('',(-0.707106781187,2.133333333333));
#3090 = CARTESIAN_POINT('',(-0.707106781187,1.066666666667));
#3091 = CARTESIAN_POINT('',(-0.707106781187,0.));
#3092 = ( GEOMETRIC_REPRESENTATION_CONTEXT(2) 
PARAMETRIC_REPRESENTATION_CONTEXT() REPRESENTATION_CONTEXT('2D SPACE',''
  ) );
#3093 = PCURVE('',#2037,#3094);
#3094 = DEFINITIONAL_REPRESENTATION('',(#3095),#3100);
#3095 = B_SPLINE_CURVE_WITH_KNOTS('',3,(#3096,#3097,#3098,#3099),
  .UNSPECIFIED.,.F.,.F.,(4,4),(0.,1.),.PIECEWISE_BEZIER_KNOTS.);
#3096 = CARTESIAN_POINT('',(3.2,0.));
#3097 = CARTESIAN_POINT('',(2.133333333333,-5.329070518201E-15));
#3098 = CARTESIAN_POINT('',(1.066666666667,-5.329070518201E-15));
#3099 = CARTESIAN_POINT('',(0.,0.));
#3100 = ( GEOMETRIC_REPRESENTATION_CONTEXT(2) 
PARAMETRIC_REPRESENTATION_CONTEXT() REPRESENTATION_CONTEXT('2D SPACE',''
  ) );
#3101 = ORIENTED_EDGE('',*,*,#3102,.T.);
#3102 = EDGE_CURVE('',#3077,#3058,#3103,.T.);
#3103 = SURFACE_CURVE('',#3104,(#3109,#3117),.PCURVE_S1.);
#3104 = B_SPLINE_CURVE_WITH_KNOTS('',3,(#3105,#3106,#3107,#3108),
  .UNSPECIFIED.,.F.,.F.,(4,4),(0.,1.),.PIECEWISE_BEZIER_KNOTS.);
#3105 = CARTESIAN_POINT('',(-3.8,-4.2,-5.242893218813));
#3106 = CARTESIAN_POINT('',(-3.8,-4.2,-5.007190958418));
#3107 = CARTESIAN_POINT('',(-3.8,-4.2,-4.771488698022));
#3108 = CARTESIAN_POINT('',(-3.8,-4.2,-4.535786437627));
#3109 = PCURVE('',#2066,#3110);
#3110 = DEFINITIONAL_REPRESENTATION('',(#3111),#3116);
#3111 = B_SPLINE_CURVE_WITH_KNOTS('',3,(#3112,#3113,#3114,#3115),
  .UNSPECIFIED.,.F.,.F.,(4,4),(0.,1.),.PIECEWISE_BEZIER_KNOTS.);
#3112 = CARTESIAN_POINT('',(-0.707106781187,0.));
#3113 = CARTESIAN_POINT('',(-0.471404520791,0.));
#3114 = CARTESIAN_POINT('',(-0.235702260396,0.));
#3115 = CARTESIAN_POINT('',(0.,0.));
#3116 = ( GEOMETRIC_REPRESENTATION_CONTEXT(2) 
PARAMETRIC_REPRESENTATION_CONTEXT() REPRESENTATION_CONTEXT('2D SPACE',''
  ) );
#3117 = PCURVE('',#3041,#3118);
#3118 = DEFINITIONAL_REPRESENTATION('',(#3119),#3124);
#3119 = B_SPLINE_CURVE_WITH_KNOTS('',3,(#3120,#3121,#3122,#3123),
  .UNSPECIFIED.,.F.,.F.,(4,4),(0.,1.),.PIECEWISE_BEZIER_KNOTS.);
#3120 = CARTESIAN_POINT('',(-3.8,5.242893218813));
#3121 = CARTESIAN_POINT('',(-3.8,5.007190958418));
#3122 = CARTESIAN_POINT('',(-3.8,4.771488698022));
#3123 = CARTESIAN_POINT('',(-3.8,4.535786437627));
#3124 = ( GEOMETRIC_REPRESENTATION_CONTEXT(2) 
PARAMETRIC_REPRESENTATION_CONTEXT() REPRESENTATION_CONTEXT('2D SPACE',''
  ) );
#3125 = ADVANCED_FACE('',(#3126),#2037,.T.);
#3126 = FACE_BOUND('',#3127,.T.);
#3127 = EDGE_LOOP('',(#3128,#3129,#3130,#3156));
#3128 = ORIENTED_EDGE('',*,*,#3076,.F.);
#3129 = ORIENTED_EDGE('',*,*,#2019,.F.);
#3130 = ORIENTED_EDGE('',*,*,#3131,.T.);
#3131 = EDGE_CURVE('',#1989,#3132,#3134,.T.);
#3132 = VERTEX_POINT('',#3133);
#3133 = CARTESIAN_POINT('',(-4.507106781187,-4.2,-5.95));
#3134 = SURFACE_CURVE('',#3135,(#3140,#3148),.PCURVE_S1.);
#3135 = B_SPLINE_CURVE_WITH_KNOTS('',3,(#3136,#3137,#3138,#3139),
  .UNSPECIFIED.,.F.,.F.,(4,4),(0.,1.),.PIECEWISE_BEZIER_KNOTS.);
#3136 = CARTESIAN_POINT('',(-4.507106781187,-1.,-5.95));
#3137 = CARTESIAN_POINT('',(-4.507106781187,-2.066666666667,-5.95));
#3138 = CARTESIAN_POINT('',(-4.507106781187,-3.133333333333,-5.95));
#3139 = CARTESIAN_POINT('',(-4.507106781187,-4.2,-5.95));
#3140 = PCURVE('',#2037,#3141);
#3141 = DEFINITIONAL_REPRESENTATION('',(#3142),#3147);
#3142 = B_SPLINE_CURVE_WITH_KNOTS('',3,(#3143,#3144,#3145,#3146),
  .UNSPECIFIED.,.F.,.F.,(4,4),(0.,1.),.PIECEWISE_BEZIER_KNOTS.);
#3143 = CARTESIAN_POINT('',(3.2,1.));
#3144 = CARTESIAN_POINT('',(2.133333333333,1.));
#3145 = CARTESIAN_POINT('',(1.066666666667,1.));
#3146 = CARTESIAN_POINT('',(0.,1.));
#3147 = ( GEOMETRIC_REPRESENTATION_CONTEXT(2) 
PARAMETRIC_REPRESENTATION_CONTEXT() REPRESENTATION_CONTEXT('2D SPACE',''
  ) );
#3148 = PCURVE('',#2006,#3149);
#3149 = DEFINITIONAL_REPRESENTATION('',(#3150),#3155);
#3150 = B_SPLINE_CURVE_WITH_KNOTS('',3,(#3151,#3152,#3153,#3154),
  .UNSPECIFIED.,.F.,.F.,(4,4),(0.,1.),.PIECEWISE_BEZIER_KNOTS.);
#3151 = CARTESIAN_POINT('',(-3.2,7.105427357601E-15));
#3152 = CARTESIAN_POINT('',(-2.133333333333,1.021405182655E-14));
#3153 = CARTESIAN_POINT('',(-1.066666666667,1.021405182655E-14));
#3154 = CARTESIAN_POINT('',(0.,7.105427357601E-15));
#3155 = ( GEOMETRIC_REPRESENTATION_CONTEXT(2) 
PARAMETRIC_REPRESENTATION_CONTEXT() REPRESENTATION_CONTEXT('2D SPACE',''
  ) );
#3156 = ORIENTED_EDGE('',*,*,#3157,.T.);
#3157 = EDGE_CURVE('',#3132,#3077,#3158,.T.);
#3158 = SURFACE_CURVE('',#3159,(#3164,#3172),.PCURVE_S1.);
#3159 = B_SPLINE_CURVE_WITH_KNOTS('',3,(#3160,#3161,#3162,#3163),
  .UNSPECIFIED.,.F.,.F.,(4,4),(0.,1.),.PIECEWISE_BEZIER_KNOTS.);
#3160 = CARTESIAN_POINT('',(-4.507106781187,-4.2,-5.95));
#3161 = CARTESIAN_POINT('',(-4.271404520791,-4.2,-5.714297739604));
#3162 = CARTESIAN_POINT('',(-4.035702260396,-4.2,-5.478595479209));
#3163 = CARTESIAN_POINT('',(-3.8,-4.2,-5.242893218813));
#3164 = PCURVE('',#2037,#3165);
#3165 = DEFINITIONAL_REPRESENTATION('',(#3166),#3171);
#3166 = B_SPLINE_CURVE_WITH_KNOTS('',3,(#3167,#3168,#3169,#3170),
  .UNSPECIFIED.,.F.,.F.,(4,4),(0.,1.),.PIECEWISE_BEZIER_KNOTS.);
#3167 = CARTESIAN_POINT('',(0.,1.));
#3168 = CARTESIAN_POINT('',(0.,0.666666666667));
#3169 = CARTESIAN_POINT('',(0.,0.333333333333));
#3170 = CARTESIAN_POINT('',(0.,0.));
#3171 = ( GEOMETRIC_REPRESENTATION_CONTEXT(2) 
PARAMETRIC_REPRESENTATION_CONTEXT() REPRESENTATION_CONTEXT('2D SPACE',''
  ) );
#3172 = PCURVE('',#3041,#3173);
#3173 = DEFINITIONAL_REPRESENTATION('',(#3174),#3179);
#3174 = B_SPLINE_CURVE_WITH_KNOTS('',3,(#3175,#3176,#3177,#3178),
  .UNSPECIFIED.,.F.,.F.,(4,4),(0.,1.),.PIECEWISE_BEZIER_KNOTS.);
#3175 = CARTESIAN_POINT('',(-4.507106781187,5.95));
#3176 = CARTESIAN_POINT('',(-4.271404520791,5.714297739604));
#3177 = CARTESIAN_POINT('',(-4.035702260396,5.478595479209));
#3178 = CARTESIAN_POINT('',(-3.8,5.242893218813));
#3179 = ( GEOMETRIC_REPRESENTATION_CONTEXT(2) 
PARAMETRIC_REPRESENTATION_CONTEXT() REPRESENTATION_CONTEXT('2D SPACE',''
  ) );
#3180 = ADVANCED_FACE('',(#3181),#2006,.T.);
#3181 = FACE_BOUND('',#3182,.T.);
#3182 = EDGE_LOOP('',(#3183,#3184,#3185,#3211));
#3183 = ORIENTED_EDGE('',*,*,#3131,.F.);
#3184 = ORIENTED_EDGE('',*,*,#1988,.F.);
#3185 = ORIENTED_EDGE('',*,*,#3186,.T.);
#3186 = EDGE_CURVE('',#1958,#3187,#3189,.T.);
#3187 = VERTEX_POINT('',#3188);
#3188 = CARTESIAN_POINT('',(-7.335533905933,-4.2,-3.121572875254));
#3189 = SURFACE_CURVE('',#3190,(#3195,#3203),.PCURVE_S1.);
#3190 = B_SPLINE_CURVE_WITH_KNOTS('',3,(#3191,#3192,#3193,#3194),
  .UNSPECIFIED.,.F.,.F.,(4,4),(0.,1.),.PIECEWISE_BEZIER_KNOTS.);
#3191 = CARTESIAN_POINT('',(-7.335533905933,-1.,-3.121572875254));
#3192 = CARTESIAN_POINT('',(-7.335533905933,-2.066666666667,
    -3.121572875254));
#3193 = CARTESIAN_POINT('',(-7.335533905933,-3.133333333333,
    -3.121572875254));
#3194 = CARTESIAN_POINT('',(-7.335533905933,-4.2,-3.121572875254));
#3195 = PCURVE('',#2006,#3196);
#3196 = DEFINITIONAL_REPRESENTATION('',(#3197),#3202);
#3197 = B_SPLINE_CURVE_WITH_KNOTS('',3,(#3198,#3199,#3200,#3201),
  .UNSPECIFIED.,.F.,.F.,(4,4),(0.,1.),.PIECEWISE_BEZIER_KNOTS.);
#3198 = CARTESIAN_POINT('',(-3.2,-4.));
#3199 = CARTESIAN_POINT('',(-2.133333333333,-4.));
#3200 = CARTESIAN_POINT('',(-1.066666666667,-4.));
#3201 = CARTESIAN_POINT('',(0.,-4.));
#3202 = ( GEOMETRIC_REPRESENTATION_CONTEXT(2) 
PARAMETRIC_REPRESENTATION_CONTEXT() REPRESENTATION_CONTEXT('2D SPACE',''
  ) );
#3203 = PCURVE('',#1975,#3204);
#3204 = DEFINITIONAL_REPRESENTATION('',(#3205),#3210);
#3205 = B_SPLINE_CURVE_WITH_KNOTS('',3,(#3206,#3207,#3208,#3209),
  .UNSPECIFIED.,.F.,.F.,(4,4),(0.,1.),.PIECEWISE_BEZIER_KNOTS.);
#3206 = CARTESIAN_POINT('',(-3.2,0.));
#3207 = CARTESIAN_POINT('',(-2.133333333333,1.7763568394E-15));
#3208 = CARTESIAN_POINT('',(-1.066666666667,1.7763568394E-15));
#3209 = CARTESIAN_POINT('',(0.,3.552713678801E-15));
#3210 = ( GEOMETRIC_REPRESENTATION_CONTEXT(2) 
PARAMETRIC_REPRESENTATION_CONTEXT() REPRESENTATION_CONTEXT('2D SPACE',''
  ) );
#3211 = ORIENTED_EDGE('',*,*,#3212,.T.);
#3212 = EDGE_CURVE('',#3187,#3132,#3213,.T.);
#3213 = SURFACE_CURVE('',#3214,(#3219,#3227),.PCURVE_S1.);
#3214 = B_SPLINE_CURVE_WITH_KNOTS('',3,(#3215,#3216,#3217,#3218),
  .UNSPECIFIED.,.F.,.F.,(4,4),(0.,1.),.PIECEWISE_BEZIER_KNOTS.);
#3215 = CARTESIAN_POINT('',(-7.335533905933,-4.2,-3.121572875254));
#3216 = CARTESIAN_POINT('',(-6.392724864351,-4.2,-4.064381916836));
#3217 = CARTESIAN_POINT('',(-5.449915822769,-4.2,-5.007190958418));
#3218 = CARTESIAN_POINT('',(-4.507106781187,-4.2,-5.95));
#3219 = PCURVE('',#2006,#3220);
#3220 = DEFINITIONAL_REPRESENTATION('',(#3221),#3226);
#3221 = B_SPLINE_CURVE_WITH_KNOTS('',3,(#3222,#3223,#3224,#3225),
  .UNSPECIFIED.,.F.,.F.,(4,4),(0.,1.),.PIECEWISE_BEZIER_KNOTS.);
#3222 = CARTESIAN_POINT('',(0.,-4.));
#3223 = CARTESIAN_POINT('',(0.,-2.666666666667));
#3224 = CARTESIAN_POINT('',(0.,-1.333333333333));
#3225 = CARTESIAN_POINT('',(0.,7.105427357601E-15));
#3226 = ( GEOMETRIC_REPRESENTATION_CONTEXT(2) 
PARAMETRIC_REPRESENTATION_CONTEXT() REPRESENTATION_CONTEXT('2D SPACE',''
  ) );
#3227 = PCURVE('',#3041,#3228);
#3228 = DEFINITIONAL_REPRESENTATION('',(#3229),#3234);
#3229 = B_SPLINE_CURVE_WITH_KNOTS('',3,(#3230,#3231,#3232,#3233),
  .UNSPECIFIED.,.F.,.F.,(4,4),(0.,1.),.PIECEWISE_BEZIER_KNOTS.);
#3230 = CARTESIAN_POINT('',(-7.335533905933,3.121572875254));
#3231 = CARTESIAN_POINT('',(-6.392724864351,4.064381916836));
#3232 = CARTESIAN_POINT('',(-5.449915822769,5.007190958418));
#3233 = CARTESIAN_POINT('',(-4.507106781187,5.95));
#3234 = ( GEOMETRIC_REPRESENTATION_CONTEXT(2) 
PARAMETRIC_REPRESENTATION_CONTEXT() REPRESENTATION_CONTEXT('2D SPACE',''
  ) );
#3235 = ADVANCED_FACE('',(#3236),#1975,.T.);
#3236 = FACE_BOUND('',#3237,.T.);
#3237 = EDGE_LOOP('',(#3238,#3239,#3240,#3241));
#3238 = ORIENTED_EDGE('',*,*,#3186,.F.);
#3239 = ORIENTED_EDGE('',*,*,#1957,.F.);
#3240 = ORIENTED_EDGE('',*,*,#2980,.F.);
#3241 = ORIENTED_EDGE('',*,*,#3242,.T.);
#3242 = EDGE_CURVE('',#2981,#3187,#3243,.T.);
#3243 = SURFACE_CURVE('',#3244,(#3249,#3257),.PCURVE_S1.);
#3244 = B_SPLINE_CURVE_WITH_KNOTS('',3,(#3245,#3246,#3247,#3248),
  .UNSPECIFIED.,.F.,.F.,(4,4),(0.,1.),.PIECEWISE_BEZIER_KNOTS.);
#3245 = CARTESIAN_POINT('',(-6.628427124746,-4.2,-2.414466094067));
#3246 = CARTESIAN_POINT('',(-6.864129385142,-4.2,-2.650168354463));
#3247 = CARTESIAN_POINT('',(-7.099831645537,-4.2,-2.885870614858));
#3248 = CARTESIAN_POINT('',(-7.335533905933,-4.2,-3.121572875254));
#3249 = PCURVE('',#1975,#3250);
#3250 = DEFINITIONAL_REPRESENTATION('',(#3251),#3256);
#3251 = B_SPLINE_CURVE_WITH_KNOTS('',3,(#3252,#3253,#3254,#3255),
  .UNSPECIFIED.,.F.,.F.,(4,4),(0.,1.),.PIECEWISE_BEZIER_KNOTS.);
#3252 = CARTESIAN_POINT('',(0.,-1.));
#3253 = CARTESIAN_POINT('',(0.,-0.666666666667));
#3254 = CARTESIAN_POINT('',(0.,-0.333333333333));
#3255 = CARTESIAN_POINT('',(0.,3.552713678801E-15));
#3256 = ( GEOMETRIC_REPRESENTATION_CONTEXT(2) 
PARAMETRIC_REPRESENTATION_CONTEXT() REPRESENTATION_CONTEXT('2D SPACE',''
  ) );
#3257 = PCURVE('',#3041,#3258);
#3258 = DEFINITIONAL_REPRESENTATION('',(#3259),#3264);
#3259 = B_SPLINE_CURVE_WITH_KNOTS('',3,(#3260,#3261,#3262,#3263),
  .UNSPECIFIED.,.F.,.F.,(4,4),(0.,1.),.PIECEWISE_BEZIER_KNOTS.);
#3260 = CARTESIAN_POINT('',(-6.628427124746,2.414466094067));
#3261 = CARTESIAN_POINT('',(-6.864129385142,2.650168354463));
#3262 = CARTESIAN_POINT('',(-7.099831645537,2.885870614858));
#3263 = CARTESIAN_POINT('',(-7.335533905933,3.121572875254));
#3264 = ( GEOMETRIC_REPRESENTATION_CONTEXT(2) 
PARAMETRIC_REPRESENTATION_CONTEXT() REPRESENTATION_CONTEXT('2D SPACE',''
  ) );
#3265 = ADVANCED_FACE('',(#3266),#2339,.F.);
#3266 = FACE_BOUND('',#3267,.T.);
#3267 = EDGE_LOOP('',(#3268,#3301,#3317,#3318));
#3268 = ORIENTED_EDGE('',*,*,#3269,.F.);
#3269 = EDGE_CURVE('',#3270,#3272,#3274,.T.);
#3270 = VERTEX_POINT('',#3271);
#3271 = CARTESIAN_POINT('',(-5.92132034356,-4.2,2.414466094067));
#3272 = VERTEX_POINT('',#3273);
#3273 = CARTESIAN_POINT('',(-6.628427124746,-4.2,2.414466094067));
#3274 = SURFACE_CURVE('',#3275,(#3280,#3288),.PCURVE_S1.);
#3275 = B_SPLINE_CURVE_WITH_KNOTS('',3,(#3276,#3277,#3278,#3279),
  .UNSPECIFIED.,.F.,.F.,(4,4),(0.,1.),.PIECEWISE_BEZIER_KNOTS.);
#3276 = CARTESIAN_POINT('',(-5.92132034356,-4.2,2.414466094067));
#3277 = CARTESIAN_POINT('',(-6.157022603955,-4.2,2.414466094067));
#3278 = CARTESIAN_POINT('',(-6.392724864351,-4.2,2.414466094067));
#3279 = CARTESIAN_POINT('',(-6.628427124746,-4.2,2.414466094067));
#3280 = PCURVE('',#2339,#3281);
#3281 = DEFINITIONAL_REPRESENTATION('',(#3282),#3287);
#3282 = B_SPLINE_CURVE_WITH_KNOTS('',3,(#3283,#3284,#3285,#3286),
  .UNSPECIFIED.,.F.,.F.,(4,4),(0.,1.),.PIECEWISE_BEZIER_KNOTS.);
#3283 = CARTESIAN_POINT('',(-0.707106781187,0.));
#3284 = CARTESIAN_POINT('',(-0.471404520791,0.));
#3285 = CARTESIAN_POINT('',(-0.235702260396,0.));
#3286 = CARTESIAN_POINT('',(0.,0.));
#3287 = ( GEOMETRIC_REPRESENTATION_CONTEXT(2) 
PARAMETRIC_REPRESENTATION_CONTEXT() REPRESENTATION_CONTEXT('2D SPACE',''
  ) );
#3288 = PCURVE('',#3289,#3294);
#3289 = PLANE('',#3290);
#3290 = AXIS2_PLACEMENT_3D('',#3291,#3292,#3293);
#3291 = CARTESIAN_POINT('',(0.,-4.2,0.));
#3292 = DIRECTION('',(-0.,1.,0.));
#3293 = DIRECTION('',(1.,0.,0.));
#3294 = DEFINITIONAL_REPRESENTATION('',(#3295),#3300);
#3295 = B_SPLINE_CURVE_WITH_KNOTS('',3,(#3296,#3297,#3298,#3299),
  .UNSPECIFIED.,.F.,.F.,(4,4),(0.,1.),.PIECEWISE_BEZIER_KNOTS.);
#3296 = CARTESIAN_POINT('',(-5.92132034356,-2.414466094067));
#3297 = CARTESIAN_POINT('',(-6.157022603955,-2.414466094067));
#3298 = CARTESIAN_POINT('',(-6.392724864351,-2.414466094067));
#3299 = CARTESIAN_POINT('',(-6.628427124746,-2.414466094067));
#3300 = ( GEOMETRIC_REPRESENTATION_CONTEXT(2) 
PARAMETRIC_REPRESENTATION_CONTEXT() REPRESENTATION_CONTEXT('2D SPACE',''
  ) );
#3301 = ORIENTED_EDGE('',*,*,#3302,.F.);
#3302 = EDGE_CURVE('',#2322,#3270,#3303,.T.);
#3303 = SURFACE_CURVE('',#3304,(#3309),.PCURVE_S1.);
#3304 = B_SPLINE_CURVE_WITH_KNOTS('',3,(#3305,#3306,#3307,#3308),
  .UNSPECIFIED.,.F.,.F.,(4,4),(-1.,-0.),.PIECEWISE_BEZIER_KNOTS.);
#3305 = CARTESIAN_POINT('',(-5.92132034356,-1.,2.414466094067));
#3306 = CARTESIAN_POINT('',(-5.92132034356,-2.066666666667,
    2.414466094067));
#3307 = CARTESIAN_POINT('',(-5.92132034356,-3.133333333333,
    2.414466094067));
#3308 = CARTESIAN_POINT('',(-5.92132034356,-4.2,2.414466094067));
#3309 = PCURVE('',#2339,#3310);
#3310 = DEFINITIONAL_REPRESENTATION('',(#3311),#3316);
#3311 = B_SPLINE_CURVE_WITH_KNOTS('',3,(#3312,#3313,#3314,#3315),
  .UNSPECIFIED.,.F.,.F.,(4,4),(-1.,-0.),.PIECEWISE_BEZIER_KNOTS.);
#3312 = CARTESIAN_POINT('',(-0.707106781187,3.2));
#3313 = CARTESIAN_POINT('',(-0.707106781187,2.133333333333));
#3314 = CARTESIAN_POINT('',(-0.707106781187,1.066666666667));
#3315 = CARTESIAN_POINT('',(-0.707106781187,0.));
#3316 = ( GEOMETRIC_REPRESENTATION_CONTEXT(2) 
PARAMETRIC_REPRESENTATION_CONTEXT() REPRESENTATION_CONTEXT('2D SPACE',''
  ) );
#3317 = ORIENTED_EDGE('',*,*,#2319,.F.);
#3318 = ORIENTED_EDGE('',*,*,#3319,.F.);
#3319 = EDGE_CURVE('',#3272,#2320,#3320,.T.);
#3320 = SURFACE_CURVE('',#3321,(#3326,#3334),.PCURVE_S1.);
#3321 = B_SPLINE_CURVE_WITH_KNOTS('',3,(#3322,#3323,#3324,#3325),
  .UNSPECIFIED.,.F.,.F.,(4,4),(0.,1.),.PIECEWISE_BEZIER_KNOTS.);
#3322 = CARTESIAN_POINT('',(-6.628427124746,-4.2,2.414466094067));
#3323 = CARTESIAN_POINT('',(-6.628427124746,-3.133333333333,
    2.414466094067));
#3324 = CARTESIAN_POINT('',(-6.628427124746,-2.066666666667,
    2.414466094067));
#3325 = CARTESIAN_POINT('',(-6.628427124746,-1.,2.414466094067));
#3326 = PCURVE('',#2339,#3327);
#3327 = DEFINITIONAL_REPRESENTATION('',(#3328),#3333);
#3328 = B_SPLINE_CURVE_WITH_KNOTS('',3,(#3329,#3330,#3331,#3332),
  .UNSPECIFIED.,.F.,.F.,(4,4),(0.,1.),.PIECEWISE_BEZIER_KNOTS.);
#3329 = CARTESIAN_POINT('',(0.,0.));
#3330 = CARTESIAN_POINT('',(-4.440892098501E-15,1.066666666667));
#3331 = CARTESIAN_POINT('',(-4.440892098501E-15,2.133333333333));
#3332 = CARTESIAN_POINT('',(0.,3.2));
#3333 = ( GEOMETRIC_REPRESENTATION_CONTEXT(2) 
PARAMETRIC_REPRESENTATION_CONTEXT() REPRESENTATION_CONTEXT('2D SPACE',''
  ) );
#3334 = PCURVE('',#2479,#3335);
#3335 = DEFINITIONAL_REPRESENTATION('',(#3336),#3341);
#3336 = B_SPLINE_CURVE_WITH_KNOTS('',3,(#3337,#3338,#3339,#3340),
  .UNSPECIFIED.,.F.,.F.,(4,4),(0.,1.),.PIECEWISE_BEZIER_KNOTS.);
#3337 = CARTESIAN_POINT('',(-1.,0.));
#3338 = CARTESIAN_POINT('',(-1.,1.066666666667));
#3339 = CARTESIAN_POINT('',(-1.,2.133333333333));
#3340 = CARTESIAN_POINT('',(-1.,3.2));
#3341 = ( GEOMETRIC_REPRESENTATION_CONTEXT(2) 
PARAMETRIC_REPRESENTATION_CONTEXT() REPRESENTATION_CONTEXT('2D SPACE',''
  ) );
#3342 = ADVANCED_FACE('',(#3343),#2479,.F.);
#3343 = FACE_BOUND('',#3344,.T.);
#3344 = EDGE_LOOP('',(#3345,#3371,#3372,#3373));
#3345 = ORIENTED_EDGE('',*,*,#3346,.F.);
#3346 = EDGE_CURVE('',#3272,#3347,#3349,.T.);
#3347 = VERTEX_POINT('',#3348);
#3348 = CARTESIAN_POINT('',(-7.335533905933,-4.2,3.121572875254));
#3349 = SURFACE_CURVE('',#3350,(#3355,#3363),.PCURVE_S1.);
#3350 = B_SPLINE_CURVE_WITH_KNOTS('',3,(#3351,#3352,#3353,#3354),
  .UNSPECIFIED.,.F.,.F.,(4,4),(0.,1.),.PIECEWISE_BEZIER_KNOTS.);
#3351 = CARTESIAN_POINT('',(-6.628427124746,-4.2,2.414466094067));
#3352 = CARTESIAN_POINT('',(-6.864129385142,-4.2,2.650168354463));
#3353 = CARTESIAN_POINT('',(-7.099831645537,-4.2,2.885870614858));
#3354 = CARTESIAN_POINT('',(-7.335533905933,-4.2,3.121572875254));
#3355 = PCURVE('',#2479,#3356);
#3356 = DEFINITIONAL_REPRESENTATION('',(#3357),#3362);
#3357 = B_SPLINE_CURVE_WITH_KNOTS('',3,(#3358,#3359,#3360,#3361),
  .UNSPECIFIED.,.F.,.F.,(4,4),(0.,1.),.PIECEWISE_BEZIER_KNOTS.);
#3358 = CARTESIAN_POINT('',(-1.,0.));
#3359 = CARTESIAN_POINT('',(-0.666666666667,0.));
#3360 = CARTESIAN_POINT('',(-0.333333333333,0.));
#3361 = CARTESIAN_POINT('',(0.,0.));
#3362 = ( GEOMETRIC_REPRESENTATION_CONTEXT(2) 
PARAMETRIC_REPRESENTATION_CONTEXT() REPRESENTATION_CONTEXT('2D SPACE',''
  ) );
#3363 = PCURVE('',#3289,#3364);
#3364 = DEFINITIONAL_REPRESENTATION('',(#3365),#3370);
#3365 = B_SPLINE_CURVE_WITH_KNOTS('',3,(#3366,#3367,#3368,#3369),
  .UNSPECIFIED.,.F.,.F.,(4,4),(0.,1.),.PIECEWISE_BEZIER_KNOTS.);
#3366 = CARTESIAN_POINT('',(-6.628427124746,-2.414466094067));
#3367 = CARTESIAN_POINT('',(-6.864129385142,-2.650168354463));
#3368 = CARTESIAN_POINT('',(-7.099831645537,-2.885870614858));
#3369 = CARTESIAN_POINT('',(-7.335533905933,-3.121572875254));
#3370 = ( GEOMETRIC_REPRESENTATION_CONTEXT(2) 
PARAMETRIC_REPRESENTATION_CONTEXT() REPRESENTATION_CONTEXT('2D SPACE',''
  ) );
#3371 = ORIENTED_EDGE('',*,*,#3319,.T.);
#3372 = ORIENTED_EDGE('',*,*,#2463,.F.);
#3373 = ORIENTED_EDGE('',*,*,#3374,.F.);
#3374 = EDGE_CURVE('',#3347,#2433,#3375,.T.);
#3375 = SURFACE_CURVE('',#3376,(#3381,#3389),.PCURVE_S1.);
#3376 = B_SPLINE_CURVE_WITH_KNOTS('',3,(#3377,#3378,#3379,#3380),
  .UNSPECIFIED.,.F.,.F.,(4,4),(0.,1.),.PIECEWISE_BEZIER_KNOTS.);
#3377 = CARTESIAN_POINT('',(-7.335533905933,-4.2,3.121572875254));
#3378 = CARTESIAN_POINT('',(-7.335533905933,-3.133333333333,
    3.121572875254));
#3379 = CARTESIAN_POINT('',(-7.335533905933,-2.066666666667,
    3.121572875254));
#3380 = CARTESIAN_POINT('',(-7.335533905933,-1.,3.121572875254));
#3381 = PCURVE('',#2479,#3382);
#3382 = DEFINITIONAL_REPRESENTATION('',(#3383),#3388);
#3383 = B_SPLINE_CURVE_WITH_KNOTS('',3,(#3384,#3385,#3386,#3387),
  .UNSPECIFIED.,.F.,.F.,(4,4),(0.,1.),.PIECEWISE_BEZIER_KNOTS.);
#3384 = CARTESIAN_POINT('',(0.,0.));
#3385 = CARTESIAN_POINT('',(1.7763568394E-15,1.066666666667));
#3386 = CARTESIAN_POINT('',(1.7763568394E-15,2.133333333333));
#3387 = CARTESIAN_POINT('',(0.,3.2));
#3388 = ( GEOMETRIC_REPRESENTATION_CONTEXT(2) 
PARAMETRIC_REPRESENTATION_CONTEXT() REPRESENTATION_CONTEXT('2D SPACE',''
  ) );
#3389 = PCURVE('',#2450,#3390);
#3390 = DEFINITIONAL_REPRESENTATION('',(#3391),#3396);
#3391 = B_SPLINE_CURVE_WITH_KNOTS('',3,(#3392,#3393,#3394,#3395),
  .UNSPECIFIED.,.F.,.F.,(4,4),(0.,1.),.PIECEWISE_BEZIER_KNOTS.);
#3392 = CARTESIAN_POINT('',(0.,4.));
#3393 = CARTESIAN_POINT('',(1.066666666667,4.));
#3394 = CARTESIAN_POINT('',(2.133333333333,4.));
#3395 = CARTESIAN_POINT('',(3.2,4.));
#3396 = ( GEOMETRIC_REPRESENTATION_CONTEXT(2) 
PARAMETRIC_REPRESENTATION_CONTEXT() REPRESENTATION_CONTEXT('2D SPACE',''
  ) );
#3397 = ADVANCED_FACE('',(#3398),#2450,.F.);
#3398 = FACE_BOUND('',#3399,.T.);
#3399 = EDGE_LOOP('',(#3400,#3426,#3427,#3428));
#3400 = ORIENTED_EDGE('',*,*,#3401,.F.);
#3401 = EDGE_CURVE('',#3347,#3402,#3404,.T.);
#3402 = VERTEX_POINT('',#3403);
#3403 = CARTESIAN_POINT('',(-4.507106781187,-4.2,5.95));
#3404 = SURFACE_CURVE('',#3405,(#3410,#3418),.PCURVE_S1.);
#3405 = B_SPLINE_CURVE_WITH_KNOTS('',3,(#3406,#3407,#3408,#3409),
  .UNSPECIFIED.,.F.,.F.,(4,4),(0.,1.),.PIECEWISE_BEZIER_KNOTS.);
#3406 = CARTESIAN_POINT('',(-7.335533905933,-4.2,3.121572875254));
#3407 = CARTESIAN_POINT('',(-6.392724864351,-4.2,4.064381916836));
#3408 = CARTESIAN_POINT('',(-5.449915822769,-4.2,5.007190958418));
#3409 = CARTESIAN_POINT('',(-4.507106781187,-4.2,5.95));
#3410 = PCURVE('',#2450,#3411);
#3411 = DEFINITIONAL_REPRESENTATION('',(#3412),#3417);
#3412 = B_SPLINE_CURVE_WITH_KNOTS('',3,(#3413,#3414,#3415,#3416),
  .UNSPECIFIED.,.F.,.F.,(4,4),(0.,1.),.PIECEWISE_BEZIER_KNOTS.);
#3413 = CARTESIAN_POINT('',(0.,4.));
#3414 = CARTESIAN_POINT('',(0.,2.666666666667));
#3415 = CARTESIAN_POINT('',(0.,1.333333333333));
#3416 = CARTESIAN_POINT('',(0.,-7.105427357601E-15));
#3417 = ( GEOMETRIC_REPRESENTATION_CONTEXT(2) 
PARAMETRIC_REPRESENTATION_CONTEXT() REPRESENTATION_CONTEXT('2D SPACE',''
  ) );
#3418 = PCURVE('',#3289,#3419);
#3419 = DEFINITIONAL_REPRESENTATION('',(#3420),#3425);
#3420 = B_SPLINE_CURVE_WITH_KNOTS('',3,(#3421,#3422,#3423,#3424),
  .UNSPECIFIED.,.F.,.F.,(4,4),(0.,1.),.PIECEWISE_BEZIER_KNOTS.);
#3421 = CARTESIAN_POINT('',(-7.335533905933,-3.121572875254));
#3422 = CARTESIAN_POINT('',(-6.392724864351,-4.064381916836));
#3423 = CARTESIAN_POINT('',(-5.449915822769,-5.007190958418));
#3424 = CARTESIAN_POINT('',(-4.507106781187,-5.95));
#3425 = ( GEOMETRIC_REPRESENTATION_CONTEXT(2) 
PARAMETRIC_REPRESENTATION_CONTEXT() REPRESENTATION_CONTEXT('2D SPACE',''
  ) );
#3426 = ORIENTED_EDGE('',*,*,#3374,.T.);
#3427 = ORIENTED_EDGE('',*,*,#2432,.F.);
#3428 = ORIENTED_EDGE('',*,*,#3429,.F.);
#3429 = EDGE_CURVE('',#3402,#2402,#3430,.T.);
#3430 = SURFACE_CURVE('',#3431,(#3436,#3444),.PCURVE_S1.);
#3431 = B_SPLINE_CURVE_WITH_KNOTS('',3,(#3432,#3433,#3434,#3435),
  .UNSPECIFIED.,.F.,.F.,(4,4),(0.,1.),.PIECEWISE_BEZIER_KNOTS.);
#3432 = CARTESIAN_POINT('',(-4.507106781187,-4.2,5.95));
#3433 = CARTESIAN_POINT('',(-4.507106781187,-3.133333333333,5.95));
#3434 = CARTESIAN_POINT('',(-4.507106781187,-2.066666666667,5.95));
#3435 = CARTESIAN_POINT('',(-4.507106781187,-1.,5.95));
#3436 = PCURVE('',#2450,#3437);
#3437 = DEFINITIONAL_REPRESENTATION('',(#3438),#3443);
#3438 = B_SPLINE_CURVE_WITH_KNOTS('',3,(#3439,#3440,#3441,#3442),
  .UNSPECIFIED.,.F.,.F.,(4,4),(0.,1.),.PIECEWISE_BEZIER_KNOTS.);
#3439 = CARTESIAN_POINT('',(0.,-7.105427357601E-15));
#3440 = CARTESIAN_POINT('',(1.066666666667,-1.021405182655E-14));
#3441 = CARTESIAN_POINT('',(2.133333333333,-1.021405182655E-14));
#3442 = CARTESIAN_POINT('',(3.2,-7.105427357601E-15));
#3443 = ( GEOMETRIC_REPRESENTATION_CONTEXT(2) 
PARAMETRIC_REPRESENTATION_CONTEXT() REPRESENTATION_CONTEXT('2D SPACE',''
  ) );
#3444 = PCURVE('',#2419,#3445);
#3445 = DEFINITIONAL_REPRESENTATION('',(#3446),#3451);
#3446 = B_SPLINE_CURVE_WITH_KNOTS('',3,(#3447,#3448,#3449,#3450),
  .UNSPECIFIED.,.F.,.F.,(4,4),(0.,1.),.PIECEWISE_BEZIER_KNOTS.);
#3447 = CARTESIAN_POINT('',(0.,-1.));
#3448 = CARTESIAN_POINT('',(-1.066666666667,-1.));
#3449 = CARTESIAN_POINT('',(-2.133333333333,-1.));
#3450 = CARTESIAN_POINT('',(-3.2,-1.));
#3451 = ( GEOMETRIC_REPRESENTATION_CONTEXT(2) 
PARAMETRIC_REPRESENTATION_CONTEXT() REPRESENTATION_CONTEXT('2D SPACE',''
  ) );
#3452 = ADVANCED_FACE('',(#3453),#2419,.F.);
#3453 = FACE_BOUND('',#3454,.T.);
#3454 = EDGE_LOOP('',(#3455,#3481,#3482,#3483));
#3455 = ORIENTED_EDGE('',*,*,#3456,.F.);
#3456 = EDGE_CURVE('',#3402,#3457,#3459,.T.);
#3457 = VERTEX_POINT('',#3458);
#3458 = CARTESIAN_POINT('',(-3.8,-4.2,5.242893218813));
#3459 = SURFACE_CURVE('',#3460,(#3465,#3473),.PCURVE_S1.);
#3460 = B_SPLINE_CURVE_WITH_KNOTS('',3,(#3461,#3462,#3463,#3464),
  .UNSPECIFIED.,.F.,.F.,(4,4),(0.,1.),.PIECEWISE_BEZIER_KNOTS.);
#3461 = CARTESIAN_POINT('',(-4.507106781187,-4.2,5.95));
#3462 = CARTESIAN_POINT('',(-4.271404520791,-4.2,5.714297739604));
#3463 = CARTESIAN_POINT('',(-4.035702260396,-4.2,5.478595479209));
#3464 = CARTESIAN_POINT('',(-3.8,-4.2,5.242893218813));
#3465 = PCURVE('',#2419,#3466);
#3466 = DEFINITIONAL_REPRESENTATION('',(#3467),#3472);
#3467 = B_SPLINE_CURVE_WITH_KNOTS('',3,(#3468,#3469,#3470,#3471),
  .UNSPECIFIED.,.F.,.F.,(4,4),(0.,1.),.PIECEWISE_BEZIER_KNOTS.);
#3468 = CARTESIAN_POINT('',(0.,-1.));
#3469 = CARTESIAN_POINT('',(0.,-0.666666666667));
#3470 = CARTESIAN_POINT('',(0.,-0.333333333333));
#3471 = CARTESIAN_POINT('',(0.,0.));
#3472 = ( GEOMETRIC_REPRESENTATION_CONTEXT(2) 
PARAMETRIC_REPRESENTATION_CONTEXT() REPRESENTATION_CONTEXT('2D SPACE',''
  ) );
#3473 = PCURVE('',#3289,#3474);
#3474 = DEFINITIONAL_REPRESENTATION('',(#3475),#3480);
#3475 = B_SPLINE_CURVE_WITH_KNOTS('',3,(#3476,#3477,#3478,#3479),
  .UNSPECIFIED.,.F.,.F.,(4,4),(0.,1.),.PIECEWISE_BEZIER_KNOTS.);
#3476 = CARTESIAN_POINT('',(-4.507106781187,-5.95));
#3477 = CARTESIAN_POINT('',(-4.271404520791,-5.714297739604));
#3478 = CARTESIAN_POINT('',(-4.035702260396,-5.478595479209));
#3479 = CARTESIAN_POINT('',(-3.8,-5.242893218813));
#3480 = ( GEOMETRIC_REPRESENTATION_CONTEXT(2) 
PARAMETRIC_REPRESENTATION_CONTEXT() REPRESENTATION_CONTEXT('2D SPACE',''
  ) );
#3481 = ORIENTED_EDGE('',*,*,#3429,.T.);
#3482 = ORIENTED_EDGE('',*,*,#2401,.F.);
#3483 = ORIENTED_EDGE('',*,*,#3484,.F.);
#3484 = EDGE_CURVE('',#3457,#2371,#3485,.T.);
#3485 = SURFACE_CURVE('',#3486,(#3491,#3499),.PCURVE_S1.);
#3486 = B_SPLINE_CURVE_WITH_KNOTS('',3,(#3487,#3488,#3489,#3490),
  .UNSPECIFIED.,.F.,.F.,(4,4),(0.,1.),.PIECEWISE_BEZIER_KNOTS.);
#3487 = CARTESIAN_POINT('',(-3.8,-4.2,5.242893218813));
#3488 = CARTESIAN_POINT('',(-3.8,-3.133333333333,5.242893218813));
#3489 = CARTESIAN_POINT('',(-3.8,-2.066666666667,5.242893218813));
#3490 = CARTESIAN_POINT('',(-3.8,-1.,5.242893218813));
#3491 = PCURVE('',#2419,#3492);
#3492 = DEFINITIONAL_REPRESENTATION('',(#3493),#3498);
#3493 = B_SPLINE_CURVE_WITH_KNOTS('',3,(#3494,#3495,#3496,#3497),
  .UNSPECIFIED.,.F.,.F.,(4,4),(0.,1.),.PIECEWISE_BEZIER_KNOTS.);
#3494 = CARTESIAN_POINT('',(0.,0.));
#3495 = CARTESIAN_POINT('',(-1.066666666667,5.329070518201E-15));
#3496 = CARTESIAN_POINT('',(-2.133333333333,5.329070518201E-15));
#3497 = CARTESIAN_POINT('',(-3.2,0.));
#3498 = ( GEOMETRIC_REPRESENTATION_CONTEXT(2) 
PARAMETRIC_REPRESENTATION_CONTEXT() REPRESENTATION_CONTEXT('2D SPACE',''
  ) );
#3499 = PCURVE('',#2388,#3500);
#3500 = DEFINITIONAL_REPRESENTATION('',(#3501),#3506);
#3501 = B_SPLINE_CURVE_WITH_KNOTS('',3,(#3502,#3503,#3504,#3505),
  .UNSPECIFIED.,.F.,.F.,(4,4),(0.,1.),.PIECEWISE_BEZIER_KNOTS.);
#3502 = CARTESIAN_POINT('',(-0.707106781187,0.));
#3503 = CARTESIAN_POINT('',(-0.707106781187,1.066666666667));
#3504 = CARTESIAN_POINT('',(-0.707106781187,2.133333333333));
#3505 = CARTESIAN_POINT('',(-0.707106781187,3.2));
#3506 = ( GEOMETRIC_REPRESENTATION_CONTEXT(2) 
PARAMETRIC_REPRESENTATION_CONTEXT() REPRESENTATION_CONTEXT('2D SPACE',''
  ) );
#3507 = ADVANCED_FACE('',(#3508),#2388,.F.);
#3508 = FACE_BOUND('',#3509,.T.);
#3509 = EDGE_LOOP('',(#3510,#3536,#3537,#3538));
#3510 = ORIENTED_EDGE('',*,*,#3511,.F.);
#3511 = EDGE_CURVE('',#3457,#3512,#3514,.T.);
#3512 = VERTEX_POINT('',#3513);
#3513 = CARTESIAN_POINT('',(-3.8,-4.2,4.535786437627));
#3514 = SURFACE_CURVE('',#3515,(#3520,#3528),.PCURVE_S1.);
#3515 = B_SPLINE_CURVE_WITH_KNOTS('',3,(#3516,#3517,#3518,#3519),
  .UNSPECIFIED.,.F.,.F.,(4,4),(0.,1.),.PIECEWISE_BEZIER_KNOTS.);
#3516 = CARTESIAN_POINT('',(-3.8,-4.2,5.242893218813));
#3517 = CARTESIAN_POINT('',(-3.8,-4.2,5.007190958418));
#3518 = CARTESIAN_POINT('',(-3.8,-4.2,4.771488698022));
#3519 = CARTESIAN_POINT('',(-3.8,-4.2,4.535786437627));
#3520 = PCURVE('',#2388,#3521);
#3521 = DEFINITIONAL_REPRESENTATION('',(#3522),#3527);
#3522 = B_SPLINE_CURVE_WITH_KNOTS('',3,(#3523,#3524,#3525,#3526),
  .UNSPECIFIED.,.F.,.F.,(4,4),(0.,1.),.PIECEWISE_BEZIER_KNOTS.);
#3523 = CARTESIAN_POINT('',(-0.707106781187,0.));
#3524 = CARTESIAN_POINT('',(-0.471404520791,0.));
#3525 = CARTESIAN_POINT('',(-0.235702260396,0.));
#3526 = CARTESIAN_POINT('',(0.,0.));
#3527 = ( GEOMETRIC_REPRESENTATION_CONTEXT(2) 
PARAMETRIC_REPRESENTATION_CONTEXT() REPRESENTATION_CONTEXT('2D SPACE',''
  ) );
#3528 = PCURVE('',#3289,#3529);
#3529 = DEFINITIONAL_REPRESENTATION('',(#3530),#3535);
#3530 = B_SPLINE_CURVE_WITH_KNOTS('',3,(#3531,#3532,#3533,#3534),
  .UNSPECIFIED.,.F.,.F.,(4,4),(0.,1.),.PIECEWISE_BEZIER_KNOTS.);
#3531 = CARTESIAN_POINT('',(-3.8,-5.242893218813));
#3532 = CARTESIAN_POINT('',(-3.8,-5.007190958418));
#3533 = CARTESIAN_POINT('',(-3.8,-4.771488698022));
#3534 = CARTESIAN_POINT('',(-3.8,-4.535786437627));
#3535 = ( GEOMETRIC_REPRESENTATION_CONTEXT(2) 
PARAMETRIC_REPRESENTATION_CONTEXT() REPRESENTATION_CONTEXT('2D SPACE',''
  ) );
#3536 = ORIENTED_EDGE('',*,*,#3484,.T.);
#3537 = ORIENTED_EDGE('',*,*,#2370,.F.);
#3538 = ORIENTED_EDGE('',*,*,#3539,.F.);
#3539 = EDGE_CURVE('',#3512,#2353,#3540,.T.);
#3540 = SURFACE_CURVE('',#3541,(#3546),.PCURVE_S1.);
#3541 = B_SPLINE_CURVE_WITH_KNOTS('',3,(#3542,#3543,#3544,#3545),
  .UNSPECIFIED.,.F.,.F.,(4,4),(-1.,-0.),.PIECEWISE_BEZIER_KNOTS.);
#3542 = CARTESIAN_POINT('',(-3.8,-4.2,4.535786437627));
#3543 = CARTESIAN_POINT('',(-3.8,-3.133333333333,4.535786437627));
#3544 = CARTESIAN_POINT('',(-3.8,-2.066666666667,4.535786437627));
#3545 = CARTESIAN_POINT('',(-3.8,-1.,4.535786437627));
#3546 = PCURVE('',#2388,#3547);
#3547 = DEFINITIONAL_REPRESENTATION('',(#3548),#3553);
#3548 = B_SPLINE_CURVE_WITH_KNOTS('',3,(#3549,#3550,#3551,#3552),
  .UNSPECIFIED.,.F.,.F.,(4,4),(-1.,-0.),.PIECEWISE_BEZIER_KNOTS.);
#3549 = CARTESIAN_POINT('',(0.,0.));
#3550 = CARTESIAN_POINT('',(0.,1.066666666667));
#3551 = CARTESIAN_POINT('',(0.,2.133333333333));
#3552 = CARTESIAN_POINT('',(0.,3.2));
#3553 = ( GEOMETRIC_REPRESENTATION_CONTEXT(2) 
PARAMETRIC_REPRESENTATION_CONTEXT() REPRESENTATION_CONTEXT('2D SPACE',''
  ) );
#3554 = ADVANCED_FACE('',(#3555),#3041,.T.);
#3555 = FACE_BOUND('',#3556,.T.);
#3556 = EDGE_LOOP('',(#3557,#3558,#3559,#3575,#3576,#3577));
#3557 = ORIENTED_EDGE('',*,*,#3242,.F.);
#3558 = ORIENTED_EDGE('',*,*,#3025,.F.);
#3559 = ORIENTED_EDGE('',*,*,#3560,.T.);
#3560 = EDGE_CURVE('',#3008,#3058,#3561,.T.);
#3561 = SURFACE_CURVE('',#3562,(#3567),.PCURVE_S1.);
#3562 = B_SPLINE_CURVE_WITH_KNOTS('',3,(#3563,#3564,#3565,#3566),
  .UNSPECIFIED.,.F.,.F.,(4,4),(0.,1.),.PIECEWISE_BEZIER_KNOTS.);
#3563 = CARTESIAN_POINT('',(-5.92132034356,-4.2,-2.414466094067));
#3564 = CARTESIAN_POINT('',(-5.214213562373,-4.2,-3.121572875254));
#3565 = CARTESIAN_POINT('',(-4.507106781187,-4.2,-3.82867965644));
#3566 = CARTESIAN_POINT('',(-3.8,-4.2,-4.535786437627));
#3567 = PCURVE('',#3041,#3568);
#3568 = DEFINITIONAL_REPRESENTATION('',(#3569),#3574);
#3569 = B_SPLINE_CURVE_WITH_KNOTS('',3,(#3570,#3571,#3572,#3573),
  .UNSPECIFIED.,.F.,.F.,(4,4),(0.,1.),.PIECEWISE_BEZIER_KNOTS.);
#3570 = CARTESIAN_POINT('',(-5.92132034356,2.414466094067));
#3571 = CARTESIAN_POINT('',(-5.214213562373,3.121572875254));
#3572 = CARTESIAN_POINT('',(-4.507106781187,3.82867965644));
#3573 = CARTESIAN_POINT('',(-3.8,4.535786437627));
#3574 = ( GEOMETRIC_REPRESENTATION_CONTEXT(2) 
PARAMETRIC_REPRESENTATION_CONTEXT() REPRESENTATION_CONTEXT('2D SPACE',''
  ) );
#3575 = ORIENTED_EDGE('',*,*,#3102,.F.);
#3576 = ORIENTED_EDGE('',*,*,#3157,.F.);
#3577 = ORIENTED_EDGE('',*,*,#3212,.F.);
#3578 = ADVANCED_FACE('',(#3579),#3289,.T.);
#3579 = FACE_BOUND('',#3580,.T.);
#3580 = EDGE_LOOP('',(#3581,#3597,#3598,#3599,#3600,#3601));
#3581 = ORIENTED_EDGE('',*,*,#3582,.T.);
#3582 = EDGE_CURVE('',#3512,#3270,#3583,.T.);
#3583 = SURFACE_CURVE('',#3584,(#3589),.PCURVE_S1.);
#3584 = B_SPLINE_CURVE_WITH_KNOTS('',3,(#3585,#3586,#3587,#3588),
  .UNSPECIFIED.,.F.,.F.,(4,4),(0.,1.),.PIECEWISE_BEZIER_KNOTS.);
#3585 = CARTESIAN_POINT('',(-3.8,-4.2,4.535786437627));
#3586 = CARTESIAN_POINT('',(-4.507106781187,-4.2,3.82867965644));
#3587 = CARTESIAN_POINT('',(-5.214213562373,-4.2,3.121572875254));
#3588 = CARTESIAN_POINT('',(-5.92132034356,-4.2,2.414466094067));
#3589 = PCURVE('',#3289,#3590);
#3590 = DEFINITIONAL_REPRESENTATION('',(#3591),#3596);
#3591 = B_SPLINE_CURVE_WITH_KNOTS('',3,(#3592,#3593,#3594,#3595),
  .UNSPECIFIED.,.F.,.F.,(4,4),(0.,1.),.PIECEWISE_BEZIER_KNOTS.);
#3592 = CARTESIAN_POINT('',(-3.8,-4.535786437627));
#3593 = CARTESIAN_POINT('',(-4.507106781187,-3.82867965644));
#3594 = CARTESIAN_POINT('',(-5.214213562373,-3.121572875254));
#3595 = CARTESIAN_POINT('',(-5.92132034356,-2.414466094067));
#3596 = ( GEOMETRIC_REPRESENTATION_CONTEXT(2) 
PARAMETRIC_REPRESENTATION_CONTEXT() REPRESENTATION_CONTEXT('2D SPACE',''
  ) );
#3597 = ORIENTED_EDGE('',*,*,#3269,.T.);
#3598 = ORIENTED_EDGE('',*,*,#3346,.T.);
#3599 = ORIENTED_EDGE('',*,*,#3401,.T.);
#3600 = ORIENTED_EDGE('',*,*,#3456,.T.);
#3601 = ORIENTED_EDGE('',*,*,#3511,.T.);
#3602 = ADVANCED_FACE('',(#3603),#3624,.F.);
#3603 = FACE_BOUND('',#3604,.F.);
#3604 = EDGE_LOOP('',(#3605,#3657,#3684,#3743));
#3605 = ORIENTED_EDGE('',*,*,#3606,.T.);
#3606 = EDGE_CURVE('',#3607,#3609,#3611,.T.);
#3607 = VERTEX_POINT('',#3608);
#3608 = CARTESIAN_POINT('',(-0.3,-1.3,3.5));
#3609 = VERTEX_POINT('',#3610);
#3610 = CARTESIAN_POINT('',(0.3,-1.3,3.5));
#3611 = SURFACE_CURVE('',#3612,(#3623),.PCURVE_S1.);
#3612 = B_SPLINE_CURVE_WITH_KNOTS('',3,(#3613,#3614,#3615,#3616,#3617,
    #3618,#3619,#3620,#3621,#3622),.UNSPECIFIED.,.F.,.F.,(4,2,2,2,4),(
    -1.,-0.75,-0.5,-0.25,-0.),.UNSPECIFIED.);
#3613 = CARTESIAN_POINT('',(-0.3,-1.3,3.5));
#3614 = CARTESIAN_POINT('',(-0.3,-1.37853981634,3.5));
#3615 = CARTESIAN_POINT('',(-0.267668071083,-1.456595997629,3.5));
#3616 = CARTESIAN_POINT('',(-0.156595997629,-1.567668071083,3.5));
#3617 = CARTESIAN_POINT('',(-7.853981633974E-02,-1.6,3.5));
#3618 = CARTESIAN_POINT('',(7.853981633975E-02,-1.6,3.5));
#3619 = CARTESIAN_POINT('',(0.156595997629,-1.567668071083,3.5));
#3620 = CARTESIAN_POINT('',(0.267668071083,-1.456595997629,3.5));
#3621 = CARTESIAN_POINT('',(0.3,-1.37853981634,3.5));
#3622 = CARTESIAN_POINT('',(0.3,-1.3,3.5));
#3623 = PCURVE('',#3624,#3629);
#3624 = CYLINDRICAL_SURFACE('',#3625,0.3);
#3625 = AXIS2_PLACEMENT_3D('',#3626,#3627,#3628);
#3626 = CARTESIAN_POINT('',(0.,-1.3,3.));
#3627 = DIRECTION('',(0.,0.,1.));
#3628 = DIRECTION('',(1.,0.,-0.));
#3629 = DEFINITIONAL_REPRESENTATION('',(#3630),#3656);
#3630 = B_SPLINE_CURVE_WITH_KNOTS('',3,(#3631,#3632,#3633,#3634,#3635,
    #3636,#3637,#3638,#3639,#3640,#3641,#3642,#3643,#3644,#3645,#3646,
    #3647,#3648,#3649,#3650,#3651,#3652,#3653,#3654,#3655),
  .UNSPECIFIED.,.F.,.F.,(4,1,1,1,1,1,1,1,1,1,1,1,1,1,1,1,1,1,1,1,1,1,4),
  (-1.,-0.954545454545,-0.909090909091,-0.863636363636,-0.818181818182,
    -0.772727272727,-0.727272727273,-0.681818181818,-0.636363636364,
    -0.590909090909,-0.545454545455,-0.5,-0.454545454545,-0.409090909091
    ,-0.363636363636,-0.318181818182,-0.272727272727,-0.227272727273,
    -0.181818181818,-0.136363636364,-9.090909090909E-02,
    -4.545454545455E-02,-0.),.UNSPECIFIED.);
#3631 = CARTESIAN_POINT('',(3.14159265359,0.5));
#3632 = CARTESIAN_POINT('',(3.189162673511,0.5));
#3633 = CARTESIAN_POINT('',(3.284314888889,0.5));
#3634 = CARTESIAN_POINT('',(3.427094504312,0.5));
#3635 = CARTESIAN_POINT('',(3.570027583884,0.5));
#3636 = CARTESIAN_POINT('',(3.712910378241,0.5));
#3637 = CARTESIAN_POINT('',(3.855605685106,0.5));
#3638 = CARTESIAN_POINT('',(3.998375955023,0.5));
#3639 = CARTESIAN_POINT('',(4.141071224956,0.5));
#3640 = CARTESIAN_POINT('',(4.283954167044,0.5));
#3641 = CARTESIAN_POINT('',(4.426886692623,0.5));
#3642 = CARTESIAN_POINT('',(4.569668376287,0.5));
#3643 = CARTESIAN_POINT('',(4.712388980385,0.5));
#3644 = CARTESIAN_POINT('',(4.855109584482,0.5));
#3645 = CARTESIAN_POINT('',(4.997891268146,0.5));
#3646 = CARTESIAN_POINT('',(5.140823793725,0.5));
#3647 = CARTESIAN_POINT('',(5.283706735813,0.5));
#3648 = CARTESIAN_POINT('',(5.426402005746,0.5));
#3649 = CARTESIAN_POINT('',(5.569172275663,0.5));
#3650 = CARTESIAN_POINT('',(5.711867582528,0.5));
#3651 = CARTESIAN_POINT('',(5.854750376885,0.5));
#3652 = CARTESIAN_POINT('',(5.997683456457,0.5));
#3653 = CARTESIAN_POINT('',(6.140463071881,0.5));
#3654 = CARTESIAN_POINT('',(6.235615287259,0.5));
#3655 = CARTESIAN_POINT('',(6.28318530718,0.5));
#3656 = ( GEOMETRIC_REPRESENTATION_CONTEXT(2) 
PARAMETRIC_REPRESENTATION_CONTEXT() REPRESENTATION_CONTEXT('2D SPACE',''
  ) );
#3657 = ORIENTED_EDGE('',*,*,#3658,.T.);
#3658 = EDGE_CURVE('',#3609,#3659,#3661,.T.);
#3659 = VERTEX_POINT('',#3660);
#3660 = CARTESIAN_POINT('',(0.3,-1.3,4.));
#3661 = SURFACE_CURVE('',#3662,(#3667,#3673),.PCURVE_S1.);
#3662 = B_SPLINE_CURVE_WITH_KNOTS('',3,(#3663,#3664,#3665,#3666),
  .UNSPECIFIED.,.F.,.F.,(4,4),(0.,1.),.PIECEWISE_BEZIER_KNOTS.);
#3663 = CARTESIAN_POINT('',(0.3,-1.3,3.5));
#3664 = CARTESIAN_POINT('',(0.3,-1.3,3.666666666667));
#3665 = CARTESIAN_POINT('',(0.3,-1.3,3.833333333333));
#3666 = CARTESIAN_POINT('',(0.3,-1.3,4.));
#3667 = PCURVE('',#3624,#3668);
#3668 = DEFINITIONAL_REPRESENTATION('',(#3669),#3672);
#3669 = B_SPLINE_CURVE_WITH_KNOTS('',1,(#3670,#3671),.UNSPECIFIED.,.F.,
  .F.,(2,2),(0.,1.),.PIECEWISE_BEZIER_KNOTS.);
#3670 = CARTESIAN_POINT('',(6.28318530718,0.5));
#3671 = CARTESIAN_POINT('',(6.28318530718,1.));
#3672 = ( GEOMETRIC_REPRESENTATION_CONTEXT(2) 
PARAMETRIC_REPRESENTATION_CONTEXT() REPRESENTATION_CONTEXT('2D SPACE',''
  ) );
#3673 = PCURVE('',#3674,#3679);
#3674 = CYLINDRICAL_SURFACE('',#3675,0.3);
#3675 = AXIS2_PLACEMENT_3D('',#3676,#3677,#3678);
#3676 = CARTESIAN_POINT('',(0.,-1.3,3.));
#3677 = DIRECTION('',(0.,0.,1.));
#3678 = DIRECTION('',(1.,0.,-0.));
#3679 = DEFINITIONAL_REPRESENTATION('',(#3680),#3683);
#3680 = B_SPLINE_CURVE_WITH_KNOTS('',1,(#3681,#3682),.UNSPECIFIED.,.F.,
  .F.,(2,2),(0.,1.),.PIECEWISE_BEZIER_KNOTS.);
#3681 = CARTESIAN_POINT('',(0.,0.5));
#3682 = CARTESIAN_POINT('',(0.,1.));
#3683 = ( GEOMETRIC_REPRESENTATION_CONTEXT(2) 
PARAMETRIC_REPRESENTATION_CONTEXT() REPRESENTATION_CONTEXT('2D SPACE',''
  ) );
#3684 = ORIENTED_EDGE('',*,*,#3685,.T.);
#3685 = EDGE_CURVE('',#3659,#3686,#3688,.T.);
#3686 = VERTEX_POINT('',#3687);
#3687 = CARTESIAN_POINT('',(-0.3,-1.3,4.));
#3688 = SURFACE_CURVE('',#3689,(#3700,#3729),.PCURVE_S1.);
#3689 = B_SPLINE_CURVE_WITH_KNOTS('',3,(#3690,#3691,#3692,#3693,#3694,
    #3695,#3696,#3697,#3698,#3699),.UNSPECIFIED.,.F.,.F.,(4,2,2,2,4),(0.
    ,0.25,0.5,0.75,1.),.UNSPECIFIED.);
#3690 = CARTESIAN_POINT('',(0.3,-1.3,4.));
#3691 = CARTESIAN_POINT('',(0.3,-1.379944441958,4.));
#3692 = CARTESIAN_POINT('',(0.269015398044,-1.455456861551,4.));
#3693 = CARTESIAN_POINT('',(0.155248670668,-1.568807207161,4.));
#3694 = CARTESIAN_POINT('',(8.02980112156E-02,-1.600147213185,4.));
#3695 = CARTESIAN_POINT('',(-8.02980112156E-02,-1.599852786815,4.));
#3696 = CARTESIAN_POINT('',(-0.155456861551,-1.569015398044,4.));
#3697 = CARTESIAN_POINT('',(-0.268807207161,-1.455248670668,4.));
#3698 = CARTESIAN_POINT('',(-0.3,-1.379182077674,4.));
#3699 = CARTESIAN_POINT('',(-0.3,-1.3,4.));
#3700 = PCURVE('',#3624,#3701);
#3701 = DEFINITIONAL_REPRESENTATION('',(#3702),#3728);
#3702 = B_SPLINE_CURVE_WITH_KNOTS('',3,(#3703,#3704,#3705,#3706,#3707,
    #3708,#3709,#3710,#3711,#3712,#3713,#3714,#3715,#3716,#3717,#3718,
    #3719,#3720,#3721,#3722,#3723,#3724,#3725,#3726,#3727),
  .UNSPECIFIED.,.F.,.F.,(4,1,1,1,1,1,1,1,1,1,1,1,1,1,1,1,1,1,1,1,1,1,4),
  (0.,4.545454545455E-02,9.090909090909E-02,0.136363636364,
    0.181818181818,0.227272727273,0.272727272727,0.318181818182,
    0.363636363636,0.409090909091,0.454545454545,0.5,0.545454545455,
    0.590909090909,0.636363636364,0.681818181818,0.727272727273,
    0.772727272727,0.818181818182,0.863636363636,0.909090909091,
    0.954545454545,1.),.QUASI_UNIFORM_KNOTS.);
#3703 = CARTESIAN_POINT('',(6.28318530718,1.));
#3704 = CARTESIAN_POINT('',(6.234732514923,1.));
#3705 = CARTESIAN_POINT('',(6.138810399255,1.));
#3706 = CARTESIAN_POINT('',(5.996781231394,1.));
#3707 = CARTESIAN_POINT('',(5.855540870781,1.));
#3708 = CARTESIAN_POINT('',(5.713914910284,1.));
#3709 = CARTESIAN_POINT('',(5.570950772302,1.));
#3710 = CARTESIAN_POINT('',(5.424619155352,1.));
#3711 = CARTESIAN_POINT('',(5.281662083195,1.));
#3712 = CARTESIAN_POINT('',(5.140189797433,1.));
#3713 = CARTESIAN_POINT('',(4.999090315016,1.));
#3714 = CARTESIAN_POINT('',(4.857335122404,1.));
#3715 = CARTESIAN_POINT('',(4.71241277203,1.));
#3716 = CARTESIAN_POINT('',(4.567347671784,1.));
#3717 = CARTESIAN_POINT('',(4.425425632103,1.));
#3718 = CARTESIAN_POINT('',(4.28428562392,1.));
#3719 = CARTESIAN_POINT('',(4.142927109071,1.));
#3720 = CARTESIAN_POINT('',(4.000155885653,1.));
#3721 = CARTESIAN_POINT('',(3.853844593673,1.));
#3722 = CARTESIAN_POINT('',(3.71044004672,1.));
#3723 = CARTESIAN_POINT('',(3.568281671407,1.));
#3724 = CARTESIAN_POINT('',(3.426714269281,1.));
#3725 = CARTESIAN_POINT('',(3.284879790076,1.));
#3726 = CARTESIAN_POINT('',(3.189574941092,1.));
#3727 = CARTESIAN_POINT('',(3.14159265359,1.));
#3728 = ( GEOMETRIC_REPRESENTATION_CONTEXT(2) 
PARAMETRIC_REPRESENTATION_CONTEXT() REPRESENTATION_CONTEXT('2D SPACE',''
  ) );
#3729 = PCURVE('',#1111,#3730);
#3730 = DEFINITIONAL_REPRESENTATION('',(#3731),#3742);
#3731 = B_SPLINE_CURVE_WITH_KNOTS('',3,(#3732,#3733,#3734,#3735,#3736,
    #3737,#3738,#3739,#3740,#3741),.UNSPECIFIED.,.F.,.F.,(4,2,2,2,4),(0.
    ,0.25,0.5,0.75,1.),.UNSPECIFIED.);
#3732 = CARTESIAN_POINT('',(-0.5,-1.05));
#3733 = CARTESIAN_POINT('',(-0.420055558042,-1.05));
#3734 = CARTESIAN_POINT('',(-0.344543138449,-1.019015398044));
#3735 = CARTESIAN_POINT('',(-0.231192792839,-0.905248670668));
#3736 = CARTESIAN_POINT('',(-0.199852786815,-0.830298011216));
#3737 = CARTESIAN_POINT('',(-0.200147213185,-0.669701988784));
#3738 = CARTESIAN_POINT('',(-0.230984601956,-0.594543138449));
#3739 = CARTESIAN_POINT('',(-0.344751329332,-0.481192792839));
#3740 = CARTESIAN_POINT('',(-0.420817922326,-0.45));
#3741 = CARTESIAN_POINT('',(-0.5,-0.45));
#3742 = ( GEOMETRIC_REPRESENTATION_CONTEXT(2) 
PARAMETRIC_REPRESENTATION_CONTEXT() REPRESENTATION_CONTEXT('2D SPACE',''
  ) );
#3743 = ORIENTED_EDGE('',*,*,#3744,.T.);
#3744 = EDGE_CURVE('',#3686,#3607,#3745,.T.);
#3745 = SURFACE_CURVE('',#3746,(#3751,#3757),.PCURVE_S1.);
#3746 = B_SPLINE_CURVE_WITH_KNOTS('',3,(#3747,#3748,#3749,#3750),
  .UNSPECIFIED.,.F.,.F.,(4,4),(0.,1.),.PIECEWISE_BEZIER_KNOTS.);
#3747 = CARTESIAN_POINT('',(-0.3,-1.3,4.));
#3748 = CARTESIAN_POINT('',(-0.3,-1.3,3.833333333333));
#3749 = CARTESIAN_POINT('',(-0.3,-1.3,3.666666666667));
#3750 = CARTESIAN_POINT('',(-0.3,-1.3,3.5));
#3751 = PCURVE('',#3624,#3752);
#3752 = DEFINITIONAL_REPRESENTATION('',(#3753),#3756);
#3753 = B_SPLINE_CURVE_WITH_KNOTS('',1,(#3754,#3755),.UNSPECIFIED.,.F.,
  .F.,(2,2),(0.,1.),.PIECEWISE_BEZIER_KNOTS.);
#3754 = CARTESIAN_POINT('',(3.14159265359,1.));
#3755 = CARTESIAN_POINT('',(3.14159265359,0.5));
#3756 = ( GEOMETRIC_REPRESENTATION_CONTEXT(2) 
PARAMETRIC_REPRESENTATION_CONTEXT() REPRESENTATION_CONTEXT('2D SPACE',''
  ) );
#3757 = PCURVE('',#3674,#3758);
#3758 = DEFINITIONAL_REPRESENTATION('',(#3759),#3762);
#3759 = B_SPLINE_CURVE_WITH_KNOTS('',1,(#3760,#3761),.UNSPECIFIED.,.F.,
  .F.,(2,2),(0.,1.),.PIECEWISE_BEZIER_KNOTS.);
#3760 = CARTESIAN_POINT('',(3.14159265359,1.));
#3761 = CARTESIAN_POINT('',(3.14159265359,0.5));
#3762 = ( GEOMETRIC_REPRESENTATION_CONTEXT(2) 
PARAMETRIC_REPRESENTATION_CONTEXT() REPRESENTATION_CONTEXT('2D SPACE',''
  ) );
#3763 = ADVANCED_FACE('',(#3764),#3674,.F.);
#3764 = FACE_BOUND('',#3765,.F.);
#3765 = EDGE_LOOP('',(#3766,#3767,#3824,#3825));
#3766 = ORIENTED_EDGE('',*,*,#3744,.F.);
#3767 = ORIENTED_EDGE('',*,*,#3768,.T.);
#3768 = EDGE_CURVE('',#3686,#3659,#3769,.T.);
#3769 = SURFACE_CURVE('',#3770,(#3781,#3810),.PCURVE_S1.);
#3770 = B_SPLINE_CURVE_WITH_KNOTS('',3,(#3771,#3772,#3773,#3774,#3775,
    #3776,#3777,#3778,#3779,#3780),.UNSPECIFIED.,.F.,.F.,(4,2,2,2,4),(0.
    ,0.25,0.5,0.75,1.),.UNSPECIFIED.);
#3771 = CARTESIAN_POINT('',(-0.3,-1.3,4.));
#3772 = CARTESIAN_POINT('',(-0.3,-1.220055558042,4.));
#3773 = CARTESIAN_POINT('',(-0.269015398044,-1.144543138449,4.));
#3774 = CARTESIAN_POINT('',(-0.155248670668,-1.031192792839,4.));
#3775 = CARTESIAN_POINT('',(-8.029801121567E-02,-0.999852786815,4.));
#3776 = CARTESIAN_POINT('',(8.029801121567E-02,-1.000147213185,4.));
#3777 = CARTESIAN_POINT('',(0.155456861551,-1.030984601956,4.));
#3778 = CARTESIAN_POINT('',(0.268807207161,-1.144751329332,4.));
#3779 = CARTESIAN_POINT('',(0.3,-1.220817922326,4.));
#3780 = CARTESIAN_POINT('',(0.3,-1.3,4.));
#3781 = PCURVE('',#3674,#3782);
#3782 = DEFINITIONAL_REPRESENTATION('',(#3783),#3809);
#3783 = B_SPLINE_CURVE_WITH_KNOTS('',3,(#3784,#3785,#3786,#3787,#3788,
    #3789,#3790,#3791,#3792,#3793,#3794,#3795,#3796,#3797,#3798,#3799,
    #3800,#3801,#3802,#3803,#3804,#3805,#3806,#3807,#3808),
  .UNSPECIFIED.,.F.,.F.,(4,1,1,1,1,1,1,1,1,1,1,1,1,1,1,1,1,1,1,1,1,1,4),
  (0.,4.545454545455E-02,9.090909090909E-02,0.136363636364,
    0.181818181818,0.227272727273,0.272727272727,0.318181818182,
    0.363636363636,0.409090909091,0.454545454545,0.5,0.545454545455,
    0.590909090909,0.636363636364,0.681818181818,0.727272727273,
    0.772727272727,0.818181818182,0.863636363636,0.909090909091,
    0.954545454545,1.),.QUASI_UNIFORM_KNOTS.);
#3784 = CARTESIAN_POINT('',(3.14159265359,1.));
#3785 = CARTESIAN_POINT('',(3.093139861333,1.));
#3786 = CARTESIAN_POINT('',(2.997217745665,1.));
#3787 = CARTESIAN_POINT('',(2.855188577805,1.));
#3788 = CARTESIAN_POINT('',(2.713948217191,1.));
#3789 = CARTESIAN_POINT('',(2.572322256694,1.));
#3790 = CARTESIAN_POINT('',(2.429358118712,1.));
#3791 = CARTESIAN_POINT('',(2.283026501762,1.));
#3792 = CARTESIAN_POINT('',(2.140069429605,1.));
#3793 = CARTESIAN_POINT('',(1.998597143843,1.));
#3794 = CARTESIAN_POINT('',(1.857497661427,1.));
#3795 = CARTESIAN_POINT('',(1.715742468814,1.));
#3796 = CARTESIAN_POINT('',(1.57082011844,1.));
#3797 = CARTESIAN_POINT('',(1.425755018194,1.));
#3798 = CARTESIAN_POINT('',(1.283832978513,1.));
#3799 = CARTESIAN_POINT('',(1.14269297033,1.));
#3800 = CARTESIAN_POINT('',(1.001334455481,1.));
#3801 = CARTESIAN_POINT('',(0.858563232063,1.));
#3802 = CARTESIAN_POINT('',(0.712251940083,1.));
#3803 = CARTESIAN_POINT('',(0.56884739313,1.));
#3804 = CARTESIAN_POINT('',(0.426689017818,1.));
#3805 = CARTESIAN_POINT('',(0.285121615691,1.));
#3806 = CARTESIAN_POINT('',(0.143287136487,1.));
#3807 = CARTESIAN_POINT('',(4.798228750204E-02,1.));
#3808 = CARTESIAN_POINT('',(0.,1.));
#3809 = ( GEOMETRIC_REPRESENTATION_CONTEXT(2) 
PARAMETRIC_REPRESENTATION_CONTEXT() REPRESENTATION_CONTEXT('2D SPACE',''
  ) );
#3810 = PCURVE('',#1111,#3811);
#3811 = DEFINITIONAL_REPRESENTATION('',(#3812),#3823);
#3812 = B_SPLINE_CURVE_WITH_KNOTS('',3,(#3813,#3814,#3815,#3816,#3817,
    #3818,#3819,#3820,#3821,#3822),.UNSPECIFIED.,.F.,.F.,(4,2,2,2,4),(0.
    ,0.25,0.5,0.75,1.),.UNSPECIFIED.);
#3813 = CARTESIAN_POINT('',(-0.5,-0.45));
#3814 = CARTESIAN_POINT('',(-0.579944441958,-0.45));
#3815 = CARTESIAN_POINT('',(-0.655456861551,-0.480984601956));
#3816 = CARTESIAN_POINT('',(-0.768807207161,-0.594751329332));
#3817 = CARTESIAN_POINT('',(-0.800147213185,-0.669701988784));
#3818 = CARTESIAN_POINT('',(-0.799852786815,-0.830298011216));
#3819 = CARTESIAN_POINT('',(-0.769015398044,-0.905456861551));
#3820 = CARTESIAN_POINT('',(-0.655248670668,-1.018807207161));
#3821 = CARTESIAN_POINT('',(-0.579182077674,-1.05));
#3822 = CARTESIAN_POINT('',(-0.5,-1.05));
#3823 = ( GEOMETRIC_REPRESENTATION_CONTEXT(2) 
PARAMETRIC_REPRESENTATION_CONTEXT() REPRESENTATION_CONTEXT('2D SPACE',''
  ) );
#3824 = ORIENTED_EDGE('',*,*,#3658,.F.);
#3825 = ORIENTED_EDGE('',*,*,#3826,.T.);
#3826 = EDGE_CURVE('',#3609,#3607,#3827,.T.);
#3827 = SURFACE_CURVE('',#3828,(#3839),.PCURVE_S1.);
#3828 = B_SPLINE_CURVE_WITH_KNOTS('',3,(#3829,#3830,#3831,#3832,#3833,
    #3834,#3835,#3836,#3837,#3838),.UNSPECIFIED.,.F.,.F.,(4,2,2,2,4),(
    -1.,-0.75,-0.5,-0.25,-0.),.UNSPECIFIED.);
#3829 = CARTESIAN_POINT('',(0.3,-1.3,3.5));
#3830 = CARTESIAN_POINT('',(0.3,-1.22146018366,3.5));
#3831 = CARTESIAN_POINT('',(0.267668071083,-1.143404002371,3.5));
#3832 = CARTESIAN_POINT('',(0.156595997629,-1.032331928917,3.5));
#3833 = CARTESIAN_POINT('',(7.853981633974E-02,-1.,3.5));
#3834 = CARTESIAN_POINT('',(-7.853981633975E-02,-1.,3.5));
#3835 = CARTESIAN_POINT('',(-0.156595997629,-1.032331928917,3.5));
#3836 = CARTESIAN_POINT('',(-0.267668071083,-1.143404002371,3.5));
#3837 = CARTESIAN_POINT('',(-0.3,-1.22146018366,3.5));
#3838 = CARTESIAN_POINT('',(-0.3,-1.3,3.5));
#3839 = PCURVE('',#3674,#3840);
#3840 = DEFINITIONAL_REPRESENTATION('',(#3841),#3867);
#3841 = B_SPLINE_CURVE_WITH_KNOTS('',3,(#3842,#3843,#3844,#3845,#3846,
    #3847,#3848,#3849,#3850,#3851,#3852,#3853,#3854,#3855,#3856,#3857,
    #3858,#3859,#3860,#3861,#3862,#3863,#3864,#3865,#3866),
  .UNSPECIFIED.,.F.,.F.,(4,1,1,1,1,1,1,1,1,1,1,1,1,1,1,1,1,1,1,1,1,1,4),
  (-1.,-0.954545454545,-0.909090909091,-0.863636363636,-0.818181818182,
    -0.772727272727,-0.727272727273,-0.681818181818,-0.636363636364,
    -0.590909090909,-0.545454545455,-0.5,-0.454545454545,-0.409090909091
    ,-0.363636363636,-0.318181818182,-0.272727272727,-0.227272727273,
    -0.181818181818,-0.136363636364,-9.090909090909E-02,
    -4.545454545455E-02,-0.),.UNSPECIFIED.);
#3842 = CARTESIAN_POINT('',(0.,0.5));
#3843 = CARTESIAN_POINT('',(4.757001992097E-02,0.5));
#3844 = CARTESIAN_POINT('',(0.142722235299,0.5));
#3845 = CARTESIAN_POINT('',(0.285501850722,0.5));
#3846 = CARTESIAN_POINT('',(0.428434930295,0.5));
#3847 = CARTESIAN_POINT('',(0.571317724651,0.5));
#3848 = CARTESIAN_POINT('',(0.714013031517,0.5));
#3849 = CARTESIAN_POINT('',(0.856783301434,0.5));
#3850 = CARTESIAN_POINT('',(0.999478571366,0.5));
#3851 = CARTESIAN_POINT('',(1.142361513454,0.5));
#3852 = CARTESIAN_POINT('',(1.285294039034,0.5));
#3853 = CARTESIAN_POINT('',(1.428075722698,0.5));
#3854 = CARTESIAN_POINT('',(1.570796326795,0.5));
#3855 = CARTESIAN_POINT('',(1.713516930892,0.5));
#3856 = CARTESIAN_POINT('',(1.856298614556,0.5));
#3857 = CARTESIAN_POINT('',(1.999231140135,0.5));
#3858 = CARTESIAN_POINT('',(2.142114082224,0.5));
#3859 = CARTESIAN_POINT('',(2.284809352156,0.5));
#3860 = CARTESIAN_POINT('',(2.427579622073,0.5));
#3861 = CARTESIAN_POINT('',(2.570274928939,0.5));
#3862 = CARTESIAN_POINT('',(2.713157723295,0.5));
#3863 = CARTESIAN_POINT('',(2.856090802868,0.5));
#3864 = CARTESIAN_POINT('',(2.998870418291,0.5));
#3865 = CARTESIAN_POINT('',(3.094022633669,0.5));
#3866 = CARTESIAN_POINT('',(3.14159265359,0.5));
#3867 = ( GEOMETRIC_REPRESENTATION_CONTEXT(2) 
PARAMETRIC_REPRESENTATION_CONTEXT() REPRESENTATION_CONTEXT('2D SPACE',''
  ) );
#3868 = ADVANCED_FACE('',(#3869,#4075),#1111,.F.);
#3869 = FACE_BOUND('',#3870,.T.);
#3870 = EDGE_LOOP('',(#3871,#3929,#3958,#3959,#3990,#4046));
#3871 = ORIENTED_EDGE('',*,*,#3872,.F.);
#3872 = EDGE_CURVE('',#3873,#3875,#3877,.T.);
#3873 = VERTEX_POINT('',#3874);
#3874 = CARTESIAN_POINT('',(0.75,-1.5,4.));
#3875 = VERTEX_POINT('',#3876);
#3876 = CARTESIAN_POINT('',(0.45,-1.8,4.));
#3877 = SURFACE_CURVE('',#3878,(#3885,#3895),.PCURVE_S1.);
#3878 = B_SPLINE_CURVE_WITH_KNOTS('',3,(#3879,#3880,#3881,#3882,#3883,
    #3884),.UNSPECIFIED.,.F.,.F.,(4,2,4),(0.,0.5,1.),.UNSPECIFIED.);
#3879 = CARTESIAN_POINT('',(0.75,-1.5,4.));
#3880 = CARTESIAN_POINT('',(0.75,-1.57853981634,4.));
#3881 = CARTESIAN_POINT('',(0.717668071083,-1.656595997629,4.));
#3882 = CARTESIAN_POINT('',(0.606595997629,-1.767668071083,4.));
#3883 = CARTESIAN_POINT('',(0.52853981634,-1.8,4.));
#3884 = CARTESIAN_POINT('',(0.45,-1.8,4.));
#3885 = PCURVE('',#1111,#3886);
#3886 = DEFINITIONAL_REPRESENTATION('',(#3887),#3894);
#3887 = B_SPLINE_CURVE_WITH_KNOTS('',3,(#3888,#3889,#3890,#3891,#3892,
    #3893),.UNSPECIFIED.,.F.,.F.,(4,2,4),(0.,0.5,1.),.UNSPECIFIED.);
#3888 = CARTESIAN_POINT('',(-0.3,-1.5));
#3889 = CARTESIAN_POINT('',(-0.22146018366,-1.5));
#3890 = CARTESIAN_POINT('',(-0.143404002371,-1.467668071083));
#3891 = CARTESIAN_POINT('',(-3.233192891706E-02,-1.356595997629));
#3892 = CARTESIAN_POINT('',(0.,-1.27853981634));
#3893 = CARTESIAN_POINT('',(0.,-1.2));
#3894 = ( GEOMETRIC_REPRESENTATION_CONTEXT(2) 
PARAMETRIC_REPRESENTATION_CONTEXT() REPRESENTATION_CONTEXT('2D SPACE',''
  ) );
#3895 = PCURVE('',#3896,#3901);
#3896 = CYLINDRICAL_SURFACE('',#3897,0.3);
#3897 = AXIS2_PLACEMENT_3D('',#3898,#3899,#3900);
#3898 = CARTESIAN_POINT('',(0.45,-1.5,9.75781955237E-17));
#3899 = DIRECTION('',(2.168404344971E-16,0.,-1.));
#3900 = DIRECTION('',(-1.,0.,-2.168404344971E-16));
#3901 = DEFINITIONAL_REPRESENTATION('',(#3902),#3928);
#3902 = B_SPLINE_CURVE_WITH_KNOTS('',3,(#3903,#3904,#3905,#3906,#3907,
    #3908,#3909,#3910,#3911,#3912,#3913,#3914,#3915,#3916,#3917,#3918,
    #3919,#3920,#3921,#3922,#3923,#3924,#3925,#3926,#3927),
  .UNSPECIFIED.,.F.,.F.,(4,1,1,1,1,1,1,1,1,1,1,1,1,1,1,1,1,1,1,1,1,1,4),
  (0.,4.545454545455E-02,9.090909090909E-02,0.136363636364,
    0.181818181818,0.227272727273,0.272727272727,0.318181818182,
    0.363636363636,0.409090909091,0.454545454545,0.5,0.545454545455,
    0.590909090909,0.636363636364,0.681818181818,0.727272727273,
    0.772727272727,0.818181818182,0.863636363636,0.909090909091,
    0.954545454545,1.),.QUASI_UNIFORM_KNOTS.);
#3903 = CARTESIAN_POINT('',(3.14159265359,-4.));
#3904 = CARTESIAN_POINT('',(3.165390087023,-4.));
#3905 = CARTESIAN_POINT('',(3.2129679964,-4.));
#3906 = CARTESIAN_POINT('',(3.284318631836,-4.));
#3907 = CARTESIAN_POINT('',(3.355698101943,-4.));
#3908 = CARTESIAN_POINT('',(3.427115001897,-4.));
#3909 = CARTESIAN_POINT('',(3.49856238049,-4.));
#3910 = CARTESIAN_POINT('',(3.570021081514,-4.));
#3911 = CARTESIAN_POINT('',(3.641468511545,-4.));
#3912 = CARTESIAN_POINT('',(3.712885205746,-4.));
#3913 = CARTESIAN_POINT('',(3.784265447427,-4.));
#3914 = CARTESIAN_POINT('',(3.855613202319,-4.));
#3915 = CARTESIAN_POINT('',(3.926990816987,-4.));
#3916 = CARTESIAN_POINT('',(3.998368431655,-4.));
#3917 = CARTESIAN_POINT('',(4.069716186547,-4.));
#3918 = CARTESIAN_POINT('',(4.141096428229,-4.));
#3919 = CARTESIAN_POINT('',(4.212513122429,-4.));
#3920 = CARTESIAN_POINT('',(4.283960552461,-4.));
#3921 = CARTESIAN_POINT('',(4.355419253484,-4.));
#3922 = CARTESIAN_POINT('',(4.426866632078,-4.));
#3923 = CARTESIAN_POINT('',(4.498283532031,-4.));
#3924 = CARTESIAN_POINT('',(4.569663002138,-4.));
#3925 = CARTESIAN_POINT('',(4.641013637574,-4.));
#3926 = CARTESIAN_POINT('',(4.688591546952,-4.));
#3927 = CARTESIAN_POINT('',(4.712388980385,-4.));
#3928 = ( GEOMETRIC_REPRESENTATION_CONTEXT(2) 
PARAMETRIC_REPRESENTATION_CONTEXT() REPRESENTATION_CONTEXT('2D SPACE',''
  ) );
#3929 = ORIENTED_EDGE('',*,*,#3930,.F.);
#3930 = EDGE_CURVE('',#1094,#3873,#3931,.T.);
#3931 = SURFACE_CURVE('',#3932,(#3937,#3945),.PCURVE_S1.);
#3932 = B_SPLINE_CURVE_WITH_KNOTS('',3,(#3933,#3934,#3935,#3936),
  .UNSPECIFIED.,.F.,.F.,(4,4),(0.,1.),.PIECEWISE_BEZIER_KNOTS.);
#3933 = CARTESIAN_POINT('',(0.75,-7.228014483237E-17,4.));
#3934 = CARTESIAN_POINT('',(0.75,-0.5,4.));
#3935 = CARTESIAN_POINT('',(0.75,-1.,4.));
#3936 = CARTESIAN_POINT('',(0.75,-1.5,4.));
#3937 = PCURVE('',#1111,#3938);
#3938 = DEFINITIONAL_REPRESENTATION('',(#3939),#3944);
#3939 = B_SPLINE_CURVE_WITH_KNOTS('',3,(#3940,#3941,#3942,#3943),
  .UNSPECIFIED.,.F.,.F.,(4,4),(0.,1.),.PIECEWISE_BEZIER_KNOTS.);
#3940 = CARTESIAN_POINT('',(-1.8,-1.5));
#3941 = CARTESIAN_POINT('',(-1.3,-1.5));
#3942 = CARTESIAN_POINT('',(-0.8,-1.5));
#3943 = CARTESIAN_POINT('',(-0.3,-1.5));
#3944 = ( GEOMETRIC_REPRESENTATION_CONTEXT(2) 
PARAMETRIC_REPRESENTATION_CONTEXT() REPRESENTATION_CONTEXT('2D SPACE',''
  ) );
#3945 = PCURVE('',#3946,#3951);
#3946 = PLANE('',#3947);
#3947 = AXIS2_PLACEMENT_3D('',#3948,#3949,#3950);
#3948 = CARTESIAN_POINT('',(0.75,-1.8,4.));
#3949 = DIRECTION('',(-1.,0.,-2.168404344971E-16));
#3950 = DIRECTION('',(-2.168404344971E-16,0.,1.));
#3951 = DEFINITIONAL_REPRESENTATION('',(#3952),#3957);
#3952 = B_SPLINE_CURVE_WITH_KNOTS('',3,(#3953,#3954,#3955,#3956),
  .UNSPECIFIED.,.F.,.F.,(4,4),(0.,1.),.PIECEWISE_BEZIER_KNOTS.);
#3953 = CARTESIAN_POINT('',(0.,1.8));
#3954 = CARTESIAN_POINT('',(0.,1.3));
#3955 = CARTESIAN_POINT('',(0.,0.8));
#3956 = CARTESIAN_POINT('',(0.,0.3));
#3957 = ( GEOMETRIC_REPRESENTATION_CONTEXT(2) 
PARAMETRIC_REPRESENTATION_CONTEXT() REPRESENTATION_CONTEXT('2D SPACE',''
  ) );
#3958 = ORIENTED_EDGE('',*,*,#1093,.T.);
#3959 = ORIENTED_EDGE('',*,*,#3960,.F.);
#3960 = EDGE_CURVE('',#3961,#1074,#3963,.T.);
#3961 = VERTEX_POINT('',#3962);
#3962 = CARTESIAN_POINT('',(-0.75,-1.5,4.));
#3963 = SURFACE_CURVE('',#3964,(#3969,#3977),.PCURVE_S1.);
#3964 = B_SPLINE_CURVE_WITH_KNOTS('',3,(#3965,#3966,#3967,#3968),
  .UNSPECIFIED.,.F.,.F.,(4,4),(0.,1.),.PIECEWISE_BEZIER_KNOTS.);
#3965 = CARTESIAN_POINT('',(-0.75,-1.5,4.));
#3966 = CARTESIAN_POINT('',(-0.75,-1.,4.));
#3967 = CARTESIAN_POINT('',(-0.75,-0.5,4.));
#3968 = CARTESIAN_POINT('',(-0.75,-7.228014483237E-17,4.));
#3969 = PCURVE('',#1111,#3970);
#3970 = DEFINITIONAL_REPRESENTATION('',(#3971),#3976);
#3971 = B_SPLINE_CURVE_WITH_KNOTS('',3,(#3972,#3973,#3974,#3975),
  .UNSPECIFIED.,.F.,.F.,(4,4),(0.,1.),.PIECEWISE_BEZIER_KNOTS.);
#3972 = CARTESIAN_POINT('',(-0.3,0.));
#3973 = CARTESIAN_POINT('',(-0.8,0.));
#3974 = CARTESIAN_POINT('',(-1.3,0.));
#3975 = CARTESIAN_POINT('',(-1.8,0.));
#3976 = ( GEOMETRIC_REPRESENTATION_CONTEXT(2) 
PARAMETRIC_REPRESENTATION_CONTEXT() REPRESENTATION_CONTEXT('2D SPACE',''
  ) );
#3977 = PCURVE('',#3978,#3983);
#3978 = PLANE('',#3979);
#3979 = AXIS2_PLACEMENT_3D('',#3980,#3981,#3982);
#3980 = CARTESIAN_POINT('',(-0.75,-1.8,4.));
#3981 = DIRECTION('',(1.,0.,0.));
#3982 = DIRECTION('',(-0.,1.,0.));
#3983 = DEFINITIONAL_REPRESENTATION('',(#3984),#3989);
#3984 = B_SPLINE_CURVE_WITH_KNOTS('',3,(#3985,#3986,#3987,#3988),
  .UNSPECIFIED.,.F.,.F.,(4,4),(0.,1.),.PIECEWISE_BEZIER_KNOTS.);
#3985 = CARTESIAN_POINT('',(0.3,0.));
#3986 = CARTESIAN_POINT('',(0.8,0.));
#3987 = CARTESIAN_POINT('',(1.3,0.));
#3988 = CARTESIAN_POINT('',(1.8,0.));
#3989 = ( GEOMETRIC_REPRESENTATION_CONTEXT(2) 
PARAMETRIC_REPRESENTATION_CONTEXT() REPRESENTATION_CONTEXT('2D SPACE',''
  ) );
#3990 = ORIENTED_EDGE('',*,*,#3991,.F.);
#3991 = EDGE_CURVE('',#3992,#3961,#3994,.T.);
#3992 = VERTEX_POINT('',#3993);
#3993 = CARTESIAN_POINT('',(-0.45,-1.8,4.));
#3994 = SURFACE_CURVE('',#3995,(#4002,#4012),.PCURVE_S1.);
#3995 = B_SPLINE_CURVE_WITH_KNOTS('',3,(#3996,#3997,#3998,#3999,#4000,
    #4001),.UNSPECIFIED.,.F.,.F.,(4,2,4),(0.,0.5,1.),.UNSPECIFIED.);
#3996 = CARTESIAN_POINT('',(-0.45,-1.8,4.));
#3997 = CARTESIAN_POINT('',(-0.52853981634,-1.8,4.));
#3998 = CARTESIAN_POINT('',(-0.606595997629,-1.767668071083,4.));
#3999 = CARTESIAN_POINT('',(-0.717668071083,-1.656595997629,4.));
#4000 = CARTESIAN_POINT('',(-0.75,-1.57853981634,4.));
#4001 = CARTESIAN_POINT('',(-0.75,-1.5,4.));
#4002 = PCURVE('',#1111,#4003);
#4003 = DEFINITIONAL_REPRESENTATION('',(#4004),#4011);
#4004 = B_SPLINE_CURVE_WITH_KNOTS('',3,(#4005,#4006,#4007,#4008,#4009,
    #4010),.UNSPECIFIED.,.F.,.F.,(4,2,4),(0.,0.5,1.),.UNSPECIFIED.);
#4005 = CARTESIAN_POINT('',(0.,-0.3));
#4006 = CARTESIAN_POINT('',(-2.22044604925E-16,-0.22146018366));
#4007 = CARTESIAN_POINT('',(-3.233192891706E-02,-0.143404002371));
#4008 = CARTESIAN_POINT('',(-0.143404002371,-3.233192891706E-02));
#4009 = CARTESIAN_POINT('',(-0.22146018366,-2.22044604925E-16));
#4010 = CARTESIAN_POINT('',(-0.3,0.));
#4011 = ( GEOMETRIC_REPRESENTATION_CONTEXT(2) 
PARAMETRIC_REPRESENTATION_CONTEXT() REPRESENTATION_CONTEXT('2D SPACE',''
  ) );
#4012 = PCURVE('',#4013,#4018);
#4013 = CYLINDRICAL_SURFACE('',#4014,0.3);
#4014 = AXIS2_PLACEMENT_3D('',#4015,#4016,#4017);
#4015 = CARTESIAN_POINT('',(-0.45,-1.5,0.));
#4016 = DIRECTION('',(0.,0.,1.));
#4017 = DIRECTION('',(1.,0.,-0.));
#4018 = DEFINITIONAL_REPRESENTATION('',(#4019),#4045);
#4019 = B_SPLINE_CURVE_WITH_KNOTS('',3,(#4020,#4021,#4022,#4023,#4024,
    #4025,#4026,#4027,#4028,#4029,#4030,#4031,#4032,#4033,#4034,#4035,
    #4036,#4037,#4038,#4039,#4040,#4041,#4042,#4043,#4044),
  .UNSPECIFIED.,.F.,.F.,(4,1,1,1,1,1,1,1,1,1,1,1,1,1,1,1,1,1,1,1,1,1,4),
  (0.,4.545454545455E-02,9.090909090909E-02,0.136363636364,
    0.181818181818,0.227272727273,0.272727272727,0.318181818182,
    0.363636363636,0.409090909091,0.454545454545,0.5,0.545454545455,
    0.590909090909,0.636363636364,0.681818181818,0.727272727273,
    0.772727272727,0.818181818182,0.863636363636,0.909090909091,
    0.954545454545,1.),.QUASI_UNIFORM_KNOTS.);
#4020 = CARTESIAN_POINT('',(4.712388980385,4.));
#4021 = CARTESIAN_POINT('',(4.688591546952,4.));
#4022 = CARTESIAN_POINT('',(4.641013637574,4.));
#4023 = CARTESIAN_POINT('',(4.569663002138,4.));
#4024 = CARTESIAN_POINT('',(4.498283532031,4.));
#4025 = CARTESIAN_POINT('',(4.426866632078,4.));
#4026 = CARTESIAN_POINT('',(4.355419253484,4.));
#4027 = CARTESIAN_POINT('',(4.283960552461,4.));
#4028 = CARTESIAN_POINT('',(4.212513122429,4.));
#4029 = CARTESIAN_POINT('',(4.141096428229,4.));
#4030 = CARTESIAN_POINT('',(4.069716186547,4.));
#4031 = CARTESIAN_POINT('',(3.998368431655,4.));
#4032 = CARTESIAN_POINT('',(3.926990816987,4.));
#4033 = CARTESIAN_POINT('',(3.855613202319,4.));
#4034 = CARTESIAN_POINT('',(3.784265447427,4.));
#4035 = CARTESIAN_POINT('',(3.712885205746,4.));
#4036 = CARTESIAN_POINT('',(3.641468511545,4.));
#4037 = CARTESIAN_POINT('',(3.570021081514,4.));
#4038 = CARTESIAN_POINT('',(3.49856238049,4.));
#4039 = CARTESIAN_POINT('',(3.427115001897,4.));
#4040 = CARTESIAN_POINT('',(3.355698101943,4.));
#4041 = CARTESIAN_POINT('',(3.284318631836,4.));
#4042 = CARTESIAN_POINT('',(3.2129679964,4.));
#4043 = CARTESIAN_POINT('',(3.165390087023,4.));
#4044 = CARTESIAN_POINT('',(3.14159265359,4.));
#4045 = ( GEOMETRIC_REPRESENTATION_CONTEXT(2) 
PARAMETRIC_REPRESENTATION_CONTEXT() REPRESENTATION_CONTEXT('2D SPACE',''
  ) );
#4046 = ORIENTED_EDGE('',*,*,#4047,.F.);
#4047 = EDGE_CURVE('',#3875,#3992,#4048,.T.);
#4048 = SURFACE_CURVE('',#4049,(#4054,#4062),.PCURVE_S1.);
#4049 = B_SPLINE_CURVE_WITH_KNOTS('',3,(#4050,#4051,#4052,#4053),
  .UNSPECIFIED.,.F.,.F.,(4,4),(0.,1.),.PIECEWISE_BEZIER_KNOTS.);
#4050 = CARTESIAN_POINT('',(0.45,-1.8,4.));
#4051 = CARTESIAN_POINT('',(0.15,-1.8,4.));
#4052 = CARTESIAN_POINT('',(-0.15,-1.8,4.));
#4053 = CARTESIAN_POINT('',(-0.45,-1.8,4.));
#4054 = PCURVE('',#1111,#4055);
#4055 = DEFINITIONAL_REPRESENTATION('',(#4056),#4061);
#4056 = B_SPLINE_CURVE_WITH_KNOTS('',3,(#4057,#4058,#4059,#4060),
  .UNSPECIFIED.,.F.,.F.,(4,4),(0.,1.),.PIECEWISE_BEZIER_KNOTS.);
#4057 = CARTESIAN_POINT('',(0.,-1.2));
#4058 = CARTESIAN_POINT('',(0.,-0.9));
#4059 = CARTESIAN_POINT('',(0.,-0.6));
#4060 = CARTESIAN_POINT('',(0.,-0.3));
#4061 = ( GEOMETRIC_REPRESENTATION_CONTEXT(2) 
PARAMETRIC_REPRESENTATION_CONTEXT() REPRESENTATION_CONTEXT('2D SPACE',''
  ) );
#4062 = PCURVE('',#4063,#4068);
#4063 = PLANE('',#4064);
#4064 = AXIS2_PLACEMENT_3D('',#4065,#4066,#4067);
#4065 = CARTESIAN_POINT('',(0.,-1.8,0.));
#4066 = DIRECTION('',(0.,-1.,0.));
#4067 = DIRECTION('',(0.,0.,-1.));
#4068 = DEFINITIONAL_REPRESENTATION('',(#4069),#4074);
#4069 = B_SPLINE_CURVE_WITH_KNOTS('',3,(#4070,#4071,#4072,#4073),
  .UNSPECIFIED.,.F.,.F.,(4,4),(0.,1.),.PIECEWISE_BEZIER_KNOTS.);
#4070 = CARTESIAN_POINT('',(-4.,0.45));
#4071 = CARTESIAN_POINT('',(-4.,0.15));
#4072 = CARTESIAN_POINT('',(-4.,-0.15));
#4073 = CARTESIAN_POINT('',(-4.,-0.45));
#4074 = ( GEOMETRIC_REPRESENTATION_CONTEXT(2) 
PARAMETRIC_REPRESENTATION_CONTEXT() REPRESENTATION_CONTEXT('2D SPACE',''
  ) );
#4075 = FACE_BOUND('',#4076,.T.);
#4076 = EDGE_LOOP('',(#4077,#4078));
#4077 = ORIENTED_EDGE('',*,*,#3685,.T.);
#4078 = ORIENTED_EDGE('',*,*,#3768,.T.);
#4079 = ADVANCED_FACE('',(#4080),#4063,.T.);
#4080 = FACE_BOUND('',#4081,.T.);
#4081 = EDGE_LOOP('',(#4082,#4083,#4107,#4125));
#4082 = ORIENTED_EDGE('',*,*,#4047,.T.);
#4083 = ORIENTED_EDGE('',*,*,#4084,.T.);
#4084 = EDGE_CURVE('',#3992,#4085,#4087,.T.);
#4085 = VERTEX_POINT('',#4086);
#4086 = CARTESIAN_POINT('',(-0.45,-1.8,3.5));
#4087 = SURFACE_CURVE('',#4088,(#4093,#4101),.PCURVE_S1.);
#4088 = B_SPLINE_CURVE_WITH_KNOTS('',3,(#4089,#4090,#4091,#4092),
  .UNSPECIFIED.,.F.,.F.,(4,4),(0.,1.),.PIECEWISE_BEZIER_KNOTS.);
#4089 = CARTESIAN_POINT('',(-0.45,-1.8,4.));
#4090 = CARTESIAN_POINT('',(-0.45,-1.8,3.833333333333));
#4091 = CARTESIAN_POINT('',(-0.45,-1.8,3.666666666667));
#4092 = CARTESIAN_POINT('',(-0.45,-1.8,3.5));
#4093 = PCURVE('',#4063,#4094);
#4094 = DEFINITIONAL_REPRESENTATION('',(#4095),#4100);
#4095 = B_SPLINE_CURVE_WITH_KNOTS('',3,(#4096,#4097,#4098,#4099),
  .UNSPECIFIED.,.F.,.F.,(4,4),(0.,1.),.PIECEWISE_BEZIER_KNOTS.);
#4096 = CARTESIAN_POINT('',(-4.,-0.45));
#4097 = CARTESIAN_POINT('',(-3.833333333333,-0.45));
#4098 = CARTESIAN_POINT('',(-3.666666666667,-0.45));
#4099 = CARTESIAN_POINT('',(-3.5,-0.45));
#4100 = ( GEOMETRIC_REPRESENTATION_CONTEXT(2) 
PARAMETRIC_REPRESENTATION_CONTEXT() REPRESENTATION_CONTEXT('2D SPACE',''
  ) );
#4101 = PCURVE('',#4013,#4102);
#4102 = DEFINITIONAL_REPRESENTATION('',(#4103),#4106);
#4103 = B_SPLINE_CURVE_WITH_KNOTS('',1,(#4104,#4105),.UNSPECIFIED.,.F.,
  .F.,(2,2),(0.,1.),.PIECEWISE_BEZIER_KNOTS.);
#4104 = CARTESIAN_POINT('',(4.712388980385,4.));
#4105 = CARTESIAN_POINT('',(4.712388980385,3.5));
#4106 = ( GEOMETRIC_REPRESENTATION_CONTEXT(2) 
PARAMETRIC_REPRESENTATION_CONTEXT() REPRESENTATION_CONTEXT('2D SPACE',''
  ) );
#4107 = ORIENTED_EDGE('',*,*,#4108,.T.);
#4108 = EDGE_CURVE('',#4085,#4109,#4111,.T.);
#4109 = VERTEX_POINT('',#4110);
#4110 = CARTESIAN_POINT('',(0.45,-1.8,3.5));
#4111 = SURFACE_CURVE('',#4112,(#4117),.PCURVE_S1.);
#4112 = B_SPLINE_CURVE_WITH_KNOTS('',3,(#4113,#4114,#4115,#4116),
  .UNSPECIFIED.,.F.,.F.,(4,4),(0.,1.),.PIECEWISE_BEZIER_KNOTS.);
#4113 = CARTESIAN_POINT('',(-0.45,-1.8,3.5));
#4114 = CARTESIAN_POINT('',(-0.15,-1.8,3.5));
#4115 = CARTESIAN_POINT('',(0.15,-1.8,3.5));
#4116 = CARTESIAN_POINT('',(0.45,-1.8,3.5));
#4117 = PCURVE('',#4063,#4118);
#4118 = DEFINITIONAL_REPRESENTATION('',(#4119),#4124);
#4119 = B_SPLINE_CURVE_WITH_KNOTS('',3,(#4120,#4121,#4122,#4123),
  .UNSPECIFIED.,.F.,.F.,(4,4),(0.,1.),.PIECEWISE_BEZIER_KNOTS.);
#4120 = CARTESIAN_POINT('',(-3.5,-0.45));
#4121 = CARTESIAN_POINT('',(-3.5,-0.15));
#4122 = CARTESIAN_POINT('',(-3.5,0.15));
#4123 = CARTESIAN_POINT('',(-3.5,0.45));
#4124 = ( GEOMETRIC_REPRESENTATION_CONTEXT(2) 
PARAMETRIC_REPRESENTATION_CONTEXT() REPRESENTATION_CONTEXT('2D SPACE',''
  ) );
#4125 = ORIENTED_EDGE('',*,*,#4126,.T.);
#4126 = EDGE_CURVE('',#4109,#3875,#4127,.T.);
#4127 = SURFACE_CURVE('',#4128,(#4133,#4141),.PCURVE_S1.);
#4128 = B_SPLINE_CURVE_WITH_KNOTS('',3,(#4129,#4130,#4131,#4132),
  .UNSPECIFIED.,.F.,.F.,(4,4),(0.,1.),.PIECEWISE_BEZIER_KNOTS.);
#4129 = CARTESIAN_POINT('',(0.45,-1.8,3.5));
#4130 = CARTESIAN_POINT('',(0.45,-1.8,3.666666666667));
#4131 = CARTESIAN_POINT('',(0.45,-1.8,3.833333333333));
#4132 = CARTESIAN_POINT('',(0.45,-1.8,4.));
#4133 = PCURVE('',#4063,#4134);
#4134 = DEFINITIONAL_REPRESENTATION('',(#4135),#4140);
#4135 = B_SPLINE_CURVE_WITH_KNOTS('',3,(#4136,#4137,#4138,#4139),
  .UNSPECIFIED.,.F.,.F.,(4,4),(0.,1.),.PIECEWISE_BEZIER_KNOTS.);
#4136 = CARTESIAN_POINT('',(-3.5,0.45));
#4137 = CARTESIAN_POINT('',(-3.666666666667,0.45));
#4138 = CARTESIAN_POINT('',(-3.833333333333,0.45));
#4139 = CARTESIAN_POINT('',(-4.,0.45));
#4140 = ( GEOMETRIC_REPRESENTATION_CONTEXT(2) 
PARAMETRIC_REPRESENTATION_CONTEXT() REPRESENTATION_CONTEXT('2D SPACE',''
  ) );
#4141 = PCURVE('',#3896,#4142);
#4142 = DEFINITIONAL_REPRESENTATION('',(#4143),#4146);
#4143 = B_SPLINE_CURVE_WITH_KNOTS('',1,(#4144,#4145),.UNSPECIFIED.,.F.,
  .F.,(2,2),(0.,1.),.PIECEWISE_BEZIER_KNOTS.);
#4144 = CARTESIAN_POINT('',(4.712388980385,-3.5));
#4145 = CARTESIAN_POINT('',(4.712388980385,-4.));
#4146 = ( GEOMETRIC_REPRESENTATION_CONTEXT(2) 
PARAMETRIC_REPRESENTATION_CONTEXT() REPRESENTATION_CONTEXT('2D SPACE',''
  ) );
#4147 = ADVANCED_FACE('',(#4148),#3896,.T.);
#4148 = FACE_BOUND('',#4149,.T.);
#4149 = EDGE_LOOP('',(#4150,#4151,#4152,#4193));
#4150 = ORIENTED_EDGE('',*,*,#3872,.T.);
#4151 = ORIENTED_EDGE('',*,*,#4126,.F.);
#4152 = ORIENTED_EDGE('',*,*,#4153,.T.);
#4153 = EDGE_CURVE('',#4109,#4154,#4156,.T.);
#4154 = VERTEX_POINT('',#4155);
#4155 = CARTESIAN_POINT('',(0.75,-1.5,3.5));
#4156 = SURFACE_CURVE('',#4157,(#4164),.PCURVE_S1.);
#4157 = B_SPLINE_CURVE_WITH_KNOTS('',3,(#4158,#4159,#4160,#4161,#4162,
    #4163),.UNSPECIFIED.,.F.,.F.,(4,2,4),(0.,0.5,1.),.UNSPECIFIED.);
#4158 = CARTESIAN_POINT('',(0.45,-1.8,3.5));
#4159 = CARTESIAN_POINT('',(0.52853981634,-1.8,3.5));
#4160 = CARTESIAN_POINT('',(0.606595997629,-1.767668071083,3.5));
#4161 = CARTESIAN_POINT('',(0.717668071083,-1.656595997629,3.5));
#4162 = CARTESIAN_POINT('',(0.75,-1.57853981634,3.5));
#4163 = CARTESIAN_POINT('',(0.75,-1.5,3.5));
#4164 = PCURVE('',#3896,#4165);
#4165 = DEFINITIONAL_REPRESENTATION('',(#4166),#4192);
#4166 = B_SPLINE_CURVE_WITH_KNOTS('',3,(#4167,#4168,#4169,#4170,#4171,
    #4172,#4173,#4174,#4175,#4176,#4177,#4178,#4179,#4180,#4181,#4182,
    #4183,#4184,#4185,#4186,#4187,#4188,#4189,#4190,#4191),
  .UNSPECIFIED.,.F.,.F.,(4,1,1,1,1,1,1,1,1,1,1,1,1,1,1,1,1,1,1,1,1,1,4),
  (0.,4.545454545455E-02,9.090909090909E-02,0.136363636364,
    0.181818181818,0.227272727273,0.272727272727,0.318181818182,
    0.363636363636,0.409090909091,0.454545454545,0.5,0.545454545455,
    0.590909090909,0.636363636364,0.681818181818,0.727272727273,
    0.772727272727,0.818181818182,0.863636363636,0.909090909091,
    0.954545454545,1.),.QUASI_UNIFORM_KNOTS.);
#4167 = CARTESIAN_POINT('',(4.712388980385,-3.5));
#4168 = CARTESIAN_POINT('',(4.688591546952,-3.5));
#4169 = CARTESIAN_POINT('',(4.641013637574,-3.5));
#4170 = CARTESIAN_POINT('',(4.569663002138,-3.5));
#4171 = CARTESIAN_POINT('',(4.498283532031,-3.5));
#4172 = CARTESIAN_POINT('',(4.426866632078,-3.5));
#4173 = CARTESIAN_POINT('',(4.355419253484,-3.5));
#4174 = CARTESIAN_POINT('',(4.283960552461,-3.5));
#4175 = CARTESIAN_POINT('',(4.212513122429,-3.5));
#4176 = CARTESIAN_POINT('',(4.141096428229,-3.5));
#4177 = CARTESIAN_POINT('',(4.069716186547,-3.5));
#4178 = CARTESIAN_POINT('',(3.998368431655,-3.5));
#4179 = CARTESIAN_POINT('',(3.926990816987,-3.5));
#4180 = CARTESIAN_POINT('',(3.855613202319,-3.5));
#4181 = CARTESIAN_POINT('',(3.784265447427,-3.5));
#4182 = CARTESIAN_POINT('',(3.712885205746,-3.5));
#4183 = CARTESIAN_POINT('',(3.641468511545,-3.5));
#4184 = CARTESIAN_POINT('',(3.570021081514,-3.5));
#4185 = CARTESIAN_POINT('',(3.49856238049,-3.5));
#4186 = CARTESIAN_POINT('',(3.427115001897,-3.5));
#4187 = CARTESIAN_POINT('',(3.355698101943,-3.5));
#4188 = CARTESIAN_POINT('',(3.284318631836,-3.5));
#4189 = CARTESIAN_POINT('',(3.2129679964,-3.5));
#4190 = CARTESIAN_POINT('',(3.165390087023,-3.5));
#4191 = CARTESIAN_POINT('',(3.14159265359,-3.5));
#4192 = ( GEOMETRIC_REPRESENTATION_CONTEXT(2) 
PARAMETRIC_REPRESENTATION_CONTEXT() REPRESENTATION_CONTEXT('2D SPACE',''
  ) );
#4193 = ORIENTED_EDGE('',*,*,#4194,.T.);
#4194 = EDGE_CURVE('',#4154,#3873,#4195,.T.);
#4195 = SURFACE_CURVE('',#4196,(#4201,#4207),.PCURVE_S1.);
#4196 = B_SPLINE_CURVE_WITH_KNOTS('',3,(#4197,#4198,#4199,#4200),
  .UNSPECIFIED.,.F.,.F.,(4,4),(0.,1.),.PIECEWISE_BEZIER_KNOTS.);
#4197 = CARTESIAN_POINT('',(0.75,-1.5,3.5));
#4198 = CARTESIAN_POINT('',(0.75,-1.5,3.666666666667));
#4199 = CARTESIAN_POINT('',(0.75,-1.5,3.833333333333));
#4200 = CARTESIAN_POINT('',(0.75,-1.5,4.));
#4201 = PCURVE('',#3896,#4202);
#4202 = DEFINITIONAL_REPRESENTATION('',(#4203),#4206);
#4203 = B_SPLINE_CURVE_WITH_KNOTS('',1,(#4204,#4205),.UNSPECIFIED.,.F.,
  .F.,(2,2),(0.,1.),.PIECEWISE_BEZIER_KNOTS.);
#4204 = CARTESIAN_POINT('',(3.14159265359,-3.5));
#4205 = CARTESIAN_POINT('',(3.14159265359,-4.));
#4206 = ( GEOMETRIC_REPRESENTATION_CONTEXT(2) 
PARAMETRIC_REPRESENTATION_CONTEXT() REPRESENTATION_CONTEXT('2D SPACE',''
  ) );
#4207 = PCURVE('',#3946,#4208);
#4208 = DEFINITIONAL_REPRESENTATION('',(#4209),#4214);
#4209 = B_SPLINE_CURVE_WITH_KNOTS('',3,(#4210,#4211,#4212,#4213),
  .UNSPECIFIED.,.F.,.F.,(4,4),(0.,1.),.PIECEWISE_BEZIER_KNOTS.);
#4210 = CARTESIAN_POINT('',(-0.5,0.3));
#4211 = CARTESIAN_POINT('',(-0.333333333333,0.3));
#4212 = CARTESIAN_POINT('',(-0.166666666667,0.3));
#4213 = CARTESIAN_POINT('',(0.,0.3));
#4214 = ( GEOMETRIC_REPRESENTATION_CONTEXT(2) 
PARAMETRIC_REPRESENTATION_CONTEXT() REPRESENTATION_CONTEXT('2D SPACE',''
  ) );
#4215 = ADVANCED_FACE('',(#4216),#3946,.F.);
#4216 = FACE_BOUND('',#4217,.T.);
#4217 = EDGE_LOOP('',(#4218,#4219,#4237,#4253));
#4218 = ORIENTED_EDGE('',*,*,#4194,.F.);
#4219 = ORIENTED_EDGE('',*,*,#4220,.F.);
#4220 = EDGE_CURVE('',#4221,#4154,#4223,.T.);
#4221 = VERTEX_POINT('',#4222);
#4222 = CARTESIAN_POINT('',(0.75,-1.084202172486E-16,3.5));
#4223 = SURFACE_CURVE('',#4224,(#4229),.PCURVE_S1.);
#4224 = B_SPLINE_CURVE_WITH_KNOTS('',3,(#4225,#4226,#4227,#4228),
  .UNSPECIFIED.,.F.,.F.,(4,4),(-1.,-0.),.PIECEWISE_BEZIER_KNOTS.);
#4225 = CARTESIAN_POINT('',(0.75,-1.084202172486E-16,3.5));
#4226 = CARTESIAN_POINT('',(0.75,-0.5,3.5));
#4227 = CARTESIAN_POINT('',(0.75,-1.,3.5));
#4228 = CARTESIAN_POINT('',(0.75,-1.5,3.5));
#4229 = PCURVE('',#3946,#4230);
#4230 = DEFINITIONAL_REPRESENTATION('',(#4231),#4236);
#4231 = B_SPLINE_CURVE_WITH_KNOTS('',3,(#4232,#4233,#4234,#4235),
  .UNSPECIFIED.,.F.,.F.,(4,4),(-1.,-0.),.PIECEWISE_BEZIER_KNOTS.);
#4232 = CARTESIAN_POINT('',(-0.5,1.8));
#4233 = CARTESIAN_POINT('',(-0.5,1.3));
#4234 = CARTESIAN_POINT('',(-0.5,0.8));
#4235 = CARTESIAN_POINT('',(-0.5,0.3));
#4236 = ( GEOMETRIC_REPRESENTATION_CONTEXT(2) 
PARAMETRIC_REPRESENTATION_CONTEXT() REPRESENTATION_CONTEXT('2D SPACE',''
  ) );
#4237 = ORIENTED_EDGE('',*,*,#4238,.F.);
#4238 = EDGE_CURVE('',#1094,#4221,#4239,.T.);
#4239 = SURFACE_CURVE('',#4240,(#4245),.PCURVE_S1.);
#4240 = B_SPLINE_CURVE_WITH_KNOTS('',3,(#4241,#4242,#4243,#4244),
  .UNSPECIFIED.,.F.,.F.,(4,4),(-1.,-0.),.PIECEWISE_BEZIER_KNOTS.);
#4241 = CARTESIAN_POINT('',(0.75,-7.228014483237E-17,4.));
#4242 = CARTESIAN_POINT('',(0.75,0.,3.833333333333));
#4243 = CARTESIAN_POINT('',(0.75,0.,3.666666666667));
#4244 = CARTESIAN_POINT('',(0.75,-1.084202172486E-16,3.5));
#4245 = PCURVE('',#3946,#4246);
#4246 = DEFINITIONAL_REPRESENTATION('',(#4247),#4252);
#4247 = B_SPLINE_CURVE_WITH_KNOTS('',3,(#4248,#4249,#4250,#4251),
  .UNSPECIFIED.,.F.,.F.,(4,4),(-1.,-0.),.PIECEWISE_BEZIER_KNOTS.);
#4248 = CARTESIAN_POINT('',(0.,1.8));
#4249 = CARTESIAN_POINT('',(-0.166666666667,1.8));
#4250 = CARTESIAN_POINT('',(-0.333333333333,1.8));
#4251 = CARTESIAN_POINT('',(-0.5,1.8));
#4252 = ( GEOMETRIC_REPRESENTATION_CONTEXT(2) 
PARAMETRIC_REPRESENTATION_CONTEXT() REPRESENTATION_CONTEXT('2D SPACE',''
  ) );
#4253 = ORIENTED_EDGE('',*,*,#3930,.T.);
#4254 = ADVANCED_FACE('',(#4255),#3978,.F.);
#4255 = FACE_BOUND('',#4256,.T.);
#4256 = EDGE_LOOP('',(#4257,#4281,#4282,#4300));
#4257 = ORIENTED_EDGE('',*,*,#4258,.F.);
#4258 = EDGE_CURVE('',#3961,#4259,#4261,.T.);
#4259 = VERTEX_POINT('',#4260);
#4260 = CARTESIAN_POINT('',(-0.75,-1.5,3.5));
#4261 = SURFACE_CURVE('',#4262,(#4267,#4275),.PCURVE_S1.);
#4262 = B_SPLINE_CURVE_WITH_KNOTS('',3,(#4263,#4264,#4265,#4266),
  .UNSPECIFIED.,.F.,.F.,(4,4),(0.,1.),.PIECEWISE_BEZIER_KNOTS.);
#4263 = CARTESIAN_POINT('',(-0.75,-1.5,4.));
#4264 = CARTESIAN_POINT('',(-0.75,-1.5,3.833333333333));
#4265 = CARTESIAN_POINT('',(-0.75,-1.5,3.666666666667));
#4266 = CARTESIAN_POINT('',(-0.75,-1.5,3.5));
#4267 = PCURVE('',#3978,#4268);
#4268 = DEFINITIONAL_REPRESENTATION('',(#4269),#4274);
#4269 = B_SPLINE_CURVE_WITH_KNOTS('',3,(#4270,#4271,#4272,#4273),
  .UNSPECIFIED.,.F.,.F.,(4,4),(0.,1.),.PIECEWISE_BEZIER_KNOTS.);
#4270 = CARTESIAN_POINT('',(0.3,0.));
#4271 = CARTESIAN_POINT('',(0.3,-0.166666666667));
#4272 = CARTESIAN_POINT('',(0.3,-0.333333333333));
#4273 = CARTESIAN_POINT('',(0.3,-0.5));
#4274 = ( GEOMETRIC_REPRESENTATION_CONTEXT(2) 
PARAMETRIC_REPRESENTATION_CONTEXT() REPRESENTATION_CONTEXT('2D SPACE',''
  ) );
#4275 = PCURVE('',#4013,#4276);
#4276 = DEFINITIONAL_REPRESENTATION('',(#4277),#4280);
#4277 = B_SPLINE_CURVE_WITH_KNOTS('',1,(#4278,#4279),.UNSPECIFIED.,.F.,
  .F.,(2,2),(0.,1.),.PIECEWISE_BEZIER_KNOTS.);
#4278 = CARTESIAN_POINT('',(3.14159265359,4.));
#4279 = CARTESIAN_POINT('',(3.14159265359,3.5));
#4280 = ( GEOMETRIC_REPRESENTATION_CONTEXT(2) 
PARAMETRIC_REPRESENTATION_CONTEXT() REPRESENTATION_CONTEXT('2D SPACE',''
  ) );
#4281 = ORIENTED_EDGE('',*,*,#3960,.T.);
#4282 = ORIENTED_EDGE('',*,*,#4283,.F.);
#4283 = EDGE_CURVE('',#4284,#1074,#4286,.T.);
#4284 = VERTEX_POINT('',#4285);
#4285 = CARTESIAN_POINT('',(-0.75,-1.084202172486E-16,3.5));
#4286 = SURFACE_CURVE('',#4287,(#4292),.PCURVE_S1.);
#4287 = B_SPLINE_CURVE_WITH_KNOTS('',3,(#4288,#4289,#4290,#4291),
  .UNSPECIFIED.,.F.,.F.,(4,4),(-1.,-0.),.PIECEWISE_BEZIER_KNOTS.);
#4288 = CARTESIAN_POINT('',(-0.75,-1.084202172486E-16,3.5));
#4289 = CARTESIAN_POINT('',(-0.75,0.,3.666666666667));
#4290 = CARTESIAN_POINT('',(-0.75,0.,3.833333333333));
#4291 = CARTESIAN_POINT('',(-0.75,-7.228014483237E-17,4.));
#4292 = PCURVE('',#3978,#4293);
#4293 = DEFINITIONAL_REPRESENTATION('',(#4294),#4299);
#4294 = B_SPLINE_CURVE_WITH_KNOTS('',3,(#4295,#4296,#4297,#4298),
  .UNSPECIFIED.,.F.,.F.,(4,4),(-1.,-0.),.PIECEWISE_BEZIER_KNOTS.);
#4295 = CARTESIAN_POINT('',(1.8,-0.5));
#4296 = CARTESIAN_POINT('',(1.8,-0.333333333333));
#4297 = CARTESIAN_POINT('',(1.8,-0.166666666667));
#4298 = CARTESIAN_POINT('',(1.8,0.));
#4299 = ( GEOMETRIC_REPRESENTATION_CONTEXT(2) 
PARAMETRIC_REPRESENTATION_CONTEXT() REPRESENTATION_CONTEXT('2D SPACE',''
  ) );
#4300 = ORIENTED_EDGE('',*,*,#4301,.F.);
#4301 = EDGE_CURVE('',#4259,#4284,#4302,.T.);
#4302 = SURFACE_CURVE('',#4303,(#4308),.PCURVE_S1.);
#4303 = B_SPLINE_CURVE_WITH_KNOTS('',3,(#4304,#4305,#4306,#4307),
  .UNSPECIFIED.,.F.,.F.,(4,4),(-1.,-0.),.PIECEWISE_BEZIER_KNOTS.);
#4304 = CARTESIAN_POINT('',(-0.75,-1.5,3.5));
#4305 = CARTESIAN_POINT('',(-0.75,-1.,3.5));
#4306 = CARTESIAN_POINT('',(-0.75,-0.5,3.5));
#4307 = CARTESIAN_POINT('',(-0.75,-1.084202172486E-16,3.5));
#4308 = PCURVE('',#3978,#4309);
#4309 = DEFINITIONAL_REPRESENTATION('',(#4310),#4315);
#4310 = B_SPLINE_CURVE_WITH_KNOTS('',3,(#4311,#4312,#4313,#4314),
  .UNSPECIFIED.,.F.,.F.,(4,4),(-1.,-0.),.PIECEWISE_BEZIER_KNOTS.);
#4311 = CARTESIAN_POINT('',(0.3,-0.5));
#4312 = CARTESIAN_POINT('',(0.8,-0.5));
#4313 = CARTESIAN_POINT('',(1.3,-0.5));
#4314 = CARTESIAN_POINT('',(1.8,-0.5));
#4315 = ( GEOMETRIC_REPRESENTATION_CONTEXT(2) 
PARAMETRIC_REPRESENTATION_CONTEXT() REPRESENTATION_CONTEXT('2D SPACE',''
  ) );
#4316 = ADVANCED_FACE('',(#4317),#4013,.T.);
#4317 = FACE_BOUND('',#4318,.T.);
#4318 = EDGE_LOOP('',(#4319,#4358,#4359,#4360));
#4319 = ORIENTED_EDGE('',*,*,#4320,.T.);
#4320 = EDGE_CURVE('',#4259,#4085,#4321,.T.);
#4321 = SURFACE_CURVE('',#4322,(#4329),.PCURVE_S1.);
#4322 = B_SPLINE_CURVE_WITH_KNOTS('',3,(#4323,#4324,#4325,#4326,#4327,
    #4328),.UNSPECIFIED.,.F.,.F.,(4,2,4),(0.,0.5,1.),.UNSPECIFIED.);
#4323 = CARTESIAN_POINT('',(-0.75,-1.5,3.5));
#4324 = CARTESIAN_POINT('',(-0.75,-1.57853981634,3.5));
#4325 = CARTESIAN_POINT('',(-0.717668071083,-1.656595997629,3.5));
#4326 = CARTESIAN_POINT('',(-0.606595997629,-1.767668071083,3.5));
#4327 = CARTESIAN_POINT('',(-0.52853981634,-1.8,3.5));
#4328 = CARTESIAN_POINT('',(-0.45,-1.8,3.5));
#4329 = PCURVE('',#4013,#4330);
#4330 = DEFINITIONAL_REPRESENTATION('',(#4331),#4357);
#4331 = B_SPLINE_CURVE_WITH_KNOTS('',3,(#4332,#4333,#4334,#4335,#4336,
    #4337,#4338,#4339,#4340,#4341,#4342,#4343,#4344,#4345,#4346,#4347,
    #4348,#4349,#4350,#4351,#4352,#4353,#4354,#4355,#4356),
  .UNSPECIFIED.,.F.,.F.,(4,1,1,1,1,1,1,1,1,1,1,1,1,1,1,1,1,1,1,1,1,1,4),
  (0.,4.545454545455E-02,9.090909090909E-02,0.136363636364,
    0.181818181818,0.227272727273,0.272727272727,0.318181818182,
    0.363636363636,0.409090909091,0.454545454545,0.5,0.545454545455,
    0.590909090909,0.636363636364,0.681818181818,0.727272727273,
    0.772727272727,0.818181818182,0.863636363636,0.909090909091,
    0.954545454545,1.),.QUASI_UNIFORM_KNOTS.);
#4332 = CARTESIAN_POINT('',(3.14159265359,3.5));
#4333 = CARTESIAN_POINT('',(3.165390087023,3.5));
#4334 = CARTESIAN_POINT('',(3.2129679964,3.5));
#4335 = CARTESIAN_POINT('',(3.284318631836,3.5));
#4336 = CARTESIAN_POINT('',(3.355698101943,3.5));
#4337 = CARTESIAN_POINT('',(3.427115001897,3.5));
#4338 = CARTESIAN_POINT('',(3.49856238049,3.5));
#4339 = CARTESIAN_POINT('',(3.570021081514,3.5));
#4340 = CARTESIAN_POINT('',(3.641468511545,3.5));
#4341 = CARTESIAN_POINT('',(3.712885205746,3.5));
#4342 = CARTESIAN_POINT('',(3.784265447427,3.5));
#4343 = CARTESIAN_POINT('',(3.855613202319,3.5));
#4344 = CARTESIAN_POINT('',(3.926990816987,3.5));
#4345 = CARTESIAN_POINT('',(3.998368431655,3.5));
#4346 = CARTESIAN_POINT('',(4.069716186547,3.5));
#4347 = CARTESIAN_POINT('',(4.141096428229,3.5));
#4348 = CARTESIAN_POINT('',(4.212513122429,3.5));
#4349 = CARTESIAN_POINT('',(4.283960552461,3.5));
#4350 = CARTESIAN_POINT('',(4.355419253484,3.5));
#4351 = CARTESIAN_POINT('',(4.426866632078,3.5));
#4352 = CARTESIAN_POINT('',(4.498283532031,3.5));
#4353 = CARTESIAN_POINT('',(4.569663002138,3.5));
#4354 = CARTESIAN_POINT('',(4.641013637574,3.5));
#4355 = CARTESIAN_POINT('',(4.688591546952,3.5));
#4356 = CARTESIAN_POINT('',(4.712388980385,3.5));
#4357 = ( GEOMETRIC_REPRESENTATION_CONTEXT(2) 
PARAMETRIC_REPRESENTATION_CONTEXT() REPRESENTATION_CONTEXT('2D SPACE',''
  ) );
#4358 = ORIENTED_EDGE('',*,*,#4084,.F.);
#4359 = ORIENTED_EDGE('',*,*,#3991,.T.);
#4360 = ORIENTED_EDGE('',*,*,#4258,.T.);
#4361 = ADVANCED_FACE('',(#4362),#1390,.T.);
#4362 = FACE_BOUND('',#4363,.T.);
#4363 = EDGE_LOOP('',(#4364,#4365,#4366,#4432,#4433,#4434));
#4364 = ORIENTED_EDGE('',*,*,#1424,.T.);
#4365 = ORIENTED_EDGE('',*,*,#1360,.T.);
#4366 = ORIENTED_EDGE('',*,*,#4367,.T.);
#4367 = EDGE_CURVE('',#1302,#2082,#4368,.T.);
#4368 = SURFACE_CURVE('',#4369,(#4374,#4403),.PCURVE_S1.);
#4369 = B_SPLINE_CURVE_WITH_KNOTS('',3,(#4370,#4371,#4372,#4373),
  .UNSPECIFIED.,.F.,.F.,(4,4),(0.,1.),.PIECEWISE_BEZIER_KNOTS.);
#4370 = CARTESIAN_POINT('',(0.,0.,2.5));
#4371 = CARTESIAN_POINT('',(0.,-0.366666666667,2.5));
#4372 = CARTESIAN_POINT('',(0.,-0.733333333333,2.5));
#4373 = CARTESIAN_POINT('',(2.738784223922E-05,-1.05,2.624999994261));
#4374 = PCURVE('',#1390,#4375);
#4375 = DEFINITIONAL_REPRESENTATION('',(#4376),#4402);
#4376 = B_SPLINE_CURVE_WITH_KNOTS('',3,(#4377,#4378,#4379,#4380,#4381,
    #4382,#4383,#4384,#4385,#4386,#4387,#4388,#4389,#4390,#4391,#4392,
    #4393,#4394,#4395,#4396,#4397,#4398,#4399,#4400,#4401),
  .UNSPECIFIED.,.F.,.F.,(4,1,1,1,1,1,1,1,1,1,1,1,1,1,1,1,1,1,1,1,1,1,4),
  (4.928191693116E-17,4.545454545455E-02,9.090909090909E-02,
    0.136363636364,0.181818181818,0.227272727273,0.272727272727,
    0.318181818182,0.363636363636,0.409090909091,0.454545454545,0.5,
    0.545454545455,0.590909090909,0.636363636364,0.681818181818,
    0.727272727273,0.772727272727,0.818181818182,0.863636363636,
    0.909090909091,0.954545454545,1.),.QUASI_UNIFORM_KNOTS.);
#4377 = CARTESIAN_POINT('',(0.,1.3));
#4378 = CARTESIAN_POINT('',(-2.415143370596E-13,1.283333333333));
#4379 = CARTESIAN_POINT('',(1.088660517238E-13,1.25));
#4380 = CARTESIAN_POINT('',(6.173019625207E-09,1.200028174305));
#4381 = CARTESIAN_POINT('',(2.469049650994E-08,1.15011269722));
#4382 = CARTESIAN_POINT('',(6.171668454258E-08,1.10028174305));
#4383 = CARTESIAN_POINT('',(1.234003821143E-07,1.050563486101));
#4384 = CARTESIAN_POINT('',(2.158625526089E-07,1.000986100676));
#4385 = CARTESIAN_POINT('',(3.451809135737E-07,0.951577761082));
#4386 = CARTESIAN_POINT('',(5.173710963681E-07,0.902366641623));
#4387 = CARTESIAN_POINT('',(7.383646577871E-07,0.853380916604));
#4388 = CARTESIAN_POINT('',(1.01398407097E-06,0.804648760331));
#4389 = CARTESIAN_POINT('',(1.349914929358E-06,0.756198347107));
#4390 = CARTESIAN_POINT('',(1.751675639279E-06,0.70805785124));
#4391 = CARTESIAN_POINT('',(2.224584944622E-06,0.660255447032));
#4392 = CARTESIAN_POINT('',(2.77372767462E-06,0.61281930879));
#4393 = CARTESIAN_POINT('',(3.403919217587E-06,0.565777610819));
#4394 = CARTESIAN_POINT('',(4.119669095056E-06,0.519158527423));
#4395 = CARTESIAN_POINT('',(4.925144762296E-06,0.472990232908));
#4396 = CARTESIAN_POINT('',(5.824134201696E-06,0.427300901578));
#4397 = CARTESIAN_POINT('',(6.820015633625E-06,0.382118707739));
#4398 = CARTESIAN_POINT('',(7.9157064063E-06,0.337471825695));
#4399 = CARTESIAN_POINT('',(9.113698554364E-06,0.293388429752));
#4400 = CARTESIAN_POINT('',(9.981754925609E-06,0.264393939394));
#4401 = CARTESIAN_POINT('',(1.043346373261E-05,0.25));
#4402 = ( GEOMETRIC_REPRESENTATION_CONTEXT(2) 
PARAMETRIC_REPRESENTATION_CONTEXT() REPRESENTATION_CONTEXT('2D SPACE',''
  ) );
#4403 = PCURVE('',#1267,#4404);
#4404 = DEFINITIONAL_REPRESENTATION('',(#4405),#4431);
#4405 = B_SPLINE_CURVE_WITH_KNOTS('',3,(#4406,#4407,#4408,#4409,#4410,
    #4411,#4412,#4413,#4414,#4415,#4416,#4417,#4418,#4419,#4420,#4421,
    #4422,#4423,#4424,#4425,#4426,#4427,#4428,#4429,#4430),
  .UNSPECIFIED.,.F.,.F.,(4,1,1,1,1,1,1,1,1,1,1,1,1,1,1,1,1,1,1,1,1,1,4),
  (4.928191693116E-17,4.545454545455E-02,9.090909090909E-02,
    0.136363636364,0.181818181818,0.227272727273,0.272727272727,
    0.318181818182,0.363636363636,0.409090909091,0.454545454545,0.5,
    0.545454545455,0.590909090909,0.636363636364,0.681818181818,
    0.727272727273,0.772727272727,0.818181818182,0.863636363636,
    0.909090909091,0.954545454545,1.),.QUASI_UNIFORM_KNOTS.);
#4406 = CARTESIAN_POINT('',(6.28318530718,1.3));
#4407 = CARTESIAN_POINT('',(6.283185307179,1.283333333333));
#4408 = CARTESIAN_POINT('',(6.28318530718,1.25));
#4409 = CARTESIAN_POINT('',(6.283185313353,1.200028174305));
#4410 = CARTESIAN_POINT('',(6.28318533187,1.15011269722));
#4411 = CARTESIAN_POINT('',(6.283185368896,1.10028174305));
#4412 = CARTESIAN_POINT('',(6.28318543058,1.050563486101));
#4413 = CARTESIAN_POINT('',(6.283185523042,1.000986100676));
#4414 = CARTESIAN_POINT('',(6.28318565236,0.951577761082));
#4415 = CARTESIAN_POINT('',(6.283185824551,0.902366641623));
#4416 = CARTESIAN_POINT('',(6.283186045544,0.853380916604));
#4417 = CARTESIAN_POINT('',(6.283186321164,0.804648760331));
#4418 = CARTESIAN_POINT('',(6.283186657095,0.756198347107));
#4419 = CARTESIAN_POINT('',(6.283187058855,0.70805785124));
#4420 = CARTESIAN_POINT('',(6.283187531765,0.660255447032));
#4421 = CARTESIAN_POINT('',(6.283188080907,0.61281930879));
#4422 = CARTESIAN_POINT('',(6.283188711099,0.565777610819));
#4423 = CARTESIAN_POINT('',(6.283189426849,0.519158527423));
#4424 = CARTESIAN_POINT('',(6.283190232324,0.472990232908));
#4425 = CARTESIAN_POINT('',(6.283191131314,0.427300901578));
#4426 = CARTESIAN_POINT('',(6.283192127195,0.382118707739));
#4427 = CARTESIAN_POINT('',(6.283193222886,0.337471825695));
#4428 = CARTESIAN_POINT('',(6.283194420878,0.293388429752));
#4429 = CARTESIAN_POINT('',(6.283195288935,0.264393939394));
#4430 = CARTESIAN_POINT('',(6.283195740643,0.25));
#4431 = ( GEOMETRIC_REPRESENTATION_CONTEXT(2) 
PARAMETRIC_REPRESENTATION_CONTEXT() REPRESENTATION_CONTEXT('2D SPACE',''
  ) );
#4432 = ORIENTED_EDGE('',*,*,#2260,.F.);
#4433 = ORIENTED_EDGE('',*,*,#2201,.F.);
#4434 = ORIENTED_EDGE('',*,*,#4435,.T.);
#4435 = EDGE_CURVE('',#2143,#1238,#4436,.T.);
#4436 = SURFACE_CURVE('',#4437,(#4442,#4448),.PCURVE_S1.);
#4437 = B_SPLINE_CURVE_WITH_KNOTS('',3,(#4438,#4439,#4440,#4441),
  .UNSPECIFIED.,.F.,.F.,(4,4),(0.,1.),.PIECEWISE_BEZIER_KNOTS.);
#4438 = CARTESIAN_POINT('',(-5.244953423339E-15,-1.1,-2.5));
#4439 = CARTESIAN_POINT('',(-5.244953423339E-15,-0.733333333333,-2.5));
#4440 = CARTESIAN_POINT('',(-5.244953423339E-15,-0.366666666667,-2.5));
#4441 = CARTESIAN_POINT('',(-2.738784223866E-05,-5.421010862428E-17,
    -2.624999994261));
#4442 = PCURVE('',#1390,#4443);
#4443 = DEFINITIONAL_REPRESENTATION('',(#4444),#4447);
#4444 = B_SPLINE_CURVE_WITH_KNOTS('',1,(#4445,#4446),.UNSPECIFIED.,.F.,
  .F.,(2,2),(4.553486161305E-02,1.),.PIECEWISE_BEZIER_KNOTS.);
#4445 = CARTESIAN_POINT('',(3.141592654624,0.250088347774));
#4446 = CARTESIAN_POINT('',(3.141603087054,1.3));
#4447 = ( GEOMETRIC_REPRESENTATION_CONTEXT(2) 
PARAMETRIC_REPRESENTATION_CONTEXT() REPRESENTATION_CONTEXT('2D SPACE',''
  ) );
#4448 = PCURVE('',#1267,#4449);
#4449 = DEFINITIONAL_REPRESENTATION('',(#4450),#4453);
#4450 = B_SPLINE_CURVE_WITH_KNOTS('',1,(#4451,#4452),.UNSPECIFIED.,.F.,
  .F.,(2,2),(4.553486161305E-02,1.),.PIECEWISE_BEZIER_KNOTS.);
#4451 = CARTESIAN_POINT('',(3.141592654624,0.250088347774));
#4452 = CARTESIAN_POINT('',(3.141603087054,1.3));
#4453 = ( GEOMETRIC_REPRESENTATION_CONTEXT(2) 
PARAMETRIC_REPRESENTATION_CONTEXT() REPRESENTATION_CONTEXT('2D SPACE',''
  ) );
#4454 = ADVANCED_FACE('',(#4455),#1267,.T.);
#4455 = FACE_BOUND('',#4456,.T.);
#4456 = EDGE_LOOP('',(#4457,#4458,#4459,#4460,#4461,#4462));
#4457 = ORIENTED_EDGE('',*,*,#4367,.F.);
#4458 = ORIENTED_EDGE('',*,*,#1301,.T.);
#4459 = ORIENTED_EDGE('',*,*,#1235,.T.);
#4460 = ORIENTED_EDGE('',*,*,#4435,.F.);
#4461 = ORIENTED_EDGE('',*,*,#2142,.F.);
#4462 = ORIENTED_EDGE('',*,*,#2081,.F.);
#4463 = ( GEOMETRIC_REPRESENTATION_CONTEXT(3) 
GLOBAL_UNCERTAINTY_ASSIGNED_CONTEXT((#4467)) 
GLOBAL_UNIT_ASSIGNED_CONTEXT((#4464,#4465,#4466)) REPRESENTATION_CONTEXT
('Context #1','3D Context with UNIT and UNCERTAINTY') );
#4464 = ( LENGTH_UNIT() NAMED_UNIT(*) SI_UNIT(.MILLI.,.METRE.) );
#4465 = ( NAMED_UNIT(*) PLANE_ANGLE_UNIT() SI_UNIT($,.RADIAN.) );
#4466 = ( NAMED_UNIT(*) SI_UNIT($,.STERADIAN.) SOLID_ANGLE_UNIT() );
#4467 = UNCERTAINTY_MEASURE_WITH_UNIT(LENGTH_MEASURE(2.E-02),#4464,
  'distance_accuracy_value','confusion accuracy');
#4468 = PRODUCT_RELATED_PRODUCT_CATEGORY('part',$,(#7));
ENDSEC;
END-ISO-10303-21;
