ISO-10303-21;
HEADER;
FILE_DESCRIPTION(('Open CASCADE Model'),'2;1');
FILE_NAME('Open CASCADE Shape Model','2026-03-14T15:57:22',('Author'),(
    'Open CASCADE'),'Open CASCADE STEP processor 7.8','build123d',
  'Unknown');
FILE_SCHEMA(('AUTOMOTIVE_DESIGN { 1 0 10303 214 1 1 1 1 }'));
ENDSEC;
DATA;
#1 = APPLICATION_PROTOCOL_DEFINITION('international standard',
  'automotive_design',2000,#2);
#2 = APPLICATION_CONTEXT(
  'core data for automotive mechanical design processes');
#3 = SHAPE_DEFINITION_REPRESENTATION(#4,#10);
#4 = PRODUCT_DEFINITION_SHAPE('','',#5);
#5 = PRODUCT_DEFINITION('design','',#6,#9);
#6 = PRODUCT_DEFINITION_FORMATION('','',#7);
#7 = PRODUCT('SHELL','SHELL','',(#8));
#8 = PRODUCT_CONTEXT('',#2,'mechanical');
#9 = PRODUCT_DEFINITION_CONTEXT('part definition',#2,'design');
#10 = MANIFOLD_SURFACE_SHAPE_REPRESENTATION('',(#11,#15),#1414);
#11 = AXIS2_PLACEMENT_3D('',#12,#13,#14);
#12 = CARTESIAN_POINT('',(0.,0.,0.));
#13 = DIRECTION('',(0.,0.,1.));
#14 = DIRECTION('',(1.,0.,-0.));
#15 = SHELL_BASED_SURFACE_MODEL('',(#16));
#16 = OPEN_SHELL('',(#17,#456,#803,#1175,#1209));
#17 = ADVANCED_FACE('',(#18),#31,.T.);
#18 = FACE_BOUND('',#19,.T.);
#19 = EDGE_LOOP('',(#20,#242,#256));
#20 = ORIENTED_EDGE('',*,*,#21,.T.);
#21 = EDGE_CURVE('',#22,#24,#26,.T.);
#22 = VERTEX_POINT('',#23);
#23 = CARTESIAN_POINT('',(0.671074202093,21.65,-0.516695965019));
#24 = VERTEX_POINT('',#25);
#25 = CARTESIAN_POINT('',(0.928094158613,19.806436527137,-0.311464944397
    ));
#26 = SURFACE_CURVE('',#27,(#30,#136),.PCURVE_S1.);
#27 = B_SPLINE_CURVE_WITH_KNOTS('',1,(#28,#29),.UNSPECIFIED.,.F.,.F.,(2,
    2),(0.,1.),.PIECEWISE_BEZIER_KNOTS.);
#28 = CARTESIAN_POINT('',(0.671074202093,21.65,-0.516695965019));
#29 = CARTESIAN_POINT('',(0.660217963924,19.28,-0.530796084208));
#30 = PCURVE('',#31,#108);
#31 = B_SPLINE_SURFACE_WITH_KNOTS('',3,1,(
    (#32,#33)
    ,(#34,#35)
    ,(#36,#37)
    ,(#38,#39)
    ,(#40,#41)
    ,(#42,#43)
    ,(#44,#45)
    ,(#46,#47)
    ,(#48,#49)
    ,(#50,#51)
    ,(#52,#53)
    ,(#54,#55)
    ,(#56,#57)
    ,(#58,#59)
    ,(#60,#61)
    ,(#62,#63)
    ,(#64,#65)
    ,(#66,#67)
    ,(#68,#69)
    ,(#70,#71)
    ,(#72,#73)
    ,(#74,#75)
    ,(#76,#77)
    ,(#78,#79)
    ,(#80,#81)
    ,(#82,#83)
    ,(#84,#85)
    ,(#86,#87)
    ,(#88,#89)
    ,(#90,#91)
    ,(#92,#93)
    ,(#94,#95)
    ,(#96,#97)
    ,(#98,#99)
    ,(#100,#101)
    ,(#102,#103)
    ,(#104,#105)
    ,(#106,#107
    )),.UNSPECIFIED.,.F.,.F.,.F.,(4,1,1,1,1,1,1,1,1,1,1,1,1,1,1,1,1,1,1,
    1,1,1,1,1,1,1,1,1,1,1,1,1,1,1,1,4),(2,2),(0.,0.121347548977,
    0.12517266855,0.129447802174,0.134172949851,0.139348111581,
    0.144973287366,0.151048477205,0.1575736811,0.164548899051,
    0.171974131059,0.179849377123,0.188174637244,0.196949911422,
    0.206175199657,0.215850501949,0.225975818299,0.236551148707,
    0.247576493172,0.259051851695,0.270977224276,0.283352610914,
    0.296178011611,0.309453426366,0.323178855178,0.337354298049,
    0.351979754978,0.367055225965,0.382580711011,0.398556210115,
    0.414981723277,0.431857250497,0.449182791775,0.466958347112,
    0.485183916508,0.485434526737),(0.,1.),.UNSPECIFIED.);
#32 = CARTESIAN_POINT('',(0.660217963924,19.28,-0.530796084208));
#33 = CARTESIAN_POINT('',(0.660217963924,21.65,-0.530796084208));
#34 = CARTESIAN_POINT('',(0.633737799207,19.28,-0.582181882856));
#35 = CARTESIAN_POINT('',(0.633737799207,21.65,-0.582181882856));
#36 = CARTESIAN_POINT('',(0.664407664776,19.28,-0.601234412148));
#37 = CARTESIAN_POINT('',(0.664407664776,21.65,-0.601234412148));
#38 = CARTESIAN_POINT('',(0.685946782708,19.28,-0.629001173804));
#39 = CARTESIAN_POINT('',(0.685946782708,21.65,-0.629001173804));
#40 = CARTESIAN_POINT('',(0.688026605945,19.28,-0.631793439997));
#41 = CARTESIAN_POINT('',(0.688026605945,21.65,-0.631793439997));
#42 = CARTESIAN_POINT('',(0.690263006118,19.28,-0.634925124161));
#43 = CARTESIAN_POINT('',(0.690263006118,21.65,-0.634925124161));
#44 = CARTESIAN_POINT('',(0.692643556679,19.28,-0.63840318744));
#45 = CARTESIAN_POINT('',(0.692643556679,21.65,-0.63840318744));
#46 = CARTESIAN_POINT('',(0.695155090742,19.28,-0.642234619502));
#47 = CARTESIAN_POINT('',(0.695155090742,21.65,-0.642234619502));
#48 = CARTESIAN_POINT('',(0.697784384425,19.28,-0.646425899611));
#49 = CARTESIAN_POINT('',(0.697784384425,21.65,-0.646425899611));
#50 = CARTESIAN_POINT('',(0.700517959989,19.28,-0.65098315468));
#51 = CARTESIAN_POINT('',(0.700517959989,21.65,-0.65098315468));
#52 = CARTESIAN_POINT('',(0.703342159158,19.28,-0.655912103868));
#53 = CARTESIAN_POINT('',(0.703342159158,21.65,-0.655912103868));
#54 = CARTESIAN_POINT('',(0.706243134657,19.28,-0.661218068273));
#55 = CARTESIAN_POINT('',(0.706243134657,21.65,-0.661218068273));
#56 = CARTESIAN_POINT('',(0.709206866507,19.28,-0.666905961401));
#57 = CARTESIAN_POINT('',(0.709206866507,21.65,-0.666905961401));
#58 = CARTESIAN_POINT('',(0.712219171095,19.28,-0.672980285714));
#59 = CARTESIAN_POINT('',(0.712219171095,21.65,-0.672980285714));
#60 = CARTESIAN_POINT('',(0.715265712547,19.28,-0.679445127721));
#61 = CARTESIAN_POINT('',(0.715265712547,21.65,-0.679445127721));
#62 = CARTESIAN_POINT('',(0.718332013566,19.28,-0.686304153855));
#63 = CARTESIAN_POINT('',(0.718332013566,21.65,-0.686304153855));
#64 = CARTESIAN_POINT('',(0.721403466575,19.28,-0.693560606469));
#65 = CARTESIAN_POINT('',(0.721403466575,21.65,-0.693560606469));
#66 = CARTESIAN_POINT('',(0.724465344894,19.28,-0.701217300154));
#67 = CARTESIAN_POINT('',(0.724465344894,21.65,-0.701217300154));
#68 = CARTESIAN_POINT('',(0.72750281404,19.28,-0.709276618321));
#69 = CARTESIAN_POINT('',(0.72750281404,21.65,-0.709276618321));
#70 = CARTESIAN_POINT('',(0.730500943098,19.28,-0.717740510076));
#71 = CARTESIAN_POINT('',(0.730500943098,21.65,-0.717740510076));
#72 = CARTESIAN_POINT('',(0.733444716186,19.28,-0.726610487362));
#73 = CARTESIAN_POINT('',(0.733444716186,21.65,-0.726610487362));
#74 = CARTESIAN_POINT('',(0.736319043981,19.28,-0.735887622403));
#75 = CARTESIAN_POINT('',(0.736319043981,21.65,-0.735887622403));
#76 = CARTESIAN_POINT('',(0.739108775325,19.28,-0.745572545422));
#77 = CARTESIAN_POINT('',(0.739108775325,21.65,-0.745572545422));
#78 = CARTESIAN_POINT('',(0.741798708883,19.28,-0.755665442654));
#79 = CARTESIAN_POINT('',(0.741798708883,21.65,-0.755665442654));
#80 = CARTESIAN_POINT('',(0.744373604857,19.28,-0.766166054648));
#81 = CARTESIAN_POINT('',(0.744373604857,21.65,-0.766166054648));
#82 = CARTESIAN_POINT('',(0.74681819675,19.28,-0.77707367486));
#83 = CARTESIAN_POINT('',(0.74681819675,21.65,-0.77707367486));
#84 = CARTESIAN_POINT('',(0.749117203164,19.28,-0.788387148537));
#85 = CARTESIAN_POINT('',(0.749117203164,21.65,-0.788387148537));
#86 = CARTESIAN_POINT('',(0.751255339634,19.28,-0.800104871894));
#87 = CARTESIAN_POINT('',(0.751255339634,21.65,-0.800104871894));
#88 = CARTESIAN_POINT('',(0.753217330489,19.28,-0.812224791592));
#89 = CARTESIAN_POINT('',(0.753217330489,21.65,-0.812224791592));
#90 = CARTESIAN_POINT('',(0.75498792073,19.28,-0.8247444045));
#91 = CARTESIAN_POINT('',(0.75498792073,21.65,-0.8247444045));
#92 = CARTESIAN_POINT('',(0.756551887918,19.28,-0.837660757762));
#93 = CARTESIAN_POINT('',(0.756551887918,21.65,-0.837660757762));
#94 = CARTESIAN_POINT('',(0.757894054069,19.28,-0.850970449155));
#95 = CARTESIAN_POINT('',(0.757894054069,21.65,-0.850970449155));
#96 = CARTESIAN_POINT('',(0.758999297547,19.28,-0.864669627746));
#97 = CARTESIAN_POINT('',(0.758999297547,21.65,-0.864669627746));
#98 = CARTESIAN_POINT('',(0.759852564945,19.28,-0.878753994839));
#99 = CARTESIAN_POINT('',(0.759852564945,21.65,-0.878753994839));
#100 = CARTESIAN_POINT('',(0.760438882949,19.28,-0.893218805227));
#101 = CARTESIAN_POINT('',(0.760438882949,21.65,-0.893218805227));
#102 = CARTESIAN_POINT('',(0.760640763987,19.28,-0.903058059761));
#103 = CARTESIAN_POINT('',(0.760640763987,21.65,-0.903058059761));
#104 = CARTESIAN_POINT('',(0.760693439199,19.28,-0.908073295021));
#105 = CARTESIAN_POINT('',(0.760693439199,21.65,-0.908073295021));
#106 = CARTESIAN_POINT('',(0.760694144448,19.28,-0.908141321585));
#107 = CARTESIAN_POINT('',(0.760694144448,21.65,-0.908141321585));
#108 = DEFINITIONAL_REPRESENTATION('',(#109),#135);
#109 = B_SPLINE_CURVE_WITH_KNOTS('',3,(#110,#111,#112,#113,#114,#115,
    #116,#117,#118,#119,#120,#121,#122,#123,#124,#125,#126,#127,#128,
    #129,#130,#131,#132,#133,#134),.UNSPECIFIED.,.F.,.F.,(4,1,1,1,1,1,1,
    1,1,1,1,1,1,1,1,1,1,1,1,1,1,1,4),(0.,3.53099605466E-02,
    7.06199210932E-02,0.10592988164,0.141239842186,0.176549802733,
    0.21185976328,0.247169723826,0.282479684373,0.317789644919,
    0.353099605466,0.388409566013,0.423719526559,0.459029487106,
    0.494339447652,0.529649408199,0.564959368746,0.600269329292,
    0.635579289839,0.670889250385,0.706199210932,0.741509171479,
    0.776819132025),.QUASI_UNIFORM_KNOTS.);
#110 = CARTESIAN_POINT('',(-5.194719392708E-06,1.));
#111 = CARTESIAN_POINT('',(-5.194719392708E-06,0.988230013151));
#112 = CARTESIAN_POINT('',(-5.194719392708E-06,0.964690039453));
#113 = CARTESIAN_POINT('',(-5.194719392708E-06,0.929380078907));
#114 = CARTESIAN_POINT('',(-5.194719392708E-06,0.89407011836));
#115 = CARTESIAN_POINT('',(-5.194719392708E-06,0.858760157814));
#116 = CARTESIAN_POINT('',(-5.194719392708E-06,0.823450197267));
#117 = CARTESIAN_POINT('',(-5.194719392708E-06,0.78814023672));
#118 = CARTESIAN_POINT('',(-5.194719392708E-06,0.752830276174));
#119 = CARTESIAN_POINT('',(-5.194719392708E-06,0.717520315627));
#120 = CARTESIAN_POINT('',(-5.194719392708E-06,0.682210355081));
#121 = CARTESIAN_POINT('',(-5.194719392708E-06,0.646900394534));
#122 = CARTESIAN_POINT('',(-5.194719392708E-06,0.611590433987));
#123 = CARTESIAN_POINT('',(-5.194719392708E-06,0.576280473441));
#124 = CARTESIAN_POINT('',(-5.194719392708E-06,0.540970512894));
#125 = CARTESIAN_POINT('',(-5.194719392708E-06,0.505660552348));
#126 = CARTESIAN_POINT('',(-5.194719392708E-06,0.470350591801));
#127 = CARTESIAN_POINT('',(-5.194719392708E-06,0.435040631254));
#128 = CARTESIAN_POINT('',(-5.194719392708E-06,0.399730670708));
#129 = CARTESIAN_POINT('',(-5.194719392708E-06,0.364420710161));
#130 = CARTESIAN_POINT('',(-5.194719392708E-06,0.329110749615));
#131 = CARTESIAN_POINT('',(-5.194719392708E-06,0.293800789068));
#132 = CARTESIAN_POINT('',(-5.194719392708E-06,0.258490828521));
#133 = CARTESIAN_POINT('',(-5.194719392708E-06,0.234950854824));
#134 = CARTESIAN_POINT('',(-5.194719392708E-06,0.223180867975));
#135 = ( GEOMETRIC_REPRESENTATION_CONTEXT(2) 
PARAMETRIC_REPRESENTATION_CONTEXT() REPRESENTATION_CONTEXT('2D SPACE',''
  ) );
#136 = PCURVE('',#137,#214);
#137 = B_SPLINE_SURFACE_WITH_KNOTS('',3,1,(
    (#138,#139)
    ,(#140,#141)
    ,(#142,#143)
    ,(#144,#145)
    ,(#146,#147)
    ,(#148,#149)
    ,(#150,#151)
    ,(#152,#153)
    ,(#154,#155)
    ,(#156,#157)
    ,(#158,#159)
    ,(#160,#161)
    ,(#162,#163)
    ,(#164,#165)
    ,(#166,#167)
    ,(#168,#169)
    ,(#170,#171)
    ,(#172,#173)
    ,(#174,#175)
    ,(#176,#177)
    ,(#178,#179)
    ,(#180,#181)
    ,(#182,#183)
    ,(#184,#185)
    ,(#186,#187)
    ,(#188,#189)
    ,(#190,#191)
    ,(#192,#193)
    ,(#194,#195)
    ,(#196,#197)
    ,(#198,#199)
    ,(#200,#201)
    ,(#202,#203)
    ,(#204,#205)
    ,(#206,#207)
    ,(#208,#209)
    ,(#210,#211)
    ,(#212,#213
    )),.UNSPECIFIED.,.F.,.F.,.F.,(4,1,1,1,1,1,1,1,1,1,1,1,1,1,1,1,1,1,1,
    1,1,1,1,1,1,1,1,1,1,1,1,1,1,1,1,4),(2,2),(0.514565472961,
    0.514816083492,0.533041652888,0.550817208225,0.568142749503,
    0.585018276723,0.601443789885,0.617419288989,0.632944774035,
    0.648020245022,0.662645701951,0.676821144822,0.690546573634,
    0.703821988389,0.716647389086,0.729022775724,0.740948148305,
    0.752423506828,0.763448851293,0.774024181701,0.784149498051,
    0.793824800343,0.803050088578,0.811825362756,0.820150622877,
    0.828025868941,0.835451100949,0.8424263189,0.848951522795,
    0.855026712634,0.860651888419,0.865827050149,0.870552197826,
    0.87482733145,0.878652451023,1.),(0.,1.),.UNSPECIFIED.);
#138 = CARTESIAN_POINT('',(1.072423002301,19.28,-0.503266817247));
#139 = CARTESIAN_POINT('',(1.072423002301,21.65,-0.503266817247));
#140 = CARTESIAN_POINT('',(1.072357055839,19.28,-0.50328352611));
#141 = CARTESIAN_POINT('',(1.072357055839,21.65,-0.50328352611));
#142 = CARTESIAN_POINT('',(1.067495007089,19.28,-0.504514721534));
#143 = CARTESIAN_POINT('',(1.067495007089,21.65,-0.504514721534));
#144 = CARTESIAN_POINT('',(1.057931094105,19.28,-0.506834905963));
#145 = CARTESIAN_POINT('',(1.057931094105,21.65,-0.506834905963));
#146 = CARTESIAN_POINT('',(1.043797049901,19.28,-0.509965928605));
#147 = CARTESIAN_POINT('',(1.043797049901,21.65,-0.509965928605));
#148 = CARTESIAN_POINT('',(1.029962562826,19.28,-0.512741613936));
#149 = CARTESIAN_POINT('',(1.029962562826,21.65,-0.512741613936));
#150 = CARTESIAN_POINT('',(1.016436048264,19.28,-0.515175224627));
#151 = CARTESIAN_POINT('',(1.016436048264,21.65,-0.515175224627));
#152 = CARTESIAN_POINT('',(1.003225510395,19.28,-0.517280214931));
#153 = CARTESIAN_POINT('',(1.003225510395,21.65,-0.517280214931));
#154 = CARTESIAN_POINT('',(0.990338537962,19.28,-0.519070219529));
#155 = CARTESIAN_POINT('',(0.990338537962,21.65,-0.519070219529));
#156 = CARTESIAN_POINT('',(0.977782300311,19.28,-0.520559042291));
#157 = CARTESIAN_POINT('',(0.977782300311,21.65,-0.520559042291));
#158 = CARTESIAN_POINT('',(0.965563543719,19.28,-0.521760644942));
#159 = CARTESIAN_POINT('',(0.965563543719,21.65,-0.521760644942));
#160 = CARTESIAN_POINT('',(0.953688588003,19.28,-0.522689135654));
#161 = CARTESIAN_POINT('',(0.953688588003,21.65,-0.522689135654));
#162 = CARTESIAN_POINT('',(0.942163323425,19.28,-0.523358757574));
#163 = CARTESIAN_POINT('',(0.942163323425,21.65,-0.523358757574));
#164 = CARTESIAN_POINT('',(0.930993207872,19.28,-0.523783877273));
#165 = CARTESIAN_POINT('',(0.930993207872,21.65,-0.523783877273));
#166 = CARTESIAN_POINT('',(0.920183264341,19.28,-0.523978973153));
#167 = CARTESIAN_POINT('',(0.920183264341,21.65,-0.523978973153));
#168 = CARTESIAN_POINT('',(0.909738078705,19.28,-0.523958623792));
#169 = CARTESIAN_POINT('',(0.909738078705,21.65,-0.523958623792));
#170 = CARTESIAN_POINT('',(0.899661797771,19.28,-0.523737496251));
#171 = CARTESIAN_POINT('',(0.899661797771,21.65,-0.523737496251));
#172 = CARTESIAN_POINT('',(0.889958127639,19.28,-0.523330334347));
#173 = CARTESIAN_POINT('',(0.889958127639,21.65,-0.523330334347));
#174 = CARTESIAN_POINT('',(0.880630332348,19.28,-0.52275194689));
#175 = CARTESIAN_POINT('',(0.880630332348,21.65,-0.52275194689));
#176 = CARTESIAN_POINT('',(0.871681232814,19.28,-0.522017195901));
#177 = CARTESIAN_POINT('',(0.871681232814,21.65,-0.522017195901));
#178 = CARTESIAN_POINT('',(0.86311320607,19.28,-0.521140984818));
#179 = CARTESIAN_POINT('',(0.86311320607,21.65,-0.521140984818));
#180 = CARTESIAN_POINT('',(0.854928184795,19.28,-0.520138246691));
#181 = CARTESIAN_POINT('',(0.854928184795,21.65,-0.520138246691));
#182 = CARTESIAN_POINT('',(0.847127657139,19.28,-0.519023932372));
#183 = CARTESIAN_POINT('',(0.847127657139,21.65,-0.519023932372));
#184 = CARTESIAN_POINT('',(0.83971266684,19.28,-0.517812998717));
#185 = CARTESIAN_POINT('',(0.83971266684,21.65,-0.517812998717));
#186 = CARTESIAN_POINT('',(0.832683813642,19.28,-0.516520396798));
#187 = CARTESIAN_POINT('',(0.832683813642,21.65,-0.516520396798));
#188 = CARTESIAN_POINT('',(0.826041253996,19.28,-0.515161060145));
#189 = CARTESIAN_POINT('',(0.826041253996,21.65,-0.515161060145));
#190 = CARTESIAN_POINT('',(0.819784702079,19.28,-0.513749892959));
#191 = CARTESIAN_POINT('',(0.819784702079,21.65,-0.513749892959));
#192 = CARTESIAN_POINT('',(0.813913431015,19.28,-0.512301758573));
#193 = CARTESIAN_POINT('',(0.813913431015,21.65,-0.512301758573));
#194 = CARTESIAN_POINT('',(0.808426274708,19.28,-0.510831467206));
#195 = CARTESIAN_POINT('',(0.808426274708,21.65,-0.510831467206));
#196 = CARTESIAN_POINT('',(0.803321628865,19.28,-0.509353766308));
#197 = CARTESIAN_POINT('',(0.803321628865,21.65,-0.509353766308));
#198 = CARTESIAN_POINT('',(0.798597456041,19.28,-0.507883322378));
#199 = CARTESIAN_POINT('',(0.798597456041,21.65,-0.507883322378));
#200 = CARTESIAN_POINT('',(0.794251278434,19.28,-0.506434731613));
#201 = CARTESIAN_POINT('',(0.794251278434,21.65,-0.506434731613));
#202 = CARTESIAN_POINT('',(0.790280212702,19.28,-0.505022434867));
#203 = CARTESIAN_POINT('',(0.790280212702,21.65,-0.505022434867));
#204 = CARTESIAN_POINT('',(0.786680867488,19.28,-0.503660948373));
#205 = CARTESIAN_POINT('',(0.786680867488,21.65,-0.503660948373));
#206 = CARTESIAN_POINT('',(0.783449689749,19.28,-0.502364065337));
#207 = CARTESIAN_POINT('',(0.783449689749,21.65,-0.502364065337));
#208 = CARTESIAN_POINT('',(0.751099228423,19.28,-0.488639113383));
#209 = CARTESIAN_POINT('',(0.751099228423,21.65,-0.488639113383));
#210 = CARTESIAN_POINT('',(0.724839200858,19.28,-0.463859071439));
#211 = CARTESIAN_POINT('',(0.724839200858,21.65,-0.463859071439));
#212 = CARTESIAN_POINT('',(0.681930440262,19.28,-0.50259584583));
#213 = CARTESIAN_POINT('',(0.681930440262,21.65,-0.50259584583));
#214 = DEFINITIONAL_REPRESENTATION('',(#215),#241);
#215 = B_SPLINE_CURVE_WITH_KNOTS('',3,(#216,#217,#218,#219,#220,#221,
    #222,#223,#224,#225,#226,#227,#228,#229,#230,#231,#232,#233,#234,
    #235,#236,#237,#238,#239,#240),.UNSPECIFIED.,.F.,.F.,(4,1,1,1,1,1,1,
    1,1,1,1,1,1,1,1,1,1,1,1,1,1,1,4),(0.,3.53099605466E-02,
    7.06199210932E-02,0.10592988164,0.141239842186,0.176549802733,
    0.21185976328,0.247169723826,0.282479684373,0.317789644919,
    0.353099605466,0.388409566013,0.423719526559,0.459029487106,
    0.494339447652,0.529649408199,0.564959368746,0.600269329292,
    0.635579289839,0.670889250385,0.706199210932,0.741509171479,
    0.776819132025),.QUASI_UNIFORM_KNOTS.);
#216 = CARTESIAN_POINT('',(1.000004954243,1.));
#217 = CARTESIAN_POINT('',(1.000004954243,0.988230013151));
#218 = CARTESIAN_POINT('',(1.000004954243,0.964690039453));
#219 = CARTESIAN_POINT('',(1.000004954243,0.929380078907));
#220 = CARTESIAN_POINT('',(1.000004954243,0.89407011836));
#221 = CARTESIAN_POINT('',(1.000004954243,0.858760157814));
#222 = CARTESIAN_POINT('',(1.000004954243,0.823450197267));
#223 = CARTESIAN_POINT('',(1.000004954243,0.78814023672));
#224 = CARTESIAN_POINT('',(1.000004954243,0.752830276174));
#225 = CARTESIAN_POINT('',(1.000004954243,0.717520315627));
#226 = CARTESIAN_POINT('',(1.000004954243,0.682210355081));
#227 = CARTESIAN_POINT('',(1.000004954243,0.646900394534));
#228 = CARTESIAN_POINT('',(1.000004954243,0.611590433987));
#229 = CARTESIAN_POINT('',(1.000004954243,0.576280473441));
#230 = CARTESIAN_POINT('',(1.000004954243,0.540970512894));
#231 = CARTESIAN_POINT('',(1.000004954243,0.505660552348));
#232 = CARTESIAN_POINT('',(1.000004954243,0.470350591801));
#233 = CARTESIAN_POINT('',(1.000004954243,0.435040631254));
#234 = CARTESIAN_POINT('',(1.000004954243,0.399730670708));
#235 = CARTESIAN_POINT('',(1.000004954243,0.364420710161));
#236 = CARTESIAN_POINT('',(1.000004954243,0.329110749615));
#237 = CARTESIAN_POINT('',(1.000004954243,0.293800789068));
#238 = CARTESIAN_POINT('',(1.000004954243,0.258490828521));
#239 = CARTESIAN_POINT('',(1.000004954243,0.234950854824));
#240 = CARTESIAN_POINT('',(1.000004954243,0.223180867975));
#241 = ( GEOMETRIC_REPRESENTATION_CONTEXT(2) 
PARAMETRIC_REPRESENTATION_CONTEXT() REPRESENTATION_CONTEXT('2D SPACE',''
  ) );
#242 = ORIENTED_EDGE('',*,*,#243,.T.);
#243 = EDGE_CURVE('',#24,#244,#246,.T.);
#244 = VERTEX_POINT('',#245);
#245 = CARTESIAN_POINT('',(0.760694144448,21.65,-0.908141321585));
#246 = SURFACE_CURVE('',#247,(#250),.PCURVE_S1.);
#247 = B_SPLINE_CURVE_WITH_KNOTS('',1,(#248,#249),.UNSPECIFIED.,.F.,.F.,
  (2,2),(0.,1.),.PIECEWISE_BEZIER_KNOTS.);
#248 = CARTESIAN_POINT('',(0.760694144448,20.2,-0.908141321585));
#249 = CARTESIAN_POINT('',(0.760694144448,21.65,-0.908141321585));
#250 = PCURVE('',#31,#251);
#251 = DEFINITIONAL_REPRESENTATION('',(#252),#255);
#252 = B_SPLINE_CURVE_WITH_KNOTS('',1,(#253,#254),.UNSPECIFIED.,.F.,.F.,
  (2,2),(0.,1.),.PIECEWISE_BEZIER_KNOTS.);
#253 = CARTESIAN_POINT('',(0.485434526737,0.388185654008));
#254 = CARTESIAN_POINT('',(0.485434526737,1.));
#255 = ( GEOMETRIC_REPRESENTATION_CONTEXT(2) 
PARAMETRIC_REPRESENTATION_CONTEXT() REPRESENTATION_CONTEXT('2D SPACE',''
  ) );
#256 = ORIENTED_EDGE('',*,*,#257,.T.);
#257 = EDGE_CURVE('',#244,#22,#258,.T.);
#258 = SURFACE_CURVE('',#259,(#298),.PCURVE_S1.);
#259 = B_SPLINE_CURVE_WITH_KNOTS('',3,(#260,#261,#262,#263,#264,#265,
    #266,#267,#268,#269,#270,#271,#272,#273,#274,#275,#276,#277,#278,
    #279,#280,#281,#282,#283,#284,#285,#286,#287,#288,#289,#290,#291,
    #292,#293,#294,#295,#296,#297),.UNSPECIFIED.,.F.,.F.,(4,1,1,1,1,1,1,
    1,1,1,1,1,1,1,1,1,1,1,1,1,1,1,1,1,1,1,1,1,1,1,1,1,1,1,1,4),(0.,
    5.162595886612E-04,3.806111557125E-02,7.467893807437E-02,
    0.110369727098,0.145133482642,0.178970204707,0.211879893293,
    0.2438625484,0.274918170027,0.305046758175,0.334248312845,
    0.362522834035,0.389870321746,0.416290775979,0.441784196733,
    0.466350584009,0.489989937806,0.512702258125,0.534487544966,
    0.55534579833,0.575277018215,0.594281204624,0.612358357555,
    0.629508477009,0.645731562987,0.66102761549,0.675396634517,
    0.68883862007,0.701353572149,0.712941490755,0.72360237589,
    0.733336227556,0.742143045754,0.750022830487,1.),.UNSPECIFIED.);
#260 = CARTESIAN_POINT('',(0.760694144448,21.65,-0.908141321585));
#261 = CARTESIAN_POINT('',(0.760693439199,21.65,-0.908073295021));
#262 = CARTESIAN_POINT('',(0.760640763987,21.65,-0.903058059761));
#263 = CARTESIAN_POINT('',(0.760438882949,21.65,-0.893218805227));
#264 = CARTESIAN_POINT('',(0.759852564945,21.65,-0.878753994839));
#265 = CARTESIAN_POINT('',(0.758999297547,21.65,-0.864669627746));
#266 = CARTESIAN_POINT('',(0.757894054069,21.65,-0.850970449155));
#267 = CARTESIAN_POINT('',(0.756551887918,21.65,-0.837660757762));
#268 = CARTESIAN_POINT('',(0.75498792073,21.65,-0.8247444045));
#269 = CARTESIAN_POINT('',(0.753217330489,21.65,-0.812224791592));
#270 = CARTESIAN_POINT('',(0.751255339634,21.65,-0.800104871894));
#271 = CARTESIAN_POINT('',(0.749117203164,21.65,-0.788387148537));
#272 = CARTESIAN_POINT('',(0.74681819675,21.65,-0.77707367486));
#273 = CARTESIAN_POINT('',(0.744373604857,21.65,-0.766166054648));
#274 = CARTESIAN_POINT('',(0.741798708883,21.65,-0.755665442654));
#275 = CARTESIAN_POINT('',(0.739108775325,21.65,-0.745572545422));
#276 = CARTESIAN_POINT('',(0.736319043981,21.65,-0.735887622403));
#277 = CARTESIAN_POINT('',(0.733444716186,21.65,-0.726610487362));
#278 = CARTESIAN_POINT('',(0.730500943098,21.65,-0.717740510076));
#279 = CARTESIAN_POINT('',(0.72750281404,21.65,-0.709276618321));
#280 = CARTESIAN_POINT('',(0.724465344894,21.65,-0.701217300154));
#281 = CARTESIAN_POINT('',(0.721403466575,21.65,-0.693560606469));
#282 = CARTESIAN_POINT('',(0.718332013566,21.65,-0.686304153855));
#283 = CARTESIAN_POINT('',(0.715265712547,21.65,-0.679445127721));
#284 = CARTESIAN_POINT('',(0.712219171095,21.65,-0.672980285714));
#285 = CARTESIAN_POINT('',(0.709206866507,21.65,-0.666905961401));
#286 = CARTESIAN_POINT('',(0.706243134657,21.65,-0.661218068273));
#287 = CARTESIAN_POINT('',(0.703342159158,21.65,-0.655912103868));
#288 = CARTESIAN_POINT('',(0.700517959989,21.65,-0.65098315468));
#289 = CARTESIAN_POINT('',(0.697784384425,21.65,-0.646425899611));
#290 = CARTESIAN_POINT('',(0.695155090742,21.65,-0.642234619502));
#291 = CARTESIAN_POINT('',(0.692643556679,21.65,-0.63840318744));
#292 = CARTESIAN_POINT('',(0.690263006118,21.65,-0.634925124161));
#293 = CARTESIAN_POINT('',(0.688026605945,21.65,-0.631793439997));
#294 = CARTESIAN_POINT('',(0.685946782708,21.65,-0.629001173804));
#295 = CARTESIAN_POINT('',(0.664407664776,21.65,-0.601234412148));
#296 = CARTESIAN_POINT('',(0.633737799207,21.65,-0.582181882856));
#297 = CARTESIAN_POINT('',(0.671074202093,21.65,-0.516695965019));
#298 = PCURVE('',#31,#299);
#299 = DEFINITIONAL_REPRESENTATION('',(#300),#455);
#300 = B_SPLINE_CURVE_WITH_KNOTS('',3,(#301,#302,#303,#304,#305,#306,
    #307,#308,#309,#310,#311,#312,#313,#314,#315,#316,#317,#318,#319,
    #320,#321,#322,#323,#324,#325,#326,#327,#328,#329,#330,#331,#332,
    #333,#334,#335,#336,#337,#338,#339,#340,#341,#342,#343,#344,#345,
    #346,#347,#348,#349,#350,#351,#352,#353,#354,#355,#356,#357,#358,
    #359,#360,#361,#362,#363,#364,#365,#366,#367,#368,#369,#370,#371,
    #372,#373,#374,#375,#376,#377,#378,#379,#380,#381,#382,#383,#384,
    #385,#386,#387,#388,#389,#390,#391,#392,#393,#394,#395,#396,#397,
    #398,#399,#400,#401,#402,#403,#404,#405,#406,#407,#408,#409,#410,
    #411,#412,#413,#414,#415,#416,#417,#418,#419,#420,#421,#422,#423,
    #424,#425,#426,#427,#428,#429,#430,#431,#432,#433,#434,#435,#436,
    #437,#438,#439,#440,#441,#442,#443,#444,#445,#446,#447,#448,#449,
    #450,#451,#452,#453,#454),.UNSPECIFIED.,.F.,.F.,(4,1,1,1,1,1,1,1,1,1
    ,1,1,1,1,1,1,1,1,1,1,1,1,1,1,1,1,1,1,1,1,1,1,1,1,1,1,1,1,1,1,1,1,1,1
    ,1,1,1,1,1,1,1,1,1,1,1,1,1,1,1,1,1,1,1,1,1,1,1,1,1,1,1,1,1,1,1,1,1,1
    ,1,1,1,1,1,1,1,1,1,1,1,1,1,1,1,1,1,1,1,1,1,1,1,1,1,1,1,1,1,1,1,1,1,1
    ,1,1,1,1,1,1,1,1,1,1,1,1,1,1,1,1,1,1,1,1,1,1,1,1,1,1,1,1,1,1,1,1,1,1
    ,1,1,1,1,1,4),(0.,6.493506493506E-03,1.298701298701E-02,
    1.948051948052E-02,2.597402597403E-02,3.246753246753E-02,
    3.896103896104E-02,4.545454545455E-02,5.194805194805E-02,
    5.844155844156E-02,6.493506493506E-02,7.142857142857E-02,
    7.792207792208E-02,8.441558441558E-02,9.090909090909E-02,
    9.74025974026E-02,0.103896103896,0.11038961039,0.116883116883,
    0.123376623377,0.12987012987,0.136363636364,0.142857142857,
    0.149350649351,0.155844155844,0.162337662338,0.168831168831,
    0.175324675325,0.181818181818,0.188311688312,0.194805194805,
    0.201298701299,0.207792207792,0.214285714286,0.220779220779,
    0.227272727273,0.233766233766,0.24025974026,0.246753246753,
    0.253246753247,0.25974025974,0.266233766234,0.272727272727,
    0.279220779221,0.285714285714,0.292207792208,0.298701298701,
    0.305194805195,0.311688311688,0.318181818182,0.324675324675,
    0.331168831169,0.337662337662,0.344155844156,0.350649350649,
    0.357142857143,0.363636363636,0.37012987013,0.376623376623,
    0.383116883117,0.38961038961,0.396103896104,0.402597402597,
    0.409090909091,0.415584415584,0.422077922078,0.428571428571,
    0.435064935065,0.441558441558,0.448051948052,0.454545454545,
    0.461038961039,0.467532467532,0.474025974026,0.480519480519,
    0.487012987013,0.493506493506,0.5,0.506493506494,0.512987012987,
    0.519480519481,0.525974025974,0.532467532468,0.538961038961,
    0.545454545455,0.551948051948,0.558441558442,0.564935064935,
    0.571428571429,0.577922077922,0.584415584416,0.590909090909,
    0.597402597403,0.603896103896,0.61038961039,0.616883116883,
    0.623376623377,0.62987012987,0.636363636364,0.642857142857,
    0.649350649351,0.655844155844,0.662337662338,0.668831168831,
    0.675324675325,0.681818181818,0.688311688312,0.694805194805,
    0.701298701299,0.707792207792,0.714285714286,0.720779220779,
    0.727272727273,0.733766233766,0.74025974026,0.746753246753,
    0.753246753247,0.75974025974,0.766233766234,0.772727272727,
    0.779220779221,0.785714285714,0.792207792208,0.798701298701,
    0.805194805195,0.811688311688,0.818181818182,0.824675324675,
    0.831168831169,0.837662337662,0.844155844156,0.850649350649,
    0.857142857143,0.863636363636,0.87012987013,0.876623376623,
    0.883116883117,0.88961038961,0.896103896104,0.902597402597,
    0.909090909091,0.915584415584,0.922077922078,0.928571428571,
    0.935064935065,0.941558441558,0.948051948052,0.954545454545,
    0.961038961039,0.967532467532,0.974025974026,1.),.UNSPECIFIED.);
#301 = CARTESIAN_POINT('',(0.485434526737,1.));
#302 = CARTESIAN_POINT('',(0.484383802653,1.));
#303 = CARTESIAN_POINT('',(0.482282354485,1.));
#304 = CARTESIAN_POINT('',(0.479130182234,1.));
#305 = CARTESIAN_POINT('',(0.475978009982,1.));
#306 = CARTESIAN_POINT('',(0.472825837731,1.));
#307 = CARTESIAN_POINT('',(0.469673665479,1.));
#308 = CARTESIAN_POINT('',(0.466521493227,1.));
#309 = CARTESIAN_POINT('',(0.463369320976,1.));
#310 = CARTESIAN_POINT('',(0.460217148724,1.));
#311 = CARTESIAN_POINT('',(0.457064976473,1.));
#312 = CARTESIAN_POINT('',(0.453912804221,1.));
#313 = CARTESIAN_POINT('',(0.45076063197,1.));
#314 = CARTESIAN_POINT('',(0.447608459718,1.));
#315 = CARTESIAN_POINT('',(0.444456287467,1.));
#316 = CARTESIAN_POINT('',(0.441304115215,1.));
#317 = CARTESIAN_POINT('',(0.438151942964,1.));
#318 = CARTESIAN_POINT('',(0.434999770712,1.));
#319 = CARTESIAN_POINT('',(0.431847598461,1.));
#320 = CARTESIAN_POINT('',(0.428695426209,1.));
#321 = CARTESIAN_POINT('',(0.425543253957,1.));
#322 = CARTESIAN_POINT('',(0.422391081706,1.));
#323 = CARTESIAN_POINT('',(0.419238909454,1.));
#324 = CARTESIAN_POINT('',(0.416086737203,1.));
#325 = CARTESIAN_POINT('',(0.412934564951,1.));
#326 = CARTESIAN_POINT('',(0.4097823927,1.));
#327 = CARTESIAN_POINT('',(0.406630220448,1.));
#328 = CARTESIAN_POINT('',(0.403478048197,1.));
#329 = CARTESIAN_POINT('',(0.400325875945,1.));
#330 = CARTESIAN_POINT('',(0.397173703694,1.));
#331 = CARTESIAN_POINT('',(0.394021531442,1.));
#332 = CARTESIAN_POINT('',(0.390869359191,1.));
#333 = CARTESIAN_POINT('',(0.387717186939,1.));
#334 = CARTESIAN_POINT('',(0.384565014687,1.));
#335 = CARTESIAN_POINT('',(0.381412842436,1.));
#336 = CARTESIAN_POINT('',(0.378260670184,1.));
#337 = CARTESIAN_POINT('',(0.375108497933,1.));
#338 = CARTESIAN_POINT('',(0.371956325681,1.));
#339 = CARTESIAN_POINT('',(0.36880415343,1.));
#340 = CARTESIAN_POINT('',(0.365651981178,1.));
#341 = CARTESIAN_POINT('',(0.362499808927,1.));
#342 = CARTESIAN_POINT('',(0.359347636675,1.));
#343 = CARTESIAN_POINT('',(0.356195464424,1.));
#344 = CARTESIAN_POINT('',(0.353043292172,1.));
#345 = CARTESIAN_POINT('',(0.349891119921,1.));
#346 = CARTESIAN_POINT('',(0.346738947669,1.));
#347 = CARTESIAN_POINT('',(0.343586775418,1.));
#348 = CARTESIAN_POINT('',(0.340434603166,1.));
#349 = CARTESIAN_POINT('',(0.337282430914,1.));
#350 = CARTESIAN_POINT('',(0.334130258663,1.));
#351 = CARTESIAN_POINT('',(0.330978086411,1.));
#352 = CARTESIAN_POINT('',(0.32782591416,1.));
#353 = CARTESIAN_POINT('',(0.324673741908,1.));
#354 = CARTESIAN_POINT('',(0.321521569657,1.));
#355 = CARTESIAN_POINT('',(0.318369397405,1.));
#356 = CARTESIAN_POINT('',(0.315217225154,1.));
#357 = CARTESIAN_POINT('',(0.312065052902,1.));
#358 = CARTESIAN_POINT('',(0.308912880651,1.));
#359 = CARTESIAN_POINT('',(0.305760708399,1.));
#360 = CARTESIAN_POINT('',(0.302608536148,1.));
#361 = CARTESIAN_POINT('',(0.299456363896,1.));
#362 = CARTESIAN_POINT('',(0.296304191644,1.));
#363 = CARTESIAN_POINT('',(0.293152019393,1.));
#364 = CARTESIAN_POINT('',(0.289999847141,1.));
#365 = CARTESIAN_POINT('',(0.28684767489,1.));
#366 = CARTESIAN_POINT('',(0.283695502638,1.));
#367 = CARTESIAN_POINT('',(0.280543330387,1.));
#368 = CARTESIAN_POINT('',(0.277391158135,1.));
#369 = CARTESIAN_POINT('',(0.274238985884,1.));
#370 = CARTESIAN_POINT('',(0.271086813632,1.));
#371 = CARTESIAN_POINT('',(0.267934641381,1.));
#372 = CARTESIAN_POINT('',(0.264782469129,1.));
#373 = CARTESIAN_POINT('',(0.261630296878,1.));
#374 = CARTESIAN_POINT('',(0.258478124626,1.));
#375 = CARTESIAN_POINT('',(0.255325952374,1.));
#376 = CARTESIAN_POINT('',(0.252173780123,1.));
#377 = CARTESIAN_POINT('',(0.249021607871,1.));
#378 = CARTESIAN_POINT('',(0.24586943562,1.));
#379 = CARTESIAN_POINT('',(0.242717263368,1.));
#380 = CARTESIAN_POINT('',(0.239565091117,1.));
#381 = CARTESIAN_POINT('',(0.236412918865,1.));
#382 = CARTESIAN_POINT('',(0.233260746614,1.));
#383 = CARTESIAN_POINT('',(0.230108574362,1.));
#384 = CARTESIAN_POINT('',(0.226956402111,1.));
#385 = CARTESIAN_POINT('',(0.223804229859,1.));
#386 = CARTESIAN_POINT('',(0.220652057608,1.));
#387 = CARTESIAN_POINT('',(0.217499885356,1.));
#388 = CARTESIAN_POINT('',(0.214347713104,1.));
#389 = CARTESIAN_POINT('',(0.211195540853,1.));
#390 = CARTESIAN_POINT('',(0.208043368601,1.));
#391 = CARTESIAN_POINT('',(0.20489119635,1.));
#392 = CARTESIAN_POINT('',(0.201739024098,1.));
#393 = CARTESIAN_POINT('',(0.198586851847,1.));
#394 = CARTESIAN_POINT('',(0.195434679595,1.));
#395 = CARTESIAN_POINT('',(0.192282507344,1.));
#396 = CARTESIAN_POINT('',(0.189130335092,1.));
#397 = CARTESIAN_POINT('',(0.185978162841,1.));
#398 = CARTESIAN_POINT('',(0.182825990589,1.));
#399 = CARTESIAN_POINT('',(0.179673818338,1.));
#400 = CARTESIAN_POINT('',(0.176521646086,1.));
#401 = CARTESIAN_POINT('',(0.173369473835,1.));
#402 = CARTESIAN_POINT('',(0.170217301583,1.));
#403 = CARTESIAN_POINT('',(0.167065129331,1.));
#404 = CARTESIAN_POINT('',(0.16391295708,1.));
#405 = CARTESIAN_POINT('',(0.160760784828,1.));
#406 = CARTESIAN_POINT('',(0.157608612577,1.));
#407 = CARTESIAN_POINT('',(0.154456440325,1.));
#408 = CARTESIAN_POINT('',(0.151304268074,1.));
#409 = CARTESIAN_POINT('',(0.148152095822,1.));
#410 = CARTESIAN_POINT('',(0.144999923571,1.));
#411 = CARTESIAN_POINT('',(0.141847751317,1.));
#412 = CARTESIAN_POINT('',(0.138695579077,1.));
#413 = CARTESIAN_POINT('',(0.13554340678,1.));
#414 = CARTESIAN_POINT('',(0.132391234699,1.));
#415 = CARTESIAN_POINT('',(0.129239061812,1.));
#416 = CARTESIAN_POINT('',(0.126086891932,1.));
#417 = CARTESIAN_POINT('',(0.12293471083,1.));
#418 = CARTESIAN_POINT('',(0.119782571608,1.));
#419 = CARTESIAN_POINT('',(0.116630210672,1.));
#420 = CARTESIAN_POINT('',(0.113477150309,1.));
#421 = CARTESIAN_POINT('',(0.110323047404,1.));
#422 = CARTESIAN_POINT('',(0.107167529201,1.));
#423 = CARTESIAN_POINT('',(0.104010145123,1.));
#424 = CARTESIAN_POINT('',(0.100850284901,1.));
#425 = CARTESIAN_POINT('',(9.768710154426E-02,1.));
#426 = CARTESIAN_POINT('',(9.451942707613E-02,1.));
#427 = CARTESIAN_POINT('',(9.134568287955E-02,1.));
#428 = CARTESIAN_POINT('',(8.816378381084E-02,1.));
#429 = CARTESIAN_POINT('',(8.497103785512E-02,1.));
#430 = CARTESIAN_POINT('',(8.176404553914E-02,1.));
#431 = CARTESIAN_POINT('',(7.853860756062E-02,1.));
#432 = CARTESIAN_POINT('',(7.528965530526E-02,1.));
#433 = CARTESIAN_POINT('',(7.20112278303E-02,1.));
#434 = CARTESIAN_POINT('',(6.869653083208E-02,1.));
#435 = CARTESIAN_POINT('',(6.533812745385E-02,1.));
#436 = CARTESIAN_POINT('',(6.192832432749E-02,1.));
#437 = CARTESIAN_POINT('',(5.84598205918E-02,1.));
#438 = CARTESIAN_POINT('',(5.492666618687E-02,1.));
#439 = CARTESIAN_POINT('',(5.132550395763E-02,1.));
#440 = CARTESIAN_POINT('',(4.765692753781E-02,1.));
#441 = CARTESIAN_POINT('',(4.39265923911E-02,1.));
#442 = CARTESIAN_POINT('',(4.014557108976E-02,1.));
#443 = CARTESIAN_POINT('',(3.63295310966E-02,1.));
#444 = CARTESIAN_POINT('',(3.24967111201E-02,1.));
#445 = CARTESIAN_POINT('',(2.866530834711E-02,1.));
#446 = CARTESIAN_POINT('',(2.485096091348E-02,1.));
#447 = CARTESIAN_POINT('',(2.106571883459E-02,1.));
#448 = CARTESIAN_POINT('',(1.731601457131E-02,1.));
#449 = CARTESIAN_POINT('',(1.360928581021E-02,1.));
#450 = CARTESIAN_POINT('',(9.931815560998E-03,1.));
#451 = CARTESIAN_POINT('',(6.335596518209E-03,1.));
#452 = CARTESIAN_POINT('',(-1.098716014937E-03,1.));
#453 = CARTESIAN_POINT('',(-4.709938350917E-03,1.));
#454 = CARTESIAN_POINT('',(-5.194719392708E-06,1.));
#455 = ( GEOMETRIC_REPRESENTATION_CONTEXT(2) 
PARAMETRIC_REPRESENTATION_CONTEXT() REPRESENTATION_CONTEXT('2D SPACE',''
  ) );
#456 = ADVANCED_FACE('',(#457),#137,.T.);
#457 = FACE_BOUND('',#458,.T.);
#458 = EDGE_LOOP('',(#459,#460,#662));
#459 = ORIENTED_EDGE('',*,*,#21,.F.);
#460 = ORIENTED_EDGE('',*,*,#461,.T.);
#461 = EDGE_CURVE('',#22,#462,#464,.T.);
#462 = VERTEX_POINT('',#463);
#463 = CARTESIAN_POINT('',(1.084043135769,21.65,-0.476855478536));
#464 = SURFACE_CURVE('',#465,(#504),.PCURVE_S1.);
#465 = B_SPLINE_CURVE_WITH_KNOTS('',3,(#466,#467,#468,#469,#470,#471,
    #472,#473,#474,#475,#476,#477,#478,#479,#480,#481,#482,#483,#484,
    #485,#486,#487,#488,#489,#490,#491,#492,#493,#494,#495,#496,#497,
    #498,#499,#500,#501,#502,#503),.UNSPECIFIED.,.F.,.F.,(4,1,1,1,1,1,1,
    1,1,1,1,1,1,1,1,1,1,1,1,1,1,1,1,1,1,1,1,1,1,1,1,1,1,1,1,4),(0.,
    0.249977169357,0.257856954086,0.266663772278,0.276397623938,
    0.287058509066,0.298646427665,0.311161379737,0.324603365281,
    0.338972384299,0.354268436792,0.37049152276,0.387641642204,
    0.405718795124,0.42472298152,0.444654201394,0.465512454744,
    0.487297741571,0.510010061876,0.533649415659,0.558215802919,
    0.583709223657,0.610129677874,0.637477165568,0.665751686741,
    0.694953241392,0.725081829522,0.75613745113,0.788120106216,
    0.821029794782,0.854866516825,0.889630272348,0.92532106135,
    0.96193888383,0.999483739789,1.),.UNSPECIFIED.);
#466 = CARTESIAN_POINT('',(0.671074202093,21.65,-0.516695965019));
#467 = CARTESIAN_POINT('',(0.724839200858,21.65,-0.463859071439));
#468 = CARTESIAN_POINT('',(0.751099228423,21.65,-0.488639113383));
#469 = CARTESIAN_POINT('',(0.783449689749,21.65,-0.502364065337));
#470 = CARTESIAN_POINT('',(0.786680867488,21.65,-0.503660948373));
#471 = CARTESIAN_POINT('',(0.790280212702,21.65,-0.505022434867));
#472 = CARTESIAN_POINT('',(0.794251278434,21.65,-0.506434731613));
#473 = CARTESIAN_POINT('',(0.798597456041,21.65,-0.507883322378));
#474 = CARTESIAN_POINT('',(0.803321628865,21.65,-0.509353766308));
#475 = CARTESIAN_POINT('',(0.808426274708,21.65,-0.510831467206));
#476 = CARTESIAN_POINT('',(0.813913431015,21.65,-0.512301758573));
#477 = CARTESIAN_POINT('',(0.819784702079,21.65,-0.513749892959));
#478 = CARTESIAN_POINT('',(0.826041253996,21.65,-0.515161060145));
#479 = CARTESIAN_POINT('',(0.832683813642,21.65,-0.516520396798));
#480 = CARTESIAN_POINT('',(0.83971266684,21.65,-0.517812998717));
#481 = CARTESIAN_POINT('',(0.847127657139,21.65,-0.519023932372));
#482 = CARTESIAN_POINT('',(0.854928184795,21.65,-0.520138246691));
#483 = CARTESIAN_POINT('',(0.86311320607,21.65,-0.521140984818));
#484 = CARTESIAN_POINT('',(0.871681232814,21.65,-0.522017195901));
#485 = CARTESIAN_POINT('',(0.880630332348,21.65,-0.52275194689));
#486 = CARTESIAN_POINT('',(0.889958127639,21.65,-0.523330334347));
#487 = CARTESIAN_POINT('',(0.899661797771,21.65,-0.523737496251));
#488 = CARTESIAN_POINT('',(0.909738078705,21.65,-0.523958623792));
#489 = CARTESIAN_POINT('',(0.920183264341,21.65,-0.523978973153));
#490 = CARTESIAN_POINT('',(0.930993207872,21.65,-0.523783877273));
#491 = CARTESIAN_POINT('',(0.942163323425,21.65,-0.523358757574));
#492 = CARTESIAN_POINT('',(0.953688588003,21.65,-0.522689135654));
#493 = CARTESIAN_POINT('',(0.965563543719,21.65,-0.521760644942));
#494 = CARTESIAN_POINT('',(0.977782300311,21.65,-0.520559042291));
#495 = CARTESIAN_POINT('',(0.990338537962,21.65,-0.519070219529));
#496 = CARTESIAN_POINT('',(1.003225510395,21.65,-0.517280214931));
#497 = CARTESIAN_POINT('',(1.016436048264,21.65,-0.515175224627));
#498 = CARTESIAN_POINT('',(1.029962562826,21.65,-0.512741613936));
#499 = CARTESIAN_POINT('',(1.043797049901,21.65,-0.509965928605));
#500 = CARTESIAN_POINT('',(1.057931094105,21.65,-0.506834905963));
#501 = CARTESIAN_POINT('',(1.067495007089,21.65,-0.504514721534));
#502 = CARTESIAN_POINT('',(1.072357055839,21.65,-0.50328352611));
#503 = CARTESIAN_POINT('',(1.084043135769,21.65,-0.476855478536));
#504 = PCURVE('',#137,#505);
#505 = DEFINITIONAL_REPRESENTATION('',(#506),#661);
#506 = B_SPLINE_CURVE_WITH_KNOTS('',3,(#507,#508,#509,#510,#511,#512,
    #513,#514,#515,#516,#517,#518,#519,#520,#521,#522,#523,#524,#525,
    #526,#527,#528,#529,#530,#531,#532,#533,#534,#535,#536,#537,#538,
    #539,#540,#541,#542,#543,#544,#545,#546,#547,#548,#549,#550,#551,
    #552,#553,#554,#555,#556,#557,#558,#559,#560,#561,#562,#563,#564,
    #565,#566,#567,#568,#569,#570,#571,#572,#573,#574,#575,#576,#577,
    #578,#579,#580,#581,#582,#583,#584,#585,#586,#587,#588,#589,#590,
    #591,#592,#593,#594,#595,#596,#597,#598,#599,#600,#601,#602,#603,
    #604,#605,#606,#607,#608,#609,#610,#611,#612,#613,#614,#615,#616,
    #617,#618,#619,#620,#621,#622,#623,#624,#625,#626,#627,#628,#629,
    #630,#631,#632,#633,#634,#635,#636,#637,#638,#639,#640,#641,#642,
    #643,#644,#645,#646,#647,#648,#649,#650,#651,#652,#653,#654,#655,
    #656,#657,#658,#659,#660),.UNSPECIFIED.,.F.,.F.,(4,1,1,1,1,1,1,1,1,1
    ,1,1,1,1,1,1,1,1,1,1,1,1,1,1,1,1,1,1,1,1,1,1,1,1,1,1,1,1,1,1,1,1,1,1
    ,1,1,1,1,1,1,1,1,1,1,1,1,1,1,1,1,1,1,1,1,1,1,1,1,1,1,1,1,1,1,1,1,1,1
    ,1,1,1,1,1,1,1,1,1,1,1,1,1,1,1,1,1,1,1,1,1,1,1,1,1,1,1,1,1,1,1,1,1,1
    ,1,1,1,1,1,1,1,1,1,1,1,1,1,1,1,1,1,1,1,1,1,1,1,1,1,1,1,1,1,1,1,1,1,1
    ,1,1,1,1,1,4),(0.,2.597402597403E-02,3.246753246753E-02,
    3.896103896104E-02,4.545454545455E-02,5.194805194805E-02,
    5.844155844156E-02,6.493506493506E-02,7.142857142857E-02,
    7.792207792208E-02,8.441558441558E-02,9.090909090909E-02,
    9.74025974026E-02,0.103896103896,0.11038961039,0.116883116883,
    0.123376623377,0.12987012987,0.136363636364,0.142857142857,
    0.149350649351,0.155844155844,0.162337662338,0.168831168831,
    0.175324675325,0.181818181818,0.188311688312,0.194805194805,
    0.201298701299,0.207792207792,0.214285714286,0.220779220779,
    0.227272727273,0.233766233766,0.24025974026,0.246753246753,
    0.253246753247,0.25974025974,0.266233766234,0.272727272727,
    0.279220779221,0.285714285714,0.292207792208,0.298701298701,
    0.305194805195,0.311688311688,0.318181818182,0.324675324675,
    0.331168831169,0.337662337662,0.344155844156,0.350649350649,
    0.357142857143,0.363636363636,0.37012987013,0.376623376623,
    0.383116883117,0.38961038961,0.396103896104,0.402597402597,
    0.409090909091,0.415584415584,0.422077922078,0.428571428571,
    0.435064935065,0.441558441558,0.448051948052,0.454545454545,
    0.461038961039,0.467532467532,0.474025974026,0.480519480519,
    0.487012987013,0.493506493506,0.5,0.506493506494,0.512987012987,
    0.519480519481,0.525974025974,0.532467532468,0.538961038961,
    0.545454545455,0.551948051948,0.558441558442,0.564935064935,
    0.571428571429,0.577922077922,0.584415584416,0.590909090909,
    0.597402597403,0.603896103896,0.61038961039,0.616883116883,
    0.623376623377,0.62987012987,0.636363636364,0.642857142857,
    0.649350649351,0.655844155844,0.662337662338,0.668831168831,
    0.675324675325,0.681818181818,0.688311688312,0.694805194805,
    0.701298701299,0.707792207792,0.714285714286,0.720779220779,
    0.727272727273,0.733766233766,0.74025974026,0.746753246753,
    0.753246753247,0.75974025974,0.766233766234,0.772727272727,
    0.779220779221,0.785714285714,0.792207792208,0.798701298701,
    0.805194805195,0.811688311688,0.818181818182,0.824675324675,
    0.831168831169,0.837662337662,0.844155844156,0.850649350649,
    0.857142857143,0.863636363636,0.87012987013,0.876623376623,
    0.883116883117,0.88961038961,0.896103896104,0.902597402597,
    0.909090909091,0.915584415584,0.922077922078,0.928571428571,
    0.935064935065,0.941558441558,0.948051948052,0.954545454545,
    0.961038961039,0.967532467532,0.974025974026,0.980519480519,
    0.987012987013,0.993506493506,1.),.UNSPECIFIED.);
#507 = CARTESIAN_POINT('',(1.000004954243,1.));
#508 = CARTESIAN_POINT('',(1.004709895597,1.));
#509 = CARTESIAN_POINT('',(1.001098720711,1.));
#510 = CARTESIAN_POINT('',(0.993664402915,1.));
#511 = CARTESIAN_POINT('',(0.990068184574,1.));
#512 = CARTESIAN_POINT('',(0.986390714134,1.));
#513 = CARTESIAN_POINT('',(0.982683985421,1.));
#514 = CARTESIAN_POINT('',(0.978934281141,1.));
#515 = CARTESIAN_POINT('',(0.975149039064,1.));
#516 = CARTESIAN_POINT('',(0.971334691626,1.));
#517 = CARTESIAN_POINT('',(0.967503288851,1.));
#518 = CARTESIAN_POINT('',(0.963670468872,1.));
#519 = CARTESIAN_POINT('',(0.959854428877,1.));
#520 = CARTESIAN_POINT('',(0.956073407574,1.));
#521 = CARTESIAN_POINT('',(0.952343072425,1.));
#522 = CARTESIAN_POINT('',(0.948674496004,1.));
#523 = CARTESIAN_POINT('',(0.945073333773,1.));
#524 = CARTESIAN_POINT('',(0.941540179367,1.));
#525 = CARTESIAN_POINT('',(0.93807167563,1.));
#526 = CARTESIAN_POINT('',(0.934661872502,1.));
#527 = CARTESIAN_POINT('',(0.931303469122,1.));
#528 = CARTESIAN_POINT('',(0.927988772123,1.));
#529 = CARTESIAN_POINT('',(0.924710344646,1.));
#530 = CARTESIAN_POINT('',(0.921461392389,1.));
#531 = CARTESIAN_POINT('',(0.918235954409,1.));
#532 = CARTESIAN_POINT('',(0.915028962091,1.));
#533 = CARTESIAN_POINT('',(0.911836216134,1.));
#534 = CARTESIAN_POINT('',(0.908654317063,1.));
#535 = CARTESIAN_POINT('',(0.905480572865,1.));
#536 = CARTESIAN_POINT('',(0.902312898395,1.));
#537 = CARTESIAN_POINT('',(0.899149715036,1.));
#538 = CARTESIAN_POINT('',(0.895989854812,1.));
#539 = CARTESIAN_POINT('',(0.892832470732,1.));
#540 = CARTESIAN_POINT('',(0.889676952528,1.));
#541 = CARTESIAN_POINT('',(0.886522849621,1.));
#542 = CARTESIAN_POINT('',(0.883369789256,1.));
#543 = CARTESIAN_POINT('',(0.880217428318,1.));
#544 = CARTESIAN_POINT('',(0.877065289093,1.));
#545 = CARTESIAN_POINT('',(0.87391310799,1.));
#546 = CARTESIAN_POINT('',(0.870760938108,1.));
#547 = CARTESIAN_POINT('',(0.867608765219,1.));
#548 = CARTESIAN_POINT('',(0.864456593136,1.));
#549 = CARTESIAN_POINT('',(0.861304420836,1.));
#550 = CARTESIAN_POINT('',(0.858152248595,1.));
#551 = CARTESIAN_POINT('',(0.855000076338,1.));
#552 = CARTESIAN_POINT('',(0.851847904086,1.));
#553 = CARTESIAN_POINT('',(0.848695731832,1.));
#554 = CARTESIAN_POINT('',(0.845543559579,1.));
#555 = CARTESIAN_POINT('',(0.842391387325,1.));
#556 = CARTESIAN_POINT('',(0.839239215072,1.));
#557 = CARTESIAN_POINT('',(0.836087042818,1.));
#558 = CARTESIAN_POINT('',(0.832934870565,1.));
#559 = CARTESIAN_POINT('',(0.829782698311,1.));
#560 = CARTESIAN_POINT('',(0.826630526058,1.));
#561 = CARTESIAN_POINT('',(0.823478353804,1.));
#562 = CARTESIAN_POINT('',(0.820326181551,1.));
#563 = CARTESIAN_POINT('',(0.817174009297,1.));
#564 = CARTESIAN_POINT('',(0.814021837044,1.));
#565 = CARTESIAN_POINT('',(0.81086966479,1.));
#566 = CARTESIAN_POINT('',(0.807717492537,1.));
#567 = CARTESIAN_POINT('',(0.804565320283,1.));
#568 = CARTESIAN_POINT('',(0.80141314803,1.));
#569 = CARTESIAN_POINT('',(0.798260975776,1.));
#570 = CARTESIAN_POINT('',(0.795108803523,1.));
#571 = CARTESIAN_POINT('',(0.791956631269,1.));
#572 = CARTESIAN_POINT('',(0.788804459016,1.));
#573 = CARTESIAN_POINT('',(0.785652286762,1.));
#574 = CARTESIAN_POINT('',(0.782500114509,1.));
#575 = CARTESIAN_POINT('',(0.779347942255,1.));
#576 = CARTESIAN_POINT('',(0.776195770002,1.));
#577 = CARTESIAN_POINT('',(0.773043597748,1.));
#578 = CARTESIAN_POINT('',(0.769891425495,1.));
#579 = CARTESIAN_POINT('',(0.766739253241,1.));
#580 = CARTESIAN_POINT('',(0.763587080988,1.));
#581 = CARTESIAN_POINT('',(0.760434908734,1.));
#582 = CARTESIAN_POINT('',(0.757282736481,1.));
#583 = CARTESIAN_POINT('',(0.754130564227,1.));
#584 = CARTESIAN_POINT('',(0.750978391974,1.));
#585 = CARTESIAN_POINT('',(0.74782621972,1.));
#586 = CARTESIAN_POINT('',(0.744674047467,1.));
#587 = CARTESIAN_POINT('',(0.741521875213,1.));
#588 = CARTESIAN_POINT('',(0.73836970296,1.));
#589 = CARTESIAN_POINT('',(0.735217530706,1.));
#590 = CARTESIAN_POINT('',(0.732065358453,1.));
#591 = CARTESIAN_POINT('',(0.728913186199,1.));
#592 = CARTESIAN_POINT('',(0.725761013946,1.));
#593 = CARTESIAN_POINT('',(0.722608841692,1.));
#594 = CARTESIAN_POINT('',(0.719456669439,1.));
#595 = CARTESIAN_POINT('',(0.716304497185,1.));
#596 = CARTESIAN_POINT('',(0.713152324932,1.));
#597 = CARTESIAN_POINT('',(0.710000152678,1.));
#598 = CARTESIAN_POINT('',(0.706847980425,1.));
#599 = CARTESIAN_POINT('',(0.703695808171,1.));
#600 = CARTESIAN_POINT('',(0.700543635918,1.));
#601 = CARTESIAN_POINT('',(0.697391463664,1.));
#602 = CARTESIAN_POINT('',(0.694239291411,1.));
#603 = CARTESIAN_POINT('',(0.691087119157,1.));
#604 = CARTESIAN_POINT('',(0.687934946904,1.));
#605 = CARTESIAN_POINT('',(0.68478277465,1.));
#606 = CARTESIAN_POINT('',(0.681630602397,1.));
#607 = CARTESIAN_POINT('',(0.678478430143,1.));
#608 = CARTESIAN_POINT('',(0.67532625789,1.));
#609 = CARTESIAN_POINT('',(0.672174085636,1.));
#610 = CARTESIAN_POINT('',(0.669021913383,1.));
#611 = CARTESIAN_POINT('',(0.665869741129,1.));
#612 = CARTESIAN_POINT('',(0.662717568876,1.));
#613 = CARTESIAN_POINT('',(0.659565396622,1.));
#614 = CARTESIAN_POINT('',(0.656413224369,1.));
#615 = CARTESIAN_POINT('',(0.653261052115,1.));
#616 = CARTESIAN_POINT('',(0.650108879862,1.));
#617 = CARTESIAN_POINT('',(0.646956707608,1.));
#618 = CARTESIAN_POINT('',(0.643804535355,1.));
#619 = CARTESIAN_POINT('',(0.640652363101,1.));
#620 = CARTESIAN_POINT('',(0.637500190848,1.));
#621 = CARTESIAN_POINT('',(0.634348018594,1.));
#622 = CARTESIAN_POINT('',(0.631195846341,1.));
#623 = CARTESIAN_POINT('',(0.628043674087,1.));
#624 = CARTESIAN_POINT('',(0.624891501834,1.));
#625 = CARTESIAN_POINT('',(0.62173932958,1.));
#626 = CARTESIAN_POINT('',(0.618587157327,1.));
#627 = CARTESIAN_POINT('',(0.615434985073,1.));
#628 = CARTESIAN_POINT('',(0.61228281282,1.));
#629 = CARTESIAN_POINT('',(0.609130640566,1.));
#630 = CARTESIAN_POINT('',(0.605978468313,1.));
#631 = CARTESIAN_POINT('',(0.602826296059,1.));
#632 = CARTESIAN_POINT('',(0.599674123806,1.));
#633 = CARTESIAN_POINT('',(0.596521951552,1.));
#634 = CARTESIAN_POINT('',(0.593369779299,1.));
#635 = CARTESIAN_POINT('',(0.590217607045,1.));
#636 = CARTESIAN_POINT('',(0.587065434792,1.));
#637 = CARTESIAN_POINT('',(0.583913262538,1.));
#638 = CARTESIAN_POINT('',(0.580761090285,1.));
#639 = CARTESIAN_POINT('',(0.577608918031,1.));
#640 = CARTESIAN_POINT('',(0.574456745778,1.));
#641 = CARTESIAN_POINT('',(0.571304573524,1.));
#642 = CARTESIAN_POINT('',(0.568152401271,1.));
#643 = CARTESIAN_POINT('',(0.565000229017,1.));
#644 = CARTESIAN_POINT('',(0.561848056764,1.));
#645 = CARTESIAN_POINT('',(0.55869588451,1.));
#646 = CARTESIAN_POINT('',(0.555543712257,1.));
#647 = CARTESIAN_POINT('',(0.552391540003,1.));
#648 = CARTESIAN_POINT('',(0.549239367751,1.));
#649 = CARTESIAN_POINT('',(0.54608719549,1.));
#650 = CARTESIAN_POINT('',(0.542935023266,1.));
#651 = CARTESIAN_POINT('',(0.5397828509,1.));
#652 = CARTESIAN_POINT('',(0.536630679067,1.));
#653 = CARTESIAN_POINT('',(0.533478505247,1.));
#654 = CARTESIAN_POINT('',(0.530326338838,1.));
#655 = CARTESIAN_POINT('',(0.527174144773,1.));
#656 = CARTESIAN_POINT('',(0.52402205392,1.));
#657 = CARTESIAN_POINT('',(0.520869577878,1.));
#658 = CARTESIAN_POINT('',(0.517718539376,1.));
#659 = CARTESIAN_POINT('',(0.515614270396,1.));
#660 = CARTESIAN_POINT('',(0.514560518718,1.));
#661 = ( GEOMETRIC_REPRESENTATION_CONTEXT(2) 
PARAMETRIC_REPRESENTATION_CONTEXT() REPRESENTATION_CONTEXT('2D SPACE',''
  ) );
#662 = ORIENTED_EDGE('',*,*,#663,.T.);
#663 = EDGE_CURVE('',#462,#24,#664,.T.);
#664 = SURFACE_CURVE('',#665,(#668,#697),.PCURVE_S1.);
#665 = B_SPLINE_CURVE_WITH_KNOTS('',1,(#666,#667),.UNSPECIFIED.,.F.,.F.,
  (2,2),(0.,1.),.PIECEWISE_BEZIER_KNOTS.);
#666 = CARTESIAN_POINT('',(1.084043135769,21.65,-0.476855478536));
#667 = CARTESIAN_POINT('',(1.072423002301,20.2,-0.503266817247));
#668 = PCURVE('',#137,#669);
#669 = DEFINITIONAL_REPRESENTATION('',(#670),#696);
#670 = B_SPLINE_CURVE_WITH_KNOTS('',3,(#671,#672,#673,#674,#675,#676,
    #677,#678,#679,#680,#681,#682,#683,#684,#685,#686,#687,#688,#689,
    #690,#691,#692,#693,#694,#695),.UNSPECIFIED.,.F.,.F.,(4,1,1,1,1,1,1,
    1,1,1,1,1,1,1,1,1,1,1,1,1,1,1,4),(0.,4.545454545455E-02,
    9.090909090909E-02,0.136363636364,0.181818181818,0.227272727273,
    0.272727272727,0.318181818182,0.363636363636,0.409090909091,
    0.454545454545,0.5,0.545454545455,0.590909090909,0.636363636364,
    0.681818181818,0.727272727273,0.772727272727,0.818181818182,
    0.863636363636,0.909090909091,0.954545454545,1.),
  .QUASI_UNIFORM_KNOTS.);
#671 = CARTESIAN_POINT('',(0.514560518718,1.));
#672 = CARTESIAN_POINT('',(0.514560518718,0.990730085667));
#673 = CARTESIAN_POINT('',(0.514560518718,0.972190257));
#674 = CARTESIAN_POINT('',(0.514560518718,0.944380514001));
#675 = CARTESIAN_POINT('',(0.514560518718,0.916570771001));
#676 = CARTESIAN_POINT('',(0.514560518718,0.888761028002));
#677 = CARTESIAN_POINT('',(0.514560518718,0.860951285002));
#678 = CARTESIAN_POINT('',(0.514560518718,0.833141542002));
#679 = CARTESIAN_POINT('',(0.514560518718,0.805331799003));
#680 = CARTESIAN_POINT('',(0.514560518718,0.777522056003));
#681 = CARTESIAN_POINT('',(0.514560518718,0.749712313003));
#682 = CARTESIAN_POINT('',(0.514560518719,0.721902570004));
#683 = CARTESIAN_POINT('',(0.514560518716,0.694092827004));
#684 = CARTESIAN_POINT('',(0.514560518724,0.666283084005));
#685 = CARTESIAN_POINT('',(0.514560518694,0.638473341005));
#686 = CARTESIAN_POINT('',(0.514560518807,0.610663598005));
#687 = CARTESIAN_POINT('',(0.514560518387,0.582853855006));
#688 = CARTESIAN_POINT('',(0.514560519953,0.555044112006));
#689 = CARTESIAN_POINT('',(0.514560514109,0.527234369007));
#690 = CARTESIAN_POINT('',(0.51456053592,0.499424626007));
#691 = CARTESIAN_POINT('',(0.51456045452,0.471614883007));
#692 = CARTESIAN_POINT('',(0.514560758308,0.443805140008));
#693 = CARTESIAN_POINT('',(0.514559624557,0.415995397008));
#694 = CARTESIAN_POINT('',(0.514562445368,0.397455568342));
#695 = CARTESIAN_POINT('',(0.514565472961,0.388185654008));
#696 = ( GEOMETRIC_REPRESENTATION_CONTEXT(2) 
PARAMETRIC_REPRESENTATION_CONTEXT() REPRESENTATION_CONTEXT('2D SPACE',''
  ) );
#697 = PCURVE('',#698,#775);
#698 = B_SPLINE_SURFACE_WITH_KNOTS('',3,1,(
    (#699,#700)
    ,(#701,#702)
    ,(#703,#704)
    ,(#705,#706)
    ,(#707,#708)
    ,(#709,#710)
    ,(#711,#712)
    ,(#713,#714)
    ,(#715,#716)
    ,(#717,#718)
    ,(#719,#720)
    ,(#721,#722)
    ,(#723,#724)
    ,(#725,#726)
    ,(#727,#728)
    ,(#729,#730)
    ,(#731,#732)
    ,(#733,#734)
    ,(#735,#736)
    ,(#737,#738)
    ,(#739,#740)
    ,(#741,#742)
    ,(#743,#744)
    ,(#745,#746)
    ,(#747,#748)
    ,(#749,#750)
    ,(#751,#752)
    ,(#753,#754)
    ,(#755,#756)
    ,(#757,#758)
    ,(#759,#760)
    ,(#761,#762)
    ,(#763,#764)
    ,(#765,#766)
    ,(#767,#768)
    ,(#769,#770)
    ,(#771,#772)
    ,(#773,#774
    )),.UNSPECIFIED.,.F.,.F.,.F.,(4,1,1,1,1,1,1,1,1,1,1,1,1,1,1,1,1,1,1,
    1,1,1,1,1,1,1,1,1,1,1,1,1,1,1,1,4),(2,2),(0.,0.121347548977,
    0.12517266855,0.129447802174,0.134172949851,0.139348111581,
    0.144973287366,0.151048477205,0.1575736811,0.164548899051,
    0.171974131059,0.179849377123,0.188174637244,0.196949911422,
    0.206175199657,0.215850501949,0.225975818299,0.236551148707,
    0.247576493172,0.259051851695,0.270977224276,0.283352610914,
    0.296178011611,0.309453426366,0.323178855178,0.337354298049,
    0.351979754978,0.367055225965,0.382580711011,0.398556210115,
    0.414981723277,0.431857250497,0.449182791775,0.466958347112,
    0.485183916508,0.485434526737),(0.,1.),.UNSPECIFIED.);
#699 = CARTESIAN_POINT('',(0.831334954089,19.28,-0.163015134965));
#700 = CARTESIAN_POINT('',(0.831334954089,21.65,-0.163015134965));
#701 = CARTESIAN_POINT('',(0.831768104026,19.28,-0.220820946155));
#702 = CARTESIAN_POINT('',(0.831768104026,21.65,-0.220820946155));
#703 = CARTESIAN_POINT('',(0.867779073148,19.28,-0.223438125807));
#704 = CARTESIAN_POINT('',(0.867779073148,21.65,-0.223438125807));
#705 = CARTESIAN_POINT('',(0.899754872462,19.28,-0.23801464502));
#706 = CARTESIAN_POINT('',(0.899754872462,21.65,-0.23801464502));
#707 = CARTESIAN_POINT('',(0.902894095282,19.28,-0.239520531894));
#708 = CARTESIAN_POINT('',(0.902894095282,21.65,-0.239520531894));
#709 = CARTESIAN_POINT('',(0.90632969549,19.28,-0.241254193525));
#710 = CARTESIAN_POINT('',(0.90632969549,21.65,-0.241254193525));
#711 = CARTESIAN_POINT('',(0.910053904928,19.28,-0.243227568605));
#712 = CARTESIAN_POINT('',(0.910053904928,21.65,-0.243227568605));
#713 = CARTESIAN_POINT('',(0.914058313159,19.28,-0.245452965135));
#714 = CARTESIAN_POINT('',(0.914058313159,21.65,-0.245452965135));
#715 = CARTESIAN_POINT('',(0.918334222082,19.28,-0.247942265662));
#716 = CARTESIAN_POINT('',(0.918334222082,21.65,-0.247942265662));
#717 = CARTESIAN_POINT('',(0.922872545068,19.28,-0.250707158715));
#718 = CARTESIAN_POINT('',(0.922872545068,21.65,-0.250707158715));
#719 = CARTESIAN_POINT('',(0.92766384614,19.28,-0.253759055678));
#720 = CARTESIAN_POINT('',(0.92766384614,21.65,-0.253759055678));
#721 = CARTESIAN_POINT('',(0.932698336986,19.28,-0.257109103297));
#722 = CARTESIAN_POINT('',(0.932698336986,21.65,-0.257109103297));
#723 = CARTESIAN_POINT('',(0.937965886947,19.28,-0.260768167674));
#724 = CARTESIAN_POINT('',(0.937965886947,21.65,-0.260768167674));
#725 = CARTESIAN_POINT('',(0.943456029459,19.28,-0.264746826995));
#726 = CARTESIAN_POINT('',(0.943456029459,21.65,-0.264746826995));
#727 = CARTESIAN_POINT('',(0.949157969829,19.28,-0.269055361897));
#728 = CARTESIAN_POINT('',(0.949157969829,21.65,-0.269055361897));
#729 = CARTESIAN_POINT('',(0.955060592925,19.28,-0.273703746782));
#730 = CARTESIAN_POINT('',(0.955060592925,21.65,-0.273703746782));
#731 = CARTESIAN_POINT('',(0.961152471176,19.28,-0.278701641089));
#732 = CARTESIAN_POINT('',(0.961152471176,21.65,-0.278701641089));
#733 = CARTESIAN_POINT('',(0.96742187276,19.28,-0.284058380844));
#734 = CARTESIAN_POINT('',(0.96742187276,21.65,-0.284058380844));
#735 = CARTESIAN_POINT('',(0.973856770021,19.28,-0.289782970382));
#736 = CARTESIAN_POINT('',(0.973856770021,21.65,-0.289782970382));
#737 = CARTESIAN_POINT('',(0.980444848085,19.28,-0.29588407429));
#738 = CARTESIAN_POINT('',(0.980444848085,21.65,-0.29588407429));
#739 = CARTESIAN_POINT('',(0.987173513684,19.28,-0.302370009558));
#740 = CARTESIAN_POINT('',(0.987173513684,21.65,-0.302370009558));
#741 = CARTESIAN_POINT('',(0.994029904174,19.28,-0.309248737951));
#742 = CARTESIAN_POINT('',(0.994029904174,21.65,-0.309248737951));
#743 = CARTESIAN_POINT('',(1.001000896749,19.28,-0.316527858596));
#744 = CARTESIAN_POINT('',(1.001000896749,21.65,-0.316527858596));
#745 = CARTESIAN_POINT('',(1.008073117843,19.28,-0.324214600811));
#746 = CARTESIAN_POINT('',(1.008073117843,21.65,-0.324214600811));
#747 = CARTESIAN_POINT('',(1.015232952713,19.28,-0.33231581715));
#748 = CARTESIAN_POINT('',(1.015232952713,21.65,-0.33231581715));
#749 = CARTESIAN_POINT('',(1.0224665552,19.28,-0.340837976693));
#750 = CARTESIAN_POINT('',(1.0224665552,21.65,-0.340837976693));
#751 = CARTESIAN_POINT('',(1.029759857655,19.28,-0.349787158578));
#752 = CARTESIAN_POINT('',(1.029759857655,21.65,-0.349787158578));
#753 = CARTESIAN_POINT('',(1.037098581044,19.28,-0.359169045769));
#754 = CARTESIAN_POINT('',(1.037098581044,21.65,-0.359169045769));
#755 = CARTESIAN_POINT('',(1.044468245196,19.28,-0.368988919082));
#756 = CARTESIAN_POINT('',(1.044468245196,21.65,-0.368988919082));
#757 = CARTESIAN_POINT('',(1.051854179217,19.28,-0.379251651457));
#758 = CARTESIAN_POINT('',(1.051854179217,21.65,-0.379251651457));
#759 = CARTESIAN_POINT('',(1.059241532047,19.28,-0.38996170249));
#760 = CARTESIAN_POINT('',(1.059241532047,21.65,-0.38996170249));
#761 = CARTESIAN_POINT('',(1.066615283156,19.28,-0.401123113222));
#762 = CARTESIAN_POINT('',(1.066615283156,21.65,-0.401123113222));
#763 = CARTESIAN_POINT('',(1.073960253383,19.28,-0.412739501197));
#764 = CARTESIAN_POINT('',(1.073960253383,21.65,-0.412739501197));
#765 = CARTESIAN_POINT('',(1.081261115893,19.28,-0.424814055776));
#766 = CARTESIAN_POINT('',(1.081261115893,21.65,-0.424814055776));
#767 = CARTESIAN_POINT('',(1.08850240727,19.28,-0.43734953373));
#768 = CARTESIAN_POINT('',(1.08850240727,21.65,-0.43734953373));
#769 = CARTESIAN_POINT('',(1.093253693628,19.28,-0.445967942149));
#770 = CARTESIAN_POINT('',(1.093253693628,21.65,-0.445967942149));
#771 = CARTESIAN_POINT('',(1.095631031251,19.28,-0.450384233039));
#772 = CARTESIAN_POINT('',(1.095631031251,21.65,-0.450384233039));
#773 = CARTESIAN_POINT('',(1.095663269238,19.28,-0.450444139824));
#774 = CARTESIAN_POINT('',(1.095663269238,21.65,-0.450444139824));
#775 = DEFINITIONAL_REPRESENTATION('',(#776),#802);
#776 = B_SPLINE_CURVE_WITH_KNOTS('',3,(#777,#778,#779,#780,#781,#782,
    #783,#784,#785,#786,#787,#788,#789,#790,#791,#792,#793,#794,#795,
    #796,#797,#798,#799,#800,#801),.UNSPECIFIED.,.F.,.F.,(4,1,1,1,1,1,1,
    1,1,1,1,1,1,1,1,1,1,1,1,1,1,1,4),(0.,4.545454545455E-02,
    9.090909090909E-02,0.136363636364,0.181818181818,0.227272727273,
    0.272727272727,0.318181818182,0.363636363636,0.409090909091,
    0.454545454545,0.5,0.545454545455,0.590909090909,0.636363636364,
    0.681818181818,0.727272727273,0.772727272727,0.818181818182,
    0.863636363636,0.909090909091,0.954545454545,1.),
  .QUASI_UNIFORM_KNOTS.);
#777 = CARTESIAN_POINT('',(0.485441472119,1.));
#778 = CARTESIAN_POINT('',(0.485441472119,0.990730085667));
#779 = CARTESIAN_POINT('',(0.485441472119,0.972190257));
#780 = CARTESIAN_POINT('',(0.485441472119,0.944380514001));
#781 = CARTESIAN_POINT('',(0.485441472119,0.916570771001));
#782 = CARTESIAN_POINT('',(0.485441472119,0.888761028002));
#783 = CARTESIAN_POINT('',(0.485441472119,0.860951285002));
#784 = CARTESIAN_POINT('',(0.485441472119,0.833141542002));
#785 = CARTESIAN_POINT('',(0.485441472119,0.805331799003));
#786 = CARTESIAN_POINT('',(0.485441472119,0.777522056003));
#787 = CARTESIAN_POINT('',(0.485441472119,0.749712313003));
#788 = CARTESIAN_POINT('',(0.485441472119,0.721902570004));
#789 = CARTESIAN_POINT('',(0.485441472119,0.694092827004));
#790 = CARTESIAN_POINT('',(0.485441472119,0.666283084005));
#791 = CARTESIAN_POINT('',(0.485441472119,0.638473341005));
#792 = CARTESIAN_POINT('',(0.485441472119,0.610663598005));
#793 = CARTESIAN_POINT('',(0.485441472119,0.582853855006));
#794 = CARTESIAN_POINT('',(0.485441472119,0.555044112006));
#795 = CARTESIAN_POINT('',(0.485441472119,0.527234369007));
#796 = CARTESIAN_POINT('',(0.485441472119,0.499424626007));
#797 = CARTESIAN_POINT('',(0.485441472119,0.471614883007));
#798 = CARTESIAN_POINT('',(0.485441472119,0.443805140008));
#799 = CARTESIAN_POINT('',(0.485441472119,0.415995397008));
#800 = CARTESIAN_POINT('',(0.485441472119,0.397455568342));
#801 = CARTESIAN_POINT('',(0.485441472119,0.388185654008));
#802 = ( GEOMETRIC_REPRESENTATION_CONTEXT(2) 
PARAMETRIC_REPRESENTATION_CONTEXT() REPRESENTATION_CONTEXT('2D SPACE',''
  ) );
#803 = ADVANCED_FACE('',(#804),#815,.T.);
#804 = FACE_BOUND('',#805,.T.);
#805 = EDGE_LOOP('',(#806,#949,#1152));
#806 = ORIENTED_EDGE('',*,*,#807,.T.);
#807 = EDGE_CURVE('',#24,#808,#810,.T.);
#808 = VERTEX_POINT('',#809);
#809 = CARTESIAN_POINT('',(0.834395023476,21.65,-0.145484954029));
#810 = SURFACE_CURVE('',#811,(#814,#920),.PCURVE_S1.);
#811 = B_SPLINE_CURVE_WITH_KNOTS('',1,(#812,#813),.UNSPECIFIED.,.F.,.F.,
  (2,2),(0.,1.),.PIECEWISE_BEZIER_KNOTS.);
#812 = CARTESIAN_POINT('',(0.837455092863,19.28,-0.127954773092));
#813 = CARTESIAN_POINT('',(0.834395023476,21.65,-0.145484954029));
#814 = PCURVE('',#815,#892);
#815 = B_SPLINE_SURFACE_WITH_KNOTS('',3,1,(
    (#816,#817)
    ,(#818,#819)
    ,(#820,#821)
    ,(#822,#823)
    ,(#824,#825)
    ,(#826,#827)
    ,(#828,#829)
    ,(#830,#831)
    ,(#832,#833)
    ,(#834,#835)
    ,(#836,#837)
    ,(#838,#839)
    ,(#840,#841)
    ,(#842,#843)
    ,(#844,#845)
    ,(#846,#847)
    ,(#848,#849)
    ,(#850,#851)
    ,(#852,#853)
    ,(#854,#855)
    ,(#856,#857)
    ,(#858,#859)
    ,(#860,#861)
    ,(#862,#863)
    ,(#864,#865)
    ,(#866,#867)
    ,(#868,#869)
    ,(#870,#871)
    ,(#872,#873)
    ,(#874,#875)
    ,(#876,#877)
    ,(#878,#879)
    ,(#880,#881)
    ,(#882,#883)
    ,(#884,#885)
    ,(#886,#887)
    ,(#888,#889)
    ,(#890,#891
    )),.UNSPECIFIED.,.F.,.F.,.F.,(4,1,1,1,1,1,1,1,1,1,1,1,1,1,1,1,1,1,1,
    1,1,1,1,1,1,1,1,1,1,1,1,1,1,1,1,4),(2,2),(0.514565472961,
    0.514816083492,0.533041652888,0.550817208225,0.568142749503,
    0.585018276723,0.601443789885,0.617419288989,0.632944774035,
    0.648020245022,0.662645701951,0.676821144822,0.690546573634,
    0.703821988389,0.716647389086,0.729022775724,0.740948148305,
    0.752423506828,0.763448851293,0.774024181701,0.784149498051,
    0.793824800343,0.803050088578,0.811825362756,0.820150622877,
    0.828025868941,0.835451100949,0.8424263189,0.848951522795,
    0.855026712634,0.860651888419,0.865827050149,0.870552197826,
    0.87482733145,0.878652451023,1.),(0.,1.),.UNSPECIFIED.);
#816 = CARTESIAN_POINT('',(1.183530900858,19.28,5.292205331361E-02));
#817 = CARTESIAN_POINT('',(1.183530900858,21.65,5.292205331361E-02));
#818 = CARTESIAN_POINT('',(1.183480273163,19.28,5.287661150137E-02));
#819 = CARTESIAN_POINT('',(1.183480273163,21.65,5.287661150137E-02));
#820 = CARTESIAN_POINT('',(1.179747307843,19.28,4.952693537703E-02));
#821 = CARTESIAN_POINT('',(1.179747307843,21.65,4.952693537703E-02));
#822 = CARTESIAN_POINT('',(1.17235712693,19.28,4.302794211446E-02));
#823 = CARTESIAN_POINT('',(1.17235712693,21.65,4.302794211446E-02));
#824 = CARTESIAN_POINT('',(1.161297111096,19.28,3.368714139317E-02));
#825 = CARTESIAN_POINT('',(1.161297111096,21.65,3.368714139317E-02));
#826 = CARTESIAN_POINT('',(1.150337206446,19.28,2.48001873746E-02));
#827 = CARTESIAN_POINT('',(1.150337206446,21.65,2.48001873746E-02));
#828 = CARTESIAN_POINT('',(1.1394910279,19.28,1.635924737007E-02));
#829 = CARTESIAN_POINT('',(1.1394910279,21.65,1.635924737007E-02));
#830 = CARTESIAN_POINT('',(1.128771915313,19.28,8.35612795904E-03));
#831 = CARTESIAN_POINT('',(1.128771915313,21.65,8.35612795904E-03));
#832 = CARTESIAN_POINT('',(1.118192924535,19.28,7.822828940977E-04));
#833 = CARTESIAN_POINT('',(1.118192924535,21.65,7.822828940977E-04));
#834 = CARTESIAN_POINT('',(1.107766818684,19.28,-6.371178781799E-03));
#835 = CARTESIAN_POINT('',(1.107766818684,21.65,-6.371178781799E-03));
#836 = CARTESIAN_POINT('',(1.097506059629,19.28,-1.311348441104E-02));
#837 = CARTESIAN_POINT('',(1.097506059629,21.65,-1.311348441104E-02));
#838 = CARTESIAN_POINT('',(1.087422799685,19.28,-1.945418919519E-02));
#839 = CARTESIAN_POINT('',(1.087422799685,21.65,-1.945418919519E-02));
#840 = CARTESIAN_POINT('',(1.077528873539,19.28,-2.540316747238E-02));
#841 = CARTESIAN_POINT('',(1.077528873539,21.65,-2.540316747238E-02));
#842 = CARTESIAN_POINT('',(1.067835790391,19.28,-3.097060380352E-02));
#843 = CARTESIAN_POINT('',(1.067835790391,21.65,-3.097060380352E-02));
#844 = CARTESIAN_POINT('',(1.058354726331,19.28,-3.616698387313E-02));
#845 = CARTESIAN_POINT('',(1.058354726331,21.65,-3.616698387313E-02));
#846 = CARTESIAN_POINT('',(1.04909651695,19.28,-4.100308521022E-02));
#847 = CARTESIAN_POINT('',(1.04909651695,21.65,-4.100308521022E-02));
#848 = CARTESIAN_POINT('',(1.040071650189,19.28,-4.548996773506E-02));
#849 = CARTESIAN_POINT('',(1.040071650189,21.65,-4.548996773506E-02));
#850 = CARTESIAN_POINT('',(1.031290259429,19.28,-4.963896413772E-02));
#851 = CARTESIAN_POINT('',(1.031290259429,21.65,-4.963896413772E-02));
#852 = CARTESIAN_POINT('',(1.022762116828,19.28,-5.346167009415E-02));
#853 = CARTESIAN_POINT('',(1.022762116828,21.65,-5.346167009415E-02));
#854 = CARTESIAN_POINT('',(1.014496626911,19.28,-5.696993432595E-02));
#855 = CARTESIAN_POINT('',(1.014496626911,21.65,-5.696993432595E-02));
#856 = CARTESIAN_POINT('',(1.006502820409,19.28,-6.017584850983E-02));
#857 = CARTESIAN_POINT('',(1.006502820409,21.65,-6.017584850983E-02));
#858 = CARTESIAN_POINT('',(0.998789348358,19.28,-6.309173704304E-02));
#859 = CARTESIAN_POINT('',(0.998789348358,21.65,-6.309173704304E-02));
#860 = CARTESIAN_POINT('',(0.991364476456,19.28,-6.57301466705E-02));
#861 = CARTESIAN_POINT('',(0.991364476456,21.65,-6.57301466705E-02));
#862 = CARTESIAN_POINT('',(0.984236079687,19.28,-6.810383598187E-02));
#863 = CARTESIAN_POINT('',(0.984236079687,21.65,-6.810383598187E-02));
#864 = CARTESIAN_POINT('',(0.977411637206,19.28,-7.022576477772E-02));
#865 = CARTESIAN_POINT('',(0.977411637206,21.65,-7.022576477772E-02));
#866 = CARTESIAN_POINT('',(0.9708982275,19.28,-7.21090833368E-02));
#867 = CARTESIAN_POINT('',(0.9708982275,21.65,-7.21090833368E-02));
#868 = CARTESIAN_POINT('',(0.964702523814,19.28,-7.376712150169E-02));
#869 = CARTESIAN_POINT('',(0.964702523814,21.65,-7.376712150169E-02));
#870 = CARTESIAN_POINT('',(0.958830789866,19.28,-7.521337789613E-02));
#871 = CARTESIAN_POINT('',(0.958830789866,21.65,-7.521337789613E-02));
#872 = CARTESIAN_POINT('',(0.953288875783,19.28,-7.646150823038E-02));
#873 = CARTESIAN_POINT('',(0.953288875783,21.65,-7.646150823038E-02));
#874 = CARTESIAN_POINT('',(0.948082214514,19.28,-7.75253162751E-02));
#875 = CARTESIAN_POINT('',(0.948082214514,21.65,-7.75253162751E-02));
#876 = CARTESIAN_POINT('',(0.943215817853,19.28,-7.841873541658E-02));
#877 = CARTESIAN_POINT('',(0.943215817853,21.65,-7.841873541658E-02));
#878 = CARTESIAN_POINT('',(0.938694275007,19.28,-7.915584143873E-02));
#879 = CARTESIAN_POINT('',(0.938694275007,21.65,-7.915584143873E-02));
#880 = CARTESIAN_POINT('',(0.934521743903,19.28,-7.975076103811E-02));
#881 = CARTESIAN_POINT('',(0.934521743903,21.65,-7.975076103811E-02));
#882 = CARTESIAN_POINT('',(0.930701967673,19.28,-8.021792374307E-02));
#883 = CARTESIAN_POINT('',(0.930701967673,21.65,-8.021792374307E-02));
#884 = CARTESIAN_POINT('',(0.927238210276,19.28,-8.057119401227E-02));
#885 = CARTESIAN_POINT('',(0.927238210276,21.65,-8.057119401227E-02));
#886 = CARTESIAN_POINT('',(0.892214996153,19.28,-8.34523616081E-02));
#887 = CARTESIAN_POINT('',(0.892214996153,21.65,-8.34523616081E-02));
#888 = CARTESIAN_POINT('',(0.857447036817,19.28,-7.371436746023E-02));
#889 = CARTESIAN_POINT('',(0.857447036817,21.65,-7.371436746023E-02));
#890 = CARTESIAN_POINT('',(0.837455092863,19.28,-0.127954773092));
#891 = CARTESIAN_POINT('',(0.837455092863,21.65,-0.127954773092));
#892 = DEFINITIONAL_REPRESENTATION('',(#893),#919);
#893 = B_SPLINE_CURVE_WITH_KNOTS('',3,(#894,#895,#896,#897,#898,#899,
    #900,#901,#902,#903,#904,#905,#906,#907,#908,#909,#910,#911,#912,
    #913,#914,#915,#916,#917,#918),.UNSPECIFIED.,.F.,.F.,(4,1,1,1,1,1,1,
    1,1,1,1,1,1,1,1,1,1,1,1,1,1,1,4),(0.222635915112,0.257970646243,
    0.293305377375,0.328640108506,0.363974839637,0.399309570768,
    0.4346443019,0.469979033031,0.505313764162,0.540648495293,
    0.575983226425,0.611317957556,0.646652688687,0.681987419819,
    0.71732215095,0.752656882081,0.787991613212,0.823326344344,
    0.858661075475,0.893995806606,0.929330537737,0.964665268869,1.),
  .QUASI_UNIFORM_KNOTS.);
#894 = CARTESIAN_POINT('',(1.000005448997,0.222635915112));
#895 = CARTESIAN_POINT('',(1.000005448997,0.234414158822));
#896 = CARTESIAN_POINT('',(1.000005448997,0.257970646243));
#897 = CARTESIAN_POINT('',(1.000005448997,0.293305377375));
#898 = CARTESIAN_POINT('',(1.000005448997,0.328640108506));
#899 = CARTESIAN_POINT('',(1.000005448997,0.363974839637));
#900 = CARTESIAN_POINT('',(1.000005448997,0.399309570768));
#901 = CARTESIAN_POINT('',(1.000005448997,0.4346443019));
#902 = CARTESIAN_POINT('',(1.000005448997,0.469979033031));
#903 = CARTESIAN_POINT('',(1.000005448997,0.505313764162));
#904 = CARTESIAN_POINT('',(1.000005448997,0.540648495293));
#905 = CARTESIAN_POINT('',(1.000005448997,0.575983226425));
#906 = CARTESIAN_POINT('',(1.000005448997,0.611317957556));
#907 = CARTESIAN_POINT('',(1.000005448997,0.646652688687));
#908 = CARTESIAN_POINT('',(1.000005448997,0.681987419819));
#909 = CARTESIAN_POINT('',(1.000005448997,0.71732215095));
#910 = CARTESIAN_POINT('',(1.000005448997,0.752656882081));
#911 = CARTESIAN_POINT('',(1.000005448997,0.787991613212));
#912 = CARTESIAN_POINT('',(1.000005448997,0.823326344344));
#913 = CARTESIAN_POINT('',(1.000005448997,0.858661075475));
#914 = CARTESIAN_POINT('',(1.000005448997,0.893995806606));
#915 = CARTESIAN_POINT('',(1.000005448997,0.929330537737));
#916 = CARTESIAN_POINT('',(1.000005448997,0.964665268869));
#917 = CARTESIAN_POINT('',(1.000005448997,0.98822175629));
#918 = CARTESIAN_POINT('',(1.000005448997,1.));
#919 = ( GEOMETRIC_REPRESENTATION_CONTEXT(2) 
PARAMETRIC_REPRESENTATION_CONTEXT() REPRESENTATION_CONTEXT('2D SPACE',''
  ) );
#920 = PCURVE('',#698,#921);
#921 = DEFINITIONAL_REPRESENTATION('',(#922),#948);
#922 = B_SPLINE_CURVE_WITH_KNOTS('',3,(#923,#924,#925,#926,#927,#928,
    #929,#930,#931,#932,#933,#934,#935,#936,#937,#938,#939,#940,#941,
    #942,#943,#944,#945,#946,#947),.UNSPECIFIED.,.F.,.F.,(4,1,1,1,1,1,1,
    1,1,1,1,1,1,1,1,1,1,1,1,1,1,1,4),(0.222635915112,0.257970646243,
    0.293305377375,0.328640108506,0.363974839637,0.399309570768,
    0.4346443019,0.469979033031,0.505313764162,0.540648495293,
    0.575983226425,0.611317957556,0.646652688687,0.681987419819,
    0.71732215095,0.752656882081,0.787991613212,0.823326344344,
    0.858661075475,0.893995806606,0.929330537737,0.964665268869,1.),
  .QUASI_UNIFORM_KNOTS.);
#923 = CARTESIAN_POINT('',(-6.945381959123E-06,0.222635915112));
#924 = CARTESIAN_POINT('',(-6.945381959123E-06,0.234414158822));
#925 = CARTESIAN_POINT('',(-6.945381959123E-06,0.257970646243));
#926 = CARTESIAN_POINT('',(-6.945381959123E-06,0.293305377375));
#927 = CARTESIAN_POINT('',(-6.945381959123E-06,0.328640108506));
#928 = CARTESIAN_POINT('',(-6.945381959123E-06,0.363974839637));
#929 = CARTESIAN_POINT('',(-6.945381959123E-06,0.399309570768));
#930 = CARTESIAN_POINT('',(-6.945381959123E-06,0.4346443019));
#931 = CARTESIAN_POINT('',(-6.945381959123E-06,0.469979033031));
#932 = CARTESIAN_POINT('',(-6.945381959123E-06,0.505313764162));
#933 = CARTESIAN_POINT('',(-6.945381959123E-06,0.540648495293));
#934 = CARTESIAN_POINT('',(-6.945381959123E-06,0.575983226425));
#935 = CARTESIAN_POINT('',(-6.945381959123E-06,0.611317957556));
#936 = CARTESIAN_POINT('',(-6.945381959123E-06,0.646652688687));
#937 = CARTESIAN_POINT('',(-6.945381959123E-06,0.681987419819));
#938 = CARTESIAN_POINT('',(-6.945381959123E-06,0.71732215095));
#939 = CARTESIAN_POINT('',(-6.945381959123E-06,0.752656882081));
#940 = CARTESIAN_POINT('',(-6.945381959123E-06,0.787991613212));
#941 = CARTESIAN_POINT('',(-6.945381959123E-06,0.823326344344));
#942 = CARTESIAN_POINT('',(-6.945381959123E-06,0.858661075475));
#943 = CARTESIAN_POINT('',(-6.945381959123E-06,0.893995806606));
#944 = CARTESIAN_POINT('',(-6.945381959123E-06,0.929330537737));
#945 = CARTESIAN_POINT('',(-6.945381959123E-06,0.964665268869));
#946 = CARTESIAN_POINT('',(-6.945381959123E-06,0.98822175629));
#947 = CARTESIAN_POINT('',(-6.945381959123E-06,1.));
#948 = ( GEOMETRIC_REPRESENTATION_CONTEXT(2) 
PARAMETRIC_REPRESENTATION_CONTEXT() REPRESENTATION_CONTEXT('2D SPACE',''
  ) );
#949 = ORIENTED_EDGE('',*,*,#950,.T.);
#950 = EDGE_CURVE('',#808,#951,#953,.T.);
#951 = VERTEX_POINT('',#952);
#952 = CARTESIAN_POINT('',(1.183530900767,21.65,5.292205323143E-02));
#953 = SURFACE_CURVE('',#954,(#993),.PCURVE_S1.);
#954 = B_SPLINE_CURVE_WITH_KNOTS('',3,(#955,#956,#957,#958,#959,#960,
    #961,#962,#963,#964,#965,#966,#967,#968,#969,#970,#971,#972,#973,
    #974,#975,#976,#977,#978,#979,#980,#981,#982,#983,#984,#985,#986,
    #987,#988,#989,#990,#991,#992),.UNSPECIFIED.,.F.,.F.,(4,1,1,1,1,1,1,
    1,1,1,1,1,1,1,1,1,1,1,1,1,1,1,1,1,1,1,1,1,1,1,1,1,1,1,1,4),(0.,
    0.249977169357,0.257856954086,0.266663772278,0.276397623938,
    0.287058509066,0.298646427665,0.311161379737,0.324603365281,
    0.338972384299,0.354268436792,0.37049152276,0.387641642204,
    0.405718795124,0.42472298152,0.444654201394,0.465512454744,
    0.487297741571,0.510010061876,0.533649415659,0.558215802919,
    0.583709223657,0.610129677874,0.637477165568,0.665751686741,
    0.694953241392,0.725081829522,0.75613745113,0.788120106216,
    0.821029794782,0.854866516825,0.889630272348,0.92532106135,
    0.96193888383,0.999483739789,1.),.UNSPECIFIED.);
#955 = CARTESIAN_POINT('',(0.834395023476,21.65,-0.145484954029));
#956 = CARTESIAN_POINT('',(0.857447036817,21.65,-7.371436746023E-02));
#957 = CARTESIAN_POINT('',(0.892214996153,21.65,-8.34523616081E-02));
#958 = CARTESIAN_POINT('',(0.927238210276,21.65,-8.057119401227E-02));
#959 = CARTESIAN_POINT('',(0.930701967673,21.65,-8.021792374307E-02));
#960 = CARTESIAN_POINT('',(0.934521743903,21.65,-7.975076103811E-02));
#961 = CARTESIAN_POINT('',(0.938694275007,21.65,-7.915584143873E-02));
#962 = CARTESIAN_POINT('',(0.943215817853,21.65,-7.841873541658E-02));
#963 = CARTESIAN_POINT('',(0.948082214514,21.65,-7.75253162751E-02));
#964 = CARTESIAN_POINT('',(0.953288875783,21.65,-7.646150823038E-02));
#965 = CARTESIAN_POINT('',(0.958830789866,21.65,-7.521337789613E-02));
#966 = CARTESIAN_POINT('',(0.964702523814,21.65,-7.376712150169E-02));
#967 = CARTESIAN_POINT('',(0.9708982275,21.65,-7.21090833368E-02));
#968 = CARTESIAN_POINT('',(0.977411637206,21.65,-7.022576477772E-02));
#969 = CARTESIAN_POINT('',(0.984236079687,21.65,-6.810383598187E-02));
#970 = CARTESIAN_POINT('',(0.991364476456,21.65,-6.57301466705E-02));
#971 = CARTESIAN_POINT('',(0.998789348358,21.65,-6.309173704304E-02));
#972 = CARTESIAN_POINT('',(1.006502820409,21.65,-6.017584850983E-02));
#973 = CARTESIAN_POINT('',(1.014496626911,21.65,-5.696993432595E-02));
#974 = CARTESIAN_POINT('',(1.022762116828,21.65,-5.346167009415E-02));
#975 = CARTESIAN_POINT('',(1.031290259429,21.65,-4.963896413772E-02));
#976 = CARTESIAN_POINT('',(1.040071650189,21.65,-4.548996773506E-02));
#977 = CARTESIAN_POINT('',(1.04909651695,21.65,-4.100308521022E-02));
#978 = CARTESIAN_POINT('',(1.058354726331,21.65,-3.616698387313E-02));
#979 = CARTESIAN_POINT('',(1.067835790391,21.65,-3.097060380352E-02));
#980 = CARTESIAN_POINT('',(1.077528873539,21.65,-2.540316747238E-02));
#981 = CARTESIAN_POINT('',(1.087422799685,21.65,-1.945418919519E-02));
#982 = CARTESIAN_POINT('',(1.097506059629,21.65,-1.311348441104E-02));
#983 = CARTESIAN_POINT('',(1.107766818684,21.65,-6.371178781799E-03));
#984 = CARTESIAN_POINT('',(1.118192924535,21.65,7.822828940977E-04));
#985 = CARTESIAN_POINT('',(1.128771915313,21.65,8.35612795904E-03));
#986 = CARTESIAN_POINT('',(1.1394910279,21.65,1.635924737007E-02));
#987 = CARTESIAN_POINT('',(1.150337206446,21.65,2.48001873746E-02));
#988 = CARTESIAN_POINT('',(1.161297111096,21.65,3.368714139317E-02));
#989 = CARTESIAN_POINT('',(1.17235712693,21.65,4.302794211446E-02));
#990 = CARTESIAN_POINT('',(1.179747307843,21.65,4.952693537703E-02));
#991 = CARTESIAN_POINT('',(1.183480273163,21.65,5.287661150137E-02));
#992 = CARTESIAN_POINT('',(1.183530900767,21.65,5.292205323143E-02));
#993 = PCURVE('',#815,#994);
#994 = DEFINITIONAL_REPRESENTATION('',(#995),#1151);
#995 = B_SPLINE_CURVE_WITH_KNOTS('',3,(#996,#997,#998,#999,#1000,#1001,
    #1002,#1003,#1004,#1005,#1006,#1007,#1008,#1009,#1010,#1011,#1012,
    #1013,#1014,#1015,#1016,#1017,#1018,#1019,#1020,#1021,#1022,#1023,
    #1024,#1025,#1026,#1027,#1028,#1029,#1030,#1031,#1032,#1033,#1034,
    #1035,#1036,#1037,#1038,#1039,#1040,#1041,#1042,#1043,#1044,#1045,
    #1046,#1047,#1048,#1049,#1050,#1051,#1052,#1053,#1054,#1055,#1056,
    #1057,#1058,#1059,#1060,#1061,#1062,#1063,#1064,#1065,#1066,#1067,
    #1068,#1069,#1070,#1071,#1072,#1073,#1074,#1075,#1076,#1077,#1078,
    #1079,#1080,#1081,#1082,#1083,#1084,#1085,#1086,#1087,#1088,#1089,
    #1090,#1091,#1092,#1093,#1094,#1095,#1096,#1097,#1098,#1099,#1100,
    #1101,#1102,#1103,#1104,#1105,#1106,#1107,#1108,#1109,#1110,#1111,
    #1112,#1113,#1114,#1115,#1116,#1117,#1118,#1119,#1120,#1121,#1122,
    #1123,#1124,#1125,#1126,#1127,#1128,#1129,#1130,#1131,#1132,#1133,
    #1134,#1135,#1136,#1137,#1138,#1139,#1140,#1141,#1142,#1143,#1144,
    #1145,#1146,#1147,#1148,#1149,#1150),.UNSPECIFIED.,.F.,.F.,(4,1,1,1,
    1,1,1,1,1,1,1,1,1,1,1,1,1,1,1,1,1,1,1,1,1,1,1,1,1,1,1,1,1,1,1,1,1,1,
    1,1,1,1,1,1,1,1,1,1,1,1,1,1,1,1,1,1,1,1,1,1,1,1,1,1,1,1,1,1,1,1,1,1,
    1,1,1,1,1,1,1,1,1,1,1,1,1,1,1,1,1,1,1,1,1,1,1,1,1,1,1,1,1,1,1,1,1,1,
    1,1,1,1,1,1,1,1,1,1,1,1,1,1,1,1,1,1,1,1,1,1,1,1,1,1,1,1,1,1,1,1,1,1,
    1,1,1,1,1,1,1,1,1,1,1,1,4),(0.,1.298701298701E-02,2.597402597403E-02
    ,3.246753246753E-02,3.896103896104E-02,4.545454545455E-02,
    5.194805194805E-02,5.844155844156E-02,6.493506493506E-02,
    7.142857142857E-02,7.792207792208E-02,8.441558441558E-02,
    9.090909090909E-02,9.74025974026E-02,0.103896103896,0.11038961039,
    0.116883116883,0.123376623377,0.12987012987,0.136363636364,
    0.142857142857,0.149350649351,0.155844155844,0.162337662338,
    0.168831168831,0.175324675325,0.181818181818,0.188311688312,
    0.194805194805,0.201298701299,0.207792207792,0.214285714286,
    0.220779220779,0.227272727273,0.233766233766,0.24025974026,
    0.246753246753,0.253246753247,0.25974025974,0.266233766234,
    0.272727272727,0.279220779221,0.285714285714,0.292207792208,
    0.298701298701,0.305194805195,0.311688311688,0.318181818182,
    0.324675324675,0.331168831169,0.337662337662,0.344155844156,
    0.350649350649,0.357142857143,0.363636363636,0.37012987013,
    0.376623376623,0.383116883117,0.38961038961,0.396103896104,
    0.402597402597,0.409090909091,0.415584415584,0.422077922078,
    0.428571428571,0.435064935065,0.441558441558,0.448051948052,
    0.454545454545,0.461038961039,0.467532467532,0.474025974026,
    0.480519480519,0.487012987013,0.493506493506,0.5,0.506493506494,
    0.512987012987,0.519480519481,0.525974025974,0.532467532468,
    0.538961038961,0.545454545455,0.551948051948,0.558441558442,
    0.564935064935,0.571428571429,0.577922077922,0.584415584416,
    0.590909090909,0.597402597403,0.603896103896,0.61038961039,
    0.616883116883,0.623376623377,0.62987012987,0.636363636364,
    0.642857142857,0.649350649351,0.655844155844,0.662337662338,
    0.668831168831,0.675324675325,0.681818181818,0.688311688312,
    0.694805194805,0.701298701299,0.707792207792,0.714285714286,
    0.720779220779,0.727272727273,0.733766233766,0.74025974026,
    0.746753246753,0.753246753247,0.75974025974,0.766233766234,
    0.772727272727,0.779220779221,0.785714285714,0.792207792208,
    0.798701298701,0.805194805195,0.811688311688,0.818181818182,
    0.824675324675,0.831168831169,0.837662337662,0.844155844156,
    0.850649350649,0.857142857143,0.863636363636,0.87012987013,
    0.876623376623,0.883116883117,0.88961038961,0.896103896104,
    0.902597402597,0.909090909091,0.915584415584,0.922077922078,
    0.928571428571,0.935064935065,0.941558441558,0.948051948052,
    0.954545454545,0.961038961039,0.967532467532,0.974025974026,
    0.980519480519,0.987012987013,0.993506493506,1.),.UNSPECIFIED.);
#996 = CARTESIAN_POINT('',(1.000005448997,1.));
#997 = CARTESIAN_POINT('',(1.000030730667,1.));
#998 = CARTESIAN_POINT('',(1.000366727217,1.));
#999 = CARTESIAN_POINT('',(0.998980331805,1.));
#1000 = CARTESIAN_POINT('',(0.993596651954,1.));
#1001 = CARTESIAN_POINT('',(0.99008633839,1.));
#1002 = CARTESIAN_POINT('',(0.986385849834,1.));
#1003 = CARTESIAN_POINT('',(0.982685288806,1.));
#1004 = CARTESIAN_POINT('',(0.9789339319,1.));
#1005 = CARTESIAN_POINT('',(0.975149132642,1.));
#1006 = CARTESIAN_POINT('',(0.971334666552,1.));
#1007 = CARTESIAN_POINT('',(0.96750329557,1.));
#1008 = CARTESIAN_POINT('',(0.963670467072,1.));
#1009 = CARTESIAN_POINT('',(0.959854429359,1.));
#1010 = CARTESIAN_POINT('',(0.956073407445,1.));
#1011 = CARTESIAN_POINT('',(0.95234307246,1.));
#1012 = CARTESIAN_POINT('',(0.948674495995,1.));
#1013 = CARTESIAN_POINT('',(0.945073333776,1.));
#1014 = CARTESIAN_POINT('',(0.941540179366,1.));
#1015 = CARTESIAN_POINT('',(0.93807167563,1.));
#1016 = CARTESIAN_POINT('',(0.934661872502,1.));
#1017 = CARTESIAN_POINT('',(0.931303469122,1.));
#1018 = CARTESIAN_POINT('',(0.927988772123,1.));
#1019 = CARTESIAN_POINT('',(0.924710344646,1.));
#1020 = CARTESIAN_POINT('',(0.921461392389,1.));
#1021 = CARTESIAN_POINT('',(0.918235954409,1.));
#1022 = CARTESIAN_POINT('',(0.915028962091,1.));
#1023 = CARTESIAN_POINT('',(0.911836216134,1.));
#1024 = CARTESIAN_POINT('',(0.908654317063,1.));
#1025 = CARTESIAN_POINT('',(0.905480572865,1.));
#1026 = CARTESIAN_POINT('',(0.902312898395,1.));
#1027 = CARTESIAN_POINT('',(0.899149715036,1.));
#1028 = CARTESIAN_POINT('',(0.895989854812,1.));
#1029 = CARTESIAN_POINT('',(0.892832470732,1.));
#1030 = CARTESIAN_POINT('',(0.889676952528,1.));
#1031 = CARTESIAN_POINT('',(0.886522849621,1.));
#1032 = CARTESIAN_POINT('',(0.883369789256,1.));
#1033 = CARTESIAN_POINT('',(0.880217428318,1.));
#1034 = CARTESIAN_POINT('',(0.877065289093,1.));
#1035 = CARTESIAN_POINT('',(0.87391310799,1.));
#1036 = CARTESIAN_POINT('',(0.870760938108,1.));
#1037 = CARTESIAN_POINT('',(0.867608765219,1.));
#1038 = CARTESIAN_POINT('',(0.864456593136,1.));
#1039 = CARTESIAN_POINT('',(0.861304420836,1.));
#1040 = CARTESIAN_POINT('',(0.858152248595,1.));
#1041 = CARTESIAN_POINT('',(0.855000076338,1.));
#1042 = CARTESIAN_POINT('',(0.851847904086,1.));
#1043 = CARTESIAN_POINT('',(0.848695731832,1.));
#1044 = CARTESIAN_POINT('',(0.845543559579,1.));
#1045 = CARTESIAN_POINT('',(0.842391387325,1.));
#1046 = CARTESIAN_POINT('',(0.839239215072,1.));
#1047 = CARTESIAN_POINT('',(0.836087042818,1.));
#1048 = CARTESIAN_POINT('',(0.832934870565,1.));
#1049 = CARTESIAN_POINT('',(0.829782698311,1.));
#1050 = CARTESIAN_POINT('',(0.826630526058,1.));
#1051 = CARTESIAN_POINT('',(0.823478353804,1.));
#1052 = CARTESIAN_POINT('',(0.820326181551,1.));
#1053 = CARTESIAN_POINT('',(0.817174009297,1.));
#1054 = CARTESIAN_POINT('',(0.814021837044,1.));
#1055 = CARTESIAN_POINT('',(0.81086966479,1.));
#1056 = CARTESIAN_POINT('',(0.807717492537,1.));
#1057 = CARTESIAN_POINT('',(0.804565320283,1.));
#1058 = CARTESIAN_POINT('',(0.80141314803,1.));
#1059 = CARTESIAN_POINT('',(0.798260975776,1.));
#1060 = CARTESIAN_POINT('',(0.795108803523,1.));
#1061 = CARTESIAN_POINT('',(0.791956631269,1.));
#1062 = CARTESIAN_POINT('',(0.788804459016,1.));
#1063 = CARTESIAN_POINT('',(0.785652286762,1.));
#1064 = CARTESIAN_POINT('',(0.782500114509,1.));
#1065 = CARTESIAN_POINT('',(0.779347942255,1.));
#1066 = CARTESIAN_POINT('',(0.776195770002,1.));
#1067 = CARTESIAN_POINT('',(0.773043597748,1.));
#1068 = CARTESIAN_POINT('',(0.769891425495,1.));
#1069 = CARTESIAN_POINT('',(0.766739253241,1.));
#1070 = CARTESIAN_POINT('',(0.763587080988,1.));
#1071 = CARTESIAN_POINT('',(0.760434908734,1.));
#1072 = CARTESIAN_POINT('',(0.757282736481,1.));
#1073 = CARTESIAN_POINT('',(0.754130564227,1.));
#1074 = CARTESIAN_POINT('',(0.750978391974,1.));
#1075 = CARTESIAN_POINT('',(0.74782621972,1.));
#1076 = CARTESIAN_POINT('',(0.744674047467,1.));
#1077 = CARTESIAN_POINT('',(0.741521875213,1.));
#1078 = CARTESIAN_POINT('',(0.73836970296,1.));
#1079 = CARTESIAN_POINT('',(0.735217530706,1.));
#1080 = CARTESIAN_POINT('',(0.732065358453,1.));
#1081 = CARTESIAN_POINT('',(0.728913186199,1.));
#1082 = CARTESIAN_POINT('',(0.725761013946,1.));
#1083 = CARTESIAN_POINT('',(0.722608841692,1.));
#1084 = CARTESIAN_POINT('',(0.719456669439,1.));
#1085 = CARTESIAN_POINT('',(0.716304497185,1.));
#1086 = CARTESIAN_POINT('',(0.713152324932,1.));
#1087 = CARTESIAN_POINT('',(0.710000152678,1.));
#1088 = CARTESIAN_POINT('',(0.706847980425,1.));
#1089 = CARTESIAN_POINT('',(0.703695808171,1.));
#1090 = CARTESIAN_POINT('',(0.700543635918,1.));
#1091 = CARTESIAN_POINT('',(0.697391463664,1.));
#1092 = CARTESIAN_POINT('',(0.694239291411,1.));
#1093 = CARTESIAN_POINT('',(0.691087119157,1.));
#1094 = CARTESIAN_POINT('',(0.687934946904,1.));
#1095 = CARTESIAN_POINT('',(0.68478277465,1.));
#1096 = CARTESIAN_POINT('',(0.681630602397,1.));
#1097 = CARTESIAN_POINT('',(0.678478430143,1.));
#1098 = CARTESIAN_POINT('',(0.67532625789,1.));
#1099 = CARTESIAN_POINT('',(0.672174085636,1.));
#1100 = CARTESIAN_POINT('',(0.669021913383,1.));
#1101 = CARTESIAN_POINT('',(0.665869741129,1.));
#1102 = CARTESIAN_POINT('',(0.662717568876,1.));
#1103 = CARTESIAN_POINT('',(0.659565396622,1.));
#1104 = CARTESIAN_POINT('',(0.656413224369,1.));
#1105 = CARTESIAN_POINT('',(0.653261052115,1.));
#1106 = CARTESIAN_POINT('',(0.650108879862,1.));
#1107 = CARTESIAN_POINT('',(0.646956707608,1.));
#1108 = CARTESIAN_POINT('',(0.643804535355,1.));
#1109 = CARTESIAN_POINT('',(0.640652363101,1.));
#1110 = CARTESIAN_POINT('',(0.637500190848,1.));
#1111 = CARTESIAN_POINT('',(0.634348018594,1.));
#1112 = CARTESIAN_POINT('',(0.631195846341,1.));
#1113 = CARTESIAN_POINT('',(0.628043674087,1.));
#1114 = CARTESIAN_POINT('',(0.624891501834,1.));
#1115 = CARTESIAN_POINT('',(0.62173932958,1.));
#1116 = CARTESIAN_POINT('',(0.618587157327,1.));
#1117 = CARTESIAN_POINT('',(0.615434985073,1.));
#1118 = CARTESIAN_POINT('',(0.61228281282,1.));
#1119 = CARTESIAN_POINT('',(0.609130640566,1.));
#1120 = CARTESIAN_POINT('',(0.605978468313,1.));
#1121 = CARTESIAN_POINT('',(0.602826296059,1.));
#1122 = CARTESIAN_POINT('',(0.599674123806,1.));
#1123 = CARTESIAN_POINT('',(0.596521951552,1.));
#1124 = CARTESIAN_POINT('',(0.593369779299,1.));
#1125 = CARTESIAN_POINT('',(0.590217607045,1.));
#1126 = CARTESIAN_POINT('',(0.587065434792,1.));
#1127 = CARTESIAN_POINT('',(0.583913262538,1.));
#1128 = CARTESIAN_POINT('',(0.580761090285,1.));
#1129 = CARTESIAN_POINT('',(0.577608918031,1.));
#1130 = CARTESIAN_POINT('',(0.574456745778,1.));
#1131 = CARTESIAN_POINT('',(0.571304573524,1.));
#1132 = CARTESIAN_POINT('',(0.568152401271,1.));
#1133 = CARTESIAN_POINT('',(0.565000229017,1.));
#1134 = CARTESIAN_POINT('',(0.561848056764,1.));
#1135 = CARTESIAN_POINT('',(0.55869588451,1.));
#1136 = CARTESIAN_POINT('',(0.555543712257,1.));
#1137 = CARTESIAN_POINT('',(0.552391540003,1.));
#1138 = CARTESIAN_POINT('',(0.54923936775,1.));
#1139 = CARTESIAN_POINT('',(0.546087195496,1.));
#1140 = CARTESIAN_POINT('',(0.542935023243,1.));
#1141 = CARTESIAN_POINT('',(0.539782850989,1.));
#1142 = CARTESIAN_POINT('',(0.536630678736,1.));
#1143 = CARTESIAN_POINT('',(0.533478506482,1.));
#1144 = CARTESIAN_POINT('',(0.530326334229,1.));
#1145 = CARTESIAN_POINT('',(0.527174161975,1.));
#1146 = CARTESIAN_POINT('',(0.524021989722,1.));
#1147 = CARTESIAN_POINT('',(0.520869817468,1.));
#1148 = CARTESIAN_POINT('',(0.517717645215,1.));
#1149 = CARTESIAN_POINT('',(0.515616197046,1.));
#1150 = CARTESIAN_POINT('',(0.514565472961,1.));
#1151 = ( GEOMETRIC_REPRESENTATION_CONTEXT(2) 
PARAMETRIC_REPRESENTATION_CONTEXT() REPRESENTATION_CONTEXT('2D SPACE',''
  ) );
#1152 = ORIENTED_EDGE('',*,*,#1153,.T.);
#1153 = EDGE_CURVE('',#951,#24,#1154,.T.);
#1154 = SURFACE_CURVE('',#1155,(#1158,#1164),.PCURVE_S1.);
#1155 = B_SPLINE_CURVE_WITH_KNOTS('',1,(#1156,#1157),.UNSPECIFIED.,.F.,
  .F.,(2,2),(0.,1.),.PIECEWISE_BEZIER_KNOTS.);
#1156 = CARTESIAN_POINT('',(1.183530900767,21.65,5.292205323143E-02));
#1157 = CARTESIAN_POINT('',(1.183530900858,20.2,5.292205331361E-02));
#1158 = PCURVE('',#815,#1159);
#1159 = DEFINITIONAL_REPRESENTATION('',(#1160),#1163);
#1160 = B_SPLINE_CURVE_WITH_KNOTS('',1,(#1161,#1162),.UNSPECIFIED.,.F.,
  .F.,(2,2),(0.,1.),.PIECEWISE_BEZIER_KNOTS.);
#1161 = CARTESIAN_POINT('',(0.514565473112,1.));
#1162 = CARTESIAN_POINT('',(0.514565472961,0.388185654008));
#1163 = ( GEOMETRIC_REPRESENTATION_CONTEXT(2) 
PARAMETRIC_REPRESENTATION_CONTEXT() REPRESENTATION_CONTEXT('2D SPACE',''
  ) );
#1164 = PCURVE('',#1165,#1170);
#1165 = CYLINDRICAL_SURFACE('',#1166,1.185);
#1166 = AXIS2_PLACEMENT_3D('',#1167,#1168,#1169);
#1167 = CARTESIAN_POINT('',(-2.965244213471E-04,20.2,2.188503150195E-04)
  );
#1168 = DIRECTION('',(3.121218740609E-31,1.,5.262794038021E-31));
#1169 = DIRECTION('',(0.860110422595,8.75811540203E-47,-0.510107891474)
  );
#1170 = DEFINITIONAL_REPRESENTATION('',(#1171),#1174);
#1171 = B_SPLINE_CURVE_WITH_KNOTS('',1,(#1172,#1173),.UNSPECIFIED.,.F.,
  .F.,(2,2),(0.,1.),.PIECEWISE_BEZIER_KNOTS.);
#1172 = CARTESIAN_POINT('',(5.703385130299,1.45));
#1173 = CARTESIAN_POINT('',(5.703385130233,-3.552713678801E-15));
#1174 = ( GEOMETRIC_REPRESENTATION_CONTEXT(2) 
PARAMETRIC_REPRESENTATION_CONTEXT() REPRESENTATION_CONTEXT('2D SPACE',''
  ) );
#1175 = ADVANCED_FACE('',(#1176),#1165,.T.);
#1176 = FACE_BOUND('',#1177,.T.);
#1177 = EDGE_LOOP('',(#1178,#1194,#1195));
#1178 = ORIENTED_EDGE('',*,*,#1179,.T.);
#1179 = EDGE_CURVE('',#1180,#24,#1182,.T.);
#1180 = VERTEX_POINT('',#1181);
#1181 = CARTESIAN_POINT('',(1.179561213049,21.65,0.110494501899));
#1182 = SURFACE_CURVE('',#1183,(#1188),.PCURVE_S1.);
#1183 = B_SPLINE_CURVE_WITH_KNOTS('',3,(#1184,#1185,#1186,#1187),
  .UNSPECIFIED.,.F.,.F.,(4,4),(0.,1.),.PIECEWISE_BEZIER_KNOTS.);
#1184 = CARTESIAN_POINT('',(1.179561213049,21.65,0.110494501899));
#1185 = CARTESIAN_POINT('',(1.179561213049,21.166666666667,
    0.110494501899));
#1186 = CARTESIAN_POINT('',(1.179561213049,20.683333333333,
    0.110494501899));
#1187 = CARTESIAN_POINT('',(1.179561213049,20.2,0.110494501899));
#1188 = PCURVE('',#1165,#1189);
#1189 = DEFINITIONAL_REPRESENTATION('',(#1190),#1193);
#1190 = B_SPLINE_CURVE_WITH_KNOTS('',1,(#1191,#1192),.UNSPECIFIED.,.F.,
  .F.,(2,2),(0.,1.),.PIECEWISE_BEZIER_KNOTS.);
#1191 = CARTESIAN_POINT('',(5.654680617229,1.45));
#1192 = CARTESIAN_POINT('',(5.654680617229,0.));
#1193 = ( GEOMETRIC_REPRESENTATION_CONTEXT(2) 
PARAMETRIC_REPRESENTATION_CONTEXT() REPRESENTATION_CONTEXT('2D SPACE',''
  ) );
#1194 = ORIENTED_EDGE('',*,*,#1153,.F.);
#1195 = ORIENTED_EDGE('',*,*,#1196,.T.);
#1196 = EDGE_CURVE('',#951,#1180,#1197,.T.);
#1197 = SURFACE_CURVE('',#1198,(#1203),.PCURVE_S1.);
#1198 = B_SPLINE_CURVE_WITH_KNOTS('',3,(#1199,#1200,#1201,#1202),
  .UNSPECIFIED.,.F.,.F.,(4,4),(0.,1.),.PIECEWISE_BEZIER_KNOTS.);
#1199 = CARTESIAN_POINT('',(1.183530900767,21.65,5.292205323143E-02));
#1200 = CARTESIAN_POINT('',(1.18267527273,21.65,7.214129927455E-02));
#1201 = CARTESIAN_POINT('',(1.181351520356,21.65,9.133970300845E-02));
#1202 = CARTESIAN_POINT('',(1.179561213049,21.65,0.110494501899));
#1203 = PCURVE('',#1165,#1204);
#1204 = DEFINITIONAL_REPRESENTATION('',(#1205),#1208);
#1205 = B_SPLINE_CURVE_WITH_KNOTS('',1,(#1206,#1207),.UNSPECIFIED.,.F.,
  .F.,(2,2),(0.,1.),.PIECEWISE_BEZIER_KNOTS.);
#1206 = CARTESIAN_POINT('',(5.703385130299,1.45));
#1207 = CARTESIAN_POINT('',(5.654680617229,1.45));
#1208 = ( GEOMETRIC_REPRESENTATION_CONTEXT(2) 
PARAMETRIC_REPRESENTATION_CONTEXT() REPRESENTATION_CONTEXT('2D SPACE',''
  ) );
#1209 = ADVANCED_FACE('',(#1210),#698,.T.);
#1210 = FACE_BOUND('',#1211,.T.);
#1211 = EDGE_LOOP('',(#1212,#1213,#1214));
#1212 = ORIENTED_EDGE('',*,*,#807,.F.);
#1213 = ORIENTED_EDGE('',*,*,#663,.F.);
#1214 = ORIENTED_EDGE('',*,*,#1215,.T.);
#1215 = EDGE_CURVE('',#462,#808,#1216,.T.);
#1216 = SURFACE_CURVE('',#1217,(#1256),.PCURVE_S1.);
#1217 = B_SPLINE_CURVE_WITH_KNOTS('',3,(#1218,#1219,#1220,#1221,#1222,
    #1223,#1224,#1225,#1226,#1227,#1228,#1229,#1230,#1231,#1232,#1233,
    #1234,#1235,#1236,#1237,#1238,#1239,#1240,#1241,#1242,#1243,#1244,
    #1245,#1246,#1247,#1248,#1249,#1250,#1251,#1252,#1253,#1254,#1255),
  .UNSPECIFIED.,.F.,.F.,(4,1,1,1,1,1,1,1,1,1,1,1,1,1,1,1,1,1,1,1,1,1,1,1
    ,1,1,1,1,1,1,1,1,1,1,1,4),(0.,5.162595886591E-04,3.806111557124E-02,
    7.467893807437E-02,0.110369727098,0.145133482642,0.178970204707,
    0.211879893293,0.2438625484,0.274918170027,0.305046758175,
    0.334248312845,0.362522834035,0.389870321746,0.416290775979,
    0.441784196733,0.466350584009,0.489989937806,0.512702258125,
    0.534487544966,0.55534579833,0.575277018215,0.594281204624,
    0.612358357555,0.629508477009,0.645731562987,0.66102761549,
    0.675396634517,0.68883862007,0.701353572149,0.712941490755,
    0.72360237589,0.733336227556,0.742143045754,0.750022830487,1.),
  .UNSPECIFIED.);
#1218 = CARTESIAN_POINT('',(1.084043135769,21.65,-0.476855478536));
#1219 = CARTESIAN_POINT('',(1.095631031251,21.65,-0.450384233039));
#1220 = CARTESIAN_POINT('',(1.093253693628,21.65,-0.445967942149));
#1221 = CARTESIAN_POINT('',(1.08850240727,21.65,-0.43734953373));
#1222 = CARTESIAN_POINT('',(1.081261115893,21.65,-0.424814055776));
#1223 = CARTESIAN_POINT('',(1.073960253383,21.65,-0.412739501197));
#1224 = CARTESIAN_POINT('',(1.066615283156,21.65,-0.401123113222));
#1225 = CARTESIAN_POINT('',(1.059241532047,21.65,-0.38996170249));
#1226 = CARTESIAN_POINT('',(1.051854179217,21.65,-0.379251651457));
#1227 = CARTESIAN_POINT('',(1.044468245196,21.65,-0.368988919082));
#1228 = CARTESIAN_POINT('',(1.037098581044,21.65,-0.359169045769));
#1229 = CARTESIAN_POINT('',(1.029759857655,21.65,-0.349787158578));
#1230 = CARTESIAN_POINT('',(1.0224665552,21.65,-0.340837976693));
#1231 = CARTESIAN_POINT('',(1.015232952713,21.65,-0.33231581715));
#1232 = CARTESIAN_POINT('',(1.008073117843,21.65,-0.324214600811));
#1233 = CARTESIAN_POINT('',(1.001000896749,21.65,-0.316527858596));
#1234 = CARTESIAN_POINT('',(0.994029904174,21.65,-0.309248737951));
#1235 = CARTESIAN_POINT('',(0.987173513684,21.65,-0.302370009558));
#1236 = CARTESIAN_POINT('',(0.980444848085,21.65,-0.29588407429));
#1237 = CARTESIAN_POINT('',(0.973856770021,21.65,-0.289782970382));
#1238 = CARTESIAN_POINT('',(0.96742187276,21.65,-0.284058380844));
#1239 = CARTESIAN_POINT('',(0.961152471176,21.65,-0.278701641089));
#1240 = CARTESIAN_POINT('',(0.955060592925,21.65,-0.273703746782));
#1241 = CARTESIAN_POINT('',(0.949157969829,21.65,-0.269055361897));
#1242 = CARTESIAN_POINT('',(0.943456029459,21.65,-0.264746826995));
#1243 = CARTESIAN_POINT('',(0.937965886947,21.65,-0.260768167674));
#1244 = CARTESIAN_POINT('',(0.932698336986,21.65,-0.257109103297));
#1245 = CARTESIAN_POINT('',(0.92766384614,21.65,-0.253759055678));
#1246 = CARTESIAN_POINT('',(0.922872545068,21.65,-0.250707158715));
#1247 = CARTESIAN_POINT('',(0.918334222082,21.65,-0.247942265662));
#1248 = CARTESIAN_POINT('',(0.914058313159,21.65,-0.245452965135));
#1249 = CARTESIAN_POINT('',(0.910053904928,21.65,-0.243227568605));
#1250 = CARTESIAN_POINT('',(0.90632969549,21.65,-0.241254193525));
#1251 = CARTESIAN_POINT('',(0.902894095282,21.65,-0.239520531894));
#1252 = CARTESIAN_POINT('',(0.899754872462,21.65,-0.23801464502));
#1253 = CARTESIAN_POINT('',(0.867779073148,21.65,-0.223438125807));
#1254 = CARTESIAN_POINT('',(0.831768104026,21.65,-0.220820946155));
#1255 = CARTESIAN_POINT('',(0.834395023476,21.65,-0.145484954029));
#1256 = PCURVE('',#698,#1257);
#1257 = DEFINITIONAL_REPRESENTATION('',(#1258),#1413);
#1258 = B_SPLINE_CURVE_WITH_KNOTS('',3,(#1259,#1260,#1261,#1262,#1263,
    #1264,#1265,#1266,#1267,#1268,#1269,#1270,#1271,#1272,#1273,#1274,
    #1275,#1276,#1277,#1278,#1279,#1280,#1281,#1282,#1283,#1284,#1285,
    #1286,#1287,#1288,#1289,#1290,#1291,#1292,#1293,#1294,#1295,#1296,
    #1297,#1298,#1299,#1300,#1301,#1302,#1303,#1304,#1305,#1306,#1307,
    #1308,#1309,#1310,#1311,#1312,#1313,#1314,#1315,#1316,#1317,#1318,
    #1319,#1320,#1321,#1322,#1323,#1324,#1325,#1326,#1327,#1328,#1329,
    #1330,#1331,#1332,#1333,#1334,#1335,#1336,#1337,#1338,#1339,#1340,
    #1341,#1342,#1343,#1344,#1345,#1346,#1347,#1348,#1349,#1350,#1351,
    #1352,#1353,#1354,#1355,#1356,#1357,#1358,#1359,#1360,#1361,#1362,
    #1363,#1364,#1365,#1366,#1367,#1368,#1369,#1370,#1371,#1372,#1373,
    #1374,#1375,#1376,#1377,#1378,#1379,#1380,#1381,#1382,#1383,#1384,
    #1385,#1386,#1387,#1388,#1389,#1390,#1391,#1392,#1393,#1394,#1395,
    #1396,#1397,#1398,#1399,#1400,#1401,#1402,#1403,#1404,#1405,#1406,
    #1407,#1408,#1409,#1410,#1411,#1412),.UNSPECIFIED.,.F.,.F.,(4,1,1,1,
    1,1,1,1,1,1,1,1,1,1,1,1,1,1,1,1,1,1,1,1,1,1,1,1,1,1,1,1,1,1,1,1,1,1,
    1,1,1,1,1,1,1,1,1,1,1,1,1,1,1,1,1,1,1,1,1,1,1,1,1,1,1,1,1,1,1,1,1,1,
    1,1,1,1,1,1,1,1,1,1,1,1,1,1,1,1,1,1,1,1,1,1,1,1,1,1,1,1,1,1,1,1,1,1,
    1,1,1,1,1,1,1,1,1,1,1,1,1,1,1,1,1,1,1,1,1,1,1,1,1,1,1,1,1,1,1,1,1,1,
    1,1,1,1,1,1,1,1,1,1,1,4),(0.,6.493506493506E-03,1.298701298701E-02,
    1.948051948052E-02,2.597402597403E-02,3.246753246753E-02,
    3.896103896104E-02,4.545454545455E-02,5.194805194805E-02,
    5.844155844156E-02,6.493506493506E-02,7.142857142857E-02,
    7.792207792208E-02,8.441558441558E-02,9.090909090909E-02,
    9.74025974026E-02,0.103896103896,0.11038961039,0.116883116883,
    0.123376623377,0.12987012987,0.136363636364,0.142857142857,
    0.149350649351,0.155844155844,0.162337662338,0.168831168831,
    0.175324675325,0.181818181818,0.188311688312,0.194805194805,
    0.201298701299,0.207792207792,0.214285714286,0.220779220779,
    0.227272727273,0.233766233766,0.24025974026,0.246753246753,
    0.253246753247,0.25974025974,0.266233766234,0.272727272727,
    0.279220779221,0.285714285714,0.292207792208,0.298701298701,
    0.305194805195,0.311688311688,0.318181818182,0.324675324675,
    0.331168831169,0.337662337662,0.344155844156,0.350649350649,
    0.357142857143,0.363636363636,0.37012987013,0.376623376623,
    0.383116883117,0.38961038961,0.396103896104,0.402597402597,
    0.409090909091,0.415584415584,0.422077922078,0.428571428571,
    0.435064935065,0.441558441558,0.448051948052,0.454545454545,
    0.461038961039,0.467532467532,0.474025974026,0.480519480519,
    0.487012987013,0.493506493506,0.5,0.506493506494,0.512987012987,
    0.519480519481,0.525974025974,0.532467532468,0.538961038961,
    0.545454545455,0.551948051948,0.558441558442,0.564935064935,
    0.571428571429,0.577922077922,0.584415584416,0.590909090909,
    0.597402597403,0.603896103896,0.61038961039,0.616883116883,
    0.623376623377,0.62987012987,0.636363636364,0.642857142857,
    0.649350649351,0.655844155844,0.662337662338,0.668831168831,
    0.675324675325,0.681818181818,0.688311688312,0.694805194805,
    0.701298701299,0.707792207792,0.714285714286,0.720779220779,
    0.727272727273,0.733766233766,0.74025974026,0.746753246753,
    0.753246753247,0.75974025974,0.766233766234,0.772727272727,
    0.779220779221,0.785714285714,0.792207792208,0.798701298701,
    0.805194805195,0.811688311688,0.818181818182,0.824675324675,
    0.831168831169,0.837662337662,0.844155844156,0.850649350649,
    0.857142857143,0.863636363636,0.87012987013,0.876623376623,
    0.883116883117,0.88961038961,0.896103896104,0.902597402597,
    0.909090909091,0.915584415584,0.922077922078,0.928571428571,
    0.935064935065,0.941558441558,0.948051948052,0.954545454545,
    0.961038961039,0.967532467532,0.974025974026,1.),.UNSPECIFIED.);
#1259 = CARTESIAN_POINT('',(0.485441472119,1.));
#1260 = CARTESIAN_POINT('',(0.484386503635,1.));
#1261 = CARTESIAN_POINT('',(0.482281100955,1.));
#1262 = CARTESIAN_POINT('',(0.479130518116,1.));
#1263 = CARTESIAN_POINT('',(0.475977919983,1.));
#1264 = CARTESIAN_POINT('',(0.472825861846,1.));
#1265 = CARTESIAN_POINT('',(0.469673659017,1.));
#1266 = CARTESIAN_POINT('',(0.466521494959,1.));
#1267 = CARTESIAN_POINT('',(0.463369320512,1.));
#1268 = CARTESIAN_POINT('',(0.460217148849,1.));
#1269 = CARTESIAN_POINT('',(0.45706497644,1.));
#1270 = CARTESIAN_POINT('',(0.45391280423,1.));
#1271 = CARTESIAN_POINT('',(0.450760631967,1.));
#1272 = CARTESIAN_POINT('',(0.447608459719,1.));
#1273 = CARTESIAN_POINT('',(0.444456287467,1.));
#1274 = CARTESIAN_POINT('',(0.441304115215,1.));
#1275 = CARTESIAN_POINT('',(0.438151942964,1.));
#1276 = CARTESIAN_POINT('',(0.434999770712,1.));
#1277 = CARTESIAN_POINT('',(0.431847598461,1.));
#1278 = CARTESIAN_POINT('',(0.428695426209,1.));
#1279 = CARTESIAN_POINT('',(0.425543253957,1.));
#1280 = CARTESIAN_POINT('',(0.422391081706,1.));
#1281 = CARTESIAN_POINT('',(0.419238909454,1.));
#1282 = CARTESIAN_POINT('',(0.416086737203,1.));
#1283 = CARTESIAN_POINT('',(0.412934564951,1.));
#1284 = CARTESIAN_POINT('',(0.4097823927,1.));
#1285 = CARTESIAN_POINT('',(0.406630220448,1.));
#1286 = CARTESIAN_POINT('',(0.403478048197,1.));
#1287 = CARTESIAN_POINT('',(0.400325875945,1.));
#1288 = CARTESIAN_POINT('',(0.397173703694,1.));
#1289 = CARTESIAN_POINT('',(0.394021531442,1.));
#1290 = CARTESIAN_POINT('',(0.390869359191,1.));
#1291 = CARTESIAN_POINT('',(0.387717186939,1.));
#1292 = CARTESIAN_POINT('',(0.384565014687,1.));
#1293 = CARTESIAN_POINT('',(0.381412842436,1.));
#1294 = CARTESIAN_POINT('',(0.378260670184,1.));
#1295 = CARTESIAN_POINT('',(0.375108497933,1.));
#1296 = CARTESIAN_POINT('',(0.371956325681,1.));
#1297 = CARTESIAN_POINT('',(0.36880415343,1.));
#1298 = CARTESIAN_POINT('',(0.365651981178,1.));
#1299 = CARTESIAN_POINT('',(0.362499808927,1.));
#1300 = CARTESIAN_POINT('',(0.359347636675,1.));
#1301 = CARTESIAN_POINT('',(0.356195464424,1.));
#1302 = CARTESIAN_POINT('',(0.353043292172,1.));
#1303 = CARTESIAN_POINT('',(0.349891119921,1.));
#1304 = CARTESIAN_POINT('',(0.346738947669,1.));
#1305 = CARTESIAN_POINT('',(0.343586775418,1.));
#1306 = CARTESIAN_POINT('',(0.340434603166,1.));
#1307 = CARTESIAN_POINT('',(0.337282430914,1.));
#1308 = CARTESIAN_POINT('',(0.334130258663,1.));
#1309 = CARTESIAN_POINT('',(0.330978086411,1.));
#1310 = CARTESIAN_POINT('',(0.32782591416,1.));
#1311 = CARTESIAN_POINT('',(0.324673741908,1.));
#1312 = CARTESIAN_POINT('',(0.321521569657,1.));
#1313 = CARTESIAN_POINT('',(0.318369397405,1.));
#1314 = CARTESIAN_POINT('',(0.315217225154,1.));
#1315 = CARTESIAN_POINT('',(0.312065052902,1.));
#1316 = CARTESIAN_POINT('',(0.308912880651,1.));
#1317 = CARTESIAN_POINT('',(0.305760708399,1.));
#1318 = CARTESIAN_POINT('',(0.302608536148,1.));
#1319 = CARTESIAN_POINT('',(0.299456363896,1.));
#1320 = CARTESIAN_POINT('',(0.296304191644,1.));
#1321 = CARTESIAN_POINT('',(0.293152019393,1.));
#1322 = CARTESIAN_POINT('',(0.289999847141,1.));
#1323 = CARTESIAN_POINT('',(0.28684767489,1.));
#1324 = CARTESIAN_POINT('',(0.283695502638,1.));
#1325 = CARTESIAN_POINT('',(0.280543330387,1.));
#1326 = CARTESIAN_POINT('',(0.277391158135,1.));
#1327 = CARTESIAN_POINT('',(0.274238985884,1.));
#1328 = CARTESIAN_POINT('',(0.271086813632,1.));
#1329 = CARTESIAN_POINT('',(0.267934641381,1.));
#1330 = CARTESIAN_POINT('',(0.264782469129,1.));
#1331 = CARTESIAN_POINT('',(0.261630296878,1.));
#1332 = CARTESIAN_POINT('',(0.258478124626,1.));
#1333 = CARTESIAN_POINT('',(0.255325952374,1.));
#1334 = CARTESIAN_POINT('',(0.252173780123,1.));
#1335 = CARTESIAN_POINT('',(0.249021607871,1.));
#1336 = CARTESIAN_POINT('',(0.24586943562,1.));
#1337 = CARTESIAN_POINT('',(0.242717263368,1.));
#1338 = CARTESIAN_POINT('',(0.239565091117,1.));
#1339 = CARTESIAN_POINT('',(0.236412918865,1.));
#1340 = CARTESIAN_POINT('',(0.233260746614,1.));
#1341 = CARTESIAN_POINT('',(0.230108574362,1.));
#1342 = CARTESIAN_POINT('',(0.226956402111,1.));
#1343 = CARTESIAN_POINT('',(0.223804229859,1.));
#1344 = CARTESIAN_POINT('',(0.220652057608,1.));
#1345 = CARTESIAN_POINT('',(0.217499885356,1.));
#1346 = CARTESIAN_POINT('',(0.214347713104,1.));
#1347 = CARTESIAN_POINT('',(0.211195540853,1.));
#1348 = CARTESIAN_POINT('',(0.208043368601,1.));
#1349 = CARTESIAN_POINT('',(0.20489119635,1.));
#1350 = CARTESIAN_POINT('',(0.201739024098,1.));
#1351 = CARTESIAN_POINT('',(0.198586851847,1.));
#1352 = CARTESIAN_POINT('',(0.195434679595,1.));
#1353 = CARTESIAN_POINT('',(0.192282507344,1.));
#1354 = CARTESIAN_POINT('',(0.189130335092,1.));
#1355 = CARTESIAN_POINT('',(0.185978162841,1.));
#1356 = CARTESIAN_POINT('',(0.182825990589,1.));
#1357 = CARTESIAN_POINT('',(0.179673818338,1.));
#1358 = CARTESIAN_POINT('',(0.176521646086,1.));
#1359 = CARTESIAN_POINT('',(0.173369473835,1.));
#1360 = CARTESIAN_POINT('',(0.170217301583,1.));
#1361 = CARTESIAN_POINT('',(0.167065129331,1.));
#1362 = CARTESIAN_POINT('',(0.16391295708,1.));
#1363 = CARTESIAN_POINT('',(0.160760784828,1.));
#1364 = CARTESIAN_POINT('',(0.157608612577,1.));
#1365 = CARTESIAN_POINT('',(0.154456440325,1.));
#1366 = CARTESIAN_POINT('',(0.151304268074,1.));
#1367 = CARTESIAN_POINT('',(0.148152095822,1.));
#1368 = CARTESIAN_POINT('',(0.144999923571,1.));
#1369 = CARTESIAN_POINT('',(0.141847751317,1.));
#1370 = CARTESIAN_POINT('',(0.138695579077,1.));
#1371 = CARTESIAN_POINT('',(0.13554340678,1.));
#1372 = CARTESIAN_POINT('',(0.132391234699,1.));
#1373 = CARTESIAN_POINT('',(0.129239061812,1.));
#1374 = CARTESIAN_POINT('',(0.126086891932,1.));
#1375 = CARTESIAN_POINT('',(0.12293471083,1.));
#1376 = CARTESIAN_POINT('',(0.119782571608,1.));
#1377 = CARTESIAN_POINT('',(0.116630210672,1.));
#1378 = CARTESIAN_POINT('',(0.113477150309,1.));
#1379 = CARTESIAN_POINT('',(0.110323047404,1.));
#1380 = CARTESIAN_POINT('',(0.107167529201,1.));
#1381 = CARTESIAN_POINT('',(0.104010145123,1.));
#1382 = CARTESIAN_POINT('',(0.100850284901,1.));
#1383 = CARTESIAN_POINT('',(9.768710154426E-02,1.));
#1384 = CARTESIAN_POINT('',(9.451942707613E-02,1.));
#1385 = CARTESIAN_POINT('',(9.134568287955E-02,1.));
#1386 = CARTESIAN_POINT('',(8.816378381084E-02,1.));
#1387 = CARTESIAN_POINT('',(8.497103785512E-02,1.));
#1388 = CARTESIAN_POINT('',(8.176404553913E-02,1.));
#1389 = CARTESIAN_POINT('',(7.853860756062E-02,1.));
#1390 = CARTESIAN_POINT('',(7.528965530526E-02,1.));
#1391 = CARTESIAN_POINT('',(7.20112278303E-02,1.));
#1392 = CARTESIAN_POINT('',(6.869653083208E-02,1.));
#1393 = CARTESIAN_POINT('',(6.533812745385E-02,1.));
#1394 = CARTESIAN_POINT('',(6.192832432749E-02,1.));
#1395 = CARTESIAN_POINT('',(5.84598205918E-02,1.));
#1396 = CARTESIAN_POINT('',(5.492666618687E-02,1.));
#1397 = CARTESIAN_POINT('',(5.132550395763E-02,1.));
#1398 = CARTESIAN_POINT('',(4.765692753781E-02,1.));
#1399 = CARTESIAN_POINT('',(4.392659239109E-02,1.));
#1400 = CARTESIAN_POINT('',(4.014557108979E-02,1.));
#1401 = CARTESIAN_POINT('',(3.632953109649E-02,1.));
#1402 = CARTESIAN_POINT('',(3.24967111205E-02,1.));
#1403 = CARTESIAN_POINT('',(2.866530834562E-02,1.));
#1404 = CARTESIAN_POINT('',(2.485096091907E-02,1.));
#1405 = CARTESIAN_POINT('',(2.106571881374E-02,1.));
#1406 = CARTESIAN_POINT('',(1.731601464911E-02,1.));
#1407 = CARTESIAN_POINT('',(1.360928551983E-02,1.));
#1408 = CARTESIAN_POINT('',(9.931816644729E-03,1.));
#1409 = CARTESIAN_POINT('',(6.335592473671E-03,1.));
#1410 = CARTESIAN_POINT('',(-1.098681781555E-03,1.));
#1411 = CARTESIAN_POINT('',(-4.710249579818E-03,1.));
#1412 = CARTESIAN_POINT('',(-6.945381959123E-06,1.));
#1413 = ( GEOMETRIC_REPRESENTATION_CONTEXT(2) 
PARAMETRIC_REPRESENTATION_CONTEXT() REPRESENTATION_CONTEXT('2D SPACE',''
  ) );
#1414 = ( GEOMETRIC_REPRESENTATION_CONTEXT(3) 
GLOBAL_UNCERTAINTY_ASSIGNED_CONTEXT((#1418)) 
GLOBAL_UNIT_ASSIGNED_CONTEXT((#1415,#1416,#1417)) REPRESENTATION_CONTEXT
('Context #1','3D Context with UNIT and UNCERTAINTY') );
#1415 = ( LENGTH_UNIT() NAMED_UNIT(*) SI_UNIT(.MILLI.,.METRE.) );
#1416 = ( NAMED_UNIT(*) PLANE_ANGLE_UNIT() SI_UNIT($,.RADIAN.) );
#1417 = ( NAMED_UNIT(*) SI_UNIT($,.STERADIAN.) SOLID_ANGLE_UNIT() );
#1418 = UNCERTAINTY_MEASURE_WITH_UNIT(LENGTH_MEASURE(0.2),#1415,
  'distance_accuracy_value','confusion accuracy');
#1419 = PRODUCT_RELATED_PRODUCT_CATEGORY('part',$,(#7));
ENDSEC;
END-ISO-10303-21;
