ISO-10303-21;
HEADER;
FILE_DESCRIPTION(('Open CASCADE Model'),'2;1');
FILE_NAME('Open CASCADE Shape Model','2026-03-14T15:57:21',('Author'),(
    'Open CASCADE'),'Open CASCADE STEP processor 7.8','build123d',
  'Unknown');
FILE_SCHEMA(('AUTOMOTIVE_DESIGN { 1 0 10303 214 1 1 1 1 }'));
ENDSEC;
DATA;
#1 = APPLICATION_PROTOCOL_DEFINITION('international standard',
  'automotive_design',2000,#2);
#2 = APPLICATION_CONTEXT(
  'core data for automotive mechanical design processes');
#3 = SHAPE_DEFINITION_REPRESENTATION(#4,#10);
#4 = PRODUCT_DEFINITION_SHAPE('','',#5);
#5 = PRODUCT_DEFINITION('design','',#6,#9);
#6 = PRODUCT_DEFINITION_FORMATION('','',#7);
#7 = PRODUCT('SHELL','SHELL','',(#8));
#8 = PRODUCT_CONTEXT('',#2,'mechanical');
#9 = PRODUCT_DEFINITION_CONTEXT('part definition',#2,'design');
#10 = MANIFOLD_SURFACE_SHAPE_REPRESENTATION('',(#11,#15),#4132);
#11 = AXIS2_PLACEMENT_3D('',#12,#13,#14);
#12 = CARTESIAN_POINT('',(0.,0.,0.));
#13 = DIRECTION('',(0.,0.,1.));
#14 = DIRECTION('',(1.,0.,-0.));
#15 = SHELL_BASED_SURFACE_MODEL('',(#16));
#16 = OPEN_SHELL('',(#17,#202,#321,#326,#1196,#1306,#1369,#1479,#1542,
    #1652,#1715,#1825,#1888,#1998,#2061,#2430,#2490,#2657,#2737,#3024,
    #3029,#3034,#3039,#3044,#3049,#3134,#3189,#3318,#3340,#3543,#3727,
    #3757,#3864,#3894,#3902,#3933,#3940,#3995,#4050,#4080,#4106));
#17 = ADVANCED_FACE('',(#18),#39,.T.);
#18 = FACE_BOUND('',#19,.T.);
#19 = EDGE_LOOP('',(#20,#91,#118,#182));
#20 = ORIENTED_EDGE('',*,*,#21,.T.);
#21 = EDGE_CURVE('',#22,#24,#26,.T.);
#22 = VERTEX_POINT('',#23);
#23 = CARTESIAN_POINT('',(-12.8,-3.4,2.5));
#24 = VERTEX_POINT('',#25);
#25 = CARTESIAN_POINT('',(-12.8,-3.4,2.));
#26 = SURFACE_CURVE('',#27,(#38,#72),.PCURVE_S1.);
#27 = B_SPLINE_CURVE_WITH_KNOTS('',3,(#28,#29,#30,#31,#32,#33,#34,#35,
    #36,#37),.UNSPECIFIED.,.F.,.F.,(4,2,2,2,4),(0.,0.25,0.5,0.75,1.),
  .UNSPECIFIED.);
#28 = CARTESIAN_POINT('',(-12.8,-3.4,2.5));
#29 = CARTESIAN_POINT('',(-12.8,-3.46544984695,2.5));
#30 = CARTESIAN_POINT('',(-12.8,-3.530496664691,2.473056725902));
#31 = CARTESIAN_POINT('',(-12.8,-3.623056725902,2.380496664691));
#32 = CARTESIAN_POINT('',(-12.8,-3.65,2.31544984695));
#33 = CARTESIAN_POINT('',(-12.8,-3.65,2.18455015305));
#34 = CARTESIAN_POINT('',(-12.8,-3.623056725902,2.119503335309));
#35 = CARTESIAN_POINT('',(-12.8,-3.530496664691,2.026943274098));
#36 = CARTESIAN_POINT('',(-12.8,-3.46544984695,2.));
#37 = CARTESIAN_POINT('',(-12.8,-3.4,2.));
#38 = PCURVE('',#39,#44);
#39 = CYLINDRICAL_SURFACE('',#40,0.25);
#40 = AXIS2_PLACEMENT_3D('',#41,#42,#43);
#41 = CARTESIAN_POINT('',(-8.192893218813,-3.4,2.25));
#42 = DIRECTION('',(-1.,1.11200222819E-16,0.));
#43 = DIRECTION('',(0.,0.,-1.));
#44 = DEFINITIONAL_REPRESENTATION('',(#45),#71);
#45 = B_SPLINE_CURVE_WITH_KNOTS('',3,(#46,#47,#48,#49,#50,#51,#52,#53,
    #54,#55,#56,#57,#58,#59,#60,#61,#62,#63,#64,#65,#66,#67,#68,#69,#70)
  ,.UNSPECIFIED.,.F.,.F.,(4,1,1,1,1,1,1,1,1,1,1,1,1,1,1,1,1,1,1,1,1,1,4)
  ,(0.,4.545454545455E-02,9.090909090909E-02,0.136363636364,
    0.181818181818,0.227272727273,0.272727272727,0.318181818182,
    0.363636363636,0.409090909091,0.454545454545,0.5,0.545454545455,
    0.590909090909,0.636363636364,0.681818181818,0.727272727273,
    0.772727272727,0.818181818182,0.863636363636,0.909090909091,
    0.954545454545,1.),.QUASI_UNIFORM_KNOTS.);
#46 = CARTESIAN_POINT('',(3.14159265359,4.607106781187));
#47 = CARTESIAN_POINT('',(3.094022633669,4.607106781187));
#48 = CARTESIAN_POINT('',(2.998870418291,4.607106781187));
#49 = CARTESIAN_POINT('',(2.856090802868,4.607106781187));
#50 = CARTESIAN_POINT('',(2.713157723295,4.607106781187));
#51 = CARTESIAN_POINT('',(2.570274928939,4.607106781187));
#52 = CARTESIAN_POINT('',(2.427579622073,4.607106781187));
#53 = CARTESIAN_POINT('',(2.284809352156,4.607106781187));
#54 = CARTESIAN_POINT('',(2.142114082224,4.607106781187));
#55 = CARTESIAN_POINT('',(1.999231140135,4.607106781187));
#56 = CARTESIAN_POINT('',(1.856298614556,4.607106781187));
#57 = CARTESIAN_POINT('',(1.713516930892,4.607106781187));
#58 = CARTESIAN_POINT('',(1.570796326795,4.607106781187));
#59 = CARTESIAN_POINT('',(1.428075722698,4.607106781187));
#60 = CARTESIAN_POINT('',(1.285294039034,4.607106781187));
#61 = CARTESIAN_POINT('',(1.142361513454,4.607106781187));
#62 = CARTESIAN_POINT('',(0.999478571366,4.607106781187));
#63 = CARTESIAN_POINT('',(0.856783301434,4.607106781187));
#64 = CARTESIAN_POINT('',(0.714013031517,4.607106781187));
#65 = CARTESIAN_POINT('',(0.571317724651,4.607106781187));
#66 = CARTESIAN_POINT('',(0.428434930295,4.607106781187));
#67 = CARTESIAN_POINT('',(0.285501850722,4.607106781187));
#68 = CARTESIAN_POINT('',(0.142722235299,4.607106781187));
#69 = CARTESIAN_POINT('',(4.757001992097E-02,4.607106781187));
#70 = CARTESIAN_POINT('',(0.,4.607106781187));
#71 = ( GEOMETRIC_REPRESENTATION_CONTEXT(2) 
PARAMETRIC_REPRESENTATION_CONTEXT() REPRESENTATION_CONTEXT('2D SPACE',''
  ) );
#72 = PCURVE('',#73,#78);
#73 = PLANE('',#74);
#74 = AXIS2_PLACEMENT_3D('',#75,#76,#77);
#75 = CARTESIAN_POINT('',(-12.8,-3.4,2.25));
#76 = DIRECTION('',(-1.,-2.758299773102E-45,2.106062720053E-16));
#77 = DIRECTION('',(-2.758299773102E-45,1.,0.));
#78 = DEFINITIONAL_REPRESENTATION('',(#79),#90);
#79 = B_SPLINE_CURVE_WITH_KNOTS('',3,(#80,#81,#82,#83,#84,#85,#86,#87,
    #88,#89),.UNSPECIFIED.,.F.,.F.,(4,2,2,2,4),(0.,0.25,0.5,0.75,1.),
  .UNSPECIFIED.);
#80 = CARTESIAN_POINT('',(0.,-0.25));
#81 = CARTESIAN_POINT('',(-6.544984694979E-02,-0.25));
#82 = CARTESIAN_POINT('',(-0.130496664691,-0.223056725902));
#83 = CARTESIAN_POINT('',(-0.223056725902,-0.130496664691));
#84 = CARTESIAN_POINT('',(-0.25,-6.544984694979E-02));
#85 = CARTESIAN_POINT('',(-0.25,6.544984694979E-02));
#86 = CARTESIAN_POINT('',(-0.223056725902,0.130496664691));
#87 = CARTESIAN_POINT('',(-0.130496664691,0.223056725902));
#88 = CARTESIAN_POINT('',(-6.544984694979E-02,0.25));
#89 = CARTESIAN_POINT('',(0.,0.25));
#90 = ( GEOMETRIC_REPRESENTATION_CONTEXT(2) 
PARAMETRIC_REPRESENTATION_CONTEXT() REPRESENTATION_CONTEXT('2D SPACE',''
  ) );
#91 = ORIENTED_EDGE('',*,*,#92,.T.);
#92 = EDGE_CURVE('',#24,#93,#95,.T.);
#93 = VERTEX_POINT('',#94);
#94 = CARTESIAN_POINT('',(-10.4,-3.4,2.));
#95 = SURFACE_CURVE('',#96,(#101,#107),.PCURVE_S1.);
#96 = B_SPLINE_CURVE_WITH_KNOTS('',3,(#97,#98,#99,#100),.UNSPECIFIED.,
  .F.,.F.,(4,4),(0.,1.),.PIECEWISE_BEZIER_KNOTS.);
#97 = CARTESIAN_POINT('',(-12.8,-3.4,2.));
#98 = CARTESIAN_POINT('',(-12.,-3.4,2.));
#99 = CARTESIAN_POINT('',(-11.2,-3.4,2.));
#100 = CARTESIAN_POINT('',(-10.4,-3.4,2.));
#101 = PCURVE('',#39,#102);
#102 = DEFINITIONAL_REPRESENTATION('',(#103),#106);
#103 = B_SPLINE_CURVE_WITH_KNOTS('',1,(#104,#105),.UNSPECIFIED.,.F.,.F.,
  (2,2),(0.,1.),.PIECEWISE_BEZIER_KNOTS.);
#104 = CARTESIAN_POINT('',(0.,4.607106781187));
#105 = CARTESIAN_POINT('',(0.,2.207106781187));
#106 = ( GEOMETRIC_REPRESENTATION_CONTEXT(2) 
PARAMETRIC_REPRESENTATION_CONTEXT() REPRESENTATION_CONTEXT('2D SPACE',''
  ) );
#107 = PCURVE('',#108,#113);
#108 = CYLINDRICAL_SURFACE('',#109,0.25);
#109 = AXIS2_PLACEMENT_3D('',#110,#111,#112);
#110 = CARTESIAN_POINT('',(-8.192893218813,-3.4,2.25));
#111 = DIRECTION('',(-1.,1.11200222819E-16,0.));
#112 = DIRECTION('',(0.,0.,-1.));
#113 = DEFINITIONAL_REPRESENTATION('',(#114),#117);
#114 = B_SPLINE_CURVE_WITH_KNOTS('',1,(#115,#116),.UNSPECIFIED.,.F.,.F.,
  (2,2),(0.,1.),.PIECEWISE_BEZIER_KNOTS.);
#115 = CARTESIAN_POINT('',(6.28318530718,4.607106781187));
#116 = CARTESIAN_POINT('',(6.28318530718,2.207106781187));
#117 = ( GEOMETRIC_REPRESENTATION_CONTEXT(2) 
PARAMETRIC_REPRESENTATION_CONTEXT() REPRESENTATION_CONTEXT('2D SPACE',''
  ) );
#118 = ORIENTED_EDGE('',*,*,#119,.T.);
#119 = EDGE_CURVE('',#93,#120,#122,.T.);
#120 = VERTEX_POINT('',#121);
#121 = CARTESIAN_POINT('',(-10.4,-3.4,2.5));
#122 = SURFACE_CURVE('',#123,(#134,#163),.PCURVE_S1.);
#123 = B_SPLINE_CURVE_WITH_KNOTS('',3,(#124,#125,#126,#127,#128,#129,
    #130,#131,#132,#133),.UNSPECIFIED.,.F.,.F.,(4,2,2,2,4),(0.,0.25,0.5,
    0.75,1.),.UNSPECIFIED.);
#124 = CARTESIAN_POINT('',(-10.4,-3.4,2.));
#125 = CARTESIAN_POINT('',(-10.4,-3.46544984695,2.));
#126 = CARTESIAN_POINT('',(-10.4,-3.530496664691,2.026943274098));
#127 = CARTESIAN_POINT('',(-10.4,-3.623056725902,2.119503335309));
#128 = CARTESIAN_POINT('',(-10.4,-3.65,2.18455015305));
#129 = CARTESIAN_POINT('',(-10.4,-3.65,2.31544984695));
#130 = CARTESIAN_POINT('',(-10.4,-3.623056725902,2.380496664691));
#131 = CARTESIAN_POINT('',(-10.4,-3.530496664691,2.473056725902));
#132 = CARTESIAN_POINT('',(-10.4,-3.46544984695,2.5));
#133 = CARTESIAN_POINT('',(-10.4,-3.4,2.5));
#134 = PCURVE('',#39,#135);
#135 = DEFINITIONAL_REPRESENTATION('',(#136),#162);
#136 = B_SPLINE_CURVE_WITH_KNOTS('',3,(#137,#138,#139,#140,#141,#142,
    #143,#144,#145,#146,#147,#148,#149,#150,#151,#152,#153,#154,#155,
    #156,#157,#158,#159,#160,#161),.UNSPECIFIED.,.F.,.F.,(4,1,1,1,1,1,1,
    1,1,1,1,1,1,1,1,1,1,1,1,1,1,1,4),(0.,4.545454545455E-02,
    9.090909090909E-02,0.136363636364,0.181818181818,0.227272727273,
    0.272727272727,0.318181818182,0.363636363636,0.409090909091,
    0.454545454545,0.5,0.545454545455,0.590909090909,0.636363636364,
    0.681818181818,0.727272727273,0.772727272727,0.818181818182,
    0.863636363636,0.909090909091,0.954545454545,1.),
  .QUASI_UNIFORM_KNOTS.);
#137 = CARTESIAN_POINT('',(0.,2.207106781187));
#138 = CARTESIAN_POINT('',(4.757001992097E-02,2.207106781187));
#139 = CARTESIAN_POINT('',(0.142722235299,2.207106781187));
#140 = CARTESIAN_POINT('',(0.285501850722,2.207106781187));
#141 = CARTESIAN_POINT('',(0.428434930295,2.207106781187));
#142 = CARTESIAN_POINT('',(0.571317724651,2.207106781187));
#143 = CARTESIAN_POINT('',(0.714013031517,2.207106781187));
#144 = CARTESIAN_POINT('',(0.856783301434,2.207106781187));
#145 = CARTESIAN_POINT('',(0.999478571366,2.207106781187));
#146 = CARTESIAN_POINT('',(1.142361513454,2.207106781187));
#147 = CARTESIAN_POINT('',(1.285294039034,2.207106781187));
#148 = CARTESIAN_POINT('',(1.428075722698,2.207106781187));
#149 = CARTESIAN_POINT('',(1.570796326795,2.207106781187));
#150 = CARTESIAN_POINT('',(1.713516930892,2.207106781187));
#151 = CARTESIAN_POINT('',(1.856298614556,2.207106781187));
#152 = CARTESIAN_POINT('',(1.999231140135,2.207106781187));
#153 = CARTESIAN_POINT('',(2.142114082224,2.207106781187));
#154 = CARTESIAN_POINT('',(2.284809352156,2.207106781187));
#155 = CARTESIAN_POINT('',(2.427579622073,2.207106781187));
#156 = CARTESIAN_POINT('',(2.570274928939,2.207106781187));
#157 = CARTESIAN_POINT('',(2.713157723295,2.207106781187));
#158 = CARTESIAN_POINT('',(2.856090802868,2.207106781187));
#159 = CARTESIAN_POINT('',(2.998870418291,2.207106781187));
#160 = CARTESIAN_POINT('',(3.094022633669,2.207106781187));
#161 = CARTESIAN_POINT('',(3.14159265359,2.207106781187));
#162 = ( GEOMETRIC_REPRESENTATION_CONTEXT(2) 
PARAMETRIC_REPRESENTATION_CONTEXT() REPRESENTATION_CONTEXT('2D SPACE',''
  ) );
#163 = PCURVE('',#164,#169);
#164 = PLANE('',#165);
#165 = AXIS2_PLACEMENT_3D('',#166,#167,#168);
#166 = CARTESIAN_POINT('',(-10.4,-1.6,-4.75));
#167 = DIRECTION('',(-1.,-2.758299773102E-45,2.106062720053E-16));
#168 = DIRECTION('',(-2.758299773102E-45,1.,0.));
#169 = DEFINITIONAL_REPRESENTATION('',(#170),#181);
#170 = B_SPLINE_CURVE_WITH_KNOTS('',3,(#171,#172,#173,#174,#175,#176,
    #177,#178,#179,#180),.UNSPECIFIED.,.F.,.F.,(4,2,2,2,4),(0.,0.25,0.5,
    0.75,1.),.UNSPECIFIED.);
#171 = CARTESIAN_POINT('',(-1.8,-6.75));
#172 = CARTESIAN_POINT('',(-1.86544984695,-6.75));
#173 = CARTESIAN_POINT('',(-1.930496664691,-6.776943274098));
#174 = CARTESIAN_POINT('',(-2.023056725902,-6.869503335309));
#175 = CARTESIAN_POINT('',(-2.05,-6.93455015305));
#176 = CARTESIAN_POINT('',(-2.05,-7.06544984695));
#177 = CARTESIAN_POINT('',(-2.023056725902,-7.130496664691));
#178 = CARTESIAN_POINT('',(-1.930496664691,-7.223056725902));
#179 = CARTESIAN_POINT('',(-1.86544984695,-7.25));
#180 = CARTESIAN_POINT('',(-1.8,-7.25));
#181 = ( GEOMETRIC_REPRESENTATION_CONTEXT(2) 
PARAMETRIC_REPRESENTATION_CONTEXT() REPRESENTATION_CONTEXT('2D SPACE',''
  ) );
#182 = ORIENTED_EDGE('',*,*,#183,.T.);
#183 = EDGE_CURVE('',#120,#22,#184,.T.);
#184 = SURFACE_CURVE('',#185,(#190,#196),.PCURVE_S1.);
#185 = B_SPLINE_CURVE_WITH_KNOTS('',3,(#186,#187,#188,#189),
  .UNSPECIFIED.,.F.,.F.,(4,4),(0.,1.),.PIECEWISE_BEZIER_KNOTS.);
#186 = CARTESIAN_POINT('',(-10.4,-3.4,2.5));
#187 = CARTESIAN_POINT('',(-11.2,-3.4,2.5));
#188 = CARTESIAN_POINT('',(-12.,-3.4,2.5));
#189 = CARTESIAN_POINT('',(-12.8,-3.4,2.5));
#190 = PCURVE('',#39,#191);
#191 = DEFINITIONAL_REPRESENTATION('',(#192),#195);
#192 = B_SPLINE_CURVE_WITH_KNOTS('',1,(#193,#194),.UNSPECIFIED.,.F.,.F.,
  (2,2),(0.,1.),.PIECEWISE_BEZIER_KNOTS.);
#193 = CARTESIAN_POINT('',(3.14159265359,2.207106781187));
#194 = CARTESIAN_POINT('',(3.14159265359,4.607106781187));
#195 = ( GEOMETRIC_REPRESENTATION_CONTEXT(2) 
PARAMETRIC_REPRESENTATION_CONTEXT() REPRESENTATION_CONTEXT('2D SPACE',''
  ) );
#196 = PCURVE('',#108,#197);
#197 = DEFINITIONAL_REPRESENTATION('',(#198),#201);
#198 = B_SPLINE_CURVE_WITH_KNOTS('',1,(#199,#200),.UNSPECIFIED.,.F.,.F.,
  (2,2),(0.,1.),.PIECEWISE_BEZIER_KNOTS.);
#199 = CARTESIAN_POINT('',(3.14159265359,2.207106781187));
#200 = CARTESIAN_POINT('',(3.14159265359,4.607106781187));
#201 = ( GEOMETRIC_REPRESENTATION_CONTEXT(2) 
PARAMETRIC_REPRESENTATION_CONTEXT() REPRESENTATION_CONTEXT('2D SPACE',''
  ) );
#202 = ADVANCED_FACE('',(#203),#108,.T.);
#203 = FACE_BOUND('',#204,.T.);
#204 = EDGE_LOOP('',(#205,#206,#263,#264));
#205 = ORIENTED_EDGE('',*,*,#92,.F.);
#206 = ORIENTED_EDGE('',*,*,#207,.T.);
#207 = EDGE_CURVE('',#24,#22,#208,.T.);
#208 = SURFACE_CURVE('',#209,(#220,#249),.PCURVE_S1.);
#209 = B_SPLINE_CURVE_WITH_KNOTS('',3,(#210,#211,#212,#213,#214,#215,
    #216,#217,#218,#219),.UNSPECIFIED.,.F.,.F.,(4,2,2,2,4),(0.,0.25,0.5,
    0.75,1.),.UNSPECIFIED.);
#210 = CARTESIAN_POINT('',(-12.8,-3.4,2.));
#211 = CARTESIAN_POINT('',(-12.8,-3.33455015305,2.));
#212 = CARTESIAN_POINT('',(-12.8,-3.269503335309,2.026943274098));
#213 = CARTESIAN_POINT('',(-12.8,-3.176943274098,2.119503335309));
#214 = CARTESIAN_POINT('',(-12.8,-3.15,2.18455015305));
#215 = CARTESIAN_POINT('',(-12.8,-3.15,2.31544984695));
#216 = CARTESIAN_POINT('',(-12.8,-3.176943274098,2.380496664691));
#217 = CARTESIAN_POINT('',(-12.8,-3.269503335309,2.473056725902));
#218 = CARTESIAN_POINT('',(-12.8,-3.33455015305,2.5));
#219 = CARTESIAN_POINT('',(-12.8,-3.4,2.5));
#220 = PCURVE('',#108,#221);
#221 = DEFINITIONAL_REPRESENTATION('',(#222),#248);
#222 = B_SPLINE_CURVE_WITH_KNOTS('',3,(#223,#224,#225,#226,#227,#228,
    #229,#230,#231,#232,#233,#234,#235,#236,#237,#238,#239,#240,#241,
    #242,#243,#244,#245,#246,#247),.UNSPECIFIED.,.F.,.F.,(4,1,1,1,1,1,1,
    1,1,1,1,1,1,1,1,1,1,1,1,1,1,1,4),(0.,4.545454545455E-02,
    9.090909090909E-02,0.136363636364,0.181818181818,0.227272727273,
    0.272727272727,0.318181818182,0.363636363636,0.409090909091,
    0.454545454545,0.5,0.545454545455,0.590909090909,0.636363636364,
    0.681818181818,0.727272727273,0.772727272727,0.818181818182,
    0.863636363636,0.909090909091,0.954545454545,1.),
  .QUASI_UNIFORM_KNOTS.);
#223 = CARTESIAN_POINT('',(6.28318530718,4.607106781187));
#224 = CARTESIAN_POINT('',(6.235615287259,4.607106781187));
#225 = CARTESIAN_POINT('',(6.140463071881,4.607106781187));
#226 = CARTESIAN_POINT('',(5.997683456457,4.607106781187));
#227 = CARTESIAN_POINT('',(5.854750376885,4.607106781187));
#228 = CARTESIAN_POINT('',(5.711867582528,4.607106781187));
#229 = CARTESIAN_POINT('',(5.569172275663,4.607106781187));
#230 = CARTESIAN_POINT('',(5.426402005746,4.607106781187));
#231 = CARTESIAN_POINT('',(5.283706735813,4.607106781187));
#232 = CARTESIAN_POINT('',(5.140823793725,4.607106781187));
#233 = CARTESIAN_POINT('',(4.997891268146,4.607106781187));
#234 = CARTESIAN_POINT('',(4.855109584482,4.607106781187));
#235 = CARTESIAN_POINT('',(4.712388980385,4.607106781187));
#236 = CARTESIAN_POINT('',(4.569668376287,4.607106781187));
#237 = CARTESIAN_POINT('',(4.426886692623,4.607106781187));
#238 = CARTESIAN_POINT('',(4.283954167044,4.607106781187));
#239 = CARTESIAN_POINT('',(4.141071224956,4.607106781187));
#240 = CARTESIAN_POINT('',(3.998375955023,4.607106781187));
#241 = CARTESIAN_POINT('',(3.855605685106,4.607106781187));
#242 = CARTESIAN_POINT('',(3.712910378241,4.607106781187));
#243 = CARTESIAN_POINT('',(3.570027583884,4.607106781187));
#244 = CARTESIAN_POINT('',(3.427094504312,4.607106781187));
#245 = CARTESIAN_POINT('',(3.284314888889,4.607106781187));
#246 = CARTESIAN_POINT('',(3.189162673511,4.607106781187));
#247 = CARTESIAN_POINT('',(3.14159265359,4.607106781187));
#248 = ( GEOMETRIC_REPRESENTATION_CONTEXT(2) 
PARAMETRIC_REPRESENTATION_CONTEXT() REPRESENTATION_CONTEXT('2D SPACE',''
  ) );
#249 = PCURVE('',#73,#250);
#250 = DEFINITIONAL_REPRESENTATION('',(#251),#262);
#251 = B_SPLINE_CURVE_WITH_KNOTS('',3,(#252,#253,#254,#255,#256,#257,
    #258,#259,#260,#261),.UNSPECIFIED.,.F.,.F.,(4,2,2,2,4),(0.,0.25,0.5,
    0.75,1.),.UNSPECIFIED.);
#252 = CARTESIAN_POINT('',(0.,0.25));
#253 = CARTESIAN_POINT('',(6.544984694979E-02,0.25));
#254 = CARTESIAN_POINT('',(0.130496664691,0.223056725902));
#255 = CARTESIAN_POINT('',(0.223056725902,0.130496664691));
#256 = CARTESIAN_POINT('',(0.25,6.544984694979E-02));
#257 = CARTESIAN_POINT('',(0.25,-6.544984694979E-02));
#258 = CARTESIAN_POINT('',(0.223056725902,-0.130496664691));
#259 = CARTESIAN_POINT('',(0.130496664691,-0.223056725902));
#260 = CARTESIAN_POINT('',(6.544984694979E-02,-0.25));
#261 = CARTESIAN_POINT('',(0.,-0.25));
#262 = ( GEOMETRIC_REPRESENTATION_CONTEXT(2) 
PARAMETRIC_REPRESENTATION_CONTEXT() REPRESENTATION_CONTEXT('2D SPACE',''
  ) );
#263 = ORIENTED_EDGE('',*,*,#183,.F.);
#264 = ORIENTED_EDGE('',*,*,#265,.T.);
#265 = EDGE_CURVE('',#120,#93,#266,.T.);
#266 = SURFACE_CURVE('',#267,(#278,#307),.PCURVE_S1.);
#267 = B_SPLINE_CURVE_WITH_KNOTS('',3,(#268,#269,#270,#271,#272,#273,
    #274,#275,#276,#277),.UNSPECIFIED.,.F.,.F.,(4,2,2,2,4),(0.,0.25,0.5,
    0.75,1.),.UNSPECIFIED.);
#268 = CARTESIAN_POINT('',(-10.4,-3.4,2.5));
#269 = CARTESIAN_POINT('',(-10.4,-3.33455015305,2.5));
#270 = CARTESIAN_POINT('',(-10.4,-3.269503335309,2.473056725902));
#271 = CARTESIAN_POINT('',(-10.4,-3.176943274098,2.380496664691));
#272 = CARTESIAN_POINT('',(-10.4,-3.15,2.31544984695));
#273 = CARTESIAN_POINT('',(-10.4,-3.15,2.18455015305));
#274 = CARTESIAN_POINT('',(-10.4,-3.176943274098,2.119503335309));
#275 = CARTESIAN_POINT('',(-10.4,-3.269503335309,2.026943274098));
#276 = CARTESIAN_POINT('',(-10.4,-3.33455015305,2.));
#277 = CARTESIAN_POINT('',(-10.4,-3.4,2.));
#278 = PCURVE('',#108,#279);
#279 = DEFINITIONAL_REPRESENTATION('',(#280),#306);
#280 = B_SPLINE_CURVE_WITH_KNOTS('',3,(#281,#282,#283,#284,#285,#286,
    #287,#288,#289,#290,#291,#292,#293,#294,#295,#296,#297,#298,#299,
    #300,#301,#302,#303,#304,#305),.UNSPECIFIED.,.F.,.F.,(4,1,1,1,1,1,1,
    1,1,1,1,1,1,1,1,1,1,1,1,1,1,1,4),(0.,4.545454545455E-02,
    9.090909090909E-02,0.136363636364,0.181818181818,0.227272727273,
    0.272727272727,0.318181818182,0.363636363636,0.409090909091,
    0.454545454545,0.5,0.545454545455,0.590909090909,0.636363636364,
    0.681818181818,0.727272727273,0.772727272727,0.818181818182,
    0.863636363636,0.909090909091,0.954545454545,1.),
  .QUASI_UNIFORM_KNOTS.);
#281 = CARTESIAN_POINT('',(3.14159265359,2.207106781187));
#282 = CARTESIAN_POINT('',(3.189162673511,2.207106781187));
#283 = CARTESIAN_POINT('',(3.284314888889,2.207106781187));
#284 = CARTESIAN_POINT('',(3.427094504312,2.207106781187));
#285 = CARTESIAN_POINT('',(3.570027583884,2.207106781187));
#286 = CARTESIAN_POINT('',(3.712910378241,2.207106781187));
#287 = CARTESIAN_POINT('',(3.855605685106,2.207106781187));
#288 = CARTESIAN_POINT('',(3.998375955023,2.207106781187));
#289 = CARTESIAN_POINT('',(4.141071224956,2.207106781187));
#290 = CARTESIAN_POINT('',(4.283954167044,2.207106781187));
#291 = CARTESIAN_POINT('',(4.426886692623,2.207106781187));
#292 = CARTESIAN_POINT('',(4.569668376287,2.207106781187));
#293 = CARTESIAN_POINT('',(4.712388980385,2.207106781187));
#294 = CARTESIAN_POINT('',(4.855109584482,2.207106781187));
#295 = CARTESIAN_POINT('',(4.997891268146,2.207106781187));
#296 = CARTESIAN_POINT('',(5.140823793725,2.207106781187));
#297 = CARTESIAN_POINT('',(5.283706735813,2.207106781187));
#298 = CARTESIAN_POINT('',(5.426402005746,2.207106781187));
#299 = CARTESIAN_POINT('',(5.569172275663,2.207106781187));
#300 = CARTESIAN_POINT('',(5.711867582528,2.207106781187));
#301 = CARTESIAN_POINT('',(5.854750376885,2.207106781187));
#302 = CARTESIAN_POINT('',(5.997683456457,2.207106781187));
#303 = CARTESIAN_POINT('',(6.140463071881,2.207106781187));
#304 = CARTESIAN_POINT('',(6.235615287259,2.207106781187));
#305 = CARTESIAN_POINT('',(6.28318530718,2.207106781187));
#306 = ( GEOMETRIC_REPRESENTATION_CONTEXT(2) 
PARAMETRIC_REPRESENTATION_CONTEXT() REPRESENTATION_CONTEXT('2D SPACE',''
  ) );
#307 = PCURVE('',#164,#308);
#308 = DEFINITIONAL_REPRESENTATION('',(#309),#320);
#309 = B_SPLINE_CURVE_WITH_KNOTS('',3,(#310,#311,#312,#313,#314,#315,
    #316,#317,#318,#319),.UNSPECIFIED.,.F.,.F.,(4,2,2,2,4),(0.,0.25,0.5,
    0.75,1.),.UNSPECIFIED.);
#310 = CARTESIAN_POINT('',(-1.8,-7.25));
#311 = CARTESIAN_POINT('',(-1.73455015305,-7.25));
#312 = CARTESIAN_POINT('',(-1.669503335309,-7.223056725902));
#313 = CARTESIAN_POINT('',(-1.576943274098,-7.130496664691));
#314 = CARTESIAN_POINT('',(-1.55,-7.06544984695));
#315 = CARTESIAN_POINT('',(-1.55,-6.93455015305));
#316 = CARTESIAN_POINT('',(-1.576943274098,-6.869503335309));
#317 = CARTESIAN_POINT('',(-1.669503335309,-6.776943274098));
#318 = CARTESIAN_POINT('',(-1.73455015305,-6.75));
#319 = CARTESIAN_POINT('',(-1.8,-6.75));
#320 = ( GEOMETRIC_REPRESENTATION_CONTEXT(2) 
PARAMETRIC_REPRESENTATION_CONTEXT() REPRESENTATION_CONTEXT('2D SPACE',''
  ) );
#321 = ADVANCED_FACE('',(#322),#73,.T.);
#322 = FACE_BOUND('',#323,.T.);
#323 = EDGE_LOOP('',(#324,#325));
#324 = ORIENTED_EDGE('',*,*,#207,.F.);
#325 = ORIENTED_EDGE('',*,*,#21,.F.);
#326 = ADVANCED_FACE('',(#327,#465,#469,#607,#745,#883,#1021),#164,.T.);
#327 = FACE_BOUND('',#328,.T.);
#328 = EDGE_LOOP('',(#329,#399));
#329 = ORIENTED_EDGE('',*,*,#330,.T.);
#330 = EDGE_CURVE('',#331,#333,#335,.T.);
#331 = VERTEX_POINT('',#332);
#332 = CARTESIAN_POINT('',(-10.4,-3.4,3.5));
#333 = VERTEX_POINT('',#334);
#334 = CARTESIAN_POINT('',(-10.4,-3.4,4.));
#335 = SURFACE_CURVE('',#336,(#349,#365),.PCURVE_S1.);
#336 = B_SPLINE_CURVE_WITH_KNOTS('',3,(#337,#338,#339,#340,#341,#342,
    #343,#344,#345,#346,#347,#348),.UNSPECIFIED.,.F.,.F.,(4,2,2,2,2,4),(
    0.,0.25,0.5,0.625,0.75,1.),.UNSPECIFIED.);
#337 = CARTESIAN_POINT('',(-10.4,-3.4,3.5));
#338 = CARTESIAN_POINT('',(-10.4,-3.331179668556,3.5));
#339 = CARTESIAN_POINT('',(-10.4,-3.271886156691,3.524774099586));
#340 = CARTESIAN_POINT('',(-10.4,-3.174560452716,3.62167250982));
#341 = CARTESIAN_POINT('',(-10.4,-3.150151071151,3.681331405886));
#342 = CARTESIAN_POINT('',(-10.4,-3.149924464425,3.784334297057));
#343 = CARTESIAN_POINT('',(-10.4,-3.155988638696,3.81623283686));
#344 = CARTESIAN_POINT('',(-10.4,-3.18039640693,3.875158401959));
#345 = CARTESIAN_POINT('',(-10.4,-3.200091644446,3.903543031161));
#346 = CARTESIAN_POINT('',(-10.4,-3.269486625219,3.973244023569));
#347 = CARTESIAN_POINT('',(-10.4,-3.333316716508,4.));
#348 = CARTESIAN_POINT('',(-10.4,-3.4,4.));
#349 = PCURVE('',#164,#350);
#350 = DEFINITIONAL_REPRESENTATION('',(#351),#364);
#351 = B_SPLINE_CURVE_WITH_KNOTS('',3,(#352,#353,#354,#355,#356,#357,
    #358,#359,#360,#361,#362,#363),.UNSPECIFIED.,.F.,.F.,(4,2,2,2,2,4),(
    0.,0.25,0.5,0.625,0.75,1.),.UNSPECIFIED.);
#352 = CARTESIAN_POINT('',(-1.8,-8.25));
#353 = CARTESIAN_POINT('',(-1.731179668556,-8.25));
#354 = CARTESIAN_POINT('',(-1.671886156691,-8.274774099586));
#355 = CARTESIAN_POINT('',(-1.574560452716,-8.37167250982));
#356 = CARTESIAN_POINT('',(-1.550151071151,-8.431331405886));
#357 = CARTESIAN_POINT('',(-1.549924464425,-8.534334297057));
#358 = CARTESIAN_POINT('',(-1.555988638696,-8.56623283686));
#359 = CARTESIAN_POINT('',(-1.58039640693,-8.625158401959));
#360 = CARTESIAN_POINT('',(-1.600091644446,-8.653543031161));
#361 = CARTESIAN_POINT('',(-1.669486625219,-8.723244023569));
#362 = CARTESIAN_POINT('',(-1.733316716508,-8.75));
#363 = CARTESIAN_POINT('',(-1.8,-8.75));
#364 = ( GEOMETRIC_REPRESENTATION_CONTEXT(2) 
PARAMETRIC_REPRESENTATION_CONTEXT() REPRESENTATION_CONTEXT('2D SPACE',''
  ) );
#365 = PCURVE('',#366,#371);
#366 = CYLINDRICAL_SURFACE('',#367,0.25);
#367 = AXIS2_PLACEMENT_3D('',#368,#369,#370);
#368 = CARTESIAN_POINT('',(-8.192893218813,-3.4,3.75));
#369 = DIRECTION('',(-1.,1.11200222819E-16,0.));
#370 = DIRECTION('',(0.,0.,-1.));
#371 = DEFINITIONAL_REPRESENTATION('',(#372),#398);
#372 = B_SPLINE_CURVE_WITH_KNOTS('',3,(#373,#374,#375,#376,#377,#378,
    #379,#380,#381,#382,#383,#384,#385,#386,#387,#388,#389,#390,#391,
    #392,#393,#394,#395,#396,#397),.UNSPECIFIED.,.F.,.F.,(4,1,1,1,1,1,1,
    1,1,1,1,1,1,1,1,1,1,1,1,1,1,1,4),(0.,4.545454545455E-02,
    9.090909090909E-02,0.136363636364,0.181818181818,0.227272727273,
    0.272727272727,0.318181818182,0.363636363636,0.409090909091,
    0.454545454545,0.5,0.545454545455,0.590909090909,0.636363636364,
    0.681818181818,0.727272727273,0.772727272727,0.818181818182,
    0.863636363636,0.909090909091,0.954545454545,1.),
  .QUASI_UNIFORM_KNOTS.);
#373 = CARTESIAN_POINT('',(6.28318530718,2.207106781187));
#374 = CARTESIAN_POINT('',(6.233095893761,2.207106781187));
#375 = CARTESIAN_POINT('',(6.135595472527,2.207106781187));
#376 = CARTESIAN_POINT('',(5.994479711474,2.207106781187));
#377 = CARTESIAN_POINT('',(5.855735636647,2.207106781187));
#378 = CARTESIAN_POINT('',(5.716119998443,2.207106781187));
#379 = CARTESIAN_POINT('',(5.57310199071,2.207106781187));
#380 = CARTESIAN_POINT('',(5.422475782186,2.207106781187));
#381 = CARTESIAN_POINT('',(5.279548905933,2.207106781187));
#382 = CARTESIAN_POINT('',(5.139951784435,2.207106781187));
#383 = CARTESIAN_POINT('',(5.000964576503,2.207106781187));
#384 = CARTESIAN_POINT('',(4.860172111951,2.207106781187));
#385 = CARTESIAN_POINT('',(4.712314481353,2.207106781187));
#386 = CARTESIAN_POINT('',(4.564903844944,2.207106781187));
#387 = CARTESIAN_POINT('',(4.424653958753,2.207106781187));
#388 = CARTESIAN_POINT('',(4.286843559276,2.207106781187));
#389 = CARTESIAN_POINT('',(4.144065238166,2.207106781187));
#390 = CARTESIAN_POINT('',(3.99851386703,2.207106781187));
#391 = CARTESIAN_POINT('',(3.855432667236,2.207106781187));
#392 = CARTESIAN_POINT('',(3.713373589019,2.207106781187));
#393 = CARTESIAN_POINT('',(3.571482711645,2.207106781187));
#394 = CARTESIAN_POINT('',(3.429304790884,2.207106781187));
#395 = CARTESIAN_POINT('',(3.286344681772,2.207106781187));
#396 = CARTESIAN_POINT('',(3.190072741712,2.207106781187));
#397 = CARTESIAN_POINT('',(3.14159265359,2.207106781187));
#398 = ( GEOMETRIC_REPRESENTATION_CONTEXT(2) 
PARAMETRIC_REPRESENTATION_CONTEXT() REPRESENTATION_CONTEXT('2D SPACE',''
  ) );
#399 = ORIENTED_EDGE('',*,*,#400,.T.);
#400 = EDGE_CURVE('',#333,#331,#401,.T.);
#401 = SURFACE_CURVE('',#402,(#415,#431),.PCURVE_S1.);
#402 = B_SPLINE_CURVE_WITH_KNOTS('',3,(#403,#404,#405,#406,#407,#408,
    #409,#410,#411,#412,#413,#414),.UNSPECIFIED.,.F.,.F.,(4,2,2,2,2,4),(
    0.,0.25,0.5,0.625,0.75,1.),.UNSPECIFIED.);
#403 = CARTESIAN_POINT('',(-10.4,-3.4,4.));
#404 = CARTESIAN_POINT('',(-10.4,-3.468820331444,4.));
#405 = CARTESIAN_POINT('',(-10.4,-3.528113843309,3.975225900414));
#406 = CARTESIAN_POINT('',(-10.4,-3.625439547284,3.878327490179));
#407 = CARTESIAN_POINT('',(-10.4,-3.649848928849,3.818668594114));
#408 = CARTESIAN_POINT('',(-10.4,-3.650075535575,3.715665702943));
#409 = CARTESIAN_POINT('',(-10.4,-3.644011361304,3.68376716314));
#410 = CARTESIAN_POINT('',(-10.4,-3.61960359307,3.624841598041));
#411 = CARTESIAN_POINT('',(-10.4,-3.599908355554,3.596456968839));
#412 = CARTESIAN_POINT('',(-10.4,-3.530513374781,3.526755976432));
#413 = CARTESIAN_POINT('',(-10.4,-3.466683283493,3.5));
#414 = CARTESIAN_POINT('',(-10.4,-3.4,3.5));
#415 = PCURVE('',#164,#416);
#416 = DEFINITIONAL_REPRESENTATION('',(#417),#430);
#417 = B_SPLINE_CURVE_WITH_KNOTS('',3,(#418,#419,#420,#421,#422,#423,
    #424,#425,#426,#427,#428,#429),.UNSPECIFIED.,.F.,.F.,(4,2,2,2,2,4),(
    0.,0.25,0.5,0.625,0.75,1.),.UNSPECIFIED.);
#418 = CARTESIAN_POINT('',(-1.8,-8.75));
#419 = CARTESIAN_POINT('',(-1.868820331444,-8.75));
#420 = CARTESIAN_POINT('',(-1.928113843309,-8.725225900414));
#421 = CARTESIAN_POINT('',(-2.025439547284,-8.628327490179));
#422 = CARTESIAN_POINT('',(-2.049848928849,-8.568668594114));
#423 = CARTESIAN_POINT('',(-2.050075535575,-8.465665702943));
#424 = CARTESIAN_POINT('',(-2.044011361304,-8.43376716314));
#425 = CARTESIAN_POINT('',(-2.01960359307,-8.374841598041));
#426 = CARTESIAN_POINT('',(-1.999908355554,-8.346456968839));
#427 = CARTESIAN_POINT('',(-1.930513374781,-8.276755976432));
#428 = CARTESIAN_POINT('',(-1.866683283493,-8.25));
#429 = CARTESIAN_POINT('',(-1.8,-8.25));
#430 = ( GEOMETRIC_REPRESENTATION_CONTEXT(2) 
PARAMETRIC_REPRESENTATION_CONTEXT() REPRESENTATION_CONTEXT('2D SPACE',''
  ) );
#431 = PCURVE('',#432,#437);
#432 = CYLINDRICAL_SURFACE('',#433,0.25);
#433 = AXIS2_PLACEMENT_3D('',#434,#435,#436);
#434 = CARTESIAN_POINT('',(-8.192893218813,-3.4,3.75));
#435 = DIRECTION('',(-1.,1.11200222819E-16,0.));
#436 = DIRECTION('',(0.,0.,-1.));
#437 = DEFINITIONAL_REPRESENTATION('',(#438),#464);
#438 = B_SPLINE_CURVE_WITH_KNOTS('',3,(#439,#440,#441,#442,#443,#444,
    #445,#446,#447,#448,#449,#450,#451,#452,#453,#454,#455,#456,#457,
    #458,#459,#460,#461,#462,#463),.UNSPECIFIED.,.F.,.F.,(4,1,1,1,1,1,1,
    1,1,1,1,1,1,1,1,1,1,1,1,1,1,1,4),(0.,4.545454545455E-02,
    9.090909090909E-02,0.136363636364,0.181818181818,0.227272727273,
    0.272727272727,0.318181818182,0.363636363636,0.409090909091,
    0.454545454545,0.5,0.545454545455,0.590909090909,0.636363636364,
    0.681818181818,0.727272727273,0.772727272727,0.818181818182,
    0.863636363636,0.909090909091,0.954545454545,1.),
  .QUASI_UNIFORM_KNOTS.);
#439 = CARTESIAN_POINT('',(3.14159265359,2.207106781187));
#440 = CARTESIAN_POINT('',(3.091503240171,2.207106781187));
#441 = CARTESIAN_POINT('',(2.994002818937,2.207106781187));
#442 = CARTESIAN_POINT('',(2.852887057884,2.207106781187));
#443 = CARTESIAN_POINT('',(2.714142983057,2.207106781187));
#444 = CARTESIAN_POINT('',(2.574527344853,2.207106781187));
#445 = CARTESIAN_POINT('',(2.43150933712,2.207106781187));
#446 = CARTESIAN_POINT('',(2.280883128596,2.207106781187));
#447 = CARTESIAN_POINT('',(2.137956252343,2.207106781187));
#448 = CARTESIAN_POINT('',(1.998359130845,2.207106781187));
#449 = CARTESIAN_POINT('',(1.859371922914,2.207106781187));
#450 = CARTESIAN_POINT('',(1.718579458361,2.207106781187));
#451 = CARTESIAN_POINT('',(1.570721827764,2.207106781187));
#452 = CARTESIAN_POINT('',(1.423311191355,2.207106781187));
#453 = CARTESIAN_POINT('',(1.283061305163,2.207106781187));
#454 = CARTESIAN_POINT('',(1.145250905686,2.207106781187));
#455 = CARTESIAN_POINT('',(1.002472584576,2.207106781187));
#456 = CARTESIAN_POINT('',(0.85692121344,2.207106781187));
#457 = CARTESIAN_POINT('',(0.713840013646,2.207106781187));
#458 = CARTESIAN_POINT('',(0.57178093543,2.207106781187));
#459 = CARTESIAN_POINT('',(0.429890058056,2.207106781187));
#460 = CARTESIAN_POINT('',(0.287712137295,2.207106781187));
#461 = CARTESIAN_POINT('',(0.144752028183,2.207106781187));
#462 = CARTESIAN_POINT('',(4.848008812268E-02,2.207106781187));
#463 = CARTESIAN_POINT('',(0.,2.207106781187));
#464 = ( GEOMETRIC_REPRESENTATION_CONTEXT(2) 
PARAMETRIC_REPRESENTATION_CONTEXT() REPRESENTATION_CONTEXT('2D SPACE',''
  ) );
#465 = FACE_BOUND('',#466,.T.);
#466 = EDGE_LOOP('',(#467,#468));
#467 = ORIENTED_EDGE('',*,*,#265,.F.);
#468 = ORIENTED_EDGE('',*,*,#119,.F.);
#469 = FACE_BOUND('',#470,.T.);
#470 = EDGE_LOOP('',(#471,#541));
#471 = ORIENTED_EDGE('',*,*,#472,.T.);
#472 = EDGE_CURVE('',#473,#475,#477,.T.);
#473 = VERTEX_POINT('',#474);
#474 = CARTESIAN_POINT('',(-10.4,-3.4,0.5));
#475 = VERTEX_POINT('',#476);
#476 = CARTESIAN_POINT('',(-10.4,-3.4,1.));
#477 = SURFACE_CURVE('',#478,(#491,#507),.PCURVE_S1.);
#478 = B_SPLINE_CURVE_WITH_KNOTS('',3,(#479,#480,#481,#482,#483,#484,
    #485,#486,#487,#488,#489,#490),.UNSPECIFIED.,.F.,.F.,(4,2,2,2,2,4),(
    0.,0.25,0.5,0.625,0.75,1.),.UNSPECIFIED.);
#479 = CARTESIAN_POINT('',(-10.4,-3.4,0.5));
#480 = CARTESIAN_POINT('',(-10.4,-3.331179668556,0.5));
#481 = CARTESIAN_POINT('',(-10.4,-3.271886156691,0.524774099586));
#482 = CARTESIAN_POINT('',(-10.4,-3.174560452716,0.62167250982));
#483 = CARTESIAN_POINT('',(-10.4,-3.150151071151,0.681331405886));
#484 = CARTESIAN_POINT('',(-10.4,-3.149924464425,0.784334297057));
#485 = CARTESIAN_POINT('',(-10.4,-3.155988638696,0.81623283686));
#486 = CARTESIAN_POINT('',(-10.4,-3.18039640693,0.875158401959));
#487 = CARTESIAN_POINT('',(-10.4,-3.200091644446,0.903543031161));
#488 = CARTESIAN_POINT('',(-10.4,-3.269486625219,0.973244023568));
#489 = CARTESIAN_POINT('',(-10.4,-3.333316716507,1.));
#490 = CARTESIAN_POINT('',(-10.4,-3.4,1.));
#491 = PCURVE('',#164,#492);
#492 = DEFINITIONAL_REPRESENTATION('',(#493),#506);
#493 = B_SPLINE_CURVE_WITH_KNOTS('',3,(#494,#495,#496,#497,#498,#499,
    #500,#501,#502,#503,#504,#505),.UNSPECIFIED.,.F.,.F.,(4,2,2,2,2,4),(
    0.,0.25,0.5,0.625,0.75,1.),.UNSPECIFIED.);
#494 = CARTESIAN_POINT('',(-1.8,-5.25));
#495 = CARTESIAN_POINT('',(-1.731179668556,-5.25));
#496 = CARTESIAN_POINT('',(-1.671886156691,-5.274774099586));
#497 = CARTESIAN_POINT('',(-1.574560452716,-5.37167250982));
#498 = CARTESIAN_POINT('',(-1.550151071151,-5.431331405886));
#499 = CARTESIAN_POINT('',(-1.549924464425,-5.534334297057));
#500 = CARTESIAN_POINT('',(-1.555988638696,-5.56623283686));
#501 = CARTESIAN_POINT('',(-1.58039640693,-5.625158401959));
#502 = CARTESIAN_POINT('',(-1.600091644446,-5.653543031161));
#503 = CARTESIAN_POINT('',(-1.669486625219,-5.723244023568));
#504 = CARTESIAN_POINT('',(-1.733316716507,-5.75));
#505 = CARTESIAN_POINT('',(-1.8,-5.75));
#506 = ( GEOMETRIC_REPRESENTATION_CONTEXT(2) 
PARAMETRIC_REPRESENTATION_CONTEXT() REPRESENTATION_CONTEXT('2D SPACE',''
  ) );
#507 = PCURVE('',#508,#513);
#508 = CYLINDRICAL_SURFACE('',#509,0.25);
#509 = AXIS2_PLACEMENT_3D('',#510,#511,#512);
#510 = CARTESIAN_POINT('',(-8.192893218813,-3.4,0.75));
#511 = DIRECTION('',(-1.,1.11200222819E-16,0.));
#512 = DIRECTION('',(0.,0.,-1.));
#513 = DEFINITIONAL_REPRESENTATION('',(#514),#540);
#514 = B_SPLINE_CURVE_WITH_KNOTS('',3,(#515,#516,#517,#518,#519,#520,
    #521,#522,#523,#524,#525,#526,#527,#528,#529,#530,#531,#532,#533,
    #534,#535,#536,#537,#538,#539),.UNSPECIFIED.,.F.,.F.,(4,1,1,1,1,1,1,
    1,1,1,1,1,1,1,1,1,1,1,1,1,1,1,4),(0.,4.545454545455E-02,
    9.090909090909E-02,0.136363636364,0.181818181818,0.227272727273,
    0.272727272727,0.318181818182,0.363636363636,0.409090909091,
    0.454545454545,0.5,0.545454545455,0.590909090909,0.636363636364,
    0.681818181818,0.727272727273,0.772727272727,0.818181818182,
    0.863636363636,0.909090909091,0.954545454545,1.),
  .QUASI_UNIFORM_KNOTS.);
#515 = CARTESIAN_POINT('',(6.28318530718,2.207106781187));
#516 = CARTESIAN_POINT('',(6.233095893761,2.207106781187));
#517 = CARTESIAN_POINT('',(6.135595472527,2.207106781187));
#518 = CARTESIAN_POINT('',(5.994479711474,2.207106781187));
#519 = CARTESIAN_POINT('',(5.855735636647,2.207106781187));
#520 = CARTESIAN_POINT('',(5.716119998443,2.207106781187));
#521 = CARTESIAN_POINT('',(5.57310199071,2.207106781187));
#522 = CARTESIAN_POINT('',(5.422475782186,2.207106781187));
#523 = CARTESIAN_POINT('',(5.279548905933,2.207106781187));
#524 = CARTESIAN_POINT('',(5.139951784436,2.207106781187));
#525 = CARTESIAN_POINT('',(5.000964576504,2.207106781187));
#526 = CARTESIAN_POINT('',(4.860172111951,2.207106781187));
#527 = CARTESIAN_POINT('',(4.712314481353,2.207106781187));
#528 = CARTESIAN_POINT('',(4.564903844944,2.207106781187));
#529 = CARTESIAN_POINT('',(4.424653958753,2.207106781187));
#530 = CARTESIAN_POINT('',(4.286843559276,2.207106781187));
#531 = CARTESIAN_POINT('',(4.144065238166,2.207106781187));
#532 = CARTESIAN_POINT('',(3.998513867029,2.207106781187));
#533 = CARTESIAN_POINT('',(3.855432667236,2.207106781187));
#534 = CARTESIAN_POINT('',(3.71337358902,2.207106781187));
#535 = CARTESIAN_POINT('',(3.571482711645,2.207106781187));
#536 = CARTESIAN_POINT('',(3.429304790885,2.207106781187));
#537 = CARTESIAN_POINT('',(3.286344681772,2.207106781187));
#538 = CARTESIAN_POINT('',(3.190072741712,2.207106781187));
#539 = CARTESIAN_POINT('',(3.14159265359,2.207106781187));
#540 = ( GEOMETRIC_REPRESENTATION_CONTEXT(2) 
PARAMETRIC_REPRESENTATION_CONTEXT() REPRESENTATION_CONTEXT('2D SPACE',''
  ) );
#541 = ORIENTED_EDGE('',*,*,#542,.T.);
#542 = EDGE_CURVE('',#475,#473,#543,.T.);
#543 = SURFACE_CURVE('',#544,(#557,#573),.PCURVE_S1.);
#544 = B_SPLINE_CURVE_WITH_KNOTS('',3,(#545,#546,#547,#548,#549,#550,
    #551,#552,#553,#554,#555,#556),.UNSPECIFIED.,.F.,.F.,(4,2,2,2,2,4),(
    0.,0.25,0.5,0.625,0.75,1.),.UNSPECIFIED.);
#545 = CARTESIAN_POINT('',(-10.4,-3.4,1.));
#546 = CARTESIAN_POINT('',(-10.4,-3.468820331444,1.));
#547 = CARTESIAN_POINT('',(-10.4,-3.528113843309,0.975225900414));
#548 = CARTESIAN_POINT('',(-10.4,-3.625439547284,0.87832749018));
#549 = CARTESIAN_POINT('',(-10.4,-3.649848928849,0.818668594114));
#550 = CARTESIAN_POINT('',(-10.4,-3.650075535575,0.715665702943));
#551 = CARTESIAN_POINT('',(-10.4,-3.644011361304,0.68376716314));
#552 = CARTESIAN_POINT('',(-10.4,-3.61960359307,0.624841598041));
#553 = CARTESIAN_POINT('',(-10.4,-3.599908355554,0.596456968839));
#554 = CARTESIAN_POINT('',(-10.4,-3.530513374781,0.526755976432));
#555 = CARTESIAN_POINT('',(-10.4,-3.466683283493,0.5));
#556 = CARTESIAN_POINT('',(-10.4,-3.4,0.5));
#557 = PCURVE('',#164,#558);
#558 = DEFINITIONAL_REPRESENTATION('',(#559),#572);
#559 = B_SPLINE_CURVE_WITH_KNOTS('',3,(#560,#561,#562,#563,#564,#565,
    #566,#567,#568,#569,#570,#571),.UNSPECIFIED.,.F.,.F.,(4,2,2,2,2,4),(
    0.,0.25,0.5,0.625,0.75,1.),.UNSPECIFIED.);
#560 = CARTESIAN_POINT('',(-1.8,-5.75));
#561 = CARTESIAN_POINT('',(-1.868820331444,-5.75));
#562 = CARTESIAN_POINT('',(-1.928113843309,-5.725225900414));
#563 = CARTESIAN_POINT('',(-2.025439547284,-5.62832749018));
#564 = CARTESIAN_POINT('',(-2.049848928849,-5.568668594114));
#565 = CARTESIAN_POINT('',(-2.050075535575,-5.465665702943));
#566 = CARTESIAN_POINT('',(-2.044011361304,-5.43376716314));
#567 = CARTESIAN_POINT('',(-2.01960359307,-5.374841598041));
#568 = CARTESIAN_POINT('',(-1.999908355554,-5.346456968839));
#569 = CARTESIAN_POINT('',(-1.930513374781,-5.276755976432));
#570 = CARTESIAN_POINT('',(-1.866683283493,-5.25));
#571 = CARTESIAN_POINT('',(-1.8,-5.25));
#572 = ( GEOMETRIC_REPRESENTATION_CONTEXT(2) 
PARAMETRIC_REPRESENTATION_CONTEXT() REPRESENTATION_CONTEXT('2D SPACE',''
  ) );
#573 = PCURVE('',#574,#579);
#574 = CYLINDRICAL_SURFACE('',#575,0.25);
#575 = AXIS2_PLACEMENT_3D('',#576,#577,#578);
#576 = CARTESIAN_POINT('',(-8.192893218813,-3.4,0.75));
#577 = DIRECTION('',(-1.,1.11200222819E-16,0.));
#578 = DIRECTION('',(0.,0.,-1.));
#579 = DEFINITIONAL_REPRESENTATION('',(#580),#606);
#580 = B_SPLINE_CURVE_WITH_KNOTS('',3,(#581,#582,#583,#584,#585,#586,
    #587,#588,#589,#590,#591,#592,#593,#594,#595,#596,#597,#598,#599,
    #600,#601,#602,#603,#604,#605),.UNSPECIFIED.,.F.,.F.,(4,1,1,1,1,1,1,
    1,1,1,1,1,1,1,1,1,1,1,1,1,1,1,4),(0.,4.545454545455E-02,
    9.090909090909E-02,0.136363636364,0.181818181818,0.227272727273,
    0.272727272727,0.318181818182,0.363636363636,0.409090909091,
    0.454545454545,0.5,0.545454545455,0.590909090909,0.636363636364,
    0.681818181818,0.727272727273,0.772727272727,0.818181818182,
    0.863636363636,0.909090909091,0.954545454545,1.),
  .QUASI_UNIFORM_KNOTS.);
#581 = CARTESIAN_POINT('',(3.14159265359,2.207106781187));
#582 = CARTESIAN_POINT('',(3.091503240171,2.207106781187));
#583 = CARTESIAN_POINT('',(2.994002818937,2.207106781187));
#584 = CARTESIAN_POINT('',(2.852887057884,2.207106781187));
#585 = CARTESIAN_POINT('',(2.714142983057,2.207106781187));
#586 = CARTESIAN_POINT('',(2.574527344853,2.207106781187));
#587 = CARTESIAN_POINT('',(2.43150933712,2.207106781187));
#588 = CARTESIAN_POINT('',(2.280883128596,2.207106781187));
#589 = CARTESIAN_POINT('',(2.137956252343,2.207106781187));
#590 = CARTESIAN_POINT('',(1.998359130846,2.207106781187));
#591 = CARTESIAN_POINT('',(1.859371922914,2.207106781187));
#592 = CARTESIAN_POINT('',(1.718579458361,2.207106781187));
#593 = CARTESIAN_POINT('',(1.570721827764,2.207106781187));
#594 = CARTESIAN_POINT('',(1.423311191355,2.207106781187));
#595 = CARTESIAN_POINT('',(1.283061305163,2.207106781187));
#596 = CARTESIAN_POINT('',(1.145250905686,2.207106781187));
#597 = CARTESIAN_POINT('',(1.002472584576,2.207106781187));
#598 = CARTESIAN_POINT('',(0.85692121344,2.207106781187));
#599 = CARTESIAN_POINT('',(0.713840013646,2.207106781187));
#600 = CARTESIAN_POINT('',(0.57178093543,2.207106781187));
#601 = CARTESIAN_POINT('',(0.429890058056,2.207106781187));
#602 = CARTESIAN_POINT('',(0.287712137295,2.207106781187));
#603 = CARTESIAN_POINT('',(0.144752028183,2.207106781187));
#604 = CARTESIAN_POINT('',(4.848008812269E-02,2.207106781187));
#605 = CARTESIAN_POINT('',(0.,2.207106781187));
#606 = ( GEOMETRIC_REPRESENTATION_CONTEXT(2) 
PARAMETRIC_REPRESENTATION_CONTEXT() REPRESENTATION_CONTEXT('2D SPACE',''
  ) );
#607 = FACE_BOUND('',#608,.T.);
#608 = EDGE_LOOP('',(#609,#679));
#609 = ORIENTED_EDGE('',*,*,#610,.T.);
#610 = EDGE_CURVE('',#611,#613,#615,.T.);
#611 = VERTEX_POINT('',#612);
#612 = CARTESIAN_POINT('',(-10.4,-3.4,-1.));
#613 = VERTEX_POINT('',#614);
#614 = CARTESIAN_POINT('',(-10.4,-3.4,-0.5));
#615 = SURFACE_CURVE('',#616,(#629,#645),.PCURVE_S1.);
#616 = B_SPLINE_CURVE_WITH_KNOTS('',3,(#617,#618,#619,#620,#621,#622,
    #623,#624,#625,#626,#627,#628),.UNSPECIFIED.,.F.,.F.,(4,2,2,2,2,4),(
    0.,0.25,0.5,0.625,0.75,1.),.UNSPECIFIED.);
#617 = CARTESIAN_POINT('',(-10.4,-3.4,-1.));
#618 = CARTESIAN_POINT('',(-10.4,-3.331179668556,-1.));
#619 = CARTESIAN_POINT('',(-10.4,-3.271886156691,-0.975225900414));
#620 = CARTESIAN_POINT('',(-10.4,-3.174560452716,-0.87832749018));
#621 = CARTESIAN_POINT('',(-10.4,-3.150151071151,-0.818668594114));
#622 = CARTESIAN_POINT('',(-10.4,-3.149924464425,-0.715665702943));
#623 = CARTESIAN_POINT('',(-10.4,-3.155988638696,-0.68376716314));
#624 = CARTESIAN_POINT('',(-10.4,-3.18039640693,-0.624841598041));
#625 = CARTESIAN_POINT('',(-10.4,-3.200091644446,-0.596456968839));
#626 = CARTESIAN_POINT('',(-10.4,-3.269486625219,-0.526755976432));
#627 = CARTESIAN_POINT('',(-10.4,-3.333316716507,-0.5));
#628 = CARTESIAN_POINT('',(-10.4,-3.4,-0.5));
#629 = PCURVE('',#164,#630);
#630 = DEFINITIONAL_REPRESENTATION('',(#631),#644);
#631 = B_SPLINE_CURVE_WITH_KNOTS('',3,(#632,#633,#634,#635,#636,#637,
    #638,#639,#640,#641,#642,#643),.UNSPECIFIED.,.F.,.F.,(4,2,2,2,2,4),(
    0.,0.25,0.5,0.625,0.75,1.),.UNSPECIFIED.);
#632 = CARTESIAN_POINT('',(-1.8,-3.75));
#633 = CARTESIAN_POINT('',(-1.731179668556,-3.75));
#634 = CARTESIAN_POINT('',(-1.671886156691,-3.774774099586));
#635 = CARTESIAN_POINT('',(-1.574560452716,-3.87167250982));
#636 = CARTESIAN_POINT('',(-1.550151071151,-3.931331405886));
#637 = CARTESIAN_POINT('',(-1.549924464425,-4.034334297057));
#638 = CARTESIAN_POINT('',(-1.555988638696,-4.06623283686));
#639 = CARTESIAN_POINT('',(-1.58039640693,-4.125158401959));
#640 = CARTESIAN_POINT('',(-1.600091644446,-4.153543031161));
#641 = CARTESIAN_POINT('',(-1.669486625219,-4.223244023568));
#642 = CARTESIAN_POINT('',(-1.733316716507,-4.25));
#643 = CARTESIAN_POINT('',(-1.8,-4.25));
#644 = ( GEOMETRIC_REPRESENTATION_CONTEXT(2) 
PARAMETRIC_REPRESENTATION_CONTEXT() REPRESENTATION_CONTEXT('2D SPACE',''
  ) );
#645 = PCURVE('',#646,#651);
#646 = CYLINDRICAL_SURFACE('',#647,0.25);
#647 = AXIS2_PLACEMENT_3D('',#648,#649,#650);
#648 = CARTESIAN_POINT('',(-8.192893218813,-3.4,-0.75));
#649 = DIRECTION('',(-1.,1.11200222819E-16,0.));
#650 = DIRECTION('',(0.,0.,-1.));
#651 = DEFINITIONAL_REPRESENTATION('',(#652),#678);
#652 = B_SPLINE_CURVE_WITH_KNOTS('',3,(#653,#654,#655,#656,#657,#658,
    #659,#660,#661,#662,#663,#664,#665,#666,#667,#668,#669,#670,#671,
    #672,#673,#674,#675,#676,#677),.UNSPECIFIED.,.F.,.F.,(4,1,1,1,1,1,1,
    1,1,1,1,1,1,1,1,1,1,1,1,1,1,1,4),(0.,4.545454545455E-02,
    9.090909090909E-02,0.136363636364,0.181818181818,0.227272727273,
    0.272727272727,0.318181818182,0.363636363636,0.409090909091,
    0.454545454545,0.5,0.545454545455,0.590909090909,0.636363636364,
    0.681818181818,0.727272727273,0.772727272727,0.818181818182,
    0.863636363636,0.909090909091,0.954545454545,1.),
  .QUASI_UNIFORM_KNOTS.);
#653 = CARTESIAN_POINT('',(6.28318530718,2.207106781187));
#654 = CARTESIAN_POINT('',(6.233095893761,2.207106781187));
#655 = CARTESIAN_POINT('',(6.135595472527,2.207106781187));
#656 = CARTESIAN_POINT('',(5.994479711474,2.207106781187));
#657 = CARTESIAN_POINT('',(5.855735636647,2.207106781187));
#658 = CARTESIAN_POINT('',(5.716119998443,2.207106781187));
#659 = CARTESIAN_POINT('',(5.57310199071,2.207106781187));
#660 = CARTESIAN_POINT('',(5.422475782186,2.207106781187));
#661 = CARTESIAN_POINT('',(5.279548905933,2.207106781187));
#662 = CARTESIAN_POINT('',(5.139951784435,2.207106781187));
#663 = CARTESIAN_POINT('',(5.000964576503,2.207106781187));
#664 = CARTESIAN_POINT('',(4.860172111951,2.207106781187));
#665 = CARTESIAN_POINT('',(4.712314481353,2.207106781187));
#666 = CARTESIAN_POINT('',(4.564903844944,2.207106781187));
#667 = CARTESIAN_POINT('',(4.424653958753,2.207106781187));
#668 = CARTESIAN_POINT('',(4.286843559276,2.207106781187));
#669 = CARTESIAN_POINT('',(4.144065238166,2.207106781187));
#670 = CARTESIAN_POINT('',(3.998513867029,2.207106781187));
#671 = CARTESIAN_POINT('',(3.855432667236,2.207106781187));
#672 = CARTESIAN_POINT('',(3.71337358902,2.207106781187));
#673 = CARTESIAN_POINT('',(3.571482711645,2.207106781187));
#674 = CARTESIAN_POINT('',(3.429304790885,2.207106781187));
#675 = CARTESIAN_POINT('',(3.286344681772,2.207106781187));
#676 = CARTESIAN_POINT('',(3.190072741712,2.207106781187));
#677 = CARTESIAN_POINT('',(3.14159265359,2.207106781187));
#678 = ( GEOMETRIC_REPRESENTATION_CONTEXT(2) 
PARAMETRIC_REPRESENTATION_CONTEXT() REPRESENTATION_CONTEXT('2D SPACE',''
  ) );
#679 = ORIENTED_EDGE('',*,*,#680,.T.);
#680 = EDGE_CURVE('',#613,#611,#681,.T.);
#681 = SURFACE_CURVE('',#682,(#695,#711),.PCURVE_S1.);
#682 = B_SPLINE_CURVE_WITH_KNOTS('',3,(#683,#684,#685,#686,#687,#688,
    #689,#690,#691,#692,#693,#694),.UNSPECIFIED.,.F.,.F.,(4,2,2,2,2,4),(
    0.,0.25,0.5,0.625,0.75,1.),.UNSPECIFIED.);
#683 = CARTESIAN_POINT('',(-10.4,-3.4,-0.5));
#684 = CARTESIAN_POINT('',(-10.4,-3.468820331444,-0.5));
#685 = CARTESIAN_POINT('',(-10.4,-3.528113843309,-0.524774099586));
#686 = CARTESIAN_POINT('',(-10.4,-3.625439547284,-0.62167250982));
#687 = CARTESIAN_POINT('',(-10.4,-3.649848928849,-0.681331405886));
#688 = CARTESIAN_POINT('',(-10.4,-3.650075535575,-0.784334297057));
#689 = CARTESIAN_POINT('',(-10.4,-3.644011361304,-0.81623283686));
#690 = CARTESIAN_POINT('',(-10.4,-3.61960359307,-0.875158401959));
#691 = CARTESIAN_POINT('',(-10.4,-3.599908355554,-0.903543031161));
#692 = CARTESIAN_POINT('',(-10.4,-3.530513374781,-0.973244023568));
#693 = CARTESIAN_POINT('',(-10.4,-3.466683283493,-1.));
#694 = CARTESIAN_POINT('',(-10.4,-3.4,-1.));
#695 = PCURVE('',#164,#696);
#696 = DEFINITIONAL_REPRESENTATION('',(#697),#710);
#697 = B_SPLINE_CURVE_WITH_KNOTS('',3,(#698,#699,#700,#701,#702,#703,
    #704,#705,#706,#707,#708,#709),.UNSPECIFIED.,.F.,.F.,(4,2,2,2,2,4),(
    0.,0.25,0.5,0.625,0.75,1.),.UNSPECIFIED.);
#698 = CARTESIAN_POINT('',(-1.8,-4.25));
#699 = CARTESIAN_POINT('',(-1.868820331444,-4.25));
#700 = CARTESIAN_POINT('',(-1.928113843309,-4.225225900414));
#701 = CARTESIAN_POINT('',(-2.025439547284,-4.12832749018));
#702 = CARTESIAN_POINT('',(-2.049848928849,-4.068668594114));
#703 = CARTESIAN_POINT('',(-2.050075535575,-3.965665702943));
#704 = CARTESIAN_POINT('',(-2.044011361304,-3.93376716314));
#705 = CARTESIAN_POINT('',(-2.01960359307,-3.874841598041));
#706 = CARTESIAN_POINT('',(-1.999908355554,-3.846456968839));
#707 = CARTESIAN_POINT('',(-1.930513374781,-3.776755976432));
#708 = CARTESIAN_POINT('',(-1.866683283493,-3.75));
#709 = CARTESIAN_POINT('',(-1.8,-3.75));
#710 = ( GEOMETRIC_REPRESENTATION_CONTEXT(2) 
PARAMETRIC_REPRESENTATION_CONTEXT() REPRESENTATION_CONTEXT('2D SPACE',''
  ) );
#711 = PCURVE('',#712,#717);
#712 = CYLINDRICAL_SURFACE('',#713,0.25);
#713 = AXIS2_PLACEMENT_3D('',#714,#715,#716);
#714 = CARTESIAN_POINT('',(-8.192893218813,-3.4,-0.75));
#715 = DIRECTION('',(-1.,1.11200222819E-16,0.));
#716 = DIRECTION('',(0.,0.,-1.));
#717 = DEFINITIONAL_REPRESENTATION('',(#718),#744);
#718 = B_SPLINE_CURVE_WITH_KNOTS('',3,(#719,#720,#721,#722,#723,#724,
    #725,#726,#727,#728,#729,#730,#731,#732,#733,#734,#735,#736,#737,
    #738,#739,#740,#741,#742,#743),.UNSPECIFIED.,.F.,.F.,(4,1,1,1,1,1,1,
    1,1,1,1,1,1,1,1,1,1,1,1,1,1,1,4),(0.,4.545454545455E-02,
    9.090909090909E-02,0.136363636364,0.181818181818,0.227272727273,
    0.272727272727,0.318181818182,0.363636363636,0.409090909091,
    0.454545454545,0.5,0.545454545455,0.590909090909,0.636363636364,
    0.681818181818,0.727272727273,0.772727272727,0.818181818182,
    0.863636363636,0.909090909091,0.954545454545,1.),
  .QUASI_UNIFORM_KNOTS.);
#719 = CARTESIAN_POINT('',(3.14159265359,2.207106781187));
#720 = CARTESIAN_POINT('',(3.091503240171,2.207106781187));
#721 = CARTESIAN_POINT('',(2.994002818937,2.207106781187));
#722 = CARTESIAN_POINT('',(2.852887057884,2.207106781187));
#723 = CARTESIAN_POINT('',(2.714142983057,2.207106781187));
#724 = CARTESIAN_POINT('',(2.574527344853,2.207106781187));
#725 = CARTESIAN_POINT('',(2.43150933712,2.207106781187));
#726 = CARTESIAN_POINT('',(2.280883128596,2.207106781187));
#727 = CARTESIAN_POINT('',(2.137956252343,2.207106781187));
#728 = CARTESIAN_POINT('',(1.998359130846,2.207106781187));
#729 = CARTESIAN_POINT('',(1.859371922914,2.207106781187));
#730 = CARTESIAN_POINT('',(1.718579458361,2.207106781187));
#731 = CARTESIAN_POINT('',(1.570721827764,2.207106781187));
#732 = CARTESIAN_POINT('',(1.423311191355,2.207106781187));
#733 = CARTESIAN_POINT('',(1.283061305163,2.207106781187));
#734 = CARTESIAN_POINT('',(1.145250905686,2.207106781187));
#735 = CARTESIAN_POINT('',(1.002472584576,2.207106781187));
#736 = CARTESIAN_POINT('',(0.85692121344,2.207106781187));
#737 = CARTESIAN_POINT('',(0.713840013646,2.207106781187));
#738 = CARTESIAN_POINT('',(0.57178093543,2.207106781187));
#739 = CARTESIAN_POINT('',(0.429890058056,2.207106781187));
#740 = CARTESIAN_POINT('',(0.287712137295,2.207106781187));
#741 = CARTESIAN_POINT('',(0.144752028183,2.207106781187));
#742 = CARTESIAN_POINT('',(4.848008812269E-02,2.207106781187));
#743 = CARTESIAN_POINT('',(0.,2.207106781187));
#744 = ( GEOMETRIC_REPRESENTATION_CONTEXT(2) 
PARAMETRIC_REPRESENTATION_CONTEXT() REPRESENTATION_CONTEXT('2D SPACE',''
  ) );
#745 = FACE_BOUND('',#746,.T.);
#746 = EDGE_LOOP('',(#747,#817));
#747 = ORIENTED_EDGE('',*,*,#748,.T.);
#748 = EDGE_CURVE('',#749,#751,#753,.T.);
#749 = VERTEX_POINT('',#750);
#750 = CARTESIAN_POINT('',(-10.4,-3.4,-2.5));
#751 = VERTEX_POINT('',#752);
#752 = CARTESIAN_POINT('',(-10.4,-3.4,-2.));
#753 = SURFACE_CURVE('',#754,(#767,#783),.PCURVE_S1.);
#754 = B_SPLINE_CURVE_WITH_KNOTS('',3,(#755,#756,#757,#758,#759,#760,
    #761,#762,#763,#764,#765,#766),.UNSPECIFIED.,.F.,.F.,(4,2,2,2,2,4),(
    0.,0.25,0.5,0.625,0.75,1.),.UNSPECIFIED.);
#755 = CARTESIAN_POINT('',(-10.4,-3.4,-2.5));
#756 = CARTESIAN_POINT('',(-10.4,-3.331179668556,-2.5));
#757 = CARTESIAN_POINT('',(-10.4,-3.271886156691,-2.475225900414));
#758 = CARTESIAN_POINT('',(-10.4,-3.174560452716,-2.37832749018));
#759 = CARTESIAN_POINT('',(-10.4,-3.150151071151,-2.318668594114));
#760 = CARTESIAN_POINT('',(-10.4,-3.149924464425,-2.215665702943));
#761 = CARTESIAN_POINT('',(-10.4,-3.155988638696,-2.18376716314));
#762 = CARTESIAN_POINT('',(-10.4,-3.18039640693,-2.124841598041));
#763 = CARTESIAN_POINT('',(-10.4,-3.200091644446,-2.096456968839));
#764 = CARTESIAN_POINT('',(-10.4,-3.269486625219,-2.026755976431));
#765 = CARTESIAN_POINT('',(-10.4,-3.333316716507,-2.));
#766 = CARTESIAN_POINT('',(-10.4,-3.4,-2.));
#767 = PCURVE('',#164,#768);
#768 = DEFINITIONAL_REPRESENTATION('',(#769),#782);
#769 = B_SPLINE_CURVE_WITH_KNOTS('',3,(#770,#771,#772,#773,#774,#775,
    #776,#777,#778,#779,#780,#781),.UNSPECIFIED.,.F.,.F.,(4,2,2,2,2,4),(
    0.,0.25,0.5,0.625,0.75,1.),.UNSPECIFIED.);
#770 = CARTESIAN_POINT('',(-1.8,-2.25));
#771 = CARTESIAN_POINT('',(-1.731179668556,-2.25));
#772 = CARTESIAN_POINT('',(-1.671886156691,-2.274774099586));
#773 = CARTESIAN_POINT('',(-1.574560452716,-2.37167250982));
#774 = CARTESIAN_POINT('',(-1.550151071151,-2.431331405886));
#775 = CARTESIAN_POINT('',(-1.549924464425,-2.534334297057));
#776 = CARTESIAN_POINT('',(-1.555988638696,-2.56623283686));
#777 = CARTESIAN_POINT('',(-1.58039640693,-2.625158401959));
#778 = CARTESIAN_POINT('',(-1.600091644446,-2.653543031161));
#779 = CARTESIAN_POINT('',(-1.669486625219,-2.723244023569));
#780 = CARTESIAN_POINT('',(-1.733316716507,-2.75));
#781 = CARTESIAN_POINT('',(-1.8,-2.75));
#782 = ( GEOMETRIC_REPRESENTATION_CONTEXT(2) 
PARAMETRIC_REPRESENTATION_CONTEXT() REPRESENTATION_CONTEXT('2D SPACE',''
  ) );
#783 = PCURVE('',#784,#789);
#784 = CYLINDRICAL_SURFACE('',#785,0.25);
#785 = AXIS2_PLACEMENT_3D('',#786,#787,#788);
#786 = CARTESIAN_POINT('',(-8.192893218813,-3.4,-2.25));
#787 = DIRECTION('',(-1.,1.11200222819E-16,0.));
#788 = DIRECTION('',(0.,0.,-1.));
#789 = DEFINITIONAL_REPRESENTATION('',(#790),#816);
#790 = B_SPLINE_CURVE_WITH_KNOTS('',3,(#791,#792,#793,#794,#795,#796,
    #797,#798,#799,#800,#801,#802,#803,#804,#805,#806,#807,#808,#809,
    #810,#811,#812,#813,#814,#815),.UNSPECIFIED.,.F.,.F.,(4,1,1,1,1,1,1,
    1,1,1,1,1,1,1,1,1,1,1,1,1,1,1,4),(0.,4.545454545455E-02,
    9.090909090909E-02,0.136363636364,0.181818181818,0.227272727273,
    0.272727272727,0.318181818182,0.363636363636,0.409090909091,
    0.454545454545,0.5,0.545454545455,0.590909090909,0.636363636364,
    0.681818181818,0.727272727273,0.772727272727,0.818181818182,
    0.863636363636,0.909090909091,0.954545454545,1.),
  .QUASI_UNIFORM_KNOTS.);
#791 = CARTESIAN_POINT('',(6.28318530718,2.207106781187));
#792 = CARTESIAN_POINT('',(6.233095893761,2.207106781187));
#793 = CARTESIAN_POINT('',(6.135595472527,2.207106781187));
#794 = CARTESIAN_POINT('',(5.994479711474,2.207106781187));
#795 = CARTESIAN_POINT('',(5.855735636647,2.207106781187));
#796 = CARTESIAN_POINT('',(5.716119998443,2.207106781187));
#797 = CARTESIAN_POINT('',(5.57310199071,2.207106781187));
#798 = CARTESIAN_POINT('',(5.422475782186,2.207106781187));
#799 = CARTESIAN_POINT('',(5.279548905933,2.207106781187));
#800 = CARTESIAN_POINT('',(5.139951784435,2.207106781187));
#801 = CARTESIAN_POINT('',(5.000964576503,2.207106781187));
#802 = CARTESIAN_POINT('',(4.860172111951,2.207106781187));
#803 = CARTESIAN_POINT('',(4.712314481353,2.207106781187));
#804 = CARTESIAN_POINT('',(4.564903844944,2.207106781187));
#805 = CARTESIAN_POINT('',(4.424653958753,2.207106781187));
#806 = CARTESIAN_POINT('',(4.286843559276,2.207106781187));
#807 = CARTESIAN_POINT('',(4.144065238166,2.207106781187));
#808 = CARTESIAN_POINT('',(3.99851386703,2.207106781187));
#809 = CARTESIAN_POINT('',(3.855432667236,2.207106781187));
#810 = CARTESIAN_POINT('',(3.713373589019,2.207106781187));
#811 = CARTESIAN_POINT('',(3.571482711645,2.207106781187));
#812 = CARTESIAN_POINT('',(3.429304790885,2.207106781187));
#813 = CARTESIAN_POINT('',(3.286344681772,2.207106781187));
#814 = CARTESIAN_POINT('',(3.190072741712,2.207106781187));
#815 = CARTESIAN_POINT('',(3.14159265359,2.207106781187));
#816 = ( GEOMETRIC_REPRESENTATION_CONTEXT(2) 
PARAMETRIC_REPRESENTATION_CONTEXT() REPRESENTATION_CONTEXT('2D SPACE',''
  ) );
#817 = ORIENTED_EDGE('',*,*,#818,.T.);
#818 = EDGE_CURVE('',#751,#749,#819,.T.);
#819 = SURFACE_CURVE('',#820,(#833,#849),.PCURVE_S1.);
#820 = B_SPLINE_CURVE_WITH_KNOTS('',3,(#821,#822,#823,#824,#825,#826,
    #827,#828,#829,#830,#831,#832),.UNSPECIFIED.,.F.,.F.,(4,2,2,2,2,4),(
    0.,0.25,0.5,0.625,0.75,1.),.UNSPECIFIED.);
#821 = CARTESIAN_POINT('',(-10.4,-3.4,-2.));
#822 = CARTESIAN_POINT('',(-10.4,-3.468820331444,-2.));
#823 = CARTESIAN_POINT('',(-10.4,-3.528113843309,-2.024774099586));
#824 = CARTESIAN_POINT('',(-10.4,-3.625439547284,-2.12167250982));
#825 = CARTESIAN_POINT('',(-10.4,-3.649848928849,-2.181331405886));
#826 = CARTESIAN_POINT('',(-10.4,-3.650075535575,-2.284334297057));
#827 = CARTESIAN_POINT('',(-10.4,-3.644011361304,-2.31623283686));
#828 = CARTESIAN_POINT('',(-10.4,-3.61960359307,-2.375158401959));
#829 = CARTESIAN_POINT('',(-10.4,-3.599908355554,-2.403543031161));
#830 = CARTESIAN_POINT('',(-10.4,-3.530513374781,-2.473244023569));
#831 = CARTESIAN_POINT('',(-10.4,-3.466683283493,-2.5));
#832 = CARTESIAN_POINT('',(-10.4,-3.4,-2.5));
#833 = PCURVE('',#164,#834);
#834 = DEFINITIONAL_REPRESENTATION('',(#835),#848);
#835 = B_SPLINE_CURVE_WITH_KNOTS('',3,(#836,#837,#838,#839,#840,#841,
    #842,#843,#844,#845,#846,#847),.UNSPECIFIED.,.F.,.F.,(4,2,2,2,2,4),(
    0.,0.25,0.5,0.625,0.75,1.),.UNSPECIFIED.);
#836 = CARTESIAN_POINT('',(-1.8,-2.75));
#837 = CARTESIAN_POINT('',(-1.868820331444,-2.75));
#838 = CARTESIAN_POINT('',(-1.928113843309,-2.725225900414));
#839 = CARTESIAN_POINT('',(-2.025439547284,-2.62832749018));
#840 = CARTESIAN_POINT('',(-2.049848928849,-2.568668594114));
#841 = CARTESIAN_POINT('',(-2.050075535575,-2.465665702943));
#842 = CARTESIAN_POINT('',(-2.044011361304,-2.43376716314));
#843 = CARTESIAN_POINT('',(-2.01960359307,-2.374841598041));
#844 = CARTESIAN_POINT('',(-1.999908355554,-2.346456968839));
#845 = CARTESIAN_POINT('',(-1.930513374781,-2.276755976431));
#846 = CARTESIAN_POINT('',(-1.866683283493,-2.25));
#847 = CARTESIAN_POINT('',(-1.8,-2.25));
#848 = ( GEOMETRIC_REPRESENTATION_CONTEXT(2) 
PARAMETRIC_REPRESENTATION_CONTEXT() REPRESENTATION_CONTEXT('2D SPACE',''
  ) );
#849 = PCURVE('',#850,#855);
#850 = CYLINDRICAL_SURFACE('',#851,0.25);
#851 = AXIS2_PLACEMENT_3D('',#852,#853,#854);
#852 = CARTESIAN_POINT('',(-8.192893218813,-3.4,-2.25));
#853 = DIRECTION('',(-1.,1.11200222819E-16,0.));
#854 = DIRECTION('',(0.,0.,-1.));
#855 = DEFINITIONAL_REPRESENTATION('',(#856),#882);
#856 = B_SPLINE_CURVE_WITH_KNOTS('',3,(#857,#858,#859,#860,#861,#862,
    #863,#864,#865,#866,#867,#868,#869,#870,#871,#872,#873,#874,#875,
    #876,#877,#878,#879,#880,#881),.UNSPECIFIED.,.F.,.F.,(4,1,1,1,1,1,1,
    1,1,1,1,1,1,1,1,1,1,1,1,1,1,1,4),(0.,4.545454545455E-02,
    9.090909090909E-02,0.136363636364,0.181818181818,0.227272727273,
    0.272727272727,0.318181818182,0.363636363636,0.409090909091,
    0.454545454545,0.5,0.545454545455,0.590909090909,0.636363636364,
    0.681818181818,0.727272727273,0.772727272727,0.818181818182,
    0.863636363636,0.909090909091,0.954545454545,1.),
  .QUASI_UNIFORM_KNOTS.);
#857 = CARTESIAN_POINT('',(3.14159265359,2.207106781187));
#858 = CARTESIAN_POINT('',(3.091503240171,2.207106781187));
#859 = CARTESIAN_POINT('',(2.994002818937,2.207106781187));
#860 = CARTESIAN_POINT('',(2.852887057884,2.207106781187));
#861 = CARTESIAN_POINT('',(2.714142983057,2.207106781187));
#862 = CARTESIAN_POINT('',(2.574527344853,2.207106781187));
#863 = CARTESIAN_POINT('',(2.43150933712,2.207106781187));
#864 = CARTESIAN_POINT('',(2.280883128596,2.207106781187));
#865 = CARTESIAN_POINT('',(2.137956252343,2.207106781187));
#866 = CARTESIAN_POINT('',(1.998359130846,2.207106781187));
#867 = CARTESIAN_POINT('',(1.859371922914,2.207106781187));
#868 = CARTESIAN_POINT('',(1.718579458361,2.207106781187));
#869 = CARTESIAN_POINT('',(1.570721827764,2.207106781187));
#870 = CARTESIAN_POINT('',(1.423311191355,2.207106781187));
#871 = CARTESIAN_POINT('',(1.283061305163,2.207106781187));
#872 = CARTESIAN_POINT('',(1.145250905686,2.207106781187));
#873 = CARTESIAN_POINT('',(1.002472584576,2.207106781187));
#874 = CARTESIAN_POINT('',(0.85692121344,2.207106781187));
#875 = CARTESIAN_POINT('',(0.713840013646,2.207106781187));
#876 = CARTESIAN_POINT('',(0.57178093543,2.207106781187));
#877 = CARTESIAN_POINT('',(0.429890058056,2.207106781187));
#878 = CARTESIAN_POINT('',(0.287712137295,2.207106781187));
#879 = CARTESIAN_POINT('',(0.144752028182,2.207106781187));
#880 = CARTESIAN_POINT('',(4.848008812264E-02,2.207106781187));
#881 = CARTESIAN_POINT('',(0.,2.207106781187));
#882 = ( GEOMETRIC_REPRESENTATION_CONTEXT(2) 
PARAMETRIC_REPRESENTATION_CONTEXT() REPRESENTATION_CONTEXT('2D SPACE',''
  ) );
#883 = FACE_BOUND('',#884,.T.);
#884 = EDGE_LOOP('',(#885,#955));
#885 = ORIENTED_EDGE('',*,*,#886,.T.);
#886 = EDGE_CURVE('',#887,#889,#891,.T.);
#887 = VERTEX_POINT('',#888);
#888 = CARTESIAN_POINT('',(-10.4,-3.4,-4.));
#889 = VERTEX_POINT('',#890);
#890 = CARTESIAN_POINT('',(-10.4,-3.4,-3.5));
#891 = SURFACE_CURVE('',#892,(#905,#921),.PCURVE_S1.);
#892 = B_SPLINE_CURVE_WITH_KNOTS('',3,(#893,#894,#895,#896,#897,#898,
    #899,#900,#901,#902,#903,#904),.UNSPECIFIED.,.F.,.F.,(4,2,2,2,2,4),(
    0.,0.25,0.5,0.625,0.75,1.),.UNSPECIFIED.);
#893 = CARTESIAN_POINT('',(-10.4,-3.4,-4.));
#894 = CARTESIAN_POINT('',(-10.4,-3.331179668556,-4.));
#895 = CARTESIAN_POINT('',(-10.4,-3.271886156691,-3.975225900414));
#896 = CARTESIAN_POINT('',(-10.4,-3.174560452716,-3.87832749018));
#897 = CARTESIAN_POINT('',(-10.4,-3.150151071151,-3.818668594114));
#898 = CARTESIAN_POINT('',(-10.4,-3.149924464425,-3.715665702943));
#899 = CARTESIAN_POINT('',(-10.4,-3.155988638696,-3.68376716314));
#900 = CARTESIAN_POINT('',(-10.4,-3.18039640693,-3.624841598041));
#901 = CARTESIAN_POINT('',(-10.4,-3.200091644446,-3.596456968839));
#902 = CARTESIAN_POINT('',(-10.4,-3.269486625219,-3.526755976431));
#903 = CARTESIAN_POINT('',(-10.4,-3.333316716507,-3.5));
#904 = CARTESIAN_POINT('',(-10.4,-3.4,-3.5));
#905 = PCURVE('',#164,#906);
#906 = DEFINITIONAL_REPRESENTATION('',(#907),#920);
#907 = B_SPLINE_CURVE_WITH_KNOTS('',3,(#908,#909,#910,#911,#912,#913,
    #914,#915,#916,#917,#918,#919),.UNSPECIFIED.,.F.,.F.,(4,2,2,2,2,4),(
    0.,0.25,0.5,0.625,0.75,1.),.UNSPECIFIED.);
#908 = CARTESIAN_POINT('',(-1.8,-0.75));
#909 = CARTESIAN_POINT('',(-1.731179668556,-0.75));
#910 = CARTESIAN_POINT('',(-1.671886156691,-0.774774099586));
#911 = CARTESIAN_POINT('',(-1.574560452716,-0.87167250982));
#912 = CARTESIAN_POINT('',(-1.550151071151,-0.931331405886));
#913 = CARTESIAN_POINT('',(-1.549924464425,-1.034334297057));
#914 = CARTESIAN_POINT('',(-1.555988638696,-1.06623283686));
#915 = CARTESIAN_POINT('',(-1.58039640693,-1.125158401959));
#916 = CARTESIAN_POINT('',(-1.600091644446,-1.153543031161));
#917 = CARTESIAN_POINT('',(-1.669486625219,-1.223244023569));
#918 = CARTESIAN_POINT('',(-1.733316716507,-1.25));
#919 = CARTESIAN_POINT('',(-1.8,-1.25));
#920 = ( GEOMETRIC_REPRESENTATION_CONTEXT(2) 
PARAMETRIC_REPRESENTATION_CONTEXT() REPRESENTATION_CONTEXT('2D SPACE',''
  ) );
#921 = PCURVE('',#922,#927);
#922 = CYLINDRICAL_SURFACE('',#923,0.25);
#923 = AXIS2_PLACEMENT_3D('',#924,#925,#926);
#924 = CARTESIAN_POINT('',(-8.192893218813,-3.4,-3.75));
#925 = DIRECTION('',(-1.,1.11200222819E-16,0.));
#926 = DIRECTION('',(0.,0.,-1.));
#927 = DEFINITIONAL_REPRESENTATION('',(#928),#954);
#928 = B_SPLINE_CURVE_WITH_KNOTS('',3,(#929,#930,#931,#932,#933,#934,
    #935,#936,#937,#938,#939,#940,#941,#942,#943,#944,#945,#946,#947,
    #948,#949,#950,#951,#952,#953),.UNSPECIFIED.,.F.,.F.,(4,1,1,1,1,1,1,
    1,1,1,1,1,1,1,1,1,1,1,1,1,1,1,4),(0.,4.545454545455E-02,
    9.090909090909E-02,0.136363636364,0.181818181818,0.227272727273,
    0.272727272727,0.318181818182,0.363636363636,0.409090909091,
    0.454545454545,0.5,0.545454545455,0.590909090909,0.636363636364,
    0.681818181818,0.727272727273,0.772727272727,0.818181818182,
    0.863636363636,0.909090909091,0.954545454545,1.),
  .QUASI_UNIFORM_KNOTS.);
#929 = CARTESIAN_POINT('',(6.28318530718,2.207106781187));
#930 = CARTESIAN_POINT('',(6.233095893761,2.207106781187));
#931 = CARTESIAN_POINT('',(6.135595472527,2.207106781187));
#932 = CARTESIAN_POINT('',(5.994479711474,2.207106781187));
#933 = CARTESIAN_POINT('',(5.855735636647,2.207106781187));
#934 = CARTESIAN_POINT('',(5.716119998443,2.207106781187));
#935 = CARTESIAN_POINT('',(5.57310199071,2.207106781187));
#936 = CARTESIAN_POINT('',(5.422475782186,2.207106781187));
#937 = CARTESIAN_POINT('',(5.279548905933,2.207106781187));
#938 = CARTESIAN_POINT('',(5.139951784435,2.207106781187));
#939 = CARTESIAN_POINT('',(5.000964576503,2.207106781187));
#940 = CARTESIAN_POINT('',(4.860172111951,2.207106781187));
#941 = CARTESIAN_POINT('',(4.712314481353,2.207106781187));
#942 = CARTESIAN_POINT('',(4.564903844944,2.207106781187));
#943 = CARTESIAN_POINT('',(4.424653958753,2.207106781187));
#944 = CARTESIAN_POINT('',(4.286843559276,2.207106781187));
#945 = CARTESIAN_POINT('',(4.144065238166,2.207106781187));
#946 = CARTESIAN_POINT('',(3.99851386703,2.207106781187));
#947 = CARTESIAN_POINT('',(3.855432667236,2.207106781187));
#948 = CARTESIAN_POINT('',(3.713373589019,2.207106781187));
#949 = CARTESIAN_POINT('',(3.571482711645,2.207106781187));
#950 = CARTESIAN_POINT('',(3.429304790885,2.207106781187));
#951 = CARTESIAN_POINT('',(3.286344681772,2.207106781187));
#952 = CARTESIAN_POINT('',(3.190072741712,2.207106781187));
#953 = CARTESIAN_POINT('',(3.14159265359,2.207106781187));
#954 = ( GEOMETRIC_REPRESENTATION_CONTEXT(2) 
PARAMETRIC_REPRESENTATION_CONTEXT() REPRESENTATION_CONTEXT('2D SPACE',''
  ) );
#955 = ORIENTED_EDGE('',*,*,#956,.T.);
#956 = EDGE_CURVE('',#889,#887,#957,.T.);
#957 = SURFACE_CURVE('',#958,(#971,#987),.PCURVE_S1.);
#958 = B_SPLINE_CURVE_WITH_KNOTS('',3,(#959,#960,#961,#962,#963,#964,
    #965,#966,#967,#968,#969,#970),.UNSPECIFIED.,.F.,.F.,(4,2,2,2,2,4),(
    0.,0.25,0.5,0.625,0.75,1.),.UNSPECIFIED.);
#959 = CARTESIAN_POINT('',(-10.4,-3.4,-3.5));
#960 = CARTESIAN_POINT('',(-10.4,-3.468820331444,-3.5));
#961 = CARTESIAN_POINT('',(-10.4,-3.528113843309,-3.524774099586));
#962 = CARTESIAN_POINT('',(-10.4,-3.625439547284,-3.62167250982));
#963 = CARTESIAN_POINT('',(-10.4,-3.649848928849,-3.681331405886));
#964 = CARTESIAN_POINT('',(-10.4,-3.650075535575,-3.784334297057));
#965 = CARTESIAN_POINT('',(-10.4,-3.644011361304,-3.81623283686));
#966 = CARTESIAN_POINT('',(-10.4,-3.61960359307,-3.875158401959));
#967 = CARTESIAN_POINT('',(-10.4,-3.599908355554,-3.903543031161));
#968 = CARTESIAN_POINT('',(-10.4,-3.530513374781,-3.973244023569));
#969 = CARTESIAN_POINT('',(-10.4,-3.466683283493,-4.));
#970 = CARTESIAN_POINT('',(-10.4,-3.4,-4.));
#971 = PCURVE('',#164,#972);
#972 = DEFINITIONAL_REPRESENTATION('',(#973),#986);
#973 = B_SPLINE_CURVE_WITH_KNOTS('',3,(#974,#975,#976,#977,#978,#979,
    #980,#981,#982,#983,#984,#985),.UNSPECIFIED.,.F.,.F.,(4,2,2,2,2,4),(
    0.,0.25,0.5,0.625,0.75,1.),.UNSPECIFIED.);
#974 = CARTESIAN_POINT('',(-1.8,-1.25));
#975 = CARTESIAN_POINT('',(-1.868820331444,-1.25));
#976 = CARTESIAN_POINT('',(-1.928113843309,-1.225225900414));
#977 = CARTESIAN_POINT('',(-2.025439547284,-1.12832749018));
#978 = CARTESIAN_POINT('',(-2.049848928849,-1.068668594114));
#979 = CARTESIAN_POINT('',(-2.050075535575,-0.965665702943));
#980 = CARTESIAN_POINT('',(-2.044011361304,-0.93376716314));
#981 = CARTESIAN_POINT('',(-2.01960359307,-0.874841598041));
#982 = CARTESIAN_POINT('',(-1.999908355554,-0.846456968839));
#983 = CARTESIAN_POINT('',(-1.930513374781,-0.776755976431));
#984 = CARTESIAN_POINT('',(-1.866683283493,-0.75));
#985 = CARTESIAN_POINT('',(-1.8,-0.75));
#986 = ( GEOMETRIC_REPRESENTATION_CONTEXT(2) 
PARAMETRIC_REPRESENTATION_CONTEXT() REPRESENTATION_CONTEXT('2D SPACE',''
  ) );
#987 = PCURVE('',#988,#993);
#988 = CYLINDRICAL_SURFACE('',#989,0.25);
#989 = AXIS2_PLACEMENT_3D('',#990,#991,#992);
#990 = CARTESIAN_POINT('',(-8.192893218813,-3.4,-3.75));
#991 = DIRECTION('',(-1.,1.11200222819E-16,0.));
#992 = DIRECTION('',(0.,0.,-1.));
#993 = DEFINITIONAL_REPRESENTATION('',(#994),#1020);
#994 = B_SPLINE_CURVE_WITH_KNOTS('',3,(#995,#996,#997,#998,#999,#1000,
    #1001,#1002,#1003,#1004,#1005,#1006,#1007,#1008,#1009,#1010,#1011,
    #1012,#1013,#1014,#1015,#1016,#1017,#1018,#1019),.UNSPECIFIED.,.F.,
  .F.,(4,1,1,1,1,1,1,1,1,1,1,1,1,1,1,1,1,1,1,1,1,1,4),(0.,
    4.545454545455E-02,9.090909090909E-02,0.136363636364,0.181818181818,
    0.227272727273,0.272727272727,0.318181818182,0.363636363636,
    0.409090909091,0.454545454545,0.5,0.545454545455,0.590909090909,
    0.636363636364,0.681818181818,0.727272727273,0.772727272727,
    0.818181818182,0.863636363636,0.909090909091,0.954545454545,1.),
  .QUASI_UNIFORM_KNOTS.);
#995 = CARTESIAN_POINT('',(3.14159265359,2.207106781187));
#996 = CARTESIAN_POINT('',(3.091503240171,2.207106781187));
#997 = CARTESIAN_POINT('',(2.994002818937,2.207106781187));
#998 = CARTESIAN_POINT('',(2.852887057884,2.207106781187));
#999 = CARTESIAN_POINT('',(2.714142983057,2.207106781187));
#1000 = CARTESIAN_POINT('',(2.574527344853,2.207106781187));
#1001 = CARTESIAN_POINT('',(2.43150933712,2.207106781187));
#1002 = CARTESIAN_POINT('',(2.280883128596,2.207106781187));
#1003 = CARTESIAN_POINT('',(2.137956252343,2.207106781187));
#1004 = CARTESIAN_POINT('',(1.998359130846,2.207106781187));
#1005 = CARTESIAN_POINT('',(1.859371922914,2.207106781187));
#1006 = CARTESIAN_POINT('',(1.718579458361,2.207106781187));
#1007 = CARTESIAN_POINT('',(1.570721827764,2.207106781187));
#1008 = CARTESIAN_POINT('',(1.423311191355,2.207106781187));
#1009 = CARTESIAN_POINT('',(1.283061305163,2.207106781187));
#1010 = CARTESIAN_POINT('',(1.145250905686,2.207106781187));
#1011 = CARTESIAN_POINT('',(1.002472584576,2.207106781187));
#1012 = CARTESIAN_POINT('',(0.85692121344,2.207106781187));
#1013 = CARTESIAN_POINT('',(0.713840013646,2.207106781187));
#1014 = CARTESIAN_POINT('',(0.57178093543,2.207106781187));
#1015 = CARTESIAN_POINT('',(0.429890058055,2.207106781187));
#1016 = CARTESIAN_POINT('',(0.287712137295,2.207106781187));
#1017 = CARTESIAN_POINT('',(0.144752028182,2.207106781187));
#1018 = CARTESIAN_POINT('',(4.848008812259E-02,2.207106781187));
#1019 = CARTESIAN_POINT('',(0.,2.207106781187));
#1020 = ( GEOMETRIC_REPRESENTATION_CONTEXT(2) 
PARAMETRIC_REPRESENTATION_CONTEXT() REPRESENTATION_CONTEXT('2D SPACE',''
  ) );
#1021 = FACE_BOUND('',#1022,.T.);
#1022 = EDGE_LOOP('',(#1023,#1056,#1074,#1105,#1136,#1167));
#1023 = ORIENTED_EDGE('',*,*,#1024,.T.);
#1024 = EDGE_CURVE('',#1025,#1027,#1029,.T.);
#1025 = VERTEX_POINT('',#1026);
#1026 = CARTESIAN_POINT('',(-10.4,-4.3,4.75));
#1027 = VERTEX_POINT('',#1028);
#1028 = CARTESIAN_POINT('',(-10.4,-2.95,4.75));
#1029 = SURFACE_CURVE('',#1030,(#1035,#1043),.PCURVE_S1.);
#1030 = B_SPLINE_CURVE_WITH_KNOTS('',3,(#1031,#1032,#1033,#1034),
  .UNSPECIFIED.,.F.,.F.,(4,4),(0.,1.),.PIECEWISE_BEZIER_KNOTS.);
#1031 = CARTESIAN_POINT('',(-10.4,-4.3,4.75));
#1032 = CARTESIAN_POINT('',(-10.4,-3.85,4.75));
#1033 = CARTESIAN_POINT('',(-10.4,-3.4,4.75));
#1034 = CARTESIAN_POINT('',(-10.4,-2.95,4.75));
#1035 = PCURVE('',#164,#1036);
#1036 = DEFINITIONAL_REPRESENTATION('',(#1037),#1042);
#1037 = B_SPLINE_CURVE_WITH_KNOTS('',3,(#1038,#1039,#1040,#1041),
  .UNSPECIFIED.,.F.,.F.,(4,4),(0.,1.),.PIECEWISE_BEZIER_KNOTS.);
#1038 = CARTESIAN_POINT('',(-2.7,-9.5));
#1039 = CARTESIAN_POINT('',(-2.25,-9.5));
#1040 = CARTESIAN_POINT('',(-1.8,-9.5));
#1041 = CARTESIAN_POINT('',(-1.35,-9.5));
#1042 = ( GEOMETRIC_REPRESENTATION_CONTEXT(2) 
PARAMETRIC_REPRESENTATION_CONTEXT() REPRESENTATION_CONTEXT('2D SPACE',''
  ) );
#1043 = PCURVE('',#1044,#1049);
#1044 = PLANE('',#1045);
#1045 = AXIS2_PLACEMENT_3D('',#1046,#1047,#1048);
#1046 = CARTESIAN_POINT('',(-10.4,-1.6,4.75));
#1047 = DIRECTION('',(9.958396954279E-17,8.067749298393E-31,1.));
#1048 = DIRECTION('',(1.,0.,-9.958396954279E-17));
#1049 = DEFINITIONAL_REPRESENTATION('',(#1050),#1055);
#1050 = B_SPLINE_CURVE_WITH_KNOTS('',3,(#1051,#1052,#1053,#1054),
  .UNSPECIFIED.,.F.,.F.,(4,4),(0.,1.),.PIECEWISE_BEZIER_KNOTS.);
#1051 = CARTESIAN_POINT('',(0.,-2.7));
#1052 = CARTESIAN_POINT('',(1.7763568394E-15,-2.25));
#1053 = CARTESIAN_POINT('',(1.7763568394E-15,-1.8));
#1054 = CARTESIAN_POINT('',(0.,-1.35));
#1055 = ( GEOMETRIC_REPRESENTATION_CONTEXT(2) 
PARAMETRIC_REPRESENTATION_CONTEXT() REPRESENTATION_CONTEXT('2D SPACE',''
  ) );
#1056 = ORIENTED_EDGE('',*,*,#1057,.T.);
#1057 = EDGE_CURVE('',#1027,#1058,#1060,.T.);
#1058 = VERTEX_POINT('',#1059);
#1059 = CARTESIAN_POINT('',(-10.4,-2.95,-4.75));
#1060 = SURFACE_CURVE('',#1061,(#1066),.PCURVE_S1.);
#1061 = B_SPLINE_CURVE_WITH_KNOTS('',3,(#1062,#1063,#1064,#1065),
  .UNSPECIFIED.,.F.,.F.,(4,4),(0.,1.),.PIECEWISE_BEZIER_KNOTS.);
#1062 = CARTESIAN_POINT('',(-10.4,-2.95,4.75));
#1063 = CARTESIAN_POINT('',(-10.4,-2.95,1.583333333333));
#1064 = CARTESIAN_POINT('',(-10.4,-2.95,-1.583333333333));
#1065 = CARTESIAN_POINT('',(-10.4,-2.95,-4.75));
#1066 = PCURVE('',#164,#1067);
#1067 = DEFINITIONAL_REPRESENTATION('',(#1068),#1073);
#1068 = B_SPLINE_CURVE_WITH_KNOTS('',3,(#1069,#1070,#1071,#1072),
  .UNSPECIFIED.,.F.,.F.,(4,4),(0.,1.),.PIECEWISE_BEZIER_KNOTS.);
#1069 = CARTESIAN_POINT('',(-1.35,-9.5));
#1070 = CARTESIAN_POINT('',(-1.35,-6.333333333333));
#1071 = CARTESIAN_POINT('',(-1.35,-3.166666666667));
#1072 = CARTESIAN_POINT('',(-1.35,0.));
#1073 = ( GEOMETRIC_REPRESENTATION_CONTEXT(2) 
PARAMETRIC_REPRESENTATION_CONTEXT() REPRESENTATION_CONTEXT('2D SPACE',''
  ) );
#1074 = ORIENTED_EDGE('',*,*,#1075,.T.);
#1075 = EDGE_CURVE('',#1058,#1076,#1078,.T.);
#1076 = VERTEX_POINT('',#1077);
#1077 = CARTESIAN_POINT('',(-10.4,-4.3,-4.75));
#1078 = SURFACE_CURVE('',#1079,(#1084,#1092),.PCURVE_S1.);
#1079 = B_SPLINE_CURVE_WITH_KNOTS('',3,(#1080,#1081,#1082,#1083),
  .UNSPECIFIED.,.F.,.F.,(4,4),(0.,1.),.PIECEWISE_BEZIER_KNOTS.);
#1080 = CARTESIAN_POINT('',(-10.4,-2.95,-4.75));
#1081 = CARTESIAN_POINT('',(-10.4,-3.4,-4.75));
#1082 = CARTESIAN_POINT('',(-10.4,-3.85,-4.75));
#1083 = CARTESIAN_POINT('',(-10.4,-4.3,-4.75));
#1084 = PCURVE('',#164,#1085);
#1085 = DEFINITIONAL_REPRESENTATION('',(#1086),#1091);
#1086 = B_SPLINE_CURVE_WITH_KNOTS('',3,(#1087,#1088,#1089,#1090),
  .UNSPECIFIED.,.F.,.F.,(4,4),(0.,1.),.PIECEWISE_BEZIER_KNOTS.);
#1087 = CARTESIAN_POINT('',(-1.35,0.));
#1088 = CARTESIAN_POINT('',(-1.8,1.7763568394E-15));
#1089 = CARTESIAN_POINT('',(-2.25,1.7763568394E-15));
#1090 = CARTESIAN_POINT('',(-2.7,0.));
#1091 = ( GEOMETRIC_REPRESENTATION_CONTEXT(2) 
PARAMETRIC_REPRESENTATION_CONTEXT() REPRESENTATION_CONTEXT('2D SPACE',''
  ) );
#1092 = PCURVE('',#1093,#1098);
#1093 = PLANE('',#1094);
#1094 = AXIS2_PLACEMENT_3D('',#1095,#1096,#1097);
#1095 = CARTESIAN_POINT('',(-10.4,-1.6,-4.75));
#1096 = DIRECTION('',(-9.958396954279E-17,-8.067749298393E-31,-1.));
#1097 = DIRECTION('',(-1.,0.,9.958396954279E-17));
#1098 = DEFINITIONAL_REPRESENTATION('',(#1099),#1104);
#1099 = B_SPLINE_CURVE_WITH_KNOTS('',3,(#1100,#1101,#1102,#1103),
  .UNSPECIFIED.,.F.,.F.,(4,4),(0.,1.),.PIECEWISE_BEZIER_KNOTS.);
#1100 = CARTESIAN_POINT('',(0.,-1.35));
#1101 = CARTESIAN_POINT('',(0.,-1.8));
#1102 = CARTESIAN_POINT('',(0.,-2.25));
#1103 = CARTESIAN_POINT('',(0.,-2.7));
#1104 = ( GEOMETRIC_REPRESENTATION_CONTEXT(2) 
PARAMETRIC_REPRESENTATION_CONTEXT() REPRESENTATION_CONTEXT('2D SPACE',''
  ) );
#1105 = ORIENTED_EDGE('',*,*,#1106,.T.);
#1106 = EDGE_CURVE('',#1076,#1107,#1109,.T.);
#1107 = VERTEX_POINT('',#1108);
#1108 = CARTESIAN_POINT('',(-10.4,-4.3,-4.05));
#1109 = SURFACE_CURVE('',#1110,(#1115,#1123),.PCURVE_S1.);
#1110 = B_SPLINE_CURVE_WITH_KNOTS('',3,(#1111,#1112,#1113,#1114),
  .UNSPECIFIED.,.F.,.F.,(4,4),(0.,1.),.PIECEWISE_BEZIER_KNOTS.);
#1111 = CARTESIAN_POINT('',(-10.4,-4.3,-4.75));
#1112 = CARTESIAN_POINT('',(-10.4,-4.3,-4.516666666667));
#1113 = CARTESIAN_POINT('',(-10.4,-4.3,-4.283333333333));
#1114 = CARTESIAN_POINT('',(-10.4,-4.3,-4.05));
#1115 = PCURVE('',#164,#1116);
#1116 = DEFINITIONAL_REPRESENTATION('',(#1117),#1122);
#1117 = B_SPLINE_CURVE_WITH_KNOTS('',3,(#1118,#1119,#1120,#1121),
  .UNSPECIFIED.,.F.,.F.,(4,4),(0.,1.),.PIECEWISE_BEZIER_KNOTS.);
#1118 = CARTESIAN_POINT('',(-2.7,0.));
#1119 = CARTESIAN_POINT('',(-2.7,-0.233333333333));
#1120 = CARTESIAN_POINT('',(-2.7,-0.466666666667));
#1121 = CARTESIAN_POINT('',(-2.7,-0.7));
#1122 = ( GEOMETRIC_REPRESENTATION_CONTEXT(2) 
PARAMETRIC_REPRESENTATION_CONTEXT() REPRESENTATION_CONTEXT('2D SPACE',''
  ) );
#1123 = PCURVE('',#1124,#1129);
#1124 = PLANE('',#1125);
#1125 = AXIS2_PLACEMENT_3D('',#1126,#1127,#1128);
#1126 = CARTESIAN_POINT('',(-11.7,-4.3,-4.75));
#1127 = DIRECTION('',(1.051449529234E-46,1.,-1.527518615503E-32));
#1128 = DIRECTION('',(0.,-1.527518615503E-32,-1.));
#1129 = DEFINITIONAL_REPRESENTATION('',(#1130),#1135);
#1130 = B_SPLINE_CURVE_WITH_KNOTS('',3,(#1131,#1132,#1133,#1134),
  .UNSPECIFIED.,.F.,.F.,(4,4),(0.,1.),.PIECEWISE_BEZIER_KNOTS.);
#1131 = CARTESIAN_POINT('',(0.,-1.3));
#1132 = CARTESIAN_POINT('',(-0.233333333333,-1.3));
#1133 = CARTESIAN_POINT('',(-0.466666666667,-1.3));
#1134 = CARTESIAN_POINT('',(-0.7,-1.3));
#1135 = ( GEOMETRIC_REPRESENTATION_CONTEXT(2) 
PARAMETRIC_REPRESENTATION_CONTEXT() REPRESENTATION_CONTEXT('2D SPACE',''
  ) );
#1136 = ORIENTED_EDGE('',*,*,#1137,.T.);
#1137 = EDGE_CURVE('',#1107,#1138,#1140,.T.);
#1138 = VERTEX_POINT('',#1139);
#1139 = CARTESIAN_POINT('',(-10.4,-4.3,4.05));
#1140 = SURFACE_CURVE('',#1141,(#1146,#1154),.PCURVE_S1.);
#1141 = B_SPLINE_CURVE_WITH_KNOTS('',3,(#1142,#1143,#1144,#1145),
  .UNSPECIFIED.,.F.,.F.,(4,4),(0.,1.),.PIECEWISE_BEZIER_KNOTS.);
#1142 = CARTESIAN_POINT('',(-10.4,-4.3,-4.05));
#1143 = CARTESIAN_POINT('',(-10.4,-4.3,-1.35));
#1144 = CARTESIAN_POINT('',(-10.4,-4.3,1.35));
#1145 = CARTESIAN_POINT('',(-10.4,-4.3,4.05));
#1146 = PCURVE('',#164,#1147);
#1147 = DEFINITIONAL_REPRESENTATION('',(#1148),#1153);
#1148 = B_SPLINE_CURVE_WITH_KNOTS('',3,(#1149,#1150,#1151,#1152),
  .UNSPECIFIED.,.F.,.F.,(4,4),(0.,1.),.PIECEWISE_BEZIER_KNOTS.);
#1149 = CARTESIAN_POINT('',(-2.7,-0.7));
#1150 = CARTESIAN_POINT('',(-2.7,-3.4));
#1151 = CARTESIAN_POINT('',(-2.7,-6.1));
#1152 = CARTESIAN_POINT('',(-2.7,-8.8));
#1153 = ( GEOMETRIC_REPRESENTATION_CONTEXT(2) 
PARAMETRIC_REPRESENTATION_CONTEXT() REPRESENTATION_CONTEXT('2D SPACE',''
  ) );
#1154 = PCURVE('',#1155,#1160);
#1155 = PLANE('',#1156);
#1156 = AXIS2_PLACEMENT_3D('',#1157,#1158,#1159);
#1157 = CARTESIAN_POINT('',(-10.4,-4.3,-4.75));
#1158 = DIRECTION('',(-1.613716427455E-30,-1.,1.198328716958E-16));
#1159 = DIRECTION('',(-1.,1.613716427455E-30,0.));
#1160 = DEFINITIONAL_REPRESENTATION('',(#1161),#1166);
#1161 = B_SPLINE_CURVE_WITH_KNOTS('',3,(#1162,#1163,#1164,#1165),
  .UNSPECIFIED.,.F.,.F.,(4,4),(0.,1.),.PIECEWISE_BEZIER_KNOTS.);
#1162 = CARTESIAN_POINT('',(0.,-0.7));
#1163 = CARTESIAN_POINT('',(0.,-3.4));
#1164 = CARTESIAN_POINT('',(-1.7763568394E-15,-6.1));
#1165 = CARTESIAN_POINT('',(0.,-8.8));
#1166 = ( GEOMETRIC_REPRESENTATION_CONTEXT(2) 
PARAMETRIC_REPRESENTATION_CONTEXT() REPRESENTATION_CONTEXT('2D SPACE',''
  ) );
#1167 = ORIENTED_EDGE('',*,*,#1168,.T.);
#1168 = EDGE_CURVE('',#1138,#1025,#1169,.T.);
#1169 = SURFACE_CURVE('',#1170,(#1175,#1183),.PCURVE_S1.);
#1170 = B_SPLINE_CURVE_WITH_KNOTS('',3,(#1171,#1172,#1173,#1174),
  .UNSPECIFIED.,.F.,.F.,(4,4),(0.,1.),.PIECEWISE_BEZIER_KNOTS.);
#1171 = CARTESIAN_POINT('',(-10.4,-4.3,4.05));
#1172 = CARTESIAN_POINT('',(-10.4,-4.3,4.283333333333));
#1173 = CARTESIAN_POINT('',(-10.4,-4.3,4.516666666667));
#1174 = CARTESIAN_POINT('',(-10.4,-4.3,4.75));
#1175 = PCURVE('',#164,#1176);
#1176 = DEFINITIONAL_REPRESENTATION('',(#1177),#1182);
#1177 = B_SPLINE_CURVE_WITH_KNOTS('',3,(#1178,#1179,#1180,#1181),
  .UNSPECIFIED.,.F.,.F.,(4,4),(0.,1.),.PIECEWISE_BEZIER_KNOTS.);
#1178 = CARTESIAN_POINT('',(-2.7,-8.8));
#1179 = CARTESIAN_POINT('',(-2.7,-9.033333333333));
#1180 = CARTESIAN_POINT('',(-2.7,-9.266666666667));
#1181 = CARTESIAN_POINT('',(-2.7,-9.5));
#1182 = ( GEOMETRIC_REPRESENTATION_CONTEXT(2) 
PARAMETRIC_REPRESENTATION_CONTEXT() REPRESENTATION_CONTEXT('2D SPACE',''
  ) );
#1183 = PCURVE('',#1184,#1189);
#1184 = PLANE('',#1185);
#1185 = AXIS2_PLACEMENT_3D('',#1186,#1187,#1188);
#1186 = CARTESIAN_POINT('',(-11.7,-4.3,4.75));
#1187 = DIRECTION('',(-1.051449529234E-46,-1.,1.527518615503E-32));
#1188 = DIRECTION('',(-1.,1.051449529234E-46,0.));
#1189 = DEFINITIONAL_REPRESENTATION('',(#1190),#1195);
#1190 = B_SPLINE_CURVE_WITH_KNOTS('',3,(#1191,#1192,#1193,#1194),
  .UNSPECIFIED.,.F.,.F.,(4,4),(0.,1.),.PIECEWISE_BEZIER_KNOTS.);
#1191 = CARTESIAN_POINT('',(-1.3,0.7));
#1192 = CARTESIAN_POINT('',(-1.3,0.466666666667));
#1193 = CARTESIAN_POINT('',(-1.3,0.233333333333));
#1194 = CARTESIAN_POINT('',(-1.3,0.));
#1195 = ( GEOMETRIC_REPRESENTATION_CONTEXT(2) 
PARAMETRIC_REPRESENTATION_CONTEXT() REPRESENTATION_CONTEXT('2D SPACE',''
  ) );
#1196 = ADVANCED_FACE('',(#1197),#432,.T.);
#1197 = FACE_BOUND('',#1198,.T.);
#1198 = EDGE_LOOP('',(#1199,#1265,#1285,#1286));
#1199 = ORIENTED_EDGE('',*,*,#1200,.T.);
#1200 = EDGE_CURVE('',#1201,#1203,#1205,.T.);
#1201 = VERTEX_POINT('',#1202);
#1202 = CARTESIAN_POINT('',(-12.8,-3.4,4.));
#1203 = VERTEX_POINT('',#1204);
#1204 = CARTESIAN_POINT('',(-12.8,-3.4,3.5));
#1205 = SURFACE_CURVE('',#1206,(#1217,#1246),.PCURVE_S1.);
#1206 = B_SPLINE_CURVE_WITH_KNOTS('',3,(#1207,#1208,#1209,#1210,#1211,
    #1212,#1213,#1214,#1215,#1216),.UNSPECIFIED.,.F.,.F.,(4,2,2,2,4),(0.
    ,0.25,0.5,0.75,1.),.UNSPECIFIED.);
#1207 = CARTESIAN_POINT('',(-12.8,-3.4,4.));
#1208 = CARTESIAN_POINT('',(-12.8,-3.46544984695,4.));
#1209 = CARTESIAN_POINT('',(-12.8,-3.530496664691,3.973056725902));
#1210 = CARTESIAN_POINT('',(-12.8,-3.623056725902,3.880496664691));
#1211 = CARTESIAN_POINT('',(-12.8,-3.65,3.81544984695));
#1212 = CARTESIAN_POINT('',(-12.8,-3.65,3.68455015305));
#1213 = CARTESIAN_POINT('',(-12.8,-3.623056725902,3.619503335309));
#1214 = CARTESIAN_POINT('',(-12.8,-3.530496664691,3.526943274098));
#1215 = CARTESIAN_POINT('',(-12.8,-3.46544984695,3.5));
#1216 = CARTESIAN_POINT('',(-12.8,-3.4,3.5));
#1217 = PCURVE('',#432,#1218);
#1218 = DEFINITIONAL_REPRESENTATION('',(#1219),#1245);
#1219 = B_SPLINE_CURVE_WITH_KNOTS('',3,(#1220,#1221,#1222,#1223,#1224,
    #1225,#1226,#1227,#1228,#1229,#1230,#1231,#1232,#1233,#1234,#1235,
    #1236,#1237,#1238,#1239,#1240,#1241,#1242,#1243,#1244),
  .UNSPECIFIED.,.F.,.F.,(4,1,1,1,1,1,1,1,1,1,1,1,1,1,1,1,1,1,1,1,1,1,4),
  (0.,4.545454545455E-02,9.090909090909E-02,0.136363636364,
    0.181818181818,0.227272727273,0.272727272727,0.318181818182,
    0.363636363636,0.409090909091,0.454545454545,0.5,0.545454545455,
    0.590909090909,0.636363636364,0.681818181818,0.727272727273,
    0.772727272727,0.818181818182,0.863636363636,0.909090909091,
    0.954545454545,1.),.QUASI_UNIFORM_KNOTS.);
#1220 = CARTESIAN_POINT('',(3.14159265359,4.607106781187));
#1221 = CARTESIAN_POINT('',(3.094022633669,4.607106781187));
#1222 = CARTESIAN_POINT('',(2.998870418291,4.607106781187));
#1223 = CARTESIAN_POINT('',(2.856090802868,4.607106781187));
#1224 = CARTESIAN_POINT('',(2.713157723295,4.607106781187));
#1225 = CARTESIAN_POINT('',(2.570274928939,4.607106781187));
#1226 = CARTESIAN_POINT('',(2.427579622073,4.607106781187));
#1227 = CARTESIAN_POINT('',(2.284809352156,4.607106781187));
#1228 = CARTESIAN_POINT('',(2.142114082224,4.607106781187));
#1229 = CARTESIAN_POINT('',(1.999231140135,4.607106781187));
#1230 = CARTESIAN_POINT('',(1.856298614556,4.607106781187));
#1231 = CARTESIAN_POINT('',(1.713516930892,4.607106781187));
#1232 = CARTESIAN_POINT('',(1.570796326795,4.607106781187));
#1233 = CARTESIAN_POINT('',(1.428075722698,4.607106781187));
#1234 = CARTESIAN_POINT('',(1.285294039034,4.607106781187));
#1235 = CARTESIAN_POINT('',(1.142361513454,4.607106781187));
#1236 = CARTESIAN_POINT('',(0.999478571366,4.607106781187));
#1237 = CARTESIAN_POINT('',(0.856783301434,4.607106781187));
#1238 = CARTESIAN_POINT('',(0.714013031517,4.607106781187));
#1239 = CARTESIAN_POINT('',(0.571317724651,4.607106781187));
#1240 = CARTESIAN_POINT('',(0.428434930295,4.607106781187));
#1241 = CARTESIAN_POINT('',(0.285501850722,4.607106781187));
#1242 = CARTESIAN_POINT('',(0.142722235299,4.607106781187));
#1243 = CARTESIAN_POINT('',(4.757001992097E-02,4.607106781187));
#1244 = CARTESIAN_POINT('',(0.,4.607106781187));
#1245 = ( GEOMETRIC_REPRESENTATION_CONTEXT(2) 
PARAMETRIC_REPRESENTATION_CONTEXT() REPRESENTATION_CONTEXT('2D SPACE',''
  ) );
#1246 = PCURVE('',#1247,#1252);
#1247 = PLANE('',#1248);
#1248 = AXIS2_PLACEMENT_3D('',#1249,#1250,#1251);
#1249 = CARTESIAN_POINT('',(-12.8,-3.4,3.75));
#1250 = DIRECTION('',(-1.,-2.758299773102E-45,2.106062720053E-16));
#1251 = DIRECTION('',(-2.758299773102E-45,1.,0.));
#1252 = DEFINITIONAL_REPRESENTATION('',(#1253),#1264);
#1253 = B_SPLINE_CURVE_WITH_KNOTS('',3,(#1254,#1255,#1256,#1257,#1258,
    #1259,#1260,#1261,#1262,#1263),.UNSPECIFIED.,.F.,.F.,(4,2,2,2,4),(0.
    ,0.25,0.5,0.75,1.),.UNSPECIFIED.);
#1254 = CARTESIAN_POINT('',(0.,-0.25));
#1255 = CARTESIAN_POINT('',(-6.544984694979E-02,-0.25));
#1256 = CARTESIAN_POINT('',(-0.130496664691,-0.223056725902));
#1257 = CARTESIAN_POINT('',(-0.223056725902,-0.130496664691));
#1258 = CARTESIAN_POINT('',(-0.25,-6.544984694979E-02));
#1259 = CARTESIAN_POINT('',(-0.25,6.544984694979E-02));
#1260 = CARTESIAN_POINT('',(-0.223056725902,0.130496664691));
#1261 = CARTESIAN_POINT('',(-0.130496664691,0.223056725902));
#1262 = CARTESIAN_POINT('',(-6.544984694979E-02,0.25));
#1263 = CARTESIAN_POINT('',(0.,0.25));
#1264 = ( GEOMETRIC_REPRESENTATION_CONTEXT(2) 
PARAMETRIC_REPRESENTATION_CONTEXT() REPRESENTATION_CONTEXT('2D SPACE',''
  ) );
#1265 = ORIENTED_EDGE('',*,*,#1266,.T.);
#1266 = EDGE_CURVE('',#1203,#331,#1267,.T.);
#1267 = SURFACE_CURVE('',#1268,(#1273,#1279),.PCURVE_S1.);
#1268 = B_SPLINE_CURVE_WITH_KNOTS('',3,(#1269,#1270,#1271,#1272),
  .UNSPECIFIED.,.F.,.F.,(4,4),(0.,1.),.PIECEWISE_BEZIER_KNOTS.);
#1269 = CARTESIAN_POINT('',(-12.8,-3.4,3.5));
#1270 = CARTESIAN_POINT('',(-12.,-3.4,3.5));
#1271 = CARTESIAN_POINT('',(-11.2,-3.4,3.5));
#1272 = CARTESIAN_POINT('',(-10.4,-3.4,3.5));
#1273 = PCURVE('',#432,#1274);
#1274 = DEFINITIONAL_REPRESENTATION('',(#1275),#1278);
#1275 = B_SPLINE_CURVE_WITH_KNOTS('',1,(#1276,#1277),.UNSPECIFIED.,.F.,
  .F.,(2,2),(0.,1.),.PIECEWISE_BEZIER_KNOTS.);
#1276 = CARTESIAN_POINT('',(0.,4.607106781187));
#1277 = CARTESIAN_POINT('',(0.,2.207106781187));
#1278 = ( GEOMETRIC_REPRESENTATION_CONTEXT(2) 
PARAMETRIC_REPRESENTATION_CONTEXT() REPRESENTATION_CONTEXT('2D SPACE',''
  ) );
#1279 = PCURVE('',#366,#1280);
#1280 = DEFINITIONAL_REPRESENTATION('',(#1281),#1284);
#1281 = B_SPLINE_CURVE_WITH_KNOTS('',1,(#1282,#1283),.UNSPECIFIED.,.F.,
  .F.,(2,2),(0.,1.),.PIECEWISE_BEZIER_KNOTS.);
#1282 = CARTESIAN_POINT('',(6.28318530718,4.607106781187));
#1283 = CARTESIAN_POINT('',(6.28318530718,2.207106781187));
#1284 = ( GEOMETRIC_REPRESENTATION_CONTEXT(2) 
PARAMETRIC_REPRESENTATION_CONTEXT() REPRESENTATION_CONTEXT('2D SPACE',''
  ) );
#1285 = ORIENTED_EDGE('',*,*,#400,.F.);
#1286 = ORIENTED_EDGE('',*,*,#1287,.T.);
#1287 = EDGE_CURVE('',#333,#1201,#1288,.T.);
#1288 = SURFACE_CURVE('',#1289,(#1294,#1300),.PCURVE_S1.);
#1289 = B_SPLINE_CURVE_WITH_KNOTS('',3,(#1290,#1291,#1292,#1293),
  .UNSPECIFIED.,.F.,.F.,(4,4),(0.,1.),.PIECEWISE_BEZIER_KNOTS.);
#1290 = CARTESIAN_POINT('',(-10.4,-3.4,4.));
#1291 = CARTESIAN_POINT('',(-11.2,-3.4,4.));
#1292 = CARTESIAN_POINT('',(-12.,-3.4,4.));
#1293 = CARTESIAN_POINT('',(-12.8,-3.4,4.));
#1294 = PCURVE('',#432,#1295);
#1295 = DEFINITIONAL_REPRESENTATION('',(#1296),#1299);
#1296 = B_SPLINE_CURVE_WITH_KNOTS('',1,(#1297,#1298),.UNSPECIFIED.,.F.,
  .F.,(2,2),(0.,1.),.PIECEWISE_BEZIER_KNOTS.);
#1297 = CARTESIAN_POINT('',(3.14159265359,2.207106781187));
#1298 = CARTESIAN_POINT('',(3.14159265359,4.607106781187));
#1299 = ( GEOMETRIC_REPRESENTATION_CONTEXT(2) 
PARAMETRIC_REPRESENTATION_CONTEXT() REPRESENTATION_CONTEXT('2D SPACE',''
  ) );
#1300 = PCURVE('',#366,#1301);
#1301 = DEFINITIONAL_REPRESENTATION('',(#1302),#1305);
#1302 = B_SPLINE_CURVE_WITH_KNOTS('',1,(#1303,#1304),.UNSPECIFIED.,.F.,
  .F.,(2,2),(0.,1.),.PIECEWISE_BEZIER_KNOTS.);
#1303 = CARTESIAN_POINT('',(3.14159265359,2.207106781187));
#1304 = CARTESIAN_POINT('',(3.14159265359,4.607106781187));
#1305 = ( GEOMETRIC_REPRESENTATION_CONTEXT(2) 
PARAMETRIC_REPRESENTATION_CONTEXT() REPRESENTATION_CONTEXT('2D SPACE',''
  ) );
#1306 = ADVANCED_FACE('',(#1307),#366,.T.);
#1307 = FACE_BOUND('',#1308,.T.);
#1308 = EDGE_LOOP('',(#1309,#1310,#1367,#1368));
#1309 = ORIENTED_EDGE('',*,*,#1266,.F.);
#1310 = ORIENTED_EDGE('',*,*,#1311,.T.);
#1311 = EDGE_CURVE('',#1203,#1201,#1312,.T.);
#1312 = SURFACE_CURVE('',#1313,(#1324,#1353),.PCURVE_S1.);
#1313 = B_SPLINE_CURVE_WITH_KNOTS('',3,(#1314,#1315,#1316,#1317,#1318,
    #1319,#1320,#1321,#1322,#1323),.UNSPECIFIED.,.F.,.F.,(4,2,2,2,4),(0.
    ,0.25,0.5,0.75,1.),.UNSPECIFIED.);
#1314 = CARTESIAN_POINT('',(-12.8,-3.4,3.5));
#1315 = CARTESIAN_POINT('',(-12.8,-3.33455015305,3.5));
#1316 = CARTESIAN_POINT('',(-12.8,-3.269503335309,3.526943274098));
#1317 = CARTESIAN_POINT('',(-12.8,-3.176943274098,3.619503335309));
#1318 = CARTESIAN_POINT('',(-12.8,-3.15,3.68455015305));
#1319 = CARTESIAN_POINT('',(-12.8,-3.15,3.81544984695));
#1320 = CARTESIAN_POINT('',(-12.8,-3.176943274098,3.880496664691));
#1321 = CARTESIAN_POINT('',(-12.8,-3.269503335309,3.973056725902));
#1322 = CARTESIAN_POINT('',(-12.8,-3.33455015305,4.));
#1323 = CARTESIAN_POINT('',(-12.8,-3.4,4.));
#1324 = PCURVE('',#366,#1325);
#1325 = DEFINITIONAL_REPRESENTATION('',(#1326),#1352);
#1326 = B_SPLINE_CURVE_WITH_KNOTS('',3,(#1327,#1328,#1329,#1330,#1331,
    #1332,#1333,#1334,#1335,#1336,#1337,#1338,#1339,#1340,#1341,#1342,
    #1343,#1344,#1345,#1346,#1347,#1348,#1349,#1350,#1351),
  .UNSPECIFIED.,.F.,.F.,(4,1,1,1,1,1,1,1,1,1,1,1,1,1,1,1,1,1,1,1,1,1,4),
  (0.,4.545454545455E-02,9.090909090909E-02,0.136363636364,
    0.181818181818,0.227272727273,0.272727272727,0.318181818182,
    0.363636363636,0.409090909091,0.454545454545,0.5,0.545454545455,
    0.590909090909,0.636363636364,0.681818181818,0.727272727273,
    0.772727272727,0.818181818182,0.863636363636,0.909090909091,
    0.954545454545,1.),.QUASI_UNIFORM_KNOTS.);
#1327 = CARTESIAN_POINT('',(6.28318530718,4.607106781187));
#1328 = CARTESIAN_POINT('',(6.235615287259,4.607106781187));
#1329 = CARTESIAN_POINT('',(6.140463071881,4.607106781187));
#1330 = CARTESIAN_POINT('',(5.997683456457,4.607106781187));
#1331 = CARTESIAN_POINT('',(5.854750376885,4.607106781187));
#1332 = CARTESIAN_POINT('',(5.711867582528,4.607106781187));
#1333 = CARTESIAN_POINT('',(5.569172275663,4.607106781187));
#1334 = CARTESIAN_POINT('',(5.426402005746,4.607106781187));
#1335 = CARTESIAN_POINT('',(5.283706735813,4.607106781187));
#1336 = CARTESIAN_POINT('',(5.140823793725,4.607106781187));
#1337 = CARTESIAN_POINT('',(4.997891268146,4.607106781187));
#1338 = CARTESIAN_POINT('',(4.855109584482,4.607106781187));
#1339 = CARTESIAN_POINT('',(4.712388980385,4.607106781187));
#1340 = CARTESIAN_POINT('',(4.569668376287,4.607106781187));
#1341 = CARTESIAN_POINT('',(4.426886692623,4.607106781187));
#1342 = CARTESIAN_POINT('',(4.283954167044,4.607106781187));
#1343 = CARTESIAN_POINT('',(4.141071224956,4.607106781187));
#1344 = CARTESIAN_POINT('',(3.998375955023,4.607106781187));
#1345 = CARTESIAN_POINT('',(3.855605685106,4.607106781187));
#1346 = CARTESIAN_POINT('',(3.712910378241,4.607106781187));
#1347 = CARTESIAN_POINT('',(3.570027583884,4.607106781187));
#1348 = CARTESIAN_POINT('',(3.427094504312,4.607106781187));
#1349 = CARTESIAN_POINT('',(3.284314888889,4.607106781187));
#1350 = CARTESIAN_POINT('',(3.189162673511,4.607106781187));
#1351 = CARTESIAN_POINT('',(3.14159265359,4.607106781187));
#1352 = ( GEOMETRIC_REPRESENTATION_CONTEXT(2) 
PARAMETRIC_REPRESENTATION_CONTEXT() REPRESENTATION_CONTEXT('2D SPACE',''
  ) );
#1353 = PCURVE('',#1247,#1354);
#1354 = DEFINITIONAL_REPRESENTATION('',(#1355),#1366);
#1355 = B_SPLINE_CURVE_WITH_KNOTS('',3,(#1356,#1357,#1358,#1359,#1360,
    #1361,#1362,#1363,#1364,#1365),.UNSPECIFIED.,.F.,.F.,(4,2,2,2,4),(0.
    ,0.25,0.5,0.75,1.),.UNSPECIFIED.);
#1356 = CARTESIAN_POINT('',(0.,0.25));
#1357 = CARTESIAN_POINT('',(6.544984694979E-02,0.25));
#1358 = CARTESIAN_POINT('',(0.130496664691,0.223056725902));
#1359 = CARTESIAN_POINT('',(0.223056725902,0.130496664691));
#1360 = CARTESIAN_POINT('',(0.25,6.544984694979E-02));
#1361 = CARTESIAN_POINT('',(0.25,-6.544984694979E-02));
#1362 = CARTESIAN_POINT('',(0.223056725902,-0.130496664691));
#1363 = CARTESIAN_POINT('',(0.130496664691,-0.223056725902));
#1364 = CARTESIAN_POINT('',(6.544984694979E-02,-0.25));
#1365 = CARTESIAN_POINT('',(0.,-0.25));
#1366 = ( GEOMETRIC_REPRESENTATION_CONTEXT(2) 
PARAMETRIC_REPRESENTATION_CONTEXT() REPRESENTATION_CONTEXT('2D SPACE',''
  ) );
#1367 = ORIENTED_EDGE('',*,*,#1287,.F.);
#1368 = ORIENTED_EDGE('',*,*,#330,.F.);
#1369 = ADVANCED_FACE('',(#1370),#574,.T.);
#1370 = FACE_BOUND('',#1371,.T.);
#1371 = EDGE_LOOP('',(#1372,#1438,#1458,#1459));
#1372 = ORIENTED_EDGE('',*,*,#1373,.T.);
#1373 = EDGE_CURVE('',#1374,#1376,#1378,.T.);
#1374 = VERTEX_POINT('',#1375);
#1375 = CARTESIAN_POINT('',(-12.8,-3.4,1.));
#1376 = VERTEX_POINT('',#1377);
#1377 = CARTESIAN_POINT('',(-12.8,-3.4,0.5));
#1378 = SURFACE_CURVE('',#1379,(#1390,#1419),.PCURVE_S1.);
#1379 = B_SPLINE_CURVE_WITH_KNOTS('',3,(#1380,#1381,#1382,#1383,#1384,
    #1385,#1386,#1387,#1388,#1389),.UNSPECIFIED.,.F.,.F.,(4,2,2,2,4),(0.
    ,0.25,0.5,0.75,1.),.UNSPECIFIED.);
#1380 = CARTESIAN_POINT('',(-12.8,-3.4,1.));
#1381 = CARTESIAN_POINT('',(-12.8,-3.46544984695,1.));
#1382 = CARTESIAN_POINT('',(-12.8,-3.530496664691,0.973056725902));
#1383 = CARTESIAN_POINT('',(-12.8,-3.623056725902,0.880496664691));
#1384 = CARTESIAN_POINT('',(-12.8,-3.65,0.81544984695));
#1385 = CARTESIAN_POINT('',(-12.8,-3.65,0.68455015305));
#1386 = CARTESIAN_POINT('',(-12.8,-3.623056725902,0.619503335309));
#1387 = CARTESIAN_POINT('',(-12.8,-3.530496664691,0.526943274098));
#1388 = CARTESIAN_POINT('',(-12.8,-3.46544984695,0.5));
#1389 = CARTESIAN_POINT('',(-12.8,-3.4,0.5));
#1390 = PCURVE('',#574,#1391);
#1391 = DEFINITIONAL_REPRESENTATION('',(#1392),#1418);
#1392 = B_SPLINE_CURVE_WITH_KNOTS('',3,(#1393,#1394,#1395,#1396,#1397,
    #1398,#1399,#1400,#1401,#1402,#1403,#1404,#1405,#1406,#1407,#1408,
    #1409,#1410,#1411,#1412,#1413,#1414,#1415,#1416,#1417),
  .UNSPECIFIED.,.F.,.F.,(4,1,1,1,1,1,1,1,1,1,1,1,1,1,1,1,1,1,1,1,1,1,4),
  (0.,4.545454545455E-02,9.090909090909E-02,0.136363636364,
    0.181818181818,0.227272727273,0.272727272727,0.318181818182,
    0.363636363636,0.409090909091,0.454545454545,0.5,0.545454545455,
    0.590909090909,0.636363636364,0.681818181818,0.727272727273,
    0.772727272727,0.818181818182,0.863636363636,0.909090909091,
    0.954545454545,1.),.QUASI_UNIFORM_KNOTS.);
#1393 = CARTESIAN_POINT('',(3.14159265359,4.607106781187));
#1394 = CARTESIAN_POINT('',(3.094022633669,4.607106781187));
#1395 = CARTESIAN_POINT('',(2.998870418291,4.607106781187));
#1396 = CARTESIAN_POINT('',(2.856090802868,4.607106781187));
#1397 = CARTESIAN_POINT('',(2.713157723295,4.607106781187));
#1398 = CARTESIAN_POINT('',(2.570274928939,4.607106781187));
#1399 = CARTESIAN_POINT('',(2.427579622073,4.607106781187));
#1400 = CARTESIAN_POINT('',(2.284809352156,4.607106781187));
#1401 = CARTESIAN_POINT('',(2.142114082224,4.607106781187));
#1402 = CARTESIAN_POINT('',(1.999231140135,4.607106781187));
#1403 = CARTESIAN_POINT('',(1.856298614556,4.607106781187));
#1404 = CARTESIAN_POINT('',(1.713516930892,4.607106781187));
#1405 = CARTESIAN_POINT('',(1.570796326795,4.607106781187));
#1406 = CARTESIAN_POINT('',(1.428075722698,4.607106781187));
#1407 = CARTESIAN_POINT('',(1.285294039034,4.607106781187));
#1408 = CARTESIAN_POINT('',(1.142361513454,4.607106781187));
#1409 = CARTESIAN_POINT('',(0.999478571366,4.607106781187));
#1410 = CARTESIAN_POINT('',(0.856783301434,4.607106781187));
#1411 = CARTESIAN_POINT('',(0.714013031517,4.607106781187));
#1412 = CARTESIAN_POINT('',(0.571317724651,4.607106781187));
#1413 = CARTESIAN_POINT('',(0.428434930295,4.607106781187));
#1414 = CARTESIAN_POINT('',(0.285501850722,4.607106781187));
#1415 = CARTESIAN_POINT('',(0.142722235299,4.607106781187));
#1416 = CARTESIAN_POINT('',(4.757001992097E-02,4.607106781187));
#1417 = CARTESIAN_POINT('',(0.,4.607106781187));
#1418 = ( GEOMETRIC_REPRESENTATION_CONTEXT(2) 
PARAMETRIC_REPRESENTATION_CONTEXT() REPRESENTATION_CONTEXT('2D SPACE',''
  ) );
#1419 = PCURVE('',#1420,#1425);
#1420 = PLANE('',#1421);
#1421 = AXIS2_PLACEMENT_3D('',#1422,#1423,#1424);
#1422 = CARTESIAN_POINT('',(-12.8,-3.4,0.75));
#1423 = DIRECTION('',(-1.,-2.758299773102E-45,2.106062720053E-16));
#1424 = DIRECTION('',(-2.758299773102E-45,1.,0.));
#1425 = DEFINITIONAL_REPRESENTATION('',(#1426),#1437);
#1426 = B_SPLINE_CURVE_WITH_KNOTS('',3,(#1427,#1428,#1429,#1430,#1431,
    #1432,#1433,#1434,#1435,#1436),.UNSPECIFIED.,.F.,.F.,(4,2,2,2,4),(0.
    ,0.25,0.5,0.75,1.),.UNSPECIFIED.);
#1427 = CARTESIAN_POINT('',(0.,-0.25));
#1428 = CARTESIAN_POINT('',(-6.544984694979E-02,-0.25));
#1429 = CARTESIAN_POINT('',(-0.130496664691,-0.223056725902));
#1430 = CARTESIAN_POINT('',(-0.223056725902,-0.130496664691));
#1431 = CARTESIAN_POINT('',(-0.25,-6.544984694979E-02));
#1432 = CARTESIAN_POINT('',(-0.25,6.544984694979E-02));
#1433 = CARTESIAN_POINT('',(-0.223056725902,0.130496664691));
#1434 = CARTESIAN_POINT('',(-0.130496664691,0.223056725902));
#1435 = CARTESIAN_POINT('',(-6.544984694979E-02,0.25));
#1436 = CARTESIAN_POINT('',(0.,0.25));
#1437 = ( GEOMETRIC_REPRESENTATION_CONTEXT(2) 
PARAMETRIC_REPRESENTATION_CONTEXT() REPRESENTATION_CONTEXT('2D SPACE',''
  ) );
#1438 = ORIENTED_EDGE('',*,*,#1439,.T.);
#1439 = EDGE_CURVE('',#1376,#473,#1440,.T.);
#1440 = SURFACE_CURVE('',#1441,(#1446,#1452),.PCURVE_S1.);
#1441 = B_SPLINE_CURVE_WITH_KNOTS('',3,(#1442,#1443,#1444,#1445),
  .UNSPECIFIED.,.F.,.F.,(4,4),(0.,1.),.PIECEWISE_BEZIER_KNOTS.);
#1442 = CARTESIAN_POINT('',(-12.8,-3.4,0.5));
#1443 = CARTESIAN_POINT('',(-12.,-3.4,0.5));
#1444 = CARTESIAN_POINT('',(-11.2,-3.4,0.5));
#1445 = CARTESIAN_POINT('',(-10.4,-3.4,0.5));
#1446 = PCURVE('',#574,#1447);
#1447 = DEFINITIONAL_REPRESENTATION('',(#1448),#1451);
#1448 = B_SPLINE_CURVE_WITH_KNOTS('',1,(#1449,#1450),.UNSPECIFIED.,.F.,
  .F.,(2,2),(0.,1.),.PIECEWISE_BEZIER_KNOTS.);
#1449 = CARTESIAN_POINT('',(0.,4.607106781187));
#1450 = CARTESIAN_POINT('',(0.,2.207106781187));
#1451 = ( GEOMETRIC_REPRESENTATION_CONTEXT(2) 
PARAMETRIC_REPRESENTATION_CONTEXT() REPRESENTATION_CONTEXT('2D SPACE',''
  ) );
#1452 = PCURVE('',#508,#1453);
#1453 = DEFINITIONAL_REPRESENTATION('',(#1454),#1457);
#1454 = B_SPLINE_CURVE_WITH_KNOTS('',1,(#1455,#1456),.UNSPECIFIED.,.F.,
  .F.,(2,2),(0.,1.),.PIECEWISE_BEZIER_KNOTS.);
#1455 = CARTESIAN_POINT('',(6.28318530718,4.607106781187));
#1456 = CARTESIAN_POINT('',(6.28318530718,2.207106781187));
#1457 = ( GEOMETRIC_REPRESENTATION_CONTEXT(2) 
PARAMETRIC_REPRESENTATION_CONTEXT() REPRESENTATION_CONTEXT('2D SPACE',''
  ) );
#1458 = ORIENTED_EDGE('',*,*,#542,.F.);
#1459 = ORIENTED_EDGE('',*,*,#1460,.T.);
#1460 = EDGE_CURVE('',#475,#1374,#1461,.T.);
#1461 = SURFACE_CURVE('',#1462,(#1467,#1473),.PCURVE_S1.);
#1462 = B_SPLINE_CURVE_WITH_KNOTS('',3,(#1463,#1464,#1465,#1466),
  .UNSPECIFIED.,.F.,.F.,(4,4),(0.,1.),.PIECEWISE_BEZIER_KNOTS.);
#1463 = CARTESIAN_POINT('',(-10.4,-3.4,1.));
#1464 = CARTESIAN_POINT('',(-11.2,-3.4,1.));
#1465 = CARTESIAN_POINT('',(-12.,-3.4,1.));
#1466 = CARTESIAN_POINT('',(-12.8,-3.4,1.));
#1467 = PCURVE('',#574,#1468);
#1468 = DEFINITIONAL_REPRESENTATION('',(#1469),#1472);
#1469 = B_SPLINE_CURVE_WITH_KNOTS('',1,(#1470,#1471),.UNSPECIFIED.,.F.,
  .F.,(2,2),(0.,1.),.PIECEWISE_BEZIER_KNOTS.);
#1470 = CARTESIAN_POINT('',(3.14159265359,2.207106781187));
#1471 = CARTESIAN_POINT('',(3.14159265359,4.607106781187));
#1472 = ( GEOMETRIC_REPRESENTATION_CONTEXT(2) 
PARAMETRIC_REPRESENTATION_CONTEXT() REPRESENTATION_CONTEXT('2D SPACE',''
  ) );
#1473 = PCURVE('',#508,#1474);
#1474 = DEFINITIONAL_REPRESENTATION('',(#1475),#1478);
#1475 = B_SPLINE_CURVE_WITH_KNOTS('',1,(#1476,#1477),.UNSPECIFIED.,.F.,
  .F.,(2,2),(0.,1.),.PIECEWISE_BEZIER_KNOTS.);
#1476 = CARTESIAN_POINT('',(3.14159265359,2.207106781187));
#1477 = CARTESIAN_POINT('',(3.14159265359,4.607106781187));
#1478 = ( GEOMETRIC_REPRESENTATION_CONTEXT(2) 
PARAMETRIC_REPRESENTATION_CONTEXT() REPRESENTATION_CONTEXT('2D SPACE',''
  ) );
#1479 = ADVANCED_FACE('',(#1480),#508,.T.);
#1480 = FACE_BOUND('',#1481,.T.);
#1481 = EDGE_LOOP('',(#1482,#1483,#1540,#1541));
#1482 = ORIENTED_EDGE('',*,*,#1439,.F.);
#1483 = ORIENTED_EDGE('',*,*,#1484,.T.);
#1484 = EDGE_CURVE('',#1376,#1374,#1485,.T.);
#1485 = SURFACE_CURVE('',#1486,(#1497,#1526),.PCURVE_S1.);
#1486 = B_SPLINE_CURVE_WITH_KNOTS('',3,(#1487,#1488,#1489,#1490,#1491,
    #1492,#1493,#1494,#1495,#1496),.UNSPECIFIED.,.F.,.F.,(4,2,2,2,4),(0.
    ,0.25,0.5,0.75,1.),.UNSPECIFIED.);
#1487 = CARTESIAN_POINT('',(-12.8,-3.4,0.5));
#1488 = CARTESIAN_POINT('',(-12.8,-3.33455015305,0.5));
#1489 = CARTESIAN_POINT('',(-12.8,-3.269503335309,0.526943274098));
#1490 = CARTESIAN_POINT('',(-12.8,-3.176943274098,0.619503335309));
#1491 = CARTESIAN_POINT('',(-12.8,-3.15,0.68455015305));
#1492 = CARTESIAN_POINT('',(-12.8,-3.15,0.81544984695));
#1493 = CARTESIAN_POINT('',(-12.8,-3.176943274098,0.880496664691));
#1494 = CARTESIAN_POINT('',(-12.8,-3.269503335309,0.973056725902));
#1495 = CARTESIAN_POINT('',(-12.8,-3.33455015305,1.));
#1496 = CARTESIAN_POINT('',(-12.8,-3.4,1.));
#1497 = PCURVE('',#508,#1498);
#1498 = DEFINITIONAL_REPRESENTATION('',(#1499),#1525);
#1499 = B_SPLINE_CURVE_WITH_KNOTS('',3,(#1500,#1501,#1502,#1503,#1504,
    #1505,#1506,#1507,#1508,#1509,#1510,#1511,#1512,#1513,#1514,#1515,
    #1516,#1517,#1518,#1519,#1520,#1521,#1522,#1523,#1524),
  .UNSPECIFIED.,.F.,.F.,(4,1,1,1,1,1,1,1,1,1,1,1,1,1,1,1,1,1,1,1,1,1,4),
  (0.,4.545454545455E-02,9.090909090909E-02,0.136363636364,
    0.181818181818,0.227272727273,0.272727272727,0.318181818182,
    0.363636363636,0.409090909091,0.454545454545,0.5,0.545454545455,
    0.590909090909,0.636363636364,0.681818181818,0.727272727273,
    0.772727272727,0.818181818182,0.863636363636,0.909090909091,
    0.954545454545,1.),.QUASI_UNIFORM_KNOTS.);
#1500 = CARTESIAN_POINT('',(6.28318530718,4.607106781187));
#1501 = CARTESIAN_POINT('',(6.235615287259,4.607106781187));
#1502 = CARTESIAN_POINT('',(6.140463071881,4.607106781187));
#1503 = CARTESIAN_POINT('',(5.997683456457,4.607106781187));
#1504 = CARTESIAN_POINT('',(5.854750376885,4.607106781187));
#1505 = CARTESIAN_POINT('',(5.711867582528,4.607106781187));
#1506 = CARTESIAN_POINT('',(5.569172275663,4.607106781187));
#1507 = CARTESIAN_POINT('',(5.426402005746,4.607106781187));
#1508 = CARTESIAN_POINT('',(5.283706735813,4.607106781187));
#1509 = CARTESIAN_POINT('',(5.140823793725,4.607106781187));
#1510 = CARTESIAN_POINT('',(4.997891268146,4.607106781187));
#1511 = CARTESIAN_POINT('',(4.855109584482,4.607106781187));
#1512 = CARTESIAN_POINT('',(4.712388980385,4.607106781187));
#1513 = CARTESIAN_POINT('',(4.569668376287,4.607106781187));
#1514 = CARTESIAN_POINT('',(4.426886692623,4.607106781187));
#1515 = CARTESIAN_POINT('',(4.283954167044,4.607106781187));
#1516 = CARTESIAN_POINT('',(4.141071224956,4.607106781187));
#1517 = CARTESIAN_POINT('',(3.998375955023,4.607106781187));
#1518 = CARTESIAN_POINT('',(3.855605685106,4.607106781187));
#1519 = CARTESIAN_POINT('',(3.712910378241,4.607106781187));
#1520 = CARTESIAN_POINT('',(3.570027583884,4.607106781187));
#1521 = CARTESIAN_POINT('',(3.427094504312,4.607106781187));
#1522 = CARTESIAN_POINT('',(3.284314888889,4.607106781187));
#1523 = CARTESIAN_POINT('',(3.189162673511,4.607106781187));
#1524 = CARTESIAN_POINT('',(3.14159265359,4.607106781187));
#1525 = ( GEOMETRIC_REPRESENTATION_CONTEXT(2) 
PARAMETRIC_REPRESENTATION_CONTEXT() REPRESENTATION_CONTEXT('2D SPACE',''
  ) );
#1526 = PCURVE('',#1420,#1527);
#1527 = DEFINITIONAL_REPRESENTATION('',(#1528),#1539);
#1528 = B_SPLINE_CURVE_WITH_KNOTS('',3,(#1529,#1530,#1531,#1532,#1533,
    #1534,#1535,#1536,#1537,#1538),.UNSPECIFIED.,.F.,.F.,(4,2,2,2,4),(0.
    ,0.25,0.5,0.75,1.),.UNSPECIFIED.);
#1529 = CARTESIAN_POINT('',(0.,0.25));
#1530 = CARTESIAN_POINT('',(6.544984694979E-02,0.25));
#1531 = CARTESIAN_POINT('',(0.130496664691,0.223056725902));
#1532 = CARTESIAN_POINT('',(0.223056725902,0.130496664691));
#1533 = CARTESIAN_POINT('',(0.25,6.544984694979E-02));
#1534 = CARTESIAN_POINT('',(0.25,-6.544984694979E-02));
#1535 = CARTESIAN_POINT('',(0.223056725902,-0.130496664691));
#1536 = CARTESIAN_POINT('',(0.130496664691,-0.223056725902));
#1537 = CARTESIAN_POINT('',(6.544984694979E-02,-0.25));
#1538 = CARTESIAN_POINT('',(0.,-0.25));
#1539 = ( GEOMETRIC_REPRESENTATION_CONTEXT(2) 
PARAMETRIC_REPRESENTATION_CONTEXT() REPRESENTATION_CONTEXT('2D SPACE',''
  ) );
#1540 = ORIENTED_EDGE('',*,*,#1460,.F.);
#1541 = ORIENTED_EDGE('',*,*,#472,.F.);
#1542 = ADVANCED_FACE('',(#1543),#712,.T.);
#1543 = FACE_BOUND('',#1544,.T.);
#1544 = EDGE_LOOP('',(#1545,#1611,#1631,#1632));
#1545 = ORIENTED_EDGE('',*,*,#1546,.T.);
#1546 = EDGE_CURVE('',#1547,#1549,#1551,.T.);
#1547 = VERTEX_POINT('',#1548);
#1548 = CARTESIAN_POINT('',(-12.8,-3.4,-0.5));
#1549 = VERTEX_POINT('',#1550);
#1550 = CARTESIAN_POINT('',(-12.8,-3.4,-1.));
#1551 = SURFACE_CURVE('',#1552,(#1563,#1592),.PCURVE_S1.);
#1552 = B_SPLINE_CURVE_WITH_KNOTS('',3,(#1553,#1554,#1555,#1556,#1557,
    #1558,#1559,#1560,#1561,#1562),.UNSPECIFIED.,.F.,.F.,(4,2,2,2,4),(0.
    ,0.25,0.5,0.75,1.),.UNSPECIFIED.);
#1553 = CARTESIAN_POINT('',(-12.8,-3.4,-0.5));
#1554 = CARTESIAN_POINT('',(-12.8,-3.46544984695,-0.5));
#1555 = CARTESIAN_POINT('',(-12.8,-3.530496664691,-0.526943274098));
#1556 = CARTESIAN_POINT('',(-12.8,-3.623056725902,-0.619503335309));
#1557 = CARTESIAN_POINT('',(-12.8,-3.65,-0.68455015305));
#1558 = CARTESIAN_POINT('',(-12.8,-3.65,-0.81544984695));
#1559 = CARTESIAN_POINT('',(-12.8,-3.623056725902,-0.880496664691));
#1560 = CARTESIAN_POINT('',(-12.8,-3.530496664691,-0.973056725902));
#1561 = CARTESIAN_POINT('',(-12.8,-3.46544984695,-1.));
#1562 = CARTESIAN_POINT('',(-12.8,-3.4,-1.));
#1563 = PCURVE('',#712,#1564);
#1564 = DEFINITIONAL_REPRESENTATION('',(#1565),#1591);
#1565 = B_SPLINE_CURVE_WITH_KNOTS('',3,(#1566,#1567,#1568,#1569,#1570,
    #1571,#1572,#1573,#1574,#1575,#1576,#1577,#1578,#1579,#1580,#1581,
    #1582,#1583,#1584,#1585,#1586,#1587,#1588,#1589,#1590),
  .UNSPECIFIED.,.F.,.F.,(4,1,1,1,1,1,1,1,1,1,1,1,1,1,1,1,1,1,1,1,1,1,4),
  (0.,4.545454545455E-02,9.090909090909E-02,0.136363636364,
    0.181818181818,0.227272727273,0.272727272727,0.318181818182,
    0.363636363636,0.409090909091,0.454545454545,0.5,0.545454545455,
    0.590909090909,0.636363636364,0.681818181818,0.727272727273,
    0.772727272727,0.818181818182,0.863636363636,0.909090909091,
    0.954545454545,1.),.QUASI_UNIFORM_KNOTS.);
#1566 = CARTESIAN_POINT('',(3.14159265359,4.607106781187));
#1567 = CARTESIAN_POINT('',(3.094022633669,4.607106781187));
#1568 = CARTESIAN_POINT('',(2.998870418291,4.607106781187));
#1569 = CARTESIAN_POINT('',(2.856090802868,4.607106781187));
#1570 = CARTESIAN_POINT('',(2.713157723295,4.607106781187));
#1571 = CARTESIAN_POINT('',(2.570274928939,4.607106781187));
#1572 = CARTESIAN_POINT('',(2.427579622073,4.607106781187));
#1573 = CARTESIAN_POINT('',(2.284809352156,4.607106781187));
#1574 = CARTESIAN_POINT('',(2.142114082224,4.607106781187));
#1575 = CARTESIAN_POINT('',(1.999231140135,4.607106781187));
#1576 = CARTESIAN_POINT('',(1.856298614556,4.607106781187));
#1577 = CARTESIAN_POINT('',(1.713516930892,4.607106781187));
#1578 = CARTESIAN_POINT('',(1.570796326795,4.607106781187));
#1579 = CARTESIAN_POINT('',(1.428075722698,4.607106781187));
#1580 = CARTESIAN_POINT('',(1.285294039034,4.607106781187));
#1581 = CARTESIAN_POINT('',(1.142361513454,4.607106781187));
#1582 = CARTESIAN_POINT('',(0.999478571366,4.607106781187));
#1583 = CARTESIAN_POINT('',(0.856783301434,4.607106781187));
#1584 = CARTESIAN_POINT('',(0.714013031517,4.607106781187));
#1585 = CARTESIAN_POINT('',(0.571317724651,4.607106781187));
#1586 = CARTESIAN_POINT('',(0.428434930295,4.607106781187));
#1587 = CARTESIAN_POINT('',(0.285501850722,4.607106781187));
#1588 = CARTESIAN_POINT('',(0.142722235299,4.607106781187));
#1589 = CARTESIAN_POINT('',(4.757001992097E-02,4.607106781187));
#1590 = CARTESIAN_POINT('',(0.,4.607106781187));
#1591 = ( GEOMETRIC_REPRESENTATION_CONTEXT(2) 
PARAMETRIC_REPRESENTATION_CONTEXT() REPRESENTATION_CONTEXT('2D SPACE',''
  ) );
#1592 = PCURVE('',#1593,#1598);
#1593 = PLANE('',#1594);
#1594 = AXIS2_PLACEMENT_3D('',#1595,#1596,#1597);
#1595 = CARTESIAN_POINT('',(-12.8,-3.4,-0.75));
#1596 = DIRECTION('',(-1.,-2.758299773102E-45,2.106062720053E-16));
#1597 = DIRECTION('',(-2.758299773102E-45,1.,0.));
#1598 = DEFINITIONAL_REPRESENTATION('',(#1599),#1610);
#1599 = B_SPLINE_CURVE_WITH_KNOTS('',3,(#1600,#1601,#1602,#1603,#1604,
    #1605,#1606,#1607,#1608,#1609),.UNSPECIFIED.,.F.,.F.,(4,2,2,2,4),(0.
    ,0.25,0.5,0.75,1.),.UNSPECIFIED.);
#1600 = CARTESIAN_POINT('',(0.,-0.25));
#1601 = CARTESIAN_POINT('',(-6.544984694979E-02,-0.25));
#1602 = CARTESIAN_POINT('',(-0.130496664691,-0.223056725902));
#1603 = CARTESIAN_POINT('',(-0.223056725902,-0.130496664691));
#1604 = CARTESIAN_POINT('',(-0.25,-6.544984694979E-02));
#1605 = CARTESIAN_POINT('',(-0.25,6.544984694979E-02));
#1606 = CARTESIAN_POINT('',(-0.223056725902,0.130496664691));
#1607 = CARTESIAN_POINT('',(-0.130496664691,0.223056725902));
#1608 = CARTESIAN_POINT('',(-6.544984694979E-02,0.25));
#1609 = CARTESIAN_POINT('',(0.,0.25));
#1610 = ( GEOMETRIC_REPRESENTATION_CONTEXT(2) 
PARAMETRIC_REPRESENTATION_CONTEXT() REPRESENTATION_CONTEXT('2D SPACE',''
  ) );
#1611 = ORIENTED_EDGE('',*,*,#1612,.T.);
#1612 = EDGE_CURVE('',#1549,#611,#1613,.T.);
#1613 = SURFACE_CURVE('',#1614,(#1619,#1625),.PCURVE_S1.);
#1614 = B_SPLINE_CURVE_WITH_KNOTS('',3,(#1615,#1616,#1617,#1618),
  .UNSPECIFIED.,.F.,.F.,(4,4),(0.,1.),.PIECEWISE_BEZIER_KNOTS.);
#1615 = CARTESIAN_POINT('',(-12.8,-3.4,-1.));
#1616 = CARTESIAN_POINT('',(-12.,-3.4,-1.));
#1617 = CARTESIAN_POINT('',(-11.2,-3.4,-1.));
#1618 = CARTESIAN_POINT('',(-10.4,-3.4,-1.));
#1619 = PCURVE('',#712,#1620);
#1620 = DEFINITIONAL_REPRESENTATION('',(#1621),#1624);
#1621 = B_SPLINE_CURVE_WITH_KNOTS('',1,(#1622,#1623),.UNSPECIFIED.,.F.,
  .F.,(2,2),(0.,1.),.PIECEWISE_BEZIER_KNOTS.);
#1622 = CARTESIAN_POINT('',(0.,4.607106781187));
#1623 = CARTESIAN_POINT('',(0.,2.207106781187));
#1624 = ( GEOMETRIC_REPRESENTATION_CONTEXT(2) 
PARAMETRIC_REPRESENTATION_CONTEXT() REPRESENTATION_CONTEXT('2D SPACE',''
  ) );
#1625 = PCURVE('',#646,#1626);
#1626 = DEFINITIONAL_REPRESENTATION('',(#1627),#1630);
#1627 = B_SPLINE_CURVE_WITH_KNOTS('',1,(#1628,#1629),.UNSPECIFIED.,.F.,
  .F.,(2,2),(0.,1.),.PIECEWISE_BEZIER_KNOTS.);
#1628 = CARTESIAN_POINT('',(6.28318530718,4.607106781187));
#1629 = CARTESIAN_POINT('',(6.28318530718,2.207106781187));
#1630 = ( GEOMETRIC_REPRESENTATION_CONTEXT(2) 
PARAMETRIC_REPRESENTATION_CONTEXT() REPRESENTATION_CONTEXT('2D SPACE',''
  ) );
#1631 = ORIENTED_EDGE('',*,*,#680,.F.);
#1632 = ORIENTED_EDGE('',*,*,#1633,.T.);
#1633 = EDGE_CURVE('',#613,#1547,#1634,.T.);
#1634 = SURFACE_CURVE('',#1635,(#1640,#1646),.PCURVE_S1.);
#1635 = B_SPLINE_CURVE_WITH_KNOTS('',3,(#1636,#1637,#1638,#1639),
  .UNSPECIFIED.,.F.,.F.,(4,4),(0.,1.),.PIECEWISE_BEZIER_KNOTS.);
#1636 = CARTESIAN_POINT('',(-10.4,-3.4,-0.5));
#1637 = CARTESIAN_POINT('',(-11.2,-3.4,-0.5));
#1638 = CARTESIAN_POINT('',(-12.,-3.4,-0.5));
#1639 = CARTESIAN_POINT('',(-12.8,-3.4,-0.5));
#1640 = PCURVE('',#712,#1641);
#1641 = DEFINITIONAL_REPRESENTATION('',(#1642),#1645);
#1642 = B_SPLINE_CURVE_WITH_KNOTS('',1,(#1643,#1644),.UNSPECIFIED.,.F.,
  .F.,(2,2),(0.,1.),.PIECEWISE_BEZIER_KNOTS.);
#1643 = CARTESIAN_POINT('',(3.14159265359,2.207106781187));
#1644 = CARTESIAN_POINT('',(3.14159265359,4.607106781187));
#1645 = ( GEOMETRIC_REPRESENTATION_CONTEXT(2) 
PARAMETRIC_REPRESENTATION_CONTEXT() REPRESENTATION_CONTEXT('2D SPACE',''
  ) );
#1646 = PCURVE('',#646,#1647);
#1647 = DEFINITIONAL_REPRESENTATION('',(#1648),#1651);
#1648 = B_SPLINE_CURVE_WITH_KNOTS('',1,(#1649,#1650),.UNSPECIFIED.,.F.,
  .F.,(2,2),(0.,1.),.PIECEWISE_BEZIER_KNOTS.);
#1649 = CARTESIAN_POINT('',(3.14159265359,2.207106781187));
#1650 = CARTESIAN_POINT('',(3.14159265359,4.607106781187));
#1651 = ( GEOMETRIC_REPRESENTATION_CONTEXT(2) 
PARAMETRIC_REPRESENTATION_CONTEXT() REPRESENTATION_CONTEXT('2D SPACE',''
  ) );
#1652 = ADVANCED_FACE('',(#1653),#646,.T.);
#1653 = FACE_BOUND('',#1654,.T.);
#1654 = EDGE_LOOP('',(#1655,#1656,#1713,#1714));
#1655 = ORIENTED_EDGE('',*,*,#1612,.F.);
#1656 = ORIENTED_EDGE('',*,*,#1657,.T.);
#1657 = EDGE_CURVE('',#1549,#1547,#1658,.T.);
#1658 = SURFACE_CURVE('',#1659,(#1670,#1699),.PCURVE_S1.);
#1659 = B_SPLINE_CURVE_WITH_KNOTS('',3,(#1660,#1661,#1662,#1663,#1664,
    #1665,#1666,#1667,#1668,#1669),.UNSPECIFIED.,.F.,.F.,(4,2,2,2,4),(0.
    ,0.25,0.5,0.75,1.),.UNSPECIFIED.);
#1660 = CARTESIAN_POINT('',(-12.8,-3.4,-1.));
#1661 = CARTESIAN_POINT('',(-12.8,-3.33455015305,-1.));
#1662 = CARTESIAN_POINT('',(-12.8,-3.269503335309,-0.973056725902));
#1663 = CARTESIAN_POINT('',(-12.8,-3.176943274098,-0.880496664691));
#1664 = CARTESIAN_POINT('',(-12.8,-3.15,-0.81544984695));
#1665 = CARTESIAN_POINT('',(-12.8,-3.15,-0.68455015305));
#1666 = CARTESIAN_POINT('',(-12.8,-3.176943274098,-0.619503335309));
#1667 = CARTESIAN_POINT('',(-12.8,-3.269503335309,-0.526943274098));
#1668 = CARTESIAN_POINT('',(-12.8,-3.33455015305,-0.5));
#1669 = CARTESIAN_POINT('',(-12.8,-3.4,-0.5));
#1670 = PCURVE('',#646,#1671);
#1671 = DEFINITIONAL_REPRESENTATION('',(#1672),#1698);
#1672 = B_SPLINE_CURVE_WITH_KNOTS('',3,(#1673,#1674,#1675,#1676,#1677,
    #1678,#1679,#1680,#1681,#1682,#1683,#1684,#1685,#1686,#1687,#1688,
    #1689,#1690,#1691,#1692,#1693,#1694,#1695,#1696,#1697),
  .UNSPECIFIED.,.F.,.F.,(4,1,1,1,1,1,1,1,1,1,1,1,1,1,1,1,1,1,1,1,1,1,4),
  (0.,4.545454545455E-02,9.090909090909E-02,0.136363636364,
    0.181818181818,0.227272727273,0.272727272727,0.318181818182,
    0.363636363636,0.409090909091,0.454545454545,0.5,0.545454545455,
    0.590909090909,0.636363636364,0.681818181818,0.727272727273,
    0.772727272727,0.818181818182,0.863636363636,0.909090909091,
    0.954545454545,1.),.QUASI_UNIFORM_KNOTS.);
#1673 = CARTESIAN_POINT('',(6.28318530718,4.607106781187));
#1674 = CARTESIAN_POINT('',(6.235615287259,4.607106781187));
#1675 = CARTESIAN_POINT('',(6.140463071881,4.607106781187));
#1676 = CARTESIAN_POINT('',(5.997683456457,4.607106781187));
#1677 = CARTESIAN_POINT('',(5.854750376885,4.607106781187));
#1678 = CARTESIAN_POINT('',(5.711867582528,4.607106781187));
#1679 = CARTESIAN_POINT('',(5.569172275663,4.607106781187));
#1680 = CARTESIAN_POINT('',(5.426402005746,4.607106781187));
#1681 = CARTESIAN_POINT('',(5.283706735813,4.607106781187));
#1682 = CARTESIAN_POINT('',(5.140823793725,4.607106781187));
#1683 = CARTESIAN_POINT('',(4.997891268146,4.607106781187));
#1684 = CARTESIAN_POINT('',(4.855109584482,4.607106781187));
#1685 = CARTESIAN_POINT('',(4.712388980385,4.607106781187));
#1686 = CARTESIAN_POINT('',(4.569668376287,4.607106781187));
#1687 = CARTESIAN_POINT('',(4.426886692623,4.607106781187));
#1688 = CARTESIAN_POINT('',(4.283954167044,4.607106781187));
#1689 = CARTESIAN_POINT('',(4.141071224956,4.607106781187));
#1690 = CARTESIAN_POINT('',(3.998375955023,4.607106781187));
#1691 = CARTESIAN_POINT('',(3.855605685106,4.607106781187));
#1692 = CARTESIAN_POINT('',(3.712910378241,4.607106781187));
#1693 = CARTESIAN_POINT('',(3.570027583884,4.607106781187));
#1694 = CARTESIAN_POINT('',(3.427094504312,4.607106781187));
#1695 = CARTESIAN_POINT('',(3.284314888889,4.607106781187));
#1696 = CARTESIAN_POINT('',(3.189162673511,4.607106781187));
#1697 = CARTESIAN_POINT('',(3.14159265359,4.607106781187));
#1698 = ( GEOMETRIC_REPRESENTATION_CONTEXT(2) 
PARAMETRIC_REPRESENTATION_CONTEXT() REPRESENTATION_CONTEXT('2D SPACE',''
  ) );
#1699 = PCURVE('',#1593,#1700);
#1700 = DEFINITIONAL_REPRESENTATION('',(#1701),#1712);
#1701 = B_SPLINE_CURVE_WITH_KNOTS('',3,(#1702,#1703,#1704,#1705,#1706,
    #1707,#1708,#1709,#1710,#1711),.UNSPECIFIED.,.F.,.F.,(4,2,2,2,4),(0.
    ,0.25,0.5,0.75,1.),.UNSPECIFIED.);
#1702 = CARTESIAN_POINT('',(0.,0.25));
#1703 = CARTESIAN_POINT('',(6.544984694979E-02,0.25));
#1704 = CARTESIAN_POINT('',(0.130496664691,0.223056725902));
#1705 = CARTESIAN_POINT('',(0.223056725902,0.130496664691));
#1706 = CARTESIAN_POINT('',(0.25,6.544984694979E-02));
#1707 = CARTESIAN_POINT('',(0.25,-6.544984694979E-02));
#1708 = CARTESIAN_POINT('',(0.223056725902,-0.130496664691));
#1709 = CARTESIAN_POINT('',(0.130496664691,-0.223056725902));
#1710 = CARTESIAN_POINT('',(6.544984694979E-02,-0.25));
#1711 = CARTESIAN_POINT('',(0.,-0.25));
#1712 = ( GEOMETRIC_REPRESENTATION_CONTEXT(2) 
PARAMETRIC_REPRESENTATION_CONTEXT() REPRESENTATION_CONTEXT('2D SPACE',''
  ) );
#1713 = ORIENTED_EDGE('',*,*,#1633,.F.);
#1714 = ORIENTED_EDGE('',*,*,#610,.F.);
#1715 = ADVANCED_FACE('',(#1716),#850,.T.);
#1716 = FACE_BOUND('',#1717,.T.);
#1717 = EDGE_LOOP('',(#1718,#1784,#1804,#1805));
#1718 = ORIENTED_EDGE('',*,*,#1719,.T.);
#1719 = EDGE_CURVE('',#1720,#1722,#1724,.T.);
#1720 = VERTEX_POINT('',#1721);
#1721 = CARTESIAN_POINT('',(-12.8,-3.4,-2.));
#1722 = VERTEX_POINT('',#1723);
#1723 = CARTESIAN_POINT('',(-12.8,-3.4,-2.5));
#1724 = SURFACE_CURVE('',#1725,(#1736,#1765),.PCURVE_S1.);
#1725 = B_SPLINE_CURVE_WITH_KNOTS('',3,(#1726,#1727,#1728,#1729,#1730,
    #1731,#1732,#1733,#1734,#1735),.UNSPECIFIED.,.F.,.F.,(4,2,2,2,4),(0.
    ,0.25,0.5,0.75,1.),.UNSPECIFIED.);
#1726 = CARTESIAN_POINT('',(-12.8,-3.4,-2.));
#1727 = CARTESIAN_POINT('',(-12.8,-3.46544984695,-2.));
#1728 = CARTESIAN_POINT('',(-12.8,-3.530496664691,-2.026943274098));
#1729 = CARTESIAN_POINT('',(-12.8,-3.623056725902,-2.119503335309));
#1730 = CARTESIAN_POINT('',(-12.8,-3.65,-2.18455015305));
#1731 = CARTESIAN_POINT('',(-12.8,-3.65,-2.31544984695));
#1732 = CARTESIAN_POINT('',(-12.8,-3.623056725902,-2.380496664691));
#1733 = CARTESIAN_POINT('',(-12.8,-3.530496664691,-2.473056725902));
#1734 = CARTESIAN_POINT('',(-12.8,-3.46544984695,-2.5));
#1735 = CARTESIAN_POINT('',(-12.8,-3.4,-2.5));
#1736 = PCURVE('',#850,#1737);
#1737 = DEFINITIONAL_REPRESENTATION('',(#1738),#1764);
#1738 = B_SPLINE_CURVE_WITH_KNOTS('',3,(#1739,#1740,#1741,#1742,#1743,
    #1744,#1745,#1746,#1747,#1748,#1749,#1750,#1751,#1752,#1753,#1754,
    #1755,#1756,#1757,#1758,#1759,#1760,#1761,#1762,#1763),
  .UNSPECIFIED.,.F.,.F.,(4,1,1,1,1,1,1,1,1,1,1,1,1,1,1,1,1,1,1,1,1,1,4),
  (0.,4.545454545455E-02,9.090909090909E-02,0.136363636364,
    0.181818181818,0.227272727273,0.272727272727,0.318181818182,
    0.363636363636,0.409090909091,0.454545454545,0.5,0.545454545455,
    0.590909090909,0.636363636364,0.681818181818,0.727272727273,
    0.772727272727,0.818181818182,0.863636363636,0.909090909091,
    0.954545454545,1.),.QUASI_UNIFORM_KNOTS.);
#1739 = CARTESIAN_POINT('',(3.14159265359,4.607106781187));
#1740 = CARTESIAN_POINT('',(3.094022633669,4.607106781187));
#1741 = CARTESIAN_POINT('',(2.998870418291,4.607106781187));
#1742 = CARTESIAN_POINT('',(2.856090802868,4.607106781187));
#1743 = CARTESIAN_POINT('',(2.713157723295,4.607106781187));
#1744 = CARTESIAN_POINT('',(2.570274928939,4.607106781187));
#1745 = CARTESIAN_POINT('',(2.427579622073,4.607106781187));
#1746 = CARTESIAN_POINT('',(2.284809352156,4.607106781187));
#1747 = CARTESIAN_POINT('',(2.142114082224,4.607106781187));
#1748 = CARTESIAN_POINT('',(1.999231140135,4.607106781187));
#1749 = CARTESIAN_POINT('',(1.856298614556,4.607106781187));
#1750 = CARTESIAN_POINT('',(1.713516930892,4.607106781187));
#1751 = CARTESIAN_POINT('',(1.570796326795,4.607106781187));
#1752 = CARTESIAN_POINT('',(1.428075722698,4.607106781187));
#1753 = CARTESIAN_POINT('',(1.285294039034,4.607106781187));
#1754 = CARTESIAN_POINT('',(1.142361513454,4.607106781187));
#1755 = CARTESIAN_POINT('',(0.999478571366,4.607106781187));
#1756 = CARTESIAN_POINT('',(0.856783301434,4.607106781187));
#1757 = CARTESIAN_POINT('',(0.714013031517,4.607106781187));
#1758 = CARTESIAN_POINT('',(0.571317724651,4.607106781187));
#1759 = CARTESIAN_POINT('',(0.428434930295,4.607106781187));
#1760 = CARTESIAN_POINT('',(0.285501850722,4.607106781187));
#1761 = CARTESIAN_POINT('',(0.142722235299,4.607106781187));
#1762 = CARTESIAN_POINT('',(4.757001992097E-02,4.607106781187));
#1763 = CARTESIAN_POINT('',(0.,4.607106781187));
#1764 = ( GEOMETRIC_REPRESENTATION_CONTEXT(2) 
PARAMETRIC_REPRESENTATION_CONTEXT() REPRESENTATION_CONTEXT('2D SPACE',''
  ) );
#1765 = PCURVE('',#1766,#1771);
#1766 = PLANE('',#1767);
#1767 = AXIS2_PLACEMENT_3D('',#1768,#1769,#1770);
#1768 = CARTESIAN_POINT('',(-12.8,-3.4,-2.25));
#1769 = DIRECTION('',(-1.,-2.758299773102E-45,2.106062720053E-16));
#1770 = DIRECTION('',(-2.758299773102E-45,1.,0.));
#1771 = DEFINITIONAL_REPRESENTATION('',(#1772),#1783);
#1772 = B_SPLINE_CURVE_WITH_KNOTS('',3,(#1773,#1774,#1775,#1776,#1777,
    #1778,#1779,#1780,#1781,#1782),.UNSPECIFIED.,.F.,.F.,(4,2,2,2,4),(0.
    ,0.25,0.5,0.75,1.),.UNSPECIFIED.);
#1773 = CARTESIAN_POINT('',(0.,-0.25));
#1774 = CARTESIAN_POINT('',(-6.544984694979E-02,-0.25));
#1775 = CARTESIAN_POINT('',(-0.130496664691,-0.223056725902));
#1776 = CARTESIAN_POINT('',(-0.223056725902,-0.130496664691));
#1777 = CARTESIAN_POINT('',(-0.25,-6.544984694979E-02));
#1778 = CARTESIAN_POINT('',(-0.25,6.544984694979E-02));
#1779 = CARTESIAN_POINT('',(-0.223056725902,0.130496664691));
#1780 = CARTESIAN_POINT('',(-0.130496664691,0.223056725902));
#1781 = CARTESIAN_POINT('',(-6.544984694979E-02,0.25));
#1782 = CARTESIAN_POINT('',(0.,0.25));
#1783 = ( GEOMETRIC_REPRESENTATION_CONTEXT(2) 
PARAMETRIC_REPRESENTATION_CONTEXT() REPRESENTATION_CONTEXT('2D SPACE',''
  ) );
#1784 = ORIENTED_EDGE('',*,*,#1785,.T.);
#1785 = EDGE_CURVE('',#1722,#749,#1786,.T.);
#1786 = SURFACE_CURVE('',#1787,(#1792,#1798),.PCURVE_S1.);
#1787 = B_SPLINE_CURVE_WITH_KNOTS('',3,(#1788,#1789,#1790,#1791),
  .UNSPECIFIED.,.F.,.F.,(4,4),(0.,1.),.PIECEWISE_BEZIER_KNOTS.);
#1788 = CARTESIAN_POINT('',(-12.8,-3.4,-2.5));
#1789 = CARTESIAN_POINT('',(-12.,-3.4,-2.5));
#1790 = CARTESIAN_POINT('',(-11.2,-3.4,-2.5));
#1791 = CARTESIAN_POINT('',(-10.4,-3.4,-2.5));
#1792 = PCURVE('',#850,#1793);
#1793 = DEFINITIONAL_REPRESENTATION('',(#1794),#1797);
#1794 = B_SPLINE_CURVE_WITH_KNOTS('',1,(#1795,#1796),.UNSPECIFIED.,.F.,
  .F.,(2,2),(0.,1.),.PIECEWISE_BEZIER_KNOTS.);
#1795 = CARTESIAN_POINT('',(0.,4.607106781187));
#1796 = CARTESIAN_POINT('',(0.,2.207106781187));
#1797 = ( GEOMETRIC_REPRESENTATION_CONTEXT(2) 
PARAMETRIC_REPRESENTATION_CONTEXT() REPRESENTATION_CONTEXT('2D SPACE',''
  ) );
#1798 = PCURVE('',#784,#1799);
#1799 = DEFINITIONAL_REPRESENTATION('',(#1800),#1803);
#1800 = B_SPLINE_CURVE_WITH_KNOTS('',1,(#1801,#1802),.UNSPECIFIED.,.F.,
  .F.,(2,2),(0.,1.),.PIECEWISE_BEZIER_KNOTS.);
#1801 = CARTESIAN_POINT('',(6.28318530718,4.607106781187));
#1802 = CARTESIAN_POINT('',(6.28318530718,2.207106781187));
#1803 = ( GEOMETRIC_REPRESENTATION_CONTEXT(2) 
PARAMETRIC_REPRESENTATION_CONTEXT() REPRESENTATION_CONTEXT('2D SPACE',''
  ) );
#1804 = ORIENTED_EDGE('',*,*,#818,.F.);
#1805 = ORIENTED_EDGE('',*,*,#1806,.T.);
#1806 = EDGE_CURVE('',#751,#1720,#1807,.T.);
#1807 = SURFACE_CURVE('',#1808,(#1813,#1819),.PCURVE_S1.);
#1808 = B_SPLINE_CURVE_WITH_KNOTS('',3,(#1809,#1810,#1811,#1812),
  .UNSPECIFIED.,.F.,.F.,(4,4),(0.,1.),.PIECEWISE_BEZIER_KNOTS.);
#1809 = CARTESIAN_POINT('',(-10.4,-3.4,-2.));
#1810 = CARTESIAN_POINT('',(-11.2,-3.4,-2.));
#1811 = CARTESIAN_POINT('',(-12.,-3.4,-2.));
#1812 = CARTESIAN_POINT('',(-12.8,-3.4,-2.));
#1813 = PCURVE('',#850,#1814);
#1814 = DEFINITIONAL_REPRESENTATION('',(#1815),#1818);
#1815 = B_SPLINE_CURVE_WITH_KNOTS('',1,(#1816,#1817),.UNSPECIFIED.,.F.,
  .F.,(2,2),(0.,1.),.PIECEWISE_BEZIER_KNOTS.);
#1816 = CARTESIAN_POINT('',(3.14159265359,2.207106781187));
#1817 = CARTESIAN_POINT('',(3.14159265359,4.607106781187));
#1818 = ( GEOMETRIC_REPRESENTATION_CONTEXT(2) 
PARAMETRIC_REPRESENTATION_CONTEXT() REPRESENTATION_CONTEXT('2D SPACE',''
  ) );
#1819 = PCURVE('',#784,#1820);
#1820 = DEFINITIONAL_REPRESENTATION('',(#1821),#1824);
#1821 = B_SPLINE_CURVE_WITH_KNOTS('',1,(#1822,#1823),.UNSPECIFIED.,.F.,
  .F.,(2,2),(0.,1.),.PIECEWISE_BEZIER_KNOTS.);
#1822 = CARTESIAN_POINT('',(3.14159265359,2.207106781187));
#1823 = CARTESIAN_POINT('',(3.14159265359,4.607106781187));
#1824 = ( GEOMETRIC_REPRESENTATION_CONTEXT(2) 
PARAMETRIC_REPRESENTATION_CONTEXT() REPRESENTATION_CONTEXT('2D SPACE',''
  ) );
#1825 = ADVANCED_FACE('',(#1826),#784,.T.);
#1826 = FACE_BOUND('',#1827,.T.);
#1827 = EDGE_LOOP('',(#1828,#1829,#1886,#1887));
#1828 = ORIENTED_EDGE('',*,*,#1785,.F.);
#1829 = ORIENTED_EDGE('',*,*,#1830,.T.);
#1830 = EDGE_CURVE('',#1722,#1720,#1831,.T.);
#1831 = SURFACE_CURVE('',#1832,(#1843,#1872),.PCURVE_S1.);
#1832 = B_SPLINE_CURVE_WITH_KNOTS('',3,(#1833,#1834,#1835,#1836,#1837,
    #1838,#1839,#1840,#1841,#1842),.UNSPECIFIED.,.F.,.F.,(4,2,2,2,4),(0.
    ,0.25,0.5,0.75,1.),.UNSPECIFIED.);
#1833 = CARTESIAN_POINT('',(-12.8,-3.4,-2.5));
#1834 = CARTESIAN_POINT('',(-12.8,-3.33455015305,-2.5));
#1835 = CARTESIAN_POINT('',(-12.8,-3.269503335309,-2.473056725902));
#1836 = CARTESIAN_POINT('',(-12.8,-3.176943274098,-2.380496664691));
#1837 = CARTESIAN_POINT('',(-12.8,-3.15,-2.31544984695));
#1838 = CARTESIAN_POINT('',(-12.8,-3.15,-2.18455015305));
#1839 = CARTESIAN_POINT('',(-12.8,-3.176943274098,-2.119503335309));
#1840 = CARTESIAN_POINT('',(-12.8,-3.269503335309,-2.026943274098));
#1841 = CARTESIAN_POINT('',(-12.8,-3.33455015305,-2.));
#1842 = CARTESIAN_POINT('',(-12.8,-3.4,-2.));
#1843 = PCURVE('',#784,#1844);
#1844 = DEFINITIONAL_REPRESENTATION('',(#1845),#1871);
#1845 = B_SPLINE_CURVE_WITH_KNOTS('',3,(#1846,#1847,#1848,#1849,#1850,
    #1851,#1852,#1853,#1854,#1855,#1856,#1857,#1858,#1859,#1860,#1861,
    #1862,#1863,#1864,#1865,#1866,#1867,#1868,#1869,#1870),
  .UNSPECIFIED.,.F.,.F.,(4,1,1,1,1,1,1,1,1,1,1,1,1,1,1,1,1,1,1,1,1,1,4),
  (0.,4.545454545455E-02,9.090909090909E-02,0.136363636364,
    0.181818181818,0.227272727273,0.272727272727,0.318181818182,
    0.363636363636,0.409090909091,0.454545454545,0.5,0.545454545455,
    0.590909090909,0.636363636364,0.681818181818,0.727272727273,
    0.772727272727,0.818181818182,0.863636363636,0.909090909091,
    0.954545454545,1.),.QUASI_UNIFORM_KNOTS.);
#1846 = CARTESIAN_POINT('',(6.28318530718,4.607106781187));
#1847 = CARTESIAN_POINT('',(6.235615287259,4.607106781187));
#1848 = CARTESIAN_POINT('',(6.140463071881,4.607106781187));
#1849 = CARTESIAN_POINT('',(5.997683456457,4.607106781187));
#1850 = CARTESIAN_POINT('',(5.854750376885,4.607106781187));
#1851 = CARTESIAN_POINT('',(5.711867582528,4.607106781187));
#1852 = CARTESIAN_POINT('',(5.569172275663,4.607106781187));
#1853 = CARTESIAN_POINT('',(5.426402005746,4.607106781187));
#1854 = CARTESIAN_POINT('',(5.283706735813,4.607106781187));
#1855 = CARTESIAN_POINT('',(5.140823793725,4.607106781187));
#1856 = CARTESIAN_POINT('',(4.997891268146,4.607106781187));
#1857 = CARTESIAN_POINT('',(4.855109584482,4.607106781187));
#1858 = CARTESIAN_POINT('',(4.712388980385,4.607106781187));
#1859 = CARTESIAN_POINT('',(4.569668376287,4.607106781187));
#1860 = CARTESIAN_POINT('',(4.426886692623,4.607106781187));
#1861 = CARTESIAN_POINT('',(4.283954167044,4.607106781187));
#1862 = CARTESIAN_POINT('',(4.141071224956,4.607106781187));
#1863 = CARTESIAN_POINT('',(3.998375955023,4.607106781187));
#1864 = CARTESIAN_POINT('',(3.855605685106,4.607106781187));
#1865 = CARTESIAN_POINT('',(3.712910378241,4.607106781187));
#1866 = CARTESIAN_POINT('',(3.570027583884,4.607106781187));
#1867 = CARTESIAN_POINT('',(3.427094504312,4.607106781187));
#1868 = CARTESIAN_POINT('',(3.284314888889,4.607106781187));
#1869 = CARTESIAN_POINT('',(3.189162673511,4.607106781187));
#1870 = CARTESIAN_POINT('',(3.14159265359,4.607106781187));
#1871 = ( GEOMETRIC_REPRESENTATION_CONTEXT(2) 
PARAMETRIC_REPRESENTATION_CONTEXT() REPRESENTATION_CONTEXT('2D SPACE',''
  ) );
#1872 = PCURVE('',#1766,#1873);
#1873 = DEFINITIONAL_REPRESENTATION('',(#1874),#1885);
#1874 = B_SPLINE_CURVE_WITH_KNOTS('',3,(#1875,#1876,#1877,#1878,#1879,
    #1880,#1881,#1882,#1883,#1884),.UNSPECIFIED.,.F.,.F.,(4,2,2,2,4),(0.
    ,0.25,0.5,0.75,1.),.UNSPECIFIED.);
#1875 = CARTESIAN_POINT('',(0.,0.25));
#1876 = CARTESIAN_POINT('',(6.544984694979E-02,0.25));
#1877 = CARTESIAN_POINT('',(0.130496664691,0.223056725902));
#1878 = CARTESIAN_POINT('',(0.223056725902,0.130496664691));
#1879 = CARTESIAN_POINT('',(0.25,6.544984694979E-02));
#1880 = CARTESIAN_POINT('',(0.25,-6.544984694979E-02));
#1881 = CARTESIAN_POINT('',(0.223056725902,-0.130496664691));
#1882 = CARTESIAN_POINT('',(0.130496664691,-0.223056725902));
#1883 = CARTESIAN_POINT('',(6.544984694979E-02,-0.25));
#1884 = CARTESIAN_POINT('',(0.,-0.25));
#1885 = ( GEOMETRIC_REPRESENTATION_CONTEXT(2) 
PARAMETRIC_REPRESENTATION_CONTEXT() REPRESENTATION_CONTEXT('2D SPACE',''
  ) );
#1886 = ORIENTED_EDGE('',*,*,#1806,.F.);
#1887 = ORIENTED_EDGE('',*,*,#748,.F.);
#1888 = ADVANCED_FACE('',(#1889),#988,.T.);
#1889 = FACE_BOUND('',#1890,.T.);
#1890 = EDGE_LOOP('',(#1891,#1957,#1977,#1978));
#1891 = ORIENTED_EDGE('',*,*,#1892,.T.);
#1892 = EDGE_CURVE('',#1893,#1895,#1897,.T.);
#1893 = VERTEX_POINT('',#1894);
#1894 = CARTESIAN_POINT('',(-12.8,-3.4,-3.5));
#1895 = VERTEX_POINT('',#1896);
#1896 = CARTESIAN_POINT('',(-12.8,-3.4,-4.));
#1897 = SURFACE_CURVE('',#1898,(#1909,#1938),.PCURVE_S1.);
#1898 = B_SPLINE_CURVE_WITH_KNOTS('',3,(#1899,#1900,#1901,#1902,#1903,
    #1904,#1905,#1906,#1907,#1908),.UNSPECIFIED.,.F.,.F.,(4,2,2,2,4),(0.
    ,0.25,0.5,0.75,1.),.UNSPECIFIED.);
#1899 = CARTESIAN_POINT('',(-12.8,-3.4,-3.5));
#1900 = CARTESIAN_POINT('',(-12.8,-3.46544984695,-3.5));
#1901 = CARTESIAN_POINT('',(-12.8,-3.530496664691,-3.526943274098));
#1902 = CARTESIAN_POINT('',(-12.8,-3.623056725902,-3.619503335309));
#1903 = CARTESIAN_POINT('',(-12.8,-3.65,-3.68455015305));
#1904 = CARTESIAN_POINT('',(-12.8,-3.65,-3.81544984695));
#1905 = CARTESIAN_POINT('',(-12.8,-3.623056725902,-3.880496664691));
#1906 = CARTESIAN_POINT('',(-12.8,-3.530496664691,-3.973056725902));
#1907 = CARTESIAN_POINT('',(-12.8,-3.46544984695,-4.));
#1908 = CARTESIAN_POINT('',(-12.8,-3.4,-4.));
#1909 = PCURVE('',#988,#1910);
#1910 = DEFINITIONAL_REPRESENTATION('',(#1911),#1937);
#1911 = B_SPLINE_CURVE_WITH_KNOTS('',3,(#1912,#1913,#1914,#1915,#1916,
    #1917,#1918,#1919,#1920,#1921,#1922,#1923,#1924,#1925,#1926,#1927,
    #1928,#1929,#1930,#1931,#1932,#1933,#1934,#1935,#1936),
  .UNSPECIFIED.,.F.,.F.,(4,1,1,1,1,1,1,1,1,1,1,1,1,1,1,1,1,1,1,1,1,1,4),
  (0.,4.545454545455E-02,9.090909090909E-02,0.136363636364,
    0.181818181818,0.227272727273,0.272727272727,0.318181818182,
    0.363636363636,0.409090909091,0.454545454545,0.5,0.545454545455,
    0.590909090909,0.636363636364,0.681818181818,0.727272727273,
    0.772727272727,0.818181818182,0.863636363636,0.909090909091,
    0.954545454545,1.),.QUASI_UNIFORM_KNOTS.);
#1912 = CARTESIAN_POINT('',(3.14159265359,4.607106781187));
#1913 = CARTESIAN_POINT('',(3.094022633669,4.607106781187));
#1914 = CARTESIAN_POINT('',(2.998870418291,4.607106781187));
#1915 = CARTESIAN_POINT('',(2.856090802868,4.607106781187));
#1916 = CARTESIAN_POINT('',(2.713157723295,4.607106781187));
#1917 = CARTESIAN_POINT('',(2.570274928939,4.607106781187));
#1918 = CARTESIAN_POINT('',(2.427579622073,4.607106781187));
#1919 = CARTESIAN_POINT('',(2.284809352156,4.607106781187));
#1920 = CARTESIAN_POINT('',(2.142114082224,4.607106781187));
#1921 = CARTESIAN_POINT('',(1.999231140135,4.607106781187));
#1922 = CARTESIAN_POINT('',(1.856298614556,4.607106781187));
#1923 = CARTESIAN_POINT('',(1.713516930892,4.607106781187));
#1924 = CARTESIAN_POINT('',(1.570796326795,4.607106781187));
#1925 = CARTESIAN_POINT('',(1.428075722698,4.607106781187));
#1926 = CARTESIAN_POINT('',(1.285294039034,4.607106781187));
#1927 = CARTESIAN_POINT('',(1.142361513454,4.607106781187));
#1928 = CARTESIAN_POINT('',(0.999478571366,4.607106781187));
#1929 = CARTESIAN_POINT('',(0.856783301434,4.607106781187));
#1930 = CARTESIAN_POINT('',(0.714013031517,4.607106781187));
#1931 = CARTESIAN_POINT('',(0.571317724651,4.607106781187));
#1932 = CARTESIAN_POINT('',(0.428434930295,4.607106781187));
#1933 = CARTESIAN_POINT('',(0.285501850722,4.607106781187));
#1934 = CARTESIAN_POINT('',(0.142722235299,4.607106781187));
#1935 = CARTESIAN_POINT('',(4.757001992097E-02,4.607106781187));
#1936 = CARTESIAN_POINT('',(0.,4.607106781187));
#1937 = ( GEOMETRIC_REPRESENTATION_CONTEXT(2) 
PARAMETRIC_REPRESENTATION_CONTEXT() REPRESENTATION_CONTEXT('2D SPACE',''
  ) );
#1938 = PCURVE('',#1939,#1944);
#1939 = PLANE('',#1940);
#1940 = AXIS2_PLACEMENT_3D('',#1941,#1942,#1943);
#1941 = CARTESIAN_POINT('',(-12.8,-3.4,-3.75));
#1942 = DIRECTION('',(-1.,-2.758299773102E-45,2.106062720053E-16));
#1943 = DIRECTION('',(-2.758299773102E-45,1.,0.));
#1944 = DEFINITIONAL_REPRESENTATION('',(#1945),#1956);
#1945 = B_SPLINE_CURVE_WITH_KNOTS('',3,(#1946,#1947,#1948,#1949,#1950,
    #1951,#1952,#1953,#1954,#1955),.UNSPECIFIED.,.F.,.F.,(4,2,2,2,4),(0.
    ,0.25,0.5,0.75,1.),.UNSPECIFIED.);
#1946 = CARTESIAN_POINT('',(0.,-0.25));
#1947 = CARTESIAN_POINT('',(-6.544984694979E-02,-0.25));
#1948 = CARTESIAN_POINT('',(-0.130496664691,-0.223056725902));
#1949 = CARTESIAN_POINT('',(-0.223056725902,-0.130496664691));
#1950 = CARTESIAN_POINT('',(-0.25,-6.544984694979E-02));
#1951 = CARTESIAN_POINT('',(-0.25,6.544984694979E-02));
#1952 = CARTESIAN_POINT('',(-0.223056725902,0.130496664691));
#1953 = CARTESIAN_POINT('',(-0.130496664691,0.223056725902));
#1954 = CARTESIAN_POINT('',(-6.544984694979E-02,0.25));
#1955 = CARTESIAN_POINT('',(0.,0.25));
#1956 = ( GEOMETRIC_REPRESENTATION_CONTEXT(2) 
PARAMETRIC_REPRESENTATION_CONTEXT() REPRESENTATION_CONTEXT('2D SPACE',''
  ) );
#1957 = ORIENTED_EDGE('',*,*,#1958,.T.);
#1958 = EDGE_CURVE('',#1895,#887,#1959,.T.);
#1959 = SURFACE_CURVE('',#1960,(#1965,#1971),.PCURVE_S1.);
#1960 = B_SPLINE_CURVE_WITH_KNOTS('',3,(#1961,#1962,#1963,#1964),
  .UNSPECIFIED.,.F.,.F.,(4,4),(0.,1.),.PIECEWISE_BEZIER_KNOTS.);
#1961 = CARTESIAN_POINT('',(-12.8,-3.4,-4.));
#1962 = CARTESIAN_POINT('',(-12.,-3.4,-4.));
#1963 = CARTESIAN_POINT('',(-11.2,-3.4,-4.));
#1964 = CARTESIAN_POINT('',(-10.4,-3.4,-4.));
#1965 = PCURVE('',#988,#1966);
#1966 = DEFINITIONAL_REPRESENTATION('',(#1967),#1970);
#1967 = B_SPLINE_CURVE_WITH_KNOTS('',1,(#1968,#1969),.UNSPECIFIED.,.F.,
  .F.,(2,2),(0.,1.),.PIECEWISE_BEZIER_KNOTS.);
#1968 = CARTESIAN_POINT('',(0.,4.607106781187));
#1969 = CARTESIAN_POINT('',(0.,2.207106781187));
#1970 = ( GEOMETRIC_REPRESENTATION_CONTEXT(2) 
PARAMETRIC_REPRESENTATION_CONTEXT() REPRESENTATION_CONTEXT('2D SPACE',''
  ) );
#1971 = PCURVE('',#922,#1972);
#1972 = DEFINITIONAL_REPRESENTATION('',(#1973),#1976);
#1973 = B_SPLINE_CURVE_WITH_KNOTS('',1,(#1974,#1975),.UNSPECIFIED.,.F.,
  .F.,(2,2),(0.,1.),.PIECEWISE_BEZIER_KNOTS.);
#1974 = CARTESIAN_POINT('',(6.28318530718,4.607106781187));
#1975 = CARTESIAN_POINT('',(6.28318530718,2.207106781187));
#1976 = ( GEOMETRIC_REPRESENTATION_CONTEXT(2) 
PARAMETRIC_REPRESENTATION_CONTEXT() REPRESENTATION_CONTEXT('2D SPACE',''
  ) );
#1977 = ORIENTED_EDGE('',*,*,#956,.F.);
#1978 = ORIENTED_EDGE('',*,*,#1979,.T.);
#1979 = EDGE_CURVE('',#889,#1893,#1980,.T.);
#1980 = SURFACE_CURVE('',#1981,(#1986,#1992),.PCURVE_S1.);
#1981 = B_SPLINE_CURVE_WITH_KNOTS('',3,(#1982,#1983,#1984,#1985),
  .UNSPECIFIED.,.F.,.F.,(4,4),(0.,1.),.PIECEWISE_BEZIER_KNOTS.);
#1982 = CARTESIAN_POINT('',(-10.4,-3.4,-3.5));
#1983 = CARTESIAN_POINT('',(-11.2,-3.4,-3.5));
#1984 = CARTESIAN_POINT('',(-12.,-3.4,-3.5));
#1985 = CARTESIAN_POINT('',(-12.8,-3.4,-3.5));
#1986 = PCURVE('',#988,#1987);
#1987 = DEFINITIONAL_REPRESENTATION('',(#1988),#1991);
#1988 = B_SPLINE_CURVE_WITH_KNOTS('',1,(#1989,#1990),.UNSPECIFIED.,.F.,
  .F.,(2,2),(0.,1.),.PIECEWISE_BEZIER_KNOTS.);
#1989 = CARTESIAN_POINT('',(3.14159265359,2.207106781187));
#1990 = CARTESIAN_POINT('',(3.14159265359,4.607106781187));
#1991 = ( GEOMETRIC_REPRESENTATION_CONTEXT(2) 
PARAMETRIC_REPRESENTATION_CONTEXT() REPRESENTATION_CONTEXT('2D SPACE',''
  ) );
#1992 = PCURVE('',#922,#1993);
#1993 = DEFINITIONAL_REPRESENTATION('',(#1994),#1997);
#1994 = B_SPLINE_CURVE_WITH_KNOTS('',1,(#1995,#1996),.UNSPECIFIED.,.F.,
  .F.,(2,2),(0.,1.),.PIECEWISE_BEZIER_KNOTS.);
#1995 = CARTESIAN_POINT('',(3.14159265359,2.207106781187));
#1996 = CARTESIAN_POINT('',(3.14159265359,4.607106781187));
#1997 = ( GEOMETRIC_REPRESENTATION_CONTEXT(2) 
PARAMETRIC_REPRESENTATION_CONTEXT() REPRESENTATION_CONTEXT('2D SPACE',''
  ) );
#1998 = ADVANCED_FACE('',(#1999),#922,.T.);
#1999 = FACE_BOUND('',#2000,.T.);
#2000 = EDGE_LOOP('',(#2001,#2002,#2059,#2060));
#2001 = ORIENTED_EDGE('',*,*,#1958,.F.);
#2002 = ORIENTED_EDGE('',*,*,#2003,.T.);
#2003 = EDGE_CURVE('',#1895,#1893,#2004,.T.);
#2004 = SURFACE_CURVE('',#2005,(#2016,#2045),.PCURVE_S1.);
#2005 = B_SPLINE_CURVE_WITH_KNOTS('',3,(#2006,#2007,#2008,#2009,#2010,
    #2011,#2012,#2013,#2014,#2015),.UNSPECIFIED.,.F.,.F.,(4,2,2,2,4),(0.
    ,0.25,0.5,0.75,1.),.UNSPECIFIED.);
#2006 = CARTESIAN_POINT('',(-12.8,-3.4,-4.));
#2007 = CARTESIAN_POINT('',(-12.8,-3.33455015305,-4.));
#2008 = CARTESIAN_POINT('',(-12.8,-3.269503335309,-3.973056725902));
#2009 = CARTESIAN_POINT('',(-12.8,-3.176943274098,-3.880496664691));
#2010 = CARTESIAN_POINT('',(-12.8,-3.15,-3.81544984695));
#2011 = CARTESIAN_POINT('',(-12.8,-3.15,-3.68455015305));
#2012 = CARTESIAN_POINT('',(-12.8,-3.176943274098,-3.619503335309));
#2013 = CARTESIAN_POINT('',(-12.8,-3.269503335309,-3.526943274098));
#2014 = CARTESIAN_POINT('',(-12.8,-3.33455015305,-3.5));
#2015 = CARTESIAN_POINT('',(-12.8,-3.4,-3.5));
#2016 = PCURVE('',#922,#2017);
#2017 = DEFINITIONAL_REPRESENTATION('',(#2018),#2044);
#2018 = B_SPLINE_CURVE_WITH_KNOTS('',3,(#2019,#2020,#2021,#2022,#2023,
    #2024,#2025,#2026,#2027,#2028,#2029,#2030,#2031,#2032,#2033,#2034,
    #2035,#2036,#2037,#2038,#2039,#2040,#2041,#2042,#2043),
  .UNSPECIFIED.,.F.,.F.,(4,1,1,1,1,1,1,1,1,1,1,1,1,1,1,1,1,1,1,1,1,1,4),
  (0.,4.545454545455E-02,9.090909090909E-02,0.136363636364,
    0.181818181818,0.227272727273,0.272727272727,0.318181818182,
    0.363636363636,0.409090909091,0.454545454545,0.5,0.545454545455,
    0.590909090909,0.636363636364,0.681818181818,0.727272727273,
    0.772727272727,0.818181818182,0.863636363636,0.909090909091,
    0.954545454545,1.),.QUASI_UNIFORM_KNOTS.);
#2019 = CARTESIAN_POINT('',(6.28318530718,4.607106781187));
#2020 = CARTESIAN_POINT('',(6.235615287259,4.607106781187));
#2021 = CARTESIAN_POINT('',(6.140463071881,4.607106781187));
#2022 = CARTESIAN_POINT('',(5.997683456457,4.607106781187));
#2023 = CARTESIAN_POINT('',(5.854750376885,4.607106781187));
#2024 = CARTESIAN_POINT('',(5.711867582528,4.607106781187));
#2025 = CARTESIAN_POINT('',(5.569172275663,4.607106781187));
#2026 = CARTESIAN_POINT('',(5.426402005746,4.607106781187));
#2027 = CARTESIAN_POINT('',(5.283706735813,4.607106781187));
#2028 = CARTESIAN_POINT('',(5.140823793725,4.607106781187));
#2029 = CARTESIAN_POINT('',(4.997891268146,4.607106781187));
#2030 = CARTESIAN_POINT('',(4.855109584482,4.607106781187));
#2031 = CARTESIAN_POINT('',(4.712388980385,4.607106781187));
#2032 = CARTESIAN_POINT('',(4.569668376287,4.607106781187));
#2033 = CARTESIAN_POINT('',(4.426886692623,4.607106781187));
#2034 = CARTESIAN_POINT('',(4.283954167044,4.607106781187));
#2035 = CARTESIAN_POINT('',(4.141071224956,4.607106781187));
#2036 = CARTESIAN_POINT('',(3.998375955023,4.607106781187));
#2037 = CARTESIAN_POINT('',(3.855605685106,4.607106781187));
#2038 = CARTESIAN_POINT('',(3.712910378241,4.607106781187));
#2039 = CARTESIAN_POINT('',(3.570027583884,4.607106781187));
#2040 = CARTESIAN_POINT('',(3.427094504312,4.607106781187));
#2041 = CARTESIAN_POINT('',(3.284314888889,4.607106781187));
#2042 = CARTESIAN_POINT('',(3.189162673511,4.607106781187));
#2043 = CARTESIAN_POINT('',(3.14159265359,4.607106781187));
#2044 = ( GEOMETRIC_REPRESENTATION_CONTEXT(2) 
PARAMETRIC_REPRESENTATION_CONTEXT() REPRESENTATION_CONTEXT('2D SPACE',''
  ) );
#2045 = PCURVE('',#1939,#2046);
#2046 = DEFINITIONAL_REPRESENTATION('',(#2047),#2058);
#2047 = B_SPLINE_CURVE_WITH_KNOTS('',3,(#2048,#2049,#2050,#2051,#2052,
    #2053,#2054,#2055,#2056,#2057),.UNSPECIFIED.,.F.,.F.,(4,2,2,2,4),(0.
    ,0.25,0.5,0.75,1.),.UNSPECIFIED.);
#2048 = CARTESIAN_POINT('',(0.,0.25));
#2049 = CARTESIAN_POINT('',(6.544984694979E-02,0.25));
#2050 = CARTESIAN_POINT('',(0.130496664691,0.223056725902));
#2051 = CARTESIAN_POINT('',(0.223056725902,0.130496664691));
#2052 = CARTESIAN_POINT('',(0.25,6.544984694979E-02));
#2053 = CARTESIAN_POINT('',(0.25,-6.544984694979E-02));
#2054 = CARTESIAN_POINT('',(0.223056725902,-0.130496664691));
#2055 = CARTESIAN_POINT('',(0.130496664691,-0.223056725902));
#2056 = CARTESIAN_POINT('',(6.544984694979E-02,-0.25));
#2057 = CARTESIAN_POINT('',(0.,-0.25));
#2058 = ( GEOMETRIC_REPRESENTATION_CONTEXT(2) 
PARAMETRIC_REPRESENTATION_CONTEXT() REPRESENTATION_CONTEXT('2D SPACE',''
  ) );
#2059 = ORIENTED_EDGE('',*,*,#1979,.F.);
#2060 = ORIENTED_EDGE('',*,*,#886,.F.);
#2061 = ADVANCED_FACE('',(#2062),#1044,.F.);
#2062 = FACE_BOUND('',#2063,.T.);
#2063 = EDGE_LOOP('',(#2064,#2097,#2128,#2159,#2177,#2193,#2194,#2220,
    #2251,#2282,#2313,#2339,#2370,#2401));
#2064 = ORIENTED_EDGE('',*,*,#2065,.F.);
#2065 = EDGE_CURVE('',#2066,#2068,#2070,.T.);
#2066 = VERTEX_POINT('',#2067);
#2067 = CARTESIAN_POINT('',(-13.5,-2.95,4.75));
#2068 = VERTEX_POINT('',#2069);
#2069 = CARTESIAN_POINT('',(-11.7,-2.95,4.75));
#2070 = SURFACE_CURVE('',#2071,(#2076,#2084),.PCURVE_S1.);
#2071 = B_SPLINE_CURVE_WITH_KNOTS('',3,(#2072,#2073,#2074,#2075),
  .UNSPECIFIED.,.F.,.F.,(4,4),(0.,1.),.PIECEWISE_BEZIER_KNOTS.);
#2072 = CARTESIAN_POINT('',(-13.5,-2.95,4.75));
#2073 = CARTESIAN_POINT('',(-12.9,-2.95,4.75));
#2074 = CARTESIAN_POINT('',(-12.3,-2.95,4.75));
#2075 = CARTESIAN_POINT('',(-11.7,-2.95,4.75));
#2076 = PCURVE('',#1044,#2077);
#2077 = DEFINITIONAL_REPRESENTATION('',(#2078),#2083);
#2078 = B_SPLINE_CURVE_WITH_KNOTS('',3,(#2079,#2080,#2081,#2082),
  .UNSPECIFIED.,.F.,.F.,(4,4),(0.,1.),.PIECEWISE_BEZIER_KNOTS.);
#2079 = CARTESIAN_POINT('',(-3.1,-1.35));
#2080 = CARTESIAN_POINT('',(-2.5,-1.35));
#2081 = CARTESIAN_POINT('',(-1.9,-1.35));
#2082 = CARTESIAN_POINT('',(-1.3,-1.35));
#2083 = ( GEOMETRIC_REPRESENTATION_CONTEXT(2) 
PARAMETRIC_REPRESENTATION_CONTEXT() REPRESENTATION_CONTEXT('2D SPACE',''
  ) );
#2084 = PCURVE('',#2085,#2090);
#2085 = PLANE('',#2086);
#2086 = AXIS2_PLACEMENT_3D('',#2087,#2088,#2089);
#2087 = CARTESIAN_POINT('',(-13.5,-2.95,-5.25));
#2088 = DIRECTION('',(-1.204669080539E-16,1.,-3.278613252465E-33));
#2089 = DIRECTION('',(1.,1.204669080539E-16,0.));
#2090 = DEFINITIONAL_REPRESENTATION('',(#2091),#2096);
#2091 = B_SPLINE_CURVE_WITH_KNOTS('',3,(#2092,#2093,#2094,#2095),
  .UNSPECIFIED.,.F.,.F.,(4,4),(0.,1.),.PIECEWISE_BEZIER_KNOTS.);
#2092 = CARTESIAN_POINT('',(0.,-10.));
#2093 = CARTESIAN_POINT('',(0.6,-10.));
#2094 = CARTESIAN_POINT('',(1.2,-10.));
#2095 = CARTESIAN_POINT('',(1.8,-10.));
#2096 = ( GEOMETRIC_REPRESENTATION_CONTEXT(2) 
PARAMETRIC_REPRESENTATION_CONTEXT() REPRESENTATION_CONTEXT('2D SPACE',''
  ) );
#2097 = ORIENTED_EDGE('',*,*,#2098,.F.);
#2098 = EDGE_CURVE('',#2099,#2066,#2101,.T.);
#2099 = VERTEX_POINT('',#2100);
#2100 = CARTESIAN_POINT('',(-13.5,-1.6,4.75));
#2101 = SURFACE_CURVE('',#2102,(#2107,#2115),.PCURVE_S1.);
#2102 = B_SPLINE_CURVE_WITH_KNOTS('',3,(#2103,#2104,#2105,#2106),
  .UNSPECIFIED.,.F.,.F.,(4,4),(0.,1.),.PIECEWISE_BEZIER_KNOTS.);
#2103 = CARTESIAN_POINT('',(-13.5,-1.6,4.75));
#2104 = CARTESIAN_POINT('',(-13.5,-2.05,4.75));
#2105 = CARTESIAN_POINT('',(-13.5,-2.5,4.75));
#2106 = CARTESIAN_POINT('',(-13.5,-2.95,4.75));
#2107 = PCURVE('',#1044,#2108);
#2108 = DEFINITIONAL_REPRESENTATION('',(#2109),#2114);
#2109 = B_SPLINE_CURVE_WITH_KNOTS('',3,(#2110,#2111,#2112,#2113),
  .UNSPECIFIED.,.F.,.F.,(4,4),(0.,1.),.PIECEWISE_BEZIER_KNOTS.);
#2110 = CARTESIAN_POINT('',(-3.1,0.));
#2111 = CARTESIAN_POINT('',(-3.1,-0.45));
#2112 = CARTESIAN_POINT('',(-3.1,-0.9));
#2113 = CARTESIAN_POINT('',(-3.1,-1.35));
#2114 = ( GEOMETRIC_REPRESENTATION_CONTEXT(2) 
PARAMETRIC_REPRESENTATION_CONTEXT() REPRESENTATION_CONTEXT('2D SPACE',''
  ) );
#2115 = PCURVE('',#2116,#2121);
#2116 = PLANE('',#2117);
#2117 = AXIS2_PLACEMENT_3D('',#2118,#2119,#2120);
#2118 = CARTESIAN_POINT('',(-13.5,-4.7,5.25));
#2119 = DIRECTION('',(1.,2.758299773102E-45,-2.106062720053E-16));
#2120 = DIRECTION('',(-2.106062720053E-16,0.,-1.));
#2121 = DEFINITIONAL_REPRESENTATION('',(#2122),#2127);
#2122 = B_SPLINE_CURVE_WITH_KNOTS('',3,(#2123,#2124,#2125,#2126),
  .UNSPECIFIED.,.F.,.F.,(4,4),(0.,1.),.PIECEWISE_BEZIER_KNOTS.);
#2123 = CARTESIAN_POINT('',(0.5,3.1));
#2124 = CARTESIAN_POINT('',(0.5,2.65));
#2125 = CARTESIAN_POINT('',(0.5,2.2));
#2126 = CARTESIAN_POINT('',(0.5,1.75));
#2127 = ( GEOMETRIC_REPRESENTATION_CONTEXT(2) 
PARAMETRIC_REPRESENTATION_CONTEXT() REPRESENTATION_CONTEXT('2D SPACE',''
  ) );
#2128 = ORIENTED_EDGE('',*,*,#2129,.F.);
#2129 = EDGE_CURVE('',#2130,#2099,#2132,.T.);
#2130 = VERTEX_POINT('',#2131);
#2131 = CARTESIAN_POINT('',(-10.1,-1.6,4.75));
#2132 = SURFACE_CURVE('',#2133,(#2138,#2146),.PCURVE_S1.);
#2133 = B_SPLINE_CURVE_WITH_KNOTS('',3,(#2134,#2135,#2136,#2137),
  .UNSPECIFIED.,.F.,.F.,(4,4),(0.,1.),.PIECEWISE_BEZIER_KNOTS.);
#2134 = CARTESIAN_POINT('',(-10.1,-1.6,4.75));
#2135 = CARTESIAN_POINT('',(-11.23333333333,-1.6,4.75));
#2136 = CARTESIAN_POINT('',(-12.36666666666,-1.6,4.75));
#2137 = CARTESIAN_POINT('',(-13.5,-1.6,4.75));
#2138 = PCURVE('',#1044,#2139);
#2139 = DEFINITIONAL_REPRESENTATION('',(#2140),#2145);
#2140 = B_SPLINE_CURVE_WITH_KNOTS('',3,(#2141,#2142,#2143,#2144),
  .UNSPECIFIED.,.F.,.F.,(4,4),(0.,1.),.PIECEWISE_BEZIER_KNOTS.);
#2141 = CARTESIAN_POINT('',(0.3,0.));
#2142 = CARTESIAN_POINT('',(-0.833333333333,8.881784197001E-16));
#2143 = CARTESIAN_POINT('',(-1.966666666667,8.881784197001E-16));
#2144 = CARTESIAN_POINT('',(-3.1,0.));
#2145 = ( GEOMETRIC_REPRESENTATION_CONTEXT(2) 
PARAMETRIC_REPRESENTATION_CONTEXT() REPRESENTATION_CONTEXT('2D SPACE',''
  ) );
#2146 = PCURVE('',#2147,#2152);
#2147 = PLANE('',#2148);
#2148 = AXIS2_PLACEMENT_3D('',#2149,#2150,#2151);
#2149 = CARTESIAN_POINT('',(-10.4,-1.6,-4.75));
#2150 = DIRECTION('',(1.417322255495E-30,1.,-9.130123557773E-17));
#2151 = DIRECTION('',(0.,-9.130123557773E-17,-1.));
#2152 = DEFINITIONAL_REPRESENTATION('',(#2153),#2158);
#2153 = B_SPLINE_CURVE_WITH_KNOTS('',3,(#2154,#2155,#2156,#2157),
  .UNSPECIFIED.,.F.,.F.,(4,4),(0.,1.),.PIECEWISE_BEZIER_KNOTS.);
#2154 = CARTESIAN_POINT('',(-9.5,-0.3));
#2155 = CARTESIAN_POINT('',(-9.5,0.833333333333));
#2156 = CARTESIAN_POINT('',(-9.5,1.966666666667));
#2157 = CARTESIAN_POINT('',(-9.5,3.1));
#2158 = ( GEOMETRIC_REPRESENTATION_CONTEXT(2) 
PARAMETRIC_REPRESENTATION_CONTEXT() REPRESENTATION_CONTEXT('2D SPACE',''
  ) );
#2159 = ORIENTED_EDGE('',*,*,#2160,.F.);
#2160 = EDGE_CURVE('',#2161,#2130,#2163,.T.);
#2161 = VERTEX_POINT('',#2162);
#2162 = CARTESIAN_POINT('',(-10.1,-2.65,4.75));
#2163 = SURFACE_CURVE('',#2164,(#2169),.PCURVE_S1.);
#2164 = B_SPLINE_CURVE_WITH_KNOTS('',3,(#2165,#2166,#2167,#2168),
  .UNSPECIFIED.,.F.,.F.,(4,4),(-1.,-0.),.PIECEWISE_BEZIER_KNOTS.);
#2165 = CARTESIAN_POINT('',(-10.1,-2.65,4.75));
#2166 = CARTESIAN_POINT('',(-10.1,-2.3,4.75));
#2167 = CARTESIAN_POINT('',(-10.1,-1.95,4.75));
#2168 = CARTESIAN_POINT('',(-10.1,-1.6,4.75));
#2169 = PCURVE('',#1044,#2170);
#2170 = DEFINITIONAL_REPRESENTATION('',(#2171),#2176);
#2171 = B_SPLINE_CURVE_WITH_KNOTS('',3,(#2172,#2173,#2174,#2175),
  .UNSPECIFIED.,.F.,.F.,(4,4),(-1.,-0.),.PIECEWISE_BEZIER_KNOTS.);
#2172 = CARTESIAN_POINT('',(0.3,-1.05));
#2173 = CARTESIAN_POINT('',(0.3,-0.7));
#2174 = CARTESIAN_POINT('',(0.3,-0.35));
#2175 = CARTESIAN_POINT('',(0.3,0.));
#2176 = ( GEOMETRIC_REPRESENTATION_CONTEXT(2) 
PARAMETRIC_REPRESENTATION_CONTEXT() REPRESENTATION_CONTEXT('2D SPACE',''
  ) );
#2177 = ORIENTED_EDGE('',*,*,#2178,.F.);
#2178 = EDGE_CURVE('',#1027,#2161,#2179,.T.);
#2179 = SURFACE_CURVE('',#2180,(#2185),.PCURVE_S1.);
#2180 = B_SPLINE_CURVE_WITH_KNOTS('',3,(#2181,#2182,#2183,#2184),
  .UNSPECIFIED.,.F.,.F.,(4,4),(-1.,-0.),.PIECEWISE_BEZIER_KNOTS.);
#2181 = CARTESIAN_POINT('',(-10.4,-2.95,4.75));
#2182 = CARTESIAN_POINT('',(-10.3,-2.85,4.75));
#2183 = CARTESIAN_POINT('',(-10.2,-2.75,4.75));
#2184 = CARTESIAN_POINT('',(-10.1,-2.65,4.75));
#2185 = PCURVE('',#1044,#2186);
#2186 = DEFINITIONAL_REPRESENTATION('',(#2187),#2192);
#2187 = B_SPLINE_CURVE_WITH_KNOTS('',3,(#2188,#2189,#2190,#2191),
  .UNSPECIFIED.,.F.,.F.,(4,4),(-1.,-0.),.PIECEWISE_BEZIER_KNOTS.);
#2188 = CARTESIAN_POINT('',(0.,-1.35));
#2189 = CARTESIAN_POINT('',(1.E-01,-1.25));
#2190 = CARTESIAN_POINT('',(0.2,-1.15));
#2191 = CARTESIAN_POINT('',(0.3,-1.05));
#2192 = ( GEOMETRIC_REPRESENTATION_CONTEXT(2) 
PARAMETRIC_REPRESENTATION_CONTEXT() REPRESENTATION_CONTEXT('2D SPACE',''
  ) );
#2193 = ORIENTED_EDGE('',*,*,#1024,.F.);
#2194 = ORIENTED_EDGE('',*,*,#2195,.F.);
#2195 = EDGE_CURVE('',#2196,#1025,#2198,.T.);
#2196 = VERTEX_POINT('',#2197);
#2197 = CARTESIAN_POINT('',(-8.5,-4.3,4.75));
#2198 = SURFACE_CURVE('',#2199,(#2204,#2212),.PCURVE_S1.);
#2199 = B_SPLINE_CURVE_WITH_KNOTS('',3,(#2200,#2201,#2202,#2203),
  .UNSPECIFIED.,.F.,.F.,(4,4),(0.,1.),.PIECEWISE_BEZIER_KNOTS.);
#2200 = CARTESIAN_POINT('',(-8.5,-4.3,4.75));
#2201 = CARTESIAN_POINT('',(-9.133333333333,-4.3,4.75));
#2202 = CARTESIAN_POINT('',(-9.766666666667,-4.3,4.75));
#2203 = CARTESIAN_POINT('',(-10.4,-4.3,4.75));
#2204 = PCURVE('',#1044,#2205);
#2205 = DEFINITIONAL_REPRESENTATION('',(#2206),#2211);
#2206 = B_SPLINE_CURVE_WITH_KNOTS('',3,(#2207,#2208,#2209,#2210),
  .UNSPECIFIED.,.F.,.F.,(4,4),(0.,1.),.PIECEWISE_BEZIER_KNOTS.);
#2207 = CARTESIAN_POINT('',(1.9,-2.7));
#2208 = CARTESIAN_POINT('',(1.266666666667,-2.7));
#2209 = CARTESIAN_POINT('',(0.633333333333,-2.7));
#2210 = CARTESIAN_POINT('',(0.,-2.7));
#2211 = ( GEOMETRIC_REPRESENTATION_CONTEXT(2) 
PARAMETRIC_REPRESENTATION_CONTEXT() REPRESENTATION_CONTEXT('2D SPACE',''
  ) );
#2212 = PCURVE('',#1184,#2213);
#2213 = DEFINITIONAL_REPRESENTATION('',(#2214),#2219);
#2214 = B_SPLINE_CURVE_WITH_KNOTS('',3,(#2215,#2216,#2217,#2218),
  .UNSPECIFIED.,.F.,.F.,(4,4),(0.,1.),.PIECEWISE_BEZIER_KNOTS.);
#2215 = CARTESIAN_POINT('',(-3.2,0.));
#2216 = CARTESIAN_POINT('',(-2.566666666667,1.7763568394E-15));
#2217 = CARTESIAN_POINT('',(-1.933333333333,1.7763568394E-15));
#2218 = CARTESIAN_POINT('',(-1.3,0.));
#2219 = ( GEOMETRIC_REPRESENTATION_CONTEXT(2) 
PARAMETRIC_REPRESENTATION_CONTEXT() REPRESENTATION_CONTEXT('2D SPACE',''
  ) );
#2220 = ORIENTED_EDGE('',*,*,#2221,.F.);
#2221 = EDGE_CURVE('',#2222,#2196,#2224,.T.);
#2222 = VERTEX_POINT('',#2223);
#2223 = CARTESIAN_POINT('',(-8.5,-4.7,4.75));
#2224 = SURFACE_CURVE('',#2225,(#2230,#2238),.PCURVE_S1.);
#2225 = B_SPLINE_CURVE_WITH_KNOTS('',3,(#2226,#2227,#2228,#2229),
  .UNSPECIFIED.,.F.,.F.,(4,4),(0.,1.),.PIECEWISE_BEZIER_KNOTS.);
#2226 = CARTESIAN_POINT('',(-8.5,-4.7,4.75));
#2227 = CARTESIAN_POINT('',(-8.5,-4.566666666667,4.75));
#2228 = CARTESIAN_POINT('',(-8.5,-4.433333333333,4.75));
#2229 = CARTESIAN_POINT('',(-8.5,-4.3,4.75));
#2230 = PCURVE('',#1044,#2231);
#2231 = DEFINITIONAL_REPRESENTATION('',(#2232),#2237);
#2232 = B_SPLINE_CURVE_WITH_KNOTS('',3,(#2233,#2234,#2235,#2236),
  .UNSPECIFIED.,.F.,.F.,(4,4),(0.,1.),.PIECEWISE_BEZIER_KNOTS.);
#2233 = CARTESIAN_POINT('',(1.9,-3.1));
#2234 = CARTESIAN_POINT('',(1.9,-2.966666666667));
#2235 = CARTESIAN_POINT('',(1.9,-2.833333333333));
#2236 = CARTESIAN_POINT('',(1.9,-2.7));
#2237 = ( GEOMETRIC_REPRESENTATION_CONTEXT(2) 
PARAMETRIC_REPRESENTATION_CONTEXT() REPRESENTATION_CONTEXT('2D SPACE',''
  ) );
#2238 = PCURVE('',#2239,#2244);
#2239 = PLANE('',#2240);
#2240 = AXIS2_PLACEMENT_3D('',#2241,#2242,#2243);
#2241 = CARTESIAN_POINT('',(-8.5,-4.7,5.25));
#2242 = DIRECTION('',(-1.,-2.758299773102E-45,2.106062720053E-16));
#2243 = DIRECTION('',(-2.758299773102E-45,1.,0.));
#2244 = DEFINITIONAL_REPRESENTATION('',(#2245),#2250);
#2245 = B_SPLINE_CURVE_WITH_KNOTS('',3,(#2246,#2247,#2248,#2249),
  .UNSPECIFIED.,.F.,.F.,(4,4),(0.,1.),.PIECEWISE_BEZIER_KNOTS.);
#2246 = CARTESIAN_POINT('',(0.,0.5));
#2247 = CARTESIAN_POINT('',(0.133333333333,0.5));
#2248 = CARTESIAN_POINT('',(0.266666666667,0.5));
#2249 = CARTESIAN_POINT('',(0.4,0.5));
#2250 = ( GEOMETRIC_REPRESENTATION_CONTEXT(2) 
PARAMETRIC_REPRESENTATION_CONTEXT() REPRESENTATION_CONTEXT('2D SPACE',''
  ) );
#2251 = ORIENTED_EDGE('',*,*,#2252,.F.);
#2252 = EDGE_CURVE('',#2253,#2222,#2255,.T.);
#2253 = VERTEX_POINT('',#2254);
#2254 = CARTESIAN_POINT('',(-11.7,-4.7,4.75));
#2255 = SURFACE_CURVE('',#2256,(#2261,#2269),.PCURVE_S1.);
#2256 = B_SPLINE_CURVE_WITH_KNOTS('',3,(#2257,#2258,#2259,#2260),
  .UNSPECIFIED.,.F.,.F.,(4,4),(0.,1.),.PIECEWISE_BEZIER_KNOTS.);
#2257 = CARTESIAN_POINT('',(-11.7,-4.7,4.75));
#2258 = CARTESIAN_POINT('',(-10.63333333333,-4.7,4.75));
#2259 = CARTESIAN_POINT('',(-9.566666666667,-4.7,4.75));
#2260 = CARTESIAN_POINT('',(-8.5,-4.7,4.75));
#2261 = PCURVE('',#1044,#2262);
#2262 = DEFINITIONAL_REPRESENTATION('',(#2263),#2268);
#2263 = B_SPLINE_CURVE_WITH_KNOTS('',3,(#2264,#2265,#2266,#2267),
  .UNSPECIFIED.,.F.,.F.,(4,4),(0.,1.),.PIECEWISE_BEZIER_KNOTS.);
#2264 = CARTESIAN_POINT('',(-1.3,-3.1));
#2265 = CARTESIAN_POINT('',(-0.233333333333,-3.1));
#2266 = CARTESIAN_POINT('',(0.833333333333,-3.1));
#2267 = CARTESIAN_POINT('',(1.9,-3.1));
#2268 = ( GEOMETRIC_REPRESENTATION_CONTEXT(2) 
PARAMETRIC_REPRESENTATION_CONTEXT() REPRESENTATION_CONTEXT('2D SPACE',''
  ) );
#2269 = PCURVE('',#2270,#2275);
#2270 = PLANE('',#2271);
#2271 = AXIS2_PLACEMENT_3D('',#2272,#2273,#2274);
#2272 = CARTESIAN_POINT('',(-8.5,-4.7,5.25));
#2273 = DIRECTION('',(1.577721810442E-30,1.,-1.527518615503E-32));
#2274 = DIRECTION('',(1.,-1.577721810442E-30,0.));
#2275 = DEFINITIONAL_REPRESENTATION('',(#2276),#2281);
#2276 = B_SPLINE_CURVE_WITH_KNOTS('',3,(#2277,#2278,#2279,#2280),
  .UNSPECIFIED.,.F.,.F.,(4,4),(0.,1.),.PIECEWISE_BEZIER_KNOTS.);
#2277 = CARTESIAN_POINT('',(-3.2,0.5));
#2278 = CARTESIAN_POINT('',(-2.133333333333,0.5));
#2279 = CARTESIAN_POINT('',(-1.066666666667,0.5));
#2280 = CARTESIAN_POINT('',(0.,0.5));
#2281 = ( GEOMETRIC_REPRESENTATION_CONTEXT(2) 
PARAMETRIC_REPRESENTATION_CONTEXT() REPRESENTATION_CONTEXT('2D SPACE',''
  ) );
#2282 = ORIENTED_EDGE('',*,*,#2283,.F.);
#2283 = EDGE_CURVE('',#2284,#2253,#2286,.T.);
#2284 = VERTEX_POINT('',#2285);
#2285 = CARTESIAN_POINT('',(-11.7,-4.3,4.75));
#2286 = SURFACE_CURVE('',#2287,(#2292,#2300),.PCURVE_S1.);
#2287 = B_SPLINE_CURVE_WITH_KNOTS('',3,(#2288,#2289,#2290,#2291),
  .UNSPECIFIED.,.F.,.F.,(4,4),(0.,1.),.PIECEWISE_BEZIER_KNOTS.);
#2288 = CARTESIAN_POINT('',(-11.7,-4.3,4.75));
#2289 = CARTESIAN_POINT('',(-11.7,-4.433333333333,4.75));
#2290 = CARTESIAN_POINT('',(-11.7,-4.566666666667,4.75));
#2291 = CARTESIAN_POINT('',(-11.7,-4.7,4.75));
#2292 = PCURVE('',#1044,#2293);
#2293 = DEFINITIONAL_REPRESENTATION('',(#2294),#2299);
#2294 = B_SPLINE_CURVE_WITH_KNOTS('',3,(#2295,#2296,#2297,#2298),
  .UNSPECIFIED.,.F.,.F.,(4,4),(0.,1.),.PIECEWISE_BEZIER_KNOTS.);
#2295 = CARTESIAN_POINT('',(-1.3,-2.7));
#2296 = CARTESIAN_POINT('',(-1.3,-2.833333333333));
#2297 = CARTESIAN_POINT('',(-1.3,-2.966666666667));
#2298 = CARTESIAN_POINT('',(-1.3,-3.1));
#2299 = ( GEOMETRIC_REPRESENTATION_CONTEXT(2) 
PARAMETRIC_REPRESENTATION_CONTEXT() REPRESENTATION_CONTEXT('2D SPACE',''
  ) );
#2300 = PCURVE('',#2301,#2306);
#2301 = PLANE('',#2302);
#2302 = AXIS2_PLACEMENT_3D('',#2303,#2304,#2305);
#2303 = CARTESIAN_POINT('',(-11.7,-4.3,4.75));
#2304 = DIRECTION('',(-1.,-2.758299773102E-45,2.106062720053E-16));
#2305 = DIRECTION('',(-2.758299773102E-45,1.,0.));
#2306 = DEFINITIONAL_REPRESENTATION('',(#2307),#2312);
#2307 = B_SPLINE_CURVE_WITH_KNOTS('',3,(#2308,#2309,#2310,#2311),
  .UNSPECIFIED.,.F.,.F.,(4,4),(0.,1.),.PIECEWISE_BEZIER_KNOTS.);
#2308 = CARTESIAN_POINT('',(0.,0.));
#2309 = CARTESIAN_POINT('',(-0.133333333333,1.7763568394E-15));
#2310 = CARTESIAN_POINT('',(-0.266666666667,1.7763568394E-15));
#2311 = CARTESIAN_POINT('',(-0.4,0.));
#2312 = ( GEOMETRIC_REPRESENTATION_CONTEXT(2) 
PARAMETRIC_REPRESENTATION_CONTEXT() REPRESENTATION_CONTEXT('2D SPACE',''
  ) );
#2313 = ORIENTED_EDGE('',*,*,#2314,.F.);
#2314 = EDGE_CURVE('',#2315,#2284,#2317,.T.);
#2315 = VERTEX_POINT('',#2316);
#2316 = CARTESIAN_POINT('',(-13.5,-4.3,4.75));
#2317 = SURFACE_CURVE('',#2318,(#2323,#2331),.PCURVE_S1.);
#2318 = B_SPLINE_CURVE_WITH_KNOTS('',3,(#2319,#2320,#2321,#2322),
  .UNSPECIFIED.,.F.,.F.,(4,4),(0.,1.),.PIECEWISE_BEZIER_KNOTS.);
#2319 = CARTESIAN_POINT('',(-13.5,-4.3,4.75));
#2320 = CARTESIAN_POINT('',(-12.9,-4.3,4.75));
#2321 = CARTESIAN_POINT('',(-12.3,-4.3,4.75));
#2322 = CARTESIAN_POINT('',(-11.7,-4.3,4.75));
#2323 = PCURVE('',#1044,#2324);
#2324 = DEFINITIONAL_REPRESENTATION('',(#2325),#2330);
#2325 = B_SPLINE_CURVE_WITH_KNOTS('',3,(#2326,#2327,#2328,#2329),
  .UNSPECIFIED.,.F.,.F.,(4,4),(0.,1.),.PIECEWISE_BEZIER_KNOTS.);
#2326 = CARTESIAN_POINT('',(-3.1,-2.7));
#2327 = CARTESIAN_POINT('',(-2.5,-2.7));
#2328 = CARTESIAN_POINT('',(-1.9,-2.7));
#2329 = CARTESIAN_POINT('',(-1.3,-2.7));
#2330 = ( GEOMETRIC_REPRESENTATION_CONTEXT(2) 
PARAMETRIC_REPRESENTATION_CONTEXT() REPRESENTATION_CONTEXT('2D SPACE',''
  ) );
#2331 = PCURVE('',#1155,#2332);
#2332 = DEFINITIONAL_REPRESENTATION('',(#2333),#2338);
#2333 = B_SPLINE_CURVE_WITH_KNOTS('',3,(#2334,#2335,#2336,#2337),
  .UNSPECIFIED.,.F.,.F.,(4,4),(0.,1.),.PIECEWISE_BEZIER_KNOTS.);
#2334 = CARTESIAN_POINT('',(3.1,-9.5));
#2335 = CARTESIAN_POINT('',(2.5,-9.5));
#2336 = CARTESIAN_POINT('',(1.9,-9.5));
#2337 = CARTESIAN_POINT('',(1.3,-9.5));
#2338 = ( GEOMETRIC_REPRESENTATION_CONTEXT(2) 
PARAMETRIC_REPRESENTATION_CONTEXT() REPRESENTATION_CONTEXT('2D SPACE',''
  ) );
#2339 = ORIENTED_EDGE('',*,*,#2340,.F.);
#2340 = EDGE_CURVE('',#2341,#2315,#2343,.T.);
#2341 = VERTEX_POINT('',#2342);
#2342 = CARTESIAN_POINT('',(-13.5,-3.75,4.75));
#2343 = SURFACE_CURVE('',#2344,(#2349,#2357),.PCURVE_S1.);
#2344 = B_SPLINE_CURVE_WITH_KNOTS('',3,(#2345,#2346,#2347,#2348),
  .UNSPECIFIED.,.F.,.F.,(4,4),(0.,1.),.PIECEWISE_BEZIER_KNOTS.);
#2345 = CARTESIAN_POINT('',(-13.5,-3.75,4.75));
#2346 = CARTESIAN_POINT('',(-13.5,-3.933333333333,4.75));
#2347 = CARTESIAN_POINT('',(-13.5,-4.116666666667,4.75));
#2348 = CARTESIAN_POINT('',(-13.5,-4.3,4.75));
#2349 = PCURVE('',#1044,#2350);
#2350 = DEFINITIONAL_REPRESENTATION('',(#2351),#2356);
#2351 = B_SPLINE_CURVE_WITH_KNOTS('',3,(#2352,#2353,#2354,#2355),
  .UNSPECIFIED.,.F.,.F.,(4,4),(0.,1.),.PIECEWISE_BEZIER_KNOTS.);
#2352 = CARTESIAN_POINT('',(-3.1,-2.15));
#2353 = CARTESIAN_POINT('',(-3.1,-2.333333333333));
#2354 = CARTESIAN_POINT('',(-3.1,-2.516666666667));
#2355 = CARTESIAN_POINT('',(-3.1,-2.7));
#2356 = ( GEOMETRIC_REPRESENTATION_CONTEXT(2) 
PARAMETRIC_REPRESENTATION_CONTEXT() REPRESENTATION_CONTEXT('2D SPACE',''
  ) );
#2357 = PCURVE('',#2358,#2363);
#2358 = PLANE('',#2359);
#2359 = AXIS2_PLACEMENT_3D('',#2360,#2361,#2362);
#2360 = CARTESIAN_POINT('',(-13.5,-4.7,5.25));
#2361 = DIRECTION('',(1.,2.758299773102E-45,-2.106062720053E-16));
#2362 = DIRECTION('',(-2.106062720053E-16,0.,-1.));
#2363 = DEFINITIONAL_REPRESENTATION('',(#2364),#2369);
#2364 = B_SPLINE_CURVE_WITH_KNOTS('',3,(#2365,#2366,#2367,#2368),
  .UNSPECIFIED.,.F.,.F.,(4,4),(0.,1.),.PIECEWISE_BEZIER_KNOTS.);
#2365 = CARTESIAN_POINT('',(0.5,0.95));
#2366 = CARTESIAN_POINT('',(0.5,0.766666666667));
#2367 = CARTESIAN_POINT('',(0.5,0.583333333333));
#2368 = CARTESIAN_POINT('',(0.5,0.4));
#2369 = ( GEOMETRIC_REPRESENTATION_CONTEXT(2) 
PARAMETRIC_REPRESENTATION_CONTEXT() REPRESENTATION_CONTEXT('2D SPACE',''
  ) );
#2370 = ORIENTED_EDGE('',*,*,#2371,.F.);
#2371 = EDGE_CURVE('',#2372,#2341,#2374,.T.);
#2372 = VERTEX_POINT('',#2373);
#2373 = CARTESIAN_POINT('',(-11.7,-3.75,4.75));
#2374 = SURFACE_CURVE('',#2375,(#2380,#2388),.PCURVE_S1.);
#2375 = B_SPLINE_CURVE_WITH_KNOTS('',3,(#2376,#2377,#2378,#2379),
  .UNSPECIFIED.,.F.,.F.,(4,4),(0.,1.),.PIECEWISE_BEZIER_KNOTS.);
#2376 = CARTESIAN_POINT('',(-11.7,-3.75,4.75));
#2377 = CARTESIAN_POINT('',(-12.3,-3.75,4.75));
#2378 = CARTESIAN_POINT('',(-12.9,-3.75,4.75));
#2379 = CARTESIAN_POINT('',(-13.5,-3.75,4.75));
#2380 = PCURVE('',#1044,#2381);
#2381 = DEFINITIONAL_REPRESENTATION('',(#2382),#2387);
#2382 = B_SPLINE_CURVE_WITH_KNOTS('',3,(#2383,#2384,#2385,#2386),
  .UNSPECIFIED.,.F.,.F.,(4,4),(0.,1.),.PIECEWISE_BEZIER_KNOTS.);
#2383 = CARTESIAN_POINT('',(-1.3,-2.15));
#2384 = CARTESIAN_POINT('',(-1.9,-2.15));
#2385 = CARTESIAN_POINT('',(-2.5,-2.15));
#2386 = CARTESIAN_POINT('',(-3.1,-2.15));
#2387 = ( GEOMETRIC_REPRESENTATION_CONTEXT(2) 
PARAMETRIC_REPRESENTATION_CONTEXT() REPRESENTATION_CONTEXT('2D SPACE',''
  ) );
#2388 = PCURVE('',#2389,#2394);
#2389 = PLANE('',#2390);
#2390 = AXIS2_PLACEMENT_3D('',#2391,#2392,#2393);
#2391 = CARTESIAN_POINT('',(-13.5,-3.75,-5.25));
#2392 = DIRECTION('',(1.807003620809E-16,-1.,-2.719673198813E-33));
#2393 = DIRECTION('',(0.,2.719673198813E-33,-1.));
#2394 = DEFINITIONAL_REPRESENTATION('',(#2395),#2400);
#2395 = B_SPLINE_CURVE_WITH_KNOTS('',3,(#2396,#2397,#2398,#2399),
  .UNSPECIFIED.,.F.,.F.,(4,4),(0.,1.),.PIECEWISE_BEZIER_KNOTS.);
#2396 = CARTESIAN_POINT('',(-10.,1.8));
#2397 = CARTESIAN_POINT('',(-10.,1.2));
#2398 = CARTESIAN_POINT('',(-10.,0.6));
#2399 = CARTESIAN_POINT('',(-10.,0.));
#2400 = ( GEOMETRIC_REPRESENTATION_CONTEXT(2) 
PARAMETRIC_REPRESENTATION_CONTEXT() REPRESENTATION_CONTEXT('2D SPACE',''
  ) );
#2401 = ORIENTED_EDGE('',*,*,#2402,.F.);
#2402 = EDGE_CURVE('',#2068,#2372,#2403,.T.);
#2403 = SURFACE_CURVE('',#2404,(#2409,#2417),.PCURVE_S1.);
#2404 = B_SPLINE_CURVE_WITH_KNOTS('',3,(#2405,#2406,#2407,#2408),
  .UNSPECIFIED.,.F.,.F.,(4,4),(0.,1.),.PIECEWISE_BEZIER_KNOTS.);
#2405 = CARTESIAN_POINT('',(-11.7,-2.95,4.75));
#2406 = CARTESIAN_POINT('',(-11.7,-3.216666666667,4.75));
#2407 = CARTESIAN_POINT('',(-11.7,-3.483333333333,4.75));
#2408 = CARTESIAN_POINT('',(-11.7,-3.75,4.75));
#2409 = PCURVE('',#1044,#2410);
#2410 = DEFINITIONAL_REPRESENTATION('',(#2411),#2416);
#2411 = B_SPLINE_CURVE_WITH_KNOTS('',3,(#2412,#2413,#2414,#2415),
  .UNSPECIFIED.,.F.,.F.,(4,4),(0.,1.),.PIECEWISE_BEZIER_KNOTS.);
#2412 = CARTESIAN_POINT('',(-1.3,-1.35));
#2413 = CARTESIAN_POINT('',(-1.3,-1.616666666667));
#2414 = CARTESIAN_POINT('',(-1.3,-1.883333333333));
#2415 = CARTESIAN_POINT('',(-1.3,-2.15));
#2416 = ( GEOMETRIC_REPRESENTATION_CONTEXT(2) 
PARAMETRIC_REPRESENTATION_CONTEXT() REPRESENTATION_CONTEXT('2D SPACE',''
  ) );
#2417 = PCURVE('',#2418,#2423);
#2418 = PLANE('',#2419);
#2419 = AXIS2_PLACEMENT_3D('',#2420,#2421,#2422);
#2420 = CARTESIAN_POINT('',(-11.7,-3.75,-5.25));
#2421 = DIRECTION('',(1.,2.758299773102E-45,-2.106062720053E-16));
#2422 = DIRECTION('',(-2.106062720053E-16,0.,-1.));
#2423 = DEFINITIONAL_REPRESENTATION('',(#2424),#2429);
#2424 = B_SPLINE_CURVE_WITH_KNOTS('',3,(#2425,#2426,#2427,#2428),
  .UNSPECIFIED.,.F.,.F.,(4,4),(0.,1.),.PIECEWISE_BEZIER_KNOTS.);
#2425 = CARTESIAN_POINT('',(-10.,0.8));
#2426 = CARTESIAN_POINT('',(-10.,0.533333333333));
#2427 = CARTESIAN_POINT('',(-10.,0.266666666667));
#2428 = CARTESIAN_POINT('',(-10.,0.));
#2429 = ( GEOMETRIC_REPRESENTATION_CONTEXT(2) 
PARAMETRIC_REPRESENTATION_CONTEXT() REPRESENTATION_CONTEXT('2D SPACE',''
  ) );
#2430 = ADVANCED_FACE('',(#2431),#1184,.T.);
#2431 = FACE_BOUND('',#2432,.T.);
#2432 = EDGE_LOOP('',(#2433,#2434,#2435,#2466));
#2433 = ORIENTED_EDGE('',*,*,#2195,.T.);
#2434 = ORIENTED_EDGE('',*,*,#1168,.F.);
#2435 = ORIENTED_EDGE('',*,*,#2436,.T.);
#2436 = EDGE_CURVE('',#1138,#2437,#2439,.T.);
#2437 = VERTEX_POINT('',#2438);
#2438 = CARTESIAN_POINT('',(-8.5,-4.3,4.05));
#2439 = SURFACE_CURVE('',#2440,(#2445,#2453),.PCURVE_S1.);
#2440 = B_SPLINE_CURVE_WITH_KNOTS('',3,(#2441,#2442,#2443,#2444),
  .UNSPECIFIED.,.F.,.F.,(4,4),(0.,1.),.PIECEWISE_BEZIER_KNOTS.);
#2441 = CARTESIAN_POINT('',(-10.4,-4.3,4.05));
#2442 = CARTESIAN_POINT('',(-9.766666666667,-4.3,4.05));
#2443 = CARTESIAN_POINT('',(-9.133333333333,-4.3,4.05));
#2444 = CARTESIAN_POINT('',(-8.5,-4.3,4.05));
#2445 = PCURVE('',#1184,#2446);
#2446 = DEFINITIONAL_REPRESENTATION('',(#2447),#2452);
#2447 = B_SPLINE_CURVE_WITH_KNOTS('',3,(#2448,#2449,#2450,#2451),
  .UNSPECIFIED.,.F.,.F.,(4,4),(0.,1.),.PIECEWISE_BEZIER_KNOTS.);
#2448 = CARTESIAN_POINT('',(-1.3,0.7));
#2449 = CARTESIAN_POINT('',(-1.933333333333,0.7));
#2450 = CARTESIAN_POINT('',(-2.566666666667,0.7));
#2451 = CARTESIAN_POINT('',(-3.2,0.7));
#2452 = ( GEOMETRIC_REPRESENTATION_CONTEXT(2) 
PARAMETRIC_REPRESENTATION_CONTEXT() REPRESENTATION_CONTEXT('2D SPACE',''
  ) );
#2453 = PCURVE('',#2454,#2459);
#2454 = PLANE('',#2455);
#2455 = AXIS2_PLACEMENT_3D('',#2456,#2457,#2458);
#2456 = CARTESIAN_POINT('',(-8.5,-4.3,4.05));
#2457 = DIRECTION('',(-9.958396954279E-17,-1.198328716958E-16,-1.));
#2458 = DIRECTION('',(0.,-1.,1.198328716958E-16));
#2459 = DEFINITIONAL_REPRESENTATION('',(#2460),#2465);
#2460 = B_SPLINE_CURVE_WITH_KNOTS('',3,(#2461,#2462,#2463,#2464),
  .UNSPECIFIED.,.F.,.F.,(4,4),(0.,1.),.PIECEWISE_BEZIER_KNOTS.);
#2461 = CARTESIAN_POINT('',(0.,1.9));
#2462 = CARTESIAN_POINT('',(0.,1.266666666667));
#2463 = CARTESIAN_POINT('',(0.,0.633333333333));
#2464 = CARTESIAN_POINT('',(0.,0.));
#2465 = ( GEOMETRIC_REPRESENTATION_CONTEXT(2) 
PARAMETRIC_REPRESENTATION_CONTEXT() REPRESENTATION_CONTEXT('2D SPACE',''
  ) );
#2466 = ORIENTED_EDGE('',*,*,#2467,.T.);
#2467 = EDGE_CURVE('',#2437,#2196,#2468,.T.);
#2468 = SURFACE_CURVE('',#2469,(#2474,#2482),.PCURVE_S1.);
#2469 = B_SPLINE_CURVE_WITH_KNOTS('',3,(#2470,#2471,#2472,#2473),
  .UNSPECIFIED.,.F.,.F.,(4,4),(0.,1.),.PIECEWISE_BEZIER_KNOTS.);
#2470 = CARTESIAN_POINT('',(-8.5,-4.3,4.05));
#2471 = CARTESIAN_POINT('',(-8.5,-4.3,4.283333333333));
#2472 = CARTESIAN_POINT('',(-8.5,-4.3,4.516666666667));
#2473 = CARTESIAN_POINT('',(-8.5,-4.3,4.75));
#2474 = PCURVE('',#1184,#2475);
#2475 = DEFINITIONAL_REPRESENTATION('',(#2476),#2481);
#2476 = B_SPLINE_CURVE_WITH_KNOTS('',3,(#2477,#2478,#2479,#2480),
  .UNSPECIFIED.,.F.,.F.,(4,4),(0.,1.),.PIECEWISE_BEZIER_KNOTS.);
#2477 = CARTESIAN_POINT('',(-3.2,0.7));
#2478 = CARTESIAN_POINT('',(-3.2,0.466666666667));
#2479 = CARTESIAN_POINT('',(-3.2,0.233333333333));
#2480 = CARTESIAN_POINT('',(-3.2,0.));
#2481 = ( GEOMETRIC_REPRESENTATION_CONTEXT(2) 
PARAMETRIC_REPRESENTATION_CONTEXT() REPRESENTATION_CONTEXT('2D SPACE',''
  ) );
#2482 = PCURVE('',#2239,#2483);
#2483 = DEFINITIONAL_REPRESENTATION('',(#2484),#2489);
#2484 = B_SPLINE_CURVE_WITH_KNOTS('',3,(#2485,#2486,#2487,#2488),
  .UNSPECIFIED.,.F.,.F.,(4,4),(0.,1.),.PIECEWISE_BEZIER_KNOTS.);
#2485 = CARTESIAN_POINT('',(0.4,1.2));
#2486 = CARTESIAN_POINT('',(0.4,0.966666666667));
#2487 = CARTESIAN_POINT('',(0.4,0.733333333333));
#2488 = CARTESIAN_POINT('',(0.4,0.5));
#2489 = ( GEOMETRIC_REPRESENTATION_CONTEXT(2) 
PARAMETRIC_REPRESENTATION_CONTEXT() REPRESENTATION_CONTEXT('2D SPACE',''
  ) );
#2490 = ADVANCED_FACE('',(#2491),#1155,.F.);
#2491 = FACE_BOUND('',#2492,.T.);
#2492 = EDGE_LOOP('',(#2493,#2519,#2520,#2546,#2570,#2571,#2602,#2633));
#2493 = ORIENTED_EDGE('',*,*,#2494,.F.);
#2494 = EDGE_CURVE('',#2315,#2495,#2497,.T.);
#2495 = VERTEX_POINT('',#2496);
#2496 = CARTESIAN_POINT('',(-13.5,-4.3,-4.75));
#2497 = SURFACE_CURVE('',#2498,(#2503,#2511),.PCURVE_S1.);
#2498 = B_SPLINE_CURVE_WITH_KNOTS('',3,(#2499,#2500,#2501,#2502),
  .UNSPECIFIED.,.F.,.F.,(4,4),(0.,1.),.PIECEWISE_BEZIER_KNOTS.);
#2499 = CARTESIAN_POINT('',(-13.5,-4.3,4.75));
#2500 = CARTESIAN_POINT('',(-13.5,-4.3,1.583333333333));
#2501 = CARTESIAN_POINT('',(-13.5,-4.3,-1.583333333333));
#2502 = CARTESIAN_POINT('',(-13.5,-4.3,-4.75));
#2503 = PCURVE('',#1155,#2504);
#2504 = DEFINITIONAL_REPRESENTATION('',(#2505),#2510);
#2505 = B_SPLINE_CURVE_WITH_KNOTS('',3,(#2506,#2507,#2508,#2509),
  .UNSPECIFIED.,.F.,.F.,(4,4),(0.,1.),.PIECEWISE_BEZIER_KNOTS.);
#2506 = CARTESIAN_POINT('',(3.1,-9.5));
#2507 = CARTESIAN_POINT('',(3.1,-6.333333333333));
#2508 = CARTESIAN_POINT('',(3.1,-3.166666666667));
#2509 = CARTESIAN_POINT('',(3.1,0.));
#2510 = ( GEOMETRIC_REPRESENTATION_CONTEXT(2) 
PARAMETRIC_REPRESENTATION_CONTEXT() REPRESENTATION_CONTEXT('2D SPACE',''
  ) );
#2511 = PCURVE('',#2358,#2512);
#2512 = DEFINITIONAL_REPRESENTATION('',(#2513),#2518);
#2513 = B_SPLINE_CURVE_WITH_KNOTS('',3,(#2514,#2515,#2516,#2517),
  .UNSPECIFIED.,.F.,.F.,(4,4),(0.,1.),.PIECEWISE_BEZIER_KNOTS.);
#2514 = CARTESIAN_POINT('',(0.5,0.4));
#2515 = CARTESIAN_POINT('',(3.666666666667,0.4));
#2516 = CARTESIAN_POINT('',(6.833333333333,0.4));
#2517 = CARTESIAN_POINT('',(10.,0.4));
#2518 = ( GEOMETRIC_REPRESENTATION_CONTEXT(2) 
PARAMETRIC_REPRESENTATION_CONTEXT() REPRESENTATION_CONTEXT('2D SPACE',''
  ) );
#2519 = ORIENTED_EDGE('',*,*,#2314,.T.);
#2520 = ORIENTED_EDGE('',*,*,#2521,.F.);
#2521 = EDGE_CURVE('',#2522,#2284,#2524,.T.);
#2522 = VERTEX_POINT('',#2523);
#2523 = CARTESIAN_POINT('',(-11.7,-4.3,4.05));
#2524 = SURFACE_CURVE('',#2525,(#2530,#2538),.PCURVE_S1.);
#2525 = B_SPLINE_CURVE_WITH_KNOTS('',3,(#2526,#2527,#2528,#2529),
  .UNSPECIFIED.,.F.,.F.,(4,4),(0.,1.),.PIECEWISE_BEZIER_KNOTS.);
#2526 = CARTESIAN_POINT('',(-11.7,-4.3,4.05));
#2527 = CARTESIAN_POINT('',(-11.7,-4.3,4.283333333333));
#2528 = CARTESIAN_POINT('',(-11.7,-4.3,4.516666666667));
#2529 = CARTESIAN_POINT('',(-11.7,-4.3,4.75));
#2530 = PCURVE('',#1155,#2531);
#2531 = DEFINITIONAL_REPRESENTATION('',(#2532),#2537);
#2532 = B_SPLINE_CURVE_WITH_KNOTS('',3,(#2533,#2534,#2535,#2536),
  .UNSPECIFIED.,.F.,.F.,(4,4),(0.,1.),.PIECEWISE_BEZIER_KNOTS.);
#2533 = CARTESIAN_POINT('',(1.3,-8.8));
#2534 = CARTESIAN_POINT('',(1.3,-9.033333333333));
#2535 = CARTESIAN_POINT('',(1.3,-9.266666666667));
#2536 = CARTESIAN_POINT('',(1.3,-9.5));
#2537 = ( GEOMETRIC_REPRESENTATION_CONTEXT(2) 
PARAMETRIC_REPRESENTATION_CONTEXT() REPRESENTATION_CONTEXT('2D SPACE',''
  ) );
#2538 = PCURVE('',#2301,#2539);
#2539 = DEFINITIONAL_REPRESENTATION('',(#2540),#2545);
#2540 = B_SPLINE_CURVE_WITH_KNOTS('',3,(#2541,#2542,#2543,#2544),
  .UNSPECIFIED.,.F.,.F.,(4,4),(0.,1.),.PIECEWISE_BEZIER_KNOTS.);
#2541 = CARTESIAN_POINT('',(0.,0.7));
#2542 = CARTESIAN_POINT('',(-2.6645352591E-15,0.466666666667));
#2543 = CARTESIAN_POINT('',(-2.6645352591E-15,0.233333333333));
#2544 = CARTESIAN_POINT('',(0.,0.));
#2545 = ( GEOMETRIC_REPRESENTATION_CONTEXT(2) 
PARAMETRIC_REPRESENTATION_CONTEXT() REPRESENTATION_CONTEXT('2D SPACE',''
  ) );
#2546 = ORIENTED_EDGE('',*,*,#2547,.F.);
#2547 = EDGE_CURVE('',#1138,#2522,#2548,.T.);
#2548 = SURFACE_CURVE('',#2549,(#2554,#2562),.PCURVE_S1.);
#2549 = B_SPLINE_CURVE_WITH_KNOTS('',3,(#2550,#2551,#2552,#2553),
  .UNSPECIFIED.,.F.,.F.,(4,4),(0.,1.),.PIECEWISE_BEZIER_KNOTS.);
#2550 = CARTESIAN_POINT('',(-10.4,-4.3,4.05));
#2551 = CARTESIAN_POINT('',(-10.83333333333,-4.3,4.05));
#2552 = CARTESIAN_POINT('',(-11.26666666666,-4.3,4.05));
#2553 = CARTESIAN_POINT('',(-11.7,-4.3,4.05));
#2554 = PCURVE('',#1155,#2555);
#2555 = DEFINITIONAL_REPRESENTATION('',(#2556),#2561);
#2556 = B_SPLINE_CURVE_WITH_KNOTS('',3,(#2557,#2558,#2559,#2560),
  .UNSPECIFIED.,.F.,.F.,(4,4),(0.,1.),.PIECEWISE_BEZIER_KNOTS.);
#2557 = CARTESIAN_POINT('',(0.,-8.8));
#2558 = CARTESIAN_POINT('',(0.433333333333,-8.8));
#2559 = CARTESIAN_POINT('',(0.866666666667,-8.8));
#2560 = CARTESIAN_POINT('',(1.3,-8.8));
#2561 = ( GEOMETRIC_REPRESENTATION_CONTEXT(2) 
PARAMETRIC_REPRESENTATION_CONTEXT() REPRESENTATION_CONTEXT('2D SPACE',''
  ) );
#2562 = PCURVE('',#2454,#2563);
#2563 = DEFINITIONAL_REPRESENTATION('',(#2564),#2569);
#2564 = B_SPLINE_CURVE_WITH_KNOTS('',3,(#2565,#2566,#2567,#2568),
  .UNSPECIFIED.,.F.,.F.,(4,4),(0.,1.),.PIECEWISE_BEZIER_KNOTS.);
#2565 = CARTESIAN_POINT('',(0.,1.9));
#2566 = CARTESIAN_POINT('',(3.552713678801E-15,2.333333333333));
#2567 = CARTESIAN_POINT('',(1.7763568394E-15,2.766666666667));
#2568 = CARTESIAN_POINT('',(0.,3.2));
#2569 = ( GEOMETRIC_REPRESENTATION_CONTEXT(2) 
PARAMETRIC_REPRESENTATION_CONTEXT() REPRESENTATION_CONTEXT('2D SPACE',''
  ) );
#2570 = ORIENTED_EDGE('',*,*,#1137,.F.);
#2571 = ORIENTED_EDGE('',*,*,#2572,.F.);
#2572 = EDGE_CURVE('',#2573,#1107,#2575,.T.);
#2573 = VERTEX_POINT('',#2574);
#2574 = CARTESIAN_POINT('',(-11.7,-4.3,-4.05));
#2575 = SURFACE_CURVE('',#2576,(#2581,#2589),.PCURVE_S1.);
#2576 = B_SPLINE_CURVE_WITH_KNOTS('',3,(#2577,#2578,#2579,#2580),
  .UNSPECIFIED.,.F.,.F.,(4,4),(0.,1.),.PIECEWISE_BEZIER_KNOTS.);
#2577 = CARTESIAN_POINT('',(-11.7,-4.3,-4.05));
#2578 = CARTESIAN_POINT('',(-11.26666666666,-4.3,-4.05));
#2579 = CARTESIAN_POINT('',(-10.83333333333,-4.3,-4.05));
#2580 = CARTESIAN_POINT('',(-10.4,-4.3,-4.05));
#2581 = PCURVE('',#1155,#2582);
#2582 = DEFINITIONAL_REPRESENTATION('',(#2583),#2588);
#2583 = B_SPLINE_CURVE_WITH_KNOTS('',3,(#2584,#2585,#2586,#2587),
  .UNSPECIFIED.,.F.,.F.,(4,4),(0.,1.),.PIECEWISE_BEZIER_KNOTS.);
#2584 = CARTESIAN_POINT('',(1.3,-0.7));
#2585 = CARTESIAN_POINT('',(0.866666666667,-0.7));
#2586 = CARTESIAN_POINT('',(0.433333333333,-0.7));
#2587 = CARTESIAN_POINT('',(0.,-0.7));
#2588 = ( GEOMETRIC_REPRESENTATION_CONTEXT(2) 
PARAMETRIC_REPRESENTATION_CONTEXT() REPRESENTATION_CONTEXT('2D SPACE',''
  ) );
#2589 = PCURVE('',#2590,#2595);
#2590 = PLANE('',#2591);
#2591 = AXIS2_PLACEMENT_3D('',#2592,#2593,#2594);
#2592 = CARTESIAN_POINT('',(-8.5,-4.3,-4.05));
#2593 = DIRECTION('',(9.958396954279E-17,1.198328716958E-16,1.));
#2594 = DIRECTION('',(0.,-1.,1.198328716958E-16));
#2595 = DEFINITIONAL_REPRESENTATION('',(#2596),#2601);
#2596 = B_SPLINE_CURVE_WITH_KNOTS('',3,(#2597,#2598,#2599,#2600),
  .UNSPECIFIED.,.F.,.F.,(4,4),(0.,1.),.PIECEWISE_BEZIER_KNOTS.);
#2597 = CARTESIAN_POINT('',(0.,-3.2));
#2598 = CARTESIAN_POINT('',(-3.552713678801E-15,-2.766666666667));
#2599 = CARTESIAN_POINT('',(-1.7763568394E-15,-2.333333333333));
#2600 = CARTESIAN_POINT('',(0.,-1.9));
#2601 = ( GEOMETRIC_REPRESENTATION_CONTEXT(2) 
PARAMETRIC_REPRESENTATION_CONTEXT() REPRESENTATION_CONTEXT('2D SPACE',''
  ) );
#2602 = ORIENTED_EDGE('',*,*,#2603,.F.);
#2603 = EDGE_CURVE('',#2604,#2573,#2606,.T.);
#2604 = VERTEX_POINT('',#2605);
#2605 = CARTESIAN_POINT('',(-11.7,-4.3,-4.75));
#2606 = SURFACE_CURVE('',#2607,(#2612,#2620),.PCURVE_S1.);
#2607 = B_SPLINE_CURVE_WITH_KNOTS('',3,(#2608,#2609,#2610,#2611),
  .UNSPECIFIED.,.F.,.F.,(4,4),(0.,1.),.PIECEWISE_BEZIER_KNOTS.);
#2608 = CARTESIAN_POINT('',(-11.7,-4.3,-4.75));
#2609 = CARTESIAN_POINT('',(-11.7,-4.3,-4.516666666667));
#2610 = CARTESIAN_POINT('',(-11.7,-4.3,-4.283333333333));
#2611 = CARTESIAN_POINT('',(-11.7,-4.3,-4.05));
#2612 = PCURVE('',#1155,#2613);
#2613 = DEFINITIONAL_REPRESENTATION('',(#2614),#2619);
#2614 = B_SPLINE_CURVE_WITH_KNOTS('',3,(#2615,#2616,#2617,#2618),
  .UNSPECIFIED.,.F.,.F.,(4,4),(0.,1.),.PIECEWISE_BEZIER_KNOTS.);
#2615 = CARTESIAN_POINT('',(1.3,0.));
#2616 = CARTESIAN_POINT('',(1.3,-0.233333333333));
#2617 = CARTESIAN_POINT('',(1.3,-0.466666666667));
#2618 = CARTESIAN_POINT('',(1.3,-0.7));
#2619 = ( GEOMETRIC_REPRESENTATION_CONTEXT(2) 
PARAMETRIC_REPRESENTATION_CONTEXT() REPRESENTATION_CONTEXT('2D SPACE',''
  ) );
#2620 = PCURVE('',#2621,#2626);
#2621 = PLANE('',#2622);
#2622 = AXIS2_PLACEMENT_3D('',#2623,#2624,#2625);
#2623 = CARTESIAN_POINT('',(-11.7,-4.3,-4.75));
#2624 = DIRECTION('',(-1.,-2.758299773102E-45,2.106062720053E-16));
#2625 = DIRECTION('',(-2.758299773102E-45,1.,0.));
#2626 = DEFINITIONAL_REPRESENTATION('',(#2627),#2632);
#2627 = B_SPLINE_CURVE_WITH_KNOTS('',3,(#2628,#2629,#2630,#2631),
  .UNSPECIFIED.,.F.,.F.,(4,4),(0.,1.),.PIECEWISE_BEZIER_KNOTS.);
#2628 = CARTESIAN_POINT('',(0.,0.));
#2629 = CARTESIAN_POINT('',(2.6645352591E-15,-0.233333333333));
#2630 = CARTESIAN_POINT('',(2.6645352591E-15,-0.466666666667));
#2631 = CARTESIAN_POINT('',(0.,-0.7));
#2632 = ( GEOMETRIC_REPRESENTATION_CONTEXT(2) 
PARAMETRIC_REPRESENTATION_CONTEXT() REPRESENTATION_CONTEXT('2D SPACE',''
  ) );
#2633 = ORIENTED_EDGE('',*,*,#2634,.F.);
#2634 = EDGE_CURVE('',#2495,#2604,#2635,.T.);
#2635 = SURFACE_CURVE('',#2636,(#2641,#2649),.PCURVE_S1.);
#2636 = B_SPLINE_CURVE_WITH_KNOTS('',3,(#2637,#2638,#2639,#2640),
  .UNSPECIFIED.,.F.,.F.,(4,4),(0.,1.),.PIECEWISE_BEZIER_KNOTS.);
#2637 = CARTESIAN_POINT('',(-13.5,-4.3,-4.75));
#2638 = CARTESIAN_POINT('',(-12.9,-4.3,-4.75));
#2639 = CARTESIAN_POINT('',(-12.3,-4.3,-4.75));
#2640 = CARTESIAN_POINT('',(-11.7,-4.3,-4.75));
#2641 = PCURVE('',#1155,#2642);
#2642 = DEFINITIONAL_REPRESENTATION('',(#2643),#2648);
#2643 = B_SPLINE_CURVE_WITH_KNOTS('',3,(#2644,#2645,#2646,#2647),
  .UNSPECIFIED.,.F.,.F.,(4,4),(0.,1.),.PIECEWISE_BEZIER_KNOTS.);
#2644 = CARTESIAN_POINT('',(3.1,0.));
#2645 = CARTESIAN_POINT('',(2.5,0.));
#2646 = CARTESIAN_POINT('',(1.9,0.));
#2647 = CARTESIAN_POINT('',(1.3,0.));
#2648 = ( GEOMETRIC_REPRESENTATION_CONTEXT(2) 
PARAMETRIC_REPRESENTATION_CONTEXT() REPRESENTATION_CONTEXT('2D SPACE',''
  ) );
#2649 = PCURVE('',#1093,#2650);
#2650 = DEFINITIONAL_REPRESENTATION('',(#2651),#2656);
#2651 = B_SPLINE_CURVE_WITH_KNOTS('',3,(#2652,#2653,#2654,#2655),
  .UNSPECIFIED.,.F.,.F.,(4,4),(0.,1.),.PIECEWISE_BEZIER_KNOTS.);
#2652 = CARTESIAN_POINT('',(3.1,-2.7));
#2653 = CARTESIAN_POINT('',(2.5,-2.7));
#2654 = CARTESIAN_POINT('',(1.9,-2.7));
#2655 = CARTESIAN_POINT('',(1.3,-2.7));
#2656 = ( GEOMETRIC_REPRESENTATION_CONTEXT(2) 
PARAMETRIC_REPRESENTATION_CONTEXT() REPRESENTATION_CONTEXT('2D SPACE',''
  ) );
#2657 = ADVANCED_FACE('',(#2658),#1124,.F.);
#2658 = FACE_BOUND('',#2659,.T.);
#2659 = EDGE_LOOP('',(#2660,#2686,#2687,#2713));
#2660 = ORIENTED_EDGE('',*,*,#2661,.F.);
#2661 = EDGE_CURVE('',#1107,#2662,#2664,.T.);
#2662 = VERTEX_POINT('',#2663);
#2663 = CARTESIAN_POINT('',(-8.5,-4.3,-4.05));
#2664 = SURFACE_CURVE('',#2665,(#2670,#2678),.PCURVE_S1.);
#2665 = B_SPLINE_CURVE_WITH_KNOTS('',3,(#2666,#2667,#2668,#2669),
  .UNSPECIFIED.,.F.,.F.,(4,4),(0.,1.),.PIECEWISE_BEZIER_KNOTS.);
#2666 = CARTESIAN_POINT('',(-10.4,-4.3,-4.05));
#2667 = CARTESIAN_POINT('',(-9.766666666667,-4.3,-4.05));
#2668 = CARTESIAN_POINT('',(-9.133333333333,-4.3,-4.05));
#2669 = CARTESIAN_POINT('',(-8.5,-4.3,-4.05));
#2670 = PCURVE('',#1124,#2671);
#2671 = DEFINITIONAL_REPRESENTATION('',(#2672),#2677);
#2672 = B_SPLINE_CURVE_WITH_KNOTS('',3,(#2673,#2674,#2675,#2676),
  .UNSPECIFIED.,.F.,.F.,(4,4),(0.,1.),.PIECEWISE_BEZIER_KNOTS.);
#2673 = CARTESIAN_POINT('',(-0.7,-1.3));
#2674 = CARTESIAN_POINT('',(-0.7,-1.933333333333));
#2675 = CARTESIAN_POINT('',(-0.7,-2.566666666667));
#2676 = CARTESIAN_POINT('',(-0.7,-3.2));
#2677 = ( GEOMETRIC_REPRESENTATION_CONTEXT(2) 
PARAMETRIC_REPRESENTATION_CONTEXT() REPRESENTATION_CONTEXT('2D SPACE',''
  ) );
#2678 = PCURVE('',#2590,#2679);
#2679 = DEFINITIONAL_REPRESENTATION('',(#2680),#2685);
#2680 = B_SPLINE_CURVE_WITH_KNOTS('',3,(#2681,#2682,#2683,#2684),
  .UNSPECIFIED.,.F.,.F.,(4,4),(0.,1.),.PIECEWISE_BEZIER_KNOTS.);
#2681 = CARTESIAN_POINT('',(0.,-1.9));
#2682 = CARTESIAN_POINT('',(-4.440892098501E-15,-1.266666666667));
#2683 = CARTESIAN_POINT('',(-2.6645352591E-15,-0.633333333333));
#2684 = CARTESIAN_POINT('',(0.,0.));
#2685 = ( GEOMETRIC_REPRESENTATION_CONTEXT(2) 
PARAMETRIC_REPRESENTATION_CONTEXT() REPRESENTATION_CONTEXT('2D SPACE',''
  ) );
#2686 = ORIENTED_EDGE('',*,*,#1106,.F.);
#2687 = ORIENTED_EDGE('',*,*,#2688,.F.);
#2688 = EDGE_CURVE('',#2689,#1076,#2691,.T.);
#2689 = VERTEX_POINT('',#2690);
#2690 = CARTESIAN_POINT('',(-8.5,-4.3,-4.75));
#2691 = SURFACE_CURVE('',#2692,(#2697,#2705),.PCURVE_S1.);
#2692 = B_SPLINE_CURVE_WITH_KNOTS('',3,(#2693,#2694,#2695,#2696),
  .UNSPECIFIED.,.F.,.F.,(4,4),(0.,1.),.PIECEWISE_BEZIER_KNOTS.);
#2693 = CARTESIAN_POINT('',(-8.5,-4.3,-4.75));
#2694 = CARTESIAN_POINT('',(-9.133333333333,-4.3,-4.75));
#2695 = CARTESIAN_POINT('',(-9.766666666667,-4.3,-4.75));
#2696 = CARTESIAN_POINT('',(-10.4,-4.3,-4.75));
#2697 = PCURVE('',#1124,#2698);
#2698 = DEFINITIONAL_REPRESENTATION('',(#2699),#2704);
#2699 = B_SPLINE_CURVE_WITH_KNOTS('',3,(#2700,#2701,#2702,#2703),
  .UNSPECIFIED.,.F.,.F.,(4,4),(0.,1.),.PIECEWISE_BEZIER_KNOTS.);
#2700 = CARTESIAN_POINT('',(0.,-3.2));
#2701 = CARTESIAN_POINT('',(0.,-2.566666666667));
#2702 = CARTESIAN_POINT('',(0.,-1.933333333333));
#2703 = CARTESIAN_POINT('',(0.,-1.3));
#2704 = ( GEOMETRIC_REPRESENTATION_CONTEXT(2) 
PARAMETRIC_REPRESENTATION_CONTEXT() REPRESENTATION_CONTEXT('2D SPACE',''
  ) );
#2705 = PCURVE('',#1093,#2706);
#2706 = DEFINITIONAL_REPRESENTATION('',(#2707),#2712);
#2707 = B_SPLINE_CURVE_WITH_KNOTS('',3,(#2708,#2709,#2710,#2711),
  .UNSPECIFIED.,.F.,.F.,(4,4),(0.,1.),.PIECEWISE_BEZIER_KNOTS.);
#2708 = CARTESIAN_POINT('',(-1.9,-2.7));
#2709 = CARTESIAN_POINT('',(-1.266666666667,-2.7));
#2710 = CARTESIAN_POINT('',(-0.633333333333,-2.7));
#2711 = CARTESIAN_POINT('',(0.,-2.7));
#2712 = ( GEOMETRIC_REPRESENTATION_CONTEXT(2) 
PARAMETRIC_REPRESENTATION_CONTEXT() REPRESENTATION_CONTEXT('2D SPACE',''
  ) );
#2713 = ORIENTED_EDGE('',*,*,#2714,.F.);
#2714 = EDGE_CURVE('',#2662,#2689,#2715,.T.);
#2715 = SURFACE_CURVE('',#2716,(#2721,#2729),.PCURVE_S1.);
#2716 = B_SPLINE_CURVE_WITH_KNOTS('',3,(#2717,#2718,#2719,#2720),
  .UNSPECIFIED.,.F.,.F.,(4,4),(0.,1.),.PIECEWISE_BEZIER_KNOTS.);
#2717 = CARTESIAN_POINT('',(-8.5,-4.3,-4.05));
#2718 = CARTESIAN_POINT('',(-8.5,-4.3,-4.283333333333));
#2719 = CARTESIAN_POINT('',(-8.5,-4.3,-4.516666666667));
#2720 = CARTESIAN_POINT('',(-8.5,-4.3,-4.75));
#2721 = PCURVE('',#1124,#2722);
#2722 = DEFINITIONAL_REPRESENTATION('',(#2723),#2728);
#2723 = B_SPLINE_CURVE_WITH_KNOTS('',3,(#2724,#2725,#2726,#2727),
  .UNSPECIFIED.,.F.,.F.,(4,4),(0.,1.),.PIECEWISE_BEZIER_KNOTS.);
#2724 = CARTESIAN_POINT('',(-0.7,-3.2));
#2725 = CARTESIAN_POINT('',(-0.466666666667,-3.2));
#2726 = CARTESIAN_POINT('',(-0.233333333333,-3.2));
#2727 = CARTESIAN_POINT('',(0.,-3.2));
#2728 = ( GEOMETRIC_REPRESENTATION_CONTEXT(2) 
PARAMETRIC_REPRESENTATION_CONTEXT() REPRESENTATION_CONTEXT('2D SPACE',''
  ) );
#2729 = PCURVE('',#2239,#2730);
#2730 = DEFINITIONAL_REPRESENTATION('',(#2731),#2736);
#2731 = B_SPLINE_CURVE_WITH_KNOTS('',3,(#2732,#2733,#2734,#2735),
  .UNSPECIFIED.,.F.,.F.,(4,4),(0.,1.),.PIECEWISE_BEZIER_KNOTS.);
#2732 = CARTESIAN_POINT('',(0.4,9.3));
#2733 = CARTESIAN_POINT('',(0.4,9.533333333333));
#2734 = CARTESIAN_POINT('',(0.4,9.766666666667));
#2735 = CARTESIAN_POINT('',(0.4,10.));
#2736 = ( GEOMETRIC_REPRESENTATION_CONTEXT(2) 
PARAMETRIC_REPRESENTATION_CONTEXT() REPRESENTATION_CONTEXT('2D SPACE',''
  ) );
#2737 = ADVANCED_FACE('',(#2738),#1093,.F.);
#2738 = FACE_BOUND('',#2739,.T.);
#2739 = EDGE_LOOP('',(#2740,#2741,#2767,#2793,#2817,#2818,#2819,#2837,
    #2855,#2881,#2907,#2938,#2969,#3000));
#2740 = ORIENTED_EDGE('',*,*,#2634,.T.);
#2741 = ORIENTED_EDGE('',*,*,#2742,.F.);
#2742 = EDGE_CURVE('',#2743,#2604,#2745,.T.);
#2743 = VERTEX_POINT('',#2744);
#2744 = CARTESIAN_POINT('',(-11.7,-4.7,-4.75));
#2745 = SURFACE_CURVE('',#2746,(#2751,#2759),.PCURVE_S1.);
#2746 = B_SPLINE_CURVE_WITH_KNOTS('',3,(#2747,#2748,#2749,#2750),
  .UNSPECIFIED.,.F.,.F.,(4,4),(0.,1.),.PIECEWISE_BEZIER_KNOTS.);
#2747 = CARTESIAN_POINT('',(-11.7,-4.7,-4.75));
#2748 = CARTESIAN_POINT('',(-11.7,-4.566666666667,-4.75));
#2749 = CARTESIAN_POINT('',(-11.7,-4.433333333333,-4.75));
#2750 = CARTESIAN_POINT('',(-11.7,-4.3,-4.75));
#2751 = PCURVE('',#1093,#2752);
#2752 = DEFINITIONAL_REPRESENTATION('',(#2753),#2758);
#2753 = B_SPLINE_CURVE_WITH_KNOTS('',3,(#2754,#2755,#2756,#2757),
  .UNSPECIFIED.,.F.,.F.,(4,4),(0.,1.),.PIECEWISE_BEZIER_KNOTS.);
#2754 = CARTESIAN_POINT('',(1.3,-3.1));
#2755 = CARTESIAN_POINT('',(1.3,-2.966666666667));
#2756 = CARTESIAN_POINT('',(1.3,-2.833333333333));
#2757 = CARTESIAN_POINT('',(1.3,-2.7));
#2758 = ( GEOMETRIC_REPRESENTATION_CONTEXT(2) 
PARAMETRIC_REPRESENTATION_CONTEXT() REPRESENTATION_CONTEXT('2D SPACE',''
  ) );
#2759 = PCURVE('',#2621,#2760);
#2760 = DEFINITIONAL_REPRESENTATION('',(#2761),#2766);
#2761 = B_SPLINE_CURVE_WITH_KNOTS('',3,(#2762,#2763,#2764,#2765),
  .UNSPECIFIED.,.F.,.F.,(4,4),(0.,1.),.PIECEWISE_BEZIER_KNOTS.);
#2762 = CARTESIAN_POINT('',(-0.4,0.));
#2763 = CARTESIAN_POINT('',(-0.266666666667,1.7763568394E-15));
#2764 = CARTESIAN_POINT('',(-0.133333333333,1.7763568394E-15));
#2765 = CARTESIAN_POINT('',(0.,0.));
#2766 = ( GEOMETRIC_REPRESENTATION_CONTEXT(2) 
PARAMETRIC_REPRESENTATION_CONTEXT() REPRESENTATION_CONTEXT('2D SPACE',''
  ) );
#2767 = ORIENTED_EDGE('',*,*,#2768,.F.);
#2768 = EDGE_CURVE('',#2769,#2743,#2771,.T.);
#2769 = VERTEX_POINT('',#2770);
#2770 = CARTESIAN_POINT('',(-8.5,-4.7,-4.75));
#2771 = SURFACE_CURVE('',#2772,(#2777,#2785),.PCURVE_S1.);
#2772 = B_SPLINE_CURVE_WITH_KNOTS('',3,(#2773,#2774,#2775,#2776),
  .UNSPECIFIED.,.F.,.F.,(4,4),(0.,1.),.PIECEWISE_BEZIER_KNOTS.);
#2773 = CARTESIAN_POINT('',(-8.5,-4.7,-4.75));
#2774 = CARTESIAN_POINT('',(-9.566666666667,-4.7,-4.75));
#2775 = CARTESIAN_POINT('',(-10.63333333333,-4.7,-4.75));
#2776 = CARTESIAN_POINT('',(-11.7,-4.7,-4.75));
#2777 = PCURVE('',#1093,#2778);
#2778 = DEFINITIONAL_REPRESENTATION('',(#2779),#2784);
#2779 = B_SPLINE_CURVE_WITH_KNOTS('',3,(#2780,#2781,#2782,#2783),
  .UNSPECIFIED.,.F.,.F.,(4,4),(0.,1.),.PIECEWISE_BEZIER_KNOTS.);
#2780 = CARTESIAN_POINT('',(-1.9,-3.1));
#2781 = CARTESIAN_POINT('',(-0.833333333333,-3.1));
#2782 = CARTESIAN_POINT('',(0.233333333333,-3.1));
#2783 = CARTESIAN_POINT('',(1.3,-3.1));
#2784 = ( GEOMETRIC_REPRESENTATION_CONTEXT(2) 
PARAMETRIC_REPRESENTATION_CONTEXT() REPRESENTATION_CONTEXT('2D SPACE',''
  ) );
#2785 = PCURVE('',#2270,#2786);
#2786 = DEFINITIONAL_REPRESENTATION('',(#2787),#2792);
#2787 = B_SPLINE_CURVE_WITH_KNOTS('',3,(#2788,#2789,#2790,#2791),
  .UNSPECIFIED.,.F.,.F.,(4,4),(0.,1.),.PIECEWISE_BEZIER_KNOTS.);
#2788 = CARTESIAN_POINT('',(0.,10.));
#2789 = CARTESIAN_POINT('',(-1.066666666667,10.));
#2790 = CARTESIAN_POINT('',(-2.133333333333,10.));
#2791 = CARTESIAN_POINT('',(-3.2,10.));
#2792 = ( GEOMETRIC_REPRESENTATION_CONTEXT(2) 
PARAMETRIC_REPRESENTATION_CONTEXT() REPRESENTATION_CONTEXT('2D SPACE',''
  ) );
#2793 = ORIENTED_EDGE('',*,*,#2794,.F.);
#2794 = EDGE_CURVE('',#2689,#2769,#2795,.T.);
#2795 = SURFACE_CURVE('',#2796,(#2801,#2809),.PCURVE_S1.);
#2796 = B_SPLINE_CURVE_WITH_KNOTS('',3,(#2797,#2798,#2799,#2800),
  .UNSPECIFIED.,.F.,.F.,(4,4),(0.,1.),.PIECEWISE_BEZIER_KNOTS.);
#2797 = CARTESIAN_POINT('',(-8.5,-4.3,-4.75));
#2798 = CARTESIAN_POINT('',(-8.5,-4.433333333333,-4.75));
#2799 = CARTESIAN_POINT('',(-8.5,-4.566666666667,-4.75));
#2800 = CARTESIAN_POINT('',(-8.5,-4.7,-4.75));
#2801 = PCURVE('',#1093,#2802);
#2802 = DEFINITIONAL_REPRESENTATION('',(#2803),#2808);
#2803 = B_SPLINE_CURVE_WITH_KNOTS('',3,(#2804,#2805,#2806,#2807),
  .UNSPECIFIED.,.F.,.F.,(4,4),(0.,1.),.PIECEWISE_BEZIER_KNOTS.);
#2804 = CARTESIAN_POINT('',(-1.9,-2.7));
#2805 = CARTESIAN_POINT('',(-1.9,-2.833333333333));
#2806 = CARTESIAN_POINT('',(-1.9,-2.966666666667));
#2807 = CARTESIAN_POINT('',(-1.9,-3.1));
#2808 = ( GEOMETRIC_REPRESENTATION_CONTEXT(2) 
PARAMETRIC_REPRESENTATION_CONTEXT() REPRESENTATION_CONTEXT('2D SPACE',''
  ) );
#2809 = PCURVE('',#2239,#2810);
#2810 = DEFINITIONAL_REPRESENTATION('',(#2811),#2816);
#2811 = B_SPLINE_CURVE_WITH_KNOTS('',3,(#2812,#2813,#2814,#2815),
  .UNSPECIFIED.,.F.,.F.,(4,4),(0.,1.),.PIECEWISE_BEZIER_KNOTS.);
#2812 = CARTESIAN_POINT('',(0.4,10.));
#2813 = CARTESIAN_POINT('',(0.266666666667,10.));
#2814 = CARTESIAN_POINT('',(0.133333333333,10.));
#2815 = CARTESIAN_POINT('',(0.,10.));
#2816 = ( GEOMETRIC_REPRESENTATION_CONTEXT(2) 
PARAMETRIC_REPRESENTATION_CONTEXT() REPRESENTATION_CONTEXT('2D SPACE',''
  ) );
#2817 = ORIENTED_EDGE('',*,*,#2688,.T.);
#2818 = ORIENTED_EDGE('',*,*,#1075,.F.);
#2819 = ORIENTED_EDGE('',*,*,#2820,.F.);
#2820 = EDGE_CURVE('',#2821,#1058,#2823,.T.);
#2821 = VERTEX_POINT('',#2822);
#2822 = CARTESIAN_POINT('',(-10.1,-2.65,-4.75));
#2823 = SURFACE_CURVE('',#2824,(#2829),.PCURVE_S1.);
#2824 = B_SPLINE_CURVE_WITH_KNOTS('',3,(#2825,#2826,#2827,#2828),
  .UNSPECIFIED.,.F.,.F.,(4,4),(-1.,-0.),.PIECEWISE_BEZIER_KNOTS.);
#2825 = CARTESIAN_POINT('',(-10.1,-2.65,-4.75));
#2826 = CARTESIAN_POINT('',(-10.2,-2.75,-4.75));
#2827 = CARTESIAN_POINT('',(-10.3,-2.85,-4.75));
#2828 = CARTESIAN_POINT('',(-10.4,-2.95,-4.75));
#2829 = PCURVE('',#1093,#2830);
#2830 = DEFINITIONAL_REPRESENTATION('',(#2831),#2836);
#2831 = B_SPLINE_CURVE_WITH_KNOTS('',3,(#2832,#2833,#2834,#2835),
  .UNSPECIFIED.,.F.,.F.,(4,4),(-1.,-0.),.PIECEWISE_BEZIER_KNOTS.);
#2832 = CARTESIAN_POINT('',(-0.3,-1.05));
#2833 = CARTESIAN_POINT('',(-0.2,-1.15));
#2834 = CARTESIAN_POINT('',(-0.1,-1.25));
#2835 = CARTESIAN_POINT('',(0.,-1.35));
#2836 = ( GEOMETRIC_REPRESENTATION_CONTEXT(2) 
PARAMETRIC_REPRESENTATION_CONTEXT() REPRESENTATION_CONTEXT('2D SPACE',''
  ) );
#2837 = ORIENTED_EDGE('',*,*,#2838,.F.);
#2838 = EDGE_CURVE('',#2839,#2821,#2841,.T.);
#2839 = VERTEX_POINT('',#2840);
#2840 = CARTESIAN_POINT('',(-10.1,-1.6,-4.75));
#2841 = SURFACE_CURVE('',#2842,(#2847),.PCURVE_S1.);
#2842 = B_SPLINE_CURVE_WITH_KNOTS('',3,(#2843,#2844,#2845,#2846),
  .UNSPECIFIED.,.F.,.F.,(4,4),(-1.,-0.),.PIECEWISE_BEZIER_KNOTS.);
#2843 = CARTESIAN_POINT('',(-10.1,-1.6,-4.75));
#2844 = CARTESIAN_POINT('',(-10.1,-1.95,-4.75));
#2845 = CARTESIAN_POINT('',(-10.1,-2.3,-4.75));
#2846 = CARTESIAN_POINT('',(-10.1,-2.65,-4.75));
#2847 = PCURVE('',#1093,#2848);
#2848 = DEFINITIONAL_REPRESENTATION('',(#2849),#2854);
#2849 = B_SPLINE_CURVE_WITH_KNOTS('',3,(#2850,#2851,#2852,#2853),
  .UNSPECIFIED.,.F.,.F.,(4,4),(-1.,-0.),.PIECEWISE_BEZIER_KNOTS.);
#2850 = CARTESIAN_POINT('',(-0.3,0.));
#2851 = CARTESIAN_POINT('',(-0.3,-0.35));
#2852 = CARTESIAN_POINT('',(-0.3,-0.7));
#2853 = CARTESIAN_POINT('',(-0.3,-1.05));
#2854 = ( GEOMETRIC_REPRESENTATION_CONTEXT(2) 
PARAMETRIC_REPRESENTATION_CONTEXT() REPRESENTATION_CONTEXT('2D SPACE',''
  ) );
#2855 = ORIENTED_EDGE('',*,*,#2856,.F.);
#2856 = EDGE_CURVE('',#2857,#2839,#2859,.T.);
#2857 = VERTEX_POINT('',#2858);
#2858 = CARTESIAN_POINT('',(-13.5,-1.6,-4.75));
#2859 = SURFACE_CURVE('',#2860,(#2865,#2873),.PCURVE_S1.);
#2860 = B_SPLINE_CURVE_WITH_KNOTS('',3,(#2861,#2862,#2863,#2864),
  .UNSPECIFIED.,.F.,.F.,(4,4),(0.,1.),.PIECEWISE_BEZIER_KNOTS.);
#2861 = CARTESIAN_POINT('',(-13.5,-1.6,-4.75));
#2862 = CARTESIAN_POINT('',(-12.36666666666,-1.6,-4.75));
#2863 = CARTESIAN_POINT('',(-11.23333333333,-1.6,-4.75));
#2864 = CARTESIAN_POINT('',(-10.1,-1.6,-4.75));
#2865 = PCURVE('',#1093,#2866);
#2866 = DEFINITIONAL_REPRESENTATION('',(#2867),#2872);
#2867 = B_SPLINE_CURVE_WITH_KNOTS('',3,(#2868,#2869,#2870,#2871),
  .UNSPECIFIED.,.F.,.F.,(4,4),(0.,1.),.PIECEWISE_BEZIER_KNOTS.);
#2868 = CARTESIAN_POINT('',(3.1,0.));
#2869 = CARTESIAN_POINT('',(1.966666666667,0.));
#2870 = CARTESIAN_POINT('',(0.833333333333,0.));
#2871 = CARTESIAN_POINT('',(-0.3,0.));
#2872 = ( GEOMETRIC_REPRESENTATION_CONTEXT(2) 
PARAMETRIC_REPRESENTATION_CONTEXT() REPRESENTATION_CONTEXT('2D SPACE',''
  ) );
#2873 = PCURVE('',#2147,#2874);
#2874 = DEFINITIONAL_REPRESENTATION('',(#2875),#2880);
#2875 = B_SPLINE_CURVE_WITH_KNOTS('',3,(#2876,#2877,#2878,#2879),
  .UNSPECIFIED.,.F.,.F.,(4,4),(0.,1.),.PIECEWISE_BEZIER_KNOTS.);
#2876 = CARTESIAN_POINT('',(0.,3.1));
#2877 = CARTESIAN_POINT('',(1.33226762955E-14,1.966666666667));
#2878 = CARTESIAN_POINT('',(6.217248937901E-15,0.833333333333));
#2879 = CARTESIAN_POINT('',(0.,-0.3));
#2880 = ( GEOMETRIC_REPRESENTATION_CONTEXT(2) 
PARAMETRIC_REPRESENTATION_CONTEXT() REPRESENTATION_CONTEXT('2D SPACE',''
  ) );
#2881 = ORIENTED_EDGE('',*,*,#2882,.F.);
#2882 = EDGE_CURVE('',#2883,#2857,#2885,.T.);
#2883 = VERTEX_POINT('',#2884);
#2884 = CARTESIAN_POINT('',(-13.5,-2.95,-4.75));
#2885 = SURFACE_CURVE('',#2886,(#2891,#2899),.PCURVE_S1.);
#2886 = B_SPLINE_CURVE_WITH_KNOTS('',3,(#2887,#2888,#2889,#2890),
  .UNSPECIFIED.,.F.,.F.,(4,4),(0.,1.),.PIECEWISE_BEZIER_KNOTS.);
#2887 = CARTESIAN_POINT('',(-13.5,-2.95,-4.75));
#2888 = CARTESIAN_POINT('',(-13.5,-2.5,-4.75));
#2889 = CARTESIAN_POINT('',(-13.5,-2.05,-4.75));
#2890 = CARTESIAN_POINT('',(-13.5,-1.6,-4.75));
#2891 = PCURVE('',#1093,#2892);
#2892 = DEFINITIONAL_REPRESENTATION('',(#2893),#2898);
#2893 = B_SPLINE_CURVE_WITH_KNOTS('',3,(#2894,#2895,#2896,#2897),
  .UNSPECIFIED.,.F.,.F.,(4,4),(0.,1.),.PIECEWISE_BEZIER_KNOTS.);
#2894 = CARTESIAN_POINT('',(3.1,-1.35));
#2895 = CARTESIAN_POINT('',(3.1,-0.9));
#2896 = CARTESIAN_POINT('',(3.1,-0.45));
#2897 = CARTESIAN_POINT('',(3.1,0.));
#2898 = ( GEOMETRIC_REPRESENTATION_CONTEXT(2) 
PARAMETRIC_REPRESENTATION_CONTEXT() REPRESENTATION_CONTEXT('2D SPACE',''
  ) );
#2899 = PCURVE('',#2116,#2900);
#2900 = DEFINITIONAL_REPRESENTATION('',(#2901),#2906);
#2901 = B_SPLINE_CURVE_WITH_KNOTS('',3,(#2902,#2903,#2904,#2905),
  .UNSPECIFIED.,.F.,.F.,(4,4),(0.,1.),.PIECEWISE_BEZIER_KNOTS.);
#2902 = CARTESIAN_POINT('',(10.,1.75));
#2903 = CARTESIAN_POINT('',(10.,2.2));
#2904 = CARTESIAN_POINT('',(10.,2.65));
#2905 = CARTESIAN_POINT('',(10.,3.1));
#2906 = ( GEOMETRIC_REPRESENTATION_CONTEXT(2) 
PARAMETRIC_REPRESENTATION_CONTEXT() REPRESENTATION_CONTEXT('2D SPACE',''
  ) );
#2907 = ORIENTED_EDGE('',*,*,#2908,.F.);
#2908 = EDGE_CURVE('',#2909,#2883,#2911,.T.);
#2909 = VERTEX_POINT('',#2910);
#2910 = CARTESIAN_POINT('',(-11.7,-2.95,-4.75));
#2911 = SURFACE_CURVE('',#2912,(#2917,#2925),.PCURVE_S1.);
#2912 = B_SPLINE_CURVE_WITH_KNOTS('',3,(#2913,#2914,#2915,#2916),
  .UNSPECIFIED.,.F.,.F.,(4,4),(0.,1.),.PIECEWISE_BEZIER_KNOTS.);
#2913 = CARTESIAN_POINT('',(-11.7,-2.95,-4.75));
#2914 = CARTESIAN_POINT('',(-12.3,-2.95,-4.75));
#2915 = CARTESIAN_POINT('',(-12.9,-2.95,-4.75));
#2916 = CARTESIAN_POINT('',(-13.5,-2.95,-4.75));
#2917 = PCURVE('',#1093,#2918);
#2918 = DEFINITIONAL_REPRESENTATION('',(#2919),#2924);
#2919 = B_SPLINE_CURVE_WITH_KNOTS('',3,(#2920,#2921,#2922,#2923),
  .UNSPECIFIED.,.F.,.F.,(4,4),(0.,1.),.PIECEWISE_BEZIER_KNOTS.);
#2920 = CARTESIAN_POINT('',(1.3,-1.35));
#2921 = CARTESIAN_POINT('',(1.9,-1.35));
#2922 = CARTESIAN_POINT('',(2.5,-1.35));
#2923 = CARTESIAN_POINT('',(3.1,-1.35));
#2924 = ( GEOMETRIC_REPRESENTATION_CONTEXT(2) 
PARAMETRIC_REPRESENTATION_CONTEXT() REPRESENTATION_CONTEXT('2D SPACE',''
  ) );
#2925 = PCURVE('',#2926,#2931);
#2926 = PLANE('',#2927);
#2927 = AXIS2_PLACEMENT_3D('',#2928,#2929,#2930);
#2928 = CARTESIAN_POINT('',(-13.5,-2.95,-5.25));
#2929 = DIRECTION('',(-1.204669080539E-16,1.,-3.278613252465E-33));
#2930 = DIRECTION('',(1.,1.204669080539E-16,0.));
#2931 = DEFINITIONAL_REPRESENTATION('',(#2932),#2937);
#2932 = B_SPLINE_CURVE_WITH_KNOTS('',3,(#2933,#2934,#2935,#2936),
  .UNSPECIFIED.,.F.,.F.,(4,4),(0.,1.),.PIECEWISE_BEZIER_KNOTS.);
#2933 = CARTESIAN_POINT('',(1.8,-0.5));
#2934 = CARTESIAN_POINT('',(1.2,-0.5));
#2935 = CARTESIAN_POINT('',(0.6,-0.5));
#2936 = CARTESIAN_POINT('',(0.,-0.5));
#2937 = ( GEOMETRIC_REPRESENTATION_CONTEXT(2) 
PARAMETRIC_REPRESENTATION_CONTEXT() REPRESENTATION_CONTEXT('2D SPACE',''
  ) );
#2938 = ORIENTED_EDGE('',*,*,#2939,.F.);
#2939 = EDGE_CURVE('',#2940,#2909,#2942,.T.);
#2940 = VERTEX_POINT('',#2941);
#2941 = CARTESIAN_POINT('',(-11.7,-3.75,-4.75));
#2942 = SURFACE_CURVE('',#2943,(#2948,#2956),.PCURVE_S1.);
#2943 = B_SPLINE_CURVE_WITH_KNOTS('',3,(#2944,#2945,#2946,#2947),
  .UNSPECIFIED.,.F.,.F.,(4,4),(0.,1.),.PIECEWISE_BEZIER_KNOTS.);
#2944 = CARTESIAN_POINT('',(-11.7,-3.75,-4.75));
#2945 = CARTESIAN_POINT('',(-11.7,-3.483333333333,-4.75));
#2946 = CARTESIAN_POINT('',(-11.7,-3.216666666667,-4.75));
#2947 = CARTESIAN_POINT('',(-11.7,-2.95,-4.75));
#2948 = PCURVE('',#1093,#2949);
#2949 = DEFINITIONAL_REPRESENTATION('',(#2950),#2955);
#2950 = B_SPLINE_CURVE_WITH_KNOTS('',3,(#2951,#2952,#2953,#2954),
  .UNSPECIFIED.,.F.,.F.,(4,4),(0.,1.),.PIECEWISE_BEZIER_KNOTS.);
#2951 = CARTESIAN_POINT('',(1.3,-2.15));
#2952 = CARTESIAN_POINT('',(1.3,-1.883333333333));
#2953 = CARTESIAN_POINT('',(1.3,-1.616666666667));
#2954 = CARTESIAN_POINT('',(1.3,-1.35));
#2955 = ( GEOMETRIC_REPRESENTATION_CONTEXT(2) 
PARAMETRIC_REPRESENTATION_CONTEXT() REPRESENTATION_CONTEXT('2D SPACE',''
  ) );
#2956 = PCURVE('',#2957,#2962);
#2957 = PLANE('',#2958);
#2958 = AXIS2_PLACEMENT_3D('',#2959,#2960,#2961);
#2959 = CARTESIAN_POINT('',(-11.7,-3.75,-5.25));
#2960 = DIRECTION('',(1.,2.758299773102E-45,-2.106062720053E-16));
#2961 = DIRECTION('',(-2.106062720053E-16,0.,-1.));
#2962 = DEFINITIONAL_REPRESENTATION('',(#2963),#2968);
#2963 = B_SPLINE_CURVE_WITH_KNOTS('',3,(#2964,#2965,#2966,#2967),
  .UNSPECIFIED.,.F.,.F.,(4,4),(0.,1.),.PIECEWISE_BEZIER_KNOTS.);
#2964 = CARTESIAN_POINT('',(-0.5,0.));
#2965 = CARTESIAN_POINT('',(-0.5,0.266666666667));
#2966 = CARTESIAN_POINT('',(-0.5,0.533333333333));
#2967 = CARTESIAN_POINT('',(-0.5,0.8));
#2968 = ( GEOMETRIC_REPRESENTATION_CONTEXT(2) 
PARAMETRIC_REPRESENTATION_CONTEXT() REPRESENTATION_CONTEXT('2D SPACE',''
  ) );
#2969 = ORIENTED_EDGE('',*,*,#2970,.F.);
#2970 = EDGE_CURVE('',#2971,#2940,#2973,.T.);
#2971 = VERTEX_POINT('',#2972);
#2972 = CARTESIAN_POINT('',(-13.5,-3.75,-4.75));
#2973 = SURFACE_CURVE('',#2974,(#2979,#2987),.PCURVE_S1.);
#2974 = B_SPLINE_CURVE_WITH_KNOTS('',3,(#2975,#2976,#2977,#2978),
  .UNSPECIFIED.,.F.,.F.,(4,4),(0.,1.),.PIECEWISE_BEZIER_KNOTS.);
#2975 = CARTESIAN_POINT('',(-13.5,-3.75,-4.75));
#2976 = CARTESIAN_POINT('',(-12.9,-3.75,-4.75));
#2977 = CARTESIAN_POINT('',(-12.3,-3.75,-4.75));
#2978 = CARTESIAN_POINT('',(-11.7,-3.75,-4.75));
#2979 = PCURVE('',#1093,#2980);
#2980 = DEFINITIONAL_REPRESENTATION('',(#2981),#2986);
#2981 = B_SPLINE_CURVE_WITH_KNOTS('',3,(#2982,#2983,#2984,#2985),
  .UNSPECIFIED.,.F.,.F.,(4,4),(0.,1.),.PIECEWISE_BEZIER_KNOTS.);
#2982 = CARTESIAN_POINT('',(3.1,-2.15));
#2983 = CARTESIAN_POINT('',(2.5,-2.15));
#2984 = CARTESIAN_POINT('',(1.9,-2.15));
#2985 = CARTESIAN_POINT('',(1.3,-2.15));
#2986 = ( GEOMETRIC_REPRESENTATION_CONTEXT(2) 
PARAMETRIC_REPRESENTATION_CONTEXT() REPRESENTATION_CONTEXT('2D SPACE',''
  ) );
#2987 = PCURVE('',#2988,#2993);
#2988 = PLANE('',#2989);
#2989 = AXIS2_PLACEMENT_3D('',#2990,#2991,#2992);
#2990 = CARTESIAN_POINT('',(-13.5,-3.75,-5.25));
#2991 = DIRECTION('',(1.807003620809E-16,-1.,-2.719673198813E-33));
#2992 = DIRECTION('',(0.,2.719673198813E-33,-1.));
#2993 = DEFINITIONAL_REPRESENTATION('',(#2994),#2999);
#2994 = B_SPLINE_CURVE_WITH_KNOTS('',3,(#2995,#2996,#2997,#2998),
  .UNSPECIFIED.,.F.,.F.,(4,4),(0.,1.),.PIECEWISE_BEZIER_KNOTS.);
#2995 = CARTESIAN_POINT('',(-0.5,0.));
#2996 = CARTESIAN_POINT('',(-0.5,0.6));
#2997 = CARTESIAN_POINT('',(-0.5,1.2));
#2998 = CARTESIAN_POINT('',(-0.5,1.8));
#2999 = ( GEOMETRIC_REPRESENTATION_CONTEXT(2) 
PARAMETRIC_REPRESENTATION_CONTEXT() REPRESENTATION_CONTEXT('2D SPACE',''
  ) );
#3000 = ORIENTED_EDGE('',*,*,#3001,.F.);
#3001 = EDGE_CURVE('',#2495,#2971,#3002,.T.);
#3002 = SURFACE_CURVE('',#3003,(#3008,#3016),.PCURVE_S1.);
#3003 = B_SPLINE_CURVE_WITH_KNOTS('',3,(#3004,#3005,#3006,#3007),
  .UNSPECIFIED.,.F.,.F.,(4,4),(0.,1.),.PIECEWISE_BEZIER_KNOTS.);
#3004 = CARTESIAN_POINT('',(-13.5,-4.3,-4.75));
#3005 = CARTESIAN_POINT('',(-13.5,-4.116666666667,-4.75));
#3006 = CARTESIAN_POINT('',(-13.5,-3.933333333333,-4.75));
#3007 = CARTESIAN_POINT('',(-13.5,-3.75,-4.75));
#3008 = PCURVE('',#1093,#3009);
#3009 = DEFINITIONAL_REPRESENTATION('',(#3010),#3015);
#3010 = B_SPLINE_CURVE_WITH_KNOTS('',3,(#3011,#3012,#3013,#3014),
  .UNSPECIFIED.,.F.,.F.,(4,4),(0.,1.),.PIECEWISE_BEZIER_KNOTS.);
#3011 = CARTESIAN_POINT('',(3.1,-2.7));
#3012 = CARTESIAN_POINT('',(3.1,-2.516666666667));
#3013 = CARTESIAN_POINT('',(3.1,-2.333333333333));
#3014 = CARTESIAN_POINT('',(3.1,-2.15));
#3015 = ( GEOMETRIC_REPRESENTATION_CONTEXT(2) 
PARAMETRIC_REPRESENTATION_CONTEXT() REPRESENTATION_CONTEXT('2D SPACE',''
  ) );
#3016 = PCURVE('',#2358,#3017);
#3017 = DEFINITIONAL_REPRESENTATION('',(#3018),#3023);
#3018 = B_SPLINE_CURVE_WITH_KNOTS('',3,(#3019,#3020,#3021,#3022),
  .UNSPECIFIED.,.F.,.F.,(4,4),(0.,1.),.PIECEWISE_BEZIER_KNOTS.);
#3019 = CARTESIAN_POINT('',(10.,0.4));
#3020 = CARTESIAN_POINT('',(10.,0.583333333333));
#3021 = CARTESIAN_POINT('',(10.,0.766666666667));
#3022 = CARTESIAN_POINT('',(10.,0.95));
#3023 = ( GEOMETRIC_REPRESENTATION_CONTEXT(2) 
PARAMETRIC_REPRESENTATION_CONTEXT() REPRESENTATION_CONTEXT('2D SPACE',''
  ) );
#3024 = ADVANCED_FACE('',(#3025),#1247,.T.);
#3025 = FACE_BOUND('',#3026,.T.);
#3026 = EDGE_LOOP('',(#3027,#3028));
#3027 = ORIENTED_EDGE('',*,*,#1311,.F.);
#3028 = ORIENTED_EDGE('',*,*,#1200,.F.);
#3029 = ADVANCED_FACE('',(#3030),#1420,.T.);
#3030 = FACE_BOUND('',#3031,.T.);
#3031 = EDGE_LOOP('',(#3032,#3033));
#3032 = ORIENTED_EDGE('',*,*,#1484,.F.);
#3033 = ORIENTED_EDGE('',*,*,#1373,.F.);
#3034 = ADVANCED_FACE('',(#3035),#1593,.T.);
#3035 = FACE_BOUND('',#3036,.T.);
#3036 = EDGE_LOOP('',(#3037,#3038));
#3037 = ORIENTED_EDGE('',*,*,#1657,.F.);
#3038 = ORIENTED_EDGE('',*,*,#1546,.F.);
#3039 = ADVANCED_FACE('',(#3040),#1766,.T.);
#3040 = FACE_BOUND('',#3041,.T.);
#3041 = EDGE_LOOP('',(#3042,#3043));
#3042 = ORIENTED_EDGE('',*,*,#1830,.F.);
#3043 = ORIENTED_EDGE('',*,*,#1719,.F.);
#3044 = ADVANCED_FACE('',(#3045),#1939,.T.);
#3045 = FACE_BOUND('',#3046,.T.);
#3046 = EDGE_LOOP('',(#3047,#3048));
#3047 = ORIENTED_EDGE('',*,*,#2003,.F.);
#3048 = ORIENTED_EDGE('',*,*,#1892,.F.);
#3049 = ADVANCED_FACE('',(#3050),#2418,.F.);
#3050 = FACE_BOUND('',#3051,.T.);
#3051 = EDGE_LOOP('',(#3052,#3053,#3079,#3110));
#3052 = ORIENTED_EDGE('',*,*,#2402,.T.);
#3053 = ORIENTED_EDGE('',*,*,#3054,.F.);
#3054 = EDGE_CURVE('',#3055,#2372,#3057,.T.);
#3055 = VERTEX_POINT('',#3056);
#3056 = CARTESIAN_POINT('',(-11.7,-3.75,5.25));
#3057 = SURFACE_CURVE('',#3058,(#3063,#3071),.PCURVE_S1.);
#3058 = B_SPLINE_CURVE_WITH_KNOTS('',3,(#3059,#3060,#3061,#3062),
  .UNSPECIFIED.,.F.,.F.,(4,4),(0.,1.),.PIECEWISE_BEZIER_KNOTS.);
#3059 = CARTESIAN_POINT('',(-11.7,-3.75,5.25));
#3060 = CARTESIAN_POINT('',(-11.7,-3.75,5.083333333333));
#3061 = CARTESIAN_POINT('',(-11.7,-3.75,4.916666666667));
#3062 = CARTESIAN_POINT('',(-11.7,-3.75,4.75));
#3063 = PCURVE('',#2418,#3064);
#3064 = DEFINITIONAL_REPRESENTATION('',(#3065),#3070);
#3065 = B_SPLINE_CURVE_WITH_KNOTS('',3,(#3066,#3067,#3068,#3069),
  .UNSPECIFIED.,.F.,.F.,(4,4),(0.,1.),.PIECEWISE_BEZIER_KNOTS.);
#3066 = CARTESIAN_POINT('',(-10.5,0.));
#3067 = CARTESIAN_POINT('',(-10.33333333333,4.440892098501E-16));
#3068 = CARTESIAN_POINT('',(-10.16666666666,4.440892098501E-16));
#3069 = CARTESIAN_POINT('',(-10.,0.));
#3070 = ( GEOMETRIC_REPRESENTATION_CONTEXT(2) 
PARAMETRIC_REPRESENTATION_CONTEXT() REPRESENTATION_CONTEXT('2D SPACE',''
  ) );
#3071 = PCURVE('',#2389,#3072);
#3072 = DEFINITIONAL_REPRESENTATION('',(#3073),#3078);
#3073 = B_SPLINE_CURVE_WITH_KNOTS('',3,(#3074,#3075,#3076,#3077),
  .UNSPECIFIED.,.F.,.F.,(4,4),(0.,1.),.PIECEWISE_BEZIER_KNOTS.);
#3074 = CARTESIAN_POINT('',(-10.5,1.8));
#3075 = CARTESIAN_POINT('',(-10.33333333333,1.8));
#3076 = CARTESIAN_POINT('',(-10.16666666666,1.8));
#3077 = CARTESIAN_POINT('',(-10.,1.8));
#3078 = ( GEOMETRIC_REPRESENTATION_CONTEXT(2) 
PARAMETRIC_REPRESENTATION_CONTEXT() REPRESENTATION_CONTEXT('2D SPACE',''
  ) );
#3079 = ORIENTED_EDGE('',*,*,#3080,.F.);
#3080 = EDGE_CURVE('',#3081,#3055,#3083,.T.);
#3081 = VERTEX_POINT('',#3082);
#3082 = CARTESIAN_POINT('',(-11.7,-2.95,5.25));
#3083 = SURFACE_CURVE('',#3084,(#3089,#3097),.PCURVE_S1.);
#3084 = B_SPLINE_CURVE_WITH_KNOTS('',3,(#3085,#3086,#3087,#3088),
  .UNSPECIFIED.,.F.,.F.,(4,4),(0.,1.),.PIECEWISE_BEZIER_KNOTS.);
#3085 = CARTESIAN_POINT('',(-11.7,-2.95,5.25));
#3086 = CARTESIAN_POINT('',(-11.7,-3.216666666667,5.25));
#3087 = CARTESIAN_POINT('',(-11.7,-3.483333333333,5.25));
#3088 = CARTESIAN_POINT('',(-11.7,-3.75,5.25));
#3089 = PCURVE('',#2418,#3090);
#3090 = DEFINITIONAL_REPRESENTATION('',(#3091),#3096);
#3091 = B_SPLINE_CURVE_WITH_KNOTS('',3,(#3092,#3093,#3094,#3095),
  .UNSPECIFIED.,.F.,.F.,(4,4),(0.,1.),.PIECEWISE_BEZIER_KNOTS.);
#3092 = CARTESIAN_POINT('',(-10.5,0.8));
#3093 = CARTESIAN_POINT('',(-10.5,0.533333333333));
#3094 = CARTESIAN_POINT('',(-10.5,0.266666666667));
#3095 = CARTESIAN_POINT('',(-10.5,0.));
#3096 = ( GEOMETRIC_REPRESENTATION_CONTEXT(2) 
PARAMETRIC_REPRESENTATION_CONTEXT() REPRESENTATION_CONTEXT('2D SPACE',''
  ) );
#3097 = PCURVE('',#3098,#3103);
#3098 = PLANE('',#3099);
#3099 = AXIS2_PLACEMENT_3D('',#3100,#3101,#3102);
#3100 = CARTESIAN_POINT('',(-13.5,-4.7,5.25));
#3101 = DIRECTION('',(-9.958396954279E-17,-8.067749298393E-31,-1.));
#3102 = DIRECTION('',(-1.,0.,9.958396954279E-17));
#3103 = DEFINITIONAL_REPRESENTATION('',(#3104),#3109);
#3104 = B_SPLINE_CURVE_WITH_KNOTS('',3,(#3105,#3106,#3107,#3108),
  .UNSPECIFIED.,.F.,.F.,(4,4),(0.,1.),.PIECEWISE_BEZIER_KNOTS.);
#3105 = CARTESIAN_POINT('',(-1.8,1.75));
#3106 = CARTESIAN_POINT('',(-1.8,1.483333333333));
#3107 = CARTESIAN_POINT('',(-1.8,1.216666666667));
#3108 = CARTESIAN_POINT('',(-1.8,0.95));
#3109 = ( GEOMETRIC_REPRESENTATION_CONTEXT(2) 
PARAMETRIC_REPRESENTATION_CONTEXT() REPRESENTATION_CONTEXT('2D SPACE',''
  ) );
#3110 = ORIENTED_EDGE('',*,*,#3111,.F.);
#3111 = EDGE_CURVE('',#2068,#3081,#3112,.T.);
#3112 = SURFACE_CURVE('',#3113,(#3118,#3126),.PCURVE_S1.);
#3113 = B_SPLINE_CURVE_WITH_KNOTS('',3,(#3114,#3115,#3116,#3117),
  .UNSPECIFIED.,.F.,.F.,(4,4),(0.,1.),.PIECEWISE_BEZIER_KNOTS.);
#3114 = CARTESIAN_POINT('',(-11.7,-2.95,4.75));
#3115 = CARTESIAN_POINT('',(-11.7,-2.95,4.916666666667));
#3116 = CARTESIAN_POINT('',(-11.7,-2.95,5.083333333333));
#3117 = CARTESIAN_POINT('',(-11.7,-2.95,5.25));
#3118 = PCURVE('',#2418,#3119);
#3119 = DEFINITIONAL_REPRESENTATION('',(#3120),#3125);
#3120 = B_SPLINE_CURVE_WITH_KNOTS('',3,(#3121,#3122,#3123,#3124),
  .UNSPECIFIED.,.F.,.F.,(4,4),(0.,1.),.PIECEWISE_BEZIER_KNOTS.);
#3121 = CARTESIAN_POINT('',(-10.,0.8));
#3122 = CARTESIAN_POINT('',(-10.16666666666,0.8));
#3123 = CARTESIAN_POINT('',(-10.33333333333,0.8));
#3124 = CARTESIAN_POINT('',(-10.5,0.8));
#3125 = ( GEOMETRIC_REPRESENTATION_CONTEXT(2) 
PARAMETRIC_REPRESENTATION_CONTEXT() REPRESENTATION_CONTEXT('2D SPACE',''
  ) );
#3126 = PCURVE('',#2085,#3127);
#3127 = DEFINITIONAL_REPRESENTATION('',(#3128),#3133);
#3128 = B_SPLINE_CURVE_WITH_KNOTS('',3,(#3129,#3130,#3131,#3132),
  .UNSPECIFIED.,.F.,.F.,(4,4),(0.,1.),.PIECEWISE_BEZIER_KNOTS.);
#3129 = CARTESIAN_POINT('',(1.8,-10.));
#3130 = CARTESIAN_POINT('',(1.8,-10.16666666666));
#3131 = CARTESIAN_POINT('',(1.8,-10.33333333333));
#3132 = CARTESIAN_POINT('',(1.8,-10.5));
#3133 = ( GEOMETRIC_REPRESENTATION_CONTEXT(2) 
PARAMETRIC_REPRESENTATION_CONTEXT() REPRESENTATION_CONTEXT('2D SPACE',''
  ) );
#3134 = ADVANCED_FACE('',(#3135),#2085,.F.);
#3135 = FACE_BOUND('',#3136,.T.);
#3136 = EDGE_LOOP('',(#3137,#3138,#3139,#3165));
#3137 = ORIENTED_EDGE('',*,*,#2065,.T.);
#3138 = ORIENTED_EDGE('',*,*,#3111,.T.);
#3139 = ORIENTED_EDGE('',*,*,#3140,.F.);
#3140 = EDGE_CURVE('',#3141,#3081,#3143,.T.);
#3141 = VERTEX_POINT('',#3142);
#3142 = CARTESIAN_POINT('',(-13.5,-2.95,5.25));
#3143 = SURFACE_CURVE('',#3144,(#3149,#3157),.PCURVE_S1.);
#3144 = B_SPLINE_CURVE_WITH_KNOTS('',3,(#3145,#3146,#3147,#3148),
  .UNSPECIFIED.,.F.,.F.,(4,4),(0.,1.),.PIECEWISE_BEZIER_KNOTS.);
#3145 = CARTESIAN_POINT('',(-13.5,-2.95,5.25));
#3146 = CARTESIAN_POINT('',(-12.9,-2.95,5.25));
#3147 = CARTESIAN_POINT('',(-12.3,-2.95,5.25));
#3148 = CARTESIAN_POINT('',(-11.7,-2.95,5.25));
#3149 = PCURVE('',#2085,#3150);
#3150 = DEFINITIONAL_REPRESENTATION('',(#3151),#3156);
#3151 = B_SPLINE_CURVE_WITH_KNOTS('',3,(#3152,#3153,#3154,#3155),
  .UNSPECIFIED.,.F.,.F.,(4,4),(0.,1.),.PIECEWISE_BEZIER_KNOTS.);
#3152 = CARTESIAN_POINT('',(0.,-10.5));
#3153 = CARTESIAN_POINT('',(0.6,-10.5));
#3154 = CARTESIAN_POINT('',(1.2,-10.5));
#3155 = CARTESIAN_POINT('',(1.8,-10.5));
#3156 = ( GEOMETRIC_REPRESENTATION_CONTEXT(2) 
PARAMETRIC_REPRESENTATION_CONTEXT() REPRESENTATION_CONTEXT('2D SPACE',''
  ) );
#3157 = PCURVE('',#3098,#3158);
#3158 = DEFINITIONAL_REPRESENTATION('',(#3159),#3164);
#3159 = B_SPLINE_CURVE_WITH_KNOTS('',3,(#3160,#3161,#3162,#3163),
  .UNSPECIFIED.,.F.,.F.,(4,4),(0.,1.),.PIECEWISE_BEZIER_KNOTS.);
#3160 = CARTESIAN_POINT('',(0.,1.75));
#3161 = CARTESIAN_POINT('',(-0.6,1.75));
#3162 = CARTESIAN_POINT('',(-1.2,1.75));
#3163 = CARTESIAN_POINT('',(-1.8,1.75));
#3164 = ( GEOMETRIC_REPRESENTATION_CONTEXT(2) 
PARAMETRIC_REPRESENTATION_CONTEXT() REPRESENTATION_CONTEXT('2D SPACE',''
  ) );
#3165 = ORIENTED_EDGE('',*,*,#3166,.F.);
#3166 = EDGE_CURVE('',#2066,#3141,#3167,.T.);
#3167 = SURFACE_CURVE('',#3168,(#3173,#3181),.PCURVE_S1.);
#3168 = B_SPLINE_CURVE_WITH_KNOTS('',3,(#3169,#3170,#3171,#3172),
  .UNSPECIFIED.,.F.,.F.,(4,4),(0.,1.),.PIECEWISE_BEZIER_KNOTS.);
#3169 = CARTESIAN_POINT('',(-13.5,-2.95,4.75));
#3170 = CARTESIAN_POINT('',(-13.5,-2.95,4.916666666667));
#3171 = CARTESIAN_POINT('',(-13.5,-2.95,5.083333333333));
#3172 = CARTESIAN_POINT('',(-13.5,-2.95,5.25));
#3173 = PCURVE('',#2085,#3174);
#3174 = DEFINITIONAL_REPRESENTATION('',(#3175),#3180);
#3175 = B_SPLINE_CURVE_WITH_KNOTS('',3,(#3176,#3177,#3178,#3179),
  .UNSPECIFIED.,.F.,.F.,(4,4),(0.,1.),.PIECEWISE_BEZIER_KNOTS.);
#3176 = CARTESIAN_POINT('',(0.,-10.));
#3177 = CARTESIAN_POINT('',(0.,-10.16666666666));
#3178 = CARTESIAN_POINT('',(0.,-10.33333333333));
#3179 = CARTESIAN_POINT('',(0.,-10.5));
#3180 = ( GEOMETRIC_REPRESENTATION_CONTEXT(2) 
PARAMETRIC_REPRESENTATION_CONTEXT() REPRESENTATION_CONTEXT('2D SPACE',''
  ) );
#3181 = PCURVE('',#2116,#3182);
#3182 = DEFINITIONAL_REPRESENTATION('',(#3183),#3188);
#3183 = B_SPLINE_CURVE_WITH_KNOTS('',3,(#3184,#3185,#3186,#3187),
  .UNSPECIFIED.,.F.,.F.,(4,4),(0.,1.),.PIECEWISE_BEZIER_KNOTS.);
#3184 = CARTESIAN_POINT('',(0.5,1.75));
#3185 = CARTESIAN_POINT('',(0.333333333333,1.75));
#3186 = CARTESIAN_POINT('',(0.166666666667,1.75));
#3187 = CARTESIAN_POINT('',(0.,1.75));
#3188 = ( GEOMETRIC_REPRESENTATION_CONTEXT(2) 
PARAMETRIC_REPRESENTATION_CONTEXT() REPRESENTATION_CONTEXT('2D SPACE',''
  ) );
#3189 = ADVANCED_FACE('',(#3190),#2116,.F.);
#3190 = FACE_BOUND('',#3191,.T.);
#3191 = EDGE_LOOP('',(#3192,#3216,#3217,#3218,#3244,#3262,#3293,#3317));
#3192 = ORIENTED_EDGE('',*,*,#3193,.F.);
#3193 = EDGE_CURVE('',#2099,#2857,#3194,.T.);
#3194 = SURFACE_CURVE('',#3195,(#3200,#3208),.PCURVE_S1.);
#3195 = B_SPLINE_CURVE_WITH_KNOTS('',3,(#3196,#3197,#3198,#3199),
  .UNSPECIFIED.,.F.,.F.,(4,4),(0.,1.),.PIECEWISE_BEZIER_KNOTS.);
#3196 = CARTESIAN_POINT('',(-13.5,-1.6,4.75));
#3197 = CARTESIAN_POINT('',(-13.5,-1.6,1.583333333333));
#3198 = CARTESIAN_POINT('',(-13.5,-1.6,-1.583333333333));
#3199 = CARTESIAN_POINT('',(-13.5,-1.6,-4.75));
#3200 = PCURVE('',#2116,#3201);
#3201 = DEFINITIONAL_REPRESENTATION('',(#3202),#3207);
#3202 = B_SPLINE_CURVE_WITH_KNOTS('',3,(#3203,#3204,#3205,#3206),
  .UNSPECIFIED.,.F.,.F.,(4,4),(0.,1.),.PIECEWISE_BEZIER_KNOTS.);
#3203 = CARTESIAN_POINT('',(0.5,3.1));
#3204 = CARTESIAN_POINT('',(3.666666666667,3.1));
#3205 = CARTESIAN_POINT('',(6.833333333333,3.1));
#3206 = CARTESIAN_POINT('',(10.,3.1));
#3207 = ( GEOMETRIC_REPRESENTATION_CONTEXT(2) 
PARAMETRIC_REPRESENTATION_CONTEXT() REPRESENTATION_CONTEXT('2D SPACE',''
  ) );
#3208 = PCURVE('',#2147,#3209);
#3209 = DEFINITIONAL_REPRESENTATION('',(#3210),#3215);
#3210 = B_SPLINE_CURVE_WITH_KNOTS('',3,(#3211,#3212,#3213,#3214),
  .UNSPECIFIED.,.F.,.F.,(4,4),(0.,1.),.PIECEWISE_BEZIER_KNOTS.);
#3211 = CARTESIAN_POINT('',(-9.5,3.1));
#3212 = CARTESIAN_POINT('',(-6.333333333333,3.1));
#3213 = CARTESIAN_POINT('',(-3.166666666667,3.1));
#3214 = CARTESIAN_POINT('',(0.,3.1));
#3215 = ( GEOMETRIC_REPRESENTATION_CONTEXT(2) 
PARAMETRIC_REPRESENTATION_CONTEXT() REPRESENTATION_CONTEXT('2D SPACE',''
  ) );
#3216 = ORIENTED_EDGE('',*,*,#2098,.T.);
#3217 = ORIENTED_EDGE('',*,*,#3166,.T.);
#3218 = ORIENTED_EDGE('',*,*,#3219,.F.);
#3219 = EDGE_CURVE('',#3220,#3141,#3222,.T.);
#3220 = VERTEX_POINT('',#3221);
#3221 = CARTESIAN_POINT('',(-13.5,-1.,5.25));
#3222 = SURFACE_CURVE('',#3223,(#3228,#3236),.PCURVE_S1.);
#3223 = B_SPLINE_CURVE_WITH_KNOTS('',3,(#3224,#3225,#3226,#3227),
  .UNSPECIFIED.,.F.,.F.,(4,4),(0.,1.),.PIECEWISE_BEZIER_KNOTS.);
#3224 = CARTESIAN_POINT('',(-13.5,-1.,5.25));
#3225 = CARTESIAN_POINT('',(-13.5,-1.65,5.25));
#3226 = CARTESIAN_POINT('',(-13.5,-2.3,5.25));
#3227 = CARTESIAN_POINT('',(-13.5,-2.95,5.25));
#3228 = PCURVE('',#2116,#3229);
#3229 = DEFINITIONAL_REPRESENTATION('',(#3230),#3235);
#3230 = B_SPLINE_CURVE_WITH_KNOTS('',3,(#3231,#3232,#3233,#3234),
  .UNSPECIFIED.,.F.,.F.,(4,4),(0.,1.),.PIECEWISE_BEZIER_KNOTS.);
#3231 = CARTESIAN_POINT('',(0.,3.7));
#3232 = CARTESIAN_POINT('',(0.,3.05));
#3233 = CARTESIAN_POINT('',(0.,2.4));
#3234 = CARTESIAN_POINT('',(0.,1.75));
#3235 = ( GEOMETRIC_REPRESENTATION_CONTEXT(2) 
PARAMETRIC_REPRESENTATION_CONTEXT() REPRESENTATION_CONTEXT('2D SPACE',''
  ) );
#3236 = PCURVE('',#3098,#3237);
#3237 = DEFINITIONAL_REPRESENTATION('',(#3238),#3243);
#3238 = B_SPLINE_CURVE_WITH_KNOTS('',3,(#3239,#3240,#3241,#3242),
  .UNSPECIFIED.,.F.,.F.,(4,4),(0.,1.),.PIECEWISE_BEZIER_KNOTS.);
#3239 = CARTESIAN_POINT('',(0.,3.7));
#3240 = CARTESIAN_POINT('',(0.,3.05));
#3241 = CARTESIAN_POINT('',(0.,2.4));
#3242 = CARTESIAN_POINT('',(0.,1.75));
#3243 = ( GEOMETRIC_REPRESENTATION_CONTEXT(2) 
PARAMETRIC_REPRESENTATION_CONTEXT() REPRESENTATION_CONTEXT('2D SPACE',''
  ) );
#3244 = ORIENTED_EDGE('',*,*,#3245,.F.);
#3245 = EDGE_CURVE('',#3246,#3220,#3248,.T.);
#3246 = VERTEX_POINT('',#3247);
#3247 = CARTESIAN_POINT('',(-13.5,-1.,-5.25));
#3248 = SURFACE_CURVE('',#3249,(#3254),.PCURVE_S1.);
#3249 = B_SPLINE_CURVE_WITH_KNOTS('',3,(#3250,#3251,#3252,#3253),
  .UNSPECIFIED.,.F.,.F.,(4,4),(-1.,-0.),.PIECEWISE_BEZIER_KNOTS.);
#3250 = CARTESIAN_POINT('',(-13.5,-1.,-5.25));
#3251 = CARTESIAN_POINT('',(-13.5,-1.,-1.75));
#3252 = CARTESIAN_POINT('',(-13.5,-1.,1.75));
#3253 = CARTESIAN_POINT('',(-13.5,-1.,5.25));
#3254 = PCURVE('',#2116,#3255);
#3255 = DEFINITIONAL_REPRESENTATION('',(#3256),#3261);
#3256 = B_SPLINE_CURVE_WITH_KNOTS('',3,(#3257,#3258,#3259,#3260),
  .UNSPECIFIED.,.F.,.F.,(4,4),(-1.,-0.),.PIECEWISE_BEZIER_KNOTS.);
#3257 = CARTESIAN_POINT('',(10.5,3.7));
#3258 = CARTESIAN_POINT('',(7.,3.7));
#3259 = CARTESIAN_POINT('',(3.5,3.7));
#3260 = CARTESIAN_POINT('',(0.,3.7));
#3261 = ( GEOMETRIC_REPRESENTATION_CONTEXT(2) 
PARAMETRIC_REPRESENTATION_CONTEXT() REPRESENTATION_CONTEXT('2D SPACE',''
  ) );
#3262 = ORIENTED_EDGE('',*,*,#3263,.F.);
#3263 = EDGE_CURVE('',#3264,#3246,#3266,.T.);
#3264 = VERTEX_POINT('',#3265);
#3265 = CARTESIAN_POINT('',(-13.5,-2.95,-5.25));
#3266 = SURFACE_CURVE('',#3267,(#3272,#3280),.PCURVE_S1.);
#3267 = B_SPLINE_CURVE_WITH_KNOTS('',3,(#3268,#3269,#3270,#3271),
  .UNSPECIFIED.,.F.,.F.,(4,4),(0.,1.),.PIECEWISE_BEZIER_KNOTS.);
#3268 = CARTESIAN_POINT('',(-13.5,-2.95,-5.25));
#3269 = CARTESIAN_POINT('',(-13.5,-2.3,-5.25));
#3270 = CARTESIAN_POINT('',(-13.5,-1.65,-5.25));
#3271 = CARTESIAN_POINT('',(-13.5,-1.,-5.25));
#3272 = PCURVE('',#2116,#3273);
#3273 = DEFINITIONAL_REPRESENTATION('',(#3274),#3279);
#3274 = B_SPLINE_CURVE_WITH_KNOTS('',3,(#3275,#3276,#3277,#3278),
  .UNSPECIFIED.,.F.,.F.,(4,4),(0.,1.),.PIECEWISE_BEZIER_KNOTS.);
#3275 = CARTESIAN_POINT('',(10.5,1.75));
#3276 = CARTESIAN_POINT('',(10.5,2.4));
#3277 = CARTESIAN_POINT('',(10.5,3.05));
#3278 = CARTESIAN_POINT('',(10.5,3.7));
#3279 = ( GEOMETRIC_REPRESENTATION_CONTEXT(2) 
PARAMETRIC_REPRESENTATION_CONTEXT() REPRESENTATION_CONTEXT('2D SPACE',''
  ) );
#3280 = PCURVE('',#3281,#3286);
#3281 = PLANE('',#3282);
#3282 = AXIS2_PLACEMENT_3D('',#3283,#3284,#3285);
#3283 = CARTESIAN_POINT('',(-13.5,-4.7,-5.25));
#3284 = DIRECTION('',(-9.958396954279E-17,-8.067749298393E-31,-1.));
#3285 = DIRECTION('',(-1.,0.,9.958396954279E-17));
#3286 = DEFINITIONAL_REPRESENTATION('',(#3287),#3292);
#3287 = B_SPLINE_CURVE_WITH_KNOTS('',3,(#3288,#3289,#3290,#3291),
  .UNSPECIFIED.,.F.,.F.,(4,4),(0.,1.),.PIECEWISE_BEZIER_KNOTS.);
#3288 = CARTESIAN_POINT('',(0.,1.75));
#3289 = CARTESIAN_POINT('',(5.329070518201E-15,2.4));
#3290 = CARTESIAN_POINT('',(5.329070518201E-15,3.05));
#3291 = CARTESIAN_POINT('',(0.,3.7));
#3292 = ( GEOMETRIC_REPRESENTATION_CONTEXT(2) 
PARAMETRIC_REPRESENTATION_CONTEXT() REPRESENTATION_CONTEXT('2D SPACE',''
  ) );
#3293 = ORIENTED_EDGE('',*,*,#3294,.F.);
#3294 = EDGE_CURVE('',#2883,#3264,#3295,.T.);
#3295 = SURFACE_CURVE('',#3296,(#3301,#3309),.PCURVE_S1.);
#3296 = B_SPLINE_CURVE_WITH_KNOTS('',3,(#3297,#3298,#3299,#3300),
  .UNSPECIFIED.,.F.,.F.,(4,4),(0.,1.),.PIECEWISE_BEZIER_KNOTS.);
#3297 = CARTESIAN_POINT('',(-13.5,-2.95,-4.75));
#3298 = CARTESIAN_POINT('',(-13.5,-2.95,-4.916666666667));
#3299 = CARTESIAN_POINT('',(-13.5,-2.95,-5.083333333333));
#3300 = CARTESIAN_POINT('',(-13.5,-2.95,-5.25));
#3301 = PCURVE('',#2116,#3302);
#3302 = DEFINITIONAL_REPRESENTATION('',(#3303),#3308);
#3303 = B_SPLINE_CURVE_WITH_KNOTS('',3,(#3304,#3305,#3306,#3307),
  .UNSPECIFIED.,.F.,.F.,(4,4),(0.,1.),.PIECEWISE_BEZIER_KNOTS.);
#3304 = CARTESIAN_POINT('',(10.,1.75));
#3305 = CARTESIAN_POINT('',(10.166666666667,1.75));
#3306 = CARTESIAN_POINT('',(10.333333333333,1.75));
#3307 = CARTESIAN_POINT('',(10.5,1.75));
#3308 = ( GEOMETRIC_REPRESENTATION_CONTEXT(2) 
PARAMETRIC_REPRESENTATION_CONTEXT() REPRESENTATION_CONTEXT('2D SPACE',''
  ) );
#3309 = PCURVE('',#2926,#3310);
#3310 = DEFINITIONAL_REPRESENTATION('',(#3311),#3316);
#3311 = B_SPLINE_CURVE_WITH_KNOTS('',3,(#3312,#3313,#3314,#3315),
  .UNSPECIFIED.,.F.,.F.,(4,4),(0.,1.),.PIECEWISE_BEZIER_KNOTS.);
#3312 = CARTESIAN_POINT('',(0.,-0.5));
#3313 = CARTESIAN_POINT('',(-1.7763568394E-15,-0.333333333333));
#3314 = CARTESIAN_POINT('',(-1.7763568394E-15,-0.166666666667));
#3315 = CARTESIAN_POINT('',(0.,0.));
#3316 = ( GEOMETRIC_REPRESENTATION_CONTEXT(2) 
PARAMETRIC_REPRESENTATION_CONTEXT() REPRESENTATION_CONTEXT('2D SPACE',''
  ) );
#3317 = ORIENTED_EDGE('',*,*,#2882,.T.);
#3318 = ADVANCED_FACE('',(#3319),#2147,.F.);
#3319 = FACE_BOUND('',#3320,.T.);
#3320 = EDGE_LOOP('',(#3321,#3322,#3323,#3324));
#3321 = ORIENTED_EDGE('',*,*,#2129,.T.);
#3322 = ORIENTED_EDGE('',*,*,#3193,.T.);
#3323 = ORIENTED_EDGE('',*,*,#2856,.T.);
#3324 = ORIENTED_EDGE('',*,*,#3325,.F.);
#3325 = EDGE_CURVE('',#2130,#2839,#3326,.T.);
#3326 = SURFACE_CURVE('',#3327,(#3332),.PCURVE_S1.);
#3327 = B_SPLINE_CURVE_WITH_KNOTS('',3,(#3328,#3329,#3330,#3331),
  .UNSPECIFIED.,.F.,.F.,(4,4),(-1.,-0.),.PIECEWISE_BEZIER_KNOTS.);
#3328 = CARTESIAN_POINT('',(-10.1,-1.6,4.75));
#3329 = CARTESIAN_POINT('',(-10.1,-1.6,1.583333333333));
#3330 = CARTESIAN_POINT('',(-10.1,-1.6,-1.583333333333));
#3331 = CARTESIAN_POINT('',(-10.1,-1.6,-4.75));
#3332 = PCURVE('',#2147,#3333);
#3333 = DEFINITIONAL_REPRESENTATION('',(#3334),#3339);
#3334 = B_SPLINE_CURVE_WITH_KNOTS('',3,(#3335,#3336,#3337,#3338),
  .UNSPECIFIED.,.F.,.F.,(4,4),(-1.,-0.),.PIECEWISE_BEZIER_KNOTS.);
#3335 = CARTESIAN_POINT('',(-9.5,-0.3));
#3336 = CARTESIAN_POINT('',(-6.333333333333,-0.3));
#3337 = CARTESIAN_POINT('',(-3.166666666667,-0.3));
#3338 = CARTESIAN_POINT('',(0.,-0.3));
#3339 = ( GEOMETRIC_REPRESENTATION_CONTEXT(2) 
PARAMETRIC_REPRESENTATION_CONTEXT() REPRESENTATION_CONTEXT('2D SPACE',''
  ) );
#3340 = ADVANCED_FACE('',(#3341),#2239,.F.);
#3341 = FACE_BOUND('',#3342,.T.);
#3342 = EDGE_LOOP('',(#3343,#3363,#3389,#3413,#3414,#3415,#3441,#3467,
    #3491,#3492,#3493,#3519));
#3343 = ORIENTED_EDGE('',*,*,#3344,.F.);
#3344 = EDGE_CURVE('',#3345,#3347,#3349,.T.);
#3345 = VERTEX_POINT('',#3346);
#3346 = CARTESIAN_POINT('',(-8.5,-1.,5.25));
#3347 = VERTEX_POINT('',#3348);
#3348 = CARTESIAN_POINT('',(-8.5,-1.,-5.25));
#3349 = SURFACE_CURVE('',#3350,(#3355),.PCURVE_S1.);
#3350 = B_SPLINE_CURVE_WITH_KNOTS('',3,(#3351,#3352,#3353,#3354),
  .UNSPECIFIED.,.F.,.F.,(4,4),(-1.,-0.),.PIECEWISE_BEZIER_KNOTS.);
#3351 = CARTESIAN_POINT('',(-8.5,-1.,5.25));
#3352 = CARTESIAN_POINT('',(-8.5,-1.,1.75));
#3353 = CARTESIAN_POINT('',(-8.5,-1.,-1.75));
#3354 = CARTESIAN_POINT('',(-8.5,-1.,-5.25));
#3355 = PCURVE('',#2239,#3356);
#3356 = DEFINITIONAL_REPRESENTATION('',(#3357),#3362);
#3357 = B_SPLINE_CURVE_WITH_KNOTS('',3,(#3358,#3359,#3360,#3361),
  .UNSPECIFIED.,.F.,.F.,(4,4),(-1.,-0.),.PIECEWISE_BEZIER_KNOTS.);
#3358 = CARTESIAN_POINT('',(3.7,0.));
#3359 = CARTESIAN_POINT('',(3.7,3.5));
#3360 = CARTESIAN_POINT('',(3.7,7.));
#3361 = CARTESIAN_POINT('',(3.7,10.5));
#3362 = ( GEOMETRIC_REPRESENTATION_CONTEXT(2) 
PARAMETRIC_REPRESENTATION_CONTEXT() REPRESENTATION_CONTEXT('2D SPACE',''
  ) );
#3363 = ORIENTED_EDGE('',*,*,#3364,.F.);
#3364 = EDGE_CURVE('',#3365,#3345,#3367,.T.);
#3365 = VERTEX_POINT('',#3366);
#3366 = CARTESIAN_POINT('',(-8.5,-4.7,5.25));
#3367 = SURFACE_CURVE('',#3368,(#3373,#3381),.PCURVE_S1.);
#3368 = B_SPLINE_CURVE_WITH_KNOTS('',3,(#3369,#3370,#3371,#3372),
  .UNSPECIFIED.,.F.,.F.,(4,4),(0.,1.),.PIECEWISE_BEZIER_KNOTS.);
#3369 = CARTESIAN_POINT('',(-8.5,-4.7,5.25));
#3370 = CARTESIAN_POINT('',(-8.5,-3.466666666667,5.25));
#3371 = CARTESIAN_POINT('',(-8.5,-2.233333333333,5.25));
#3372 = CARTESIAN_POINT('',(-8.5,-1.,5.25));
#3373 = PCURVE('',#2239,#3374);
#3374 = DEFINITIONAL_REPRESENTATION('',(#3375),#3380);
#3375 = B_SPLINE_CURVE_WITH_KNOTS('',3,(#3376,#3377,#3378,#3379),
  .UNSPECIFIED.,.F.,.F.,(4,4),(0.,1.),.PIECEWISE_BEZIER_KNOTS.);
#3376 = CARTESIAN_POINT('',(0.,0.));
#3377 = CARTESIAN_POINT('',(1.233333333333,8.881784197001E-16));
#3378 = CARTESIAN_POINT('',(2.466666666667,8.881784197001E-16));
#3379 = CARTESIAN_POINT('',(3.7,0.));
#3380 = ( GEOMETRIC_REPRESENTATION_CONTEXT(2) 
PARAMETRIC_REPRESENTATION_CONTEXT() REPRESENTATION_CONTEXT('2D SPACE',''
  ) );
#3381 = PCURVE('',#3098,#3382);
#3382 = DEFINITIONAL_REPRESENTATION('',(#3383),#3388);
#3383 = B_SPLINE_CURVE_WITH_KNOTS('',3,(#3384,#3385,#3386,#3387),
  .UNSPECIFIED.,.F.,.F.,(4,4),(0.,1.),.PIECEWISE_BEZIER_KNOTS.);
#3384 = CARTESIAN_POINT('',(-5.,0.));
#3385 = CARTESIAN_POINT('',(-5.,1.233333333333));
#3386 = CARTESIAN_POINT('',(-5.,2.466666666667));
#3387 = CARTESIAN_POINT('',(-5.,3.7));
#3388 = ( GEOMETRIC_REPRESENTATION_CONTEXT(2) 
PARAMETRIC_REPRESENTATION_CONTEXT() REPRESENTATION_CONTEXT('2D SPACE',''
  ) );
#3389 = ORIENTED_EDGE('',*,*,#3390,.F.);
#3390 = EDGE_CURVE('',#2222,#3365,#3391,.T.);
#3391 = SURFACE_CURVE('',#3392,(#3397,#3405),.PCURVE_S1.);
#3392 = B_SPLINE_CURVE_WITH_KNOTS('',3,(#3393,#3394,#3395,#3396),
  .UNSPECIFIED.,.F.,.F.,(4,4),(0.,1.),.PIECEWISE_BEZIER_KNOTS.);
#3393 = CARTESIAN_POINT('',(-8.5,-4.7,4.75));
#3394 = CARTESIAN_POINT('',(-8.5,-4.7,4.916666666667));
#3395 = CARTESIAN_POINT('',(-8.5,-4.7,5.083333333333));
#3396 = CARTESIAN_POINT('',(-8.5,-4.7,5.25));
#3397 = PCURVE('',#2239,#3398);
#3398 = DEFINITIONAL_REPRESENTATION('',(#3399),#3404);
#3399 = B_SPLINE_CURVE_WITH_KNOTS('',3,(#3400,#3401,#3402,#3403),
  .UNSPECIFIED.,.F.,.F.,(4,4),(0.,1.),.PIECEWISE_BEZIER_KNOTS.);
#3400 = CARTESIAN_POINT('',(0.,0.5));
#3401 = CARTESIAN_POINT('',(0.,0.333333333333));
#3402 = CARTESIAN_POINT('',(0.,0.166666666667));
#3403 = CARTESIAN_POINT('',(0.,0.));
#3404 = ( GEOMETRIC_REPRESENTATION_CONTEXT(2) 
PARAMETRIC_REPRESENTATION_CONTEXT() REPRESENTATION_CONTEXT('2D SPACE',''
  ) );
#3405 = PCURVE('',#2270,#3406);
#3406 = DEFINITIONAL_REPRESENTATION('',(#3407),#3412);
#3407 = B_SPLINE_CURVE_WITH_KNOTS('',3,(#3408,#3409,#3410,#3411),
  .UNSPECIFIED.,.F.,.F.,(4,4),(0.,1.),.PIECEWISE_BEZIER_KNOTS.);
#3408 = CARTESIAN_POINT('',(0.,0.5));
#3409 = CARTESIAN_POINT('',(0.,0.333333333333));
#3410 = CARTESIAN_POINT('',(0.,0.166666666667));
#3411 = CARTESIAN_POINT('',(0.,0.));
#3412 = ( GEOMETRIC_REPRESENTATION_CONTEXT(2) 
PARAMETRIC_REPRESENTATION_CONTEXT() REPRESENTATION_CONTEXT('2D SPACE',''
  ) );
#3413 = ORIENTED_EDGE('',*,*,#2221,.T.);
#3414 = ORIENTED_EDGE('',*,*,#2467,.F.);
#3415 = ORIENTED_EDGE('',*,*,#3416,.F.);
#3416 = EDGE_CURVE('',#3417,#2437,#3419,.T.);
#3417 = VERTEX_POINT('',#3418);
#3418 = CARTESIAN_POINT('',(-8.5,-4.7,4.05));
#3419 = SURFACE_CURVE('',#3420,(#3425,#3433),.PCURVE_S1.);
#3420 = B_SPLINE_CURVE_WITH_KNOTS('',3,(#3421,#3422,#3423,#3424),
  .UNSPECIFIED.,.F.,.F.,(4,4),(0.,1.),.PIECEWISE_BEZIER_KNOTS.);
#3421 = CARTESIAN_POINT('',(-8.5,-4.7,4.05));
#3422 = CARTESIAN_POINT('',(-8.5,-4.566666666667,4.05));
#3423 = CARTESIAN_POINT('',(-8.5,-4.433333333333,4.05));
#3424 = CARTESIAN_POINT('',(-8.5,-4.3,4.05));
#3425 = PCURVE('',#2239,#3426);
#3426 = DEFINITIONAL_REPRESENTATION('',(#3427),#3432);
#3427 = B_SPLINE_CURVE_WITH_KNOTS('',3,(#3428,#3429,#3430,#3431),
  .UNSPECIFIED.,.F.,.F.,(4,4),(0.,1.),.PIECEWISE_BEZIER_KNOTS.);
#3428 = CARTESIAN_POINT('',(0.,1.2));
#3429 = CARTESIAN_POINT('',(0.133333333333,1.2));
#3430 = CARTESIAN_POINT('',(0.266666666667,1.2));
#3431 = CARTESIAN_POINT('',(0.4,1.2));
#3432 = ( GEOMETRIC_REPRESENTATION_CONTEXT(2) 
PARAMETRIC_REPRESENTATION_CONTEXT() REPRESENTATION_CONTEXT('2D SPACE',''
  ) );
#3433 = PCURVE('',#2454,#3434);
#3434 = DEFINITIONAL_REPRESENTATION('',(#3435),#3440);
#3435 = B_SPLINE_CURVE_WITH_KNOTS('',3,(#3436,#3437,#3438,#3439),
  .UNSPECIFIED.,.F.,.F.,(4,4),(0.,1.),.PIECEWISE_BEZIER_KNOTS.);
#3436 = CARTESIAN_POINT('',(0.4,0.));
#3437 = CARTESIAN_POINT('',(0.266666666667,1.7763568394E-15));
#3438 = CARTESIAN_POINT('',(0.133333333333,0.));
#3439 = CARTESIAN_POINT('',(0.,0.));
#3440 = ( GEOMETRIC_REPRESENTATION_CONTEXT(2) 
PARAMETRIC_REPRESENTATION_CONTEXT() REPRESENTATION_CONTEXT('2D SPACE',''
  ) );
#3441 = ORIENTED_EDGE('',*,*,#3442,.F.);
#3442 = EDGE_CURVE('',#3443,#3417,#3445,.T.);
#3443 = VERTEX_POINT('',#3444);
#3444 = CARTESIAN_POINT('',(-8.5,-4.7,-4.05));
#3445 = SURFACE_CURVE('',#3446,(#3451,#3459),.PCURVE_S1.);
#3446 = B_SPLINE_CURVE_WITH_KNOTS('',3,(#3447,#3448,#3449,#3450),
  .UNSPECIFIED.,.F.,.F.,(4,4),(0.,1.),.PIECEWISE_BEZIER_KNOTS.);
#3447 = CARTESIAN_POINT('',(-8.5,-4.7,-4.05));
#3448 = CARTESIAN_POINT('',(-8.5,-4.7,-1.35));
#3449 = CARTESIAN_POINT('',(-8.5,-4.7,1.35));
#3450 = CARTESIAN_POINT('',(-8.5,-4.7,4.05));
#3451 = PCURVE('',#2239,#3452);
#3452 = DEFINITIONAL_REPRESENTATION('',(#3453),#3458);
#3453 = B_SPLINE_CURVE_WITH_KNOTS('',3,(#3454,#3455,#3456,#3457),
  .UNSPECIFIED.,.F.,.F.,(4,4),(0.,1.),.PIECEWISE_BEZIER_KNOTS.);
#3454 = CARTESIAN_POINT('',(0.,9.3));
#3455 = CARTESIAN_POINT('',(0.,6.6));
#3456 = CARTESIAN_POINT('',(0.,3.9));
#3457 = CARTESIAN_POINT('',(0.,1.2));
#3458 = ( GEOMETRIC_REPRESENTATION_CONTEXT(2) 
PARAMETRIC_REPRESENTATION_CONTEXT() REPRESENTATION_CONTEXT('2D SPACE',''
  ) );
#3459 = PCURVE('',#2270,#3460);
#3460 = DEFINITIONAL_REPRESENTATION('',(#3461),#3466);
#3461 = B_SPLINE_CURVE_WITH_KNOTS('',3,(#3462,#3463,#3464,#3465),
  .UNSPECIFIED.,.F.,.F.,(4,4),(0.,1.),.PIECEWISE_BEZIER_KNOTS.);
#3462 = CARTESIAN_POINT('',(0.,9.3));
#3463 = CARTESIAN_POINT('',(-1.7763568394E-15,6.6));
#3464 = CARTESIAN_POINT('',(0.,3.9));
#3465 = CARTESIAN_POINT('',(0.,1.2));
#3466 = ( GEOMETRIC_REPRESENTATION_CONTEXT(2) 
PARAMETRIC_REPRESENTATION_CONTEXT() REPRESENTATION_CONTEXT('2D SPACE',''
  ) );
#3467 = ORIENTED_EDGE('',*,*,#3468,.F.);
#3468 = EDGE_CURVE('',#2662,#3443,#3469,.T.);
#3469 = SURFACE_CURVE('',#3470,(#3475,#3483),.PCURVE_S1.);
#3470 = B_SPLINE_CURVE_WITH_KNOTS('',3,(#3471,#3472,#3473,#3474),
  .UNSPECIFIED.,.F.,.F.,(4,4),(0.,1.),.PIECEWISE_BEZIER_KNOTS.);
#3471 = CARTESIAN_POINT('',(-8.5,-4.3,-4.05));
#3472 = CARTESIAN_POINT('',(-8.5,-4.433333333333,-4.05));
#3473 = CARTESIAN_POINT('',(-8.5,-4.566666666667,-4.05));
#3474 = CARTESIAN_POINT('',(-8.5,-4.7,-4.05));
#3475 = PCURVE('',#2239,#3476);
#3476 = DEFINITIONAL_REPRESENTATION('',(#3477),#3482);
#3477 = B_SPLINE_CURVE_WITH_KNOTS('',3,(#3478,#3479,#3480,#3481),
  .UNSPECIFIED.,.F.,.F.,(4,4),(0.,1.),.PIECEWISE_BEZIER_KNOTS.);
#3478 = CARTESIAN_POINT('',(0.4,9.3));
#3479 = CARTESIAN_POINT('',(0.266666666667,9.3));
#3480 = CARTESIAN_POINT('',(0.133333333333,9.3));
#3481 = CARTESIAN_POINT('',(0.,9.3));
#3482 = ( GEOMETRIC_REPRESENTATION_CONTEXT(2) 
PARAMETRIC_REPRESENTATION_CONTEXT() REPRESENTATION_CONTEXT('2D SPACE',''
  ) );
#3483 = PCURVE('',#2590,#3484);
#3484 = DEFINITIONAL_REPRESENTATION('',(#3485),#3490);
#3485 = B_SPLINE_CURVE_WITH_KNOTS('',3,(#3486,#3487,#3488,#3489),
  .UNSPECIFIED.,.F.,.F.,(4,4),(0.,1.),.PIECEWISE_BEZIER_KNOTS.);
#3486 = CARTESIAN_POINT('',(0.,0.));
#3487 = CARTESIAN_POINT('',(0.133333333333,1.42108547152E-14));
#3488 = CARTESIAN_POINT('',(0.266666666667,1.24344978758E-14));
#3489 = CARTESIAN_POINT('',(0.4,0.));
#3490 = ( GEOMETRIC_REPRESENTATION_CONTEXT(2) 
PARAMETRIC_REPRESENTATION_CONTEXT() REPRESENTATION_CONTEXT('2D SPACE',''
  ) );
#3491 = ORIENTED_EDGE('',*,*,#2714,.T.);
#3492 = ORIENTED_EDGE('',*,*,#2794,.T.);
#3493 = ORIENTED_EDGE('',*,*,#3494,.F.);
#3494 = EDGE_CURVE('',#3495,#2769,#3497,.T.);
#3495 = VERTEX_POINT('',#3496);
#3496 = CARTESIAN_POINT('',(-8.5,-4.7,-5.25));
#3497 = SURFACE_CURVE('',#3498,(#3503,#3511),.PCURVE_S1.);
#3498 = B_SPLINE_CURVE_WITH_KNOTS('',3,(#3499,#3500,#3501,#3502),
  .UNSPECIFIED.,.F.,.F.,(4,4),(0.,1.),.PIECEWISE_BEZIER_KNOTS.);
#3499 = CARTESIAN_POINT('',(-8.5,-4.7,-5.25));
#3500 = CARTESIAN_POINT('',(-8.5,-4.7,-5.083333333333));
#3501 = CARTESIAN_POINT('',(-8.5,-4.7,-4.916666666667));
#3502 = CARTESIAN_POINT('',(-8.5,-4.7,-4.75));
#3503 = PCURVE('',#2239,#3504);
#3504 = DEFINITIONAL_REPRESENTATION('',(#3505),#3510);
#3505 = B_SPLINE_CURVE_WITH_KNOTS('',3,(#3506,#3507,#3508,#3509),
  .UNSPECIFIED.,.F.,.F.,(4,4),(0.,1.),.PIECEWISE_BEZIER_KNOTS.);
#3506 = CARTESIAN_POINT('',(0.,10.5));
#3507 = CARTESIAN_POINT('',(0.,10.333333333333));
#3508 = CARTESIAN_POINT('',(0.,10.166666666667));
#3509 = CARTESIAN_POINT('',(0.,10.));
#3510 = ( GEOMETRIC_REPRESENTATION_CONTEXT(2) 
PARAMETRIC_REPRESENTATION_CONTEXT() REPRESENTATION_CONTEXT('2D SPACE',''
  ) );
#3511 = PCURVE('',#2270,#3512);
#3512 = DEFINITIONAL_REPRESENTATION('',(#3513),#3518);
#3513 = B_SPLINE_CURVE_WITH_KNOTS('',3,(#3514,#3515,#3516,#3517),
  .UNSPECIFIED.,.F.,.F.,(4,4),(0.,1.),.PIECEWISE_BEZIER_KNOTS.);
#3514 = CARTESIAN_POINT('',(0.,10.5));
#3515 = CARTESIAN_POINT('',(-1.7763568394E-15,10.333333333333));
#3516 = CARTESIAN_POINT('',(-1.7763568394E-15,10.166666666667));
#3517 = CARTESIAN_POINT('',(0.,10.));
#3518 = ( GEOMETRIC_REPRESENTATION_CONTEXT(2) 
PARAMETRIC_REPRESENTATION_CONTEXT() REPRESENTATION_CONTEXT('2D SPACE',''
  ) );
#3519 = ORIENTED_EDGE('',*,*,#3520,.F.);
#3520 = EDGE_CURVE('',#3347,#3495,#3521,.T.);
#3521 = SURFACE_CURVE('',#3522,(#3527,#3535),.PCURVE_S1.);
#3522 = B_SPLINE_CURVE_WITH_KNOTS('',3,(#3523,#3524,#3525,#3526),
  .UNSPECIFIED.,.F.,.F.,(4,4),(0.,1.),.PIECEWISE_BEZIER_KNOTS.);
#3523 = CARTESIAN_POINT('',(-8.5,-1.,-5.25));
#3524 = CARTESIAN_POINT('',(-8.5,-2.233333333333,-5.25));
#3525 = CARTESIAN_POINT('',(-8.5,-3.466666666667,-5.25));
#3526 = CARTESIAN_POINT('',(-8.5,-4.7,-5.25));
#3527 = PCURVE('',#2239,#3528);
#3528 = DEFINITIONAL_REPRESENTATION('',(#3529),#3534);
#3529 = B_SPLINE_CURVE_WITH_KNOTS('',3,(#3530,#3531,#3532,#3533),
  .UNSPECIFIED.,.F.,.F.,(4,4),(0.,1.),.PIECEWISE_BEZIER_KNOTS.);
#3530 = CARTESIAN_POINT('',(3.7,10.5));
#3531 = CARTESIAN_POINT('',(2.466666666667,10.5));
#3532 = CARTESIAN_POINT('',(1.233333333333,10.5));
#3533 = CARTESIAN_POINT('',(0.,10.5));
#3534 = ( GEOMETRIC_REPRESENTATION_CONTEXT(2) 
PARAMETRIC_REPRESENTATION_CONTEXT() REPRESENTATION_CONTEXT('2D SPACE',''
  ) );
#3535 = PCURVE('',#3281,#3536);
#3536 = DEFINITIONAL_REPRESENTATION('',(#3537),#3542);
#3537 = B_SPLINE_CURVE_WITH_KNOTS('',3,(#3538,#3539,#3540,#3541),
  .UNSPECIFIED.,.F.,.F.,(4,4),(0.,1.),.PIECEWISE_BEZIER_KNOTS.);
#3538 = CARTESIAN_POINT('',(-5.,3.7));
#3539 = CARTESIAN_POINT('',(-5.,2.466666666667));
#3540 = CARTESIAN_POINT('',(-5.,1.233333333333));
#3541 = CARTESIAN_POINT('',(-5.,0.));
#3542 = ( GEOMETRIC_REPRESENTATION_CONTEXT(2) 
PARAMETRIC_REPRESENTATION_CONTEXT() REPRESENTATION_CONTEXT('2D SPACE',''
  ) );
#3543 = ADVANCED_FACE('',(#3544),#2270,.F.);
#3544 = FACE_BOUND('',#3545,.T.);
#3545 = EDGE_LOOP('',(#3546,#3572,#3573,#3599,#3623,#3624,#3625,#3651,
    #3677,#3701,#3702,#3703));
#3546 = ORIENTED_EDGE('',*,*,#3547,.F.);
#3547 = EDGE_CURVE('',#3443,#3548,#3550,.T.);
#3548 = VERTEX_POINT('',#3549);
#3549 = CARTESIAN_POINT('',(-11.7,-4.7,-4.05));
#3550 = SURFACE_CURVE('',#3551,(#3556,#3564),.PCURVE_S1.);
#3551 = B_SPLINE_CURVE_WITH_KNOTS('',3,(#3552,#3553,#3554,#3555),
  .UNSPECIFIED.,.F.,.F.,(4,4),(0.,1.),.PIECEWISE_BEZIER_KNOTS.);
#3552 = CARTESIAN_POINT('',(-8.5,-4.7,-4.05));
#3553 = CARTESIAN_POINT('',(-9.566666666667,-4.7,-4.05));
#3554 = CARTESIAN_POINT('',(-10.63333333333,-4.7,-4.05));
#3555 = CARTESIAN_POINT('',(-11.7,-4.7,-4.05));
#3556 = PCURVE('',#2270,#3557);
#3557 = DEFINITIONAL_REPRESENTATION('',(#3558),#3563);
#3558 = B_SPLINE_CURVE_WITH_KNOTS('',3,(#3559,#3560,#3561,#3562),
  .UNSPECIFIED.,.F.,.F.,(4,4),(0.,1.),.PIECEWISE_BEZIER_KNOTS.);
#3559 = CARTESIAN_POINT('',(0.,9.3));
#3560 = CARTESIAN_POINT('',(-1.066666666667,9.3));
#3561 = CARTESIAN_POINT('',(-2.133333333333,9.3));
#3562 = CARTESIAN_POINT('',(-3.2,9.3));
#3563 = ( GEOMETRIC_REPRESENTATION_CONTEXT(2) 
PARAMETRIC_REPRESENTATION_CONTEXT() REPRESENTATION_CONTEXT('2D SPACE',''
  ) );
#3564 = PCURVE('',#2590,#3565);
#3565 = DEFINITIONAL_REPRESENTATION('',(#3566),#3571);
#3566 = B_SPLINE_CURVE_WITH_KNOTS('',3,(#3567,#3568,#3569,#3570),
  .UNSPECIFIED.,.F.,.F.,(4,4),(0.,1.),.PIECEWISE_BEZIER_KNOTS.);
#3567 = CARTESIAN_POINT('',(0.4,0.));
#3568 = CARTESIAN_POINT('',(0.4,-1.066666666667));
#3569 = CARTESIAN_POINT('',(0.4,-2.133333333333));
#3570 = CARTESIAN_POINT('',(0.4,-3.2));
#3571 = ( GEOMETRIC_REPRESENTATION_CONTEXT(2) 
PARAMETRIC_REPRESENTATION_CONTEXT() REPRESENTATION_CONTEXT('2D SPACE',''
  ) );
#3572 = ORIENTED_EDGE('',*,*,#3442,.T.);
#3573 = ORIENTED_EDGE('',*,*,#3574,.F.);
#3574 = EDGE_CURVE('',#3575,#3417,#3577,.T.);
#3575 = VERTEX_POINT('',#3576);
#3576 = CARTESIAN_POINT('',(-11.7,-4.7,4.05));
#3577 = SURFACE_CURVE('',#3578,(#3583,#3591),.PCURVE_S1.);
#3578 = B_SPLINE_CURVE_WITH_KNOTS('',3,(#3579,#3580,#3581,#3582),
  .UNSPECIFIED.,.F.,.F.,(4,4),(0.,1.),.PIECEWISE_BEZIER_KNOTS.);
#3579 = CARTESIAN_POINT('',(-11.7,-4.7,4.05));
#3580 = CARTESIAN_POINT('',(-10.63333333333,-4.7,4.05));
#3581 = CARTESIAN_POINT('',(-9.566666666667,-4.7,4.05));
#3582 = CARTESIAN_POINT('',(-8.5,-4.7,4.05));
#3583 = PCURVE('',#2270,#3584);
#3584 = DEFINITIONAL_REPRESENTATION('',(#3585),#3590);
#3585 = B_SPLINE_CURVE_WITH_KNOTS('',3,(#3586,#3587,#3588,#3589),
  .UNSPECIFIED.,.F.,.F.,(4,4),(0.,1.),.PIECEWISE_BEZIER_KNOTS.);
#3586 = CARTESIAN_POINT('',(-3.2,1.2));
#3587 = CARTESIAN_POINT('',(-2.133333333333,1.2));
#3588 = CARTESIAN_POINT('',(-1.066666666667,1.2));
#3589 = CARTESIAN_POINT('',(0.,1.2));
#3590 = ( GEOMETRIC_REPRESENTATION_CONTEXT(2) 
PARAMETRIC_REPRESENTATION_CONTEXT() REPRESENTATION_CONTEXT('2D SPACE',''
  ) );
#3591 = PCURVE('',#2454,#3592);
#3592 = DEFINITIONAL_REPRESENTATION('',(#3593),#3598);
#3593 = B_SPLINE_CURVE_WITH_KNOTS('',3,(#3594,#3595,#3596,#3597),
  .UNSPECIFIED.,.F.,.F.,(4,4),(0.,1.),.PIECEWISE_BEZIER_KNOTS.);
#3594 = CARTESIAN_POINT('',(0.4,3.2));
#3595 = CARTESIAN_POINT('',(0.4,2.133333333333));
#3596 = CARTESIAN_POINT('',(0.4,1.066666666667));
#3597 = CARTESIAN_POINT('',(0.4,0.));
#3598 = ( GEOMETRIC_REPRESENTATION_CONTEXT(2) 
PARAMETRIC_REPRESENTATION_CONTEXT() REPRESENTATION_CONTEXT('2D SPACE',''
  ) );
#3599 = ORIENTED_EDGE('',*,*,#3600,.F.);
#3600 = EDGE_CURVE('',#2253,#3575,#3601,.T.);
#3601 = SURFACE_CURVE('',#3602,(#3607,#3615),.PCURVE_S1.);
#3602 = B_SPLINE_CURVE_WITH_KNOTS('',3,(#3603,#3604,#3605,#3606),
  .UNSPECIFIED.,.F.,.F.,(4,4),(0.,1.),.PIECEWISE_BEZIER_KNOTS.);
#3603 = CARTESIAN_POINT('',(-11.7,-4.7,4.75));
#3604 = CARTESIAN_POINT('',(-11.7,-4.7,4.516666666667));
#3605 = CARTESIAN_POINT('',(-11.7,-4.7,4.283333333333));
#3606 = CARTESIAN_POINT('',(-11.7,-4.7,4.05));
#3607 = PCURVE('',#2270,#3608);
#3608 = DEFINITIONAL_REPRESENTATION('',(#3609),#3614);
#3609 = B_SPLINE_CURVE_WITH_KNOTS('',3,(#3610,#3611,#3612,#3613),
  .UNSPECIFIED.,.F.,.F.,(4,4),(0.,1.),.PIECEWISE_BEZIER_KNOTS.);
#3610 = CARTESIAN_POINT('',(-3.2,0.5));
#3611 = CARTESIAN_POINT('',(-3.2,0.733333333333));
#3612 = CARTESIAN_POINT('',(-3.2,0.966666666667));
#3613 = CARTESIAN_POINT('',(-3.2,1.2));
#3614 = ( GEOMETRIC_REPRESENTATION_CONTEXT(2) 
PARAMETRIC_REPRESENTATION_CONTEXT() REPRESENTATION_CONTEXT('2D SPACE',''
  ) );
#3615 = PCURVE('',#2301,#3616);
#3616 = DEFINITIONAL_REPRESENTATION('',(#3617),#3622);
#3617 = B_SPLINE_CURVE_WITH_KNOTS('',3,(#3618,#3619,#3620,#3621),
  .UNSPECIFIED.,.F.,.F.,(4,4),(0.,1.),.PIECEWISE_BEZIER_KNOTS.);
#3618 = CARTESIAN_POINT('',(-0.4,0.));
#3619 = CARTESIAN_POINT('',(-0.4,0.233333333333));
#3620 = CARTESIAN_POINT('',(-0.4,0.466666666667));
#3621 = CARTESIAN_POINT('',(-0.4,0.7));
#3622 = ( GEOMETRIC_REPRESENTATION_CONTEXT(2) 
PARAMETRIC_REPRESENTATION_CONTEXT() REPRESENTATION_CONTEXT('2D SPACE',''
  ) );
#3623 = ORIENTED_EDGE('',*,*,#2252,.T.);
#3624 = ORIENTED_EDGE('',*,*,#3390,.T.);
#3625 = ORIENTED_EDGE('',*,*,#3626,.F.);
#3626 = EDGE_CURVE('',#3627,#3365,#3629,.T.);
#3627 = VERTEX_POINT('',#3628);
#3628 = CARTESIAN_POINT('',(-13.5,-4.7,5.25));
#3629 = SURFACE_CURVE('',#3630,(#3635,#3643),.PCURVE_S1.);
#3630 = B_SPLINE_CURVE_WITH_KNOTS('',3,(#3631,#3632,#3633,#3634),
  .UNSPECIFIED.,.F.,.F.,(4,4),(0.,1.),.PIECEWISE_BEZIER_KNOTS.);
#3631 = CARTESIAN_POINT('',(-13.5,-4.7,5.25));
#3632 = CARTESIAN_POINT('',(-11.83333333333,-4.7,5.25));
#3633 = CARTESIAN_POINT('',(-10.16666666666,-4.7,5.25));
#3634 = CARTESIAN_POINT('',(-8.5,-4.7,5.25));
#3635 = PCURVE('',#2270,#3636);
#3636 = DEFINITIONAL_REPRESENTATION('',(#3637),#3642);
#3637 = B_SPLINE_CURVE_WITH_KNOTS('',3,(#3638,#3639,#3640,#3641),
  .UNSPECIFIED.,.F.,.F.,(4,4),(0.,1.),.PIECEWISE_BEZIER_KNOTS.);
#3638 = CARTESIAN_POINT('',(-5.,0.));
#3639 = CARTESIAN_POINT('',(-3.333333333333,0.));
#3640 = CARTESIAN_POINT('',(-1.666666666667,8.881784197001E-16));
#3641 = CARTESIAN_POINT('',(0.,0.));
#3642 = ( GEOMETRIC_REPRESENTATION_CONTEXT(2) 
PARAMETRIC_REPRESENTATION_CONTEXT() REPRESENTATION_CONTEXT('2D SPACE',''
  ) );
#3643 = PCURVE('',#3098,#3644);
#3644 = DEFINITIONAL_REPRESENTATION('',(#3645),#3650);
#3645 = B_SPLINE_CURVE_WITH_KNOTS('',3,(#3646,#3647,#3648,#3649),
  .UNSPECIFIED.,.F.,.F.,(4,4),(0.,1.),.PIECEWISE_BEZIER_KNOTS.);
#3646 = CARTESIAN_POINT('',(0.,0.));
#3647 = CARTESIAN_POINT('',(-1.666666666667,1.24344978758E-14));
#3648 = CARTESIAN_POINT('',(-3.333333333333,5.329070518201E-15));
#3649 = CARTESIAN_POINT('',(-5.,0.));
#3650 = ( GEOMETRIC_REPRESENTATION_CONTEXT(2) 
PARAMETRIC_REPRESENTATION_CONTEXT() REPRESENTATION_CONTEXT('2D SPACE',''
  ) );
#3651 = ORIENTED_EDGE('',*,*,#3652,.F.);
#3652 = EDGE_CURVE('',#3653,#3627,#3655,.T.);
#3653 = VERTEX_POINT('',#3654);
#3654 = CARTESIAN_POINT('',(-13.5,-4.7,-5.25));
#3655 = SURFACE_CURVE('',#3656,(#3661,#3669),.PCURVE_S1.);
#3656 = B_SPLINE_CURVE_WITH_KNOTS('',3,(#3657,#3658,#3659,#3660),
  .UNSPECIFIED.,.F.,.F.,(4,4),(0.,1.),.PIECEWISE_BEZIER_KNOTS.);
#3657 = CARTESIAN_POINT('',(-13.5,-4.7,-5.25));
#3658 = CARTESIAN_POINT('',(-13.5,-4.7,-1.75));
#3659 = CARTESIAN_POINT('',(-13.5,-4.7,1.75));
#3660 = CARTESIAN_POINT('',(-13.5,-4.7,5.25));
#3661 = PCURVE('',#2270,#3662);
#3662 = DEFINITIONAL_REPRESENTATION('',(#3663),#3668);
#3663 = B_SPLINE_CURVE_WITH_KNOTS('',3,(#3664,#3665,#3666,#3667),
  .UNSPECIFIED.,.F.,.F.,(4,4),(0.,1.),.PIECEWISE_BEZIER_KNOTS.);
#3664 = CARTESIAN_POINT('',(-5.,10.5));
#3665 = CARTESIAN_POINT('',(-5.,7.));
#3666 = CARTESIAN_POINT('',(-5.,3.5));
#3667 = CARTESIAN_POINT('',(-5.,0.));
#3668 = ( GEOMETRIC_REPRESENTATION_CONTEXT(2) 
PARAMETRIC_REPRESENTATION_CONTEXT() REPRESENTATION_CONTEXT('2D SPACE',''
  ) );
#3669 = PCURVE('',#2358,#3670);
#3670 = DEFINITIONAL_REPRESENTATION('',(#3671),#3676);
#3671 = B_SPLINE_CURVE_WITH_KNOTS('',3,(#3672,#3673,#3674,#3675),
  .UNSPECIFIED.,.F.,.F.,(4,4),(0.,1.),.PIECEWISE_BEZIER_KNOTS.);
#3672 = CARTESIAN_POINT('',(10.5,0.));
#3673 = CARTESIAN_POINT('',(7.,0.));
#3674 = CARTESIAN_POINT('',(3.5,0.));
#3675 = CARTESIAN_POINT('',(0.,0.));
#3676 = ( GEOMETRIC_REPRESENTATION_CONTEXT(2) 
PARAMETRIC_REPRESENTATION_CONTEXT() REPRESENTATION_CONTEXT('2D SPACE',''
  ) );
#3677 = ORIENTED_EDGE('',*,*,#3678,.F.);
#3678 = EDGE_CURVE('',#3495,#3653,#3679,.T.);
#3679 = SURFACE_CURVE('',#3680,(#3685,#3693),.PCURVE_S1.);
#3680 = B_SPLINE_CURVE_WITH_KNOTS('',3,(#3681,#3682,#3683,#3684),
  .UNSPECIFIED.,.F.,.F.,(4,4),(0.,1.),.PIECEWISE_BEZIER_KNOTS.);
#3681 = CARTESIAN_POINT('',(-8.5,-4.7,-5.25));
#3682 = CARTESIAN_POINT('',(-10.16666666666,-4.7,-5.25));
#3683 = CARTESIAN_POINT('',(-11.83333333333,-4.7,-5.25));
#3684 = CARTESIAN_POINT('',(-13.5,-4.7,-5.25));
#3685 = PCURVE('',#2270,#3686);
#3686 = DEFINITIONAL_REPRESENTATION('',(#3687),#3692);
#3687 = B_SPLINE_CURVE_WITH_KNOTS('',3,(#3688,#3689,#3690,#3691),
  .UNSPECIFIED.,.F.,.F.,(4,4),(0.,1.),.PIECEWISE_BEZIER_KNOTS.);
#3688 = CARTESIAN_POINT('',(0.,10.5));
#3689 = CARTESIAN_POINT('',(-1.666666666667,10.5));
#3690 = CARTESIAN_POINT('',(-3.333333333333,10.5));
#3691 = CARTESIAN_POINT('',(-5.,10.5));
#3692 = ( GEOMETRIC_REPRESENTATION_CONTEXT(2) 
PARAMETRIC_REPRESENTATION_CONTEXT() REPRESENTATION_CONTEXT('2D SPACE',''
  ) );
#3693 = PCURVE('',#3281,#3694);
#3694 = DEFINITIONAL_REPRESENTATION('',(#3695),#3700);
#3695 = B_SPLINE_CURVE_WITH_KNOTS('',3,(#3696,#3697,#3698,#3699),
  .UNSPECIFIED.,.F.,.F.,(4,4),(0.,1.),.PIECEWISE_BEZIER_KNOTS.);
#3696 = CARTESIAN_POINT('',(-5.,0.));
#3697 = CARTESIAN_POINT('',(-3.333333333333,5.329070518201E-15));
#3698 = CARTESIAN_POINT('',(-1.666666666667,1.24344978758E-14));
#3699 = CARTESIAN_POINT('',(0.,0.));
#3700 = ( GEOMETRIC_REPRESENTATION_CONTEXT(2) 
PARAMETRIC_REPRESENTATION_CONTEXT() REPRESENTATION_CONTEXT('2D SPACE',''
  ) );
#3701 = ORIENTED_EDGE('',*,*,#3494,.T.);
#3702 = ORIENTED_EDGE('',*,*,#2768,.T.);
#3703 = ORIENTED_EDGE('',*,*,#3704,.F.);
#3704 = EDGE_CURVE('',#3548,#2743,#3705,.T.);
#3705 = SURFACE_CURVE('',#3706,(#3711,#3719),.PCURVE_S1.);
#3706 = B_SPLINE_CURVE_WITH_KNOTS('',3,(#3707,#3708,#3709,#3710),
  .UNSPECIFIED.,.F.,.F.,(4,4),(0.,1.),.PIECEWISE_BEZIER_KNOTS.);
#3707 = CARTESIAN_POINT('',(-11.7,-4.7,-4.05));
#3708 = CARTESIAN_POINT('',(-11.7,-4.7,-4.283333333333));
#3709 = CARTESIAN_POINT('',(-11.7,-4.7,-4.516666666667));
#3710 = CARTESIAN_POINT('',(-11.7,-4.7,-4.75));
#3711 = PCURVE('',#2270,#3712);
#3712 = DEFINITIONAL_REPRESENTATION('',(#3713),#3718);
#3713 = B_SPLINE_CURVE_WITH_KNOTS('',3,(#3714,#3715,#3716,#3717),
  .UNSPECIFIED.,.F.,.F.,(4,4),(0.,1.),.PIECEWISE_BEZIER_KNOTS.);
#3714 = CARTESIAN_POINT('',(-3.2,9.3));
#3715 = CARTESIAN_POINT('',(-3.2,9.533333333333));
#3716 = CARTESIAN_POINT('',(-3.2,9.766666666667));
#3717 = CARTESIAN_POINT('',(-3.2,10.));
#3718 = ( GEOMETRIC_REPRESENTATION_CONTEXT(2) 
PARAMETRIC_REPRESENTATION_CONTEXT() REPRESENTATION_CONTEXT('2D SPACE',''
  ) );
#3719 = PCURVE('',#2621,#3720);
#3720 = DEFINITIONAL_REPRESENTATION('',(#3721),#3726);
#3721 = B_SPLINE_CURVE_WITH_KNOTS('',3,(#3722,#3723,#3724,#3725),
  .UNSPECIFIED.,.F.,.F.,(4,4),(0.,1.),.PIECEWISE_BEZIER_KNOTS.);
#3722 = CARTESIAN_POINT('',(-0.4,-0.7));
#3723 = CARTESIAN_POINT('',(-0.4,-0.466666666667));
#3724 = CARTESIAN_POINT('',(-0.4,-0.233333333333));
#3725 = CARTESIAN_POINT('',(-0.4,0.));
#3726 = ( GEOMETRIC_REPRESENTATION_CONTEXT(2) 
PARAMETRIC_REPRESENTATION_CONTEXT() REPRESENTATION_CONTEXT('2D SPACE',''
  ) );
#3727 = ADVANCED_FACE('',(#3728),#2301,.F.);
#3728 = FACE_BOUND('',#3729,.T.);
#3729 = EDGE_LOOP('',(#3730,#3731,#3732,#3756));
#3730 = ORIENTED_EDGE('',*,*,#2283,.T.);
#3731 = ORIENTED_EDGE('',*,*,#3600,.T.);
#3732 = ORIENTED_EDGE('',*,*,#3733,.F.);
#3733 = EDGE_CURVE('',#2522,#3575,#3734,.T.);
#3734 = SURFACE_CURVE('',#3735,(#3740,#3748),.PCURVE_S1.);
#3735 = B_SPLINE_CURVE_WITH_KNOTS('',3,(#3736,#3737,#3738,#3739),
  .UNSPECIFIED.,.F.,.F.,(4,4),(0.,1.),.PIECEWISE_BEZIER_KNOTS.);
#3736 = CARTESIAN_POINT('',(-11.7,-4.3,4.05));
#3737 = CARTESIAN_POINT('',(-11.7,-4.433333333333,4.05));
#3738 = CARTESIAN_POINT('',(-11.7,-4.566666666667,4.05));
#3739 = CARTESIAN_POINT('',(-11.7,-4.7,4.05));
#3740 = PCURVE('',#2301,#3741);
#3741 = DEFINITIONAL_REPRESENTATION('',(#3742),#3747);
#3742 = B_SPLINE_CURVE_WITH_KNOTS('',3,(#3743,#3744,#3745,#3746),
  .UNSPECIFIED.,.F.,.F.,(4,4),(0.,1.),.PIECEWISE_BEZIER_KNOTS.);
#3743 = CARTESIAN_POINT('',(0.,0.7));
#3744 = CARTESIAN_POINT('',(-0.133333333333,0.7));
#3745 = CARTESIAN_POINT('',(-0.266666666667,0.7));
#3746 = CARTESIAN_POINT('',(-0.4,0.7));
#3747 = ( GEOMETRIC_REPRESENTATION_CONTEXT(2) 
PARAMETRIC_REPRESENTATION_CONTEXT() REPRESENTATION_CONTEXT('2D SPACE',''
  ) );
#3748 = PCURVE('',#2454,#3749);
#3749 = DEFINITIONAL_REPRESENTATION('',(#3750),#3755);
#3750 = B_SPLINE_CURVE_WITH_KNOTS('',3,(#3751,#3752,#3753,#3754),
  .UNSPECIFIED.,.F.,.F.,(4,4),(0.,1.),.PIECEWISE_BEZIER_KNOTS.);
#3751 = CARTESIAN_POINT('',(0.,3.2));
#3752 = CARTESIAN_POINT('',(0.133333333333,3.2));
#3753 = CARTESIAN_POINT('',(0.266666666667,3.2));
#3754 = CARTESIAN_POINT('',(0.4,3.2));
#3755 = ( GEOMETRIC_REPRESENTATION_CONTEXT(2) 
PARAMETRIC_REPRESENTATION_CONTEXT() REPRESENTATION_CONTEXT('2D SPACE',''
  ) );
#3756 = ORIENTED_EDGE('',*,*,#2521,.T.);
#3757 = ADVANCED_FACE('',(#3758),#2358,.F.);
#3758 = FACE_BOUND('',#3759,.T.);
#3759 = EDGE_LOOP('',(#3760,#3761,#3762,#3788,#3812,#3813,#3839,#3863));
#3760 = ORIENTED_EDGE('',*,*,#2494,.T.);
#3761 = ORIENTED_EDGE('',*,*,#3001,.T.);
#3762 = ORIENTED_EDGE('',*,*,#3763,.F.);
#3763 = EDGE_CURVE('',#3764,#2971,#3766,.T.);
#3764 = VERTEX_POINT('',#3765);
#3765 = CARTESIAN_POINT('',(-13.5,-3.75,-5.25));
#3766 = SURFACE_CURVE('',#3767,(#3772,#3780),.PCURVE_S1.);
#3767 = B_SPLINE_CURVE_WITH_KNOTS('',3,(#3768,#3769,#3770,#3771),
  .UNSPECIFIED.,.F.,.F.,(4,4),(0.,1.),.PIECEWISE_BEZIER_KNOTS.);
#3768 = CARTESIAN_POINT('',(-13.5,-3.75,-5.25));
#3769 = CARTESIAN_POINT('',(-13.5,-3.75,-5.083333333333));
#3770 = CARTESIAN_POINT('',(-13.5,-3.75,-4.916666666667));
#3771 = CARTESIAN_POINT('',(-13.5,-3.75,-4.75));
#3772 = PCURVE('',#2358,#3773);
#3773 = DEFINITIONAL_REPRESENTATION('',(#3774),#3779);
#3774 = B_SPLINE_CURVE_WITH_KNOTS('',3,(#3775,#3776,#3777,#3778),
  .UNSPECIFIED.,.F.,.F.,(4,4),(0.,1.),.PIECEWISE_BEZIER_KNOTS.);
#3775 = CARTESIAN_POINT('',(10.5,0.95));
#3776 = CARTESIAN_POINT('',(10.333333333333,0.95));
#3777 = CARTESIAN_POINT('',(10.166666666667,0.95));
#3778 = CARTESIAN_POINT('',(10.,0.95));
#3779 = ( GEOMETRIC_REPRESENTATION_CONTEXT(2) 
PARAMETRIC_REPRESENTATION_CONTEXT() REPRESENTATION_CONTEXT('2D SPACE',''
  ) );
#3780 = PCURVE('',#2988,#3781);
#3781 = DEFINITIONAL_REPRESENTATION('',(#3782),#3787);
#3782 = B_SPLINE_CURVE_WITH_KNOTS('',3,(#3783,#3784,#3785,#3786),
  .UNSPECIFIED.,.F.,.F.,(4,4),(0.,1.),.PIECEWISE_BEZIER_KNOTS.);
#3783 = CARTESIAN_POINT('',(0.,0.));
#3784 = CARTESIAN_POINT('',(-0.166666666667,0.));
#3785 = CARTESIAN_POINT('',(-0.333333333333,0.));
#3786 = CARTESIAN_POINT('',(-0.5,0.));
#3787 = ( GEOMETRIC_REPRESENTATION_CONTEXT(2) 
PARAMETRIC_REPRESENTATION_CONTEXT() REPRESENTATION_CONTEXT('2D SPACE',''
  ) );
#3788 = ORIENTED_EDGE('',*,*,#3789,.F.);
#3789 = EDGE_CURVE('',#3653,#3764,#3790,.T.);
#3790 = SURFACE_CURVE('',#3791,(#3796,#3804),.PCURVE_S1.);
#3791 = B_SPLINE_CURVE_WITH_KNOTS('',3,(#3792,#3793,#3794,#3795),
  .UNSPECIFIED.,.F.,.F.,(4,4),(0.,1.),.PIECEWISE_BEZIER_KNOTS.);
#3792 = CARTESIAN_POINT('',(-13.5,-4.7,-5.25));
#3793 = CARTESIAN_POINT('',(-13.5,-4.383333333333,-5.25));
#3794 = CARTESIAN_POINT('',(-13.5,-4.066666666667,-5.25));
#3795 = CARTESIAN_POINT('',(-13.5,-3.75,-5.25));
#3796 = PCURVE('',#2358,#3797);
#3797 = DEFINITIONAL_REPRESENTATION('',(#3798),#3803);
#3798 = B_SPLINE_CURVE_WITH_KNOTS('',3,(#3799,#3800,#3801,#3802),
  .UNSPECIFIED.,.F.,.F.,(4,4),(0.,1.),.PIECEWISE_BEZIER_KNOTS.);
#3799 = CARTESIAN_POINT('',(10.5,0.));
#3800 = CARTESIAN_POINT('',(10.5,0.316666666667));
#3801 = CARTESIAN_POINT('',(10.5,0.633333333333));
#3802 = CARTESIAN_POINT('',(10.5,0.95));
#3803 = ( GEOMETRIC_REPRESENTATION_CONTEXT(2) 
PARAMETRIC_REPRESENTATION_CONTEXT() REPRESENTATION_CONTEXT('2D SPACE',''
  ) );
#3804 = PCURVE('',#3281,#3805);
#3805 = DEFINITIONAL_REPRESENTATION('',(#3806),#3811);
#3806 = B_SPLINE_CURVE_WITH_KNOTS('',3,(#3807,#3808,#3809,#3810),
  .UNSPECIFIED.,.F.,.F.,(4,4),(0.,1.),.PIECEWISE_BEZIER_KNOTS.);
#3807 = CARTESIAN_POINT('',(0.,0.));
#3808 = CARTESIAN_POINT('',(5.329070518201E-15,0.316666666667));
#3809 = CARTESIAN_POINT('',(5.329070518201E-15,0.633333333333));
#3810 = CARTESIAN_POINT('',(0.,0.95));
#3811 = ( GEOMETRIC_REPRESENTATION_CONTEXT(2) 
PARAMETRIC_REPRESENTATION_CONTEXT() REPRESENTATION_CONTEXT('2D SPACE',''
  ) );
#3812 = ORIENTED_EDGE('',*,*,#3652,.T.);
#3813 = ORIENTED_EDGE('',*,*,#3814,.F.);
#3814 = EDGE_CURVE('',#3815,#3627,#3817,.T.);
#3815 = VERTEX_POINT('',#3816);
#3816 = CARTESIAN_POINT('',(-13.5,-3.75,5.25));
#3817 = SURFACE_CURVE('',#3818,(#3823,#3831),.PCURVE_S1.);
#3818 = B_SPLINE_CURVE_WITH_KNOTS('',3,(#3819,#3820,#3821,#3822),
  .UNSPECIFIED.,.F.,.F.,(4,4),(0.,1.),.PIECEWISE_BEZIER_KNOTS.);
#3819 = CARTESIAN_POINT('',(-13.5,-3.75,5.25));
#3820 = CARTESIAN_POINT('',(-13.5,-4.066666666667,5.25));
#3821 = CARTESIAN_POINT('',(-13.5,-4.383333333333,5.25));
#3822 = CARTESIAN_POINT('',(-13.5,-4.7,5.25));
#3823 = PCURVE('',#2358,#3824);
#3824 = DEFINITIONAL_REPRESENTATION('',(#3825),#3830);
#3825 = B_SPLINE_CURVE_WITH_KNOTS('',3,(#3826,#3827,#3828,#3829),
  .UNSPECIFIED.,.F.,.F.,(4,4),(0.,1.),.PIECEWISE_BEZIER_KNOTS.);
#3826 = CARTESIAN_POINT('',(0.,0.95));
#3827 = CARTESIAN_POINT('',(0.,0.633333333333));
#3828 = CARTESIAN_POINT('',(0.,0.316666666667));
#3829 = CARTESIAN_POINT('',(0.,0.));
#3830 = ( GEOMETRIC_REPRESENTATION_CONTEXT(2) 
PARAMETRIC_REPRESENTATION_CONTEXT() REPRESENTATION_CONTEXT('2D SPACE',''
  ) );
#3831 = PCURVE('',#3098,#3832);
#3832 = DEFINITIONAL_REPRESENTATION('',(#3833),#3838);
#3833 = B_SPLINE_CURVE_WITH_KNOTS('',3,(#3834,#3835,#3836,#3837),
  .UNSPECIFIED.,.F.,.F.,(4,4),(0.,1.),.PIECEWISE_BEZIER_KNOTS.);
#3834 = CARTESIAN_POINT('',(0.,0.95));
#3835 = CARTESIAN_POINT('',(0.,0.633333333333));
#3836 = CARTESIAN_POINT('',(0.,0.316666666667));
#3837 = CARTESIAN_POINT('',(0.,0.));
#3838 = ( GEOMETRIC_REPRESENTATION_CONTEXT(2) 
PARAMETRIC_REPRESENTATION_CONTEXT() REPRESENTATION_CONTEXT('2D SPACE',''
  ) );
#3839 = ORIENTED_EDGE('',*,*,#3840,.F.);
#3840 = EDGE_CURVE('',#2341,#3815,#3841,.T.);
#3841 = SURFACE_CURVE('',#3842,(#3847,#3855),.PCURVE_S1.);
#3842 = B_SPLINE_CURVE_WITH_KNOTS('',3,(#3843,#3844,#3845,#3846),
  .UNSPECIFIED.,.F.,.F.,(4,4),(0.,1.),.PIECEWISE_BEZIER_KNOTS.);
#3843 = CARTESIAN_POINT('',(-13.5,-3.75,4.75));
#3844 = CARTESIAN_POINT('',(-13.5,-3.75,4.916666666667));
#3845 = CARTESIAN_POINT('',(-13.5,-3.75,5.083333333333));
#3846 = CARTESIAN_POINT('',(-13.5,-3.75,5.25));
#3847 = PCURVE('',#2358,#3848);
#3848 = DEFINITIONAL_REPRESENTATION('',(#3849),#3854);
#3849 = B_SPLINE_CURVE_WITH_KNOTS('',3,(#3850,#3851,#3852,#3853),
  .UNSPECIFIED.,.F.,.F.,(4,4),(0.,1.),.PIECEWISE_BEZIER_KNOTS.);
#3850 = CARTESIAN_POINT('',(0.5,0.95));
#3851 = CARTESIAN_POINT('',(0.333333333333,0.95));
#3852 = CARTESIAN_POINT('',(0.166666666667,0.95));
#3853 = CARTESIAN_POINT('',(0.,0.95));
#3854 = ( GEOMETRIC_REPRESENTATION_CONTEXT(2) 
PARAMETRIC_REPRESENTATION_CONTEXT() REPRESENTATION_CONTEXT('2D SPACE',''
  ) );
#3855 = PCURVE('',#2389,#3856);
#3856 = DEFINITIONAL_REPRESENTATION('',(#3857),#3862);
#3857 = B_SPLINE_CURVE_WITH_KNOTS('',3,(#3858,#3859,#3860,#3861),
  .UNSPECIFIED.,.F.,.F.,(4,4),(0.,1.),.PIECEWISE_BEZIER_KNOTS.);
#3858 = CARTESIAN_POINT('',(-10.,0.));
#3859 = CARTESIAN_POINT('',(-10.16666666666,0.));
#3860 = CARTESIAN_POINT('',(-10.33333333333,0.));
#3861 = CARTESIAN_POINT('',(-10.5,0.));
#3862 = ( GEOMETRIC_REPRESENTATION_CONTEXT(2) 
PARAMETRIC_REPRESENTATION_CONTEXT() REPRESENTATION_CONTEXT('2D SPACE',''
  ) );
#3863 = ORIENTED_EDGE('',*,*,#2340,.T.);
#3864 = ADVANCED_FACE('',(#3865),#2389,.F.);
#3865 = FACE_BOUND('',#3866,.T.);
#3866 = EDGE_LOOP('',(#3867,#3868,#3869,#3893));
#3867 = ORIENTED_EDGE('',*,*,#2371,.T.);
#3868 = ORIENTED_EDGE('',*,*,#3840,.T.);
#3869 = ORIENTED_EDGE('',*,*,#3870,.F.);
#3870 = EDGE_CURVE('',#3055,#3815,#3871,.T.);
#3871 = SURFACE_CURVE('',#3872,(#3877,#3885),.PCURVE_S1.);
#3872 = B_SPLINE_CURVE_WITH_KNOTS('',3,(#3873,#3874,#3875,#3876),
  .UNSPECIFIED.,.F.,.F.,(4,4),(0.,1.),.PIECEWISE_BEZIER_KNOTS.);
#3873 = CARTESIAN_POINT('',(-11.7,-3.75,5.25));
#3874 = CARTESIAN_POINT('',(-12.3,-3.75,5.25));
#3875 = CARTESIAN_POINT('',(-12.9,-3.75,5.25));
#3876 = CARTESIAN_POINT('',(-13.5,-3.75,5.25));
#3877 = PCURVE('',#2389,#3878);
#3878 = DEFINITIONAL_REPRESENTATION('',(#3879),#3884);
#3879 = B_SPLINE_CURVE_WITH_KNOTS('',3,(#3880,#3881,#3882,#3883),
  .UNSPECIFIED.,.F.,.F.,(4,4),(0.,1.),.PIECEWISE_BEZIER_KNOTS.);
#3880 = CARTESIAN_POINT('',(-10.5,1.8));
#3881 = CARTESIAN_POINT('',(-10.5,1.2));
#3882 = CARTESIAN_POINT('',(-10.5,0.6));
#3883 = CARTESIAN_POINT('',(-10.5,0.));
#3884 = ( GEOMETRIC_REPRESENTATION_CONTEXT(2) 
PARAMETRIC_REPRESENTATION_CONTEXT() REPRESENTATION_CONTEXT('2D SPACE',''
  ) );
#3885 = PCURVE('',#3098,#3886);
#3886 = DEFINITIONAL_REPRESENTATION('',(#3887),#3892);
#3887 = B_SPLINE_CURVE_WITH_KNOTS('',3,(#3888,#3889,#3890,#3891),
  .UNSPECIFIED.,.F.,.F.,(4,4),(0.,1.),.PIECEWISE_BEZIER_KNOTS.);
#3888 = CARTESIAN_POINT('',(-1.8,0.95));
#3889 = CARTESIAN_POINT('',(-1.2,0.95));
#3890 = CARTESIAN_POINT('',(-0.6,0.95));
#3891 = CARTESIAN_POINT('',(0.,0.95));
#3892 = ( GEOMETRIC_REPRESENTATION_CONTEXT(2) 
PARAMETRIC_REPRESENTATION_CONTEXT() REPRESENTATION_CONTEXT('2D SPACE',''
  ) );
#3893 = ORIENTED_EDGE('',*,*,#3054,.T.);
#3894 = ADVANCED_FACE('',(#3895),#2454,.F.);
#3895 = FACE_BOUND('',#3896,.T.);
#3896 = EDGE_LOOP('',(#3897,#3898,#3899,#3900,#3901));
#3897 = ORIENTED_EDGE('',*,*,#2547,.T.);
#3898 = ORIENTED_EDGE('',*,*,#3733,.T.);
#3899 = ORIENTED_EDGE('',*,*,#3574,.T.);
#3900 = ORIENTED_EDGE('',*,*,#3416,.T.);
#3901 = ORIENTED_EDGE('',*,*,#2436,.F.);
#3902 = ADVANCED_FACE('',(#3903),#2590,.F.);
#3903 = FACE_BOUND('',#3904,.T.);
#3904 = EDGE_LOOP('',(#3905,#3906,#3907,#3908,#3932));
#3905 = ORIENTED_EDGE('',*,*,#2661,.T.);
#3906 = ORIENTED_EDGE('',*,*,#3468,.T.);
#3907 = ORIENTED_EDGE('',*,*,#3547,.T.);
#3908 = ORIENTED_EDGE('',*,*,#3909,.F.);
#3909 = EDGE_CURVE('',#2573,#3548,#3910,.T.);
#3910 = SURFACE_CURVE('',#3911,(#3916,#3924),.PCURVE_S1.);
#3911 = B_SPLINE_CURVE_WITH_KNOTS('',3,(#3912,#3913,#3914,#3915),
  .UNSPECIFIED.,.F.,.F.,(4,4),(0.,1.),.PIECEWISE_BEZIER_KNOTS.);
#3912 = CARTESIAN_POINT('',(-11.7,-4.3,-4.05));
#3913 = CARTESIAN_POINT('',(-11.7,-4.433333333333,-4.05));
#3914 = CARTESIAN_POINT('',(-11.7,-4.566666666667,-4.05));
#3915 = CARTESIAN_POINT('',(-11.7,-4.7,-4.05));
#3916 = PCURVE('',#2590,#3917);
#3917 = DEFINITIONAL_REPRESENTATION('',(#3918),#3923);
#3918 = B_SPLINE_CURVE_WITH_KNOTS('',3,(#3919,#3920,#3921,#3922),
  .UNSPECIFIED.,.F.,.F.,(4,4),(0.,1.),.PIECEWISE_BEZIER_KNOTS.);
#3919 = CARTESIAN_POINT('',(0.,-3.2));
#3920 = CARTESIAN_POINT('',(0.133333333333,-3.2));
#3921 = CARTESIAN_POINT('',(0.266666666667,-3.2));
#3922 = CARTESIAN_POINT('',(0.4,-3.2));
#3923 = ( GEOMETRIC_REPRESENTATION_CONTEXT(2) 
PARAMETRIC_REPRESENTATION_CONTEXT() REPRESENTATION_CONTEXT('2D SPACE',''
  ) );
#3924 = PCURVE('',#2621,#3925);
#3925 = DEFINITIONAL_REPRESENTATION('',(#3926),#3931);
#3926 = B_SPLINE_CURVE_WITH_KNOTS('',3,(#3927,#3928,#3929,#3930),
  .UNSPECIFIED.,.F.,.F.,(4,4),(0.,1.),.PIECEWISE_BEZIER_KNOTS.);
#3927 = CARTESIAN_POINT('',(0.,-0.7));
#3928 = CARTESIAN_POINT('',(-0.133333333333,-0.7));
#3929 = CARTESIAN_POINT('',(-0.266666666667,-0.7));
#3930 = CARTESIAN_POINT('',(-0.4,-0.7));
#3931 = ( GEOMETRIC_REPRESENTATION_CONTEXT(2) 
PARAMETRIC_REPRESENTATION_CONTEXT() REPRESENTATION_CONTEXT('2D SPACE',''
  ) );
#3932 = ORIENTED_EDGE('',*,*,#2572,.T.);
#3933 = ADVANCED_FACE('',(#3934),#2621,.F.);
#3934 = FACE_BOUND('',#3935,.T.);
#3935 = EDGE_LOOP('',(#3936,#3937,#3938,#3939));
#3936 = ORIENTED_EDGE('',*,*,#3909,.T.);
#3937 = ORIENTED_EDGE('',*,*,#3704,.T.);
#3938 = ORIENTED_EDGE('',*,*,#2742,.T.);
#3939 = ORIENTED_EDGE('',*,*,#2603,.T.);
#3940 = ADVANCED_FACE('',(#3941),#2926,.F.);
#3941 = FACE_BOUND('',#3942,.T.);
#3942 = EDGE_LOOP('',(#3943,#3944,#3945,#3971));
#3943 = ORIENTED_EDGE('',*,*,#2908,.T.);
#3944 = ORIENTED_EDGE('',*,*,#3294,.T.);
#3945 = ORIENTED_EDGE('',*,*,#3946,.F.);
#3946 = EDGE_CURVE('',#3947,#3264,#3949,.T.);
#3947 = VERTEX_POINT('',#3948);
#3948 = CARTESIAN_POINT('',(-11.7,-2.95,-5.25));
#3949 = SURFACE_CURVE('',#3950,(#3955,#3963),.PCURVE_S1.);
#3950 = B_SPLINE_CURVE_WITH_KNOTS('',3,(#3951,#3952,#3953,#3954),
  .UNSPECIFIED.,.F.,.F.,(4,4),(0.,1.),.PIECEWISE_BEZIER_KNOTS.);
#3951 = CARTESIAN_POINT('',(-11.7,-2.95,-5.25));
#3952 = CARTESIAN_POINT('',(-12.3,-2.95,-5.25));
#3953 = CARTESIAN_POINT('',(-12.9,-2.95,-5.25));
#3954 = CARTESIAN_POINT('',(-13.5,-2.95,-5.25));
#3955 = PCURVE('',#2926,#3956);
#3956 = DEFINITIONAL_REPRESENTATION('',(#3957),#3962);
#3957 = B_SPLINE_CURVE_WITH_KNOTS('',3,(#3958,#3959,#3960,#3961),
  .UNSPECIFIED.,.F.,.F.,(4,4),(0.,1.),.PIECEWISE_BEZIER_KNOTS.);
#3958 = CARTESIAN_POINT('',(1.8,0.));
#3959 = CARTESIAN_POINT('',(1.2,0.));
#3960 = CARTESIAN_POINT('',(0.6,0.));
#3961 = CARTESIAN_POINT('',(0.,0.));
#3962 = ( GEOMETRIC_REPRESENTATION_CONTEXT(2) 
PARAMETRIC_REPRESENTATION_CONTEXT() REPRESENTATION_CONTEXT('2D SPACE',''
  ) );
#3963 = PCURVE('',#3281,#3964);
#3964 = DEFINITIONAL_REPRESENTATION('',(#3965),#3970);
#3965 = B_SPLINE_CURVE_WITH_KNOTS('',3,(#3966,#3967,#3968,#3969),
  .UNSPECIFIED.,.F.,.F.,(4,4),(0.,1.),.PIECEWISE_BEZIER_KNOTS.);
#3966 = CARTESIAN_POINT('',(-1.8,1.75));
#3967 = CARTESIAN_POINT('',(-1.2,1.75));
#3968 = CARTESIAN_POINT('',(-0.6,1.75));
#3969 = CARTESIAN_POINT('',(0.,1.75));
#3970 = ( GEOMETRIC_REPRESENTATION_CONTEXT(2) 
PARAMETRIC_REPRESENTATION_CONTEXT() REPRESENTATION_CONTEXT('2D SPACE',''
  ) );
#3971 = ORIENTED_EDGE('',*,*,#3972,.F.);
#3972 = EDGE_CURVE('',#2909,#3947,#3973,.T.);
#3973 = SURFACE_CURVE('',#3974,(#3979,#3987),.PCURVE_S1.);
#3974 = B_SPLINE_CURVE_WITH_KNOTS('',3,(#3975,#3976,#3977,#3978),
  .UNSPECIFIED.,.F.,.F.,(4,4),(0.,1.),.PIECEWISE_BEZIER_KNOTS.);
#3975 = CARTESIAN_POINT('',(-11.7,-2.95,-4.75));
#3976 = CARTESIAN_POINT('',(-11.7,-2.95,-4.916666666667));
#3977 = CARTESIAN_POINT('',(-11.7,-2.95,-5.083333333333));
#3978 = CARTESIAN_POINT('',(-11.7,-2.95,-5.25));
#3979 = PCURVE('',#2926,#3980);
#3980 = DEFINITIONAL_REPRESENTATION('',(#3981),#3986);
#3981 = B_SPLINE_CURVE_WITH_KNOTS('',3,(#3982,#3983,#3984,#3985),
  .UNSPECIFIED.,.F.,.F.,(4,4),(0.,1.),.PIECEWISE_BEZIER_KNOTS.);
#3982 = CARTESIAN_POINT('',(1.8,-0.5));
#3983 = CARTESIAN_POINT('',(1.8,-0.333333333333));
#3984 = CARTESIAN_POINT('',(1.8,-0.166666666667));
#3985 = CARTESIAN_POINT('',(1.8,0.));
#3986 = ( GEOMETRIC_REPRESENTATION_CONTEXT(2) 
PARAMETRIC_REPRESENTATION_CONTEXT() REPRESENTATION_CONTEXT('2D SPACE',''
  ) );
#3987 = PCURVE('',#2957,#3988);
#3988 = DEFINITIONAL_REPRESENTATION('',(#3989),#3994);
#3989 = B_SPLINE_CURVE_WITH_KNOTS('',3,(#3990,#3991,#3992,#3993),
  .UNSPECIFIED.,.F.,.F.,(4,4),(0.,1.),.PIECEWISE_BEZIER_KNOTS.);
#3990 = CARTESIAN_POINT('',(-0.5,0.8));
#3991 = CARTESIAN_POINT('',(-0.333333333333,0.8));
#3992 = CARTESIAN_POINT('',(-0.166666666667,0.8));
#3993 = CARTESIAN_POINT('',(0.,0.8));
#3994 = ( GEOMETRIC_REPRESENTATION_CONTEXT(2) 
PARAMETRIC_REPRESENTATION_CONTEXT() REPRESENTATION_CONTEXT('2D SPACE',''
  ) );
#3995 = ADVANCED_FACE('',(#3996),#2957,.F.);
#3996 = FACE_BOUND('',#3997,.T.);
#3997 = EDGE_LOOP('',(#3998,#3999,#4000,#4026));
#3998 = ORIENTED_EDGE('',*,*,#2939,.T.);
#3999 = ORIENTED_EDGE('',*,*,#3972,.T.);
#4000 = ORIENTED_EDGE('',*,*,#4001,.F.);
#4001 = EDGE_CURVE('',#4002,#3947,#4004,.T.);
#4002 = VERTEX_POINT('',#4003);
#4003 = CARTESIAN_POINT('',(-11.7,-3.75,-5.25));
#4004 = SURFACE_CURVE('',#4005,(#4010,#4018),.PCURVE_S1.);
#4005 = B_SPLINE_CURVE_WITH_KNOTS('',3,(#4006,#4007,#4008,#4009),
  .UNSPECIFIED.,.F.,.F.,(4,4),(0.,1.),.PIECEWISE_BEZIER_KNOTS.);
#4006 = CARTESIAN_POINT('',(-11.7,-3.75,-5.25));
#4007 = CARTESIAN_POINT('',(-11.7,-3.483333333333,-5.25));
#4008 = CARTESIAN_POINT('',(-11.7,-3.216666666667,-5.25));
#4009 = CARTESIAN_POINT('',(-11.7,-2.95,-5.25));
#4010 = PCURVE('',#2957,#4011);
#4011 = DEFINITIONAL_REPRESENTATION('',(#4012),#4017);
#4012 = B_SPLINE_CURVE_WITH_KNOTS('',3,(#4013,#4014,#4015,#4016),
  .UNSPECIFIED.,.F.,.F.,(4,4),(0.,1.),.PIECEWISE_BEZIER_KNOTS.);
#4013 = CARTESIAN_POINT('',(0.,0.));
#4014 = CARTESIAN_POINT('',(0.,0.266666666667));
#4015 = CARTESIAN_POINT('',(0.,0.533333333333));
#4016 = CARTESIAN_POINT('',(0.,0.8));
#4017 = ( GEOMETRIC_REPRESENTATION_CONTEXT(2) 
PARAMETRIC_REPRESENTATION_CONTEXT() REPRESENTATION_CONTEXT('2D SPACE',''
  ) );
#4018 = PCURVE('',#3281,#4019);
#4019 = DEFINITIONAL_REPRESENTATION('',(#4020),#4025);
#4020 = B_SPLINE_CURVE_WITH_KNOTS('',3,(#4021,#4022,#4023,#4024),
  .UNSPECIFIED.,.F.,.F.,(4,4),(0.,1.),.PIECEWISE_BEZIER_KNOTS.);
#4021 = CARTESIAN_POINT('',(-1.8,0.95));
#4022 = CARTESIAN_POINT('',(-1.8,1.216666666667));
#4023 = CARTESIAN_POINT('',(-1.8,1.483333333333));
#4024 = CARTESIAN_POINT('',(-1.8,1.75));
#4025 = ( GEOMETRIC_REPRESENTATION_CONTEXT(2) 
PARAMETRIC_REPRESENTATION_CONTEXT() REPRESENTATION_CONTEXT('2D SPACE',''
  ) );
#4026 = ORIENTED_EDGE('',*,*,#4027,.F.);
#4027 = EDGE_CURVE('',#2940,#4002,#4028,.T.);
#4028 = SURFACE_CURVE('',#4029,(#4034,#4042),.PCURVE_S1.);
#4029 = B_SPLINE_CURVE_WITH_KNOTS('',3,(#4030,#4031,#4032,#4033),
  .UNSPECIFIED.,.F.,.F.,(4,4),(0.,1.),.PIECEWISE_BEZIER_KNOTS.);
#4030 = CARTESIAN_POINT('',(-11.7,-3.75,-4.75));
#4031 = CARTESIAN_POINT('',(-11.7,-3.75,-4.916666666667));
#4032 = CARTESIAN_POINT('',(-11.7,-3.75,-5.083333333333));
#4033 = CARTESIAN_POINT('',(-11.7,-3.75,-5.25));
#4034 = PCURVE('',#2957,#4035);
#4035 = DEFINITIONAL_REPRESENTATION('',(#4036),#4041);
#4036 = B_SPLINE_CURVE_WITH_KNOTS('',3,(#4037,#4038,#4039,#4040),
  .UNSPECIFIED.,.F.,.F.,(4,4),(0.,1.),.PIECEWISE_BEZIER_KNOTS.);
#4037 = CARTESIAN_POINT('',(-0.5,0.));
#4038 = CARTESIAN_POINT('',(-0.333333333333,4.440892098501E-16));
#4039 = CARTESIAN_POINT('',(-0.166666666667,4.440892098501E-16));
#4040 = CARTESIAN_POINT('',(0.,0.));
#4041 = ( GEOMETRIC_REPRESENTATION_CONTEXT(2) 
PARAMETRIC_REPRESENTATION_CONTEXT() REPRESENTATION_CONTEXT('2D SPACE',''
  ) );
#4042 = PCURVE('',#2988,#4043);
#4043 = DEFINITIONAL_REPRESENTATION('',(#4044),#4049);
#4044 = B_SPLINE_CURVE_WITH_KNOTS('',3,(#4045,#4046,#4047,#4048),
  .UNSPECIFIED.,.F.,.F.,(4,4),(0.,1.),.PIECEWISE_BEZIER_KNOTS.);
#4045 = CARTESIAN_POINT('',(-0.5,1.8));
#4046 = CARTESIAN_POINT('',(-0.333333333333,1.8));
#4047 = CARTESIAN_POINT('',(-0.166666666667,1.8));
#4048 = CARTESIAN_POINT('',(0.,1.8));
#4049 = ( GEOMETRIC_REPRESENTATION_CONTEXT(2) 
PARAMETRIC_REPRESENTATION_CONTEXT() REPRESENTATION_CONTEXT('2D SPACE',''
  ) );
#4050 = ADVANCED_FACE('',(#4051),#2988,.F.);
#4051 = FACE_BOUND('',#4052,.T.);
#4052 = EDGE_LOOP('',(#4053,#4054,#4055,#4079));
#4053 = ORIENTED_EDGE('',*,*,#2970,.T.);
#4054 = ORIENTED_EDGE('',*,*,#4027,.T.);
#4055 = ORIENTED_EDGE('',*,*,#4056,.F.);
#4056 = EDGE_CURVE('',#3764,#4002,#4057,.T.);
#4057 = SURFACE_CURVE('',#4058,(#4063,#4071),.PCURVE_S1.);
#4058 = B_SPLINE_CURVE_WITH_KNOTS('',3,(#4059,#4060,#4061,#4062),
  .UNSPECIFIED.,.F.,.F.,(4,4),(0.,1.),.PIECEWISE_BEZIER_KNOTS.);
#4059 = CARTESIAN_POINT('',(-13.5,-3.75,-5.25));
#4060 = CARTESIAN_POINT('',(-12.9,-3.75,-5.25));
#4061 = CARTESIAN_POINT('',(-12.3,-3.75,-5.25));
#4062 = CARTESIAN_POINT('',(-11.7,-3.75,-5.25));
#4063 = PCURVE('',#2988,#4064);
#4064 = DEFINITIONAL_REPRESENTATION('',(#4065),#4070);
#4065 = B_SPLINE_CURVE_WITH_KNOTS('',3,(#4066,#4067,#4068,#4069),
  .UNSPECIFIED.,.F.,.F.,(4,4),(0.,1.),.PIECEWISE_BEZIER_KNOTS.);
#4066 = CARTESIAN_POINT('',(0.,0.));
#4067 = CARTESIAN_POINT('',(0.,0.6));
#4068 = CARTESIAN_POINT('',(0.,1.2));
#4069 = CARTESIAN_POINT('',(0.,1.8));
#4070 = ( GEOMETRIC_REPRESENTATION_CONTEXT(2) 
PARAMETRIC_REPRESENTATION_CONTEXT() REPRESENTATION_CONTEXT('2D SPACE',''
  ) );
#4071 = PCURVE('',#3281,#4072);
#4072 = DEFINITIONAL_REPRESENTATION('',(#4073),#4078);
#4073 = B_SPLINE_CURVE_WITH_KNOTS('',3,(#4074,#4075,#4076,#4077),
  .UNSPECIFIED.,.F.,.F.,(4,4),(0.,1.),.PIECEWISE_BEZIER_KNOTS.);
#4074 = CARTESIAN_POINT('',(0.,0.95));
#4075 = CARTESIAN_POINT('',(-0.6,0.95));
#4076 = CARTESIAN_POINT('',(-1.2,0.95));
#4077 = CARTESIAN_POINT('',(-1.8,0.95));
#4078 = ( GEOMETRIC_REPRESENTATION_CONTEXT(2) 
PARAMETRIC_REPRESENTATION_CONTEXT() REPRESENTATION_CONTEXT('2D SPACE',''
  ) );
#4079 = ORIENTED_EDGE('',*,*,#3763,.T.);
#4080 = ADVANCED_FACE('',(#4081),#3098,.F.);
#4081 = FACE_BOUND('',#4082,.T.);
#4082 = EDGE_LOOP('',(#4083,#4099,#4100,#4101,#4102,#4103,#4104,#4105));
#4083 = ORIENTED_EDGE('',*,*,#4084,.F.);
#4084 = EDGE_CURVE('',#3220,#3345,#4085,.T.);
#4085 = SURFACE_CURVE('',#4086,(#4091),.PCURVE_S1.);
#4086 = B_SPLINE_CURVE_WITH_KNOTS('',3,(#4087,#4088,#4089,#4090),
  .UNSPECIFIED.,.F.,.F.,(4,4),(-1.,-0.),.PIECEWISE_BEZIER_KNOTS.);
#4087 = CARTESIAN_POINT('',(-13.5,-1.,5.25));
#4088 = CARTESIAN_POINT('',(-11.83333333333,-1.,5.25));
#4089 = CARTESIAN_POINT('',(-10.16666666666,-1.,5.25));
#4090 = CARTESIAN_POINT('',(-8.5,-1.,5.25));
#4091 = PCURVE('',#3098,#4092);
#4092 = DEFINITIONAL_REPRESENTATION('',(#4093),#4098);
#4093 = B_SPLINE_CURVE_WITH_KNOTS('',3,(#4094,#4095,#4096,#4097),
  .UNSPECIFIED.,.F.,.F.,(4,4),(-1.,-0.),.PIECEWISE_BEZIER_KNOTS.);
#4094 = CARTESIAN_POINT('',(0.,3.7));
#4095 = CARTESIAN_POINT('',(-1.666666666667,3.7));
#4096 = CARTESIAN_POINT('',(-3.333333333333,3.7));
#4097 = CARTESIAN_POINT('',(-5.,3.7));
#4098 = ( GEOMETRIC_REPRESENTATION_CONTEXT(2) 
PARAMETRIC_REPRESENTATION_CONTEXT() REPRESENTATION_CONTEXT('2D SPACE',''
  ) );
#4099 = ORIENTED_EDGE('',*,*,#3219,.T.);
#4100 = ORIENTED_EDGE('',*,*,#3140,.T.);
#4101 = ORIENTED_EDGE('',*,*,#3080,.T.);
#4102 = ORIENTED_EDGE('',*,*,#3870,.T.);
#4103 = ORIENTED_EDGE('',*,*,#3814,.T.);
#4104 = ORIENTED_EDGE('',*,*,#3626,.T.);
#4105 = ORIENTED_EDGE('',*,*,#3364,.T.);
#4106 = ADVANCED_FACE('',(#4107),#3281,.T.);
#4107 = FACE_BOUND('',#4108,.T.);
#4108 = EDGE_LOOP('',(#4109,#4110,#4111,#4127,#4128,#4129,#4130,#4131));
#4109 = ORIENTED_EDGE('',*,*,#3946,.T.);
#4110 = ORIENTED_EDGE('',*,*,#3263,.T.);
#4111 = ORIENTED_EDGE('',*,*,#4112,.T.);
#4112 = EDGE_CURVE('',#3246,#3347,#4113,.T.);
#4113 = SURFACE_CURVE('',#4114,(#4119),.PCURVE_S1.);
#4114 = B_SPLINE_CURVE_WITH_KNOTS('',3,(#4115,#4116,#4117,#4118),
  .UNSPECIFIED.,.F.,.F.,(4,4),(0.,1.),.PIECEWISE_BEZIER_KNOTS.);
#4115 = CARTESIAN_POINT('',(-13.5,-1.,-5.25));
#4116 = CARTESIAN_POINT('',(-11.83333333333,-1.,-5.25));
#4117 = CARTESIAN_POINT('',(-10.16666666666,-1.,-5.25));
#4118 = CARTESIAN_POINT('',(-8.5,-1.,-5.25));
#4119 = PCURVE('',#3281,#4120);
#4120 = DEFINITIONAL_REPRESENTATION('',(#4121),#4126);
#4121 = B_SPLINE_CURVE_WITH_KNOTS('',3,(#4122,#4123,#4124,#4125),
  .UNSPECIFIED.,.F.,.F.,(4,4),(0.,1.),.PIECEWISE_BEZIER_KNOTS.);
#4122 = CARTESIAN_POINT('',(0.,3.7));
#4123 = CARTESIAN_POINT('',(-1.666666666667,3.7));
#4124 = CARTESIAN_POINT('',(-3.333333333333,3.7));
#4125 = CARTESIAN_POINT('',(-5.,3.7));
#4126 = ( GEOMETRIC_REPRESENTATION_CONTEXT(2) 
PARAMETRIC_REPRESENTATION_CONTEXT() REPRESENTATION_CONTEXT('2D SPACE',''
  ) );
#4127 = ORIENTED_EDGE('',*,*,#3520,.T.);
#4128 = ORIENTED_EDGE('',*,*,#3678,.T.);
#4129 = ORIENTED_EDGE('',*,*,#3789,.T.);
#4130 = ORIENTED_EDGE('',*,*,#4056,.T.);
#4131 = ORIENTED_EDGE('',*,*,#4001,.T.);
#4132 = ( GEOMETRIC_REPRESENTATION_CONTEXT(3) 
GLOBAL_UNCERTAINTY_ASSIGNED_CONTEXT((#4136)) 
GLOBAL_UNIT_ASSIGNED_CONTEXT((#4133,#4134,#4135)) REPRESENTATION_CONTEXT
('Context #1','3D Context with UNIT and UNCERTAINTY') );
#4133 = ( LENGTH_UNIT() NAMED_UNIT(*) SI_UNIT(.MILLI.,.METRE.) );
#4134 = ( NAMED_UNIT(*) PLANE_ANGLE_UNIT() SI_UNIT($,.RADIAN.) );
#4135 = ( NAMED_UNIT(*) SI_UNIT($,.STERADIAN.) SOLID_ANGLE_UNIT() );
#4136 = UNCERTAINTY_MEASURE_WITH_UNIT(LENGTH_MEASURE(1.E-04),#4133,
  'distance_accuracy_value','confusion accuracy');
#4137 = PRODUCT_RELATED_PRODUCT_CATEGORY('part',$,(#7));
ENDSEC;
END-ISO-10303-21;
