ISO-10303-21;
HEADER;
FILE_DESCRIPTION (( 'STEP AP214' ),
    '1' );
FILE_NAME ('fingercap_1.STEP',
    '2026-04-19T12:46:33',
    ( '' ),
    ( '' ),
    'SwSTEP 2.0',
    'SolidWorks 2026',
    '' );
FILE_SCHEMA (( 'AUTOMOTIVE_DESIGN' ));
ENDSEC;

DATA;
#1 = ORIENTED_EDGE ( 'NONE', *, *, #2062, .F. ) ;
#2 = CARTESIAN_POINT ( 'NONE',  ( 39.50000000000000000, 6.200000000000003730, 8.999999999999996447 ) ) ;
#3 = VERTEX_POINT ( 'NONE', #1349 ) ;
#4 = CARTESIAN_POINT ( 'NONE',  ( 38.00000000000000000, 0.4142135623730954230, 10.99999999999999822 ) ) ;
#5 = ORIENTED_EDGE ( 'NONE', *, *, #2161, .T. ) ;
#6 = DIRECTION ( 'NONE',  ( 0.000000000000000000, 0.000000000000000000, 1.000000000000000000 ) ) ;
#7 = CARTESIAN_POINT ( 'NONE',  ( 37.00000000000000000, 0.000000000000000000, 11.00000000000000000 ) ) ;
#8 = LINE ( 'NONE', #413, #131 ) ;
#9 = ORIENTED_EDGE ( 'NONE', *, *, #2342, .T. ) ;
#10 = AXIS2_PLACEMENT_3D ( 'NONE', #1813, #165, #1234 ) ;
#11 = VECTOR ( 'NONE', #1805, 1000.000000000000000 ) ;
#12 = VECTOR ( 'NONE', #1232, 1000.000000000000000 ) ;
#13 = CYLINDRICAL_SURFACE ( 'NONE', #1022, 1.000000000000000888 ) ;
#14 = ADVANCED_FACE ( 'NONE', ( #444 ), #1001, .F. ) ;
#15 = EDGE_LOOP ( 'NONE', ( #967, #2308, #1654, #1538 ) ) ;
#16 = CARTESIAN_POINT ( 'NONE',  ( 12.50000000000000178, 6.200000000000001954, 10.99999999999999645 ) ) ;
#17 = AXIS2_PLACEMENT_3D ( 'NONE', #43, #2250, #575 ) ;
#18 = ORIENTED_EDGE ( 'NONE', *, *, #1804, .F. ) ;
#19 = AXIS2_PLACEMENT_3D ( 'NONE', #2155, #509, #1244 ) ;
#20 = EDGE_CURVE ( 'NONE', #234, #1170, #595, .T. ) ;
#21 = DIRECTION ( 'NONE',  ( 0.000000000000000000, -0.4788521306805753608, 0.8778955729143831377 ) ) ;
#22 = DIRECTION ( 'NONE',  ( 0.000000000000000000, 0.000000000000000000, -1.000000000000000000 ) ) ;
#23 = DIRECTION ( 'NONE',  ( 0.000000000000000000, -1.000000000000000000, 0.000000000000000000 ) ) ;
#24 = EDGE_CURVE ( 'NONE', #1311, #1106, #644, .T. ) ;
#25 = ORIENTED_EDGE ( 'NONE', *, *, #184, .T. ) ;
#26 = EDGE_CURVE ( 'NONE', #1417, #573, #1939, .T. ) ;
#27 = DIRECTION ( 'NONE',  ( -1.000000000000000000, 0.000000000000000000, -0.000000000000000000 ) ) ;
#28 = ORIENTED_EDGE ( 'NONE', *, *, #1759, .F. ) ;
#29 = CARTESIAN_POINT ( 'NONE',  ( 51.00000000000000000, 0.000000000000000000, 1.000000000000000888 ) ) ;
#30 = EDGE_LOOP ( 'NONE', ( #2126, #697, #557, #1989 ) ) ;
#31 = EDGE_CURVE ( 'NONE', #889, #573, #281, .T. ) ;
#32 = CARTESIAN_POINT ( 'NONE',  ( 12.50000000000000178, 7.000000000000003553, 10.99999999999999645 ) ) ;
#33 = CARTESIAN_POINT ( 'NONE',  ( 48.50000000000000000, 6.999999999999997335, 8.999999999999996447 ) ) ;
#34 = DIRECTION ( 'NONE',  ( 0.000000000000000000, 0.000000000000000000, -1.000000000000000000 ) ) ;
#35 = EDGE_CURVE ( 'NONE', #1380, #62, #1278, .T. ) ;
#36 = ORIENTED_EDGE ( 'NONE', *, *, #599, .T. ) ;
#37 = EDGE_CURVE ( 'NONE', #62, #1170, #892, .T. ) ;
#38 = CARTESIAN_POINT ( 'NONE',  ( 2.000000000000000000, 11.99999999999999822, 0.000000000000000000 ) ) ;
#39 = ORIENTED_EDGE ( 'NONE', *, *, #897, .T. ) ;
#40 = CYLINDRICAL_SURFACE ( 'NONE', #1948, 1.000000000000000000 ) ;
#41 = ORIENTED_EDGE ( 'NONE', *, *, #1680, .F. ) ;
#42 = ORIENTED_EDGE ( 'NONE', *, *, #1998, .F. ) ;
#43 = CARTESIAN_POINT ( 'NONE',  ( 39.50000000000000000, 7.000000000000000000, 10.99999999999999645 ) ) ;
#44 = DIRECTION ( 'NONE',  ( -0.000000000000000000, 0.000000000000000000, -1.000000000000000000 ) ) ;
#45 = DIRECTION ( 'NONE',  ( -0.000000000000000000, 4.336808689942017736E-16, 1.000000000000000000 ) ) ;
#46 = ORIENTED_EDGE ( 'NONE', *, *, #2240, .T. ) ;
#47 = AXIS2_PLACEMENT_3D ( 'NONE', #902, #2382, #2194 ) ;
#48 = ORIENTED_EDGE ( 'NONE', *, *, #854, .F. ) ;
#49 = ADVANCED_FACE ( 'NONE', ( #344 ), #162, .T. ) ;
#50 = FACE_OUTER_BOUND ( 'NONE', #380, .T. ) ;
#51 = EDGE_LOOP ( 'NONE', ( #121, #971, #1292, #2110 ) ) ;
#52 = VECTOR ( 'NONE', #999, 1000.000000000000000 ) ;
#53 = VECTOR ( 'NONE', #1262, 1000.000000000000000 ) ;
#54 = LINE ( 'NONE', #585, #1632 ) ;
#55 = ORIENTED_EDGE ( 'NONE', *, *, #2202, .T. ) ;
#56 = VERTEX_POINT ( 'NONE', #515 ) ;
#57 = CYLINDRICAL_SURFACE ( 'NONE', #791, 1.000000000000000888 ) ;
#58 = AXIS2_PLACEMENT_3D ( 'NONE', #1727, #2374, #1012 ) ;
#59 = FACE_OUTER_BOUND ( 'NONE', #414, .T. ) ;
#60 = DIRECTION ( 'NONE',  ( 0.000000000000000000, 0.000000000000000000, 1.000000000000000000 ) ) ;
#61 = AXIS2_PLACEMENT_3D ( 'NONE', #2386, #704, #1630 ) ;
#62 = VERTEX_POINT ( 'NONE', #534 ) ;
#63 = EDGE_CURVE ( 'NONE', #372, #995, #2015, .T. ) ;
#64 = VECTOR ( 'NONE', #1218, 1000.000000000000000 ) ;
#65 = EDGE_CURVE ( 'NONE', #1464, #868, #698, .T. ) ;
#66 = DIRECTION ( 'NONE',  ( -0.000000000000000000, 0.000000000000000000, -1.000000000000000000 ) ) ;
#67 = CARTESIAN_POINT ( 'NONE',  ( 38.00000000000000000, 1.000000000000000000, 22.00000000000000000 ) ) ;
#68 = ORIENTED_EDGE ( 'NONE', *, *, #269, .F. ) ;
#69 = CYLINDRICAL_SURFACE ( 'NONE', #1184, 1.000000000000000888 ) ;
#70 = VERTEX_POINT ( 'NONE', #1624 ) ;
#71 = ORIENTED_EDGE ( 'NONE', *, *, #1941, .F. ) ;
#72 = LINE ( 'NONE', #804, #1100 ) ;
#73 = FACE_OUTER_BOUND ( 'NONE', #432, .T. ) ;
#74 = CARTESIAN_POINT ( 'NONE',  ( 13.99999999999999645, 13.58578643762690419, 10.99999999999999822 ) ) ;
#75 = CARTESIAN_POINT ( 'NONE',  ( 3.500000000000000888, 5.600000000000004086, 10.99999999999999645 ) ) ;
#76 = EDGE_CURVE ( 'NONE', #1339, #977, #709, .T. ) ;
#77 = VERTEX_POINT ( 'NONE', #1101 ) ;
#78 =( NAMED_UNIT ( * ) SI_UNIT ( $, .STERADIAN. ) SOLID_ANGLE_UNIT ( ) );
#79 = ORIENTED_EDGE ( 'NONE', *, *, #1447, .T. ) ;
#80 = ORIENTED_EDGE ( 'NONE', *, *, #1153, .F. ) ;
#81 = ORIENTED_EDGE ( 'NONE', *, *, #1770, .F. ) ;
#82 = PLANE ( 'NONE',  #1557 ) ;
#83 = DIRECTION ( 'NONE',  ( -0.000000000000000000, 4.336808689942017736E-16, 1.000000000000000000 ) ) ;
#84 = CARTESIAN_POINT ( 'NONE',  ( 14.41421356237309581, 13.99999999999999645, 10.58578643762690241 ) ) ;
#85 = DIRECTION ( 'NONE',  ( -0.000000000000000000, 4.336808689942017736E-16, 1.000000000000000000 ) ) ;
#86 = PLANE ( 'NONE',  #1287 ) ;
#87 = DIRECTION ( 'NONE',  ( 1.000000000000000000, 0.000000000000000000, 0.000000000000000000 ) ) ;
#88 = DIRECTION ( 'NONE',  ( 1.000000000000000000, 0.000000000000000000, 0.000000000000000000 ) ) ;
#89 = ORIENTED_EDGE ( 'NONE', *, *, #1120, .T. ) ;
#90 = DIRECTION ( 'NONE',  ( -0.000000000000000000, 4.336808689942017736E-16, 1.000000000000000000 ) ) ;
#91 = VECTOR ( 'NONE', #388, 1000.000000000000000 ) ;
#92 = ORIENTED_EDGE ( 'NONE', *, *, #2123, .T. ) ;
#93 = VERTEX_POINT ( 'NONE', #1451 ) ;
#94 = AXIS2_PLACEMENT_3D ( 'NONE', #1038, #1766, #1599 ) ;
#95 = AXIS2_PLACEMENT_3D ( 'NONE', #1048, #1603, #899 ) ;
#96 = CARTESIAN_POINT ( 'NONE',  ( 39.50000000000000000, 7.000000000000000000, 10.99999999999999645 ) ) ;
#97 = DIRECTION ( 'NONE',  ( -0.000000000000000000, 1.000000000000000000, -0.000000000000000000 ) ) ;
#98 = CARTESIAN_POINT ( 'NONE',  ( 0.000000000000000000, 11.99999999999999822, 0.000000000000000000 ) ) ;
#99 = CARTESIAN_POINT ( 'NONE',  ( 26.00000000000000000, 10.00000000000000000, 21.59999999999999787 ) ) ;
#100 = AXIS2_PLACEMENT_3D ( 'NONE', #1029, #113, #2106 ) ;
#101 = AXIS2_PLACEMENT_3D ( 'NONE', #1773, #1946, #1044 ) ;
#102 = VECTOR ( 'NONE', #164, 1000.000000000000000 ) ;
#103 = DIRECTION ( 'NONE',  ( -0.000000000000000000, -0.000000000000000000, 1.000000000000000000 ) ) ;
#104 = LINE ( 'NONE', #645, #1626 ) ;
#105 = CARTESIAN_POINT ( 'NONE',  ( 38.00000000000000000, 2.000000000000001776, 22.00000000000000000 ) ) ;
#106 =( LENGTH_UNIT ( ) NAMED_UNIT ( * ) SI_UNIT ( .MILLI., .METRE. ) );
#107 = ORIENTED_EDGE ( 'NONE', *, *, #1759, .T. ) ;
#108 = VERTEX_POINT ( 'NONE', #1820 ) ;
#109 = DIRECTION ( 'NONE',  ( 0.000000000000000000, -1.000000000000000000, 0.000000000000000000 ) ) ;
#110 = DIRECTION ( 'NONE',  ( 0.000000000000000000, -0.000000000000000000, 1.000000000000000000 ) ) ;
#111 = DIRECTION ( 'NONE',  ( 0.000000000000000000, -1.000000000000000000, 0.000000000000000000 ) ) ;
#112 = DIRECTION ( 'NONE',  ( -1.000000000000000000, 0.000000000000000000, 0.000000000000000000 ) ) ;
#113 = DIRECTION ( 'NONE',  ( 0.000000000000000000, -0.000000000000000000, 1.000000000000000000 ) ) ;
#114 = EDGE_CURVE ( 'NONE', #936, #2036, #2008, .T. ) ;
#115 = VECTOR ( 'NONE', #658, 1000.000000000000000 ) ;
#116 = ORIENTED_EDGE ( 'NONE', *, *, #1864, .F. ) ;
#117 = DIRECTION ( 'NONE',  ( 0.000000000000000000, 0.000000000000000000, -1.000000000000000000 ) ) ;
#118 = DIRECTION ( 'NONE',  ( 0.000000000000000000, 0.000000000000000000, -1.000000000000000000 ) ) ;
#119 =( BOUNDED_CURVE ( )  B_SPLINE_CURVE ( 3, ( #2182, #1274, #331, #1065 ),
 .UNSPECIFIED., .F., .F. ) 
 B_SPLINE_CURVE_WITH_KNOTS ( ( 4, 4 ),
 ( 1.570796326794896558, 3.141592653589793116 ),
 .UNSPECIFIED. ) 
 CURVE ( )  GEOMETRIC_REPRESENTATION_ITEM ( )  RATIONAL_B_SPLINE_CURVE ( ( 1.000000000000000000, 0.8047378541243649375, 0.8047378541243649375, 1.000000000000000000 ) ) 
 REPRESENTATION_ITEM ( '' )  );
#120 = VERTEX_POINT ( 'NONE', #1831 ) ;
#121 = ORIENTED_EDGE ( 'NONE', *, *, #1775, .T. ) ;
#122 = CARTESIAN_POINT ( 'NONE',  ( 12.50000000000000178, 7.800000000000006040, 10.99999999999999645 ) ) ;
#123 = LINE ( 'NONE', #1063, #208 ) ;
#124 = CARTESIAN_POINT ( 'NONE',  ( 48.50000000000000000, 6.999999999999997335, 9.899999999999996803 ) ) ;
#125 = DIRECTION ( 'NONE',  ( -1.000000000000000000, 0.000000000000000000, 0.000000000000000000 ) ) ;
#126 = ORIENTED_EDGE ( 'NONE', *, *, #1787, .F. ) ;
#127 = FACE_BOUND ( 'NONE', #1608, .T. ) ;
#128 = CARTESIAN_POINT ( 'NONE',  ( 2.000000000000000000, 2.000000000000000000, 0.000000000000000000 ) ) ;
#129 = EDGE_CURVE ( 'NONE', #573, #1417, #622, .T. ) ;
#130 = VERTEX_POINT ( 'NONE', #1071 ) ;
#131 = VECTOR ( 'NONE', #1346, 1000.000000000000000 ) ;
#132 = ORIENTED_EDGE ( 'NONE', *, *, #329, .F. ) ;
#133 = DIRECTION ( 'NONE',  ( -0.000000000000000000, -1.000000000000000000, -0.000000000000000000 ) ) ;
#134 = CARTESIAN_POINT ( 'NONE',  ( 41.99999999999999289, 7.000000000000000000, 9.000000000000000000 ) ) ;
#135 = VECTOR ( 'NONE', #510, 1000.000000000000000 ) ;
#136 = CARTESIAN_POINT ( 'NONE',  ( 0.000000000000000000, 1.000000000000000000, 1.000000000000000888 ) ) ;
#137 = VECTOR ( 'NONE', #401, 1000.000000000000000 ) ;
#138 = PLANE ( 'NONE',  #481 ) ;
#139 = AXIS2_PLACEMENT_3D ( 'NONE', #1552, #428, #824 ) ;
#140 = ORIENTED_EDGE ( 'NONE', *, *, #446, .T. ) ;
#141 = FACE_OUTER_BOUND ( 'NONE', #2072, .T. ) ;
#142 = CIRCLE ( 'NONE', #214, 1.000000000000000888 ) ;
#143 = CIRCLE ( 'NONE', #985, 1.000000000000000888 ) ;
#144 = VERTEX_POINT ( 'NONE', #1999 ) ;
#145 = ORIENTED_EDGE ( 'NONE', *, *, #1567, .F. ) ;
#146 = CARTESIAN_POINT ( 'NONE',  ( 39.50000000000000000, 6.200000000000003730, 9.899999999999996803 ) ) ;
#147 = DIRECTION ( 'NONE',  ( -1.000000000000000000, 0.000000000000000000, -0.000000000000000000 ) ) ;
#148 = LINE ( 'NONE', #2181, #391 ) ;
#149 = EDGE_CURVE ( 'NONE', #2007, #2100, #541, .T. ) ;
#150 = CARTESIAN_POINT ( 'NONE',  ( 24.00000000000000000, 12.00000000000000355, 21.59999999999999787 ) ) ;
#151 = DIRECTION ( 'NONE',  ( 0.000000000000000000, 0.000000000000000000, -1.000000000000000000 ) ) ;
#152 = ORIENTED_EDGE ( 'NONE', *, *, #613, .F. ) ;
#153 =( GEOMETRIC_REPRESENTATION_CONTEXT ( 3 ) GLOBAL_UNCERTAINTY_ASSIGNED_CONTEXT ( ( #532 ) ) GLOBAL_UNIT_ASSIGNED_CONTEXT ( ( #106, #1556, #673 ) ) REPRESENTATION_CONTEXT ( 'NONE', 'WORKASPACE' ) );
#154 = EDGE_LOOP ( 'NONE', ( #866, #116, #1368, #569 ) ) ;
#155 = CARTESIAN_POINT ( 'NONE',  ( 14.00000000000000000, 2.000000000000000000, 22.00000000000000000 ) ) ;
#156 = VERTEX_POINT ( 'NONE', #1801 ) ;
#157 = FACE_OUTER_BOUND ( 'NONE', #1134, .T. ) ;
#158 = CARTESIAN_POINT ( 'NONE',  ( 27.19999999999999929, 4.000000000000000000, 21.59999999999999787 ) ) ;
#159 = LINE ( 'NONE', #1612, #1364 ) ;
#160 = LINE ( 'NONE', #1267, #2051 ) ;
#161 = ORIENTED_EDGE ( 'NONE', *, *, #666, .T. ) ;
#162 = CYLINDRICAL_SURFACE ( 'NONE', #47, 1.000000000000000888 ) ;
#163 = EDGE_CURVE ( 'NONE', #211, #250, #2349, .T. ) ;
#164 = DIRECTION ( 'NONE',  ( 1.000000000000000000, -0.000000000000000000, 0.000000000000000000 ) ) ;
#165 = DIRECTION ( 'NONE',  ( 0.000000000000000000, 0.000000000000000000, 1.000000000000000000 ) ) ;
#166 = ADVANCED_FACE ( 'NONE', ( #1432 ), #1080, .T. ) ;
#167 = CARTESIAN_POINT ( 'NONE',  ( 52.00000000000000000, 1.000000000000000000, 1.000000000000000888 ) ) ;
#168 = VECTOR ( 'NONE', #23, 1000.000000000000000 ) ;
#169 = DIRECTION ( 'NONE',  ( -1.000000000000000000, 0.000000000000000000, 0.000000000000000000 ) ) ;
#170 = ORIENTED_EDGE ( 'NONE', *, *, #2347, .F. ) ;
#171 = AXIS2_PLACEMENT_3D ( 'NONE', #1190, #2301, #1356 ) ;
#172 = VECTOR ( 'NONE', #282, 1000.000000000000000 ) ;
#173 = VECTOR ( 'NONE', #332, 1000.000000000000000 ) ;
#174 = CARTESIAN_POINT ( 'NONE',  ( 28.00000000000000000, 2.000000000000000000, 19.00000000000000000 ) ) ;
#175 = AXIS2_PLACEMENT_3D ( 'NONE', #228, #44, #1223 ) ;
#176 = EDGE_CURVE ( 'NONE', #774, #369, #1397, .T. ) ;
#177 = AXIS2_PLACEMENT_3D ( 'NONE', #1055, #1788, #1390 ) ;
#178 = DIRECTION ( 'NONE',  ( 1.000000000000000000, -0.000000000000000000, -0.000000000000000000 ) ) ;
#179 = LINE ( 'NONE', #146, #299 ) ;
#180 = VECTOR ( 'NONE', #407, 1000.000000000000000 ) ;
#181 = DIRECTION ( 'NONE',  ( -0.000000000000000000, 4.336808689942017736E-16, 1.000000000000000000 ) ) ;
#182 = DIRECTION ( 'NONE',  ( 0.000000000000000000, 1.000000000000000000, 0.000000000000000000 ) ) ;
#183 = EDGE_LOOP ( 'NONE', ( #649, #305, #565, #71 ) ) ;
#184 = EDGE_CURVE ( 'NONE', #2348, #880, #104, .T. ) ;
#185 = DIRECTION ( 'NONE',  ( 0.000000000000000000, -1.000000000000000000, 0.000000000000000000 ) ) ;
#186 = ORIENTED_EDGE ( 'NONE', *, *, #506, .T. ) ;
#187 = DIRECTION ( 'NONE',  ( 1.000000000000000000, 0.000000000000000000, 0.000000000000000000 ) ) ;
#188 = ORIENTED_EDGE ( 'NONE', *, *, #2224, .F. ) ;
#189 = LINE ( 'NONE', #1448, #2056 ) ;
#190 = DIRECTION ( 'NONE',  ( 1.000000000000000000, 0.000000000000000000, 0.000000000000000000 ) ) ;
#191 = PLANE ( 'NONE',  #1623 ) ;
#192 = EDGE_LOOP ( 'NONE', ( #1185, #1721, #1596, #1622 ) ) ;
#193 = EDGE_CURVE ( 'NONE', #2111, #774, #1376, .T. ) ;
#194 = EDGE_CURVE ( 'NONE', #880, #1004, #1551, .T. ) ;
#195 = FACE_BOUND ( 'NONE', #1187, .T. ) ;
#196 = ORIENTED_EDGE ( 'NONE', *, *, #1509, .F. ) ;
#197 = CARTESIAN_POINT ( 'NONE',  ( 2.000000000000000000, 2.000000000000000000, 11.00000000000000000 ) ) ;
#198 = ADVANCED_FACE ( 'NONE', ( #2295 ), #312, .T. ) ;
#199 = ORIENTED_EDGE ( 'NONE', *, *, #1072, .T. ) ;
#200 = CARTESIAN_POINT ( 'NONE',  ( 48.50000000000000000, 6.200000000000001954, 9.899999999999996803 ) ) ;
#201 = CARTESIAN_POINT ( 'NONE',  ( 13.99999999999999822, 12.00000000000000355, 9.000000000000000000 ) ) ;
#202 = DIRECTION ( 'NONE',  ( 0.000000000000000000, 0.000000000000000000, -1.000000000000000000 ) ) ;
#203 = EDGE_LOOP ( 'NONE', ( #1537, #2350, #1249 ) ) ;
#204 = ADVANCED_FACE ( 'NONE', ( #141 ), #2306, .F. ) ;
#205 =( BOUNDED_CURVE ( )  B_SPLINE_CURVE ( 3, ( #1843, #4, #1854, #2221 ),
 .UNSPECIFIED., .F., .F. ) 
 B_SPLINE_CURVE_WITH_KNOTS ( ( 4, 4 ),
 ( 3.141592653589793116, 4.712388980384689674 ),
 .UNSPECIFIED. ) 
 CURVE ( )  GEOMETRIC_REPRESENTATION_ITEM ( )  RATIONAL_B_SPLINE_CURVE ( ( 1.000000000000000000, 0.8047378541243649375, 0.8047378541243649375, 1.000000000000000000 ) ) 
 REPRESENTATION_ITEM ( '' )  );
#206 = AXIS2_PLACEMENT_3D ( 'NONE', #688, #88, #1786 ) ;
#207 = ADVANCED_FACE ( 'NONE', ( #2138 ), #2108, .T. ) ;
#208 = VECTOR ( 'NONE', #1975, 1000.000000000000000 ) ;
#209 = PLANE ( 'NONE',  #360 ) ;
#210 = VECTOR ( 'NONE', #2290, 1000.000000000000000 ) ;
#211 = VERTEX_POINT ( 'NONE', #1415 ) ;
#212 = DIRECTION ( 'NONE',  ( 1.000000000000000000, -0.000000000000000000, 0.000000000000000000 ) ) ;
#213 = ADVANCED_FACE ( 'NONE', ( #127, #624, #459, #2151 ), #1054, .F. ) ;
#214 = AXIS2_PLACEMENT_3D ( 'NONE', #1033, #1226, #1762 ) ;
#215 = ORIENTED_EDGE ( 'NONE', *, *, #1312, .F. ) ;
#216 = CONICAL_SURFACE ( 'NONE', #1862, 0.7999999999999951594, 0.4993467216801329434 ) ;
#217 = CARTESIAN_POINT ( 'NONE',  ( 0.000000000000000000, 12.99999999999999822, 11.00000000000000000 ) ) ;
#218 = DIRECTION ( 'NONE',  ( 0.000000000000000000, -1.000000000000000000, 0.000000000000000000 ) ) ;
#219 = ADVANCED_FACE ( 'NONE', ( #1569, #862 ), #1182, .T. ) ;
#220 = DIRECTION ( 'NONE',  ( -0.000000000000000000, 4.336808689942017736E-16, 1.000000000000000000 ) ) ;
#221 = ORIENTED_EDGE ( 'NONE', *, *, #1804, .T. ) ;
#222 = FACE_OUTER_BOUND ( 'NONE', #2233, .T. ) ;
#223 = ORIENTED_EDGE ( 'NONE', *, *, #399, .T. ) ;
#224 = DIRECTION ( 'NONE',  ( 0.000000000000000000, 0.000000000000000000, -1.000000000000000000 ) ) ;
#225 = ORIENTED_EDGE ( 'NONE', *, *, #259, .T. ) ;
#226 = VERTEX_POINT ( 'NONE', #850 ) ;
#227 = CARTESIAN_POINT ( 'NONE',  ( 28.00000000000000000, 12.00000000000000355, 21.59999999999999787 ) ) ;
#228 = CARTESIAN_POINT ( 'NONE',  ( 1.000000000000000000, 12.99999999999999822, 9.999999999999998224 ) ) ;
#229 = LINE ( 'NONE', #1523, #2131 ) ;
#230 = VERTEX_POINT ( 'NONE', #1969 ) ;
#231 = ADVANCED_FACE ( 'NONE', ( #878, #1606 ), #1362, .T. ) ;
#232 = EDGE_LOOP ( 'NONE', ( #42, #326, #2360, #1589 ) ) ;
#233 = DIRECTION ( 'NONE',  ( -1.000000000000000000, 0.000000000000000000, -0.000000000000000000 ) ) ;
#234 = VERTEX_POINT ( 'NONE', #1730 ) ;
#235 = CARTESIAN_POINT ( 'NONE',  ( 38.00000000000000000, 1.000000000000000000, 22.00000000000000000 ) ) ;
#236 = ORIENTED_EDGE ( 'NONE', *, *, #715, .T. ) ;
#237 = ORIENTED_EDGE ( 'NONE', *, *, #2345, .F. ) ;
#238 = EDGE_CURVE ( 'NONE', #3, #226, #1578, .T. ) ;
#239 = CARTESIAN_POINT ( 'NONE',  ( 48.50000000000000000, 6.999999999999998224, 10.99999999999999645 ) ) ;
#240 = DIRECTION ( 'NONE',  ( -1.000000000000000000, -0.000000000000000000, -0.000000000000000000 ) ) ;
#241 = CARTESIAN_POINT ( 'NONE',  ( 28.00000000000000000, 2.000000000000000000, 19.00000000000000000 ) ) ;
#242 = EDGE_CURVE ( 'NONE', #540, #1866, #1016, .T. ) ;
#243 = ORIENTED_EDGE ( 'NONE', *, *, #1164, .T. ) ;
#244 = ADVANCED_BREP_SHAPE_REPRESENTATION ( 'fingercap_1', ( #1501, #956 ), #153 ) ;
#245 = CIRCLE ( 'NONE', #10, 2.000000000000000000 ) ;
#246 = EDGE_LOOP ( 'NONE', ( #1194, #1461, #335, #273 ) ) ;
#247 = EDGE_LOOP ( 'NONE', ( #699, #1701 ) ) ;
#248 = VECTOR ( 'NONE', #615, 1000.000000000000000 ) ;
#249 = EDGE_CURVE ( 'NONE', #931, #1311, #1688, .T. ) ;
#250 = VERTEX_POINT ( 'NONE', #1400 ) ;
#251 = ORIENTED_EDGE ( 'NONE', *, *, #2112, .F. ) ;
#252 = CIRCLE ( 'NONE', #1593, 1.000000000000000000 ) ;
#253 = CARTESIAN_POINT ( 'NONE',  ( 1.000000000000000000, 12.99999999999999822, 0.000000000000000000 ) ) ;
#254 = LINE ( 'NONE', #651, #248 ) ;
#255 = LINE ( 'NONE', #1924, #903 ) ;
#256 = DIRECTION ( 'NONE',  ( 0.000000000000000000, -1.000000000000000000, 0.000000000000000000 ) ) ;
#257 = AXIS2_PLACEMENT_3D ( 'NONE', #1620, #1837, #545 ) ;
#258 = AXIS2_PLACEMENT_3D ( 'NONE', #693, #2188, #518 ) ;
#259 = EDGE_CURVE ( 'NONE', #1200, #1104, #1225, .T. ) ;
#260 = EDGE_LOOP ( 'NONE', ( #1693, #1694, #1332, #1529, #1493, #494, #1763, #1708, #1957, #1229 ) ) ;
#261 = SURFACE_STYLE_FILL_AREA ( #784 ) ;
#262 = ORIENTED_EDGE ( 'NONE', *, *, #1300, .F. ) ;
#263 = ORIENTED_EDGE ( 'NONE', *, *, #76, .F. ) ;
#264 = ORIENTED_EDGE ( 'NONE', *, *, #176, .F. ) ;
#265 = CARTESIAN_POINT ( 'NONE',  ( 28.00000000000000000, 2.000000000000000000, 21.59999999999999787 ) ) ;
#266 = DIRECTION ( 'NONE',  ( 1.000000000000000000, 0.000000000000000000, 0.000000000000000000 ) ) ;
#267 = DIRECTION ( 'NONE',  ( 0.000000000000000000, -8.673617379884035472E-16, -1.000000000000000000 ) ) ;
#268 = DIRECTION ( 'NONE',  ( 0.000000000000000000, 0.000000000000000000, 1.000000000000000000 ) ) ;
#269 = EDGE_CURVE ( 'NONE', #2111, #790, #1684, .T. ) ;
#270 = VERTEX_POINT ( 'NONE', #2090 ) ;
#271 = DIRECTION ( 'NONE',  ( -1.000000000000000000, 0.000000000000000000, 0.000000000000000000 ) ) ;
#272 = EDGE_LOOP ( 'NONE', ( #1399, #1905, #1558, #1594 ) ) ;
#273 = ORIENTED_EDGE ( 'NONE', *, *, #1030, .F. ) ;
#274 = ADVANCED_FACE ( 'NONE', ( #1371 ), #832, .F. ) ;
#275 = ORIENTED_EDGE ( 'NONE', *, *, #2004, .F. ) ;
#276 = FACE_OUTER_BOUND ( 'NONE', #2086, .T. ) ;
#277 = FACE_OUTER_BOUND ( 'NONE', #403, .T. ) ;
#278 = DIRECTION ( 'NONE',  ( 0.000000000000000000, 0.000000000000000000, -1.000000000000000000 ) ) ;
#279 = DIRECTION ( 'NONE',  ( 1.000000000000000000, 0.000000000000000000, 0.000000000000000000 ) ) ;
#280 = ADVANCED_FACE ( 'NONE', ( #468 ), #616, .T. ) ;
#281 = LINE ( 'NONE', #1636, #2245 ) ;
#282 = DIRECTION ( 'NONE',  ( -0.000000000000000000, -0.000000000000000000, 1.000000000000000000 ) ) ;
#283 = LINE ( 'NONE', #105, #2053 ) ;
#284 = EDGE_CURVE ( 'NONE', #668, #2352, #2104, .T. ) ;
#285 = ORIENTED_EDGE ( 'NONE', *, *, #635, .F. ) ;
#286 = ORIENTED_EDGE ( 'NONE', *, *, #502, .T. ) ;
#287 = ORIENTED_EDGE ( 'NONE', *, *, #2224, .T. ) ;
#288 = AXIS2_PLACEMENT_3D ( 'NONE', #858, #483, #256 ) ;
#289 = AXIS2_PLACEMENT_3D ( 'NONE', #2185, #271, #1928 ) ;
#290 = ADVANCED_FACE ( 'NONE', ( #1026 ), #1383, .T. ) ;
#291 = LINE ( 'NONE', #122, #1327 ) ;
#292 = CIRCLE ( 'NONE', #1549, 1.199999999999999734 ) ;
#293 = CARTESIAN_POINT ( 'NONE',  ( 0.000000000000000000, 11.99999999999999822, 11.00000000000000000 ) ) ;
#294 = DIRECTION ( 'NONE',  ( -0.000000000000000000, 4.336808689942017736E-16, 1.000000000000000000 ) ) ;
#295 = DIRECTION ( 'NONE',  ( 0.000000000000000000, 0.000000000000000000, -1.000000000000000000 ) ) ;
#296 = FACE_OUTER_BOUND ( 'NONE', #1790, .T. ) ;
#297 = CIRCLE ( 'NONE', #1986, 1.399999999999999245 ) ;
#298 = AXIS2_PLACEMENT_3D ( 'NONE', #766, #1139, #1659 ) ;
#299 = VECTOR ( 'NONE', #1638, 1000.000000000000114 ) ;
#300 = ORIENTED_EDGE ( 'NONE', *, *, #399, .F. ) ;
#301 = CARTESIAN_POINT ( 'NONE',  ( 0.000000000000000000, 12.99999999999999822, 11.00000000000000000 ) ) ;
#302 = DIRECTION ( 'NONE',  ( -1.000000000000000000, 0.000000000000000000, -0.000000000000000000 ) ) ;
#303 = LINE ( 'NONE', #852, #2001 ) ;
#304 = ORIENTED_EDGE ( 'NONE', *, *, #1642, .T. ) ;
#305 = ORIENTED_EDGE ( 'NONE', *, *, #808, .T. ) ;
#306 = LINE ( 'NONE', #1723, #2141 ) ;
#307 = FACE_OUTER_BOUND ( 'NONE', #1129, .T. ) ;
#308 = DIRECTION ( 'NONE',  ( -1.000000000000000000, 0.000000000000000000, 0.000000000000000000 ) ) ;
#309 = DIRECTION ( 'NONE',  ( -1.000000000000000000, 0.000000000000000000, -0.000000000000000000 ) ) ;
#310 = EDGE_CURVE ( 'NONE', #983, #1414, #1981, .T. ) ;
#311 = ORIENTED_EDGE ( 'NONE', *, *, #893, .T. ) ;
#312 = CYLINDRICAL_SURFACE ( 'NONE', #206, 1.000000000000000000 ) ;
#313 = FACE_OUTER_BOUND ( 'NONE', #232, .T. ) ;
#314 = ORIENTED_EDGE ( 'NONE', *, *, #176, .T. ) ;
#315 = ORIENTED_EDGE ( 'NONE', *, *, #715, .F. ) ;
#316 = DIRECTION ( 'NONE',  ( -0.000000000000000000, 1.000000000000000000, -0.000000000000000000 ) ) ;
#317 = SPHERICAL_SURFACE ( 'NONE', #95, 1.000000000000000000 ) ;
#318 = CARTESIAN_POINT ( 'NONE',  ( 12.50000000000000178, 6.200000000000001066, 9.899999999999996803 ) ) ;
#319 = CARTESIAN_POINT ( 'NONE',  ( 0.000000000000000000, 0.000000000000000000, 19.00000000000000000 ) ) ;
#320 = CARTESIAN_POINT ( 'NONE',  ( 49.99999999999999289, 2.000000000000000000, 11.00000000000000000 ) ) ;
#321 = ORIENTED_EDGE ( 'NONE', *, *, #2078, .T. ) ;
#322 = CARTESIAN_POINT ( 'NONE',  ( 0.000000000000000000, 0.000000000000000000, 21.59999999999999787 ) ) ;
#323 = CYLINDRICAL_SURFACE ( 'NONE', #982, 1.000000000000000888 ) ;
#324 = ORIENTED_EDGE ( 'NONE', *, *, #31, .F. ) ;
#325 = AXIS2_PLACEMENT_3D ( 'NONE', #806, #1506, #424 ) ;
#326 = ORIENTED_EDGE ( 'NONE', *, *, #2229, .T. ) ;
#327 = LINE ( 'NONE', #916, #1176 ) ;
#328 = PLANE ( 'NONE',  #2249 ) ;
#329 = EDGE_CURVE ( 'NONE', #648, #108, #255, .T. ) ;
#330 = DIRECTION ( 'NONE',  ( 1.000000000000000000, 0.000000000000000000, 0.000000000000000000 ) ) ;
#331 = CARTESIAN_POINT ( 'NONE',  ( 38.00000000000000711, 13.58578643762690419, 10.99999999999999822 ) ) ;
#332 = DIRECTION ( 'NONE',  ( 0.000000000000000000, 0.000000000000000000, -1.000000000000000000 ) ) ;
#333 = AXIS2_PLACEMENT_3D ( 'NONE', #319, #2328, #309 ) ;
#334 = CIRCLE ( 'NONE', #487, 1.000000000000000888 ) ;
#335 = ORIENTED_EDGE ( 'NONE', *, *, #1337, .F. ) ;
#336 = DIRECTION ( 'NONE',  ( -1.000000000000000000, -0.000000000000000000, -0.000000000000000000 ) ) ;
#337 = AXIS2_PLACEMENT_3D ( 'NONE', #1123, #2071, #1146 ) ;
#338 = VERTEX_POINT ( 'NONE', #2288 ) ;
#339 = LINE ( 'NONE', #537, #442 ) ;
#340 = CARTESIAN_POINT ( 'NONE',  ( 24.00000000000000000, 6.000000000000000000, 21.59999999999999787 ) ) ;
#341 = DIRECTION ( 'NONE',  ( -0.000000000000000000, 1.000000000000000000, -0.000000000000000000 ) ) ;
#342 = CARTESIAN_POINT ( 'NONE',  ( 38.00000000000000711, 12.99999999999999822, 22.00000000000000000 ) ) ;
#343 = ORIENTED_EDGE ( 'NONE', *, *, #918, .T. ) ;
#344 = FACE_OUTER_BOUND ( 'NONE', #2238, .T. ) ;
#345 = LINE ( 'NONE', #2198, #102 ) ;
#346 = DIRECTION ( 'NONE',  ( 0.000000000000000000, -0.4788521306805711975, 0.8778955729143855802 ) ) ;
#347 = DIRECTION ( 'NONE',  ( 0.000000000000000000, -1.000000000000000000, 0.000000000000000000 ) ) ;
#348 = DIRECTION ( 'NONE',  ( -0.000000000000000000, 4.336808689942017736E-16, 1.000000000000000000 ) ) ;
#349 = ORIENTED_EDGE ( 'NONE', *, *, #2237, .F. ) ;
#350 = DIRECTION ( 'NONE',  ( 0.000000000000000000, 0.000000000000000000, 1.000000000000000000 ) ) ;
#351 = LINE ( 'NONE', #1850, #1628 ) ;
#352 = FACE_OUTER_BOUND ( 'NONE', #272, .T. ) ;
#353 = AXIS2_PLACEMENT_3D ( 'NONE', #322, #1915, #1002 ) ;
#354 = ADVANCED_FACE ( 'NONE', ( #1756 ), #1533, .T. ) ;
#355 = CARTESIAN_POINT ( 'NONE',  ( 41.99999999999999289, 7.000000000000000000, 9.000000000000000000 ) ) ;
#356 = CYLINDRICAL_SURFACE ( 'NONE', #1018, 1.000000000000000000 ) ;
#357 = ORIENTED_EDGE ( 'NONE', *, *, #1722, .T. ) ;
#358 = VECTOR ( 'NONE', #1590, 1000.000000000000000 ) ;
#359 = CARTESIAN_POINT ( 'NONE',  ( 13.99999999999999822, 12.00000000000000355, 11.00000000000000000 ) ) ;
#360 = AXIS2_PLACEMENT_3D ( 'NONE', #542, #1841, #27 ) ;
#361 = AXIS2_PLACEMENT_3D ( 'NONE', #1993, #341, #1077 ) ;
#362 = FACE_OUTER_BOUND ( 'NONE', #1949, .T. ) ;
#363 = ORIENTED_EDGE ( 'NONE', *, *, #367, .F. ) ;
#364 = DIRECTION ( 'NONE',  ( -1.000000000000000000, 0.000000000000000000, 0.000000000000000000 ) ) ;
#365 = VECTOR ( 'NONE', #133, 1000.000000000000000 ) ;
#366 = CARTESIAN_POINT ( 'NONE',  ( 14.00000000000000000, 1.000000000000000888, 22.00000000000000000 ) ) ;
#367 = EDGE_CURVE ( 'NONE', #1785, #56, #821, .T. ) ;
#368 = LINE ( 'NONE', #1838, #2174 ) ;
#369 = VERTEX_POINT ( 'NONE', #2276 ) ;
#370 = EDGE_CURVE ( 'NONE', #1473, #93, #1313, .T. ) ;
#371 = CARTESIAN_POINT ( 'NONE',  ( 0.000000000000000000, 12.99999999999999822, 9.999999999999998224 ) ) ;
#372 = VERTEX_POINT ( 'NONE', #2116 ) ;
#373 = CARTESIAN_POINT ( 'NONE',  ( 37.00000000000000711, 13.99999999999999822, 11.00000000000000000 ) ) ;
#374 = VERTEX_POINT ( 'NONE', #1936 ) ;
#375 = ADVANCED_FACE ( 'NONE', ( #1161 ), #1713, .F. ) ;
#376 = CARTESIAN_POINT ( 'NONE',  ( 48.50000000000000000, 6.999999999999997335, 9.899999999999996803 ) ) ;
#377 = CARTESIAN_POINT ( 'NONE',  ( 51.00000000000000000, 1.000000000000000000, 1.000000000000000888 ) ) ;
#378 = DIRECTION ( 'NONE',  ( 1.000000000000000000, 0.000000000000000000, 0.000000000000000000 ) ) ;
#379 = EDGE_CURVE ( 'NONE', #977, #2299, #8, .T. ) ;
#380 = EDGE_LOOP ( 'NONE', ( #1425, #934, #763, #145 ) ) ;
#381 = DIRECTION ( 'NONE',  ( 1.000000000000000000, 0.000000000000000000, 0.000000000000000000 ) ) ;
#382 = ORIENTED_EDGE ( 'NONE', *, *, #883, .F. ) ;
#383 = EDGE_CURVE ( 'NONE', #563, #1800, #2043, .T. ) ;
#384 = DIRECTION ( 'NONE',  ( 0.000000000000000000, 1.000000000000000000, 0.000000000000000000 ) ) ;
#385 = VERTEX_POINT ( 'NONE', #1128 ) ;
#386 = CARTESIAN_POINT ( 'NONE',  ( 1.000000000000000000, 12.99999999999999822, 9.999999999999998224 ) ) ;
#387 = LINE ( 'NONE', #1640, #2331 ) ;
#388 = DIRECTION ( 'NONE',  ( 0.000000000000000000, -1.000000000000000000, 0.000000000000000000 ) ) ;
#389 = ORIENTED_EDGE ( 'NONE', *, *, #628, .F. ) ;
#390 = CIRCLE ( 'NONE', #2241, 1.199999999999999734 ) ;
#391 = VECTOR ( 'NONE', #2003, 1000.000000000000000 ) ;
#392 = CYLINDRICAL_SURFACE ( 'NONE', #1595, 1.000000000000000888 ) ;
#393 = CIRCLE ( 'NONE', #175, 1.000000000000000000 ) ;
#394 = ORIENTED_EDGE ( 'NONE', *, *, #978, .F. ) ;
#395 = FACE_OUTER_BOUND ( 'NONE', #1524, .T. ) ;
#396 = AXIS2_PLACEMENT_3D ( 'NONE', #2190, #1827, #2356 ) ;
#397 = ORIENTED_EDGE ( 'NONE', *, *, #1770, .T. ) ;
#398 = VECTOR ( 'NONE', #21, 1000.000000000000114 ) ;
#399 = EDGE_CURVE ( 'NONE', #156, #825, #904, .T. ) ;
#400 = FACE_OUTER_BOUND ( 'NONE', #1572, .T. ) ;
#401 = DIRECTION ( 'NONE',  ( 1.000000000000000000, 0.000000000000000000, 0.000000000000000000 ) ) ;
#402 = CARTESIAN_POINT ( 'NONE',  ( 38.00000000000000711, 12.00000000000000355, 22.00000000000000000 ) ) ;
#403 = EDGE_LOOP ( 'NONE', ( #1851, #1042, #1484, #349 ) ) ;
#404 = ADVANCED_FACE ( 'NONE', ( #605 ), #1859, .F. ) ;
#405 = CARTESIAN_POINT ( 'NONE',  ( 0.000000000000000000, 0.000000000000000000, 9.999999999999998224 ) ) ;
#406 = ORIENTED_EDGE ( 'NONE', *, *, #1864, .T. ) ;
#407 = DIRECTION ( 'NONE',  ( 1.000000000000000000, 0.000000000000000000, 0.000000000000000000 ) ) ;
#408 = ORIENTED_EDGE ( 'NONE', *, *, #2385, .T. ) ;
#409 = ADVANCED_FACE ( 'NONE', ( #1662 ), #954, .T. ) ;
#410 = EDGE_LOOP ( 'NONE', ( #48, #1479, #1035, #992 ) ) ;
#411 = FACE_OUTER_BOUND ( 'NONE', #811, .T. ) ;
#412 = CARTESIAN_POINT ( 'NONE',  ( 1.000000000000000000, 1.000000000000000000, 1.000000000000000000 ) ) ;
#413 = CARTESIAN_POINT ( 'NONE',  ( 49.99999999999999289, 0.000000000000000000, 9.000000000000000000 ) ) ;
#414 = EDGE_LOOP ( 'NONE', ( #363, #514, #630 ) ) ;
#415 = ADVANCED_FACE ( 'NONE', ( #1650 ), #191, .F. ) ;
#416 = CARTESIAN_POINT ( 'NONE',  ( 24.80000000000000071, 10.00000000000000000, 11.99999999999999822 ) ) ;
#417 = CARTESIAN_POINT ( 'NONE',  ( 51.00000000000000000, 1.000000000000000000, 9.999999999999998224 ) ) ;
#418 = ORIENTED_EDGE ( 'NONE', *, *, #1347, .T. ) ;
#419 = LINE ( 'NONE', #1156, #1797 ) ;
#420 = EDGE_LOOP ( 'NONE', ( #1997, #36, #1436, #860 ) ) ;
#421 = ORIENTED_EDGE ( 'NONE', *, *, #1056, .F. ) ;
#422 = FACE_OUTER_BOUND ( 'NONE', #1961, .T. ) ;
#423 = DIRECTION ( 'NONE',  ( 0.000000000000000000, 1.000000000000000000, 0.000000000000000000 ) ) ;
#424 = DIRECTION ( 'NONE',  ( 0.000000000000000000, -1.000000000000000000, 0.000000000000000000 ) ) ;
#425 = DIRECTION ( 'NONE',  ( 0.000000000000000000, 0.000000000000000000, -1.000000000000000000 ) ) ;
#426 = VECTOR ( 'NONE', #425, 1000.000000000000000 ) ;
#427 = ORIENTED_EDGE ( 'NONE', *, *, #2095, .T. ) ;
#428 = DIRECTION ( 'NONE',  ( 0.000000000000000000, 1.000000000000000000, 0.000000000000000000 ) ) ;
#429 = VERTEX_POINT ( 'NONE', #794 ) ;
#430 = VECTOR ( 'NONE', #953, 1000.000000000000000 ) ;
#431 = DIRECTION ( 'NONE',  ( 0.000000000000000000, 0.000000000000000000, -1.000000000000000000 ) ) ;
#432 = EDGE_LOOP ( 'NONE', ( #2297, #958, #877, #588 ) ) ;
#433 = ORIENTED_EDGE ( 'NONE', *, *, #1041, .F. ) ;
#434 = CONICAL_SURFACE ( 'NONE', #2372, 0.8000000000000003775, 0.4993467216801305009 ) ;
#435 = SPHERICAL_SURFACE ( 'NONE', #2292, 1.000000000000000000 ) ;
#436 = VECTOR ( 'NONE', #608, 1000.000000000000000 ) ;
#437 = FACE_BOUND ( 'NONE', #631, .T. ) ;
#438 = DIRECTION ( 'NONE',  ( 0.000000000000000000, 0.000000000000000000, 1.000000000000000000 ) ) ;
#439 = FACE_BOUND ( 'NONE', #1450, .T. ) ;
#440 = VECTOR ( 'NONE', #727, 1000.000000000000000 ) ;
#441 = EDGE_CURVE ( 'NONE', #1311, #931, #390, .T. ) ;
#442 = VECTOR ( 'NONE', #1255, 1000.000000000000000 ) ;
#443 = EDGE_CURVE ( 'NONE', #540, #1276, #743, .T. ) ;
#444 = FACE_OUTER_BOUND ( 'NONE', #1430, .T. ) ;
#445 = CARTESIAN_POINT ( 'NONE',  ( 0.000000000000000000, 0.000000000000000000, 11.00000000000000000 ) ) ;
#446 = EDGE_CURVE ( 'NONE', #1331, #56, #577, .T. ) ;
#447 = DIRECTION ( 'NONE',  ( 1.000000000000000000, 0.000000000000000000, 0.000000000000000000 ) ) ;
#448 = ORIENTED_EDGE ( 'NONE', *, *, #1998, .T. ) ;
#449 = ORIENTED_EDGE ( 'NONE', *, *, #1300, .T. ) ;
#450 = ORIENTED_EDGE ( 'NONE', *, *, #1342, .F. ) ;
#451 = CARTESIAN_POINT ( 'NONE',  ( 24.00000000000000000, 8.000000000000000000, 21.59999999999999787 ) ) ;
#452 = CARTESIAN_POINT ( 'NONE',  ( 52.00000000000000000, 12.99999999999999822, 11.00000000000000000 ) ) ;
#453 = EDGE_CURVE ( 'NONE', #1393, #1950, #861, .T. ) ;
#454 = DIRECTION ( 'NONE',  ( 5.864247291028571951E-17, 0.4788521306805761935, 0.8778955729143828046 ) ) ;
#455 = CARTESIAN_POINT ( 'NONE',  ( 0.000000000000000000, 0.000000000000000000, 11.00000000000000000 ) ) ;
#456 = CARTESIAN_POINT ( 'NONE',  ( 38.00000000000000000, 2.000000000000000000, 9.000000000000000000 ) ) ;
#457 = EDGE_CURVE ( 'NONE', #2192, #211, #229, .T. ) ;
#458 = EDGE_LOOP ( 'NONE', ( #472, #2064 ) ) ;
#459 = FACE_BOUND ( 'NONE', #2222, .T. ) ;
#460 = ADVANCED_FACE ( 'NONE', ( #1142 ), #965, .T. ) ;
#461 = CARTESIAN_POINT ( 'NONE',  ( 37.00000000000000711, 12.99999999999999822, 22.00000000000000000 ) ) ;
#462 = ORIENTED_EDGE ( 'NONE', *, *, #485, .T. ) ;
#463 = EDGE_LOOP ( 'NONE', ( #923, #433, #315, #1581 ) ) ;
#464 = EDGE_LOOP ( 'NONE', ( #357, #1058, #2247, #943 ) ) ;
#465 = ADVANCED_FACE ( 'NONE', ( #1683 ), #1938, .F. ) ;
#466 = CARTESIAN_POINT ( 'NONE',  ( 37.00000000000000711, 13.99999999999999822, 9.999999999999998224 ) ) ;
#467 = CARTESIAN_POINT ( 'NONE',  ( 38.00000000000000711, 12.99999999999999822, 11.00000000000000000 ) ) ;
#468 = FACE_OUTER_BOUND ( 'NONE', #2085, .T. ) ;
#469 = PLANE ( 'NONE',  #1890 ) ;
#470 = DIRECTION ( 'NONE',  ( 0.000000000000000000, 0.000000000000000000, -1.000000000000000000 ) ) ;
#471 = VECTOR ( 'NONE', #350, 1000.000000000000000 ) ;
#472 = ORIENTED_EDGE ( 'NONE', *, *, #129, .T. ) ;
#473 = CARTESIAN_POINT ( 'NONE',  ( 0.000000000000000000, 0.000000000000000000, 19.00000000000000000 ) ) ;
#474 = LINE ( 'NONE', #1107, #2373 ) ;
#475 = CARTESIAN_POINT ( 'NONE',  ( 39.50000000000000000, 8.399999999999998579, 10.99999999999999645 ) ) ;
#476 = VECTOR ( 'NONE', #346, 1000.000000000000000 ) ;
#477 = ORIENTED_EDGE ( 'NONE', *, *, #1242, .T. ) ;
#478 = CIRCLE ( 'NONE', #865, 1.399999999999999245 ) ;
#479 = VERTEX_POINT ( 'NONE', #2227 ) ;
#480 = DIRECTION ( 'NONE',  ( 0.000000000000000000, 0.000000000000000000, -1.000000000000000000 ) ) ;
#481 = AXIS2_PLACEMENT_3D ( 'NONE', #1429, #2006, #522 ) ;
#482 = CARTESIAN_POINT ( 'NONE',  ( 37.00000000000000000, 1.000000000000000000, 22.00000000000000000 ) ) ;
#483 = DIRECTION ( 'NONE',  ( -0.000000000000000000, 4.336808689942017736E-16, 1.000000000000000000 ) ) ;
#484 = DIRECTION ( 'NONE',  ( -0.000000000000000000, 4.336808689942017736E-16, 1.000000000000000000 ) ) ;
#485 = EDGE_CURVE ( 'NONE', #774, #3, #2076, .T. ) ;
#486 = AXIS2_PLACEMENT_3D ( 'NONE', #1671, #767, #1150 ) ;
#487 = AXIS2_PLACEMENT_3D ( 'NONE', #2199, #1639, #1284 ) ;
#488 = VECTOR ( 'NONE', #598, 1000.000000000000000 ) ;
#489 = EDGE_LOOP ( 'NONE', ( #2197, #740, #389, #2311 ) ) ;
#490 = CARTESIAN_POINT ( 'NONE',  ( 26.00000000000000000, 10.00000000000000000, 19.00000000000000000 ) ) ;
#491 = CARTESIAN_POINT ( 'NONE',  ( 26.00000000000000000, 4.000000000000000000, 19.00000000000000000 ) ) ;
#492 = ADVANCED_FACE ( 'NONE', ( #1882 ), #2034, .F. ) ;
#493 = DIRECTION ( 'NONE',  ( 1.000000000000000000, 0.000000000000000000, 0.000000000000000000 ) ) ;
#494 = ORIENTED_EDGE ( 'NONE', *, *, #1994, .T. ) ;
#495 = ORIENTED_EDGE ( 'NONE', *, *, #1069, .F. ) ;
#496 = DIRECTION ( 'NONE',  ( -0.000000000000000000, 4.336808689942017736E-16, 1.000000000000000000 ) ) ;
#497 = ADVANCED_FACE ( 'NONE', ( #1335 ), #2067, .T. ) ;
#498 = PLANE ( 'NONE',  #94 ) ;
#499 = CARTESIAN_POINT ( 'NONE',  ( 12.50000000000000178, 7.000000000000002665, 9.899999999999996803 ) ) ;
#500 = CARTESIAN_POINT ( 'NONE',  ( 2.000000000000000000, 0.000000000000000000, 0.000000000000000000 ) ) ;
#501 = LINE ( 'NONE', #320, #2088 ) ;
#502 = EDGE_CURVE ( 'NONE', #578, #1754, #1257, .T. ) ;
#503 = EDGE_LOOP ( 'NONE', ( #1834, #1324, #68, #1387 ) ) ;
#504 = DIRECTION ( 'NONE',  ( -1.000000000000000000, 0.000000000000000000, -0.000000000000000000 ) ) ;
#505 = DIRECTION ( 'NONE',  ( 1.000000000000000000, 0.000000000000000000, 0.000000000000000000 ) ) ;
#506 = EDGE_CURVE ( 'NONE', #372, #1015, #1163, .T. ) ;
#507 = ORIENTED_EDGE ( 'NONE', *, *, #643, .T. ) ;
#508 = ORIENTED_EDGE ( 'NONE', *, *, #1661, .T. ) ;
#509 = DIRECTION ( 'NONE',  ( 0.000000000000000000, 0.000000000000000000, -1.000000000000000000 ) ) ;
#510 = DIRECTION ( 'NONE',  ( -0.000000000000000000, -0.000000000000000000, 1.000000000000000000 ) ) ;
#511 = CARTESIAN_POINT ( 'NONE',  ( 49.99999999999999289, 0.000000000000000000, -0.000000000000000000 ) ) ;
#512 = CARTESIAN_POINT ( 'NONE',  ( 49.99999999999999289, 2.000000000000000000, 9.000000000000000000 ) ) ;
#513 = PRODUCT ( 'fingercap_1', 'fingercap_1', '', ( #1918 ) ) ;
#514 = ORIENTED_EDGE ( 'NONE', *, *, #1337, .T. ) ;
#515 = CARTESIAN_POINT ( 'NONE',  ( 51.00000000000000000, 1.000000000000000000, 0.000000000000000000 ) ) ;
#516 = AXIS2_PLACEMENT_3D ( 'NONE', #1064, #2147, #906 ) ;
#517 = ORIENTED_EDGE ( 'NONE', *, *, #1661, .F. ) ;
#518 = DIRECTION ( 'NONE',  ( 0.000000000000000000, 0.000000000000000000, 1.000000000000000000 ) ) ;
#519 = DIRECTION ( 'NONE',  ( 1.000000000000000000, 0.000000000000000000, 0.000000000000000000 ) ) ;
#520 = AXIS2_PLACEMENT_3D ( 'NONE', #695, #1976, #330 ) ;
#521 = DIRECTION ( 'NONE',  ( -0.000000000000000000, 0.000000000000000000, -1.000000000000000000 ) ) ;
#522 = DIRECTION ( 'NONE',  ( 0.000000000000000000, 0.000000000000000000, 1.000000000000000000 ) ) ;
#523 = VECTOR ( 'NONE', #562, 1000.000000000000000 ) ;
#524 = ORIENTED_EDGE ( 'NONE', *, *, #1066, .F. ) ;
#525 = CIRCLE ( 'NONE', #361, 1.000000000000000888 ) ;
#526 = CARTESIAN_POINT ( 'NONE',  ( 1.000000000000000000, 1.000000000000000000, 9.999999999999998224 ) ) ;
#527 = ADVANCED_FACE ( 'NONE', ( #2364 ), #1075, .F. ) ;
#528 = FACE_BOUND ( 'NONE', #2057, .T. ) ;
#529 = CARTESIAN_POINT ( 'NONE',  ( 24.80000000000000071, 4.000000000000000000, 19.00000000000000000 ) ) ;
#530 = DIRECTION ( 'NONE',  ( 0.000000000000000000, 0.000000000000000000, -1.000000000000000000 ) ) ;
#531 = CARTESIAN_POINT ( 'NONE',  ( 1.000000000000000000, 0.000000000000000000, 9.999999999999998224 ) ) ;
#532 = UNCERTAINTY_MEASURE_WITH_UNIT (LENGTH_MEASURE( 1.000000000000000082E-05 ), #106, 'distance_accuracy_value', 'NONE');
#533 = ORIENTED_EDGE ( 'NONE', *, *, #2319, .F. ) ;
#534 = CARTESIAN_POINT ( 'NONE',  ( 13.99999999999999822, 12.00000000000000355, 11.00000000000000000 ) ) ;
#535 = EDGE_CURVE ( 'NONE', #1960, #1197, #1849, .T. ) ;
#536 = PLANE ( 'NONE',  #100 ) ;
#537 = CARTESIAN_POINT ( 'NONE',  ( 38.00000000000000000, 2.000000000000000000, 11.00000000000000000 ) ) ;
#538 = DIRECTION ( 'NONE',  ( 1.000000000000000000, 0.000000000000000000, 0.000000000000000000 ) ) ;
#539 = CARTESIAN_POINT ( 'NONE',  ( 52.00000000000000000, 1.000000000000000000, 11.00000000000000000 ) ) ;
#540 = VERTEX_POINT ( 'NONE', #713 ) ;
#541 = LINE ( 'NONE', #2370, #1434 ) ;
#542 = CARTESIAN_POINT ( 'NONE',  ( 0.000000000000000000, 0.000000000000000000, 0.000000000000000000 ) ) ;
#543 = ORIENTED_EDGE ( 'NONE', *, *, #1779, .F. ) ;
#544 = CARTESIAN_POINT ( 'NONE',  ( 10.00000000000000000, 7.000000000000000000, 9.000000000000000000 ) ) ;
#545 = DIRECTION ( 'NONE',  ( -1.000000000000000000, 0.000000000000000000, 0.000000000000000000 ) ) ;
#546 = AXIS2_PLACEMENT_3D ( 'NONE', #1954, #1937, #2303 ) ;
#547 = DIRECTION ( 'NONE',  ( -0.000000000000000000, 4.336808689942017736E-16, 1.000000000000000000 ) ) ;
#548 = EDGE_CURVE ( 'NONE', #338, #554, #245, .T. ) ;
#549 = ORIENTED_EDGE ( 'NONE', *, *, #1787, .T. ) ;
#550 = CIRCLE ( 'NONE', #1892, 1.399999999999998579 ) ;
#551 = AXIS2_PLACEMENT_3D ( 'NONE', #947, #570, #447 ) ;
#552 = AXIS2_PLACEMENT_3D ( 'NONE', #1796, #181, #347 ) ;
#553 = DIRECTION ( 'NONE',  ( 0.000000000000000000, 0.000000000000000000, -1.000000000000000000 ) ) ;
#554 = VERTEX_POINT ( 'NONE', #2167 ) ;
#555 = DIRECTION ( 'NONE',  ( 0.000000000000000000, 0.000000000000000000, -1.000000000000000000 ) ) ;
#556 = CIRCLE ( 'NONE', #1793, 1.399999999999998579 ) ;
#557 = ORIENTED_EDGE ( 'NONE', *, *, #951, .T. ) ;
#558 = DIRECTION ( 'NONE',  ( 0.000000000000000000, -1.000000000000000000, 0.000000000000000000 ) ) ;
#559 = CARTESIAN_POINT ( 'NONE',  ( 49.99999999999999289, 11.99999999999999822, 11.00000000000000000 ) ) ;
#560 = DIRECTION ( 'NONE',  ( -0.000000000000000000, 4.336808689942017736E-16, 1.000000000000000000 ) ) ;
#561 = ORIENTED_EDGE ( 'NONE', *, *, #2195, .F. ) ;
#562 = DIRECTION ( 'NONE',  ( -0.000000000000000000, -0.000000000000000000, -1.000000000000000000 ) ) ;
#563 = VERTEX_POINT ( 'NONE', #896 ) ;
#564 = LINE ( 'NONE', #197, #1829 ) ;
#565 = ORIENTED_EDGE ( 'NONE', *, *, #1815, .T. ) ;
#566 = FACE_BOUND ( 'NONE', #2060, .T. ) ;
#567 = LINE ( 'NONE', #1308, #717 ) ;
#568 = DIRECTION ( 'NONE',  ( 0.000000000000000000, -1.000000000000000000, 0.000000000000000000 ) ) ;
#569 = ORIENTED_EDGE ( 'NONE', *, *, #1164, .F. ) ;
#570 = DIRECTION ( 'NONE',  ( 0.000000000000000000, 0.000000000000000000, 1.000000000000000000 ) ) ;
#571 = EDGE_LOOP ( 'NONE', ( #188, #170, #757, #2029 ) ) ;
#572 = CARTESIAN_POINT ( 'NONE',  ( 24.00000000000000000, 8.000000000000000000, 19.00000000000000000 ) ) ;
#573 = VERTEX_POINT ( 'NONE', #158 ) ;
#574 = AXIS2_PLACEMENT_3D ( 'NONE', #473, #1210, #1239 ) ;
#575 = DIRECTION ( 'NONE',  ( 0.000000000000000000, -1.000000000000000000, 0.000000000000000000 ) ) ;
#576 = CARTESIAN_POINT ( 'NONE',  ( 8.000000000000000000, 7.000000000000000000, 9.000000000000000000 ) ) ;
#577 = LINE ( 'NONE', #768, #1741 ) ;
#578 = VERTEX_POINT ( 'NONE', #1780 ) ;
#579 = ADVANCED_FACE ( 'NONE', ( #703 ), #1819, .F. ) ;
#580 = AXIS2_PLACEMENT_3D ( 'NONE', #1298, #975, #202 ) ;
#581 = VECTOR ( 'NONE', #103, 1000.000000000000000 ) ;
#582 = AXIS2_PLACEMENT_3D ( 'NONE', #1422, #182, #1248 ) ;
#583 = DIRECTION ( 'NONE',  ( 0.000000000000000000, 0.000000000000000000, 1.000000000000000000 ) ) ;
#584 = ORIENTED_EDGE ( 'NONE', *, *, #848, .F. ) ;
#585 = CARTESIAN_POINT ( 'NONE',  ( 3.500000000000000888, 7.800000000000005151, 10.99999999999999645 ) ) ;
#586 = CIRCLE ( 'NONE', #1704, 1.000000000000000888 ) ;
#587 = VERTEX_POINT ( 'NONE', #529 ) ;
#588 = ORIENTED_EDGE ( 'NONE', *, *, #457, .T. ) ;
#589 = VECTOR ( 'NONE', #2114, 1000.000000000000000 ) ;
#590 = CYLINDRICAL_SURFACE ( 'NONE', #2093, 0.8000000000000020428 ) ;
#591 = DIRECTION ( 'NONE',  ( 0.000000000000000000, 0.000000000000000000, 1.000000000000000000 ) ) ;
#592 = EDGE_CURVE ( 'NONE', #773, #2255, #1964, .T. ) ;
#593 = CARTESIAN_POINT ( 'NONE',  ( 26.00000000000000000, 4.000000000000000000, 11.99999999999999822 ) ) ;
#594 = ORIENTED_EDGE ( 'NONE', *, *, #370, .T. ) ;
#595 = LINE ( 'NONE', #1927, #938 ) ;
#596 = DIRECTION ( 'NONE',  ( 1.000000000000000000, 0.000000000000000000, 0.000000000000000000 ) ) ;
#597 = ORIENTED_EDGE ( 'NONE', *, *, #781, .T. ) ;
#598 = DIRECTION ( 'NONE',  ( -8.673617379884021667E-16, -1.000000000000000000, 0.000000000000000000 ) ) ;
#599 = EDGE_CURVE ( 'NONE', #1760, #230, #1049, .T. ) ;
#600 = ORIENTED_EDGE ( 'NONE', *, *, #249, .F. ) ;
#601 = AXIS2_PLACEMENT_3D ( 'NONE', #2030, #610, #1186 ) ;
#602 = ORIENTED_EDGE ( 'NONE', *, *, #1153, .T. ) ;
#603 = LINE ( 'NONE', #1307, #752 ) ;
#604 = DIRECTION ( 'NONE',  ( 5.864247291028571951E-17, 0.4788521306805761935, 0.8778955729143828046 ) ) ;
#605 = FACE_OUTER_BOUND ( 'NONE', #920, .T. ) ;
#606 = ORIENTED_EDGE ( 'NONE', *, *, #1512, .F. ) ;
#607 = ORIENTED_EDGE ( 'NONE', *, *, #951, .F. ) ;
#608 = DIRECTION ( 'NONE',  ( 1.000000000000000000, -0.000000000000000000, -0.000000000000000000 ) ) ;
#609 = ORIENTED_EDGE ( 'NONE', *, *, #1921, .T. ) ;
#610 = DIRECTION ( 'NONE',  ( -0.000000000000000000, 4.336808689942017736E-16, 1.000000000000000000 ) ) ;
#611 = EDGE_LOOP ( 'NONE', ( #1802, #2208, #1571, #223 ) ) ;
#612 = ORIENTED_EDGE ( 'NONE', *, *, #1306, .F. ) ;
#613 = EDGE_CURVE ( 'NONE', #868, #234, #148, .T. ) ;
#614 = DIRECTION ( 'NONE',  ( -1.000000000000000000, 0.000000000000000000, 0.000000000000000000 ) ) ;
#615 = DIRECTION ( 'NONE',  ( -0.000000000000000000, -1.000000000000000000, -0.000000000000000000 ) ) ;
#616 = CYLINDRICAL_SURFACE ( 'NONE', #1014, 1.000000000000000000 ) ;
#617 = DIRECTION ( 'NONE',  ( -1.000000000000000000, 0.000000000000000000, -0.000000000000000000 ) ) ;
#618 = EDGE_CURVE ( 'NONE', #2192, #1109, #1427, .T. ) ;
#619 = EDGE_CURVE ( 'NONE', #2100, #230, #820, .T. ) ;
#620 = CLOSED_SHELL ( 'NONE', ( #204, #1967, #803, #2013, #404, #2173, #2351, #465, #1102, #527, #14, #2157, #1604, #1277, #914, #836, #290, #1386, #818, #497, #492, #1652, #213, #706, #721, #1359, #1832, #1057, #961, #901, #1736, #1897, #725, #751, #2082, #1952, #1728, #1561, #415, #1646, #274, #2119, #863, #1269, #219, #1264, #932, #579, #1811, #1466, #1874, #659, #375, #1271, #49, #926, #1980, #1452, #409, #1374, #2176, #796, #2028, #1580, #1019, #280, #2212, #207, #460, #166, #354, #1985, #1947, #2359, #1691, #198, #1910, #1540, #1310, #1316, #231 ) ) ;
#621 = AXIS2_PLACEMENT_3D ( 'NONE', #987, #423, #110 ) ;
#622 = CIRCLE ( 'NONE', #1699, 1.199999999999999734 ) ;
#623 = VERTEX_POINT ( 'NONE', #1421 ) ;
#624 = FACE_BOUND ( 'NONE', #247, .T. ) ;
#625 = FACE_OUTER_BOUND ( 'NONE', #779, .T. ) ;
#626 = ORIENTED_EDGE ( 'NONE', *, *, #883, .T. ) ;
#627 = AXIS2_PLACEMENT_3D ( 'NONE', #1236, #348, #1782 ) ;
#628 = EDGE_CURVE ( 'NONE', #1104, #70, #885, .T. ) ;
#629 = CARTESIAN_POINT ( 'NONE',  ( 1.000000000000000000, 0.000000000000000000, 9.999999999999998224 ) ) ;
#630 = ORIENTED_EDGE ( 'NONE', *, *, #1119, .F. ) ;
#631 = EDGE_LOOP ( 'NONE', ( #584, #1354, #984, #343 ) ) ;
#632 = CIRCLE ( 'NONE', #2207, 1.000000000000000000 ) ;
#633 = LINE ( 'NONE', #2145, #64 ) ;
#634 = AXIS2_PLACEMENT_3D ( 'NONE', #1856, #792, #2264 ) ;
#635 = EDGE_CURVE ( 'NONE', #827, #3, #1852, .T. ) ;
#636 = PLANE ( 'NONE',  #621 ) ;
#637 = CARTESIAN_POINT ( 'NONE',  ( 1.000000000000000000, 1.000000000000000000, 1.000000000000000000 ) ) ;
#638 = DIRECTION ( 'NONE',  ( 0.000000000000000000, 0.000000000000000000, 1.000000000000000000 ) ) ;
#639 = VECTOR ( 'NONE', #1355, 1000.000000000000000 ) ;
#640 = CARTESIAN_POINT ( 'NONE',  ( 0.000000000000000000, 11.99999999999999822, 9.000000000000000000 ) ) ;
#641 = EDGE_CURVE ( 'NONE', #936, #1154, #1768, .T. ) ;
#642 = CIRCLE ( 'NONE', #1995, 0.8000000000000003775 ) ;
#643 = EDGE_CURVE ( 'NONE', #77, #773, #1360, .T. ) ;
#644 = LINE ( 'NONE', #416, #581 ) ;
#645 = CARTESIAN_POINT ( 'NONE',  ( 0.000000000000000000, 12.99999999999999822, 11.00000000000000000 ) ) ;
#646 = CARTESIAN_POINT ( 'NONE',  ( 39.50000000000000000, 5.600000000000000533, 10.99999999999999645 ) ) ;
#647 = EDGE_LOOP ( 'NONE', ( #462, #994, #524, #418, #275, #1686 ) ) ;
#648 = VERTEX_POINT ( 'NONE', #2289 ) ;
#649 = ORIENTED_EDGE ( 'NONE', *, *, #310, .F. ) ;
#650 = CARTESIAN_POINT ( 'NONE',  ( 51.00000000000000000, 12.99999999999999822, 9.999999999999998224 ) ) ;
#651 = CARTESIAN_POINT ( 'NONE',  ( 24.00000000000000000, 2.000000000000000000, 19.00000000000000000 ) ) ;
#652 = DIRECTION ( 'NONE',  ( 0.000000000000000000, -1.000000000000000000, 0.000000000000000000 ) ) ;
#653 = FACE_BOUND ( 'NONE', #2248, .T. ) ;
#654 = DIRECTION ( 'NONE',  ( -1.000000000000000000, 0.000000000000000000, -0.000000000000000000 ) ) ;
#655 = ORIENTED_EDGE ( 'NONE', *, *, #1720, .F. ) ;
#656 = DIRECTION ( 'NONE',  ( 0.000000000000000000, 0.000000000000000000, -1.000000000000000000 ) ) ;
#657 = DIRECTION ( 'NONE',  ( 0.000000000000000000, -0.000000000000000000, -1.000000000000000000 ) ) ;
#658 = DIRECTION ( 'NONE',  ( 0.000000000000000000, 0.000000000000000000, 1.000000000000000000 ) ) ;
#659 = ADVANCED_FACE ( 'NONE', ( #1010 ), #2016, .F. ) ;
#660 = EDGE_LOOP ( 'NONE', ( #2358, #1378, #1181, #263 ) ) ;
#661 = ORIENTED_EDGE ( 'NONE', *, *, #2168, .T. ) ;
#662 = CARTESIAN_POINT ( 'NONE',  ( 0.000000000000000000, 12.99999999999999822, 9.999999999999998224 ) ) ;
#663 = LINE ( 'NONE', #452, #907 ) ;
#664 = DIRECTION ( 'NONE',  ( 0.000000000000000000, 1.000000000000000000, 0.000000000000000000 ) ) ;
#665 = FACE_BOUND ( 'NONE', #2283, .T. ) ;
#666 = EDGE_CURVE ( 'NONE', #93, #1473, #2284, .T. ) ;
#667 = VECTOR ( 'NONE', #1945, 1000.000000000000000 ) ;
#668 = VERTEX_POINT ( 'NONE', #1162 ) ;
#669 = DIRECTION ( 'NONE',  ( -0.000000000000000000, 1.000000000000000000, -0.000000000000000000 ) ) ;
#670 = PLANE ( 'NONE',  #911 ) ;
#671 = APPLICATION_CONTEXT ( 'automotive_design' ) ;
#672 = EDGE_CURVE ( 'NONE', #795, #1276, #675, .T. ) ;
#673 =( NAMED_UNIT ( * ) SI_UNIT ( $, .STERADIAN. ) SOLID_ANGLE_UNIT ( ) );
#674 = ORIENTED_EDGE ( 'NONE', *, *, #1460, .T. ) ;
#675 = CIRCLE ( 'NONE', #1942, 1.000000000000000000 ) ;
#676 = VECTOR ( 'NONE', #1748, 1000.000000000000000 ) ;
#677 = EDGE_LOOP ( 'NONE', ( #321, #25, #1842, #2063, #1844, #311 ) ) ;
#678 = CARTESIAN_POINT ( 'NONE',  ( 51.00000000000000000, 0.000000000000000000, 9.999999999999998224 ) ) ;
#679 = AXIS2_PLACEMENT_3D ( 'NONE', #576, #2226, #190 ) ;
#680 = CARTESIAN_POINT ( 'NONE',  ( 51.00000000000000000, 12.99999999999999822, 1.000000000000000000 ) ) ;
#681 = CARTESIAN_POINT ( 'NONE',  ( 28.00000000000000000, 2.000000000000000000, 19.00000000000000000 ) ) ;
#682 = CYLINDRICAL_SURFACE ( 'NONE', #58, 1.000000000000000888 ) ;
#683 = CIRCLE ( 'NONE', #1747, 1.000000000000000888 ) ;
#684 = EDGE_CURVE ( 'NONE', #2142, #554, #1740, .T. ) ;
#685 = CARTESIAN_POINT ( 'NONE',  ( 28.00000000000000000, 2.000000000000000000, 19.00000000000000000 ) ) ;
#686 = AXIS2_PLACEMENT_3D ( 'NONE', #1363, #2098, #2109 ) ;
#687 = VERTEX_POINT ( 'NONE', #1925 ) ;
#688 = CARTESIAN_POINT ( 'NONE',  ( 0.000000000000000000, 12.99999999999999822, 1.000000000000000888 ) ) ;
#689 = CYLINDRICAL_SURFACE ( 'NONE', #2336, 1.199999999999999734 ) ;
#690 = ORIENTED_EDGE ( 'NONE', *, *, #1389, .T. ) ;
#691 = EDGE_CURVE ( 'NONE', #980, #2111, #1714, .T. ) ;
#692 = VERTEX_POINT ( 'NONE', #75 ) ;
#693 = CARTESIAN_POINT ( 'NONE',  ( 51.00000000000000000, 12.99999999999999822, 9.999999999999998224 ) ) ;
#694 = CARTESIAN_POINT ( 'NONE',  ( 24.00000000000000000, 8.000000000000000000, 19.00000000000000000 ) ) ;
#695 = CARTESIAN_POINT ( 'NONE',  ( 44.00000000000000000, 7.000000000000000000, 11.00000000000000000 ) ) ;
#696 = LINE ( 'NONE', #1275, #944 ) ;
#697 = ORIENTED_EDGE ( 'NONE', *, *, #1903, .F. ) ;
#698 = LINE ( 'NONE', #155, #1745 ) ;
#699 = ORIENTED_EDGE ( 'NONE', *, *, #1921, .F. ) ;
#700 = DIRECTION ( 'NONE',  ( -0.000000000000000000, 4.336808689942017736E-16, 1.000000000000000000 ) ) ;
#701 = CARTESIAN_POINT ( 'NONE',  ( 14.00000000000000000, 1.000000000000000888, 22.00000000000000000 ) ) ;
#702 = EDGE_CURVE ( 'NONE', #1754, #1367, #807, .T. ) ;
#703 = FACE_OUTER_BOUND ( 'NONE', #15, .T. ) ;
#704 = DIRECTION ( 'NONE',  ( -0.000000000000000000, 1.000000000000000000, 0.000000000000000000 ) ) ;
#705 = DIRECTION ( 'NONE',  ( -1.000000000000000000, 0.000000000000000000, 0.000000000000000000 ) ) ;
#706 = ADVANCED_FACE ( 'NONE', ( #1221, #833, #1726, #1534 ), #2277, .F. ) ;
#707 = ORIENTED_EDGE ( 'NONE', *, *, #2263, .F. ) ;
#708 = ORIENTED_EDGE ( 'NONE', *, *, #194, .F. ) ;
#709 = LINE ( 'NONE', #1444, #53 ) ;
#710 = EDGE_CURVE ( 'NONE', #1617, #578, #2117, .T. ) ;
#711 = ORIENTED_EDGE ( 'NONE', *, *, #65, .F. ) ;
#712 = LINE ( 'NONE', #2179, #2338 ) ;
#713 = CARTESIAN_POINT ( 'NONE',  ( 1.000000000000000000, 1.000000000000000000, 0.000000000000000000 ) ) ;
#714 = VECTOR ( 'NONE', #664, 1000.000000000000000 ) ;
#715 = EDGE_CURVE ( 'NONE', #1866, #144, #2329, .T. ) ;
#716 = CYLINDRICAL_SURFACE ( 'NONE', #61, 1.000000000000000000 ) ;
#717 = VECTOR ( 'NONE', #746, 1000.000000000000000 ) ;
#718 = CARTESIAN_POINT ( 'NONE',  ( 52.00000000000000000, 12.99999999999999822, 9.999999999999998224 ) ) ;
#719 = AXIS2_PLACEMENT_3D ( 'NONE', #2132, #2118, #279 ) ;
#720 = ORIENTED_EDGE ( 'NONE', *, *, #1041, .T. ) ;
#721 = ADVANCED_FACE ( 'NONE', ( #439, #1384, #653, #1192 ), #469, .T. ) ;
#722 = VECTOR ( 'NONE', #1916, 1000.000000000000000 ) ;
#723 = DIRECTION ( 'NONE',  ( -0.000000000000000000, -0.000000000000000000, 1.000000000000000000 ) ) ;
#724 = VECTOR ( 'NONE', #905, 1000.000000000000000 ) ;
#725 = ADVANCED_FACE ( 'NONE', ( #1180 ), #846, .T. ) ;
#726 = CARTESIAN_POINT ( 'NONE',  ( 51.00000000000000000, 0.000000000000000000, 11.00000000000000000 ) ) ;
#727 = DIRECTION ( 'NONE',  ( -0.000000000000000000, -0.000000000000000000, -1.000000000000000000 ) ) ;
#728 = CARTESIAN_POINT ( 'NONE',  ( 2.000000000000000000, 0.000000000000000000, 11.00000000000000000 ) ) ;
#729 = DIRECTION ( 'NONE',  ( 0.000000000000000000, -0.4788521306805732514, 0.8778955729143844700 ) ) ;
#730 = ORIENTED_EDGE ( 'NONE', *, *, #2310, .T. ) ;
#731 = CARTESIAN_POINT ( 'NONE',  ( 13.99999999999999822, 12.00000000000000355, 22.00000000000000000 ) ) ;
#732 = FACE_OUTER_BOUND ( 'NONE', #1158, .T. ) ;
#733 = CYLINDRICAL_SURFACE ( 'NONE', #2094, 1.199999999999999734 ) ;
#734 = EDGE_CURVE ( 'NONE', #374, #648, #1783, .T. ) ;
#735 = DIRECTION ( 'NONE',  ( -0.000000000000000000, -0.000000000000000000, 1.000000000000000000 ) ) ;
#736 = CARTESIAN_POINT ( 'NONE',  ( 24.00000000000000000, 2.000000000000000000, 19.00000000000000000 ) ) ;
#737 = ORIENTED_EDGE ( 'NONE', *, *, #1987, .F. ) ;
#738 = EDGE_CURVE ( 'NONE', #1167, #1200, #2105, .T. ) ;
#739 = CARTESIAN_POINT ( 'NONE',  ( 12.50000000000000178, 7.000000000000002665, 9.899999999999996803 ) ) ;
#740 = ORIENTED_EDGE ( 'NONE', *, *, #2371, .F. ) ;
#741 = CARTESIAN_POINT ( 'NONE',  ( 39.50000000000000000, 6.200000000000004619, 10.99999999999999645 ) ) ;
#742 = ORIENTED_EDGE ( 'NONE', *, *, #63, .F. ) ;
#743 = CIRCLE ( 'NONE', #580, 1.000000000000000000 ) ;
#744 = PLANE ( 'NONE',  #788 ) ;
#745 = VECTOR ( 'NONE', #638, 1000.000000000000000 ) ;
#746 = DIRECTION ( 'NONE',  ( -1.000000000000000000, 0.000000000000000000, 0.000000000000000000 ) ) ;
#747 = DIRECTION ( 'NONE',  ( 0.000000000000000000, 0.000000000000000000, -1.000000000000000000 ) ) ;
#748 = ORIENTED_EDGE ( 'NONE', *, *, #879, .F. ) ;
#749 = AXIS2_PLACEMENT_3D ( 'NONE', #1996, #1067, #919 ) ;
#750 = AXIS2_PLACEMENT_3D ( 'NONE', #847, #1769, #125 ) ;
#751 = ADVANCED_FACE ( 'NONE', ( #843, #437 ), #2129, .T. ) ;
#752 = VECTOR ( 'NONE', #2223, 1000.000000000000000 ) ;
#753 = AXIS2_PLACEMENT_3D ( 'NONE', #1061, #1990, #1455 ) ;
#754 = DIRECTION ( 'NONE',  ( -1.000000000000000000, 0.000000000000000000, 0.000000000000000000 ) ) ;
#755 = ORIENTED_EDGE ( 'NONE', *, *, #2000, .F. ) ;
#756 = LINE ( 'NONE', #16, #1991 ) ;
#757 = ORIENTED_EDGE ( 'NONE', *, *, #329, .T. ) ;
#758 = FACE_OUTER_BOUND ( 'NONE', #1869, .T. ) ;
#759 = CARTESIAN_POINT ( 'NONE',  ( 38.00000000000000000, 0.000000000000000000, 22.00000000000000000 ) ) ;
#760 = DIRECTION ( 'NONE',  ( 0.000000000000000000, 1.000000000000000000, 0.000000000000000000 ) ) ;
#761 = ORIENTED_EDGE ( 'NONE', *, *, #966, .T. ) ;
#762 = CARTESIAN_POINT ( 'NONE',  ( 24.80000000000000071, 4.000000000000000000, 21.59999999999999787 ) ) ;
#763 = ORIENTED_EDGE ( 'NONE', *, *, #2168, .F. ) ;
#764 = CARTESIAN_POINT ( 'NONE',  ( 51.00000000000000000, 12.99999999999999822, 11.00000000000000000 ) ) ;
#765 = VERTEX_POINT ( 'NONE', #1025 ) ;
#766 = CARTESIAN_POINT ( 'NONE',  ( 0.000000000000000000, 2.000000000000000000, 11.00000000000000000 ) ) ;
#767 = DIRECTION ( 'NONE',  ( -0.000000000000000000, 4.336808689942017736E-16, 1.000000000000000000 ) ) ;
#768 = CARTESIAN_POINT ( 'NONE',  ( 51.00000000000000000, 0.000000000000000000, 0.000000000000000000 ) ) ;
#769 = ORIENTED_EDGE ( 'NONE', *, *, #2143, .F. ) ;
#770 = CARTESIAN_POINT ( 'NONE',  ( 13.99999999999999822, 12.00000000000000355, 22.00000000000000000 ) ) ;
#771 = ORIENTED_EDGE ( 'NONE', *, *, #2143, .T. ) ;
#772 = CARTESIAN_POINT ( 'NONE',  ( 28.00000000000000000, 8.000000000000000000, 19.00000000000000000 ) ) ;
#773 = VERTEX_POINT ( 'NONE', #1698 ) ;
#774 = VERTEX_POINT ( 'NONE', #974 ) ;
#775 = AXIS2_PLACEMENT_3D ( 'NONE', #2097, #2121, #1043 ) ;
#776 = DIRECTION ( 'NONE',  ( 0.000000000000000000, 0.000000000000000000, -1.000000000000000000 ) ) ;
#777 = CARTESIAN_POINT ( 'NONE',  ( 38.00000000000000711, 12.00000000000000355, 22.00000000000000000 ) ) ;
#778 = DIRECTION ( 'NONE',  ( 0.000000000000000000, -1.000000000000000000, 0.000000000000000000 ) ) ;
#779 = EDGE_LOOP ( 'NONE', ( #1855, #1454, #1917, #2068 ) ) ;
#780 = VECTOR ( 'NONE', #454, 1000.000000000000000 ) ;
#781 = EDGE_CURVE ( 'NONE', #2150, #1167, #254, .T. ) ;
#782 = AXIS2_PLACEMENT_3D ( 'NONE', #2012, #2191, #169 ) ;
#783 = ORIENTED_EDGE ( 'NONE', *, *, #1141, .T. ) ;
#784 = FILL_AREA_STYLE ('',( #2059 ) ) ;
#785 = VECTOR ( 'NONE', #1940, 1000.000000000000000 ) ;
#786 = ORIENTED_EDGE ( 'NONE', *, *, #2195, .T. ) ;
#787 = LINE ( 'NONE', #235, #2180 ) ;
#788 = AXIS2_PLACEMENT_3D ( 'NONE', #728, #538, #530 ) ;
#789 = ORIENTED_EDGE ( 'NONE', *, *, #1348, .F. ) ;
#790 = VERTEX_POINT ( 'NONE', #1724 ) ;
#791 = AXIS2_PLACEMENT_3D ( 'NONE', #662, #1934, #829 ) ;
#792 = DIRECTION ( 'NONE',  ( 1.000000000000000000, 0.000000000000000000, 0.000000000000000000 ) ) ;
#793 = PLANE ( 'NONE',  #1013 ) ;
#794 = CARTESIAN_POINT ( 'NONE',  ( 51.00000000000000000, 0.000000000000000000, 1.000000000000000888 ) ) ;
#795 = VERTEX_POINT ( 'NONE', #1712 ) ;
#796 = ADVANCED_FACE ( 'NONE', ( #59 ), #2287, .T. ) ;
#797 = EDGE_LOOP ( 'NONE', ( #186, #1046, #2220, #742 ) ) ;
#798 = DIRECTION ( 'NONE',  ( -1.000000000000000000, -7.228014483236695816E-17, 0.000000000000000000 ) ) ;
#799 = ORIENTED_EDGE ( 'NONE', *, *, #890, .T. ) ;
#800 = DIRECTION ( 'NONE',  ( -0.000000000000000000, -0.000000000000000000, 1.000000000000000000 ) ) ;
#801 = EDGE_LOOP ( 'NONE', ( #2044, #39, #1914, #2268 ) ) ;
#802 = ORIENTED_EDGE ( 'NONE', *, *, #1987, .T. ) ;
#803 = ADVANCED_FACE ( 'NONE', ( #277 ), #1178, .F. ) ;
#804 = CARTESIAN_POINT ( 'NONE',  ( 0.000000000000000000, 11.99999999999999822, 9.000000000000000000 ) ) ;
#805 = DIRECTION ( 'NONE',  ( -1.000000000000000000, 0.000000000000000000, 0.000000000000000000 ) ) ;
#806 = CARTESIAN_POINT ( 'NONE',  ( 48.50000000000000000, 6.999999999999998224, 10.99999999999999645 ) ) ;
#807 = LINE ( 'NONE', #98, #1433 ) ;
#808 = EDGE_CURVE ( 'NONE', #983, #825, #2275, .T. ) ;
#809 = ORIENTED_EDGE ( 'NONE', *, *, #2022, .T. ) ;
#810 = DIRECTION ( 'NONE',  ( -0.000000000000000000, -1.000000000000000000, -0.000000000000000000 ) ) ;
#811 = EDGE_LOOP ( 'NONE', ( #1152, #314, #1539 ) ) ;
#812 = ORIENTED_EDGE ( 'NONE', *, *, #618, .T. ) ;
#813 = ORIENTED_EDGE ( 'NONE', *, *, #310, .T. ) ;
#814 = DIRECTION ( 'NONE',  ( 1.000000000000000000, 0.000000000000000000, 0.000000000000000000 ) ) ;
#815 = DIRECTION ( 'NONE',  ( -1.000000000000000000, 0.000000000000000000, 0.000000000000000000 ) ) ;
#816 = DIRECTION ( 'NONE',  ( 0.000000000000000000, -1.000000000000000000, 0.000000000000000000 ) ) ;
#817 = CARTESIAN_POINT ( 'NONE',  ( 0.000000000000000000, 0.000000000000000000, 9.999999999999998224 ) ) ;
#818 = ADVANCED_FACE ( 'NONE', ( #1345 ), #636, .T. ) ;
#819 = AXIS2_PLACEMENT_3D ( 'NONE', #2158, #1619, #1246 ) ;
#820 = CIRCLE ( 'NONE', #520, 2.000000000000001776 ) ;
#821 = CIRCLE ( 'NONE', #1011, 1.000000000000000000 ) ;
#822 = ORIENTED_EDGE ( 'NONE', *, *, #1642, .F. ) ;
#823 = CARTESIAN_POINT ( 'NONE',  ( 0.000000000000000000, 1.000000000000000000, 11.00000000000000000 ) ) ;
#824 = DIRECTION ( 'NONE',  ( -1.000000000000000000, 0.000000000000000000, 0.000000000000000000 ) ) ;
#825 = VERTEX_POINT ( 'NONE', #1370 ) ;
#826 = ORIENTED_EDGE ( 'NONE', *, *, #1512, .T. ) ;
#827 = VERTEX_POINT ( 'NONE', #2103 ) ;
#828 = AXIS2_PLACEMENT_3D ( 'NONE', #417, #657, #596 ) ;
#829 = DIRECTION ( 'NONE',  ( 0.000000000000000000, 0.000000000000000000, 1.000000000000000000 ) ) ;
#830 = VECTOR ( 'NONE', #1707, 1000.000000000000000 ) ;
#831 = DIRECTION ( 'NONE',  ( 0.000000000000000000, -8.673617379884035472E-16, -1.000000000000000000 ) ) ;
#832 = PLANE ( 'NONE',  #1822 ) ;
#833 = FACE_BOUND ( 'NONE', #1499, .T. ) ;
#834 = VECTOR ( 'NONE', #1692, 1000.000000000000000 ) ;
#835 = DIRECTION ( 'NONE',  ( -0.000000000000000000, 0.000000000000000000, -1.000000000000000000 ) ) ;
#836 = ADVANCED_FACE ( 'NONE', ( #73 ), #793, .T. ) ;
#837 = ORIENTED_EDGE ( 'NONE', *, *, #1547, .T. ) ;
#838 = DIRECTION ( 'NONE',  ( 0.000000000000000000, 0.000000000000000000, -1.000000000000000000 ) ) ;
#839 = LINE ( 'NONE', #1377, #830 ) ;
#840 = ORIENTED_EDGE ( 'NONE', *, *, #446, .F. ) ;
#841 = EDGE_LOOP ( 'NONE', ( #2273, #80, #853, #2305 ) ) ;
#842 = CARTESIAN_POINT ( 'NONE',  ( 51.00000000000000000, 12.99999999999999822, 1.000000000000000000 ) ) ;
#843 = FACE_OUTER_BOUND ( 'NONE', #260, .T. ) ;
#844 = EDGE_CURVE ( 'NONE', #1118, #1015, #663, .T. ) ;
#845 = DIRECTION ( 'NONE',  ( -0.000000000000000000, 4.336808689942017736E-16, 1.000000000000000000 ) ) ;
#846 = PLANE ( 'NONE',  #1283 ) ;
#847 = CARTESIAN_POINT ( 'NONE',  ( 51.00000000000000000, 1.000000000000000000, 1.000000000000000888 ) ) ;
#848 = EDGE_CURVE ( 'NONE', #1907, #1771, #2075, .T. ) ;
#849 = ORIENTED_EDGE ( 'NONE', *, *, #1731, .T. ) ;
#850 = CARTESIAN_POINT ( 'NONE',  ( 14.00000000000000000, 1.000000000000000000, 11.00000000000000000 ) ) ;
#851 = CARTESIAN_POINT ( 'NONE',  ( 0.000000000000000000, 1.000000000000000000, 9.999999999999998224 ) ) ;
#852 = CARTESIAN_POINT ( 'NONE',  ( 48.50000000000000000, 7.799999999999993605, 10.99999999999999645 ) ) ;
#853 = ORIENTED_EDGE ( 'NONE', *, *, #2160, .T. ) ;
#854 = EDGE_CURVE ( 'NONE', #120, #1507, #1126, .T. ) ;
#855 = ORIENTED_EDGE ( 'NONE', *, *, #1715, .F. ) ;
#856 = DIRECTION ( 'NONE',  ( -0.000000000000000000, 4.336808689942017736E-16, 1.000000000000000000 ) ) ;
#857 = FACE_OUTER_BOUND ( 'NONE', #203, .T. ) ;
#858 = CARTESIAN_POINT ( 'NONE',  ( 39.50000000000000000, 6.999999999999999112, 8.999999999999996447 ) ) ;
#859 = LINE ( 'NONE', #726, #1943 ) ;
#860 = ORIENTED_EDGE ( 'NONE', *, *, #149, .F. ) ;
#861 = CIRCLE ( 'NONE', #2084, 1.000000000000000888 ) ;
#862 = FACE_OUTER_BOUND ( 'NONE', #154, .T. ) ;
#863 = ADVANCED_FACE ( 'NONE', ( #1893 ), #1008, .F. ) ;
#864 = LINE ( 'NONE', #1240, #2254 ) ;
#865 = AXIS2_PLACEMENT_3D ( 'NONE', #1778, #2326, #1584 ) ;
#866 = ORIENTED_EDGE ( 'NONE', *, *, #781, .F. ) ;
#867 = CIRCLE ( 'NONE', #2205, 0.7999999999999951594 ) ;
#868 = VERTEX_POINT ( 'NONE', #1923 ) ;
#869 = CARTESIAN_POINT ( 'NONE',  ( 27.19999999999999929, 10.00000000000000000, 11.99999999999999822 ) ) ;
#870 = AXIS2_PLACEMENT_3D ( 'NONE', #1193, #2383, #2242 ) ;
#871 = FACE_OUTER_BOUND ( 'NONE', #464, .T. ) ;
#872 = DIRECTION ( 'NONE',  ( -0.000000000000000000, -0.000000000000000000, 1.000000000000000000 ) ) ;
#873 = DIRECTION ( 'NONE',  ( -1.000000000000000000, 0.000000000000000000, 0.000000000000000000 ) ) ;
#874 = COLOUR_RGB ( '',0.7921568627450980005, 0.8196078431372548767, 0.9333333333333333481 ) ;
#875 = DIRECTION ( 'NONE',  ( 0.000000000000000000, -1.000000000000000000, 0.000000000000000000 ) ) ;
#876 = AXIS2_PLACEMENT_3D ( 'NONE', #1003, #1536, #2279 ) ;
#877 = ORIENTED_EDGE ( 'NONE', *, *, #618, .F. ) ;
#878 = FACE_OUTER_BOUND ( 'NONE', #489, .T. ) ;
#879 = EDGE_CURVE ( 'NONE', #2070, #226, #2035, .T. ) ;
#880 = VERTEX_POINT ( 'NONE', #467 ) ;
#881 = EDGE_LOOP ( 'NONE', ( #1930, #730, #761, #1518, #1889, #448 ) ) ;
#882 = FACE_OUTER_BOUND ( 'NONE', #660, .T. ) ;
#883 = EDGE_CURVE ( 'NONE', #1106, #623, #1503, .T. ) ;
#884 = LINE ( 'NONE', #701, #135 ) ;
#885 = LINE ( 'NONE', #340, #11 ) ;
#886 = EDGE_CURVE ( 'NONE', #1774, #692, #478, .T. ) ;
#887 = CARTESIAN_POINT ( 'NONE',  ( 3.500000000000000888, 8.400000000000003908, 10.99999999999999645 ) ) ;
#888 = DIRECTION ( 'NONE',  ( 0.000000000000000000, 0.000000000000000000, -1.000000000000000000 ) ) ;
#889 = VERTEX_POINT ( 'NONE', #1610 ) ;
#890 = EDGE_CURVE ( 'NONE', #995, #1331, #1093, .T. ) ;
#891 = ORIENTED_EDGE ( 'NONE', *, *, #628, .T. ) ;
#892 = LINE ( 'NONE', #359, #2239 ) ;
#893 = EDGE_CURVE ( 'NONE', #2201, #1393, #1794, .T. ) ;
#894 = ORIENTED_EDGE ( 'NONE', *, *, #1731, .F. ) ;
#895 = LINE ( 'NONE', #1597, #440 ) ;
#896 = CARTESIAN_POINT ( 'NONE',  ( 38.00000000000000000, 12.00000000000000000, 11.00000000000000000 ) ) ;
#897 = EDGE_CURVE ( 'NONE', #226, #1735, #884, .T. ) ;
#898 = DIRECTION ( 'NONE',  ( 0.000000000000000000, 0.000000000000000000, 1.000000000000000000 ) ) ;
#899 = DIRECTION ( 'NONE',  ( 0.000000000000000000, 0.000000000000000000, -1.000000000000000000 ) ) ;
#900 = ORIENTED_EDGE ( 'NONE', *, *, #641, .T. ) ;
#901 = ADVANCED_FACE ( 'NONE', ( #307 ), #498, .F. ) ;
#902 = CARTESIAN_POINT ( 'NONE',  ( 0.000000000000000000, 1.000000000000000000, 9.999999999999998224 ) ) ;
#903 = VECTOR ( 'NONE', #988, 1000.000000000000000 ) ;
#904 = CIRCLE ( 'NONE', #1978, 1.399999999999998579 ) ;
#905 = DIRECTION ( 'NONE',  ( 0.000000000000000000, 1.000000000000000000, 0.000000000000000000 ) ) ;
#906 = DIRECTION ( 'NONE',  ( 1.000000000000000000, 0.000000000000000000, 0.000000000000000000 ) ) ;
#907 = VECTOR ( 'NONE', #2265, 1000.000000000000000 ) ;
#908 = LINE ( 'NONE', #217, #1172 ) ;
#909 = DIRECTION ( 'NONE',  ( -1.000000000000000000, -0.000000000000000000, -0.000000000000000000 ) ) ;
#910 = ORIENTED_EDGE ( 'NONE', *, *, #2345, .T. ) ;
#911 = AXIS2_PLACEMENT_3D ( 'NONE', #1401, #1211, #302 ) ;
#912 = CARTESIAN_POINT ( 'NONE',  ( 26.00000000000000000, 4.000000000000000000, 21.59999999999999787 ) ) ;
#913 = VECTOR ( 'NONE', #2246, 1000.000000000000000 ) ;
#914 = ADVANCED_FACE ( 'NONE', ( #871 ), #328, .T. ) ;
#915 = CARTESIAN_POINT ( 'NONE',  ( 39.50000000000000000, 6.999999999999999112, 9.899999999999996803 ) ) ;
#916 = CARTESIAN_POINT ( 'NONE',  ( 52.00000000000000000, 0.000000000000000000, 9.999999999999998224 ) ) ;
#917 = DIRECTION ( 'NONE',  ( 1.000000000000000000, 1.445602896647339163E-16, -0.000000000000000000 ) ) ;
#918 = EDGE_CURVE ( 'NONE', #250, #1771, #1420, .T. ) ;
#919 = DIRECTION ( 'NONE',  ( 0.000000000000000000, -1.000000000000000000, 0.000000000000000000 ) ) ;
#920 = EDGE_LOOP ( 'NONE', ( #2257, #1799, #507, #561 ) ) ;
#921 = EDGE_CURVE ( 'NONE', #563, #1678, #123, .T. ) ;
#922 = LINE ( 'NONE', #1643, #523 ) ;
#923 = ORIENTED_EDGE ( 'NONE', *, *, #443, .T. ) ;
#924 = LINE ( 'NONE', #1293, #2294 ) ;
#925 = EDGE_LOOP ( 'NONE', ( #1614, #287, #1906, #132 ) ) ;
#926 = ADVANCED_FACE ( 'NONE', ( #857 ), #317, .T. ) ;
#927 = FACE_OUTER_BOUND ( 'NONE', #1361, .T. ) ;
#928 = EDGE_CURVE ( 'NONE', #270, #2070, #1963, .T. ) ;
#929 = LINE ( 'NONE', #7, #1896 ) ;
#930 = DIRECTION ( 'NONE',  ( -1.000000000000000000, 0.000000000000000000, 0.000000000000000000 ) ) ;
#931 = VERTEX_POINT ( 'NONE', #1631 ) ;
#932 = ADVANCED_FACE ( 'NONE', ( #1807 ), #2367, .F. ) ;
#933 = CARTESIAN_POINT ( 'NONE',  ( 24.00000000000000000, 2.000000000000000000, 19.00000000000000000 ) ) ;
#934 = ORIENTED_EDGE ( 'NONE', *, *, #238, .F. ) ;
#935 = DIRECTION ( 'NONE',  ( 1.000000000000000000, -0.000000000000000000, -0.000000000000000000 ) ) ;
#936 = VERTEX_POINT ( 'NONE', #685 ) ;
#937 = AXIS2_PLACEMENT_3D ( 'NONE', #1847, #220, #1151 ) ;
#938 = VECTOR ( 'NONE', #1338, 1000.000000000000000 ) ;
#939 = LINE ( 'NONE', #2032, #1472 ) ;
#940 = AXIS2_PLACEMENT_3D ( 'NONE', #293, #997, #1953 ) ;
#941 = DIRECTION ( 'NONE',  ( -0.000000000000000000, 4.336808689942017736E-16, 1.000000000000000000 ) ) ;
#942 = CARTESIAN_POINT ( 'NONE',  ( 15.00000000000000000, 12.99999999999999822, 22.00000000000000000 ) ) ;
#943 = ORIENTED_EDGE ( 'NONE', *, *, #2112, .T. ) ;
#944 = VECTOR ( 'NONE', #875, 1000.000000000000000 ) ;
#945 = CIRCLE ( 'NONE', #2175, 0.8000000000000020428 ) ;
#946 = CIRCLE ( 'NONE', #1663, 0.7999999999999951594 ) ;
#947 = CARTESIAN_POINT ( 'NONE',  ( 44.00000000000000000, 7.000000000000000000, 9.000000000000000000 ) ) ;
#948 = ORIENTED_EDGE ( 'NONE', *, *, #1522, .F. ) ;
#949 = CARTESIAN_POINT ( 'NONE',  ( 49.99999999999999289, 11.99999999999999822, 9.000000000000000000 ) ) ;
#950 = ORIENTED_EDGE ( 'NONE', *, *, #1441, .F. ) ;
#951 = EDGE_CURVE ( 'NONE', #108, #692, #2159, .T. ) ;
#952 = DIRECTION ( 'NONE',  ( 0.000000000000000000, 0.000000000000000000, 1.000000000000000000 ) ) ;
#953 = DIRECTION ( 'NONE',  ( -0.000000000000000000, -0.000000000000000000, 1.000000000000000000 ) ) ;
#954 = CYLINDRICAL_SURFACE ( 'NONE', #2366, 1.000000000000000888 ) ;
#955 = ORIENTED_EDGE ( 'NONE', *, *, #1216, .F. ) ;
#956 = AXIS2_PLACEMENT_3D ( 'NONE', #2281, #2083, #493 ) ;
#957 = CARTESIAN_POINT ( 'NONE',  ( 1.000000000000000000, 12.99999999999999822, 1.000000000000000888 ) ) ;
#958 = ORIENTED_EDGE ( 'NONE', *, *, #1052, .T. ) ;
#959 = DIRECTION ( 'NONE',  ( -0.000000000000000000, 4.336808689942017736E-16, 1.000000000000000000 ) ) ;
#960 = ORIENTED_EDGE ( 'NONE', *, *, #76, .T. ) ;
#961 = ADVANCED_FACE ( 'NONE', ( #1449 ), #138, .F. ) ;
#962 = ORIENTED_EDGE ( 'NONE', *, *, #844, .T. ) ;
#963 = DIRECTION ( 'NONE',  ( -1.000000000000000000, 0.000000000000000000, 0.000000000000000000 ) ) ;
#964 = CYLINDRICAL_SURFACE ( 'NONE', #679, 2.000000000000000000 ) ;
#965 = CYLINDRICAL_SURFACE ( 'NONE', #2323, 1.000000000000000888 ) ;
#966 = EDGE_CURVE ( 'NONE', #1735, #270, #1212, .T. ) ;
#967 = ORIENTED_EDGE ( 'NONE', *, *, #1132, .F. ) ;
#968 = ORIENTED_EDGE ( 'NONE', *, *, #1722, .F. ) ;
#969 = ORIENTED_EDGE ( 'NONE', *, *, #1475, .T. ) ;
#970 = CARTESIAN_POINT ( 'NONE',  ( 38.00000000000000711, 12.00000000000000355, 11.00000000000000000 ) ) ;
#971 = ORIENTED_EDGE ( 'NONE', *, *, #2123, .F. ) ;
#972 = EDGE_LOOP ( 'NONE', ( #1679, #1658 ) ) ;
#973 = DIRECTION ( 'NONE',  ( 0.000000000000000000, -1.000000000000000000, 0.000000000000000000 ) ) ;
#974 = CARTESIAN_POINT ( 'NONE',  ( 1.000000000000000000, 12.99999999999999822, 11.00000000000000000 ) ) ;
#975 = DIRECTION ( 'NONE',  ( 0.000000000000000000, 1.000000000000000000, 0.000000000000000000 ) ) ;
#976 = EDGE_LOOP ( 'NONE', ( #221, #2211, #1519, #900 ) ) ;
#977 = VERTEX_POINT ( 'NONE', #512 ) ;
#978 = EDGE_CURVE ( 'NONE', #1487, #2255, #1982, .T. ) ;
#979 = CIRCLE ( 'NONE', #1166, 1.199999999999999734 ) ;
#980 = VERTEX_POINT ( 'NONE', #2149 ) ;
#981 = SHAPE_DEFINITION_REPRESENTATION ( #1972, #244 ) ;
#982 = AXIS2_PLACEMENT_3D ( 'NONE', #851, #1579, #1970 ) ;
#983 = VERTEX_POINT ( 'NONE', #1798 ) ;
#984 = ORIENTED_EDGE ( 'NONE', *, *, #163, .T. ) ;
#985 = AXIS2_PLACEMENT_3D ( 'NONE', #1835, #364, #1263 ) ;
#986 = CYLINDRICAL_SURFACE ( 'NONE', #17, 0.7999999999999951594 ) ;
#987 = CARTESIAN_POINT ( 'NONE',  ( 24.00000000000000000, 6.000000000000000000, 19.00000000000000000 ) ) ;
#988 = DIRECTION ( 'NONE',  ( -0.000000000000000000, 4.336808689942017736E-16, 1.000000000000000000 ) ) ;
#989 = DIRECTION ( 'NONE',  ( -0.000000000000000000, 1.000000000000000000, -0.000000000000000000 ) ) ;
#990 = ORIENTED_EDGE ( 'NONE', *, *, #2319, .T. ) ;
#991 = LINE ( 'NONE', #1183, #722 ) ;
#992 = ORIENTED_EDGE ( 'NONE', *, *, #2229, .F. ) ;
#993 = APPLICATION_PROTOCOL_DEFINITION ( 'draft international standard', 'automotive_design', 1998, #671 ) ;
#994 = ORIENTED_EDGE ( 'NONE', *, *, #238, .T. ) ;
#995 = VERTEX_POINT ( 'NONE', #1260 ) ;
#996 = CARTESIAN_POINT ( 'NONE',  ( 37.00000000000000000, 0.000000000000000000, 9.999999999999998224 ) ) ;
#997 = DIRECTION ( 'NONE',  ( 0.000000000000000000, -1.000000000000000000, 0.000000000000000000 ) ) ;
#998 = DIRECTION ( 'NONE',  ( 1.000000000000000000, 0.000000000000000000, 0.000000000000000000 ) ) ;
#999 = DIRECTION ( 'NONE',  ( 1.000000000000000000, -0.000000000000000000, 0.000000000000000000 ) ) ;
#1000 = CARTESIAN_POINT ( 'NONE',  ( 24.80000000000000071, 10.00000000000000000, 19.00000000000000000 ) ) ;
#1001 = CYLINDRICAL_SURFACE ( 'NONE', #1319, 1.199999999999999734 ) ;
#1002 = DIRECTION ( 'NONE',  ( 1.000000000000000000, 0.000000000000000000, -0.000000000000000000 ) ) ;
#1003 = CARTESIAN_POINT ( 'NONE',  ( 39.50000000000000000, 6.999999999999999112, 9.899999999999996803 ) ) ;
#1004 = VERTEX_POINT ( 'NONE', #342 ) ;
#1005 = VERTEX_POINT ( 'NONE', #2170 ) ;
#1006 = EDGE_LOOP ( 'NONE', ( #1268, #236, #1299 ) ) ;
#1007 = FACE_OUTER_BOUND ( 'NONE', #183, .T. ) ;
#1008 = CYLINDRICAL_SURFACE ( 'NONE', #171, 2.000000000000000000 ) ;
#1009 = CARTESIAN_POINT ( 'NONE',  ( 14.00000000000000000, 2.000000000000000000, 22.00000000000000000 ) ) ;
#1010 = FACE_OUTER_BOUND ( 'NONE', #611, .T. ) ;
#1011 = AXIS2_PLACEMENT_3D ( 'NONE', #1739, #97, #1563 ) ;
#1012 = DIRECTION ( 'NONE',  ( -1.000000000000000000, 0.000000000000000000, 0.000000000000000000 ) ) ;
#1013 = AXIS2_PLACEMENT_3D ( 'NONE', #1382, #814, #1542 ) ;
#1014 = AXIS2_PLACEMENT_3D ( 'NONE', #1203, #815, #438 ) ;
#1015 = VERTEX_POINT ( 'NONE', #718 ) ;
#1016 = LINE ( 'NONE', #1749, #1931 ) ;
#1017 = LINE ( 'NONE', #2080, #2021 ) ;
#1018 = AXIS2_PLACEMENT_3D ( 'NONE', #1442, #888, #2183 ) ;
#1019 = ADVANCED_FACE ( 'NONE', ( #1078 ), #356, .T. ) ;
#1020 = VERTEX_POINT ( 'NONE', #531 ) ;
#1021 = ORIENTED_EDGE ( 'NONE', *, *, #2160, .F. ) ;
#1022 = AXIS2_PLACEMENT_3D ( 'NONE', #1121, #2037, #754 ) ;
#1023 = DIRECTION ( 'NONE',  ( -0.000000000000000000, 1.000000000000000000, -0.000000000000000000 ) ) ;
#1024 = AXIS2_PLACEMENT_3D ( 'NONE', #2377, #1440, #521 ) ;
#1025 = CARTESIAN_POINT ( 'NONE',  ( 15.00000000000000000, 13.99999999999999822, 22.00000000000000000 ) ) ;
#1026 = FACE_OUTER_BOUND ( 'NONE', #1983, .T. ) ;
#1027 = DIRECTION ( 'NONE',  ( -1.000000000000000000, 0.000000000000000000, -0.000000000000000000 ) ) ;
#1028 = AXIS2_PLACEMENT_3D ( 'NONE', #2128, #496, #109 ) ;
#1029 = CARTESIAN_POINT ( 'NONE',  ( 0.000000000000000000, 0.000000000000000000, 21.59999999999999787 ) ) ;
#1030 = EDGE_CURVE ( 'NONE', #2107, #1785, #1084, .T. ) ;
#1031 = ORIENTED_EDGE ( 'NONE', *, *, #1333, .T. ) ;
#1032 = DIRECTION ( 'NONE',  ( -1.000000000000000000, 0.000000000000000000, 0.000000000000000000 ) ) ;
#1033 = CARTESIAN_POINT ( 'NONE',  ( 1.000000000000000000, 12.99999999999999822, 9.999999999999998224 ) ) ;
#1034 = LINE ( 'NONE', #2124, #2267 ) ;
#1035 = ORIENTED_EDGE ( 'NONE', *, *, #2189, .F. ) ;
#1036 = ORIENTED_EDGE ( 'NONE', *, *, #535, .T. ) ;
#1037 = SPHERICAL_SURFACE ( 'NONE', #1902, 1.000000000000000000 ) ;
#1038 = CARTESIAN_POINT ( 'NONE',  ( 0.000000000000000000, 13.99999999999999822, 11.00000000000000000 ) ) ;
#1039 = CARTESIAN_POINT ( 'NONE',  ( 3.500000000000000888, 7.000000000000004441, 8.999999999999996447 ) ) ;
#1040 = FACE_OUTER_BOUND ( 'NONE', #410, .T. ) ;
#1041 = EDGE_CURVE ( 'NONE', #144, #1276, #696, .T. ) ;
#1042 = ORIENTED_EDGE ( 'NONE', *, *, #1592, .T. ) ;
#1043 = DIRECTION ( 'NONE',  ( 0.000000000000000000, -1.000000000000000000, 0.000000000000000000 ) ) ;
#1044 = DIRECTION ( 'NONE',  ( 0.000000000000000000, 0.000000000000000000, 1.000000000000000000 ) ) ;
#1045 = ORIENTED_EDGE ( 'NONE', *, *, #249, .T. ) ;
#1046 = ORIENTED_EDGE ( 'NONE', *, *, #844, .F. ) ;
#1047 = CARTESIAN_POINT ( 'NONE',  ( 39.50000000000000000, 6.999999999999999112, 9.899999999999996803 ) ) ;
#1048 = CARTESIAN_POINT ( 'NONE',  ( 51.00000000000000000, 1.000000000000000000, 9.999999999999998224 ) ) ;
#1049 = LINE ( 'NONE', #134, #1821 ) ;
#1050 = DIRECTION ( 'NONE',  ( 0.000000000000000000, 0.000000000000000000, 1.000000000000000000 ) ) ;
#1051 = CARTESIAN_POINT ( 'NONE',  ( 26.00000000000000000, 4.000000000000000000, 19.00000000000000000 ) ) ;
#1052 = EDGE_CURVE ( 'NONE', #1907, #1109, #160, .T. ) ;
#1053 = ORIENTED_EDGE ( 'NONE', *, *, #1674, .F. ) ;
#1054 = PLANE ( 'NONE',  #1505 ) ;
#1055 = CARTESIAN_POINT ( 'NONE',  ( 48.50000000000000000, 6.999999999999997335, 8.999999999999996447 ) ) ;
#1056 = EDGE_CURVE ( 'NONE', #479, #765, #1816, .T. ) ;
#1057 = ADVANCED_FACE ( 'NONE', ( #1097 ), #1828, .F. ) ;
#1058 = ORIENTED_EDGE ( 'NONE', *, *, #2337, .T. ) ;
#1059 = VECTOR ( 'NONE', #1613, 1000.000000000000000 ) ;
#1060 = ORIENTED_EDGE ( 'NONE', *, *, #1680, .T. ) ;
#1061 = CARTESIAN_POINT ( 'NONE',  ( 0.000000000000000000, 0.000000000000000000, 9.000000000000000000 ) ) ;
#1062 = MECHANICAL_DESIGN_GEOMETRIC_PRESENTATION_REPRESENTATION (  '', ( #2210 ), #1553 ) ;
#1063 = CARTESIAN_POINT ( 'NONE',  ( 38.00000000000000000, 12.00000000000000000, 11.00000000000000000 ) ) ;
#1064 = CARTESIAN_POINT ( 'NONE',  ( 51.00000000000000000, 12.99999999999999822, 9.999999999999998224 ) ) ;
#1065 = CARTESIAN_POINT ( 'NONE',  ( 38.00000000000000711, 12.99999999999999822, 11.00000000000000000 ) ) ;
#1066 = EDGE_CURVE ( 'NONE', #868, #226, #1413, .T. ) ;
#1067 = DIRECTION ( 'NONE',  ( -0.000000000000000000, 4.336808689942017736E-16, 1.000000000000000000 ) ) ;
#1068 = AXIS2_PLACEMENT_3D ( 'NONE', #1282, #1105, #2341 ) ;
#1069 = EDGE_CURVE ( 'NONE', #977, #578, #501, .T. ) ;
#1070 = ORIENTED_EDGE ( 'NONE', *, *, #2342, .F. ) ;
#1071 = CARTESIAN_POINT ( 'NONE',  ( 0.000000000000000000, 12.99999999999999822, 9.999999999999998224 ) ) ;
#1072 = EDGE_CURVE ( 'NONE', #889, #587, #292, .T. ) ;
#1073 = EDGE_LOOP ( 'NONE', ( #1060, #5, #1431 ) ) ;
#1074 = CYLINDRICAL_SURFACE ( 'NONE', #2025, 2.000000000000001776 ) ;
#1075 = CYLINDRICAL_SURFACE ( 'NONE', #1587, 2.000000000000001776 ) ;
#1076 = EDGE_CURVE ( 'NONE', #270, #120, #1482, .T. ) ;
#1077 = DIRECTION ( 'NONE',  ( 0.000000000000000000, 0.000000000000000000, -1.000000000000000000 ) ) ;
#1078 = FACE_OUTER_BOUND ( 'NONE', #2272, .T. ) ;
#1079 = ORIENTED_EDGE ( 'NONE', *, *, #1480, .F. ) ;
#1080 = SPHERICAL_SURFACE ( 'NONE', #1089, 1.000000000000000000 ) ;
#1081 = CARTESIAN_POINT ( 'NONE',  ( 15.00000000000000000, 0.000000000000000000, 9.999999999999998224 ) ) ;
#1082 = DIRECTION ( 'NONE',  ( -0.000000000000000000, 4.336808689942017736E-16, 1.000000000000000000 ) ) ;
#1083 = DIRECTION ( 'NONE',  ( 1.000000000000000000, 0.000000000000000000, 0.000000000000000000 ) ) ;
#1084 = LINE ( 'NONE', #539, #173 ) ;
#1085 = EDGE_CURVE ( 'NONE', #2040, #120, #929, .T. ) ;
#1086 = PRODUCT_DEFINITION_CONTEXT ( 'detailed design', #2225, 'design' ) ;
#1087 = ORIENTED_EDGE ( 'NONE', *, *, #1913, .T. ) ;
#1088 = DIRECTION ( 'NONE',  ( -0.000000000000000000, -0.000000000000000000, -1.000000000000000000 ) ) ;
#1089 = AXIS2_PLACEMENT_3D ( 'NONE', #526, #1761, #117 ) ;
#1090 = DIRECTION ( 'NONE',  ( -0.000000000000000000, 4.336808689942017736E-16, 1.000000000000000000 ) ) ;
#1091 = EDGE_CURVE ( 'NONE', #1005, #108, #1435, .T. ) ;
#1092 = CARTESIAN_POINT ( 'NONE',  ( 51.00000000000000000, 0.000000000000000000, 11.00000000000000000 ) ) ;
#1093 = CIRCLE ( 'NONE', #1548, 1.000000000000000000 ) ;
#1094 = EDGE_CURVE ( 'NONE', #211, #1907, #368, .T. ) ;
#1095 = CARTESIAN_POINT ( 'NONE',  ( 8.000000000000000000, 7.000000000000000000, 9.000000000000000000 ) ) ;
#1096 = VECTOR ( 'NONE', #1966, 1000.000000000000000 ) ;
#1097 = FACE_OUTER_BOUND ( 'NONE', #1173, .T. ) ;
#1098 = AXIS2_PLACEMENT_3D ( 'NONE', #2148, #470, #873 ) ;
#1099 = ORIENTED_EDGE ( 'NONE', *, *, #379, .T. ) ;
#1100 = VECTOR ( 'NONE', #2041, 1000.000000000000000 ) ;
#1101 = CARTESIAN_POINT ( 'NONE',  ( 12.50000000000000178, 7.800000000000005151, 9.899999999999996803 ) ) ;
#1102 = ADVANCED_FACE ( 'NONE', ( #1297 ), #964, .F. ) ;
#1103 = CARTESIAN_POINT ( 'NONE',  ( 48.50000000000000000, 6.200000000000001954, 9.899999999999996803 ) ) ;
#1104 = VERTEX_POINT ( 'NONE', #1491 ) ;
#1105 = DIRECTION ( 'NONE',  ( -0.000000000000000000, 4.336808689942017736E-16, 1.000000000000000000 ) ) ;
#1106 = VERTEX_POINT ( 'NONE', #1881 ) ;
#1107 = CARTESIAN_POINT ( 'NONE',  ( 38.00000000000000000, 2.000000000000001776, 21.59999999999999787 ) ) ;
#1108 = CARTESIAN_POINT ( 'NONE',  ( 3.500000000000000888, 7.000000000000004441, 9.899999999999996803 ) ) ;
#1109 = VERTEX_POINT ( 'NONE', #1322 ) ;
#1110 = EDGE_CURVE ( 'NONE', #2299, #1754, #2054, .T. ) ;
#1111 = CARTESIAN_POINT ( 'NONE',  ( 51.00000000000000000, 1.000000000000000000, 11.00000000000000000 ) ) ;
#1112 = ORIENTED_EDGE ( 'NONE', *, *, #1296, .T. ) ;
#1113 = LINE ( 'NONE', #1304, #1665 ) ;
#1114 = ORIENTED_EDGE ( 'NONE', *, *, #383, .F. ) ;
#1115 = CARTESIAN_POINT ( 'NONE',  ( 24.00000000000000000, 8.000000000000000000, 21.59999999999999787 ) ) ;
#1116 = DIRECTION ( 'NONE',  ( 0.000000000000000000, 0.000000000000000000, 1.000000000000000000 ) ) ;
#1117 = CARTESIAN_POINT ( 'NONE',  ( 51.00000000000000000, 0.000000000000000000, 9.999999999999998224 ) ) ;
#1118 = VERTEX_POINT ( 'NONE', #2033 ) ;
#1119 = EDGE_CURVE ( 'NONE', #56, #429, #1702, .T. ) ;
#1120 = EDGE_CURVE ( 'NONE', #995, #1343, #567, .T. ) ;
#1121 = CARTESIAN_POINT ( 'NONE',  ( 51.00000000000000000, 1.000000000000000000, 11.00000000000000000 ) ) ;
#1122 = ORIENTED_EDGE ( 'NONE', *, *, #1091, .F. ) ;
#1123 = CARTESIAN_POINT ( 'NONE',  ( 12.50000000000000178, 7.000000000000003553, 10.99999999999999645 ) ) ;
#1124 = ORIENTED_EDGE ( 'NONE', *, *, #269, .T. ) ;
#1125 = DIRECTION ( 'NONE',  ( -0.000000000000000000, 4.336808689942017736E-16, 1.000000000000000000 ) ) ;
#1126 = CIRCLE ( 'NONE', #2244, 1.000000000000000888 ) ;
#1127 = CARTESIAN_POINT ( 'NONE',  ( 12.50000000000000178, 6.200000000000001066, 8.999999999999996447 ) ) ;
#1128 = CARTESIAN_POINT ( 'NONE',  ( 2.000000000000000000, 2.000000000000000000, 9.000000000000000000 ) ) ;
#1129 = EDGE_LOOP ( 'NONE', ( #421, #910, #674, #1315, #89, #1341, #1791, #1497 ) ) ;
#1130 = EDGE_CURVE ( 'NONE', #790, #765, #387, .T. ) ;
#1131 = CIRCLE ( 'NONE', #1468, 1.000000000000000000 ) ;
#1132 = EDGE_CURVE ( 'NONE', #77, #1487, #1469, .T. ) ;
#1133 = DIRECTION ( 'NONE',  ( -1.000000000000000000, 0.000000000000000000, 0.000000000000000000 ) ) ;
#1134 = EDGE_LOOP ( 'NONE', ( #199, #1577, #1525, #324 ) ) ;
#1135 = LINE ( 'NONE', #970, #834 ) ;
#1136 = EDGE_CURVE ( 'NONE', #540, #795, #252, .T. ) ;
#1137 = EDGE_LOOP ( 'NONE', ( #1644, #9, #140, #1535 ) ) ;
#1138 = ORIENTED_EDGE ( 'NONE', *, *, #684, .T. ) ;
#1139 = DIRECTION ( 'NONE',  ( 0.000000000000000000, 1.000000000000000000, 0.000000000000000000 ) ) ;
#1140 = CARTESIAN_POINT ( 'NONE',  ( 12.50000000000000178, 7.800000000000005151, 9.899999999999996803 ) ) ;
#1141 = EDGE_CURVE ( 'NONE', #2352, #1559, #550, .T. ) ;
#1142 = FACE_OUTER_BOUND ( 'NONE', #503, .T. ) ;
#1143 = EDGE_LOOP ( 'NONE', ( #1122, #1305, #2113, #607 ) ) ;
#1144 = DIRECTION ( 'NONE',  ( -1.000000000000000000, 0.000000000000000000, 0.000000000000000000 ) ) ;
#1145 = ORIENTED_EDGE ( 'NONE', *, *, #1233, .F. ) ;
#1146 = DIRECTION ( 'NONE',  ( 0.000000000000000000, -1.000000000000000000, 0.000000000000000000 ) ) ;
#1147 = ORIENTED_EDGE ( 'NONE', *, *, #1237, .T. ) ;
#1148 = ORIENTED_EDGE ( 'NONE', *, *, #453, .F. ) ;
#1149 = DIRECTION ( 'NONE',  ( 0.000000000000000000, 1.000000000000000000, 0.000000000000000000 ) ) ;
#1150 = DIRECTION ( 'NONE',  ( 0.000000000000000000, -1.000000000000000000, 0.000000000000000000 ) ) ;
#1151 = DIRECTION ( 'NONE',  ( 0.000000000000000000, -1.000000000000000000, 0.000000000000000000 ) ) ;
#1152 = ORIENTED_EDGE ( 'NONE', *, *, #1635, .T. ) ;
#1153 = EDGE_CURVE ( 'NONE', #2137, #2231, #867, .T. ) ;
#1154 = VERTEX_POINT ( 'NONE', #1286 ) ;
#1155 = ORIENTED_EDGE ( 'NONE', *, *, #2133, .F. ) ;
#1156 = CARTESIAN_POINT ( 'NONE',  ( 24.00000000000000000, 8.000000000000000000, 21.59999999999999787 ) ) ;
#1157 = ORIENTED_EDGE ( 'NONE', *, *, #2381, .F. ) ;
#1158 = EDGE_LOOP ( 'NONE', ( #1530, #225, #1157, #597 ) ) ;
#1159 = DIRECTION ( 'NONE',  ( 0.000000000000000000, -1.000000000000000000, 0.000000000000000000 ) ) ;
#1160 = CARTESIAN_POINT ( 'NONE',  ( 38.00000000000000000, 12.00000000000000355, 21.59999999999999787 ) ) ;
#1161 = FACE_OUTER_BOUND ( 'NONE', #841, .T. ) ;
#1162 = CARTESIAN_POINT ( 'NONE',  ( 39.50000000000000000, 7.799999999999994493, 9.899999999999996803 ) ) ;
#1163 = CIRCLE ( 'NONE', #516, 1.000000000000000888 ) ;
#1164 = EDGE_CURVE ( 'NONE', #1167, #936, #1846, .T. ) ;
#1165 = VECTOR ( 'NONE', #2146, 1000.000000000000000 ) ;
#1166 = AXIS2_PLACEMENT_3D ( 'NONE', #99, #835, #2009 ) ;
#1167 = VERTEX_POINT ( 'NONE', #736 ) ;
#1168 = CARTESIAN_POINT ( 'NONE',  ( 12.50000000000000178, 8.400000000000000355, 10.99999999999999645 ) ) ;
#1169 = CIRCLE ( 'NONE', #1258, 1.000000000000000000 ) ;
#1170 = VERTEX_POINT ( 'NONE', #201 ) ;
#1171 = CARTESIAN_POINT ( 'NONE',  ( 24.80000000000000071, 4.000000000000000000, 11.99999999999999822 ) ) ;
#1172 = VECTOR ( 'NONE', #776, 1000.000000000000000 ) ;
#1173 = EDGE_LOOP ( 'NONE', ( #2144, #1554, #1734, #2261, #55, #1112, #1031, #1241 ) ) ;
#1174 = ORIENTED_EDGE ( 'NONE', *, *, #599, .F. ) ;
#1175 = EDGE_CURVE ( 'NONE', #1818, #1004, #2066, .T. ) ;
#1176 = VECTOR ( 'NONE', #1446, 1000.000000000000000 ) ;
#1177 = DIRECTION ( 'NONE',  ( 0.000000000000000000, 1.000000000000000000, 0.000000000000000000 ) ) ;
#1178 = CYLINDRICAL_SURFACE ( 'NONE', #2049, 0.7999999999999951594 ) ;
#1179 = CARTESIAN_POINT ( 'NONE',  ( 48.50000000000000000, 6.999999999999997335, 9.899999999999996803 ) ) ;
#1180 = FACE_OUTER_BOUND ( 'NONE', #1568, .T. ) ;
#1181 = ORIENTED_EDGE ( 'NONE', *, *, #379, .F. ) ;
#1182 = PLANE ( 'NONE',  #574 ) ;
#1183 = CARTESIAN_POINT ( 'NONE',  ( 52.00000000000000000, 13.99999999999999822, 1.000000000000000888 ) ) ;
#1184 = AXIS2_PLACEMENT_3D ( 'NONE', #629, #1391, #431 ) ;
#1185 = ORIENTED_EDGE ( 'NONE', *, *, #1301, .F. ) ;
#1186 = DIRECTION ( 'NONE',  ( 0.000000000000000000, -1.000000000000000000, 0.000000000000000000 ) ) ;
#1187 = EDGE_LOOP ( 'NONE', ( #2014, #1861, #1607, #286 ) ) ;
#1188 = ORIENTED_EDGE ( 'NONE', *, *, #1528, .F. ) ;
#1189 = LINE ( 'NONE', #1560, #589 ) ;
#1190 = CARTESIAN_POINT ( 'NONE',  ( 8.000000000000000000, 7.000000000000000000, 9.000000000000000000 ) ) ;
#1191 = CARTESIAN_POINT ( 'NONE',  ( 39.50000000000000000, 7.799999999999994493, 9.899999999999996803 ) ) ;
#1192 = FACE_OUTER_BOUND ( 'NONE', #1303, .T. ) ;
#1193 = CARTESIAN_POINT ( 'NONE',  ( 8.000000000000000000, 7.000000000000000000, 11.00000000000000000 ) ) ;
#1194 = ORIENTED_EDGE ( 'NONE', *, *, #1485, .T. ) ;
#1195 = DIRECTION ( 'NONE',  ( 0.000000000000000000, 0.000000000000000000, -1.000000000000000000 ) ) ;
#1196 =( LENGTH_UNIT ( ) NAMED_UNIT ( * ) SI_UNIT ( .MILLI., .METRE. ) );
#1197 = VERTEX_POINT ( 'NONE', #1127 ) ;
#1198 = APPLICATION_PROTOCOL_DEFINITION ( 'draft international standard', 'automotive_design', 1998, #2225 ) ;
#1199 = ORIENTED_EDGE ( 'NONE', *, *, #1069, .T. ) ;
#1200 = VERTEX_POINT ( 'NONE', #1858 ) ;
#1201 = DIRECTION ( 'NONE',  ( 0.000000000000000000, -1.000000000000000000, 0.000000000000000000 ) ) ;
#1202 = CARTESIAN_POINT ( 'NONE',  ( 13.99999999999999645, 0.4142135623730949789, 10.99999999999999822 ) ) ;
#1203 = CARTESIAN_POINT ( 'NONE',  ( 0.000000000000000000, 1.000000000000000000, 1.000000000000000888 ) ) ;
#1204 = CARTESIAN_POINT ( 'NONE',  ( 0.000000000000000000, 0.000000000000000000, 9.000000000000000000 ) ) ;
#1205 = LINE ( 'NONE', #1373, #785 ) ;
#1206 = AXIS2_PLACEMENT_3D ( 'NONE', #1483, #45, #778 ) ;
#1207 = AXIS2_PLACEMENT_3D ( 'NONE', #1705, #66, #87 ) ;
#1208 = VECTOR ( 'NONE', #1992, 1000.000000000000000 ) ;
#1209 = EDGE_LOOP ( 'NONE', ( #2127, #1647, #1920, #737 ) ) ;
#1210 = DIRECTION ( 'NONE',  ( 0.000000000000000000, 0.000000000000000000, -1.000000000000000000 ) ) ;
#1211 = DIRECTION ( 'NONE',  ( 0.000000000000000000, 0.000000000000000000, -1.000000000000000000 ) ) ;
#1212 = CIRCLE ( 'NONE', #782, 1.000000000000000888 ) ;
#1213 = DIRECTION ( 'NONE',  ( 0.000000000000000000, -1.000000000000000000, -0.000000000000000000 ) ) ;
#1214 = EDGE_LOOP ( 'NONE', ( #969, #1809, #1423 ) ) ;
#1215 = AXIS2_PLACEMENT_3D ( 'NONE', #933, #1314, #1865 ) ;
#1216 = EDGE_CURVE ( 'NONE', #1276, #827, #2235, .T. ) ;
#1217 = EDGE_LOOP ( 'NONE', ( #1667, #2079, #748, #1633 ) ) ;
#1218 = DIRECTION ( 'NONE',  ( -0.000000000000000000, 1.000000000000000000, -0.000000000000000000 ) ) ;
#1219 = AXIS2_PLACEMENT_3D ( 'NONE', #491, #118, #1959 ) ;
#1220 = CARTESIAN_POINT ( 'NONE',  ( 26.00000000000000000, 10.00000000000000000, 21.59999999999999787 ) ) ;
#1221 = FACE_BOUND ( 'NONE', #2322, .T. ) ;
#1222 = VECTOR ( 'NONE', #480, 1000.000000000000000 ) ;
#1223 = DIRECTION ( 'NONE',  ( 1.000000000000000000, 0.000000000000000000, 0.000000000000000000 ) ) ;
#1224 = ORIENTED_EDGE ( 'NONE', *, *, #114, .T. ) ;
#1225 = LINE ( 'NONE', #1958, #676 ) ;
#1226 = DIRECTION ( 'NONE',  ( 0.000000000000000000, 1.000000000000000000, -0.000000000000000000 ) ) ;
#1227 = CARTESIAN_POINT ( 'NONE',  ( 24.00000000000000000, 6.000000000000000000, 19.00000000000000000 ) ) ;
#1228 = ORIENTED_EDGE ( 'NONE', *, *, #2189, .T. ) ;
#1229 = ORIENTED_EDGE ( 'NONE', *, *, #921, .F. ) ;
#1230 = DIRECTION ( 'NONE',  ( 1.734723475976806848E-16, -1.000000000000000000, 0.000000000000000000 ) ) ;
#1231 = PRODUCT_DEFINITION_FORMATION_WITH_SPECIFIED_SOURCE ( 'ไป', '', #513, .NOT_KNOWN. ) ;
#1232 = DIRECTION ( 'NONE',  ( 0.000000000000000000, 0.000000000000000000, 1.000000000000000000 ) ) ;
#1233 = EDGE_CURVE ( 'NONE', #668, #1718, #2020, .T. ) ;
#1234 = DIRECTION ( 'NONE',  ( 1.000000000000000000, 0.000000000000000000, 0.000000000000000000 ) ) ;
#1235 = FACE_OUTER_BOUND ( 'NONE', #30, .T. ) ;
#1236 = CARTESIAN_POINT ( 'NONE',  ( 12.50000000000000178, 7.000000000000003553, 10.99999999999999645 ) ) ;
#1237 = EDGE_CURVE ( 'NONE', #130, #369, #393, .T. ) ;
#1238 = EDGE_LOOP ( 'NONE', ( #2309, #1392, #2120, #1753 ) ) ;
#1239 = DIRECTION ( 'NONE',  ( -1.000000000000000000, 0.000000000000000000, -0.000000000000000000 ) ) ;
#1240 = CARTESIAN_POINT ( 'NONE',  ( 39.50000000000000000, 7.799999999999995381, 10.99999999999999645 ) ) ;
#1241 = ORIENTED_EDGE ( 'NONE', *, *, #1085, .T. ) ;
#1242 = EDGE_CURVE ( 'NONE', #1760, #2007, #2332, .T. ) ;
#1243 = EDGE_LOOP ( 'NONE', ( #251, #1261, #1732, #707 ) ) ;
#1244 = DIRECTION ( 'NONE',  ( -1.000000000000000000, 0.000000000000000000, 0.000000000000000000 ) ) ;
#1245 = DIRECTION ( 'NONE',  ( 0.000000000000000000, 0.000000000000000000, 1.000000000000000000 ) ) ;
#1246 = DIRECTION ( 'NONE',  ( 0.000000000000000000, -1.000000000000000000, 0.000000000000000000 ) ) ;
#1247 = DIRECTION ( 'NONE',  ( -0.000000000000000000, -0.000000000000000000, 1.000000000000000000 ) ) ;
#1248 = DIRECTION ( 'NONE',  ( 0.000000000000000000, -0.000000000000000000, 1.000000000000000000 ) ) ;
#1249 = ORIENTED_EDGE ( 'NONE', *, *, #1485, .F. ) ;
#1250 = DIRECTION ( 'NONE',  ( -0.000000000000000000, 0.000000000000000000, -1.000000000000000000 ) ) ;
#1251 = AXIS2_PLACEMENT_3D ( 'NONE', #1220, #1909, #266 ) ;
#1252 = EDGE_CURVE ( 'NONE', #1367, #1617, #1602, .T. ) ;
#1253 = VECTOR ( 'NONE', #1270, 1000.000000000000000 ) ;
#1254 = ORIENTED_EDGE ( 'NONE', *, *, #1072, .F. ) ;
#1255 = DIRECTION ( 'NONE',  ( -0.000000000000000000, -0.000000000000000000, -1.000000000000000000 ) ) ;
#1256 = CIRCLE ( 'NONE', #1703, 2.000000000000000000 ) ;
#1257 = LINE ( 'NONE', #511, #1545 ) ;
#1258 = AXIS2_PLACEMENT_3D ( 'NONE', #1467, #1247, #1259 ) ;
#1259 = DIRECTION ( 'NONE',  ( -1.000000000000000000, 0.000000000000000000, 0.000000000000000000 ) ) ;
#1260 = CARTESIAN_POINT ( 'NONE',  ( 51.00000000000000000, 13.99999999999999822, 1.000000000000000888 ) ) ;
#1261 = ORIENTED_EDGE ( 'NONE', *, *, #163, .F. ) ;
#1262 = DIRECTION ( 'NONE',  ( 1.000000000000000000, -0.000000000000000000, 0.000000000000000000 ) ) ;
#1263 = DIRECTION ( 'NONE',  ( 0.000000000000000000, 0.000000000000000000, 1.000000000000000000 ) ) ;
#1264 = ADVANCED_FACE ( 'NONE', ( #1235 ), #434, .F. ) ;
#1265 = CARTESIAN_POINT ( 'NONE',  ( 1.000000000000000000, 1.000000000000000000, 9.999999999999998224 ) ) ;
#1266 = FACE_OUTER_BOUND ( 'NONE', #463, .T. ) ;
#1267 = CARTESIAN_POINT ( 'NONE',  ( 28.00000000000000000, 8.000000000000000000, 21.59999999999999787 ) ) ;
#1268 = ORIENTED_EDGE ( 'NONE', *, *, #1348, .T. ) ;
#1269 = ADVANCED_FACE ( 'NONE', ( #665, #1965 ), #2316, .T. ) ;
#1270 = DIRECTION ( 'NONE',  ( 0.000000000000000000, 0.000000000000000000, -1.000000000000000000 ) ) ;
#1271 = ADVANCED_FACE ( 'NONE', ( #1040 ), #682, .T. ) ;
#1272 = CARTESIAN_POINT ( 'NONE',  ( 51.00000000000000000, 12.99999999999999822, 0.000000000000000000 ) ) ;
#1273 = CARTESIAN_POINT ( 'NONE',  ( 44.00000000000000000, 7.000000000000000000, 9.000000000000000000 ) ) ;
#1274 = CARTESIAN_POINT ( 'NONE',  ( 37.58578643762690774, 13.99999999999999645, 10.58578643762690241 ) ) ;
#1275 = CARTESIAN_POINT ( 'NONE',  ( 0.000000000000000000, 0.000000000000000000, 1.000000000000000888 ) ) ;
#1276 = VERTEX_POINT ( 'NONE', #136 ) ;
#1277 = ADVANCED_FACE ( 'NONE', ( #1742 ), #86, .F. ) ;
#1278 = LINE ( 'NONE', #731, #1494 ) ;
#1279 = AXIS2_PLACEMENT_3D ( 'NONE', #241, #519, #1795 ) ;
#1280 = DIRECTION ( 'NONE',  ( -0.000000000000000000, 4.336808689942017736E-16, 1.000000000000000000 ) ) ;
#1281 = ORIENTED_EDGE ( 'NONE', *, *, #1685, .T. ) ;
#1282 = CARTESIAN_POINT ( 'NONE',  ( 12.50000000000000178, 7.000000000000002665, 9.899999999999996803 ) ) ;
#1283 = AXIS2_PLACEMENT_3D ( 'NONE', #1912, #308, #268 ) ;
#1284 = DIRECTION ( 'NONE',  ( 0.000000000000000000, 0.000000000000000000, -1.000000000000000000 ) ) ;
#1285 = VECTOR ( 'NONE', #1504, 1000.000000000000114 ) ;
#1286 = CARTESIAN_POINT ( 'NONE',  ( 28.00000000000000000, 6.000000000000000000, 19.00000000000000000 ) ) ;
#1287 = AXIS2_PLACEMENT_3D ( 'NONE', #1445, #2304, #654 ) ;
#1288 = EDGE_LOOP ( 'NONE', ( #1174, #1079, #1489, #2340 ) ) ;
#1289 = CIRCLE ( 'NONE', #876, 0.7999999999999951594 ) ;
#1290 = AXIS2_PLACEMENT_3D ( 'NONE', #2300, #1951, #614 ) ;
#1291 = DIRECTION ( 'NONE',  ( -1.000000000000000000, 0.000000000000000000, 0.000000000000000000 ) ) ;
#1292 = ORIENTED_EDGE ( 'NONE', *, *, #2161, .F. ) ;
#1293 = CARTESIAN_POINT ( 'NONE',  ( 52.00000000000000000, 12.99999999999999822, 0.000000000000000000 ) ) ;
#1294 = ORIENTED_EDGE ( 'NONE', *, *, #1460, .F. ) ;
#1295 = DIRECTION ( 'NONE',  ( -0.000000000000000000, 4.336808689942017736E-16, 1.000000000000000000 ) ) ;
#1296 = EDGE_CURVE ( 'NONE', #429, #1950, #859, .T. ) ;
#1297 = FACE_OUTER_BOUND ( 'NONE', #192, .T. ) ;
#1298 = CARTESIAN_POINT ( 'NONE',  ( 1.000000000000000000, 1.000000000000000000, 1.000000000000000888 ) ) ;
#1299 = ORIENTED_EDGE ( 'NONE', *, *, #1744, .F. ) ;
#1300 = EDGE_CURVE ( 'NONE', #623, #1106, #979, .T. ) ;
#1301 = EDGE_CURVE ( 'NONE', #1879, #2142, #1256, .T. ) ;
#1302 = PLANE ( 'NONE',  #1215 ) ;
#1303 = EDGE_LOOP ( 'NONE', ( #1876, #1155, #215, #612 ) ) ;
#1304 = CARTESIAN_POINT ( 'NONE',  ( 52.00000000000000000, 0.000000000000000000, 1.000000000000000888 ) ) ;
#1305 = ORIENTED_EDGE ( 'NONE', *, *, #1412, .T. ) ;
#1306 = EDGE_CURVE ( 'NONE', #1170, #1641, #1586, .T. ) ;
#1307 = CARTESIAN_POINT ( 'NONE',  ( 24.00000000000000000, 6.000000000000000000, 19.00000000000000000 ) ) ;
#1308 = CARTESIAN_POINT ( 'NONE',  ( 0.000000000000000000, 13.99999999999999822, 1.000000000000000888 ) ) ;
#1309 = CARTESIAN_POINT ( 'NONE',  ( 38.00000000000000000, 12.00000000000000000, 11.00000000000000000 ) ) ;
#1310 = ADVANCED_FACE ( 'NONE', ( #1781 ), #1758, .T. ) ;
#1311 = VERTEX_POINT ( 'NONE', #1000 ) ;
#1312 = EDGE_CURVE ( 'NONE', #1641, #385, #1205, .T. ) ;
#1313 = CIRCLE ( 'NONE', #2046, 0.7999999999999951594 ) ;
#1314 = DIRECTION ( 'NONE',  ( -1.000000000000000000, 0.000000000000000000, 0.000000000000000000 ) ) ;
#1315 = ORIENTED_EDGE ( 'NONE', *, *, #63, .T. ) ;
#1316 = ADVANCED_FACE ( 'NONE', ( #2187, #296 ), #536, .T. ) ;
#1317 = CYLINDRICAL_SURFACE ( 'NONE', #601, 0.7999999999999994893 ) ;
#1318 = ORIENTED_EDGE ( 'NONE', *, *, #1389, .F. ) ;
#1319 = AXIS2_PLACEMENT_3D ( 'NONE', #2293, #1729, #1550 ) ;
#1320 = CARTESIAN_POINT ( 'NONE',  ( 24.00000000000000000, 8.000000000000000000, 19.00000000000000000 ) ) ;
#1321 = AXIS2_PLACEMENT_3D ( 'NONE', #1265, #989, #278 ) ;
#1322 = CARTESIAN_POINT ( 'NONE',  ( 28.00000000000000355, 8.000000000000000000, 21.59999999999999787 ) ) ;
#1323 = DIRECTION ( 'NONE',  ( 0.000000000000000000, -1.000000000000000000, -0.000000000000000000 ) ) ;
#1324 = ORIENTED_EDGE ( 'NONE', *, *, #1130, .F. ) ;
#1325 = CIRCLE ( 'NONE', #750, 1.000000000000000888 ) ;
#1326 = CIRCLE ( 'NONE', #1860, 1.399999999999998579 ) ;
#1327 = VECTOR ( 'NONE', #856, 1000.000000000000000 ) ;
#1328 = DIRECTION ( 'NONE',  ( 5.864247291028546066E-17, 0.4788521306805740285, 0.8778955729143839148 ) ) ;
#1329 = ORIENTED_EDGE ( 'NONE', *, *, #1767, .F. ) ;
#1330 = LINE ( 'NONE', #572, #180 ) ;
#1331 = VERTEX_POINT ( 'NONE', #1272 ) ;
#1332 = ORIENTED_EDGE ( 'NONE', *, *, #35, .T. ) ;
#1333 = EDGE_CURVE ( 'NONE', #1950, #2040, #1576, .T. ) ;
#1334 = DIRECTION ( 'NONE',  ( -0.000000000000000000, 4.336808689942017736E-16, 1.000000000000000000 ) ) ;
#1335 = FACE_OUTER_BOUND ( 'NONE', #976, .T. ) ;
#1336 = ORIENTED_EDGE ( 'NONE', *, *, #1913, .F. ) ;
#1337 = EDGE_CURVE ( 'NONE', #1785, #429, #1325, .T. ) ;
#1338 = DIRECTION ( 'NONE',  ( -1.734723475976806848E-16, 1.000000000000000000, -0.000000000000000000 ) ) ;
#1339 = VERTEX_POINT ( 'NONE', #456 ) ;
#1340 = DIRECTION ( 'NONE',  ( -0.000000000000000000, 4.336808689942017736E-16, 1.000000000000000000 ) ) ;
#1341 = ORIENTED_EDGE ( 'NONE', *, *, #1720, .T. ) ;
#1342 = EDGE_CURVE ( 'NONE', #554, #338, #2136, .T. ) ;
#1343 = VERTEX_POINT ( 'NONE', #1666 ) ;
#1344 = DIRECTION ( 'NONE',  ( 0.000000000000000000, -1.000000000000000000, 0.000000000000000000 ) ) ;
#1345 = FACE_OUTER_BOUND ( 'NONE', #1944, .T. ) ;
#1346 = DIRECTION ( 'NONE',  ( 0.000000000000000000, 1.000000000000000000, 0.000000000000000000 ) ) ;
#1347 = EDGE_CURVE ( 'NONE', #868, #62, #2196, .T. ) ;
#1348 = EDGE_CURVE ( 'NONE', #1343, #1866, #1131, .T. ) ;
#1349 = CARTESIAN_POINT ( 'NONE',  ( 1.000000000000000000, 1.000000000000000000, 11.00000000000000000 ) ) ;
#1350 = DIRECTION ( 'NONE',  ( -0.000000000000000000, -0.000000000000000000, 1.000000000000000000 ) ) ;
#1351 = ORIENTED_EDGE ( 'NONE', *, *, #886, .F. ) ;
#1352 = FACE_OUTER_BOUND ( 'NONE', #1209, .T. ) ;
#1353 = ORIENTED_EDGE ( 'NONE', *, *, #619, .F. ) ;
#1354 = ORIENTED_EDGE ( 'NONE', *, *, #1094, .F. ) ;
#1355 = DIRECTION ( 'NONE',  ( -0.000000000000000000, -0.000000000000000000, 1.000000000000000000 ) ) ;
#1356 = DIRECTION ( 'NONE',  ( 1.000000000000000000, 0.000000000000000000, 0.000000000000000000 ) ) ;
#1357 = DIRECTION ( 'NONE',  ( 8.673617379884022653E-16, 1.000000000000000000, 0.000000000000000000 ) ) ;
#1358 = DIRECTION ( 'NONE',  ( 0.000000000000000000, 0.000000000000000000, -1.000000000000000000 ) ) ;
#1359 = ADVANCED_FACE ( 'NONE', ( #1453, #195 ), #209, .T. ) ;
#1360 = CIRCLE ( 'NONE', #1697, 0.8000000000000020428 ) ;
#1361 = EDGE_LOOP ( 'NONE', ( #46, #1403, #1114, #1690 ) ) ;
#1362 = PLANE ( 'NONE',  #353 ) ;
#1363 = CARTESIAN_POINT ( 'NONE',  ( 13.99999999999999822, 12.00000000000000355, 22.00000000000000000 ) ) ;
#1364 = VECTOR ( 'NONE', #735, 1000.000000000000000 ) ;
#1365 = EDGE_LOOP ( 'NONE', ( #755, #81, #786, #79 ) ) ;
#1366 = CIRCLE ( 'NONE', #337, 1.399999999999998579 ) ;
#1367 = VERTEX_POINT ( 'NONE', #38 ) ;
#1368 = ORIENTED_EDGE ( 'NONE', *, *, #641, .F. ) ;
#1369 = FACE_OUTER_BOUND ( 'NONE', #1214, .T. ) ;
#1370 = CARTESIAN_POINT ( 'NONE',  ( 48.50000000000000000, 8.399999999999996803, 10.99999999999999645 ) ) ;
#1371 = FACE_OUTER_BOUND ( 'NONE', #801, .T. ) ;
#1372 = CARTESIAN_POINT ( 'NONE',  ( 10.00000000000000000, 7.000000000000000000, 9.000000000000000000 ) ) ;
#1373 = CARTESIAN_POINT ( 'NONE',  ( 2.000000000000000000, 0.000000000000000000, 9.000000000000000000 ) ) ;
#1374 = ADVANCED_FACE ( 'NONE', ( #222 ), #392, .T. ) ;
#1375 = ORIENTED_EDGE ( 'NONE', *, *, #2204, .T. ) ;
#1376 = LINE ( 'NONE', #301, #358 ) ;
#1377 = CARTESIAN_POINT ( 'NONE',  ( 1.000000000000000000, 0.000000000000000000, 11.00000000000000000 ) ) ;
#1378 = ORIENTED_EDGE ( 'NONE', *, *, #1900, .F. ) ;
#1379 = ORIENTED_EDGE ( 'NONE', *, *, #194, .T. ) ;
#1380 = VERTEX_POINT ( 'NONE', #770 ) ;
#1381 = CARTESIAN_POINT ( 'NONE',  ( 13.99999999999999822, 12.00000000000000355, 11.00000000000000000 ) ) ;
#1382 = CARTESIAN_POINT ( 'NONE',  ( 28.00000000000000000, 8.000000000000000000, 19.00000000000000000 ) ) ;
#1383 = PLANE ( 'NONE',  #2045 ) ;
#1384 = FACE_BOUND ( 'NONE', #972, .T. ) ;
#1385 = CARTESIAN_POINT ( 'NONE',  ( 8.000000000000000000, 7.000000000000000000, 9.000000000000000000 ) ) ;
#1386 = ADVANCED_FACE ( 'NONE', ( #732 ), #1302, .T. ) ;
#1387 = ORIENTED_EDGE ( 'NONE', *, *, #691, .F. ) ;
#1388 = DIRECTION ( 'NONE',  ( -1.000000000000000000, 0.000000000000000000, 0.000000000000000000 ) ) ;
#1389 = EDGE_CURVE ( 'NONE', #827, #1020, #632, .T. ) ;
#1390 = DIRECTION ( 'NONE',  ( 0.000000000000000000, -1.000000000000000000, 0.000000000000000000 ) ) ;
#1391 = DIRECTION ( 'NONE',  ( 0.000000000000000000, -1.000000000000000000, 0.000000000000000000 ) ) ;
#1392 = ORIENTED_EDGE ( 'NONE', *, *, #370, .F. ) ;
#1393 = VERTEX_POINT ( 'NONE', #1111 ) ;
#1394 = LINE ( 'NONE', #2325, #1222 ) ;
#1395 = CARTESIAN_POINT ( 'NONE',  ( 14.00000000000000000, 1.000000000000000000, 11.00000000000000000 ) ) ;
#1396 = DIRECTION ( 'NONE',  ( -0.000000000000000000, 4.336808689942017736E-16, 1.000000000000000000 ) ) ;
#1397 = CIRCLE ( 'NONE', #289, 1.000000000000000888 ) ;
#1398 = DIRECTION ( 'NONE',  ( 0.000000000000000000, -1.000000000000000000, 0.000000000000000000 ) ) ;
#1399 = ORIENTED_EDGE ( 'NONE', *, *, #643, .F. ) ;
#1400 = CARTESIAN_POINT ( 'NONE',  ( 24.00000000000000000, 11.99999999999999822, 19.00000000000000000 ) ) ;
#1401 = CARTESIAN_POINT ( 'NONE',  ( 0.000000000000000000, 0.000000000000000000, 22.00000000000000000 ) ) ;
#1402 = AXIS2_PLACEMENT_3D ( 'NONE', #1108, #941, #218 ) ;
#1403 = ORIENTED_EDGE ( 'NONE', *, *, #2164, .F. ) ;
#1404 = VECTOR ( 'NONE', #1675, 1000.000000000000000 ) ;
#1405 = ORIENTED_EDGE ( 'NONE', *, *, #2381, .T. ) ;
#1406 = LINE ( 'NONE', #1381, #365 ) ;
#1407 = VECTOR ( 'NONE', #233, 1000.000000000000000 ) ;
#1408 = CARTESIAN_POINT ( 'NONE',  ( 0.000000000000000000, 1.000000000000000000, 11.00000000000000000 ) ) ;
#1409 = DIRECTION ( 'NONE',  ( 0.000000000000000000, -1.000000000000000000, 0.000000000000000000 ) ) ;
#1410 = VECTOR ( 'NONE', #963, 1000.000000000000000 ) ;
#1411 = CARTESIAN_POINT ( 'NONE',  ( 3.500000000000000888, 7.000000000000004441, 9.899999999999996803 ) ) ;
#1412 = EDGE_CURVE ( 'NONE', #1005, #1774, #351, .T. ) ;
#1413 = LINE ( 'NONE', #2357, #1096 ) ;
#1414 = VERTEX_POINT ( 'NONE', #1103 ) ;
#1415 = CARTESIAN_POINT ( 'NONE',  ( 28.00000000000000000, 12.00000000000000000, 19.00000000000000000 ) ) ;
#1416 = DIRECTION ( 'NONE',  ( -0.000000000000000000, -0.000000000000000000, 1.000000000000000000 ) ) ;
#1417 = VERTEX_POINT ( 'NONE', #762 ) ;
#1418 = ORIENTED_EDGE ( 'NONE', *, *, #441, .T. ) ;
#1419 = CYLINDRICAL_SURFACE ( 'NONE', #19, 1.000000000000000888 ) ;
#1420 = LINE ( 'NONE', #2156, #12 ) ;
#1421 = CARTESIAN_POINT ( 'NONE',  ( 27.19999999999999929, 10.00000000000000000, 21.59999999999999787 ) ) ;
#1422 = CARTESIAN_POINT ( 'NONE',  ( 0.000000000000000000, 0.000000000000000000, 11.00000000000000000 ) ) ;
#1423 = ORIENTED_EDGE ( 'NONE', *, *, #890, .F. ) ;
#1424 = DIRECTION ( 'NONE',  ( -0.000000000000000000, -0.000000000000000000, 1.000000000000000000 ) ) ;
#1425 = ORIENTED_EDGE ( 'NONE', *, *, #879, .T. ) ;
#1426 = DIRECTION ( 'NONE',  ( -0.000000000000000000, -1.000000000000000000, -0.000000000000000000 ) ) ;
#1427 = LINE ( 'NONE', #1438, #1208 ) ;
#1428 = DIRECTION ( 'NONE',  ( -1.000000000000000000, -0.000000000000000000, -0.000000000000000000 ) ) ;
#1429 = CARTESIAN_POINT ( 'NONE',  ( 52.00000000000000000, 0.000000000000000000, 11.00000000000000000 ) ) ;
#1430 = EDGE_LOOP ( 'NONE', ( #1045, #2298, #262, #1884 ) ) ;
#1431 = ORIENTED_EDGE ( 'NONE', *, *, #506, .F. ) ;
#1432 = FACE_OUTER_BOUND ( 'NONE', #2380, .T. ) ;
#1433 = VECTOR ( 'NONE', #112, 1000.000000000000000 ) ;
#1434 = VECTOR ( 'NONE', #723, 1000.000000000000000 ) ;
#1435 = CIRCLE ( 'NONE', #1402, 0.8000000000000003775 ) ;
#1436 = ORIENTED_EDGE ( 'NONE', *, *, #1779, .T. ) ;
#1437 = CARTESIAN_POINT ( 'NONE',  ( 13.99999999999999822, 12.99999999999999822, 11.00000000000000000 ) ) ;
#1438 = CARTESIAN_POINT ( 'NONE',  ( 28.00000000000000000, 8.000000000000000000, 19.00000000000000000 ) ) ;
#1439 = CIRCLE ( 'NONE', #1826, 2.000000000000000000 ) ;
#1440 = DIRECTION ( 'NONE',  ( 1.000000000000000000, 0.000000000000000000, -0.000000000000000000 ) ) ;
#1441 = EDGE_CURVE ( 'NONE', #692, #1774, #297, .T. ) ;
#1442 = CARTESIAN_POINT ( 'NONE',  ( 1.000000000000000000, 1.000000000000000000, 11.00000000000000000 ) ) ;
#1443 = ORIENTED_EDGE ( 'NONE', *, *, #1333, .F. ) ;
#1444 = CARTESIAN_POINT ( 'NONE',  ( 0.000000000000000000, 2.000000000000000000, 9.000000000000000000 ) ) ;
#1445 = CARTESIAN_POINT ( 'NONE',  ( 0.000000000000000000, 0.000000000000000000, 22.00000000000000000 ) ) ;
#1446 = DIRECTION ( 'NONE',  ( -0.000000000000000000, -1.000000000000000000, -0.000000000000000000 ) ) ;
#1447 = EDGE_CURVE ( 'NONE', #773, #77, #945, .T. ) ;
#1448 = CARTESIAN_POINT ( 'NONE',  ( 0.000000000000000000, 1.000000000000000000, 0.000000000000000000 ) ) ;
#1449 = FACE_OUTER_BOUND ( 'NONE', #2324, .T. ) ;
#1450 = EDGE_LOOP ( 'NONE', ( #397, #1036 ) ) ;
#1451 = CARTESIAN_POINT ( 'NONE',  ( 39.50000000000000000, 7.799999999999994493, 8.999999999999996447 ) ) ;
#1452 = ADVANCED_FACE ( 'NONE', ( #2230 ), #13, .T. ) ;
#1453 = FACE_OUTER_BOUND ( 'NONE', #1137, .T. ) ;
#1454 = ORIENTED_EDGE ( 'NONE', *, *, #691, .T. ) ;
#1455 = DIRECTION ( 'NONE',  ( -1.000000000000000000, 0.000000000000000000, -0.000000000000000000 ) ) ;
#1456 = CARTESIAN_POINT ( 'NONE',  ( 24.00000000000000000, 8.000000000000000000, 19.00000000000000000 ) ) ;
#1457 = DIRECTION ( 'NONE',  ( -1.000000000000000000, -0.000000000000000000, -0.000000000000000000 ) ) ;
#1458 = EDGE_LOOP ( 'NONE', ( #2282, #2048, #2178, #2333 ) ) ;
#1459 = DIRECTION ( 'NONE',  ( 0.000000000000000000, 0.000000000000000000, 1.000000000000000000 ) ) ;
#1460 = EDGE_CURVE ( 'NONE', #2069, #372, #1823, .T. ) ;
#1461 = ORIENTED_EDGE ( 'NONE', *, *, #1296, .F. ) ;
#1462 = AXIS2_PLACEMENT_3D ( 'NONE', #455, #1358, #617 ) ;
#1463 = DIRECTION ( 'NONE',  ( -0.000000000000000000, 4.336808689942017736E-16, 1.000000000000000000 ) ) ;
#1464 = VERTEX_POINT ( 'NONE', #2017 ) ;
#1465 = VECTOR ( 'NONE', #1871, 1000.000000000000000 ) ;
#1466 = ADVANCED_FACE ( 'NONE', ( #362 ), #1898, .F. ) ;
#1467 = CARTESIAN_POINT ( 'NONE',  ( 1.000000000000000000, 12.99999999999999822, 1.000000000000000888 ) ) ;
#1468 = AXIS2_PLACEMENT_3D ( 'NONE', #957, #2047, #1459 ) ;
#1469 = LINE ( 'NONE', #1140, #1285 ) ;
#1470 = DIRECTION ( 'NONE',  ( -1.000000000000000000, 0.000000000000000000, 0.000000000000000000 ) ) ;
#1471 = EDGE_CURVE ( 'NONE', #1818, #563, #922, .T. ) ;
#1472 = VECTOR ( 'NONE', #952, 1000.000000000000000 ) ;
#1473 = VERTEX_POINT ( 'NONE', #2 ) ;
#1474 = AXIS2_PLACEMENT_3D ( 'NONE', #1531, #1870, #558 ) ;
#1475 = EDGE_CURVE ( 'NONE', #995, #1118, #683, .T. ) ;
#1476 = CARTESIAN_POINT ( 'NONE',  ( 3.500000000000000888, 7.000000000000005329, 10.99999999999999645 ) ) ;
#1477 = EDGE_LOOP ( 'NONE', ( #1, #894, #1138, #1968 ) ) ;
#1478 = CARTESIAN_POINT ( 'NONE',  ( 38.00000000000000000, 1.000000000000000000, 11.00000000000000000 ) ) ;
#1479 = ORIENTED_EDGE ( 'NONE', *, *, #1085, .F. ) ;
#1480 = EDGE_CURVE ( 'NONE', #2007, #1760, #1857, .T. ) ;
#1481 = CARTESIAN_POINT ( 'NONE',  ( 38.00000000000000711, 12.00000000000000355, 22.00000000000000000 ) ) ;
#1482 = LINE ( 'NONE', #759, #1508 ) ;
#1483 = CARTESIAN_POINT ( 'NONE',  ( 3.500000000000000888, 7.000000000000004441, 9.899999999999996803 ) ) ;
#1484 = ORIENTED_EDGE ( 'NONE', *, *, #1233, .T. ) ;
#1485 = EDGE_CURVE ( 'NONE', #2107, #1950, #2251, .T. ) ;
#1486 = DIRECTION ( 'NONE',  ( 0.000000000000000000, 0.000000000000000000, 1.000000000000000000 ) ) ;
#1487 = VERTEX_POINT ( 'NONE', #1168 ) ;
#1488 = CARTESIAN_POINT ( 'NONE',  ( 3.500000000000000888, 7.000000000000004441, 8.999999999999996447 ) ) ;
#1489 = ORIENTED_EDGE ( 'NONE', *, *, #149, .T. ) ;
#1490 = CARTESIAN_POINT ( 'NONE',  ( 6.000000000000000000, 7.000000000000000000, 9.000000000000000000 ) ) ;
#1491 = CARTESIAN_POINT ( 'NONE',  ( 24.00000000000000000, 6.000000000000000000, 21.59999999999999787 ) ) ;
#1492 = DIRECTION ( 'NONE',  ( -1.000000000000000000, 0.000000000000000000, 0.000000000000000000 ) ) ;
#1493 = ORIENTED_EDGE ( 'NONE', *, *, #1306, .T. ) ;
#1494 = VECTOR ( 'NONE', #1088, 1000.000000000000000 ) ;
#1495 = EDGE_CURVE ( 'NONE', #687, #1464, #283, .T. ) ;
#1496 = CARTESIAN_POINT ( 'NONE',  ( 1.000000000000000000, 1.000000000000000000, 9.999999999999998224 ) ) ;
#1497 = ORIENTED_EDGE ( 'NONE', *, *, #1130, .T. ) ;
#1498 = DIRECTION ( 'NONE',  ( 0.000000000000000000, -1.000000000000000000, 0.000000000000000000 ) ) ;
#1499 = EDGE_LOOP ( 'NONE', ( #950, #1351 ) ) ;
#1500 = ORIENTED_EDGE ( 'NONE', *, *, #2193, .F. ) ;
#1501 = MANIFOLD_SOLID_BREP ( '\X2\52079664\X0\-\X2\62c94f38\X0\11', #620 ) ;
#1502 = CARTESIAN_POINT ( 'NONE',  ( 39.50000000000000000, 7.000000000000000000, 10.99999999999999645 ) ) ;
#1503 = CIRCLE ( 'NONE', #1251, 1.199999999999999734 ) ;
#1504 = DIRECTION ( 'NONE',  ( 5.864247291028521414E-17, 0.4788521306805719191, 0.8778955729143851361 ) ) ;
#1505 = AXIS2_PLACEMENT_3D ( 'NONE', #445, #1195, #504 ) ;
#1506 = DIRECTION ( 'NONE',  ( -0.000000000000000000, 4.336808689942017736E-16, 1.000000000000000000 ) ) ;
#1507 = VERTEX_POINT ( 'NONE', #67 ) ;
#1508 = VECTOR ( 'NONE', #2252, 1000.000000000000000 ) ;
#1509 = EDGE_CURVE ( 'NONE', #1020, #795, #839, .T. ) ;
#1510 = VECTOR ( 'NONE', #178, 1000.000000000000000 ) ;
#1511 = VECTOR ( 'NONE', #2307, 1000.000000000000000 ) ;
#1512 = EDGE_CURVE ( 'NONE', #1785, #1118, #991, .T. ) ;
#1513 = ORIENTED_EDGE ( 'NONE', *, *, #24, .F. ) ;
#1514 = VECTOR ( 'NONE', #316, 1000.000000000000000 ) ;
#1515 = SURFACE_STYLE_USAGE ( .BOTH. , #1929 ) ;
#1516 = ORIENTED_EDGE ( 'NONE', *, *, #284, .T. ) ;
#1517 = CARTESIAN_POINT ( 'NONE',  ( 38.00000000000000000, 12.00000000000000000, 9.000000000000000000 ) ) ;
#1518 = ORIENTED_EDGE ( 'NONE', *, *, #1076, .T. ) ;
#1519 = ORIENTED_EDGE ( 'NONE', *, *, #114, .F. ) ;
#1520 = PLANE ( 'NONE',  #634 ) ;
#1521 = CARTESIAN_POINT ( 'NONE',  ( 48.50000000000000000, 7.799999999999992717, 9.899999999999996803 ) ) ;
#1522 = EDGE_CURVE ( 'NONE', #369, #790, #1526, .T. ) ;
#1523 = CARTESIAN_POINT ( 'NONE',  ( 28.00000000000000000, 8.000000000000000000, 19.00000000000000000 ) ) ;
#1524 = EDGE_LOOP ( 'NONE', ( #2271, #840, #1329, #606 ) ) ;
#1525 = ORIENTED_EDGE ( 'NONE', *, *, #129, .F. ) ;
#1526 = LINE ( 'NONE', #2270, #436 ) ;
#1527 = ORIENTED_EDGE ( 'NONE', *, *, #1252, .F. ) ;
#1528 = EDGE_CURVE ( 'NONE', #1004, #479, #586, .T. ) ;
#1529 = ORIENTED_EDGE ( 'NONE', *, *, #37, .T. ) ;
#1530 = ORIENTED_EDGE ( 'NONE', *, *, #738, .T. ) ;
#1531 = CARTESIAN_POINT ( 'NONE',  ( 3.500000000000000888, 7.000000000000004441, 9.899999999999996803 ) ) ;
#1532 = DIRECTION ( 'NONE',  ( -1.000000000000000000, 0.000000000000000000, 0.000000000000000000 ) ) ;
#1533 = SPHERICAL_SURFACE ( 'NONE', #2134, 1.000000000000000000 ) ;
#1534 = FACE_OUTER_BOUND ( 'NONE', #647, .T. ) ;
#1535 = ORIENTED_EDGE ( 'NONE', *, *, #1715, .T. ) ;
#1536 = DIRECTION ( 'NONE',  ( -0.000000000000000000, 4.336808689942017736E-16, 1.000000000000000000 ) ) ;
#1537 = ORIENTED_EDGE ( 'NONE', *, *, #1775, .F. ) ;
#1538 = ORIENTED_EDGE ( 'NONE', *, *, #2193, .T. ) ;
#1539 = ORIENTED_EDGE ( 'NONE', *, *, #1237, .F. ) ;
#1540 = ADVANCED_FACE ( 'NONE', ( #1904 ), #1717, .T. ) ;
#1541 = FACE_OUTER_BOUND ( 'NONE', #1458, .T. ) ;
#1542 = DIRECTION ( 'NONE',  ( 0.000000000000000000, 0.000000000000000000, -1.000000000000000000 ) ) ;
#1543 = DIRECTION ( 'NONE',  ( 0.000000000000000000, -1.000000000000000000, 0.000000000000000000 ) ) ;
#1544 = CARTESIAN_POINT ( 'NONE',  ( 24.00000000000000000, 2.000000000000000000, 19.00000000000000000 ) ) ;
#1545 = VECTOR ( 'NONE', #1600, 1000.000000000000000 ) ;
#1546 = DIRECTION ( 'NONE',  ( -1.000000000000000000, 0.000000000000000000, -0.000000000000000000 ) ) ;
#1547 = EDGE_CURVE ( 'NONE', #980, #1380, #1017, .T. ) ;
#1548 = AXIS2_PLACEMENT_3D ( 'NONE', #680, #147, #2354 ) ;
#1549 = AXIS2_PLACEMENT_3D ( 'NONE', #1051, #1979, #705 ) ;
#1550 = DIRECTION ( 'NONE',  ( 1.000000000000000000, 0.000000000000000000, 0.000000000000000000 ) ) ;
#1551 = LINE ( 'NONE', #2334, #172 ) ;
#1552 = CARTESIAN_POINT ( 'NONE',  ( 1.000000000000000000, 12.99999999999999822, 1.000000000000000000 ) ) ;
#1553 =( GEOMETRIC_REPRESENTATION_CONTEXT ( 3 ) GLOBAL_UNCERTAINTY_ASSIGNED_CONTEXT ( ( #1808 ) ) GLOBAL_UNIT_ASSIGNED_CONTEXT ( ( #1196, #2258, #78 ) ) REPRESENTATION_CONTEXT ( 'NONE', 'WORKASPACE' ) );
#1554 = ORIENTED_EDGE ( 'NONE', *, *, #928, .T. ) ;
#1555 = EDGE_CURVE ( 'NONE', #1718, #668, #1289, .T. ) ;
#1556 =( NAMED_UNIT ( * ) PLANE_ANGLE_UNIT ( ) SI_UNIT ( $, .RADIAN. ) );
#1557 = AXIS2_PLACEMENT_3D ( 'NONE', #2312, #2102, #1230 ) ;
#1558 = ORIENTED_EDGE ( 'NONE', *, *, #978, .T. ) ;
#1559 = VERTEX_POINT ( 'NONE', #646 ) ;
#1560 = CARTESIAN_POINT ( 'NONE',  ( 6.000000000000000000, 7.000000000000000000, 9.000000000000000000 ) ) ;
#1561 = ADVANCED_FACE ( 'NONE', ( #625 ), #2296, .F. ) ;
#1562 = DIRECTION ( 'NONE',  ( 0.000000000000000000, -1.000000000000000000, 0.000000000000000000 ) ) ;
#1563 = DIRECTION ( 'NONE',  ( 0.000000000000000000, 0.000000000000000000, -1.000000000000000000 ) ) ;
#1564 = DIRECTION ( 'NONE',  ( -0.000000000000000000, -0.000000000000000000, 1.000000000000000000 ) ) ;
#1565 = DIRECTION ( 'NONE',  ( -0.000000000000000000, -0.000000000000000000, 1.000000000000000000 ) ) ;
#1566 = EDGE_CURVE ( 'NONE', #1380, #1818, #1750, .T. ) ;
#1567 = EDGE_CURVE ( 'NONE', #2070, #1020, #1875, .T. ) ;
#1568 = EDGE_LOOP ( 'NONE', ( #1669, #495, #1099, #1716 ) ) ;
#1569 = FACE_BOUND ( 'NONE', #1868, .T. ) ;
#1570 = CARTESIAN_POINT ( 'NONE',  ( 13.99999999999999822, 12.00000000000000355, 22.00000000000000000 ) ) ;
#1571 = ORIENTED_EDGE ( 'NONE', *, *, #1941, .T. ) ;
#1572 = EDGE_LOOP ( 'NONE', ( #711, #2099, #427, #2317, #960, #1199, #1676, #533, #1886, #152 ) ) ;
#1573 = DIRECTION ( 'NONE',  ( -0.000000000000000000, 1.000000000000000000, 0.000000000000000000 ) ) ;
#1574 = DIRECTION ( 'NONE',  ( 0.000000000000000000, -0.000000000000000000, -1.000000000000000000 ) ) ;
#1575 = CARTESIAN_POINT ( 'NONE',  ( 12.50000000000000178, 7.000000000000002665, 9.899999999999996803 ) ) ;
#1576 = LINE ( 'NONE', #817, #1789 ) ;
#1577 = ORIENTED_EDGE ( 'NONE', *, *, #2378, .T. ) ;
#1578 = LINE ( 'NONE', #823, #667 ) ;
#1579 = DIRECTION ( 'NONE',  ( 1.000000000000000000, -0.000000000000000000, 0.000000000000000000 ) ) ;
#1580 = ADVANCED_FACE ( 'NONE', ( #50 ), #323, .T. ) ;
#1581 = ORIENTED_EDGE ( 'NONE', *, *, #242, .F. ) ;
#1582 = ORIENTED_EDGE ( 'NONE', *, *, #1119, .T. ) ;
#1583 = LINE ( 'NONE', #1922, #1514 ) ;
#1584 = DIRECTION ( 'NONE',  ( 0.000000000000000000, -1.000000000000000000, 0.000000000000000000 ) ) ;
#1585 = DIRECTION ( 'NONE',  ( 0.000000000000000000, -1.000000000000000000, 0.000000000000000000 ) ) ;
#1586 = LINE ( 'NONE', #640, #210 ) ;
#1587 = AXIS2_PLACEMENT_3D ( 'NONE', #1611, #2355, #2344 ) ;
#1588 = AXIS2_PLACEMENT_3D ( 'NONE', #124, #1396, #2077 ) ;
#1589 = ORIENTED_EDGE ( 'NONE', *, *, #2095, .F. ) ;
#1590 = DIRECTION ( 'NONE',  ( -1.000000000000000000, 0.000000000000000000, 0.000000000000000000 ) ) ;
#1591 = CARTESIAN_POINT ( 'NONE',  ( 2.000000000000000000, 11.99999999999999822, 9.000000000000000000 ) ) ;
#1592 = EDGE_CURVE ( 'NONE', #93, #668, #864, .T. ) ;
#1593 = AXIS2_PLACEMENT_3D ( 'NONE', #412, #240, #591 ) ;
#1594 = ORIENTED_EDGE ( 'NONE', *, *, #592, .F. ) ;
#1595 = AXIS2_PLACEMENT_3D ( 'NONE', #371, #1133, #1486 ) ;
#1596 = ORIENTED_EDGE ( 'NONE', *, *, #548, .T. ) ;
#1597 = CARTESIAN_POINT ( 'NONE',  ( 38.00000000000000000, 2.000000000000001776, 22.00000000000000000 ) ) ;
#1598 = CIRCLE ( 'NONE', #552, 0.8000000000000020428 ) ;
#1599 = DIRECTION ( 'NONE',  ( 0.000000000000000000, -0.000000000000000000, -1.000000000000000000 ) ) ;
#1600 = DIRECTION ( 'NONE',  ( 0.000000000000000000, 1.000000000000000000, 0.000000000000000000 ) ) ;
#1601 = CIRCLE ( 'NONE', #1474, 0.8000000000000003775 ) ;
#1602 = LINE ( 'NONE', #500, #2291 ) ;
#1603 = DIRECTION ( 'NONE',  ( 1.000000000000000000, 0.000000000000000000, 0.000000000000000000 ) ) ;
#1604 = ADVANCED_FACE ( 'NONE', ( #2139 ), #670, .F. ) ;
#1605 = EDGE_LOOP ( 'NONE', ( #594, #161 ) ) ;
#1606 = FACE_BOUND ( 'NONE', #458, .T. ) ;
#1607 = ORIENTED_EDGE ( 'NONE', *, *, #710, .T. ) ;
#1608 = EDGE_LOOP ( 'NONE', ( #300, #2050 ) ) ;
#1609 = LINE ( 'NONE', #2375, #2217 ) ;
#1610 = CARTESIAN_POINT ( 'NONE',  ( 27.19999999999999929, 4.000000000000000000, 19.00000000000000000 ) ) ;
#1611 = CARTESIAN_POINT ( 'NONE',  ( 44.00000000000000000, 7.000000000000000000, 9.000000000000000000 ) ) ;
#1612 = CARTESIAN_POINT ( 'NONE',  ( 1.000000000000000000, 13.99999999999999822, 11.00000000000000000 ) ) ;
#1613 = DIRECTION ( 'NONE',  ( 0.000000000000000000, 0.000000000000000000, -1.000000000000000000 ) ) ;
#1614 = ORIENTED_EDGE ( 'NONE', *, *, #734, .F. ) ;
#1615 = ORIENTED_EDGE ( 'NONE', *, *, #443, .F. ) ;
#1616 = CARTESIAN_POINT ( 'NONE',  ( 51.00000000000000000, 13.99999999999999822, 11.00000000000000000 ) ) ;
#1617 = VERTEX_POINT ( 'NONE', #128 ) ;
#1618 = CARTESIAN_POINT ( 'NONE',  ( 46.00000000000000000, 7.000000000000000000, 11.00000000000000000 ) ) ;
#1619 = DIRECTION ( 'NONE',  ( -0.000000000000000000, 4.336808689942017736E-16, 1.000000000000000000 ) ) ;
#1620 = CARTESIAN_POINT ( 'NONE',  ( 15.00000000000000000, 12.99999999999999822, 22.00000000000000000 ) ) ;
#1621 = CARTESIAN_POINT ( 'NONE',  ( 15.00000000000000000, 0.000000000000000000, 11.00000000000000000 ) ) ;
#1622 = ORIENTED_EDGE ( 'NONE', *, *, #684, .F. ) ;
#1623 = AXIS2_PLACEMENT_3D ( 'NONE', #402, #930, #2266 ) ;
#1624 = CARTESIAN_POINT ( 'NONE',  ( 28.00000000000000000, 6.000000000000000000, 21.59999999999999787 ) ) ;
#1625 = AXIS2_PLACEMENT_3D ( 'NONE', #1039, #85, #816 ) ;
#1626 = VECTOR ( 'NONE', #2318, 1000.000000000000000 ) ;
#1627 = CARTESIAN_POINT ( 'NONE',  ( 52.00000000000000000, 1.000000000000000000, 9.999999999999998224 ) ) ;
#1628 = VECTOR ( 'NONE', #1328, 1000.000000000000227 ) ;
#1629 = CIRCLE ( 'NONE', #1219, 1.199999999999999734 ) ;
#1630 = DIRECTION ( 'NONE',  ( 0.000000000000000000, 0.000000000000000000, 1.000000000000000000 ) ) ;
#1631 = CARTESIAN_POINT ( 'NONE',  ( 27.19999999999999929, 10.00000000000000000, 19.00000000000000000 ) ) ;
#1632 = VECTOR ( 'NONE', #1340, 1000.000000000000000 ) ;
#1633 = ORIENTED_EDGE ( 'NONE', *, *, #928, .F. ) ;
#1634 = PRODUCT_RELATED_PRODUCT_CATEGORY ( 'part', '', ( #513 ) ) ;
#1635 = EDGE_CURVE ( 'NONE', #130, #774, #142, .T. ) ;
#1636 = CARTESIAN_POINT ( 'NONE',  ( 27.19999999999999929, 4.000000000000000000, 11.99999999999999822 ) ) ;
#1637 = CARTESIAN_POINT ( 'NONE',  ( 13.99999999999999822, 12.00000000000000355, 11.00000000000000000 ) ) ;
#1638 = DIRECTION ( 'NONE',  ( 0.000000000000000000, -0.4788521306805753608, 0.8778955729143831377 ) ) ;
#1639 = DIRECTION ( 'NONE',  ( 1.000000000000000000, 0.000000000000000000, 0.000000000000000000 ) ) ;
#1640 = CARTESIAN_POINT ( 'NONE',  ( 15.00000000000000000, 13.99999999999999822, 11.00000000000000000 ) ) ;
#1641 = VERTEX_POINT ( 'NONE', #1591 ) ;
#1642 = EDGE_CURVE ( 'NONE', #587, #889, #1629, .T. ) ;
#1643 = CARTESIAN_POINT ( 'NONE',  ( 38.00000000000000711, 12.00000000000000355, 22.00000000000000000 ) ) ;
#1644 = ORIENTED_EDGE ( 'NONE', *, *, #242, .T. ) ;
#1645 = DIRECTION ( 'NONE',  ( 0.000000000000000000, 0.000000000000000000, -1.000000000000000000 ) ) ;
#1646 = ADVANCED_FACE ( 'NONE', ( #313 ), #2152, .F. ) ;
#1647 = ORIENTED_EDGE ( 'NONE', *, *, #485, .F. ) ;
#1648 = PLANE ( 'NONE',  #1024 ) ;
#1649 = DIRECTION ( 'NONE',  ( 0.000000000000000000, 0.000000000000000000, -1.000000000000000000 ) ) ;
#1650 = FACE_OUTER_BOUND ( 'NONE', #2101, .T. ) ;
#1651 = EDGE_LOOP ( 'NONE', ( #2243, #1919, #1836, #2153, #1281, #837 ) ) ;
#1652 = ADVANCED_FACE ( 'NONE', ( #2335 ), #689, .F. ) ;
#1653 = DIRECTION ( 'NONE',  ( 0.000000000000000000, -1.000000000000000000, 0.000000000000000000 ) ) ;
#1654 = ORIENTED_EDGE ( 'NONE', *, *, #592, .T. ) ;
#1655 = VECTOR ( 'NONE', #604, 1000.000000000000000 ) ;
#1656 = AXIS2_PLACEMENT_3D ( 'NONE', #490, #656, #1388 ) ;
#1657 = DIRECTION ( 'NONE',  ( -0.000000000000000000, 4.336808689942017736E-16, 1.000000000000000000 ) ) ;
#1658 = ORIENTED_EDGE ( 'NONE', *, *, #734, .T. ) ;
#1659 = DIRECTION ( 'NONE',  ( 0.000000000000000000, -0.000000000000000000, 1.000000000000000000 ) ) ;
#1660 = DIRECTION ( 'NONE',  ( -0.000000000000000000, -0.000000000000000000, 1.000000000000000000 ) ) ;
#1661 = EDGE_CURVE ( 'NONE', #2231, #2137, #2177, .T. ) ;
#1662 = FACE_OUTER_BOUND ( 'NONE', #51, .T. ) ;
#1663 = AXIS2_PLACEMENT_3D ( 'NONE', #376, #1670, #1344 ) ;
#1664 = ORIENTED_EDGE ( 'NONE', *, *, #1994, .F. ) ;
#1665 = VECTOR ( 'NONE', #212, 1000.000000000000000 ) ;
#1666 = CARTESIAN_POINT ( 'NONE',  ( 1.000000000000000000, 13.99999999999999822, 1.000000000000000888 ) ) ;
#1667 = ORIENTED_EDGE ( 'NONE', *, *, #966, .F. ) ;
#1668 = LINE ( 'NONE', #373, #1863 ) ;
#1669 = ORIENTED_EDGE ( 'NONE', *, *, #502, .F. ) ;
#1670 = DIRECTION ( 'NONE',  ( -0.000000000000000000, 4.336808689942017736E-16, 1.000000000000000000 ) ) ;
#1671 = CARTESIAN_POINT ( 'NONE',  ( 39.50000000000000000, 6.999999999999999112, 9.899999999999996803 ) ) ;
#1672 = DIRECTION ( 'NONE',  ( 0.000000000000000000, 1.000000000000000000, 0.000000000000000000 ) ) ;
#1673 = ORIENTED_EDGE ( 'NONE', *, *, #1030, .T. ) ;
#1674 = EDGE_CURVE ( 'NONE', #1200, #2036, #474, .T. ) ;
#1675 = DIRECTION ( 'NONE',  ( -1.734723475976806848E-16, 1.000000000000000000, -0.000000000000000000 ) ) ;
#1676 = ORIENTED_EDGE ( 'NONE', *, *, #710, .F. ) ;
#1677 = LINE ( 'NONE', #1517, #913 ) ;
#1678 = VERTEX_POINT ( 'NONE', #2214 ) ;
#1679 = ORIENTED_EDGE ( 'NONE', *, *, #2347, .T. ) ;
#1680 = EDGE_CURVE ( 'NONE', #372, #2348, #334, .T. ) ;
#1681 = DIRECTION ( 'NONE',  ( 1.000000000000000000, 0.000000000000000000, 0.000000000000000000 ) ) ;
#1682 = DIRECTION ( 'NONE',  ( 0.000000000000000000, -1.000000000000000000, 0.000000000000000000 ) ) ;
#1683 = FACE_OUTER_BOUND ( 'NONE', #1143, .T. ) ;
#1684 =( BOUNDED_CURVE ( )  B_SPLINE_CURVE ( 3, ( #1725, #74, #84, #1894 ),
 .UNSPECIFIED., .F., .T. ) 
 B_SPLINE_CURVE_WITH_KNOTS ( ( 4, 4 ),
 ( 3.141592653589793116, 4.712388980384689674 ),
 .UNSPECIFIED. ) 
 CURVE ( )  GEOMETRIC_REPRESENTATION_ITEM ( )  RATIONAL_B_SPLINE_CURVE ( ( 1.000000000000000000, 0.8047378541243649375, 0.8047378541243649375, 1.000000000000000000 ) ) 
 REPRESENTATION_ITEM ( '' )  );
#1685 = EDGE_CURVE ( 'NONE', #765, #980, #1751, .T. ) ;
#1686 = ORIENTED_EDGE ( 'NONE', *, *, #193, .T. ) ;
#1687 = ORIENTED_EDGE ( 'NONE', *, *, #1744, .T. ) ;
#1688 = CIRCLE ( 'NONE', #1656, 1.199999999999999734 ) ;
#1689 = PRESENTATION_STYLE_ASSIGNMENT (( #1515 ) ) ;
#1690 = ORIENTED_EDGE ( 'NONE', *, *, #921, .T. ) ;
#1691 = ADVANCED_FACE ( 'NONE', ( #1266 ), #716, .T. ) ;
#1692 = DIRECTION ( 'NONE',  ( 0.000000000000000000, 1.000000000000000000, 0.000000000000000000 ) ) ;
#1693 = ORIENTED_EDGE ( 'NONE', *, *, #1471, .F. ) ;
#1694 = ORIENTED_EDGE ( 'NONE', *, *, #1566, .F. ) ;
#1695 = AXIS2_PLACEMENT_3D ( 'NONE', #499, #1082, #1409 ) ;
#1696 = LINE ( 'NONE', #200, #398 ) ;
#1697 = AXIS2_PLACEMENT_3D ( 'NONE', #1575, #2315, #1585 ) ;
#1698 = CARTESIAN_POINT ( 'NONE',  ( 12.50000000000000178, 6.200000000000001066, 9.899999999999996803 ) ) ;
#1699 = AXIS2_PLACEMENT_3D ( 'NONE', #912, #1250, #1810 ) ;
#1700 = DIRECTION ( 'NONE',  ( 0.000000000000000000, 0.000000000000000000, -1.000000000000000000 ) ) ;
#1701 = ORIENTED_EDGE ( 'NONE', *, *, #1141, .F. ) ;
#1702 = CIRCLE ( 'NONE', #1746, 1.000000000000000000 ) ;
#1703 = AXIS2_PLACEMENT_3D ( 'NONE', #1385, #1050, #1926 ) ;
#1704 = AXIS2_PLACEMENT_3D ( 'NONE', #461, #1350, #1144 ) ;
#1705 = CARTESIAN_POINT ( 'NONE',  ( 26.00000000000000000, 4.000000000000000000, 21.59999999999999787 ) ) ;
#1706 = AXIS2_PLACEMENT_3D ( 'NONE', #386, #1149, #1681 ) ;
#1707 = DIRECTION ( 'NONE',  ( 0.000000000000000000, 0.000000000000000000, -1.000000000000000000 ) ) ;
#1708 = ORIENTED_EDGE ( 'NONE', *, *, #1110, .F. ) ;
#1709 = ORIENTED_EDGE ( 'NONE', *, *, #2337, .F. ) ;
#1710 = ORIENTED_EDGE ( 'NONE', *, *, #1136, .F. ) ;
#1711 = PLANE ( 'NONE',  #298 ) ;
#1712 = CARTESIAN_POINT ( 'NONE',  ( 1.000000000000000000, 0.000000000000000000, 1.000000000000000888 ) ) ;
#1713 = CYLINDRICAL_SURFACE ( 'NONE', #325, 0.7999999999999951594 ) ;
#1714 = LINE ( 'NONE', #2130, #426 ) ;
#1715 = EDGE_CURVE ( 'NONE', #56, #540, #189, .T. ) ;
#1716 = ORIENTED_EDGE ( 'NONE', *, *, #1110, .T. ) ;
#1717 = SPHERICAL_SURFACE ( 'NONE', #139, 1.000000000000000000 ) ;
#1718 = VERTEX_POINT ( 'NONE', #2365 ) ;
#1719 = ORIENTED_EDGE ( 'NONE', *, *, #1301, .T. ) ;
#1720 = EDGE_CURVE ( 'NONE', #1343, #369, #159, .T. ) ;
#1721 = ORIENTED_EDGE ( 'NONE', *, *, #2062, .T. ) ;
#1722 = EDGE_CURVE ( 'NONE', #1840, #2018, #2005, .T. ) ;
#1723 = CARTESIAN_POINT ( 'NONE',  ( 38.00000000000000000, 2.000000000000001776, 11.00000000000000000 ) ) ;
#1724 = CARTESIAN_POINT ( 'NONE',  ( 15.00000000000000000, 13.99999999999999822, 9.999999999999998224 ) ) ;
#1725 = CARTESIAN_POINT ( 'NONE',  ( 13.99999999999999822, 12.99999999999999822, 11.00000000000000000 ) ) ;
#1726 = FACE_BOUND ( 'NONE', #2280, .T. ) ;
#1727 = CARTESIAN_POINT ( 'NONE',  ( 37.00000000000000000, 1.000000000000000000, 22.00000000000000000 ) ) ;
#1728 = ADVANCED_FACE ( 'NONE', ( #927 ), #1648, .F. ) ;
#1729 = DIRECTION ( 'NONE',  ( -0.000000000000000000, -0.000000000000000000, 1.000000000000000000 ) ) ;
#1730 = CARTESIAN_POINT ( 'NONE',  ( 14.00000000000000000, 2.000000000000000000, 9.000000000000000000 ) ) ;
#1731 = EDGE_CURVE ( 'NONE', #2142, #1879, #1439, .T. ) ;
#1732 = ORIENTED_EDGE ( 'NONE', *, *, #457, .F. ) ;
#1733 = LINE ( 'NONE', #1171, #2186 ) ;
#1734 = ORIENTED_EDGE ( 'NONE', *, *, #1567, .T. ) ;
#1735 = VERTEX_POINT ( 'NONE', #366 ) ;
#1736 = ADVANCED_FACE ( 'NONE', ( #2011 ), #744, .T. ) ;
#1737 = FACE_OUTER_BOUND ( 'NONE', #2262, .T. ) ;
#1738 = CARTESIAN_POINT ( 'NONE',  ( 51.00000000000000000, 1.000000000000000000, 1.000000000000000000 ) ) ;
#1739 = CARTESIAN_POINT ( 'NONE',  ( 51.00000000000000000, 1.000000000000000000, 1.000000000000000000 ) ) ;
#1740 = LINE ( 'NONE', #1372, #2369 ) ;
#1741 = VECTOR ( 'NONE', #1323, 1000.000000000000000 ) ;
#1742 = FACE_OUTER_BOUND ( 'NONE', #881, .T. ) ;
#1743 = AXIS2_PLACEMENT_3D ( 'NONE', #1738, #1935, #831 ) ;
#1744 = EDGE_CURVE ( 'NONE', #1343, #144, #1169, .T. ) ;
#1745 = VECTOR ( 'NONE', #2361, 1000.000000000000000 ) ;
#1746 = AXIS2_PLACEMENT_3D ( 'NONE', #377, #1457, #22 ) ;
#1747 = AXIS2_PLACEMENT_3D ( 'NONE', #2206, #553, #1291 ) ;
#1748 = DIRECTION ( 'NONE',  ( 0.000000000000000000, 1.000000000000000000, 0.000000000000000000 ) ) ;
#1749 = CARTESIAN_POINT ( 'NONE',  ( 1.000000000000000000, 13.99999999999999822, 0.000000000000000000 ) ) ;
#1750 = LINE ( 'NONE', #1570, #1511 ) ;
#1751 = CIRCLE ( 'NONE', #257, 1.000000000000000888 ) ;
#1752 = CONICAL_SURFACE ( 'NONE', #1068, 0.8000000000000020428, 0.4993467216801281139 ) ;
#1753 = ORIENTED_EDGE ( 'NONE', *, *, #1555, .T. ) ;
#1754 = VERTEX_POINT ( 'NONE', #1977 ) ;
#1755 = CARTESIAN_POINT ( 'NONE',  ( 12.50000000000000178, 7.800000000000005151, 8.999999999999996447 ) ) ;
#1756 = FACE_OUTER_BOUND ( 'NONE', #2259, .T. ) ;
#1757 = DIRECTION ( 'NONE',  ( -1.000000000000000000, 0.000000000000000000, 0.000000000000000000 ) ) ;
#1758 = CYLINDRICAL_SURFACE ( 'NONE', #1098, 1.000000000000000000 ) ;
#1759 = EDGE_CURVE ( 'NONE', #2069, #880, #119, .T. ) ;
#1760 = VERTEX_POINT ( 'NONE', #355 ) ;
#1761 = DIRECTION ( 'NONE',  ( 1.000000000000000000, 0.000000000000000000, 0.000000000000000000 ) ) ;
#1762 = DIRECTION ( 'NONE',  ( 0.000000000000000000, 0.000000000000000000, 1.000000000000000000 ) ) ;
#1763 = ORIENTED_EDGE ( 'NONE', *, *, #702, .F. ) ;
#1764 = ORIENTED_EDGE ( 'NONE', *, *, #1471, .T. ) ;
#1765 = DIRECTION ( 'NONE',  ( 0.000000000000000000, 0.000000000000000000, -1.000000000000000000 ) ) ;
#1766 = DIRECTION ( 'NONE',  ( 0.000000000000000000, -1.000000000000000000, 0.000000000000000000 ) ) ;
#1767 = EDGE_CURVE ( 'NONE', #1118, #1331, #2140, .T. ) ;
#1768 = LINE ( 'NONE', #681, #714 ) ;
#1769 = DIRECTION ( 'NONE',  ( 0.000000000000000000, 0.000000000000000000, -1.000000000000000000 ) ) ;
#1770 = EDGE_CURVE ( 'NONE', #1197, #1960, #1598, .T. ) ;
#1771 = VERTEX_POINT ( 'NONE', #150 ) ;
#1772 = CARTESIAN_POINT ( 'NONE',  ( 51.00000000000000000, 12.99999999999999822, 11.00000000000000000 ) ) ;
#1773 = CARTESIAN_POINT ( 'NONE',  ( 38.00000000000000000, 2.000000000000001776, 22.00000000000000000 ) ) ;
#1774 = VERTEX_POINT ( 'NONE', #887 ) ;
#1775 = EDGE_CURVE ( 'NONE', #1393, #2107, #525, .T. ) ;
#1776 = EDGE_LOOP ( 'NONE', ( #1513, #1418, #809, #382 ) ) ;
#1777 = LINE ( 'NONE', #869, #639 ) ;
#1778 = CARTESIAN_POINT ( 'NONE',  ( 3.500000000000000888, 7.000000000000005329, 10.99999999999999645 ) ) ;
#1779 = EDGE_CURVE ( 'NONE', #230, #2100, #1899, .T. ) ;
#1780 = CARTESIAN_POINT ( 'NONE',  ( 49.99999999999999289, 2.000000000000000000, 0.000000000000000000 ) ) ;
#1781 = FACE_OUTER_BOUND ( 'NONE', #1830, .T. ) ;
#1782 = DIRECTION ( 'NONE',  ( 0.000000000000000000, -1.000000000000000000, 0.000000000000000000 ) ) ;
#1783 = CIRCLE ( 'NONE', #1625, 0.8000000000000003775 ) ;
#1784 = VECTOR ( 'NONE', #1649, 1000.000000000000000 ) ;
#1785 = VERTEX_POINT ( 'NONE', #167 ) ;
#1786 = DIRECTION ( 'NONE',  ( 0.000000000000000000, 0.000000000000000000, -1.000000000000000000 ) ) ;
#1787 = EDGE_CURVE ( 'NONE', #130, #144, #908, .T. ) ;
#1788 = DIRECTION ( 'NONE',  ( -0.000000000000000000, 4.336808689942017736E-16, 1.000000000000000000 ) ) ;
#1789 = VECTOR ( 'NONE', #1546, 1000.000000000000000 ) ;
#1790 = EDGE_LOOP ( 'NONE', ( #1336, #1933, #1888, #1709 ) ) ;
#1791 = ORIENTED_EDGE ( 'NONE', *, *, #1522, .T. ) ;
#1792 = DIRECTION ( 'NONE',  ( -0.000000000000000000, -0.000000000000000000, 1.000000000000000000 ) ) ;
#1793 = AXIS2_PLACEMENT_3D ( 'NONE', #1502, #1125, #973 ) ;
#1794 = LINE ( 'NONE', #1408, #1165 ) ;
#1795 = DIRECTION ( 'NONE',  ( 0.000000000000000000, 0.000000000000000000, -1.000000000000000000 ) ) ;
#1796 = CARTESIAN_POINT ( 'NONE',  ( 12.50000000000000178, 7.000000000000002665, 8.999999999999996447 ) ) ;
#1797 = VECTOR ( 'NONE', #384, 1000.000000000000000 ) ;
#1798 = CARTESIAN_POINT ( 'NONE',  ( 48.50000000000000000, 7.799999999999992717, 9.899999999999996803 ) ) ;
#1799 = ORIENTED_EDGE ( 'NONE', *, *, #2000, .T. ) ;
#1800 = VERTEX_POINT ( 'NONE', #2074 ) ;
#1801 = CARTESIAN_POINT ( 'NONE',  ( 48.50000000000000000, 5.599999999999998757, 10.99999999999999645 ) ) ;
#1802 = ORIENTED_EDGE ( 'NONE', *, *, #808, .F. ) ;
#1803 = CARTESIAN_POINT ( 'NONE',  ( 24.00000000000000000, 6.000000000000000000, 19.00000000000000000 ) ) ;
#1804 = EDGE_CURVE ( 'NONE', #1154, #70, #939, .T. ) ;
#1805 = DIRECTION ( 'NONE',  ( 1.000000000000000000, 0.000000000000000000, -0.000000000000000000 ) ) ;
#1806 = CARTESIAN_POINT ( 'NONE',  ( 44.00000000000000000, 7.000000000000000000, 11.00000000000000000 ) ) ;
#1807 = FACE_OUTER_BOUND ( 'NONE', #571, .T. ) ;
#1808 = UNCERTAINTY_MEASURE_WITH_UNIT (LENGTH_MEASURE( 1.000000000000000082E-05 ), #1196, 'distance_accuracy_value', 'NONE');
#1809 = ORIENTED_EDGE ( 'NONE', *, *, #1767, .T. ) ;
#1810 = DIRECTION ( 'NONE',  ( 1.000000000000000000, 0.000000000000000000, 0.000000000000000000 ) ) ;
#1811 = ADVANCED_FACE ( 'NONE', ( #1891 ), #590, .F. ) ;
#1812 = FACE_BOUND ( 'NONE', #2026, .T. ) ;
#1813 = CARTESIAN_POINT ( 'NONE',  ( 8.000000000000000000, 7.000000000000000000, 11.00000000000000000 ) ) ;
#1814 = PRODUCT_DEFINITION ( 'ๆ', '', #1231, #1086 ) ;
#1815 = EDGE_CURVE ( 'NONE', #825, #156, #1326, .T. ) ;
#1816 = LINE ( 'NONE', #2346, #2286 ) ;
#1817 = VECTOR ( 'NONE', #336, 1000.000000000000000 ) ;
#1818 = VERTEX_POINT ( 'NONE', #1481 ) ;
#1819 = CONICAL_SURFACE ( 'NONE', #1695, 0.8000000000000020428, 0.4993467216801281139 ) ;
#1820 = CARTESIAN_POINT ( 'NONE',  ( 3.500000000000000888, 6.200000000000003730, 9.899999999999996803 ) ) ;
#1821 = VECTOR ( 'NONE', #872, 1000.000000000000000 ) ;
#1822 = AXIS2_PLACEMENT_3D ( 'NONE', #1009, #2314, #1357 ) ;
#1823 = LINE ( 'NONE', #2219, #1510 ) ;
#1824 = FACE_OUTER_BOUND ( 'NONE', #1217, .T. ) ;
#1825 = AXIS2_PLACEMENT_3D ( 'NONE', #915, #1833, #185 ) ;
#1826 = AXIS2_PLACEMENT_3D ( 'NONE', #1095, #6, #2023 ) ;
#1827 = DIRECTION ( 'NONE',  ( -0.000000000000000000, 1.000000000000000000, 0.000000000000000000 ) ) ;
#1828 = PLANE ( 'NONE',  #582 ) ;
#1829 = VECTOR ( 'NONE', #555, 1000.000000000000000 ) ;
#1830 = EDGE_LOOP ( 'NONE', ( #1147, #655, #1687, #126 ) ) ;
#1831 = CARTESIAN_POINT ( 'NONE',  ( 37.00000000000000000, -1.264902534566422908E-16, 22.00000000000000000 ) ) ;
#1832 = ADVANCED_FACE ( 'NONE', ( #422 ), #1520, .F. ) ;
#1833 = DIRECTION ( 'NONE',  ( -0.000000000000000000, 4.336808689942017736E-16, 1.000000000000000000 ) ) ;
#1834 = ORIENTED_EDGE ( 'NONE', *, *, #1685, .F. ) ;
#1835 = CARTESIAN_POINT ( 'NONE',  ( 1.000000000000000000, 1.000000000000000000, 9.999999999999998224 ) ) ;
#1836 = ORIENTED_EDGE ( 'NONE', *, *, #1528, .T. ) ;
#1837 = DIRECTION ( 'NONE',  ( -0.000000000000000000, -0.000000000000000000, 1.000000000000000000 ) ) ;
#1838 = CARTESIAN_POINT ( 'NONE',  ( 28.00000000000000000, 12.00000000000000000, 19.00000000000000000 ) ) ;
#1839 = CARTESIAN_POINT ( 'NONE',  ( 48.50000000000000000, 6.999999999999998224, 10.99999999999999645 ) ) ;
#1840 = VERTEX_POINT ( 'NONE', #1320 ) ;
#1841 = DIRECTION ( 'NONE',  ( 0.000000000000000000, 0.000000000000000000, -1.000000000000000000 ) ) ;
#1842 = ORIENTED_EDGE ( 'NONE', *, *, #2204, .F. ) ;
#1843 = CARTESIAN_POINT ( 'NONE',  ( 38.00000000000000000, 1.000000000000000000, 11.00000000000000000 ) ) ;
#1844 = ORIENTED_EDGE ( 'NONE', *, *, #1956, .F. ) ;
#1845 = SPHERICAL_SURFACE ( 'NONE', #1706, 1.000000000000000000 ) ;
#1846 = LINE ( 'NONE', #2024, #137 ) ;
#1847 = CARTESIAN_POINT ( 'NONE',  ( 12.50000000000000178, 7.000000000000003553, 10.99999999999999645 ) ) ;
#1848 = ORIENTED_EDGE ( 'NONE', *, *, #893, .F. ) ;
#1849 = CIRCLE ( 'NONE', #819, 0.8000000000000020428 ) ;
#1850 = CARTESIAN_POINT ( 'NONE',  ( 3.500000000000000888, 7.800000000000005151, 9.899999999999996803 ) ) ;
#1851 = ORIENTED_EDGE ( 'NONE', *, *, #666, .F. ) ;
#1852 = CIRCLE ( 'NONE', #1321, 1.000000000000000888 ) ;
#1853 = AXIS2_PLACEMENT_3D ( 'NONE', #1179, #294, #111 ) ;
#1854 = CARTESIAN_POINT ( 'NONE',  ( 37.58578643762689353, 3.244476573706588632E-16, 10.58578643762690241 ) ) ;
#1855 = ORIENTED_EDGE ( 'NONE', *, *, #1547, .F. ) ;
#1856 = CARTESIAN_POINT ( 'NONE',  ( 0.000000000000000000, 0.000000000000000000, 11.00000000000000000 ) ) ;
#1857 = CIRCLE ( 'NONE', #551, 2.000000000000001776 ) ;
#1858 = CARTESIAN_POINT ( 'NONE',  ( 24.00000000000000000, 1.999999999999999556, 21.59999999999999787 ) ) ;
#1859 = CYLINDRICAL_SURFACE ( 'NONE', #937, 0.8000000000000020428 ) ;
#1860 = AXIS2_PLACEMENT_3D ( 'NONE', #239, #1295, #1159 ) ;
#1861 = ORIENTED_EDGE ( 'NONE', *, *, #1252, .T. ) ;
#1862 = AXIS2_PLACEMENT_3D ( 'NONE', #1047, #2285, #1201 ) ;
#1863 = VECTOR ( 'NONE', #1645, 1000.000000000000000 ) ;
#1864 = EDGE_CURVE ( 'NONE', #1154, #2150, #603, .T. ) ;
#1865 = DIRECTION ( 'NONE',  ( 0.000000000000000000, 0.000000000000000000, 1.000000000000000000 ) ) ;
#1866 = VERTEX_POINT ( 'NONE', #253 ) ;
#1867 = DIRECTION ( 'NONE',  ( 0.000000000000000000, 0.000000000000000000, -1.000000000000000000 ) ) ;
#1868 = EDGE_LOOP ( 'NONE', ( #1254, #822 ) ) ;
#1869 = EDGE_LOOP ( 'NONE', ( #1124, #948, #264, #2162 ) ) ;
#1870 = DIRECTION ( 'NONE',  ( -0.000000000000000000, 4.336808689942017736E-16, 1.000000000000000000 ) ) ;
#1871 = DIRECTION ( 'NONE',  ( 0.000000000000000000, 1.000000000000000000, 0.000000000000000000 ) ) ;
#1872 = CARTESIAN_POINT ( 'NONE',  ( 26.00000000000000000, 10.00000000000000000, 19.00000000000000000 ) ) ;
#1873 = ORIENTED_EDGE ( 'NONE', *, *, #441, .F. ) ;
#1874 = ADVANCED_FACE ( 'NONE', ( #2234 ), #986, .F. ) ;
#1875 = LINE ( 'NONE', #405, #1407 ) ;
#1876 = ORIENTED_EDGE ( 'NONE', *, *, #20, .F. ) ;
#1877 = LINE ( 'NONE', #2260, #488 ) ;
#1878 = ORIENTED_EDGE ( 'NONE', *, *, #1120, .F. ) ;
#1879 = VERTEX_POINT ( 'NONE', #1490 ) ;
#1880 = LINE ( 'NONE', #1115, #1410 ) ;
#1881 = CARTESIAN_POINT ( 'NONE',  ( 24.80000000000000071, 10.00000000000000000, 21.59999999999999787 ) ) ;
#1882 = FACE_OUTER_BOUND ( 'NONE', #2278, .T. ) ;
#1883 = EDGE_CURVE ( 'NONE', #1414, #983, #946, .T. ) ;
#1884 = ORIENTED_EDGE ( 'NONE', *, *, #2022, .F. ) ;
#1885 = ORIENTED_EDGE ( 'NONE', *, *, #2378, .F. ) ;
#1886 = ORIENTED_EDGE ( 'NONE', *, *, #2133, .T. ) ;
#1887 = LINE ( 'NONE', #741, #2058 ) ;
#1888 = ORIENTED_EDGE ( 'NONE', *, *, #848, .T. ) ;
#1889 = ORIENTED_EDGE ( 'NONE', *, *, #854, .T. ) ;
#1890 = AXIS2_PLACEMENT_3D ( 'NONE', #1204, #295, #1027 ) ;
#1891 = FACE_OUTER_BOUND ( 'NONE', #1365, .T. ) ;
#1892 = AXIS2_PLACEMENT_3D ( 'NONE', #2387, #547, #2042 ) ;
#1893 = FACE_OUTER_BOUND ( 'NONE', #1477, .T. ) ;
#1894 = CARTESIAN_POINT ( 'NONE',  ( 15.00000000000000000, 13.99999999999999822, 9.999999999999998224 ) ) ;
#1895 = CARTESIAN_POINT ( 'NONE',  ( 1.000000000000000000, 1.000000000000000000, 1.000000000000000888 ) ) ;
#1896 = VECTOR ( 'NONE', #2215, 1000.000000000000000 ) ;
#1897 = ADVANCED_FACE ( 'NONE', ( #400, #566 ), #1711, .T. ) ;
#1898 = CONICAL_SURFACE ( 'NONE', #1825, 0.7999999999999951594, 0.4993467216801329434 ) ;
#1899 = CIRCLE ( 'NONE', #2213, 2.000000000000001776 ) ;
#1900 = EDGE_CURVE ( 'NONE', #2299, #1678, #72, .T. ) ;
#1901 = ORIENTED_EDGE ( 'NONE', *, *, #738, .F. ) ;
#1902 = AXIS2_PLACEMENT_3D ( 'NONE', #842, #1573, #1765 ) ;
#1903 = EDGE_CURVE ( 'NONE', #108, #1005, #1601, .T. ) ;
#1904 = FACE_OUTER_BOUND ( 'NONE', #1006, .T. ) ;
#1905 = ORIENTED_EDGE ( 'NONE', *, *, #1132, .T. ) ;
#1906 = ORIENTED_EDGE ( 'NONE', *, *, #1091, .T. ) ;
#1907 = VERTEX_POINT ( 'NONE', #227 ) ;
#1908 = DIRECTION ( 'NONE',  ( 1.000000000000000000, 0.000000000000000000, 0.000000000000000000 ) ) ;
#1909 = DIRECTION ( 'NONE',  ( -0.000000000000000000, 0.000000000000000000, -1.000000000000000000 ) ) ;
#1910 = ADVANCED_FACE ( 'NONE', ( #411 ), #1845, .T. ) ;
#1911 = CARTESIAN_POINT ( 'NONE',  ( 24.00000000000000000, 8.000000000000000000, 19.00000000000000000 ) ) ;
#1912 = CARTESIAN_POINT ( 'NONE',  ( 49.99999999999999289, 0.000000000000000000, 11.00000000000000000 ) ) ;
#1913 = EDGE_CURVE ( 'NONE', #1109, #2018, #1880, .T. ) ;
#1914 = ORIENTED_EDGE ( 'NONE', *, *, #2310, .F. ) ;
#1915 = DIRECTION ( 'NONE',  ( 0.000000000000000000, -0.000000000000000000, 1.000000000000000000 ) ) ;
#1916 = DIRECTION ( 'NONE',  ( 0.000000000000000000, 1.000000000000000000, 0.000000000000000000 ) ) ;
#1917 = ORIENTED_EDGE ( 'NONE', *, *, #2004, .T. ) ;
#1918 = PRODUCT_CONTEXT ( 'NONE', #671, 'mechanical' ) ;
#1919 = ORIENTED_EDGE ( 'NONE', *, *, #1175, .T. ) ;
#1920 = ORIENTED_EDGE ( 'NONE', *, *, #1635, .F. ) ;
#1921 = EDGE_CURVE ( 'NONE', #1559, #2352, #556, .T. ) ;
#1922 = CARTESIAN_POINT ( 'NONE',  ( 0.000000000000000000, 0.000000000000000000, 9.999999999999998224 ) ) ;
#1923 = CARTESIAN_POINT ( 'NONE',  ( 14.00000000000000000, 2.000000000000000000, 11.00000000000000000 ) ) ;
#1924 = CARTESIAN_POINT ( 'NONE',  ( 3.500000000000000888, 6.200000000000005507, 10.99999999999999645 ) ) ;
#1925 = CARTESIAN_POINT ( 'NONE',  ( 38.00000000000000000, 2.000000000000001776, 22.00000000000000000 ) ) ;
#1926 = DIRECTION ( 'NONE',  ( 1.000000000000000000, 0.000000000000000000, 0.000000000000000000 ) ) ;
#1927 = CARTESIAN_POINT ( 'NONE',  ( 13.99999999999999822, 12.00000000000000355, 9.000000000000000000 ) ) ;
#1928 = DIRECTION ( 'NONE',  ( 0.000000000000000000, 0.000000000000000000, 1.000000000000000000 ) ) ;
#1929 = SURFACE_SIDE_STYLE ('',( #261 ) ) ;
#1930 = ORIENTED_EDGE ( 'NONE', *, *, #1495, .T. ) ;
#1931 = VECTOR ( 'NONE', #669, 1000.000000000000000 ) ;
#1932 = EDGE_LOOP ( 'NONE', ( #799, #1070, #789, #1878 ) ) ;
#1933 = ORIENTED_EDGE ( 'NONE', *, *, #1052, .F. ) ;
#1934 = DIRECTION ( 'NONE',  ( -1.000000000000000000, 0.000000000000000000, 0.000000000000000000 ) ) ;
#1935 = DIRECTION ( 'NONE',  ( 1.000000000000000000, 0.000000000000000000, 0.000000000000000000 ) ) ;
#1936 = CARTESIAN_POINT ( 'NONE',  ( 3.500000000000000888, 7.800000000000005151, 8.999999999999996447 ) ) ;
#1937 = DIRECTION ( 'NONE',  ( 0.000000000000000000, 1.000000000000000000, 0.000000000000000000 ) ) ;
#1938 = CONICAL_SURFACE ( 'NONE', #1206, 0.8000000000000003775, 0.4993467216801305009 ) ;
#1939 = CIRCLE ( 'NONE', #1207, 1.199999999999999734 ) ;
#1940 = DIRECTION ( 'NONE',  ( 0.000000000000000000, -1.000000000000000000, 0.000000000000000000 ) ) ;
#1941 = EDGE_CURVE ( 'NONE', #1414, #156, #1696, .T. ) ;
#1942 = AXIS2_PLACEMENT_3D ( 'NONE', #1895, #2327, #1757 ) ;
#1943 = VECTOR ( 'NONE', #1565, 1000.000000000000000 ) ;
#1944 = EDGE_LOOP ( 'NONE', ( #1405, #891, #18, #406 ) ) ;
#1945 = DIRECTION ( 'NONE',  ( 1.000000000000000000, -0.000000000000000000, 0.000000000000000000 ) ) ;
#1946 = DIRECTION ( 'NONE',  ( -1.000000000000000000, 0.000000000000000000, 0.000000000000000000 ) ) ;
#1947 = ADVANCED_FACE ( 'NONE', ( #758 ), #57, .T. ) ;
#1948 = AXIS2_PLACEMENT_3D ( 'NONE', #29, #1498, #224 ) ;
#1949 = EDGE_LOOP ( 'NONE', ( #2096, #1973, #771, #609 ) ) ;
#1950 = VERTEX_POINT ( 'NONE', #678 ) ;
#1951 = DIRECTION ( 'NONE',  ( 0.000000000000000000, 0.000000000000000000, -1.000000000000000000 ) ) ;
#1952 = ADVANCED_FACE ( 'NONE', ( #1541 ), #82, .F. ) ;
#1953 = DIRECTION ( 'NONE',  ( 0.000000000000000000, -0.000000000000000000, -1.000000000000000000 ) ) ;
#1954 = CARTESIAN_POINT ( 'NONE',  ( 1.000000000000000000, 12.99999999999999822, 1.000000000000000000 ) ) ;
#1955 = DIRECTION ( 'NONE',  ( 0.000000000000000000, -1.000000000000000000, 0.000000000000000000 ) ) ;
#1956 = EDGE_CURVE ( 'NONE', #2201, #1800, #306, .T. ) ;
#1957 = ORIENTED_EDGE ( 'NONE', *, *, #1900, .T. ) ;
#1958 = CARTESIAN_POINT ( 'NONE',  ( 24.00000000000000000, 2.000000000000000000, 21.59999999999999787 ) ) ;
#1959 = DIRECTION ( 'NONE',  ( -1.000000000000000000, 0.000000000000000000, 0.000000000000000000 ) ) ;
#1960 = VERTEX_POINT ( 'NONE', #1755 ) ;
#1961 = EDGE_LOOP ( 'NONE', ( #802, #549, #720, #2269 ) ) ;
#1962 = CARTESIAN_POINT ( 'NONE',  ( 46.00000000000000000, 7.000000000000000000, 9.000000000000000000 ) ) ;
#1963 = LINE ( 'NONE', #1621, #1059 ) ;
#1964 = LINE ( 'NONE', #318, #476 ) ;
#1965 = FACE_OUTER_BOUND ( 'NONE', #1243, .T. ) ;
#1966 = DIRECTION ( 'NONE',  ( -8.673617379884021667E-16, -1.000000000000000000, 0.000000000000000000 ) ) ;
#1967 = ADVANCED_FACE ( 'NONE', ( #1007 ), #2376, .F. ) ;
#1968 = ORIENTED_EDGE ( 'NONE', *, *, #1342, .T. ) ;
#1969 = CARTESIAN_POINT ( 'NONE',  ( 41.99999999999999289, 7.000000000000000000, 11.00000000000000000 ) ) ;
#1970 = DIRECTION ( 'NONE',  ( 0.000000000000000000, 0.000000000000000000, -1.000000000000000000 ) ) ;
#1971 = ORIENTED_EDGE ( 'NONE', *, *, #548, .F. ) ;
#1972 = PRODUCT_DEFINITION_SHAPE ( 'NONE', 'NONE',  #1814 ) ;
#1973 = ORIENTED_EDGE ( 'NONE', *, *, #1555, .F. ) ;
#1974 = PLANE ( 'NONE',  #753 ) ;
#1975 = DIRECTION ( 'NONE',  ( -0.000000000000000000, -0.000000000000000000, -1.000000000000000000 ) ) ;
#1976 = DIRECTION ( 'NONE',  ( 0.000000000000000000, 0.000000000000000000, 1.000000000000000000 ) ) ;
#1977 = CARTESIAN_POINT ( 'NONE',  ( 49.99999999999999289, 11.99999999999999822, 0.000000000000000000 ) ) ;
#1978 = AXIS2_PLACEMENT_3D ( 'NONE', #1839, #560, #568 ) ;
#1979 = DIRECTION ( 'NONE',  ( 0.000000000000000000, 0.000000000000000000, -1.000000000000000000 ) ) ;
#1980 = ADVANCED_FACE ( 'NONE', ( #276 ), #2274, .T. ) ;
#1981 = CIRCLE ( 'NONE', #1853, 0.7999999999999951594 ) ;
#1982 = CIRCLE ( 'NONE', #627, 1.399999999999998579 ) ;
#1983 = EDGE_LOOP ( 'NONE', ( #812, #1087, #968, #2165 ) ) ;
#1984 = CARTESIAN_POINT ( 'NONE',  ( 24.00000000000000000, 12.00000000000000000, 19.00000000000000000 ) ) ;
#1985 = ADVANCED_FACE ( 'NONE', ( #1369 ), #1037, .T. ) ;
#1986 = AXIS2_PLACEMENT_3D ( 'NONE', #1476, #1280, #2027 ) ;
#1987 = EDGE_CURVE ( 'NONE', #827, #130, #1583, .T. ) ;
#1988 = VECTOR ( 'NONE', #2169, 1000.000000000000000 ) ;
#1989 = ORIENTED_EDGE ( 'NONE', *, *, #1441, .T. ) ;
#1990 = DIRECTION ( 'NONE',  ( 0.000000000000000000, 0.000000000000000000, -1.000000000000000000 ) ) ;
#1991 = VECTOR ( 'NONE', #1657, 1000.000000000000000 ) ;
#1992 = DIRECTION ( 'NONE',  ( 0.000000000000000000, 0.000000000000000000, 1.000000000000000000 ) ) ;
#1993 = CARTESIAN_POINT ( 'NONE',  ( 51.00000000000000000, 1.000000000000000000, 9.999999999999998224 ) ) ;
#1994 = EDGE_CURVE ( 'NONE', #1641, #1367, #1394, .T. ) ;
#1995 = AXIS2_PLACEMENT_3D ( 'NONE', #1488, #1463, #2209 ) ;
#1996 = CARTESIAN_POINT ( 'NONE',  ( 3.500000000000000888, 7.000000000000005329, 10.99999999999999645 ) ) ;
#1997 = ORIENTED_EDGE ( 'NONE', *, *, #1242, .F. ) ;
#1998 = EDGE_CURVE ( 'NONE', #1507, #687, #633, .T. ) ;
#1999 = CARTESIAN_POINT ( 'NONE',  ( 0.000000000000000000, 12.99999999999999822, 1.000000000000000888 ) ) ;
#2000 = EDGE_CURVE ( 'NONE', #1960, #77, #291, .T. ) ;
#2001 = VECTOR ( 'NONE', #90, 1000.000000000000000 ) ;
#2002 = DIRECTION ( 'NONE',  ( 1.000000000000000000, 0.000000000000000000, 0.000000000000000000 ) ) ;
#2003 = DIRECTION ( 'NONE',  ( -0.000000000000000000, -0.000000000000000000, -1.000000000000000000 ) ) ;
#2004 = EDGE_CURVE ( 'NONE', #2111, #62, #1406, .T. ) ;
#2005 = LINE ( 'NONE', #1456, #1988 ) ;
#2006 = DIRECTION ( 'NONE',  ( -1.000000000000000000, 0.000000000000000000, 0.000000000000000000 ) ) ;
#2007 = VERTEX_POINT ( 'NONE', #1962 ) ;
#2008 = LINE ( 'NONE', #174, #471 ) ;
#2009 = DIRECTION ( 'NONE',  ( 1.000000000000000000, 0.000000000000000000, 0.000000000000000000 ) ) ;
#2010 = FACE_BOUND ( 'NONE', #1605, .T. ) ;
#2011 = FACE_OUTER_BOUND ( 'NONE', #2081, .T. ) ;
#2012 = CARTESIAN_POINT ( 'NONE',  ( 15.00000000000000000, 1.000000000000000000, 22.00000000000000000 ) ) ;
#2013 = ADVANCED_FACE ( 'NONE', ( #1737 ), #216, .F. ) ;
#2014 = ORIENTED_EDGE ( 'NONE', *, *, #702, .T. ) ;
#2015 = LINE ( 'NONE', #1616, #1253 ) ;
#2016 = CONICAL_SURFACE ( 'NONE', #1588, 0.7999999999999951594, 0.4993467216801329434 ) ;
#2017 = CARTESIAN_POINT ( 'NONE',  ( 14.00000000000000000, 2.000000000000000000, 22.00000000000000000 ) ) ;
#2018 = VERTEX_POINT ( 'NONE', #451 ) ;
#2019 = CARTESIAN_POINT ( 'NONE',  ( 48.50000000000000000, 6.200000000000001954, 8.999999999999996447 ) ) ;
#2020 = CIRCLE ( 'NONE', #486, 0.7999999999999951594 ) ;
#2021 = VECTOR ( 'NONE', #810, 1000.000000000000000 ) ;
#2022 = EDGE_CURVE ( 'NONE', #931, #623, #1777, .T. ) ;
#2023 = DIRECTION ( 'NONE',  ( 1.000000000000000000, 0.000000000000000000, 0.000000000000000000 ) ) ;
#2024 = CARTESIAN_POINT ( 'NONE',  ( 24.00000000000000000, 2.000000000000000000, 19.00000000000000000 ) ) ;
#2025 = AXIS2_PLACEMENT_3D ( 'NONE', #1273, #1792, #2002 ) ;
#2026 = EDGE_LOOP ( 'NONE', ( #602, #508 ) ) ;
#2027 = DIRECTION ( 'NONE',  ( 0.000000000000000000, -1.000000000000000000, 0.000000000000000000 ) ) ;
#2028 = ADVANCED_FACE ( 'NONE', ( #2087 ), #435, .T. ) ;
#2029 = ORIENTED_EDGE ( 'NONE', *, *, #1903, .T. ) ;
#2030 = CARTESIAN_POINT ( 'NONE',  ( 3.500000000000000888, 7.000000000000005329, 10.99999999999999645 ) ) ;
#2031 = EDGE_LOOP ( 'NONE', ( #449, #626 ) ) ;
#2032 = CARTESIAN_POINT ( 'NONE',  ( 28.00000000000000000, 6.000000000000000000, 19.00000000000000000 ) ) ;
#2033 = CARTESIAN_POINT ( 'NONE',  ( 52.00000000000000000, 12.99999999999999822, 1.000000000000000888 ) ) ;
#2034 = CYLINDRICAL_SURFACE ( 'NONE', #2203, 1.199999999999999734 ) ;
#2035 =( BOUNDED_CURVE ( )  B_SPLINE_CURVE ( 3, ( #2313, #2089, #1202, #1395 ),
 .UNSPECIFIED., .F., .T. ) 
 B_SPLINE_CURVE_WITH_KNOTS ( ( 4, 4 ),
 ( 1.570796326794896558, 3.141592653589793116 ),
 .UNSPECIFIED. ) 
 CURVE ( )  GEOMETRIC_REPRESENTATION_ITEM ( )  RATIONAL_B_SPLINE_CURVE ( ( 1.000000000000000000, 0.8047378541243649375, 0.8047378541243649375, 1.000000000000000000 ) ) 
 REPRESENTATION_ITEM ( '' )  );
#2036 = VERTEX_POINT ( 'NONE', #265 ) ;
#2037 = DIRECTION ( 'NONE',  ( 0.000000000000000000, 0.000000000000000000, -1.000000000000000000 ) ) ;
#2038 = ORIENTED_EDGE ( 'NONE', *, *, #1175, .F. ) ;
#2039 = CARTESIAN_POINT ( 'NONE',  ( 12.50000000000000178, 5.600000000000004086, 10.99999999999999645 ) ) ;
#2040 = VERTEX_POINT ( 'NONE', #996 ) ;
#2041 = DIRECTION ( 'NONE',  ( -1.000000000000000000, 0.000000000000000000, 0.000000000000000000 ) ) ;
#2042 = DIRECTION ( 'NONE',  ( 0.000000000000000000, -1.000000000000000000, 0.000000000000000000 ) ) ;
#2043 = LINE ( 'NONE', #1309, #91 ) ;
#2044 = ORIENTED_EDGE ( 'NONE', *, *, #1066, .T. ) ;
#2045 = AXIS2_PLACEMENT_3D ( 'NONE', #1911, #1543, #1574 ) ;
#2046 = AXIS2_PLACEMENT_3D ( 'NONE', #2302, #845, #652 ) ;
#2047 = DIRECTION ( 'NONE',  ( -1.000000000000000000, 0.000000000000000000, 0.000000000000000000 ) ) ;
#2048 = ORIENTED_EDGE ( 'NONE', *, *, #37, .F. ) ;
#2049 = AXIS2_PLACEMENT_3D ( 'NONE', #96, #83, #1562 ) ;
#2050 = ORIENTED_EDGE ( 'NONE', *, *, #1815, .F. ) ;
#2051 = VECTOR ( 'NONE', #2330, 1000.000000000000000 ) ;
#2052 = DIRECTION ( 'NONE',  ( 0.000000000000000000, -1.000000000000000000, 0.000000000000000000 ) ) ;
#2053 = VECTOR ( 'NONE', #798, 1000.000000000000000 ) ;
#2054 = LINE ( 'NONE', #559, #1784 ) ;
#2055 = DIRECTION ( 'NONE',  ( 1.000000000000000000, 0.000000000000000000, -0.000000000000000000 ) ) ;
#2056 = VECTOR ( 'NONE', #1428, 1000.000000000000000 ) ;
#2057 = EDGE_LOOP ( 'NONE', ( #2154, #477 ) ) ;
#2058 = VECTOR ( 'NONE', #959, 1000.000000000000000 ) ;
#2059 = FILL_AREA_STYLE_COLOUR ( '', #874 ) ;
#2060 = EDGE_LOOP ( 'NONE', ( #1053, #1901, #243, #1224 ) ) ;
#2061 = CARTESIAN_POINT ( 'NONE',  ( 48.50000000000000000, 7.799999999999992717, 8.999999999999996447 ) ) ;
#2062 = EDGE_CURVE ( 'NONE', #1879, #338, #1189, .T. ) ;
#2063 = ORIENTED_EDGE ( 'NONE', *, *, #383, .T. ) ;
#2064 = ORIENTED_EDGE ( 'NONE', *, *, #26, .T. ) ;
#2065 = DIRECTION ( 'NONE',  ( -0.000000000000000000, 4.336808689942017736E-16, 1.000000000000000000 ) ) ;
#2066 = LINE ( 'NONE', #777, #1465 ) ;
#2067 = PLANE ( 'NONE',  #1279 ) ;
#2068 = ORIENTED_EDGE ( 'NONE', *, *, #35, .F. ) ;
#2069 = VERTEX_POINT ( 'NONE', #466 ) ;
#2070 = VERTEX_POINT ( 'NONE', #1081 ) ;
#2071 = DIRECTION ( 'NONE',  ( -0.000000000000000000, 4.336808689942017736E-16, 1.000000000000000000 ) ) ;
#2072 = EDGE_LOOP ( 'NONE', ( #517, #408, #813, #1021 ) ) ;
#2073 = ORIENTED_EDGE ( 'NONE', *, *, #1136, .T. ) ;
#2074 = CARTESIAN_POINT ( 'NONE',  ( 38.00000000000000000, 2.000000000000000000, 11.00000000000000000 ) ) ;
#2075 = LINE ( 'NONE', #1160, #2172 ) ;
#2076 = LINE ( 'NONE', #2253, #168 ) ;
#2077 = DIRECTION ( 'NONE',  ( 0.000000000000000000, -1.000000000000000000, 0.000000000000000000 ) ) ;
#2078 = EDGE_CURVE ( 'NONE', #1393, #2348, #2384, .T. ) ;
#2079 = ORIENTED_EDGE ( 'NONE', *, *, #897, .F. ) ;
#2080 = CARTESIAN_POINT ( 'NONE',  ( 13.99999999999999822, 12.00000000000000355, 22.00000000000000000 ) ) ;
#2081 = EDGE_LOOP ( 'NONE', ( #1527, #1664, #2218, #990 ) ) ;
#2082 = ADVANCED_FACE ( 'NONE', ( #1812, #2010, #528, #882 ), #1974, .T. ) ;
#2083 = DIRECTION ( 'NONE',  ( 0.000000000000000000, 0.000000000000000000, 1.000000000000000000 ) ) ;
#2084 = AXIS2_PLACEMENT_3D ( 'NONE', #2236, #2055, #747 ) ;
#2085 = EDGE_LOOP ( 'NONE', ( #1582, #2362, #1710, #855 ) ) ;
#2086 = EDGE_LOOP ( 'NONE', ( #1188, #708, #28, #237 ) ) ;
#2087 = FACE_OUTER_BOUND ( 'NONE', #1073, .T. ) ;
#2088 = VECTOR ( 'NONE', #151, 1000.000000000000000 ) ;
#2089 = CARTESIAN_POINT ( 'NONE',  ( 14.41421356237309581, 1.809713602059149193E-16, 10.58578643762690241 ) ) ;
#2090 = CARTESIAN_POINT ( 'NONE',  ( 15.00000000000000000, -2.909275829502769705E-15, 22.00000000000000000 ) ) ;
#2091 = CARTESIAN_POINT ( 'NONE',  ( 0.000000000000000000, 2.000000000000000000, 0.000000000000000000 ) ) ;
#2092 = PRESENTATION_LAYER_ASSIGNMENT (  '', '', ( #2210 ) ) ;
#2093 = AXIS2_PLACEMENT_3D ( 'NONE', #32, #2065, #2052 ) ;
#2094 = AXIS2_PLACEMENT_3D ( 'NONE', #2353, #2166, #187 ) ;
#2095 = EDGE_CURVE ( 'NONE', #687, #1800, #895, .T. ) ;
#2096 = ORIENTED_EDGE ( 'NONE', *, *, #284, .F. ) ;
#2097 = CARTESIAN_POINT ( 'NONE',  ( 48.50000000000000000, 6.999999999999998224, 10.99999999999999645 ) ) ;
#2098 = DIRECTION ( 'NONE',  ( 1.000000000000000000, 0.000000000000000000, 0.000000000000000000 ) ) ;
#2099 = ORIENTED_EDGE ( 'NONE', *, *, #1495, .F. ) ;
#2100 = VERTEX_POINT ( 'NONE', #1618 ) ;
#2101 = EDGE_LOOP ( 'NONE', ( #1375, #1379, #2038, #1764 ) ) ;
#2102 = DIRECTION ( 'NONE',  ( -1.000000000000000000, -1.734723475976806848E-16, 0.000000000000000000 ) ) ;
#2103 = CARTESIAN_POINT ( 'NONE',  ( 0.000000000000000000, 1.000000000000000000, 9.999999999999998224 ) ) ;
#2104 = LINE ( 'NONE', #1191, #780 ) ;
#2105 = LINE ( 'NONE', #1544, #745 ) ;
#2106 = DIRECTION ( 'NONE',  ( 1.000000000000000000, 0.000000000000000000, -0.000000000000000000 ) ) ;
#2107 = VERTEX_POINT ( 'NONE', #1627 ) ;
#2108 = CYLINDRICAL_SURFACE ( 'NONE', #2125, 1.000000000000000888 ) ;
#2109 = DIRECTION ( 'NONE',  ( 0.000000000000000000, 0.000000000000000000, -1.000000000000000000 ) ) ;
#2110 = ORIENTED_EDGE ( 'NONE', *, *, #2078, .F. ) ;
#2111 = VERTEX_POINT ( 'NONE', #1437 ) ;
#2112 = EDGE_CURVE ( 'NONE', #250, #1840, #1609, .T. ) ;
#2113 = ORIENTED_EDGE ( 'NONE', *, *, #886, .T. ) ;
#2114 = DIRECTION ( 'NONE',  ( -0.000000000000000000, -0.000000000000000000, 1.000000000000000000 ) ) ;
#2115 = DIRECTION ( 'NONE',  ( -0.000000000000000000, 0.000000000000000000, 1.000000000000000000 ) ) ;
#2116 = CARTESIAN_POINT ( 'NONE',  ( 51.00000000000000000, 13.99999999999999822, 9.999999999999998224 ) ) ;
#2117 = LINE ( 'NONE', #2091, #52 ) ;
#2118 = DIRECTION ( 'NONE',  ( 0.000000000000000000, 0.000000000000000000, 1.000000000000000000 ) ) ;
#2119 = ADVANCED_FACE ( 'NONE', ( #2363 ), #1074, .F. ) ;
#2120 = ORIENTED_EDGE ( 'NONE', *, *, #2237, .T. ) ;
#2121 = DIRECTION ( 'NONE',  ( -0.000000000000000000, 4.336808689942017736E-16, 1.000000000000000000 ) ) ;
#2122 = CARTESIAN_POINT ( 'NONE',  ( 26.00000000000000000, 10.00000000000000000, 11.99999999999999822 ) ) ;
#2123 = EDGE_CURVE ( 'NONE', #1015, #2107, #327, .T. ) ;
#2124 = CARTESIAN_POINT ( 'NONE',  ( 28.00000000000000000, 2.000000000000000000, 21.59999999999999787 ) ) ;
#2125 = AXIS2_PLACEMENT_3D ( 'NONE', #1772, #838, #1032 ) ;
#2126 = ORIENTED_EDGE ( 'NONE', *, *, #1412, .F. ) ;
#2127 = ORIENTED_EDGE ( 'NONE', *, *, #635, .T. ) ;
#2128 = CARTESIAN_POINT ( 'NONE',  ( 48.50000000000000000, 6.999999999999997335, 9.899999999999996803 ) ) ;
#2129 = PLANE ( 'NONE',  #940 ) ;
#2130 = CARTESIAN_POINT ( 'NONE',  ( 13.99999999999999822, 12.99999999999999822, 22.00000000000000000 ) ) ;
#2131 = VECTOR ( 'NONE', #760, 1000.000000000000000 ) ;
#2132 = CARTESIAN_POINT ( 'NONE',  ( 44.00000000000000000, 7.000000000000000000, 9.000000000000000000 ) ) ;
#2133 = EDGE_CURVE ( 'NONE', #385, #234, #345, .T. ) ;
#2134 = AXIS2_PLACEMENT_3D ( 'NONE', #637, #998, #267 ) ;
#2135 = VECTOR ( 'NONE', #729, 1000.000000000000227 ) ;
#2136 = CIRCLE ( 'NONE', #870, 2.000000000000000000 ) ;
#2137 = VERTEX_POINT ( 'NONE', #2019 ) ;
#2138 = FACE_OUTER_BOUND ( 'NONE', #797, .T. ) ;
#2139 = FACE_OUTER_BOUND ( 'NONE', #1651, .T. ) ;
#2140 = CIRCLE ( 'NONE', #396, 1.000000000000000000 ) ;
#2141 = VECTOR ( 'NONE', #1023, 1000.000000000000000 ) ;
#2142 = VERTEX_POINT ( 'NONE', #544 ) ;
#2143 = EDGE_CURVE ( 'NONE', #1718, #1559, #179, .T. ) ;
#2144 = ORIENTED_EDGE ( 'NONE', *, *, #1076, .F. ) ;
#2145 = CARTESIAN_POINT ( 'NONE',  ( 38.00000000000000000, 2.000000000000001776, 22.00000000000000000 ) ) ;
#2146 = DIRECTION ( 'NONE',  ( 1.000000000000000000, -0.000000000000000000, 0.000000000000000000 ) ) ;
#2147 = DIRECTION ( 'NONE',  ( -0.000000000000000000, -0.000000000000000000, -1.000000000000000000 ) ) ;
#2148 = CARTESIAN_POINT ( 'NONE',  ( 1.000000000000000000, 12.99999999999999822, 11.00000000000000000 ) ) ;
#2149 = CARTESIAN_POINT ( 'NONE',  ( 13.99999999999999822, 12.99999999999999822, 22.00000000000000000 ) ) ;
#2150 = VERTEX_POINT ( 'NONE', #1803 ) ;
#2151 = FACE_OUTER_BOUND ( 'NONE', #677, .T. ) ;
#2152 = PLANE ( 'NONE',  #101 ) ;
#2153 = ORIENTED_EDGE ( 'NONE', *, *, #1056, .T. ) ;
#2154 = ORIENTED_EDGE ( 'NONE', *, *, #1480, .T. ) ;
#2155 = CARTESIAN_POINT ( 'NONE',  ( 15.00000000000000000, 1.000000000000000000, 11.00000000000000000 ) ) ;
#2156 = CARTESIAN_POINT ( 'NONE',  ( 24.00000000000000000, 12.00000000000000000, 19.00000000000000000 ) ) ;
#2157 = ADVANCED_FACE ( 'NONE', ( #157 ), #733, .F. ) ;
#2158 = CARTESIAN_POINT ( 'NONE',  ( 12.50000000000000178, 7.000000000000002665, 8.999999999999996447 ) ) ;
#2159 = LINE ( 'NONE', #2379, #2135 ) ;
#2160 = EDGE_CURVE ( 'NONE', #2137, #1414, #712, .T. ) ;
#2161 = EDGE_CURVE ( 'NONE', #2348, #1015, #2256, .T. ) ;
#2162 = ORIENTED_EDGE ( 'NONE', *, *, #193, .F. ) ;
#2163 = DIRECTION ( 'NONE',  ( -0.000000000000000000, -0.000000000000000000, -1.000000000000000000 ) ) ;
#2164 = EDGE_CURVE ( 'NONE', #1800, #1339, #339, .T. ) ;
#2165 = ORIENTED_EDGE ( 'NONE', *, *, #2263, .T. ) ;
#2166 = DIRECTION ( 'NONE',  ( -0.000000000000000000, -0.000000000000000000, 1.000000000000000000 ) ) ;
#2167 = CARTESIAN_POINT ( 'NONE',  ( 10.00000000000000000, 7.000000000000000000, 11.00000000000000000 ) ) ;
#2168 = EDGE_CURVE ( 'NONE', #1020, #3, #143, .T. ) ;
#2169 = DIRECTION ( 'NONE',  ( 0.000000000000000000, 0.000000000000000000, 1.000000000000000000 ) ) ;
#2170 = CARTESIAN_POINT ( 'NONE',  ( 3.500000000000000888, 7.800000000000005151, 9.899999999999996803 ) ) ;
#2171 = ORIENTED_EDGE ( 'NONE', *, *, #672, .T. ) ;
#2172 = VECTOR ( 'NONE', #805, 1000.000000000000000 ) ;
#2173 = ADVANCED_FACE ( 'NONE', ( #352 ), #1752, .F. ) ;
#2174 = VECTOR ( 'NONE', #1116, 1000.000000000000000 ) ;
#2175 = AXIS2_PLACEMENT_3D ( 'NONE', #739, #1090, #1653 ) ;
#2176 = ADVANCED_FACE ( 'NONE', ( #1824 ), #1419, .T. ) ;
#2177 = CIRCLE ( 'NONE', #177, 0.7999999999999951594 ) ;
#2178 = ORIENTED_EDGE ( 'NONE', *, *, #1347, .F. ) ;
#2179 = CARTESIAN_POINT ( 'NONE',  ( 48.50000000000000000, 6.200000000000002842, 10.99999999999999645 ) ) ;
#2180 = VECTOR ( 'NONE', #1867, 1000.000000000000000 ) ;
#2181 = CARTESIAN_POINT ( 'NONE',  ( 14.00000000000000000, 2.000000000000000000, 11.00000000000000000 ) ) ;
#2182 = CARTESIAN_POINT ( 'NONE',  ( 37.00000000000000711, 13.99999999999999822, 9.999999999999998224 ) ) ;
#2183 = DIRECTION ( 'NONE',  ( -1.000000000000000000, 0.000000000000000000, 0.000000000000000000 ) ) ;
#2184 = ORIENTED_EDGE ( 'NONE', *, *, #26, .F. ) ;
#2185 = CARTESIAN_POINT ( 'NONE',  ( 1.000000000000000000, 12.99999999999999822, 9.999999999999998224 ) ) ;
#2186 = VECTOR ( 'NONE', #800, 1000.000000000000000 ) ;
#2187 = FACE_BOUND ( 'NONE', #2031, .T. ) ;
#2188 = DIRECTION ( 'NONE',  ( 0.000000000000000000, 1.000000000000000000, 0.000000000000000000 ) ) ;
#2189 = EDGE_CURVE ( 'NONE', #2201, #2040, #205, .T. ) ;
#2190 = CARTESIAN_POINT ( 'NONE',  ( 51.00000000000000000, 12.99999999999999822, 1.000000000000000888 ) ) ;
#2191 = DIRECTION ( 'NONE',  ( -0.000000000000000000, 0.000000000000000000, 1.000000000000000000 ) ) ;
#2192 = VERTEX_POINT ( 'NONE', #772 ) ;
#2193 = EDGE_CURVE ( 'NONE', #2255, #1487, #1366, .T. ) ;
#2194 = DIRECTION ( 'NONE',  ( 0.000000000000000000, 0.000000000000000000, -1.000000000000000000 ) ) ;
#2195 = EDGE_CURVE ( 'NONE', #1197, #773, #756, .T. ) ;
#2196 = LINE ( 'NONE', #1637, #1404 ) ;
#2197 = ORIENTED_EDGE ( 'NONE', *, *, #1674, .T. ) ;
#2198 = CARTESIAN_POINT ( 'NONE',  ( 0.000000000000000000, 2.000000000000000000, 9.000000000000000000 ) ) ;
#2199 = CARTESIAN_POINT ( 'NONE',  ( 51.00000000000000000, 12.99999999999999822, 9.999999999999998224 ) ) ;
#2200 = CARTESIAN_POINT ( 'NONE',  ( 0.000000000000000000, 1.000000000000000000, 11.00000000000000000 ) ) ;
#2201 = VERTEX_POINT ( 'NONE', #1478 ) ;
#2202 = EDGE_CURVE ( 'NONE', #795, #429, #1113, .T. ) ;
#2203 = AXIS2_PLACEMENT_3D ( 'NONE', #593, #2216, #378 ) ;
#2204 = EDGE_CURVE ( 'NONE', #563, #880, #1135, .T. ) ;
#2205 = AXIS2_PLACEMENT_3D ( 'NONE', #33, #1334, #1682 ) ;
#2206 = CARTESIAN_POINT ( 'NONE',  ( 51.00000000000000000, 12.99999999999999822, 1.000000000000000888 ) ) ;
#2207 = AXIS2_PLACEMENT_3D ( 'NONE', #1496, #583, #381 ) ;
#2208 = ORIENTED_EDGE ( 'NONE', *, *, #1883, .F. ) ;
#2209 = DIRECTION ( 'NONE',  ( 0.000000000000000000, -1.000000000000000000, 0.000000000000000000 ) ) ;
#2210 = STYLED_ITEM ( 'NONE', ( #1689 ), #1501 ) ;
#2211 = ORIENTED_EDGE ( 'NONE', *, *, #2371, .T. ) ;
#2212 = ADVANCED_FACE ( 'NONE', ( #395 ), #40, .T. ) ;
#2213 = AXIS2_PLACEMENT_3D ( 'NONE', #1806, #898, #1083 ) ;
#2214 = CARTESIAN_POINT ( 'NONE',  ( 38.00000000000000000, 11.99999999999999822, 9.000000000000000000 ) ) ;
#2215 = DIRECTION ( 'NONE',  ( -0.000000000000000000, -0.000000000000000000, 1.000000000000000000 ) ) ;
#2216 = DIRECTION ( 'NONE',  ( -0.000000000000000000, -0.000000000000000000, 1.000000000000000000 ) ) ;
#2217 = VECTOR ( 'NONE', #1426, 1000.000000000000000 ) ;
#2218 = ORIENTED_EDGE ( 'NONE', *, *, #1312, .T. ) ;
#2219 = CARTESIAN_POINT ( 'NONE',  ( 0.000000000000000000, 13.99999999999999822, 9.999999999999998224 ) ) ;
#2220 = ORIENTED_EDGE ( 'NONE', *, *, #1475, .F. ) ;
#2221 = CARTESIAN_POINT ( 'NONE',  ( 37.00000000000000000, 0.000000000000000000, 9.999999999999998224 ) ) ;
#2222 = EDGE_LOOP ( 'NONE', ( #1353, #543 ) ) ;
#2223 = DIRECTION ( 'NONE',  ( -1.000000000000000000, -0.000000000000000000, -0.000000000000000000 ) ) ;
#2224 = EDGE_CURVE ( 'NONE', #374, #1005, #54, .T. ) ;
#2225 = APPLICATION_CONTEXT ( 'automotive_design' ) ;
#2226 = DIRECTION ( 'NONE',  ( -0.000000000000000000, -0.000000000000000000, 1.000000000000000000 ) ) ;
#2227 = CARTESIAN_POINT ( 'NONE',  ( 37.00000000000000711, 13.99999999999999822, 22.00000000000000000 ) ) ;
#2228 = ORIENTED_EDGE ( 'NONE', *, *, #672, .F. ) ;
#2229 = EDGE_CURVE ( 'NONE', #1507, #2201, #787, .T. ) ;
#2230 = FACE_OUTER_BOUND ( 'NONE', #246, .T. ) ;
#2231 = VERTEX_POINT ( 'NONE', #2061 ) ;
#2232 = FACE_OUTER_BOUND ( 'NONE', #925, .T. ) ;
#2233 = EDGE_LOOP ( 'NONE', ( #107, #2368, #41, #1294 ) ) ;
#2234 = FACE_OUTER_BOUND ( 'NONE', #1238, .T. ) ;
#2235 = LINE ( 'NONE', #2200, #430 ) ;
#2236 = CARTESIAN_POINT ( 'NONE',  ( 51.00000000000000000, 1.000000000000000000, 9.999999999999998224 ) ) ;
#2237 = EDGE_CURVE ( 'NONE', #1473, #1718, #1887, .T. ) ;
#2238 = EDGE_LOOP ( 'NONE', ( #1148, #1848, #1228, #1443 ) ) ;
#2239 = VECTOR ( 'NONE', #2163, 1000.000000000000000 ) ;
#2240 = EDGE_CURVE ( 'NONE', #1678, #1339, #1677, .T. ) ;
#2241 = AXIS2_PLACEMENT_3D ( 'NONE', #1872, #34, #1492 ) ;
#2242 = DIRECTION ( 'NONE',  ( 1.000000000000000000, 0.000000000000000000, 0.000000000000000000 ) ) ;
#2243 = ORIENTED_EDGE ( 'NONE', *, *, #1566, .T. ) ;
#2244 = AXIS2_PLACEMENT_3D ( 'NONE', #482, #2115, #1532 ) ;
#2245 = VECTOR ( 'NONE', #1424, 1000.000000000000000 ) ;
#2246 = DIRECTION ( 'NONE',  ( 0.000000000000000000, -1.000000000000000000, 0.000000000000000000 ) ) ;
#2247 = ORIENTED_EDGE ( 'NONE', *, *, #918, .F. ) ;
#2248 = EDGE_LOOP ( 'NONE', ( #849, #1719 ) ) ;
#2249 = AXIS2_PLACEMENT_3D ( 'NONE', #694, #2343, #1245 ) ;
#2250 = DIRECTION ( 'NONE',  ( -0.000000000000000000, 4.336808689942017736E-16, 1.000000000000000000 ) ) ;
#2251 = CIRCLE ( 'NONE', #828, 1.000000000000000888 ) ;
#2252 = DIRECTION ( 'NONE',  ( 1.000000000000000000, 1.264902534566421675E-16, -0.000000000000000000 ) ) ;
#2253 = CARTESIAN_POINT ( 'NONE',  ( 1.000000000000000000, 0.000000000000000000, 11.00000000000000000 ) ) ;
#2254 = VECTOR ( 'NONE', #2320, 1000.000000000000000 ) ;
#2255 = VERTEX_POINT ( 'NONE', #2039 ) ;
#2256 = CIRCLE ( 'NONE', #258, 1.000000000000000888 ) ;
#2257 = ORIENTED_EDGE ( 'NONE', *, *, #535, .F. ) ;
#2258 =( NAMED_UNIT ( * ) PLANE_ANGLE_UNIT ( ) SI_UNIT ( $, .RADIAN. ) );
#2259 = EDGE_LOOP ( 'NONE', ( #2073, #2171, #1615 ) ) ;
#2260 = CARTESIAN_POINT ( 'NONE',  ( 14.00000000000000000, 2.000000000000000000, 22.00000000000000000 ) ) ;
#2261 = ORIENTED_EDGE ( 'NONE', *, *, #1509, .T. ) ;
#2262 = EDGE_LOOP ( 'NONE', ( #1145, #1516, #783, #769 ) ) ;
#2263 = EDGE_CURVE ( 'NONE', #1840, #2192, #1330, .T. ) ;
#2264 = DIRECTION ( 'NONE',  ( 0.000000000000000000, 0.000000000000000000, -1.000000000000000000 ) ) ;
#2265 = DIRECTION ( 'NONE',  ( -0.000000000000000000, -0.000000000000000000, 1.000000000000000000 ) ) ;
#2266 = DIRECTION ( 'NONE',  ( 0.000000000000000000, 0.000000000000000000, 1.000000000000000000 ) ) ;
#2267 = VECTOR ( 'NONE', #1213, 1000.000000000000000 ) ;
#2268 = ORIENTED_EDGE ( 'NONE', *, *, #65, .T. ) ;
#2269 = ORIENTED_EDGE ( 'NONE', *, *, #1216, .T. ) ;
#2270 = CARTESIAN_POINT ( 'NONE',  ( 0.000000000000000000, 13.99999999999999822, 9.999999999999998224 ) ) ;
#2271 = ORIENTED_EDGE ( 'NONE', *, *, #367, .T. ) ;
#2272 = EDGE_LOOP ( 'NONE', ( #2228, #196, #1318, #955 ) ) ;
#2273 = ORIENTED_EDGE ( 'NONE', *, *, #2385, .F. ) ;
#2274 = CYLINDRICAL_SURFACE ( 'NONE', #1290, 1.000000000000000888 ) ;
#2275 = LINE ( 'NONE', #1521, #1655 ) ;
#2276 = CARTESIAN_POINT ( 'NONE',  ( 1.000000000000000000, 13.99999999999999822, 9.999999999999998224 ) ) ;
#2277 = PLANE ( 'NONE',  #1462 ) ;
#2278 = EDGE_LOOP ( 'NONE', ( #1885, #304, #2339, #2184 ) ) ;
#2279 = DIRECTION ( 'NONE',  ( 0.000000000000000000, -1.000000000000000000, 0.000000000000000000 ) ) ;
#2280 = EDGE_LOOP ( 'NONE', ( #450, #1971 ) ) ;
#2281 = CARTESIAN_POINT ( 'NONE',  ( 0.000000000000000000, 0.000000000000000000, 0.000000000000000000 ) ) ;
#2282 = ORIENTED_EDGE ( 'NONE', *, *, #20, .T. ) ;
#2283 = EDGE_LOOP ( 'NONE', ( #600, #1873 ) ) ;
#2284 = CIRCLE ( 'NONE', #288, 0.7999999999999951594 ) ;
#2285 = DIRECTION ( 'NONE',  ( -0.000000000000000000, 4.336808689942017736E-16, 1.000000000000000000 ) ) ;
#2286 = VECTOR ( 'NONE', #909, 1000.000000000000000 ) ;
#2287 = SPHERICAL_SURFACE ( 'NONE', #1743, 1.000000000000000000 ) ;
#2288 = CARTESIAN_POINT ( 'NONE',  ( 6.000000000000000000, 7.000000000000000000, 11.00000000000000000 ) ) ;
#2289 = CARTESIAN_POINT ( 'NONE',  ( 3.500000000000000888, 6.200000000000003730, 8.999999999999996447 ) ) ;
#2290 = DIRECTION ( 'NONE',  ( -1.000000000000000000, 0.000000000000000000, 0.000000000000000000 ) ) ;
#2291 = VECTOR ( 'NONE', #1955, 1000.000000000000000 ) ;
#2292 = AXIS2_PLACEMENT_3D ( 'NONE', #650, #1177, #1908 ) ;
#2293 = CARTESIAN_POINT ( 'NONE',  ( 26.00000000000000000, 10.00000000000000000, 11.99999999999999822 ) ) ;
#2294 = VECTOR ( 'NONE', #935, 1000.000000000000000 ) ;
#2295 = FACE_OUTER_BOUND ( 'NONE', #1932, .T. ) ;
#2296 = PLANE ( 'NONE',  #686 ) ;
#2297 = ORIENTED_EDGE ( 'NONE', *, *, #1094, .T. ) ;
#2298 = ORIENTED_EDGE ( 'NONE', *, *, #24, .T. ) ;
#2299 = VERTEX_POINT ( 'NONE', #949 ) ;
#2300 = CARTESIAN_POINT ( 'NONE',  ( 37.00000000000000711, 12.99999999999999822, 11.00000000000000000 ) ) ;
#2301 = DIRECTION ( 'NONE',  ( -0.000000000000000000, -0.000000000000000000, 1.000000000000000000 ) ) ;
#2302 = CARTESIAN_POINT ( 'NONE',  ( 39.50000000000000000, 6.999999999999999112, 8.999999999999996447 ) ) ;
#2303 = DIRECTION ( 'NONE',  ( 0.000000000000000000, 0.000000000000000000, 1.000000000000000000 ) ) ;
#2304 = DIRECTION ( 'NONE',  ( 0.000000000000000000, 0.000000000000000000, -1.000000000000000000 ) ) ;
#2305 = ORIENTED_EDGE ( 'NONE', *, *, #1883, .T. ) ;
#2306 = CYLINDRICAL_SURFACE ( 'NONE', #775, 0.7999999999999951594 ) ;
#2307 = DIRECTION ( 'NONE',  ( 1.000000000000000000, 0.000000000000000000, 0.000000000000000000 ) ) ;
#2308 = ORIENTED_EDGE ( 'NONE', *, *, #1447, .F. ) ;
#2309 = ORIENTED_EDGE ( 'NONE', *, *, #1592, .F. ) ;
#2310 = EDGE_CURVE ( 'NONE', #1464, #1735, #1877, .T. ) ;
#2311 = ORIENTED_EDGE ( 'NONE', *, *, #259, .F. ) ;
#2312 = CARTESIAN_POINT ( 'NONE',  ( 13.99999999999999822, 12.00000000000000355, 11.00000000000000000 ) ) ;
#2313 = CARTESIAN_POINT ( 'NONE',  ( 15.00000000000000000, 0.000000000000000000, 9.999999999999998224 ) ) ;
#2314 = DIRECTION ( 'NONE',  ( 1.000000000000000000, -8.673617379884022653E-16, 0.000000000000000000 ) ) ;
#2315 = DIRECTION ( 'NONE',  ( -0.000000000000000000, 4.336808689942017736E-16, 1.000000000000000000 ) ) ;
#2316 = PLANE ( 'NONE',  #333 ) ;
#2317 = ORIENTED_EDGE ( 'NONE', *, *, #2164, .T. ) ;
#2318 = DIRECTION ( 'NONE',  ( -1.000000000000000000, 0.000000000000000000, 0.000000000000000000 ) ) ;
#2319 = EDGE_CURVE ( 'NONE', #385, #1617, #564, .T. ) ;
#2320 = DIRECTION ( 'NONE',  ( -0.000000000000000000, 4.336808689942017736E-16, 1.000000000000000000 ) ) ;
#2321 = LINE ( 'NONE', #1227, #115 ) ;
#2322 = EDGE_LOOP ( 'NONE', ( #1500, #394 ) ) ;
#2323 = AXIS2_PLACEMENT_3D ( 'NONE', #942, #1700, #1470 ) ;
#2324 = EDGE_LOOP ( 'NONE', ( #92, #1673, #826, #962 ) ) ;
#2325 = CARTESIAN_POINT ( 'NONE',  ( 2.000000000000000000, 11.99999999999999822, 11.00000000000000000 ) ) ;
#2326 = DIRECTION ( 'NONE',  ( -0.000000000000000000, 4.336808689942017736E-16, 1.000000000000000000 ) ) ;
#2327 = DIRECTION ( 'NONE',  ( -0.000000000000000000, -0.000000000000000000, -1.000000000000000000 ) ) ;
#2328 = DIRECTION ( 'NONE',  ( 0.000000000000000000, 0.000000000000000000, -1.000000000000000000 ) ) ;
#2329 = CIRCLE ( 'NONE', #546, 1.000000000000000000 ) ;
#2330 = DIRECTION ( 'NONE',  ( 0.000000000000000000, -1.000000000000000000, -0.000000000000000000 ) ) ;
#2331 = VECTOR ( 'NONE', #1660, 1000.000000000000000 ) ;
#2332 = CIRCLE ( 'NONE', #719, 2.000000000000001776 ) ;
#2333 = ORIENTED_EDGE ( 'NONE', *, *, #613, .T. ) ;
#2334 = CARTESIAN_POINT ( 'NONE',  ( 38.00000000000000711, 12.99999999999999822, 22.00000000000000000 ) ) ;
#2335 = FACE_OUTER_BOUND ( 'NONE', #1776, .T. ) ;
#2336 = AXIS2_PLACEMENT_3D ( 'NONE', #2122, #1416, #505 ) ;
#2337 = EDGE_CURVE ( 'NONE', #2018, #1771, #419, .T. ) ;
#2338 = VECTOR ( 'NONE', #700, 1000.000000000000000 ) ;
#2339 = ORIENTED_EDGE ( 'NONE', *, *, #31, .T. ) ;
#2340 = ORIENTED_EDGE ( 'NONE', *, *, #619, .T. ) ;
#2341 = DIRECTION ( 'NONE',  ( 0.000000000000000000, -1.000000000000000000, 0.000000000000000000 ) ) ;
#2342 = EDGE_CURVE ( 'NONE', #1866, #1331, #924, .T. ) ;
#2343 = DIRECTION ( 'NONE',  ( -1.000000000000000000, 0.000000000000000000, 0.000000000000000000 ) ) ;
#2344 = DIRECTION ( 'NONE',  ( 1.000000000000000000, 0.000000000000000000, 0.000000000000000000 ) ) ;
#2345 = EDGE_CURVE ( 'NONE', #479, #2069, #1668, .T. ) ;
#2346 = CARTESIAN_POINT ( 'NONE',  ( 13.99999999999999822, 13.99999999999999822, 22.00000000000000000 ) ) ;
#2347 = EDGE_CURVE ( 'NONE', #648, #374, #642, .T. ) ;
#2348 = VERTEX_POINT ( 'NONE', #764 ) ;
#2349 = LINE ( 'NONE', #1984, #1817 ) ;
#2350 = ORIENTED_EDGE ( 'NONE', *, *, #453, .T. ) ;
#2351 = ADVANCED_FACE ( 'NONE', ( #2232 ), #1317, .F. ) ;
#2352 = VERTEX_POINT ( 'NONE', #475 ) ;
#2353 = CARTESIAN_POINT ( 'NONE',  ( 26.00000000000000000, 4.000000000000000000, 11.99999999999999822 ) ) ;
#2354 = DIRECTION ( 'NONE',  ( 0.000000000000000000, 0.000000000000000000, -1.000000000000000000 ) ) ;
#2355 = DIRECTION ( 'NONE',  ( -0.000000000000000000, -0.000000000000000000, 1.000000000000000000 ) ) ;
#2356 = DIRECTION ( 'NONE',  ( 0.000000000000000000, 0.000000000000000000, 1.000000000000000000 ) ) ;
#2357 = CARTESIAN_POINT ( 'NONE',  ( 14.00000000000000000, 2.000000000000000000, 11.00000000000000000 ) ) ;
#2358 = ORIENTED_EDGE ( 'NONE', *, *, #2240, .F. ) ;
#2359 = ADVANCED_FACE ( 'NONE', ( #1352 ), #69, .T. ) ;
#2360 = ORIENTED_EDGE ( 'NONE', *, *, #1956, .T. ) ;
#2361 = DIRECTION ( 'NONE',  ( -0.000000000000000000, -0.000000000000000000, -1.000000000000000000 ) ) ;
#2362 = ORIENTED_EDGE ( 'NONE', *, *, #2202, .F. ) ;
#2363 = FACE_OUTER_BOUND ( 'NONE', #1288, .T. ) ;
#2364 = FACE_OUTER_BOUND ( 'NONE', #420, .T. ) ;
#2365 = CARTESIAN_POINT ( 'NONE',  ( 39.50000000000000000, 6.200000000000003730, 9.899999999999996803 ) ) ;
#2366 = AXIS2_PLACEMENT_3D ( 'NONE', #1117, #1672, #60 ) ;
#2367 = CYLINDRICAL_SURFACE ( 'NONE', #749, 0.7999999999999994893 ) ;
#2368 = ORIENTED_EDGE ( 'NONE', *, *, #184, .F. ) ;
#2369 = VECTOR ( 'NONE', #1564, 1000.000000000000000 ) ;
#2370 = CARTESIAN_POINT ( 'NONE',  ( 46.00000000000000000, 7.000000000000000000, 9.000000000000000000 ) ) ;
#2371 = EDGE_CURVE ( 'NONE', #70, #2036, #1034, .T. ) ;
#2372 = AXIS2_PLACEMENT_3D ( 'NONE', #1411, #484, #1398 ) ;
#2373 = VECTOR ( 'NONE', #917, 1000.000000000000000 ) ;
#2374 = DIRECTION ( 'NONE',  ( 0.000000000000000000, 0.000000000000000000, -1.000000000000000000 ) ) ;
#2375 = CARTESIAN_POINT ( 'NONE',  ( 24.00000000000000000, 8.000000000000000000, 19.00000000000000000 ) ) ;
#2376 = CONICAL_SURFACE ( 'NONE', #1028, 0.7999999999999951594, 0.4993467216801329434 ) ;
#2377 = CARTESIAN_POINT ( 'NONE',  ( 38.00000000000000000, 12.00000000000000000, 11.00000000000000000 ) ) ;
#2378 = EDGE_CURVE ( 'NONE', #587, #1417, #1733, .T. ) ;
#2379 = CARTESIAN_POINT ( 'NONE',  ( 3.500000000000000888, 6.200000000000003730, 9.899999999999996803 ) ) ;
#2380 = EDGE_LOOP ( 'NONE', ( #690, #661, #285 ) ) ;
#2381 = EDGE_CURVE ( 'NONE', #2150, #1104, #2321, .T. ) ;
#2382 = DIRECTION ( 'NONE',  ( 1.000000000000000000, -0.000000000000000000, 0.000000000000000000 ) ) ;
#2383 = DIRECTION ( 'NONE',  ( 0.000000000000000000, 0.000000000000000000, 1.000000000000000000 ) ) ;
#2384 = LINE ( 'NONE', #1092, #724 ) ;
#2385 = EDGE_CURVE ( 'NONE', #2231, #983, #303, .T. ) ;
#2386 = CARTESIAN_POINT ( 'NONE',  ( 1.000000000000000000, 0.000000000000000000, 1.000000000000000888 ) ) ;
#2387 = CARTESIAN_POINT ( 'NONE',  ( 39.50000000000000000, 7.000000000000000000, 10.99999999999999645 ) ) ;
ENDSEC;
END-ISO-10303-21;
