ISO-10303-21;
HEADER;
FILE_DESCRIPTION (( 'STEP AP214' ),
    '1' );
FILE_NAME ('fingerpart_2.STEP',
    '2026-04-16T15:41:09',
    ( '' ),
    ( '' ),
    'SwSTEP 2.0',
    'SolidWorks 2026',
    '' );
FILE_SCHEMA (( 'AUTOMOTIVE_DESIGN' ));
ENDSEC;

DATA;
#1 = VERTEX_POINT ( 'NONE', #264 ) ;
#2 = DIRECTION ( 'NONE',  ( -1.000000000000000000, -0.000000000000000000, -0.000000000000000000 ) ) ;
#3 = CIRCLE ( 'NONE', #1459, 1.000000000000000888 ) ;
#4 = DIRECTION ( 'NONE',  ( -1.000000000000000000, 0.000000000000000000, 0.000000000000000000 ) ) ;
#5 = CARTESIAN_POINT ( 'NONE',  ( 6.118033988749900232, 10.85544768577404540, -12.00000000000000000 ) ) ;
#6 = VERTEX_POINT ( 'NONE', #768 ) ;
#7 = DIRECTION ( 'NONE',  ( 0.000000000000000000, 0.000000000000000000, 1.000000000000000000 ) ) ;
#8 = EDGE_CURVE ( 'NONE', #1484, #1362, #535, .T. ) ;
#9 = VERTEX_POINT ( 'NONE', #750 ) ;
#10 = CARTESIAN_POINT ( 'NONE',  ( 8.000000000000000000, 9.999999999999998224, -14.00000000000000000 ) ) ;
#11 = AXIS2_PLACEMENT_3D ( 'NONE', #781, #1273, #48 ) ;
#12 = DIRECTION ( 'NONE',  ( 0.000000000000000000, 0.000000000000000000, -1.000000000000000000 ) ) ;
#13 = ORIENTED_EDGE ( 'NONE', *, *, #664, .F. ) ;
#14 = CARTESIAN_POINT ( 'NONE',  ( 1.000000000000000000, 1.000000000000000000, 28.99999999999999645 ) ) ;
#15 = EDGE_CURVE ( 'NONE', #1568, #1299, #1394, .T. ) ;
#16 = EDGE_LOOP ( 'NONE', ( #490, #704, #1352, #1025, #70, #391, #708 ) ) ;
#17 = CARTESIAN_POINT ( 'NONE',  ( 9.000000000000001776, 9.999999999999998224, -1.000000000000000000 ) ) ;
#18 = ORIENTED_EDGE ( 'NONE', *, *, #915, .F. ) ;
#19 = CARTESIAN_POINT ( 'NONE',  ( 1.000000000000000000, 1.000000000000000000, 30.00000000000000000 ) ) ;
#20 = DIRECTION ( 'NONE',  ( 0.000000000000000000, 0.000000000000000000, -1.000000000000000000 ) ) ;
#21 = CARTESIAN_POINT ( 'NONE',  ( 4.549385782504943521, 13.54926222108632494, -12.44616209101189774 ) ) ;
#22 = CARTESIAN_POINT ( 'NONE',  ( 1.000000000000000000, 9.000000000000000000, 0.000000000000000000 ) ) ;
#23 = VECTOR ( 'NONE', #957, 1000.000000000000000 ) ;
#24 = ADVANCED_FACE ( 'NONE', ( #409 ), #894, .T. ) ;
#25 = ORIENTED_EDGE ( 'NONE', *, *, #1486, .T. ) ;
#26 = CARTESIAN_POINT ( 'NONE',  ( 8.000000000000000000, 13.99999999999999822, -1.000000000000000000 ) ) ;
#27 = DIRECTION ( 'NONE',  ( 0.000000000000000000, 0.000000000000000000, -1.000000000000000000 ) ) ;
#28 = DIRECTION ( 'NONE',  ( -1.000000000000000000, 0.000000000000000000, 0.000000000000000000 ) ) ;
#29 = CARTESIAN_POINT ( 'NONE',  ( 0.000000000000000000, 18.99999999999999645, 1.000000000000000888 ) ) ;
#30 = ADVANCED_FACE ( 'NONE', ( #634 ), #1122, .T. ) ;
#31 = AXIS2_PLACEMENT_3D ( 'NONE', #1264, #147, #518 ) ;
#32 = CARTESIAN_POINT ( 'NONE',  ( 0.000000000000000000, 1.000000000000000000, 30.00000000000000000 ) ) ;
#33 = LINE ( 'NONE', #172, #1379 ) ;
#34 = ORIENTED_EDGE ( 'NONE', *, *, #481, .T. ) ;
#35 = ADVANCED_FACE ( 'NONE', ( #276 ), #1252, .T. ) ;
#36 = DIRECTION ( 'NONE',  ( 0.000000000000000000, 1.000000000000000000, 0.000000000000000000 ) ) ;
#37 = CYLINDRICAL_SURFACE ( 'NONE', #753, 1.000000000000000000 ) ;
#38 = CIRCLE ( 'NONE', #958, 1.000000000000000000 ) ;
#39 = AXIS2_PLACEMENT_3D ( 'NONE', #1226, #366, #1561 ) ;
#40 = AXIS2_PLACEMENT_3D ( 'NONE', #1188, #601, #1320 ) ;
#41 = CARTESIAN_POINT ( 'NONE',  ( 2.000000000000000000, 9.000000000000000000, -14.00000000000000000 ) ) ;
#42 = APPLICATION_CONTEXT ( 'automotive_design' ) ;
#43 = DIRECTION ( 'NONE',  ( 0.000000000000000000, 0.000000000000000000, -1.000000000000000000 ) ) ;
#44 = ADVANCED_FACE ( 'NONE', ( #1268 ), #400, .T. ) ;
#45 = CYLINDRICAL_SURFACE ( 'NONE', #930, 1.000000000000000888 ) ;
#46 = CARTESIAN_POINT ( 'NONE',  ( 3.000000000000000000, 13.99999999999999822, -0.9999999999999991118 ) ) ;
#47 = ADVANCED_FACE ( 'NONE', ( #643 ), #1482, .T. ) ;
#48 = DIRECTION ( 'NONE',  ( 0.000000000000000000, 0.000000000000000000, -1.000000000000000000 ) ) ;
#49 = ADVANCED_FACE ( 'NONE', ( #1130 ), #762, .T. ) ;
#50 = ADVANCED_FACE ( 'NONE', ( #607 ), #133, .F. ) ;
#51 = CARTESIAN_POINT ( 'NONE',  ( 3.881966011250100212, 10.85544768577404540, -12.00000000000000000 ) ) ;
#52 = VERTEX_POINT ( 'NONE', #1487 ) ;
#53 = DIRECTION ( 'NONE',  ( 0.000000000000000000, 0.000000000000000000, 1.000000000000000000 ) ) ;
#54 = CARTESIAN_POINT ( 'NONE',  ( 5.451689643260505314, 13.54893150789827594, -12.44580868547497232 ) ) ;
#55 = CARTESIAN_POINT ( 'NONE',  ( 0.000000000000000000, 18.99999999999999645, 28.99999999999999645 ) ) ;
#56 = ORIENTED_EDGE ( 'NONE', *, *, #982, .T. ) ;
#57 = CIRCLE ( 'NONE', #842, 1.000000000000000000 ) ;
#58 = LINE ( 'NONE', #1032, #1530 ) ;
#59 = EDGE_CURVE ( 'NONE', #131, #476, #154, .T. ) ;
#60 = CARTESIAN_POINT ( 'NONE',  ( 1.000000000000000000, 1.000000000000000000, 1.000000000000000888 ) ) ;
#61 = CARTESIAN_POINT ( 'NONE',  ( 9.000000000000001776, -7.885106708985493964E-17, 0.000000000000000000 ) ) ;
#62 = AXIS2_PLACEMENT_3D ( 'NONE', #1242, #1279, #149 ) ;
#63 = VERTEX_POINT ( 'NONE', #19 ) ;
#64 = APPLICATION_PROTOCOL_DEFINITION ( 'draft international standard', 'automotive_design', 1998, #1223 ) ;
#65 = CIRCLE ( 'NONE', #964, 1.599999999999999867 ) ;
#66 = DIRECTION ( 'NONE',  ( -1.000000000000000000, 0.000000000000000000, 0.000000000000000000 ) ) ;
#67 = EDGE_CURVE ( 'NONE', #455, #1062, #3, .T. ) ;
#68 = DIRECTION ( 'NONE',  ( 0.000000000000000000, 0.000000000000000000, -1.000000000000000000 ) ) ;
#69 = AXIS2_PLACEMENT_3D ( 'NONE', #1123, #395, #988 ) ;
#70 = ORIENTED_EDGE ( 'NONE', *, *, #462, .F. ) ;
#71 = UNCERTAINTY_MEASURE_WITH_UNIT (LENGTH_MEASURE( 1.000000000000000082E-05 ), #1404, 'distance_accuracy_value', 'NONE');
#72 = EDGE_CURVE ( 'NONE', #108, #950, #365, .T. ) ;
#73 = CARTESIAN_POINT ( 'NONE',  ( 1.000000000000000000, 19.99999999999999645, 30.00000000000000000 ) ) ;
#74 = CARTESIAN_POINT ( 'NONE',  ( 5.000000000000000000, 15.00000000000000000, -9.499999999999994671 ) ) ;
#75 = CARTESIAN_POINT ( 'NONE',  ( 7.000000000000000000, 9.999999999999998224, -0.9999999999999991118 ) ) ;
#76 = VERTEX_POINT ( 'NONE', #256 ) ;
#77 = VECTOR ( 'NONE', #1383, 1000.000000000000000 ) ;
#78 = ORIENTED_EDGE ( 'NONE', *, *, #308, .T. ) ;
#79 = ORIENTED_EDGE ( 'NONE', *, *, #1117, .T. ) ;
#80 = CARTESIAN_POINT ( 'NONE',  ( 3.881966011250100212, 13.14455231422595460, -12.00000000000000000 ) ) ;
#81 = ADVANCED_FACE ( 'NONE', ( #1119 ), #858, .T. ) ;
#82 = DIRECTION ( 'NONE',  ( -1.000000000000000000, 0.000000000000000000, 0.000000000000000000 ) ) ;
#83 = CIRCLE ( 'NONE', #212, 1.500000000000004885 ) ;
#84 = DIRECTION ( 'NONE',  ( 0.000000000000000000, 0.000000000000000000, -1.000000000000000000 ) ) ;
#85 = CARTESIAN_POINT ( 'NONE',  ( 0.000000000000000000, 18.99999999999999645, 30.00000000000000000 ) ) ;
#86 = ORIENTED_EDGE ( 'NONE', *, *, #470, .F. ) ;
#87 = ORIENTED_EDGE ( 'NONE', *, *, #1164, .F. ) ;
#88 = STYLED_ITEM ( 'NONE', ( #1151 ), #1413 ) ;
#89 = ORIENTED_EDGE ( 'NONE', *, *, #369, .F. ) ;
#90 = EDGE_CURVE ( 'NONE', #840, #1569, #873, .T. ) ;
#91 = DIRECTION ( 'NONE',  ( 1.000000000000000000, 0.000000000000000000, 0.000000000000000000 ) ) ;
#92 = PLANE ( 'NONE',  #1038 ) ;
#93 = CYLINDRICAL_SURFACE ( 'NONE', #1141, 1.000000000000000888 ) ;
#94 = ADVANCED_FACE ( 'NONE', ( #355 ), #1232, .T. ) ;
#95 = VERTEX_POINT ( 'NONE', #498 ) ;
#96 = TOROIDAL_SURFACE ( 'NONE', #769, 2.000000000000000000, 1.000000000000000000 ) ;
#97 = ADVANCED_FACE ( 'NONE', ( #1241 ), #632, .T. ) ;
#98 = ORIENTED_EDGE ( 'NONE', *, *, #1255, .F. ) ;
#99 = EDGE_CURVE ( 'NONE', #715, #1212, #1367, .T. ) ;
#100 = VERTEX_POINT ( 'NONE', #1250 ) ;
#101 = CARTESIAN_POINT ( 'NONE',  ( 3.000000000000000000, 9.999999999999998224, -15.00000000000000000 ) ) ;
#102 = ORIENTED_EDGE ( 'NONE', *, *, #822, .F. ) ;
#103 = DIRECTION ( 'NONE',  ( 0.000000000000000000, 0.000000000000000000, -1.000000000000000000 ) ) ;
#104 = CARTESIAN_POINT ( 'NONE',  ( 1.000000000000000000, 9.999999999999998224, 0.000000000000000000 ) ) ;
#105 = ORIENTED_EDGE ( 'NONE', *, *, #926, .T. ) ;
#106 = PLANE ( 'NONE',  #733 ) ;
#107 = ORIENTED_EDGE ( 'NONE', *, *, #185, .T. ) ;
#108 = VERTEX_POINT ( 'NONE', #268 ) ;
#109 = CARTESIAN_POINT ( 'NONE',  ( 3.000000000000000000, 9.999999999999998224, -15.00000000000000000 ) ) ;
#110 = ORIENTED_EDGE ( 'NONE', *, *, #572, .F. ) ;
#111 = CYLINDRICAL_SURFACE ( 'NONE', #997, 1.000000000000000888 ) ;
#112 = DIRECTION ( 'NONE',  ( -0.000000000000000000, -0.000000000000000000, -1.000000000000000000 ) ) ;
#113 = VERTEX_POINT ( 'NONE', #1108 ) ;
#114 = DIRECTION ( 'NONE',  ( 0.000000000000000000, -1.000000000000000000, 0.000000000000000000 ) ) ;
#115 = ORIENTED_EDGE ( 'NONE', *, *, #59, .F. ) ;
#116 = EDGE_LOOP ( 'NONE', ( #1463, #1546, #723 ) ) ;
#117 = DIRECTION ( 'NONE',  ( 0.000000000000000000, 0.000000000000000000, 1.000000000000000000 ) ) ;
#118 = FACE_OUTER_BOUND ( 'NONE', #739, .T. ) ;
#119 = CIRCLE ( 'NONE', #39, 1.000000000000000888 ) ;
#120 = ORIENTED_EDGE ( 'NONE', *, *, #67, .T. ) ;
#121 = VECTOR ( 'NONE', #261, 1000.000000000000000 ) ;
#122 = LINE ( 'NONE', #610, #1330 ) ;
#123 = AXIS2_PLACEMENT_3D ( 'NONE', #1146, #1258, #1398 ) ;
#124 = ORIENTED_EDGE ( 'NONE', *, *, #459, .F. ) ;
#125 = CARTESIAN_POINT ( 'NONE',  ( 2.000000000000000000, 9.000000000000000000, -1.000000000000000000 ) ) ;
#126 = EDGE_CURVE ( 'NONE', #1157, #113, #1535, .T. ) ;
#127 = CARTESIAN_POINT ( 'NONE',  ( 5.000000000000000000, 12.00000000000000000, -12.00000000000000000 ) ) ;
#128 = CARTESIAN_POINT ( 'NONE',  ( 5.000000000000000000, 13.60000000000000497, -12.50000000000000711 ) ) ;
#129 = ORIENTED_EDGE ( 'NONE', *, *, #419, .F. ) ;
#130 = CYLINDRICAL_SURFACE ( 'NONE', #69, 1.000000000000000000 ) ;
#131 = VERTEX_POINT ( 'NONE', #641 ) ;
#132 = LINE ( 'NONE', #224, #932 ) ;
#133 = CYLINDRICAL_SURFACE ( 'NONE', #1261, 1.599999999999999867 ) ;
#134 = CARTESIAN_POINT ( 'NONE',  ( 10.00000000000000178, 0.000000000000000000, 30.00000000000000000 ) ) ;
#135 = EDGE_LOOP ( 'NONE', ( #1238, #374, #301, #138 ) ) ;
#136 = SPHERICAL_SURFACE ( 'NONE', #486, 1.000000000000000000 ) ;
#137 = PRODUCT_DEFINITION ( 'ๆ', '', #337, #1326 ) ;
#138 = ORIENTED_EDGE ( 'NONE', *, *, #1422, .F. ) ;
#139 = LINE ( 'NONE', #713, #923 ) ;
#140 = CIRCLE ( 'NONE', #1289, 1.000000000000000000 ) ;
#141 = CARTESIAN_POINT ( 'NONE',  ( 1.000000000000000000, 1.000000000000000000, 30.00000000000000000 ) ) ;
#142 = CARTESIAN_POINT ( 'NONE',  ( 4.262706663064635748, 10.57620169166835744, -12.31053237560813152 ) ) ;
#143 = CARTESIAN_POINT ( 'NONE',  ( 4.174899954630840959, 13.37419355538583510, -12.25660005901160332 ) ) ;
#144 = DIRECTION ( 'NONE',  ( 0.000000000000000000, 0.000000000000000000, 1.000000000000000000 ) ) ;
#145 = CIRCLE ( 'NONE', #959, 1.599999999999999867 ) ;
#146 = EDGE_LOOP ( 'NONE', ( #1399, #370, #102, #1165 ) ) ;
#147 = DIRECTION ( 'NONE',  ( -0.000000000000000000, -1.000000000000000000, 0.000000000000000000 ) ) ;
#148 = DIRECTION ( 'NONE',  ( 0.000000000000000000, 0.000000000000000000, -1.000000000000000000 ) ) ;
#149 = DIRECTION ( 'NONE',  ( 1.000000000000000000, 0.000000000000000000, 0.000000000000000000 ) ) ;
#150 = DIRECTION ( 'NONE',  ( 0.000000000000000000, 1.000000000000000000, 0.000000000000000000 ) ) ;
#151 = DIRECTION ( 'NONE',  ( 0.000000000000000000, 0.000000000000000000, -1.000000000000000000 ) ) ;
#152 = VECTOR ( 'NONE', #909, 1000.000000000000000 ) ;
#153 = CARTESIAN_POINT ( 'NONE',  ( 10.00000000000000178, 0.000000000000000000, 28.99999999999999645 ) ) ;
#154 = CIRCLE ( 'NONE', #647, 1.000000000000000888 ) ;
#155 = FACE_OUTER_BOUND ( 'NONE', #879, .T. ) ;
#156 = DIRECTION ( 'NONE',  ( -7.885106708985487801E-17, 1.000000000000000000, 0.000000000000000000 ) ) ;
#157 = DIRECTION ( 'NONE',  ( 1.000000000000000000, -0.000000000000000000, -0.000000000000000000 ) ) ;
#158 = FACE_OUTER_BOUND ( 'NONE', #714, .T. ) ;
#159 = VECTOR ( 'NONE', #613, 1000.000000000000000 ) ;
#160 = EDGE_CURVE ( 'NONE', #701, #1562, #849, .T. ) ;
#161 = LINE ( 'NONE', #153, #503 ) ;
#162 = FACE_OUTER_BOUND ( 'NONE', #1547, .T. ) ;
#163 = DIRECTION ( 'NONE',  ( -1.000000000000000000, 0.000000000000000000, 0.000000000000000000 ) ) ;
#164 = LINE ( 'NONE', #277, #1349 ) ;
#165 = EDGE_CURVE ( 'NONE', #6, #1005, #521, .T. ) ;
#166 = CYLINDRICAL_SURFACE ( 'NONE', #397, 1.000000000000000000 ) ;
#167 = VECTOR ( 'NONE', #567, 1000.000000000000000 ) ;
#168 = ADVANCED_FACE ( 'NONE', ( #239 ), #1006, .F. ) ;
#169 = VECTOR ( 'NONE', #1348, 1000.000000000000000 ) ;
#170 = AXIS2_PLACEMENT_3D ( 'NONE', #872, #1230, #731 ) ;
#171 = DIRECTION ( 'NONE',  ( 0.000000000000000000, 1.000000000000000000, 0.000000000000000000 ) ) ;
#172 = CARTESIAN_POINT ( 'NONE',  ( 8.000000000000000000, 8.000000000000000000, 0.000000000000000000 ) ) ;
#173 = ORIENTED_EDGE ( 'NONE', *, *, #519, .T. ) ;
#174 = ADVANCED_FACE ( 'NONE', ( #1094 ), #1480, .T. ) ;
#175 = DIRECTION ( 'NONE',  ( -0.000000000000000000, 1.000000000000000000, 0.000000000000000000 ) ) ;
#176 = CARTESIAN_POINT ( 'NONE',  ( 9.000000000000001776, 18.99999999999999645, 1.000000000000000888 ) ) ;
#177 =( NAMED_UNIT ( * ) PLANE_ANGLE_UNIT ( ) SI_UNIT ( $, .RADIAN. ) );
#178 = DIRECTION ( 'NONE',  ( -1.000000000000000000, 0.000000000000000000, 0.000000000000000000 ) ) ;
#179 = EDGE_LOOP ( 'NONE', ( #226, #699, #1315 ) ) ;
#180 = EDGE_CURVE ( 'NONE', #1224, #329, #1304, .T. ) ;
#181 = CARTESIAN_POINT ( 'NONE',  ( 0.000000000000000000, 0.000000000000000000, 1.000000000000000888 ) ) ;
#182 = DIRECTION ( 'NONE',  ( 1.000000000000000000, 0.000000000000000000, 0.000000000000000000 ) ) ;
#183 = CARTESIAN_POINT ( 'NONE',  ( 4.772967863259352406, 10.39999999999999325, -12.50000000000000711 ) ) ;
#184 = ORIENTED_EDGE ( 'NONE', *, *, #180, .F. ) ;
#185 = EDGE_CURVE ( 'NONE', #9, #345, #407, .T. ) ;
#186 = DIRECTION ( 'NONE',  ( -1.000000000000000000, 0.000000000000000000, 0.000000000000000000 ) ) ;
#187 =( GEOMETRIC_REPRESENTATION_CONTEXT ( 3 ) GLOBAL_UNCERTAINTY_ASSIGNED_CONTEXT ( ( #1159 ) ) GLOBAL_UNIT_ASSIGNED_CONTEXT ( ( #434, #449, #922 ) ) REPRESENTATION_CONTEXT ( 'NONE', 'WORKASPACE' ) );
#188 = DIRECTION ( 'NONE',  ( 1.000000000000000000, 0.000000000000000000, 0.000000000000000000 ) ) ;
#189 = DIRECTION ( 'NONE',  ( -1.000000000000000000, 0.000000000000000000, 0.000000000000000000 ) ) ;
#190 = COLOUR_RGB ( '',0.7921568627450980005, 0.8196078431372548767, 0.9333333333333333481 ) ;
#191 = EDGE_CURVE ( 'NONE', #220, #1360, #764, .T. ) ;
#192 = ORIENTED_EDGE ( 'NONE', *, *, #1270, .F. ) ;
#193 = AXIS2_PLACEMENT_3D ( 'NONE', #1391, #43, #1020 ) ;
#194 = DIRECTION ( 'NONE',  ( 0.000000000000000000, -0.000000000000000000, 1.000000000000000000 ) ) ;
#195 = FACE_OUTER_BOUND ( 'NONE', #913, .T. ) ;
#196 = FACE_OUTER_BOUND ( 'NONE', #1109, .T. ) ;
#197 = ORIENTED_EDGE ( 'NONE', *, *, #492, .F. ) ;
#198 = VECTOR ( 'NONE', #479, 1000.000000000000000 ) ;
#199 = ORIENTED_EDGE ( 'NONE', *, *, #620, .T. ) ;
#200 = ORIENTED_EDGE ( 'NONE', *, *, #1382, .F. ) ;
#201 = CARTESIAN_POINT ( 'NONE',  ( 0.000000000000000000, 0.000000000000000000, -16.00000000000000000 ) ) ;
#202 = AXIS2_PLACEMENT_3D ( 'NONE', #141, #735, #880 ) ;
#203 = CARTESIAN_POINT ( 'NONE',  ( 5.227032136740647594, 13.60000000000000497, -12.50000000000000711 ) ) ;
#204 = CARTESIAN_POINT ( 'NONE',  ( 7.000000000000000000, 9.000000000000000000, -16.00000000000000000 ) ) ;
#205 = ADVANCED_FACE ( 'NONE', ( #155 ), #1253, .F. ) ;
#206 = ORIENTED_EDGE ( 'NONE', *, *, #1377, .T. ) ;
#207 = VERTEX_POINT ( 'NONE', #292 ) ;
#208 = ORIENTED_EDGE ( 'NONE', *, *, #903, .T. ) ;
#209 = DIRECTION ( 'NONE',  ( 1.000000000000000000, 0.000000000000000000, 0.000000000000000000 ) ) ;
#210 = CARTESIAN_POINT ( 'NONE',  ( 9.000000000000001776, 15.00000000000000000, 0.000000000000000000 ) ) ;
#211 = EDGE_CURVE ( 'NONE', #1062, #1324, #1024, .T. ) ;
#212 = AXIS2_PLACEMENT_3D ( 'NONE', #1543, #688, #1302 ) ;
#213 = DIRECTION ( 'NONE',  ( -1.000000000000000000, 0.000000000000000000, 0.000000000000000000 ) ) ;
#214 = EDGE_CURVE ( 'NONE', #1224, #453, #33, .T. ) ;
#215 = CIRCLE ( 'NONE', #1416, 1.000000000000000000 ) ;
#216 = ORIENTED_EDGE ( 'NONE', *, *, #1110, .F. ) ;
#217 = ORIENTED_EDGE ( 'NONE', *, *, #1332, .F. ) ;
#218 = ORIENTED_EDGE ( 'NONE', *, *, #1098, .F. ) ;
#219 = LINE ( 'NONE', #707, #784 ) ;
#220 = VERTEX_POINT ( 'NONE', #51 ) ;
#221 = FACE_OUTER_BOUND ( 'NONE', #421, .T. ) ;
#222 = CYLINDRICAL_SURFACE ( 'NONE', #444, 1.000000000000000888 ) ;
#223 = ORIENTED_EDGE ( 'NONE', *, *, #1532, .T. ) ;
#224 = CARTESIAN_POINT ( 'NONE',  ( 10.00000000000000178, 0.000000000000000000, 1.000000000000000888 ) ) ;
#225 = VECTOR ( 'NONE', #467, 1000.000000000000000 ) ;
#226 = ORIENTED_EDGE ( 'NONE', *, *, #1215, .T. ) ;
#227 = AXIS2_PLACEMENT_3D ( 'NONE', #252, #883, #1372 ) ;
#228 = ORIENTED_EDGE ( 'NONE', *, *, #1538, .T. ) ;
#229 = CARTESIAN_POINT ( 'NONE',  ( 5.450614217495056479, 10.45073777891367151, -12.44616209101189774 ) ) ;
#230 = ORIENTED_EDGE ( 'NONE', *, *, #343, .F. ) ;
#231 = CARTESIAN_POINT ( 'NONE',  ( 3.000000000000000000, 15.00000000000000000, -15.00000000000000000 ) ) ;
#232 = EDGE_CURVE ( 'NONE', #63, #1325, #1034, .T. ) ;
#233 = DIRECTION ( 'NONE',  ( 1.000000000000000000, 0.000000000000000000, 0.000000000000000000 ) ) ;
#234 = ORIENTED_EDGE ( 'NONE', *, *, #1316, .T. ) ;
#235 = DIRECTION ( 'NONE',  ( -1.000000000000000000, 0.000000000000000000, 0.000000000000000000 ) ) ;
#236 = EDGE_LOOP ( 'NONE', ( #1185, #1240, #724 ) ) ;
#237 = ORIENTED_EDGE ( 'NONE', *, *, #244, .T. ) ;
#238 = AXIS2_PLACEMENT_3D ( 'NONE', #1089, #484, #1577 ) ;
#239 = FACE_OUTER_BOUND ( 'NONE', #464, .T. ) ;
#240 = DIRECTION ( 'NONE',  ( 0.000000000000000000, 0.000000000000000000, -1.000000000000000000 ) ) ;
#241 = EDGE_LOOP ( 'NONE', ( #1321, #1052, #961, #216 ) ) ;
#242 = ADVANCED_FACE ( 'NONE', ( #1274 ), #1016, .F. ) ;
#243 = DIRECTION ( 'NONE',  ( 1.000000000000000000, 7.885106708985480406E-17, 0.000000000000000000 ) ) ;
#244 = EDGE_CURVE ( 'NONE', #586, #76, #408, .T. ) ;
#245 = ORIENTED_EDGE ( 'NONE', *, *, #126, .T. ) ;
#246 = DIRECTION ( 'NONE',  ( 0.000000000000000000, 0.000000000000000000, -1.000000000000000000 ) ) ;
#247 = CARTESIAN_POINT ( 'NONE',  ( 3.000000000000000000, 9.999999999999998224, -14.00000000000000000 ) ) ;
#248 = LINE ( 'NONE', #456, #865 ) ;
#249 = EDGE_CURVE ( 'NONE', #793, #869, #1575, .T. ) ;
#250 = CIRCLE ( 'NONE', #552, 1.000000000000000888 ) ;
#251 = ORIENTED_EDGE ( 'NONE', *, *, #1117, .F. ) ;
#252 = CARTESIAN_POINT ( 'NONE',  ( 0.000000000000000000, 13.99999999999999822, -15.00000000000000000 ) ) ;
#253 = EDGE_LOOP ( 'NONE', ( #1489, #1147, #1037, #197 ) ) ;
#254 = FACE_OUTER_BOUND ( 'NONE', #585, .T. ) ;
#255 = EDGE_CURVE ( 'NONE', #328, #1106, #314, .T. ) ;
#256 = CARTESIAN_POINT ( 'NONE',  ( 6.118033988749900232, 13.14455231422595460, -12.00000000000000000 ) ) ;
#257 = CARTESIAN_POINT ( 'NONE',  ( 5.736474353058195419, 10.57577312974332706, -12.31099771888061412 ) ) ;
#258 = EDGE_LOOP ( 'NONE', ( #330, #1425, #823 ) ) ;
#259 = DIRECTION ( 'NONE',  ( -0.000000000000000000, -1.000000000000000000, -0.000000000000000000 ) ) ;
#260 = ORIENTED_EDGE ( 'NONE', *, *, #324, .T. ) ;
#261 = DIRECTION ( 'NONE',  ( -0.000000000000000000, -0.000000000000000000, -1.000000000000000000 ) ) ;
#262 = CARTESIAN_POINT ( 'NONE',  ( 7.000000000000000000, 13.99999999999999822, -15.00000000000000000 ) ) ;
#263 = CARTESIAN_POINT ( 'NONE',  ( 1.999999999999999112, 9.999999999999998224, -16.00000000000000000 ) ) ;
#264 = CARTESIAN_POINT ( 'NONE',  ( 10.00000000000000178, 1.000000000000000000, 28.99999999999999645 ) ) ;
#265 = ORIENTED_EDGE ( 'NONE', *, *, #691, .F. ) ;
#266 = DIRECTION ( 'NONE',  ( 1.000000000000000000, -0.000000000000000000, 0.000000000000000000 ) ) ;
#267 = AXIS2_PLACEMENT_3D ( 'NONE', #1527, #787, #800 ) ;
#268 = CARTESIAN_POINT ( 'NONE',  ( 3.000000000000000000, 9.999999999999998224, -16.00000000000000000 ) ) ;
#269 = CARTESIAN_POINT ( 'NONE',  ( 4.174348669337625495, 10.62614853293275630, -12.25622547777118498 ) ) ;
#270 = CARTESIAN_POINT ( 'NONE',  ( 0.000000000000000000, 19.99999999999999645, 0.000000000000000000 ) ) ;
#271 = CARTESIAN_POINT ( 'NONE',  ( 1.000000000000000000, 18.99999999999999645, 30.00000000000000000 ) ) ;
#272 = CIRCLE ( 'NONE', #1418, 1.000000000000000888 ) ;
#273 = CARTESIAN_POINT ( 'NONE',  ( 1.000000000000000000, 0.000000000000000000, 30.00000000000000000 ) ) ;
#274 = AXIS2_PLACEMENT_3D ( 'NONE', #1086, #1574, #233 ) ;
#275 = DIRECTION ( 'NONE',  ( -1.000000000000000000, 0.000000000000000000, 0.000000000000000000 ) ) ;
#276 = FACE_OUTER_BOUND ( 'NONE', #860, .T. ) ;
#277 = CARTESIAN_POINT ( 'NONE',  ( 0.000000000000000000, 18.99999999999999645, 0.000000000000000000 ) ) ;
#278 = CIRCLE ( 'NONE', #1166, 1.000000000000000888 ) ;
#279 = DIRECTION ( 'NONE',  ( 0.000000000000000000, 1.000000000000000000, 0.000000000000000000 ) ) ;
#280 = SPHERICAL_SURFACE ( 'NONE', #1466, 1.000000000000000000 ) ;
#281 = DIRECTION ( 'NONE',  ( 0.000000000000000000, 0.000000000000000000, -1.000000000000000000 ) ) ;
#282 = DIRECTION ( 'NONE',  ( 0.000000000000000000, -1.000000000000000000, 0.000000000000000000 ) ) ;
#283 = CARTESIAN_POINT ( 'NONE',  ( 1.000000000000000000, 0.000000000000000000, -1.000000000000000000 ) ) ;
#284 = AXIS2_PLACEMENT_3D ( 'NONE', #17, #396, #1249 ) ;
#285 = DIRECTION ( 'NONE',  ( 0.000000000000000000, 0.000000000000000000, -1.000000000000000000 ) ) ;
#286 = ADVANCED_FACE ( 'NONE', ( #162 ), #656, .T. ) ;
#287 = CARTESIAN_POINT ( 'NONE',  ( 6.118033988749900232, 15.00000000000000000, -12.00000000000000000 ) ) ;
#288 = AXIS2_PLACEMENT_3D ( 'NONE', #1297, #188, #1524 ) ;
#289 = FACE_OUTER_BOUND ( 'NONE', #1248, .T. ) ;
#290 = CARTESIAN_POINT ( 'NONE',  ( 2.000000000000000000, 15.00000000000000000, -14.00000000000000000 ) ) ;
#291 = DIRECTION ( 'NONE',  ( 0.000000000000000000, 0.000000000000000000, 1.000000000000000000 ) ) ;
#292 = CARTESIAN_POINT ( 'NONE',  ( 10.00000000000000000, 18.99999999999999645, 1.000000000000000888 ) ) ;
#293 = ORIENTED_EDGE ( 'NONE', *, *, #741, .F. ) ;
#294 = EDGE_CURVE ( 'NONE', #76, #1286, #65, .T. ) ;
#295 = CARTESIAN_POINT ( 'NONE',  ( 3.000000000000000000, 15.00000000000000000, -14.00000000000000000 ) ) ;
#296 = CYLINDRICAL_SURFACE ( 'NONE', #1244, 0.9999999999999991118 ) ;
#297 = AXIS2_PLACEMENT_3D ( 'NONE', #1295, #457, #194 ) ;
#298 = FACE_OUTER_BOUND ( 'NONE', #543, .T. ) ;
#299 = DIRECTION ( 'NONE',  ( 7.885106708985487801E-17, -1.000000000000000000, -0.000000000000000000 ) ) ;
#300 = EDGE_CURVE ( 'NONE', #692, #1467, #611, .T. ) ;
#301 = ORIENTED_EDGE ( 'NONE', *, *, #1351, .F. ) ;
#302 = FACE_OUTER_BOUND ( 'NONE', #1083, .T. ) ;
#303 = CYLINDRICAL_SURFACE ( 'NONE', #422, 1.000000000000000000 ) ;
#304 = EDGE_CURVE ( 'NONE', #95, #1551, #347, .T. ) ;
#305 = DIRECTION ( 'NONE',  ( 0.000000000000000000, 0.000000000000000000, -1.000000000000000000 ) ) ;
#306 = EDGE_LOOP ( 'NONE', ( #592, #1282, #34, #638, #983, #433, #602, #1227 ) ) ;
#307 = CARTESIAN_POINT ( 'NONE',  ( 2.000000000000000000, 15.00000000000000000, -14.00000000000000000 ) ) ;
#308 = EDGE_CURVE ( 'NONE', #595, #1106, #1556, .T. ) ;
#309 = CARTESIAN_POINT ( 'NONE',  ( 0.000000000000000000, 16.00000000000000000, -1.000000000000000000 ) ) ;
#310 = CARTESIAN_POINT ( 'NONE',  ( 7.000000000000000000, 9.999999999999998224, -15.00000000000000000 ) ) ;
#311 = CIRCLE ( 'NONE', #62, 1.000000000000000000 ) ;
#312 = AXIS2_PLACEMENT_3D ( 'NONE', #889, #995, #163 ) ;
#313 = ORIENTED_EDGE ( 'NONE', *, *, #947, .F. ) ;
#314 = CIRCLE ( 'NONE', #1161, 1.000000000000000000 ) ;
#315 = DIRECTION ( 'NONE',  ( -0.000000000000000000, -1.000000000000000000, -0.000000000000000000 ) ) ;
#316 = EDGE_CURVE ( 'NONE', #1209, #1335, #811, .T. ) ;
#317 = CARTESIAN_POINT ( 'NONE',  ( 1.000000000000000000, 18.99999999999999645, 0.000000000000000000 ) ) ;
#318 = CARTESIAN_POINT ( 'NONE',  ( 5.000000000000000000, 15.00000000000000000, -12.50000000000000355 ) ) ;
#319 = EDGE_LOOP ( 'NONE', ( #251, #941, #721, #549, #622, #208 ) ) ;
#320 = ORIENTED_EDGE ( 'NONE', *, *, #653, .F. ) ;
#321 = ORIENTED_EDGE ( 'NONE', *, *, #822, .T. ) ;
#322 = ADVANCED_FACE ( 'NONE', ( #1198 ), #222, .T. ) ;
#323 = CARTESIAN_POINT ( 'NONE',  ( 0.000000000000000000, 0.000000000000000000, 0.000000000000000000 ) ) ;
#324 = EDGE_CURVE ( 'NONE', #692, #1431, #719, .T. ) ;
#325 = DIRECTION ( 'NONE',  ( -0.000000000000000000, 0.000000000000000000, 1.000000000000000000 ) ) ;
#326 = ADVANCED_FACE ( 'NONE', ( #1075 ), #93, .T. ) ;
#327 = FACE_OUTER_BOUND ( 'NONE', #146, .T. ) ;
#328 = VERTEX_POINT ( 'NONE', #336 ) ;
#329 = VERTEX_POINT ( 'NONE', #104 ) ;
#330 = ORIENTED_EDGE ( 'NONE', *, *, #1047, .T. ) ;
#331 = CARTESIAN_POINT ( 'NONE',  ( 7.000000000000000000, 9.999999999999998224, -15.00000000000000000 ) ) ;
#332 = EDGE_LOOP ( 'NONE', ( #624, #1064, #511, #1199 ) ) ;
#333 = CYLINDRICAL_SURFACE ( 'NONE', #583, 1.000000000000000888 ) ;
#334 = AXIS2_PLACEMENT_3D ( 'NONE', #283, #1017, #53 ) ;
#335 = AXIS2_PLACEMENT_3D ( 'NONE', #290, #171, #648 ) ;
#336 = CARTESIAN_POINT ( 'NONE',  ( 7.000000000000000000, 9.000000000000000000, -1.000000000000000000 ) ) ;
#337 = PRODUCT_DEFINITION_FORMATION_WITH_SPECIFIED_SOURCE ( 'ไป', '', #390, .NOT_KNOWN. ) ;
#338 = ORIENTED_EDGE ( 'NONE', *, *, #300, .F. ) ;
#339 = DIRECTION ( 'NONE',  ( -1.000000000000000000, 0.000000000000000000, 0.000000000000000000 ) ) ;
#340 = AXIS2_PLACEMENT_3D ( 'NONE', #1511, #36, #1136 ) ;
#341 = EDGE_LOOP ( 'NONE', ( #871, #223, #475, #1560 ) ) ;
#342 = ORIENTED_EDGE ( 'NONE', *, *, #1516, .T. ) ;
#343 = EDGE_CURVE ( 'NONE', #1362, #1484, #533, .T. ) ;
#344 = DIRECTION ( 'NONE',  ( -0.000000000000000000, 1.000000000000000000, -0.000000000000000000 ) ) ;
#345 = VERTEX_POINT ( 'NONE', #584 ) ;
#346 = AXIS2_PLACEMENT_3D ( 'NONE', #528, #1510, #792 ) ;
#347 = LINE ( 'NONE', #1068, #1091 ) ;
#348 = ORIENTED_EDGE ( 'NONE', *, *, #1373, .F. ) ;
#349 = CARTESIAN_POINT ( 'NONE',  ( 9.000000000000000000, 18.99999999999999645, 0.000000000000000000 ) ) ;
#350 = VECTOR ( 'NONE', #1319, 1000.000000000000000 ) ;
#351 = EDGE_CURVE ( 'NONE', #1005, #1079, #1419, .T. ) ;
#352 = ORIENTED_EDGE ( 'NONE', *, *, #1499, .T. ) ;
#353 = CIRCLE ( 'NONE', #844, 1.000000000000000000 ) ;
#354 = ORIENTED_EDGE ( 'NONE', *, *, #1395, .F. ) ;
#355 = FACE_OUTER_BOUND ( 'NONE', #241, .T. ) ;
#356 = CYLINDRICAL_SURFACE ( 'NONE', #659, 1.000000000000000888 ) ;
#357 = ORIENTED_EDGE ( 'NONE', *, *, #1359, .F. ) ;
#358 = CARTESIAN_POINT ( 'NONE',  ( 9.000000000000001776, 1.000000000000000000, 30.00000000000000000 ) ) ;
#359 = AXIS2_PLACEMENT_3D ( 'NONE', #488, #12, #1001 ) ;
#360 = ADVANCED_FACE ( 'NONE', ( #951 ), #106, .T. ) ;
#361 = EDGE_LOOP ( 'NONE', ( #609, #606, #1540, #1234 ) ) ;
#362 = DIRECTION ( 'NONE',  ( 1.000000000000000000, -0.000000000000000000, 0.000000000000000000 ) ) ;
#363 = EDGE_LOOP ( 'NONE', ( #1216, #612, #1201, #1000 ) ) ;
#364 = AXIS2_PLACEMENT_3D ( 'NONE', #856, #722, #1468 ) ;
#365 = LINE ( 'NONE', #392, #1170 ) ;
#366 = DIRECTION ( 'NONE',  ( 1.000000000000000000, 0.000000000000000000, 0.000000000000000000 ) ) ;
#367 = ORIENTED_EDGE ( 'NONE', *, *, #912, .T. ) ;
#368 = CARTESIAN_POINT ( 'NONE',  ( 1.000000000000000000, 18.99999999999999645, 28.99999999999999645 ) ) ;
#369 = EDGE_CURVE ( 'NONE', #345, #705, #132, .T. ) ;
#370 = ORIENTED_EDGE ( 'NONE', *, *, #160, .F. ) ;
#371 = DIRECTION ( 'NONE',  ( 0.000000000000000000, 0.000000000000000000, 1.000000000000000000 ) ) ;
#372 = CARTESIAN_POINT ( 'NONE',  ( 0.000000000000000000, 1.000000000000000000, 28.99999999999999645 ) ) ;
#373 = VECTOR ( 'NONE', #945, 1000.000000000000000 ) ;
#374 = ORIENTED_EDGE ( 'NONE', *, *, #72, .F. ) ;
#375 = CIRCLE ( 'NONE', #1275, 1.000000000000000000 ) ;
#376 = LINE ( 'NONE', #1105, #1257 ) ;
#377 = EDGE_CURVE ( 'NONE', #1431, #605, #1343, .T. ) ;
#378 = ORIENTED_EDGE ( 'NONE', *, *, #544, .T. ) ;
#379 = DIRECTION ( 'NONE',  ( 1.000000000000000000, 0.000000000000000000, 0.000000000000000000 ) ) ;
#380 = CIRCLE ( 'NONE', #1405, 1.000000000000000000 ) ;
#381 = CARTESIAN_POINT ( 'NONE',  ( 5.000000000000000000, 12.00000000000000000, -12.00000000000000000 ) ) ;
#382 = DIRECTION ( 'NONE',  ( -0.000000000000000000, -1.000000000000000000, -0.000000000000000000 ) ) ;
#383 = DIRECTION ( 'NONE',  ( 0.000000000000000000, -0.000000000000000000, 1.000000000000000000 ) ) ;
#384 = ADVANCED_FACE ( 'NONE', ( #254 ), #1361, .T. ) ;
#385 = DIRECTION ( 'NONE',  ( -1.000000000000000000, 0.000000000000000000, 0.000000000000000000 ) ) ;
#386 = EDGE_CURVE ( 'NONE', #950, #476, #1334, .T. ) ;
#387 = ADVANCED_FACE ( 'NONE', ( #740 ), #846, .T. ) ;
#388 = ORIENTED_EDGE ( 'NONE', *, *, #519, .F. ) ;
#389 = CARTESIAN_POINT ( 'NONE',  ( 10.00000000000000000, 18.99999999999999645, 30.00000000000000000 ) ) ;
#390 = PRODUCT ( 'fingerpart_2', 'fingerpart_2', '', ( #916 ) ) ;
#391 = ORIENTED_EDGE ( 'NONE', *, *, #530, .T. ) ;
#392 = CARTESIAN_POINT ( 'NONE',  ( 3.000000000000000000, 15.00000000000000000, -16.00000000000000000 ) ) ;
#393 = DIRECTION ( 'NONE',  ( -1.000000000000000000, 0.000000000000000000, 0.000000000000000000 ) ) ;
#394 = CARTESIAN_POINT ( 'NONE',  ( 5.000000000000000000, 12.00000000000000000, -16.00000000000000000 ) ) ;
#395 = DIRECTION ( 'NONE',  ( -1.000000000000000000, 0.000000000000000000, 0.000000000000000000 ) ) ;
#396 = DIRECTION ( 'NONE',  ( -0.000000000000000000, -1.000000000000000000, 0.000000000000000000 ) ) ;
#397 = AXIS2_PLACEMENT_3D ( 'NONE', #1284, #175, #428 ) ;
#398 = DIRECTION ( 'NONE',  ( 0.000000000000000000, 1.000000000000000000, 0.000000000000000000 ) ) ;
#399 = CARTESIAN_POINT ( 'NONE',  ( 6.599999999999999645, 12.00000000000000000, -16.00000000000000000 ) ) ;
#400 = SPHERICAL_SURFACE ( 'NONE', #312, 1.000000000000000000 ) ;
#401 = TOROIDAL_SURFACE ( 'NONE', #886, 2.000000000000000000, 1.000000000000000000 ) ;
#402 = EDGE_CURVE ( 'NONE', #453, #328, #1012, .T. ) ;
#403 = DIRECTION ( 'NONE',  ( 0.000000000000000000, 0.000000000000000000, 1.000000000000000000 ) ) ;
#404 = DIRECTION ( 'NONE',  ( -1.000000000000000000, 0.000000000000000000, 0.000000000000000000 ) ) ;
#405 = AXIS2_PLACEMENT_3D ( 'NONE', #776, #150, #1369 ) ;
#406 = DIRECTION ( 'NONE',  ( 0.000000000000000000, 0.000000000000000000, 1.000000000000000000 ) ) ;
#407 = CIRCLE ( 'NONE', #480, 1.000000000000000000 ) ;
#408 = LINE ( 'NONE', #287, #683 ) ;
#409 = FACE_OUTER_BOUND ( 'NONE', #363, .T. ) ;
#410 = DIRECTION ( 'NONE',  ( 0.000000000000000000, 0.000000000000000000, -1.000000000000000000 ) ) ;
#411 = CARTESIAN_POINT ( 'NONE',  ( 9.000000000000001776, 1.000000000000000000, 1.000000000000000888 ) ) ;
#412 = EDGE_CURVE ( 'NONE', #569, #100, #375, .T. ) ;
#413 = B_SPLINE_CURVE_WITH_KNOTS ( 'NONE', 3,
 ( #5, #477, #499, #596, #257, #229, #1570, #1192 ),
 .UNSPECIFIED., .F., .F.,
 ( 4, 2, 2, 4 ),
 ( 0.000000000000000000, 0.0003388384042951993668, 0.0006776768085903987337, 0.001355353617180799636 ),
 .UNSPECIFIED. ) ;
#414 = PLANE ( 'NONE',  #1522 ) ;
#415 = CARTESIAN_POINT ( 'NONE',  ( 3.000000000000000000, 9.999999999999998224, -0.9999999999999991118 ) ) ;
#416 = CARTESIAN_POINT ( 'NONE',  ( 7.000000000000000000, 9.999999999999998224, 0.000000000000000000 ) ) ;
#417 = CARTESIAN_POINT ( 'NONE',  ( 2.000000000000000000, 9.999999999999998224, -1.000000000000000000 ) ) ;
#418 = LINE ( 'NONE', #1485, #720 ) ;
#419 = EDGE_CURVE ( 'NONE', #595, #587, #578, .T. ) ;
#420 = DIRECTION ( 'NONE',  ( 1.000000000000000000, 0.000000000000000000, 0.000000000000000000 ) ) ;
#421 = EDGE_LOOP ( 'NONE', ( #1077, #974, #173, #877 ) ) ;
#422 = AXIS2_PLACEMENT_3D ( 'NONE', #309, #910, #1042 ) ;
#423 = CIRCLE ( 'NONE', #677, 1.000000000000000888 ) ;
#424 = CARTESIAN_POINT ( 'NONE',  ( 9.000000000000001776, -7.885106708985493964E-17, 0.000000000000000000 ) ) ;
#425 = CARTESIAN_POINT ( 'NONE',  ( 9.000000000000001776, 1.000000000000000000, 1.000000000000000888 ) ) ;
#426 = FILL_AREA_STYLE_COLOUR ( '', #190 ) ;
#427 = ORIENTED_EDGE ( 'NONE', *, *, #377, .T. ) ;
#428 = DIRECTION ( 'NONE',  ( 0.000000000000000000, 0.000000000000000000, 1.000000000000000000 ) ) ;
#429 = AXIS2_PLACEMENT_3D ( 'NONE', #1435, #1177, #924 ) ;
#430 = AXIS2_PLACEMENT_3D ( 'NONE', #1455, #259, #1228 ) ;
#431 = DIRECTION ( 'NONE',  ( -0.000000000000000000, -1.000000000000000000, -0.000000000000000000 ) ) ;
#432 = CARTESIAN_POINT ( 'NONE',  ( 5.000000000000000000, 15.00000000000000000, -11.00000000000000000 ) ) ;
#433 = ORIENTED_EDGE ( 'NONE', *, *, #1047, .F. ) ;
#434 =( LENGTH_UNIT ( ) NAMED_UNIT ( * ) SI_UNIT ( .MILLI., .METRE. ) );
#435 = CARTESIAN_POINT ( 'NONE',  ( 1.000000000000000000, 19.99999999999999645, 0.000000000000000000 ) ) ;
#436 = VECTOR ( 'NONE', #527, 1000.000000000000000 ) ;
#437 = LINE ( 'NONE', #1028, #550 ) ;
#438 = LINE ( 'NONE', #318, #551 ) ;
#439 = VERTEX_POINT ( 'NONE', #631 ) ;
#440 = DIRECTION ( 'NONE',  ( -1.000000000000000000, 0.000000000000000000, 0.000000000000000000 ) ) ;
#441 = FACE_OUTER_BOUND ( 'NONE', #855, .T. ) ;
#442 = LINE ( 'NONE', #816, #1498 ) ;
#443 = VECTOR ( 'NONE', #1581, 1000.000000000000000 ) ;
#444 = AXIS2_PLACEMENT_3D ( 'NONE', #843, #1331, #960 ) ;
#445 = ORIENTED_EDGE ( 'NONE', *, *, #160, .T. ) ;
#446 = EDGE_CURVE ( 'NONE', #1106, #113, #991, .T. ) ;
#447 = ORIENTED_EDGE ( 'NONE', *, *, #920, .F. ) ;
#448 = ORIENTED_EDGE ( 'NONE', *, *, #126, .F. ) ;
#449 =( NAMED_UNIT ( * ) PLANE_ANGLE_UNIT ( ) SI_UNIT ( $, .RADIAN. ) );
#450 = DIRECTION ( 'NONE',  ( 0.000000000000000000, 0.000000000000000000, 1.000000000000000000 ) ) ;
#451 = EDGE_CURVE ( 'NONE', #207, #605, #807, .T. ) ;
#452 = CARTESIAN_POINT ( 'NONE',  ( 0.000000000000000000, 0.000000000000000000, 28.99999999999999645 ) ) ;
#453 = VERTEX_POINT ( 'NONE', #461 ) ;
#454 = ORIENTED_EDGE ( 'NONE', *, *, #1464, .F. ) ;
#455 = VERTEX_POINT ( 'NONE', #1210 ) ;
#456 = CARTESIAN_POINT ( 'NONE',  ( 0.000000000000000000, 0.000000000000000000, 28.99999999999999645 ) ) ;
#457 = DIRECTION ( 'NONE',  ( 0.000000000000000000, 1.000000000000000000, 0.000000000000000000 ) ) ;
#458 = CARTESIAN_POINT ( 'NONE',  ( 8.000000000000000000, 9.000000000000000000, -1.000000000000000000 ) ) ;
#459 = EDGE_CURVE ( 'NONE', #455, #1, #565, .T. ) ;
#460 = ORIENTED_EDGE ( 'NONE', *, *, #308, .F. ) ;
#461 = CARTESIAN_POINT ( 'NONE',  ( 7.000000000000000000, 8.000000000000000000, 0.000000000000000000 ) ) ;
#462 = EDGE_CURVE ( 'NONE', #1360, #1568, #497, .T. ) ;
#463 = ORIENTED_EDGE ( 'NONE', *, *, #294, .T. ) ;
#464 = EDGE_LOOP ( 'NONE', ( #98, #1070, #1307, #1202, #500, #200, #217 ) ) ;
#465 = DIRECTION ( 'NONE',  ( -0.000000000000000000, -1.000000000000000000, -0.000000000000000000 ) ) ;
#466 = EDGE_LOOP ( 'NONE', ( #378, #1190, #977, #1071 ) ) ;
#467 = DIRECTION ( 'NONE',  ( -7.885106708985487801E-17, 1.000000000000000000, 0.000000000000000000 ) ) ;
#468 = CIRCLE ( 'NONE', #1565, 1.000000000000000000 ) ;
#469 = CARTESIAN_POINT ( 'NONE',  ( 3.000000000000000000, 13.99999999999999822, -15.00000000000000000 ) ) ;
#470 = EDGE_CURVE ( 'NONE', #562, #328, #139, .T. ) ;
#471 = VECTOR ( 'NONE', #522, 1000.000000000000000 ) ;
#472 = ORIENTED_EDGE ( 'NONE', *, *, #1464, .T. ) ;
#473 = CARTESIAN_POINT ( 'NONE',  ( 7.000000000000000000, 8.000000000000000000, -1.000000000000000000 ) ) ;
#474 = AXIS2_PLACEMENT_3D ( 'NONE', #778, #645, #403 ) ;
#475 = ORIENTED_EDGE ( 'NONE', *, *, #920, .T. ) ;
#476 = VERTEX_POINT ( 'NONE', #1200 ) ;
#477 = CARTESIAN_POINT ( 'NONE',  ( 6.054224758303160314, 10.79311686214220600, -12.07134088843543118 ) ) ;
#478 = VERTEX_POINT ( 'NONE', #349 ) ;
#479 = DIRECTION ( 'NONE',  ( 0.000000000000000000, -1.000000000000000000, 0.000000000000000000 ) ) ;
#480 = AXIS2_PLACEMENT_3D ( 'NONE', #663, #649, #275 ) ;
#481 = EDGE_CURVE ( 'NONE', #1189, #1099, #854, .T. ) ;
#482 = CARTESIAN_POINT ( 'NONE',  ( 5.000000000000000000, 12.00000000000000000, -16.00000000000000000 ) ) ;
#483 = ORIENTED_EDGE ( 'NONE', *, *, #446, .F. ) ;
#484 = DIRECTION ( 'NONE',  ( 0.000000000000000000, -1.000000000000000000, 0.000000000000000000 ) ) ;
#485 = ORIENTED_EDGE ( 'NONE', *, *, #926, .F. ) ;
#486 = AXIS2_PLACEMENT_3D ( 'NONE', #14, #728, #618 ) ;
#487 = ORIENTED_EDGE ( 'NONE', *, *, #1215, .F. ) ;
#488 = CARTESIAN_POINT ( 'NONE',  ( 0.000000000000000000, 0.000000000000000000, 0.000000000000000000 ) ) ;
#489 = CARTESIAN_POINT ( 'NONE',  ( 0.000000000000000000, 1.000000000000000000, 0.000000000000000000 ) ) ;
#490 = ORIENTED_EDGE ( 'NONE', *, *, #548, .F. ) ;
#491 = LINE ( 'NONE', #861, #169 ) ;
#492 = EDGE_CURVE ( 'NONE', #328, #95, #1222, .T. ) ;
#493 = AXIS2_PLACEMENT_3D ( 'NONE', #759, #1471, #1225 ) ;
#494 = PRODUCT_DEFINITION_SHAPE ( 'NONE', 'NONE',  #137 ) ;
#495 = EDGE_LOOP ( 'NONE', ( #737, #1305, #1333, #557 ) ) ;
#496 = DIRECTION ( 'NONE',  ( 0.000000000000000000, 0.000000000000000000, 1.000000000000000000 ) ) ;
#497 = CIRCLE ( 'NONE', #1341, 1.599999999999999867 ) ;
#498 = CARTESIAN_POINT ( 'NONE',  ( 3.000000000000000000, 9.000000000000000000, -1.000000000000000000 ) ) ;
#499 = CARTESIAN_POINT ( 'NONE',  ( 5.983344573374485442, 10.73420718024350506, -12.13704320198974784 ) ) ;
#500 = ORIENTED_EDGE ( 'NONE', *, *, #191, .F. ) ;
#501 = EDGE_CURVE ( 'NONE', #108, #1551, #524, .T. ) ;
#502 = CARTESIAN_POINT ( 'NONE',  ( 0.000000000000000000, 1.000000000000000000, 30.00000000000000000 ) ) ;
#503 = VECTOR ( 'NONE', #999, 1000.000000000000000 ) ;
#504 = ORIENTED_EDGE ( 'NONE', *, *, #1538, .F. ) ;
#505 = DIRECTION ( 'NONE',  ( -0.000000000000000000, 0.000000000000000000, 1.000000000000000000 ) ) ;
#506 = ADVANCED_FACE ( 'NONE', ( #984 ), #280, .T. ) ;
#507 = CARTESIAN_POINT ( 'NONE',  ( 9.000000000000001776, 1.000000000000000000, 30.00000000000000000 ) ) ;
#508 = EDGE_CURVE ( 'NONE', #207, #617, #1502, .T. ) ;
#509 = CARTESIAN_POINT ( 'NONE',  ( 4.772340236709446515, 13.60000000000000675, -12.50000000000001243 ) ) ;
#510 = LINE ( 'NONE', #502, #1039 ) ;
#511 = ORIENTED_EDGE ( 'NONE', *, *, #1316, .F. ) ;
#512 = FACE_BOUND ( 'NONE', #946, .T. ) ;
#513 = DIRECTION ( 'NONE',  ( -0.000000000000000000, 1.000000000000000000, -0.000000000000000000 ) ) ;
#514 = FACE_OUTER_BOUND ( 'NONE', #341, .T. ) ;
#515 = DIRECTION ( 'NONE',  ( 0.000000000000000000, 0.000000000000000000, 1.000000000000000000 ) ) ;
#516 = DIRECTION ( 'NONE',  ( -0.000000000000000000, -0.000000000000000000, 1.000000000000000000 ) ) ;
#517 = ORIENTED_EDGE ( 'NONE', *, *, #1164, .T. ) ;
#518 = DIRECTION ( 'NONE',  ( 0.000000000000000000, 0.000000000000000000, 1.000000000000000000 ) ) ;
#519 = EDGE_CURVE ( 'NONE', #1325, #345, #541, .T. ) ;
#520 = ORIENTED_EDGE ( 'NONE', *, *, #1332, .T. ) ;
#521 = LINE ( 'NONE', #1337, #693 ) ;
#522 = DIRECTION ( 'NONE',  ( -0.000000000000000000, -1.000000000000000000, -0.000000000000000000 ) ) ;
#523 = VERTEX_POINT ( 'NONE', #878 ) ;
#524 = CIRCLE ( 'NONE', #1133, 1.000000000000000888 ) ;
#525 = CARTESIAN_POINT ( 'NONE',  ( 1.000000000000000000, 1.000000000000000000, 28.99999999999999645 ) ) ;
#526 = EDGE_CURVE ( 'NONE', #950, #1079, #651, .T. ) ;
#527 = DIRECTION ( 'NONE',  ( -0.000000000000000000, -0.000000000000000000, 1.000000000000000000 ) ) ;
#528 = CARTESIAN_POINT ( 'NONE',  ( 1.000000000000000000, 1.000000000000000000, 28.99999999999999645 ) ) ;
#529 = DIRECTION ( 'NONE',  ( 0.000000000000000000, 0.000000000000000000, -1.000000000000000000 ) ) ;
#530 = EDGE_CURVE ( 'NONE', #1360, #1362, #418, .T. ) ;
#531 = CARTESIAN_POINT ( 'NONE',  ( 5.000000000000000000, 15.00000000000000000, -12.50000000000000355 ) ) ;
#532 = CIRCLE ( 'NONE', #1158, 2.000000000000000000 ) ;
#533 = CIRCLE ( 'NONE', #1350, 1.599999999999999867 ) ;
#534 = DIRECTION ( 'NONE',  ( 1.000000000000000000, 0.000000000000000000, 0.000000000000000000 ) ) ;
#535 = CIRCLE ( 'NONE', #1420, 1.599999999999999867 ) ;
#536 = EDGE_CURVE ( 'NONE', #478, #207, #1046, .T. ) ;
#537 = DIRECTION ( 'NONE',  ( 0.000000000000000000, -1.000000000000000000, 0.000000000000000000 ) ) ;
#538 = DIRECTION ( 'NONE',  ( 0.000000000000000000, 0.000000000000000000, -1.000000000000000000 ) ) ;
#539 = SPHERICAL_SURFACE ( 'NONE', #340, 1.000000000000000000 ) ;
#540 = LINE ( 'NONE', #181, #1080 ) ;
#541 = LINE ( 'NONE', #273, #1176 ) ;
#542 = CARTESIAN_POINT ( 'NONE',  ( 3.000000000000000000, 13.99999999999999822, -15.00000000000000000 ) ) ;
#543 = EDGE_LOOP ( 'NONE', ( #1557, #348, #338, #485 ) ) ;
#544 = EDGE_CURVE ( 'NONE', #63, #1062, #639, .T. ) ;
#545 = DIRECTION ( 'NONE',  ( -0.000000000000000000, -0.000000000000000000, 1.000000000000000000 ) ) ;
#546 = DIRECTION ( 'NONE',  ( 0.000000000000000000, 0.000000000000000000, -1.000000000000000000 ) ) ;
#547 = FACE_OUTER_BOUND ( 'NONE', #1576, .T. ) ;
#548 = EDGE_CURVE ( 'NONE', #1286, #1484, #755, .T. ) ;
#549 = ORIENTED_EDGE ( 'NONE', *, *, #944, .T. ) ;
#550 = VECTOR ( 'NONE', #925, 1000.000000000000000 ) ;
#551 = VECTOR ( 'NONE', #689, 1000.000000000000000 ) ;
#552 = AXIS2_PLACEMENT_3D ( 'NONE', #331, #91, #1214 ) ;
#553 = DIRECTION ( 'NONE',  ( 0.000000000000000000, 0.000000000000000000, -1.000000000000000000 ) ) ;
#554 = CARTESIAN_POINT ( 'NONE',  ( 5.737293336935366028, 13.42379830833164789, -12.31053237560813152 ) ) ;
#555 = CARTESIAN_POINT ( 'NONE',  ( 9.000000000000000000, 19.99999999999999645, 28.99999999999999645 ) ) ;
#556 = AXIS2_PLACEMENT_3D ( 'NONE', #415, #281, #178 ) ;
#557 = ORIENTED_EDGE ( 'NONE', *, *, #1262, .T. ) ;
#558 = CARTESIAN_POINT ( 'NONE',  ( 7.000000000000000000, 13.99999999999999822, -15.00000000000000000 ) ) ;
#559 = CIRCLE ( 'NONE', #1456, 2.000000000000000000 ) ;
#560 = CARTESIAN_POINT ( 'NONE',  ( 5.000000000000000000, 13.60000000000000497, -12.50000000000000711 ) ) ;
#561 = DIRECTION ( 'NONE',  ( 1.000000000000000000, -0.000000000000000000, 0.000000000000000000 ) ) ;
#562 = VERTEX_POINT ( 'NONE', #1375 ) ;
#563 = AXIS2_PLACEMENT_3D ( 'NONE', #507, #148, #985 ) ;
#564 = LINE ( 'NONE', #1329, #1531 ) ;
#565 = CIRCLE ( 'NONE', #1266, 1.000000000000000888 ) ;
#566 = CARTESIAN_POINT ( 'NONE',  ( 9.000000000000001776, 1.000000000000000000, 28.99999999999999645 ) ) ;
#567 = DIRECTION ( 'NONE',  ( -1.000000000000000000, -0.000000000000000000, -0.000000000000000000 ) ) ;
#568 = EDGE_LOOP ( 'NONE', ( #971, #813, #352, #1125, #672, #520, #1356, #742 ) ) ;
#569 = VERTEX_POINT ( 'NONE', #905 ) ;
#570 = ORIENTED_EDGE ( 'NONE', *, *, #897, .T. ) ;
#571 = CARTESIAN_POINT ( 'NONE',  ( 2.000000000000000000, 13.99999999999999822, -1.000000000000000000 ) ) ;
#572 = EDGE_CURVE ( 'NONE', #1114, #1106, #981, .T. ) ;
#573 = AXIS2_PLACEMENT_3D ( 'NONE', #425, #182, #546 ) ;
#574 = DIRECTION ( 'NONE',  ( -1.000000000000000000, 0.000000000000000000, 0.000000000000000000 ) ) ;
#575 = DIRECTION ( 'NONE',  ( -1.000000000000000000, 0.000000000000000000, 0.000000000000000000 ) ) ;
#576 = DIRECTION ( 'NONE',  ( 0.000000000000000000, 1.000000000000000000, -8.673617379884027583E-16 ) ) ;
#577 = AXIS2_PLACEMENT_3D ( 'NONE', #919, #20, #1129 ) ;
#578 = CIRCLE ( 'NONE', #785, 1.000000000000000000 ) ;
#579 = ORIENTED_EDGE ( 'NONE', *, *, #1098, .T. ) ;
#580 = ORIENTED_EDGE ( 'NONE', *, *, #1532, .F. ) ;
#581 = ORIENTED_EDGE ( 'NONE', *, *, #214, .T. ) ;
#582 = CARTESIAN_POINT ( 'NONE',  ( 10.00000000000000000, 19.99999999999999645, 1.000000000000000888 ) ) ;
#583 = AXIS2_PLACEMENT_3D ( 'NONE', #1067, #1446, #685 ) ;
#584 = CARTESIAN_POINT ( 'NONE',  ( 1.000000000000000000, 0.000000000000000000, 1.000000000000000888 ) ) ;
#585 = EDGE_LOOP ( 'NONE', ( #265, #1053, #320, #89 ) ) ;
#586 = VERTEX_POINT ( 'NONE', #765 ) ;
#587 = VERTEX_POINT ( 'NONE', #1396 ) ;
#588 = DIRECTION ( 'NONE',  ( 0.000000000000000000, -0.000000000000000000, -1.000000000000000000 ) ) ;
#589 = ORIENTED_EDGE ( 'NONE', *, *, #1357, .T. ) ;
#590 = FACE_OUTER_BOUND ( 'NONE', #332, .T. ) ;
#591 = DIRECTION ( 'NONE',  ( 0.000000000000000000, 0.000000000000000000, -1.000000000000000000 ) ) ;
#592 = ORIENTED_EDGE ( 'NONE', *, *, #1306, .F. ) ;
#593 = CARTESIAN_POINT ( 'NONE',  ( 9.000000000000000000, 19.99999999999999645, 0.000000000000000000 ) ) ;
#594 = ORIENTED_EDGE ( 'NONE', *, *, #1092, .T. ) ;
#595 = VERTEX_POINT ( 'NONE', #26 ) ;
#596 = CARTESIAN_POINT ( 'NONE',  ( 5.825100045369159041, 10.62580644461416846, -12.25660005901160332 ) ) ;
#597 = EDGE_CURVE ( 'NONE', #1153, #1467, #1410, .T. ) ;
#598 = ORIENTED_EDGE ( 'NONE', *, *, #1357, .F. ) ;
#599 = FACE_OUTER_BOUND ( 'NONE', #253, .T. ) ;
#600 = CIRCLE ( 'NONE', #803, 1.000000000000000888 ) ;
#601 = DIRECTION ( 'NONE',  ( -0.000000000000000000, -1.000000000000000000, -0.000000000000000000 ) ) ;
#602 = ORIENTED_EDGE ( 'NONE', *, *, #15, .T. ) ;
#603 = CARTESIAN_POINT ( 'NONE',  ( 0.000000000000000000, 1.000000000000000000, 1.000000000000000888 ) ) ;
#604 = VECTOR ( 'NONE', #896, 1000.000000000000000 ) ;
#605 = VERTEX_POINT ( 'NONE', #1023 ) ;
#606 = ORIENTED_EDGE ( 'NONE', *, *, #386, .F. ) ;
#607 = FACE_OUTER_BOUND ( 'NONE', #16, .T. ) ;
#608 = CARTESIAN_POINT ( 'NONE',  ( 3.000000000000000000, 13.99999999999999822, -14.00000000000000000 ) ) ;
#609 = ORIENTED_EDGE ( 'NONE', *, *, #646, .F. ) ;
#610 = CARTESIAN_POINT ( 'NONE',  ( 1.000000000000000000, 0.000000000000000000, 30.00000000000000000 ) ) ;
#611 = CIRCLE ( 'NONE', #274, 1.000000000000000000 ) ;
#612 = ORIENTED_EDGE ( 'NONE', *, *, #211, .F. ) ;
#613 = DIRECTION ( 'NONE',  ( -1.000000000000000000, -0.000000000000000000, 0.000000000000000000 ) ) ;
#614 = ADVANCED_FACE ( 'NONE', ( #1004, #512 ), #1509, .T. ) ;
#615 = DIRECTION ( 'NONE',  ( -1.000000000000000000, 0.000000000000000000, 0.000000000000000000 ) ) ;
#616 = CARTESIAN_POINT ( 'NONE',  ( 5.000000000000000000, 15.00000000000000000, -11.00000000000000000 ) ) ;
#617 = VERTEX_POINT ( 'NONE', #893 ) ;
#618 = DIRECTION ( 'NONE',  ( 0.000000000000000000, 0.000000000000000000, 1.000000000000000000 ) ) ;
#619 = AXIS2_PLACEMENT_3D ( 'NONE', #867, #767, #888 ) ;
#620 = EDGE_CURVE ( 'NONE', #439, #1335, #1272, .T. ) ;
#621 = EDGE_CURVE ( 'NONE', #617, #1, #161, .T. ) ;
#622 = ORIENTED_EDGE ( 'NONE', *, *, #1236, .T. ) ;
#623 = DIRECTION ( 'NONE',  ( 0.000000000000000000, 0.000000000000000000, -1.000000000000000000 ) ) ;
#624 = ORIENTED_EDGE ( 'NONE', *, *, #501, .F. ) ;
#625 = CARTESIAN_POINT ( 'NONE',  ( 2.000000000000000000, 16.00000000000000000, 0.000000000000000000 ) ) ;
#626 = CARTESIAN_POINT ( 'NONE',  ( 4.548310356739492910, 10.45106849210171873, -12.44580868547497232 ) ) ;
#627 = ORIENTED_EDGE ( 'NONE', *, *, #597, .T. ) ;
#628 = CARTESIAN_POINT ( 'NONE',  ( 5.000000000000000000, 9.000000000000000000, -12.50000000000000355 ) ) ;
#629 = CIRCLE ( 'NONE', #906, 1.000000000000000888 ) ;
#630 = ORIENTED_EDGE ( 'NONE', *, *, #249, .T. ) ;
#631 = CARTESIAN_POINT ( 'NONE',  ( 1.000000000000000000, 19.99999999999999645, 1.000000000000000000 ) ) ;
#632 = CYLINDRICAL_SURFACE ( 'NONE', #202, 1.000000000000000000 ) ;
#633 = CARTESIAN_POINT ( 'NONE',  ( 4.016395997862575840, 10.73442063055428974, -12.13680505708113166 ) ) ;
#634 = FACE_OUTER_BOUND ( 'NONE', #817, .T. ) ;
#635 = SPHERICAL_SURFACE ( 'NONE', #687, 1.000000000000000000 ) ;
#636 = ADVANCED_FACE ( 'NONE', ( #1278, #1138 ), #414, .T. ) ;
#637 = ADVANCED_FACE ( 'NONE', ( #899 ), #1389, .F. ) ;
#638 = ORIENTED_EDGE ( 'NONE', *, *, #1196, .F. ) ;
#639 = LINE ( 'NONE', #32, #1207 ) ;
#640 = AXIS2_PLACEMENT_3D ( 'NONE', #806, #450, #1542 ) ;
#641 = CARTESIAN_POINT ( 'NONE',  ( 8.000000000000000000, 13.99999999999999822, -15.00000000000000000 ) ) ;
#642 = SURFACE_STYLE_USAGE ( .BOTH. , #744 ) ;
#643 = FACE_OUTER_BOUND ( 'NONE', #1182, .T. ) ;
#644 = CIRCLE ( 'NONE', #430, 1.000000000000000000 ) ;
#645 = DIRECTION ( 'NONE',  ( -1.000000000000000000, 0.000000000000000000, 0.000000000000000000 ) ) ;
#646 = EDGE_CURVE ( 'NONE', #476, #6, #629, .T. ) ;
#647 = AXIS2_PLACEMENT_3D ( 'NONE', #262, #975, #117 ) ;
#648 = DIRECTION ( 'NONE',  ( 0.000000000000000000, -0.000000000000000000, 1.000000000000000000 ) ) ;
#649 = DIRECTION ( 'NONE',  ( 0.000000000000000000, 0.000000000000000000, 1.000000000000000000 ) ) ;
#650 = DIRECTION ( 'NONE',  ( 1.000000000000000000, 0.000000000000000000, 0.000000000000000000 ) ) ;
#651 = CIRCLE ( 'NONE', #1539, 1.000000000000000888 ) ;
#652 = DIRECTION ( 'NONE',  ( 0.000000000000000000, 0.000000000000000000, -1.000000000000000000 ) ) ;
#653 = EDGE_CURVE ( 'NONE', #705, #569, #1112, .T. ) ;
#654 = CARTESIAN_POINT ( 'NONE',  ( 9.000000000000001776, 0.000000000000000000, -1.000000000000000000 ) ) ;
#655 = DIRECTION ( 'NONE',  ( 0.000000000000000000, -1.000000000000000000, -0.000000000000000000 ) ) ;
#656 = PLANE ( 'NONE',  #193 ) ;
#657 = PRODUCT_RELATED_PRODUCT_CATEGORY ( 'part', '', ( #390 ) ) ;
#658 = CARTESIAN_POINT ( 'NONE',  ( 5.000000000000000000, 12.00000000000000000, -12.00000000000000000 ) ) ;
#659 = AXIS2_PLACEMENT_3D ( 'NONE', #372, #826, #976 ) ;
#660 = AXIS2_PLACEMENT_3D ( 'NONE', #469, #1447, #213 ) ;
#661 = FACE_OUTER_BOUND ( 'NONE', #747, .T. ) ;
#662 = CARTESIAN_POINT ( 'NONE',  ( 6.599999999999999645, 12.00000000000000000, -12.00000000000000000 ) ) ;
#663 = CARTESIAN_POINT ( 'NONE',  ( 1.000000000000000000, 1.000000000000000000, 1.000000000000000888 ) ) ;
#664 = EDGE_CURVE ( 'NONE', #9, #1342, #782, .T. ) ;
#665 = ORIENTED_EDGE ( 'NONE', *, *, #1520, .F. ) ;
#666 = DIRECTION ( 'NONE',  ( 0.000000000000000000, 0.000000000000000000, -1.000000000000000000 ) ) ;
#667 = EDGE_CURVE ( 'NONE', #1099, #1189, #83, .T. ) ;
#668 = CARTESIAN_POINT ( 'NONE',  ( 7.000000000000000000, 13.99999999999999822, -15.00000000000000000 ) ) ;
#669 = LINE ( 'NONE', #1233, #471 ) ;
#670 = EDGE_CURVE ( 'NONE', #1299, #76, #832, .T. ) ;
#671 = CARTESIAN_POINT ( 'NONE',  ( 5.000000000000000000, 15.00000000000000000, -11.00000000000000000 ) ) ;
#672 = ORIENTED_EDGE ( 'NONE', *, *, #244, .F. ) ;
#673 = FACE_OUTER_BOUND ( 'NONE', #825, .T. ) ;
#674 = DIRECTION ( 'NONE',  ( -1.000000000000000000, -0.000000000000000000, -0.000000000000000000 ) ) ;
#675 = VECTOR ( 'NONE', #1179, 1000.000000000000000 ) ;
#676 = ORIENTED_EDGE ( 'NONE', *, *, #1178, .T. ) ;
#677 = AXIS2_PLACEMENT_3D ( 'NONE', #1169, #1050, #576 ) ;
#678 = VECTOR ( 'NONE', #299, 1000.000000000000000 ) ;
#679 = CARTESIAN_POINT ( 'NONE',  ( 2.000000000000000000, 13.99999999999999822, -14.00000000000000000 ) ) ;
#680 = ADVANCED_FACE ( 'NONE', ( #327 ), #303, .F. ) ;
#681 = CYLINDRICAL_SURFACE ( 'NONE', #1155, 1.000000000000000000 ) ;
#682 = LINE ( 'NONE', #1043, #929 ) ;
#683 = VECTOR ( 'NONE', #1281, 1000.000000000000000 ) ;
#684 = ORIENTED_EDGE ( 'NONE', *, *, #915, .T. ) ;
#685 = DIRECTION ( 'NONE',  ( 0.000000000000000000, 0.000000000000000000, 1.000000000000000000 ) ) ;
#686 = EDGE_CURVE ( 'NONE', #819, #1467, #821, .T. ) ;
#687 = AXIS2_PLACEMENT_3D ( 'NONE', #1245, #979, #144 ) ;
#688 = DIRECTION ( 'NONE',  ( 0.000000000000000000, -1.000000000000000000, 0.000000000000000000 ) ) ;
#689 = DIRECTION ( 'NONE',  ( -0.000000000000000000, -1.000000000000000000, -0.000000000000000000 ) ) ;
#690 = ORIENTED_EDGE ( 'NONE', *, *, #300, .T. ) ;
#691 = EDGE_CURVE ( 'NONE', #1342, #345, #828, .T. ) ;
#692 = VERTEX_POINT ( 'NONE', #1408 ) ;
#693 = VECTOR ( 'NONE', #1363, 1000.000000000000000 ) ;
#694 = ORIENTED_EDGE ( 'NONE', *, *, #412, .T. ) ;
#695 = CARTESIAN_POINT ( 'NONE',  ( 3.000000000000000000, 9.000000000000000000, -15.00000000000000000 ) ) ;
#696 = DIRECTION ( 'NONE',  ( -0.000000000000000000, 0.000000000000000000, 1.000000000000000000 ) ) ;
#697 = PLANE ( 'NONE',  #1183 ) ;
#698 = DIRECTION ( 'NONE',  ( 0.000000000000000000, -1.000000000000000000, 0.000000000000000000 ) ) ;
#699 = ORIENTED_EDGE ( 'NONE', *, *, #1402, .T. ) ;
#700 = ORIENTED_EDGE ( 'NONE', *, *, #526, .T. ) ;
#701 = VERTEX_POINT ( 'NONE', #1290 ) ;
#702 = PLANE ( 'NONE',  #297 ) ;
#703 = CARTESIAN_POINT ( 'NONE',  ( 7.000000000000000000, 0.000000000000000000, -15.00000000000000000 ) ) ;
#704 = ORIENTED_EDGE ( 'NONE', *, *, #294, .F. ) ;
#705 = VERTEX_POINT ( 'NONE', #1162 ) ;
#706 = ORIENTED_EDGE ( 'NONE', *, *, #451, .T. ) ;
#707 = CARTESIAN_POINT ( 'NONE',  ( 0.000000000000000000, 18.99999999999999645, 0.000000000000000000 ) ) ;
#708 = ORIENTED_EDGE ( 'NONE', *, *, #343, .T. ) ;
#709 = FACE_OUTER_BOUND ( 'NONE', #936, .T. ) ;
#710 = VECTOR ( 'NONE', #1521, 1000.000000000000000 ) ;
#711 = DIRECTION ( 'NONE',  ( 1.000000000000000000, -0.000000000000000000, 0.000000000000000000 ) ) ;
#712 = ORIENTED_EDGE ( 'NONE', *, *, #351, .T. ) ;
#713 = CARTESIAN_POINT ( 'NONE',  ( 7.000000000000000000, 9.000000000000000000, -14.00000000000000000 ) ) ;
#714 = EDGE_LOOP ( 'NONE', ( #1417, #1548, #218, #472 ) ) ;
#715 = VERTEX_POINT ( 'NONE', #1311 ) ;
#716 = LINE ( 'NONE', #1338, #443 ) ;
#717 = ORIENTED_EDGE ( 'NONE', *, *, #944, .F. ) ;
#718 = CARTESIAN_POINT ( 'NONE',  ( 3.000000000000000000, 8.000000000000000000, -1.000000000000000000 ) ) ;
#719 = LINE ( 'NONE', #1436, #1219 ) ;
#720 = VECTOR ( 'NONE', #1126, 1000.000000000000000 ) ;
#721 = ORIENTED_EDGE ( 'NONE', *, *, #1027, .F. ) ;
#722 = DIRECTION ( 'NONE',  ( -8.673617379884026597E-16, -0.000000000000000000, 1.000000000000000000 ) ) ;
#723 = ORIENTED_EDGE ( 'NONE', *, *, #789, .F. ) ;
#724 = ORIENTED_EDGE ( 'NONE', *, *, #67, .F. ) ;
#725 = DIRECTION ( 'NONE',  ( -0.000000000000000000, -0.000000000000000000, -1.000000000000000000 ) ) ;
#726 = DIRECTION ( 'NONE',  ( 1.000000000000000000, -0.000000000000000000, -0.000000000000000000 ) ) ;
#727 = ORIENTED_EDGE ( 'NONE', *, *, #902, .F. ) ;
#728 = DIRECTION ( 'NONE',  ( 0.000000000000000000, 1.000000000000000000, -0.000000000000000000 ) ) ;
#729 = CIRCLE ( 'NONE', #1523, 1.000000000000000000 ) ;
#730 = ORIENTED_EDGE ( 'NONE', *, *, #316, .F. ) ;
#731 = DIRECTION ( 'NONE',  ( -1.000000000000000000, 0.000000000000000000, 0.000000000000000000 ) ) ;
#732 = VECTOR ( 'NONE', #726, 1000.000000000000000 ) ;
#733 = AXIS2_PLACEMENT_3D ( 'NONE', #1353, #1078, #1558 ) ;
#734 = CLOSED_SHELL ( 'NONE', ( #168, #1469, #637, #49, #766, #1400, #1390, #808, #966, #973, #614, #1541, #636, #47, #1054, #1180, #1149, #326, #1033, #1265, #174, #786, #1197, #94, #1358, #680, #788, #939, #1076, #242, #205, #1384, #1040, #1491, #834, #35, #1142, #862, #805, #780, #1022, #799, #1121, #384, #44, #751, #30, #387, #97, #322, #24, #81, #1087, #506, #1323, #286, #360, #50 ) ) ;
#735 = DIRECTION ( 'NONE',  ( 0.000000000000000000, 0.000000000000000000, -1.000000000000000000 ) ) ;
#736 = FACE_OUTER_BOUND ( 'NONE', #116, .T. ) ;
#737 = ORIENTED_EDGE ( 'NONE', *, *, #470, .T. ) ;
#738 = DIRECTION ( 'NONE',  ( -0.000000000000000000, -0.000000000000000000, 1.000000000000000000 ) ) ;
#739 = EDGE_LOOP ( 'NONE', ( #712, #727, #1088, #1426 ) ) ;
#740 = FACE_OUTER_BOUND ( 'NONE', #1347, .T. ) ;
#741 = EDGE_CURVE ( 'NONE', #131, #595, #437, .T. ) ;
#742 = ORIENTED_EDGE ( 'NONE', *, *, #667, .T. ) ;
#743 = DIRECTION ( 'NONE',  ( -1.000000000000000000, -0.000000000000000000, 0.000000000000000000 ) ) ;
#744 = SURFACE_SIDE_STYLE ('',( #760 ) ) ;
#745 = ORIENTED_EDGE ( 'NONE', *, *, #451, .F. ) ;
#746 = CARTESIAN_POINT ( 'NONE',  ( 2.000000000000000000, 13.99999999999999822, -15.00000000000000000 ) ) ;
#747 = EDGE_LOOP ( 'NONE', ( #579, #824, #13, #1135, #1445, #717 ) ) ;
#748 = DIRECTION ( 'NONE',  ( 1.000000000000000000, 0.000000000000000000, 0.000000000000000000 ) ) ;
#749 = DIRECTION ( 'NONE',  ( -1.000000000000000000, -7.885106708985487801E-17, 0.000000000000000000 ) ) ;
#750 = CARTESIAN_POINT ( 'NONE',  ( 0.000000000000000000, 1.000000000000000000, 1.000000000000000888 ) ) ;
#751 = ADVANCED_FACE ( 'NONE', ( #441 ), #1035, .T. ) ;
#752 = FACE_OUTER_BOUND ( 'NONE', #361, .T. ) ;
#753 = AXIS2_PLACEMENT_3D ( 'NONE', #654, #1137, #666 ) ;
#754 = ORIENTED_EDGE ( 'NONE', *, *, #947, .T. ) ;
#755 = LINE ( 'NONE', #662, #77 ) ;
#756 = VECTOR ( 'NONE', #698, 1000.000000000000000 ) ;
#757 = CIRCLE ( 'NONE', #1247, 1.000000000000000888 ) ;
#758 = EDGE_LOOP ( 'NONE', ( #1460, #79, #129, #517 ) ) ;
#759 = CARTESIAN_POINT ( 'NONE',  ( 7.000000000000000000, 9.999999999999998224, -15.00000000000000000 ) ) ;
#760 = SURFACE_STYLE_FILL_AREA ( #1481 ) ;
#761 = EDGE_CURVE ( 'NONE', #1, #1062, #1470, .T. ) ;
#762 = PLANE ( 'NONE',  #359 ) ;
#763 = CARTESIAN_POINT ( 'NONE',  ( 7.000000000000000000, 9.999999999999998224, -16.00000000000000000 ) ) ;
#764 = CIRCLE ( 'NONE', #1296, 1.599999999999999867 ) ;
#765 = CARTESIAN_POINT ( 'NONE',  ( 6.118033988749900232, 10.85544768577404540, -12.00000000000000000 ) ) ;
#766 = ADVANCED_FACE ( 'NONE', ( #195 ), #697, .F. ) ;
#767 = DIRECTION ( 'NONE',  ( 0.000000000000000000, 0.000000000000000000, -1.000000000000000000 ) ) ;
#768 = CARTESIAN_POINT ( 'NONE',  ( 7.000000000000000000, 15.00000000000000000, -15.00000000000000000 ) ) ;
#769 = AXIS2_PLACEMENT_3D ( 'NONE', #1534, #1167, #574 ) ;
#770 = DIRECTION ( 'NONE',  ( -0.000000000000000000, -1.000000000000000000, -0.000000000000000000 ) ) ;
#771 = CYLINDRICAL_SURFACE ( 'NONE', #267, 1.000000000000000000 ) ;
#772 = VECTOR ( 'NONE', #993, 1000.000000000000000 ) ;
#773 = CARTESIAN_POINT ( 'NONE',  ( 3.000000000000000000, 13.99999999999999822, -15.00000000000000000 ) ) ;
#774 = EDGE_CURVE ( 'NONE', #869, #1189, #1423, .T. ) ;
#775 = DIRECTION ( 'NONE',  ( 0.000000000000000000, -1.000000000000000000, 0.000000000000000000 ) ) ;
#776 = CARTESIAN_POINT ( 'NONE',  ( 1.000000000000000000, 18.99999999999999645, 1.000000000000000000 ) ) ;
#777 = AXIS2_PLACEMENT_3D ( 'NONE', #176, #655, #885 ) ;
#778 = CARTESIAN_POINT ( 'NONE',  ( 7.000000000000000000, 16.00000000000000000, -1.000000000000000000 ) ) ;
#779 = DIRECTION ( 'NONE',  ( -0.000000000000000000, -0.000000000000000000, 1.000000000000000000 ) ) ;
#780 = ADVANCED_FACE ( 'NONE', ( #298 ), #681, .T. ) ;
#781 = CARTESIAN_POINT ( 'NONE',  ( 5.000000000000000000, 15.00000000000000000, -11.00000000000000000 ) ) ;
#782 = CIRCLE ( 'NONE', #1393, 1.000000000000000000 ) ;
#783 = DIRECTION ( 'NONE',  ( -1.000000000000000000, 0.000000000000000000, 0.000000000000000000 ) ) ;
#784 = VECTOR ( 'NONE', #588, 1000.000000000000000 ) ;
#785 = AXIS2_PLACEMENT_3D ( 'NONE', #962, #1322, #623 ) ;
#786 = ADVANCED_FACE ( 'NONE', ( #1058 ), #940, .T. ) ;
#787 = DIRECTION ( 'NONE',  ( 0.000000000000000000, -0.000000000000000000, 1.000000000000000000 ) ) ;
#788 = ADVANCED_FACE ( 'NONE', ( #917 ), #771, .T. ) ;
#789 = EDGE_CURVE ( 'NONE', #523, #1551, #468, .T. ) ;
#790 = DIRECTION ( 'NONE',  ( -0.000000000000000000, 1.000000000000000000, 0.000000000000000000 ) ) ;
#791 = FACE_OUTER_BOUND ( 'NONE', #466, .T. ) ;
#792 = DIRECTION ( 'NONE',  ( 0.000000000000000000, 0.000000000000000000, 1.000000000000000000 ) ) ;
#793 = VERTEX_POINT ( 'NONE', #892 ) ;
#794 = AXIS2_PLACEMENT_3D ( 'NONE', #1195, #103, #82 ) ;
#795 = CARTESIAN_POINT ( 'NONE',  ( 7.000000000000000000, 15.00000000000000000, -1.000000000000000000 ) ) ;
#796 = DIRECTION ( 'NONE',  ( 0.000000000000000000, 0.000000000000000000, -1.000000000000000000 ) ) ;
#797 = CYLINDRICAL_SURFACE ( 'NONE', #1476, 1.000000000000000000 ) ;
#798 = ORIENTED_EDGE ( 'NONE', *, *, #377, .F. ) ;
#799 = ADVANCED_FACE ( 'NONE', ( #289 ), #296, .T. ) ;
#800 = DIRECTION ( 'NONE',  ( 1.000000000000000000, 0.000000000000000000, 0.000000000000000000 ) ) ;
#801 = DIRECTION ( 'NONE',  ( 0.000000000000000000, -1.000000000000000000, 0.000000000000000000 ) ) ;
#802 = CARTESIAN_POINT ( 'NONE',  ( 8.000000000000000000, 15.00000000000000000, -14.00000000000000000 ) ) ;
#803 = AXIS2_PLACEMENT_3D ( 'NONE', #904, #186, #1021 ) ;
#804 = ORIENTED_EDGE ( 'NONE', *, *, #903, .F. ) ;
#805 = ADVANCED_FACE ( 'NONE', ( #661 ), #166, .T. ) ;
#806 = CARTESIAN_POINT ( 'NONE',  ( 7.000000000000000000, 9.999999999999998224, -14.00000000000000000 ) ) ;
#807 = CIRCLE ( 'NONE', #364, 0.9999999999999991118 ) ;
#808 = ADVANCED_FACE ( 'NONE', ( #302 ), #1277, .T. ) ;
#809 = DIRECTION ( 'NONE',  ( 1.000000000000000000, -0.000000000000000000, 0.000000000000000000 ) ) ;
#810 = DIRECTION ( 'NONE',  ( -0.000000000000000000, 0.000000000000000000, -1.000000000000000000 ) ) ;
#811 = CIRCLE ( 'NONE', #40, 1.000000000000000000 ) ;
#812 = EDGE_CURVE ( 'NONE', #1209, #9, #540, .T. ) ;
#813 = ORIENTED_EDGE ( 'NONE', *, *, #249, .F. ) ;
#814 = FACE_BOUND ( 'NONE', #838, .T. ) ;
#815 = DIRECTION ( 'NONE',  ( 0.000000000000000000, 0.000000000000000000, -1.000000000000000000 ) ) ;
#816 = CARTESIAN_POINT ( 'NONE',  ( 10.00000000000000178, 1.000000000000000000, 30.00000000000000000 ) ) ;
#817 = EDGE_LOOP ( 'NONE', ( #1452, #1406, #921 ) ) ;
#818 = ORIENTED_EDGE ( 'NONE', *, *, #667, .F. ) ;
#819 = VERTEX_POINT ( 'NONE', #1513 ) ;
#820 = LINE ( 'NONE', #435, #23 ) ;
#821 = LINE ( 'NONE', #452, #1313 ) ;
#822 = EDGE_CURVE ( 'NONE', #1212, #701, #140, .T. ) ;
#823 = ORIENTED_EDGE ( 'NONE', *, *, #462, .T. ) ;
#824 = ORIENTED_EDGE ( 'NONE', *, *, #1178, .F. ) ;
#825 = EDGE_LOOP ( 'NONE', ( #460, #1434, #313, #1365 ) ) ;
#826 = DIRECTION ( 'NONE',  ( 1.000000000000000000, -0.000000000000000000, 0.000000000000000000 ) ) ;
#827 = ORIENTED_EDGE ( 'NONE', *, *, #59, .T. ) ;
#828 = CIRCLE ( 'NONE', #1030, 1.000000000000000000 ) ;
#829 = LINE ( 'NONE', #210, #350 ) ;
#830 = EDGE_CURVE ( 'NONE', #1005, #950, #600, .T. ) ;
#831 =( GEOMETRIC_REPRESENTATION_CONTEXT ( 3 ) GLOBAL_UNCERTAINTY_ASSIGNED_CONTEXT ( ( #71 ) ) GLOBAL_UNIT_ASSIGNED_CONTEXT ( ( #1404, #177, #1002 ) ) REPRESENTATION_CONTEXT ( 'NONE', 'WORKASPACE' ) );
#832 = B_SPLINE_CURVE_WITH_KNOTS ( 'NONE', 3,
 ( #560, #203, #54, #554, #1536, #1285, #1429, #918 ),
 .UNSPECIFIED., .F., .F.,
 ( 4, 2, 2, 4 ),
 ( 0.001355353617180799636, 0.002031162164330622879, 0.002369066437905534284, 0.002706970711480446122 ),
 .UNSPECIFIED. ) ;
#833 = DIRECTION ( 'NONE',  ( 0.000000000000000000, 0.000000000000000000, 1.000000000000000000 ) ) ;
#834 = ADVANCED_FACE ( 'NONE', ( #158 ), #898, .F. ) ;
#835 = ORIENTED_EDGE ( 'NONE', *, *, #1063, .T. ) ;
#836 = CARTESIAN_POINT ( 'NONE',  ( 5.000000000000000000, 12.00000000000000000, -12.00000000000000000 ) ) ;
#837 = ORIENTED_EDGE ( 'NONE', *, *, #1422, .T. ) ;
#838 = EDGE_LOOP ( 'NONE', ( #230, #1517 ) ) ;
#839 = SPHERICAL_SURFACE ( 'NONE', #1010, 1.000000000000000000 ) ;
#840 = VERTEX_POINT ( 'NONE', #417 ) ;
#841 = DIRECTION ( 'NONE',  ( -0.000000000000000000, -0.000000000000000000, 1.000000000000000000 ) ) ;
#842 = AXIS2_PLACEMENT_3D ( 'NONE', #46, #779, #1144 ) ;
#843 = CARTESIAN_POINT ( 'NONE',  ( 1.000000000000000000, 0.000000000000000000, 28.99999999999999645 ) ) ;
#844 = AXIS2_PLACEMENT_3D ( 'NONE', #1111, #738, #1573 ) ;
#845 = ORIENTED_EDGE ( 'NONE', *, *, #646, .T. ) ;
#846 = SPHERICAL_SURFACE ( 'NONE', #170, 1.000000000000000000 ) ;
#847 = ORIENTED_EDGE ( 'NONE', *, *, #1544, .T. ) ;
#848 = ORIENTED_EDGE ( 'NONE', *, *, #386, .T. ) ;
#849 = LINE ( 'NONE', #1128, #772 ) ;
#850 = CARTESIAN_POINT ( 'NONE',  ( 1.000000000000000000, 18.99999999999999645, 0.000000000000000000 ) ) ;
#851 = ORIENTED_EDGE ( 'NONE', *, *, #830, .T. ) ;
#852 = AXIS2_PLACEMENT_3D ( 'NONE', #247, #1580, #748 ) ;
#853 = DIRECTION ( 'NONE',  ( -1.000000000000000000, 0.000000000000000000, 0.000000000000000000 ) ) ;
#854 = CIRCLE ( 'NONE', #238, 1.500000000000004885 ) ;
#855 = EDGE_LOOP ( 'NONE', ( #1411, #690, #952 ) ) ;
#856 = CARTESIAN_POINT ( 'NONE',  ( 9.000000000000000000, 18.99999999999999645, 1.000000000000000000 ) ) ;
#857 = EDGE_LOOP ( 'NONE', ( #847, #445, #589, #937 ) ) ;
#858 = CYLINDRICAL_SURFACE ( 'NONE', #563, 1.000000000000000888 ) ;
#859 = DIRECTION ( 'NONE',  ( -1.000000000000000000, 0.000000000000000000, 0.000000000000000000 ) ) ;
#860 = EDGE_LOOP ( 'NONE', ( #1172, #199, #730 ) ) ;
#861 = CARTESIAN_POINT ( 'NONE',  ( 1.000000000000000000, 19.99999999999999645, 0.000000000000000000 ) ) ;
#862 = ADVANCED_FACE ( 'NONE', ( #673 ), #37, .F. ) ;
#863 = ORIENTED_EDGE ( 'NONE', *, *, #324, .F. ) ;
#864 = DIRECTION ( 'NONE',  ( 0.000000000000000000, 0.000000000000000000, -1.000000000000000000 ) ) ;
#865 = VECTOR ( 'NONE', #1065, 1000.000000000000000 ) ;
#866 = VECTOR ( 'NONE', #362, 1000.000000000000000 ) ;
#867 = CARTESIAN_POINT ( 'NONE',  ( 3.000000000000000000, 9.999999999999998224, 0.000000000000000000 ) ) ;
#868 = CARTESIAN_POINT ( 'NONE',  ( 8.000000000000000000, 9.000000000000000000, -15.00000000000000000 ) ) ;
#869 = VERTEX_POINT ( 'NONE', #1154 ) ;
#870 = DIRECTION ( 'NONE',  ( 0.000000000000000000, 0.000000000000000000, 1.000000000000000000 ) ) ;
#871 = ORIENTED_EDGE ( 'NONE', *, *, #621, .T. ) ;
#872 = CARTESIAN_POINT ( 'NONE',  ( 9.000000000000001776, 1.000000000000000000, 1.000000000000000000 ) ) ;
#873 = LINE ( 'NONE', #1345, #1044 ) ;
#874 = DIRECTION ( 'NONE',  ( 0.000000000000000000, 0.000000000000000000, -1.000000000000000000 ) ) ;
#875 = CARTESIAN_POINT ( 'NONE',  ( 4.263525646941805469, 13.42422687025667294, -12.31099771888061412 ) ) ;
#876 = FACE_OUTER_BOUND ( 'NONE', #1300, .T. ) ;
#877 = ORIENTED_EDGE ( 'NONE', *, *, #369, .T. ) ;
#878 = CARTESIAN_POINT ( 'NONE',  ( 2.000000000000000000, 9.999999999999998224, -15.00000000000000000 ) ) ;
#879 = EDGE_LOOP ( 'NONE', ( #321, #1221, #454, #1229 ) ) ;
#880 = DIRECTION ( 'NONE',  ( -1.000000000000000000, 0.000000000000000000, 0.000000000000000000 ) ) ;
#881 = LINE ( 'NONE', #263, #1113 ) ;
#882 = CARTESIAN_POINT ( 'NONE',  ( 3.881966011250100212, 13.14455231422595460, -12.00000000000000000 ) ) ;
#883 = DIRECTION ( 'NONE',  ( -1.000000000000000000, 0.000000000000000000, -0.000000000000000000 ) ) ;
#884 = AXIS2_PLACEMENT_3D ( 'NONE', #1263, #796, #1381 ) ;
#885 = DIRECTION ( 'NONE',  ( 0.000000000000000000, 0.000000000000000000, 1.000000000000000000 ) ) ;
#886 = AXIS2_PLACEMENT_3D ( 'NONE', #75, #1545, #189 ) ;
#887 = AXIS2_PLACEMENT_3D ( 'NONE', #134, #749, #1368 ) ;
#888 = DIRECTION ( 'NONE',  ( -1.000000000000000000, 0.000000000000000000, 0.000000000000000000 ) ) ;
#889 = CARTESIAN_POINT ( 'NONE',  ( 1.000000000000000000, 1.000000000000000000, 1.000000000000000000 ) ) ;
#890 = CARTESIAN_POINT ( 'NONE',  ( 9.000000000000000000, 18.99999999999999645, 28.99999999999999645 ) ) ;
#891 = AXIS2_PLACEMENT_3D ( 'NONE', #671, #775, #900 ) ;
#892 = CARTESIAN_POINT ( 'NONE',  ( 5.000000000000000000, 15.00000000000000000, -12.50000000000000355 ) ) ;
#893 = CARTESIAN_POINT ( 'NONE',  ( 10.00000000000000000, 18.99999999999999645, 28.99999999999999645 ) ) ;
#894 = CYLINDRICAL_SURFACE ( 'NONE', #1014, 1.000000000000000888 ) ;
#895 = AXIS2_PLACEMENT_3D ( 'NONE', #1254, #1084, #1217 ) ;
#896 = DIRECTION ( 'NONE',  ( -0.000000000000000000, -1.000000000000000000, -0.000000000000000000 ) ) ;
#897 = EDGE_CURVE ( 'NONE', #705, #100, #1437, .T. ) ;
#898 = CYLINDRICAL_SURFACE ( 'NONE', #334, 1.000000000000000000 ) ;
#899 = FACE_OUTER_BOUND ( 'NONE', #568, .T. ) ;
#900 = DIRECTION ( 'NONE',  ( 0.000000000000000000, 0.000000000000000000, -1.000000000000000000 ) ) ;
#901 = EDGE_CURVE ( 'NONE', #701, #1569, #57, .T. ) ;
#902 = EDGE_CURVE ( 'NONE', #1569, #1079, #1026, .T. ) ;
#903 = EDGE_CURVE ( 'NONE', #478, #587, #1497, .T. ) ;
#904 = CARTESIAN_POINT ( 'NONE',  ( 3.000000000000000000, 13.99999999999999822, -15.00000000000000000 ) ) ;
#905 = CARTESIAN_POINT ( 'NONE',  ( 9.000000000000001776, 1.000000000000000000, 0.000000000000000000 ) ) ;
#906 = AXIS2_PLACEMENT_3D ( 'NONE', #1514, #809, #815 ) ;
#907 = DIRECTION ( 'NONE',  ( -1.000000000000000000, 0.000000000000000000, 0.000000000000000000 ) ) ;
#908 = EDGE_LOOP ( 'NONE', ( #570, #580, #124, #665 ) ) ;
#909 = DIRECTION ( 'NONE',  ( 7.885106708985487801E-17, -1.000000000000000000, -0.000000000000000000 ) ) ;
#910 = DIRECTION ( 'NONE',  ( 1.000000000000000000, -0.000000000000000000, 0.000000000000000000 ) ) ;
#911 = CARTESIAN_POINT ( 'NONE',  ( 5.000000000000000000, 10.39999999999999680, -12.50000000000000711 ) ) ;
#912 = EDGE_CURVE ( 'NONE', #605, #439, #58, .T. ) ;
#913 = EDGE_LOOP ( 'NONE', ( #594, #1318, #1045, #1069 ) ) ;
#914 = AXIS2_PLACEMENT_3D ( 'NONE', #558, #841, #1428 ) ;
#915 = EDGE_CURVE ( 'NONE', #131, #6, #1194, .T. ) ;
#916 = PRODUCT_CONTEXT ( 'NONE', #42, 'mechanical' ) ;
#917 = FACE_OUTER_BOUND ( 'NONE', #1430, .T. ) ;
#918 = CARTESIAN_POINT ( 'NONE',  ( 6.118033988749900232, 13.14455231422595460, -12.00000000000000000 ) ) ;
#919 = CARTESIAN_POINT ( 'NONE',  ( 0.000000000000000000, 0.000000000000000000, 30.00000000000000000 ) ) ;
#920 = EDGE_CURVE ( 'NONE', #100, #207, #1412, .T. ) ;
#921 = ORIENTED_EDGE ( 'NONE', *, *, #1237, .F. ) ;
#922 =( NAMED_UNIT ( * ) SI_UNIT ( $, .STERADIAN. ) SOLID_ANGLE_UNIT ( ) );
#923 = VECTOR ( 'NONE', #371, 1000.000000000000000 ) ;
#924 = DIRECTION ( 'NONE',  ( 1.000000000000000000, 0.000000000000000000, 0.000000000000000000 ) ) ;
#925 = DIRECTION ( 'NONE',  ( 0.000000000000000000, -0.000000000000000000, 1.000000000000000000 ) ) ;
#926 = EDGE_CURVE ( 'NONE', #439, #692, #948, .T. ) ;
#927 = LINE ( 'NONE', #204, #756 ) ;
#928 = ORIENTED_EDGE ( 'NONE', *, *, #1061, .F. ) ;
#929 = VECTOR ( 'NONE', #1537, 1000.000000000000000 ) ;
#930 = AXIS2_PLACEMENT_3D ( 'NONE', #1131, #1008, #410 ) ;
#931 = DIRECTION ( 'NONE',  ( 0.000000000000000000, 0.000000000000000000, -1.000000000000000000 ) ) ;
#932 = VECTOR ( 'NONE', #1450, 1000.000000000000000 ) ;
#933 = DIRECTION ( 'NONE',  ( 0.000000000000000000, 0.000000000000000000, -1.000000000000000000 ) ) ;
#934 = DIRECTION ( 'NONE',  ( -1.000000000000000000, 0.000000000000000000, 0.000000000000000000 ) ) ;
#935 = ORIENTED_EDGE ( 'NONE', *, *, #902, .T. ) ;
#936 = EDGE_LOOP ( 'NONE', ( #837, #954, #1093, #935 ) ) ;
#937 = ORIENTED_EDGE ( 'NONE', *, *, #165, .T. ) ;
#938 = DIRECTION ( 'NONE',  ( 1.000000000000000000, 0.000000000000000000, 0.000000000000000000 ) ) ;
#939 = ADVANCED_FACE ( 'NONE', ( #1310 ), #1048, .T. ) ;
#940 = SPHERICAL_SURFACE ( 'NONE', #1370, 1.000000000000000000 ) ;
#941 = ORIENTED_EDGE ( 'NONE', *, *, #99, .T. ) ;
#942 = EDGE_LOOP ( 'NONE', ( #851, #700, #1559 ) ) ;
#943 = ORIENTED_EDGE ( 'NONE', *, *, #402, .T. ) ;
#944 = EDGE_CURVE ( 'NONE', #1339, #1335, #820, .T. ) ;
#945 = DIRECTION ( 'NONE',  ( -1.000000000000000000, -0.000000000000000000, -0.000000000000000000 ) ) ;
#946 = EDGE_LOOP ( 'NONE', ( #630, #1344 ) ) ;
#947 = EDGE_CURVE ( 'NONE', #1114, #587, #829, .T. ) ;
#948 = LINE ( 'NONE', #73, #1066 ) ;
#949 = DIRECTION ( 'NONE',  ( 0.000000000000000000, -1.000000000000000000, -0.000000000000000000 ) ) ;
#950 = VERTEX_POINT ( 'NONE', #1206 ) ;
#951 = FACE_OUTER_BOUND ( 'NONE', #258, .T. ) ;
#952 = ORIENTED_EDGE ( 'NONE', *, *, #597, .F. ) ;
#953 = AXIS2_PLACEMENT_3D ( 'NONE', #411, #545, #1160 ) ;
#954 = ORIENTED_EDGE ( 'NONE', *, *, #1110, .T. ) ;
#955 = LINE ( 'NONE', #1443, #1500 ) ;
#956 = ORIENTED_EDGE ( 'NONE', *, *, #912, .F. ) ;
#957 = DIRECTION ( 'NONE',  ( -0.000000000000000000, 1.000000000000000000, -0.000000000000000000 ) ) ;
#958 = AXIS2_PLACEMENT_3D ( 'NONE', #1163, #561, #305 ) ;
#959 = AXIS2_PLACEMENT_3D ( 'NONE', #658, #1528, #859 ) ;
#960 = DIRECTION ( 'NONE',  ( 0.000000000000000000, 0.000000000000000000, -1.000000000000000000 ) ) ;
#961 = ORIENTED_EDGE ( 'NONE', *, *, #1063, .F. ) ;
#962 = CARTESIAN_POINT ( 'NONE',  ( 9.000000000000001776, 13.99999999999999822, -1.000000000000000000 ) ) ;
#963 = ORIENTED_EDGE ( 'NONE', *, *, #1205, .T. ) ;
#964 = AXIS2_PLACEMENT_3D ( 'NONE', #1140, #538, #783 ) ;
#965 = ORIENTED_EDGE ( 'NONE', *, *, #1059, .F. ) ;
#966 = ADVANCED_FACE ( 'NONE', ( #221 ), #702, .F. ) ;
#967 = CARTESIAN_POINT ( 'NONE',  ( 1.000000000000000000, 1.000000000000000000, 0.000000000000000000 ) ) ;
#968 = ORIENTED_EDGE ( 'NONE', *, *, #1236, .F. ) ;
#969 = CARTESIAN_POINT ( 'NONE',  ( 7.000000000000000000, 13.99999999999999822, 0.000000000000000000 ) ) ;
#970 = AXIS2_PLACEMENT_3D ( 'NONE', #1490, #1364, #243 ) ;
#971 = ORIENTED_EDGE ( 'NONE', *, *, #774, .F. ) ;
#972 = CARTESIAN_POINT ( 'NONE',  ( 8.000000000000000000, 13.99999999999999822, -16.00000000000000000 ) ) ;
#973 = ADVANCED_FACE ( 'NONE', ( #709 ), #92, .T. ) ;
#974 = ORIENTED_EDGE ( 'NONE', *, *, #1359, .T. ) ;
#975 = DIRECTION ( 'NONE',  ( -0.000000000000000000, 1.000000000000000000, 0.000000000000000000 ) ) ;
#976 = DIRECTION ( 'NONE',  ( 0.000000000000000000, 0.000000000000000000, -1.000000000000000000 ) ) ;
#977 = ORIENTED_EDGE ( 'NONE', *, *, #1512, .T. ) ;
#978 = AXIS2_PLACEMENT_3D ( 'NONE', #127, #725, #4 ) ;
#979 = DIRECTION ( 'NONE',  ( 1.000000000000000000, 0.000000000000000000, 0.000000000000000000 ) ) ;
#980 = EDGE_CURVE ( 'NONE', #617, #1431, #1124, .T. ) ;
#981 = CIRCLE ( 'NONE', #284, 1.000000000000000000 ) ;
#982 = EDGE_CURVE ( 'NONE', #95, #1224, #380, .T. ) ;
#983 = ORIENTED_EDGE ( 'NONE', *, *, #1382, .T. ) ;
#984 = FACE_OUTER_BOUND ( 'NONE', #236, .T. ) ;
#985 = DIRECTION ( 'NONE',  ( -1.000000000000000000, 0.000000000000000000, 0.000000000000000000 ) ) ;
#986 = CARTESIAN_POINT ( 'NONE',  ( 1.000000000000000000, 13.99999999999999822, 0.000000000000000000 ) ) ;
#987 = ORIENTED_EDGE ( 'NONE', *, *, #536, .T. ) ;
#988 = DIRECTION ( 'NONE',  ( 0.000000000000000000, 0.000000000000000000, 1.000000000000000000 ) ) ;
#989 = AXIS2_PLACEMENT_3D ( 'NONE', #566, #801, #933 ) ;
#990 = ORIENTED_EDGE ( 'NONE', *, *, #544, .F. ) ;
#991 = LINE ( 'NONE', #10, #121 ) ;
#992 = MECHANICAL_DESIGN_GEOMETRIC_PRESENTATION_REPRESENTATION (  '', ( #88 ), #831 ) ;
#993 = DIRECTION ( 'NONE',  ( 1.000000000000000000, -0.000000000000000000, 0.000000000000000000 ) ) ;
#994 = FACE_OUTER_BOUND ( 'NONE', #306, .T. ) ;
#995 = DIRECTION ( 'NONE',  ( 0.000000000000000000, 1.000000000000000000, 0.000000000000000000 ) ) ;
#996 = LINE ( 'NONE', #22, #198 ) ;
#997 = AXIS2_PLACEMENT_3D ( 'NONE', #1041, #1421, #1074 ) ;
#998 = ORIENTED_EDGE ( 'NONE', *, *, #1486, .F. ) ;
#999 = DIRECTION ( 'NONE',  ( 7.885106708985487801E-17, -1.000000000000000000, -0.000000000000000000 ) ) ;
#1000 = ORIENTED_EDGE ( 'NONE', *, *, #621, .F. ) ;
#1001 = DIRECTION ( 'NONE',  ( -1.000000000000000000, 0.000000000000000000, -0.000000000000000000 ) ) ;
#1002 =( NAMED_UNIT ( * ) SI_UNIT ( $, .STERADIAN. ) SOLID_ANGLE_UNIT ( ) );
#1003 = DIRECTION ( 'NONE',  ( 0.000000000000000000, 0.000000000000000000, -1.000000000000000000 ) ) ;
#1004 = FACE_OUTER_BOUND ( 'NONE', #857, .T. ) ;
#1005 = VERTEX_POINT ( 'NONE', #231 ) ;
#1006 = CYLINDRICAL_SURFACE ( 'NONE', #978, 1.599999999999999867 ) ;
#1007 = CARTESIAN_POINT ( 'NONE',  ( 5.000000000000000000, 13.60000000000000497, -12.50000000000000711 ) ) ;
#1008 = DIRECTION ( 'NONE',  ( 0.000000000000000000, -1.000000000000000000, 0.000000000000000000 ) ) ;
#1009 = AXIS2_PLACEMENT_3D ( 'NONE', #432, #382, #874 ) ;
#1010 = AXIS2_PLACEMENT_3D ( 'NONE', #109, #1462, #1082 ) ;
#1011 = DIRECTION ( 'NONE',  ( -1.000000000000000000, 0.000000000000000000, 0.000000000000000000 ) ) ;
#1012 = CIRCLE ( 'NONE', #1057, 1.000000000000000000 ) ;
#1013 = CARTESIAN_POINT ( 'NONE',  ( 3.945775241696839242, 13.20688313785779044, -12.07134088843543118 ) ) ;
#1014 = AXIS2_PLACEMENT_3D ( 'NONE', #1495, #156, #1385 ) ;
#1015 = FACE_OUTER_BOUND ( 'NONE', #135, .T. ) ;
#1016 = TOROIDAL_SURFACE ( 'NONE', #556, 2.000000000000000000, 1.000000000000000000 ) ;
#1017 = DIRECTION ( 'NONE',  ( 0.000000000000000000, 1.000000000000000000, 0.000000000000000000 ) ) ;
#1018 = DIRECTION ( 'NONE',  ( 0.000000000000000000, -0.000000000000000000, -1.000000000000000000 ) ) ;
#1019 = ADVANCED_BREP_SHAPE_REPRESENTATION ( 'fingerpart_2', ( #1413, #1085 ), #187 ) ;
#1020 = DIRECTION ( 'NONE',  ( -1.000000000000000000, 0.000000000000000000, -0.000000000000000000 ) ) ;
#1021 = DIRECTION ( 'NONE',  ( 0.000000000000000000, 0.000000000000000000, 1.000000000000000000 ) ) ;
#1022 = ADVANCED_FACE ( 'NONE', ( #1187 ), #333, .T. ) ;
#1023 = CARTESIAN_POINT ( 'NONE',  ( 9.000000000000000000, 19.99999999999999645, 1.000000000000000000 ) ) ;
#1024 = LINE ( 'NONE', #1134, #1448 ) ;
#1025 = ORIENTED_EDGE ( 'NONE', *, *, #15, .F. ) ;
#1026 = LINE ( 'NONE', #679, #710 ) ;
#1027 = EDGE_CURVE ( 'NONE', #1339, #1212, #1280, .T. ) ;
#1028 = CARTESIAN_POINT ( 'NONE',  ( 8.000000000000000000, 13.99999999999999822, -14.00000000000000000 ) ) ;
#1029 = PLANE ( 'NONE',  #577 ) ;
#1030 = AXIS2_PLACEMENT_3D ( 'NONE', #1403, #674, #1049 ) ;
#1031 = ORIENTED_EDGE ( 'NONE', *, *, #72, .T. ) ;
#1032 = CARTESIAN_POINT ( 'NONE',  ( 0.000000000000000000, 19.99999999999999645, 1.000000000000000000 ) ) ;
#1033 = ADVANCED_FACE ( 'NONE', ( #590 ), #111, .T. ) ;
#1034 = CIRCLE ( 'NONE', #346, 1.000000000000000888 ) ;
#1035 = SPHERICAL_SURFACE ( 'NONE', #288, 1.000000000000000000 ) ;
#1036 = CARTESIAN_POINT ( 'NONE',  ( 1.000000000000000000, 13.99999999999999822, -1.000000000000000000 ) ) ;
#1037 = ORIENTED_EDGE ( 'NONE', *, *, #982, .F. ) ;
#1038 = AXIS2_PLACEMENT_3D ( 'NONE', #307, #440, #1555 ) ;
#1039 = VECTOR ( 'NONE', #516, 1000.000000000000000 ) ;
#1040 = ADVANCED_FACE ( 'NONE', ( #1563 ), #96, .F. ) ;
#1041 = CARTESIAN_POINT ( 'NONE',  ( 0.000000000000000000, 9.999999999999998224, -15.00000000000000000 ) ) ;
#1042 = DIRECTION ( 'NONE',  ( 0.000000000000000000, 0.000000000000000000, -1.000000000000000000 ) ) ;
#1043 = CARTESIAN_POINT ( 'NONE',  ( 9.000000000000001776, 0.000000000000000000, 30.00000000000000000 ) ) ;
#1044 = VECTOR ( 'NONE', #513, 1000.000000000000000 ) ;
#1045 = ORIENTED_EDGE ( 'NONE', *, *, #1373, .T. ) ;
#1046 = CIRCLE ( 'NONE', #777, 1.000000000000000000 ) ;
#1047 = EDGE_CURVE ( 'NONE', #1568, #220, #564, .T. ) ;
#1048 = CYLINDRICAL_SURFACE ( 'NONE', #640, 1.000000000000000000 ) ;
#1049 = DIRECTION ( 'NONE',  ( 0.000000000000000000, 0.000000000000000000, 1.000000000000000000 ) ) ;
#1050 = DIRECTION ( 'NONE',  ( 0.000000000000000000, 8.673617379884026597E-16, 1.000000000000000000 ) ) ;
#1051 = ORIENTED_EDGE ( 'NONE', *, *, #232, .T. ) ;
#1052 = ORIENTED_EDGE ( 'NONE', *, *, #304, .F. ) ;
#1053 = ORIENTED_EDGE ( 'NONE', *, *, #1371, .F. ) ;
#1054 = ADVANCED_FACE ( 'NONE', ( #814, #1301 ), #1056, .F. ) ;
#1055 = AXIS2_PLACEMENT_3D ( 'NONE', #608, #1203, #1186 ) ;
#1056 = PLANE ( 'NONE',  #1127 ) ;
#1057 = AXIS2_PLACEMENT_3D ( 'NONE', #473, #235, #1458 ) ;
#1058 = FACE_OUTER_BOUND ( 'NONE', #1193, .T. ) ;
#1059 = EDGE_CURVE ( 'NONE', #840, #329, #644, .T. ) ;
#1060 = EDGE_LOOP ( 'NONE', ( #25, #483, #1118, #86 ) ) ;
#1061 = EDGE_CURVE ( 'NONE', #1153, #692, #278, .T. ) ;
#1062 = VERTEX_POINT ( 'NONE', #358 ) ;
#1063 = EDGE_CURVE ( 'NONE', #840, #95, #353, .T. ) ;
#1064 = ORIENTED_EDGE ( 'NONE', *, *, #1473, .F. ) ;
#1065 = DIRECTION ( 'NONE',  ( -1.000000000000000000, 0.000000000000000000, -0.000000000000000000 ) ) ;
#1066 = VECTOR ( 'NONE', #325, 1000.000000000000000 ) ;
#1067 = CARTESIAN_POINT ( 'NONE',  ( 0.000000000000000000, 18.99999999999999645, 28.99999999999999645 ) ) ;
#1068 = CARTESIAN_POINT ( 'NONE',  ( 3.000000000000000000, 9.000000000000000000, -14.00000000000000000 ) ) ;
#1069 = ORIENTED_EDGE ( 'NONE', *, *, #812, .T. ) ;
#1070 = ORIENTED_EDGE ( 'NONE', *, *, #548, .T. ) ;
#1071 = ORIENTED_EDGE ( 'NONE', *, *, #1171, .T. ) ;
#1072 = CARTESIAN_POINT ( 'NONE',  ( 9.000000000000000000, 18.99999999999999645, 30.00000000000000000 ) ) ;
#1073 = ORIENTED_EDGE ( 'NONE', *, *, #1473, .T. ) ;
#1074 = DIRECTION ( 'NONE',  ( 0.000000000000000000, 0.000000000000000000, -1.000000000000000000 ) ) ;
#1075 = FACE_OUTER_BOUND ( 'NONE', #1336, .T. ) ;
#1076 = ADVANCED_FACE ( 'NONE', ( #599 ), #130, .F. ) ;
#1077 = ORIENTED_EDGE ( 'NONE', *, *, #1520, .T. ) ;
#1078 = DIRECTION ( 'NONE',  ( 0.000000000000000000, 0.000000000000000000, -1.000000000000000000 ) ) ;
#1079 = VERTEX_POINT ( 'NONE', #746 ) ;
#1080 = VECTOR ( 'NONE', #1148, 1000.000000000000000 ) ;
#1081 = ORIENTED_EDGE ( 'NONE', *, *, #508, .F. ) ;
#1082 = DIRECTION ( 'NONE',  ( -1.000000000000000000, 0.000000000000000000, 0.000000000000000000 ) ) ;
#1083 = EDGE_LOOP ( 'NONE', ( #184, #581, #1314, #1211, #1103, #676 ) ) ;
#1084 = DIRECTION ( 'NONE',  ( -0.000000000000000000, -0.000000000000000000, 1.000000000000000000 ) ) ;
#1085 = AXIS2_PLACEMENT_3D ( 'NONE', #323, #1287, #209 ) ;
#1086 = CARTESIAN_POINT ( 'NONE',  ( 1.000000000000000000, 18.99999999999999645, 28.99999999999999645 ) ) ;
#1087 = ADVANCED_FACE ( 'NONE', ( #1235 ), #136, .T. ) ;
#1088 = ORIENTED_EDGE ( 'NONE', *, *, #901, .F. ) ;
#1089 = CARTESIAN_POINT ( 'NONE',  ( 5.000000000000000000, 9.000000000000000000, -11.00000000000000000 ) ) ;
#1090 = ORIENTED_EDGE ( 'NONE', *, *, #446, .T. ) ;
#1091 = VECTOR ( 'NONE', #112, 1000.000000000000000 ) ;
#1092 = EDGE_CURVE ( 'NONE', #9, #819, #510, .T. ) ;
#1093 = ORIENTED_EDGE ( 'NONE', *, *, #90, .T. ) ;
#1094 = FACE_OUTER_BOUND ( 'NONE', #942, .T. ) ;
#1095 = CARTESIAN_POINT ( 'NONE',  ( 3.399999999999999911, 12.00000000000000000, -12.00000000000000000 ) ) ;
#1096 = EDGE_LOOP ( 'NONE', ( #107, #388, #1440, #1566 ) ) ;
#1097 = CYLINDRICAL_SURFACE ( 'NONE', #227, 1.000000000000000888 ) ;
#1098 = EDGE_CURVE ( 'NONE', #1339, #329, #996, .T. ) ;
#1099 = VERTEX_POINT ( 'NONE', #628 ) ;
#1100 = CARTESIAN_POINT ( 'NONE',  ( 3.000000000000000000, 9.999999999999998224, -15.00000000000000000 ) ) ;
#1101 = DIRECTION ( 'NONE',  ( 0.000000000000000000, 1.000000000000000000, -0.000000000000000000 ) ) ;
#1102 = FACE_OUTER_BOUND ( 'NONE', #1312, .T. ) ;
#1103 = ORIENTED_EDGE ( 'NONE', *, *, #1371, .T. ) ;
#1104 = AXIS2_PLACEMENT_3D ( 'NONE', #542, #398, #1011 ) ;
#1105 = CARTESIAN_POINT ( 'NONE',  ( 2.000000000000000000, 9.999999999999998224, -14.00000000000000000 ) ) ;
#1106 = VERTEX_POINT ( 'NONE', #1483 ) ;
#1107 = CARTESIAN_POINT ( 'NONE',  ( 9.000000000000001776, 1.000000000000000000, 1.000000000000000000 ) ) ;
#1108 = CARTESIAN_POINT ( 'NONE',  ( 8.000000000000000000, 9.999999999999998224, -15.00000000000000000 ) ) ;
#1109 = EDGE_LOOP ( 'NONE', ( #943, #1578, #110, #963 ) ) ;
#1110 = EDGE_CURVE ( 'NONE', #523, #840, #376, .T. ) ;
#1111 = CARTESIAN_POINT ( 'NONE',  ( 3.000000000000000000, 9.999999999999998224, -0.9999999999999991118 ) ) ;
#1112 = CIRCLE ( 'NONE', #573, 1.000000000000000000 ) ;
#1113 = VECTOR ( 'NONE', #393, 1000.000000000000000 ) ;
#1114 = VERTEX_POINT ( 'NONE', #1475 ) ;
#1115 = CARTESIAN_POINT ( 'NONE',  ( 9.000000000000001776, 1.000000000000000000, 28.99999999999999645 ) ) ;
#1116 = B_SPLINE_CURVE_WITH_KNOTS ( 'NONE', 3,
 ( #911, #183, #626, #142, #269, #633, #1251, #1397 ),
 .UNSPECIFIED., .F., .F.,
 ( 4, 2, 2, 4 ),
 ( 0.001355353617180799636, 0.002031162164330622879, 0.002369066437905534284, 0.002706970711480446122 ),
 .UNSPECIFIED. ) ;
#1117 = EDGE_CURVE ( 'NONE', #715, #587, #559, .T. ) ;
#1118 = ORIENTED_EDGE ( 'NONE', *, *, #255, .F. ) ;
#1119 = FACE_OUTER_BOUND ( 'NONE', #908, .T. ) ;
#1120 = DIRECTION ( 'NONE',  ( -1.000000000000000000, 0.000000000000000000, 0.000000000000000000 ) ) ;
#1121 = ADVANCED_FACE ( 'NONE', ( #876 ), #1340, .T. ) ;
#1122 = SPHERICAL_SURFACE ( 'NONE', #1503, 1.000000000000000000 ) ;
#1123 = CARTESIAN_POINT ( 'NONE',  ( 0.000000000000000000, 8.000000000000000000, -1.000000000000000000 ) ) ;
#1124 = CIRCLE ( 'NONE', #429, 1.000000000000000888 ) ;
#1125 = ORIENTED_EDGE ( 'NONE', *, *, #670, .T. ) ;
#1126 = DIRECTION ( 'NONE',  ( -0.000000000000000000, -0.000000000000000000, -1.000000000000000000 ) ) ;
#1127 = AXIS2_PLACEMENT_3D ( 'NONE', #201, #696, #1549 ) ;
#1128 = CARTESIAN_POINT ( 'NONE',  ( 8.000000000000000000, 15.00000000000000000, -1.000000000000000000 ) ) ;
#1129 = DIRECTION ( 'NONE',  ( -1.000000000000000000, 0.000000000000000000, -0.000000000000000000 ) ) ;
#1130 = FACE_OUTER_BOUND ( 'NONE', #319, .T. ) ;
#1131 = CARTESIAN_POINT ( 'NONE',  ( 3.000000000000000000, 0.000000000000000000, -15.00000000000000000 ) ) ;
#1132 = DIRECTION ( 'NONE',  ( 0.000000000000000000, 0.000000000000000000, -1.000000000000000000 ) ) ;
#1133 = AXIS2_PLACEMENT_3D ( 'NONE', #1100, #2, #496 ) ;
#1134 = CARTESIAN_POINT ( 'NONE',  ( 9.000000000000001776, 7.096596038086939637E-16, 30.00000000000000000 ) ) ;
#1135 = ORIENTED_EDGE ( 'NONE', *, *, #812, .F. ) ;
#1136 = DIRECTION ( 'NONE',  ( -1.000000000000000000, 0.000000000000000000, 0.000000000000000000 ) ) ;
#1137 = DIRECTION ( 'NONE',  ( 0.000000000000000000, -1.000000000000000000, 0.000000000000000000 ) ) ;
#1138 = FACE_BOUND ( 'NONE', #1293, .T. ) ;
#1139 = CIRCLE ( 'NONE', #474, 1.000000000000000000 ) ;
#1140 = CARTESIAN_POINT ( 'NONE',  ( 5.000000000000000000, 12.00000000000000000, -12.00000000000000000 ) ) ;
#1141 = AXIS2_PLACEMENT_3D ( 'NONE', #703, #1208, #833 ) ;
#1142 = ADVANCED_FACE ( 'NONE', ( #1465 ), #635, .T. ) ;
#1143 = FACE_OUTER_BOUND ( 'NONE', #1449, .T. ) ;
#1144 = DIRECTION ( 'NONE',  ( -1.000000000000000000, 0.000000000000000000, 0.000000000000000000 ) ) ;
#1145 = CARTESIAN_POINT ( 'NONE',  ( 1.000000000000000000, 18.99999999999999645, 1.000000000000000000 ) ) ;
#1146 = CARTESIAN_POINT ( 'NONE',  ( 3.000000000000000000, 13.99999999999999822, -0.9999999999999991118 ) ) ;
#1147 = ORIENTED_EDGE ( 'NONE', *, *, #214, .F. ) ;
#1148 = DIRECTION ( 'NONE',  ( 0.000000000000000000, -1.000000000000000000, 0.000000000000000000 ) ) ;
#1149 = ADVANCED_FACE ( 'NONE', ( #752 ), #1097, .T. ) ;
#1150 = DIRECTION ( 'NONE',  ( -0.000000000000000000, 1.000000000000000000, -0.000000000000000000 ) ) ;
#1151 = PRESENTATION_STYLE_ASSIGNMENT (( #642 ) ) ;
#1152 = CARTESIAN_POINT ( 'NONE',  ( 7.000000000000000000, 9.999999999999998224, -0.9999999999999991118 ) ) ;
#1153 = VERTEX_POINT ( 'NONE', #271 ) ;
#1154 = CARTESIAN_POINT ( 'NONE',  ( 5.000000000000000000, 15.00000000000000000, -9.499999999999994671 ) ) ;
#1155 = AXIS2_PLACEMENT_3D ( 'NONE', #317, #84, #575 ) ;
#1156 = LINE ( 'NONE', #61, #678 ) ;
#1157 = VERTEX_POINT ( 'NONE', #763 ) ;
#1158 = AXIS2_PLACEMENT_3D ( 'NONE', #416, #151, #1380 ) ;
#1159 = UNCERTAINTY_MEASURE_WITH_UNIT (LENGTH_MEASURE( 1.000000000000000082E-05 ), #434, 'distance_accuracy_value', 'NONE');
#1160 = DIRECTION ( 'NONE',  ( -1.000000000000000000, 0.000000000000000000, 0.000000000000000000 ) ) ;
#1161 = AXIS2_PLACEMENT_3D ( 'NONE', #1152, #1493, #1267 ) ;
#1162 = CARTESIAN_POINT ( 'NONE',  ( 9.000000000000001776, 0.000000000000000000, 1.000000000000000888 ) ) ;
#1163 = CARTESIAN_POINT ( 'NONE',  ( 9.000000000000000000, 18.99999999999999645, 1.000000000000000000 ) ) ;
#1164 = EDGE_CURVE ( 'NONE', #595, #1562, #1584, .T. ) ;
#1165 = ORIENTED_EDGE ( 'NONE', *, *, #99, .F. ) ;
#1166 = AXIS2_PLACEMENT_3D ( 'NONE', #368, #385, #870 ) ;
#1167 = DIRECTION ( 'NONE',  ( 0.000000000000000000, 0.000000000000000000, -1.000000000000000000 ) ) ;
#1168 = CARTESIAN_POINT ( 'NONE',  ( 0.000000000000000000, 0.000000000000000000, 30.00000000000000000 ) ) ;
#1169 = CARTESIAN_POINT ( 'NONE',  ( 1.000000000000000000, 18.99999999999999645, 1.000000000000000888 ) ) ;
#1170 = VECTOR ( 'NONE', #1101, 1000.000000000000000 ) ;
#1171 = EDGE_CURVE ( 'NONE', #1153, #63, #122, .T. ) ;
#1172 = ORIENTED_EDGE ( 'NONE', *, *, #1518, .F. ) ;
#1173 = ORIENTED_EDGE ( 'NONE', *, *, #1255, .T. ) ;
#1174 = ORIENTED_EDGE ( 'NONE', *, *, #1516, .F. ) ;
#1175 = LINE ( 'NONE', #295, #1292 ) ;
#1176 = VECTOR ( 'NONE', #1132, 1000.000000000000000 ) ;
#1177 = DIRECTION ( 'NONE',  ( 0.000000000000000000, -0.000000000000000000, 1.000000000000000000 ) ) ;
#1178 = EDGE_CURVE ( 'NONE', #1342, #329, #491, .T. ) ;
#1179 = DIRECTION ( 'NONE',  ( -0.000000000000000000, -1.000000000000000000, -0.000000000000000000 ) ) ;
#1180 = ADVANCED_FACE ( 'NONE', ( #1015 ), #45, .T. ) ;
#1181 = PLANE ( 'NONE',  #1441 ) ;
#1182 = EDGE_LOOP ( 'NONE', ( #105, #260, #427, #367 ) ) ;
#1183 = AXIS2_PLACEMENT_3D ( 'NONE', #1168, #1550, #68 ) ;
#1184 = ORIENTED_EDGE ( 'NONE', *, *, #686, .F. ) ;
#1185 = ORIENTED_EDGE ( 'NONE', *, *, #459, .T. ) ;
#1186 = DIRECTION ( 'NONE',  ( 1.000000000000000000, 0.000000000000000000, 0.000000000000000000 ) ) ;
#1187 = FACE_OUTER_BOUND ( 'NONE', #1582, .T. ) ;
#1188 = CARTESIAN_POINT ( 'NONE',  ( 1.000000000000000000, 18.99999999999999645, 1.000000000000000000 ) ) ;
#1189 = VERTEX_POINT ( 'NONE', #1269 ) ;
#1190 = ORIENTED_EDGE ( 'NONE', *, *, #211, .T. ) ;
#1191 = ORIENTED_EDGE ( 'NONE', *, *, #481, .F. ) ;
#1192 = CARTESIAN_POINT ( 'NONE',  ( 5.000000000000000000, 10.39999999999999680, -12.50000000000000711 ) ) ;
#1193 = EDGE_LOOP ( 'NONE', ( #827, #845, #18 ) ) ;
#1194 = CIRCLE ( 'NONE', #914, 1.000000000000000000 ) ;
#1195 = CARTESIAN_POINT ( 'NONE',  ( 3.000000000000000000, 13.99999999999999822, 0.000000000000000000 ) ) ;
#1196 = EDGE_CURVE ( 'NONE', #52, #1099, #1507, .T. ) ;
#1197 = ADVANCED_FACE ( 'NONE', ( #1143 ), #539, .T. ) ;
#1198 = FACE_OUTER_BOUND ( 'NONE', #1259, .T. ) ;
#1199 = ORIENTED_EDGE ( 'NONE', *, *, #1262, .F. ) ;
#1200 = CARTESIAN_POINT ( 'NONE',  ( 7.000000000000000000, 13.99999999999999822, -16.00000000000000000 ) ) ;
#1201 = ORIENTED_EDGE ( 'NONE', *, *, #761, .F. ) ;
#1202 = ORIENTED_EDGE ( 'NONE', *, *, #530, .F. ) ;
#1203 = DIRECTION ( 'NONE',  ( 0.000000000000000000, -0.000000000000000000, 1.000000000000000000 ) ) ;
#1204 = ORIENTED_EDGE ( 'NONE', *, *, #412, .F. ) ;
#1205 = EDGE_CURVE ( 'NONE', #1114, #453, #532, .T. ) ;
#1206 = CARTESIAN_POINT ( 'NONE',  ( 3.000000000000000000, 13.99999999999999822, -16.00000000000000000 ) ) ;
#1207 = VECTOR ( 'NONE', #266, 1000.000000000000000 ) ;
#1208 = DIRECTION ( 'NONE',  ( 0.000000000000000000, 1.000000000000000000, 0.000000000000000000 ) ) ;
#1209 = VERTEX_POINT ( 'NONE', #29 ) ;
#1210 = CARTESIAN_POINT ( 'NONE',  ( 9.000000000000001776, 0.000000000000000000, 28.99999999999999645 ) ) ;
#1211 = ORIENTED_EDGE ( 'NONE', *, *, #1395, .T. ) ;
#1212 = VERTEX_POINT ( 'NONE', #1386 ) ;
#1213 = DIRECTION ( 'NONE',  ( -1.000000000000000000, 0.000000000000000000, 0.000000000000000000 ) ) ;
#1214 = DIRECTION ( 'NONE',  ( 0.000000000000000000, 0.000000000000000000, -1.000000000000000000 ) ) ;
#1215 = EDGE_CURVE ( 'NONE', #63, #819, #757, .T. ) ;
#1216 = ORIENTED_EDGE ( 'NONE', *, *, #1237, .T. ) ;
#1217 = DIRECTION ( 'NONE',  ( -1.000000000000000000, 0.000000000000000000, 0.000000000000000000 ) ) ;
#1218 = PRESENTATION_LAYER_ASSIGNMENT (  '', '', ( #88 ) ) ;
#1219 = VECTOR ( 'NONE', #711, 1000.000000000000000 ) ;
#1220 = AXIS2_PLACEMENT_3D ( 'NONE', #270, #1378, #383 ) ;
#1221 = ORIENTED_EDGE ( 'NONE', *, *, #901, .T. ) ;
#1222 = LINE ( 'NONE', #125, #159 ) ;
#1223 = APPLICATION_CONTEXT ( 'automotive_design' ) ;
#1224 = VERTEX_POINT ( 'NONE', #1496 ) ;
#1225 = DIRECTION ( 'NONE',  ( 0.000000000000000000, 0.000000000000000000, -1.000000000000000000 ) ) ;
#1226 = CARTESIAN_POINT ( 'NONE',  ( 9.000000000000000000, 18.99999999999999645, 28.99999999999999645 ) ) ;
#1227 = ORIENTED_EDGE ( 'NONE', *, *, #1499, .F. ) ;
#1228 = DIRECTION ( 'NONE',  ( 0.000000000000000000, 0.000000000000000000, 1.000000000000000000 ) ) ;
#1229 = ORIENTED_EDGE ( 'NONE', *, *, #1027, .T. ) ;
#1230 = DIRECTION ( 'NONE',  ( 0.000000000000000000, 1.000000000000000000, 0.000000000000000000 ) ) ;
#1231 = EDGE_CURVE ( 'NONE', #1562, #715, #1139, .T. ) ;
#1232 = CYLINDRICAL_SURFACE ( 'NONE', #852, 1.000000000000000000 ) ;
#1233 = CARTESIAN_POINT ( 'NONE',  ( 2.000000000000000000, 9.000000000000000000, -15.00000000000000000 ) ) ;
#1234 = ORIENTED_EDGE ( 'NONE', *, *, #165, .F. ) ;
#1235 = FACE_OUTER_BOUND ( 'NONE', #179, .T. ) ;
#1236 = EDGE_CURVE ( 'NONE', #1335, #478, #164, .T. ) ;
#1237 = EDGE_CURVE ( 'NONE', #617, #1324, #272, .T. ) ;
#1238 = ORIENTED_EDGE ( 'NONE', *, *, #526, .F. ) ;
#1239 = DIRECTION ( 'NONE',  ( -1.000000000000000000, 0.000000000000000000, 0.000000000000000000 ) ) ;
#1240 = ORIENTED_EDGE ( 'NONE', *, *, #761, .T. ) ;
#1241 = FACE_OUTER_BOUND ( 'NONE', #1096, .T. ) ;
#1242 = CARTESIAN_POINT ( 'NONE',  ( 1.000000000000000000, 1.000000000000000000, 28.99999999999999645 ) ) ;
#1243 = CARTESIAN_POINT ( 'NONE',  ( 9.000000000000000000, 18.99999999999999645, 28.99999999999999645 ) ) ;
#1244 = AXIS2_PLACEMENT_3D ( 'NONE', #1407, #1388, #534 ) ;
#1245 = CARTESIAN_POINT ( 'NONE',  ( 9.000000000000000000, 18.99999999999999645, 1.000000000000000000 ) ) ;
#1246 = AXIS2_PLACEMENT_3D ( 'NONE', #1145, #1492, #1256 ) ;
#1247 = AXIS2_PLACEMENT_3D ( 'NONE', #525, #282, #652 ) ;
#1248 = EDGE_LOOP ( 'NONE', ( #706, #798, #1276, #1081 ) ) ;
#1249 = DIRECTION ( 'NONE',  ( 0.000000000000000000, 0.000000000000000000, 1.000000000000000000 ) ) ;
#1250 = CARTESIAN_POINT ( 'NONE',  ( 10.00000000000000178, 1.000000000000000000, 1.000000000000000888 ) ) ;
#1251 = CARTESIAN_POINT ( 'NONE',  ( 3.945652703029665087, 10.79323656169034962, -12.07120388604059080 ) ) ;
#1252 = SPHERICAL_SURFACE ( 'NONE', #405, 1.000000000000000000 ) ;
#1253 = TOROIDAL_SURFACE ( 'NONE', #123, 2.000000000000000000, 1.000000000000000000 ) ;
#1254 = CARTESIAN_POINT ( 'NONE',  ( 7.000000000000000000, 13.99999999999999822, -0.9999999999999991118 ) ) ;
#1255 = EDGE_CURVE ( 'NONE', #1286, #586, #145, .T. ) ;
#1256 = DIRECTION ( 'NONE',  ( 0.000000000000000000, 0.000000000000000000, 1.000000000000000000 ) ) ;
#1257 = VECTOR ( 'NONE', #7, 1000.000000000000000 ) ;
#1258 = DIRECTION ( 'NONE',  ( 0.000000000000000000, 0.000000000000000000, -1.000000000000000000 ) ) ;
#1259 = EDGE_LOOP ( 'NONE', ( #627, #1184, #487, #1553 ) ) ;
#1260 = DIRECTION ( 'NONE',  ( 0.000000000000000000, 0.000000000000000000, 1.000000000000000000 ) ) ;
#1261 = AXIS2_PLACEMENT_3D ( 'NONE', #381, #1461, #1213 ) ;
#1262 = EDGE_CURVE ( 'NONE', #1551, #562, #1355, .T. ) ;
#1263 = CARTESIAN_POINT ( 'NONE',  ( 0.000000000000000000, 0.000000000000000000, 0.000000000000000000 ) ) ;
#1264 = CARTESIAN_POINT ( 'NONE',  ( 1.000000000000000000, 18.99999999999999645, 28.99999999999999645 ) ) ;
#1265 = ADVANCED_FACE ( 'NONE', ( #736 ), #839, .T. ) ;
#1266 = AXIS2_PLACEMENT_3D ( 'NONE', #1479, #505, #379 ) ;
#1267 = DIRECTION ( 'NONE',  ( -1.000000000000000000, 0.000000000000000000, 0.000000000000000000 ) ) ;
#1268 = FACE_OUTER_BOUND ( 'NONE', #1432, .T. ) ;
#1269 = CARTESIAN_POINT ( 'NONE',  ( 5.000000000000000000, 9.000000000000000000, -9.499999999999994671 ) ) ;
#1270 = EDGE_CURVE ( 'NONE', #1431, #1324, #119, .T. ) ;
#1271 = DIRECTION ( 'NONE',  ( 0.000000000000000000, 0.000000000000000000, 1.000000000000000000 ) ) ;
#1272 = CIRCLE ( 'NONE', #1246, 1.000000000000000000 ) ;
#1273 = DIRECTION ( 'NONE',  ( -0.000000000000000000, -1.000000000000000000, -0.000000000000000000 ) ) ;
#1274 = FACE_OUTER_BOUND ( 'NONE', #1526, .T. ) ;
#1275 = AXIS2_PLACEMENT_3D ( 'NONE', #1107, #114, #864 ) ;
#1276 = ORIENTED_EDGE ( 'NONE', *, *, #980, .F. ) ;
#1277 = PLANE ( 'NONE',  #884 ) ;
#1278 = FACE_OUTER_BOUND ( 'NONE', #495, .T. ) ;
#1279 = DIRECTION ( 'NONE',  ( 0.000000000000000000, 0.000000000000000000, 1.000000000000000000 ) ) ;
#1280 = CIRCLE ( 'NONE', #794, 2.000000000000000000 ) ;
#1281 = DIRECTION ( 'NONE',  ( 0.000000000000000000, 1.000000000000000000, 0.000000000000000000 ) ) ;
#1282 = ORIENTED_EDGE ( 'NONE', *, *, #774, .T. ) ;
#1283 = DIRECTION ( 'NONE',  ( 0.000000000000000000, -0.000000000000000000, 1.000000000000000000 ) ) ;
#1284 = CARTESIAN_POINT ( 'NONE',  ( 1.000000000000000000, 0.000000000000000000, 1.000000000000000888 ) ) ;
#1285 = CARTESIAN_POINT ( 'NONE',  ( 5.983604002137425937, 13.26557936944571559, -12.13680505708113166 ) ) ;
#1286 = VERTEX_POINT ( 'NONE', #1453 ) ;
#1287 = DIRECTION ( 'NONE',  ( 0.000000000000000000, 0.000000000000000000, 1.000000000000000000 ) ) ;
#1288 = DIRECTION ( 'NONE',  ( 1.000000000000000000, 0.000000000000000000, -0.000000000000000000 ) ) ;
#1289 = AXIS2_PLACEMENT_3D ( 'NONE', #1508, #1288, #553 ) ;
#1290 = CARTESIAN_POINT ( 'NONE',  ( 3.000000000000000000, 15.00000000000000000, -1.000000000000000000 ) ) ;
#1291 = FACE_OUTER_BOUND ( 'NONE', #1533, .T. ) ;
#1292 = VECTOR ( 'NONE', #1283, 1000.000000000000000 ) ;
#1293 = EDGE_LOOP ( 'NONE', ( #818, #1191 ) ) ;
#1294 = AXIS2_PLACEMENT_3D ( 'NONE', #616, #1433, #240 ) ;
#1295 = CARTESIAN_POINT ( 'NONE',  ( 0.000000000000000000, 0.000000000000000000, 30.00000000000000000 ) ) ;
#1296 = AXIS2_PLACEMENT_3D ( 'NONE', #1515, #1376, #907 ) ;
#1297 = CARTESIAN_POINT ( 'NONE',  ( 1.000000000000000000, 18.99999999999999645, 28.99999999999999645 ) ) ;
#1298 = DIRECTION ( 'NONE',  ( -0.000000000000000000, -0.000000000000000000, 1.000000000000000000 ) ) ;
#1299 = VERTEX_POINT ( 'NONE', #128 ) ;
#1300 = EDGE_LOOP ( 'NONE', ( #987, #447, #1204, #354, #754, #804 ) ) ;
#1301 = FACE_OUTER_BOUND ( 'NONE', #1579, .T. ) ;
#1302 = DIRECTION ( 'NONE',  ( 0.000000000000000000, 0.000000000000000000, -1.000000000000000000 ) ) ;
#1303 = DIRECTION ( 'NONE',  ( 0.000000000000000000, 0.000000000000000000, -1.000000000000000000 ) ) ;
#1304 = CIRCLE ( 'NONE', #619, 2.000000000000000000 ) ;
#1305 = ORIENTED_EDGE ( 'NONE', *, *, #492, .T. ) ;
#1306 = EDGE_CURVE ( 'NONE', #869, #793, #1374, .T. ) ;
#1307 = ORIENTED_EDGE ( 'NONE', *, *, #8, .T. ) ;
#1308 = EDGE_LOOP ( 'NONE', ( #1427, #342, #745 ) ) ;
#1309 = APPLICATION_PROTOCOL_DEFINITION ( 'draft international standard', 'automotive_design', 1998, #42 ) ;
#1310 = FACE_OUTER_BOUND ( 'NONE', #1060, .T. ) ;
#1311 = CARTESIAN_POINT ( 'NONE',  ( 7.000000000000000000, 16.00000000000000000, 0.000000000000000000 ) ) ;
#1312 = EDGE_LOOP ( 'NONE', ( #1051, #357, #120, #990 ) ) ;
#1313 = VECTOR ( 'NONE', #1150, 1000.000000000000000 ) ;
#1314 = ORIENTED_EDGE ( 'NONE', *, *, #1205, .F. ) ;
#1315 = ORIENTED_EDGE ( 'NONE', *, *, #232, .F. ) ;
#1316 = EDGE_CURVE ( 'NONE', #562, #1157, #250, .T. ) ;
#1317 = CARTESIAN_POINT ( 'NONE',  ( 3.400000000000000355, 12.00000000000000000, -16.00000000000000000 ) ) ;
#1318 = ORIENTED_EDGE ( 'NONE', *, *, #686, .T. ) ;
#1319 = DIRECTION ( 'NONE',  ( -0.000000000000000000, 1.000000000000000000, 0.000000000000000000 ) ) ;
#1320 = DIRECTION ( 'NONE',  ( 0.000000000000000000, 0.000000000000000000, 1.000000000000000000 ) ) ;
#1321 = ORIENTED_EDGE ( 'NONE', *, *, #789, .T. ) ;
#1322 = DIRECTION ( 'NONE',  ( -0.000000000000000000, 1.000000000000000000, -0.000000000000000000 ) ) ;
#1323 = ADVANCED_FACE ( 'NONE', ( #1102 ), #356, .T. ) ;
#1324 = VERTEX_POINT ( 'NONE', #1072 ) ;
#1325 = VERTEX_POINT ( 'NONE', #1327 ) ;
#1326 = PRODUCT_DEFINITION_CONTEXT ( 'detailed design', #1223, 'design' ) ;
#1327 = CARTESIAN_POINT ( 'NONE',  ( 1.000000000000000000, 0.000000000000000000, 28.99999999999999645 ) ) ;
#1328 = ORIENTED_EDGE ( 'NONE', *, *, #897, .F. ) ;
#1329 = CARTESIAN_POINT ( 'NONE',  ( 3.881966011250100212, 15.00000000000000000, -12.00000000000000000 ) ) ;
#1330 = VECTOR ( 'NONE', #1583, 1000.000000000000000 ) ;
#1331 = DIRECTION ( 'NONE',  ( 0.000000000000000000, -1.000000000000000000, 0.000000000000000000 ) ) ;
#1332 = EDGE_CURVE ( 'NONE', #586, #52, #413, .T. ) ;
#1333 = ORIENTED_EDGE ( 'NONE', *, *, #304, .T. ) ;
#1334 = LINE ( 'NONE', #972, #866 ) ;
#1335 = VERTEX_POINT ( 'NONE', #850 ) ;
#1336 = EDGE_LOOP ( 'NONE', ( #448, #504, #115, #1442 ) ) ;
#1337 = CARTESIAN_POINT ( 'NONE',  ( 2.000000000000000000, 15.00000000000000000, -15.00000000000000000 ) ) ;
#1338 = CARTESIAN_POINT ( 'NONE',  ( 7.000000000000000000, 15.00000000000000000, -14.00000000000000000 ) ) ;
#1339 = VERTEX_POINT ( 'NONE', #986 ) ;
#1340 = CYLINDRICAL_SURFACE ( 'NONE', #970, 1.000000000000000888 ) ;
#1341 = AXIS2_PLACEMENT_3D ( 'NONE', #836, #246, #1239 ) ;
#1342 = VERTEX_POINT ( 'NONE', #967 ) ;
#1343 = LINE ( 'NONE', #593, #1477 ) ;
#1344 = ORIENTED_EDGE ( 'NONE', *, *, #1306, .T. ) ;
#1345 = CARTESIAN_POINT ( 'NONE',  ( 2.000000000000000000, 15.00000000000000000, -1.000000000000000000 ) ) ;
#1346 = DIRECTION ( 'NONE',  ( 0.000000000000000000, 0.000000000000000000, -1.000000000000000000 ) ) ;
#1347 = EDGE_LOOP ( 'NONE', ( #1454, #694, #1328 ) ) ;
#1348 = DIRECTION ( 'NONE',  ( -0.000000000000000000, 1.000000000000000000, -0.000000000000000000 ) ) ;
#1349 = VECTOR ( 'NONE', #157, 1000.000000000000000 ) ;
#1350 = AXIS2_PLACEMENT_3D ( 'NONE', #482, #591, #1564 ) ;
#1351 = EDGE_CURVE ( 'NONE', #523, #108, #1444, .T. ) ;
#1352 = ORIENTED_EDGE ( 'NONE', *, *, #670, .F. ) ;
#1353 = CARTESIAN_POINT ( 'NONE',  ( 5.000000000000000000, 12.00000000000000000, -12.00000000000000000 ) ) ;
#1354 = CARTESIAN_POINT ( 'NONE',  ( 9.000000000000001776, 1.000000000000000000, 28.99999999999999645 ) ) ;
#1355 = LINE ( 'NONE', #868, #732 ) ;
#1356 = ORIENTED_EDGE ( 'NONE', *, *, #1196, .T. ) ;
#1357 = EDGE_CURVE ( 'NONE', #1562, #6, #716, .T. ) ;
#1358 = ADVANCED_FACE ( 'NONE', ( #118 ), #1472, .T. ) ;
#1359 = EDGE_CURVE ( 'NONE', #455, #1325, #248, .T. ) ;
#1360 = VERTEX_POINT ( 'NONE', #1095 ) ;
#1361 = CYLINDRICAL_SURFACE ( 'NONE', #1501, 1.000000000000000000 ) ;
#1362 = VERTEX_POINT ( 'NONE', #1317 ) ;
#1363 = DIRECTION ( 'NONE',  ( -1.000000000000000000, 0.000000000000000000, -0.000000000000000000 ) ) ;
#1364 = DIRECTION ( 'NONE',  ( 7.885106708985487801E-17, -1.000000000000000000, 0.000000000000000000 ) ) ;
#1365 = ORIENTED_EDGE ( 'NONE', *, *, #572, .T. ) ;
#1366 = DIRECTION ( 'NONE',  ( 0.000000000000000000, 1.000000000000000000, 0.000000000000000000 ) ) ;
#1367 = LINE ( 'NONE', #625, #1387 ) ;
#1368 = DIRECTION ( 'NONE',  ( 7.885106708985487801E-17, -1.000000000000000000, 0.000000000000000000 ) ) ;
#1369 = DIRECTION ( 'NONE',  ( -1.000000000000000000, 0.000000000000000000, 0.000000000000000000 ) ) ;
#1370 = AXIS2_PLACEMENT_3D ( 'NONE', #668, #279, #404 ) ;
#1371 = EDGE_CURVE ( 'NONE', #569, #1342, #1554, .T. ) ;
#1372 = DIRECTION ( 'NONE',  ( 0.000000000000000000, 0.000000000000000000, 1.000000000000000000 ) ) ;
#1373 = EDGE_CURVE ( 'NONE', #1467, #1209, #219, .T. ) ;
#1374 = CIRCLE ( 'NONE', #1294, 1.500000000000004885 ) ;
#1375 = CARTESIAN_POINT ( 'NONE',  ( 7.000000000000000000, 9.000000000000000000, -15.00000000000000000 ) ) ;
#1376 = DIRECTION ( 'NONE',  ( 0.000000000000000000, 0.000000000000000000, -1.000000000000000000 ) ) ;
#1377 = EDGE_CURVE ( 'NONE', #113, #131, #955, .T. ) ;
#1378 = DIRECTION ( 'NONE',  ( 0.000000000000000000, 1.000000000000000000, 0.000000000000000000 ) ) ;
#1379 = VECTOR ( 'NONE', #420, 1000.000000000000000 ) ;
#1380 = DIRECTION ( 'NONE',  ( -1.000000000000000000, 0.000000000000000000, 0.000000000000000000 ) ) ;
#1381 = DIRECTION ( 'NONE',  ( -1.000000000000000000, 0.000000000000000000, -0.000000000000000000 ) ) ;
#1382 = EDGE_CURVE ( 'NONE', #52, #220, #1116, .T. ) ;
#1383 = DIRECTION ( 'NONE',  ( -0.000000000000000000, -0.000000000000000000, -1.000000000000000000 ) ) ;
#1384 = ADVANCED_FACE ( 'NONE', ( #547 ), #797, .T. ) ;
#1385 = DIRECTION ( 'NONE',  ( -1.000000000000000000, -7.885106708985481638E-17, 0.000000000000000000 ) ) ;
#1386 = CARTESIAN_POINT ( 'NONE',  ( 3.000000000000000000, 16.00000000000000000, 0.000000000000000000 ) ) ;
#1387 = VECTOR ( 'NONE', #615, 1000.000000000000000 ) ;
#1388 = DIRECTION ( 'NONE',  ( 0.000000000000000000, 0.000000000000000000, 1.000000000000000000 ) ) ;
#1389 = CYLINDRICAL_SURFACE ( 'NONE', #11, 1.500000000000004885 ) ;
#1390 = ADVANCED_FACE ( 'NONE', ( #791 ), #1029, .F. ) ;
#1391 = CARTESIAN_POINT ( 'NONE',  ( 5.000000000000000000, 12.00000000000000000, -12.00000000000000000 ) ) ;
#1392 = CARTESIAN_POINT ( 'NONE',  ( 3.000000000000000000, 9.999999999999998224, -15.00000000000000000 ) ) ;
#1393 = AXIS2_PLACEMENT_3D ( 'NONE', #60, #431, #1414 ) ;
#1394 = B_SPLINE_CURVE_WITH_KNOTS ( 'NONE', 3,
 ( #882, #1013, #1505, #143, #875, #21, #509, #1007 ),
 .UNSPECIFIED., .F., .F.,
 ( 4, 2, 2, 4 ),
 ( 0.000000000000000000, 0.0003388384042951993668, 0.0006776768085903987337, 0.001355353617180799636 ),
 .UNSPECIFIED. ) ;
#1395 = EDGE_CURVE ( 'NONE', #1114, #569, #1156, .T. ) ;
#1396 = CARTESIAN_POINT ( 'NONE',  ( 9.000000000000000000, 13.99999999999999822, 0.000000000000000000 ) ) ;
#1397 = CARTESIAN_POINT ( 'NONE',  ( 3.881966011250100212, 10.85544768577404540, -12.00000000000000000 ) ) ;
#1398 = DIRECTION ( 'NONE',  ( -1.000000000000000000, 0.000000000000000000, 0.000000000000000000 ) ) ;
#1399 = ORIENTED_EDGE ( 'NONE', *, *, #1231, .F. ) ;
#1400 = ADVANCED_FACE ( 'NONE', ( #514 ), #1409, .F. ) ;
#1401 = DIRECTION ( 'NONE',  ( -1.000000000000000000, 0.000000000000000000, 0.000000000000000000 ) ) ;
#1402 = EDGE_CURVE ( 'NONE', #819, #1325, #311, .T. ) ;
#1403 = CARTESIAN_POINT ( 'NONE',  ( 1.000000000000000000, 1.000000000000000000, 1.000000000000000000 ) ) ;
#1404 =( LENGTH_UNIT ( ) NAMED_UNIT ( * ) SI_UNIT ( .MILLI., .METRE. ) );
#1405 = AXIS2_PLACEMENT_3D ( 'NONE', #718, #938, #931 ) ;
#1406 = ORIENTED_EDGE ( 'NONE', *, *, #1270, .T. ) ;
#1407 = CARTESIAN_POINT ( 'NONE',  ( 9.000000000000000000, 18.99999999999999645, 0.000000000000000000 ) ) ;
#1408 = CARTESIAN_POINT ( 'NONE',  ( 1.000000000000000000, 19.99999999999999645, 28.99999999999999645 ) ) ;
#1409 = PLANE ( 'NONE',  #887 ) ;
#1410 = CIRCLE ( 'NONE', #31, 1.000000000000000888 ) ;
#1411 = ORIENTED_EDGE ( 'NONE', *, *, #1061, .T. ) ;
#1412 = LINE ( 'NONE', #582, #225 ) ;
#1413 = MANIFOLD_SOLID_BREP ( '\X2\52079664\X0\-\X2\62c94f38\X0\3', #734 ) ;
#1414 = DIRECTION ( 'NONE',  ( 0.000000000000000000, 0.000000000000000000, -1.000000000000000000 ) ) ;
#1415 = DIRECTION ( 'NONE',  ( 1.000000000000000000, 0.000000000000000000, -0.000000000000000000 ) ) ;
#1416 = AXIS2_PLACEMENT_3D ( 'NONE', #1036, #1494, #1488 ) ;
#1417 = ORIENTED_EDGE ( 'NONE', *, *, #90, .F. ) ;
#1418 = AXIS2_PLACEMENT_3D ( 'NONE', #890, #770, #1260 ) ;
#1419 = CIRCLE ( 'NONE', #660, 1.000000000000000000 ) ;
#1420 = AXIS2_PLACEMENT_3D ( 'NONE', #394, #529, #28 ) ;
#1421 = DIRECTION ( 'NONE',  ( 1.000000000000000000, 0.000000000000000000, 0.000000000000000000 ) ) ;
#1422 = EDGE_CURVE ( 'NONE', #1079, #523, #669, .T. ) ;
#1423 = LINE ( 'NONE', #74, #675 ) ;
#1424 = LINE ( 'NONE', #85, #167 ) ;
#1425 = ORIENTED_EDGE ( 'NONE', *, *, #191, .T. ) ;
#1426 = ORIENTED_EDGE ( 'NONE', *, *, #1544, .F. ) ;
#1427 = ORIENTED_EDGE ( 'NONE', *, *, #536, .F. ) ;
#1428 = DIRECTION ( 'NONE',  ( -1.000000000000000000, 0.000000000000000000, 0.000000000000000000 ) ) ;
#1429 = CARTESIAN_POINT ( 'NONE',  ( 6.054347296970335357, 13.20676343830965216, -12.07120388604059080 ) ) ;
#1430 = EDGE_LOOP ( 'NONE', ( #684, #598, #87, #293 ) ) ;
#1431 = VERTEX_POINT ( 'NONE', #555 ) ;
#1432 = EDGE_LOOP ( 'NONE', ( #1474, #1451, #1438 ) ) ;
#1433 = DIRECTION ( 'NONE',  ( 0.000000000000000000, -1.000000000000000000, 0.000000000000000000 ) ) ;
#1434 = ORIENTED_EDGE ( 'NONE', *, *, #419, .T. ) ;
#1435 = CARTESIAN_POINT ( 'NONE',  ( 9.000000000000001776, 18.99999999999999645, 28.99999999999999645 ) ) ;
#1436 = CARTESIAN_POINT ( 'NONE',  ( 10.00000000000000000, 19.99999999999999645, 28.99999999999999645 ) ) ;
#1437 = CIRCLE ( 'NONE', #953, 1.000000000000000888 ) ;
#1438 = ORIENTED_EDGE ( 'NONE', *, *, #185, .F. ) ;
#1439 = DIRECTION ( 'NONE',  ( 0.000000000000000000, 0.000000000000000000, 1.000000000000000000 ) ) ;
#1440 = ORIENTED_EDGE ( 'NONE', *, *, #1402, .F. ) ;
#1441 = AXIS2_PLACEMENT_3D ( 'NONE', #802, #1415, #810 ) ;
#1442 = ORIENTED_EDGE ( 'NONE', *, *, #1377, .F. ) ;
#1443 = CARTESIAN_POINT ( 'NONE',  ( 8.000000000000000000, 15.00000000000000000, -15.00000000000000000 ) ) ;
#1444 = CIRCLE ( 'NONE', #1571, 1.000000000000000888 ) ;
#1445 = ORIENTED_EDGE ( 'NONE', *, *, #316, .T. ) ;
#1446 = DIRECTION ( 'NONE',  ( -1.000000000000000000, 0.000000000000000000, 0.000000000000000000 ) ) ;
#1447 = DIRECTION ( 'NONE',  ( -0.000000000000000000, -0.000000000000000000, 1.000000000000000000 ) ) ;
#1448 = VECTOR ( 'NONE', #1504, 1000.000000000000000 ) ;
#1449 = EDGE_LOOP ( 'NONE', ( #234, #245, #998 ) ) ;
#1450 = DIRECTION ( 'NONE',  ( 1.000000000000000000, -0.000000000000000000, 0.000000000000000000 ) ) ;
#1451 = ORIENTED_EDGE ( 'NONE', *, *, #691, .T. ) ;
#1452 = ORIENTED_EDGE ( 'NONE', *, *, #980, .T. ) ;
#1453 = CARTESIAN_POINT ( 'NONE',  ( 6.599999999999999645, 12.00000000000000000, -12.00000000000000000 ) ) ;
#1454 = ORIENTED_EDGE ( 'NONE', *, *, #653, .T. ) ;
#1455 = CARTESIAN_POINT ( 'NONE',  ( 1.000000000000000000, 9.999999999999998224, -1.000000000000000000 ) ) ;
#1456 = AXIS2_PLACEMENT_3D ( 'NONE', #969, #1003, #853 ) ;
#1457 = ORIENTED_EDGE ( 'NONE', *, *, #1512, .F. ) ;
#1458 = DIRECTION ( 'NONE',  ( 0.000000000000000000, 0.000000000000000000, 1.000000000000000000 ) ) ;
#1459 = AXIS2_PLACEMENT_3D ( 'NONE', #1354, #743, #27 ) ;
#1460 = ORIENTED_EDGE ( 'NONE', *, *, #1231, .T. ) ;
#1461 = DIRECTION ( 'NONE',  ( -0.000000000000000000, -0.000000000000000000, -1.000000000000000000 ) ) ;
#1462 = DIRECTION ( 'NONE',  ( 0.000000000000000000, 1.000000000000000000, 0.000000000000000000 ) ) ;
#1463 = ORIENTED_EDGE ( 'NONE', *, *, #1351, .T. ) ;
#1464 = EDGE_CURVE ( 'NONE', #1339, #1569, #215, .T. ) ;
#1465 = FACE_OUTER_BOUND ( 'NONE', #1308, .T. ) ;
#1466 = AXIS2_PLACEMENT_3D ( 'NONE', #1115, #790, #285 ) ;
#1467 = VERTEX_POINT ( 'NONE', #55 ) ;
#1468 = DIRECTION ( 'NONE',  ( -1.000000000000000000, 0.000000000000000000, -8.673617379884043361E-16 ) ) ;
#1469 = ADVANCED_FACE ( 'NONE', ( #994 ), #1529, .F. ) ;
#1470 = CIRCLE ( 'NONE', #989, 1.000000000000000888 ) ;
#1471 = DIRECTION ( 'NONE',  ( 0.000000000000000000, -1.000000000000000000, 0.000000000000000000 ) ) ;
#1472 = CYLINDRICAL_SURFACE ( 'NONE', #1055, 1.000000000000000000 ) ;
#1473 = EDGE_CURVE ( 'NONE', #1157, #108, #881, .T. ) ;
#1474 = ORIENTED_EDGE ( 'NONE', *, *, #664, .T. ) ;
#1475 = CARTESIAN_POINT ( 'NONE',  ( 9.000000000000001776, 9.999999999999998224, 0.000000000000000000 ) ) ;
#1476 = AXIS2_PLACEMENT_3D ( 'NONE', #1525, #1120, #291 ) ;
#1477 = VECTOR ( 'NONE', #1567, 1000.000000000000000 ) ;
#1478 = ORIENTED_EDGE ( 'NONE', *, *, #741, .T. ) ;
#1479 = CARTESIAN_POINT ( 'NONE',  ( 9.000000000000001776, 1.000000000000000000, 28.99999999999999645 ) ) ;
#1480 = SPHERICAL_SURFACE ( 'NONE', #1104, 1.000000000000000000 ) ;
#1481 = FILL_AREA_STYLE ('',( #426 ) ) ;
#1482 = PLANE ( 'NONE',  #1220 ) ;
#1483 = CARTESIAN_POINT ( 'NONE',  ( 8.000000000000000000, 9.999999999999998224, -1.000000000000000000 ) ) ;
#1484 = VERTEX_POINT ( 'NONE', #399 ) ;
#1485 = CARTESIAN_POINT ( 'NONE',  ( 3.400000000000000355, 12.00000000000000000, -12.00000000000000000 ) ) ;
#1486 = EDGE_CURVE ( 'NONE', #562, #113, #729, .T. ) ;
#1487 = CARTESIAN_POINT ( 'NONE',  ( 5.000000000000000000, 10.39999999999999680, -12.50000000000000711 ) ) ;
#1488 = DIRECTION ( 'NONE',  ( 0.000000000000000000, 0.000000000000000000, -1.000000000000000000 ) ) ;
#1489 = ORIENTED_EDGE ( 'NONE', *, *, #402, .F. ) ;
#1490 = CARTESIAN_POINT ( 'NONE',  ( 9.000000000000001776, -7.885106708985487801E-17, 1.000000000000000888 ) ) ;
#1491 = ADVANCED_FACE ( 'NONE', ( #196 ), #401, .F. ) ;
#1492 = DIRECTION ( 'NONE',  ( -1.000000000000000000, 0.000000000000000000, 0.000000000000000000 ) ) ;
#1493 = DIRECTION ( 'NONE',  ( -0.000000000000000000, -0.000000000000000000, 1.000000000000000000 ) ) ;
#1494 = DIRECTION ( 'NONE',  ( -0.000000000000000000, 1.000000000000000000, -0.000000000000000000 ) ) ;
#1495 = CARTESIAN_POINT ( 'NONE',  ( 9.000000000000001776, 7.096596038086939637E-16, 28.99999999999999645 ) ) ;
#1496 = CARTESIAN_POINT ( 'NONE',  ( 3.000000000000000000, 8.000000000000000000, 0.000000000000000000 ) ) ;
#1497 = LINE ( 'NONE', #424, #152 ) ;
#1498 = VECTOR ( 'NONE', #1303, 1000.000000000000000 ) ;
#1499 = EDGE_CURVE ( 'NONE', #793, #1299, #438, .T. ) ;
#1500 = VECTOR ( 'NONE', #344, 1000.000000000000000 ) ;
#1501 = AXIS2_PLACEMENT_3D ( 'NONE', #603, #339, #1439 ) ;
#1502 = LINE ( 'NONE', #389, #436 ) ;
#1503 = AXIS2_PLACEMENT_3D ( 'NONE', #1243, #650, #515 ) ;
#1504 = DIRECTION ( 'NONE',  ( -7.885106708985487801E-17, 1.000000000000000000, 0.000000000000000000 ) ) ;
#1505 = CARTESIAN_POINT ( 'NONE',  ( 4.016655426625514558, 13.26579281975649671, -12.13704320198974784 ) ) ;
#1506 = VECTOR ( 'NONE', #949, 1000.000000000000000 ) ;
#1507 = LINE ( 'NONE', #531, #604 ) ;
#1508 = CARTESIAN_POINT ( 'NONE',  ( 3.000000000000000000, 16.00000000000000000, -1.000000000000000000 ) ) ;
#1509 = PLANE ( 'NONE',  #335 ) ;
#1510 = DIRECTION ( 'NONE',  ( 1.000000000000000000, -0.000000000000000000, -0.000000000000000000 ) ) ;
#1511 = CARTESIAN_POINT ( 'NONE',  ( 7.000000000000000000, 9.999999999999998224, -15.00000000000000000 ) ) ;
#1512 = EDGE_CURVE ( 'NONE', #1324, #1153, #1424, .T. ) ;
#1513 = CARTESIAN_POINT ( 'NONE',  ( 0.000000000000000000, 1.000000000000000000, 28.99999999999999645 ) ) ;
#1514 = CARTESIAN_POINT ( 'NONE',  ( 7.000000000000000000, 13.99999999999999822, -15.00000000000000000 ) ) ;
#1515 = CARTESIAN_POINT ( 'NONE',  ( 5.000000000000000000, 12.00000000000000000, -12.00000000000000000 ) ) ;
#1516 = EDGE_CURVE ( 'NONE', #478, #605, #38, .T. ) ;
#1517 = ORIENTED_EDGE ( 'NONE', *, *, #8, .F. ) ;
#1518 = EDGE_CURVE ( 'NONE', #439, #1209, #423, .T. ) ;
#1519 = SHAPE_DEFINITION_REPRESENTATION ( #494, #1019 ) ;
#1520 = EDGE_CURVE ( 'NONE', #705, #455, #682, .T. ) ;
#1521 = DIRECTION ( 'NONE',  ( -0.000000000000000000, -0.000000000000000000, -1.000000000000000000 ) ) ;
#1522 = AXIS2_PLACEMENT_3D ( 'NONE', #41, #537, #1018 ) ;
#1523 = AXIS2_PLACEMENT_3D ( 'NONE', #310, #1298, #934 ) ;
#1524 = DIRECTION ( 'NONE',  ( 0.000000000000000000, 0.000000000000000000, 1.000000000000000000 ) ) ;
#1525 = CARTESIAN_POINT ( 'NONE',  ( 0.000000000000000000, 18.99999999999999645, 1.000000000000000000 ) ) ;
#1526 = EDGE_LOOP ( 'NONE', ( #56, #1572, #965, #835 ) ) ;
#1527 = CARTESIAN_POINT ( 'NONE',  ( 7.000000000000000000, 13.99999999999999822, -14.00000000000000000 ) ) ;
#1528 = DIRECTION ( 'NONE',  ( 0.000000000000000000, 0.000000000000000000, -1.000000000000000000 ) ) ;
#1529 = CYLINDRICAL_SURFACE ( 'NONE', #1009, 1.500000000000004885 ) ;
#1530 = VECTOR ( 'NONE', #66, 1000.000000000000000 ) ;
#1531 = VECTOR ( 'NONE', #315, 1000.000000000000000 ) ;
#1532 = EDGE_CURVE ( 'NONE', #1, #100, #442, .T. ) ;
#1533 = EDGE_LOOP ( 'NONE', ( #206, #1478, #78, #1090 ) ) ;
#1534 = CARTESIAN_POINT ( 'NONE',  ( 7.000000000000000000, 13.99999999999999822, -0.9999999999999991118 ) ) ;
#1535 = CIRCLE ( 'NONE', #493, 1.000000000000000888 ) ;
#1536 = CARTESIAN_POINT ( 'NONE',  ( 5.825651330662375393, 13.37385146706724548, -12.25622547777118498 ) ) ;
#1537 = DIRECTION ( 'NONE',  ( -0.000000000000000000, -0.000000000000000000, 1.000000000000000000 ) ) ;
#1538 = EDGE_CURVE ( 'NONE', #476, #1157, #927, .T. ) ;
#1539 = AXIS2_PLACEMENT_3D ( 'NONE', #773, #1366, #406 ) ;
#1540 = ORIENTED_EDGE ( 'NONE', *, *, #830, .F. ) ;
#1541 = ADVANCED_FACE ( 'NONE', ( #1291 ), #1181, .T. ) ;
#1542 = DIRECTION ( 'NONE',  ( 1.000000000000000000, 0.000000000000000000, 0.000000000000000000 ) ) ;
#1543 = CARTESIAN_POINT ( 'NONE',  ( 5.000000000000000000, 9.000000000000000000, -11.00000000000000000 ) ) ;
#1544 = EDGE_CURVE ( 'NONE', #1005, #701, #1175, .T. ) ;
#1545 = DIRECTION ( 'NONE',  ( 0.000000000000000000, 0.000000000000000000, -1.000000000000000000 ) ) ;
#1546 = ORIENTED_EDGE ( 'NONE', *, *, #501, .T. ) ;
#1547 = EDGE_LOOP ( 'NONE', ( #237, #463, #1173 ) ) ;
#1548 = ORIENTED_EDGE ( 'NONE', *, *, #1059, .T. ) ;
#1549 = DIRECTION ( 'NONE',  ( 1.000000000000000000, 0.000000000000000000, 0.000000000000000000 ) ) ;
#1550 = DIRECTION ( 'NONE',  ( 1.000000000000000000, 0.000000000000000000, 0.000000000000000000 ) ) ;
#1551 = VERTEX_POINT ( 'NONE', #695 ) ;
#1552 = ORIENTED_EDGE ( 'NONE', *, *, #620, .F. ) ;
#1553 = ORIENTED_EDGE ( 'NONE', *, *, #1171, .F. ) ;
#1554 = LINE ( 'NONE', #489, #373 ) ;
#1555 = DIRECTION ( 'NONE',  ( 0.000000000000000000, 0.000000000000000000, 1.000000000000000000 ) ) ;
#1556 = LINE ( 'NONE', #458, #1506 ) ;
#1557 = ORIENTED_EDGE ( 'NONE', *, *, #1518, .T. ) ;
#1558 = DIRECTION ( 'NONE',  ( -1.000000000000000000, 0.000000000000000000, -0.000000000000000000 ) ) ;
#1559 = ORIENTED_EDGE ( 'NONE', *, *, #351, .F. ) ;
#1560 = ORIENTED_EDGE ( 'NONE', *, *, #508, .T. ) ;
#1561 = DIRECTION ( 'NONE',  ( 0.000000000000000000, 0.000000000000000000, -1.000000000000000000 ) ) ;
#1562 = VERTEX_POINT ( 'NONE', #795 ) ;
#1563 = FACE_OUTER_BOUND ( 'NONE', #758, .T. ) ;
#1564 = DIRECTION ( 'NONE',  ( -1.000000000000000000, 0.000000000000000000, 0.000000000000000000 ) ) ;
#1565 = AXIS2_PLACEMENT_3D ( 'NONE', #1392, #1271, #1401 ) ;
#1566 = ORIENTED_EDGE ( 'NONE', *, *, #1092, .F. ) ;
#1567 = DIRECTION ( 'NONE',  ( 0.000000000000000000, 0.000000000000000000, -1.000000000000000000 ) ) ;
#1568 = VERTEX_POINT ( 'NONE', #80 ) ;
#1569 = VERTEX_POINT ( 'NONE', #571 ) ;
#1570 = CARTESIAN_POINT ( 'NONE',  ( 5.227659763290554373, 10.39999999999999503, -12.50000000000001243 ) ) ;
#1571 = AXIS2_PLACEMENT_3D ( 'NONE', #101, #465, #1346 ) ;
#1572 = ORIENTED_EDGE ( 'NONE', *, *, #180, .T. ) ;
#1573 = DIRECTION ( 'NONE',  ( -1.000000000000000000, 0.000000000000000000, 0.000000000000000000 ) ) ;
#1574 = DIRECTION ( 'NONE',  ( 0.000000000000000000, -0.000000000000000000, 1.000000000000000000 ) ) ;
#1575 = CIRCLE ( 'NONE', #891, 1.500000000000004885 ) ;
#1576 = EDGE_LOOP ( 'NONE', ( #1174, #968, #1552, #956 ) ) ;
#1577 = DIRECTION ( 'NONE',  ( 0.000000000000000000, 0.000000000000000000, -1.000000000000000000 ) ) ;
#1578 = ORIENTED_EDGE ( 'NONE', *, *, #255, .T. ) ;
#1579 = EDGE_LOOP ( 'NONE', ( #1031, #848, #228, #1073 ) ) ;
#1580 = DIRECTION ( 'NONE',  ( 0.000000000000000000, 0.000000000000000000, 1.000000000000000000 ) ) ;
#1581 = DIRECTION ( 'NONE',  ( -0.000000000000000000, 0.000000000000000000, -1.000000000000000000 ) ) ;
#1582 = EDGE_LOOP ( 'NONE', ( #192, #863, #928, #1457 ) ) ;
#1583 = DIRECTION ( 'NONE',  ( 0.000000000000000000, -1.000000000000000000, 0.000000000000000000 ) ) ;
#1584 = CIRCLE ( 'NONE', #895, 1.000000000000000000 ) ;
ENDSEC;
END-ISO-10303-21;
