ISO-10303-21;
HEADER;
FILE_DESCRIPTION (( 'STEP AP214' ),
    '1' );
FILE_NAME ('fingerpart_3.STEP',
    '2026-04-16T15:45:30',
    ( '' ),
    ( '' ),
    'SwSTEP 2.0',
    'SolidWorks 2026',
    '' );
FILE_SCHEMA (( 'AUTOMOTIVE_DESIGN' ));
ENDSEC;

DATA;
#1 = CARTESIAN_POINT ( 'NONE',  ( 0.9999999999999993339, 18.45941494197473531, 5.000000000000000000 ) ) ;
#2 = CIRCLE ( 'NONE', #511, 1.500000000000001332 ) ;
#3 = ORIENTED_EDGE ( 'NONE', *, *, #59, .T. ) ;
#4 = ORIENTED_EDGE ( 'NONE', *, *, #1049, .F. ) ;
#5 = DIRECTION ( 'NONE',  ( -1.000000000000000000, 0.000000000000000000, 0.000000000000000000 ) ) ;
#6 = CARTESIAN_POINT ( 'NONE',  ( 31.50000000000000000, 19.00000000000000000, 0.000000000000000000 ) ) ;
#7 = DIRECTION ( 'NONE',  ( 1.734723475976806848E-16, 1.000000000000000000, 0.000000000000000000 ) ) ;
#8 = DIRECTION ( 'NONE',  ( -7.228014483236695816E-17, -1.000000000000000000, -0.000000000000000000 ) ) ;
#9 = LINE ( 'NONE', #794, #1424 ) ;
#10 = ORIENTED_EDGE ( 'NONE', *, *, #691, .T. ) ;
#11 = ORIENTED_EDGE ( 'NONE', *, *, #1515, .T. ) ;
#12 = FACE_OUTER_BOUND ( 'NONE', #1141, .T. ) ;
#13 = FACE_OUTER_BOUND ( 'NONE', #910, .T. ) ;
#14 = ORIENTED_EDGE ( 'NONE', *, *, #879, .T. ) ;
#15 = DIRECTION ( 'NONE',  ( 0.000000000000000000, 0.000000000000000000, -1.000000000000000000 ) ) ;
#16 = CARTESIAN_POINT ( 'NONE',  ( 12.00000000000000000, 15.00000000000000178, 0.000000000000000000 ) ) ;
#17 = ORIENTED_EDGE ( 'NONE', *, *, #1319, .F. ) ;
#18 = VERTEX_POINT ( 'NONE', #1277 ) ;
#19 = EDGE_CURVE ( 'NONE', #829, #807, #1295, .T. ) ;
#20 = VECTOR ( 'NONE', #515, 1000.000000000000000 ) ;
#21 = AXIS2_PLACEMENT_3D ( 'NONE', #291, #48, #1367 ) ;
#22 = DIRECTION ( 'NONE',  ( 1.000000000000000000, 0.000000000000000000, 0.000000000000000000 ) ) ;
#23 = AXIS2_PLACEMENT_3D ( 'NONE', #804, #1306, #1181 ) ;
#24 = DIRECTION ( 'NONE',  ( 1.000000000000000000, -0.000000000000000000, -0.000000000000000000 ) ) ;
#25 = ORIENTED_EDGE ( 'NONE', *, *, #743, .T. ) ;
#26 = AXIS2_PLACEMENT_3D ( 'NONE', #1394, #191, #317 ) ;
#27 = DIRECTION ( 'NONE',  ( 0.000000000000000000, 0.000000000000000000, -1.000000000000000000 ) ) ;
#28 = DIRECTION ( 'NONE',  ( 1.000000000000000000, -8.673617379884035472E-16, 0.000000000000000000 ) ) ;
#29 = AXIS2_PLACEMENT_3D ( 'NONE', #1560, #240, #233 ) ;
#30 = ORIENTED_EDGE ( 'NONE', *, *, #743, .F. ) ;
#31 = EDGE_CURVE ( 'NONE', #1066, #839, #1327, .T. ) ;
#32 = CARTESIAN_POINT ( 'NONE',  ( 1.000000000000000000, 18.45941494197473176, 6.000000000000000000 ) ) ;
#33 = ORIENTED_EDGE ( 'NONE', *, *, #485, .F. ) ;
#34 = CARTESIAN_POINT ( 'NONE',  ( 5.049385782504947073, -1.446162091011897299, 4.549262221086331159 ) ) ;
#35 = CARTESIAN_POINT ( 'NONE',  ( 9.999999999999994671, 1.734723475976806848E-16, 0.000000000000000000 ) ) ;
#36 = DIRECTION ( 'NONE',  ( -1.000000000000000000, 0.000000000000000000, -0.000000000000000000 ) ) ;
#37 = DIRECTION ( 'NONE',  ( -1.000000000000000000, 1.734723475976806848E-16, 0.000000000000000000 ) ) ;
#38 = ORIENTED_EDGE ( 'NONE', *, *, #1602, .T. ) ;
#39 = CARTESIAN_POINT ( 'NONE',  ( 28.00000000000000000, 19.99999999999999645, 3.000000000000000000 ) ) ;
#40 = ORIENTED_EDGE ( 'NONE', *, *, #774, .T. ) ;
#41 = DIRECTION ( 'NONE',  ( 0.000000000000000000, 1.000000000000000000, 0.000000000000000000 ) ) ;
#42 = CARTESIAN_POINT ( 'NONE',  ( 5.499999999999994671, 19.99999999999999645, 1.000000000000000000 ) ) ;
#43 = EDGE_CURVE ( 'NONE', #693, #724, #1448, .T. ) ;
#44 = ORIENTED_EDGE ( 'NONE', *, *, #1073, .T. ) ;
#45 = FACE_OUTER_BOUND ( 'NONE', #1689, .T. ) ;
#46 = ORIENTED_EDGE ( 'NONE', *, *, #351, .T. ) ;
#47 = AXIS2_PLACEMENT_3D ( 'NONE', #1648, #1493, #847 ) ;
#48 = DIRECTION ( 'NONE',  ( 0.000000000000000000, 0.000000000000000000, -1.000000000000000000 ) ) ;
#49 = AXIS2_PLACEMENT_3D ( 'NONE', #1587, #242, #114 ) ;
#50 = ADVANCED_FACE ( 'NONE', ( #1678 ), #1395, .T. ) ;
#51 = EDGE_LOOP ( 'NONE', ( #465, #1186, #1398, #1254 ) ) ;
#52 = AXIS2_PLACEMENT_3D ( 'NONE', #975, #704, #1499 ) ;
#53 = ORIENTED_EDGE ( 'NONE', *, *, #340, .T. ) ;
#54 = CIRCLE ( 'NONE', #871, 1.000000000000000000 ) ;
#55 = CARTESIAN_POINT ( 'NONE',  ( 12.00000000000000000, 14.00000000000000000, 5.000000000000000000 ) ) ;
#56 = DIRECTION ( 'NONE',  ( 1.000000000000000000, 0.000000000000000000, 0.000000000000000000 ) ) ;
#57 = DIRECTION ( 'NONE',  ( -1.000000000000000000, 0.000000000000000000, 0.000000000000000000 ) ) ;
#58 = ORIENTED_EDGE ( 'NONE', *, *, #111, .T. ) ;
#59 = EDGE_CURVE ( 'NONE', #345, #372, #99, .T. ) ;
#60 = VERTEX_POINT ( 'NONE', #1159 ) ;
#61 = EDGE_CURVE ( 'NONE', #650, #275, #1543, .T. ) ;
#62 = ORIENTED_EDGE ( 'NONE', *, *, #1198, .F. ) ;
#63 = DIRECTION ( 'NONE',  ( -0.000000000000000000, 1.000000000000000000, -0.000000000000000000 ) ) ;
#64 = DIRECTION ( 'NONE',  ( 0.000000000000000000, 0.000000000000000000, -1.000000000000000000 ) ) ;
#65 = DIRECTION ( 'NONE',  ( 1.000000000000000000, 0.000000000000000000, 0.000000000000000000 ) ) ;
#66 = DIRECTION ( 'NONE',  ( 0.000000000000000000, 0.000000000000000000, -1.000000000000000000 ) ) ;
#67 = DIRECTION ( 'NONE',  ( 0.000000000000000000, 0.000000000000000000, -1.000000000000000000 ) ) ;
#68 = EDGE_CURVE ( 'NONE', #406, #415, #220, .T. ) ;
#69 = EDGE_CURVE ( 'NONE', #70, #275, #385, .T. ) ;
#70 = VERTEX_POINT ( 'NONE', #1411 ) ;
#71 = ORIENTED_EDGE ( 'NONE', *, *, #1243, .F. ) ;
#72 = DIRECTION ( 'NONE',  ( -0.8888888888888895057, -0.4581228472908503435, 1.541976423090496225E-15 ) ) ;
#73 = CARTESIAN_POINT ( 'NONE',  ( 5.500000000000000000, -1.000000000000000000, 3.000000000000000000 ) ) ;
#74 = CIRCLE ( 'NONE', #1614, 1.600000000000000311 ) ;
#75 = CARTESIAN_POINT ( 'NONE',  ( 30.50000000000000000, 20.00000000000000000, 6.000000000000000000 ) ) ;
#76 = VERTEX_POINT ( 'NONE', #908 ) ;
#77 = CIRCLE ( 'NONE', #564, 1.000000000000000000 ) ;
#78 = VECTOR ( 'NONE', #1483, 1000.000000000000000 ) ;
#79 = ORIENTED_EDGE ( 'NONE', *, *, #59, .F. ) ;
#80 = ORIENTED_EDGE ( 'NONE', *, *, #19, .F. ) ;
#81 = EDGE_CURVE ( 'NONE', #1140, #650, #760, .T. ) ;
#82 = AXIS2_PLACEMENT_3D ( 'NONE', #659, #1045, #909 ) ;
#83 = CARTESIAN_POINT ( 'NONE',  ( 8.019675660099673919, -4.888888888888889284, 5.000000000000000000 ) ) ;
#84 = ORIENTED_EDGE ( 'NONE', *, *, #944, .F. ) ;
#85 = DIRECTION ( 'NONE',  ( 0.000000000000000000, 0.000000000000000000, -1.000000000000000000 ) ) ;
#86 = ORIENTED_EDGE ( 'NONE', *, *, #774, .F. ) ;
#87 = ORIENTED_EDGE ( 'NONE', *, *, #463, .F. ) ;
#88 = DIRECTION ( 'NONE',  ( 1.000000000000000000, 0.000000000000000000, 0.000000000000000000 ) ) ;
#89 = FACE_OUTER_BOUND ( 'NONE', #643, .T. ) ;
#90 = EDGE_CURVE ( 'NONE', #722, #635, #1301, .T. ) ;
#91 = CARTESIAN_POINT ( 'NONE',  ( 27.57120388604059258, 18.20676343830966104, 4.054347296970328252 ) ) ;
#92 = LINE ( 'NONE', #222, #1210 ) ;
#93 = EDGE_LOOP ( 'NONE', ( #1036, #903, #86, #312 ) ) ;
#94 = ORIENTED_EDGE ( 'NONE', *, *, #1525, .T. ) ;
#95 = DIRECTION ( 'NONE',  ( 1.000000000000000000, -0.000000000000000000, -0.000000000000000000 ) ) ;
#96 = DIRECTION ( 'NONE',  ( 0.000000000000000000, -0.000000000000000000, -1.000000000000000000 ) ) ;
#97 = LINE ( 'NONE', #1708, #1119 ) ;
#98 = CARTESIAN_POINT ( 'NONE',  ( 12.00000000000000000, 14.00000000000000000, 0.000000000000000000 ) ) ;
#99 = CIRCLE ( 'NONE', #216, 1.600000000000000089 ) ;
#100 = EDGE_CURVE ( 'NONE', #1509, #1013, #741, .T. ) ;
#101 = CARTESIAN_POINT ( 'NONE',  ( 1.000000000000000000, 18.45941494197473176, 5.000000000000000000 ) ) ;
#102 = AXIS2_PLACEMENT_3D ( 'NONE', #519, #5, #661 ) ;
#103 = ORIENTED_EDGE ( 'NONE', *, *, #666, .T. ) ;
#104 = AXIS2_PLACEMENT_3D ( 'NONE', #1323, #125, #670 ) ;
#105 = FACE_OUTER_BOUND ( 'NONE', #261, .T. ) ;
#106 = AXIS2_PLACEMENT_3D ( 'NONE', #1465, #425, #272 ) ;
#107 = CARTESIAN_POINT ( 'NONE',  ( 6.483344573374481001, -1.137043201989749397, 1.734207180243499735 ) ) ;
#108 = CARTESIAN_POINT ( 'NONE',  ( 27.50000000000000000, 18.14455231422596171, 1.881966011250105097 ) ) ;
#109 = CARTESIAN_POINT ( 'NONE',  ( 27.94616209101189952, 18.54926222108633382, 2.549385782504944853 ) ) ;
#110 = DIRECTION ( 'NONE',  ( 1.000000000000000000, 0.000000000000000000, 0.000000000000000000 ) ) ;
#111 = EDGE_CURVE ( 'NONE', #636, #1396, #1719, .T. ) ;
#112 = EDGE_LOOP ( 'NONE', ( #1001, #956, #1554, #665 ) ) ;
#113 = EDGE_CURVE ( 'NONE', #275, #1384, #1052, .T. ) ;
#114 = DIRECTION ( 'NONE',  ( 1.000000000000000000, 0.000000000000000000, 0.000000000000000000 ) ) ;
#115 = CARTESIAN_POINT ( 'NONE',  ( 6.618033988749894014, -1.000000000000000000, 6.000000000000000000 ) ) ;
#116 = CARTESIAN_POINT ( 'NONE',  ( 2.500000000000000000, -4.000000000000000000, 5.000000000000000000 ) ) ;
#117 = DIRECTION ( 'NONE',  ( -7.228014483236695816E-17, -1.000000000000000000, 0.000000000000000000 ) ) ;
#118 = CARTESIAN_POINT ( 'NONE',  ( 3.438447187191171928, -4.000000000000000000, 5.000000000000000000 ) ) ;
#119 = B_SPLINE_CURVE_WITH_KNOTS ( 'NONE', 3,
 ( #1332, #1630, #1244, #1625, #577, #34, #431, #161 ),
 .UNSPECIFIED., .F., .F.,
 ( 4, 2, 2, 4 ),
 ( 0.000000000000000000, 0.0003388384042951982284, 0.0006776768085903964569, 0.001355353617180791613 ),
 .UNSPECIFIED. ) ;
#120 = ADVANCED_FACE ( 'NONE', ( #1204 ), #556, .F. ) ;
#121 = VERTEX_POINT ( 'NONE', #1729 ) ;
#122 = ADVANCED_FACE ( 'NONE', ( #924 ), #384, .T. ) ;
#123 = CARTESIAN_POINT ( 'NONE',  ( 12.00000000000000000, 13.00000000000000000, 1.000000000000000000 ) ) ;
#124 = DIRECTION ( 'NONE',  ( 1.000000000000000000, 1.445602896647339163E-16, -0.000000000000000000 ) ) ;
#125 = DIRECTION ( 'NONE',  ( -0.000000000000000000, 1.000000000000000000, -0.000000000000000000 ) ) ;
#126 = ORIENTED_EDGE ( 'NONE', *, *, #510, .T. ) ;
#127 = FACE_OUTER_BOUND ( 'NONE', #1274, .T. ) ;
#128 = DIRECTION ( 'NONE',  ( 0.000000000000000000, 1.000000000000000000, 0.000000000000000000 ) ) ;
#129 = AXIS2_PLACEMENT_3D ( 'NONE', #658, #1072, #1600 ) ;
#130 = ORIENTED_EDGE ( 'NONE', *, *, #374, .F. ) ;
#131 = VERTEX_POINT ( 'NONE', #530 ) ;
#132 = TOROIDAL_SURFACE ( 'NONE', #360, 4.499999999999998224, 1.000000000000000000 ) ;
#133 = CIRCLE ( 'NONE', #785, 1.000000000000000000 ) ;
#134 = CARTESIAN_POINT ( 'NONE',  ( 4.381966011250105097, -1.000000000000000000, 1.855447685774040067 ) ) ;
#135 = AXIS2_PLACEMENT_3D ( 'NONE', #817, #949, #289 ) ;
#136 = EDGE_CURVE ( 'NONE', #744, #304, #734, .T. ) ;
#137 = DIRECTION ( 'NONE',  ( -0.000000000000000000, -0.000000000000000000, -1.000000000000000000 ) ) ;
#138 = DIRECTION ( 'NONE',  ( -1.000000000000000000, 0.000000000000000000, 0.000000000000000000 ) ) ;
#139 = AXIS2_PLACEMENT_3D ( 'NONE', #118, #148, #690 ) ;
#140 = LINE ( 'NONE', #684, #1673 ) ;
#141 = AXIS2_PLACEMENT_3D ( 'NONE', #435, #1357, #190 ) ;
#142 = AXIS2_PLACEMENT_3D ( 'NONE', #571, #1260, #1640 ) ;
#143 = ORIENTED_EDGE ( 'NONE', *, *, #1136, .F. ) ;
#144 = ORIENTED_EDGE ( 'NONE', *, *, #796, .T. ) ;
#145 = FACE_BOUND ( 'NONE', #1628, .T. ) ;
#146 = CARTESIAN_POINT ( 'NONE',  ( 7.561552812808822743, -4.000000000000000000, 1.000000000000000000 ) ) ;
#147 = CYLINDRICAL_SURFACE ( 'NONE', #951, 1.000000000000000000 ) ;
#148 = DIRECTION ( 'NONE',  ( 0.8888888888888895057, -0.4581228472908503435, 0.000000000000000000 ) ) ;
#149 = EDGE_CURVE ( 'NONE', #445, #881, #273, .T. ) ;
#150 = UNCERTAINTY_MEASURE_WITH_UNIT (LENGTH_MEASURE( 1.000000000000000082E-05 ), #721, 'distance_accuracy_value', 'NONE');
#151 = ORIENTED_EDGE ( 'NONE', *, *, #958, .T. ) ;
#152 = EDGE_LOOP ( 'NONE', ( #195, #1134, #892 ) ) ;
#153 = DIRECTION ( 'NONE',  ( -0.000000000000000000, -1.000000000000000000, -0.000000000000000000 ) ) ;
#154 = CYLINDRICAL_SURFACE ( 'NONE', #1205, 1.600000000000000089 ) ;
#155 = CARTESIAN_POINT ( 'NONE',  ( 5.499999999999998224, 0.000000000000000000, 5.000000000000000000 ) ) ;
#156 = CARTESIAN_POINT ( 'NONE',  ( 5.500000000000000000, -1.000000000000000000, 1.399999999999999911 ) ) ;
#157 = EDGE_CURVE ( 'NONE', #616, #1126, #413, .T. ) ;
#158 = VERTEX_POINT ( 'NONE', #663 ) ;
#159 = CYLINDRICAL_SURFACE ( 'NONE', #1359, 1.499999999999999556 ) ;
#160 = AXIS2_PLACEMENT_3D ( 'NONE', #392, #797, #380 ) ;
#161 = CARTESIAN_POINT ( 'NONE',  ( 5.500000000000000000, -1.500000000000003775, 4.600000000000004086 ) ) ;
#162 = AXIS2_PLACEMENT_3D ( 'NONE', #679, #96, #647 ) ;
#163 = CARTESIAN_POINT ( 'NONE',  ( 6.999999999999999112, 1.836970198721029441E-16, 6.000000000000000000 ) ) ;
#164 = AXIS2_PLACEMENT_3D ( 'NONE', #1340, #921, #1473 ) ;
#165 = LINE ( 'NONE', #1123, #1676 ) ;
#166 = CARTESIAN_POINT ( 'NONE',  ( 7.561552812808823631, -4.000000000000000000, 6.000000000000000000 ) ) ;
#167 = AXIS2_PLACEMENT_3D ( 'NONE', #387, #819, #943 ) ;
#168 = ORIENTED_EDGE ( 'NONE', *, *, #319, .T. ) ;
#169 = EDGE_CURVE ( 'NONE', #366, #445, #1475, .T. ) ;
#170 = CARTESIAN_POINT ( 'NONE',  ( 5.499999999999998224, 0.000000000000000000, 1.000000000000000000 ) ) ;
#171 = VERTEX_POINT ( 'NONE', #284 ) ;
#172 = CARTESIAN_POINT ( 'NONE',  ( 29.50000000000000000, 19.00000000000000000, 1.000000000000000000 ) ) ;
#173 = CARTESIAN_POINT ( 'NONE',  ( 1.084202172485504434E-15, 15.00000000000000178, 5.000000000000000000 ) ) ;
#174 = CARTESIAN_POINT ( 'NONE',  ( 5.499999999999998224, 0.000000000000000000, 1.000000000000000000 ) ) ;
#175 = CARTESIAN_POINT ( 'NONE',  ( 29.50000000000000000, 15.00000000000000000, 1.000000000000000000 ) ) ;
#176 = PRODUCT_DEFINITION_SHAPE ( 'NONE', 'NONE',  #438 ) ;
#177 = ORIENTED_EDGE ( 'NONE', *, *, #1049, .T. ) ;
#178 = CARTESIAN_POINT ( 'NONE',  ( 5.500000000000000000, -1.000000000000000000, 4.599999999999999645 ) ) ;
#179 = ADVANCED_FACE ( 'NONE', ( #1457 ), #147, .T. ) ;
#180 = FACE_OUTER_BOUND ( 'NONE', #1596, .T. ) ;
#181 = DIRECTION ( 'NONE',  ( -1.000000000000000000, -1.445602896647339163E-16, 0.000000000000000000 ) ) ;
#182 = PLANE ( 'NONE',  #1564 ) ;
#183 = VERTEX_POINT ( 'NONE', #403 ) ;
#184 = ORIENTED_EDGE ( 'NONE', *, *, #1653, .F. ) ;
#185 = CARTESIAN_POINT ( 'NONE',  ( 3.438447187191171928, -4.000000000000000000, 1.000000000000000000 ) ) ;
#186 = EDGE_CURVE ( 'NONE', #1046, #693, #1188, .T. ) ;
#187 = DIRECTION ( 'NONE',  ( -1.000000000000000000, -0.000000000000000000, -0.000000000000000000 ) ) ;
#188 = AXIS2_PLACEMENT_3D ( 'NONE', #846, #822, #1372 ) ;
#189 = CIRCLE ( 'NONE', #362, 1.000000000000000000 ) ;
#190 = DIRECTION ( 'NONE',  ( -1.000000000000000000, 0.000000000000000000, 0.000000000000000000 ) ) ;
#191 = DIRECTION ( 'NONE',  ( -0.000000000000000000, 1.000000000000000000, 0.000000000000000000 ) ) ;
#192 = EDGE_CURVE ( 'NONE', #617, #763, #646, .T. ) ;
#193 = ORIENTED_EDGE ( 'NONE', *, *, #1684, .T. ) ;
#194 = CIRCLE ( 'NONE', #104, 1.000000000000000000 ) ;
#195 = ORIENTED_EDGE ( 'NONE', *, *, #629, .T. ) ;
#196 = CIRCLE ( 'NONE', #1619, 4.499999999999998224 ) ;
#197 = ORIENTED_EDGE ( 'NONE', *, *, #826, .F. ) ;
#198 = DIRECTION ( 'NONE',  ( 0.000000000000000000, 0.000000000000000000, -1.000000000000000000 ) ) ;
#199 = DIRECTION ( 'NONE',  ( -0.000000000000000000, -0.000000000000000000, -1.000000000000000000 ) ) ;
#200 = ADVANCED_FACE ( 'NONE', ( #127 ), #784, .F. ) ;
#201 = PRODUCT_CONTEXT ( 'NONE', #712, 'mechanical' ) ;
#202 = CYLINDRICAL_SURFACE ( 'NONE', #981, 1.000000000000000888 ) ;
#203 = CARTESIAN_POINT ( 'NONE',  ( 27.94580868547497587, 18.54893150789828837, 3.451689643260503981 ) ) ;
#204 = EDGE_CURVE ( 'NONE', #839, #722, #942, .T. ) ;
#205 = ORIENTED_EDGE ( 'NONE', *, *, #290, .F. ) ;
#206 = VERTEX_POINT ( 'NONE', #1464 ) ;
#207 = ORIENTED_EDGE ( 'NONE', *, *, #226, .F. ) ;
#208 = DIRECTION ( 'NONE',  ( -1.000000000000000000, 0.000000000000000000, 0.000000000000000000 ) ) ;
#209 = DIRECTION ( 'NONE',  ( -1.000000000000000000, 0.000000000000000000, 0.000000000000000000 ) ) ;
#210 = EDGE_LOOP ( 'NONE', ( #461, #861 ) ) ;
#211 = CARTESIAN_POINT ( 'NONE',  ( 5.500000000000000000, 0.000000000000000000, 0.000000000000000000 ) ) ;
#212 = EDGE_LOOP ( 'NONE', ( #984, #353, #1635, #4 ) ) ;
#213 = EDGE_CURVE ( 'NONE', #1082, #1418, #1214, .T. ) ;
#214 = EDGE_LOOP ( 'NONE', ( #1117, #1533, #1144, #1150 ) ) ;
#215 = ORIENTED_EDGE ( 'NONE', *, *, #1594, .F. ) ;
#216 = AXIS2_PLACEMENT_3D ( 'NONE', #1164, #1692, #1559 ) ;
#217 = FACE_BOUND ( 'NONE', #504, .T. ) ;
#218 = CARTESIAN_POINT ( 'NONE',  ( 27.50000000000000000, 17.00000000000000000, 1.399999999999999689 ) ) ;
#219 = CIRCLE ( 'NONE', #620, 1.600000000000000311 ) ;
#220 = LINE ( 'NONE', #623, #558 ) ;
#221 = VECTOR ( 'NONE', #1463, 1000.000000000000000 ) ;
#222 = CARTESIAN_POINT ( 'NONE',  ( 10.99999999999999645, 0.000000000000000000, 5.000000000000000000 ) ) ;
#223 = ORIENTED_EDGE ( 'NONE', *, *, #157, .T. ) ;
#224 = CIRCLE ( 'NONE', #925, 0.9999999999999993339 ) ;
#225 = VECTOR ( 'NONE', #1309, 1000.000000000000000 ) ;
#226 = EDGE_CURVE ( 'NONE', #1603, #1417, #1129, .T. ) ;
#227 = ORIENTED_EDGE ( 'NONE', *, *, #419, .F. ) ;
#228 = ORIENTED_EDGE ( 'NONE', *, *, #638, .F. ) ;
#229 = ADVANCED_FACE ( 'NONE', ( #705 ), #971, .T. ) ;
#230 = CARTESIAN_POINT ( 'NONE',  ( 5.500000000000000000, -1.500000000000003775, 1.399999999999996136 ) ) ;
#231 = DIRECTION ( 'NONE',  ( 0.000000000000000000, 1.000000000000000000, 0.000000000000000000 ) ) ;
#232 = CARTESIAN_POINT ( 'NONE',  ( 31.50000000000000000, 19.00000000000000000, 0.000000000000000000 ) ) ;
#233 = DIRECTION ( 'NONE',  ( 0.000000000000000000, -0.000000000000000000, -1.000000000000000000 ) ) ;
#234 = ORIENTED_EDGE ( 'NONE', *, *, #818, .F. ) ;
#235 = ORIENTED_EDGE ( 'NONE', *, *, #815, .F. ) ;
#236 = LINE ( 'NONE', #1299, #329 ) ;
#237 = EDGE_CURVE ( 'NONE', #609, #492, #695, .T. ) ;
#238 = FACE_OUTER_BOUND ( 'NONE', #1522, .T. ) ;
#239 = ORIENTED_EDGE ( 'NONE', *, *, #1028, .T. ) ;
#240 = DIRECTION ( 'NONE',  ( 0.000000000000000000, -1.000000000000000000, 0.000000000000000000 ) ) ;
#241 = ORIENTED_EDGE ( 'NONE', *, *, #1233, .F. ) ;
#242 = DIRECTION ( 'NONE',  ( 0.000000000000000000, 0.000000000000000000, 1.000000000000000000 ) ) ;
#243 = ADVANCED_FACE ( 'NONE', ( #1632 ), #1374, .T. ) ;
#244 = DIRECTION ( 'NONE',  ( -0.9715481548407755019, -0.2368421052631578816, 0.000000000000000000 ) ) ;
#245 = CARTESIAN_POINT ( 'NONE',  ( 0.000000000000000000, -4.000000000000000000, -0.000000000000000000 ) ) ;
#246 = CARTESIAN_POINT ( 'NONE',  ( 27.75660005901160332, 18.37419355538583687, 2.174899954630845400 ) ) ;
#247 = AXIS2_PLACEMENT_3D ( 'NONE', #613, #478, #540 ) ;
#248 = AXIS2_PLACEMENT_3D ( 'NONE', #1518, #187, #729 ) ;
#249 = LINE ( 'NONE', #506, #1256 ) ;
#250 = ADVANCED_FACE ( 'NONE', ( #315 ), #589, .T. ) ;
#251 = B_SPLINE_CURVE_WITH_KNOTS ( 'NONE', 3,
 ( #790, #667, #1041, #1597, #1197, #1314, #400, #134 ),
 .UNSPECIFIED., .F., .F.,
 ( 4, 2, 2, 4 ),
 ( 0.001355353617180791613, 0.002031162164330612037, 0.002369066437905520840, 0.002706970711480430076 ),
 .UNSPECIFIED. ) ;
#252 = CIRCLE ( 'NONE', #1563, 1.000000000000000888 ) ;
#253 = CIRCLE ( 'NONE', #1146, 1.000000000000000000 ) ;
#254 = EDGE_LOOP ( 'NONE', ( #1386, #573, #708, #493 ) ) ;
#255 = DIRECTION ( 'NONE',  ( -0.000000000000000000, -0.000000000000000000, 1.000000000000000000 ) ) ;
#256 = CARTESIAN_POINT ( 'NONE',  ( 12.00000000000000000, 13.00000000000000000, 0.000000000000000000 ) ) ;
#257 = CYLINDRICAL_SURFACE ( 'NONE', #135, 1.000000000000000000 ) ;
#258 = CARTESIAN_POINT ( 'NONE',  ( 27.81053237560812619, 15.57620169166835389, 2.262706663064639745 ) ) ;
#259 = DIRECTION ( 'NONE',  ( 1.000000000000000000, -0.000000000000000000, -0.000000000000000000 ) ) ;
#260 = EDGE_CURVE ( 'NONE', #650, #1253, #531, .T. ) ;
#261 = EDGE_LOOP ( 'NONE', ( #964, #606, #1298, #1467, #1537, #697, #968 ) ) ;
#262 = DIRECTION ( 'NONE',  ( 0.000000000000000000, -1.000000000000000000, 0.000000000000000000 ) ) ;
#263 = DIRECTION ( 'NONE',  ( -1.000000000000000000, 0.000000000000000000, 0.000000000000000000 ) ) ;
#264 = DIRECTION ( 'NONE',  ( 1.000000000000000000, 0.000000000000000000, 0.000000000000000000 ) ) ;
#265 = CARTESIAN_POINT ( 'NONE',  ( 28.00000000000000355, 18.60000000000000497, 3.000000000000000444 ) ) ;
#266 = CARTESIAN_POINT ( 'NONE',  ( 5.499999999999998224, 0.000000000000000000, 1.000000000000000000 ) ) ;
#267 = ORIENTED_EDGE ( 'NONE', *, *, #1434, .F. ) ;
#268 = CARTESIAN_POINT ( 'NONE',  ( 0.000000000000000000, 0.000000000000000000, 1.000000000000000000 ) ) ;
#269 = CARTESIAN_POINT ( 'NONE',  ( 10.99999999999999645, 0.000000000000000000, 6.000000000000000000 ) ) ;
#270 = CARTESIAN_POINT ( 'NONE',  ( 5.499999999999998224, 0.000000000000000000, 0.000000000000000000 ) ) ;
#271 = ORIENTED_EDGE ( 'NONE', *, *, #565, .F. ) ;
#272 = DIRECTION ( 'NONE',  ( -1.000000000000000000, 0.000000000000000000, 0.000000000000000000 ) ) ;
#273 = CIRCLE ( 'NONE', #889, 5.499999999999998224 ) ;
#274 = AXIS2_PLACEMENT_3D ( 'NONE', #585, #1112, #450 ) ;
#275 = VERTEX_POINT ( 'NONE', #714 ) ;
#276 = ORIENTED_EDGE ( 'NONE', *, *, #1653, .T. ) ;
#277 = AXIS2_PLACEMENT_3D ( 'NONE', #466, #998, #1268 ) ;
#278 = AXIS2_PLACEMENT_3D ( 'NONE', #1266, #63, #198 ) ;
#279 = DIRECTION ( 'NONE',  ( -0.000000000000000000, -1.000000000000000000, -0.000000000000000000 ) ) ;
#280 = EDGE_CURVE ( 'NONE', #1006, #492, #1245, .T. ) ;
#281 = DIRECTION ( 'NONE',  ( -1.000000000000000000, 0.000000000000000000, 0.000000000000000000 ) ) ;
#282 =( NAMED_UNIT ( * ) SI_UNIT ( $, .STERADIAN. ) SOLID_ANGLE_UNIT ( ) );
#283 = EDGE_LOOP ( 'NONE', ( #1236, #14, #390 ) ) ;
#284 = CARTESIAN_POINT ( 'NONE',  ( 0.000000000000000000, 0.000000000000000000, 1.000000000000000000 ) ) ;
#285 = AXIS2_PLACEMENT_3D ( 'NONE', #1668, #1679, #651 ) ;
#286 = ORIENTED_EDGE ( 'NONE', *, *, #1198, .T. ) ;
#287 = ORIENTED_EDGE ( 'NONE', *, *, #61, .T. ) ;
#288 = CARTESIAN_POINT ( 'NONE',  ( 12.00000000000000000, 14.00000000000000000, 1.000000000000000000 ) ) ;
#289 = DIRECTION ( 'NONE',  ( -1.000000000000000000, 0.000000000000000000, 0.000000000000000000 ) ) ;
#290 = EDGE_CURVE ( 'NONE', #881, #1202, #1031, .T. ) ;
#291 = CARTESIAN_POINT ( 'NONE',  ( 12.00000000000000000, 13.00000000000000000, 1.000000000000000000 ) ) ;
#292 = CARTESIAN_POINT ( 'NONE',  ( 4.000000000000000000, 0.000000000000000000, 6.000000000000000000 ) ) ;
#293 = EDGE_LOOP ( 'NONE', ( #1705, #685, #205, #1162 ) ) ;
#294 = ORIENTED_EDGE ( 'NONE', *, *, #1349, .F. ) ;
#295 = LINE ( 'NONE', #701, #1694 ) ;
#296 = VERTEX_POINT ( 'NONE', #569 ) ;
#297 = CYLINDRICAL_SURFACE ( 'NONE', #896, 1.000000000000000888 ) ;
#298 = DIRECTION ( 'NONE',  ( -0.9715481548407753909, -0.2368421052631581036, 1.896983481079496419E-16 ) ) ;
#299 = EDGE_CURVE ( 'NONE', #1545, #1524, #1469, .T. ) ;
#300 = FACE_OUTER_BOUND ( 'NONE', #1521, .T. ) ;
#301 = DIRECTION ( 'NONE',  ( 0.2368421052631580759, -0.9715481548407753909, 0.000000000000000000 ) ) ;
#302 = EDGE_CURVE ( 'NONE', #183, #70, #1087, .T. ) ;
#303 = CLOSED_SHELL ( 'NONE', ( #1222, #1293, #200, #397, #689, #120, #430, #1712, #497, #1562, #927, #1094, #731, #434, #1362, #526, #1728, #243, #311, #668, #1165, #608, #912, #1180, #179, #1631, #250, #1047, #979, #600, #1485, #1371, #1303, #1542, #354, #1231, #1009, #615, #1428, #1158, #1215, #122, #1039, #1284, #1505, #1177, #518, #1272, #653, #1438, #383, #631, #997, #1393, #229, #543, #50, #574, #1403 ) ) ;
#304 = VERTEX_POINT ( 'NONE', #824 ) ;
#305 = VECTOR ( 'NONE', #262, 1000.000000000000000 ) ;
#306 = FACE_OUTER_BOUND ( 'NONE', #598, .T. ) ;
#307 = AXIS2_PLACEMENT_3D ( 'NONE', #520, #1050, #263 ) ;
#308 = DIRECTION ( 'NONE',  ( -0.000000000000000000, -0.000000000000000000, -1.000000000000000000 ) ) ;
#309 = MECHANICAL_DESIGN_GEOMETRIC_PRESENTATION_REPRESENTATION (  '', ( #1147 ), #863 ) ;
#310 = DIRECTION ( 'NONE',  ( 0.000000000000000000, -1.000000000000000000, -0.000000000000000000 ) ) ;
#311 = ADVANCED_FACE ( 'NONE', ( #180 ), #388, .T. ) ;
#312 = ORIENTED_EDGE ( 'NONE', *, *, #1106, .F. ) ;
#313 = EDGE_CURVE ( 'NONE', #593, #1046, #1143, .T. ) ;
#314 = FACE_OUTER_BOUND ( 'NONE', #751, .T. ) ;
#315 = FACE_OUTER_BOUND ( 'NONE', #1297, .T. ) ;
#316 = DIRECTION ( 'NONE',  ( -7.228014483236695816E-17, -1.000000000000000000, -0.000000000000000000 ) ) ;
#317 = DIRECTION ( 'NONE',  ( 0.000000000000000000, 0.000000000000000000, 1.000000000000000000 ) ) ;
#318 = VERTEX_POINT ( 'NONE', #35 ) ;
#319 = EDGE_CURVE ( 'NONE', #131, #660, #591, .T. ) ;
#320 = DIRECTION ( 'NONE',  ( 0.000000000000000000, 0.000000000000000000, -1.000000000000000000 ) ) ;
#321 = LINE ( 'NONE', #1099, #1038 ) ;
#322 = DIRECTION ( 'NONE',  ( -0.000000000000000000, 1.000000000000000000, 0.000000000000000000 ) ) ;
#323 = ORIENTED_EDGE ( 'NONE', *, *, #488, .F. ) ;
#324 = ORIENTED_EDGE ( 'NONE', *, *, #937, .F. ) ;
#325 = CARTESIAN_POINT ( 'NONE',  ( 0.000000000000000000, 0.000000000000000000, 6.000000000000000000 ) ) ;
#326 = ORIENTED_EDGE ( 'NONE', *, *, #618, .T. ) ;
#327 = EDGE_CURVE ( 'NONE', #777, #609, #1442, .T. ) ;
#328 = DIRECTION ( 'NONE',  ( 0.000000000000000000, 0.000000000000000000, -1.000000000000000000 ) ) ;
#329 = VECTOR ( 'NONE', #95, 1000.000000000000000 ) ;
#330 = EDGE_CURVE ( 'NONE', #609, #70, #578, .T. ) ;
#331 = CIRCLE ( 'NONE', #1170, 1.000000000000000000 ) ;
#332 = DIRECTION ( 'NONE',  ( -0.000000000000000000, -0.000000000000000000, -1.000000000000000000 ) ) ;
#333 = SPHERICAL_SURFACE ( 'NONE', #1588, 1.000000000000000000 ) ;
#334 = VERTEX_POINT ( 'NONE', #1138 ) ;
#335 = AXIS2_PLACEMENT_3D ( 'NONE', #402, #1085, #941 ) ;
#336 = VERTEX_POINT ( 'NONE', #230 ) ;
#337 = ORIENTED_EDGE ( 'NONE', *, *, #260, .F. ) ;
#338 = ORIENTED_EDGE ( 'NONE', *, *, #31, .T. ) ;
#339 = DIRECTION ( 'NONE',  ( 0.000000000000000000, 0.000000000000000000, 1.000000000000000000 ) ) ;
#340 = EDGE_CURVE ( 'NONE', #1092, #1066, #1032, .T. ) ;
#341 = DIRECTION ( 'NONE',  ( -7.228014483236695816E-17, -1.000000000000000000, -0.000000000000000000 ) ) ;
#342 = DIRECTION ( 'NONE',  ( 1.000000000000000000, 0.000000000000000000, -0.000000000000000000 ) ) ;
#343 = CARTESIAN_POINT ( 'NONE',  ( 6.999999999999999112, 1.836970198721029441E-16, 0.000000000000000000 ) ) ;
#344 = ORIENTED_EDGE ( 'NONE', *, *, #1351, .T. ) ;
#345 = VERTEX_POINT ( 'NONE', #1156 ) ;
#346 = ORIENTED_EDGE ( 'NONE', *, *, #90, .F. ) ;
#347 = FACE_OUTER_BOUND ( 'NONE', #1075, .T. ) ;
#348 = APPLICATION_CONTEXT ( 'automotive_design' ) ;
#349 = DIRECTION ( 'NONE',  ( -0.000000000000000000, -0.000000000000000000, 1.000000000000000000 ) ) ;
#350 = EDGE_LOOP ( 'NONE', ( #144, #1727, #996, #1555 ) ) ;
#351 = EDGE_CURVE ( 'NONE', #722, #121, #475, .T. ) ;
#352 = DIRECTION ( 'NONE',  ( 0.000000000000000000, 0.000000000000000000, 1.000000000000000000 ) ) ;
#353 = ORIENTED_EDGE ( 'NONE', *, *, #1684, .F. ) ;
#354 = ADVANCED_FACE ( 'NONE', ( #1148 ), #132, .T. ) ;
#355 = ORIENTED_EDGE ( 'NONE', *, *, #169, .F. ) ;
#356 = ORIENTED_EDGE ( 'NONE', *, *, #327, .T. ) ;
#357 = FACE_BOUND ( 'NONE', #1154, .T. ) ;
#358 = VECTOR ( 'NONE', #308, 1000.000000000000000 ) ;
#359 = DIRECTION ( 'NONE',  ( 0.4581228472908502880, 0.8888888888888893947, 0.000000000000000000 ) ) ;
#360 = AXIS2_PLACEMENT_3D ( 'NONE', #1664, #64, #1391 ) ;
#361 = ORIENTED_EDGE ( 'NONE', *, *, #204, .T. ) ;
#362 = AXIS2_PLACEMENT_3D ( 'NONE', #1042, #1574, #394 ) ;
#363 = CARTESIAN_POINT ( 'NONE',  ( 31.50000000000000000, 15.00000000000000000, 5.000000000000000000 ) ) ;
#364 = VERTEX_POINT ( 'NONE', #474 ) ;
#365 = EDGE_CURVE ( 'NONE', #1021, #1153, #783, .T. ) ;
#366 = VERTEX_POINT ( 'NONE', #1683 ) ;
#367 = VECTOR ( 'NONE', #1012, 1000.000000000000000 ) ;
#368 = DIRECTION ( 'NONE',  ( -1.000000000000000000, 7.228014483236695816E-17, 0.000000000000000000 ) ) ;
#369 = CARTESIAN_POINT ( 'NONE',  ( 5.499999999999998224, 0.000000000000000000, 1.000000000000000000 ) ) ;
#370 = CARTESIAN_POINT ( 'NONE',  ( 28.00000000000000711, 18.60000000000001208, 3.227032136740645818 ) ) ;
#371 = LINE ( 'NONE', #75, #1067 ) ;
#372 = VERTEX_POINT ( 'NONE', #494 ) ;
#373 = DIRECTION ( 'NONE',  ( 0.000000000000000000, 0.000000000000000000, -1.000000000000000000 ) ) ;
#374 = EDGE_CURVE ( 'NONE', #722, #1092, #923, .T. ) ;
#375 = CARTESIAN_POINT ( 'NONE',  ( 31.50000000000000000, 13.99999999999999822, 1.000000000000000000 ) ) ;
#376 = CARTESIAN_POINT ( 'NONE',  ( 10.99999999999999645, 0.000000000000000000, 5.000000000000000000 ) ) ;
#377 = CARTESIAN_POINT ( 'NONE',  ( 30.50000000000000000, 15.00000000000000000, 5.000000000000000000 ) ) ;
#378 = CARTESIAN_POINT ( 'NONE',  ( 1.000000000000000000, 0.000000000000000000, 1.000000000000000000 ) ) ;
#379 = ORIENTED_EDGE ( 'NONE', *, *, #864, .T. ) ;
#380 = DIRECTION ( 'NONE',  ( 0.000000000000000000, -0.000000000000000000, -1.000000000000000000 ) ) ;
#381 = CARTESIAN_POINT ( 'NONE',  ( 24.99999999999999645, 19.99999999999999645, 3.000000000000000000 ) ) ;
#382 = CARTESIAN_POINT ( 'NONE',  ( 9.999999999999994671, -1.734723475976805911E-15, 5.000000000000000000 ) ) ;
#383 = ADVANCED_FACE ( 'NONE', ( #347 ), #876, .T. ) ;
#384 = SPHERICAL_SURFACE ( 'NONE', #1029, 1.000000000000000000 ) ;
#385 = CIRCLE ( 'NONE', #1527, 1.000000000000000888 ) ;
#386 = AXIS2_PLACEMENT_3D ( 'NONE', #1131, #1238, #1638 ) ;
#387 = CARTESIAN_POINT ( 'NONE',  ( 1.000000000000000000, 18.45941494197473176, 1.000000000000000000 ) ) ;
#388 = TOROIDAL_SURFACE ( 'NONE', #649, 2.000000000000000000, 1.000000000000000000 ) ;
#389 = AXIS2_PLACEMENT_3D ( 'NONE', #1096, #828, #320 ) ;
#390 = ORIENTED_EDGE ( 'NONE', *, *, #1461, .F. ) ;
#391 = CIRCLE ( 'NONE', #985, 5.499999999999998224 ) ;
#392 = CARTESIAN_POINT ( 'NONE',  ( 2.500000000000000000, -5.000000000000000000, 10.00000000000000000 ) ) ;
#393 = CIRCLE ( 'NONE', #1363, 1.000000000000000888 ) ;
#394 = DIRECTION ( 'NONE',  ( 0.000000000000000000, 0.000000000000000000, 1.000000000000000000 ) ) ;
#395 = LINE ( 'NONE', #521, #78 ) ;
#396 = DIRECTION ( 'NONE',  ( 0.000000000000000000, -1.000000000000000000, 0.000000000000000000 ) ) ;
#397 = ADVANCED_FACE ( 'NONE', ( #217, #1674 ), #1548, .F. ) ;
#398 = FACE_OUTER_BOUND ( 'NONE', #1128, .T. ) ;
#399 = VERTEX_POINT ( 'NONE', #746 ) ;
#400 = CARTESIAN_POINT ( 'NONE',  ( 4.445652703029671748, -1.071203886040591469, 1.793236561690344733 ) ) ;
#401 = DIRECTION ( 'NONE',  ( 0.000000000000000000, -1.000000000000000000, 0.000000000000000000 ) ) ;
#402 = CARTESIAN_POINT ( 'NONE',  ( 1.000000000000000000, 0.000000000000000000, 5.000000000000000000 ) ) ;
#403 = CARTESIAN_POINT ( 'NONE',  ( 30.50000000000000000, 19.00000000000000000, 6.000000000000000000 ) ) ;
#404 = LINE ( 'NONE', #1584, #902 ) ;
#405 = ORIENTED_EDGE ( 'NONE', *, *, #365, .F. ) ;
#406 = VERTEX_POINT ( 'NONE', #1016 ) ;
#407 = EDGE_CURVE ( 'NONE', #1054, #1240, #74, .T. ) ;
#408 = DIRECTION ( 'NONE',  ( -1.000000000000000000, 0.000000000000000000, 0.000000000000000000 ) ) ;
#409 = CARTESIAN_POINT ( 'NONE',  ( 5.950614217495056479, -1.446162091011897077, 1.450737778913670617 ) ) ;
#410 = SURFACE_SIDE_STYLE ('',( #529 ) ) ;
#411 = CARTESIAN_POINT ( 'NONE',  ( 27.63680505708113699, 15.73442063055428441, 2.016395997862581169 ) ) ;
#412 = DIRECTION ( 'NONE',  ( 0.000000000000000000, 0.000000000000000000, -1.000000000000000000 ) ) ;
#413 = CIRCLE ( 'NONE', #1530, 1.500000000000001332 ) ;
#414 = VECTOR ( 'NONE', #1062, 1000.000000000000000 ) ;
#415 = VERTEX_POINT ( 'NONE', #500 ) ;
#416 = ORIENTED_EDGE ( 'NONE', *, *, #280, .T. ) ;
#417 = VECTOR ( 'NONE', #1364, 1000.000000000000000 ) ;
#418 = VECTOR ( 'NONE', #1149, 1000.000000000000000 ) ;
#419 = EDGE_CURVE ( 'NONE', #296, #206, #740, .T. ) ;
#420 = CARTESIAN_POINT ( 'NONE',  ( 27.81099771888061056, 15.57577312974332351, 3.736474353058190534 ) ) ;
#421 = AXIS2_PLACEMENT_3D ( 'NONE', #101, #916, #1693 ) ;
#422 = DIRECTION ( 'NONE',  ( -1.000000000000000000, 1.734723475976805122E-16, 0.000000000000000000 ) ) ;
#423 = CARTESIAN_POINT ( 'NONE',  ( 7.561552812808824520, -4.000000000000000000, 1.000000000000000000 ) ) ;
#424 = AXIS2_PLACEMENT_3D ( 'NONE', #532, #674, #926 ) ;
#425 = DIRECTION ( 'NONE',  ( -0.000000000000000000, -0.000000000000000000, -1.000000000000000000 ) ) ;
#426 = AXIS2_PLACEMENT_3D ( 'NONE', #696, #1228, #1246 ) ;
#427 = ORIENTED_EDGE ( 'NONE', *, *, #1468, .F. ) ;
#428 = EDGE_LOOP ( 'NONE', ( #676, #1441, #1281, #472 ) ) ;
#429 = CARTESIAN_POINT ( 'NONE',  ( 24.99999999999999645, 13.99999999999999822, 3.000000000000000000 ) ) ;
#430 = ADVANCED_FACE ( 'NONE', ( #756, #357 ), #1556, .F. ) ;
#431 = CARTESIAN_POINT ( 'NONE',  ( 5.272340236709447403, -1.500000000000005995, 4.600000000000005862 ) ) ;
#432 = CARTESIAN_POINT ( 'NONE',  ( 6.618033988749894014, -1.000000000000000000, 4.144552314225960821 ) ) ;
#433 = PRODUCT ( 'fingerpart_3', 'fingerpart_3', '', ( #201 ) ) ;
#434 = ADVANCED_FACE ( 'NONE', ( #1420, #766 ), #1292, .F. ) ;
#435 = CARTESIAN_POINT ( 'NONE',  ( 5.499999999999998224, 0.000000000000000000, 0.000000000000000000 ) ) ;
#436 = ORIENTED_EDGE ( 'NONE', *, *, #260, .T. ) ;
#437 = CARTESIAN_POINT ( 'NONE',  ( 27.50000000000000000, 19.99999999999999645, 4.118033988749894903 ) ) ;
#438 = PRODUCT_DEFINITION ( 'ๆ', '', #572, #1459 ) ;
#439 = CARTESIAN_POINT ( 'NONE',  ( 5.500000000000000000, 0.000000000000000000, 6.000000000000000000 ) ) ;
#440 = DIRECTION ( 'NONE',  ( 0.000000000000000000, 0.000000000000000000, -1.000000000000000000 ) ) ;
#441 = CARTESIAN_POINT ( 'NONE',  ( 30.50000000000000000, 19.00000000000000000, 1.000000000000000000 ) ) ;
#442 = EDGE_CURVE ( 'NONE', #462, #1240, #236, .T. ) ;
#443 = CARTESIAN_POINT ( 'NONE',  ( 30.50000000000000000, 13.99999999999999822, 0.000000000000000000 ) ) ;
#444 = VECTOR ( 'NONE', #396, 1000.000000000000000 ) ;
#445 = VERTEX_POINT ( 'NONE', #645 ) ;
#446 = AXIS2_PLACEMENT_3D ( 'NONE', #1190, #279, #1713 ) ;
#447 = EDGE_LOOP ( 'NONE', ( #1453, #416, #1550, #849 ) ) ;
#448 = AXIS2_PLACEMENT_3D ( 'NONE', #1252, #460, #580 ) ;
#449 = CIRCLE ( 'NONE', #1724, 4.499999999999998224 ) ;
#450 = DIRECTION ( 'NONE',  ( 0.000000000000000000, 0.000000000000000000, 1.000000000000000000 ) ) ;
#451 = CIRCLE ( 'NONE', #1565, 1.000000000000000888 ) ;
#452 = CARTESIAN_POINT ( 'NONE',  ( 9.999999999999998224, 13.00000000000000000, 1.000000000000000000 ) ) ;
#453 = LINE ( 'NONE', #443, #1639 ) ;
#454 = EDGE_CURVE ( 'NONE', #131, #829, #1305, .T. ) ;
#455 = AXIS2_PLACEMENT_3D ( 'NONE', #1, #1350, #523 ) ;
#456 = ORIENTED_EDGE ( 'NONE', *, *, #313, .T. ) ;
#457 = FACE_OUTER_BOUND ( 'NONE', #736, .T. ) ;
#458 = DIRECTION ( 'NONE',  ( 0.000000000000000000, 0.000000000000000000, -1.000000000000000000 ) ) ;
#459 = DIRECTION ( 'NONE',  ( 0.000000000000000000, 0.000000000000000000, -1.000000000000000000 ) ) ;
#460 = DIRECTION ( 'NONE',  ( -0.000000000000000000, -1.000000000000000000, -0.000000000000000000 ) ) ;
#461 = ORIENTED_EDGE ( 'NONE', *, *, #1330, .T. ) ;
#462 = VERTEX_POINT ( 'NONE', #1699 ) ;
#463 = EDGE_CURVE ( 'NONE', #635, #60, #252, .T. ) ;
#464 = PLANE ( 'NONE',  #700 ) ;
#465 = ORIENTED_EDGE ( 'NONE', *, *, #699, .T. ) ;
#466 = CARTESIAN_POINT ( 'NONE',  ( 7.561552812808823631, -4.000000000000000000, 1.000000000000000000 ) ) ;
#467 = CARTESIAN_POINT ( 'NONE',  ( 7.561552812808823631, -4.000000000000000000, 5.000000000000000000 ) ) ;
#468 = FACE_OUTER_BOUND ( 'NONE', #350, .T. ) ;
#469 = ORIENTED_EDGE ( 'NONE', *, *, #919, .T. ) ;
#470 = ORIENTED_EDGE ( 'NONE', *, *, #888, .F. ) ;
#471 = DIRECTION ( 'NONE',  ( 0.000000000000000000, 1.000000000000000000, 0.000000000000000000 ) ) ;
#472 = ORIENTED_EDGE ( 'NONE', *, *, #1028, .F. ) ;
#473 = EDGE_CURVE ( 'NONE', #1059, #60, #1328, .T. ) ;
#474 = CARTESIAN_POINT ( 'NONE',  ( 5.499999999999998224, 18.99999999999999645, 0.000000000000000000 ) ) ;
#475 = CIRCLE ( 'NONE', #809, 1.000000000000000888 ) ;
#476 = AXIS2_PLACEMENT_3D ( 'NONE', #1590, #656, #1472 ) ;
#477 = CARTESIAN_POINT ( 'NONE',  ( 30.50000000000000000, 15.00000000000000000, 1.000000000000000000 ) ) ;
#478 = DIRECTION ( 'NONE',  ( -7.228014483236695816E-17, -1.000000000000000000, 0.000000000000000000 ) ) ;
#479 = AXIS2_PLACEMENT_3D ( 'NONE', #211, #1311, #1278 ) ;
#480 = FACE_OUTER_BOUND ( 'NONE', #152, .T. ) ;
#481 = ORIENTED_EDGE ( 'NONE', *, *, #834, .T. ) ;
#482 = VECTOR ( 'NONE', #1089, 1000.000000000000000 ) ;
#483 = ORIENTED_EDGE ( 'NONE', *, *, #845, .F. ) ;
#484 = EDGE_LOOP ( 'NONE', ( #228, #887, #470, #1490, #561, #934 ) ) ;
#485 = EDGE_CURVE ( 'NONE', #304, #593, #755, .T. ) ;
#486 = CARTESIAN_POINT ( 'NONE',  ( 3.438447187191171928, -5.000000000000000000, 0.000000000000000000 ) ) ;
#487 = FACE_OUTER_BOUND ( 'NONE', #857, .T. ) ;
#488 = EDGE_CURVE ( 'NONE', #336, #334, #251, .T. ) ;
#489 = DIRECTION ( 'NONE',  ( 0.000000000000000000, 0.000000000000000000, 1.000000000000000000 ) ) ;
#490 = DIRECTION ( 'NONE',  ( 0.000000000000000000, 0.000000000000000000, 1.000000000000000000 ) ) ;
#491 = ORIENTED_EDGE ( 'NONE', *, *, #709, .F. ) ;
#492 = VERTEX_POINT ( 'NONE', #525 ) ;
#493 = ORIENTED_EDGE ( 'NONE', *, *, #100, .F. ) ;
#494 = CARTESIAN_POINT ( 'NONE',  ( 5.500000000000000000, -5.000000000000000000, 1.399999999999999911 ) ) ;
#495 = DIRECTION ( 'NONE',  ( -1.734723475976805122E-16, -1.000000000000000000, 0.000000000000000000 ) ) ;
#496 = EDGE_LOOP ( 'NONE', ( #1531, #1209 ) ) ;
#497 = ADVANCED_FACE ( 'NONE', ( #1211 ), #1321, .T. ) ;
#498 = DIRECTION ( 'NONE',  ( 0.000000000000000000, 1.000000000000000000, 0.000000000000000000 ) ) ;
#499 = ORIENTED_EDGE ( 'NONE', *, *, #989, .T. ) ;
#500 = CARTESIAN_POINT ( 'NONE',  ( 9.999999999999996447, 13.00000000000000000, 6.000000000000000000 ) ) ;
#501 =( NAMED_UNIT ( * ) SI_UNIT ( $, .STERADIAN. ) SOLID_ANGLE_UNIT ( ) );
#502 = CARTESIAN_POINT ( 'NONE',  ( 6.999999999999999112, 1.836970198721029441E-16, 6.000000000000000000 ) ) ;
#503 = TOROIDAL_SURFACE ( 'NONE', #726, 4.499999999999998224, 1.000000000000000000 ) ;
#504 = EDGE_LOOP ( 'NONE', ( #820, #858, #323, #483, #481, #207 ) ) ;
#505 = VECTOR ( 'NONE', #137, 1000.000000000000000 ) ;
#506 = CARTESIAN_POINT ( 'NONE',  ( 9.999999999999994671, 1.734723475976808327E-16, 0.000000000000000000 ) ) ;
#507 = CIRCLE ( 'NONE', #1476, 1.000000000000000000 ) ;
#508 = EDGE_CURVE ( 'NONE', #462, #802, #219, .T. ) ;
#509 = ORIENTED_EDGE ( 'NONE', *, *, #1083, .F. ) ;
#510 = EDGE_CURVE ( 'NONE', #1082, #1509, #859, .T. ) ;
#511 = AXIS2_PLACEMENT_3D ( 'NONE', #749, #1440, #110 ) ;
#512 = VECTOR ( 'NONE', #181, 1000.000000000000000 ) ;
#513 = CARTESIAN_POINT ( 'NONE',  ( 10.99999999999999822, 14.00000000000000000, 1.000000000000000000 ) ) ;
#514 = CARTESIAN_POINT ( 'NONE',  ( 5.727659763290551709, -1.500000000000005995, 1.399999999999994804 ) ) ;
#515 = DIRECTION ( 'NONE',  ( 0.000000000000000000, 0.000000000000000000, -1.000000000000000000 ) ) ;
#516 = FACE_OUTER_BOUND ( 'NONE', #447, .T. ) ;
#517 = ORIENTED_EDGE ( 'NONE', *, *, #136, .F. ) ;
#518 = ADVANCED_FACE ( 'NONE', ( #814 ), #1605, .T. ) ;
#519 = CARTESIAN_POINT ( 'NONE',  ( 0.000000000000000000, -4.000000000000000000, 1.000000000000000000 ) ) ;
#520 = CARTESIAN_POINT ( 'NONE',  ( 5.499999999999998224, 0.000000000000000000, 6.000000000000000000 ) ) ;
#521 = CARTESIAN_POINT ( 'NONE',  ( 1.000000000000000000, 19.22888452302941431, 0.000000000000000000 ) ) ;
#522 = CARTESIAN_POINT ( 'NONE',  ( 31.50000000000000000, 0.000000000000000000, 5.000000000000000000 ) ) ;
#523 = DIRECTION ( 'NONE',  ( 1.000000000000000000, 0.000000000000000000, 0.000000000000000000 ) ) ;
#524 = EDGE_LOOP ( 'NONE', ( #1076, #1426 ) ) ;
#525 = CARTESIAN_POINT ( 'NONE',  ( 5.499999999999998224, 19.99999999999999645, 1.000000000000000000 ) ) ;
#526 = ADVANCED_FACE ( 'NONE', ( #145, #1048 ), #779, .T. ) ;
#527 = AXIS2_PLACEMENT_3D ( 'NONE', #377, #342, #1569 ) ;
#528 = DIRECTION ( 'NONE',  ( 0.000000000000000000, 0.000000000000000000, -1.000000000000000000 ) ) ;
#529 = SURFACE_STYLE_FILL_AREA ( #1051 ) ;
#530 = CARTESIAN_POINT ( 'NONE',  ( 7.561552812808824520, -4.000000000000000000, 0.000000000000000000 ) ) ;
#531 = CIRCLE ( 'NONE', #47, 1.000000000000000000 ) ;
#532 = CARTESIAN_POINT ( 'NONE',  ( -2.746645503629943646E-15, 18.99999999999999645, 5.000000000000000000 ) ) ;
#533 = AXIS2_PLACEMENT_3D ( 'NONE', #1008, #1539, #339 ) ;
#534 = CIRCLE ( 'NONE', #278, 1.000000000000000000 ) ;
#535 = ORIENTED_EDGE ( 'NONE', *, *, #302, .F. ) ;
#536 = DIRECTION ( 'NONE',  ( -0.000000000000000000, -0.000000000000000000, 1.000000000000000000 ) ) ;
#537 = CARTESIAN_POINT ( 'NONE',  ( 30.50000000000000000, 13.99999999999999822, 6.000000000000000000 ) ) ;
#538 = DIRECTION ( 'NONE',  ( 0.000000000000000000, 0.000000000000000000, -1.000000000000000000 ) ) ;
#539 = ORIENTED_EDGE ( 'NONE', *, *, #1061, .F. ) ;
#540 = DIRECTION ( 'NONE',  ( 1.000000000000000000, 0.000000000000000000, 0.000000000000000000 ) ) ;
#541 = VECTOR ( 'NONE', #316, 1000.000000000000000 ) ;
#542 = DIRECTION ( 'NONE',  ( -1.000000000000000000, 0.000000000000000000, -4.336808689942017736E-16 ) ) ;
#543 = ADVANCED_FACE ( 'NONE', ( #105 ), #932, .F. ) ;
#544 = ORIENTED_EDGE ( 'NONE', *, *, #204, .F. ) ;
#545 = EDGE_LOOP ( 'NONE', ( #1487, #1344, #835, #509, #33, #517, #1291 ) ) ;
#546 = DIRECTION ( 'NONE',  ( 1.000000000000000000, -0.000000000000000000, -0.000000000000000000 ) ) ;
#547 = CARTESIAN_POINT ( 'NONE',  ( 7.561552812808823631, -5.000000000000000000, 5.000000000000000000 ) ) ;
#548 = FILL_AREA_STYLE_COLOUR ( '', #1207 ) ;
#549 = CARTESIAN_POINT ( 'NONE',  ( 3.438447187191171928, -4.000000000000000000, 5.000000000000000000 ) ) ;
#550 = DIRECTION ( 'NONE',  ( -0.000000000000000000, -0.000000000000000000, 1.000000000000000000 ) ) ;
#551 = EDGE_CURVE ( 'NONE', #296, #445, #673, .T. ) ;
#552 = ORIENTED_EDGE ( 'NONE', *, *, #299, .F. ) ;
#553 = ORIENTED_EDGE ( 'NONE', *, *, #454, .F. ) ;
#554 = SPHERICAL_SURFACE ( 'NONE', #893, 1.000000000000000000 ) ;
#555 = CYLINDRICAL_SURFACE ( 'NONE', #335, 1.000000000000000000 ) ;
#556 = CYLINDRICAL_SURFACE ( 'NONE', #587, 1.500000000000001332 ) ;
#557 = DIRECTION ( 'NONE',  ( 0.000000000000000000, 0.000000000000000000, -1.000000000000000000 ) ) ;
#558 = VECTOR ( 'NONE', #768, 1000.000000000000000 ) ;
#559 = VECTOR ( 'NONE', #440, 1000.000000000000000 ) ;
#560 = EDGE_CURVE ( 'NONE', #1290, #171, #655, .T. ) ;
#561 = ORIENTED_EDGE ( 'NONE', *, *, #1551, .T. ) ;
#562 = ORIENTED_EDGE ( 'NONE', *, *, #1482, .T. ) ;
#563 = VECTOR ( 'NONE', #199, 1000.000000000000000 ) ;
#564 = AXIS2_PLACEMENT_3D ( 'NONE', #1662, #471, #995 ) ;
#565 = EDGE_CURVE ( 'NONE', #1092, #415, #1501, .T. ) ;
#566 = CARTESIAN_POINT ( 'NONE',  ( 9.999999999999996447, 13.00000000000000000, 0.000000000000000000 ) ) ;
#567 = AXIS2_PLACEMENT_3D ( 'NONE', #747, #648, #359 ) ;
#568 = DIRECTION ( 'NONE',  ( 0.000000000000000000, 0.000000000000000000, -1.000000000000000000 ) ) ;
#569 = CARTESIAN_POINT ( 'NONE',  ( 3.438447187191171928, -5.000000000000000000, 5.000000000000000000 ) ) ;
#570 = AXIS2_PLACEMENT_3D ( 'NONE', #266, #1195, #936 ) ;
#571 = CARTESIAN_POINT ( 'NONE',  ( 26.50000000000000000, 13.99999999999999822, 3.000000000000000000 ) ) ;
#572 = PRODUCT_DEFINITION_FORMATION_WITH_SPECIFIED_SOURCE ( 'ไป', '', #433, .NOT_KNOWN. ) ;
#573 = ORIENTED_EDGE ( 'NONE', *, *, #213, .T. ) ;
#574 = ADVANCED_FACE ( 'NONE', ( #1470 ), #1573, .F. ) ;
#575 = DIRECTION ( 'NONE',  ( 0.000000000000000000, 0.000000000000000000, -1.000000000000000000 ) ) ;
#576 = EDGE_CURVE ( 'NONE', #724, #462, #1199, .T. ) ;
#577 = CARTESIAN_POINT ( 'NONE',  ( 4.763525646941807246, -1.310997718880609453, 4.424226870256675603 ) ) ;
#578 = LINE ( 'NONE', #1105, #698 ) ;
#579 = DIRECTION ( 'NONE',  ( 0.000000000000000000, 0.000000000000000000, 1.000000000000000000 ) ) ;
#580 = DIRECTION ( 'NONE',  ( 0.000000000000000000, 0.000000000000000000, 1.000000000000000000 ) ) ;
#581 = VERTEX_POINT ( 'NONE', #911 ) ;
#582 = CARTESIAN_POINT ( 'NONE',  ( 27.50000000000000000, 17.00000000000000000, 1.399999999999999689 ) ) ;
#583 = EDGE_LOOP ( 'NONE', ( #1480, #193, #692, #1027 ) ) ;
#584 = CYLINDRICAL_SURFACE ( 'NONE', #1034, 1.600000000000000311 ) ;
#585 = CARTESIAN_POINT ( 'NONE',  ( 1.000000000000000000, 0.000000000000000000, 5.000000000000000000 ) ) ;
#586 =( NAMED_UNIT ( * ) PLANE_ANGLE_UNIT ( ) SI_UNIT ( $, .RADIAN. ) );
#587 = AXIS2_PLACEMENT_3D ( 'NONE', #1583, #8, #1193 ) ;
#588 = ORIENTED_EDGE ( 'NONE', *, *, #1189, .F. ) ;
#589 = TOROIDAL_SURFACE ( 'NONE', #21, 2.000000000000000000, 1.000000000000000000 ) ;
#590 = B_SPLINE_CURVE_WITH_KNOTS ( 'NONE', 3,
 ( #1598, #662, #107, #1715, #1725, #409, #514, #1200 ),
 .UNSPECIFIED., .F., .F.,
 ( 4, 2, 2, 4 ),
 ( 0.000000000000000000, 0.0003388384042951984453, 0.0006776768085903968905, 0.001355353617180791613 ),
 .UNSPECIFIED. ) ;
#591 = CIRCLE ( 'NONE', #757, 1.000000000000000000 ) ;
#592 = LINE ( 'NONE', #39, #862 ) ;
#593 = VERTEX_POINT ( 'NONE', #582 ) ;
#594 = CIRCLE ( 'NONE', #1335, 1.000000000000000888 ) ;
#595 = DIRECTION ( 'NONE',  ( -1.000000000000000000, -1.445602896647339163E-16, 0.000000000000000000 ) ) ;
#596 = DIRECTION ( 'NONE',  ( -0.000000000000000000, -0.000000000000000000, 1.000000000000000000 ) ) ;
#597 = FACE_OUTER_BOUND ( 'NONE', #93, .T. ) ;
#598 = EDGE_LOOP ( 'NONE', ( #1361, #197, #1405, #1547 ) ) ;
#599 = AXIS2_PLACEMENT_3D ( 'NONE', #1221, #966, #1486 ) ;
#600 = ADVANCED_FACE ( 'NONE', ( #45 ), #554, .T. ) ;
#601 = ORIENTED_EDGE ( 'NONE', *, *, #826, .T. ) ;
#602 = CARTESIAN_POINT ( 'NONE',  ( 27.50000000000000000, 18.14455231422596171, 4.118033988749894903 ) ) ;
#603 = CARTESIAN_POINT ( 'NONE',  ( 5.951689643260500873, -1.445808685474971877, 4.548931507898279492 ) ) ;
#604 = DIRECTION ( 'NONE',  ( -1.734723475976805122E-16, -1.000000000000000000, -0.000000000000000000 ) ) ;
#605 = DIRECTION ( 'NONE',  ( 0.000000000000000000, 0.000000000000000000, -1.000000000000000000 ) ) ;
#606 = ORIENTED_EDGE ( 'NONE', *, *, #576, .F. ) ;
#607 = ORIENTED_EDGE ( 'NONE', *, *, #970, .F. ) ;
#608 = ADVANCED_FACE ( 'NONE', ( #457 ), #1481, .F. ) ;
#609 = VERTEX_POINT ( 'NONE', #1102 ) ;
#610 = CARTESIAN_POINT ( 'NONE',  ( 28.00000000000000355, 18.60000000000000497, 3.000000000000000444 ) ) ;
#611 = CARTESIAN_POINT ( 'NONE',  ( 1.084202172485504434E-15, 15.00000000000000178, 6.000000000000000000 ) ) ;
#612 = CARTESIAN_POINT ( 'NONE',  ( 1.000000000000000000, 18.45941494197473176, 1.000000000000000000 ) ) ;
#613 = CARTESIAN_POINT ( 'NONE',  ( 26.50000000000000000, 13.99999999999999822, 3.000000000000000000 ) ) ;
#614 = ORIENTED_EDGE ( 'NONE', *, *, #551, .T. ) ;
#615 = ADVANCED_FACE ( 'NONE', ( #314 ), #503, .T. ) ;
#616 = VERTEX_POINT ( 'NONE', #1235 ) ;
#617 = VERTEX_POINT ( 'NONE', #710 ) ;
#618 = EDGE_CURVE ( 'NONE', #881, #76, #295, .T. ) ;
#619 = DIRECTION ( 'NONE',  ( 0.000000000000000000, 0.000000000000000000, -1.000000000000000000 ) ) ;
#620 = AXIS2_PLACEMENT_3D ( 'NONE', #678, #1056, #1462 ) ;
#621 = AXIS2_PLACEMENT_3D ( 'NONE', #1641, #1108, #66 ) ;
#622 = LINE ( 'NONE', #914, #418 ) ;
#623 = CARTESIAN_POINT ( 'NONE',  ( 9.999999999999994671, -1.734723475976805911E-15, 6.000000000000000000 ) ) ;
#624 = CIRCLE ( 'NONE', #703, 5.499999999999998224 ) ;
#625 = FACE_OUTER_BOUND ( 'NONE', #524, .T. ) ;
#626 = ORIENTED_EDGE ( 'NONE', *, *, #666, .F. ) ;
#627 = EDGE_LOOP ( 'NONE', ( #276, #436, #1688 ) ) ;
#628 = VERTEX_POINT ( 'NONE', #566 ) ;
#629 = EDGE_CURVE ( 'NONE', #802, #724, #1636, .T. ) ;
#630 = DIRECTION ( 'NONE',  ( 1.000000000000000000, 1.445602896647339163E-16, -0.000000000000000000 ) ) ;
#631 = ADVANCED_FACE ( 'NONE', ( #960 ), #952, .T. ) ;
#632 = CARTESIAN_POINT ( 'NONE',  ( 28.00000000000000000, 19.99999999999999645, 3.000000000000000000 ) ) ;
#633 = CARTESIAN_POINT ( 'NONE',  ( 27.75622547777117788, 18.37385146706724015, 3.825651330662369176 ) ) ;
#634 = FACE_OUTER_BOUND ( 'NONE', #1223, .T. ) ;
#635 = VERTEX_POINT ( 'NONE', #288 ) ;
#636 = VERTEX_POINT ( 'NONE', #429 ) ;
#637 = CARTESIAN_POINT ( 'NONE',  ( 7.561552812808822743, -4.000000000000000000, 5.000000000000000000 ) ) ;
#638 = EDGE_CURVE ( 'NONE', #1603, #345, #1241, .T. ) ;
#639 = SPHERICAL_SURFACE ( 'NONE', #1007, 1.000000000000000000 ) ;
#640 = CARTESIAN_POINT ( 'NONE',  ( 30.50000000000000000, 19.00000000000000000, 5.000000000000000000 ) ) ;
#641 = CARTESIAN_POINT ( 'NONE',  ( 27.50000000000000000, 17.00000000000000000, 3.000000000000000000 ) ) ;
#642 = ORIENTED_EDGE ( 'NONE', *, *, #113, .F. ) ;
#643 = EDGE_LOOP ( 'NONE', ( #168, #286, #553 ) ) ;
#644 = VECTOR ( 'NONE', #1287, 1000.000000000000000 ) ;
#645 = CARTESIAN_POINT ( 'NONE',  ( 2.980324339900321640, -4.888888888888889284, 5.000000000000000000 ) ) ;
#646 = CIRCLE ( 'NONE', #1142, 19.00000000000000000 ) ;
#647 = DIRECTION ( 'NONE',  ( 1.000000000000000000, 0.000000000000000000, 0.000000000000000000 ) ) ;
#648 = DIRECTION ( 'NONE',  ( -0.8888888888888895057, 0.4581228472908503435, -0.000000000000000000 ) ) ;
#649 = AXIS2_PLACEMENT_3D ( 'NONE', #1258, #458, #991 ) ;
#650 = VERTEX_POINT ( 'NONE', #718 ) ;
#651 = DIRECTION ( 'NONE',  ( 0.000000000000000000, 0.000000000000000000, -1.000000000000000000 ) ) ;
#652 = AXIS2_PLACEMENT_3D ( 'NONE', #1430, #1017, #1183 ) ;
#653 = ADVANCED_FACE ( 'NONE', ( #12 ), #1516, .T. ) ;
#654 = VERTEX_POINT ( 'NONE', #974 ) ;
#655 = LINE ( 'NONE', #268, #305 ) ;
#656 = DIRECTION ( 'NONE',  ( 1.000000000000000000, 0.000000000000000000, 0.000000000000000000 ) ) ;
#657 = LINE ( 'NONE', #632, #1589 ) ;
#658 = CARTESIAN_POINT ( 'NONE',  ( 26.50000000000000000, 19.99999999999999645, 3.000000000000000000 ) ) ;
#659 = CARTESIAN_POINT ( 'NONE',  ( 29.50000000000000000, 20.00000000000000000, 6.000000000000000000 ) ) ;
#660 = VERTEX_POINT ( 'NONE', #1498 ) ;
#661 = DIRECTION ( 'NONE',  ( 0.000000000000000000, 0.000000000000000000, 1.000000000000000000 ) ) ;
#662 = CARTESIAN_POINT ( 'NONE',  ( 6.554224758303154985, -1.071340888435428740, 1.793116862142204004 ) ) ;
#663 = CARTESIAN_POINT ( 'NONE',  ( 3.438447187191171928, -4.000000000000000000, 0.000000000000000000 ) ) ;
#664 = CARTESIAN_POINT ( 'NONE',  ( 1.000000000000000000, 18.45941494197473176, 0.000000000000000000 ) ) ;
#665 = ORIENTED_EDGE ( 'NONE', *, *, #192, .F. ) ;
#666 = EDGE_CURVE ( 'NONE', #616, #693, #592, .T. ) ;
#667 = CARTESIAN_POINT ( 'NONE',  ( 5.272967863259353294, -1.500000000000005773, 1.399999999999994582 ) ) ;
#668 = ADVANCED_FACE ( 'NONE', ( #694 ), #990, .T. ) ;
#669 = CARTESIAN_POINT ( 'NONE',  ( 30.50000000000000000, 13.99999999999999822, 5.000000000000000000 ) ) ;
#670 = DIRECTION ( 'NONE',  ( 0.000000000000000000, 0.000000000000000000, -1.000000000000000000 ) ) ;
#671 = ORIENTED_EDGE ( 'NONE', *, *, #1189, .T. ) ;
#672 = CARTESIAN_POINT ( 'NONE',  ( 27.75622547777118143, 15.62614853293275630, 2.174348669337630380 ) ) ;
#673 = CIRCLE ( 'NONE', #836, 1.000000000000000000 ) ;
#674 = DIRECTION ( 'NONE',  ( -1.000000000000000000, -1.445602896647339163E-16, 0.000000000000000000 ) ) ;
#675 = CIRCLE ( 'NONE', #1444, 1.000000000000000000 ) ;
#676 = ORIENTED_EDGE ( 'NONE', *, *, #868, .T. ) ;
#677 = ORIENTED_EDGE ( 'NONE', *, *, #374, .T. ) ;
#678 = CARTESIAN_POINT ( 'NONE',  ( 27.50000000000000000, 17.00000000000000000, 3.000000000000000000 ) ) ;
#679 = CARTESIAN_POINT ( 'NONE',  ( 30.50000000000000000, 15.00000000000000000, 5.000000000000000000 ) ) ;
#680 = CYLINDRICAL_SURFACE ( 'NONE', #1230, 1.000000000000000000 ) ;
#681 = ORIENTED_EDGE ( 'NONE', *, *, #1468, .T. ) ;
#682 = EDGE_CURVE ( 'NONE', #802, #744, #875, .T. ) ;
#683 = CARTESIAN_POINT ( 'NONE',  ( 27.50000000000000000, 18.14455231422596171, 1.881966011250105097 ) ) ;
#684 = CARTESIAN_POINT ( 'NONE',  ( 7.791287847477913253, -4.000000000000000000, 6.000000000000000000 ) ) ;
#685 = ORIENTED_EDGE ( 'NONE', *, *, #1663, .F. ) ;
#686 = EDGE_LOOP ( 'NONE', ( #535, #1651, #1561 ) ) ;
#687 = DIRECTION ( 'NONE',  ( -0.000000000000000000, 1.000000000000000000, -0.000000000000000000 ) ) ;
#688 = CARTESIAN_POINT ( 'NONE',  ( 30.50000000000000000, 0.000000000000000000, 5.000000000000000000 ) ) ;
#689 = ADVANCED_FACE ( 'NONE', ( #1489 ), #159, .F. ) ;
#690 = DIRECTION ( 'NONE',  ( 0.4581228472908502880, 0.8888888888888893947, 0.000000000000000000 ) ) ;
#691 = EDGE_CURVE ( 'NONE', #1140, #1224, #534, .T. ) ;
#692 = ORIENTED_EDGE ( 'NONE', *, *, #19, .T. ) ;
#693 = VERTEX_POINT ( 'NONE', #610 ) ;
#694 = FACE_OUTER_BOUND ( 'NONE', #874, .T. ) ;
#695 = LINE ( 'NONE', #854, #358 ) ;
#696 = CARTESIAN_POINT ( 'NONE',  ( 5.499999999999998224, 0.000000000000000000, 6.000000000000000000 ) ) ;
#697 = ORIENTED_EDGE ( 'NONE', *, *, #1083, .T. ) ;
#698 = VECTOR ( 'NONE', #630, 1000.000000000000000 ) ;
#699 = EDGE_CURVE ( 'NONE', #807, #1153, #133, .T. ) ;
#700 = AXIS2_PLACEMENT_3D ( 'NONE', #325, #1707, #528 ) ;
#701 = CARTESIAN_POINT ( 'NONE',  ( 0.000000000000000000, 0.000000000000000000, 5.000000000000000000 ) ) ;
#702 = EDGE_LOOP ( 'NONE', ( #1517, #126, #1621, #267 ) ) ;
#703 = AXIS2_PLACEMENT_3D ( 'NONE', #369, #349, #767 ) ;
#704 = DIRECTION ( 'NONE',  ( 0.000000000000000000, 0.000000000000000000, -1.000000000000000000 ) ) ;
#705 = FACE_OUTER_BOUND ( 'NONE', #1413, .T. ) ;
#706 = PLANE ( 'NONE',  #962 ) ;
#707 = DIRECTION ( 'NONE',  ( -1.000000000000000000, 0.000000000000000000, 0.000000000000000000 ) ) ;
#708 = ORIENTED_EDGE ( 'NONE', *, *, #1330, .F. ) ;
#709 = EDGE_CURVE ( 'NONE', #183, #275, #77, .T. ) ;
#710 = CARTESIAN_POINT ( 'NONE',  ( 5.499999999999998224, 18.99999999999999645, 6.000000000000000000 ) ) ;
#711 = ORIENTED_EDGE ( 'NONE', *, *, #340, .F. ) ;
#712 = APPLICATION_CONTEXT ( 'automotive_design' ) ;
#713 = CYLINDRICAL_SURFACE ( 'NONE', #1535, 1.000000000000000888 ) ;
#714 = CARTESIAN_POINT ( 'NONE',  ( 31.50000000000000000, 19.00000000000000000, 5.000000000000000000 ) ) ;
#715 = PLANE ( 'NONE',  #1259 ) ;
#716 = DIRECTION ( 'NONE',  ( -1.000000000000000000, 7.228014483236695816E-17, 0.000000000000000000 ) ) ;
#717 = ORIENTED_EDGE ( 'NONE', *, *, #1612, .F. ) ;
#718 = CARTESIAN_POINT ( 'NONE',  ( 31.50000000000000000, 19.00000000000000000, 1.000000000000000000 ) ) ;
#719 = CARTESIAN_POINT ( 'NONE',  ( 6.554347296970330028, -1.071203886040591691, 4.206763438309655712 ) ) ;
#720 = EDGE_CURVE ( 'NONE', #158, #206, #1033, .T. ) ;
#721 =( LENGTH_UNIT ( ) NAMED_UNIT ( * ) SI_UNIT ( .MILLI., .METRE. ) );
#722 = VERTEX_POINT ( 'NONE', #55 ) ;
#723 = VECTOR ( 'NONE', #1576, 1000.000000000000000 ) ;
#724 = VERTEX_POINT ( 'NONE', #602 ) ;
#725 = AXIS2_PLACEMENT_3D ( 'NONE', #965, #298, #986 ) ;
#726 = AXIS2_PLACEMENT_3D ( 'NONE', #170, #1218, #1110 ) ;
#727 = CARTESIAN_POINT ( 'NONE',  ( 5.500000000000000000, 0.000000000000000000, 6.000000000000000000 ) ) ;
#728 = CIRCLE ( 'NONE', #479, 1.499999999999999556 ) ;
#729 = DIRECTION ( 'NONE',  ( 0.000000000000000000, 0.000000000000000000, -1.000000000000000000 ) ) ;
#730 = CARTESIAN_POINT ( 'NONE',  ( 27.50000000000000000, 19.99999999999999645, 1.881966011250105097 ) ) ;
#731 = ADVANCED_FACE ( 'NONE', ( #1654 ), #464, .F. ) ;
#732 = CARTESIAN_POINT ( 'NONE',  ( 30.50000000000000000, 20.00000000000000000, 1.000000000000000000 ) ) ;
#733 = ORIENTED_EDGE ( 'NONE', *, *, #1243, .T. ) ;
#734 = B_SPLINE_CURVE_WITH_KNOTS ( 'NONE', 3,
 ( #1449, #1080, #808, #258, #672, #411, #950, #935 ),
 .UNSPECIFIED., .F., .F.,
 ( 4, 2, 2, 4 ),
 ( 0.001355353617180790962, 0.002031162164330608134, 0.002369066437905518671, 0.002706970711480429208 ),
 .UNSPECIFIED. ) ;
#735 = CIRCLE ( 'NONE', #1178, 1.000000000000000888 ) ;
#736 = EDGE_LOOP ( 'NONE', ( #46, #1264, #87, #346 ) ) ;
#737 = ORIENTED_EDGE ( 'NONE', *, *, #1714, .F. ) ;
#738 = DIRECTION ( 'NONE',  ( 0.000000000000000000, 0.000000000000000000, -1.000000000000000000 ) ) ;
#739 = ORIENTED_EDGE ( 'NONE', *, *, #407, .F. ) ;
#740 = LINE ( 'NONE', #486, #563 ) ;
#741 = LINE ( 'NONE', #1270, #778 ) ;
#742 = ORIENTED_EDGE ( 'NONE', *, *, #1551, .F. ) ;
#743 = EDGE_CURVE ( 'NONE', #1153, #406, #982, .T. ) ;
#744 = VERTEX_POINT ( 'NONE', #1071 ) ;
#745 = EDGE_LOOP ( 'NONE', ( #1488, #1479, #1040, #562, #25, #1109, #271, #53, #1232, #1637 ) ) ;
#746 = CARTESIAN_POINT ( 'NONE',  ( 6.618033988749894014, -1.000000000000000000, 1.855447685774040067 ) ) ;
#747 = CARTESIAN_POINT ( 'NONE',  ( 3.438447187191171928, -4.000000000000000000, 1.000000000000000000 ) ) ;
#748 = ORIENTED_EDGE ( 'NONE', *, *, #958, .F. ) ;
#749 = CARTESIAN_POINT ( 'NONE',  ( 26.50000000000000000, 19.99999999999999645, 3.000000000000000000 ) ) ;
#750 = EDGE_CURVE ( 'NONE', #635, #581, #781, .T. ) ;
#751 = EDGE_LOOP ( 'NONE', ( #890, #1377, #1135, #71 ) ) ;
#752 = EDGE_CURVE ( 'NONE', #1126, #636, #1078, .T. ) ;
#753 = ORIENTED_EDGE ( 'NONE', *, *, #90, .T. ) ;
#754 = ORIENTED_EDGE ( 'NONE', *, *, #1341, .F. ) ;
#755 = CIRCLE ( 'NONE', #1667, 1.600000000000000311 ) ;
#756 = FACE_OUTER_BOUND ( 'NONE', #745, .T. ) ;
#757 = AXIS2_PLACEMENT_3D ( 'NONE', #423, #1098, #1348 ) ;
#758 = AXIS2_PLACEMENT_3D ( 'NONE', #1700, #798, #948 ) ;
#759 = CYLINDRICAL_SURFACE ( 'NONE', #1445, 20.00000000000000000 ) ;
#760 = LINE ( 'NONE', #775, #644 ) ;
#761 = FACE_OUTER_BOUND ( 'NONE', #627, .T. ) ;
#762 = ORIENTED_EDGE ( 'NONE', *, *, #113, .T. ) ;
#763 = VERTEX_POINT ( 'NONE', #1436 ) ;
#764 = CIRCLE ( 'NONE', #1510, 1.000000000000000000 ) ;
#765 = EDGE_CURVE ( 'NONE', #763, #1202, #805, .T. ) ;
#766 = FACE_BOUND ( 'NONE', #496, .T. ) ;
#767 = DIRECTION ( 'NONE',  ( -1.000000000000000000, 0.000000000000000000, 0.000000000000000000 ) ) ;
#768 = DIRECTION ( 'NONE',  ( 1.734723475976806848E-16, 1.000000000000000000, 0.000000000000000000 ) ) ;
#769 = CARTESIAN_POINT ( 'NONE',  ( 30.50000000000000000, 0.000000000000000000, 6.000000000000000000 ) ) ;
#770 = EDGE_LOOP ( 'NONE', ( #44, #30, #405, #1242 ) ) ;
#771 = ORIENTED_EDGE ( 'NONE', *, *, #488, .T. ) ;
#772 = DIRECTION ( 'NONE',  ( -1.000000000000000000, 0.000000000000000000, 0.000000000000000000 ) ) ;
#773 = CARTESIAN_POINT ( 'NONE',  ( 24.99999999999999645, 19.99999999999999645, 3.000000000000000000 ) ) ;
#774 = EDGE_CURVE ( 'NONE', #1466, #635, #1616, .T. ) ;
#775 = CARTESIAN_POINT ( 'NONE',  ( 31.50000000000000000, 20.00000000000000000, 1.000000000000000000 ) ) ;
#776 = DIRECTION ( 'NONE',  ( -1.734723475976806848E-16, -1.000000000000000000, -0.000000000000000000 ) ) ;
#777 = VERTEX_POINT ( 'NONE', #920 ) ;
#778 = VECTOR ( 'NONE', #67, 1000.000000000000000 ) ;
#779 = PLANE ( 'NONE',  #160 ) ;
#780 = AXIS2_PLACEMENT_3D ( 'NONE', #173, #1380, #1251 ) ;
#781 = LINE ( 'NONE', #375, #1504 ) ;
#782 = CARTESIAN_POINT ( 'NONE',  ( 31.50000000000000000, 17.00000000000000000, 1.399999999999999689 ) ) ;
#783 = CIRCLE ( 'NONE', #1329, 1.000000000000000222 ) ;
#784 = CYLINDRICAL_SURFACE ( 'NONE', #129, 1.500000000000001332 ) ;
#785 = AXIS2_PLACEMENT_3D ( 'NONE', #1137, #860, #1130 ) ;
#786 = EDGE_CURVE ( 'NONE', #60, #121, #1322, .T. ) ;
#787 = FACE_BOUND ( 'NONE', #1661, .T. ) ;
#788 = CIRCLE ( 'NONE', #1645, 1.000000000000000000 ) ;
#789 = ORIENTED_EDGE ( 'NONE', *, *, #1660, .T. ) ;
#790 = CARTESIAN_POINT ( 'NONE',  ( 5.500000000000000000, -1.500000000000003775, 1.399999999999996136 ) ) ;
#791 = DIRECTION ( 'NONE',  ( 0.000000000000000000, 0.000000000000000000, -1.000000000000000000 ) ) ;
#792 = DIRECTION ( 'NONE',  ( 0.000000000000000000, 0.000000000000000000, -1.000000000000000000 ) ) ;
#793 = DIRECTION ( 'NONE',  ( 1.000000000000000000, 0.000000000000000000, 0.000000000000000000 ) ) ;
#794 = CARTESIAN_POINT ( 'NONE',  ( 0.7631578947368414800, 19.43096309681551048, 6.000000000000000000 ) ) ;
#795 = ORIENTED_EDGE ( 'NONE', *, *, #1624, .T. ) ;
#796 = EDGE_CURVE ( 'NONE', #1014, #1059, #1212, .T. ) ;
#797 = DIRECTION ( 'NONE',  ( 0.000000000000000000, -1.000000000000000000, 0.000000000000000000 ) ) ;
#798 = DIRECTION ( 'NONE',  ( -1.000000000000000000, -0.000000000000000000, -0.000000000000000000 ) ) ;
#799 = DIRECTION ( 'NONE',  ( 0.000000000000000000, 0.000000000000000000, -1.000000000000000000 ) ) ;
#800 = DIRECTION ( 'NONE',  ( -0.000000000000000000, -0.000000000000000000, 1.000000000000000000 ) ) ;
#801 = CARTESIAN_POINT ( 'NONE',  ( 5.499999999999998224, 0.000000000000000000, 0.000000000000000000 ) ) ;
#802 = VERTEX_POINT ( 'NONE', #1446 ) ;
#803 = EDGE_CURVE ( 'NONE', #1240, #1054, #1063, .T. ) ;
#804 = CARTESIAN_POINT ( 'NONE',  ( 5.499999999999998224, 0.000000000000000000, 6.000000000000000000 ) ) ;
#805 = LINE ( 'NONE', #1057, #1696 ) ;
#806 = DIRECTION ( 'NONE',  ( -1.000000000000000000, 0.000000000000000000, 0.000000000000000000 ) ) ;
#807 = VERTEX_POINT ( 'NONE', #547 ) ;
#808 = CARTESIAN_POINT ( 'NONE',  ( 27.94580868547496877, 15.45106849210171696, 2.548310356739496463 ) ) ;
#809 = AXIS2_PLACEMENT_3D ( 'NONE', #1656, #1163, #1429 ) ;
#810 = CARTESIAN_POINT ( 'NONE',  ( 5.500000000000000000, -1.000000000000000000, 3.000000000000000000 ) ) ;
#811 = CIRCLE ( 'NONE', #1203, 1.000000000000000000 ) ;
#812 = AXIS2_PLACEMENT_3D ( 'NONE', #382, #7, #422 ) ;
#813 = ORIENTED_EDGE ( 'NONE', *, *, #1103, .T. ) ;
#814 = FACE_OUTER_BOUND ( 'NONE', #212, .T. ) ;
#815 = EDGE_CURVE ( 'NONE', #881, #171, #933, .T. ) ;
#816 = DIRECTION ( 'NONE',  ( -0.000000000000000000, -0.000000000000000000, -1.000000000000000000 ) ) ;
#817 = CARTESIAN_POINT ( 'NONE',  ( 3.438447187191171928, -4.000000000000000000, 6.000000000000000000 ) ) ;
#818 = EDGE_CURVE ( 'NONE', #628, #1466, #1283, .T. ) ;
#819 = DIRECTION ( 'NONE',  ( 0.000000000000000000, 0.000000000000000000, -1.000000000000000000 ) ) ;
#820 = ORIENTED_EDGE ( 'NONE', *, *, #1250, .F. ) ;
#821 = EDGE_LOOP ( 'NONE', ( #11, #717 ) ) ;
#822 = DIRECTION ( 'NONE',  ( 0.000000000000000000, 0.000000000000000000, -1.000000000000000000 ) ) ;
#823 = FACE_OUTER_BOUND ( 'NONE', #1647, .T. ) ;
#824 = CARTESIAN_POINT ( 'NONE',  ( 27.50000000000000000, 15.85544768577404007, 1.881966011250105097 ) ) ;
#825 = CYLINDRICAL_SURFACE ( 'NONE', #424, 1.000000000000000888 ) ;
#826 = EDGE_CURVE ( 'NONE', #364, #1253, #1315, .T. ) ;
#827 = ORIENTED_EDGE ( 'NONE', *, *, #1114, .T. ) ;
#828 = DIRECTION ( 'NONE',  ( 1.000000000000000000, 0.000000000000000000, 0.000000000000000000 ) ) ;
#829 = VERTEX_POINT ( 'NONE', #1331 ) ;
#830 = CARTESIAN_POINT ( 'NONE',  ( 30.50000000000000000, 19.00000000000000000, 0.000000000000000000 ) ) ;
#831 = CARTESIAN_POINT ( 'NONE',  ( 27.50000000000000000, 17.00000000000000000, 3.000000000000000000 ) ) ;
#832 = DIRECTION ( 'NONE',  ( -1.000000000000000000, 0.000000000000000000, 0.000000000000000000 ) ) ;
#833 = DIRECTION ( 'NONE',  ( 0.000000000000000000, 0.000000000000000000, -1.000000000000000000 ) ) ;
#834 = EDGE_CURVE ( 'NONE', #399, #1417, #1606, .T. ) ;
#835 = ORIENTED_EDGE ( 'NONE', *, *, #803, .T. ) ;
#836 = AXIS2_PLACEMENT_3D ( 'NONE', #1454, #1722, #918 ) ;
#837 = AXIS2_PLACEMENT_3D ( 'NONE', #32, #575, #1346 ) ;
#838 = DIRECTION ( 'NONE',  ( 0.000000000000000000, 0.000000000000000000, 1.000000000000000000 ) ) ;
#839 = VERTEX_POINT ( 'NONE', #669 ) ;
#840 = FACE_OUTER_BOUND ( 'NONE', #545, .T. ) ;
#841 = CARTESIAN_POINT ( 'NONE',  ( 5.500000000000000000, -1.500000000000003775, 4.600000000000004086 ) ) ;
#842 = FACE_OUTER_BOUND ( 'NONE', #1044, .T. ) ;
#843 = AXIS2_PLACEMENT_3D ( 'NONE', #999, #1519, #1657 ) ;
#844 = ORIENTED_EDGE ( 'NONE', *, *, #1312, .T. ) ;
#845 = EDGE_CURVE ( 'NONE', #399, #336, #590, .T. ) ;
#846 = CARTESIAN_POINT ( 'NONE',  ( 5.499999999999998224, 0.000000000000000000, 1.000000000000000000 ) ) ;
#847 = DIRECTION ( 'NONE',  ( 0.000000000000000000, 0.000000000000000000, 1.000000000000000000 ) ) ;
#848 = CARTESIAN_POINT ( 'NONE',  ( 10.99999999999999645, 0.000000000000000000, 6.000000000000000000 ) ) ;
#849 = ORIENTED_EDGE ( 'NONE', *, *, #330, .T. ) ;
#850 = ORIENTED_EDGE ( 'NONE', *, *, #299, .T. ) ;
#851 = CARTESIAN_POINT ( 'NONE',  ( 27.50000000000000000, 15.85544768577404007, 4.118033988749894903 ) ) ;
#852 = EDGE_CURVE ( 'NONE', #492, #364, #189, .T. ) ;
#853 = ADVANCED_BREP_SHAPE_REPRESENTATION ( 'fingerpart_3', ( #1194, #1622 ), #1540 ) ;
#854 = CARTESIAN_POINT ( 'NONE',  ( 5.499999999999998224, 19.99999999999999645, 6.000000000000000000 ) ) ;
#855 = LINE ( 'NONE', #1382, #1125 ) ;
#856 = DIRECTION ( 'NONE',  ( 0.000000000000000000, 0.000000000000000000, 1.000000000000000000 ) ) ;
#857 = EDGE_LOOP ( 'NONE', ( #827, #469, #1378 ) ) ;
#858 = ORIENTED_EDGE ( 'NONE', *, *, #1612, .T. ) ;
#859 = CIRCLE ( 'NONE', #49, 1.499999999999999556 ) ;
#860 = DIRECTION ( 'NONE',  ( -1.000000000000000000, 8.673617379884035472E-16, -0.000000000000000000 ) ) ;
#861 = ORIENTED_EDGE ( 'NONE', *, *, #1434, .T. ) ;
#862 = VECTOR ( 'NONE', #1646, 1000.000000000000000 ) ;
#863 =( GEOMETRIC_REPRESENTATION_CONTEXT ( 3 ) GLOBAL_UNCERTAINTY_ASSIGNED_CONTEXT ( ( #1100 ) ) GLOBAL_UNIT_ASSIGNED_CONTEXT ( ( #1599, #1456, #282 ) ) REPRESENTATION_CONTEXT ( 'NONE', 'WORKASPACE' ) );
#864 = EDGE_CURVE ( 'NONE', #581, #839, #1308, .T. ) ;
#865 = DIRECTION ( 'NONE',  ( 7.228014483236695816E-17, 1.000000000000000000, -0.000000000000000000 ) ) ;
#866 = LINE ( 'NONE', #992, #512 ) ;
#867 = CYLINDRICAL_SURFACE ( 'NONE', #26, 1.000000000000000000 ) ;
#868 = EDGE_CURVE ( 'NONE', #1384, #839, #1474, .T. ) ;
#869 = ORIENTED_EDGE ( 'NONE', *, *, #1381, .F. ) ;
#870 = AXIS2_PLACEMENT_3D ( 'NONE', #1477, #1601, #1053 ) ;
#871 = AXIS2_PLACEMENT_3D ( 'NONE', #467, #332, #28 ) ;
#872 = ORIENTED_EDGE ( 'NONE', *, *, #1416, .F. ) ;
#873 = ORIENTED_EDGE ( 'NONE', *, *, #157, .F. ) ;
#874 = EDGE_LOOP ( 'NONE', ( #241, #338, #1155 ) ) ;
#875 = B_SPLINE_CURVE_WITH_KNOTS ( 'NONE', 3,
 ( #851, #1225, #1353, #1084, #420, #1379, #1613, #1623 ),
 .UNSPECIFIED., .F., .F.,
 ( 4, 2, 2, 4 ),
 ( 0.000000000000000000, 0.0003388384042951953553, 0.0006776768085903915780, 0.001355353617180790962 ),
 .UNSPECIFIED. ) ;
#876 = SPHERICAL_SURFACE ( 'NONE', #1168, 1.000000000000000000 ) ;
#877 = CARTESIAN_POINT ( 'NONE',  ( 5.499999999999998224, 0.000000000000000000, 6.000000000000000000 ) ) ;
#878 = ORIENTED_EDGE ( 'NONE', *, *, #69, .T. ) ;
#879 = EDGE_CURVE ( 'NONE', #763, #777, #224, .T. ) ;
#880 = CARTESIAN_POINT ( 'NONE',  ( 5.500000000000000000, 0.000000000000000000, 0.000000000000000000 ) ) ;
#881 = VERTEX_POINT ( 'NONE', #1124 ) ;
#882 = EDGE_LOOP ( 'NONE', ( #1611, #642, #491, #898 ) ) ;
#883 = ORIENTED_EDGE ( 'NONE', *, *, #1515, .F. ) ;
#884 = CARTESIAN_POINT ( 'NONE',  ( 9.999999999999994671, 1.734723475976806848E-16, 5.000000000000000000 ) ) ;
#885 = DIRECTION ( 'NONE',  ( -0.000000000000000000, -0.000000000000000000, -1.000000000000000000 ) ) ;
#886 = DIRECTION ( 'NONE',  ( 0.000000000000000000, 0.000000000000000000, 1.000000000000000000 ) ) ;
#887 = ORIENTED_EDGE ( 'NONE', *, *, #226, .T. ) ;
#888 = EDGE_CURVE ( 'NONE', #399, #1417, #895, .T. ) ;
#889 = AXIS2_PLACEMENT_3D ( 'NONE', #1324, #1317, #1334 ) ;
#890 = ORIENTED_EDGE ( 'NONE', *, *, #1609, .T. ) ;
#891 = VECTOR ( 'NONE', #1310, 1000.000000000000000 ) ;
#892 = ORIENTED_EDGE ( 'NONE', *, *, #508, .T. ) ;
#893 = AXIS2_PLACEMENT_3D ( 'NONE', #983, #1629, #1120 ) ;
#894 = DIRECTION ( 'NONE',  ( -1.000000000000000000, 0.000000000000000000, -0.000000000000000000 ) ) ;
#895 = CIRCLE ( 'NONE', #954, 1.600000000000000089 ) ;
#896 = AXIS2_PLACEMENT_3D ( 'NONE', #1237, #352, #1552 ) ;
#897 = CARTESIAN_POINT ( 'NONE',  ( 4.000000000000000000, 0.000000000000000000, 0.000000000000000000 ) ) ;
#898 = ORIENTED_EDGE ( 'NONE', *, *, #1406, .F. ) ;
#899 = CARTESIAN_POINT ( 'NONE',  ( 5.499999999999998224, 18.99999999999999645, 5.000000000000000000 ) ) ;
#900 = AXIS2_PLACEMENT_3D ( 'NONE', #880, #490, #1019 ) ;
#901 = ORIENTED_EDGE ( 'NONE', *, *, #31, .F. ) ;
#902 = VECTOR ( 'NONE', #1318, 1000.000000000000000 ) ;
#903 = ORIENTED_EDGE ( 'NONE', *, *, #750, .F. ) ;
#904 = TOROIDAL_SURFACE ( 'NONE', #843, 4.499999999999998224, 1.000000000000000000 ) ;
#905 = EDGE_CURVE ( 'NONE', #1290, #1524, #253, .T. ) ;
#906 = CARTESIAN_POINT ( 'NONE',  ( 0.000000000000000000, 0.000000000000000000, 6.000000000000000000 ) ) ;
#907 = DIRECTION ( 'NONE',  ( 1.000000000000000000, -1.734723475976803890E-16, 0.000000000000000000 ) ) ;
#908 = CARTESIAN_POINT ( 'NONE',  ( 0.000000000000000000, 18.45941494197473176, 5.000000000000000000 ) ) ;
#909 = DIRECTION ( 'NONE',  ( 1.000000000000000000, 1.445602896647339163E-16, 0.000000000000000000 ) ) ;
#910 = EDGE_LOOP ( 'NONE', ( #1265, #945, #754, #1591 ) ) ;
#911 = CARTESIAN_POINT ( 'NONE',  ( 30.50000000000000000, 13.99999999999999822, 1.000000000000000000 ) ) ;
#912 = ADVANCED_FACE ( 'NONE', ( #597 ), #202, .T. ) ;
#913 = DIRECTION ( 'NONE',  ( -0.000000000000000000, -0.000000000000000000, 1.000000000000000000 ) ) ;
#914 = CARTESIAN_POINT ( 'NONE',  ( 31.50000000000000000, 15.00000000000000000, 0.000000000000000000 ) ) ;
#915 = CARTESIAN_POINT ( 'NONE',  ( 29.50000000000000000, 13.99999999999999822, 5.000000000000000000 ) ) ;
#916 = DIRECTION ( 'NONE',  ( 0.000000000000000000, 1.000000000000000000, -0.000000000000000000 ) ) ;
#917 = ORIENTED_EDGE ( 'NONE', *, *, #1106, .T. ) ;
#918 = DIRECTION ( 'NONE',  ( 1.000000000000000000, 0.000000000000000000, 0.000000000000000000 ) ) ;
#919 = EDGE_CURVE ( 'NONE', #581, #1224, #811, .T. ) ;
#920 = CARTESIAN_POINT ( 'NONE',  ( 0.7631578947368414800, 19.43096309681551048, 5.000000000000000000 ) ) ;
#921 = DIRECTION ( 'NONE',  ( 0.000000000000000000, 0.000000000000000000, -1.000000000000000000 ) ) ;
#922 = EDGE_LOOP ( 'NONE', ( #1354, #946, #552, #957 ) ) ;
#923 = CIRCLE ( 'NONE', #533, 1.000000000000000000 ) ;
#924 = FACE_OUTER_BOUND ( 'NONE', #1407, .T. ) ;
#925 = AXIS2_PLACEMENT_3D ( 'NONE', #1172, #244, #301 ) ;
#926 = DIRECTION ( 'NONE',  ( 1.445602896647336698E-16, -1.000000000000000000, 0.000000000000000000 ) ) ;
#927 = ADVANCED_FACE ( 'NONE', ( #468 ), #182, .F. ) ;
#928 = AXIS2_PLACEMENT_3D ( 'NONE', #1575, #1276, #1615 ) ;
#929 = ORIENTED_EDGE ( 'NONE', *, *, #803, .F. ) ;
#930 = CIRCLE ( 'NONE', #1288, 1.600000000000000089 ) ;
#931 = CIRCLE ( 'NONE', #426, 4.499999999999998224 ) ;
#932 = CYLINDRICAL_SURFACE ( 'NONE', #1586, 1.600000000000000311 ) ;
#933 = LINE ( 'NONE', #1191, #505 ) ;
#934 = ORIENTED_EDGE ( 'NONE', *, *, #1594, .T. ) ;
#935 = CARTESIAN_POINT ( 'NONE',  ( 27.50000000000000000, 15.85544768577404007, 1.881966011250105097 ) ) ;
#936 = DIRECTION ( 'NONE',  ( -1.000000000000000000, 0.000000000000000000, 0.000000000000000000 ) ) ;
#937 = EDGE_CURVE ( 'NONE', #206, #366, #331, .T. ) ;
#938 = ORIENTED_EDGE ( 'NONE', *, *, #1250, .T. ) ;
#939 = CARTESIAN_POINT ( 'NONE',  ( 27.50000000000000000, 17.00000000000000000, 3.000000000000000000 ) ) ;
#940 = CARTESIAN_POINT ( 'NONE',  ( 10.99999999999999822, 13.00000000000000000, 6.000000000000000000 ) ) ;
#941 = DIRECTION ( 'NONE',  ( 0.000000000000000000, 0.000000000000000000, -1.000000000000000000 ) ) ;
#942 = LINE ( 'NONE', #915, #891 ) ;
#943 = DIRECTION ( 'NONE',  ( -1.000000000000000000, 0.000000000000000000, 0.000000000000000000 ) ) ;
#944 = EDGE_CURVE ( 'NONE', #121, #415, #1333, .T. ) ;
#945 = ORIENTED_EDGE ( 'NONE', *, *, #765, .F. ) ;
#946 = ORIENTED_EDGE ( 'NONE', *, *, #1704, .F. ) ;
#947 = DIRECTION ( 'NONE',  ( 0.000000000000000000, 0.000000000000000000, -1.000000000000000000 ) ) ;
#948 = DIRECTION ( 'NONE',  ( 0.000000000000000000, 0.000000000000000000, 1.000000000000000000 ) ) ;
#949 = DIRECTION ( 'NONE',  ( -0.000000000000000000, -0.000000000000000000, -1.000000000000000000 ) ) ;
#950 = CARTESIAN_POINT ( 'NONE',  ( 27.57120388604059968, 15.79323656169034962, 1.945652703029671526 ) ) ;
#951 = AXIS2_PLACEMENT_3D ( 'NONE', #688, #1439, #15 ) ;
#952 = TOROIDAL_SURFACE ( 'NONE', #188, 4.499999999999998224, 1.000000000000000000 ) ;
#953 = SPHERICAL_SURFACE ( 'NONE', #959, 1.000000000000000000 ) ;
#954 = AXIS2_PLACEMENT_3D ( 'NONE', #1269, #1139, #833 ) ;
#955 = PRESENTATION_LAYER_ASSIGNMENT (  '', '', ( #1147 ) ) ;
#956 = ORIENTED_EDGE ( 'NONE', *, *, #327, .F. ) ;
#957 = ORIENTED_EDGE ( 'NONE', *, *, #1450, .F. ) ;
#958 = EDGE_CURVE ( 'NONE', #76, #1290, #1503, .T. ) ;
#959 = AXIS2_PLACEMENT_3D ( 'NONE', #1710, #1064, #542 ) ;
#960 = FACE_OUTER_BOUND ( 'NONE', #1604, .T. ) ;
#961 = EDGE_CURVE ( 'NONE', #1006, #1253, #1415, .T. ) ;
#962 = AXIS2_PLACEMENT_3D ( 'NONE', #1368, #1494, #36 ) ;
#963 = DIRECTION ( 'NONE',  ( 0.000000000000000000, 0.000000000000000000, -1.000000000000000000 ) ) ;
#964 = ORIENTED_EDGE ( 'NONE', *, *, #442, .F. ) ;
#965 = CARTESIAN_POINT ( 'NONE',  ( 0.9999999999999993339, 18.45941494197473531, 1.000000000000000000 ) ) ;
#966 = DIRECTION ( 'NONE',  ( 0.000000000000000000, -1.000000000000000000, 0.000000000000000000 ) ) ;
#967 = ORIENTED_EDGE ( 'NONE', *, *, #1127, .T. ) ;
#968 = ORIENTED_EDGE ( 'NONE', *, *, #407, .T. ) ;
#969 = DIRECTION ( 'NONE',  ( 1.000000000000000000, 1.445602896647339163E-16, 0.000000000000000000 ) ) ;
#970 = EDGE_CURVE ( 'NONE', #1253, #1224, #453, .T. ) ;
#971 = PLANE ( 'NONE',  #386 ) ;
#972 = FACE_BOUND ( 'NONE', #210, .T. ) ;
#973 = EDGE_LOOP ( 'NONE', ( #1682, #1578, #17, #1011 ) ) ;
#974 = CARTESIAN_POINT ( 'NONE',  ( 3.438447187191171928, -4.000000000000000000, 6.000000000000000000 ) ) ;
#975 = CARTESIAN_POINT ( 'NONE',  ( 5.499999999999998224, 0.000000000000000000, 1.000000000000000000 ) ) ;
#976 = CARTESIAN_POINT ( 'NONE',  ( 5.727032136740645818, -1.500000000000005773, 4.600000000000005862 ) ) ;
#977 = CARTESIAN_POINT ( 'NONE',  ( 31.50000000000000000, 0.000000000000000000, 0.000000000000000000 ) ) ;
#978 = CARTESIAN_POINT ( 'NONE',  ( 3.438447187191171928, -4.000000000000000000, 5.000000000000000000 ) ) ;
#979 = ADVANCED_FACE ( 'NONE', ( #1000 ), #333, .T. ) ;
#980 = ORIENTED_EDGE ( 'NONE', *, *, #1495, .F. ) ;
#981 = AXIS2_PLACEMENT_3D ( 'NONE', #175, #716, #1665 ) ;
#982 = CIRCLE ( 'NONE', #307, 4.499999999999998224 ) ;
#983 = CARTESIAN_POINT ( 'NONE',  ( 7.561552812808823631, -4.000000000000000000, 5.000000000000000000 ) ) ;
#984 = ORIENTED_EDGE ( 'NONE', *, *, #454, .T. ) ;
#985 = AXIS2_PLACEMENT_3D ( 'NONE', #1401, #1685, #209 ) ;
#986 = DIRECTION ( 'NONE',  ( 0.2368421052631582979, -0.9715481548407753909, 0.000000000000000000 ) ) ;
#987 = CARTESIAN_POINT ( 'NONE',  ( 9.999999999999994671, 1.734723475976806848E-16, 1.000000000000000000 ) ) ;
#988 = ORIENTED_EDGE ( 'NONE', *, *, #61, .F. ) ;
#989 = EDGE_CURVE ( 'NONE', #296, #654, #675, .T. ) ;
#990 = SPHERICAL_SURFACE ( 'NONE', #389, 1.000000000000000000 ) ;
#991 = DIRECTION ( 'NONE',  ( -1.000000000000000000, 0.000000000000000000, 0.000000000000000000 ) ) ;
#992 = CARTESIAN_POINT ( 'NONE',  ( -2.746645503629943646E-15, 18.99999999999999645, 6.000000000000000000 ) ) ;
#993 = ORIENTED_EDGE ( 'NONE', *, *, #752, .T. ) ;
#994 = ORIENTED_EDGE ( 'NONE', *, *, #944, .T. ) ;
#995 = DIRECTION ( 'NONE',  ( 0.000000000000000000, 0.000000000000000000, 1.000000000000000000 ) ) ;
#996 = ORIENTED_EDGE ( 'NONE', *, *, #786, .T. ) ;
#997 = ADVANCED_FACE ( 'NONE', ( #842 ), #867, .T. ) ;
#998 = DIRECTION ( 'NONE',  ( -1.000000000000000000, -0.000000000000000000, -8.673617379884035472E-16 ) ) ;
#999 = CARTESIAN_POINT ( 'NONE',  ( 5.499999999999998224, 0.000000000000000000, 5.000000000000000000 ) ) ;
#1000 = FACE_OUTER_BOUND ( 'NONE', #686, .T. ) ;
#1001 = ORIENTED_EDGE ( 'NONE', *, *, #1319, .T. ) ;
#1002 = AXIS2_PLACEMENT_3D ( 'NONE', #73, #1666, #1702 ) ;
#1003 = ORIENTED_EDGE ( 'NONE', *, *, #149, .T. ) ;
#1004 = VECTOR ( 'NONE', #595, 1000.000000000000000 ) ;
#1005 = ORIENTED_EDGE ( 'NONE', *, *, #81, .T. ) ;
#1006 = VERTEX_POINT ( 'NONE', #732 ) ;
#1007 = AXIS2_PLACEMENT_3D ( 'NONE', #1410, #231, #1437 ) ;
#1008 = CARTESIAN_POINT ( 'NONE',  ( 12.00000000000000000, 15.00000000000000000, 5.000000000000000000 ) ) ;
#1009 = ADVANCED_FACE ( 'NONE', ( #1261 ), #1496, .T. ) ;
#1010 = DIRECTION ( 'NONE',  ( -1.000000000000000000, 7.228014483236695816E-17, -0.000000000000000000 ) ) ;
#1011 = ORIENTED_EDGE ( 'NONE', *, *, #1642, .F. ) ;
#1012 = DIRECTION ( 'NONE',  ( -0.000000000000000000, 1.000000000000000000, -0.000000000000000000 ) ) ;
#1013 = VERTEX_POINT ( 'NONE', #897 ) ;
#1014 = VERTEX_POINT ( 'NONE', #376 ) ;
#1015 = EDGE_LOOP ( 'NONE', ( #739, #929 ) ) ;
#1016 = CARTESIAN_POINT ( 'NONE',  ( 9.999999999999994671, 1.734723475976806848E-16, 6.000000000000000000 ) ) ;
#1017 = DIRECTION ( 'NONE',  ( 1.000000000000000000, 0.000000000000000000, 0.000000000000000000 ) ) ;
#1018 = CARTESIAN_POINT ( 'NONE',  ( 27.63680505708113344, 18.26557936944572447, 3.983604002137419720 ) ) ;
#1019 = DIRECTION ( 'NONE',  ( 1.000000000000000000, 0.000000000000000000, 0.000000000000000000 ) ) ;
#1020 = ORIENTED_EDGE ( 'NONE', *, *, #560, .F. ) ;
#1021 = VERTEX_POINT ( 'NONE', #83 ) ;
#1022 = ORIENTED_EDGE ( 'NONE', *, *, #1660, .F. ) ;
#1023 = DIRECTION ( 'NONE',  ( 0.000000000000000000, 1.000000000000000000, 0.000000000000000000 ) ) ;
#1024 = CARTESIAN_POINT ( 'NONE',  ( 31.50000000000000000, 15.00000000000000000, 1.000000000000000000 ) ) ;
#1025 = CARTESIAN_POINT ( 'NONE',  ( 27.50000000000000000, 18.14455231422596171, 4.118033988749894903 ) ) ;
#1026 = DIRECTION ( 'NONE',  ( -1.000000000000000000, 0.000000000000000000, 0.000000000000000000 ) ) ;
#1027 = ORIENTED_EDGE ( 'NONE', *, *, #1695, .T. ) ;
#1028 = EDGE_CURVE ( 'NONE', #1384, #1140, #622, .T. ) ;
#1029 = AXIS2_PLACEMENT_3D ( 'NONE', #549, #1086, #1220 ) ;
#1030 = ORIENTED_EDGE ( 'NONE', *, *, #1136, .T. ) ;
#1031 = CIRCLE ( 'NONE', #274, 1.000000000000000000 ) ;
#1032 = LINE ( 'NONE', #611, #1532 ) ;
#1033 = CIRCLE ( 'NONE', #1118, 1.000000000000000000 ) ;
#1034 = AXIS2_PLACEMENT_3D ( 'NONE', #1111, #24, #568 ) ;
#1035 = DIRECTION ( 'NONE',  ( -1.000000000000000000, 0.000000000000000000, 0.000000000000000000 ) ) ;
#1036 = ORIENTED_EDGE ( 'NONE', *, *, #919, .F. ) ;
#1037 = DIRECTION ( 'NONE',  ( 0.000000000000000000, 0.000000000000000000, -1.000000000000000000 ) ) ;
#1038 = VECTOR ( 'NONE', #1627, 1000.000000000000000 ) ;
#1039 = ADVANCED_FACE ( 'NONE', ( #89 ), #639, .T. ) ;
#1040 = ORIENTED_EDGE ( 'NONE', *, *, #1663, .T. ) ;
#1041 = CARTESIAN_POINT ( 'NONE',  ( 5.048310356739496463, -1.445808685474972100, 1.451068492101719176 ) ) ;
#1042 = CARTESIAN_POINT ( 'NONE',  ( 5.499999999999998224, 18.99999999999999645, 1.000000000000000000 ) ) ;
#1043 = FACE_OUTER_BOUND ( 'NONE', #1187, .T. ) ;
#1044 = EDGE_LOOP ( 'NONE', ( #1267, #588, #1686, #1020 ) ) ;
#1045 = DIRECTION ( 'NONE',  ( 1.445602896647339163E-16, -1.000000000000000000, 0.000000000000000000 ) ) ;
#1046 = VERTEX_POINT ( 'NONE', #108 ) ;
#1047 = ADVANCED_FACE ( 'NONE', ( #487 ), #1286, .T. ) ;
#1048 = FACE_OUTER_BOUND ( 'NONE', #583, .T. ) ;
#1049 = EDGE_CURVE ( 'NONE', #131, #158, #1677, .T. ) ;
#1050 = DIRECTION ( 'NONE',  ( -0.000000000000000000, -0.000000000000000000, 1.000000000000000000 ) ) ;
#1051 = FILL_AREA_STYLE ('',( #548 ) ) ;
#1052 = LINE ( 'NONE', #522, #444 ) ;
#1053 = DIRECTION ( 'NONE',  ( 1.000000000000000000, -1.734723475976805369E-16, 0.000000000000000000 ) ) ;
#1054 = VERTEX_POINT ( 'NONE', #782 ) ;
#1055 = VECTOR ( 'NONE', #489, 1000.000000000000000 ) ;
#1056 = DIRECTION ( 'NONE',  ( 1.000000000000000000, 0.000000000000000000, 0.000000000000000000 ) ) ;
#1057 = CARTESIAN_POINT ( 'NONE',  ( 1.000000000000000000, 0.000000000000000000, 6.000000000000000000 ) ) ;
#1058 = SURFACE_STYLE_USAGE ( .BOTH. , #410 ) ;
#1059 = VERTEX_POINT ( 'NONE', #1691 ) ;
#1060 = AXIS2_PLACEMENT_3D ( 'NONE', #906, #328, #894 ) ;
#1061 = EDGE_CURVE ( 'NONE', #171, #366, #624, .T. ) ;
#1062 = DIRECTION ( 'NONE',  ( 0.000000000000000000, 0.000000000000000000, 1.000000000000000000 ) ) ;
#1063 = CIRCLE ( 'NONE', #476, 1.600000000000000311 ) ;
#1064 = DIRECTION ( 'NONE',  ( 0.000000000000000000, 1.000000000000000000, 0.000000000000000000 ) ) ;
#1065 = VECTOR ( 'NONE', #1549, 1000.000000000000000 ) ;
#1066 = VERTEX_POINT ( 'NONE', #1294 ) ;
#1067 = VECTOR ( 'NONE', #1432, 1000.000000000000000 ) ;
#1068 = APPLICATION_PROTOCOL_DEFINITION ( 'draft international standard', 'automotive_design', 1998, #712 ) ;
#1069 = CIRCLE ( 'NONE', #142, 1.500000000000001332 ) ;
#1070 = DIRECTION ( 'NONE',  ( -1.000000000000000000, 0.000000000000000000, 0.000000000000000000 ) ) ;
#1071 = CARTESIAN_POINT ( 'NONE',  ( 28.00000000000000355, 15.39999999999999680, 2.999999999999999556 ) ) ;
#1072 = DIRECTION ( 'NONE',  ( -7.228014483236695816E-17, -1.000000000000000000, -0.000000000000000000 ) ) ;
#1073 = EDGE_CURVE ( 'NONE', #1014, #406, #594, .T. ) ;
#1074 = CYLINDRICAL_SURFACE ( 'NONE', #870, 1.000000000000000888 ) ;
#1075 = EDGE_LOOP ( 'NONE', ( #94, #850, #1373 ) ) ;
#1076 = ORIENTED_EDGE ( 'NONE', *, *, #888, .T. ) ;
#1077 = DIRECTION ( 'NONE',  ( 0.000000000000000000, 0.000000000000000000, -1.000000000000000000 ) ) ;
#1078 = LINE ( 'NONE', #381, #1255 ) ;
#1079 = FACE_OUTER_BOUND ( 'NONE', #428, .T. ) ;
#1080 = CARTESIAN_POINT ( 'NONE',  ( 28.00000000000000711, 15.39999999999999325, 2.772967863259354626 ) ) ;
#1081 = DIRECTION ( 'NONE',  ( 1.000000000000000000, 0.000000000000000000, 0.000000000000000000 ) ) ;
#1082 = VERTEX_POINT ( 'NONE', #502 ) ;
#1083 = EDGE_CURVE ( 'NONE', #593, #1054, #1558, .T. ) ;
#1084 = CARTESIAN_POINT ( 'NONE',  ( 27.75660005901159977, 15.62580644461416135, 3.825100045369151935 ) ) ;
#1085 = DIRECTION ( 'NONE',  ( 0.000000000000000000, -1.000000000000000000, 0.000000000000000000 ) ) ;
#1086 = DIRECTION ( 'NONE',  ( -0.000000000000000000, 1.000000000000000000, 0.000000000000000000 ) ) ;
#1087 = CIRCLE ( 'NONE', #248, 1.000000000000000000 ) ;
#1088 = AXIS2_PLACEMENT_3D ( 'NONE', #155, #27, #1626 ) ;
#1089 = DIRECTION ( 'NONE',  ( -0.000000000000000000, -1.000000000000000000, -0.000000000000000000 ) ) ;
#1090 = VECTOR ( 'NONE', #913, 1000.000000000000000 ) ;
#1091 = CIRCLE ( 'NONE', #1171, 1.499999999999999556 ) ;
#1092 = VERTEX_POINT ( 'NONE', #1541 ) ;
#1093 = ORIENTED_EDGE ( 'NONE', *, *, #1263, .F. ) ;
#1094 = ADVANCED_FACE ( 'NONE', ( #238 ), #759, .T. ) ;
#1095 = AXIS2_PLACEMENT_3D ( 'NONE', #174, #596, #57 ) ;
#1096 = CARTESIAN_POINT ( 'NONE',  ( 30.50000000000000000, 15.00000000000000000, 5.000000000000000000 ) ) ;
#1097 = FACE_OUTER_BOUND ( 'NONE', #1659, .T. ) ;
#1098 = DIRECTION ( 'NONE',  ( -0.8888888888888900608, -0.4581228472908488447, -0.000000000000000000 ) ) ;
#1099 = CARTESIAN_POINT ( 'NONE',  ( 2.500000000000000000, -5.000000000000000000, 0.9999999999999991118 ) ) ;
#1100 = UNCERTAINTY_MEASURE_WITH_UNIT (LENGTH_MEASURE( 1.000000000000000082E-05 ), #1599, 'distance_accuracy_value', 'NONE');
#1101 = ORIENTED_EDGE ( 'NONE', *, *, #638, .T. ) ;
#1102 = CARTESIAN_POINT ( 'NONE',  ( 5.499999999999998224, 19.99999999999999645, 5.000000000000000000 ) ) ;
#1103 = EDGE_CURVE ( 'NONE', #744, #1396, #657, .T. ) ;
#1104 = DIRECTION ( 'NONE',  ( 1.000000000000000000, 0.000000000000000000, 0.000000000000000000 ) ) ;
#1105 = CARTESIAN_POINT ( 'NONE',  ( 29.50000000000000000, 20.00000000000000000, 5.000000000000000000 ) ) ;
#1106 = EDGE_CURVE ( 'NONE', #1224, #1466, #97, .T. ) ;
#1107 = FACE_BOUND ( 'NONE', #1015, .T. ) ;
#1108 = DIRECTION ( 'NONE',  ( -1.000000000000000000, 0.000000000000000000, -0.000000000000000000 ) ) ;
#1109 = ORIENTED_EDGE ( 'NONE', *, *, #68, .T. ) ;
#1110 = DIRECTION ( 'NONE',  ( -1.000000000000000000, 0.000000000000000000, 0.000000000000000000 ) ) ;
#1111 = CARTESIAN_POINT ( 'NONE',  ( 27.50000000000000000, 17.00000000000000000, 3.000000000000000000 ) ) ;
#1112 = DIRECTION ( 'NONE',  ( 0.000000000000000000, 1.000000000000000000, -0.000000000000000000 ) ) ;
#1113 = DIRECTION ( 'NONE',  ( 1.000000000000000000, -1.734723475976803890E-16, 0.000000000000000000 ) ) ;
#1114 = EDGE_CURVE ( 'NONE', #1140, #581, #451, .T. ) ;
#1115 = DIRECTION ( 'NONE',  ( -1.734723475976806848E-16, -1.000000000000000000, 0.000000000000000000 ) ) ;
#1116 = VECTOR ( 'NONE', #1706, 1000.000000000000000 ) ;
#1117 = ORIENTED_EDGE ( 'NONE', *, *, #1714, .T. ) ;
#1118 = AXIS2_PLACEMENT_3D ( 'NONE', #185, #1257, #1523 ) ;
#1119 = VECTOR ( 'NONE', #1010, 1000.000000000000000 ) ;
#1120 = DIRECTION ( 'NONE',  ( 1.000000000000000000, 0.000000000000000000, -8.673617379884035472E-16 ) ) ;
#1121 = AXIS2_PLACEMENT_3D ( 'NONE', #641, #1160, #1037 ) ;
#1122 = CARTESIAN_POINT ( 'NONE',  ( 6.325651330662371841, -1.256225477771179877, 4.373851467067247256 ) ) ;
#1123 = CARTESIAN_POINT ( 'NONE',  ( 4.381966011250105097, -1.000000000000000000, 6.000000000000000000 ) ) ;
#1124 = CARTESIAN_POINT ( 'NONE',  ( 0.000000000000000000, 0.000000000000000000, 5.000000000000000000 ) ) ;
#1125 = VECTOR ( 'NONE', #832, 1000.000000000000000 ) ;
#1126 = VERTEX_POINT ( 'NONE', #773 ) ;
#1127 = EDGE_CURVE ( 'NONE', #1014, #1021, #391, .T. ) ;
#1128 = EDGE_LOOP ( 'NONE', ( #1320, #38, #1262, #967 ) ) ;
#1129 = B_SPLINE_CURVE_WITH_KNOTS ( 'NONE', 3,
 ( #841, #976, #603, #1484, #1122, #1500, #719, #432 ),
 .UNSPECIFIED., .F., .F.,
 ( 4, 2, 2, 4 ),
 ( 0.001355353617180791613, 0.002031162164330611603, 0.002369066437905520840, 0.002706970711480430076 ),
 .UNSPECIFIED. ) ;
#1130 = DIRECTION ( 'NONE',  ( 8.673617379884035472E-16, 1.000000000000000000, 0.000000000000000000 ) ) ;
#1131 = CARTESIAN_POINT ( 'NONE',  ( 27.50000000000000000, 17.00000000000000000, 3.000000000000000000 ) ) ;
#1132 = CARTESIAN_POINT ( 'NONE',  ( 5.500000000000000000, -1.500000000000003775, 4.600000000000004086 ) ) ;
#1133 = CARTESIAN_POINT ( 'NONE',  ( 3.438447187191171928, -4.000000000000000000, 1.000000000000000000 ) ) ;
#1134 = ORIENTED_EDGE ( 'NONE', *, *, #576, .T. ) ;
#1135 = ORIENTED_EDGE ( 'NONE', *, *, #319, .F. ) ;
#1136 = EDGE_CURVE ( 'NONE', #158, #366, #1671, .T. ) ;
#1137 = CARTESIAN_POINT ( 'NONE',  ( 7.561552812808824520, -4.000000000000000000, 5.000000000000000000 ) ) ;
#1138 = CARTESIAN_POINT ( 'NONE',  ( 4.381966011250105097, -1.000000000000000000, 1.855447685774040067 ) ) ;
#1139 = DIRECTION ( 'NONE',  ( 0.000000000000000000, -1.000000000000000000, 0.000000000000000000 ) ) ;
#1140 = VERTEX_POINT ( 'NONE', #1024 ) ;
#1141 = EDGE_LOOP ( 'NONE', ( #1337, #1433, #1271, #748 ) ) ;
#1142 = AXIS2_PLACEMENT_3D ( 'NONE', #1709, #800, #138 ) ;
#1143 = CIRCLE ( 'NONE', #1356, 1.600000000000000311 ) ;
#1144 = ORIENTED_EDGE ( 'NONE', *, *, #1609, .F. ) ;
#1145 = ORIENTED_EDGE ( 'NONE', *, *, #1580, .T. ) ;
#1146 = AXIS2_PLACEMENT_3D ( 'NONE', #612, #1369, #1650 ) ;
#1147 = STYLED_ITEM ( 'NONE', ( #1213 ), #1194 ) ;
#1148 = FACE_OUTER_BOUND ( 'NONE', #293, .T. ) ;
#1149 = DIRECTION ( 'NONE',  ( 0.000000000000000000, 0.000000000000000000, -1.000000000000000000 ) ) ;
#1150 = ORIENTED_EDGE ( 'NONE', *, *, #1312, .F. ) ;
#1151 = CIRCLE ( 'NONE', #599, 1.600000000000000089 ) ;
#1152 = DIRECTION ( 'NONE',  ( -0.000000000000000000, 1.000000000000000000, 0.000000000000000000 ) ) ;
#1153 = VERTEX_POINT ( 'NONE', #1173 ) ;
#1154 = EDGE_LOOP ( 'NONE', ( #1093, #1397 ) ) ;
#1155 = ORIENTED_EDGE ( 'NONE', *, *, #868, .F. ) ;
#1156 = CARTESIAN_POINT ( 'NONE',  ( 5.500000000000000000, -5.000000000000000000, 4.599999999999999645 ) ) ;
#1157 = DIRECTION ( 'NONE',  ( -1.000000000000000000, 0.000000000000000000, 0.000000000000000000 ) ) ;
#1158 = ADVANCED_FACE ( 'NONE', ( #1422 ), #1360, .T. ) ;
#1159 = CARTESIAN_POINT ( 'NONE',  ( 10.99999999999999822, 13.00000000000000000, 1.000000000000000000 ) ) ;
#1160 = DIRECTION ( 'NONE',  ( 1.000000000000000000, 0.000000000000000000, 0.000000000000000000 ) ) ;
#1161 = ORIENTED_EDGE ( 'NONE', *, *, #237, .T. ) ;
#1162 = ORIENTED_EDGE ( 'NONE', *, *, #149, .F. ) ;
#1163 = DIRECTION ( 'NONE',  ( -0.000000000000000000, -0.000000000000000000, 1.000000000000000000 ) ) ;
#1164 = CARTESIAN_POINT ( 'NONE',  ( 5.500000000000000000, -5.000000000000000000, 3.000000000000000000 ) ) ;
#1165 = ADVANCED_FACE ( 'NONE', ( #1043 ), #1582, .T. ) ;
#1166 = PLANE ( 'NONE',  #1121 ) ;
#1167 = ORIENTED_EDGE ( 'NONE', *, *, #752, .F. ) ;
#1168 = AXIS2_PLACEMENT_3D ( 'NONE', #1399, #1023, #208 ) ;
#1169 = DIRECTION ( 'NONE',  ( 1.000000000000000000, 0.000000000000000000, 0.000000000000000000 ) ) ;
#1170 = AXIS2_PLACEMENT_3D ( 'NONE', #1133, #1376, #1358 ) ;
#1171 = AXIS2_PLACEMENT_3D ( 'NONE', #439, #1355, #1104 ) ;
#1172 = CARTESIAN_POINT ( 'NONE',  ( 1.000000000000000000, 18.45941494197473176, 5.000000000000000000 ) ) ;
#1173 = CARTESIAN_POINT ( 'NONE',  ( 7.561552812808824520, -4.000000000000000000, 6.000000000000000000 ) ) ;
#1174 = CARTESIAN_POINT ( 'NONE',  ( 28.00000000000000355, 18.60000000000000497, 3.000000000000000444 ) ) ;
#1175 = PLANE ( 'NONE',  #29 ) ;
#1176 = CIRCLE ( 'NONE', #167, 1.000000000000000000 ) ;
#1177 = ADVANCED_FACE ( 'NONE', ( #1726 ), #257, .T. ) ;
#1178 = AXIS2_PLACEMENT_3D ( 'NONE', #441, #459, #1528 ) ;
#1179 = EDGE_LOOP ( 'NONE', ( #10, #607, #337, #1514 ) ) ;
#1180 = ADVANCED_FACE ( 'NONE', ( #1079 ), #1716, .T. ) ;
#1181 = DIRECTION ( 'NONE',  ( -1.000000000000000000, 0.000000000000000000, 0.000000000000000000 ) ) ;
#1182 = DIRECTION ( 'NONE',  ( -0.000000000000000000, -0.000000000000000000, 1.000000000000000000 ) ) ;
#1183 = DIRECTION ( 'NONE',  ( 0.000000000000000000, 0.000000000000000000, -1.000000000000000000 ) ) ;
#1184 = CARTESIAN_POINT ( 'NONE',  ( 27.57134088843543296, 18.20688313785780110, 1.945775241696844349 ) ) ;
#1185 = DIRECTION ( 'NONE',  ( -1.000000000000000000, 0.000000000000000000, 0.000000000000000000 ) ) ;
#1186 = ORIENTED_EDGE ( 'NONE', *, *, #1482, .F. ) ;
#1187 = EDGE_LOOP ( 'NONE', ( #994, #1313, #1217, #872 ) ) ;
#1188 = B_SPLINE_CURVE_WITH_KNOTS ( 'NONE', 3,
 ( #683, #1184, #1717, #246, #1592, #109, #1617, #265 ),
 .UNSPECIFIED., .F., .F.,
 ( 4, 2, 2, 4 ),
 ( 0.000000000000000000, 0.0003388384042951970358, 0.0006776768085903940716, 0.001355353617180791179 ),
 .UNSPECIFIED. ) ;
#1189 = EDGE_CURVE ( 'NONE', #18, #1524, #395, .T. ) ;
#1190 = CARTESIAN_POINT ( 'NONE',  ( 5.500000000000000000, -1.000000000000000000, 3.000000000000000000 ) ) ;
#1191 = CARTESIAN_POINT ( 'NONE',  ( 0.000000000000000000, 0.000000000000000000, 6.000000000000000000 ) ) ;
#1192 = CARTESIAN_POINT ( 'NONE',  ( 30.50000000000000000, 15.00000000000000000, 0.000000000000000000 ) ) ;
#1193 = DIRECTION ( 'NONE',  ( 1.000000000000000000, 0.000000000000000000, 0.000000000000000000 ) ) ;
#1194 = MANIFOLD_SOLID_BREP ( '\X2\52079664\X0\-\X2\62c94f38\X0\8', #303 ) ;
#1195 = DIRECTION ( 'NONE',  ( -0.000000000000000000, -0.000000000000000000, 1.000000000000000000 ) ) ;
#1196 = ORIENTED_EDGE ( 'NONE', *, *, #463, .T. ) ;
#1197 = CARTESIAN_POINT ( 'NONE',  ( 4.674348669337629048, -1.256225477771179433, 1.626148532932754520 ) ) ;
#1198 = EDGE_CURVE ( 'NONE', #660, #829, #1388, .T. ) ;
#1199 = CIRCLE ( 'NONE', #1414, 1.600000000000000311 ) ;
#1200 = CARTESIAN_POINT ( 'NONE',  ( 5.500000000000000000, -1.500000000000003775, 1.399999999999996136 ) ) ;
#1201 = CARTESIAN_POINT ( 'NONE',  ( 31.50000000000000000, 17.00000000000000000, 4.599999999999999645 ) ) ;
#1202 = VERTEX_POINT ( 'NONE', #1347 ) ;
#1203 = AXIS2_PLACEMENT_3D ( 'NONE', #477, #1634, #605 ) ;
#1204 = FACE_OUTER_BOUND ( 'NONE', #1652, .T. ) ;
#1205 = AXIS2_PLACEMENT_3D ( 'NONE', #1226, #1447, #792 ) ;
#1206 = CYLINDRICAL_SURFACE ( 'NONE', #106, 5.499999999999998224 ) ;
#1207 = COLOUR_RGB ( '',0.7921568627450980005, 0.8196078431372548767, 0.9333333333333333481 ) ;
#1208 = EDGE_LOOP ( 'NONE', ( #151, #1680, #235, #326 ) ) ;
#1209 = ORIENTED_EDGE ( 'NONE', *, *, #111, .F. ) ;
#1210 = VECTOR ( 'NONE', #776, 1000.000000000000000 ) ;
#1211 = FACE_OUTER_BOUND ( 'NONE', #1427, .T. ) ;
#1212 = LINE ( 'NONE', #269, #1229 ) ;
#1213 = PRESENTATION_STYLE_ASSIGNMENT (( #1058 ) ) ;
#1214 = LINE ( 'NONE', #163, #559 ) ;
#1215 = ADVANCED_FACE ( 'NONE', ( #13 ), #555, .T. ) ;
#1216 = ORIENTED_EDGE ( 'NONE', *, *, #629, .F. ) ;
#1217 = ORIENTED_EDGE ( 'NONE', *, *, #1073, .F. ) ;
#1218 = DIRECTION ( 'NONE',  ( 0.000000000000000000, 0.000000000000000000, -1.000000000000000000 ) ) ;
#1219 = DIRECTION ( 'NONE',  ( -1.000000000000000000, 0.000000000000000000, 0.000000000000000000 ) ) ;
#1220 = DIRECTION ( 'NONE',  ( 1.000000000000000000, 0.000000000000000000, -8.673617379884031528E-16 ) ) ;
#1221 = CARTESIAN_POINT ( 'NONE',  ( 5.500000000000000000, -5.000000000000000000, 3.000000000000000000 ) ) ;
#1222 = ADVANCED_FACE ( 'NONE', ( #823 ), #154, .F. ) ;
#1223 = EDGE_LOOP ( 'NONE', ( #1681, #1643, #143 ) ) ;
#1224 = VERTEX_POINT ( 'NONE', #1192 ) ;
#1225 = CARTESIAN_POINT ( 'NONE',  ( 27.57134088843542941, 15.79311686214220423, 4.054224758303156761 ) ) ;
#1226 = CARTESIAN_POINT ( 'NONE',  ( 5.500000000000000000, -1.000000000000000000, 3.000000000000000000 ) ) ;
#1227 = AXIS2_PLACEMENT_3D ( 'NONE', #1566, #865, #368 ) ;
#1228 = DIRECTION ( 'NONE',  ( -0.000000000000000000, -0.000000000000000000, 1.000000000000000000 ) ) ;
#1229 = VECTOR ( 'NONE', #816, 1000.000000000000000 ) ;
#1230 = AXIS2_PLACEMENT_3D ( 'NONE', #116, #264, #799 ) ;
#1231 = ADVANCED_FACE ( 'NONE', ( #1316 ), #680, .T. ) ;
#1232 = ORIENTED_EDGE ( 'NONE', *, *, #1406, .T. ) ;
#1233 = EDGE_CURVE ( 'NONE', #1066, #1384, #194, .T. ) ;
#1234 = AXIS2_PLACEMENT_3D ( 'NONE', #1718, #128, #1081 ) ;
#1235 = CARTESIAN_POINT ( 'NONE',  ( 28.00000000000000000, 19.99999999999999645, 3.000000000000000000 ) ) ;
#1236 = ORIENTED_EDGE ( 'NONE', *, *, #1341, .T. ) ;
#1237 = CARTESIAN_POINT ( 'NONE',  ( 30.50000000000000000, 19.00000000000000000, 0.000000000000000000 ) ) ;
#1238 = DIRECTION ( 'NONE',  ( 1.000000000000000000, 0.000000000000000000, 0.000000000000000000 ) ) ;
#1239 = DIRECTION ( 'NONE',  ( 0.000000000000000000, -1.000000000000000000, -0.000000000000000000 ) ) ;
#1240 = VERTEX_POINT ( 'NONE', #1201 ) ;
#1241 = LINE ( 'NONE', #178, #1385 ) ;
#1242 = ORIENTED_EDGE ( 'NONE', *, *, #1127, .F. ) ;
#1243 = EDGE_CURVE ( 'NONE', #318, #131, #449, .T. ) ;
#1244 = CARTESIAN_POINT ( 'NONE',  ( 4.516655426625518999, -1.137043201989749619, 4.265792819756501153 ) ) ;
#1245 = LINE ( 'NONE', #42, #1004 ) ;
#1246 = DIRECTION ( 'NONE',  ( -1.000000000000000000, 0.000000000000000000, 0.000000000000000000 ) ) ;
#1247 = CARTESIAN_POINT ( 'NONE',  ( 0.000000000000000000, 18.45941494197473176, 6.000000000000000000 ) ) ;
#1248 = EDGE_LOOP ( 'NONE', ( #901, #711, #130, #544 ) ) ;
#1249 = ORIENTED_EDGE ( 'NONE', *, *, #365, .T. ) ;
#1250 = EDGE_CURVE ( 'NONE', #1507, #1603, #119, .T. ) ;
#1251 = DIRECTION ( 'NONE',  ( 7.228014483236695816E-17, 1.000000000000000000, 0.000000000000000000 ) ) ;
#1252 = CARTESIAN_POINT ( 'NONE',  ( 9.999999999999996447, 13.00000000000000000, 5.000000000000000000 ) ) ;
#1253 = VERTEX_POINT ( 'NONE', #830 ) ;
#1254 = ORIENTED_EDGE ( 'NONE', *, *, #1695, .F. ) ;
#1255 = VECTOR ( 'NONE', #1455, 1000.000000000000000 ) ;
#1256 = VECTOR ( 'NONE', #1577, 1000.000000000000000 ) ;
#1257 = DIRECTION ( 'NONE',  ( -1.000000000000000000, -0.000000000000000000, -0.000000000000000000 ) ) ;
#1258 = CARTESIAN_POINT ( 'NONE',  ( 12.00000000000000000, 13.00000000000000000, 5.000000000000000000 ) ) ;
#1259 = AXIS2_PLACEMENT_3D ( 'NONE', #977, #1502, #1512 ) ;
#1260 = DIRECTION ( 'NONE',  ( -7.228014483236695816E-17, -1.000000000000000000, 0.000000000000000000 ) ) ;
#1261 = FACE_OUTER_BOUND ( 'NONE', #1669, .T. ) ;
#1262 = ORIENTED_EDGE ( 'NONE', *, *, #796, .F. ) ;
#1263 = EDGE_CURVE ( 'NONE', #1509, #1082, #1091, .T. ) ;
#1264 = ORIENTED_EDGE ( 'NONE', *, *, #786, .F. ) ;
#1265 = ORIENTED_EDGE ( 'NONE', *, *, #290, .T. ) ;
#1266 = CARTESIAN_POINT ( 'NONE',  ( 30.50000000000000000, 15.00000000000000000, 1.000000000000000000 ) ) ;
#1267 = ORIENTED_EDGE ( 'NONE', *, *, #905, .T. ) ;
#1268 = DIRECTION ( 'NONE',  ( 8.673617379884035472E-16, 0.000000000000000000, -1.000000000000000000 ) ) ;
#1269 = CARTESIAN_POINT ( 'NONE',  ( 5.500000000000000000, -1.000000000000000000, 3.000000000000000000 ) ) ;
#1270 = CARTESIAN_POINT ( 'NONE',  ( 4.000000000000000000, 0.000000000000000000, 6.000000000000000000 ) ) ;
#1271 = ORIENTED_EDGE ( 'NONE', *, *, #1525, .F. ) ;
#1272 = ADVANCED_FACE ( 'NONE', ( #1366 ), #1419, .T. ) ;
#1273 = ORIENTED_EDGE ( 'NONE', *, *, #818, .T. ) ;
#1274 = EDGE_LOOP ( 'NONE', ( #1352, #993, #58, #1610, #1365, #1022, #1672, #626 ) ) ;
#1275 = CARTESIAN_POINT ( 'NONE',  ( 31.50000000000000000, 17.00000000000000000, 3.000000000000000000 ) ) ;
#1276 = DIRECTION ( 'NONE',  ( 0.000000000000000000, 0.000000000000000000, -1.000000000000000000 ) ) ;
#1277 = CARTESIAN_POINT ( 'NONE',  ( 1.000000000000000000, 0.000000000000000000, 0.000000000000000000 ) ) ;
#1278 = DIRECTION ( 'NONE',  ( 1.000000000000000000, 0.000000000000000000, 0.000000000000000000 ) ) ;
#1279 = ORIENTED_EDGE ( 'NONE', *, *, #970, .T. ) ;
#1280 = AXIS2_PLACEMENT_3D ( 'NONE', #1526, #1285, #772 ) ;
#1281 = ORIENTED_EDGE ( 'NONE', *, *, #1114, .F. ) ;
#1282 = EDGE_LOOP ( 'NONE', ( #753, #1697, #379, #361 ) ) ;
#1283 = CIRCLE ( 'NONE', #1723, 2.000000000000000000 ) ;
#1284 = ADVANCED_FACE ( 'NONE', ( #306 ), #713, .T. ) ;
#1285 = DIRECTION ( 'NONE',  ( 0.000000000000000000, 0.000000000000000000, -1.000000000000000000 ) ) ;
#1286 = SPHERICAL_SURFACE ( 'NONE', #652, 1.000000000000000000 ) ;
#1287 = DIRECTION ( 'NONE',  ( 0.000000000000000000, 1.000000000000000000, 0.000000000000000000 ) ) ;
#1288 = AXIS2_PLACEMENT_3D ( 'NONE', #810, #1618, #557 ) ;
#1289 = CARTESIAN_POINT ( 'NONE',  ( 30.50000000000000000, 19.00000000000000000, 1.000000000000000000 ) ) ;
#1290 = VERTEX_POINT ( 'NONE', #1492 ) ;
#1291 = ORIENTED_EDGE ( 'NONE', *, *, #682, .F. ) ;
#1292 = PLANE ( 'NONE',  #1227 ) ;
#1293 = ADVANCED_FACE ( 'NONE', ( #840 ), #584, .F. ) ;
#1294 = CARTESIAN_POINT ( 'NONE',  ( 30.50000000000000000, 15.00000000000000000, 6.000000000000000000 ) ) ;
#1295 = LINE ( 'NONE', #1423, #723 ) ;
#1296 = PLANE ( 'NONE',  #82 ) ;
#1297 = EDGE_LOOP ( 'NONE', ( #40, #1196, #737, #1273 ) ) ;
#1298 = ORIENTED_EDGE ( 'NONE', *, *, #43, .F. ) ;
#1299 = CARTESIAN_POINT ( 'NONE',  ( 27.50000000000000000, 17.00000000000000000, 4.599999999999999645 ) ) ;
#1300 = DIRECTION ( 'NONE',  ( 0.000000000000000000, 0.000000000000000000, -1.000000000000000000 ) ) ;
#1301 = LINE ( 'NONE', #98, #20 ) ;
#1302 = CARTESIAN_POINT ( 'NONE',  ( 6.618033988749894014, -1.000000000000000000, 4.144552314225960821 ) ) ;
#1303 = ADVANCED_FACE ( 'NONE', ( #1097 ), #297, .T. ) ;
#1304 = ORIENTED_EDGE ( 'NONE', *, *, #1572, .T. ) ;
#1305 = CIRCLE ( 'NONE', #277, 1.000000000000000000 ) ;
#1306 = DIRECTION ( 'NONE',  ( -0.000000000000000000, -0.000000000000000000, -1.000000000000000000 ) ) ;
#1307 = VECTOR ( 'NONE', #1383, 1000.000000000000000 ) ;
#1308 = LINE ( 'NONE', #537, #221 ) ;
#1309 = DIRECTION ( 'NONE',  ( 1.000000000000000000, -0.000000000000000000, -0.000000000000000000 ) ) ;
#1310 = DIRECTION ( 'NONE',  ( -1.000000000000000000, 7.228014483236695816E-17, -0.000000000000000000 ) ) ;
#1311 = DIRECTION ( 'NONE',  ( 0.000000000000000000, 0.000000000000000000, 1.000000000000000000 ) ) ;
#1312 = EDGE_CURVE ( 'NONE', #628, #318, #249, .T. ) ;
#1313 = ORIENTED_EDGE ( 'NONE', *, *, #68, .F. ) ;
#1314 = CARTESIAN_POINT ( 'NONE',  ( 4.516395997862579392, -1.136805057081126114, 1.734420630554283527 ) ) ;
#1315 = LINE ( 'NONE', #6, #1670 ) ;
#1316 = FACE_OUTER_BOUND ( 'NONE', #51, .T. ) ;
#1317 = DIRECTION ( 'NONE',  ( 0.000000000000000000, 0.000000000000000000, -1.000000000000000000 ) ) ;
#1318 = DIRECTION ( 'NONE',  ( -0.000000000000000000, -0.000000000000000000, -1.000000000000000000 ) ) ;
#1319 = EDGE_CURVE ( 'NONE', #617, #609, #507, .T. ) ;
#1320 = ORIENTED_EDGE ( 'NONE', *, *, #1495, .T. ) ;
#1321 = CYLINDRICAL_SURFACE ( 'NONE', #23, 5.499999999999998224 ) ;
#1322 = LINE ( 'NONE', #940, #1090 ) ;
#1323 = CARTESIAN_POINT ( 'NONE',  ( 30.50000000000000000, 15.00000000000000000, 5.000000000000000000 ) ) ;
#1324 = CARTESIAN_POINT ( 'NONE',  ( 5.499999999999998224, 0.000000000000000000, 5.000000000000000000 ) ) ;
#1325 = SPHERICAL_SURFACE ( 'NONE', #1234, 1.000000000000000000 ) ;
#1326 = ORIENTED_EDGE ( 'NONE', *, *, #815, .T. ) ;
#1327 = CIRCLE ( 'NONE', #527, 1.000000000000000000 ) ;
#1328 = LINE ( 'NONE', #513, #1116 ) ;
#1329 = AXIS2_PLACEMENT_3D ( 'NONE', #637, #72, #1690 ) ;
#1330 = EDGE_CURVE ( 'NONE', #1013, #1418, #728, .T. ) ;
#1331 = CARTESIAN_POINT ( 'NONE',  ( 7.561552812808823631, -5.000000000000000000, 1.000000000000000000 ) ) ;
#1332 = CARTESIAN_POINT ( 'NONE',  ( 4.381966011250105097, -1.000000000000000000, 4.144552314225960821 ) ) ;
#1333 = CIRCLE ( 'NONE', #448, 1.000000000000000000 ) ;
#1334 = DIRECTION ( 'NONE',  ( -1.000000000000000000, 0.000000000000000000, 0.000000000000000000 ) ) ;
#1335 = AXIS2_PLACEMENT_3D ( 'NONE', #884, #495, #907 ) ;
#1336 = CARTESIAN_POINT ( 'NONE',  ( 4.381966011250105097, -1.000000000000000000, 4.144552314225960821 ) ) ;
#1337 = ORIENTED_EDGE ( 'NONE', *, *, #1461, .T. ) ;
#1338 = ORIENTED_EDGE ( 'NONE', *, *, #485, .T. ) ;
#1339 = CARTESIAN_POINT ( 'NONE',  ( 27.50000000000000000, 17.00000000000000000, 3.000000000000000000 ) ) ;
#1340 = CARTESIAN_POINT ( 'NONE',  ( 30.50000000000000000, 15.00000000000000000, 0.000000000000000000 ) ) ;
#1341 = EDGE_CURVE ( 'NONE', #76, #763, #1698, .T. ) ;
#1342 = CARTESIAN_POINT ( 'NONE',  ( 26.50000000000000000, 19.99999999999999645, 3.000000000000000000 ) ) ;
#1343 = CARTESIAN_POINT ( 'NONE',  ( 0.7631578947368414800, 19.43096309681551048, 1.000000000000000000 ) ) ;
#1344 = ORIENTED_EDGE ( 'NONE', *, *, #442, .T. ) ;
#1345 = EDGE_LOOP ( 'NONE', ( #614, #355, #324, #227 ) ) ;
#1346 = DIRECTION ( 'NONE',  ( -1.000000000000000000, 0.000000000000000000, 0.000000000000000000 ) ) ;
#1347 = CARTESIAN_POINT ( 'NONE',  ( 1.000000000000000000, 0.000000000000000000, 6.000000000000000000 ) ) ;
#1348 = DIRECTION ( 'NONE',  ( 0.4581228472908486227, -0.8888888888888903939, 0.000000000000000000 ) ) ;
#1349 = EDGE_CURVE ( 'NONE', #18, #171, #788, .T. ) ;
#1350 = DIRECTION ( 'NONE',  ( -0.000000000000000000, -0.000000000000000000, -1.000000000000000000 ) ) ;
#1351 = EDGE_CURVE ( 'NONE', #1126, #616, #2, .T. ) ;
#1352 = ORIENTED_EDGE ( 'NONE', *, *, #1351, .F. ) ;
#1353 = CARTESIAN_POINT ( 'NONE',  ( 27.63704320198975140, 15.73420718024350506, 3.983344573374479669 ) ) ;
#1354 = ORIENTED_EDGE ( 'NONE', *, *, #852, .T. ) ;
#1355 = DIRECTION ( 'NONE',  ( 0.000000000000000000, 0.000000000000000000, 1.000000000000000000 ) ) ;
#1356 = AXIS2_PLACEMENT_3D ( 'NONE', #831, #56, #1511 ) ;
#1357 = DIRECTION ( 'NONE',  ( 0.000000000000000000, 0.000000000000000000, -1.000000000000000000 ) ) ;
#1358 = DIRECTION ( 'NONE',  ( -1.000000000000000000, 0.000000000000000000, 0.000000000000000000 ) ) ;
#1359 = AXIS2_PLACEMENT_3D ( 'NONE', #727, #738, #1389 ) ;
#1360 = TOROIDAL_SURFACE ( 'NONE', #928, 19.00000000000000000, 1.000000000000000000 ) ;
#1361 = ORIENTED_EDGE ( 'NONE', *, *, #961, .T. ) ;
#1362 = ADVANCED_FACE ( 'NONE', ( #787, #516 ), #1296, .F. ) ;
#1363 = AXIS2_PLACEMENT_3D ( 'NONE', #987, #604, #1113 ) ;
#1364 = DIRECTION ( 'NONE',  ( 7.228014483236695816E-17, 1.000000000000000000, 0.000000000000000000 ) ) ;
#1365 = ORIENTED_EDGE ( 'NONE', *, *, #136, .T. ) ;
#1366 = FACE_OUTER_BOUND ( 'NONE', #922, .T. ) ;
#1367 = DIRECTION ( 'NONE',  ( -1.000000000000000000, 0.000000000000000000, 0.000000000000000000 ) ) ;
#1368 = CARTESIAN_POINT ( 'NONE',  ( 0.000000000000000000, 0.000000000000000000, 0.000000000000000000 ) ) ;
#1369 = DIRECTION ( 'NONE',  ( -0.000000000000000000, -1.000000000000000000, -0.000000000000000000 ) ) ;
#1370 = EDGE_LOOP ( 'NONE', ( #762, #239, #1005, #287 ) ) ;
#1371 = ADVANCED_FACE ( 'NONE', ( #1570 ), #1425, .T. ) ;
#1372 = DIRECTION ( 'NONE',  ( -1.000000000000000000, 0.000000000000000000, 0.000000000000000000 ) ) ;
#1373 = ORIENTED_EDGE ( 'NONE', *, *, #905, .F. ) ;
#1374 = CYLINDRICAL_SURFACE ( 'NONE', #780, 0.9999999999999991118 ) ;
#1375 = FACE_OUTER_BOUND ( 'NONE', #770, .T. ) ;
#1376 = DIRECTION ( 'NONE',  ( 0.000000000000000000, -0.000000000000000000, -1.000000000000000000 ) ) ;
#1377 = ORIENTED_EDGE ( 'NONE', *, *, #1602, .F. ) ;
#1378 = ORIENTED_EDGE ( 'NONE', *, *, #691, .F. ) ;
#1379 = CARTESIAN_POINT ( 'NONE',  ( 27.94616209101190307, 15.45073777891367683, 3.450614217495055147 ) ) ;
#1380 = DIRECTION ( 'NONE',  ( 1.000000000000000000, -7.228014483236695816E-17, 0.000000000000000000 ) ) ;
#1381 = EDGE_CURVE ( 'NONE', #70, #1006, #371, .T. ) ;
#1382 = CARTESIAN_POINT ( 'NONE',  ( 3.208712152522083194, -5.000000000000000000, 5.000000000000000000 ) ) ;
#1383 = DIRECTION ( 'NONE',  ( 0.000000000000000000, 0.000000000000000000, -1.000000000000000000 ) ) ;
#1384 = VERTEX_POINT ( 'NONE', #363 ) ;
#1385 = VECTOR ( 'NONE', #153, 1000.000000000000000 ) ;
#1386 = ORIENTED_EDGE ( 'NONE', *, *, #1263, .T. ) ;
#1387 = AXIS2_PLACEMENT_3D ( 'NONE', #166, #1529, #707 ) ;
#1388 = CIRCLE ( 'NONE', #1506, 1.000000000000000000 ) ;
#1389 = DIRECTION ( 'NONE',  ( -1.000000000000000000, 0.000000000000000000, 0.000000000000000000 ) ) ;
#1390 = CIRCLE ( 'NONE', #1095, 5.499999999999998224 ) ;
#1391 = DIRECTION ( 'NONE',  ( -1.000000000000000000, 0.000000000000000000, 0.000000000000000000 ) ) ;
#1392 = LINE ( 'NONE', #730, #541 ) ;
#1393 = ADVANCED_FACE ( 'NONE', ( #480 ), #1166, .T. ) ;
#1394 = CARTESIAN_POINT ( 'NONE',  ( 1.000000000000000000, 0.000000000000000000, 1.000000000000000000 ) ) ;
#1395 = PLANE ( 'NONE',  #1002 ) ;
#1396 = VERTEX_POINT ( 'NONE', #1687 ) ;
#1397 = ORIENTED_EDGE ( 'NONE', *, *, #510, .F. ) ;
#1398 = ORIENTED_EDGE ( 'NONE', *, *, #989, .F. ) ;
#1399 = CARTESIAN_POINT ( 'NONE',  ( 1.000000000000000000, 18.45941494197473176, 1.000000000000000000 ) ) ;
#1400 = CARTESIAN_POINT ( 'NONE',  ( 0.000000000000000000, 0.000000000000000000, 0.000000000000000000 ) ) ;
#1401 = CARTESIAN_POINT ( 'NONE',  ( 5.499999999999998224, 0.000000000000000000, 5.000000000000000000 ) ) ;
#1402 = DIRECTION ( 'NONE',  ( 1.000000000000000000, 0.000000000000000000, 0.000000000000000000 ) ) ;
#1403 = ADVANCED_FACE ( 'NONE', ( #625 ), #1175, .T. ) ;
#1404 = SPHERICAL_SURFACE ( 'NONE', #1452, 1.000000000000000000 ) ;
#1405 = ORIENTED_EDGE ( 'NONE', *, *, #852, .F. ) ;
#1406 = EDGE_CURVE ( 'NONE', #1066, #183, #1412, .T. ) ;
#1407 = EDGE_LOOP ( 'NONE', ( #499, #1145, #1585 ) ) ;
#1408 = ORIENTED_EDGE ( 'NONE', *, *, #1450, .T. ) ;
#1409 = DIRECTION ( 'NONE',  ( 1.000000000000000000, -7.228014483236695816E-17, 0.000000000000000000 ) ) ;
#1410 = CARTESIAN_POINT ( 'NONE',  ( 7.561552812808823631, -4.000000000000000000, 1.000000000000000000 ) ) ;
#1411 = CARTESIAN_POINT ( 'NONE',  ( 30.50000000000000000, 20.00000000000000000, 5.000000000000000000 ) ) ;
#1412 = LINE ( 'NONE', #769, #367 ) ;
#1413 = EDGE_LOOP ( 'NONE', ( #789, #1338, #456 ) ) ;
#1414 = AXIS2_PLACEMENT_3D ( 'NONE', #1339, #1169, #373 ) ;
#1415 = CIRCLE ( 'NONE', #621, 1.000000000000000000 ) ;
#1416 = EDGE_CURVE ( 'NONE', #121, #1014, #92, .T. ) ;
#1417 = VERTEX_POINT ( 'NONE', #1302 ) ;
#1418 = VERTEX_POINT ( 'NONE', #343 ) ;
#1419 = TOROIDAL_SURFACE ( 'NONE', #52, 19.00000000000000000, 1.000000000000000000 ) ;
#1420 = FACE_OUTER_BOUND ( 'NONE', #1282, .T. ) ;
#1421 = APPLICATION_PROTOCOL_DEFINITION ( 'draft international standard', 'automotive_design', 1998, #348 ) ;
#1422 = FACE_OUTER_BOUND ( 'NONE', #112, .T. ) ;
#1423 = CARTESIAN_POINT ( 'NONE',  ( 7.561552812808823631, -5.000000000000000000, 6.000000000000000000 ) ) ;
#1424 = VECTOR ( 'NONE', #550, 1000.000000000000000 ) ;
#1425 = CYLINDRICAL_SURFACE ( 'NONE', #285, 1.000000000000000000 ) ;
#1426 = ORIENTED_EDGE ( 'NONE', *, *, #834, .F. ) ;
#1427 = EDGE_LOOP ( 'NONE', ( #1326, #1571, #1553, #1003 ) ) ;
#1428 = ADVANCED_FACE ( 'NONE', ( #761 ), #1404, .T. ) ;
#1429 = DIRECTION ( 'NONE',  ( -1.000000000000000000, 0.000000000000000000, 0.000000000000000000 ) ) ;
#1430 = CARTESIAN_POINT ( 'NONE',  ( 30.50000000000000000, 15.00000000000000000, 1.000000000000000000 ) ) ;
#1431 = CARTESIAN_POINT ( 'NONE',  ( 27.81053237560811908, 18.42379830833165144, 3.737293336935360255 ) ) ;
#1432 = DIRECTION ( 'NONE',  ( -0.000000000000000000, -0.000000000000000000, -1.000000000000000000 ) ) ;
#1433 = ORIENTED_EDGE ( 'NONE', *, *, #1572, .F. ) ;
#1434 = EDGE_CURVE ( 'NONE', #1418, #1013, #1478, .T. ) ;
#1435 = DIRECTION ( 'NONE',  ( 1.000000000000000000, 0.000000000000000000, 0.000000000000000000 ) ) ;
#1436 = CARTESIAN_POINT ( 'NONE',  ( 1.000000000000000000, 18.45941494197473176, 6.000000000000000000 ) ) ;
#1437 = DIRECTION ( 'NONE',  ( -1.000000000000000000, 0.000000000000000000, -8.673617379884035472E-16 ) ) ;
#1438 = ADVANCED_FACE ( 'NONE', ( #634 ), #953, .T. ) ;
#1439 = DIRECTION ( 'NONE',  ( 0.000000000000000000, -1.000000000000000000, 0.000000000000000000 ) ) ;
#1440 = DIRECTION ( 'NONE',  ( -7.228014483236695816E-17, -1.000000000000000000, 0.000000000000000000 ) ) ;
#1441 = ORIENTED_EDGE ( 'NONE', *, *, #864, .F. ) ;
#1442 = CIRCLE ( 'NONE', #1088, 20.00000000000000000 ) ;
#1443 = CARTESIAN_POINT ( 'NONE',  ( 12.00000000000000000, 13.00000000000000000, 6.000000000000000000 ) ) ;
#1444 = AXIS2_PLACEMENT_3D ( 'NONE', #978, #1658, #856 ) ;
#1445 = AXIS2_PLACEMENT_3D ( 'NONE', #877, #1300, #1035 ) ;
#1446 = CARTESIAN_POINT ( 'NONE',  ( 27.50000000000000000, 15.85544768577404007, 4.118033988749894903 ) ) ;
#1447 = DIRECTION ( 'NONE',  ( -0.000000000000000000, -1.000000000000000000, -0.000000000000000000 ) ) ;
#1448 = B_SPLINE_CURVE_WITH_KNOTS ( 'NONE', 3,
 ( #1174, #370, #203, #1431, #633, #1018, #91, #1025 ),
 .UNSPECIFIED., .F., .F.,
 ( 4, 2, 2, 4 ),
 ( 0.001355353617180791179, 0.002031162164330608567, 0.002369066437905518671, 0.002706970711480428775 ),
 .UNSPECIFIED. ) ;
#1449 = CARTESIAN_POINT ( 'NONE',  ( 28.00000000000000355, 15.39999999999999680, 2.999999999999999556 ) ) ;
#1450 = EDGE_CURVE ( 'NONE', #492, #1545, #1595, .T. ) ;
#1451 = FACE_OUTER_BOUND ( 'NONE', #973, .T. ) ;
#1452 = AXIS2_PLACEMENT_3D ( 'NONE', #1289, #1152, #85 ) ;
#1453 = ORIENTED_EDGE ( 'NONE', *, *, #1381, .T. ) ;
#1454 = CARTESIAN_POINT ( 'NONE',  ( 3.438447187191171928, -4.000000000000000000, 5.000000000000000000 ) ) ;
#1455 = DIRECTION ( 'NONE',  ( -7.228014483236695816E-17, -1.000000000000000000, -0.000000000000000000 ) ) ;
#1456 =( NAMED_UNIT ( * ) PLANE_ANGLE_UNIT ( ) SI_UNIT ( $, .RADIAN. ) );
#1457 = FACE_OUTER_BOUND ( 'NONE', #882, .T. ) ;
#1458 = FACE_OUTER_BOUND ( 'NONE', #214, .T. ) ;
#1459 = PRODUCT_DEFINITION_CONTEXT ( 'detailed design', #348, 'design' ) ;
#1460 = ORIENTED_EDGE ( 'NONE', *, *, #1704, .T. ) ;
#1461 = EDGE_CURVE ( 'NONE', #76, #777, #1538, .T. ) ;
#1462 = DIRECTION ( 'NONE',  ( 0.000000000000000000, 0.000000000000000000, -1.000000000000000000 ) ) ;
#1463 = DIRECTION ( 'NONE',  ( -0.000000000000000000, -0.000000000000000000, 1.000000000000000000 ) ) ;
#1464 = CARTESIAN_POINT ( 'NONE',  ( 3.438447187191171928, -5.000000000000000000, 1.000000000000000000 ) ) ;
#1465 = CARTESIAN_POINT ( 'NONE',  ( 5.499999999999998224, 0.000000000000000000, 6.000000000000000000 ) ) ;
#1466 = VERTEX_POINT ( 'NONE', #16 ) ;
#1467 = ORIENTED_EDGE ( 'NONE', *, *, #186, .F. ) ;
#1468 = EDGE_CURVE ( 'NONE', #158, #18, #196, .T. ) ;
#1469 = CIRCLE ( 'NONE', #725, 0.9999999999999993339 ) ;
#1470 = FACE_OUTER_BOUND ( 'NONE', #484, .T. ) ;
#1471 = AXIS2_PLACEMENT_3D ( 'NONE', #1508, #838, #22 ) ;
#1472 = DIRECTION ( 'NONE',  ( 0.000000000000000000, 0.000000000000000000, -1.000000000000000000 ) ) ;
#1473 = DIRECTION ( 'NONE',  ( -1.000000000000000000, 0.000000000000000000, 0.000000000000000000 ) ) ;
#1474 = CIRCLE ( 'NONE', #162, 1.000000000000000888 ) ;
#1475 = LINE ( 'NONE', #1607, #414 ) ;
#1476 = AXIS2_PLACEMENT_3D ( 'NONE', #899, #1026, #886 ) ;
#1477 = CARTESIAN_POINT ( 'NONE',  ( 9.999999999999994671, 1.734723475976806848E-16, 1.000000000000000000 ) ) ;
#1478 = CIRCLE ( 'NONE', #900, 1.499999999999999556 ) ;
#1479 = ORIENTED_EDGE ( 'NONE', *, *, #765, .T. ) ;
#1480 = ORIENTED_EDGE ( 'NONE', *, *, #419, .T. ) ;
#1481 = CYLINDRICAL_SURFACE ( 'NONE', #1471, 1.000000000000000888 ) ;
#1482 = EDGE_CURVE ( 'NONE', #654, #1153, #140, .T. ) ;
#1483 = DIRECTION ( 'NONE',  ( -0.000000000000000000, 1.000000000000000000, -0.000000000000000000 ) ) ;
#1484 = CARTESIAN_POINT ( 'NONE',  ( 6.237293336935360699, -1.310532375608128186, 4.423798308331647000 ) ) ;
#1485 = ADVANCED_FACE ( 'NONE', ( #1458 ), #1074, .T. ) ;
#1486 = DIRECTION ( 'NONE',  ( 0.000000000000000000, 0.000000000000000000, -1.000000000000000000 ) ) ;
#1487 = ORIENTED_EDGE ( 'NONE', *, *, #508, .F. ) ;
#1488 = ORIENTED_EDGE ( 'NONE', *, *, #192, .T. ) ;
#1489 = FACE_OUTER_BOUND ( 'NONE', #702, .T. ) ;
#1490 = ORIENTED_EDGE ( 'NONE', *, *, #845, .T. ) ;
#1491 = PRODUCT_RELATED_PRODUCT_CATEGORY ( 'part', '', ( #433 ) ) ;
#1492 = CARTESIAN_POINT ( 'NONE',  ( 0.000000000000000000, 18.45941494197473176, 1.000000000000000000 ) ) ;
#1493 = DIRECTION ( 'NONE',  ( -0.000000000000000000, 1.000000000000000000, 0.000000000000000000 ) ) ;
#1494 = DIRECTION ( 'NONE',  ( 0.000000000000000000, 0.000000000000000000, -1.000000000000000000 ) ) ;
#1495 = EDGE_CURVE ( 'NONE', #1021, #660, #404, .T. ) ;
#1496 = CYLINDRICAL_SURFACE ( 'NONE', #1387, 1.000000000000000000 ) ;
#1497 = ORIENTED_EDGE ( 'NONE', *, *, #43, .T. ) ;
#1498 = CARTESIAN_POINT ( 'NONE',  ( 8.019675660099673919, -4.888888888888889284, 1.000000000000000000 ) ) ;
#1499 = DIRECTION ( 'NONE',  ( -1.000000000000000000, 0.000000000000000000, 0.000000000000000000 ) ) ;
#1500 = CARTESIAN_POINT ( 'NONE',  ( 6.483604002137417943, -1.136805057081126114, 4.265579369445717361 ) ) ;
#1501 = CIRCLE ( 'NONE', #1721, 2.000000000000000000 ) ;
#1502 = DIRECTION ( 'NONE',  ( -1.000000000000000000, 0.000000000000000000, 0.000000000000000000 ) ) ;
#1503 = LINE ( 'NONE', #1247, #1307 ) ;
#1504 = VECTOR ( 'NONE', #1581, 1000.000000000000000 ) ;
#1505 = ADVANCED_FACE ( 'NONE', ( #1593 ), #1325, .T. ) ;
#1506 = AXIS2_PLACEMENT_3D ( 'NONE', #146, #963, #1219 ) ;
#1507 = VERTEX_POINT ( 'NONE', #1336 ) ;
#1508 = CARTESIAN_POINT ( 'NONE',  ( 12.00000000000000000, 13.00000000000000000, 6.000000000000000000 ) ) ;
#1509 = VERTEX_POINT ( 'NONE', #292 ) ;
#1510 = AXIS2_PLACEMENT_3D ( 'NONE', #452, #310, #579 ) ;
#1511 = DIRECTION ( 'NONE',  ( 0.000000000000000000, 0.000000000000000000, -1.000000000000000000 ) ) ;
#1512 = DIRECTION ( 'NONE',  ( 0.000000000000000000, 0.000000000000000000, 1.000000000000000000 ) ) ;
#1513 = DIRECTION ( 'NONE',  ( 0.000000000000000000, 0.000000000000000000, -1.000000000000000000 ) ) ;
#1514 = ORIENTED_EDGE ( 'NONE', *, *, #81, .F. ) ;
#1515 = EDGE_CURVE ( 'NONE', #1507, #334, #930, .T. ) ;
#1516 = CYLINDRICAL_SURFACE ( 'NONE', #837, 1.000000000000000000 ) ;
#1517 = ORIENTED_EDGE ( 'NONE', *, *, #213, .F. ) ;
#1518 = CARTESIAN_POINT ( 'NONE',  ( 30.50000000000000000, 19.00000000000000000, 5.000000000000000000 ) ) ;
#1519 = DIRECTION ( 'NONE',  ( 0.000000000000000000, 0.000000000000000000, -1.000000000000000000 ) ) ;
#1520 = CARTESIAN_POINT ( 'NONE',  ( 30.50000000000000000, 19.00000000000000000, 5.000000000000000000 ) ) ;
#1521 = EDGE_LOOP ( 'NONE', ( #177, #681, #671, #1460, #601, #1279, #917, #234, #844, #733 ) ) ;
#1522 = EDGE_LOOP ( 'NONE', ( #1161, #1408, #1304, #356 ) ) ;
#1523 = DIRECTION ( 'NONE',  ( 0.000000000000000000, 0.000000000000000000, 1.000000000000000000 ) ) ;
#1524 = VERTEX_POINT ( 'NONE', #664 ) ;
#1525 = EDGE_CURVE ( 'NONE', #1290, #1545, #1176, .T. ) ;
#1526 = CARTESIAN_POINT ( 'NONE',  ( 5.500000000000000000, 0.000000000000000000, 6.000000000000000000 ) ) ;
#1527 = AXIS2_PLACEMENT_3D ( 'NONE', #640, #885, #1402 ) ;
#1528 = DIRECTION ( 'NONE',  ( -1.000000000000000000, 0.000000000000000000, 0.000000000000000000 ) ) ;
#1529 = DIRECTION ( 'NONE',  ( -0.000000000000000000, -0.000000000000000000, -1.000000000000000000 ) ) ;
#1530 = AXIS2_PLACEMENT_3D ( 'NONE', #1342, #117, #793 ) ;
#1531 = ORIENTED_EDGE ( 'NONE', *, *, #1675, .F. ) ;
#1532 = VECTOR ( 'NONE', #1409, 1000.000000000000000 ) ;
#1533 = ORIENTED_EDGE ( 'NONE', *, *, #473, .F. ) ;
#1534 = VECTOR ( 'NONE', #1182, 1000.000000000000000 ) ;
#1535 = AXIS2_PLACEMENT_3D ( 'NONE', #172, #969, #41 ) ;
#1536 = ORIENTED_EDGE ( 'NONE', *, *, #565, .T. ) ;
#1537 = ORIENTED_EDGE ( 'NONE', *, *, #313, .F. ) ;
#1538 = CIRCLE ( 'NONE', #455, 0.9999999999999997780 ) ;
#1539 = DIRECTION ( 'NONE',  ( -1.000000000000000000, 0.000000000000000000, 0.000000000000000000 ) ) ;
#1540 =( GEOMETRIC_REPRESENTATION_CONTEXT ( 3 ) GLOBAL_UNCERTAINTY_ASSIGNED_CONTEXT ( ( #150 ) ) GLOBAL_UNIT_ASSIGNED_CONTEXT ( ( #721, #586, #501 ) ) REPRESENTATION_CONTEXT ( 'NONE', 'WORKASPACE' ) );
#1541 = CARTESIAN_POINT ( 'NONE',  ( 12.00000000000000000, 15.00000000000000178, 6.000000000000000000 ) ) ;
#1542 = ADVANCED_FACE ( 'NONE', ( #1451 ), #825, .T. ) ;
#1543 = LINE ( 'NONE', #232, #1055 ) ;
#1544 = DIRECTION ( 'NONE',  ( 0.000000000000000000, 0.000000000000000000, 1.000000000000000000 ) ) ;
#1545 = VERTEX_POINT ( 'NONE', #1343 ) ;
#1546 = ORIENTED_EDGE ( 'NONE', *, *, #351, .F. ) ;
#1547 = ORIENTED_EDGE ( 'NONE', *, *, #280, .F. ) ;
#1548 = CYLINDRICAL_SURFACE ( 'NONE', #1280, 1.499999999999999556 ) ;
#1549 = DIRECTION ( 'NONE',  ( -1.000000000000000000, 0.000000000000000000, 0.000000000000000000 ) ) ;
#1550 = ORIENTED_EDGE ( 'NONE', *, *, #237, .F. ) ;
#1551 = EDGE_CURVE ( 'NONE', #336, #372, #1608, .T. ) ;
#1552 = DIRECTION ( 'NONE',  ( 1.000000000000000000, 0.000000000000000000, 0.000000000000000000 ) ) ;
#1553 = ORIENTED_EDGE ( 'NONE', *, *, #169, .T. ) ;
#1554 = ORIENTED_EDGE ( 'NONE', *, *, #879, .F. ) ;
#1555 = ORIENTED_EDGE ( 'NONE', *, *, #1416, .T. ) ;
#1556 = PLANE ( 'NONE',  #1060 ) ;
#1557 = SHAPE_DEFINITION_REPRESENTATION ( #176, #853 ) ;
#1558 = LINE ( 'NONE', #218, #225 ) ;
#1559 = DIRECTION ( 'NONE',  ( 0.000000000000000000, 0.000000000000000000, -1.000000000000000000 ) ) ;
#1560 = CARTESIAN_POINT ( 'NONE',  ( 5.500000000000000000, -1.000000000000000000, 3.000000000000000000 ) ) ;
#1561 = ORIENTED_EDGE ( 'NONE', *, *, #69, .F. ) ;
#1562 = ADVANCED_FACE ( 'NONE', ( #398 ), #1206, .T. ) ;
#1563 = AXIS2_PLACEMENT_3D ( 'NONE', #123, #255, #1070 ) ;
#1564 = AXIS2_PLACEMENT_3D ( 'NONE', #848, #37, #1115 ) ;
#1565 = AXIS2_PLACEMENT_3D ( 'NONE', #1568, #1701, #1157 ) ;
#1566 = CARTESIAN_POINT ( 'NONE',  ( 29.50000000000000000, 13.99999999999999822, 6.000000000000000000 ) ) ;
#1567 = DIRECTION ( 'NONE',  ( 0.000000000000000000, 0.000000000000000000, 1.000000000000000000 ) ) ;
#1568 = CARTESIAN_POINT ( 'NONE',  ( 30.50000000000000000, 15.00000000000000000, 1.000000000000000000 ) ) ;
#1569 = DIRECTION ( 'NONE',  ( 0.000000000000000000, 0.000000000000000000, -1.000000000000000000 ) ) ;
#1570 = FACE_OUTER_BOUND ( 'NONE', #1179, .T. ) ;
#1571 = ORIENTED_EDGE ( 'NONE', *, *, #1061, .T. ) ;
#1572 = EDGE_CURVE ( 'NONE', #1545, #777, #9, .T. ) ;
#1573 = CYLINDRICAL_SURFACE ( 'NONE', #446, 1.600000000000000089 ) ;
#1574 = DIRECTION ( 'NONE',  ( -1.000000000000000000, 0.000000000000000000, 0.000000000000000000 ) ) ;
#1575 = CARTESIAN_POINT ( 'NONE',  ( 5.499999999999998224, 0.000000000000000000, 5.000000000000000000 ) ) ;
#1576 = DIRECTION ( 'NONE',  ( 0.000000000000000000, 0.000000000000000000, 1.000000000000000000 ) ) ;
#1577 = DIRECTION ( 'NONE',  ( -1.734723475976806848E-16, -1.000000000000000000, -0.000000000000000000 ) ) ;
#1578 = ORIENTED_EDGE ( 'NONE', *, *, #330, .F. ) ;
#1579 = CARTESIAN_POINT ( 'NONE',  ( 27.50000000000000000, 17.00000000000000000, 3.000000000000000000 ) ) ;
#1580 = EDGE_CURVE ( 'NONE', #654, #445, #1644, .T. ) ;
#1581 = DIRECTION ( 'NONE',  ( 1.000000000000000000, -7.228014483236695816E-17, 0.000000000000000000 ) ) ;
#1582 = CYLINDRICAL_SURFACE ( 'NONE', #812, 1.000000000000000888 ) ;
#1583 = CARTESIAN_POINT ( 'NONE',  ( 26.50000000000000000, 19.99999999999999645, 3.000000000000000000 ) ) ;
#1584 = CARTESIAN_POINT ( 'NONE',  ( 8.019675660099673919, -4.888888888888889284, 6.000000000000000000 ) ) ;
#1585 = ORIENTED_EDGE ( 'NONE', *, *, #551, .F. ) ;
#1586 = AXIS2_PLACEMENT_3D ( 'NONE', #939, #546, #1077 ) ;
#1587 = CARTESIAN_POINT ( 'NONE',  ( 5.500000000000000000, 0.000000000000000000, 6.000000000000000000 ) ) ;
#1588 = AXIS2_PLACEMENT_3D ( 'NONE', #1520, #322, #1513 ) ;
#1589 = VECTOR ( 'NONE', #341, 1000.000000000000000 ) ;
#1590 = CARTESIAN_POINT ( 'NONE',  ( 31.50000000000000000, 17.00000000000000000, 3.000000000000000000 ) ) ;
#1591 = ORIENTED_EDGE ( 'NONE', *, *, #618, .F. ) ;
#1592 = CARTESIAN_POINT ( 'NONE',  ( 27.81099771888061412, 18.42422687025668182, 2.263525646941809022 ) ) ;
#1593 = FACE_OUTER_BOUND ( 'NONE', #283, .T. ) ;
#1594 = EDGE_CURVE ( 'NONE', #372, #345, #1151, .T. ) ;
#1595 = CIRCLE ( 'NONE', #570, 20.00000000000000000 ) ;
#1596 = EDGE_LOOP ( 'NONE', ( #677, #1536, #84, #1546 ) ) ;
#1597 = CARTESIAN_POINT ( 'NONE',  ( 4.762706663064640189, -1.310532375608128186, 1.576201691668352556 ) ) ;
#1598 = CARTESIAN_POINT ( 'NONE',  ( 6.618033988749894014, -1.000000000000000000, 1.855447685774040067 ) ) ;
#1599 =( LENGTH_UNIT ( ) NAMED_UNIT ( * ) SI_UNIT ( .MILLI., .METRE. ) );
#1600 = DIRECTION ( 'NONE',  ( 1.000000000000000000, 0.000000000000000000, 0.000000000000000000 ) ) ;
#1601 = DIRECTION ( 'NONE',  ( -1.734723475976806848E-16, -1.000000000000000000, 0.000000000000000000 ) ) ;
#1602 = EDGE_CURVE ( 'NONE', #660, #1059, #1390, .T. ) ;
#1603 = VERTEX_POINT ( 'NONE', #1132 ) ;
#1604 = EDGE_LOOP ( 'NONE', ( #1030, #539, #294, #427 ) ) ;
#1605 = CYLINDRICAL_SURFACE ( 'NONE', #102, 1.000000000000000000 ) ;
#1606 = LINE ( 'NONE', #115, #1534 ) ;
#1607 = CARTESIAN_POINT ( 'NONE',  ( 2.980324339900322084, -4.888888888888889284, 6.000000000000000000 ) ) ;
#1608 = LINE ( 'NONE', #156, #482 ) ;
#1609 = EDGE_CURVE ( 'NONE', #318, #1059, #393, .T. ) ;
#1610 = ORIENTED_EDGE ( 'NONE', *, *, #1103, .F. ) ;
#1611 = ORIENTED_EDGE ( 'NONE', *, *, #1233, .T. ) ;
#1612 = EDGE_CURVE ( 'NONE', #1507, #334, #165, .T. ) ;
#1613 = CARTESIAN_POINT ( 'NONE',  ( 28.00000000000000711, 15.39999999999999858, 3.227659763290551265 ) ) ;
#1614 = AXIS2_PLACEMENT_3D ( 'NONE', #1275, #88, #619 ) ;
#1615 = DIRECTION ( 'NONE',  ( -1.000000000000000000, 0.000000000000000000, 0.000000000000000000 ) ) ;
#1616 = CIRCLE ( 'NONE', #758, 1.000000000000000000 ) ;
#1617 = CARTESIAN_POINT ( 'NONE',  ( 28.00000000000000000, 18.60000000000000497, 2.772340236709447847 ) ) ;
#1618 = DIRECTION ( 'NONE',  ( 0.000000000000000000, -1.000000000000000000, 0.000000000000000000 ) ) ;
#1619 = AXIS2_PLACEMENT_3D ( 'NONE', #801, #412, #1185 ) ;
#1620 = ORIENTED_EDGE ( 'NONE', *, *, #1624, .F. ) ;
#1621 = ORIENTED_EDGE ( 'NONE', *, *, #100, .T. ) ;
#1622 = AXIS2_PLACEMENT_3D ( 'NONE', #1400, #1567, #65 ) ;
#1623 = CARTESIAN_POINT ( 'NONE',  ( 28.00000000000000355, 15.39999999999999680, 2.999999999999999556 ) ) ;
#1624 = EDGE_CURVE ( 'NONE', #1021, #807, #54, .T. ) ;
#1625 = CARTESIAN_POINT ( 'NONE',  ( 4.674899954630844512, -1.256600059011602433, 4.374193555385839538 ) ) ;
#1626 = DIRECTION ( 'NONE',  ( -1.000000000000000000, 0.000000000000000000, 0.000000000000000000 ) ) ;
#1627 = DIRECTION ( 'NONE',  ( 1.000000000000000000, -0.000000000000000000, -0.000000000000000000 ) ) ;
#1628 = EDGE_LOOP ( 'NONE', ( #215, #79 ) ) ;
#1629 = DIRECTION ( 'NONE',  ( -0.000000000000000000, 1.000000000000000000, 0.000000000000000000 ) ) ;
#1630 = CARTESIAN_POINT ( 'NONE',  ( 4.445775241696845015, -1.071340888435428740, 4.206883137857798438 ) ) ;
#1631 = ADVANCED_FACE ( 'NONE', ( #1375 ), #904, .T. ) ;
#1632 = FACE_OUTER_BOUND ( 'NONE', #1248, .T. ) ;
#1633 = FACE_OUTER_BOUND ( 'NONE', #1370, .T. ) ;
#1634 = DIRECTION ( 'NONE',  ( 1.000000000000000000, 0.000000000000000000, 0.000000000000000000 ) ) ;
#1635 = ORIENTED_EDGE ( 'NONE', *, *, #720, .F. ) ;
#1636 = LINE ( 'NONE', #437, #417 ) ;
#1637 = ORIENTED_EDGE ( 'NONE', *, *, #1642, .T. ) ;
#1638 = DIRECTION ( 'NONE',  ( 0.000000000000000000, 0.000000000000000000, -1.000000000000000000 ) ) ;
#1639 = VECTOR ( 'NONE', #1239, 1000.000000000000000 ) ;
#1640 = DIRECTION ( 'NONE',  ( 1.000000000000000000, 0.000000000000000000, 0.000000000000000000 ) ) ;
#1641 = CARTESIAN_POINT ( 'NONE',  ( 30.50000000000000000, 19.00000000000000000, 1.000000000000000000 ) ) ;
#1642 = EDGE_CURVE ( 'NONE', #183, #617, #866, .T. ) ;
#1643 = ORIENTED_EDGE ( 'NONE', *, *, #937, .T. ) ;
#1644 = CIRCLE ( 'NONE', #139, 1.000000000000000222 ) ;
#1645 = AXIS2_PLACEMENT_3D ( 'NONE', #378, #498, #1544 ) ;
#1646 = DIRECTION ( 'NONE',  ( -7.228014483236695816E-17, -1.000000000000000000, -0.000000000000000000 ) ) ;
#1647 = EDGE_LOOP ( 'NONE', ( #938, #1101, #3, #742, #771, #883 ) ) ;
#1648 = CARTESIAN_POINT ( 'NONE',  ( 30.50000000000000000, 19.00000000000000000, 1.000000000000000000 ) ) ;
#1649 = DIRECTION ( 'NONE',  ( 0.000000000000000000, 0.000000000000000000, -1.000000000000000000 ) ) ;
#1650 = DIRECTION ( 'NONE',  ( 0.000000000000000000, 0.000000000000000000, 1.000000000000000000 ) ) ;
#1651 = ORIENTED_EDGE ( 'NONE', *, *, #709, .T. ) ;
#1652 = EDGE_LOOP ( 'NONE', ( #1167, #873, #103, #1497, #1216, #1711, #813, #1655 ) ) ;
#1653 = EDGE_CURVE ( 'NONE', #1006, #650, #735, .T. ) ;
#1654 = FACE_OUTER_BOUND ( 'NONE', #1208, .T. ) ;
#1655 = ORIENTED_EDGE ( 'NONE', *, *, #1675, .T. ) ;
#1656 = CARTESIAN_POINT ( 'NONE',  ( 12.00000000000000000, 13.00000000000000000, 5.000000000000000000 ) ) ;
#1657 = DIRECTION ( 'NONE',  ( -1.000000000000000000, 0.000000000000000000, 0.000000000000000000 ) ) ;
#1658 = DIRECTION ( 'NONE',  ( -1.000000000000000000, 0.000000000000000000, 0.000000000000000000 ) ) ;
#1659 = EDGE_LOOP ( 'NONE', ( #878, #988, #184, #869 ) ) ;
#1660 = EDGE_CURVE ( 'NONE', #1046, #304, #1392, .T. ) ;
#1661 = EDGE_LOOP ( 'NONE', ( #223, #344 ) ) ;
#1662 = CARTESIAN_POINT ( 'NONE',  ( 30.50000000000000000, 19.00000000000000000, 5.000000000000000000 ) ) ;
#1663 = EDGE_CURVE ( 'NONE', #1202, #654, #931, .T. ) ;
#1664 = CARTESIAN_POINT ( 'NONE',  ( 5.499999999999998224, 0.000000000000000000, 5.000000000000000000 ) ) ;
#1665 = DIRECTION ( 'NONE',  ( 0.000000000000000000, -1.000000000000000000, 0.000000000000000000 ) ) ;
#1666 = DIRECTION ( 'NONE',  ( 0.000000000000000000, -1.000000000000000000, 0.000000000000000000 ) ) ;
#1667 = AXIS2_PLACEMENT_3D ( 'NONE', #1579, #1435, #947 ) ;
#1668 = CARTESIAN_POINT ( 'NONE',  ( 30.50000000000000000, 0.000000000000000000, 1.000000000000000000 ) ) ;
#1669 = EDGE_LOOP ( 'NONE', ( #795, #80, #62, #980 ) ) ;
#1670 = VECTOR ( 'NONE', #124, 1000.000000000000000 ) ;
#1671 = CIRCLE ( 'NONE', #567, 1.000000000000000222 ) ;
#1672 = ORIENTED_EDGE ( 'NONE', *, *, #186, .T. ) ;
#1673 = VECTOR ( 'NONE', #259, 1000.000000000000000 ) ;
#1674 = FACE_OUTER_BOUND ( 'NONE', #254, .T. ) ;
#1675 = EDGE_CURVE ( 'NONE', #1396, #636, #1069, .T. ) ;
#1676 = VECTOR ( 'NONE', #1649, 1000.000000000000000 ) ;
#1677 = LINE ( 'NONE', #245, #1065 ) ;
#1678 = FACE_OUTER_BOUND ( 'NONE', #821, .T. ) ;
#1679 = DIRECTION ( 'NONE',  ( 0.000000000000000000, -1.000000000000000000, 0.000000000000000000 ) ) ;
#1680 = ORIENTED_EDGE ( 'NONE', *, *, #560, .T. ) ;
#1681 = ORIENTED_EDGE ( 'NONE', *, *, #720, .T. ) ;
#1682 = ORIENTED_EDGE ( 'NONE', *, *, #302, .T. ) ;
#1683 = CARTESIAN_POINT ( 'NONE',  ( 2.980324339900321640, -4.888888888888889284, 1.000000000000000000 ) ) ;
#1684 = EDGE_CURVE ( 'NONE', #206, #829, #321, .T. ) ;
#1685 = DIRECTION ( 'NONE',  ( 0.000000000000000000, 0.000000000000000000, -1.000000000000000000 ) ) ;
#1686 = ORIENTED_EDGE ( 'NONE', *, *, #1349, .T. ) ;
#1687 = CARTESIAN_POINT ( 'NONE',  ( 28.00000000000000000, 13.99999999999999822, 3.000000000000000000 ) ) ;
#1688 = ORIENTED_EDGE ( 'NONE', *, *, #961, .F. ) ;
#1689 = EDGE_LOOP ( 'NONE', ( #1620, #1249, #1720 ) ) ;
#1690 = DIRECTION ( 'NONE',  ( 0.4581228472908502880, -0.8888888888888893947, 0.000000000000000000 ) ) ;
#1691 = CARTESIAN_POINT ( 'NONE',  ( 10.99999999999999645, 0.000000000000000000, 1.000000000000000000 ) ) ;
#1692 = DIRECTION ( 'NONE',  ( 0.000000000000000000, -1.000000000000000000, 0.000000000000000000 ) ) ;
#1693 = DIRECTION ( 'NONE',  ( 0.000000000000000000, 0.000000000000000000, 1.000000000000000000 ) ) ;
#1694 = VECTOR ( 'NONE', #687, 1000.000000000000000 ) ;
#1695 = EDGE_CURVE ( 'NONE', #807, #296, #855, .T. ) ;
#1696 = VECTOR ( 'NONE', #401, 1000.000000000000000 ) ;
#1697 = ORIENTED_EDGE ( 'NONE', *, *, #750, .T. ) ;
#1698 = CIRCLE ( 'NONE', #421, 1.000000000000000000 ) ;
#1699 = CARTESIAN_POINT ( 'NONE',  ( 27.50000000000000000, 17.00000000000000000, 4.599999999999999645 ) ) ;
#1700 = CARTESIAN_POINT ( 'NONE',  ( 12.00000000000000000, 15.00000000000000178, 1.000000000000000000 ) ) ;
#1701 = DIRECTION ( 'NONE',  ( 0.000000000000000000, 0.000000000000000000, -1.000000000000000000 ) ) ;
#1702 = DIRECTION ( 'NONE',  ( 0.000000000000000000, -0.000000000000000000, -1.000000000000000000 ) ) ;
#1703 = CIRCLE ( 'NONE', #141, 19.00000000000000000 ) ;
#1704 = EDGE_CURVE ( 'NONE', #1524, #364, #1703, .T. ) ;
#1705 = ORIENTED_EDGE ( 'NONE', *, *, #1580, .F. ) ;
#1706 = DIRECTION ( 'NONE',  ( 1.734723475976806848E-16, 1.000000000000000000, 0.000000000000000000 ) ) ;
#1707 = DIRECTION ( 'NONE',  ( 1.000000000000000000, 0.000000000000000000, 0.000000000000000000 ) ) ;
#1708 = CARTESIAN_POINT ( 'NONE',  ( 10.99999999999999645, 15.00000000000000178, 0.000000000000000000 ) ) ;
#1709 = CARTESIAN_POINT ( 'NONE',  ( 5.499999999999998224, 0.000000000000000000, 6.000000000000000000 ) ) ;
#1710 = CARTESIAN_POINT ( 'NONE',  ( 3.438447187191171928, -4.000000000000000000, 1.000000000000000000 ) ) ;
#1711 = ORIENTED_EDGE ( 'NONE', *, *, #682, .T. ) ;
#1712 = ADVANCED_FACE ( 'NONE', ( #300, #972 ), #706, .T. ) ;
#1713 = DIRECTION ( 'NONE',  ( 0.000000000000000000, 0.000000000000000000, -1.000000000000000000 ) ) ;
#1714 = EDGE_CURVE ( 'NONE', #628, #60, #764, .T. ) ;
#1715 = CARTESIAN_POINT ( 'NONE',  ( 6.325100045369151935, -1.256600059011602211, 1.625806444614161128 ) ) ;
#1716 = CYLINDRICAL_SURFACE ( 'NONE', #164, 1.000000000000000888 ) ;
#1717 = CARTESIAN_POINT ( 'NONE',  ( 27.63704320198974784, 18.26579281975649849, 2.016655426625518555 ) ) ;
#1718 = CARTESIAN_POINT ( 'NONE',  ( 1.000000000000000000, 18.45941494197473176, 5.000000000000000000 ) ) ;
#1719 = CIRCLE ( 'NONE', #247, 1.500000000000001332 ) ;
#1720 = ORIENTED_EDGE ( 'NONE', *, *, #699, .F. ) ;
#1721 = AXIS2_PLACEMENT_3D ( 'NONE', #1443, #536, #408 ) ;
#1722 = DIRECTION ( 'NONE',  ( -0.000000000000000000, -0.000000000000000000, -1.000000000000000000 ) ) ;
#1723 = AXIS2_PLACEMENT_3D ( 'NONE', #256, #791, #281 ) ;
#1724 = AXIS2_PLACEMENT_3D ( 'NONE', #270, #538, #806 ) ;
#1725 = CARTESIAN_POINT ( 'NONE',  ( 6.236474353058190978, -1.310997718880609675, 1.575773129743324619 ) ) ;
#1726 = FACE_OUTER_BOUND ( 'NONE', #1345, .T. ) ;
#1727 = ORIENTED_EDGE ( 'NONE', *, *, #473, .T. ) ;
#1728 = ADVANCED_FACE ( 'NONE', ( #1107, #1633 ), #715, .F. ) ;
#1729 = CARTESIAN_POINT ( 'NONE',  ( 10.99999999999999822, 13.00000000000000000, 5.000000000000000000 ) ) ;
ENDSEC;
END-ISO-10303-21;
