ISO-10303-21;
HEADER;
FILE_DESCRIPTION (( 'STEP AP214' ),
    '1' );
FILE_NAME ('headpart_2.STEP',
    '2026-04-21T14:12:40',
    ( '' ),
    ( '' ),
    'SwSTEP 2.0',
    'SolidWorks 2026',
    '' );
FILE_SCHEMA (( 'AUTOMOTIVE_DESIGN' ));
ENDSEC;

DATA;
#1 = EDGE_LOOP ( 'NONE', ( #416, #286, #105, #1794 ) ) ;
#2 = EDGE_LOOP ( 'NONE', ( #2052, #2053, #1882, #183 ) ) ;
#3 = EDGE_CURVE ( 'NONE', #709, #1993, #799, .T. ) ;
#4 = DIRECTION ( 'NONE',  ( -8.566535683836085482E-17, 1.000000000000000000, 0.000000000000000000 ) ) ;
#5 = CARTESIAN_POINT ( 'NONE',  ( 33.48619718280211544, 13.88297872340425521, 10.00000000000000000 ) ) ;
#6 = DIRECTION ( 'NONE',  ( 0.000000000000000000, 0.000000000000000000, -1.000000000000000000 ) ) ;
#7 = CARTESIAN_POINT ( 'NONE',  ( 21.00000000000000000, 21.00000000000000000, 4.500000000000000000 ) ) ;
#8 = ORIENTED_EDGE ( 'NONE', *, *, #1712, .F. ) ;
#9 = EDGE_CURVE ( 'NONE', #1057, #855, #1359, .T. ) ;
#10 = ORIENTED_EDGE ( 'NONE', *, *, #757, .F. ) ;
#11 = CYLINDRICAL_SURFACE ( 'NONE', #1025, 1.000000000000000888 ) ;
#12 = CARTESIAN_POINT ( 'NONE',  ( 0.000000000000000000, 0.000000000000000000, -11.00000000000000000 ) ) ;
#13 = AXIS2_PLACEMENT_3D ( 'NONE', #1225, #555, #421 ) ;
#14 = DIRECTION ( 'NONE',  ( -0.000000000000000000, -0.000000000000000000, -1.000000000000000000 ) ) ;
#15 = LINE ( 'NONE', #2172, #1433 ) ;
#16 = LINE ( 'NONE', #695, #767 ) ;
#17 = CARTESIAN_POINT ( 'NONE',  ( -13.50000000000000178, -27.04673846971554596, 3.499999999999999556 ) ) ;
#18 = VERTEX_POINT ( 'NONE', #1504 ) ;
#19 = AXIS2_PLACEMENT_3D ( 'NONE', #1145, #1483, #1818 ) ;
#20 = CIRCLE ( 'NONE', #241, 2.000000000000000000 ) ;
#21 = VERTEX_POINT ( 'NONE', #126 ) ;
#22 = ORIENTED_EDGE ( 'NONE', *, *, #683, .F. ) ;
#23 = VECTOR ( 'NONE', #2087, 1000.000000000000000 ) ;
#24 = LINE ( 'NONE', #605, #760 ) ;
#25 = EDGE_CURVE ( 'NONE', #1938, #2022, #328, .T. ) ;
#26 = DIRECTION ( 'NONE',  ( -0.000000000000000000, -0.000000000000000000, -1.000000000000000000 ) ) ;
#27 = DIRECTION ( 'NONE',  ( -0.000000000000000000, 0.000000000000000000, 1.000000000000000000 ) ) ;
#28 = EDGE_CURVE ( 'NONE', #2126, #517, #529, .T. ) ;
#29 = PLANE ( 'NONE',  #1996 ) ;
#30 = AXIS2_PLACEMENT_3D ( 'NONE', #891, #727, #868 ) ;
#31 = SPHERICAL_SURFACE ( 'NONE', #830, 1.000000000000000000 ) ;
#32 = CIRCLE ( 'NONE', #2041, 1.000000000000000000 ) ;
#33 = ORIENTED_EDGE ( 'NONE', *, *, #943, .F. ) ;
#34 = ORIENTED_EDGE ( 'NONE', *, *, #1773, .F. ) ;
#35 = FACE_OUTER_BOUND ( 'NONE', #889, .T. ) ;
#36 = CARTESIAN_POINT ( 'NONE',  ( 21.00000000000000000, 21.00000000000000000, -11.00000000000000000 ) ) ;
#37 = PLANE ( 'NONE',  #1049 ) ;
#38 = EDGE_CURVE ( 'NONE', #1582, #1001, #461, .T. ) ;
#39 = CARTESIAN_POINT ( 'NONE',  ( 0.000000000000000000, -30.00000000000000000, 0.000000000000000000 ) ) ;
#40 = LINE ( 'NONE', #216, #1854 ) ;
#41 = ORIENTED_EDGE ( 'NONE', *, *, #1652, .T. ) ;
#42 = LINE ( 'NONE', #603, #2069 ) ;
#43 = ORIENTED_EDGE ( 'NONE', *, *, #1492, .F. ) ;
#44 = LINE ( 'NONE', #2045, #485 ) ;
#45 = FACE_OUTER_BOUND ( 'NONE', #1393, .T. ) ;
#46 = AXIS2_PLACEMENT_3D ( 'NONE', #17, #696, #1204 ) ;
#47 = ADVANCED_FACE ( 'NONE', ( #1980, #1621 ), #284, .F. ) ;
#48 = AXIS2_PLACEMENT_3D ( 'NONE', #2058, #402, #587 ) ;
#49 = ADVANCED_FACE ( 'NONE', ( #1133 ), #1316, .F. ) ;
#50 = AXIS2_PLACEMENT_3D ( 'NONE', #769, #274, #924 ) ;
#51 = CARTESIAN_POINT ( 'NONE',  ( -15.00000000000000000, 0.000000000000000000, 4.500000000000000000 ) ) ;
#52 = DIRECTION ( 'NONE',  ( -0.000000000000000000, -0.000000000000000000, -1.000000000000000000 ) ) ;
#53 = ORIENTED_EDGE ( 'NONE', *, *, #1415, .F. ) ;
#54 = EDGE_CURVE ( 'NONE', #1545, #449, #496, .T. ) ;
#55 = CARTESIAN_POINT ( 'NONE',  ( 21.00000000000000000, 21.00000000000000000, 4.500000000000000000 ) ) ;
#56 = EDGE_LOOP ( 'NONE', ( #589, #1434, #754, #1369 ) ) ;
#57 = ADVANCED_FACE ( 'NONE', ( #150, #1362 ), #829, .T. ) ;
#58 = CARTESIAN_POINT ( 'NONE',  ( 12.50000000000000000, 17.00000000000000000, 3.499999999999999556 ) ) ;
#59 = CIRCLE ( 'NONE', #1509, 0.9999999999999978906 ) ;
#60 = DIRECTION ( 'NONE',  ( -0.000000000000000000, -0.000000000000000000, 1.000000000000000000 ) ) ;
#61 = LINE ( 'NONE', #2068, #275 ) ;
#62 =( GEOMETRIC_REPRESENTATION_CONTEXT ( 3 ) GLOBAL_UNCERTAINTY_ASSIGNED_CONTEXT ( ( #1014 ) ) GLOBAL_UNIT_ASSIGNED_CONTEXT ( ( #139, #1840, #1144 ) ) REPRESENTATION_CONTEXT ( 'NONE', 'WORKASPACE' ) );
#63 = MANIFOLD_SOLID_BREP ( '\X2\570689d2\X0\2', #1538 ) ;
#64 = DIRECTION ( 'NONE',  ( 0.000000000000000000, 0.000000000000000000, -1.000000000000000000 ) ) ;
#65 = CARTESIAN_POINT ( 'NONE',  ( 12.50000000000000000, 12.50000000000000000, 4.500000000000000000 ) ) ;
#66 = ORIENTED_EDGE ( 'NONE', *, *, #450, .F. ) ;
#67 = CIRCLE ( 'NONE', #1803, 2.000000000000000000 ) ;
#68 = LINE ( 'NONE', #1760, #1578 ) ;
#69 = CIRCLE ( 'NONE', #1872, 10.00000000000000178 ) ;
#70 = ORIENTED_EDGE ( 'NONE', *, *, #1792, .F. ) ;
#71 = CARTESIAN_POINT ( 'NONE',  ( 0.000000000000000000, -30.00000000000000000, 4.500000000000000000 ) ) ;
#72 = ORIENTED_EDGE ( 'NONE', *, *, #934, .F. ) ;
#73 = DIRECTION ( 'NONE',  ( 0.000000000000000000, 0.000000000000000000, -1.000000000000000000 ) ) ;
#74 = DIRECTION ( 'NONE',  ( 0.000000000000000000, 0.000000000000000000, 1.000000000000000000 ) ) ;
#75 = CARTESIAN_POINT ( 'NONE',  ( -32.01659725829713921, 17.00000000000000000, -11.00000000000000000 ) ) ;
#76 = DIRECTION ( 'NONE',  ( 0.000000000000000000, 0.000000000000000000, -1.000000000000000000 ) ) ;
#77 = VERTEX_POINT ( 'NONE', #977 ) ;
#78 = CARTESIAN_POINT ( 'NONE',  ( 15.00000000000000000, 0.000000000000000000, 4.500000000000000000 ) ) ;
#79 = ORIENTED_EDGE ( 'NONE', *, *, #294, .T. ) ;
#80 = EDGE_CURVE ( 'NONE', #1435, #1472, #1901, .T. ) ;
#81 = DIRECTION ( 'NONE',  ( 0.000000000000000000, 0.000000000000000000, -1.000000000000000000 ) ) ;
#82 = ORIENTED_EDGE ( 'NONE', *, *, #550, .F. ) ;
#83 = FACE_OUTER_BOUND ( 'NONE', #539, .T. ) ;
#84 = CARTESIAN_POINT ( 'NONE',  ( -17.00000000000000000, 13.50000000000000178, 4.500000000000000000 ) ) ;
#85 = CARTESIAN_POINT ( 'NONE',  ( -33.48619718280211544, 13.88297872340425343, 0.000000000000000000 ) ) ;
#86 = VECTOR ( 'NONE', #403, 1000.000000000000000 ) ;
#87 = CARTESIAN_POINT ( 'NONE',  ( 17.00000000000000000, 11.50000000000000000, 4.500000000000000000 ) ) ;
#88 = EDGE_CURVE ( 'NONE', #1205, #77, #1066, .T. ) ;
#89 = AXIS2_PLACEMENT_3D ( 'NONE', #1313, #1977, #941 ) ;
#90 = ORIENTED_EDGE ( 'NONE', *, *, #2109, .T. ) ;
#91 = EDGE_LOOP ( 'NONE', ( #1955, #2163, #269, #486 ) ) ;
#92 = VECTOR ( 'NONE', #1235, 1000.000000000000000 ) ;
#93 = FACE_OUTER_BOUND ( 'NONE', #1577, .T. ) ;
#94 = VERTEX_POINT ( 'NONE', #2097 ) ;
#95 = PLANE ( 'NONE',  #1677 ) ;
#96 = AXIS2_PLACEMENT_3D ( 'NONE', #335, #1666, #705 ) ;
#97 = ORIENTED_EDGE ( 'NONE', *, *, #1603, .F. ) ;
#98 = VECTOR ( 'NONE', #821, 1000.000000000000000 ) ;
#99 = CARTESIAN_POINT ( 'NONE',  ( 21.00000000000000000, 21.00000000000000000, -9.600000000000001421 ) ) ;
#100 = EDGE_CURVE ( 'NONE', #1558, #1517, #383, .T. ) ;
#101 = DIRECTION ( 'NONE',  ( 1.000000000000000000, 0.000000000000000000, 0.000000000000000000 ) ) ;
#102 = AXIS2_PLACEMENT_3D ( 'NONE', #634, #482, #1990 ) ;
#103 = DIRECTION ( 'NONE',  ( 0.000000000000000000, 0.000000000000000000, -1.000000000000000000 ) ) ;
#104 = ORIENTED_EDGE ( 'NONE', *, *, #616, .F. ) ;
#105 = ORIENTED_EDGE ( 'NONE', *, *, #2014, .T. ) ;
#106 = ADVANCED_FACE ( 'NONE', ( #93 ), #1833, .T. ) ;
#107 = CARTESIAN_POINT ( 'NONE',  ( 0.000000000000000000, 0.000000000000000000, 4.500000000000000000 ) ) ;
#108 = ORIENTED_EDGE ( 'NONE', *, *, #1950, .F. ) ;
#109 = CARTESIAN_POINT ( 'NONE',  ( -13.50000000000000178, 32.56244001913861297, 4.500000000000000000 ) ) ;
#110 = AXIS2_PLACEMENT_3D ( 'NONE', #596, #1139, #254 ) ;
#111 = ORIENTED_EDGE ( 'NONE', *, *, #1167, .F. ) ;
#112 = CARTESIAN_POINT ( 'NONE',  ( -0.8000000000000074829, -30.00000000000000000, 0.000000000000000000 ) ) ;
#113 = FACE_OUTER_BOUND ( 'NONE', #1659, .T. ) ;
#114 = CYLINDRICAL_SURFACE ( 'NONE', #523, 0.8000000000000055955 ) ;
#115 = ORIENTED_EDGE ( 'NONE', *, *, #355, .F. ) ;
#116 = CARTESIAN_POINT ( 'NONE',  ( 21.80000000000000782, 21.00000000000000000, 4.500000000000000000 ) ) ;
#117 = FACE_OUTER_BOUND ( 'NONE', #866, .T. ) ;
#118 = ORIENTED_EDGE ( 'NONE', *, *, #1615, .F. ) ;
#119 = FACE_BOUND ( 'NONE', #2137, .T. ) ;
#120 = ORIENTED_EDGE ( 'NONE', *, *, #1462, .T. ) ;
#121 = DIRECTION ( 'NONE',  ( -1.000000000000000000, 0.000000000000000000, -0.000000000000000000 ) ) ;
#122 = CARTESIAN_POINT ( 'NONE',  ( -11.50000000000000000, -33.32135201338624597, 3.499999999999999556 ) ) ;
#123 = CARTESIAN_POINT ( 'NONE',  ( -21.00000000000000000, 21.00000000000000000, 4.500000000000000000 ) ) ;
#124 = EDGE_LOOP ( 'NONE', ( #240, #2151, #115 ) ) ;
#125 = ADVANCED_FACE ( 'NONE', ( #2062 ), #1437, .F. ) ;
#126 = CARTESIAN_POINT ( 'NONE',  ( 11.50000000000000000, 15.00000000000000178, 4.500000000000000000 ) ) ;
#127 = DIRECTION ( 'NONE',  ( -1.000000000000000000, 0.000000000000000000, 0.000000000000000000 ) ) ;
#128 = VECTOR ( 'NONE', #1074, 1000.000000000000000 ) ;
#129 = EDGE_CURVE ( 'NONE', #2022, #805, #349, .T. ) ;
#130 = EDGE_LOOP ( 'NONE', ( #613, #111 ) ) ;
#131 = CARTESIAN_POINT ( 'NONE',  ( -21.00000000000000000, 21.00000000000000000, -9.600000000000001421 ) ) ;
#132 = ORIENTED_EDGE ( 'NONE', *, *, #2074, .F. ) ;
#133 = EDGE_CURVE ( 'NONE', #537, #1123, #1230, .T. ) ;
#134 = CARTESIAN_POINT ( 'NONE',  ( -32.01659725829713210, 17.00000000000000000, 0.000000000000000000 ) ) ;
#135 = AXIS2_PLACEMENT_3D ( 'NONE', #2001, #327, #1543 ) ;
#136 = DIRECTION ( 'NONE',  ( -0.000000000000000000, 1.000000000000000000, -0.000000000000000000 ) ) ;
#137 = FACE_OUTER_BOUND ( 'NONE', #1219, .T. ) ;
#138 = VERTEX_POINT ( 'NONE', #1736 ) ;
#139 =( LENGTH_UNIT ( ) NAMED_UNIT ( * ) SI_UNIT ( .MILLI., .METRE. ) );
#140 = DIRECTION ( 'NONE',  ( 0.000000000000000000, 0.000000000000000000, -1.000000000000000000 ) ) ;
#141 = EDGE_LOOP ( 'NONE', ( #1587, #1714, #460, #509 ) ) ;
#142 = EDGE_CURVE ( 'NONE', #844, #445, #1914, .T. ) ;
#143 = LINE ( 'NONE', #814, #1353 ) ;
#144 = ORIENTED_EDGE ( 'NONE', *, *, #1492, .T. ) ;
#145 = CIRCLE ( 'NONE', #1974, 1.000000000000000888 ) ;
#146 = DIRECTION ( 'NONE',  ( -0.000000000000000000, -0.000000000000000000, -1.000000000000000000 ) ) ;
#147 = AXIS2_PLACEMENT_3D ( 'NONE', #951, #1450, #2123 ) ;
#148 = CYLINDRICAL_SURFACE ( 'NONE', #1479, 1.000000000000000000 ) ;
#149 = CARTESIAN_POINT ( 'NONE',  ( 12.50000000000000000, 17.00000000000000000, 0.000000000000000000 ) ) ;
#150 = FACE_BOUND ( 'NONE', #1187, .T. ) ;
#151 = CARTESIAN_POINT ( 'NONE',  ( 13.50000000000000178, 17.00000000000000000, 4.500000000000000000 ) ) ;
#152 = ORIENTED_EDGE ( 'NONE', *, *, #264, .F. ) ;
#153 = DIRECTION ( 'NONE',  ( 0.000000000000000000, 0.000000000000000000, 1.000000000000000000 ) ) ;
#154 = EDGE_CURVE ( 'NONE', #824, #781, #42, .T. ) ;
#155 = ORIENTED_EDGE ( 'NONE', *, *, #209, .T. ) ;
#156 = CARTESIAN_POINT ( 'NONE',  ( -20.19999999999999574, 21.00000000000000000, -11.00000000000000000 ) ) ;
#157 = LINE ( 'NONE', #1560, #1340 ) ;
#158 = CARTESIAN_POINT ( 'NONE',  ( 11.82624113475177374, -34.26663859532628464, 0.000000000000000000 ) ) ;
#159 = ORIENTED_EDGE ( 'NONE', *, *, #1603, .T. ) ;
#160 = EDGE_CURVE ( 'NONE', #639, #2044, #1905, .T. ) ;
#161 = CARTESIAN_POINT ( 'NONE',  ( 13.50000000000000178, 32.56244001913861297, 10.00000000000000000 ) ) ;
#162 = ORIENTED_EDGE ( 'NONE', *, *, #453, .T. ) ;
#163 = AXIS2_PLACEMENT_3D ( 'NONE', #1928, #252, #614 ) ;
#164 = CIRCLE ( 'NONE', #1464, 1.000000000000000000 ) ;
#165 = ORIENTED_EDGE ( 'NONE', *, *, #2082, .T. ) ;
#166 = VECTOR ( 'NONE', #220, 1000.000000000000000 ) ;
#167 = DIRECTION ( 'NONE',  ( 0.000000000000000000, 0.000000000000000000, -1.000000000000000000 ) ) ;
#168 = CARTESIAN_POINT ( 'NONE',  ( 15.00000000000000000, -19.00000000000000000, 3.499999999999999556 ) ) ;
#169 = FACE_OUTER_BOUND ( 'NONE', #1783, .T. ) ;
#170 = EDGE_CURVE ( 'NONE', #1421, #1982, #405, .T. ) ;
#171 = AXIS2_PLACEMENT_3D ( 'NONE', #1551, #1887, #575 ) ;
#172 = FACE_OUTER_BOUND ( 'NONE', #792, .T. ) ;
#173 = CIRCLE ( 'NONE', #664, 1.000000000000000888 ) ;
#174 = ORIENTED_EDGE ( 'NONE', *, *, #1515, .T. ) ;
#175 = APPLICATION_CONTEXT ( 'automotive_design' ) ;
#176 = AXIS2_PLACEMENT_3D ( 'NONE', #1968, #305, #1656 ) ;
#177 = ORIENTED_EDGE ( 'NONE', *, *, #1859, .F. ) ;
#178 = PRODUCT_DEFINITION_CONTEXT ( 'detailed design', #2085, 'design' ) ;
#179 = CYLINDRICAL_SURFACE ( 'NONE', #357, 1.000000000000000888 ) ;
#180 = AXIS2_PLACEMENT_3D ( 'NONE', #99, #290, #420 ) ;
#181 = CARTESIAN_POINT ( 'NONE',  ( -16.00000000000000000, -19.00000000000000000, 0.000000000000000000 ) ) ;
#182 = DIRECTION ( 'NONE',  ( 1.000000000000000000, 0.000000000000000000, 0.000000000000000000 ) ) ;
#183 = ORIENTED_EDGE ( 'NONE', *, *, #1454, .F. ) ;
#184 = ORIENTED_EDGE ( 'NONE', *, *, #192, .T. ) ;
#185 = ORIENTED_EDGE ( 'NONE', *, *, #1506, .T. ) ;
#186 = DIRECTION ( 'NONE',  ( 0.000000000000000000, 0.000000000000000000, -1.000000000000000000 ) ) ;
#187 = DIRECTION ( 'NONE',  ( -0.9452865819400351199, 0.3262411347517739646, 0.000000000000000000 ) ) ;
#188 = DIRECTION ( 'NONE',  ( -1.000000000000000000, 0.000000000000000000, 0.000000000000000000 ) ) ;
#189 = DIRECTION ( 'NONE',  ( -0.000000000000000000, -0.000000000000000000, 1.000000000000000000 ) ) ;
#190 = CARTESIAN_POINT ( 'NONE',  ( 12.50000000000000000, -33.32135201338624597, 3.499999999999999556 ) ) ;
#191 = ORIENTED_EDGE ( 'NONE', *, *, #1274, .F. ) ;
#192 = EDGE_CURVE ( 'NONE', #756, #1281, #210, .T. ) ;
#193 = VERTEX_POINT ( 'NONE', #1077 ) ;
#194 = EDGE_LOOP ( 'NONE', ( #923, #2072, #722, #1033 ) ) ;
#195 = AXIS2_PLACEMENT_3D ( 'NONE', #1466, #1302, #818 ) ;
#196 = CARTESIAN_POINT ( 'NONE',  ( -11.82624113475177374, -34.26663859532628464, 0.000000000000000000 ) ) ;
#197 = AXIS2_PLACEMENT_3D ( 'NONE', #1382, #388, #1705 ) ;
#198 = EDGE_CURVE ( 'NONE', #1149, #395, #415, .T. ) ;
#199 = DIRECTION ( 'NONE',  ( -1.000000000000000000, 0.000000000000000000, 0.000000000000000000 ) ) ;
#200 = CARTESIAN_POINT ( 'NONE',  ( -33.48619718280211544, 13.88297872340425521, 3.499999999999999556 ) ) ;
#201 = DIRECTION ( 'NONE',  ( -1.000000000000000000, 0.000000000000000000, 0.000000000000000000 ) ) ;
#202 = CARTESIAN_POINT ( 'NONE',  ( 0.000000000000000000, 0.000000000000000000, 0.000000000000000000 ) ) ;
#203 = AXIS2_PLACEMENT_3D ( 'NONE', #796, #632, #1478 ) ;
#204 = ORIENTED_EDGE ( 'NONE', *, *, #524, .F. ) ;
#205 = AXIS2_PLACEMENT_3D ( 'NONE', #1469, #475, #1991 ) ;
#206 = AXIS2_PLACEMENT_3D ( 'NONE', #808, #267, #1452 ) ;
#207 = ORIENTED_EDGE ( 'NONE', *, *, #1992, .F. ) ;
#208 = ORIENTED_EDGE ( 'NONE', *, *, #1594, .T. ) ;
#209 = EDGE_CURVE ( 'NONE', #930, #1875, #595, .T. ) ;
#210 = CIRCLE ( 'NONE', #631, 35.25000000000000000 ) ;
#211 = CARTESIAN_POINT ( 'NONE',  ( 0.000000000000000000, 0.000000000000000000, 3.499999999999999556 ) ) ;
#212 = DIRECTION ( 'NONE',  ( -0.000000000000000000, 0.000000000000000000, 1.000000000000000000 ) ) ;
#213 = CARTESIAN_POINT ( 'NONE',  ( -12.50000000000000000, 17.00000000000000000, -11.00000000000000000 ) ) ;
#214 = CARTESIAN_POINT ( 'NONE',  ( 19.39999999999998792, 21.00000000000000000, 4.500000000000000000 ) ) ;
#215 = AXIS2_PLACEMENT_3D ( 'NONE', #1584, #60, #1418 ) ;
#216 = CARTESIAN_POINT ( 'NONE',  ( 20.19999999999999574, 21.00000000000000000, 4.500000000000000000 ) ) ;
#217 = ORIENTED_EDGE ( 'NONE', *, *, #2171, .F. ) ;
#218 = CARTESIAN_POINT ( 'NONE',  ( -22.60000000000001563, 21.00000000000000000, 4.500000000000000000 ) ) ;
#219 = ORIENTED_EDGE ( 'NONE', *, *, #224, .T. ) ;
#220 = DIRECTION ( 'NONE',  ( 0.000000000000000000, 0.000000000000000000, -1.000000000000000000 ) ) ;
#221 = EDGE_CURVE ( 'NONE', #1123, #1089, #68, .T. ) ;
#222 = PLANE ( 'NONE',  #30 ) ;
#223 = SHAPE_DEFINITION_REPRESENTATION ( #813, #1412 ) ;
#224 = EDGE_CURVE ( 'NONE', #956, #300, #387, .T. ) ;
#225 = DIRECTION ( 'NONE',  ( 0.000000000000000000, 0.000000000000000000, -1.000000000000000000 ) ) ;
#226 = FACE_BOUND ( 'NONE', #1467, .T. ) ;
#227 = VERTEX_POINT ( 'NONE', #249 ) ;
#228 = EDGE_CURVE ( 'NONE', #578, #438, #921, .T. ) ;
#229 = CARTESIAN_POINT ( 'NONE',  ( 12.50000000000000000, 12.50000000000000000, 0.000000000000000000 ) ) ;
#230 = ORIENTED_EDGE ( 'NONE', *, *, #819, .F. ) ;
#231 = ORIENTED_EDGE ( 'NONE', *, *, #133, .T. ) ;
#232 = CARTESIAN_POINT ( 'NONE',  ( 17.00000000000000000, 11.50000000000000000, 3.499999999999999556 ) ) ;
#233 = CARTESIAN_POINT ( 'NONE',  ( -13.88297872340425343, 33.48619718280211544, -11.00000000000000000 ) ) ;
#234 = CARTESIAN_POINT ( 'NONE',  ( -12.50000000000000000, -33.32135201338624597, 0.000000000000000000 ) ) ;
#235 = AXIS2_PLACEMENT_3D ( 'NONE', #1297, #466, #1799 ) ;
#236 = CIRCLE ( 'NONE', #1499, 35.25000000000000000 ) ;
#237 = LINE ( 'NONE', #1226, #128 ) ;
#238 = EDGE_LOOP ( 'NONE', ( #1447, #1242, #1460, #406 ) ) ;
#239 = DIRECTION ( 'NONE',  ( -0.000000000000000000, -0.000000000000000000, 1.000000000000000000 ) ) ;
#240 = ORIENTED_EDGE ( 'NONE', *, *, #358, .T. ) ;
#241 = AXIS2_PLACEMENT_3D ( 'NONE', #620, #103, #775 ) ;
#242 = CARTESIAN_POINT ( 'NONE',  ( -19.39999999999998792, 21.00000000000000000, 4.500000000000000000 ) ) ;
#243 = CIRCLE ( 'NONE', #1159, 35.25000000000000000 ) ;
#244 = LINE ( 'NONE', #389, #1169 ) ;
#245 = DIRECTION ( 'NONE',  ( 0.000000000000000000, 1.000000000000000000, 0.000000000000000000 ) ) ;
#246 = CARTESIAN_POINT ( 'NONE',  ( 0.000000000000000000, 0.000000000000000000, -11.00000000000000000 ) ) ;
#247 = ORIENTED_EDGE ( 'NONE', *, *, #1992, .T. ) ;
#248 = AXIS2_PLACEMENT_3D ( 'NONE', #1017, #1698, #1686 ) ;
#249 = CARTESIAN_POINT ( 'NONE',  ( -15.00000000000000000, 11.50000000000000000, 4.500000000000000000 ) ) ;
#250 = AXIS2_PLACEMENT_3D ( 'NONE', #311, #673, #4 ) ;
#251 = ORIENTED_EDGE ( 'NONE', *, *, #879, .F. ) ;
#252 = DIRECTION ( 'NONE',  ( -0.000000000000000000, -1.000000000000000000, -0.000000000000000000 ) ) ;
#253 = EDGE_CURVE ( 'NONE', #1285, #1143, #317, .T. ) ;
#254 = DIRECTION ( 'NONE',  ( -1.000000000000000000, 0.000000000000000000, -0.000000000000000000 ) ) ;
#255 = DIRECTION ( 'NONE',  ( -1.000000000000000000, 0.000000000000000000, 0.000000000000000000 ) ) ;
#256 = FACE_OUTER_BOUND ( 'NONE', #1136, .T. ) ;
#257 = LINE ( 'NONE', #1246, #86 ) ;
#258 = ORIENTED_EDGE ( 'NONE', *, *, #1852, .F. ) ;
#259 = DIRECTION ( 'NONE',  ( -0.000000000000000000, -0.000000000000000000, -1.000000000000000000 ) ) ;
#260 = ORIENTED_EDGE ( 'NONE', *, *, #1142, .T. ) ;
#261 = EDGE_CURVE ( 'NONE', #77, #2061, #950, .T. ) ;
#262 = EDGE_LOOP ( 'NONE', ( #1967, #1220, #1381, #1727 ) ) ;
#263 = CARTESIAN_POINT ( 'NONE',  ( 11.50000000000000000, -27.04673846971554241, 4.500000000000000000 ) ) ;
#264 = EDGE_CURVE ( 'NONE', #1484, #741, #842, .T. ) ;
#265 = CARTESIAN_POINT ( 'NONE',  ( -11.82624113475177374, -34.26663859532628464, 3.499999999999999556 ) ) ;
#266 = AXIS2_PLACEMENT_3D ( 'NONE', #1553, #1757, #422 ) ;
#267 = DIRECTION ( 'NONE',  ( -0.000000000000000000, -0.000000000000000000, -1.000000000000000000 ) ) ;
#268 = CIRCLE ( 'NONE', #1114, 1.600000000000014522 ) ;
#269 = ORIENTED_EDGE ( 'NONE', *, *, #1174, .F. ) ;
#270 = VERTEX_POINT ( 'NONE', #1622 ) ;
#271 = AXIS2_PLACEMENT_3D ( 'NONE', #232, #2034, #1570 ) ;
#272 = CARTESIAN_POINT ( 'NONE',  ( 13.50000000000000178, -27.04673846971554241, 0.000000000000000000 ) ) ;
#273 = EDGE_LOOP ( 'NONE', ( #2119, #1634, #1929 ) ) ;
#274 = DIRECTION ( 'NONE',  ( -0.7315216790650489465, -0.6818181818181822118, 1.268987829860112019E-15 ) ) ;
#275 = VECTOR ( 'NONE', #1375, 1000.000000000000000 ) ;
#276 = ORIENTED_EDGE ( 'NONE', *, *, #459, .T. ) ;
#277 = ADVANCED_FACE ( 'NONE', ( #117 ), #2162, .T. ) ;
#278 = AXIS2_PLACEMENT_3D ( 'NONE', #367, #2004, #1166 ) ;
#279 = DIRECTION ( 'NONE',  ( -0.000000000000000000, -0.000000000000000000, 1.000000000000000000 ) ) ;
#280 = DIRECTION ( 'NONE',  ( 0.000000000000000000, 1.000000000000000000, 0.000000000000000000 ) ) ;
#281 = AXIS2_PLACEMENT_3D ( 'NONE', #591, #1260, #1937 ) ;
#282 = DIRECTION ( 'NONE',  ( -0.000000000000000000, -0.000000000000000000, -1.000000000000000000 ) ) ;
#283 = ORIENTED_EDGE ( 'NONE', *, *, #54, .F. ) ;
#284 = PLANE ( 'NONE',  #176 ) ;
#285 = DIRECTION ( 'NONE',  ( 1.000000000000000000, 0.000000000000000000, 0.000000000000000000 ) ) ;
#286 = ORIENTED_EDGE ( 'NONE', *, *, #1619, .T. ) ;
#287 = CARTESIAN_POINT ( 'NONE',  ( -21.00000000000000000, 21.00000000000000000, -11.00000000000000000 ) ) ;
#288 = VECTOR ( 'NONE', #301, 1000.000000000000000 ) ;
#289 = ORIENTED_EDGE ( 'NONE', *, *, #450, .T. ) ;
#290 = DIRECTION ( 'NONE',  ( -0.000000000000000000, -0.000000000000000000, 1.000000000000000000 ) ) ;
#291 = EDGE_CURVE ( 'NONE', #2023, #1954, #611, .T. ) ;
#292 = DIRECTION ( 'NONE',  ( 0.000000000000000000, 0.000000000000000000, 1.000000000000000000 ) ) ;
#293 = DIRECTION ( 'NONE',  ( -0.000000000000000000, -0.000000000000000000, 1.000000000000000000 ) ) ;
#294 = EDGE_CURVE ( 'NONE', #1517, #1205, #1970, .T. ) ;
#295 = ORIENTED_EDGE ( 'NONE', *, *, #343, .T. ) ;
#296 = DIRECTION ( 'NONE',  ( 0.000000000000000000, 0.000000000000000000, -1.000000000000000000 ) ) ;
#297 = CYLINDRICAL_SURFACE ( 'NONE', #347, 36.25000000000000000 ) ;
#298 = EDGE_CURVE ( 'NONE', #476, #1582, #1685, .T. ) ;
#299 = EDGE_LOOP ( 'NONE', ( #968, #217 ) ) ;
#300 = VERTEX_POINT ( 'NONE', #1135 ) ;
#301 = DIRECTION ( 'NONE',  ( -0.000000000000000000, -0.000000000000000000, 1.000000000000000000 ) ) ;
#302 = DIRECTION ( 'NONE',  ( -0.000000000000000000, -0.000000000000000000, 1.000000000000000000 ) ) ;
#303 = CARTESIAN_POINT ( 'NONE',  ( -22.60000000000001563, 21.00000000000000000, 4.500000000000002665 ) ) ;
#304 = VERTEX_POINT ( 'NONE', #1610 ) ;
#305 = DIRECTION ( 'NONE',  ( 0.000000000000000000, 0.000000000000000000, -1.000000000000000000 ) ) ;
#306 = CARTESIAN_POINT ( 'NONE',  ( -1.600000000000013411, -30.00000000000000000, 1.399999999999999245 ) ) ;
#307 = AXIS2_PLACEMENT_3D ( 'NONE', #1241, #394, #1268 ) ;
#308 = ORIENTED_EDGE ( 'NONE', *, *, #1632, .T. ) ;
#309 = DIRECTION ( 'NONE',  ( -0.000000000000000000, -0.000000000000000000, 1.000000000000000000 ) ) ;
#310 = ORIENTED_EDGE ( 'NONE', *, *, #1190, .T. ) ;
#311 = CARTESIAN_POINT ( 'NONE',  ( -12.50000000000000178, 36.25000000000000000, 4.500000000000000000 ) ) ;
#312 = CIRCLE ( 'NONE', #2174, 1.000000000000000000 ) ;
#313 = CIRCLE ( 'NONE', #2102, 1.000000000000000000 ) ;
#314 = LINE ( 'NONE', #607, #444 ) ;
#315 = FACE_OUTER_BOUND ( 'NONE', #1032, .T. ) ;
#316 = CARTESIAN_POINT ( 'NONE',  ( -6.000000000000000000, -19.00000000000000000, 4.500000000000000000 ) ) ;
#317 = CIRCLE ( 'NONE', #419, 1.000000000000000000 ) ;
#318 = CARTESIAN_POINT ( 'NONE',  ( -13.50000000000000178, 32.56244001913861297, 3.499999999999999556 ) ) ;
#319 = EDGE_LOOP ( 'NONE', ( #258, #538, #1864, #1984 ) ) ;
#320 = CARTESIAN_POINT ( 'NONE',  ( 19.39999999999999147, 21.00000000000000000, -9.600000000000001421 ) ) ;
#321 = ORIENTED_EDGE ( 'NONE', *, *, #253, .T. ) ;
#322 = CIRCLE ( 'NONE', #353, 1.000000000000000888 ) ;
#323 = DIRECTION ( 'NONE',  ( -0.000000000000000000, -0.000000000000000000, -1.000000000000000000 ) ) ;
#324 = CIRCLE ( 'NONE', #1011, 0.8000000000000074829 ) ;
#325 = EDGE_CURVE ( 'NONE', #1938, #1711, #1191, .T. ) ;
#326 = DIRECTION ( 'NONE',  ( 1.000000000000000000, 0.000000000000000000, 0.000000000000000000 ) ) ;
#327 = DIRECTION ( 'NONE',  ( 0.000000000000000000, -1.000000000000000000, 0.000000000000000000 ) ) ;
#328 = LINE ( 'NONE', #1826, #906 ) ;
#329 = CARTESIAN_POINT ( 'NONE',  ( 13.50000000000000178, 17.00000000000000000, 3.499999999999999556 ) ) ;
#330 = ORIENTED_EDGE ( 'NONE', *, *, #1299, .F. ) ;
#331 = EDGE_LOOP ( 'NONE', ( #1751, #1233, #526, #499 ) ) ;
#332 = EDGE_CURVE ( 'NONE', #1630, #18, #382, .T. ) ;
#333 = CARTESIAN_POINT ( 'NONE',  ( 11.50000000000000000, -33.32135201338624597, 4.500000000000000000 ) ) ;
#334 = DIRECTION ( 'NONE',  ( -1.000000000000000000, 0.000000000000000000, 0.000000000000000000 ) ) ;
#335 = CARTESIAN_POINT ( 'NONE',  ( 0.000000000000000000, 0.000000000000000000, 10.00000000000000000 ) ) ;
#336 = EDGE_CURVE ( 'NONE', #1294, #719, #173, .T. ) ;
#337 = DIRECTION ( 'NONE',  ( -0.000000000000000000, -0.000000000000000000, 1.000000000000000000 ) ) ;
#338 = ORIENTED_EDGE ( 'NONE', *, *, #612, .T. ) ;
#339 = AXIS2_PLACEMENT_3D ( 'NONE', #2040, #2049, #637 ) ;
#340 = CIRCLE ( 'NONE', #1784, 0.9999999999999991118 ) ;
#341 = ORIENTED_EDGE ( 'NONE', *, *, #325, .T. ) ;
#342 = CARTESIAN_POINT ( 'NONE',  ( 32.56244001913861297, 13.50000000000000178, 3.499999999999999556 ) ) ;
#343 = EDGE_CURVE ( 'NONE', #1771, #1863, #243, .T. ) ;
#344 = DIRECTION ( 'NONE',  ( -0.000000000000000000, -0.000000000000000000, 1.000000000000000000 ) ) ;
#345 = FACE_OUTER_BOUND ( 'NONE', #1178, .T. ) ;
#346 = DIRECTION ( 'NONE',  ( -1.000000000000000000, 0.000000000000000000, 0.000000000000000000 ) ) ;
#347 = AXIS2_PLACEMENT_3D ( 'NONE', #646, #967, #127 ) ;
#348 = VERTEX_POINT ( 'NONE', #151 ) ;
#349 = CIRCLE ( 'NONE', #1797, 1.600000000000014522 ) ;
#350 = ORIENTED_EDGE ( 'NONE', *, *, #518, .T. ) ;
#351 = EDGE_LOOP ( 'NONE', ( #1439, #1342, #1269, #276 ) ) ;
#352 = CARTESIAN_POINT ( 'NONE',  ( 0.000000000000000000, -30.00000000000000000, 0.000000000000000000 ) ) ;
#353 = AXIS2_PLACEMENT_3D ( 'NONE', #1706, #2067, #199 ) ;
#354 = DIRECTION ( 'NONE',  ( -0.000000000000000000, -0.000000000000000000, 1.000000000000000000 ) ) ;
#355 = EDGE_CURVE ( 'NONE', #1771, #2113, #59, .T. ) ;
#356 = DIRECTION ( 'NONE',  ( 1.000000000000000000, 0.000000000000000000, 0.000000000000000000 ) ) ;
#357 = AXIS2_PLACEMENT_3D ( 'NONE', #816, #146, #1528 ) ;
#358 = EDGE_CURVE ( 'NONE', #1771, #1209, #2005, .T. ) ;
#359 = DIRECTION ( 'NONE',  ( -0.000000000000000000, -0.000000000000000000, 1.000000000000000000 ) ) ;
#360 = PLANE ( 'NONE',  #1782 ) ;
#361 = ORIENTED_EDGE ( 'NONE', *, *, #870, .T. ) ;
#362 = EDGE_CURVE ( 'NONE', #1209, #855, #959, .T. ) ;
#363 = ORIENTED_EDGE ( 'NONE', *, *, #1835, .T. ) ;
#364 = DIRECTION ( 'NONE',  ( 0.000000000000000000, 0.000000000000000000, -1.000000000000000000 ) ) ;
#365 = CARTESIAN_POINT ( 'NONE',  ( 0.8000000000000130340, -30.00000000000000000, 1.399999999999999245 ) ) ;
#366 = CARTESIAN_POINT ( 'NONE',  ( -17.00000000000000000, 12.50000000000000000, 0.000000000000000000 ) ) ;
#367 = CARTESIAN_POINT ( 'NONE',  ( 32.56244001913861297, 13.50000000000000178, 0.000000000000000000 ) ) ;
#368 = CARTESIAN_POINT ( 'NONE',  ( 5.999999999999998224, -19.00000000000000000, 4.500000000000000000 ) ) ;
#369 = ADVANCED_FACE ( 'NONE', ( #1272 ), #1332, .T. ) ;
#370 = EDGE_LOOP ( 'NONE', ( #962, #1108, #1913 ) ) ;
#371 = EDGE_LOOP ( 'NONE', ( #548, #1873, #822, #478 ) ) ;
#372 = ORIENTED_EDGE ( 'NONE', *, *, #1083, .T. ) ;
#373 = VECTOR ( 'NONE', #1090, 1000.000000000000000 ) ;
#374 = DIRECTION ( 'NONE',  ( 1.000000000000000000, 0.000000000000000000, 0.000000000000000000 ) ) ;
#375 = AXIS2_PLACEMENT_3D ( 'NONE', #576, #964, #1790 ) ;
#376 = VECTOR ( 'NONE', #1264, 1000.000000000000000 ) ;
#377 = DIRECTION ( 'NONE',  ( 0.000000000000000000, 0.000000000000000000, -1.000000000000000000 ) ) ;
#378 = CARTESIAN_POINT ( 'NONE',  ( -21.00000000000000000, 21.00000000000000000, 4.500000000000000000 ) ) ;
#379 = DIRECTION ( 'NONE',  ( -0.000000000000000000, -0.000000000000000000, 1.000000000000000000 ) ) ;
#380 = AXIS2_PLACEMENT_3D ( 'NONE', #1104, #1791, #1130 ) ;
#381 = ORIENTED_EDGE ( 'NONE', *, *, #780, .T. ) ;
#382 = CIRCLE ( 'NONE', #2136, 0.9999999999999978906 ) ;
#383 = LINE ( 'NONE', #1556, #1401 ) ;
#384 = ADVANCED_FACE ( 'NONE', ( #1292 ), #297, .T. ) ;
#385 = ORIENTED_EDGE ( 'NONE', *, *, #9, .T. ) ;
#386 = EDGE_LOOP ( 'NONE', ( #2078, #1713, #1819, #1693 ) ) ;
#387 = CIRCLE ( 'NONE', #1019, 1.000000000000000888 ) ;
#388 = DIRECTION ( 'NONE',  ( 0.000000000000000000, -1.000000000000000000, 0.000000000000000000 ) ) ;
#389 = CARTESIAN_POINT ( 'NONE',  ( -11.50000000000000178, 16.00000000000000000, 4.500000000000000000 ) ) ;
#390 = DIRECTION ( 'NONE',  ( 1.000000000000000000, 0.000000000000000000, 0.000000000000000000 ) ) ;
#391 = EDGE_CURVE ( 'NONE', #1099, #980, #628, .T. ) ;
#392 = DIRECTION ( 'NONE',  ( -0.000000000000000000, -0.000000000000000000, 1.000000000000000000 ) ) ;
#393 = VECTOR ( 'NONE', #326, 1000.000000000000000 ) ;
#394 = DIRECTION ( 'NONE',  ( 1.000000000000000000, 0.000000000000000000, 0.000000000000000000 ) ) ;
#395 = VERTEX_POINT ( 'NONE', #437 ) ;
#396 = CARTESIAN_POINT ( 'NONE',  ( 0.000000000000000000, 0.000000000000000000, 4.500000000000000000 ) ) ;
#397 = ORIENTED_EDGE ( 'NONE', *, *, #391, .F. ) ;
#398 = ORIENTED_EDGE ( 'NONE', *, *, #840, .T. ) ;
#399 = CARTESIAN_POINT ( 'NONE',  ( -36.25000000000000000, 17.00000000000000000, 0.000000000000000000 ) ) ;
#400 = DIRECTION ( 'NONE',  ( 1.000000000000000000, 0.000000000000000000, 0.000000000000000000 ) ) ;
#401 = ADVANCED_FACE ( 'NONE', ( #1107 ), #1981, .F. ) ;
#402 = DIRECTION ( 'NONE',  ( -0.000000000000000000, -0.000000000000000000, -1.000000000000000000 ) ) ;
#403 = DIRECTION ( 'NONE',  ( -0.000000000000000000, -0.000000000000000000, 1.000000000000000000 ) ) ;
#404 = ORIENTED_EDGE ( 'NONE', *, *, #1555, .F. ) ;
#405 = LINE ( 'NONE', #218, #1228 ) ;
#406 = ORIENTED_EDGE ( 'NONE', *, *, #710, .F. ) ;
#407 = CYLINDRICAL_SURFACE ( 'NONE', #2168, 1.000000000000000888 ) ;
#408 = DIRECTION ( 'NONE',  ( -0.000000000000000000, -0.000000000000000000, 1.000000000000000000 ) ) ;
#409 = EDGE_CURVE ( 'NONE', #1711, #1938, #2100, .T. ) ;
#410 = AXIS2_PLACEMENT_3D ( 'NONE', #1892, #153, #981 ) ;
#411 = TOROIDAL_SURFACE ( 'NONE', #1392, 35.25000000000000000, 1.000000000000000000 ) ;
#412 = FACE_OUTER_BOUND ( 'NONE', #1, .T. ) ;
#413 = LINE ( 'NONE', #2094, #515 ) ;
#414 = ORIENTED_EDGE ( 'NONE', *, *, #771, .F. ) ;
#415 = LINE ( 'NONE', #1055, #2104 ) ;
#416 = ORIENTED_EDGE ( 'NONE', *, *, #683, .T. ) ;
#417 = AXIS2_PLACEMENT_3D ( 'NONE', #1176, #1678, #356 ) ;
#418 = CARTESIAN_POINT ( 'NONE',  ( 0.000000000000000000, 0.000000000000000000, -11.00000000000000000 ) ) ;
#419 = AXIS2_PLACEMENT_3D ( 'NONE', #1422, #1724, #932 ) ;
#420 = DIRECTION ( 'NONE',  ( 1.000000000000000000, 0.000000000000000000, 0.000000000000000000 ) ) ;
#421 = DIRECTION ( 'NONE',  ( 0.000000000000000000, 0.000000000000000000, 1.000000000000000000 ) ) ;
#422 = DIRECTION ( 'NONE',  ( 0.3262411347517739091, -0.9452865819400352310, 0.000000000000000000 ) ) ;
#423 = VERTEX_POINT ( 'NONE', #306 ) ;
#424 = ADVANCED_FACE ( 'NONE', ( #1156 ), #872, .F. ) ;
#425 = CIRCLE ( 'NONE', #1405, 0.8000000000000055955 ) ;
#426 = DIRECTION ( 'NONE',  ( 0.000000000000000000, 0.000000000000000000, 1.000000000000000000 ) ) ;
#427 = AXIS2_PLACEMENT_3D ( 'NONE', #1520, #323, #1321 ) ;
#428 = ORIENTED_EDGE ( 'NONE', *, *, #253, .F. ) ;
#429 = ADVANCED_FACE ( 'NONE', ( #686 ), #655, .T. ) ;
#430 = CARTESIAN_POINT ( 'NONE',  ( -6.000000000000000000, -19.00000000000000000, 3.499999999999999556 ) ) ;
#431 = ORIENTED_EDGE ( 'NONE', *, *, #1146, .T. ) ;
#432 = DIRECTION ( 'NONE',  ( -0.000000000000000000, -0.000000000000000000, 1.000000000000000000 ) ) ;
#433 = DIRECTION ( 'NONE',  ( 0.000000000000000000, 1.000000000000000000, 0.000000000000000000 ) ) ;
#434 = CYLINDRICAL_SURFACE ( 'NONE', #380, 1.000000000000000888 ) ;
#435 = ORIENTED_EDGE ( 'NONE', *, *, #826, .T. ) ;
#436 = EDGE_LOOP ( 'NONE', ( #680, #931 ) ) ;
#437 = CARTESIAN_POINT ( 'NONE',  ( 1.600000000000014522, -30.00000000000000000, 4.500000000000002665 ) ) ;
#438 = VERTEX_POINT ( 'NONE', #535 ) ;
#439 = FACE_OUTER_BOUND ( 'NONE', #1273, .T. ) ;
#440 = DIRECTION ( 'NONE',  ( 0.000000000000000000, 0.000000000000000000, -1.000000000000000000 ) ) ;
#441 = DIRECTION ( 'NONE',  ( 0.000000000000000000, 0.000000000000000000, 1.000000000000000000 ) ) ;
#442 = AXIS2_PLACEMENT_3D ( 'NONE', #418, #81, #755 ) ;
#443 = CARTESIAN_POINT ( 'NONE',  ( -12.50000000000000000, 17.00000000000000000, -11.00000000000000000 ) ) ;
#444 = VECTOR ( 'NONE', #136, 1000.000000000000000 ) ;
#445 = VERTEX_POINT ( 'NONE', #2012 ) ;
#446 = ORIENTED_EDGE ( 'NONE', *, *, #1029, .T. ) ;
#447 = CIRCLE ( 'NONE', #1890, 1.000000000000000888 ) ;
#448 = CARTESIAN_POINT ( 'NONE',  ( -13.50000000000000178, 32.56244001913861297, 3.499999999999999556 ) ) ;
#449 = VERTEX_POINT ( 'NONE', #1516 ) ;
#450 = EDGE_CURVE ( 'NONE', #582, #1087, #312, .T. ) ;
#451 = EDGE_CURVE ( 'NONE', #1120, #709, #1682, .T. ) ;
#452 = LINE ( 'NONE', #961, #373 ) ;
#453 = EDGE_CURVE ( 'NONE', #1642, #1484, #1540, .T. ) ;
#454 = VECTOR ( 'NONE', #189, 1000.000000000000000 ) ;
#455 = CARTESIAN_POINT ( 'NONE',  ( 32.01659725829713921, 16.99999999999999645, -11.00000000000000000 ) ) ;
#456 = DIRECTION ( 'NONE',  ( 0.000000000000000000, 1.000000000000000000, -0.000000000000000000 ) ) ;
#457 = AXIS2_PLACEMENT_3D ( 'NONE', #946, #2118, #1282 ) ;
#458 = DIRECTION ( 'NONE',  ( -1.000000000000000000, 0.000000000000000000, 0.000000000000000000 ) ) ;
#459 = EDGE_CURVE ( 'NONE', #1774, #270, #1224, .T. ) ;
#460 = ORIENTED_EDGE ( 'NONE', *, *, #1473, .T. ) ;
#461 = LINE ( 'NONE', #116, #1206 ) ;
#462 = DIRECTION ( 'NONE',  ( -1.000000000000000000, 0.000000000000000000, 0.000000000000000000 ) ) ;
#463 = AXIS2_PLACEMENT_3D ( 'NONE', #1374, #73, #736 ) ;
#464 = ORIENTED_EDGE ( 'NONE', *, *, #790, .F. ) ;
#465 = PRODUCT ( 'headpart_2', 'headpart_2', '', ( #1718 ) ) ;
#466 = DIRECTION ( 'NONE',  ( 0.000000000000000000, 0.000000000000000000, 1.000000000000000000 ) ) ;
#467 = CIRCLE ( 'NONE', #1307, 36.25000000000000000 ) ;
#468 = EDGE_LOOP ( 'NONE', ( #768, #260 ) ) ;
#469 = DIRECTION ( 'NONE',  ( -0.000000000000000000, -0.000000000000000000, 1.000000000000000000 ) ) ;
#470 = EDGE_CURVE ( 'NONE', #1949, #824, #1397, .T. ) ;
#471 = LINE ( 'NONE', #1814, #1041 ) ;
#472 = DIRECTION ( 'NONE',  ( -8.566535683836085482E-17, 1.000000000000000000, 0.000000000000000000 ) ) ;
#473 = ORIENTED_EDGE ( 'NONE', *, *, #1895, .F. ) ;
#474 = DIRECTION ( 'NONE',  ( -1.000000000000000000, 0.000000000000000000, -0.000000000000000000 ) ) ;
#475 = DIRECTION ( 'NONE',  ( -0.000000000000000000, -0.000000000000000000, 1.000000000000000000 ) ) ;
#476 = VERTEX_POINT ( 'NONE', #1879 ) ;
#477 = DIRECTION ( 'NONE',  ( 1.000000000000000000, 0.000000000000000000, 0.000000000000000000 ) ) ;
#478 = ORIENTED_EDGE ( 'NONE', *, *, #1029, .F. ) ;
#479 = DIRECTION ( 'NONE',  ( 0.000000000000000000, -1.000000000000000000, 0.000000000000000000 ) ) ;
#480 = EDGE_CURVE ( 'NONE', #1149, #423, #1432, .T. ) ;
#481 = CARTESIAN_POINT ( 'NONE',  ( 13.50000000000000178, 17.00000000000000000, 4.500000000000000000 ) ) ;
#482 = DIRECTION ( 'NONE',  ( -0.000000000000000000, -0.000000000000000000, 1.000000000000000000 ) ) ;
#483 = CIRCLE ( 'NONE', #1183, 1.000000000000000888 ) ;
#484 = CARTESIAN_POINT ( 'NONE',  ( 13.50000000000000178, 32.56244001913861297, 3.499999999999999556 ) ) ;
#485 = VECTOR ( 'NONE', #1750, 1000.000000000000000 ) ;
#486 = ORIENTED_EDGE ( 'NONE', *, *, #336, .F. ) ;
#487 = DIRECTION ( 'NONE',  ( 0.000000000000000000, 0.000000000000000000, 1.000000000000000000 ) ) ;
#488 = ADVANCED_FACE ( 'NONE', ( #1038 ), #1848, .T. ) ;
#489 = ORIENTED_EDGE ( 'NONE', *, *, #2144, .F. ) ;
#490 = CARTESIAN_POINT ( 'NONE',  ( 13.50000000000000178, -27.04673846971554241, 4.500000000000000000 ) ) ;
#491 = AXIS2_PLACEMENT_3D ( 'NONE', #841, #1018, #666 ) ;
#492 = AXIS2_PLACEMENT_3D ( 'NONE', #1000, #337, #1523 ) ;
#493 = LINE ( 'NONE', #1500, #1546 ) ;
#494 = CARTESIAN_POINT ( 'NONE',  ( -32.56244001913861297, 12.50000000000000000, 3.499999999999999556 ) ) ;
#495 = CARTESIAN_POINT ( 'NONE',  ( -11.50000000000000000, -27.04673846971554241, 3.499999999999999556 ) ) ;
#496 = CIRCLE ( 'NONE', #986, 9.000000000000001776 ) ;
#497 = CARTESIAN_POINT ( 'NONE',  ( 0.000000000000000000, -30.00000000000000000, 1.399999999999999245 ) ) ;
#498 = ADVANCED_FACE ( 'NONE', ( #1669 ), #1869, .F. ) ;
#499 = ORIENTED_EDGE ( 'NONE', *, *, #1003, .T. ) ;
#500 = CARTESIAN_POINT ( 'NONE',  ( -21.00000000000000000, 21.00000000000000000, -9.600000000000001421 ) ) ;
#501 = ORIENTED_EDGE ( 'NONE', *, *, #261, .F. ) ;
#502 = EDGE_CURVE ( 'NONE', #348, #1494, #1793, .T. ) ;
#503 = VECTOR ( 'NONE', #212, 1000.000000000000000 ) ;
#504 = DIRECTION ( 'NONE',  ( 1.000000000000000000, 0.000000000000000000, 0.000000000000000000 ) ) ;
#505 = LINE ( 'NONE', #181, #737 ) ;
#506 = CARTESIAN_POINT ( 'NONE',  ( 16.00000000000000000, -19.00000000000000000, 0.000000000000000000 ) ) ;
#507 = DIRECTION ( 'NONE',  ( -1.000000000000000000, 0.000000000000000000, 0.000000000000000000 ) ) ;
#508 = EDGE_LOOP ( 'NONE', ( #723, #1874, #955, #661 ) ) ;
#509 = ORIENTED_EDGE ( 'NONE', *, *, #1096, .T. ) ;
#510 = FACE_OUTER_BOUND ( 'NONE', #700, .T. ) ;
#511 = DIRECTION ( 'NONE',  ( -0.000000000000000000, -1.000000000000000000, -0.000000000000000000 ) ) ;
#512 = CARTESIAN_POINT ( 'NONE',  ( -16.00000000000000000, -19.00000000000000000, 3.499999999999999556 ) ) ;
#513 = DIRECTION ( 'NONE',  ( 0.000000000000000000, 0.000000000000000000, 1.000000000000000000 ) ) ;
#514 = EDGE_LOOP ( 'NONE', ( #1817, #580, #308, #330 ) ) ;
#515 = VECTOR ( 'NONE', #52, 1000.000000000000000 ) ;
#516 = AXIS2_PLACEMENT_3D ( 'NONE', #1465, #456, #292 ) ;
#517 = VERTEX_POINT ( 'NONE', #1505 ) ;
#518 = EDGE_CURVE ( 'NONE', #1001, #1449, #1122, .T. ) ;
#519 = FACE_OUTER_BOUND ( 'NONE', #2017, .T. ) ;
#520 = ADVANCED_FACE ( 'NONE', ( #172 ), #1346, .F. ) ;
#521 = DIRECTION ( 'NONE',  ( -1.000000000000000000, 0.000000000000000000, 0.000000000000000000 ) ) ;
#522 = CARTESIAN_POINT ( 'NONE',  ( -32.01659725829713210, 16.99999999999999289, -11.00000000000000000 ) ) ;
#523 = AXIS2_PLACEMENT_3D ( 'NONE', #123, #293, #965 ) ;
#524 = EDGE_CURVE ( 'NONE', #1147, #980, #1533, .T. ) ;
#525 = DIRECTION ( 'NONE',  ( 1.000000000000000000, 0.000000000000000000, 0.000000000000000000 ) ) ;
#526 = ORIENTED_EDGE ( 'NONE', *, *, #1762, .T. ) ;
#527 = ORIENTED_EDGE ( 'NONE', *, *, #409, .F. ) ;
#528 = CARTESIAN_POINT ( 'NONE',  ( 11.50000000000000000, 15.00000000000000178, 3.499999999999999556 ) ) ;
#529 = LINE ( 'NONE', #2161, #2157 ) ;
#530 = VECTOR ( 'NONE', #14, 1000.000000000000000 ) ;
#531 = CARTESIAN_POINT ( 'NONE',  ( 11.50000000000000000, 12.50000000000000000, 3.499999999999999556 ) ) ;
#532 = LINE ( 'NONE', #506, #2064 ) ;
#533 = EDGE_CURVE ( 'NONE', #138, #300, #16, .T. ) ;
#534 = AXIS2_PLACEMENT_3D ( 'NONE', #1999, #825, #985 ) ;
#535 = CARTESIAN_POINT ( 'NONE',  ( 15.00000000000000000, 11.50000000000000000, 4.500000000000000000 ) ) ;
#536 = CARTESIAN_POINT ( 'NONE',  ( -21.00000000000000000, 21.00000000000000000, 4.500000000000000000 ) ) ;
#537 = VERTEX_POINT ( 'NONE', #1920 ) ;
#538 = ORIENTED_EDGE ( 'NONE', *, *, #743, .T. ) ;
#539 = EDGE_LOOP ( 'NONE', ( #1496, #966, #1749, #1403, #2140, #1620, #184, #908, #1002, #1372, #944, #1947, #2063, #1647, #247, #446, #1800, #802, #1547, #295 ) ) ;
#540 = DIRECTION ( 'NONE',  ( 1.000000000000000000, 0.000000000000000000, 0.000000000000000000 ) ) ;
#541 = DIRECTION ( 'NONE',  ( -1.000000000000000000, 0.000000000000000000, 0.000000000000000000 ) ) ;
#542 = LINE ( 'NONE', #2091, #2002 ) ;
#543 = ADVANCED_FACE ( 'NONE', ( #412 ), #1419, .T. ) ;
#544 = FACE_OUTER_BOUND ( 'NONE', #1600, .T. ) ;
#545 = CARTESIAN_POINT ( 'NONE',  ( 33.48619718280211544, 13.88297872340425521, 3.499999999999999556 ) ) ;
#546 = EDGE_LOOP ( 'NONE', ( #809, #1106 ) ) ;
#547 = ORIENTED_EDGE ( 'NONE', *, *, #2051, .T. ) ;
#548 = ORIENTED_EDGE ( 'NONE', *, *, #502, .T. ) ;
#549 = CIRCLE ( 'NONE', #1390, 10.00000000000000000 ) ;
#550 = EDGE_CURVE ( 'NONE', #1078, #1545, #1287, .T. ) ;
#551 = FACE_OUTER_BOUND ( 'NONE', #91, .T. ) ;
#552 = CIRCLE ( 'NONE', #975, 0.8000000000000074829 ) ;
#553 = DIRECTION ( 'NONE',  ( 0.000000000000000000, 0.000000000000000000, -1.000000000000000000 ) ) ;
#554 = APPLICATION_PROTOCOL_DEFINITION ( 'draft international standard', 'automotive_design', 1998, #2085 ) ;
#555 = DIRECTION ( 'NONE',  ( 0.000000000000000000, 1.000000000000000000, 0.000000000000000000 ) ) ;
#556 = LINE ( 'NONE', #740, #1079 ) ;
#557 = PRODUCT_DEFINITION_FORMATION_WITH_SPECIFIED_SOURCE ( 'ไป', '', #465, .NOT_KNOWN. ) ;
#558 = ORIENTED_EDGE ( 'NONE', *, *, #838, .F. ) ;
#559 = AXIS2_PLACEMENT_3D ( 'NONE', #676, #1203, #507 ) ;
#560 = DIRECTION ( 'NONE',  ( -0.000000000000000000, -0.000000000000000000, 1.000000000000000000 ) ) ;
#561 = ADVANCED_FACE ( 'NONE', ( #750 ), #1245, .T. ) ;
#562 = ORIENTED_EDGE ( 'NONE', *, *, #870, .F. ) ;
#563 = DIRECTION ( 'NONE',  ( 0.000000000000000000, -0.000000000000000000, 1.000000000000000000 ) ) ;
#564 = EDGE_CURVE ( 'NONE', #1147, #744, #552, .T. ) ;
#565 = CARTESIAN_POINT ( 'NONE',  ( -16.00000000000000000, -19.00000000000000000, 3.499999999999999556 ) ) ;
#566 = CIRCLE ( 'NONE', #703, 0.9999999999999992228 ) ;
#567 = DIRECTION ( 'NONE',  ( 0.000000000000000000, 0.000000000000000000, 1.000000000000000000 ) ) ;
#568 = CIRCLE ( 'NONE', #846, 1.600000000000013411 ) ;
#569 = PLANE ( 'NONE',  #973 ) ;
#570 = ORIENTED_EDGE ( 'NONE', *, *, #2141, .F. ) ;
#571 = CARTESIAN_POINT ( 'NONE',  ( 16.00000000000000000, -19.00000000000000000, 3.499999999999999556 ) ) ;
#572 = ORIENTED_EDGE ( 'NONE', *, *, #533, .T. ) ;
#573 = CARTESIAN_POINT ( 'NONE',  ( -22.60000000000001208, 21.00000000000000000, -9.600000000000001421 ) ) ;
#574 = DIRECTION ( 'NONE',  ( -1.000000000000000000, 0.000000000000000000, 0.000000000000000000 ) ) ;
#575 = DIRECTION ( 'NONE',  ( 1.000000000000000000, 0.000000000000000000, 0.000000000000000000 ) ) ;
#576 = CARTESIAN_POINT ( 'NONE',  ( -11.50000000000000000, -33.32135201338624597, 0.000000000000000000 ) ) ;
#577 = CARTESIAN_POINT ( 'NONE',  ( 0.8000000000000130340, -30.00000000000000000, 1.399999999999999245 ) ) ;
#578 = VERTEX_POINT ( 'NONE', #1574 ) ;
#579 = DIRECTION ( 'NONE',  ( 1.000000000000000000, 0.000000000000000000, 0.000000000000000000 ) ) ;
#580 = ORIENTED_EDGE ( 'NONE', *, *, #1126, .T. ) ;
#581 = CARTESIAN_POINT ( 'NONE',  ( -21.80000000000000782, 21.00000000000000000, -11.00000000000000000 ) ) ;
#582 = VERTEX_POINT ( 'NONE', #1398 ) ;
#583 = VECTOR ( 'NONE', #1053, 1000.000000000000000 ) ;
#584 = CARTESIAN_POINT ( 'NONE',  ( 21.80000000000001492, 21.00000000000000000, -9.600000000000001421 ) ) ;
#585 = CIRCLE ( 'NONE', #410, 10.00000000000000178 ) ;
#586 = EDGE_CURVE ( 'NONE', #2061, #1484, #2092, .T. ) ;
#587 = DIRECTION ( 'NONE',  ( -1.000000000000000000, 0.000000000000000000, 0.000000000000000000 ) ) ;
#588 = DIRECTION ( 'NONE',  ( -1.000000000000000000, 0.000000000000000000, 0.000000000000000000 ) ) ;
#589 = ORIENTED_EDGE ( 'NONE', *, *, #1296, .F. ) ;
#590 = ADVANCED_FACE ( 'NONE', ( #256 ), #1084, .F. ) ;
#591 = CARTESIAN_POINT ( 'NONE',  ( 11.50000000000000000, -33.32135201338624597, 0.000000000000000000 ) ) ;
#592 = VECTOR ( 'NONE', #989, 1000.000000000000000 ) ;
#593 = ORIENTED_EDGE ( 'NONE', *, *, #979, .F. ) ;
#594 = AXIS2_PLACEMENT_3D ( 'NONE', #882, #1593, #927 ) ;
#595 = CIRCLE ( 'NONE', #1438, 1.000000000000000000 ) ;
#596 = CARTESIAN_POINT ( 'NONE',  ( 21.80000000000001492, 21.00000000000000000, -9.600000000000001421 ) ) ;
#597 = EDGE_CURVE ( 'NONE', #1711, #805, #917, .T. ) ;
#598 = FACE_OUTER_BOUND ( 'NONE', #1160, .T. ) ;
#599 = DIRECTION ( 'NONE',  ( 0.000000000000000000, 0.000000000000000000, 1.000000000000000000 ) ) ;
#600 = ORIENTED_EDGE ( 'NONE', *, *, #25, .T. ) ;
#601 = EDGE_LOOP ( 'NONE', ( #204, #1453, #1851, #659 ) ) ;
#602 = CIRCLE ( 'NONE', #672, 0.8000000000000055955 ) ;
#603 = CARTESIAN_POINT ( 'NONE',  ( 32.56244001913861297, 12.50000000000000000, 4.500000000000000000 ) ) ;
#604 = ORIENTED_EDGE ( 'NONE', *, *, #228, .F. ) ;
#605 = CARTESIAN_POINT ( 'NONE',  ( 12.50000000000000000, 12.50000000000000000, 0.000000000000000000 ) ) ;
#606 = CARTESIAN_POINT ( 'NONE',  ( 0.000000000000000000, 0.000000000000000000, 4.500000000000000000 ) ) ;
#607 = CARTESIAN_POINT ( 'NONE',  ( 11.50000000000000000, -27.04673846971554241, 4.500000000000000000 ) ) ;
#608 = CARTESIAN_POINT ( 'NONE',  ( 5.999999999999998224, -19.00000000000000000, 4.500000000000000000 ) ) ;
#609 = EDGE_CURVE ( 'NONE', #1068, #747, #939, .T. ) ;
#610 = ORIENTED_EDGE ( 'NONE', *, *, #2150, .F. ) ;
#611 = LINE ( 'NONE', #1781, #875 ) ;
#612 = EDGE_CURVE ( 'NONE', #970, #1737, #340, .T. ) ;
#613 = ORIENTED_EDGE ( 'NONE', *, *, #518, .F. ) ;
#614 = DIRECTION ( 'NONE',  ( 0.000000000000000000, 0.000000000000000000, -1.000000000000000000 ) ) ;
#615 = ORIENTED_EDGE ( 'NONE', *, *, #826, .F. ) ;
#616 = EDGE_CURVE ( 'NONE', #1120, #2023, #1891, .T. ) ;
#617 = FACE_BOUND ( 'NONE', #546, .T. ) ;
#618 = CYLINDRICAL_SURFACE ( 'NONE', #2131, 36.25000000000000000 ) ;
#619 = AXIS2_PLACEMENT_3D ( 'NONE', #368, #1710, #929 ) ;
#620 = CARTESIAN_POINT ( 'NONE',  ( -13.50000000000000178, -27.04673846971554596, 4.500000000000000000 ) ) ;
#621 = CIRCLE ( 'NONE', #375, 1.000000000000000888 ) ;
#622 = EDGE_LOOP ( 'NONE', ( #2156, #687 ) ) ;
#623 = DIRECTION ( 'NONE',  ( -0.000000000000000000, -0.000000000000000000, 1.000000000000000000 ) ) ;
#624 = DIRECTION ( 'NONE',  ( 0.000000000000000000, 1.000000000000000000, 0.000000000000000000 ) ) ;
#625 = ORIENTED_EDGE ( 'NONE', *, *, #1878, .T. ) ;
#626 = CARTESIAN_POINT ( 'NONE',  ( -12.50000000000000000, 16.00000000000000000, 4.500000000000000000 ) ) ;
#627 = AXIS2_PLACEMENT_3D ( 'NONE', #954, #1618, #1978 ) ;
#628 = CIRCLE ( 'NONE', #910, 0.8000000000000130340 ) ;
#629 = CARTESIAN_POINT ( 'NONE',  ( 21.00000000000000000, 21.00000000000000000, 4.500000000000000000 ) ) ;
#630 = CARTESIAN_POINT ( 'NONE',  ( 32.56244001913861297, 12.50000000000000000, 3.499999999999999556 ) ) ;
#631 = AXIS2_PLACEMENT_3D ( 'NONE', #396, #1088, #742 ) ;
#632 = DIRECTION ( 'NONE',  ( 1.000000000000000000, 0.000000000000000000, 0.000000000000000000 ) ) ;
#633 = ORIENTED_EDGE ( 'NONE', *, *, #913, .F. ) ;
#634 = CARTESIAN_POINT ( 'NONE',  ( 0.000000000000000000, -30.00000000000000000, 4.500000000000000000 ) ) ;
#635 = DIRECTION ( 'NONE',  ( 0.000000000000000000, 0.000000000000000000, 1.000000000000000000 ) ) ;
#636 = EDGE_LOOP ( 'NONE', ( #1444, #2033, #992, #1252 ) ) ;
#637 = DIRECTION ( 'NONE',  ( -1.000000000000000000, 0.000000000000000000, 0.000000000000000000 ) ) ;
#638 = AXIS2_PLACEMENT_3D ( 'NONE', #1985, #1672, #682 ) ;
#639 = VERTEX_POINT ( 'NONE', #1902 ) ;
#640 = EDGE_CURVE ( 'NONE', #227, #1545, #1911, .T. ) ;
#641 = CYLINDRICAL_SURFACE ( 'NONE', #1801, 1.000000000000000000 ) ;
#642 = CARTESIAN_POINT ( 'NONE',  ( 0.000000000000000000, 0.000000000000000000, 3.499999999999999556 ) ) ;
#643 = FACE_OUTER_BOUND ( 'NONE', #1915, .T. ) ;
#644 = EDGE_LOOP ( 'NONE', ( #1283, #53, #191, #1569 ) ) ;
#645 = FILL_AREA_STYLE ('',( #1807 ) ) ;
#646 = CARTESIAN_POINT ( 'NONE',  ( 0.000000000000000000, 0.000000000000000000, 10.00000000000000000 ) ) ;
#647 = ORIENTED_EDGE ( 'NONE', *, *, #2150, .T. ) ;
#648 = CARTESIAN_POINT ( 'NONE',  ( -11.50000000000000000, -33.32135201338624597, 3.499999999999999556 ) ) ;
#649 = ORIENTED_EDGE ( 'NONE', *, *, #922, .T. ) ;
#650 = CARTESIAN_POINT ( 'NONE',  ( -1.600000000000014522, -30.00000000000000000, 4.500000000000002665 ) ) ;
#651 = DIRECTION ( 'NONE',  ( 0.000000000000000000, -1.000000000000000000, 0.000000000000000000 ) ) ;
#652 = DIRECTION ( 'NONE',  ( -0.000000000000000000, -0.000000000000000000, 1.000000000000000000 ) ) ;
#653 = ADVANCED_FACE ( 'NONE', ( #1093 ), #29, .T. ) ;
#654 = VECTOR ( 'NONE', #309, 1000.000000000000000 ) ;
#655 = SPHERICAL_SURFACE ( 'NONE', #1257, 1.000000000000000000 ) ;
#656 = AXIS2_PLACEMENT_3D ( 'NONE', #1721, #433, #1824 ) ;
#657 = TOROIDAL_SURFACE ( 'NONE', #1153, 9.000000000000001776, 1.000000000000000000 ) ;
#658 = ADVANCED_FACE ( 'NONE', ( #738 ), #1240, .F. ) ;
#659 = ORIENTED_EDGE ( 'NONE', *, *, #391, .T. ) ;
#660 = DIRECTION ( 'NONE',  ( 0.000000000000000000, 1.000000000000000000, 0.000000000000000000 ) ) ;
#661 = ORIENTED_EDGE ( 'NONE', *, *, #879, .T. ) ;
#662 = CARTESIAN_POINT ( 'NONE',  ( 0.000000000000000000, 0.000000000000000000, -11.00000000000000000 ) ) ;
#663 = CIRCLE ( 'NONE', #171, 1.600000000000014522 ) ;
#664 = AXIS2_PLACEMENT_3D ( 'NONE', #1956, #1658, #1317 ) ;
#665 = DIRECTION ( 'NONE',  ( 0.000000000000000000, 0.000000000000000000, -1.000000000000000000 ) ) ;
#666 = DIRECTION ( 'NONE',  ( -1.000000000000000000, 0.000000000000000000, 0.000000000000000000 ) ) ;
#667 = ADVANCED_FACE ( 'NONE', ( #904 ), #1601, .T. ) ;
#668 = MECHANICAL_DESIGN_GEOMETRIC_PRESENTATION_REPRESENTATION (  '', ( #1719 ), #62 ) ;
#669 = DIRECTION ( 'NONE',  ( -1.000000000000000000, 0.000000000000000000, 0.000000000000000000 ) ) ;
#670 = ORIENTED_EDGE ( 'NONE', *, *, #1296, .T. ) ;
#671 = ORIENTED_EDGE ( 'NONE', *, *, #1462, .F. ) ;
#672 = AXIS2_PLACEMENT_3D ( 'NONE', #987, #2020, #334 ) ;
#673 = DIRECTION ( 'NONE',  ( 1.000000000000000000, 8.566535683836085482E-17, 0.000000000000000000 ) ) ;
#674 = DIRECTION ( 'NONE',  ( -1.000000000000000000, 0.000000000000000000, 0.000000000000000000 ) ) ;
#675 = DIRECTION ( 'NONE',  ( -1.000000000000000000, 0.000000000000000000, 0.000000000000000000 ) ) ;
#676 = CARTESIAN_POINT ( 'NONE',  ( 11.50000000000000000, -33.32135201338624597, 3.499999999999999556 ) ) ;
#677 = ADVANCED_FACE ( 'NONE', ( #544 ), #1213, .T. ) ;
#678 = ORIENTED_EDGE ( 'NONE', *, *, #1324, .F. ) ;
#679 = EDGE_CURVE ( 'NONE', #1371, #2126, #621, .T. ) ;
#680 = ORIENTED_EDGE ( 'NONE', *, *, #129, .F. ) ;
#681 = EDGE_LOOP ( 'NONE', ( #874, #1424, #414, #489 ) ) ;
#682 = DIRECTION ( 'NONE',  ( -1.000000000000000000, 0.000000000000000000, 0.000000000000000000 ) ) ;
#683 = EDGE_CURVE ( 'NONE', #304, #1608, #1103, .T. ) ;
#684 = CARTESIAN_POINT ( 'NONE',  ( -16.00000000000000000, -19.00000000000000000, 0.000000000000000000 ) ) ;
#685 = PLANE ( 'NONE',  #135 ) ;
#686 = FACE_OUTER_BOUND ( 'NONE', #370, .T. ) ;
#687 = ORIENTED_EDGE ( 'NONE', *, *, #564, .T. ) ;
#688 = AXIS2_PLACEMENT_3D ( 'NONE', #1935, #1399, #1388 ) ;
#689 = CIRCLE ( 'NONE', #89, 1.000000000000000888 ) ;
#690 = EDGE_LOOP ( 'NONE', ( #155, #678, #1507, #711 ) ) ;
#691 = DIRECTION ( 'NONE',  ( 0.000000000000000000, 0.000000000000000000, -1.000000000000000000 ) ) ;
#692 = CARTESIAN_POINT ( 'NONE',  ( 32.56244001913860586, 12.50000000000000000, 0.000000000000000000 ) ) ;
#693 = FACE_OUTER_BOUND ( 'NONE', #1518, .T. ) ;
#694 = VECTOR ( 'NONE', #1654, 1000.000000000000000 ) ;
#695 = CARTESIAN_POINT ( 'NONE',  ( -33.56244001913861297, 13.50000000000000178, 10.00000000000000000 ) ) ;
#696 = DIRECTION ( 'NONE',  ( 0.000000000000000000, 0.000000000000000000, -1.000000000000000000 ) ) ;
#697 = ORIENTED_EDGE ( 'NONE', *, *, #1358, .T. ) ;
#698 = VECTOR ( 'NONE', #733, 1000.000000000000000 ) ;
#699 = ORIENTED_EDGE ( 'NONE', *, *, #1070, .F. ) ;
#700 = EDGE_LOOP ( 'NONE', ( #1276, #886, #1779, #897, #208 ) ) ;
#701 = PLANE ( 'NONE',  #1218 ) ;
#702 = EDGE_CURVE ( 'NONE', #1421, #1243, #1856, .T. ) ;
#703 = AXIS2_PLACEMENT_3D ( 'NONE', #1857, #187, #2028 ) ;
#704 = DIRECTION ( 'NONE',  ( -1.000000000000000000, 0.000000000000000000, 0.000000000000000000 ) ) ;
#705 = DIRECTION ( 'NONE',  ( -1.000000000000000000, 0.000000000000000000, 0.000000000000000000 ) ) ;
#706 = CIRCLE ( 'NONE', #1267, 0.9999999999999978906 ) ;
#707 = DIRECTION ( 'NONE',  ( 0.000000000000000000, -1.000000000000000000, 0.000000000000000000 ) ) ;
#708 = CYLINDRICAL_SURFACE ( 'NONE', #1746, 0.8000000000000055955 ) ;
#709 = VERTEX_POINT ( 'NONE', #85 ) ;
#710 = EDGE_CURVE ( 'NONE', #445, #719, #471, .T. ) ;
#711 = ORIENTED_EDGE ( 'NONE', *, *, #2013, .F. ) ;
#712 = VERTEX_POINT ( 'NONE', #2115 ) ;
#713 = CARTESIAN_POINT ( 'NONE',  ( -11.50000000000000178, 17.00000000000000000, 4.500000000000000000 ) ) ;
#714 = CARTESIAN_POINT ( 'NONE',  ( 0.000000000000000000, 0.000000000000000000, 3.499999999999999556 ) ) ;
#715 = DIRECTION ( 'NONE',  ( 0.000000000000000000, 0.000000000000000000, -1.000000000000000000 ) ) ;
#716 = EDGE_CURVE ( 'NONE', #1281, #1143, #314, .T. ) ;
#717 = CARTESIAN_POINT ( 'NONE',  ( 13.50000000000000178, -27.04673846971554241, 3.499999999999999556 ) ) ;
#718 = DIRECTION ( 'NONE',  ( -1.000000000000000000, 0.000000000000000000, 0.000000000000000000 ) ) ;
#719 = VERTEX_POINT ( 'NONE', #785 ) ;
#720 = DIRECTION ( 'NONE',  ( -0.000000000000000000, -0.000000000000000000, -1.000000000000000000 ) ) ;
#721 = EDGE_CURVE ( 'NONE', #395, #1320, #268, .T. ) ;
#722 = ORIENTED_EDGE ( 'NONE', *, *, #749, .T. ) ;
#723 = ORIENTED_EDGE ( 'NONE', *, *, #2014, .F. ) ;
#724 = AXIS2_PLACEMENT_3D ( 'NONE', #782, #1459, #1448 ) ;
#725 = CARTESIAN_POINT ( 'NONE',  ( -12.50000000000000000, -27.04673846971554241, 3.499999999999999556 ) ) ;
#726 = CIRCLE ( 'NONE', #271, 1.000000000000000888 ) ;
#727 = DIRECTION ( 'NONE',  ( 0.000000000000000000, -1.000000000000000000, 0.000000000000000000 ) ) ;
#728 = CARTESIAN_POINT ( 'NONE',  ( -11.50000000000000178, 17.00000000000000000, 0.000000000000000000 ) ) ;
#729 = PLANE ( 'NONE',  #1532 ) ;
#730 = ADVANCED_FACE ( 'NONE', ( #1278 ), #953, .T. ) ;
#731 = ORIENTED_EDGE ( 'NONE', *, *, #28, .F. ) ;
#732 = AXIS2_PLACEMENT_3D ( 'NONE', #1367, #346, #1184 ) ;
#733 = DIRECTION ( 'NONE',  ( 0.000000000000000000, -1.000000000000000000, 0.000000000000000000 ) ) ;
#734 = ORIENTED_EDGE ( 'NONE', *, *, #1759, .F. ) ;
#735 = DIRECTION ( 'NONE',  ( -1.000000000000000000, 0.000000000000000000, 0.000000000000000000 ) ) ;
#736 = DIRECTION ( 'NONE',  ( -1.000000000000000000, 0.000000000000000000, 0.000000000000000000 ) ) ;
#737 = VECTOR ( 'NONE', #511, 1000.000000000000000 ) ;
#738 = FACE_OUTER_BOUND ( 'NONE', #141, .T. ) ;
#739 = VECTOR ( 'NONE', #1697, 1000.000000000000000 ) ;
#740 = CARTESIAN_POINT ( 'NONE',  ( -11.82624113475177374, -34.26663859532628464, 10.00000000000000000 ) ) ;
#741 = VERTEX_POINT ( 'NONE', #265 ) ;
#742 = DIRECTION ( 'NONE',  ( -1.000000000000000000, 0.000000000000000000, 0.000000000000000000 ) ) ;
#743 = EDGE_CURVE ( 'NONE', #1349, #639, #689, .T. ) ;
#744 = VERTEX_POINT ( 'NONE', #1595 ) ;
#745 = ADVANCED_FACE ( 'NONE', ( #1605 ), #618, .T. ) ;
#746 = CARTESIAN_POINT ( 'NONE',  ( 32.56244001913860586, 13.50000000000000178, 4.500000000000000000 ) ) ;
#747 = VERTEX_POINT ( 'NONE', #794 ) ;
#748 = DIRECTION ( 'NONE',  ( 1.000000000000000000, 2.081668171172166620E-14, 0.000000000000000000 ) ) ;
#749 = EDGE_CURVE ( 'NONE', #1349, #227, #900, .T. ) ;
#750 = FACE_OUTER_BOUND ( 'NONE', #777, .T. ) ;
#751 = DIRECTION ( 'NONE',  ( 1.000000000000000000, 0.000000000000000000, 0.000000000000000000 ) ) ;
#752 = ORIENTED_EDGE ( 'NONE', *, *, #1473, .F. ) ;
#753 = DIRECTION ( 'NONE',  ( 0.000000000000000000, 1.000000000000000000, 0.000000000000000000 ) ) ;
#754 = ORIENTED_EDGE ( 'NONE', *, *, #1594, .F. ) ;
#755 = DIRECTION ( 'NONE',  ( -1.000000000000000000, 0.000000000000000000, -0.000000000000000000 ) ) ;
#756 = VERTEX_POINT ( 'NONE', #1617 ) ;
#757 = EDGE_CURVE ( 'NONE', #1347, #1630, #236, .T. ) ;
#758 = DIRECTION ( 'NONE',  ( 0.000000000000000000, 0.000000000000000000, -1.000000000000000000 ) ) ;
#759 = VECTOR ( 'NONE', #567, 1000.000000000000000 ) ;
#760 = VECTOR ( 'NONE', #2111, 1000.000000000000000 ) ;
#761 = LINE ( 'NONE', #1804, #2027 ) ;
#762 = DIRECTION ( 'NONE',  ( 0.000000000000000000, -0.000000000000000000, -1.000000000000000000 ) ) ;
#763 = EDGE_LOOP ( 'NONE', ( #341, #1798 ) ) ;
#764 = ORIENTED_EDGE ( 'NONE', *, *, #100, .T. ) ;
#765 = CARTESIAN_POINT ( 'NONE',  ( -32.56244001913861297, 13.50000000000000178, 0.000000000000000000 ) ) ;
#766 = TOROIDAL_SURFACE ( 'NONE', #1361, 2.000000000000000000, 1.000000000000000000 ) ;
#767 = VECTOR ( 'NONE', #884, 1000.000000000000000 ) ;
#768 = ORIENTED_EDGE ( 'NONE', *, *, #480, .T. ) ;
#769 = CARTESIAN_POINT ( 'NONE',  ( 12.13636363636363846, -25.58369511158544185, 3.499999999999999556 ) ) ;
#770 = ORIENTED_EDGE ( 'NONE', *, *, #88, .T. ) ;
#771 = EDGE_CURVE ( 'NONE', #1170, #639, #164, .T. ) ;
#772 = CARTESIAN_POINT ( 'NONE',  ( 12.50000000000000000, -27.04673846971554241, 0.000000000000000000 ) ) ;
#773 = ADVANCED_FACE ( 'NONE', ( #113 ), #411, .T. ) ;
#774 = DIRECTION ( 'NONE',  ( 1.000000000000000000, 0.000000000000000000, -0.000000000000000000 ) ) ;
#775 = DIRECTION ( 'NONE',  ( -1.000000000000000000, 0.000000000000000000, 0.000000000000000000 ) ) ;
#776 = ORIENTED_EDGE ( 'NONE', *, *, #1694, .F. ) ;
#777 = EDGE_LOOP ( 'NONE', ( #1065, #604, #562, #2122 ) ) ;
#778 = CIRCLE ( 'NONE', #248, 1.000000000000000000 ) ;
#779 = DIRECTION ( 'NONE',  ( 0.3829787234042583144, -0.9237571636635055761, 0.000000000000000000 ) ) ;
#780 = EDGE_CURVE ( 'NONE', #2098, #639, #761, .T. ) ;
#781 = VERTEX_POINT ( 'NONE', #630 ) ;
#782 = CARTESIAN_POINT ( 'NONE',  ( 0.000000000000000000, -30.00000000000000000, 4.500000000000000000 ) ) ;
#783 = ORIENTED_EDGE ( 'NONE', *, *, #1850, .T. ) ;
#784 = DIRECTION ( 'NONE',  ( 1.000000000000000000, 0.000000000000000000, -0.000000000000000000 ) ) ;
#785 = CARTESIAN_POINT ( 'NONE',  ( 12.50000000000000000, 17.00000000000000000, 0.000000000000000000 ) ) ;
#786 = CYLINDRICAL_SURFACE ( 'NONE', #804, 1.000000000000000000 ) ;
#787 = ORIENTED_EDGE ( 'NONE', *, *, #294, .F. ) ;
#788 = DIRECTION ( 'NONE',  ( -0.9237571636635062422, -0.3829787234042567601, 0.000000000000000000 ) ) ;
#789 = EDGE_LOOP ( 'NONE', ( #1067, #877, #1775, #350 ) ) ;
#790 = EDGE_CURVE ( 'NONE', #2126, #1179, #1301, .T. ) ;
#791 = DIRECTION ( 'NONE',  ( -8.566535683836085482E-17, 1.000000000000000000, -0.000000000000000000 ) ) ;
#792 = EDGE_LOOP ( 'NONE', ( #527, #1881, #1227, #1761 ) ) ;
#793 = PLANE ( 'NONE',  #110 ) ;
#794 = CARTESIAN_POINT ( 'NONE',  ( -12.50000000000000000, 32.56244001913860586, -11.00000000000000000 ) ) ;
#795 = AXIS2_PLACEMENT_3D ( 'NONE', #1648, #2155, #1832 ) ;
#796 = CARTESIAN_POINT ( 'NONE',  ( 12.50000000000000000, 12.50000000000000000, 4.500000000000000000 ) ) ;
#797 = AXIS2_PLACEMENT_3D ( 'NONE', #122, #280, #1952 ) ;
#798 = ORIENTED_EDGE ( 'NONE', *, *, #721, .T. ) ;
#799 = LINE ( 'NONE', #2036, #592 ) ;
#800 = DIRECTION ( 'NONE',  ( 1.000000000000000000, 0.000000000000000000, 0.000000000000000000 ) ) ;
#801 = ADVANCED_FACE ( 'NONE', ( #598 ), #1081, .T. ) ;
#802 = ORIENTED_EDGE ( 'NONE', *, *, #2013, .T. ) ;
#803 = LINE ( 'NONE', #1310, #2026 ) ;
#804 = AXIS2_PLACEMENT_3D ( 'NONE', #1314, #974, #1641 ) ;
#805 = VERTEX_POINT ( 'NONE', #1200 ) ;
#806 = DIRECTION ( 'NONE',  ( 0.000000000000000000, -1.000000000000000000, 0.000000000000000000 ) ) ;
#807 = DIRECTION ( 'NONE',  ( 0.000000000000000000, 0.000000000000000000, 1.000000000000000000 ) ) ;
#808 = CARTESIAN_POINT ( 'NONE',  ( -32.56244001913861297, 13.50000000000000178, 10.00000000000000000 ) ) ;
#809 = ORIENTED_EDGE ( 'NONE', *, *, #721, .F. ) ;
#810 = DIRECTION ( 'NONE',  ( -0.000000000000000000, -0.000000000000000000, 1.000000000000000000 ) ) ;
#811 = CIRCLE ( 'NONE', #1304, 2.000000000000001776 ) ;
#812 = ORIENTED_EDGE ( 'NONE', *, *, #1386, .F. ) ;
#813 = PRODUCT_DEFINITION_SHAPE ( 'NONE', 'NONE',  #1295 ) ;
#814 = CARTESIAN_POINT ( 'NONE',  ( -32.56244001913861297, 12.50000000000000000, 0.000000000000000000 ) ) ;
#815 = ORIENTED_EDGE ( 'NONE', *, *, #1808, .T. ) ;
#816 = CARTESIAN_POINT ( 'NONE',  ( -13.50000000000000178, 32.56244001913861297, 10.00000000000000000 ) ) ;
#817 = CARTESIAN_POINT ( 'NONE',  ( -17.00000000000000000, 11.50000000000000000, 4.500000000000000000 ) ) ;
#818 = DIRECTION ( 'NONE',  ( -1.000000000000000000, 0.000000000000000000, 0.000000000000000000 ) ) ;
#819 = EDGE_CURVE ( 'NONE', #21, #930, #493, .T. ) ;
#820 = SURFACE_STYLE_USAGE ( .BOTH. , #1491 ) ;
#821 = DIRECTION ( 'NONE',  ( 8.566535683836085482E-17, -1.000000000000000000, 0.000000000000000000 ) ) ;
#822 = ORIENTED_EDGE ( 'NONE', *, *, #1503, .F. ) ;
#823 = CARTESIAN_POINT ( 'NONE',  ( -13.50000000000000178, 32.56244001913861297, 3.499999999999999556 ) ) ;
#824 = VERTEX_POINT ( 'NONE', #692 ) ;
#825 = DIRECTION ( 'NONE',  ( -0.7315216790650522771, 0.6818181818181785481, -1.268987829860117738E-15 ) ) ;
#826 = EDGE_CURVE ( 'NONE', #781, #582, #1877, .T. ) ;
#827 = LINE ( 'NONE', #1336, #1691 ) ;
#828 = DIRECTION ( 'NONE',  ( -1.000000000000000000, 0.000000000000000000, -0.000000000000000000 ) ) ;
#829 = PLANE ( 'NONE',  #1365 ) ;
#830 = AXIS2_PLACEMENT_3D ( 'NONE', #823, #660, #1661 ) ;
#831 = DIRECTION ( 'NONE',  ( 0.000000000000000000, 1.000000000000000000, 0.000000000000000000 ) ) ;
#832 = AXIS2_PLACEMENT_3D ( 'NONE', #717, #1387, #2083 ) ;
#833 = AXIS2_PLACEMENT_3D ( 'NONE', #528, #735, #1404 ) ;
#834 = ORIENTED_EDGE ( 'NONE', *, *, #1759, .T. ) ;
#835 = EDGE_LOOP ( 'NONE', ( #321, #2024, #2106, #8 ) ) ;
#836 = CARTESIAN_POINT ( 'NONE',  ( -32.56244001913861297, 13.50000000000000178, 3.499999999999999556 ) ) ;
#837 = AXIS2_PLACEMENT_3D ( 'NONE', #161, #1679, #1841 ) ;
#838 = EDGE_CURVE ( 'NONE', #1172, #94, #827, .T. ) ;
#839 = FACE_OUTER_BOUND ( 'NONE', #194, .T. ) ;
#840 = EDGE_CURVE ( 'NONE', #1642, #1281, #778, .T. ) ;
#841 = CARTESIAN_POINT ( 'NONE',  ( -32.56244001913861297, 13.50000000000000178, 3.499999999999999556 ) ) ;
#842 = CIRCLE ( 'NONE', #1261, 36.25000000000000000 ) ;
#843 = ADVANCED_FACE ( 'NONE', ( #1665 ), #148, .T. ) ;
#844 = VERTEX_POINT ( 'NONE', #1181 ) ;
#845 = EDGE_CURVE ( 'NONE', #1170, #227, #811, .T. ) ;
#846 = AXIS2_PLACEMENT_3D ( 'NONE', #1592, #279, #1604 ) ;
#847 = ORIENTED_EDGE ( 'NONE', *, *, #1663, .F. ) ;
#848 = VECTOR ( 'NONE', #1476, 1000.000000000000000 ) ;
#849 = DIRECTION ( 'NONE',  ( -0.000000000000000000, -0.000000000000000000, 1.000000000000000000 ) ) ;
#850 = CYLINDRICAL_SURFACE ( 'NONE', #1196, 1.000000000000000000 ) ;
#851 = CARTESIAN_POINT ( 'NONE',  ( 13.50000000000000178, 32.56244001913861297, 3.499999999999999556 ) ) ;
#852 = DIRECTION ( 'NONE',  ( 0.000000000000000000, -1.000000000000000000, 0.000000000000000000 ) ) ;
#853 = ORIENTED_EDGE ( 'NONE', *, *, #1043, .F. ) ;
#854 = EDGE_LOOP ( 'NONE', ( #812, #1780, #22, #97 ) ) ;
#855 = VERTEX_POINT ( 'NONE', #2170 ) ;
#856 = DIRECTION ( 'NONE',  ( 0.9237571636635055761, -0.3829787234042583144, 0.000000000000000000 ) ) ;
#857 = CARTESIAN_POINT ( 'NONE',  ( 13.50000000000000178, 36.25000000000000000, 3.499999999999999556 ) ) ;
#858 = PLANE ( 'NONE',  #1508 ) ;
#859 = CARTESIAN_POINT ( 'NONE',  ( -21.00000000000000000, 21.00000000000000000, -9.600000000000001421 ) ) ;
#860 = DIRECTION ( 'NONE',  ( 0.000000000000000000, -1.000000000000000000, 0.000000000000000000 ) ) ;
#861 = ORIENTED_EDGE ( 'NONE', *, *, #451, .T. ) ;
#862 = AXIS2_PLACEMENT_3D ( 'NONE', #87, #1586, #1744 ) ;
#863 = ADVANCED_FACE ( 'NONE', ( #839 ), #1906, .T. ) ;
#864 = AXIS2_PLACEMENT_3D ( 'NONE', #914, #1739, #374 ) ;
#865 = ORIENTED_EDGE ( 'NONE', *, *, #221, .F. ) ;
#866 = EDGE_LOOP ( 'NONE', ( #1013, #572, #1075, #776 ) ) ;
#867 = DIRECTION ( 'NONE',  ( -1.000000000000000000, 0.000000000000000000, 0.000000000000000000 ) ) ;
#868 = DIRECTION ( 'NONE',  ( 0.000000000000000000, -0.000000000000000000, -1.000000000000000000 ) ) ;
#869 = CYLINDRICAL_SURFACE ( 'NONE', #96, 36.25000000000000000 ) ;
#870 = EDGE_CURVE ( 'NONE', #1123, #578, #958, .T. ) ;
#871 = VECTOR ( 'NONE', #282, 1000.000000000000000 ) ;
#872 = PLANE ( 'NONE',  #732 ) ;
#873 = FACE_OUTER_BOUND ( 'NONE', #124, .T. ) ;
#874 = ORIENTED_EDGE ( 'NONE', *, *, #2060, .T. ) ;
#875 = VECTOR ( 'NONE', #285, 1000.000000000000000 ) ;
#876 = ORIENTED_EDGE ( 'NONE', *, *, #470, .T. ) ;
#877 = ORIENTED_EDGE ( 'NONE', *, *, #298, .T. ) ;
#878 = CARTESIAN_POINT ( 'NONE',  ( 20.19999999999998863, 21.00000000000000000, -9.600000000000001421 ) ) ;
#879 = EDGE_CURVE ( 'NONE', #1893, #933, #505, .T. ) ;
#880 = VECTOR ( 'NONE', #1846, 1000.000000000000000 ) ;
#881 = FACE_BOUND ( 'NONE', #130, .T. ) ;
#882 = CARTESIAN_POINT ( 'NONE',  ( 32.56244001913861297, 13.50000000000000178, 10.00000000000000000 ) ) ;
#883 = ADVANCED_FACE ( 'NONE', ( #1175 ), #850, .T. ) ;
#884 = DIRECTION ( 'NONE',  ( -0.000000000000000000, -0.000000000000000000, -1.000000000000000000 ) ) ;
#885 = LINE ( 'NONE', #1943, #583 ) ;
#886 = ORIENTED_EDGE ( 'NONE', *, *, #362, .T. ) ;
#887 = DIRECTION ( 'NONE',  ( -1.000000000000000000, 0.000000000000000000, 0.000000000000000000 ) ) ;
#888 = ORIENTED_EDGE ( 'NONE', *, *, #1142, .F. ) ;
#889 = EDGE_LOOP ( 'NONE', ( #1626, #647, #834, #1208, #1486 ) ) ;
#890 = DIRECTION ( 'NONE',  ( 1.000000000000000000, 0.000000000000000000, 0.000000000000000000 ) ) ;
#891 = CARTESIAN_POINT ( 'NONE',  ( -36.25000000000000000, 17.00000000000000000, -11.00000000000000000 ) ) ;
#892 = FACE_OUTER_BOUND ( 'NONE', #508, .T. ) ;
#893 = DIRECTION ( 'NONE',  ( -0.000000000000000000, -0.000000000000000000, 1.000000000000000000 ) ) ;
#894 = FACE_OUTER_BOUND ( 'NONE', #1554, .T. ) ;
#895 = EDGE_LOOP ( 'NONE', ( #1097, #936, #1927, #230 ) ) ;
#896 = CARTESIAN_POINT ( 'NONE',  ( 0.000000000000000000, 0.000000000000000000, 3.499999999999999556 ) ) ;
#897 = ORIENTED_EDGE ( 'NONE', *, *, #2120, .F. ) ;
#898 = CIRCLE ( 'NONE', #2056, 1.600000000000011191 ) ;
#899 = LINE ( 'NONE', #242, #92 ) ;
#900 = CIRCLE ( 'NONE', #516, 1.000000000000000000 ) ;
#901 = DIRECTION ( 'NONE',  ( 1.000000000000000000, 0.000000000000000000, 0.000000000000000000 ) ) ;
#902 = PRODUCT_RELATED_PRODUCT_CATEGORY ( 'part', '', ( #465 ) ) ;
#903 = EDGE_CURVE ( 'NONE', #1527, #1357, #602, .T. ) ;
#904 = FACE_OUTER_BOUND ( 'NONE', #1896, .T. ) ;
#905 = CARTESIAN_POINT ( 'NONE',  ( 13.88297872340425521, 33.48619718280211544, 10.00000000000000000 ) ) ;
#906 = VECTOR ( 'NONE', #1795, 1000.000000000000000 ) ;
#907 = CIRCLE ( 'NONE', #1645, 9.000000000000005329 ) ;
#908 = ORIENTED_EDGE ( 'NONE', *, *, #716, .T. ) ;
#909 = EDGE_CURVE ( 'NONE', #741, #756, #566, .T. ) ;
#910 = AXIS2_PLACEMENT_3D ( 'NONE', #1946, #810, #800 ) ;
#911 = DIRECTION ( 'NONE',  ( -1.000000000000000000, 0.000000000000000000, 0.000000000000000000 ) ) ;
#912 = ORIENTED_EDGE ( 'NONE', *, *, #129, .T. ) ;
#913 = EDGE_CURVE ( 'NONE', #1834, #537, #1489, .T. ) ;
#914 = CARTESIAN_POINT ( 'NONE',  ( 0.000000000000000000, -30.00000000000000000, 4.500000000000002665 ) ) ;
#915 = DIRECTION ( 'NONE',  ( -0.000000000000000000, -0.000000000000000000, -1.000000000000000000 ) ) ;
#916 = VECTOR ( 'NONE', #344, 1000.000000000000000 ) ;
#917 = LINE ( 'NONE', #214, #1675 ) ;
#918 = AXIS2_PLACEMENT_3D ( 'NONE', #1015, #849, #504 ) ;
#919 = DIRECTION ( 'NONE',  ( -0.000000000000000000, -0.000000000000000000, 1.000000000000000000 ) ) ;
#920 = EDGE_LOOP ( 'NONE', ( #1197, #1132, #1580, #798 ) ) ;
#921 = LINE ( 'NONE', #78, #1611 ) ;
#922 = EDGE_CURVE ( 'NONE', #1668, #1949, #1521, .T. ) ;
#923 = ORIENTED_EDGE ( 'NONE', *, *, #771, .T. ) ;
#924 = DIRECTION ( 'NONE',  ( 0.6818181818181822118, -0.7315216790650489465, 0.000000000000000000 ) ) ;
#925 = ORIENTED_EDGE ( 'NONE', *, *, #2076, .T. ) ;
#926 = CARTESIAN_POINT ( 'NONE',  ( -11.50000000000000000, 12.50000000000000000, 3.499999999999999556 ) ) ;
#927 = DIRECTION ( 'NONE',  ( -1.000000000000000000, 0.000000000000000000, 0.000000000000000000 ) ) ;
#928 = CARTESIAN_POINT ( 'NONE',  ( -15.00000000000000000, -19.00000000000000000, 3.499999999999999556 ) ) ;
#929 = DIRECTION ( 'NONE',  ( -1.000000000000000000, 0.000000000000000000, 0.000000000000000000 ) ) ;
#930 = VERTEX_POINT ( 'NONE', #1192 ) ;
#931 = ORIENTED_EDGE ( 'NONE', *, *, #1234, .F. ) ;
#932 = DIRECTION ( 'NONE',  ( 0.000000000000000000, 0.000000000000000000, -1.000000000000000000 ) ) ;
#933 = VERTEX_POINT ( 'NONE', #684 ) ;
#934 = EDGE_CURVE ( 'NONE', #1435, #1608, #145, .T. ) ;
#935 = LINE ( 'NONE', #746, #376 ) ;
#936 = ORIENTED_EDGE ( 'NONE', *, *, #952, .F. ) ;
#937 = CIRCLE ( 'NONE', #1250, 36.25000000000000000 ) ;
#938 = CARTESIAN_POINT ( 'NONE',  ( 1.600000000000013411, -30.00000000000000000, 1.399999999999999245 ) ) ;
#939 = CIRCLE ( 'NONE', #1889, 1.000000000000000888 ) ;
#940 = AXIS2_PLACEMENT_3D ( 'NONE', #1787, #1763, #2099 ) ;
#941 = DIRECTION ( 'NONE',  ( -1.000000000000000000, 0.000000000000000000, 0.000000000000000000 ) ) ;
#942 = LINE ( 'NONE', #149, #1423 ) ;
#943 = EDGE_CURVE ( 'NONE', #445, #1172, #1027, .T. ) ;
#944 = ORIENTED_EDGE ( 'NONE', *, *, #228, .T. ) ;
#945 = ORIENTED_EDGE ( 'NONE', *, *, #1712, .T. ) ;
#946 = CARTESIAN_POINT ( 'NONE',  ( -32.56244001913861297, 13.50000000000000178, 10.00000000000000000 ) ) ;
#947 = ORIENTED_EDGE ( 'NONE', *, *, #291, .T. ) ;
#948 = CYLINDRICAL_SURFACE ( 'NONE', #940, 1.600000000000013856 ) ;
#949 = ORIENTED_EDGE ( 'NONE', *, *, #679, .F. ) ;
#950 = CIRCLE ( 'NONE', #281, 1.000000000000000888 ) ;
#951 = CARTESIAN_POINT ( 'NONE',  ( -11.50000000000000000, -33.32135201338624597, 3.499999999999999556 ) ) ;
#952 = EDGE_CURVE ( 'NONE', #1875, #1348, #157, .T. ) ;
#953 = SPHERICAL_SURFACE ( 'NONE', #797, 1.000000000000000000 ) ;
#954 = CARTESIAN_POINT ( 'NONE',  ( 32.56244001913861297, 13.50000000000000178, 3.499999999999999556 ) ) ;
#955 = ORIENTED_EDGE ( 'NONE', *, *, #1852, .T. ) ;
#956 = VERTEX_POINT ( 'NONE', #1036 ) ;
#957 = EDGE_CURVE ( 'NONE', #1735, #18, #1725, .T. ) ;
#958 = CIRCLE ( 'NONE', #2039, 1.000000000000000000 ) ;
#959 = LINE ( 'NONE', #1456, #98 ) ;
#960 = ORIENTED_EDGE ( 'NONE', *, *, #451, .F. ) ;
#961 = CARTESIAN_POINT ( 'NONE',  ( -12.50000000000000000, 17.00000000000000000, -11.00000000000000000 ) ) ;
#962 = ORIENTED_EDGE ( 'NONE', *, *, #2060, .F. ) ;
#963 = DIRECTION ( 'NONE',  ( 0.000000000000000000, 0.000000000000000000, -1.000000000000000000 ) ) ;
#964 = DIRECTION ( 'NONE',  ( -0.000000000000000000, -0.000000000000000000, -1.000000000000000000 ) ) ;
#965 = DIRECTION ( 'NONE',  ( 1.000000000000000000, 0.000000000000000000, 0.000000000000000000 ) ) ;
#966 = ORIENTED_EDGE ( 'NONE', *, *, #845, .T. ) ;
#967 = DIRECTION ( 'NONE',  ( -0.000000000000000000, -0.000000000000000000, -1.000000000000000000 ) ) ;
#968 = ORIENTED_EDGE ( 'NONE', *, *, #1096, .F. ) ;
#969 = CYLINDRICAL_SURFACE ( 'NONE', #1325, 0.8000000000000074829 ) ;
#970 = VERTEX_POINT ( 'NONE', #1550 ) ;
#971 = FACE_OUTER_BOUND ( 'NONE', #262, .T. ) ;
#972 = DIRECTION ( 'NONE',  ( -1.000000000000000000, 0.000000000000000000, 0.000000000000000000 ) ) ;
#973 = AXIS2_PLACEMENT_3D ( 'NONE', #65, #1903, #762 ) ;
#974 = DIRECTION ( 'NONE',  ( -1.000000000000000000, 0.000000000000000000, 0.000000000000000000 ) ) ;
#975 = AXIS2_PLACEMENT_3D ( 'NONE', #39, #1409, #1073 ) ;
#976 = ORIENTED_EDGE ( 'NONE', *, *, #459, .F. ) ;
#977 = CARTESIAN_POINT ( 'NONE',  ( 12.50000000000000000, -33.32135201338624597, 0.000000000000000000 ) ) ;
#978 = CARTESIAN_POINT ( 'NONE',  ( 21.00000000000000000, 21.00000000000000000, -11.00000000000000000 ) ) ;
#979 = EDGE_CURVE ( 'NONE', #1582, #476, #425, .T. ) ;
#980 = VERTEX_POINT ( 'NONE', #2090 ) ;
#981 = DIRECTION ( 'NONE',  ( 1.000000000000000000, 0.000000000000000000, 0.000000000000000000 ) ) ;
#982 = AXIS2_PLACEMENT_3D ( 'NONE', #1037, #1707, #255 ) ;
#983 = ORIENTED_EDGE ( 'NONE', *, *, #80, .T. ) ;
#984 = ADVANCED_FACE ( 'NONE', ( #1407 ), #1730, .F. ) ;
#985 = DIRECTION ( 'NONE',  ( -0.6818181818181784370, -0.7315216790650522771, 0.000000000000000000 ) ) ;
#986 = AXIS2_PLACEMENT_3D ( 'NONE', #316, #623, #1306 ) ;
#987 = CARTESIAN_POINT ( 'NONE',  ( -21.00000000000000000, 21.00000000000000000, -11.00000000000000000 ) ) ;
#988 = FACE_OUTER_BOUND ( 'NONE', #895, .T. ) ;
#989 = DIRECTION ( 'NONE',  ( 0.000000000000000000, 0.000000000000000000, 1.000000000000000000 ) ) ;
#990 = DIRECTION ( 'NONE',  ( -0.000000000000000000, -0.000000000000000000, 1.000000000000000000 ) ) ;
#991 = AXIS2_PLACEMENT_3D ( 'NONE', #1886, #1082, #901 ) ;
#992 = ORIENTED_EDGE ( 'NONE', *, *, #154, .F. ) ;
#993 = DIRECTION ( 'NONE',  ( 1.000000000000000000, 0.000000000000000000, 0.000000000000000000 ) ) ;
#994 = AXIS2_PLACEMENT_3D ( 'NONE', #1942, #186, #2009 ) ;
#995 = ORIENTED_EDGE ( 'NONE', *, *, #2079, .F. ) ;
#996 = DIRECTION ( 'NONE',  ( 1.000000000000000000, 0.000000000000000000, 0.000000000000000000 ) ) ;
#997 = CARTESIAN_POINT ( 'NONE',  ( 17.00000000000000000, 12.50000000000000000, 3.499999999999999556 ) ) ;
#998 = FACE_OUTER_BOUND ( 'NONE', #2154, .T. ) ;
#999 = DIRECTION ( 'NONE',  ( 0.000000000000000000, 0.000000000000000000, 1.000000000000000000 ) ) ;
#1000 = CARTESIAN_POINT ( 'NONE',  ( 21.00000000000000000, 21.00000000000000000, -9.600000000000001421 ) ) ;
#1001 = VERTEX_POINT ( 'NONE', #584 ) ;
#1002 = ORIENTED_EDGE ( 'NONE', *, *, #1047, .T. ) ;
#1003 = EDGE_CURVE ( 'NONE', #1371, #2061, #2145, .T. ) ;
#1004 = CARTESIAN_POINT ( 'NONE',  ( -20.19999999999999574, 21.00000000000000000, 4.500000000000000000 ) ) ;
#1005 = DIRECTION ( 'NONE',  ( -1.000000000000000000, -0.000000000000000000, -0.000000000000000000 ) ) ;
#1006 = CARTESIAN_POINT ( 'NONE',  ( 17.00000000000000000, 11.50000000000000000, 3.499999999999999556 ) ) ;
#1007 = TOROIDAL_SURFACE ( 'NONE', #46, 2.000000000000000000, 1.000000000000000000 ) ;
#1008 = ADVANCED_FACE ( 'NONE', ( #1900 ), #1061, .T. ) ;
#1009 = DIRECTION ( 'NONE',  ( 0.000000000000000000, 0.000000000000000000, -1.000000000000000000 ) ) ;
#1010 = AXIS2_PLACEMENT_3D ( 'NONE', #928, #245, #1769 ) ;
#1011 = AXIS2_PLACEMENT_3D ( 'NONE', #352, #1395, #1221 ) ;
#1012 = ORIENTED_EDGE ( 'NONE', *, *, #2109, .F. ) ;
#1013 = ORIENTED_EDGE ( 'NONE', *, *, #1755, .T. ) ;
#1014 = UNCERTAINTY_MEASURE_WITH_UNIT (LENGTH_MEASURE( 1.000000000000000082E-05 ), #139, 'distance_accuracy_value', 'NONE');
#1015 = CARTESIAN_POINT ( 'NONE',  ( 21.00000000000000000, 21.00000000000000000, 4.500000000000002665 ) ) ;
#1016 = AXIS2_PLACEMENT_3D ( 'NONE', #329, #852, #1009 ) ;
#1017 = CARTESIAN_POINT ( 'NONE',  ( 11.50000000000000000, -33.32135201338624597, 3.499999999999999556 ) ) ;
#1018 = DIRECTION ( 'NONE',  ( 0.000000000000000000, 1.000000000000000000, 0.000000000000000000 ) ) ;
#1019 = AXIS2_PLACEMENT_3D ( 'NONE', #765, #259, #579 ) ;
#1020 = DIRECTION ( 'NONE',  ( 0.000000000000000000, 0.000000000000000000, 1.000000000000000000 ) ) ;
#1021 = ORIENTED_EDGE ( 'NONE', *, *, #1962, .F. ) ;
#1022 = AXIS2_PLACEMENT_3D ( 'NONE', #714, #377, #1740 ) ;
#1023 = EDGE_LOOP ( 'NONE', ( #1997, #1305, #649, #547, #558, #363 ) ) ;
#1024 = ORIENTED_EDGE ( 'NONE', *, *, #790, .T. ) ;
#1025 = AXIS2_PLACEMENT_3D ( 'NONE', #490, #1334, #1865 ) ;
#1026 = CARTESIAN_POINT ( 'NONE',  ( 11.50000000000000000, 16.00000000000000000, 0.000000000000000000 ) ) ;
#1027 = LINE ( 'NONE', #1323, #393 ) ;
#1028 = DIRECTION ( 'NONE',  ( 0.000000000000000000, 0.000000000000000000, -1.000000000000000000 ) ) ;
#1029 = EDGE_CURVE ( 'NONE', #348, #21, #1370, .T. ) ;
#1030 = DIRECTION ( 'NONE',  ( 1.000000000000000000, 0.000000000000000000, 0.000000000000000000 ) ) ;
#1031 = DIRECTION ( 'NONE',  ( -0.000000000000000000, -0.000000000000000000, 1.000000000000000000 ) ) ;
#1032 = EDGE_LOOP ( 'NONE', ( #1958, #162, #1695, #501 ) ) ;
#1033 = ORIENTED_EDGE ( 'NONE', *, *, #845, .F. ) ;
#1034 = ORIENTED_EDGE ( 'NONE', *, *, #1076, .F. ) ;
#1035 = DIRECTION ( 'NONE',  ( 0.000000000000000000, 0.000000000000000000, -1.000000000000000000 ) ) ;
#1036 = CARTESIAN_POINT ( 'NONE',  ( -32.56244001913861297, 12.50000000000000000, 0.000000000000000000 ) ) ;
#1037 = CARTESIAN_POINT ( 'NONE',  ( 13.50000000000000178, -27.04673846971554241, 3.499999999999999556 ) ) ;
#1038 = FACE_OUTER_BOUND ( 'NONE', #1280, .T. ) ;
#1039 = CYLINDRICAL_SURFACE ( 'NONE', #795, 1.000000000000000000 ) ;
#1040 = ORIENTED_EDGE ( 'NONE', *, *, #702, .F. ) ;
#1041 = VECTOR ( 'NONE', #807, 1000.000000000000000 ) ;
#1042 = AXIS2_PLACEMENT_3D ( 'NONE', #211, #691, #1069 ) ;
#1043 = EDGE_CURVE ( 'NONE', #1737, #1875, #244, .T. ) ;
#1044 = ORIENTED_EDGE ( 'NONE', *, *, #2171, .T. ) ;
#1045 = ORIENTED_EDGE ( 'NONE', *, *, #332, .T. ) ;
#1046 = FACE_OUTER_BOUND ( 'NONE', #1525, .T. ) ;
#1047 = EDGE_CURVE ( 'NONE', #1143, #193, #67, .T. ) ;
#1048 = CARTESIAN_POINT ( 'NONE',  ( 13.50000000000000178, -27.04673846971554241, 4.500000000000000000 ) ) ;
#1049 = AXIS2_PLACEMENT_3D ( 'NONE', #1384, #390, #715 ) ;
#1050 = APPLICATION_PROTOCOL_DEFINITION ( 'draft international standard', 'automotive_design', 1998, #175 ) ;
#1051 = AXIS2_PLACEMENT_3D ( 'NONE', #1827, #990, #1644 ) ;
#1052 = DIRECTION ( 'NONE',  ( 1.000000000000000000, 0.000000000000000000, 0.000000000000000000 ) ) ;
#1053 = DIRECTION ( 'NONE',  ( 0.000000000000000000, 0.000000000000000000, -1.000000000000000000 ) ) ;
#1054 = ORIENTED_EDGE ( 'NONE', *, *, #1762, .F. ) ;
#1055 = CARTESIAN_POINT ( 'NONE',  ( 1.600000000000013856, -30.00000000000000000, 4.500000000000000000 ) ) ;
#1056 = ORIENTED_EDGE ( 'NONE', *, *, #1058, .T. ) ;
#1057 = VERTEX_POINT ( 'NONE', #1211 ) ;
#1058 = EDGE_CURVE ( 'NONE', #300, #709, #1655, .T. ) ;
#1059 = UNCERTAINTY_MEASURE_WITH_UNIT (LENGTH_MEASURE( 1.000000000000000082E-05 ), #1254, 'distance_accuracy_value', 'NONE');
#1060 = CARTESIAN_POINT ( 'NONE',  ( -11.50000000000000178, -27.04673846971554241, 4.500000000000000000 ) ) ;
#1061 = TOROIDAL_SURFACE ( 'NONE', #1022, 35.25000000000000000, 1.000000000000000000 ) ;
#1062 = CARTESIAN_POINT ( 'NONE',  ( -32.56244001913861297, 13.50000000000000178, 0.000000000000000000 ) ) ;
#1063 = DIRECTION ( 'NONE',  ( 1.000000000000000000, 0.000000000000000000, 0.000000000000000000 ) ) ;
#1064 = FACE_OUTER_BOUND ( 'NONE', #1291, .T. ) ;
#1065 = ORIENTED_EDGE ( 'NONE', *, *, #1457, .T. ) ;
#1066 = LINE ( 'NONE', #229, #698 ) ;
#1067 = ORIENTED_EDGE ( 'NONE', *, *, #1732, .F. ) ;
#1068 = VERTEX_POINT ( 'NONE', #233 ) ;
#1069 = DIRECTION ( 'NONE',  ( -1.000000000000000000, 0.000000000000000000, 0.000000000000000000 ) ) ;
#1070 = EDGE_CURVE ( 'NONE', #712, #1834, #1764, .T. ) ;
#1071 = ADVANCED_FACE ( 'NONE', ( #45 ), #222, .T. ) ;
#1072 = DIRECTION ( 'NONE',  ( -0.000000000000000000, -0.000000000000000000, -1.000000000000000000 ) ) ;
#1073 = DIRECTION ( 'NONE',  ( 1.000000000000000000, 0.000000000000000000, 0.000000000000000000 ) ) ;
#1074 = DIRECTION ( 'NONE',  ( 0.000000000000000000, 0.000000000000000000, -1.000000000000000000 ) ) ;
#1075 = ORIENTED_EDGE ( 'NONE', *, *, #224, .F. ) ;
#1076 = EDGE_CURVE ( 'NONE', #844, #1311, #322, .T. ) ;
#1077 = CARTESIAN_POINT ( 'NONE',  ( 12.13636363636364024, -25.58369511158544185, 4.500000000000000000 ) ) ;
#1078 = VERTEX_POINT ( 'NONE', #565 ) ;
#1079 = VECTOR ( 'NONE', #2071, 1000.000000000000000 ) ;
#1080 = FACE_OUTER_BOUND ( 'NONE', #1907, .T. ) ;
#1081 = TOROIDAL_SURFACE ( 'NONE', #1926, 9.000000000000005329, 1.000000000000000000 ) ;
#1082 = DIRECTION ( 'NONE',  ( 0.000000000000000000, 0.000000000000000000, 1.000000000000000000 ) ) ;
#1083 = EDGE_CURVE ( 'NONE', #2113, #1209, #1266, .T. ) ;
#1084 = CYLINDRICAL_SURFACE ( 'NONE', #1748, 1.600000000000014522 ) ;
#1085 = CARTESIAN_POINT ( 'NONE',  ( 13.50000000000000178, 32.56244001913861297, 3.499999999999999556 ) ) ;
#1086 = CIRCLE ( 'NONE', #627, 1.000000000000000888 ) ;
#1087 = VERTEX_POINT ( 'NONE', #1571 ) ;
#1088 = DIRECTION ( 'NONE',  ( -0.000000000000000000, -0.000000000000000000, 1.000000000000000000 ) ) ;
#1089 = VERTEX_POINT ( 'NONE', #1909 ) ;
#1090 = DIRECTION ( 'NONE',  ( 0.000000000000000000, 1.000000000000000000, 0.000000000000000000 ) ) ;
#1091 = ORIENTED_EDGE ( 'NONE', *, *, #1202, .T. ) ;
#1092 = CARTESIAN_POINT ( 'NONE',  ( -12.50000000000000000, -33.32135201338624597, 3.499999999999999556 ) ) ;
#1093 = FACE_OUTER_BOUND ( 'NONE', #2008, .T. ) ;
#1094 = CIRCLE ( 'NONE', #147, 1.000000000000000888 ) ;
#1095 = CYLINDRICAL_SURFACE ( 'NONE', #307, 1.000000000000000000 ) ;
#1096 = EDGE_CURVE ( 'NONE', #1480, #1982, #2112, .T. ) ;
#1097 = ORIENTED_EDGE ( 'NONE', *, *, #1503, .T. ) ;
#1098 = CARTESIAN_POINT ( 'NONE',  ( 0.000000000000000000, 0.000000000000000000, 3.499999999999999556 ) ) ;
#1099 = VERTEX_POINT ( 'NONE', #365 ) ;
#1100 = CARTESIAN_POINT ( 'NONE',  ( 12.81818181818182012, -26.31521679065049213, 0.000000000000000000 ) ) ;
#1101 = EDGE_CURVE ( 'NONE', #747, #1209, #1542, .T. ) ;
#1102 = FACE_BOUND ( 'NONE', #436, .T. ) ;
#1103 = LINE ( 'NONE', #1289, #1185 ) ;
#1104 = CARTESIAN_POINT ( 'NONE',  ( 11.50000000000000000, -33.32135201338624597, 10.00000000000000000 ) ) ;
#1105 = ORIENTED_EDGE ( 'NONE', *, *, #1207, .T. ) ;
#1106 = ORIENTED_EDGE ( 'NONE', *, *, #1487, .F. ) ;
#1107 = FACE_OUTER_BOUND ( 'NONE', #789, .T. ) ;
#1108 = ORIENTED_EDGE ( 'NONE', *, *, #1576, .T. ) ;
#1109 = ADVANCED_FACE ( 'NONE', ( #881, #1975 ), #793, .F. ) ;
#1110 = CARTESIAN_POINT ( 'NONE',  ( -15.00000000000000000, -19.00000000000000000, 4.500000000000000000 ) ) ;
#1111 = EDGE_LOOP ( 'NONE', ( #2050, #1389, #1265, #33 ) ) ;
#1112 = CIRCLE ( 'NONE', #1565, 1.000000000000000000 ) ;
#1113 = CARTESIAN_POINT ( 'NONE',  ( -17.00000000000000000, 13.50000000000000178, 4.500000000000000000 ) ) ;
#1114 = AXIS2_PLACEMENT_3D ( 'NONE', #1628, #302, #101 ) ;
#1115 = CIRCLE ( 'NONE', #50, 1.000000000000000888 ) ;
#1116 = EDGE_CURVE ( 'NONE', #1348, #1294, #1627, .T. ) ;
#1117 = CARTESIAN_POINT ( 'NONE',  ( -17.00000000000000000, 13.50000000000000178, 3.499999999999999556 ) ) ;
#1118 = CARTESIAN_POINT ( 'NONE',  ( -13.88297872340425521, 33.48619718280211544, 10.00000000000000000 ) ) ;
#1119 = ORIENTED_EDGE ( 'NONE', *, *, #640, .F. ) ;
#1120 = VERTEX_POINT ( 'NONE', #134 ) ;
#1121 = DIRECTION ( 'NONE',  ( -0.9237571636635062422, 0.3829787234042567601, 0.000000000000000000 ) ) ;
#1122 = CIRCLE ( 'NONE', #492, 0.8000000000000124789 ) ;
#1123 = VERTEX_POINT ( 'NONE', #1277 ) ;
#1124 = FACE_OUTER_BOUND ( 'NONE', #2175, .T. ) ;
#1125 = EDGE_LOOP ( 'NONE', ( #1045, #2152, #1788 ) ) ;
#1126 = EDGE_CURVE ( 'NONE', #1527, #270, #1776, .T. ) ;
#1127 = AXIS2_PLACEMENT_3D ( 'NONE', #272, #635, #2153 ) ;
#1128 = DIRECTION ( 'NONE',  ( 0.000000000000000000, 0.000000000000000000, -1.000000000000000000 ) ) ;
#1129 = CARTESIAN_POINT ( 'NONE',  ( -21.00000000000000000, 21.00000000000000000, -9.600000000000001421 ) ) ;
#1130 = DIRECTION ( 'NONE',  ( -1.000000000000000000, 0.000000000000000000, 0.000000000000000000 ) ) ;
#1131 = CIRCLE ( 'NONE', #180, 0.8000000000000124789 ) ;
#1132 = ORIENTED_EDGE ( 'NONE', *, *, #480, .F. ) ;
#1133 = FACE_OUTER_BOUND ( 'NONE', #1944, .T. ) ;
#1134 = AXIS2_PLACEMENT_3D ( 'NONE', #2169, #479, #167 ) ;
#1135 = CARTESIAN_POINT ( 'NONE',  ( -33.56244001913861297, 13.50000000000000178, 0.000000000000000000 ) ) ;
#1136 = EDGE_LOOP ( 'NONE', ( #1040, #1822, #1044, #752 ) ) ;
#1137 = FACE_OUTER_BOUND ( 'NONE', #601, .T. ) ;
#1138 = ORIENTED_EDGE ( 'NONE', *, *, #332, .F. ) ;
#1139 = DIRECTION ( 'NONE',  ( 0.000000000000000000, 0.000000000000000000, -1.000000000000000000 ) ) ;
#1140 = ADVANCED_FACE ( 'NONE', ( #1951 ), #641, .T. ) ;
#1141 = FACE_OUTER_BOUND ( 'NONE', #386, .T. ) ;
#1142 = EDGE_CURVE ( 'NONE', #423, #1149, #568, .T. ) ;
#1143 = VERTEX_POINT ( 'NONE', #263 ) ;
#1144 =( NAMED_UNIT ( * ) SI_UNIT ( $, .STERADIAN. ) SOLID_ANGLE_UNIT ( ) );
#1145 = CARTESIAN_POINT ( 'NONE',  ( 21.00000000000000000, 21.00000000000000000, -9.600000000000001421 ) ) ;
#1146 = EDGE_CURVE ( 'NONE', #1205, #1285, #1802, .T. ) ;
#1147 = VERTEX_POINT ( 'NONE', #112 ) ;
#1148 = FACE_OUTER_BOUND ( 'NONE', #1475, .T. ) ;
#1149 = VERTEX_POINT ( 'NONE', #938 ) ;
#1150 = CARTESIAN_POINT ( 'NONE',  ( 12.50000000000000000, -27.04673846971554241, 3.499999999999999556 ) ) ;
#1151 = AXIS2_PLACEMENT_3D ( 'NONE', #1256, #76, #588 ) ;
#1152 = CARTESIAN_POINT ( 'NONE',  ( -12.50000000000000000, -33.32135201338624597, 4.500000000000000000 ) ) ;
#1153 = AXIS2_PLACEMENT_3D ( 'NONE', #1581, #364, #867 ) ;
#1154 = DIRECTION ( 'NONE',  ( -1.000000000000000000, 0.000000000000000000, 0.000000000000000000 ) ) ;
#1155 = CARTESIAN_POINT ( 'NONE',  ( -13.50000000000000178, 17.00000000000000000, 3.499999999999999556 ) ) ;
#1156 = FACE_OUTER_BOUND ( 'NONE', #2015, .T. ) ;
#1157 = ORIENTED_EDGE ( 'NONE', *, *, #1506, .F. ) ;
#1158 = DIRECTION ( 'NONE',  ( 0.000000000000000000, 0.000000000000000000, 1.000000000000000000 ) ) ;
#1159 = AXIS2_PLACEMENT_3D ( 'NONE', #107, #1493, #2139 ) ;
#1160 = EDGE_LOOP ( 'NONE', ( #361, #1445, #1589, #2177 ) ) ;
#1161 = CARTESIAN_POINT ( 'NONE',  ( -11.50000000000000000, -33.32135201338624597, 10.00000000000000000 ) ) ;
#1162 = AXIS2_PLACEMENT_3D ( 'NONE', #55, #2075, #1599 ) ;
#1163 = DIRECTION ( 'NONE',  ( 0.000000000000000000, 0.000000000000000000, -1.000000000000000000 ) ) ;
#1164 = SPHERICAL_SURFACE ( 'NONE', #1862, 1.000000000000000000 ) ;
#1165 = DIRECTION ( 'NONE',  ( 0.000000000000000000, 1.000000000000000000, -0.000000000000000000 ) ) ;
#1166 = DIRECTION ( 'NONE',  ( 1.000000000000000000, 1.040834085586083310E-14, 0.000000000000000000 ) ) ;
#1167 = EDGE_CURVE ( 'NONE', #1449, #1001, #1131, .T. ) ;
#1168 = ADVANCED_FACE ( 'NONE', ( #971 ), #1286, .F. ) ;
#1169 = VECTOR ( 'NONE', #408, 1000.000000000000000 ) ;
#1170 = VERTEX_POINT ( 'NONE', #1113 ) ;
#1171 = LINE ( 'NONE', #190, #1957 ) ;
#1172 = VERTEX_POINT ( 'NONE', #455 ) ;
#1173 = CARTESIAN_POINT ( 'NONE',  ( -19.39999999999999147, 21.00000000000000000, -9.600000000000001421 ) ) ;
#1174 = EDGE_CURVE ( 'NONE', #719, #1494, #1930, .T. ) ;
#1175 = FACE_OUTER_BOUND ( 'NONE', #835, .T. ) ;
#1176 = CARTESIAN_POINT ( 'NONE',  ( 0.000000000000000000, -30.00000000000000000, 1.399999999999999245 ) ) ;
#1177 = DIRECTION ( 'NONE',  ( -0.000000000000000000, -0.000000000000000000, 1.000000000000000000 ) ) ;
#1178 = EDGE_LOOP ( 'NONE', ( #289, #1414, #1259, #43 ) ) ;
#1179 = VERTEX_POINT ( 'NONE', #1092 ) ;
#1180 = CARTESIAN_POINT ( 'NONE',  ( 13.88297872340425343, 33.48619718280211544, -11.00000000000000000 ) ) ;
#1181 = CARTESIAN_POINT ( 'NONE',  ( 12.50000000000000000, 32.56244001913860586, -11.00000000000000000 ) ) ;
#1182 = CARTESIAN_POINT ( 'NONE',  ( -11.50000000000000178, 17.00000000000000000, 4.500000000000000000 ) ) ;
#1183 = AXIS2_PLACEMENT_3D ( 'NONE', #2105, #1563, #718 ) ;
#1184 = DIRECTION ( 'NONE',  ( 0.000000000000000000, 0.000000000000000000, 1.000000000000000000 ) ) ;
#1185 = VECTOR ( 'NONE', #441, 1000.000000000000000 ) ;
#1186 = ORIENTED_EDGE ( 'NONE', *, *, #1003, .F. ) ;
#1187 = EDGE_LOOP ( 'NONE', ( #593, #1703 ) ) ;
#1188 = DIRECTION ( 'NONE',  ( -0.9237571636635055761, -0.3829787234042583144, 0.000000000000000000 ) ) ;
#1189 = CIRCLE ( 'NONE', #982, 1.000000000000000888 ) ;
#1190 = EDGE_CURVE ( 'NONE', #1347, #781, #32, .T. ) ;
#1191 = CIRCLE ( 'NONE', #1051, 1.600000000000011191 ) ;
#1192 = CARTESIAN_POINT ( 'NONE',  ( -11.50000000000000178, 15.00000000000000000, 4.500000000000000000 ) ) ;
#1193 = SPHERICAL_SURFACE ( 'NONE', #491, 1.000000000000000000 ) ;
#1194 = DIRECTION ( 'NONE',  ( -0.000000000000000000, -0.000000000000000000, 1.000000000000000000 ) ) ;
#1195 = EDGE_LOOP ( 'NONE', ( #1427, #90, #2031, #787 ) ) ;
#1196 = AXIS2_PLACEMENT_3D ( 'NONE', #531, #1530, #2037 ) ;
#1197 = ORIENTED_EDGE ( 'NONE', *, *, #1850, .F. ) ;
#1198 = VECTOR ( 'NONE', #1845, 1000.000000000000000 ) ;
#1199 = LINE ( 'NONE', #1876, #1501 ) ;
#1200 = CARTESIAN_POINT ( 'NONE',  ( 19.39999999999998792, 21.00000000000000000, 4.500000000000002665 ) ) ;
#1201 = DIRECTION ( 'NONE',  ( -1.000000000000000000, 0.000000000000000000, 0.000000000000000000 ) ) ;
#1202 = EDGE_CURVE ( 'NONE', #1517, #1089, #69, .T. ) ;
#1203 = DIRECTION ( 'NONE',  ( -0.000000000000000000, -0.000000000000000000, -1.000000000000000000 ) ) ;
#1204 = DIRECTION ( 'NONE',  ( -1.000000000000000000, 0.000000000000000000, 0.000000000000000000 ) ) ;
#1205 = VERTEX_POINT ( 'NONE', #772 ) ;
#1206 = VECTOR ( 'NONE', #1468, 1000.000000000000000 ) ;
#1207 = EDGE_CURVE ( 'NONE', #741, #1179, #1094, .T. ) ;
#1208 = ORIENTED_EDGE ( 'NONE', *, *, #142, .T. ) ;
#1209 = VERTEX_POINT ( 'NONE', #1638 ) ;
#1210 = LINE ( 'NONE', #399, #1998 ) ;
#1211 = CARTESIAN_POINT ( 'NONE',  ( -13.50000000000000178, 17.00000000000000000, 4.500000000000000000 ) ) ;
#1212 = DIRECTION ( 'NONE',  ( 0.000000000000000000, 1.000000000000000000, 0.000000000000000000 ) ) ;
#1213 = SPHERICAL_SURFACE ( 'NONE', #656, 1.000000000000000000 ) ;
#1214 = ADVANCED_FACE ( 'NONE', ( #83, #617, #2101, #1102 ), #1463, .F. ) ;
#1215 = ORIENTED_EDGE ( 'NONE', *, *, #1324, .T. ) ;
#1216 = AXIS2_PLACEMENT_3D ( 'NONE', #2149, #472, #1154 ) ;
#1217 = AXIS2_PLACEMENT_3D ( 'NONE', #1129, #1777, #1443 ) ;
#1218 = AXIS2_PLACEMENT_3D ( 'NONE', #2065, #1728, #1559 ) ;
#1219 = EDGE_LOOP ( 'NONE', ( #385, #1945, #2117, #404 ) ) ;
#1220 = ORIENTED_EDGE ( 'NONE', *, *, #1732, .T. ) ;
#1221 = DIRECTION ( 'NONE',  ( 1.000000000000000000, 0.000000000000000000, 0.000000000000000000 ) ) ;
#1222 = CARTESIAN_POINT ( 'NONE',  ( -12.50000000000000178, 32.56244001913861297, 4.500000000000000000 ) ) ;
#1223 = DIRECTION ( 'NONE',  ( 0.000000000000000000, 0.000000000000000000, 1.000000000000000000 ) ) ;
#1224 = CIRCLE ( 'NONE', #2066, 0.8000000000000124789 ) ;
#1225 = CARTESIAN_POINT ( 'NONE',  ( 15.00000000000000000, 0.000000000000000000, 3.499999999999999556 ) ) ;
#1226 = CARTESIAN_POINT ( 'NONE',  ( -12.50000000000000000, 17.00000000000000000, 0.000000000000000000 ) ) ;
#1227 = ORIENTED_EDGE ( 'NONE', *, *, #1234, .T. ) ;
#1228 = VECTOR ( 'NONE', #1925, 1000.000000000000000 ) ;
#1229 = ADVANCED_FACE ( 'NONE', ( #2132 ), #2077, .T. ) ;
#1230 = LINE ( 'NONE', #571, #23 ) ;
#1231 = ADVANCED_FACE ( 'NONE', ( #1300 ), #179, .T. ) ;
#1232 = ORIENTED_EDGE ( 'NONE', *, *, #913, .T. ) ;
#1233 = ORIENTED_EDGE ( 'NONE', *, *, #264, .T. ) ;
#1234 = EDGE_CURVE ( 'NONE', #805, #2022, #1406, .T. ) ;
#1235 = DIRECTION ( 'NONE',  ( -0.000000000000000000, -0.000000000000000000, 1.000000000000000000 ) ) ;
#1236 = VECTOR ( 'NONE', #1128, 1000.000000000000000 ) ;
#1237 = CARTESIAN_POINT ( 'NONE',  ( -13.50000000000000178, 32.56244001913861297, 3.499999999999999556 ) ) ;
#1238 =( NAMED_UNIT ( * ) PLANE_ANGLE_UNIT ( ) SI_UNIT ( $, .RADIAN. ) );
#1239 = ADVANCED_FACE ( 'NONE', ( #519 ), #1488, .T. ) ;
#1240 = CYLINDRICAL_SURFACE ( 'NONE', #2166, 1.600000000000014522 ) ;
#1241 = CARTESIAN_POINT ( 'NONE',  ( 12.50000000000000000, 13.50000000000000178, 3.499999999999999556 ) ) ;
#1242 = ORIENTED_EDGE ( 'NONE', *, *, #838, .T. ) ;
#1243 = VERTEX_POINT ( 'NONE', #1173 ) ;
#1244 = DIRECTION ( 'NONE',  ( 0.000000000000000000, 0.000000000000000000, 1.000000000000000000 ) ) ;
#1245 = CYLINDRICAL_SURFACE ( 'NONE', #13, 1.000000000000000000 ) ;
#1246 = CARTESIAN_POINT ( 'NONE',  ( -1.600000000000013856, -30.00000000000000000, 4.500000000000000000 ) ) ;
#1247 = ORIENTED_EDGE ( 'NONE', *, *, #524, .T. ) ;
#1248 = CARTESIAN_POINT ( 'NONE',  ( 12.50000000000000000, 17.00000000000000000, -11.00000000000000000 ) ) ;
#1249 = ORIENTED_EDGE ( 'NONE', *, *, #1742, .T. ) ;
#1250 = AXIS2_PLACEMENT_3D ( 'NONE', #246, #1722, #751 ) ;
#1251 = CARTESIAN_POINT ( 'NONE',  ( -12.81818181818182190, -26.31521679065049213, 3.499999999999999556 ) ) ;
#1252 = ORIENTED_EDGE ( 'NONE', *, *, #470, .F. ) ;
#1253 = DIRECTION ( 'NONE',  ( 0.000000000000000000, 0.000000000000000000, -1.000000000000000000 ) ) ;
#1254 =( LENGTH_UNIT ( ) NAMED_UNIT ( * ) SI_UNIT ( .MILLI., .METRE. ) );
#1255 = DIRECTION ( 'NONE',  ( -1.000000000000000000, 0.000000000000000000, 0.000000000000000000 ) ) ;
#1256 = CARTESIAN_POINT ( 'NONE',  ( 0.000000000000000000, 0.000000000000000000, 3.499999999999999556 ) ) ;
#1257 = AXIS2_PLACEMENT_3D ( 'NONE', #1327, #831, #2030 ) ;
#1258 = CIRCLE ( 'NONE', #1681, 36.25000000000000000 ) ;
#1259 = ORIENTED_EDGE ( 'NONE', *, *, #1457, .F. ) ;
#1260 = DIRECTION ( 'NONE',  ( -0.000000000000000000, -0.000000000000000000, -1.000000000000000000 ) ) ;
#1261 = AXIS2_PLACEMENT_3D ( 'NONE', #1098, #1772, #1446 ) ;
#1262 = EDGE_CURVE ( 'NONE', #138, #1993, #1692, .T. ) ;
#1263 = ORIENTED_EDGE ( 'NONE', *, *, #1454, .T. ) ;
#1264 = DIRECTION ( 'NONE',  ( 1.000000000000000000, -0.000000000000000000, -0.000000000000000000 ) ) ;
#1265 = ORIENTED_EDGE ( 'NONE', *, *, #1835, .F. ) ;
#1266 = CIRCLE ( 'NONE', #1839, 1.000000000000000888 ) ;
#1267 = AXIS2_PLACEMENT_3D ( 'NONE', #342, #1497, #1188 ) ;
#1268 = DIRECTION ( 'NONE',  ( 0.000000000000000000, 0.000000000000000000, -1.000000000000000000 ) ) ;
#1269 = ORIENTED_EDGE ( 'NONE', *, *, #1299, .T. ) ;
#1270 = ORIENTED_EDGE ( 'NONE', *, *, #453, .F. ) ;
#1271 = EDGE_CURVE ( 'NONE', #1472, #756, #2025, .T. ) ;
#1272 = FACE_OUTER_BOUND ( 'NONE', #371, .T. ) ;
#1273 = EDGE_LOOP ( 'NONE', ( #888, #783, #2006, #1662 ) ) ;
#1274 = EDGE_CURVE ( 'NONE', #1863, #1993, #1583, .T. ) ;
#1275 = DIRECTION ( 'NONE',  ( -0.000000000000000000, 1.000000000000000000, 0.000000000000000000 ) ) ;
#1276 = ORIENTED_EDGE ( 'NONE', *, *, #1101, .T. ) ;
#1277 = CARTESIAN_POINT ( 'NONE',  ( 16.00000000000000000, -19.00000000000000000, 3.499999999999999556 ) ) ;
#1278 = FACE_OUTER_BOUND ( 'NONE', #273, .T. ) ;
#1279 = CYLINDRICAL_SURFACE ( 'NONE', #1216, 1.000000000000000888 ) ;
#1280 = EDGE_LOOP ( 'NONE', ( #734, #1745, #70, #1034 ) ) ;
#1281 = VERTEX_POINT ( 'NONE', #333 ) ;
#1282 = DIRECTION ( 'NONE',  ( -1.000000000000000000, 0.000000000000000000, 0.000000000000000000 ) ) ;
#1283 = ORIENTED_EDGE ( 'NONE', *, *, #355, .T. ) ;
#1284 = CARTESIAN_POINT ( 'NONE',  ( 21.80000000000000782, 21.00000000000000000, -11.00000000000000000 ) ) ;
#1285 = VERTEX_POINT ( 'NONE', #1150 ) ;
#1286 = CYLINDRICAL_SURFACE ( 'NONE', #1766, 0.8000000000000055955 ) ;
#1287 = CIRCLE ( 'NONE', #1010, 1.000000000000000000 ) ;
#1288 = VECTOR ( 'NONE', #791, 1000.000000000000000 ) ;
#1289 = CARTESIAN_POINT ( 'NONE',  ( -12.81818181818182190, -26.31521679065049213, 4.500000000000000000 ) ) ;
#1290 = LINE ( 'NONE', #1606, #2165 ) ;
#1291 = EDGE_LOOP ( 'NONE', ( #66, #615, #2088, #1598 ) ) ;
#1292 = FACE_OUTER_BOUND ( 'NONE', #331, .T. ) ;
#1293 = AXIS2_PLACEMENT_3D ( 'NONE', #497, #1194, #182 ) ;
#1294 = VERTEX_POINT ( 'NONE', #1026 ) ;
#1295 = PRODUCT_DEFINITION ( 'ๆ', '', #557, #178 ) ;
#1296 = EDGE_CURVE ( 'NONE', #1068, #2023, #467, .T. ) ;
#1297 = CARTESIAN_POINT ( 'NONE',  ( -13.50000000000000178, -27.04673846971554596, 0.000000000000000000 ) ) ;
#1298 = VECTOR ( 'NONE', #1566, 1000.000000000000000 ) ;
#1299 = EDGE_CURVE ( 'NONE', #1357, #1774, #1511, .T. ) ;
#1300 = FACE_OUTER_BOUND ( 'NONE', #1411, .T. ) ;
#1301 = LINE ( 'NONE', #1152, #1639 ) ;
#1302 = DIRECTION ( 'NONE',  ( 0.000000000000000000, 1.000000000000000000, 0.000000000000000000 ) ) ;
#1303 = ADVANCED_FACE ( 'NONE', ( #510 ), #1651, .T. ) ;
#1304 = AXIS2_PLACEMENT_3D ( 'NONE', #817, #665, #674 ) ;
#1305 = ORIENTED_EDGE ( 'NONE', *, *, #1859, .T. ) ;
#1306 = DIRECTION ( 'NONE',  ( -1.000000000000000000, 0.000000000000000000, 0.000000000000000000 ) ) ;
#1307 = AXIS2_PLACEMENT_3D ( 'NONE', #662, #1823, #996 ) ;
#1308 = DIRECTION ( 'NONE',  ( -1.000000000000000000, 0.000000000000000000, 0.000000000000000000 ) ) ;
#1309 = EDGE_LOOP ( 'NONE', ( #983, #108, #1810, #72 ) ) ;
#1310 = CARTESIAN_POINT ( 'NONE',  ( 12.50000000000000000, -33.32135201338624597, 0.000000000000000000 ) ) ;
#1311 = VERTEX_POINT ( 'NONE', #1180 ) ;
#1312 = CARTESIAN_POINT ( 'NONE',  ( -11.50000000000000000, -33.32135201338624597, 4.500000000000000000 ) ) ;
#1313 = CARTESIAN_POINT ( 'NONE',  ( -17.00000000000000000, 11.50000000000000000, 3.499999999999999556 ) ) ;
#1314 = CARTESIAN_POINT ( 'NONE',  ( -12.50000000000000000, 15.00000000000000000, 3.499999999999999556 ) ) ;
#1315 = ORIENTED_EDGE ( 'NONE', *, *, #502, .F. ) ;
#1316 = CYLINDRICAL_SURFACE ( 'NONE', #102, 0.8000000000000074829 ) ;
#1317 = DIRECTION ( 'NONE',  ( 1.000000000000000000, 0.000000000000000000, 0.000000000000000000 ) ) ;
#1318 = ORIENTED_EDGE ( 'NONE', *, *, #1619, .F. ) ;
#1319 = FACE_BOUND ( 'NONE', #622, .T. ) ;
#1320 = VERTEX_POINT ( 'NONE', #650 ) ;
#1321 = DIRECTION ( 'NONE',  ( -1.000000000000000000, 0.000000000000000000, 0.000000000000000000 ) ) ;
#1322 = CIRCLE ( 'NONE', #1151, 36.25000000000000000 ) ;
#1323 = CARTESIAN_POINT ( 'NONE',  ( 12.50000000000000000, 17.00000000000000000, -11.00000000000000000 ) ) ;
#1324 = EDGE_CURVE ( 'NONE', #855, #1875, #1976, .T. ) ;
#1325 = AXIS2_PLACEMENT_3D ( 'NONE', #71, #1602, #1591 ) ;
#1326 = FACE_OUTER_BOUND ( 'NONE', #1738, .T. ) ;
#1327 = CARTESIAN_POINT ( 'NONE',  ( -32.56244001913861297, 13.50000000000000178, 3.499999999999999556 ) ) ;
#1328 = ORIENTED_EDGE ( 'NONE', *, *, #564, .F. ) ;
#1329 = AXIS2_PLACEMENT_3D ( 'NONE', #1182, #2021, #2029 ) ;
#1330 = CYLINDRICAL_SURFACE ( 'NONE', #339, 1.000000000000000888 ) ;
#1331 = ADVANCED_FACE ( 'NONE', ( #2018 ), #11, .F. ) ;
#1332 = TOROIDAL_SURFACE ( 'NONE', #1828, 2.000000000000000000, 1.000000000000000000 ) ;
#1333 = ORIENTED_EDGE ( 'NONE', *, *, #1667, .F. ) ;
#1334 = DIRECTION ( 'NONE',  ( -0.000000000000000000, -0.000000000000000000, -1.000000000000000000 ) ) ;
#1335 = AXIS2_PLACEMENT_3D ( 'NONE', #495, #1165, #999 ) ;
#1336 = CARTESIAN_POINT ( 'NONE',  ( 32.01659725829713921, 17.00000000000000000, -11.00000000000000000 ) ) ;
#1337 = CARTESIAN_POINT ( 'NONE',  ( 0.000000000000000000, 0.000000000000000000, 0.000000000000000000 ) ) ;
#1338 = CARTESIAN_POINT ( 'NONE',  ( 17.00000000000000000, 11.50000000000000000, 4.500000000000000000 ) ) ;
#1339 = EDGE_CURVE ( 'NONE', #1608, #449, #1482, .T. ) ;
#1340 = VECTOR ( 'NONE', #400, 1000.000000000000000 ) ;
#1341 = ORIENTED_EDGE ( 'NONE', *, *, #1694, .T. ) ;
#1342 = ORIENTED_EDGE ( 'NONE', *, *, #903, .T. ) ;
#1343 = ADVANCED_FACE ( 'NONE', ( #1684 ), #1350, .T. ) ;
#1344 = CARTESIAN_POINT ( 'NONE',  ( 11.50000000000000000, 16.00000000000000000, 3.499999999999999556 ) ) ;
#1345 = CARTESIAN_POINT ( 'NONE',  ( 22.60000000000001563, 21.00000000000000000, 4.500000000000002665 ) ) ;
#1346 = CYLINDRICAL_SURFACE ( 'NONE', #1573, 1.600000000000014522 ) ;
#1347 = VERTEX_POINT ( 'NONE', #1664 ) ;
#1348 = VERTEX_POINT ( 'NONE', #1344 ) ;
#1349 = VERTEX_POINT ( 'NONE', #1853 ) ;
#1350 = CYLINDRICAL_SURFACE ( 'NONE', #1941, 1.000000000000000888 ) ;
#1351 = DIRECTION ( 'NONE',  ( 0.000000000000000000, 0.000000000000000000, -1.000000000000000000 ) ) ;
#1352 = DIRECTION ( 'NONE',  ( 0.000000000000000000, 1.000000000000000000, 0.000000000000000000 ) ) ;
#1353 = VECTOR ( 'NONE', #1485, 1000.000000000000000 ) ;
#1354 = DIRECTION ( 'NONE',  ( 0.000000000000000000, 0.000000000000000000, -1.000000000000000000 ) ) ;
#1355 = VECTOR ( 'NONE', #1933, 1000.000000000000000 ) ;
#1356 = ORIENTED_EDGE ( 'NONE', *, *, #2051, .F. ) ;
#1357 = VERTEX_POINT ( 'NONE', #156 ) ;
#1358 = EDGE_CURVE ( 'NONE', #1347, #1668, #706, .T. ) ;
#1359 = CIRCLE ( 'NONE', #1752, 1.000000000000000000 ) ;
#1360 = CARTESIAN_POINT ( 'NONE',  ( -12.50000000000000000, -27.04673846971554241, 4.500000000000000000 ) ) ;
#1361 = AXIS2_PLACEMENT_3D ( 'NONE', #1006, #2180, #188 ) ;
#1362 = FACE_OUTER_BOUND ( 'NONE', #1111, .T. ) ;
#1363 = CARTESIAN_POINT ( 'NONE',  ( -17.00000000000000000, 11.50000000000000000, 3.499999999999999556 ) ) ;
#1364 = FACE_OUTER_BOUND ( 'NONE', #238, .T. ) ;
#1365 = AXIS2_PLACEMENT_3D ( 'NONE', #12, #296, #474 ) ;
#1366 = EDGE_CURVE ( 'NONE', #744, #1147, #324, .T. ) ;
#1367 = CARTESIAN_POINT ( 'NONE',  ( 16.00000000000000000, -19.00000000000000000, 4.500000000000000000 ) ) ;
#1368 = CARTESIAN_POINT ( 'NONE',  ( 12.50000000000000000, -33.32135201338624597, 3.499999999999999556 ) ) ;
#1369 = ORIENTED_EDGE ( 'NONE', *, *, #291, .F. ) ;
#1370 = CIRCLE ( 'NONE', #1616, 2.000000000000000000 ) ;
#1371 = VERTEX_POINT ( 'NONE', #196 ) ;
#1372 = ORIENTED_EDGE ( 'NONE', *, *, #1917, .T. ) ;
#1373 = CYLINDRICAL_SURFACE ( 'NONE', #2096, 0.9999999999999991118 ) ;
#1374 = CARTESIAN_POINT ( 'NONE',  ( -17.00000000000000000, 11.50000000000000000, 4.500000000000000000 ) ) ;
#1375 = DIRECTION ( 'NONE',  ( -1.000000000000000000, -0.000000000000000000, -0.000000000000000000 ) ) ;
#1376 = ADVANCED_FACE ( 'NONE', ( #35 ), #701, .T. ) ;
#1377 = DIRECTION ( 'NONE',  ( 0.000000000000000000, -0.000000000000000000, -1.000000000000000000 ) ) ;
#1378 = CARTESIAN_POINT ( 'NONE',  ( 0.8000000000000074829, -30.00000000000000000, 4.500000000000000000 ) ) ;
#1379 = ORIENTED_EDGE ( 'NONE', *, *, #261, .T. ) ;
#1380 = ORIENTED_EDGE ( 'NONE', *, *, #616, .T. ) ;
#1381 = ORIENTED_EDGE ( 'NONE', *, *, #1167, .T. ) ;
#1382 = CARTESIAN_POINT ( 'NONE',  ( 15.00000000000000000, 11.50000000000000000, 3.499999999999999556 ) ) ;
#1383 = DIRECTION ( 'NONE',  ( -1.000000000000000000, 0.000000000000000000, 0.000000000000000000 ) ) ;
#1384 = CARTESIAN_POINT ( 'NONE',  ( -16.00000000000000000, -19.00000000000000000, 4.500000000000000000 ) ) ;
#1385 = ADVANCED_FACE ( 'NONE', ( #1046 ), #657, .T. ) ;
#1386 = EDGE_CURVE ( 'NONE', #1435, #517, #2054, .T. ) ;
#1387 = DIRECTION ( 'NONE',  ( 0.000000000000000000, 0.000000000000000000, -1.000000000000000000 ) ) ;
#1388 = DIRECTION ( 'NONE',  ( -1.000000000000000000, 0.000000000000000000, 0.000000000000000000 ) ) ;
#1389 = ORIENTED_EDGE ( 'NONE', *, *, #1076, .T. ) ;
#1390 = AXIS2_PLACEMENT_3D ( 'NONE', #430, #1972, #1426 ) ;
#1391 = DIRECTION ( 'NONE',  ( 0.000000000000000000, 0.000000000000000000, -1.000000000000000000 ) ) ;
#1392 = AXIS2_PLACEMENT_3D ( 'NONE', #642, #1964, #1986 ) ;
#1393 = EDGE_LOOP ( 'NONE', ( #671, #1380, #947, #2107 ) ) ;
#1394 = ADVANCED_FACE ( 'NONE', ( #1080 ), #1373, .F. ) ;
#1395 = DIRECTION ( 'NONE',  ( 0.000000000000000000, 0.000000000000000000, 1.000000000000000000 ) ) ;
#1396 = CARTESIAN_POINT ( 'NONE',  ( 0.000000000000000000, 0.000000000000000000, 0.000000000000000000 ) ) ;
#1397 = CIRCLE ( 'NONE', #278, 1.000000000000000888 ) ;
#1398 = CARTESIAN_POINT ( 'NONE',  ( 17.00000000000000000, 12.50000000000000000, 3.499999999999999556 ) ) ;
#1399 = DIRECTION ( 'NONE',  ( -0.000000000000000000, -0.000000000000000000, 1.000000000000000000 ) ) ;
#1400 = ORIENTED_EDGE ( 'NONE', *, *, #1895, .T. ) ;
#1401 = VECTOR ( 'NONE', #720, 1000.000000000000000 ) ;
#1402 = DIRECTION ( 'NONE',  ( -1.000000000000000000, 0.000000000000000000, 0.000000000000000000 ) ) ;
#1403 = ORIENTED_EDGE ( 'NONE', *, *, #54, .T. ) ;
#1404 = DIRECTION ( 'NONE',  ( 0.000000000000000000, 0.000000000000000000, 1.000000000000000000 ) ) ;
#1405 = AXIS2_PLACEMENT_3D ( 'NONE', #36, #1253, #1383 ) ;
#1406 = CIRCLE ( 'NONE', #918, 1.600000000000014522 ) ;
#1407 = FACE_OUTER_BOUND ( 'NONE', #319, .T. ) ;
#1408 = CARTESIAN_POINT ( 'NONE',  ( 0.000000000000000000, 0.000000000000000000, 0.000000000000000000 ) ) ;
#1409 = DIRECTION ( 'NONE',  ( 0.000000000000000000, 0.000000000000000000, 1.000000000000000000 ) ) ;
#1410 = DIRECTION ( 'NONE',  ( 0.000000000000000000, -1.000000000000000000, 0.000000000000000000 ) ) ;
#1411 = EDGE_LOOP ( 'NONE', ( #1021, #372, #1636, #1597 ) ) ;
#1412 = ADVANCED_BREP_SHAPE_REPRESENTATION ( 'headpart_2', ( #63, #2173 ), #2032 ) ;
#1413 = DIRECTION ( 'NONE',  ( -0.000000000000000000, -0.000000000000000000, -1.000000000000000000 ) ) ;
#1414 = ORIENTED_EDGE ( 'NONE', *, *, #1855, .F. ) ;
#1415 = EDGE_CURVE ( 'NONE', #1993, #2113, #1425, .T. ) ;
#1416 = FACE_OUTER_BOUND ( 'NONE', #920, .T. ) ;
#1417 = ORIENTED_EDGE ( 'NONE', *, *, #1576, .F. ) ;
#1418 = DIRECTION ( 'NONE',  ( 1.000000000000000000, 0.000000000000000000, 0.000000000000000000 ) ) ;
#1419 = CYLINDRICAL_SURFACE ( 'NONE', #48, 10.00000000000000000 ) ;
#1420 = CARTESIAN_POINT ( 'NONE',  ( -20.19999999999998863, 21.00000000000000000, -9.600000000000001421 ) ) ;
#1421 = VERTEX_POINT ( 'NONE', #573 ) ;
#1422 = CARTESIAN_POINT ( 'NONE',  ( 11.50000000000000000, -27.04673846971554241, 3.499999999999999556 ) ) ;
#1423 = VECTOR ( 'NONE', #2160, 1000.000000000000000 ) ;
#1424 = ORIENTED_EDGE ( 'NONE', *, *, #160, .F. ) ;
#1425 = CIRCLE ( 'NONE', #1042, 36.25000000000000000 ) ;
#1426 = DIRECTION ( 'NONE',  ( -1.000000000000000000, 0.000000000000000000, 0.000000000000000000 ) ) ;
#1427 = ORIENTED_EDGE ( 'NONE', *, *, #100, .F. ) ;
#1428 = CARTESIAN_POINT ( 'NONE',  ( 5.999999999999998224, -19.00000000000000000, 0.000000000000000000 ) ) ;
#1429 = ADVANCED_FACE ( 'NONE', ( #551 ), #407, .F. ) ;
#1430 = DIRECTION ( 'NONE',  ( 0.000000000000000000, 0.000000000000000000, 1.000000000000000000 ) ) ;
#1431 = CARTESIAN_POINT ( 'NONE',  ( 12.50000000000000000, 32.56244001913861297, 3.499999999999999556 ) ) ;
#1432 = CIRCLE ( 'NONE', #1293, 1.600000000000013411 ) ;
#1433 = VECTOR ( 'NONE', #2011, 1000.000000000000000 ) ;
#1434 = ORIENTED_EDGE ( 'NONE', *, *, #609, .T. ) ;
#1435 = VERTEX_POINT ( 'NONE', #725 ) ;
#1436 = EDGE_CURVE ( 'NONE', #1893, #2098, #447, .T. ) ;
#1437 = CYLINDRICAL_SURFACE ( 'NONE', #1162, 1.600000000000014522 ) ;
#1438 = AXIS2_PLACEMENT_3D ( 'NONE', #1588, #911, #1579 ) ;
#1439 = ORIENTED_EDGE ( 'NONE', *, *, #1126, .F. ) ;
#1440 = EDGE_LOOP ( 'NONE', ( #1936, #1979, #600, #912 ) ) ;
#1441 = DIRECTION ( 'NONE',  ( 1.000000000000000000, 0.000000000000000000, 0.000000000000000000 ) ) ;
#1442 = AXIS2_PLACEMENT_3D ( 'NONE', #1396, #2046, #2081 ) ;
#1443 = DIRECTION ( 'NONE',  ( 1.000000000000000000, 0.000000000000000000, 0.000000000000000000 ) ) ;
#1444 = ORIENTED_EDGE ( 'NONE', *, *, #922, .F. ) ;
#1445 = ORIENTED_EDGE ( 'NONE', *, *, #1917, .F. ) ;
#1446 = DIRECTION ( 'NONE',  ( -1.000000000000000000, 0.000000000000000000, 0.000000000000000000 ) ) ;
#1447 = ORIENTED_EDGE ( 'NONE', *, *, #943, .T. ) ;
#1448 = DIRECTION ( 'NONE',  ( 1.000000000000000000, 0.000000000000000000, 0.000000000000000000 ) ) ;
#1449 = VERTEX_POINT ( 'NONE', #878 ) ;
#1450 = DIRECTION ( 'NONE',  ( -0.000000000000000000, -0.000000000000000000, -1.000000000000000000 ) ) ;
#1451 = DIRECTION ( 'NONE',  ( -0.000000000000000000, -0.000000000000000000, 1.000000000000000000 ) ) ;
#1452 = DIRECTION ( 'NONE',  ( -1.000000000000000000, 0.000000000000000000, 0.000000000000000000 ) ) ;
#1453 = ORIENTED_EDGE ( 'NONE', *, *, #1366, .F. ) ;
#1454 = EDGE_CURVE ( 'NONE', #1179, #1435, #44, .T. ) ;
#1455 = SURFACE_STYLE_FILL_AREA ( #645 ) ;
#1456 = CARTESIAN_POINT ( 'NONE',  ( -12.50000000000000000, 17.00000000000000000, 3.499999999999999556 ) ) ;
#1457 = EDGE_CURVE ( 'NONE', #537, #438, #2057, .T. ) ;
#1458 = ORIENTED_EDGE ( 'NONE', *, *, #1047, .F. ) ;
#1459 = DIRECTION ( 'NONE',  ( -0.000000000000000000, -0.000000000000000000, 1.000000000000000000 ) ) ;
#1460 = ORIENTED_EDGE ( 'NONE', *, *, #1878, .F. ) ;
#1461 = AXIS2_PLACEMENT_3D ( 'NONE', #287, #1625, #1811 ) ;
#1462 = EDGE_CURVE ( 'NONE', #1120, #970, #1210, .T. ) ;
#1463 = PLANE ( 'NONE',  #2147 ) ;
#1464 = AXIS2_PLACEMENT_3D ( 'NONE', #1117, #774, #2134 ) ;
#1465 = CARTESIAN_POINT ( 'NONE',  ( -15.00000000000000000, 11.50000000000000000, 3.499999999999999556 ) ) ;
#1466 = CARTESIAN_POINT ( 'NONE',  ( 11.50000000000000000, -33.32135201338624597, 3.499999999999999556 ) ) ;
#1467 = EDGE_LOOP ( 'NONE', ( #397, #995 ) ) ;
#1468 = DIRECTION ( 'NONE',  ( -0.000000000000000000, -0.000000000000000000, 1.000000000000000000 ) ) ;
#1469 = CARTESIAN_POINT ( 'NONE',  ( 21.00000000000000000, 21.00000000000000000, 4.500000000000000000 ) ) ;
#1470 = CIRCLE ( 'NONE', #1541, 10.00000000000000355 ) ;
#1471 = AXIS2_PLACEMENT_3D ( 'NONE', #318, #624, #1796 ) ;
#1472 = VERTEX_POINT ( 'NONE', #1060 ) ;
#1473 = EDGE_CURVE ( 'NONE', #1243, #1480, #899, .T. ) ;
#1474 = LINE ( 'NONE', #1378, #654 ) ;
#1475 = EDGE_LOOP ( 'NONE', ( #1356, #876, #174, #1922, #1650, #1989, #79, #770, #1379, #1186, #1631, #2130, #159, #847, #251, #1564, #1806, #219, #1056, #960, #120, #338, #1400, #1510, #625 ) ) ;
#1476 = DIRECTION ( 'NONE',  ( -0.000000000000000000, -0.000000000000000000, 1.000000000000000000 ) ) ;
#1477 = DIRECTION ( 'NONE',  ( -0.000000000000000000, -0.000000000000000000, -1.000000000000000000 ) ) ;
#1478 = DIRECTION ( 'NONE',  ( 0.000000000000000000, 0.000000000000000000, -1.000000000000000000 ) ) ;
#1479 = AXIS2_PLACEMENT_3D ( 'NONE', #857, #651, #1163 ) ;
#1480 = VERTEX_POINT ( 'NONE', #1908 ) ;
#1481 = DIRECTION ( 'NONE',  ( -0.000000000000000000, 1.000000000000000000, -0.000000000000000000 ) ) ;
#1482 = CIRCLE ( 'NONE', #534, 1.000000000000001110 ) ;
#1483 = DIRECTION ( 'NONE',  ( -0.000000000000000000, -0.000000000000000000, 1.000000000000000000 ) ) ;
#1484 = VERTEX_POINT ( 'NONE', #1885 ) ;
#1485 = DIRECTION ( 'NONE',  ( -0.000000000000000000, -0.000000000000000000, -1.000000000000000000 ) ) ;
#1486 = ORIENTED_EDGE ( 'NONE', *, *, #710, .T. ) ;
#1487 = EDGE_CURVE ( 'NONE', #1320, #395, #1709, .T. ) ;
#1488 = CYLINDRICAL_SURFACE ( 'NONE', #1134, 1.000000000000000000 ) ;
#1489 = LINE ( 'NONE', #2159, #916 ) ;
#1490 = CARTESIAN_POINT ( 'NONE',  ( -11.50000000000000178, 16.00000000000000000, 3.499999999999999556 ) ) ;
#1491 = SURFACE_SIDE_STYLE ('',( #1455 ) ) ;
#1492 = EDGE_CURVE ( 'NONE', #582, #537, #726, .T. ) ;
#1493 = DIRECTION ( 'NONE',  ( -0.000000000000000000, -0.000000000000000000, 1.000000000000000000 ) ) ;
#1494 = VERTEX_POINT ( 'NONE', #58 ) ;
#1495 = FACE_OUTER_BOUND ( 'NONE', #1309, .T. ) ;
#1496 = ORIENTED_EDGE ( 'NONE', *, *, #2144, .T. ) ;
#1497 = DIRECTION ( 'NONE',  ( -0.3829787234042567601, 0.9237571636635062422, 0.000000000000000000 ) ) ;
#1498 = AXIS2_PLACEMENT_3D ( 'NONE', #131, #1871, #477 ) ;
#1499 = AXIS2_PLACEMENT_3D ( 'NONE', #2148, #2103, #2124 ) ;
#1500 = CARTESIAN_POINT ( 'NONE',  ( -11.50000000000000178, 15.00000000000000000, 4.500000000000000000 ) ) ;
#1501 = VECTOR ( 'NONE', #1035, 1000.000000000000000 ) ;
#1502 = CARTESIAN_POINT ( 'NONE',  ( -12.50000000000000000, 12.50000000000000000, 4.500000000000000000 ) ) ;
#1503 = EDGE_CURVE ( 'NONE', #21, #1348, #1786, .T. ) ;
#1504 = CARTESIAN_POINT ( 'NONE',  ( 13.88297872340425521, 33.48619718280211544, 3.499999999999999556 ) ) ;
#1505 = CARTESIAN_POINT ( 'NONE',  ( -12.50000000000000000, -27.04673846971554241, 0.000000000000000000 ) ) ;
#1506 = EDGE_CURVE ( 'NONE', #582, #712, #1199, .T. ) ;
#1507 = ORIENTED_EDGE ( 'NONE', *, *, #9, .F. ) ;
#1508 = AXIS2_PLACEMENT_3D ( 'NONE', #1502, #828, #27 ) ;
#1509 = AXIS2_PLACEMENT_3D ( 'NONE', #448, #788, #779 ) ;
#1510 = ORIENTED_EDGE ( 'NONE', *, *, #336, .T. ) ;
#1511 = LINE ( 'NONE', #1004, #739 ) ;
#1512 = PRESENTATION_LAYER_ASSIGNMENT (  '', '', ( #1719 ) ) ;
#1513 = DIRECTION ( 'NONE',  ( -0.000000000000000000, -0.000000000000000000, 1.000000000000000000 ) ) ;
#1514 = DIRECTION ( 'NONE',  ( 1.000000000000000000, 0.000000000000000000, -0.000000000000000000 ) ) ;
#1515 = EDGE_CURVE ( 'NONE', #824, #712, #24, .T. ) ;
#1516 = CARTESIAN_POINT ( 'NONE',  ( -12.13636363636364379, -25.58369511158543474, 4.500000000000000000 ) ) ;
#1517 = VERTEX_POINT ( 'NONE', #1100 ) ;
#1518 = EDGE_LOOP ( 'NONE', ( #2143, #1723, #1519, #670, #104, #861 ) ) ;
#1519 = ORIENTED_EDGE ( 'NONE', *, *, #1962, .T. ) ;
#1520 = CARTESIAN_POINT ( 'NONE',  ( -32.56244001913861297, 13.50000000000000178, 3.499999999999999556 ) ) ;
#1521 = LINE ( 'NONE', #5, #530 ) ;
#1522 = DIRECTION ( 'NONE',  ( 0.000000000000000000, 0.000000000000000000, 1.000000000000000000 ) ) ;
#1523 = DIRECTION ( 'NONE',  ( 1.000000000000000000, 0.000000000000000000, 0.000000000000000000 ) ) ;
#1524 = ADVANCED_FACE ( 'NONE', ( #1124 ), #95, .T. ) ;
#1525 = EDGE_LOOP ( 'NONE', ( #1670, #283, #82, #1318 ) ) ;
#1526 = ADVANCED_FACE ( 'NONE', ( #439 ), #948, .F. ) ;
#1527 = VERTEX_POINT ( 'NONE', #581 ) ;
#1528 = DIRECTION ( 'NONE',  ( -1.000000000000000000, 0.000000000000000000, 0.000000000000000000 ) ) ;
#1529 = ADVANCED_FACE ( 'NONE', ( #1137 ), #969, .F. ) ;
#1530 = DIRECTION ( 'NONE',  ( -0.000000000000000000, 1.000000000000000000, 0.000000000000000000 ) ) ;
#1531 = CARTESIAN_POINT ( 'NONE',  ( -32.56244001913861297, 13.50000000000000178, 3.499999999999999556 ) ) ;
#1532 = AXIS2_PLACEMENT_3D ( 'NONE', #577, #1770, #1596 ) ;
#1533 = LINE ( 'NONE', #1699, #454 ) ;
#1534 = FACE_OUTER_BOUND ( 'NONE', #1612, .T. ) ;
#1535 = ORIENTED_EDGE ( 'NONE', *, *, #903, .F. ) ;
#1536 = ORIENTED_EDGE ( 'NONE', *, *, #952, .T. ) ;
#1537 = EDGE_CURVE ( 'NONE', #1087, #1347, #935, .T. ) ;
#1538 = CLOSED_SHELL ( 'NONE', ( #429, #277, #1526, #49, #590, #1899, #520, #1168, #1214, #1303, #1376, #2035, #1071, #2016, #745, #1815, #543, #1729, #1919, #2003, #384, #1623, #1524, #653, #424, #2176, #57, #1590, #401, #1109, #125, #1660, #47, #658, #1529, #1843, #1568, #1231, #488, #1429, #1394, #2128, #1932, #984, #498, #1331, #1687, #1343, #1924, #1830, #677, #2043, #773, #561, #2019, #801, #843, #667, #369, #883, #1988, #1868, #1229, #106, #1884, #730, #1646, #1140, #1008, #1720, #2048, #1385, #1689, #1239, #863 ) ) ;
#1539 = DIRECTION ( 'NONE',  ( 1.000000000000000000, 0.000000000000000000, 0.000000000000000000 ) ) ;
#1540 = CIRCLE ( 'NONE', #559, 1.000000000000000888 ) ;
#1541 = AXIS2_PLACEMENT_3D ( 'NONE', #1847, #1028, #1201 ) ;
#1542 = LINE ( 'NONE', #1222, #503 ) ;
#1543 = DIRECTION ( 'NONE',  ( 0.000000000000000000, -0.000000000000000000, -1.000000000000000000 ) ) ;
#1544 = FACE_OUTER_BOUND ( 'NONE', #351, .T. ) ;
#1545 = VERTEX_POINT ( 'NONE', #1110 ) ;
#1546 = VECTOR ( 'NONE', #1005, 1000.000000000000000 ) ;
#1547 = ORIENTED_EDGE ( 'NONE', *, *, #1555, .T. ) ;
#1548 = CARTESIAN_POINT ( 'NONE',  ( 11.50000000000000000, 17.00000000000000000, 4.500000000000000000 ) ) ;
#1549 = EDGE_CURVE ( 'NONE', #1558, #193, #1115, .T. ) ;
#1550 = CARTESIAN_POINT ( 'NONE',  ( -12.50000000000000000, 17.00000000000000000, 0.000000000000000000 ) ) ;
#1551 = CARTESIAN_POINT ( 'NONE',  ( -21.00000000000000000, 21.00000000000000000, 4.500000000000002665 ) ) ;
#1552 = DIRECTION ( 'NONE',  ( -0.000000000000000000, -0.000000000000000000, 1.000000000000000000 ) ) ;
#1553 = CARTESIAN_POINT ( 'NONE',  ( 11.50000000000000000, -33.32135201338624597, 3.499999999999999556 ) ) ;
#1554 = EDGE_LOOP ( 'NONE', ( #1971, #435, #185, #1849 ) ) ;
#1555 = EDGE_CURVE ( 'NONE', #1057, #1771, #1613, .T. ) ;
#1556 = CARTESIAN_POINT ( 'NONE',  ( 12.81818181818182012, -26.31521679065049213, 4.500000000000000000 ) ) ;
#1557 = EDGE_LOOP ( 'NONE', ( #1157, #144, #633, #699 ) ) ;
#1558 = VERTEX_POINT ( 'NONE', #1939 ) ;
#1559 = DIRECTION ( 'NONE',  ( -0.000000000000000000, 0.000000000000000000, 1.000000000000000000 ) ) ;
#1560 = CARTESIAN_POINT ( 'NONE',  ( 11.50000000000000000, 16.00000000000000000, 3.499999999999999556 ) ) ;
#1561 = LINE ( 'NONE', #213, #1715 ) ;
#1562 = CARTESIAN_POINT ( 'NONE',  ( 11.82624113475177374, -34.26663859532628464, 10.00000000000000000 ) ) ;
#1563 = DIRECTION ( 'NONE',  ( -0.000000000000000000, -0.000000000000000000, -1.000000000000000000 ) ) ;
#1564 = ORIENTED_EDGE ( 'NONE', *, *, #1436, .T. ) ;
#1565 = AXIS2_PLACEMENT_3D ( 'NONE', #648, #1994, #487 ) ;
#1566 = DIRECTION ( 'NONE',  ( -0.000000000000000000, -1.000000000000000000, -0.000000000000000000 ) ) ;
#1567 = CIRCLE ( 'NONE', #163, 1.000000000000000000 ) ;
#1568 = ADVANCED_FACE ( 'NONE', ( #1416 ), #2121, .F. ) ;
#1569 = ORIENTED_EDGE ( 'NONE', *, *, #343, .F. ) ;
#1570 = DIRECTION ( 'NONE',  ( -1.000000000000000000, 0.000000000000000000, 0.000000000000000000 ) ) ;
#1571 = CARTESIAN_POINT ( 'NONE',  ( 17.00000000000000000, 13.50000000000000000, 4.500000000000000000 ) ) ;
#1572 = CYLINDRICAL_SURFACE ( 'NONE', #594, 1.000000000000000888 ) ;
#1573 = AXIS2_PLACEMENT_3D ( 'NONE', #7, #359, #1030 ) ;
#1574 = CARTESIAN_POINT ( 'NONE',  ( 15.00000000000000355, -19.00000000000000000, 4.500000000000000000 ) ) ;
#1575 = CARTESIAN_POINT ( 'NONE',  ( -11.50000000000000178, 16.00000000000000000, 0.000000000000000000 ) ) ;
#1576 = EDGE_CURVE ( 'NONE', #1863, #138, #1567, .T. ) ;
#1577 = EDGE_LOOP ( 'NONE', ( #815, #1609, #1812, #152 ) ) ;
#1578 = VECTOR ( 'NONE', #1413, 1000.000000000000000 ) ;
#1579 = DIRECTION ( 'NONE',  ( 0.000000000000000000, 0.000000000000000000, 1.000000000000000000 ) ) ;
#1580 = ORIENTED_EDGE ( 'NONE', *, *, #198, .T. ) ;
#1581 = CARTESIAN_POINT ( 'NONE',  ( -6.000000000000000000, -19.00000000000000000, 3.499999999999999556 ) ) ;
#1582 = VERTEX_POINT ( 'NONE', #1284 ) ;
#1583 = CIRCLE ( 'NONE', #1657, 0.9999999999999978906 ) ;
#1584 = CARTESIAN_POINT ( 'NONE',  ( -21.00000000000000000, 21.00000000000000000, 4.500000000000002665 ) ) ;
#1585 = DIRECTION ( 'NONE',  ( 0.000000000000000000, 0.000000000000000000, 1.000000000000000000 ) ) ;
#1586 = DIRECTION ( 'NONE',  ( 0.000000000000000000, 0.000000000000000000, -1.000000000000000000 ) ) ;
#1587 = ORIENTED_EDGE ( 'NONE', *, *, #170, .F. ) ;
#1588 = CARTESIAN_POINT ( 'NONE',  ( -11.50000000000000178, 15.00000000000000000, 3.499999999999999556 ) ) ;
#1589 = ORIENTED_EDGE ( 'NONE', *, *, #1549, .F. ) ;
#1590 = ADVANCED_FACE ( 'NONE', ( #119, #1960 ), #2089, .T. ) ;
#1591 = DIRECTION ( 'NONE',  ( 1.000000000000000000, 0.000000000000000000, 0.000000000000000000 ) ) ;
#1592 = CARTESIAN_POINT ( 'NONE',  ( 0.000000000000000000, -30.00000000000000000, 1.399999999999999245 ) ) ;
#1593 = DIRECTION ( 'NONE',  ( -0.000000000000000000, -0.000000000000000000, -1.000000000000000000 ) ) ;
#1594 = EDGE_CURVE ( 'NONE', #1954, #747, #452, .T. ) ;
#1595 = CARTESIAN_POINT ( 'NONE',  ( 0.8000000000000074829, -30.00000000000000000, 0.000000000000000000 ) ) ;
#1596 = DIRECTION ( 'NONE',  ( -1.000000000000000000, 0.000000000000000000, -0.000000000000000000 ) ) ;
#1597 = ORIENTED_EDGE ( 'NONE', *, *, #609, .F. ) ;
#1598 = ORIENTED_EDGE ( 'NONE', *, *, #1537, .F. ) ;
#1599 = DIRECTION ( 'NONE',  ( 1.000000000000000000, 0.000000000000000000, 0.000000000000000000 ) ) ;
#1600 = EDGE_LOOP ( 'NONE', ( #310, #1842, #2086 ) ) ;
#1601 = TOROIDAL_SURFACE ( 'NONE', #832, 2.000000000000000000, 1.000000000000000000 ) ;
#1602 = DIRECTION ( 'NONE',  ( -0.000000000000000000, -0.000000000000000000, 1.000000000000000000 ) ) ;
#1603 = EDGE_CURVE ( 'NONE', #517, #304, #1923, .T. ) ;
#1604 = DIRECTION ( 'NONE',  ( 1.000000000000000000, 0.000000000000000000, 0.000000000000000000 ) ) ;
#1605 = FACE_OUTER_BOUND ( 'NONE', #1023, .T. ) ;
#1606 = CARTESIAN_POINT ( 'NONE',  ( -12.50000000000000000, 16.00000000000000000, 0.000000000000000000 ) ) ;
#1607 = AXIS2_PLACEMENT_3D ( 'NONE', #978, #140, #462 ) ;
#1608 = VERTEX_POINT ( 'NONE', #1251 ) ;
#1609 = ORIENTED_EDGE ( 'NONE', *, *, #192, .F. ) ;
#1610 = CARTESIAN_POINT ( 'NONE',  ( -12.81818181818182012, -26.31521679065049213, 0.000000000000000000 ) ) ;
#1611 = VECTOR ( 'NONE', #753, 1000.000000000000000 ) ;
#1612 = EDGE_LOOP ( 'NONE', ( #865, #165, #764, #1091 ) ) ;
#1613 = LINE ( 'NONE', #109, #1288 ) ;
#1614 = CARTESIAN_POINT ( 'NONE',  ( 12.50000000000000000, -27.04673846971554241, 4.500000000000000000 ) ) ;
#1615 = EDGE_CURVE ( 'NONE', #1357, #1527, #1674, .T. ) ;
#1616 = AXIS2_PLACEMENT_3D ( 'NONE', #1918, #2055, #704 ) ;
#1617 = CARTESIAN_POINT ( 'NONE',  ( -11.50000000000000000, -33.32135201338624597, 4.500000000000000000 ) ) ;
#1618 = DIRECTION ( 'NONE',  ( -0.000000000000000000, -0.000000000000000000, -1.000000000000000000 ) ) ;
#1619 = EDGE_CURVE ( 'NONE', #1608, #1078, #549, .T. ) ;
#1620 = ORIENTED_EDGE ( 'NONE', *, *, #1271, .T. ) ;
#1621 = FACE_OUTER_BOUND ( 'NONE', #2095, .T. ) ;
#1622 = CARTESIAN_POINT ( 'NONE',  ( -21.80000000000001492, 21.00000000000000000, -9.600000000000001421 ) ) ;
#1623 = ADVANCED_FACE ( 'NONE', ( #1319, #1148 ), #360, .F. ) ;
#1624 = ORIENTED_EDGE ( 'NONE', *, *, #1632, .F. ) ;
#1625 = DIRECTION ( 'NONE',  ( 0.000000000000000000, 0.000000000000000000, -1.000000000000000000 ) ) ;
#1626 = ORIENTED_EDGE ( 'NONE', *, *, #1174, .T. ) ;
#1627 = LINE ( 'NONE', #2146, #1236 ) ;
#1628 = CARTESIAN_POINT ( 'NONE',  ( 0.000000000000000000, -30.00000000000000000, 4.500000000000002665 ) ) ;
#1629 = SPHERICAL_SURFACE ( 'NONE', #195, 1.000000000000000000 ) ;
#1630 = VERTEX_POINT ( 'NONE', #2164 ) ;
#1631 = ORIENTED_EDGE ( 'NONE', *, *, #679, .T. ) ;
#1632 = EDGE_CURVE ( 'NONE', #270, #1774, #1708, .T. ) ;
#1633 = DIRECTION ( 'NONE',  ( -0.3829787234042583144, -0.9237571636635055761, 0.000000000000000000 ) ) ;
#1634 = ORIENTED_EDGE ( 'NONE', *, *, #909, .T. ) ;
#1635 = DIRECTION ( 'NONE',  ( 1.000000000000000000, 0.000000000000000000, -0.000000000000000000 ) ) ;
#1636 = ORIENTED_EDGE ( 'NONE', *, *, #1101, .F. ) ;
#1637 = CIRCLE ( 'NONE', #688, 1.000000000000000888 ) ;
#1638 = CARTESIAN_POINT ( 'NONE',  ( -12.50000000000000178, 32.56244001913861297, 3.499999999999999556 ) ) ;
#1639 = VECTOR ( 'NONE', #1430, 1000.000000000000000 ) ;
#1640 = CARTESIAN_POINT ( 'NONE',  ( 0.000000000000000000, 0.000000000000000000, 10.00000000000000000 ) ) ;
#1641 = DIRECTION ( 'NONE',  ( 0.000000000000000000, 0.000000000000000000, 1.000000000000000000 ) ) ;
#1642 = VERTEX_POINT ( 'NONE', #1368 ) ;
#1643 = PRESENTATION_STYLE_ASSIGNMENT (( #820 ) ) ;
#1644 = DIRECTION ( 'NONE',  ( 1.000000000000000000, 0.000000000000000000, 0.000000000000000000 ) ) ;
#1645 = AXIS2_PLACEMENT_3D ( 'NONE', #608, #652, #458 ) ;
#1646 = ADVANCED_FACE ( 'NONE', ( #873 ), #31, .T. ) ;
#1647 = ORIENTED_EDGE ( 'NONE', *, *, #757, .T. ) ;
#1648 = CARTESIAN_POINT ( 'NONE',  ( -36.25000000000000711, 13.50000000000000178, 3.499999999999999556 ) ) ;
#1649 = COLOUR_RGB ( '',0.7921568627450980005, 0.8196078431372548767, 0.9333333333333333481 ) ;
#1650 = ORIENTED_EDGE ( 'NONE', *, *, #2076, .F. ) ;
#1651 = PLANE ( 'NONE',  #250 ) ;
#1652 = EDGE_CURVE ( 'NONE', #1642, #77, #803, .T. ) ;
#1653 = DIRECTION ( 'NONE',  ( -1.000000000000000000, -3.469446951953611033E-15, 0.000000000000000000 ) ) ;
#1654 = DIRECTION ( 'NONE',  ( 0.000000000000000000, -1.000000000000000000, -0.000000000000000000 ) ) ;
#1655 = CIRCLE ( 'NONE', #1940, 1.000000000000000888 ) ;
#1656 = DIRECTION ( 'NONE',  ( -1.000000000000000000, 0.000000000000000000, -0.000000000000000000 ) ) ;
#1657 = AXIS2_PLACEMENT_3D ( 'NONE', #836, #2158, #856 ) ;
#1658 = DIRECTION ( 'NONE',  ( 0.000000000000000000, 0.000000000000000000, 1.000000000000000000 ) ) ;
#1659 = EDGE_LOOP ( 'NONE', ( #697, #177, #1138, #10 ) ) ;
#1660 = ADVANCED_FACE ( 'NONE', ( #1544 ), #708, .F. ) ;
#1661 = DIRECTION ( 'NONE',  ( -1.000000000000000000, 0.000000000000000000, 0.000000000000000000 ) ) ;
#1662 = ORIENTED_EDGE ( 'NONE', *, *, #198, .F. ) ;
#1663 = EDGE_CURVE ( 'NONE', #933, #304, #585, .T. ) ;
#1664 = CARTESIAN_POINT ( 'NONE',  ( 32.56244001913861297, 13.50000000000000178, 4.500000000000000000 ) ) ;
#1665 = FACE_OUTER_BOUND ( 'NONE', #1844, .T. ) ;
#1666 = DIRECTION ( 'NONE',  ( -0.000000000000000000, -0.000000000000000000, -1.000000000000000000 ) ) ;
#1667 = EDGE_CURVE ( 'NONE', #744, #1099, #1474, .T. ) ;
#1668 = VERTEX_POINT ( 'NONE', #545 ) ;
#1669 = FACE_OUTER_BOUND ( 'NONE', #1557, .T. ) ;
#1670 = ORIENTED_EDGE ( 'NONE', *, *, #1339, .T. ) ;
#1671 = ORIENTED_EDGE ( 'NONE', *, *, #88, .F. ) ;
#1672 = DIRECTION ( 'NONE',  ( -0.000000000000000000, -0.000000000000000000, 1.000000000000000000 ) ) ;
#1673 = EDGE_CURVE ( 'NONE', #1243, #1421, #898, .T. ) ;
#1674 = CIRCLE ( 'NONE', #1461, 0.8000000000000055955 ) ;
#1675 = VECTOR ( 'NONE', #893, 1000.000000000000000 ) ;
#1676 = DIRECTION ( 'NONE',  ( 0.000000000000000000, 0.000000000000000000, -1.000000000000000000 ) ) ;
#1677 = AXIS2_PLACEMENT_3D ( 'NONE', #626, #1275, #1948 ) ;
#1678 = DIRECTION ( 'NONE',  ( -0.000000000000000000, -0.000000000000000000, 1.000000000000000000 ) ) ;
#1679 = DIRECTION ( 'NONE',  ( -0.000000000000000000, -0.000000000000000000, -1.000000000000000000 ) ) ;
#1680 = ORIENTED_EDGE ( 'NONE', *, *, #1549, .T. ) ;
#1681 = AXIS2_PLACEMENT_3D ( 'NONE', #1337, #1522, #1867 ) ;
#1682 = CIRCLE ( 'NONE', #1966, 36.25000000000000000 ) ;
#1683 = ORIENTED_EDGE ( 'NONE', *, *, #1043, .T. ) ;
#1684 = FACE_OUTER_BOUND ( 'NONE', #2167, .T. ) ;
#1685 = CIRCLE ( 'NONE', #1607, 0.8000000000000055955 ) ;
#1686 = DIRECTION ( 'NONE',  ( 0.000000000000000000, 0.000000000000000000, -1.000000000000000000 ) ) ;
#1687 = ADVANCED_FACE ( 'NONE', ( #1700 ), #1330, .F. ) ;
#1688 = DIRECTION ( 'NONE',  ( 0.000000000000000000, 1.000000000000000000, 0.000000000000000000 ) ) ;
#1689 = ADVANCED_FACE ( 'NONE', ( #1983 ), #1039, .T. ) ;
#1690 = DIRECTION ( 'NONE',  ( 1.000000000000000000, 0.000000000000000000, 0.000000000000000000 ) ) ;
#1691 = VECTOR ( 'NONE', #1513, 1000.000000000000000 ) ;
#1692 = CIRCLE ( 'NONE', #427, 1.000000000000000888 ) ;
#1693 = ORIENTED_EDGE ( 'NONE', *, *, #1058, .F. ) ;
#1694 = EDGE_CURVE ( 'NONE', #2044, #956, #143, .T. ) ;
#1695 = ORIENTED_EDGE ( 'NONE', *, *, #586, .F. ) ;
#1696 = ORIENTED_EDGE ( 'NONE', *, *, #1386, .T. ) ;
#1697 = DIRECTION ( 'NONE',  ( -0.000000000000000000, -0.000000000000000000, 1.000000000000000000 ) ) ;
#1698 = DIRECTION ( 'NONE',  ( 0.000000000000000000, -1.000000000000000000, 0.000000000000000000 ) ) ;
#1699 = CARTESIAN_POINT ( 'NONE',  ( -0.8000000000000074829, -30.00000000000000000, 4.500000000000000000 ) ) ;
#1700 = FACE_OUTER_BOUND ( 'NONE', #854, .T. ) ;
#1701 = EDGE_CURVE ( 'NONE', #1179, #756, #1112, .T. ) ;
#1702 = ORIENTED_EDGE ( 'NONE', *, *, #749, .F. ) ;
#1703 = ORIENTED_EDGE ( 'NONE', *, *, #298, .F. ) ;
#1704 = EDGE_LOOP ( 'NONE', ( #976, #1624 ) ) ;
#1705 = DIRECTION ( 'NONE',  ( 0.000000000000000000, 0.000000000000000000, -1.000000000000000000 ) ) ;
#1706 = CARTESIAN_POINT ( 'NONE',  ( 13.50000000000000178, 32.56244001913861297, -10.99999999999999822 ) ) ;
#1707 = DIRECTION ( 'NONE',  ( -0.000000000000000000, -0.000000000000000000, 1.000000000000000000 ) ) ;
#1708 = CIRCLE ( 'NONE', #1498, 0.8000000000000124789 ) ;
#1709 = CIRCLE ( 'NONE', #864, 1.600000000000014522 ) ;
#1710 = DIRECTION ( 'NONE',  ( -0.000000000000000000, -0.000000000000000000, -1.000000000000000000 ) ) ;
#1711 = VERTEX_POINT ( 'NONE', #320 ) ;
#1712 = EDGE_CURVE ( 'NONE', #1285, #1642, #1171, .T. ) ;
#1713 = ORIENTED_EDGE ( 'NONE', *, *, #1262, .T. ) ;
#1714 = ORIENTED_EDGE ( 'NONE', *, *, #1673, .F. ) ;
#1715 = VECTOR ( 'NONE', #1223, 1000.000000000000000 ) ;
#1716 = AXIS2_PLACEMENT_3D ( 'NONE', #1338, #1354, #201 ) ;
#1717 = DIRECTION ( 'NONE',  ( -1.000000000000000000, 0.000000000000000000, 0.000000000000000000 ) ) ;
#1718 = PRODUCT_CONTEXT ( 'NONE', #175, 'mechanical' ) ;
#1719 = STYLED_ITEM ( 'NONE', ( #1643 ), #63 ) ;
#1720 = ADVANCED_FACE ( 'NONE', ( #1495 ), #1007, .T. ) ;
#1721 = CARTESIAN_POINT ( 'NONE',  ( 32.56244001913861297, 13.50000000000000178, 3.499999999999999556 ) ) ;
#1722 = DIRECTION ( 'NONE',  ( 0.000000000000000000, 0.000000000000000000, 1.000000000000000000 ) ) ;
#1723 = ORIENTED_EDGE ( 'NONE', *, *, #1415, .T. ) ;
#1724 = DIRECTION ( 'NONE',  ( 0.000000000000000000, -1.000000000000000000, 0.000000000000000000 ) ) ;
#1725 = CIRCLE ( 'NONE', #1870, 1.000000000000000888 ) ;
#1726 = ORIENTED_EDGE ( 'NONE', *, *, #1262, .F. ) ;
#1727 = ORIENTED_EDGE ( 'NONE', *, *, #38, .F. ) ;
#1728 = DIRECTION ( 'NONE',  ( -1.000000000000000000, 0.000000000000000000, -0.000000000000000000 ) ) ;
#1729 = ADVANCED_FACE ( 'NONE', ( #1534 ), #1880, .T. ) ;
#1730 = CYLINDRICAL_SURFACE ( 'NONE', #463, 1.000000000000000888 ) ;
#1731 = DIRECTION ( 'NONE',  ( 1.000000000000000000, 0.000000000000000000, 0.000000000000000000 ) ) ;
#1732 = EDGE_CURVE ( 'NONE', #476, #1449, #40, .T. ) ;
#1733 = DIRECTION ( 'NONE',  ( 1.000000000000000000, 0.000000000000000000, 0.000000000000000000 ) ) ;
#1734 = CARTESIAN_POINT ( 'NONE',  ( 16.00000000000000000, 11.50000000000000000, 0.000000000000000000 ) ) ;
#1735 = VERTEX_POINT ( 'NONE', #1431 ) ;
#1736 = CARTESIAN_POINT ( 'NONE',  ( -33.56244001913861297, 13.50000000000000178, 3.499999999999999556 ) ) ;
#1737 = VERTEX_POINT ( 'NONE', #1575 ) ;
#1738 = EDGE_LOOP ( 'NONE', ( #1270, #398, #1765 ) ) ;
#1739 = DIRECTION ( 'NONE',  ( -0.000000000000000000, -0.000000000000000000, 1.000000000000000000 ) ) ;
#1740 = DIRECTION ( 'NONE',  ( -1.000000000000000000, 0.000000000000000000, 0.000000000000000000 ) ) ;
#1741 = CARTESIAN_POINT ( 'NONE',  ( -13.88297872340425521, 33.48619718280211544, 3.499999999999999556 ) ) ;
#1742 = EDGE_CURVE ( 'NONE', #1630, #1735, #1888, .T. ) ;
#1743 = CARTESIAN_POINT ( 'NONE',  ( -21.00000000000000000, 21.00000000000000000, 4.500000000000000000 ) ) ;
#1744 = DIRECTION ( 'NONE',  ( -1.000000000000000000, 0.000000000000000000, 0.000000000000000000 ) ) ;
#1745 = ORIENTED_EDGE ( 'NONE', *, *, #957, .T. ) ;
#1746 = AXIS2_PLACEMENT_3D ( 'NONE', #536, #379, #993 ) ;
#1747 = DIRECTION ( 'NONE',  ( 1.000000000000000000, 0.000000000000000000, 0.000000000000000000 ) ) ;
#1748 = AXIS2_PLACEMENT_3D ( 'NONE', #378, #392, #1063 ) ;
#1749 = ORIENTED_EDGE ( 'NONE', *, *, #640, .T. ) ;
#1750 = DIRECTION ( 'NONE',  ( 0.000000000000000000, 1.000000000000000000, 0.000000000000000000 ) ) ;
#1751 = ORIENTED_EDGE ( 'NONE', *, *, #586, .T. ) ;
#1752 = AXIS2_PLACEMENT_3D ( 'NONE', #1155, #2127, #2138 ) ;
#1753 = CARTESIAN_POINT ( 'NONE',  ( 13.50000000000000178, 32.56244001913861297, 3.499999999999999556 ) ) ;
#1754 = LINE ( 'NONE', #84, #1829 ) ;
#1755 = EDGE_CURVE ( 'NONE', #2044, #138, #483, .T. ) ;
#1756 = CARTESIAN_POINT ( 'NONE',  ( -13.50000000000000178, 32.56244001913861297, -10.99999999999999822 ) ) ;
#1757 = DIRECTION ( 'NONE',  ( -0.9452865819400351199, -0.3262411347517739646, 0.000000000000000000 ) ) ;
#1758 = ORIENTED_EDGE ( 'NONE', *, *, #550, .T. ) ;
#1759 = EDGE_CURVE ( 'NONE', #1735, #844, #413, .T. ) ;
#1760 = CARTESIAN_POINT ( 'NONE',  ( 16.00000000000000000, -19.00000000000000000, 4.500000000000000000 ) ) ;
#1761 = ORIENTED_EDGE ( 'NONE', *, *, #25, .F. ) ;
#1762 = EDGE_CURVE ( 'NONE', #741, #1371, #556, .T. ) ;
#1763 = DIRECTION ( 'NONE',  ( -0.000000000000000000, -0.000000000000000000, 1.000000000000000000 ) ) ;
#1764 = CIRCLE ( 'NONE', #991, 1.000000000000000888 ) ;
#1765 = ORIENTED_EDGE ( 'NONE', *, *, #1808, .F. ) ;
#1766 = AXIS2_PLACEMENT_3D ( 'NONE', #629, #432, #1441 ) ;
#1767 = DIRECTION ( 'NONE',  ( 0.000000000000000000, 0.000000000000000000, 1.000000000000000000 ) ) ;
#1768 = FACE_OUTER_BOUND ( 'NONE', #636, .T. ) ;
#1769 = DIRECTION ( 'NONE',  ( 0.000000000000000000, 0.000000000000000000, 1.000000000000000000 ) ) ;
#1770 = DIRECTION ( 'NONE',  ( 0.000000000000000000, 0.000000000000000000, -1.000000000000000000 ) ) ;
#1771 = VERTEX_POINT ( 'NONE', #1921 ) ;
#1772 = DIRECTION ( 'NONE',  ( 0.000000000000000000, 0.000000000000000000, -1.000000000000000000 ) ) ;
#1773 = EDGE_CURVE ( 'NONE', #855, #970, #237, .T. ) ;
#1774 = VERTEX_POINT ( 'NONE', #1420 ) ;
#1775 = ORIENTED_EDGE ( 'NONE', *, *, #38, .T. ) ;
#1776 = LINE ( 'NONE', #2114, #288 ) ;
#1777 = DIRECTION ( 'NONE',  ( -0.000000000000000000, -0.000000000000000000, 1.000000000000000000 ) ) ;
#1778 = CYLINDRICAL_SURFACE ( 'NONE', #206, 1.000000000000000888 ) ;
#1779 = ORIENTED_EDGE ( 'NONE', *, *, #1773, .T. ) ;
#1780 = ORIENTED_EDGE ( 'NONE', *, *, #934, .T. ) ;
#1781 = CARTESIAN_POINT ( 'NONE',  ( -36.25000000000000000, 17.00000000000000000, -11.00000000000000000 ) ) ;
#1782 = AXIS2_PLACEMENT_3D ( 'NONE', #202, #1158, #1635 ) ;
#1783 = EDGE_LOOP ( 'NONE', ( #1024, #1263, #1696, #731 ) ) ;
#1784 = AXIS2_PLACEMENT_3D ( 'NONE', #728, #1585, #1733 ) ;
#1785 = EDGE_CURVE ( 'NONE', #1348, #1494, #1637, .T. ) ;
#1786 = CIRCLE ( 'NONE', #833, 1.000000000000000000 ) ;
#1787 = CARTESIAN_POINT ( 'NONE',  ( 0.000000000000000000, -30.00000000000000000, 4.500000000000000000 ) ) ;
#1788 = ORIENTED_EDGE ( 'NONE', *, *, #1742, .F. ) ;
#1789 = DIRECTION ( 'NONE',  ( 1.000000000000000000, 0.000000000000000000, 0.000000000000000000 ) ) ;
#1790 = DIRECTION ( 'NONE',  ( 1.000000000000000000, 0.000000000000000000, 0.000000000000000000 ) ) ;
#1791 = DIRECTION ( 'NONE',  ( -0.000000000000000000, -0.000000000000000000, -1.000000000000000000 ) ) ;
#1792 = EDGE_CURVE ( 'NONE', #1311, #18, #2084, .T. ) ;
#1793 = CIRCLE ( 'NONE', #1016, 1.000000000000000000 ) ;
#1794 = ORIENTED_EDGE ( 'NONE', *, *, #1663, .T. ) ;
#1795 = DIRECTION ( 'NONE',  ( -0.000000000000000000, -0.000000000000000000, 1.000000000000000000 ) ) ;
#1796 = DIRECTION ( 'NONE',  ( 0.000000000000000000, 0.000000000000000000, 1.000000000000000000 ) ) ;
#1797 = AXIS2_PLACEMENT_3D ( 'NONE', #2108, #560, #1747 ) ;
#1798 = ORIENTED_EDGE ( 'NONE', *, *, #409, .T. ) ;
#1799 = DIRECTION ( 'NONE',  ( 1.000000000000000000, 0.000000000000000000, 0.000000000000000000 ) ) ;
#1800 = ORIENTED_EDGE ( 'NONE', *, *, #819, .T. ) ;
#1801 = AXIS2_PLACEMENT_3D ( 'NONE', #926, #806, #440 ) ;
#1802 = LINE ( 'NONE', #1614, #2073 ) ;
#1803 = AXIS2_PLACEMENT_3D ( 'NONE', #1048, #553, #541 ) ;
#1804 = CARTESIAN_POINT ( 'NONE',  ( -17.00000000000000000, 12.50000000000000000, 4.500000000000000000 ) ) ;
#1805 = FACE_OUTER_BOUND ( 'NONE', #514, .T. ) ;
#1806 = ORIENTED_EDGE ( 'NONE', *, *, #2141, .T. ) ;
#1807 = FILL_AREA_STYLE_COLOUR ( '', #1649 ) ;
#1808 = EDGE_CURVE ( 'NONE', #1484, #1281, #1995, .T. ) ;
#1809 = DIRECTION ( 'NONE',  ( 0.000000000000000000, 0.000000000000000000, -1.000000000000000000 ) ) ;
#1810 = ORIENTED_EDGE ( 'NONE', *, *, #1339, .F. ) ;
#1811 = DIRECTION ( 'NONE',  ( -1.000000000000000000, 0.000000000000000000, 0.000000000000000000 ) ) ;
#1812 = ORIENTED_EDGE ( 'NONE', *, *, #909, .F. ) ;
#1813 = CARTESIAN_POINT ( 'NONE',  ( 12.50000000000000000, 17.00000000000000000, 4.500000000000000000 ) ) ;
#1814 = CARTESIAN_POINT ( 'NONE',  ( 12.50000000000000000, 17.00000000000000000, -11.00000000000000000 ) ) ;
#1815 = ADVANCED_FACE ( 'NONE', ( #894 ), #569, .T. ) ;
#1816 = CARTESIAN_POINT ( 'NONE',  ( 22.60000000000001208, 21.00000000000000000, -9.600000000000001421 ) ) ;
#1817 = ORIENTED_EDGE ( 'NONE', *, *, #1615, .T. ) ;
#1818 = DIRECTION ( 'NONE',  ( 1.000000000000000000, 0.000000000000000000, 0.000000000000000000 ) ) ;
#1819 = ORIENTED_EDGE ( 'NONE', *, *, #3, .F. ) ;
#1820 = DIRECTION ( 'NONE',  ( 0.000000000000000000, -0.000000000000000000, -1.000000000000000000 ) ) ;
#1821 = CIRCLE ( 'NONE', #862, 2.000000000000000000 ) ;
#1822 = ORIENTED_EDGE ( 'NONE', *, *, #170, .T. ) ;
#1823 = DIRECTION ( 'NONE',  ( 0.000000000000000000, 0.000000000000000000, 1.000000000000000000 ) ) ;
#1824 = DIRECTION ( 'NONE',  ( -1.000000000000000000, 0.000000000000000000, 0.000000000000000000 ) ) ;
#1825 = PLANE ( 'NONE',  #203 ) ;
#1826 = CARTESIAN_POINT ( 'NONE',  ( 22.60000000000001563, 21.00000000000000000, 4.500000000000000000 ) ) ;
#1827 = CARTESIAN_POINT ( 'NONE',  ( 21.00000000000000000, 21.00000000000000000, -9.600000000000001421 ) ) ;
#1828 = AXIS2_PLACEMENT_3D ( 'NONE', #1969, #1809, #1308 ) ;
#1829 = VECTOR ( 'NONE', #2047, 1000.000000000000000 ) ;
#1830 = ADVANCED_FACE ( 'NONE', ( #1064 ), #1095, .T. ) ;
#1831 = ORIENTED_EDGE ( 'NONE', *, *, #160, .T. ) ;
#1832 = DIRECTION ( 'NONE',  ( 0.000000000000000000, 0.000000000000000000, -1.000000000000000000 ) ) ;
#1833 = TOROIDAL_SURFACE ( 'NONE', #2007, 35.25000000000000000, 1.000000000000000000 ) ;
#1834 = VERTEX_POINT ( 'NONE', #1734 ) ;
#1835 = EDGE_CURVE ( 'NONE', #1172, #1311, #937, .T. ) ;
#1836 = DIRECTION ( 'NONE',  ( -0.000000000000000000, -0.000000000000000000, -1.000000000000000000 ) ) ;
#1837 = DIRECTION ( 'NONE',  ( 0.000000000000000000, 0.000000000000000000, -1.000000000000000000 ) ) ;
#1838 = DIRECTION ( 'NONE',  ( -0.000000000000000000, 1.000000000000000000, -0.000000000000000000 ) ) ;
#1839 = AXIS2_PLACEMENT_3D ( 'NONE', #1237, #915, #1717 ) ;
#1840 =( NAMED_UNIT ( * ) PLANE_ANGLE_UNIT ( ) SI_UNIT ( $, .RADIAN. ) );
#1841 = DIRECTION ( 'NONE',  ( -1.000000000000000000, 0.000000000000000000, 0.000000000000000000 ) ) ;
#1842 = ORIENTED_EDGE ( 'NONE', *, *, #1973, .F. ) ;
#1843 = ADVANCED_FACE ( 'NONE', ( #226, #1912 ), #729, .F. ) ;
#1844 = EDGE_LOOP ( 'NONE', ( #1249, #610, #1315, #207 ) ) ;
#1845 = DIRECTION ( 'NONE',  ( 0.000000000000000000, -1.000000000000000000, -0.000000000000000000 ) ) ;
#1846 = DIRECTION ( 'NONE',  ( -1.000000000000000000, 0.000000000000000000, 0.000000000000000000 ) ) ;
#1847 = CARTESIAN_POINT ( 'NONE',  ( 5.999999999999998224, -19.00000000000000000, 3.499999999999999556 ) ) ;
#1848 = CYLINDRICAL_SURFACE ( 'NONE', #837, 1.000000000000000888 ) ;
#1849 = ORIENTED_EDGE ( 'NONE', *, *, #1515, .F. ) ;
#1850 = EDGE_CURVE ( 'NONE', #423, #1320, #257, .T. ) ;
#1851 = ORIENTED_EDGE ( 'NONE', *, *, #1667, .T. ) ;
#1852 = EDGE_CURVE ( 'NONE', #1349, #1893, #885, .T. ) ;
#1853 = CARTESIAN_POINT ( 'NONE',  ( -16.00000000000000000, 11.50000000000000000, 3.499999999999999556 ) ) ;
#1854 = VECTOR ( 'NONE', #919, 1000.000000000000000 ) ;
#1855 = EDGE_CURVE ( 'NONE', #438, #1087, #1821, .T. ) ;
#1856 = CIRCLE ( 'NONE', #1217, 1.600000000000011191 ) ;
#1857 = CARTESIAN_POINT ( 'NONE',  ( -11.50000000000000000, -33.32135201338624597, 3.499999999999999556 ) ) ;
#1858 = FACE_OUTER_BOUND ( 'NONE', #1125, .T. ) ;
#1859 = EDGE_CURVE ( 'NONE', #18, #1668, #1322, .T. ) ;
#1860 = CARTESIAN_POINT ( 'NONE',  ( 0.000000000000000000, 0.000000000000000000, 0.000000000000000000 ) ) ;
#1861 = ORIENTED_EDGE ( 'NONE', *, *, #1116, .T. ) ;
#1862 = AXIS2_PLACEMENT_3D ( 'NONE', #851, #1688, #675 ) ;
#1863 = VERTEX_POINT ( 'NONE', #2125 ) ;
#1864 = ORIENTED_EDGE ( 'NONE', *, *, #780, .F. ) ;
#1865 = DIRECTION ( 'NONE',  ( -1.000000000000000000, 0.000000000000000000, 0.000000000000000000 ) ) ;
#1866 = CARTESIAN_POINT ( 'NONE',  ( -13.50000000000000178, -27.04673846971554596, 3.499999999999999556 ) ) ;
#1867 = DIRECTION ( 'NONE',  ( 1.000000000000000000, 0.000000000000000000, 0.000000000000000000 ) ) ;
#1868 = ADVANCED_FACE ( 'NONE', ( #1326 ), #1629, .T. ) ;
#1869 = CYLINDRICAL_SURFACE ( 'NONE', #1716, 1.000000000000000888 ) ;
#1870 = AXIS2_PLACEMENT_3D ( 'NONE', #1753, #26, #574 ) ;
#1871 = DIRECTION ( 'NONE',  ( -0.000000000000000000, -0.000000000000000000, 1.000000000000000000 ) ) ;
#1872 = AXIS2_PLACEMENT_3D ( 'NONE', #1428, #1767, #1789 ) ;
#1873 = ORIENTED_EDGE ( 'NONE', *, *, #1785, .F. ) ;
#1874 = ORIENTED_EDGE ( 'NONE', *, *, #2074, .T. ) ;
#1875 = VERTEX_POINT ( 'NONE', #1490 ) ;
#1876 = CARTESIAN_POINT ( 'NONE',  ( 17.00000000000000000, 12.50000000000000000, 4.500000000000000000 ) ) ;
#1877 = LINE ( 'NONE', #997, #880 ) ;
#1878 = EDGE_CURVE ( 'NONE', #719, #94, #942, .T. ) ;
#1879 = CARTESIAN_POINT ( 'NONE',  ( 20.19999999999999574, 21.00000000000000000, -11.00000000000000000 ) ) ;
#1880 = CYLINDRICAL_SURFACE ( 'NONE', #619, 10.00000000000000355 ) ;
#1881 = ORIENTED_EDGE ( 'NONE', *, *, #597, .T. ) ;
#1882 = ORIENTED_EDGE ( 'NONE', *, *, #80, .F. ) ;
#1883 = ORIENTED_EDGE ( 'NONE', *, *, #612, .F. ) ;
#1884 = ADVANCED_FACE ( 'NONE', ( #137 ), #1279, .T. ) ;
#1885 = CARTESIAN_POINT ( 'NONE',  ( 11.82624113475177374, -34.26663859532628464, 3.499999999999999556 ) ) ;
#1886 = CARTESIAN_POINT ( 'NONE',  ( 17.00000000000000000, 11.50000000000000000, 0.000000000000000000 ) ) ;
#1887 = DIRECTION ( 'NONE',  ( -0.000000000000000000, -0.000000000000000000, 1.000000000000000000 ) ) ;
#1888 = CIRCLE ( 'NONE', #2129, 1.000000000000000000 ) ;
#1889 = AXIS2_PLACEMENT_3D ( 'NONE', #1756, #64, #1255 ) ;
#1890 = AXIS2_PLACEMENT_3D ( 'NONE', #1898, #1244, #1916 ) ;
#1891 = LINE ( 'NONE', #75, #1959 ) ;
#1892 = CARTESIAN_POINT ( 'NONE',  ( -6.000000000000000000, -19.00000000000000000, 0.000000000000000000 ) ) ;
#1893 = VERTEX_POINT ( 'NONE', #2116 ) ;
#1894 = CARTESIAN_POINT ( 'NONE',  ( -32.56244001913861297, 12.50000000000000000, 3.499999999999999556 ) ) ;
#1895 = EDGE_CURVE ( 'NONE', #1737, #1294, #1290, .T. ) ;
#1896 = EDGE_LOOP ( 'NONE', ( #1680, #1458, #428, #1012 ) ) ;
#1897 = ORIENTED_EDGE ( 'NONE', *, *, #221, .T. ) ;
#1898 = CARTESIAN_POINT ( 'NONE',  ( -17.00000000000000000, 11.50000000000000000, 0.000000000000000000 ) ) ;
#1899 = ADVANCED_FACE ( 'NONE', ( #1805 ), #114, .F. ) ;
#1900 = FACE_OUTER_BOUND ( 'NONE', #644, .T. ) ;
#1901 = CIRCLE ( 'NONE', #1335, 1.000000000000000000 ) ;
#1902 = CARTESIAN_POINT ( 'NONE',  ( -17.00000000000000000, 12.50000000000000000, 3.499999999999999556 ) ) ;
#1903 = DIRECTION ( 'NONE',  ( 0.000000000000000000, -1.000000000000000000, 0.000000000000000000 ) ) ;
#1904 = ORIENTED_EDGE ( 'NONE', *, *, #2079, .T. ) ;
#1905 = LINE ( 'NONE', #1894, #1934 ) ;
#1906 = TOROIDAL_SURFACE ( 'NONE', #2181, 2.000000000000000000, 1.000000000000000000 ) ;
#1907 = EDGE_LOOP ( 'NONE', ( #34, #1215, #853, #1883 ) ) ;
#1908 = CARTESIAN_POINT ( 'NONE',  ( -19.39999999999998792, 21.00000000000000000, 4.500000000000002665 ) ) ;
#1909 = CARTESIAN_POINT ( 'NONE',  ( 16.00000000000000000, -19.00000000000000000, 0.000000000000000000 ) ) ;
#1910 =( NAMED_UNIT ( * ) SI_UNIT ( $, .STERADIAN. ) SOLID_ANGLE_UNIT ( ) );
#1911 = LINE ( 'NONE', #51, #1355 ) ;
#1912 = FACE_OUTER_BOUND ( 'NONE', #468, .T. ) ;
#1913 = ORIENTED_EDGE ( 'NONE', *, *, #1755, .F. ) ;
#1914 = LINE ( 'NONE', #1248, #1298 ) ;
#1915 = EDGE_LOOP ( 'NONE', ( #431, #945, #41, #1671 ) ) ;
#1916 = DIRECTION ( 'NONE',  ( 1.000000000000000000, 0.000000000000000000, 0.000000000000000000 ) ) ;
#1917 = EDGE_CURVE ( 'NONE', #193, #578, #907, .T. ) ;
#1918 = CARTESIAN_POINT ( 'NONE',  ( 11.50000000000000000, 17.00000000000000000, 4.500000000000000000 ) ) ;
#1919 = ADVANCED_FACE ( 'NONE', ( #643 ), #1825, .T. ) ;
#1920 = CARTESIAN_POINT ( 'NONE',  ( 16.00000000000000000, 11.50000000000000000, 3.499999999999999556 ) ) ;
#1921 = CARTESIAN_POINT ( 'NONE',  ( -13.50000000000000178, 32.56244001913861297, 4.500000000000000000 ) ) ;
#1922 = ORIENTED_EDGE ( 'NONE', *, *, #1070, .T. ) ;
#1923 = CIRCLE ( 'NONE', #235, 1.000000000000000888 ) ;
#1924 = ADVANCED_FACE ( 'NONE', ( #315 ), #434, .T. ) ;
#1925 = DIRECTION ( 'NONE',  ( -0.000000000000000000, -0.000000000000000000, 1.000000000000000000 ) ) ;
#1926 = AXIS2_PLACEMENT_3D ( 'NONE', #2010, #1837, #521 ) ;
#1927 = ORIENTED_EDGE ( 'NONE', *, *, #209, .F. ) ;
#1928 = CARTESIAN_POINT ( 'NONE',  ( -32.56244001913861297, 13.50000000000000178, 3.499999999999999556 ) ) ;
#1929 = ORIENTED_EDGE ( 'NONE', *, *, #1701, .F. ) ;
#1930 = LINE ( 'NONE', #1813, #848 ) ;
#1931 = CIRCLE ( 'NONE', #417, 0.8000000000000130340 ) ;
#1932 = ADVANCED_FACE ( 'NONE', ( #1141 ), #1778, .T. ) ;
#1933 = DIRECTION ( 'NONE',  ( 0.000000000000000000, -1.000000000000000000, 0.000000000000000000 ) ) ;
#1934 = VECTOR ( 'NONE', #887, 1000.000000000000000 ) ;
#1935 = CARTESIAN_POINT ( 'NONE',  ( 11.50000000000000000, 17.00000000000000000, 3.499999999999999556 ) ) ;
#1936 = ORIENTED_EDGE ( 'NONE', *, *, #597, .F. ) ;
#1937 = DIRECTION ( 'NONE',  ( 1.000000000000000000, 0.000000000000000000, 0.000000000000000000 ) ) ;
#1938 = VERTEX_POINT ( 'NONE', #1816 ) ;
#1939 = CARTESIAN_POINT ( 'NONE',  ( 12.81818181818182012, -26.31521679065049213, 3.499999999999999556 ) ) ;
#1940 = AXIS2_PLACEMENT_3D ( 'NONE', #1062, #1072, #748 ) ;
#1941 = AXIS2_PLACEMENT_3D ( 'NONE', #1161, #1836, #2178 ) ;
#1942 = CARTESIAN_POINT ( 'NONE',  ( -11.50000000000000178, 17.00000000000000000, 3.499999999999999556 ) ) ;
#1943 = CARTESIAN_POINT ( 'NONE',  ( -16.00000000000000000, 11.50000000000000000, 4.500000000000000000 ) ) ;
#1944 = EDGE_LOOP ( 'NONE', ( #1328, #1247, #1904, #1333 ) ) ;
#1945 = ORIENTED_EDGE ( 'NONE', *, *, #362, .F. ) ;
#1946 = CARTESIAN_POINT ( 'NONE',  ( 0.000000000000000000, -30.00000000000000000, 1.399999999999999245 ) ) ;
#1947 = ORIENTED_EDGE ( 'NONE', *, *, #1855, .T. ) ;
#1948 = DIRECTION ( 'NONE',  ( 0.000000000000000000, -0.000000000000000000, 1.000000000000000000 ) ) ;
#1949 = VERTEX_POINT ( 'NONE', #1953 ) ;
#1950 = EDGE_CURVE ( 'NONE', #449, #1472, #20, .T. ) ;
#1951 = FACE_OUTER_BOUND ( 'NONE', #2, .T. ) ;
#1952 = DIRECTION ( 'NONE',  ( -1.000000000000000000, 0.000000000000000000, 0.000000000000000000 ) ) ;
#1953 = CARTESIAN_POINT ( 'NONE',  ( 33.48619718280211544, 13.88297872340425343, 0.000000000000000000 ) ) ;
#1954 = VERTEX_POINT ( 'NONE', #443 ) ;
#1955 = ORIENTED_EDGE ( 'NONE', *, *, #1116, .F. ) ;
#1956 = CARTESIAN_POINT ( 'NONE',  ( 11.50000000000000000, 17.00000000000000000, 0.000000000000000000 ) ) ;
#1957 = VECTOR ( 'NONE', #860, 1000.000000000000000 ) ;
#1958 = ORIENTED_EDGE ( 'NONE', *, *, #1652, .F. ) ;
#1959 = VECTOR ( 'NONE', #225, 1000.000000000000000 ) ;
#1960 = FACE_OUTER_BOUND ( 'NONE', #56, .T. ) ;
#1961 = CARTESIAN_POINT ( 'NONE',  ( 32.56244001913861297, 13.50000000000000178, 3.499999999999999556 ) ) ;
#1962 = EDGE_CURVE ( 'NONE', #2113, #1068, #1965, .T. ) ;
#1963 = CIRCLE ( 'NONE', #1329, 2.000000000000000000 ) ;
#1964 = DIRECTION ( 'NONE',  ( 0.000000000000000000, 0.000000000000000000, -1.000000000000000000 ) ) ;
#1965 = LINE ( 'NONE', #1118, #871 ) ;
#1966 = AXIS2_PLACEMENT_3D ( 'NONE', #1860, #1020, #1690 ) ;
#1967 = ORIENTED_EDGE ( 'NONE', *, *, #979, .T. ) ;
#1968 = CARTESIAN_POINT ( 'NONE',  ( -20.19999999999998863, 21.00000000000000000, -9.600000000000001421 ) ) ;
#1969 = CARTESIAN_POINT ( 'NONE',  ( 11.50000000000000000, 17.00000000000000000, 3.499999999999999556 ) ) ;
#1970 = CIRCLE ( 'NONE', #1127, 1.000000000000000888 ) ;
#1971 = ORIENTED_EDGE ( 'NONE', *, *, #154, .T. ) ;
#1972 = DIRECTION ( 'NONE',  ( 0.000000000000000000, 0.000000000000000000, -1.000000000000000000 ) ) ;
#1973 = EDGE_CURVE ( 'NONE', #1668, #781, #1086, .T. ) ;
#1974 = AXIS2_PLACEMENT_3D ( 'NONE', #1866, #354, #1653 ) ;
#1975 = FACE_OUTER_BOUND ( 'NONE', #763, .T. ) ;
#1976 = CIRCLE ( 'NONE', #638, 0.9999999999999991118 ) ;
#1977 = DIRECTION ( 'NONE',  ( -0.000000000000000000, -0.000000000000000000, 1.000000000000000000 ) ) ;
#1978 = DIRECTION ( 'NONE',  ( -1.000000000000000000, 0.000000000000000000, 0.000000000000000000 ) ) ;
#1979 = ORIENTED_EDGE ( 'NONE', *, *, #325, .F. ) ;
#1980 = FACE_BOUND ( 'NONE', #1704, .T. ) ;
#1981 = CYLINDRICAL_SURFACE ( 'NONE', #205, 0.8000000000000055955 ) ;
#1982 = VERTEX_POINT ( 'NONE', #303 ) ;
#1983 = FACE_OUTER_BOUND ( 'NONE', #681, .T. ) ;
#1984 = ORIENTED_EDGE ( 'NONE', *, *, #1436, .F. ) ;
#1985 = CARTESIAN_POINT ( 'NONE',  ( -11.50000000000000178, 17.00000000000000000, 3.499999999999999556 ) ) ;
#1986 = DIRECTION ( 'NONE',  ( -1.000000000000000000, 0.000000000000000000, 0.000000000000000000 ) ) ;
#1987 = LINE ( 'NONE', #481, #694 ) ;
#1988 = ADVANCED_FACE ( 'NONE', ( #988 ), #786, .T. ) ;
#1989 = ORIENTED_EDGE ( 'NONE', *, *, #1202, .F. ) ;
#1990 = DIRECTION ( 'NONE',  ( 1.000000000000000000, 0.000000000000000000, 0.000000000000000000 ) ) ;
#1991 = DIRECTION ( 'NONE',  ( 1.000000000000000000, 0.000000000000000000, 0.000000000000000000 ) ) ;
#1992 = EDGE_CURVE ( 'NONE', #1630, #348, #1987, .T. ) ;
#1993 = VERTEX_POINT ( 'NONE', #200 ) ;
#1994 = DIRECTION ( 'NONE',  ( 0.000000000000000000, 1.000000000000000000, -0.000000000000000000 ) ) ;
#1995 = CIRCLE ( 'NONE', #266, 0.9999999999999992228 ) ;
#1996 = AXIS2_PLACEMENT_3D ( 'NONE', #2070, #707, #1377 ) ;
#1997 = ORIENTED_EDGE ( 'NONE', *, *, #1792, .T. ) ;
#1998 = VECTOR ( 'NONE', #1539, 1000.000000000000000 ) ;
#1999 = CARTESIAN_POINT ( 'NONE',  ( -12.13636363636364379, -25.58369511158543830, 3.499999999999999556 ) ) ;
#2000 = DIRECTION ( 'NONE',  ( -1.000000000000000000, 0.000000000000000000, 0.000000000000000000 ) ) ;
#2001 = CARTESIAN_POINT ( 'NONE',  ( 12.50000000000000000, 17.00000000000000000, -11.00000000000000000 ) ) ;
#2002 = VECTOR ( 'NONE', #1212, 1000.000000000000000 ) ;
#2003 = ADVANCED_FACE ( 'NONE', ( #169 ), #858, .T. ) ;
#2004 = DIRECTION ( 'NONE',  ( -0.000000000000000000, -0.000000000000000000, -1.000000000000000000 ) ) ;
#2005 = CIRCLE ( 'NONE', #1471, 1.000000000000000000 ) ;
#2006 = ORIENTED_EDGE ( 'NONE', *, *, #1487, .T. ) ;
#2007 = AXIS2_PLACEMENT_3D ( 'NONE', #896, #1391, #1402 ) ;
#2008 = EDGE_LOOP ( 'NONE', ( #381, #1831, #1341, #570 ) ) ;
#2009 = DIRECTION ( 'NONE',  ( -1.000000000000000000, 0.000000000000000000, 0.000000000000000000 ) ) ;
#2010 = CARTESIAN_POINT ( 'NONE',  ( 5.999999999999998224, -19.00000000000000000, 3.499999999999999556 ) ) ;
#2011 = DIRECTION ( 'NONE',  ( -0.000000000000000000, -0.000000000000000000, -1.000000000000000000 ) ) ;
#2012 = CARTESIAN_POINT ( 'NONE',  ( 12.50000000000000000, 17.00000000000000000, -11.00000000000000000 ) ) ;
#2013 = EDGE_CURVE ( 'NONE', #930, #1057, #1963, .T. ) ;
#2014 = EDGE_CURVE ( 'NONE', #1078, #933, #15, .T. ) ;
#2015 = EDGE_LOOP ( 'NONE', ( #1232, #231, #1897, #925 ) ) ;
#2016 = ADVANCED_FACE ( 'NONE', ( #693 ), #869, .T. ) ;
#2017 = EDGE_LOOP ( 'NONE', ( #1758, #1119, #1702, #132 ) ) ;
#2018 = FACE_OUTER_BOUND ( 'NONE', #1195, .T. ) ;
#2019 = ADVANCED_FACE ( 'NONE', ( #1858 ), #1164, .T. ) ;
#2020 = DIRECTION ( 'NONE',  ( 0.000000000000000000, 0.000000000000000000, -1.000000000000000000 ) ) ;
#2021 = DIRECTION ( 'NONE',  ( 0.000000000000000000, 0.000000000000000000, -1.000000000000000000 ) ) ;
#2022 = VERTEX_POINT ( 'NONE', #1345 ) ;
#2023 = VERTEX_POINT ( 'NONE', #522 ) ;
#2024 = ORIENTED_EDGE ( 'NONE', *, *, #716, .F. ) ;
#2025 = LINE ( 'NONE', #1312, #1198 ) ;
#2026 = VECTOR ( 'NONE', #1820, 1000.000000000000000 ) ;
#2027 = VECTOR ( 'NONE', #1451, 1000.000000000000000 ) ;
#2028 = DIRECTION ( 'NONE',  ( -0.3262411347517739091, -0.9452865819400352310, 0.000000000000000000 ) ) ;
#2029 = DIRECTION ( 'NONE',  ( -1.000000000000000000, 0.000000000000000000, 0.000000000000000000 ) ) ;
#2030 = DIRECTION ( 'NONE',  ( -1.000000000000000000, 0.000000000000000000, 0.000000000000000000 ) ) ;
#2031 = ORIENTED_EDGE ( 'NONE', *, *, #1146, .F. ) ;
#2032 =( GEOMETRIC_REPRESENTATION_CONTEXT ( 3 ) GLOBAL_UNCERTAINTY_ASSIGNED_CONTEXT ( ( #1059 ) ) GLOBAL_UNIT_ASSIGNED_CONTEXT ( ( #1254, #1238, #1910 ) ) REPRESENTATION_CONTEXT ( 'NONE', 'WORKASPACE' ) );
#2033 = ORIENTED_EDGE ( 'NONE', *, *, #1973, .T. ) ;
#2034 = DIRECTION ( 'NONE',  ( -0.000000000000000000, -0.000000000000000000, 1.000000000000000000 ) ) ;
#2035 = ADVANCED_FACE ( 'NONE', ( #1364 ), #685, .T. ) ;
#2036 = CARTESIAN_POINT ( 'NONE',  ( -33.48619718280211544, 13.88297872340425521, 10.00000000000000000 ) ) ;
#2037 = DIRECTION ( 'NONE',  ( 0.000000000000000000, 0.000000000000000000, 1.000000000000000000 ) ) ;
#2038 = LINE ( 'NONE', #512, #2133 ) ;
#2039 = AXIS2_PLACEMENT_3D ( 'NONE', #168, #2179, #1676 ) ;
#2040 = CARTESIAN_POINT ( 'NONE',  ( -13.50000000000000178, -27.04673846971554596, 4.500000000000000000 ) ) ;
#2041 = AXIS2_PLACEMENT_3D ( 'NONE', #1961, #784, #758 ) ;
#2042 = ORIENTED_EDGE ( 'NONE', *, *, #1673, .T. ) ;
#2043 = ADVANCED_FACE ( 'NONE', ( #345 ), #766, .T. ) ;
#2044 = VERTEX_POINT ( 'NONE', #494 ) ;
#2045 = CARTESIAN_POINT ( 'NONE',  ( -12.50000000000000000, -27.04673846971554241, 3.499999999999999556 ) ) ;
#2046 = DIRECTION ( 'NONE',  ( 0.000000000000000000, 0.000000000000000000, 1.000000000000000000 ) ) ;
#2047 = DIRECTION ( 'NONE',  ( 1.000000000000000000, -0.000000000000000000, -0.000000000000000000 ) ) ;
#2048 = ADVANCED_FACE ( 'NONE', ( #998 ), #1193, .T. ) ;
#2049 = DIRECTION ( 'NONE',  ( -0.000000000000000000, -0.000000000000000000, -1.000000000000000000 ) ) ;
#2050 = ORIENTED_EDGE ( 'NONE', *, *, #142, .F. ) ;
#2051 = EDGE_CURVE ( 'NONE', #1949, #94, #1258, .T. ) ;
#2052 = ORIENTED_EDGE ( 'NONE', *, *, #1701, .T. ) ;
#2053 = ORIENTED_EDGE ( 'NONE', *, *, #1271, .F. ) ;
#2054 = LINE ( 'NONE', #1360, #166 ) ;
#2055 = DIRECTION ( 'NONE',  ( 0.000000000000000000, 0.000000000000000000, -1.000000000000000000 ) ) ;
#2056 = AXIS2_PLACEMENT_3D ( 'NONE', #500, #1031, #2142 ) ;
#2057 = CIRCLE ( 'NONE', #197, 1.000000000000000000 ) ;
#2058 = CARTESIAN_POINT ( 'NONE',  ( -6.000000000000000000, -19.00000000000000000, 4.500000000000000000 ) ) ;
#2059 = DIRECTION ( 'NONE',  ( 0.000000000000000000, 0.000000000000000000, -1.000000000000000000 ) ) ;
#2060 = EDGE_CURVE ( 'NONE', #1863, #2044, #313, .T. ) ;
#2061 = VERTEX_POINT ( 'NONE', #158 ) ;
#2062 = FACE_OUTER_BOUND ( 'NONE', #1440, .T. ) ;
#2063 = ORIENTED_EDGE ( 'NONE', *, *, #1537, .T. ) ;
#2064 = VECTOR ( 'NONE', #1352, 1000.000000000000000 ) ;
#2065 = CARTESIAN_POINT ( 'NONE',  ( 12.50000000000000000, 36.25000000000000000, 4.500000000000000000 ) ) ;
#2066 = AXIS2_PLACEMENT_3D ( 'NONE', #859, #1177, #525 ) ;
#2067 = DIRECTION ( 'NONE',  ( 0.000000000000000000, 0.000000000000000000, -1.000000000000000000 ) ) ;
#2068 = CARTESIAN_POINT ( 'NONE',  ( -36.25000000000000711, 12.50000000000000000, 0.000000000000000000 ) ) ;
#2069 = VECTOR ( 'NONE', #426, 1000.000000000000000 ) ;
#2070 = CARTESIAN_POINT ( 'NONE',  ( -36.25000000000000711, 12.50000000000000000, 4.500000000000000000 ) ) ;
#2071 = DIRECTION ( 'NONE',  ( -0.000000000000000000, -0.000000000000000000, -1.000000000000000000 ) ) ;
#2072 = ORIENTED_EDGE ( 'NONE', *, *, #743, .F. ) ;
#2073 = VECTOR ( 'NONE', #469, 1000.000000000000000 ) ;
#2074 = EDGE_CURVE ( 'NONE', #1078, #1349, #2038, .T. ) ;
#2075 = DIRECTION ( 'NONE',  ( -0.000000000000000000, -0.000000000000000000, 1.000000000000000000 ) ) ;
#2076 = EDGE_CURVE ( 'NONE', #1089, #1834, #532, .T. ) ;
#2077 = TOROIDAL_SURFACE ( 'NONE', #994, 2.000000000000000000, 1.000000000000000000 ) ;
#2078 = ORIENTED_EDGE ( 'NONE', *, *, #533, .F. ) ;
#2079 = EDGE_CURVE ( 'NONE', #980, #1099, #1931, .T. ) ;
#2080 = DIRECTION ( 'NONE',  ( 0.000000000000000000, 0.000000000000000000, 1.000000000000000000 ) ) ;
#2081 = DIRECTION ( 'NONE',  ( 1.000000000000000000, 0.000000000000000000, 0.000000000000000000 ) ) ;
#2082 = EDGE_CURVE ( 'NONE', #1123, #1558, #1470, .T. ) ;
#2083 = DIRECTION ( 'NONE',  ( -1.000000000000000000, 0.000000000000000000, 0.000000000000000000 ) ) ;
#2084 = LINE ( 'NONE', #905, #2093 ) ;
#2085 = APPLICATION_CONTEXT ( 'automotive_design' ) ;
#2086 = ORIENTED_EDGE ( 'NONE', *, *, #1358, .F. ) ;
#2087 = DIRECTION ( 'NONE',  ( -0.000000000000000000, -1.000000000000000000, -0.000000000000000000 ) ) ;
#2088 = ORIENTED_EDGE ( 'NONE', *, *, #1190, .F. ) ;
#2089 = PLANE ( 'NONE',  #442 ) ;
#2090 = CARTESIAN_POINT ( 'NONE',  ( -0.8000000000000130340, -30.00000000000000000, 1.399999999999999245 ) ) ;
#2091 = CARTESIAN_POINT ( 'NONE',  ( 12.50000000000000000, 32.56244001913861297, 3.499999999999999556 ) ) ;
#2092 = LINE ( 'NONE', #1562, #759 ) ;
#2093 = VECTOR ( 'NONE', #599, 1000.000000000000000 ) ;
#2094 = CARTESIAN_POINT ( 'NONE',  ( 12.50000000000000000, 32.56244001913861297, -10.99999999999999822 ) ) ;
#2095 = EDGE_LOOP ( 'NONE', ( #2042, #2183 ) ) ;
#2096 = AXIS2_PLACEMENT_3D ( 'NONE', #713, #563, #890 ) ;
#2097 = CARTESIAN_POINT ( 'NONE',  ( 32.01659725829713210, 16.99999999999999289, 0.000000000000000000 ) ) ;
#2098 = VERTEX_POINT ( 'NONE', #366 ) ;
#2099 = DIRECTION ( 'NONE',  ( 1.000000000000000000, 0.000000000000000000, 0.000000000000000000 ) ) ;
#2100 = CIRCLE ( 'NONE', #19, 1.600000000000011191 ) ;
#2101 = FACE_BOUND ( 'NONE', #299, .T. ) ;
#2102 = AXIS2_PLACEMENT_3D ( 'NONE', #1531, #1514, #6 ) ;
#2103 = DIRECTION ( 'NONE',  ( -0.000000000000000000, -0.000000000000000000, 1.000000000000000000 ) ) ;
#2104 = VECTOR ( 'NONE', #239, 1000.000000000000000 ) ;
#2105 = CARTESIAN_POINT ( 'NONE',  ( -32.56244001913861297, 13.50000000000000178, 3.499999999999999556 ) ) ;
#2106 = ORIENTED_EDGE ( 'NONE', *, *, #840, .F. ) ;
#2107 = ORIENTED_EDGE ( 'NONE', *, *, #2120, .T. ) ;
#2108 = CARTESIAN_POINT ( 'NONE',  ( 21.00000000000000000, 21.00000000000000000, 4.500000000000002665 ) ) ;
#2109 = EDGE_CURVE ( 'NONE', #1558, #1285, #1189, .T. ) ;
#2110 = ORIENTED_EDGE ( 'NONE', *, *, #1274, .T. ) ;
#2111 = DIRECTION ( 'NONE',  ( -1.000000000000000000, -0.000000000000000000, -0.000000000000000000 ) ) ;
#2112 = CIRCLE ( 'NONE', #215, 1.600000000000014522 ) ;
#2113 = VERTEX_POINT ( 'NONE', #1741 ) ;
#2114 = CARTESIAN_POINT ( 'NONE',  ( -21.80000000000000782, 21.00000000000000000, 4.500000000000000000 ) ) ;
#2115 = CARTESIAN_POINT ( 'NONE',  ( 17.00000000000000000, 12.50000000000000000, 0.000000000000000000 ) ) ;
#2116 = CARTESIAN_POINT ( 'NONE',  ( -16.00000000000000000, 11.50000000000000000, 0.000000000000000000 ) ) ;
#2117 = ORIENTED_EDGE ( 'NONE', *, *, #358, .F. ) ;
#2118 = DIRECTION ( 'NONE',  ( -0.000000000000000000, -0.000000000000000000, -1.000000000000000000 ) ) ;
#2119 = ORIENTED_EDGE ( 'NONE', *, *, #1207, .F. ) ;
#2120 = EDGE_CURVE ( 'NONE', #1954, #970, #1561, .T. ) ;
#2121 = CYLINDRICAL_SURFACE ( 'NONE', #724, 1.600000000000013856 ) ;
#2122 = ORIENTED_EDGE ( 'NONE', *, *, #133, .F. ) ;
#2123 = DIRECTION ( 'NONE',  ( -1.000000000000000000, 0.000000000000000000, 0.000000000000000000 ) ) ;
#2124 = DIRECTION ( 'NONE',  ( -1.000000000000000000, 1.776356839400250465E-15, 0.000000000000000000 ) ) ;
#2125 = CARTESIAN_POINT ( 'NONE',  ( -32.56244001913861297, 13.50000000000000178, 4.500000000000000000 ) ) ;
#2126 = VERTEX_POINT ( 'NONE', #234 ) ;
#2127 = DIRECTION ( 'NONE',  ( 0.000000000000000000, 1.000000000000000000, 0.000000000000000000 ) ) ;
#2128 = ADVANCED_FACE ( 'NONE', ( #1768 ), #1572, .T. ) ;
#2129 = AXIS2_PLACEMENT_3D ( 'NONE', #1085, #1410, #2059 ) ;
#2130 = ORIENTED_EDGE ( 'NONE', *, *, #28, .T. ) ;
#2131 = AXIS2_PLACEMENT_3D ( 'NONE', #1640, #1477, #972 ) ;
#2132 = FACE_OUTER_BOUND ( 'NONE', #690, .T. ) ;
#2133 = VECTOR ( 'NONE', #1838, 1000.000000000000000 ) ;
#2134 = DIRECTION ( 'NONE',  ( 0.000000000000000000, 0.000000000000000000, -1.000000000000000000 ) ) ;
#2135 = DIRECTION ( 'NONE',  ( 1.000000000000000000, 0.000000000000000000, 0.000000000000000000 ) ) ;
#2136 = AXIS2_PLACEMENT_3D ( 'NONE', #484, #1121, #1633 ) ;
#2137 = EDGE_LOOP ( 'NONE', ( #118, #1535 ) ) ;
#2138 = DIRECTION ( 'NONE',  ( 0.000000000000000000, 0.000000000000000000, 1.000000000000000000 ) ) ;
#2139 = DIRECTION ( 'NONE',  ( -1.000000000000000000, 2.664535259100375303E-15, 0.000000000000000000 ) ) ;
#2140 = ORIENTED_EDGE ( 'NONE', *, *, #1950, .T. ) ;
#2141 = EDGE_CURVE ( 'NONE', #2098, #956, #61, .T. ) ;
#2142 = DIRECTION ( 'NONE',  ( 1.000000000000000000, 0.000000000000000000, 0.000000000000000000 ) ) ;
#2143 = ORIENTED_EDGE ( 'NONE', *, *, #3, .T. ) ;
#2144 = EDGE_CURVE ( 'NONE', #1863, #1170, #1754, .T. ) ;
#2145 = CIRCLE ( 'NONE', #1442, 36.25000000000000000 ) ;
#2146 = CARTESIAN_POINT ( 'NONE',  ( 11.50000000000000000, 16.00000000000000000, 0.000000000000000000 ) ) ;
#2147 = AXIS2_PLACEMENT_3D ( 'NONE', #606, #963, #121 ) ;
#2148 = CARTESIAN_POINT ( 'NONE',  ( 0.000000000000000000, 0.000000000000000000, 4.500000000000000000 ) ) ;
#2149 = CARTESIAN_POINT ( 'NONE',  ( -13.50000000000000178, 36.25000000000000000, 3.499999999999999556 ) ) ;
#2150 = EDGE_CURVE ( 'NONE', #1494, #1735, #542, .T. ) ;
#2151 = ORIENTED_EDGE ( 'NONE', *, *, #1083, .F. ) ;
#2152 = ORIENTED_EDGE ( 'NONE', *, *, #957, .F. ) ;
#2153 = DIRECTION ( 'NONE',  ( 1.000000000000000000, 0.000000000000000000, 0.000000000000000000 ) ) ;
#2154 = EDGE_LOOP ( 'NONE', ( #1417, #2110, #1726 ) ) ;
#2155 = DIRECTION ( 'NONE',  ( 1.000000000000000000, 0.000000000000000000, 0.000000000000000000 ) ) ;
#2156 = ORIENTED_EDGE ( 'NONE', *, *, #1366, .T. ) ;
#2157 = VECTOR ( 'NONE', #1481, 1000.000000000000000 ) ;
#2158 = DIRECTION ( 'NONE',  ( -0.3829787234042567601, -0.9237571636635062422, 0.000000000000000000 ) ) ;
#2159 = CARTESIAN_POINT ( 'NONE',  ( 16.00000000000000000, 11.50000000000000000, 4.500000000000000000 ) ) ;
#2160 = DIRECTION ( 'NONE',  ( 1.000000000000000000, 0.000000000000000000, 0.000000000000000000 ) ) ;
#2161 = CARTESIAN_POINT ( 'NONE',  ( -12.50000000000000000, 12.50000000000000000, 0.000000000000000000 ) ) ;
#2162 = CYLINDRICAL_SURFACE ( 'NONE', #457, 1.000000000000000888 ) ;
#2163 = ORIENTED_EDGE ( 'NONE', *, *, #1785, .T. ) ;
#2164 = CARTESIAN_POINT ( 'NONE',  ( 13.50000000000000178, 32.56244001913861297, 4.500000000000000000 ) ) ;
#2165 = VECTOR ( 'NONE', #2135, 1000.000000000000000 ) ;
#2166 = AXIS2_PLACEMENT_3D ( 'NONE', #1743, #1552, #1052 ) ;
#2167 = EDGE_LOOP ( 'NONE', ( #1054, #1105, #464, #949 ) ) ;
#2168 = AXIS2_PLACEMENT_3D ( 'NONE', #1548, #2080, #540 ) ;
#2169 = CARTESIAN_POINT ( 'NONE',  ( -15.00000000000000000, 0.000000000000000000, 3.499999999999999556 ) ) ;
#2170 = CARTESIAN_POINT ( 'NONE',  ( -12.50000000000000000, 17.00000000000000000, 3.499999999999999556 ) ) ;
#2171 = EDGE_CURVE ( 'NONE', #1982, #1480, #663, .T. ) ;
#2172 = CARTESIAN_POINT ( 'NONE',  ( -16.00000000000000000, -19.00000000000000000, 4.500000000000000000 ) ) ;
#2173 = AXIS2_PLACEMENT_3D ( 'NONE', #1408, #74, #1731 ) ;
#2174 = AXIS2_PLACEMENT_3D ( 'NONE', #2182, #669, #513 ) ;
#2175 = EDGE_LOOP ( 'NONE', ( #1683, #1536, #1861, #473 ) ) ;
#2176 = ADVANCED_FACE ( 'NONE', ( #892 ), #37, .F. ) ;
#2177 = ORIENTED_EDGE ( 'NONE', *, *, #2082, .F. ) ;
#2178 = DIRECTION ( 'NONE',  ( -1.000000000000000000, 0.000000000000000000, 0.000000000000000000 ) ) ;
#2179 = DIRECTION ( 'NONE',  ( 0.000000000000000000, -1.000000000000000000, 0.000000000000000000 ) ) ;
#2180 = DIRECTION ( 'NONE',  ( 0.000000000000000000, 0.000000000000000000, -1.000000000000000000 ) ) ;
#2181 = AXIS2_PLACEMENT_3D ( 'NONE', #1363, #1351, #2000 ) ;
#2182 = CARTESIAN_POINT ( 'NONE',  ( 17.00000000000000000, 13.50000000000000178, 3.499999999999999556 ) ) ;
#2183 = ORIENTED_EDGE ( 'NONE', *, *, #702, .T. ) ;
ENDSEC;
END-ISO-10303-21;
