ISO-10303-21;
HEADER;
FILE_DESCRIPTION (( 'STEP AP214' ),
    '1' );
FILE_NAME ('headpart_1+3.STEP',
    '2026-04-21T14:11:20',
    ( '' ),
    ( '' ),
    'SwSTEP 2.0',
    'SolidWorks 2026',
    '' );
FILE_SCHEMA (( 'AUTOMOTIVE_DESIGN' ));
ENDSEC;

DATA;
#1 = ORIENTED_EDGE ( 'NONE', *, *, #6006, .T. ) ;
#2 = CARTESIAN_POINT ( 'NONE',  ( 677.2796930052397784, 889.2349131085614999, 1383.935211392019028 ) ) ;
#3 = EDGE_CURVE ( 'NONE', #3798, #1869, #7461, .T. ) ;
#4 = CARTESIAN_POINT ( 'NONE',  ( 653.7252916293541602, 941.4584508950866848, 1377.765580198968337 ) ) ;
#5 = VERTEX_POINT ( 'NONE', #2152 ) ;
#6 = EDGE_LOOP ( 'NONE', ( #1916, #7962, #8808, #5358 ) ) ;
#7 = PRODUCT_DEFINITION ( 'æœ', '', #9053, #8557 ) ;
#8 = ORIENTED_EDGE ( 'NONE', *, *, #3154, .F. ) ;
#9 = EDGE_CURVE ( 'NONE', #8254, #1382, #265, .T. ) ;
#10 = EDGE_CURVE ( 'NONE', #9640, #3025, #104, .T. ) ;
#11 = AXIS2_PLACEMENT_3D ( 'NONE', #790, #2254, #5199 ) ;
#12 = ADVANCED_FACE ( 'NONE', ( #5954 ), #9723, .T. ) ;
#13 = LINE ( 'NONE', #3089, #9748 ) ;
#14 = PRESENTATION_LAYER_ASSIGNMENT (  '', '', ( #819 ) ) ;
#15 = DIRECTION ( 'NONE',  ( 1.000000000000000000, -3.608224830031761912E-15, -0.000000000000000000 ) ) ;
#16 = DIRECTION ( 'NONE',  ( 0.000000000000000000, 0.000000000000000000, 1.000000000000000000 ) ) ;
#17 = EDGE_LOOP ( 'NONE', ( #2976, #4641, #2722, #9878 ) ) ;
#18 = CYLINDRICAL_SURFACE ( 'NONE', #7066, 2.499999999999946709 ) ;
#19 = CARTESIAN_POINT ( 'NONE',  ( 660.5503988948191818, 937.1981165441651456, 1400.724160490111217 ) ) ;
#20 = EDGE_CURVE ( 'NONE', #3946, #651, #7412, .T. ) ;
#21 = CARTESIAN_POINT ( 'NONE',  ( 632.0545939879993966, 890.2349131085609315, 1390.627811598873222 ) ) ;
#22 = EDGE_LOOP ( 'NONE', ( #2499, #970, #3470, #9505 ) ) ;
#23 = CARTESIAN_POINT ( 'NONE',  ( 654.7546109051077110, 881.9481165441617350, 1378.224160490111444 ) ) ;
#24 = ORIENTED_EDGE ( 'NONE', *, *, #5691, .F. ) ;
#25 = AXIS2_PLACEMENT_3D ( 'NONE', #1090, #4945, #333 ) ;
#26 = DIRECTION ( 'NONE',  ( -1.000000000000000000, 0.000000000000000000, 0.000000000000000000 ) ) ;
#27 = CYLINDRICAL_SURFACE ( 'NONE', #295, 1.600000000000045830 ) ;
#28 = DIRECTION ( 'NONE',  ( -0.000000000000000000, 0.000000000000000000, 1.000000000000000000 ) ) ;
#29 = EDGE_LOOP ( 'NONE', ( #7923, #8827, #8742, #4237 ) ) ;
#30 =( NAMED_UNIT ( * ) SI_UNIT ( $, .STERADIAN. ) SOLID_ANGLE_UNIT ( ) );
#31 = ORIENTED_EDGE ( 'NONE', *, *, #7344, .F. ) ;
#32 = CIRCLE ( 'NONE', #8196, 1.199999999999978861 ) ;
#33 = CARTESIAN_POINT ( 'NONE',  ( 651.5503988948173628, 888.9481165441617350, 1378.224160490111444 ) ) ;
#34 = DIRECTION ( 'NONE',  ( -0.000000000000000000, -0.000000000000000000, -1.000000000000000000 ) ) ;
#35 = DIRECTION ( 'NONE',  ( 0.000000000000000000, 0.000000000000000000, 1.000000000000000000 ) ) ;
#36 = CARTESIAN_POINT ( 'NONE',  ( 654.7878183171304727, 881.6925542389748216, 1288.828626905492001 ) ) ;
#37 = EDGE_CURVE ( 'NONE', #8950, #270, #3383, .T. ) ;
#38 = CARTESIAN_POINT ( 'NONE',  ( 634.9879588756787143, 921.4481165441617350, 1377.224160490111444 ) ) ;
#39 = CIRCLE ( 'NONE', #1973, 2.000000000000001776 ) ;
#40 = CARTESIAN_POINT ( 'NONE',  ( 700.2273550271355589, 920.3084403746400994, 1377.738133956182992 ) ) ;
#41 = DIRECTION ( 'NONE',  ( 0.000000000000000000, -1.445602896647340297E-15, -1.000000000000000000 ) ) ;
#42 = FACE_OUTER_BOUND ( 'NONE', #6430, .T. ) ;
#43 = CYLINDRICAL_SURFACE ( 'NONE', #7644, 1.600000000000045830 ) ;
#44 = DIRECTION ( 'NONE',  ( -1.193489751472043754E-14, -1.000000000000000000, 0.000000000000000000 ) ) ;
#45 = ORIENTED_EDGE ( 'NONE', *, *, #9701, .F. ) ;
#46 = ORIENTED_EDGE ( 'NONE', *, *, #6457, .T. ) ;
#47 = ORIENTED_EDGE ( 'NONE', *, *, #6814, .T. ) ;
#48 = LINE ( 'NONE', #6017, #3288 ) ;
#49 = AXIS2_PLACEMENT_3D ( 'NONE', #9275, #5402, #7102 ) ;
#50 = AXIS2_PLACEMENT_3D ( 'NONE', #5661, #6418, #350 ) ;
#51 = CYLINDRICAL_SURFACE ( 'NONE', #7145, 1.000000000000000888 ) ;
#52 = DIRECTION ( 'NONE',  ( 0.000000000000000000, 0.000000000000000000, 1.000000000000000000 ) ) ;
#53 = ORIENTED_EDGE ( 'NONE', *, *, #687, .T. ) ;
#54 = CARTESIAN_POINT ( 'NONE',  ( 680.0503988948173628, 874.6267645307755174, 1281.724160490111444 ) ) ;
#55 = DIRECTION ( 'NONE',  ( 1.000000000000000000, 0.000000000000000000, 0.000000000000000000 ) ) ;
#56 = EDGE_LOOP ( 'NONE', ( #1237, #6185, #4791, #7065 ) ) ;
#57 = ORIENTED_EDGE ( 'NONE', *, *, #3809, .T. ) ;
#58 = EDGE_CURVE ( 'NONE', #3429, #2108, #5858, .T. ) ;
#59 = VECTOR ( 'NONE', #7540, 1000.000000000000000 ) ;
#60 = EDGE_CURVE ( 'NONE', #8861, #8807, #9070, .T. ) ;
#61 = CARTESIAN_POINT ( 'NONE',  ( 639.4113704103558575, 890.2349131085608178, 1388.224160490111444 ) ) ;
#62 = DIRECTION ( 'NONE',  ( -0.6818181818181837661, -0.7315216790650473921, 0.000000000000000000 ) ) ;
#63 = ADVANCED_FACE ( 'NONE', ( #3855 ), #6250, .T. ) ;
#64 = FACE_OUTER_BOUND ( 'NONE', #914, .T. ) ;
#65 = ORIENTED_EDGE ( 'NONE', *, *, #7609, .F. ) ;
#66 = CARTESIAN_POINT ( 'NONE',  ( 688.7636023304157789, 929.1613199797623110, 1339.722160490111492 ) ) ;
#67 = CARTESIAN_POINT ( 'NONE',  ( 699.3235552776408213, 919.0969604791197298, 1389.422077785151941 ) ) ;
#68 = VECTOR ( 'NONE', #4863, 1000.000000000000000 ) ;
#69 = EDGE_CURVE ( 'NONE', #9812, #3694, #3903, .T. ) ;
#70 = EDGE_CURVE ( 'NONE', #3979, #3155, #5231, .T. ) ;
#71 = DIRECTION ( 'NONE',  ( -0.000000000000000000, 0.000000000000000000, -1.000000000000000000 ) ) ;
#72 = VERTEX_POINT ( 'NONE', #7804 ) ;
#73 = ORIENTED_EDGE ( 'NONE', *, *, #5272, .T. ) ;
#74 = VERTEX_POINT ( 'NONE', #36 ) ;
#75 = VECTOR ( 'NONE', #832, 1000.000000000000000 ) ;
#76 = DIRECTION ( 'NONE',  ( -0.000000000000000000, -0.000000000000000000, -1.000000000000000000 ) ) ;
#77 = EDGE_CURVE ( 'NONE', #2059, #2329, #3317, .T. ) ;
#78 = CARTESIAN_POINT ( 'NONE',  ( 633.9879588756788280, 921.4481165441617350, 1281.724160490111444 ) ) ;
#79 = AXIS2_PLACEMENT_3D ( 'NONE', #8159, #1106, #400 ) ;
#80 = DIRECTION ( 'NONE',  ( 0.000000000000000000, 0.000000000000000000, -1.000000000000000000 ) ) ;
#81 = ORIENTED_EDGE ( 'NONE', *, *, #4608, .T. ) ;
#82 = ADVANCED_FACE ( 'NONE', ( #842 ), #2307, .T. ) ;
#83 = CARTESIAN_POINT ( 'NONE',  ( 697.4847019600321119, 919.9481165441651456, 1394.724160490111444 ) ) ;
#84 = ORIENTED_EDGE ( 'NONE', *, *, #8353, .F. ) ;
#85 = AXIS2_PLACEMENT_3D ( 'NONE', #5372, #8540, #9243 ) ;
#86 = DIRECTION ( 'NONE',  ( -1.000000000000000000, 0.000000000000000000, 0.000000000000000000 ) ) ;
#87 = DIRECTION ( 'NONE',  ( 0.000000000000000000, -1.000000000000000000, 0.000000000000000000 ) ) ;
#88 = CARTESIAN_POINT ( 'NONE',  ( 666.5503988948173628, 938.9481165441617350, 1287.224160490111672 ) ) ;
#89 = EDGE_CURVE ( 'NONE', #9640, #9638, #6823, .T. ) ;
#90 = CIRCLE ( 'NONE', #570, 11.00000000000001066 ) ;
#91 = DIRECTION ( 'NONE',  ( 0.000000000000000000, -1.000000000000000000, -0.000000000000000000 ) ) ;
#92 = DIRECTION ( 'NONE',  ( -0.000000000000000000, -0.000000000000000000, -1.000000000000000000 ) ) ;
#93 = CARTESIAN_POINT ( 'NONE',  ( 701.1543608744531184, 921.5438180374535477, 1378.252107421000346 ) ) ;
#94 = LINE ( 'NONE', #6673, #3364 ) ;
#95 = ADVANCED_FACE ( 'NONE', ( #792 ), #5350, .F. ) ;
#96 = DIRECTION ( 'NONE',  ( 0.000000000000000000, -0.000000000000000000, 1.000000000000000000 ) ) ;
#97 = DIRECTION ( 'NONE',  ( 0.000000000000000000, 0.000000000000000000, 1.000000000000000000 ) ) ;
#98 = CARTESIAN_POINT ( 'NONE',  ( 634.7927661964636172, 898.9481165441580970, 1394.724160490111444 ) ) ;
#99 = DIRECTION ( 'NONE',  ( -1.236786676975587145E-16, -1.000000000000000000, 0.000000000000000000 ) ) ;
#100 = ORIENTED_EDGE ( 'NONE', *, *, #7177, .F. ) ;
#101 = EDGE_LOOP ( 'NONE', ( #8487, #2232, #4448, #4426 ) ) ;
#102 = ORIENTED_EDGE ( 'NONE', *, *, #2117, .T. ) ;
#103 = CARTESIAN_POINT ( 'NONE',  ( 699.0555138801678368, 897.2296727901532449, 1388.558086782754117 ) ) ;
#104 = CIRCLE ( 'NONE', #6352, 1.000000000000000888 ) ;
#105 = VECTOR ( 'NONE', #210, 1000.000000000000000 ) ;
#106 = FACE_OUTER_BOUND ( 'NONE', #6015, .T. ) ;
#107 = CARTESIAN_POINT ( 'NONE',  ( 638.3003988948141796, 897.9481165441580970, 1394.724160490111444 ) ) ;
#108 = VERTEX_POINT ( 'NONE', #6150 ) ;
#109 = DIRECTION ( 'NONE',  ( -2.843661915242425431E-15, 1.000000000000000000, 0.000000000000000000 ) ) ;
#110 = CARTESIAN_POINT ( 'NONE',  ( 655.0503988948174765, 940.5105565633003835, 1377.224160490111444 ) ) ;
#111 = VERTEX_POINT ( 'NONE', #7053 ) ;
#112 = VERTEX_POINT ( 'NONE', #2461 ) ;
#113 = ORIENTED_EDGE ( 'NONE', *, *, #1284, .T. ) ;
#114 = AXIS2_PLACEMENT_3D ( 'NONE', #7374, #6617, #503 ) ;
#115 = EDGE_CURVE ( 'NONE', #6369, #7299, #8570, .T. ) ;
#116 = DIRECTION ( 'NONE',  ( 0.2513983643949918578, 1.716515752902214054E-15, 0.9678837029207191245 ) ) ;
#117 = CARTESIAN_POINT ( 'NONE',  ( 667.5503988948167944, 907.9481165441615076, 1394.724160490111444 ) ) ;
#118 = CARTESIAN_POINT ( 'NONE',  ( 696.8003988948192955, 907.9481165441645771, 1397.724160490111217 ) ) ;
#119 = CARTESIAN_POINT ( 'NONE',  ( 698.6642957683095574, 920.3202095674209886, 1388.456471688752799 ) ) ;
#120 = ORIENTED_EDGE ( 'NONE', *, *, #2474, .T. ) ;
#121 = AXIS2_PLACEMENT_3D ( 'NONE', #6286, #4882, #2445 ) ;
#122 = DIRECTION ( 'NONE',  ( -1.000000000000000000, 1.893515102561680783E-15, 0.000000000000000000 ) ) ;
#123 = CARTESIAN_POINT ( 'NONE',  ( 669.1283937854312853, 837.1981165441652593, 1397.724160490111217 ) ) ;
#124 = VECTOR ( 'NONE', #8258, 1000.000000000000000 ) ;
#125 = DIRECTION ( 'NONE',  ( -9.592309208190295504E-17, -1.000000000000000000, 0.000000000000000000 ) ) ;
#126 = VERTEX_POINT ( 'NONE', #7605 ) ;
#127 = VERTEX_POINT ( 'NONE', #6201 ) ;
#128 = AXIS2_PLACEMENT_3D ( 'NONE', #1180, #1835, #6490 ) ;
#129 = CIRCLE ( 'NONE', #3654, 34.24999999999977973 ) ;
#130 = ORIENTED_EDGE ( 'NONE', *, *, #8212, .T. ) ;
#131 = CARTESIAN_POINT ( 'NONE',  ( 635.7927661964637309, 900.9481165441580970, 1399.724160490111444 ) ) ;
#132 = EDGE_CURVE ( 'NONE', #3798, #9566, #1394, .T. ) ;
#133 = AXIS2_PLACEMENT_3D ( 'NONE', #3959, #2966, #2413 ) ;
#134 = CARTESIAN_POINT ( 'NONE',  ( 655.5503988948173628, 883.9481165441617350, 1388.224160490111444 ) ) ;
#135 = CARTESIAN_POINT ( 'NONE',  ( 658.5503988948194092, 940.7057492425150258, 1394.724160490111444 ) ) ;
#136 = EDGE_LOOP ( 'NONE', ( #7361, #8743 ) ) ;
#137 = DIRECTION ( 'NONE',  ( -0.7315216790650497236, -0.6818181818181812126, -0.000000000000000000 ) ) ;
#138 = ORIENTED_EDGE ( 'NONE', *, *, #4479, .F. ) ;
#139 = PLANE ( 'NONE',  #5209 ) ;
#140 = ADVANCED_FACE ( 'NONE', ( #189 ), #6303, .F. ) ;
#141 = DIRECTION ( 'NONE',  ( 0.000000000000000000, -0.000000000000000000, -1.000000000000000000 ) ) ;
#142 = DIRECTION ( 'NONE',  ( -0.000000000000000000, 0.000000000000000000, -1.000000000000000000 ) ) ;
#143 = CIRCLE ( 'NONE', #7023, 1.000000000000064615 ) ;
#144 = CARTESIAN_POINT ( 'NONE',  ( 674.5503988948140659, 878.6981165441579833, 1400.724160490111217 ) ) ;
#145 = DIRECTION ( 'NONE',  ( -0.000000000000000000, -0.000000000000000000, -1.000000000000000000 ) ) ;
#146 = ADVANCED_FACE ( 'NONE', ( #9370 ), #4650, .T. ) ;
#147 = PLANE ( 'NONE',  #772 ) ;
#148 = DIRECTION ( 'NONE',  ( -1.000000000000000000, -6.483054158395116469E-15, 0.000000000000000000 ) ) ;
#149 = EDGE_CURVE ( 'NONE', #2590, #2400, #3163, .T. ) ;
#150 = DIRECTION ( 'NONE',  ( -0.000000000000000000, 0.000000000000000000, 1.000000000000000000 ) ) ;
#151 = FACE_OUTER_BOUND ( 'NONE', #5617, .T. ) ;
#152 = FACE_OUTER_BOUND ( 'NONE', #7664, .T. ) ;
#153 = EDGE_CURVE ( 'NONE', #3924, #569, #8759, .T. ) ;
#154 = CARTESIAN_POINT ( 'NONE',  ( 699.4847019600267686, 895.9481165441580970, 1389.443005925729949 ) ) ;
#155 = EDGE_LOOP ( 'NONE', ( #47, #6407, #6163, #852, #2738, #5850 ) ) ;
#156 = ORIENTED_EDGE ( 'NONE', *, *, #566, .T. ) ;
#157 = EDGE_LOOP ( 'NONE', ( #1660, #4227, #8488, #8205 ) ) ;
#158 = CARTESIAN_POINT ( 'NONE',  ( 698.6555269832230124, 896.3736945766798954, 1388.454194082238246 ) ) ;
#159 = DIRECTION ( 'NONE',  ( -0.000000000000000000, -0.000000000000000000, -1.000000000000000000 ) ) ;
#160 = FACE_OUTER_BOUND ( 'NONE', #9862, .T. ) ;
#161 = CARTESIAN_POINT ( 'NONE',  ( 698.5315781242450157, 918.9744453176942898, 1388.421999573411313 ) ) ;
#162 = DIRECTION ( 'NONE',  ( 1.000000000000000000, 2.551818697650954061E-13, 0.000000000000000000 ) ) ;
#163 = ORIENTED_EDGE ( 'NONE', *, *, #4231, .T. ) ;
#164 = ORIENTED_EDGE ( 'NONE', *, *, #9404, .F. ) ;
#165 = ORIENTED_EDGE ( 'NONE', *, *, #315, .F. ) ;
#166 = CYLINDRICAL_SURFACE ( 'NONE', #617, 10.00000000000000888 ) ;
#167 = DIRECTION ( 'NONE',  ( 0.000000000000000000, 0.000000000000000000, -1.000000000000000000 ) ) ;
#168 = DIRECTION ( 'NONE',  ( -1.000000000000000000, 0.000000000000000000, 0.000000000000000000 ) ) ;
#169 = VERTEX_POINT ( 'NONE', #3064 ) ;
#170 = DIRECTION ( 'NONE',  ( 1.000000000000000000, 0.000000000000000000, 0.000000000000000000 ) ) ;
#171 = DIRECTION ( 'NONE',  ( 1.000000000000000000, 0.000000000000000000, 0.000000000000000000 ) ) ;
#172 = CYLINDRICAL_SURFACE ( 'NONE', #5245, 1.000000000000067724 ) ;
#173 = ORIENTED_EDGE ( 'NONE', *, *, #4798, .F. ) ;
#174 = ORIENTED_EDGE ( 'NONE', *, *, #6780, .T. ) ;
#175 = B_SPLINE_CURVE_WITH_KNOTS ( 'NONE', 3,
 ( #5219, #3724, #9883, #8277, #1423, #2324, #4515, #807, #7570, #2886, #3869, #706 ),
 .UNSPECIFIED., .F., .F.,
 ( 4, 2, 2, 2, 2, 4 ),
 ( 0.000000000000000000, 0.0004492664292954005835, 0.0006738996439431008210, 0.0008985328585908011669, 0.001347799287886368609, 0.001797065717181936268 ),
 .UNSPECIFIED. ) ;
#176 = ORIENTED_EDGE ( 'NONE', *, *, #504, .F. ) ;
#177 = CIRCLE ( 'NONE', #2432, 1.000000000000000888 ) ;
#178 = CARTESIAN_POINT ( 'NONE',  ( 655.0503988948174765, 920.4481165441617350, 1281.724160490111444 ) ) ;
#179 = CARTESIAN_POINT ( 'NONE',  ( 679.9170188598759523, 940.6200734593398920, 1377.740687713157740 ) ) ;
#180 = LINE ( 'NONE', #8706, #9004 ) ;
#181 = VERTEX_POINT ( 'NONE', #8512 ) ;
#182 = CARTESIAN_POINT ( 'NONE',  ( 666.5503988948173628, 923.9481165441617350, 1288.224160490111444 ) ) ;
#183 = ORIENTED_EDGE ( 'NONE', *, *, #2662, .T. ) ;
#184 = VECTOR ( 'NONE', #3142, 1000.000000000000000 ) ;
#185 = CARTESIAN_POINT ( 'NONE',  ( 684.5503988948173628, 919.4481165441617350, 1378.224160490111444 ) ) ;
#186 = CARTESIAN_POINT ( 'NONE',  ( 648.8371954592175825, 886.7349131085610452, 1339.722160490111492 ) ) ;
#187 = VECTOR ( 'NONE', #1641, 1000.000000000000000 ) ;
#188 = EDGE_CURVE ( 'NONE', #469, #9877, #4105, .T. ) ;
#189 = FACE_OUTER_BOUND ( 'NONE', #7042, .T. ) ;
#190 = EDGE_CURVE ( 'NONE', #9596, #7745, #1955, .T. ) ;
#191 = DIRECTION ( 'NONE',  ( 0.000000000000000000, 0.000000000000000000, 1.000000000000000000 ) ) ;
#192 = CARTESIAN_POINT ( 'NONE',  ( 738.3003988948194092, 906.3481165441647818, 1397.724160490111217 ) ) ;
#193 = CIRCLE ( 'NONE', #1324, 1.000000000000000888 ) ;
#194 = CARTESIAN_POINT ( 'NONE',  ( 655.0503988948174765, 880.9013780744462565, 1281.724160490111444 ) ) ;
#195 = EDGE_CURVE ( 'NONE', #2634, #1349, #1852, .T. ) ;
#196 = DIRECTION ( 'NONE',  ( 0.000000000000000000, 1.000000000000000000, 0.000000000000000000 ) ) ;
#197 = EDGE_CURVE ( 'NONE', #2373, #7390, #3457, .T. ) ;
#198 = CARTESIAN_POINT ( 'NONE',  ( 696.8003988948195229, 897.9481165441651456, 1388.745784350350050 ) ) ;
#199 = ORIENTED_EDGE ( 'NONE', *, *, #7428, .F. ) ;
#200 = EDGE_CURVE ( 'NONE', #9562, #6343, #7149, .T. ) ;
#201 = CARTESIAN_POINT ( 'NONE',  ( 679.5503988948192955, 937.8824196093778482, 1394.724160490111444 ) ) ;
#202 = EDGE_CURVE ( 'NONE', #6297, #3149, #2614, .T. ) ;
#203 = CARTESIAN_POINT ( 'NONE',  ( 657.5503988948141796, 878.6981165441579833, 1394.724160490111444 ) ) ;
#204 = VERTEX_POINT ( 'NONE', #8768 ) ;
#205 = CIRCLE ( 'NONE', #8048, 2.000000000000001776 ) ;
#206 = ORIENTED_EDGE ( 'NONE', *, *, #2852, .T. ) ;
#207 = CARTESIAN_POINT ( 'NONE',  ( 699.4622038170942915, 895.5060448692814816, 1389.440084088966387 ) ) ;
#208 = DIRECTION ( 'NONE',  ( -1.000000000000000000, 0.000000000000000000, 0.000000000000000000 ) ) ;
#209 = EDGE_CURVE ( 'NONE', #6596, #8036, #1803, .T. ) ;
#210 = DIRECTION ( 'NONE',  ( -1.000000000000000000, -0.000000000000000000, -0.000000000000000000 ) ) ;
#211 = CARTESIAN_POINT ( 'NONE',  ( 648.8371954592175825, 879.8090880596993202, 1339.722160490111492 ) ) ;
#212 = CARTESIAN_POINT ( 'NONE',  ( 655.0503988948174765, 924.9481165441617350, 1378.224160490111444 ) ) ;
#213 = CARTESIAN_POINT ( 'NONE',  ( 680.9262225132813455, 875.2827124262836378, 1378.224160490111444 ) ) ;
#214 = ORIENTED_EDGE ( 'NONE', *, *, #6569, .F. ) ;
#215 = ORIENTED_EDGE ( 'NONE', *, *, #8555, .T. ) ;
#216 = EDGE_LOOP ( 'NONE', ( #9106, #2182, #3851, #3027 ) ) ;
#217 = VECTOR ( 'NONE', #92, 1000.000000000000000 ) ;
#218 = VECTOR ( 'NONE', #7612, 1000.000000000000000 ) ;
#219 = CARTESIAN_POINT ( 'NONE',  ( 695.8003988948194092, 907.9481165441649182, 1388.745784350350050 ) ) ;
#220 = CYLINDRICAL_SURFACE ( 'NONE', #9892, 1.600000000000045830 ) ;
#221 = CARTESIAN_POINT ( 'NONE',  ( 699.3080315931698578, 907.9481165441650319, 1400.724160490111217 ) ) ;
#222 = ORIENTED_EDGE ( 'NONE', *, *, #3958, .T. ) ;
#223 = CARTESIAN_POINT ( 'NONE',  ( 657.0503988948174765, 888.9481165441617350, 1290.824160490111353 ) ) ;
#224 = DIRECTION ( 'NONE',  ( 1.000000000000000000, 0.000000000000000000, 0.000000000000000000 ) ) ;
#225 = EDGE_CURVE ( 'NONE', #662, #3380, #1072, .T. ) ;
#226 = DIRECTION ( 'NONE',  ( 0.000000000000000000, 0.000000000000000000, 1.000000000000000000 ) ) ;
#227 = ORIENTED_EDGE ( 'NONE', *, *, #1994, .F. ) ;
#228 = CIRCLE ( 'NONE', #8061, 2.000000000000001776 ) ;
#229 = ORIENTED_EDGE ( 'NONE', *, *, #3759, .F. ) ;
#230 = ORIENTED_EDGE ( 'NONE', *, *, #6196, .F. ) ;
#231 = CARTESIAN_POINT ( 'NONE',  ( 679.9865358502344179, 940.5632785690728497, 1377.582599116276469 ) ) ;
#232 = LINE ( 'NONE', #178, #5681 ) ;
#233 = DIRECTION ( 'NONE',  ( 1.000000000000000000, -1.190714193910480863E-14, -0.000000000000000000 ) ) ;
#234 = MECHANICAL_DESIGN_GEOMETRIC_PRESENTATION_REPRESENTATION (  '', ( #6483 ), #4875 ) ;
#235 = DIRECTION ( 'NONE',  ( -1.000000000000000000, 0.000000000000000000, 0.000000000000000000 ) ) ;
#236 = EDGE_LOOP ( 'NONE', ( #2624, #8433, #1586, #7572 ) ) ;
#237 = DIRECTION ( 'NONE',  ( -1.000000000000000000, 0.000000000000000000, -0.000000000000000000 ) ) ;
#238 = ORIENTED_EDGE ( 'NONE', *, *, #5574, .T. ) ;
#239 = FACE_OUTER_BOUND ( 'NONE', #3329, .T. ) ;
#240 = CARTESIAN_POINT ( 'NONE',  ( 677.5503988948192955, 937.8824196093778482, 1394.724160490111444 ) ) ;
#241 = AXIS2_PLACEMENT_3D ( 'NONE', #7294, #6545, #3445 ) ;
#242 = DIRECTION ( 'NONE',  ( -0.000000000000000000, 1.000000000000000000, 0.000000000000000000 ) ) ;
#243 = DIRECTION ( 'NONE',  ( 1.000000000000000000, -1.921270678177309696E-15, 0.000000000000000000 ) ) ;
#244 = CARTESIAN_POINT ( 'NONE',  ( 672.5503988948173628, 935.9481165441617350, 1284.106126501361587 ) ) ;
#245 = EDGE_CURVE ( 'NONE', #3299, #7342, #1148, .T. ) ;
#246 = DIRECTION ( 'NONE',  ( -1.000000000000000000, 0.000000000000000000, -0.000000000000000000 ) ) ;
#247 = AXIS2_PLACEMENT_3D ( 'NONE', #2799, #6732, #2088 ) ;
#248 = DIRECTION ( 'NONE',  ( -1.000000000000000000, 0.000000000000000000, 0.000000000000000000 ) ) ;
#249 = DIRECTION ( 'NONE',  ( -0.000000000000000000, -0.000000000000000000, -1.000000000000000000 ) ) ;
#250 = EDGE_CURVE ( 'NONE', #9562, #3627, #8817, .T. ) ;
#251 = CARTESIAN_POINT ( 'NONE',  ( 634.9879588756788280, 920.4481165441617350, 1377.224160490111444 ) ) ;
#252 = AXIS2_PLACEMENT_3D ( 'NONE', #5259, #8319, #1461 ) ;
#253 = DIRECTION ( 'NONE',  ( -0.000000000000000000, -0.000000000000000000, -1.000000000000000000 ) ) ;
#254 = ORIENTED_EDGE ( 'NONE', *, *, #8034, .F. ) ;
#255 = CARTESIAN_POINT ( 'NONE',  ( 698.3486558722905784, 896.7551095699787993, 1388.374487300177861 ) ) ;
#256 = CARTESIAN_POINT ( 'NONE',  ( 672.5503988948173628, 935.9481165441617350, 1286.342194478861302 ) ) ;
#257 = EDGE_CURVE ( 'NONE', #7724, #5122, #3954, .T. ) ;
#258 = CARTESIAN_POINT ( 'NONE',  ( 696.8003988948195229, 897.9481165441650319, 1400.724160490111217 ) ) ;
#259 = DIRECTION ( 'NONE',  ( 1.000000000000000000, 0.000000000000000000, 0.000000000000000000 ) ) ;
#260 = CARTESIAN_POINT ( 'NONE',  ( 646.3371954592226984, 929.1613199797616289, 1390.724160490111444 ) ) ;
#261 = ORIENTED_EDGE ( 'NONE', *, *, #547, .F. ) ;
#262 = EDGE_CURVE ( 'NONE', #9684, #8058, #6458, .T. ) ;
#263 = ORIENTED_EDGE ( 'NONE', *, *, #1550, .T. ) ;
#264 = ORIENTED_EDGE ( 'NONE', *, *, #5048, .T. ) ;
#265 = CIRCLE ( 'NONE', #9561, 1.000000000000000888 ) ;
#266 = AXIS2_PLACEMENT_3D ( 'NONE', #1772, #4719, #7765 ) ;
#267 = CARTESIAN_POINT ( 'NONE',  ( 654.0503988948173628, 880.9013780744462565, 1377.224160490111444 ) ) ;
#268 = FACE_OUTER_BOUND ( 'NONE', #3043, .T. ) ;
#269 = CARTESIAN_POINT ( 'NONE',  ( 697.0069470020147264, 923.9676897694017725, 1388.025991489715352 ) ) ;
#270 = VERTEX_POINT ( 'NONE', #293 ) ;
#271 = EDGE_CURVE ( 'NONE', #5392, #5829, #2358, .T. ) ;
#272 = DIRECTION ( 'NONE',  ( 1.000000000000000000, -1.084202172485504681E-16, 0.000000000000000000 ) ) ;
#273 = DIRECTION ( 'NONE',  ( 0.000000000000000000, -0.000000000000000000, -1.000000000000000000 ) ) ;
#274 = CARTESIAN_POINT ( 'NONE',  ( 696.8003988948192955, 917.9802328412442876, 1388.745784350350050 ) ) ;
#275 = ORIENTED_EDGE ( 'NONE', *, *, #3404, .F. ) ;
#276 = VERTEX_POINT ( 'NONE', #3365 ) ;
#277 = ADVANCED_FACE ( 'NONE', ( #5607 ), #3634, .T. ) ;
#278 = VECTOR ( 'NONE', #460, 1000.000000000000000 ) ;
#279 = VERTEX_POINT ( 'NONE', #1044 ) ;
#280 = LINE ( 'NONE', #5742, #5035 ) ;
#281 = DIRECTION ( 'NONE',  ( -2.891205793294675368E-16, -0.000000000000000000, 1.000000000000000000 ) ) ;
#282 = CARTESIAN_POINT ( 'NONE',  ( 681.4333776116565105, 941.4343137296856412, 1377.360919905477431 ) ) ;
#283 = AXIS2_PLACEMENT_3D ( 'NONE', #8484, #4420, #9788 ) ;
#284 = AXIS2_PLACEMENT_3D ( 'NONE', #1258, #4304, #5711 ) ;
#285 = CYLINDRICAL_SURFACE ( 'NONE', #507, 1.000000000000000888 ) ;
#286 = VERTEX_POINT ( 'NONE', #5651 ) ;
#287 = ORIENTED_EDGE ( 'NONE', *, *, #6893, .F. ) ;
#288 = AXIS2_PLACEMENT_3D ( 'NONE', #3266, #9525, #6362 ) ;
#289 = CARTESIAN_POINT ( 'NONE',  ( 655.4520208952667417, 940.8322794313668282, 1378.027940216342586 ) ) ;
#290 = CARTESIAN_POINT ( 'NONE',  ( 655.0503988948174765, 923.9481165441617350, 1377.224160490111444 ) ) ;
#291 = VECTOR ( 'NONE', #7517, 1000.000000000000000 ) ;
#292 = CIRCLE ( 'NONE', #9104, 1.199999999999978861 ) ;
#293 = CARTESIAN_POINT ( 'NONE',  ( 700.1128389139558976, 920.4481165441617350, 1377.224160490111444 ) ) ;
#294 = DIRECTION ( 'NONE',  ( 8.049116928532400695E-16, 1.000000000000000000, -0.000000000000000000 ) ) ;
#295 = AXIS2_PLACEMENT_3D ( 'NONE', #4643, #4444, #9261 ) ;
#296 = DIRECTION ( 'NONE',  ( 0.000000000000000000, -1.000000000000000000, 0.000000000000000000 ) ) ;
#297 = DIRECTION ( 'NONE',  ( 1.000000000000000000, 6.125368411725000433E-15, 0.000000000000000000 ) ) ;
#298 = ORIENTED_EDGE ( 'NONE', *, *, #5830, .T. ) ;
#299 = CARTESIAN_POINT ( 'NONE',  ( 697.8101843645267763, 917.9481165441651456, 1389.225536108108145 ) ) ;
#300 = DIRECTION ( 'NONE',  ( -0.000000000000000000, -0.000000000000000000, -1.000000000000000000 ) ) ;
#301 = CYLINDRICAL_SURFACE ( 'NONE', #2309, 1.000000000000000888 ) ;
#302 = PLANE ( 'NONE',  #9252 ) ;
#303 = AXIS2_PLACEMENT_3D ( 'NONE', #2639, #7281, #4321 ) ;
#304 = ORIENTED_EDGE ( 'NONE', *, *, #4430, .T. ) ;
#305 = DIRECTION ( 'NONE',  ( 1.000000000000000000, 0.000000000000000000, 0.000000000000000000 ) ) ;
#306 = CARTESIAN_POINT ( 'NONE',  ( 655.0503988948174765, 924.9481165441617350, 1377.224160490111444 ) ) ;
#307 = AXIS2_PLACEMENT_3D ( 'NONE', #1248, #7505, #5057 ) ;
#308 = FACE_OUTER_BOUND ( 'NONE', #6482, .T. ) ;
#309 = CARTESIAN_POINT ( 'NONE',  ( 666.8503988948174310, 888.9481165441617350, 1288.224160490111444 ) ) ;
#310 = AXIS2_PLACEMENT_3D ( 'NONE', #4488, #9756, #3000 ) ;
#311 = CARTESIAN_POINT ( 'NONE',  ( 680.3097451069021417, 874.8101688687838760, 1377.899215546929327 ) ) ;
#312 = EDGE_LOOP ( 'NONE', ( #2404, #9007, #787, #7771, #9831, #5947, #1474, #3743, #4475, #57, #287, #7543, #5491, #1465, #865, #373, #891, #6704, #2331, #2119, #2252 ) ) ;
#313 = ORIENTED_EDGE ( 'NONE', *, *, #926, .T. ) ;
#314 = ORIENTED_EDGE ( 'NONE', *, *, #6568, .F. ) ;
#315 = EDGE_CURVE ( 'NONE', #6892, #5270, #9428, .T. ) ;
#316 = CARTESIAN_POINT ( 'NONE',  ( 634.7927661964636172, 914.9481165441580970, 1399.724160490111444 ) ) ;
#317 = DIRECTION ( 'NONE',  ( 0.000000000000000000, 0.000000000000000000, -1.000000000000000000 ) ) ;
#318 = CARTESIAN_POINT ( 'NONE',  ( 646.5503988948173628, 928.9481165441617350, 1295.724160490111444 ) ) ;
#319 = ORIENTED_EDGE ( 'NONE', *, *, #2419, .T. ) ;
#320 = DIRECTION ( 'NONE',  ( 0.000000000000000000, 0.000000000000000000, 1.000000000000000000 ) ) ;
#321 = CARTESIAN_POINT ( 'NONE',  ( 673.5503988948173628, 888.9481165441617350, 1288.224160490111444 ) ) ;
#322 = FACE_OUTER_BOUND ( 'NONE', #431, .T. ) ;
#323 = ORIENTED_EDGE ( 'NONE', *, *, #2238, .F. ) ;
#324 = ORIENTED_EDGE ( 'NONE', *, *, #1375, .F. ) ;
#325 = EDGE_CURVE ( 'NONE', #5840, #6643, #7206, .T. ) ;
#326 = ADVANCED_FACE ( 'NONE', ( #9520 ), #6889, .F. ) ;
#327 = EDGE_LOOP ( 'NONE', ( #4778, #6439, #8725, #6705, #8604, #6074, #5092, #722 ) ) ;
#328 = CARTESIAN_POINT ( 'NONE',  ( 680.0421331870441009, 940.5174234951150538, 1377.371632354591156 ) ) ;
#329 = EDGE_CURVE ( 'NONE', #7041, #5122, #929, .T. ) ;
#330 = CYLINDRICAL_SURFACE ( 'NONE', #6964, 3.000000000000002665 ) ;
#331 = FACE_OUTER_BOUND ( 'NONE', #8773, .T. ) ;
#332 = EDGE_CURVE ( 'NONE', #7201, #9642, #8782, .T. ) ;
#333 = DIRECTION ( 'NONE',  ( 1.000000000000000000, 0.000000000000000000, 0.000000000000000000 ) ) ;
#334 = ORIENTED_EDGE ( 'NONE', *, *, #8090, .F. ) ;
#335 = PLANE ( 'NONE',  #4496 ) ;
#336 = ADVANCED_FACE ( 'NONE', ( #4688 ), #6288, .F. ) ;
#337 = EDGE_LOOP ( 'NONE', ( #8236, #2991, #5816, #2295, #4239 ) ) ;
#338 = DIRECTION ( 'NONE',  ( 0.000000000000000000, 0.000000000000000000, 1.000000000000000000 ) ) ;
#339 = CARTESIAN_POINT ( 'NONE',  ( 667.5503988948167944, 907.9481165441615076, 1388.224160490111444 ) ) ;
#340 = VECTOR ( 'NONE', #4697, 1000.000000000000000 ) ;
#341 = CARTESIAN_POINT ( 'NONE',  ( 700.3080315931638324, 898.9481165441580970, 1374.668558774804069 ) ) ;
#342 = CARTESIAN_POINT ( 'NONE',  ( 637.6160958296015906, 897.9481165441580970, 1400.724160490111217 ) ) ;
#343 = AXIS2_PLACEMENT_3D ( 'NONE', #686, #6901, #8461 ) ;
#344 = LINE ( 'NONE', #4004, #607 ) ;
#345 = DIRECTION ( 'NONE',  ( -0.000000000000000000, -0.000000000000000000, -1.000000000000000000 ) ) ;
#346 = VECTOR ( 'NONE', #4485, 1000.000000000000000 ) ;
#347 = EDGE_LOOP ( 'NONE', ( #3305, #8899, #5001, #479 ) ) ;
#348 = CARTESIAN_POINT ( 'NONE',  ( 637.3646974652116342, 917.9481165441652593, 1388.215381963068921 ) ) ;
#349 = CARTESIAN_POINT ( 'NONE',  ( 637.3669776021058624, 918.8137388290108447, 1388.224160490111444 ) ) ;
#350 = DIRECTION ( 'NONE',  ( -1.000000000000000000, 0.000000000000000000, 0.000000000000000000 ) ) ;
#351 = CARTESIAN_POINT ( 'NONE',  ( 696.8003988948141796, 897.9481165441579833, 1389.005524610090561 ) ) ;
#352 = ORIENTED_EDGE ( 'NONE', *, *, #6403, .T. ) ;
#353 = CYLINDRICAL_SURFACE ( 'NONE', #8074, 1.000000000000067724 ) ;
#354 = AXIS2_PLACEMENT_3D ( 'NONE', #7200, #5600, #7995 ) ;
#355 = DIRECTION ( 'NONE',  ( 0.000000000000000000, 0.000000000000000000, -1.000000000000000000 ) ) ;
#356 = DIRECTION ( 'NONE',  ( 0.000000000000000000, -1.000000000000000000, 2.602085213965209163E-16 ) ) ;
#357 = FACE_OUTER_BOUND ( 'NONE', #4724, .T. ) ;
#358 = LINE ( 'NONE', #2777, #8938 ) ;
#359 = AXIS2_PLACEMENT_3D ( 'NONE', #8028, #5923, #4371 ) ;
#360 = CARTESIAN_POINT ( 'NONE',  ( 680.4332340702817419, 874.0599397831133501, 1378.036138562651558 ) ) ;
#361 = VERTEX_POINT ( 'NONE', #5590 ) ;
#362 = ORIENTED_EDGE ( 'NONE', *, *, #4437, .T. ) ;
#363 = ORIENTED_EDGE ( 'NONE', *, *, #995, .T. ) ;
#364 = EDGE_CURVE ( 'NONE', #4721, #2059, #9201, .T. ) ;
#365 = VECTOR ( 'NONE', #6875, 1000.000000000000000 ) ;
#366 = CARTESIAN_POINT ( 'NONE',  ( 678.0503988948173628, 888.9481165441617350, 1288.224160490111444 ) ) ;
#367 = DIRECTION ( 'NONE',  ( -1.000000000000000000, 0.000000000000000000, -0.000000000000000000 ) ) ;
#368 = CARTESIAN_POINT ( 'NONE',  ( 634.0166881651225594, 921.7160609374711839, 1377.897253525959286 ) ) ;
#369 = ORIENTED_EDGE ( 'NONE', *, *, #5959, .F. ) ;
#370 = CARTESIAN_POINT ( 'NONE',  ( 654.6568043162733375, 874.0684505589325681, 1378.982192742151710 ) ) ;
#371 = CARTESIAN_POINT ( 'NONE',  ( 635.6160958296067065, 919.9481165441651456, 1394.724160490111444 ) ) ;
#372 = CARTESIAN_POINT ( 'NONE',  ( 700.3080315931699715, 900.9481165441651456, 1399.724160490111444 ) ) ;
#373 = ORIENTED_EDGE ( 'NONE', *, *, #6628, .T. ) ;
#374 = VERTEX_POINT ( 'NONE', #7687 ) ;
#375 = VERTEX_POINT ( 'NONE', #7835 ) ;
#376 = CARTESIAN_POINT ( 'NONE',  ( 679.1726975811740203, 941.1850521213523280, 1378.224160490112126 ) ) ;
#377 = PLANE ( 'NONE',  #8888 ) ;
#378 = EDGE_CURVE ( 'NONE', #7078, #6346, #3146, .T. ) ;
#379 = CYLINDRICAL_SURFACE ( 'NONE', #6543, 1.600000000000045830 ) ;
#380 = EDGE_CURVE ( 'NONE', #3995, #8050, #977, .T. ) ;
#381 = CARTESIAN_POINT ( 'NONE',  ( 638.3003988948139522, 907.9481165441582107, 1400.724160490111217 ) ) ;
#382 = VERTEX_POINT ( 'NONE', #1785 ) ;
#383 = LINE ( 'NONE', #182, #2912 ) ;
#384 = VECTOR ( 'NONE', #5351, 1000.000000000000000 ) ;
#385 = VECTOR ( 'NONE', #7016, 1000.000000000000000 ) ;
#386 = ORIENTED_EDGE ( 'NONE', *, *, #5613, .F. ) ;
#387 = LINE ( 'NONE', #7399, #7027 ) ;
#388 = ORIENTED_EDGE ( 'NONE', *, *, #2602, .F. ) ;
#389 = EDGE_CURVE ( 'NONE', #7551, #9089, #1583, .T. ) ;
#390 = ADVANCED_FACE ( 'NONE', ( #6182 ), #2498, .F. ) ;
#391 = CARTESIAN_POINT ( 'NONE',  ( 667.5503988948173628, 907.9481165441617350, 1379.224160490111444 ) ) ;
#392 = VECTOR ( 'NONE', #9440, 1000.000000000000000 ) ;
#393 = CARTESIAN_POINT ( 'NONE',  ( 677.5503988948141796, 878.0138134789452806, 1400.724160490111217 ) ) ;
#394 = ADVANCED_FACE ( 'NONE', ( #9253 ), #8496, .T. ) ;
#395 = DIRECTION ( 'NONE',  ( 0.000000000000000000, 0.000000000000000000, 1.000000000000000000 ) ) ;
#396 = CARTESIAN_POINT ( 'NONE',  ( 679.0503988948173628, 924.9481165441617350, 1377.224160490111444 ) ) ;
#397 = ORIENTED_EDGE ( 'NONE', *, *, #8402, .T. ) ;
#398 = VECTOR ( 'NONE', #1956, 1000.000000000000000 ) ;
#399 = ADVANCED_FACE ( 'NONE', ( #5436 ), #172, .F. ) ;
#400 = DIRECTION ( 'NONE',  ( 0.9281954438825664733, 0.3720930232558056217, 0.000000000000000000 ) ) ;
#401 = CIRCLE ( 'NONE', #5993, 1.600000000000045830 ) ;
#402 = ORIENTED_EDGE ( 'NONE', *, *, #8034, .T. ) ;
#403 = CARTESIAN_POINT ( 'NONE',  ( 650.5503988948173628, 919.4481165441617350, 1377.224160490111444 ) ) ;
#404 = DIRECTION ( 'NONE',  ( -1.000000000000000000, 1.193489751472043754E-14, 0.000000000000000000 ) ) ;
#405 = EDGE_CURVE ( 'NONE', #837, #5438, #8602, .T. ) ;
#406 = ORIENTED_EDGE ( 'NONE', *, *, #6577, .T. ) ;
#407 = DIRECTION ( 'NONE',  ( 0.000000000000000000, -1.000000000000000000, 0.000000000000000000 ) ) ;
#408 = CARTESIAN_POINT ( 'NONE',  ( 637.3309001360936463, 896.9949509861997967, 1388.224160490111444 ) ) ;
#409 = CARTESIAN_POINT ( 'NONE',  ( 677.2503988948172946, 888.9481165441617350, 1292.224160490111444 ) ) ;
#410 = AXIS2_PLACEMENT_3D ( 'NONE', #9826, #5160, #2971 ) ;
#411 = LINE ( 'NONE', #8068, #3808 ) ;
#412 = DIRECTION ( 'NONE',  ( 0.000000000000000000, 0.000000000000000000, 1.000000000000000000 ) ) ;
#413 = ORIENTED_EDGE ( 'NONE', *, *, #8107, .F. ) ;
#414 = ADVANCED_FACE ( 'NONE', ( #3198 ), #6236, .F. ) ;
#415 = VERTEX_POINT ( 'NONE', #2343 ) ;
#416 = ORIENTED_EDGE ( 'NONE', *, *, #678, .T. ) ;
#417 = VECTOR ( 'NONE', #1329, 1000.000000000000000 ) ;
#418 = CARTESIAN_POINT ( 'NONE',  ( 669.0503988948173628, 888.9481165441617350, 1288.224160490111444 ) ) ;
#419 = CARTESIAN_POINT ( 'NONE',  ( 654.2252445697882877, 874.2341834233610598, 1378.251196439639443 ) ) ;
#420 = LINE ( 'NONE', #4981, #6275 ) ;
#421 = ORIENTED_EDGE ( 'NONE', *, *, #8092, .F. ) ;
#422 = CARTESIAN_POINT ( 'NONE',  ( 669.0503988948173628, 888.9481165441617350, 1292.224160490111444 ) ) ;
#423 = FACE_OUTER_BOUND ( 'NONE', #7470, .T. ) ;
#424 = CARTESIAN_POINT ( 'NONE',  ( 680.0503988948173628, 880.9013780744462565, 1377.224160490111444 ) ) ;
#425 = ORIENTED_EDGE ( 'NONE', *, *, #5343, .F. ) ;
#426 = VERTEX_POINT ( 'NONE', #5540 ) ;
#427 = ORIENTED_EDGE ( 'NONE', *, *, #1120, .T. ) ;
#428 = DIRECTION ( 'NONE',  ( 0.000000000000000000, 1.000000000000000000, 0.000000000000000000 ) ) ;
#429 = CARTESIAN_POINT ( 'NONE',  ( 678.0503988948173628, 888.9481165441617350, 1290.824160490111353 ) ) ;
#430 = CARTESIAN_POINT ( 'NONE',  ( 687.5636023304106175, 886.7349131085616136, 1380.724160490111217 ) ) ;
#431 = EDGE_LOOP ( 'NONE', ( #6219, #7458, #9531, #7558 ) ) ;
#432 = DIRECTION ( 'NONE',  ( 0.000000000000000000, -1.000000000000000000, -8.673617379884035472E-17 ) ) ;
#433 = ORIENTED_EDGE ( 'NONE', *, *, #8037, .T. ) ;
#434 = LINE ( 'NONE', #1294, #3991 ) ;
#435 =( BOUNDED_SURFACE ( )  B_SPLINE_SURFACE ( 3, 2, ( 
 ( #4101, #1050, #9801 ),
 ( #7155, #5987, #299 ),
 ( #3417, #2670, #5705 ),
 ( #3371, #8774, #4958 ),
 ( #8006, #7397, #527 ),
 ( #3594, #724, #67 ),
 ( #3052, #3095, #5328 ),
 ( #876, #8345, #1484 ),
 ( #9904, #8299, #7585 ),
 ( #7636, #8394, #3787 ) ),
 .UNSPECIFIED., .F., .F., .F. ) 
 B_SPLINE_SURFACE_WITH_KNOTS ( ( 4, 2, 2, 2, 4 ),
 ( 3, 3 ),
 ( 1.570796326794890119, 2.058811144100175294, 2.546825961405460692, 3.034840778710746090, 3.522855596016031487 ),
 ( 0.000000000000000000, 1.000000000000000000 ),
 .UNSPECIFIED. ) 
 GEOMETRIC_REPRESENTATION_ITEM ( )  RATIONAL_B_SPLINE_SURFACE ( (
 ( 1.000000000000000000, 0.7071067811865475727, 1.000000000000000000),
 ( 1.000000000000000000, 0.7215803408557461829, 1.000000000000000000),
 ( 1.000000000000000000, 0.7355420884665703207, 1.000000000000000000),
 ( 1.000000000000000000, 0.7596996968894235147, 1.000000000000000000),
 ( 1.000000000000000000, 0.7698773865473896860, 1.000000000000000000),
 ( 1.000000000000000000, 0.7846180608899918640, 1.000000000000000000),
 ( 1.000000000000000000, 0.7891811224427147664, 1.000000000000000000),
 ( 1.000000000000000000, 0.7919370015653526274, 1.000000000000000000),
 ( 1.000000000000000000, 0.7901463764914300469, 1.000000000000000000),
 ( 1.000000000000000000, 0.7852855583897422331, 1.000000000000000000) ) ) 
 REPRESENTATION_ITEM ( '' )  SURFACE ( )  );
#436 = ORIENTED_EDGE ( 'NONE', *, *, #3944, .T. ) ;
#437 = LINE ( 'NONE', #4097, #9667 ) ;
#438 = TOROIDAL_SURFACE ( 'NONE', #5387, 2.000000000000000000, 1.000000000000000000 ) ;
#439 = CARTESIAN_POINT ( 'NONE',  ( 680.0503988948173628, 924.9481165441617350, 1281.724160490111444 ) ) ;
#440 = DIRECTION ( 'NONE',  ( -0.000000000000000000, -0.000000000000000000, 1.000000000000000000 ) ) ;
#441 = EDGE_CURVE ( 'NONE', #9296, #9625, #4928, .T. ) ;
#442 = ORIENTED_EDGE ( 'NONE', *, *, #200, .T. ) ;
#443 = DIRECTION ( 'NONE',  ( 1.734723475976807341E-16, 0.000000000000000000, 1.000000000000000000 ) ) ;
#444 = AXIS2_PLACEMENT_3D ( 'NONE', #422, #8231, #2128 ) ;
#445 = ORIENTED_EDGE ( 'NONE', *, *, #7902, .T. ) ;
#446 = CARTESIAN_POINT ( 'NONE',  ( 633.6480413900361555, 920.7819354832693080, 1378.972511172312124 ) ) ;
#447 = AXIS2_PLACEMENT_3D ( 'NONE', #4453, #5253, #9865 ) ;
#448 = CARTESIAN_POINT ( 'NONE',  ( 652.5503988948173628, 888.9481165441617350, 1289.224160490111444 ) ) ;
#449 = ADVANCED_FACE ( 'NONE', ( #8548 ), #1687, .F. ) ;
#450 = VECTOR ( 'NONE', #125, 1000.000000000000000 ) ;
#451 = AXIS2_PLACEMENT_3D ( 'NONE', #1807, #7809, #1102 ) ;
#452 = EDGE_LOOP ( 'NONE', ( #8106, #4933, #5966, #5202 ) ) ;
#453 = CARTESIAN_POINT ( 'NONE',  ( 669.5503988948173628, 935.9481165441617350, 1285.224160490111672 ) ) ;
#454 = EDGE_CURVE ( 'NONE', #3351, #3401, #4445, .T. ) ;
#455 = CARTESIAN_POINT ( 'NONE',  ( 701.6002722572046650, 920.4207512024108837, 1377.641138500300031 ) ) ;
#456 = AXIS2_PLACEMENT_3D ( 'NONE', #3615, #8116, #5910 ) ;
#457 = PRESENTATION_STYLE_ASSIGNMENT (( #8787 ) ) ;
#458 = ADVANCED_FACE ( 'NONE', ( #322 ), #7289, .F. ) ;
#459 = CARTESIAN_POINT ( 'NONE',  ( 674.5503988948194092, 939.7057492425150258, 1400.724160490111217 ) ) ;
#460 = DIRECTION ( 'NONE',  ( 0.000000000000000000, 0.000000000000000000, 1.000000000000000000 ) ) ;
#461 = ORIENTED_EDGE ( 'NONE', *, *, #4428, .F. ) ;
#462 = ORIENTED_EDGE ( 'NONE', *, *, #6214, .F. ) ;
#463 = ORIENTED_EDGE ( 'NONE', *, *, #195, .F. ) ;
#464 = AXIS2_PLACEMENT_3D ( 'NONE', #9102, #6883, #6925 ) ;
#465 = DIRECTION ( 'NONE',  ( -0.000000000000000000, -0.000000000000000000, -1.000000000000000000 ) ) ;
#466 = CARTESIAN_POINT ( 'NONE',  ( 667.5503988948163396, 907.9481165441617350, 1394.724160490111444 ) ) ;
#467 = VECTOR ( 'NONE', #6133, 1000.000000000000000 ) ;
#468 = CARTESIAN_POINT ( 'NONE',  ( 638.5650838393994491, 926.1940479026366120, 1388.716960580079558 ) ) ;
#469 = VERTEX_POINT ( 'NONE', #424 ) ;
#470 = DIRECTION ( 'NONE',  ( -4.315292527379336324E-16, 1.000000000000000000, 1.661387623040720367E-15 ) ) ;
#471 = CARTESIAN_POINT ( 'NONE',  ( 638.0568679441543054, 891.0147026524407465, 1388.224160490111899 ) ) ;
#472 = DIRECTION ( 'NONE',  ( 1.000000000000000000, 0.000000000000000000, 0.000000000000000000 ) ) ;
#473 = ORIENTED_EDGE ( 'NONE', *, *, #115, .F. ) ;
#474 = ORIENTED_EDGE ( 'NONE', *, *, #58, .T. ) ;
#475 = EDGE_LOOP ( 'NONE', ( #2760, #8000, #9447 ) ) ;
#476 = DIRECTION ( 'NONE',  ( -1.000000000000000000, 0.000000000000000000, 0.000000000000000000 ) ) ;
#477 = CARTESIAN_POINT ( 'NONE',  ( 700.3080315931636051, 907.9481165441579833, 1394.724160490111444 ) ) ;
#478 = DIRECTION ( 'NONE',  ( 1.000000000000000000, 0.000000000000000000, 0.000000000000000000 ) ) ;
#479 = ORIENTED_EDGE ( 'NONE', *, *, #9073, .T. ) ;
#480 = CARTESIAN_POINT ( 'NONE',  ( 655.0503988948174765, 940.5105565633002698, 1378.224160490111444 ) ) ;
#481 = ORIENTED_EDGE ( 'NONE', *, *, #2576, .T. ) ;
#482 = CARTESIAN_POINT ( 'NONE',  ( 703.8003988948173628, 924.9481165441617350, 1292.724160490111444 ) ) ;
#483 = ORIENTED_EDGE ( 'NONE', *, *, #380, .F. ) ;
#484 = CARTESIAN_POINT ( 'NONE',  ( 646.3371954592175825, 886.7349131085609315, 1388.224160490111444 ) ) ;
#485 = CARTESIAN_POINT ( 'NONE',  ( 667.5503988948163396, 907.9481165441617350, 1394.724160490111444 ) ) ;
#486 = CARTESIAN_POINT ( 'NONE',  ( 679.4487520130855955, 873.7064370443139296, 1377.766564080792023 ) ) ;
#487 = ORIENTED_EDGE ( 'NONE', *, *, #926, .F. ) ;
#488 =( BOUNDED_CURVE ( )  B_SPLINE_CURVE ( 3, ( #1343, #5193, #5010, #7404 ),
 .UNSPECIFIED., .F., .T. ) 
 B_SPLINE_CURVE_WITH_KNOTS ( ( 4, 4 ),
 ( 2.579771943128732037, 2.760329711163556521 ),
 .UNSPECIFIED. ) 
 CURVE ( )  GEOMETRIC_REPRESENTATION_ITEM ( )  RATIONAL_B_SPLINE_CURVE ( ( 1.000000000000000000, 0.9972850857271220448, 0.9972850857271220448, 1.000000000000000000 ) ) 
 REPRESENTATION_ITEM ( '' )  );
#489 = CARTESIAN_POINT ( 'NONE',  ( 637.8541301785808173, 918.4078856874601797, 1388.224160490111672 ) ) ;
#490 = VERTEX_POINT ( 'NONE', #8896 ) ;
#491 = DIRECTION ( 'NONE',  ( 1.000000000000000000, 0.000000000000000000, 0.000000000000000000 ) ) ;
#492 = LINE ( 'NONE', #8009, #9097 ) ;
#493 = ADVANCED_FACE ( 'NONE', ( #7189 ), #2645, .F. ) ;
#494 = AXIS2_PLACEMENT_3D ( 'NONE', #7599, #6052, #5950 ) ;
#495 = CARTESIAN_POINT ( 'NONE',  ( 700.8717509082036941, 919.4481165441617350, 1378.224160490111444 ) ) ;
#496 = DIRECTION ( 'NONE',  ( 0.000000000000000000, 0.000000000000000000, 1.000000000000000000 ) ) ;
#497 = CARTESIAN_POINT ( 'NONE',  ( 671.1501303467888420, 936.4478300929038141, 1285.453332187310934 ) ) ;
#498 = AXIS2_PLACEMENT_3D ( 'NONE', #3948, #4358, #6998 ) ;
#499 = SURFACE_STYLE_FILL_AREA ( #7272 ) ;
#500 = ADVANCED_FACE ( 'NONE', ( #7134 ), #599, .T. ) ;
#501 = DIRECTION ( 'NONE',  ( -1.000000000000000000, -0.000000000000000000, -0.000000000000000000 ) ) ;
#502 = LINE ( 'NONE', #8884, #9889 ) ;
#503 = DIRECTION ( 'NONE',  ( 0.000000000000000000, -1.000000000000000000, 0.000000000000000000 ) ) ;
#504 = EDGE_CURVE ( 'NONE', #9202, #3700, #933, .T. ) ;
#505 = ORIENTED_EDGE ( 'NONE', *, *, #3041, .T. ) ;
#506 = ORIENTED_EDGE ( 'NONE', *, *, #3633, .F. ) ;
#507 = AXIS2_PLACEMENT_3D ( 'NONE', #4799, #6295, #6404 ) ;
#508 = VERTEX_POINT ( 'NONE', #5826 ) ;
#509 = EDGE_CURVE ( 'NONE', #361, #5978, #7332, .T. ) ;
#510 = CARTESIAN_POINT ( 'NONE',  ( 657.5503988948141796, 878.6981165441579833, 1397.724160490111217 ) ) ;
#511 = CARTESIAN_POINT ( 'NONE',  ( 653.9261061630348877, 874.3546712286998854, 1379.224160483157902 ) ) ;
#512 = CIRCLE ( 'NONE', #8845, 1.000000000000000888 ) ;
#513 = DIRECTION ( 'NONE',  ( 1.000000000000000000, -1.921270678177309696E-15, 0.000000000000000000 ) ) ;
#514 = EDGE_LOOP ( 'NONE', ( #7614, #386, #3083, #3683, #5967 ) ) ;
#515 = CARTESIAN_POINT ( 'NONE',  ( 654.9851207007081939, 873.9453640704027748, 1378.765393450159991 ) ) ;
#516 = CARTESIAN_POINT ( 'NONE',  ( 738.3003988948194092, 906.3481165441647818, 1397.724160490111217 ) ) ;
#517 = DIRECTION ( 'NONE',  ( -4.042157604976727648E-15, 1.000000000000000000, 0.000000000000000000 ) ) ;
#518 = EDGE_CURVE ( 'NONE', #3935, #9494, #3346, .T. ) ;
#519 = ORIENTED_EDGE ( 'NONE', *, *, #4745, .T. ) ;
#520 = EDGE_LOOP ( 'NONE', ( #2443, #8580, #8234 ) ) ;
#521 = ORIENTED_EDGE ( 'NONE', *, *, #6196, .T. ) ;
#522 = FACE_OUTER_BOUND ( 'NONE', #7089, .T. ) ;
#523 = EDGE_CURVE ( 'NONE', #6853, #3528, #2288, .T. ) ;
#524 = CARTESIAN_POINT ( 'NONE',  ( 638.3003988948192955, 918.0268046107948976, 1388.560533465116805 ) ) ;
#525 = EDGE_LOOP ( 'NONE', ( #2783, #907, #8125, #8754, #2485 ) ) ;
#526 = DIRECTION ( 'NONE',  ( 1.000000000000000000, 0.000000000000000000, 0.000000000000000000 ) ) ;
#527 = CARTESIAN_POINT ( 'NONE',  ( 698.9589656319134292, 918.5580105062978191, 1389.374728480527438 ) ) ;
#528 = VERTEX_POINT ( 'NONE', #6438 ) ;
#529 = DIRECTION ( 'NONE',  ( 0.000000000000000000, 0.000000000000000000, 1.000000000000000000 ) ) ;
#530 = ORIENTED_EDGE ( 'NONE', *, *, #2604, .T. ) ;
#531 = CARTESIAN_POINT ( 'NONE',  ( 655.5503988948173628, 920.4481165441617350, 1388.224160490111444 ) ) ;
#532 = EDGE_CURVE ( 'NONE', #9556, #7827, #4587, .T. ) ;
#533 = DIRECTION ( 'NONE',  ( -1.000000000000000000, 0.000000000000000000, -0.000000000000000000 ) ) ;
#534 = AXIS2_PLACEMENT_3D ( 'NONE', #9124, #8363, #3065 ) ;
#535 = AXIS2_PLACEMENT_3D ( 'NONE', #201, #1707, #3270 ) ;
#536 = DIRECTION ( 'NONE',  ( 0.000000000000000000, -0.000000000000000000, 1.000000000000000000 ) ) ;
#537 = ORIENTED_EDGE ( 'NONE', *, *, #5386, .F. ) ;
#538 = DIRECTION ( 'NONE',  ( 1.000000000000000000, 0.000000000000000000, 0.000000000000000000 ) ) ;
#539 = EDGE_LOOP ( 'NONE', ( #2586, #3073, #1787, #3660, #6880, #6882 ) ) ;
#540 = CARTESIAN_POINT ( 'NONE',  ( 633.5070869045571271, 920.4443678042863439, 1377.585628425814548 ) ) ;
#541 = DIRECTION ( 'NONE',  ( -0.3262411347517739646, -0.9452865819400353420, -0.000000000000000000 ) ) ;
#542 = VECTOR ( 'NONE', #4581, 1000.000000000000000 ) ;
#543 = EDGE_CURVE ( 'NONE', #1593, #4629, #7934, .T. ) ;
#544 = DIRECTION ( 'NONE',  ( 3.330669073875467649E-15, -1.000000000000000000, -9.011550524554839257E-16 ) ) ;
#545 = DIRECTION ( 'NONE',  ( 0.000000000000000000, 0.000000000000000000, 1.000000000000000000 ) ) ;
#546 = CARTESIAN_POINT ( 'NONE',  ( 678.0503988948173628, 888.9481165441617350, 1292.224160490111444 ) ) ;
#547 = EDGE_CURVE ( 'NONE', #7390, #5392, #3499, .T. ) ;
#548 = AXIS2_PLACEMENT_3D ( 'NONE', #1135, #1320, #1840 ) ;
#549 = CARTESIAN_POINT ( 'NONE',  ( 654.0503988948173628, 920.4481165441617350, 1377.224160490111444 ) ) ;
#550 = CYLINDRICAL_SURFACE ( 'NONE', #7718, 1.000000000000000888 ) ;
#551 = FACE_OUTER_BOUND ( 'NONE', #4911, .T. ) ;
#552 = CARTESIAN_POINT ( 'NONE',  ( 689.9636023304158243, 929.1613199797623110, 1380.724160490111217 ) ) ;
#553 = ORIENTED_EDGE ( 'NONE', *, *, #2550, .T. ) ;
#554 = ORIENTED_EDGE ( 'NONE', *, *, #3707, .F. ) ;
#555 = AXIS2_PLACEMENT_3D ( 'NONE', #7403, #5145, #2141 ) ;
#556 = ORIENTED_EDGE ( 'NONE', *, *, #7370, .T. ) ;
#557 = CARTESIAN_POINT ( 'NONE',  ( 667.5503988948173628, 907.9481165441617350, 1292.724160490111444 ) ) ;
#558 = EDGE_CURVE ( 'NONE', #1254, #3627, #8752, .T. ) ;
#559 = CIRCLE ( 'NONE', #2981, 36.25000000000000711 ) ;
#560 = CARTESIAN_POINT ( 'NONE',  ( 683.5503988948173628, 888.9481165441617350, 1289.224160490111672 ) ) ;
#561 = CARTESIAN_POINT ( 'NONE',  ( 654.9969049164012631, 873.9410136154034490, 1378.755808341790726 ) ) ;
#562 = CARTESIAN_POINT ( 'NONE',  ( 696.8003988948141796, 897.9481165441579833, 1394.724160490111444 ) ) ;
#563 = ORIENTED_EDGE ( 'NONE', *, *, #806, .F. ) ;
#564 = CIRCLE ( 'NONE', #4241, 1.000000000000000888 ) ;
#565 = CARTESIAN_POINT ( 'NONE',  ( 680.3685807129992327, 881.6328997535111966, 1378.224160490111444 ) ) ;
#566 = EDGE_CURVE ( 'NONE', #3553, #5310, #4938, .T. ) ;
#567 = DIRECTION ( 'NONE',  ( -1.000000000000000000, 0.000000000000000000, 0.000000000000000000 ) ) ;
#568 = ORIENTED_EDGE ( 'NONE', *, *, #6780, .F. ) ;
#569 = VERTEX_POINT ( 'NONE', #274 ) ;
#570 = AXIS2_PLACEMENT_3D ( 'NONE', #7847, #3108, #7098 ) ;
#571 = VERTEX_POINT ( 'NONE', #6392 ) ;
#572 = CARTESIAN_POINT ( 'NONE',  ( 697.6774881718228016, 891.5284323175698091, 1388.200158026371128 ) ) ;
#573 = EDGE_CURVE ( 'NONE', #2164, #8342, #7238, .T. ) ;
#574 = DIRECTION ( 'NONE',  ( -0.000000000000000000, 0.000000000000000000, 1.000000000000000000 ) ) ;
#575 = DIRECTION ( 'NONE',  ( -0.9678837029207192355, -2.779198193683014278E-15, 0.2513983643949918578 ) ) ;
#576 = ORIENTED_EDGE ( 'NONE', *, *, #1633, .F. ) ;
#577 = CARTESIAN_POINT ( 'NONE',  ( 634.7927661964636172, 907.9481165441575286, 1396.124160490111308 ) ) ;
#578 = CARTESIAN_POINT ( 'NONE',  ( 673.5503988948173628, 888.9481165441617350, 1377.224160490111444 ) ) ;
#579 = EDGE_CURVE ( 'NONE', #4574, #9117, #8289, .T. ) ;
#580 = DIRECTION ( 'NONE',  ( -0.000000000000000000, -0.000000000000000000, -1.000000000000000000 ) ) ;
#581 = VERTEX_POINT ( 'NONE', #1942 ) ;
#582 = CARTESIAN_POINT ( 'NONE',  ( 638.3003988948141796, 900.9481165441580970, 1397.724160490111217 ) ) ;
#583 = LINE ( 'NONE', #2720, #6048 ) ;
#584 = AXIS2_PLACEMENT_3D ( 'NONE', #3425, #8014, #8065 ) ;
#585 = DIRECTION ( 'NONE',  ( 0.000000000000000000, 0.000000000000000000, -1.000000000000000000 ) ) ;
#586 = VERTEX_POINT ( 'NONE', #98 ) ;
#587 = ORIENTED_EDGE ( 'NONE', *, *, #7857, .F. ) ;
#588 = CARTESIAN_POINT ( 'NONE',  ( 699.3080315931698578, 916.9481165441651456, 1397.724160490111217 ) ) ;
#589 = ORIENTED_EDGE ( 'NONE', *, *, #4551, .F. ) ;
#590 = DIRECTION ( 'NONE',  ( 1.000000000000000000, -1.893515102561680783E-15, 0.000000000000000000 ) ) ;
#591 = DIRECTION ( 'NONE',  ( -0.000000000000000000, -0.000000000000000000, -1.000000000000000000 ) ) ;
#592 = AXIS2_PLACEMENT_3D ( 'NONE', #4115, #2633, #162 ) ;
#593 = DIRECTION ( 'NONE',  ( -1.000000000000000000, -0.000000000000000000, -0.000000000000000000 ) ) ;
#594 = DIRECTION ( 'NONE',  ( 1.000000000000000000, 0.000000000000000000, 0.000000000000000000 ) ) ;
#595 = DIRECTION ( 'NONE',  ( -0.000000000000000000, 0.000000000000000000, 1.000000000000000000 ) ) ;
#596 = CIRCLE ( 'NONE', #4596, 9.000000000000007105 ) ;
#597 = CARTESIAN_POINT ( 'NONE',  ( 637.5956356288289726, 923.6415216058009037, 1388.224160490111899 ) ) ;
#598 = CYLINDRICAL_SURFACE ( 'NONE', #3927, 0.9999999999998898659 ) ;
#599 = TOROIDAL_SURFACE ( 'NONE', #5728, 2.000000000000000000, 1.000000000000000000 ) ;
#600 = CIRCLE ( 'NONE', #3832, 1.600000000000045830 ) ;
#601 = LINE ( 'NONE', #9034, #5866 ) ;
#602 = ORIENTED_EDGE ( 'NONE', *, *, #3323, .T. ) ;
#603 = ORIENTED_EDGE ( 'NONE', *, *, #2980, .T. ) ;
#604 = TOROIDAL_SURFACE ( 'NONE', #6687, 9.000000000000001776, 1.000000000000000000 ) ;
#605 = ORIENTED_EDGE ( 'NONE', *, *, #8525, .F. ) ;
#606 = DIRECTION ( 'NONE',  ( -0.000000000000000000, 0.000000000000000000, -1.000000000000000000 ) ) ;
#607 = VECTOR ( 'NONE', #4150, 1000.000000000000000 ) ;
#608 = PLANE ( 'NONE',  #5565 ) ;
#609 = CARTESIAN_POINT ( 'NONE',  ( 657.5503988948141796, 878.6981165441579833, 1400.724160490111217 ) ) ;
#610 = LINE ( 'NONE', #707, #365 ) ;
#611 = ORIENTED_EDGE ( 'NONE', *, *, #4561, .T. ) ;
#612 = DIRECTION ( 'NONE',  ( -1.000000000000000000, -3.358424649491096563E-15, 0.000000000000000000 ) ) ;
#613 = CARTESIAN_POINT ( 'NONE',  ( 637.6160958296067065, 918.9481165441651456, 1389.183265665989666 ) ) ;
#614 = EDGE_LOOP ( 'NONE', ( #7689, #635, #5707, #9519, #5948, #6676 ) ) ;
#615 = EDGE_CURVE ( 'NONE', #4320, #6040, #9829, .T. ) ;
#616 = ORIENTED_EDGE ( 'NONE', *, *, #5576, .F. ) ;
#617 = AXIS2_PLACEMENT_3D ( 'NONE', #1022, #3240, #6282 ) ;
#618 = ORIENTED_EDGE ( 'NONE', *, *, #3323, .F. ) ;
#619 = DIRECTION ( 'NONE',  ( -1.000000000000000000, 0.000000000000000000, 0.000000000000000000 ) ) ;
#620 = CARTESIAN_POINT ( 'NONE',  ( 632.3003988948173628, 907.9481165441617350, 1379.224160490111444 ) ) ;
#621 = LINE ( 'NONE', #6033, #9900 ) ;
#622 = CARTESIAN_POINT ( 'NONE',  ( 703.8003988948164533, 907.9481165441579833, 1394.724160490111444 ) ) ;
#623 = ORIENTED_EDGE ( 'NONE', *, *, #8157, .T. ) ;
#624 = CARTESIAN_POINT ( 'NONE',  ( 637.6160958296015906, 897.9481165441580970, 1389.183265665989666 ) ) ;
#625 = CARTESIAN_POINT ( 'NONE',  ( 636.0452839094655246, 918.6665602981701113, 1388.558086782754117 ) ) ;
#626 = ADVANCED_FACE ( 'NONE', ( #745 ), #5409, .F. ) ;
#627 = ADVANCED_FACE ( 'NONE', ( #4657 ), #43, .F. ) ;
#628 = LINE ( 'NONE', #9855, #3517 ) ;
#629 = ADVANCED_FACE ( 'NONE', ( #3582 ), #3120, .F. ) ;
#630 = ORIENTED_EDGE ( 'NONE', *, *, #1431, .F. ) ;
#631 = DIRECTION ( 'NONE',  ( 0.000000000000000000, -1.000000000000000000, 0.000000000000000000 ) ) ;
#632 = EDGE_CURVE ( 'NONE', #9716, #9132, #4507, .T. ) ;
#633 = LINE ( 'NONE', #6941, #7171 ) ;
#634 = DIRECTION ( 'NONE',  ( -1.000000000000000000, 0.000000000000000000, 0.000000000000000000 ) ) ;
#635 = ORIENTED_EDGE ( 'NONE', *, *, #9471, .T. ) ;
#636 = EDGE_LOOP ( 'NONE', ( #1171, #5761, #1182, #7739, #4318, #786 ) ) ;
#637 = CARTESIAN_POINT ( 'NONE',  ( 679.5503988948192955, 937.8824196093778482, 1388.224160490111444 ) ) ;
#638 = DIRECTION ( 'NONE',  ( -3.580469254416132998E-15, -1.000000000000000000, 0.000000000000000000 ) ) ;
#639 = CARTESIAN_POINT ( 'NONE',  ( 688.7636023304106629, 886.7349131085616136, 1380.724160490111217 ) ) ;
#640 = ORIENTED_EDGE ( 'NONE', *, *, #2063, .T. ) ;
#641 = CYLINDRICAL_SURFACE ( 'NONE', #6775, 2.499999999999946709 ) ;
#642 = CARTESIAN_POINT ( 'NONE',  ( 651.5503988948173628, 888.9481165441617350, 1377.224160490111444 ) ) ;
#643 = EDGE_CURVE ( 'NONE', #1846, #6558, #1503, .T. ) ;
#644 = DIRECTION ( 'NONE',  ( -2.891205793294675368E-16, -0.000000000000000000, 1.000000000000000000 ) ) ;
#645 = CARTESIAN_POINT ( 'NONE',  ( 676.5503988948191818, 940.7057492425151395, 1394.724160490111444 ) ) ;
#646 = DIRECTION ( 'NONE',  ( 1.000000000000000000, -1.006139616066541804E-15, 0.000000000000000000 ) ) ;
#647 = LINE ( 'NONE', #1415, #4113 ) ;
#648 = ORIENTED_EDGE ( 'NONE', *, *, #9752, .T. ) ;
#649 = ORIENTED_EDGE ( 'NONE', *, *, #6571, .T. ) ;
#650 = VECTOR ( 'NONE', #644, 1000.000000000000000 ) ;
#651 = VERTEX_POINT ( 'NONE', #9128 ) ;
#652 = CARTESIAN_POINT ( 'NONE',  ( 637.3309001360936463, 893.5441081174865303, 1388.224160490111444 ) ) ;
#653 = VECTOR ( 'NONE', #9916, 1000.000000000000000 ) ;
#654 = DIRECTION ( 'NONE',  ( 0.000000000000000000, -0.000000000000000000, 1.000000000000000000 ) ) ;
#655 = CARTESIAN_POINT ( 'NONE',  ( 677.5503988948192955, 939.7057492425150258, 1400.724160490111217 ) ) ;
#656 = CARTESIAN_POINT ( 'NONE',  ( 679.0503988948173628, 924.9481165441617350, 1378.224160490111444 ) ) ;
#657 = ORIENTED_EDGE ( 'NONE', *, *, #2576, .F. ) ;
#658 = AXIS2_PLACEMENT_3D ( 'NONE', #3195, #4834, #7931 ) ;
#659 = CARTESIAN_POINT ( 'NONE',  ( 1218.017375139592332, 907.9481165441642361, 6.870336072533178573 ) ) ;
#660 = AXIS2_PLACEMENT_3D ( 'NONE', #1037, #6242, #235 ) ;
#661 = CARTESIAN_POINT ( 'NONE',  ( 680.2105689841436060, 873.9745177979509663, 1377.785562813503475 ) ) ;
#662 = VERTEX_POINT ( 'NONE', #5260 ) ;
#663 = VERTEX_POINT ( 'NONE', #8320 ) ;
#664 = ORIENTED_EDGE ( 'NONE', *, *, #6450, .F. ) ;
#665 = DIRECTION ( 'NONE',  ( 9.592309208190295504E-17, 1.000000000000000000, -0.000000000000000000 ) ) ;
#666 = CIRCLE ( 'NONE', #2281, 1.000000000000000888 ) ;
#667 = CARTESIAN_POINT ( 'NONE',  ( 667.5503988948167944, 907.9481165441650319, 1394.724160490111444 ) ) ;
#668 = CARTESIAN_POINT ( 'NONE',  ( 683.5503988948173628, 919.4481165441617350, 1281.724160490111444 ) ) ;
#669 = CYLINDRICAL_SURFACE ( 'NONE', #1808, 1.000000000000000888 ) ;
#670 = EDGE_LOOP ( 'NONE', ( #3074, #1495, #8607, #829 ) ) ;
#671 = CARTESIAN_POINT ( 'NONE',  ( 695.6894273792728427, 889.2349131085616136, 1339.722160490111492 ) ) ;
#672 = DIRECTION ( 'NONE',  ( -1.000000000000000000, -6.827871601444711935E-15, 0.000000000000000000 ) ) ;
#673 = CARTESIAN_POINT ( 'NONE',  ( 700.3080315931697442, 907.9481165441650319, 1399.324160490111353 ) ) ;
#674 = VECTOR ( 'NONE', #501, 1000.000000000000000 ) ;
#675 = VERTEX_POINT ( 'NONE', #9923 ) ;
#676 = ADVANCED_FACE ( 'NONE', ( #1509 ), #7709, .T. ) ;
#677 = LINE ( 'NONE', #9163, #75 ) ;
#678 = EDGE_CURVE ( 'NONE', #2165, #1606, #1462, .T. ) ;
#679 = LINE ( 'NONE', #9113, #3022 ) ;
#680 = CIRCLE ( 'NONE', #1190, 2.000000000000001776 ) ;
#681 = CARTESIAN_POINT ( 'NONE',  ( 657.5503988948173628, 920.4481165441617350, 1292.224160490111444 ) ) ;
#682 = ORIENTED_EDGE ( 'NONE', *, *, #9199, .T. ) ;
#683 = ORIENTED_EDGE ( 'NONE', *, *, #3219, .F. ) ;
#684 = DIRECTION ( 'NONE',  ( -1.000000000000000000, 0.000000000000000000, 0.000000000000000000 ) ) ;
#685 = ADVANCED_FACE ( 'NONE', ( #5080 ), #698, .T. ) ;
#686 = CARTESIAN_POINT ( 'NONE',  ( 654.0503988948173628, 880.9013780744462565, 1281.724160490111444 ) ) ;
#687 = EDGE_CURVE ( 'NONE', #7376, #469, #3172, .T. ) ;
#688 = CARTESIAN_POINT ( 'NONE',  ( 667.5283937854312626, 837.1981165441652593, 1397.724160490111217 ) ) ;
#689 = ADVANCED_FACE ( 'NONE', ( #3020 ), #8471, .F. ) ;
#690 = ORIENTED_EDGE ( 'NONE', *, *, #1179, .F. ) ;
#691 = VECTOR ( 'NONE', #145, 1000.000000000000000 ) ;
#692 = CARTESIAN_POINT ( 'NONE',  ( 117.0834226500410153, 907.9481165441591202, 6.870336072533178573 ) ) ;
#693 = CARTESIAN_POINT ( 'NONE',  ( 664.4503988948173401, 888.9481165441617350, 1288.224160490111444 ) ) ;
#694 = EDGE_CURVE ( 'NONE', #7714, #675, #8551, .T. ) ;
#695 = CYLINDRICAL_SURFACE ( 'NONE', #1486, 1.000000000000000888 ) ;
#696 = DIRECTION ( 'NONE',  ( 0.000000000000000000, -1.000000000000000000, 0.000000000000000000 ) ) ;
#697 = CIRCLE ( 'NONE', #2804, 1.000000000000000888 ) ;
#698 = CYLINDRICAL_SURFACE ( 'NONE', #4861, 1.000000000000000888 ) ;
#699 = ADVANCED_FACE ( 'NONE', ( #6960 ), #5308, .T. ) ;
#700 = DIRECTION ( 'NONE',  ( -1.000000000000000000, 6.661338147750933184E-13, 0.000000000000000000 ) ) ;
#701 = ORIENTED_EDGE ( 'NONE', *, *, #8661, .T. ) ;
#702 = ORIENTED_EDGE ( 'NONE', *, *, #2790, .F. ) ;
#703 = ORIENTED_EDGE ( 'NONE', *, *, #1166, .T. ) ;
#704 = CARTESIAN_POINT ( 'NONE',  ( 678.8503988948173173, 888.9481165441617350, 1292.224160490111444 ) ) ;
#705 = AXIS2_PLACEMENT_3D ( 'NONE', #4765, #5618, #305 ) ;
#706 = CARTESIAN_POINT ( 'NONE',  ( 654.0503988948173628, 875.3856765250230865, 1378.224160490111444 ) ) ;
#707 = CARTESIAN_POINT ( 'NONE',  ( 680.0503988948173628, 920.4481165441617350, 1377.224160490111444 ) ) ;
#708 = ORIENTED_EDGE ( 'NONE', *, *, #3820, .T. ) ;
#709 = DIRECTION ( 'NONE',  ( 1.921270678177309696E-15, 1.000000000000000000, -0.000000000000000000 ) ) ;
#710 = ADVANCED_FACE ( 'NONE', ( #8418 ), #7387, .F. ) ;
#711 = DIRECTION ( 'NONE',  ( -1.000000000000000000, -1.110223024625155531E-13, 0.000000000000000000 ) ) ;
#712 = CIRCLE ( 'NONE', #5190, 1.000000000000067724 ) ;
#713 = ORIENTED_EDGE ( 'NONE', *, *, #884, .T. ) ;
#714 = AXIS2_PLACEMENT_3D ( 'NONE', #2820, #1967, #5713 ) ;
#715 = ORIENTED_EDGE ( 'NONE', *, *, #8667, .T. ) ;
#716 = VERTEX_POINT ( 'NONE', #6909 ) ;
#717 = DIRECTION ( 'NONE',  ( 0.000000000000000000, 0.000000000000000000, 1.000000000000000000 ) ) ;
#718 = VECTOR ( 'NONE', #9348, 1000.000000000000000 ) ;
#719 = CYLINDRICAL_SURFACE ( 'NONE', #4142, 1.500000000000056843 ) ;
#720 = DIRECTION ( 'NONE',  ( -0.000000000000000000, -0.000000000000000000, -1.000000000000000000 ) ) ;
#721 = CARTESIAN_POINT ( 'NONE',  ( 668.3436016756992331, 936.0193590941050843, 1284.169847775187009 ) ) ;
#722 = ORIENTED_EDGE ( 'NONE', *, *, #9165, .T. ) ;
#723 = DIRECTION ( 'NONE',  ( 0.9678837029207072451, 0.000000000000000000, -0.2513983643950379321 ) ) ;
#724 = CARTESIAN_POINT ( 'NONE',  ( 699.3548186669991082, 919.1767046222453246, 1388.635828285804564 ) ) ;
#725 = AXIS2_PLACEMENT_3D ( 'NONE', #7554, #9863, #3061 ) ;
#726 = CARTESIAN_POINT ( 'NONE',  ( 667.5503988948173628, 877.9481165441617350, 1284.724160490111444 ) ) ;
#727 = ORIENTED_EDGE ( 'NONE', *, *, #816, .F. ) ;
#728 = DIRECTION ( 'NONE',  ( 0.000000000000000000, -1.000000000000000000, 0.000000000000000000 ) ) ;
#729 = CYLINDRICAL_SURFACE ( 'NONE', #8790, 1.000000000000000888 ) ;
#730 = CARTESIAN_POINT ( 'NONE',  ( 696.5357139502388009, 926.1940479026374078, 1394.724160490111444 ) ) ;
#731 = VERTEX_POINT ( 'NONE', #8726 ) ;
#732 = VERTEX_POINT ( 'NONE', #9378 ) ;
#733 = DIRECTION ( 'NONE',  ( 0.000000000000000000, -1.000000000000000000, 0.000000000000000000 ) ) ;
#734 = CARTESIAN_POINT ( 'NONE',  ( 679.0503988948173628, 923.9481165441617350, 1281.724160490111444 ) ) ;
#735 = FACE_OUTER_BOUND ( 'NONE', #6186, .T. ) ;
#736 = VECTOR ( 'NONE', #1910, 1000.000000000000000 ) ;
#737 = DIRECTION ( 'NONE',  ( 0.000000000000000000, 0.000000000000000000, 1.000000000000000000 ) ) ;
#738 = CIRCLE ( 'NONE', #8917, 1.000000000000000888 ) ;
#739 = DIRECTION ( 'NONE',  ( -0.000000000000000000, -0.000000000000000000, -1.000000000000000000 ) ) ;
#740 = CARTESIAN_POINT ( 'NONE',  ( 701.5951244534792295, 920.4540270050199524, 1377.491440304743037 ) ) ;
#741 = ADVANCED_FACE ( 'NONE', ( #152 ), #2625, .F. ) ;
#742 = CARTESIAN_POINT ( 'NONE',  ( 637.4220471866694879, 923.0073323427367313, 1388.224160490111672 ) ) ;
#743 = DIRECTION ( 'NONE',  ( 1.000000000000000000, 0.000000000000000000, 0.000000000000000000 ) ) ;
#744 = ADVANCED_FACE ( 'NONE', ( #1865 ), #7062, .F. ) ;
#745 = FACE_OUTER_BOUND ( 'NONE', #4372, .T. ) ;
#746 = VECTOR ( 'NONE', #5964, 1000.000000000000000 ) ;
#747 = EDGE_CURVE ( 'NONE', #4365, #9545, #2418, .T. ) ;
#748 = DIRECTION ( 'NONE',  ( 0.000000000000000000, 0.000000000000000000, 1.000000000000000000 ) ) ;
#749 = ORIENTED_EDGE ( 'NONE', *, *, #4231, .F. ) ;
#750 = ORIENTED_EDGE ( 'NONE', *, *, #6612, .F. ) ;
#751 = EDGE_CURVE ( 'NONE', #4989, #5, #6470, .T. ) ;
#752 = LINE ( 'NONE', #3821, #2486 ) ;
#753 = AXIS2_PLACEMENT_3D ( 'NONE', #223, #5633, #8600 ) ;
#754 = EDGE_CURVE ( 'NONE', #9885, #1869, #6132, .T. ) ;
#755 = AXIS2_PLACEMENT_3D ( 'NONE', #7815, #3223, #3911 ) ;
#756 = CARTESIAN_POINT ( 'NONE',  ( 634.9879588756786006, 920.4481165441612802, 1377.298882909443819 ) ) ;
#757 = DIRECTION ( 'NONE',  ( 0.000000000000000000, 1.000000000000000000, 0.000000000000000000 ) ) ;
#758 = AXIS2_PLACEMENT_3D ( 'NONE', #418, #3434, #9601 ) ;
#759 = ORIENTED_EDGE ( 'NONE', *, *, #7432, .F. ) ;
#760 = DIRECTION ( 'NONE',  ( 1.000000000000000000, -0.000000000000000000, -0.000000000000000000 ) ) ;
#761 = CARTESIAN_POINT ( 'NONE',  ( 679.3909558918722951, 873.6864092678127918, 1377.495558028785808 ) ) ;
#762 = CIRCLE ( 'NONE', #2384, 2.000000000000001776 ) ;
#763 = ORIENTED_EDGE ( 'NONE', *, *, #5165, .T. ) ;
#764 = VERTEX_POINT ( 'NONE', #7213 ) ;
#765 = AXIS2_PLACEMENT_3D ( 'NONE', #7489, #9797, #2283 ) ;
#766 = ORIENTED_EDGE ( 'NONE', *, *, #8720, .F. ) ;
#767 = VECTOR ( 'NONE', #9355, 1000.000000000000000 ) ;
#768 = TOROIDAL_SURFACE ( 'NONE', #5410, 2.000000000000000000, 1.000000000000000000 ) ;
#769 = CARTESIAN_POINT ( 'NONE',  ( 637.6160958296015906, 895.9481165441580970, 1394.724160490111444 ) ) ;
#770 = DIRECTION ( 'NONE',  ( 0.000000000000000000, -8.673617379884035472E-17, 1.000000000000000000 ) ) ;
#771 = DIRECTION ( 'NONE',  ( -1.387778780781469341E-16, -1.000000000000000000, 0.000000000000000000 ) ) ;
#772 = AXIS2_PLACEMENT_3D ( 'NONE', #6461, #9477, #4810 ) ;
#773 = CARTESIAN_POINT ( 'NONE',  ( 668.4058465805914011, 935.9481165441617350, 1284.106126501361587 ) ) ;
#774 = VERTEX_POINT ( 'NONE', #4759 ) ;
#775 = DIRECTION ( 'NONE',  ( -0.2513983643950108982, 0.000000000000000000, -0.9678837029207143505 ) ) ;
#776 = FACE_OUTER_BOUND ( 'NONE', #6801, .T. ) ;
#777 = CARTESIAN_POINT ( 'NONE',  ( 633.6894160207859841, 907.9481165441582107, 1388.224160490111444 ) ) ;
#778 = AXIS2_PLACEMENT_3D ( 'NONE', #8843, #5867, #8800 ) ;
#779 = ORIENTED_EDGE ( 'NONE', *, *, #7354, .T. ) ;
#780 = EDGE_CURVE ( 'NONE', #4384, #7883, #8378, .T. ) ;
#781 = LINE ( 'NONE', #6741, #5113 ) ;
#782 = ORIENTED_EDGE ( 'NONE', *, *, #2806, .F. ) ;
#783 = CARTESIAN_POINT ( 'NONE',  ( 637.3309001360931916, 896.9475452512426727, 1388.224160490111444 ) ) ;
#784 = CYLINDRICAL_SURFACE ( 'NONE', #6851, 0.8000000000000229150 ) ;
#785 = LINE ( 'NONE', #6995, #7392 ) ;
#786 = ORIENTED_EDGE ( 'NONE', *, *, #9269, .T. ) ;
#787 = ORIENTED_EDGE ( 'NONE', *, *, #5797, .F. ) ;
#788 = CIRCLE ( 'NONE', #9603, 1.000000000000020650 ) ;
#789 = DIRECTION ( 'NONE',  ( 1.000000000000000000, 0.000000000000000000, 0.000000000000000000 ) ) ;
#790 = CARTESIAN_POINT ( 'NONE',  ( 654.0503988948173628, 880.9013780744462565, 1377.224160490111444 ) ) ;
#791 = LINE ( 'NONE', #4549, #124 ) ;
#792 = FACE_OUTER_BOUND ( 'NONE', #4141, .T. ) ;
#793 = DIRECTION ( 'NONE',  ( -0.000000000000000000, 1.000000000000000000, -0.000000000000000000 ) ) ;
#794 = CARTESIAN_POINT ( 'NONE',  ( 700.2006760832583723, 920.3412542500540212, 1377.678863880492599 ) ) ;
#795 = FACE_OUTER_BOUND ( 'NONE', #6718, .T. ) ;
#796 = DIRECTION ( 'NONE',  ( -1.000000000000000000, 3.062684205862500216E-15, 0.000000000000000000 ) ) ;
#797 = EDGE_CURVE ( 'NONE', #375, #3375, #2144, .T. ) ;
#798 = DIRECTION ( 'NONE',  ( 1.000000000000000000, 0.000000000000000000, 0.000000000000000000 ) ) ;
#799 = DIRECTION ( 'NONE',  ( -1.000000000000000000, 0.000000000000000000, 0.000000000000000000 ) ) ;
#800 = VERTEX_POINT ( 'NONE', #4156 ) ;
#801 = EDGE_CURVE ( 'NONE', #2715, #9642, #3588, .T. ) ;
#802 = EDGE_LOOP ( 'NONE', ( #4749, #8127, #1301, #4072 ) ) ;
#803 = VERTEX_POINT ( 'NONE', #2519 ) ;
#804 = CYLINDRICAL_SURFACE ( 'NONE', #5348, 2.000000000000001776 ) ;
#805 = ADVANCED_FACE ( 'NONE', ( #5511 ), #301, .T. ) ;
#806 = EDGE_CURVE ( 'NONE', #4845, #3875, #7892, .T. ) ;
#807 = CARTESIAN_POINT ( 'NONE',  ( 654.6134247473530650, 874.9406656240342954, 1378.060931690744155 ) ) ;
#808 = LINE ( 'NONE', #6113, #5798 ) ;
#809 = ORIENTED_EDGE ( 'NONE', *, *, #1302, .T. ) ;
#810 = EDGE_CURVE ( 'NONE', #6778, #9231, #3433, .T. ) ;
#811 = CARTESIAN_POINT ( 'NONE',  ( 638.3003988948141796, 917.9481165441579833, 1388.745784350350050 ) ) ;
#812 = VERTEX_POINT ( 'NONE', #7108 ) ;
#813 = ORIENTED_EDGE ( 'NONE', *, *, #4359, .T. ) ;
#814 = ADVANCED_FACE ( 'NONE', ( #4009 ), #4976, .T. ) ;
#815 = AXIS2_PLACEMENT_3D ( 'NONE', #6409, #4700, #9470 ) ;
#816 = EDGE_CURVE ( 'NONE', #3553, #426, #9032, .T. ) ;
#817 = DIRECTION ( 'NONE',  ( 0.9678837029207191245, 6.608585648673527589E-15, -0.2513983643949918578 ) ) ;
#818 = CARTESIAN_POINT ( 'NONE',  ( 672.5503988948173628, 934.9481165441617350, 1285.224160490111444 ) ) ;
#819 = STYLED_ITEM ( 'NONE', ( #5808 ), #1859 ) ;
#820 = CARTESIAN_POINT ( 'NONE',  ( 680.0503988948173628, 874.6267645307755174, 1377.224160490111444 ) ) ;
#821 = CARTESIAN_POINT ( 'NONE',  ( 668.0010946279763857, 936.3943246076810283, 1285.674719240603736 ) ) ;
#822 = ORIENTED_EDGE ( 'NONE', *, *, #7795, .T. ) ;
#823 = EDGE_CURVE ( 'NONE', #8139, #72, #8206, .T. ) ;
#824 = DIRECTION ( 'NONE',  ( 0.000000000000000000, 0.000000000000000000, -1.000000000000000000 ) ) ;
#825 = CARTESIAN_POINT ( 'NONE',  ( 656.0503988948174765, 924.9481165441617350, 1377.224160490111444 ) ) ;
#826 = CARTESIAN_POINT ( 'NONE',  ( 655.5503988948173628, 920.4481165441617350, 1292.224160490111444 ) ) ;
#827 = EDGE_LOOP ( 'NONE', ( #2094, #7435, #4023, #4640 ) ) ;
#828 = ORIENTED_EDGE ( 'NONE', *, *, #7071, .F. ) ;
#829 = ORIENTED_EDGE ( 'NONE', *, *, #7370, .F. ) ;
#830 = AXIS2_PLACEMENT_3D ( 'NONE', #1288, #2846, #6593 ) ;
#831 = EDGE_CURVE ( 'NONE', #1008, #5234, #6935, .T. ) ;
#832 = DIRECTION ( 'NONE',  ( 0.000000000000000000, 0.000000000000000000, 1.000000000000000000 ) ) ;
#833 = DIRECTION ( 'NONE',  ( 0.8462865709611792076, -0.5327279228750537721, 0.000000000000000000 ) ) ;
#834 = DIRECTION ( 'NONE',  ( -0.000000000000000000, -0.000000000000000000, -1.000000000000000000 ) ) ;
#835 = ORIENTED_EDGE ( 'NONE', *, *, #5391, .T. ) ;
#836 = CARTESIAN_POINT ( 'NONE',  ( 679.6867625311809888, 882.3644214325763642, 1289.224160490111444 ) ) ;
#837 = VERTEX_POINT ( 'NONE', #1255 ) ;
#838 = VECTOR ( 'NONE', #2241, 1000.000000000000000 ) ;
#839 = LINE ( 'NONE', #185, #6009 ) ;
#840 = CARTESIAN_POINT ( 'NONE',  ( 701.0668250647512423, 921.7579920576811219, 1377.770097742651615 ) ) ;
#841 = FACE_OUTER_BOUND ( 'NONE', #827, .T. ) ;
#842 = FACE_OUTER_BOUND ( 'NONE', #8055, .T. ) ;
#843 = CARTESIAN_POINT ( 'NONE',  ( 655.0503988948174765, 920.4481165441617350, 1378.224160490111444 ) ) ;
#844 = AXIS2_PLACEMENT_3D ( 'NONE', #6069, #6917, #4418 ) ;
#845 = DIRECTION ( 'NONE',  ( 0.000000000000000000, 0.000000000000000000, -1.000000000000000000 ) ) ;
#846 = CARTESIAN_POINT ( 'NONE',  ( 682.5503988948173628, 907.9481165441617350, 1289.224160490111444 ) ) ;
#847 = CARTESIAN_POINT ( 'NONE',  ( 680.2865488893190786, 881.5925673027140874, 1288.956622770503600 ) ) ;
#848 = CARTESIAN_POINT ( 'NONE',  ( 697.7431486668435809, 922.6828746763394520, 1388.224160490111444 ) ) ;
#849 = DIRECTION ( 'NONE',  ( 0.000000000000000000, 0.000000000000000000, -1.000000000000000000 ) ) ;
#850 = CARTESIAN_POINT ( 'NONE',  ( 698.6562748352805556, 897.9481165441582107, 1389.335417987451592 ) ) ;
#851 = ORIENTED_EDGE ( 'NONE', *, *, #5479, .F. ) ;
#852 = ORIENTED_EDGE ( 'NONE', *, *, #2906, .T. ) ;
#853 = ORIENTED_EDGE ( 'NONE', *, *, #7924, .T. ) ;
#854 = FACE_OUTER_BOUND ( 'NONE', #3201, .T. ) ;
#855 = CIRCLE ( 'NONE', #3432, 1.000000000000000888 ) ;
#856 = CIRCLE ( 'NONE', #4703, 34.25000000000000000 ) ;
#857 = CYLINDRICAL_SURFACE ( 'NONE', #2692, 1.199999999999978861 ) ;
#858 = PLANE ( 'NONE',  #8364 ) ;
#859 = ORIENTED_EDGE ( 'NONE', *, *, #9334, .F. ) ;
#860 = DIRECTION ( 'NONE',  ( -0.9452865819400353420, -0.3262411347517739646, -0.000000000000000000 ) ) ;
#861 = CARTESIAN_POINT ( 'NONE',  ( 679.4468716148767271, 873.7057843760454716, 1377.759584809385387 ) ) ;
#862 = VERTEX_POINT ( 'NONE', #1964 ) ;
#863 = ORIENTED_EDGE ( 'NONE', *, *, #6700, .T. ) ;
#864 = ADVANCED_FACE ( 'NONE', ( #4254 ), #1350, .F. ) ;
#865 = ORIENTED_EDGE ( 'NONE', *, *, #5830, .F. ) ;
#866 = AXIS2_PLACEMENT_3D ( 'NONE', #1163, #7070, #9489 ) ;
#867 = FACE_OUTER_BOUND ( 'NONE', #2429, .T. ) ;
#868 = CARTESIAN_POINT ( 'NONE',  ( 681.0503988948173628, 880.9013780744462565, 1377.224160490111444 ) ) ;
#869 = EDGE_CURVE ( 'NONE', #204, #8909, #856, .T. ) ;
#870 = CARTESIAN_POINT ( 'NONE',  ( 697.4847019600267686, 897.9481165441580970, 1400.724160490111217 ) ) ;
#871 = DIRECTION ( 'NONE',  ( 0.000000000000000000, 0.000000000000000000, -1.000000000000000000 ) ) ;
#872 = EDGE_LOOP ( 'NONE', ( #7760, #2265, #1894, #9366, #2100, #8174, #1999, #9557 ) ) ;
#873 = AXIS2_PLACEMENT_3D ( 'NONE', #1842, #1186, #1086 ) ;
#874 =( BOUNDED_CURVE ( )  B_SPLINE_CURVE ( 3, ( #7800, #8462, #1597, #6198 ),
 .UNSPECIFIED., .F., .F. ) 
 B_SPLINE_CURVE_WITH_KNOTS ( ( 4, 4 ),
 ( 1.570796326794896558, 3.141592653589793116 ),
 .UNSPECIFIED. ) 
 CURVE ( )  GEOMETRIC_REPRESENTATION_ITEM ( )  RATIONAL_B_SPLINE_CURVE ( ( 1.000000000000000000, 0.8047378541243649375, 0.8047378541243649375, 1.000000000000000000 ) ) 
 REPRESENTATION_ITEM ( '' )  );
#875 = CARTESIAN_POINT ( 'NONE',  ( 636.3759446968085740, 895.7270852964132928, 1388.472200863951457 ) ) ;
#876 = CARTESIAN_POINT ( 'NONE',  ( 698.7477402841869889, 920.0033128694761899, 1388.478145588980624 ) ) ;
#877 = VECTOR ( 'NONE', #983, 1000.000000000000000 ) ;
#878 = DIRECTION ( 'NONE',  ( 1.000000000000000000, 0.000000000000000000, 0.000000000000000000 ) ) ;
#879 = ORIENTED_EDGE ( 'NONE', *, *, #3, .T. ) ;
#880 = ORIENTED_EDGE ( 'NONE', *, *, #2173, .F. ) ;
#881 = EDGE_CURVE ( 'NONE', #4069, #3392, #1665, .T. ) ;
#882 = VERTEX_POINT ( 'NONE', #5061 ) ;
#883 = VECTOR ( 'NONE', #7451, 1000.000000000000000 ) ;
#884 = EDGE_CURVE ( 'NONE', #8005, #6346, #7267, .T. ) ;
#885 = DIRECTION ( 'NONE',  ( 1.000000000000000000, 6.800116025829083021E-15, 0.000000000000000000 ) ) ;
#886 = EDGE_CURVE ( 'NONE', #9182, #1373, #7096, .T. ) ;
#887 = DIRECTION ( 'NONE',  ( 0.000000000000000000, 0.000000000000000000, 1.000000000000000000 ) ) ;
#888 = EDGE_CURVE ( 'NONE', #6108, #1740, #1158, .T. ) ;
#889 = AXIS2_PLACEMENT_3D ( 'NONE', #588, #6706, #684 ) ;
#890 = LINE ( 'NONE', #8404, #7705 ) ;
#891 = ORIENTED_EDGE ( 'NONE', *, *, #8976, .F. ) ;
#892 = CARTESIAN_POINT ( 'NONE',  ( 695.6894273792777312, 925.6613199797623110, 1388.716960580079558 ) ) ;
#893 = EDGE_LOOP ( 'NONE', ( #8222, #8039, #4424, #3690 ) ) ;
#894 =( GEOMETRIC_REPRESENTATION_CONTEXT ( 3 ) GLOBAL_UNCERTAINTY_ASSIGNED_CONTEXT ( ( #7841 ) ) GLOBAL_UNIT_ASSIGNED_CONTEXT ( ( #3980, #7680, #3136 ) ) REPRESENTATION_CONTEXT ( 'NONE', 'WORKASPACE' ) );
#895 = CARTESIAN_POINT ( 'NONE',  ( 696.8003988948141796, 897.9481165441579833, 1397.724160490111217 ) ) ;
#896 = CARTESIAN_POINT ( 'NONE',  ( 667.5503988948173628, 877.9481165441617350, 1284.724160490111444 ) ) ;
#897 = CARTESIAN_POINT ( 'NONE',  ( 635.7927661964699837, 914.9481165441651456, 1400.724160490111217 ) ) ;
#898 = AXIS2_PLACEMENT_3D ( 'NONE', #3209, #3260, #7001 ) ;
#899 = DIRECTION ( 'NONE',  ( 0.000000000000000000, -0.000000000000000000, -1.000000000000000000 ) ) ;
#900 = CYLINDRICAL_SURFACE ( 'NONE', #6131, 1.000000000000000888 ) ;
#901 = CARTESIAN_POINT ( 'NONE',  ( 688.7636023304106629, 889.2349131085616136, 1388.224160490111444 ) ) ;
#902 = DIRECTION ( 'NONE',  ( 1.000000000000000000, 6.800116025829082232E-15, 0.000000000000000000 ) ) ;
#903 = DIRECTION ( 'NONE',  ( 0.2513983643950108982, 0.000000000000000000, 0.9678837029207143505 ) ) ;
#904 = CARTESIAN_POINT ( 'NONE',  ( 671.5503988948173628, 938.9481165441617350, 1283.224160490111672 ) ) ;
#905 = CARTESIAN_POINT ( 'NONE',  ( 633.4908351972367200, 920.4481165449500395, 1377.250055896605090 ) ) ;
#906 = CARTESIAN_POINT ( 'NONE',  ( 677.5503988948141796, 878.6981165441579833, 1400.724160490111217 ) ) ;
#907 = ORIENTED_EDGE ( 'NONE', *, *, #9577, .T. ) ;
#908 = EDGE_LOOP ( 'NONE', ( #7040, #8309, #3479, #3533 ) ) ;
#909 = EDGE_LOOP ( 'NONE', ( #7567, #1482, #1140, #8114 ) ) ;
#910 = CARTESIAN_POINT ( 'NONE',  ( 696.8003988948139522, 907.9481165441579833, 1400.724160490111217 ) ) ;
#911 = VECTOR ( 'NONE', #4851, 1000.000000000000000 ) ;
#912 = DIRECTION ( 'NONE',  ( -1.000000000000000000, 0.000000000000000000, 0.000000000000000000 ) ) ;
#913 = DIRECTION ( 'NONE',  ( -1.000000000000000000, 0.000000000000000000, 0.000000000000000000 ) ) ;
#914 = EDGE_LOOP ( 'NONE', ( #2055, #5016, #8728, #1289, #3732, #4402 ) ) ;
#915 = CARTESIAN_POINT ( 'NONE',  ( 697.7698976535402835, 918.9486878370805698, 1388.224160490111444 ) ) ;
#916 = FACE_BOUND ( 'NONE', #2388, .T. ) ;
#917 = EDGE_LOOP ( 'NONE', ( #5099, #6441, #4242, #6130, #1134, #1218 ) ) ;
#918 = EDGE_LOOP ( 'NONE', ( #6125, #6725, #9382, #5131 ) ) ;
#919 = ORIENTED_EDGE ( 'NONE', *, *, #5398, .T. ) ;
#920 = AXIS2_PLACEMENT_3D ( 'NONE', #5862, #412, #8935 ) ;
#921 = FACE_OUTER_BOUND ( 'NONE', #452, .T. ) ;
#922 = DIRECTION ( 'NONE',  ( 0.000000000000000000, 0.000000000000000000, -1.000000000000000000 ) ) ;
#923 = ORIENTED_EDGE ( 'NONE', *, *, #3744, .T. ) ;
#924 = AXIS2_PLACEMENT_3D ( 'NONE', #8182, #470, #4274 ) ;
#925 = CARTESIAN_POINT ( 'NONE',  ( 679.0503988948173628, 874.6267645307755174, 1281.724160490111444 ) ) ;
#926 = EDGE_CURVE ( 'NONE', #1176, #1081, #7323, .T. ) ;
#927 = CARTESIAN_POINT ( 'NONE',  ( 680.8195821210913437, 875.1972111510984860, 1378.204498963417791 ) ) ;
#928 = AXIS2_PLACEMENT_3D ( 'NONE', #5449, #1701, #6248 ) ;
#929 = LINE ( 'NONE', #7086, #2549 ) ;
#930 = EDGE_LOOP ( 'NONE', ( #6435, #427 ) ) ;
#931 = ADVANCED_FACE ( 'NONE', ( #4594 ), #5331, .T. ) ;
#932 = ORIENTED_EDGE ( 'NONE', *, *, #5108, .F. ) ;
#933 = CIRCLE ( 'NONE', #1738, 1.600000000000045830 ) ;
#934 = AXIS2_PLACEMENT_3D ( 'NONE', #6686, #5088, #2089 ) ;
#935 = VERTEX_POINT ( 'NONE', #3754 ) ;
#936 = EDGE_CURVE ( 'NONE', #6300, #4012, #8833, .T. ) ;
#937 = FACE_OUTER_BOUND ( 'NONE', #4133, .T. ) ;
#938 = VECTOR ( 'NONE', #3838, 1000.000000000000114 ) ;
#939 = EDGE_CURVE ( 'NONE', #3040, #1696, #4451, .T. ) ;
#940 = CYLINDRICAL_SURFACE ( 'NONE', #9739, 1.000000000000000888 ) ;
#941 = EDGE_CURVE ( 'NONE', #731, #7531, #7221, .T. ) ;
#942 = CARTESIAN_POINT ( 'NONE',  ( 646.3371954592175825, 889.2349131085609315, 1388.224160490111444 ) ) ;
#943 = CIRCLE ( 'NONE', #2222, 2.000000000000001776 ) ;
#944 = EDGE_CURVE ( 'NONE', #1295, #4660, #4991, .T. ) ;
#945 = ORIENTED_EDGE ( 'NONE', *, *, #6702, .F. ) ;
#946 = DIRECTION ( 'NONE',  ( -1.000000000000000000, -3.358424649491096563E-15, 0.000000000000000000 ) ) ;
#947 = ORIENTED_EDGE ( 'NONE', *, *, #8214, .T. ) ;
#948 = DIRECTION ( 'NONE',  ( 0.000000000000000000, 0.000000000000000000, 1.000000000000000000 ) ) ;
#949 = DIRECTION ( 'NONE',  ( -1.000000000000000000, -3.358424649491096563E-15, 0.000000000000000000 ) ) ;
#950 = EDGE_CURVE ( 'NONE', #6830, #6561, #1541, .T. ) ;
#951 = DIRECTION ( 'NONE',  ( 0.5277000697507708837, 0.8382993707466581679, 0.1370649531820186395 ) ) ;
#952 = CARTESIAN_POINT ( 'NONE',  ( 655.5503988948173628, 883.9481165441617350, 1388.224160490111444 ) ) ;
#953 = LINE ( 'NONE', #4755, #7646 ) ;
#954 = VECTOR ( 'NONE', #5098, 1000.000000000000000 ) ;
#955 = DIRECTION ( 'NONE',  ( 0.000000000000000000, 0.000000000000000000, 1.000000000000000000 ) ) ;
#956 = CARTESIAN_POINT ( 'NONE',  ( 639.4113704103607461, 925.6613199797615152, 1388.716960580079558 ) ) ;
#957 = CARTESIAN_POINT ( 'NONE',  ( 635.7927661964637309, 898.9481165441580970, 1394.724160490111444 ) ) ;
#958 = CARTESIAN_POINT ( 'NONE',  ( 669.5503988948173628, 939.9481165441617350, 1285.224160490111672 ) ) ;
#959 = CARTESIAN_POINT ( 'NONE',  ( 646.3371954592226984, 926.6613199797615152, 1339.722160490111492 ) ) ;
#960 = VERTEX_POINT ( 'NONE', #3800 ) ;
#961 = EDGE_LOOP ( 'NONE', ( #3176, #7088 ) ) ;
#962 = CARTESIAN_POINT ( 'NONE',  ( 699.3410928477918560, 895.2039304976464109, 1389.424355391673316 ) ) ;
#963 = DIRECTION ( 'NONE',  ( -0.000000000000000000, -1.000000000000000000, -0.000000000000000000 ) ) ;
#964 = CARTESIAN_POINT ( 'NONE',  ( 677.5503988948141796, 878.6981165441579833, 1388.224160490111444 ) ) ;
#965 = DIRECTION ( 'NONE',  ( 0.000000000000000000, 0.000000000000000000, -1.000000000000000000 ) ) ;
#966 = DIRECTION ( 'NONE',  ( -0.000000000000000000, 0.000000000000000000, -1.000000000000000000 ) ) ;
#967 = PLANE ( 'NONE',  #8113 ) ;
#968 = ORIENTED_EDGE ( 'NONE', *, *, #6260, .F. ) ;
#969 = ORIENTED_EDGE ( 'NONE', *, *, #7173, .T. ) ;
#970 = ORIENTED_EDGE ( 'NONE', *, *, #197, .T. ) ;
#971 = DIRECTION ( 'NONE',  ( -1.000000000000000000, 0.000000000000000000, 0.000000000000000000 ) ) ;
#972 = DIRECTION ( 'NONE',  ( 0.9678837029207191245, 6.608585648673527589E-15, 0.2513983643949918578 ) ) ;
#973 = CARTESIAN_POINT ( 'NONE',  ( 667.5503988948195229, 914.9481165441651456, 1397.724160490111217 ) ) ;
#974 = ORIENTED_EDGE ( 'NONE', *, *, #2684, .F. ) ;
#975 = DIRECTION ( 'NONE',  ( 1.000000000000000000, 0.000000000000000000, 0.000000000000000000 ) ) ;
#976 = DIRECTION ( 'NONE',  ( -1.000000000000000000, 0.000000000000000000, 0.000000000000000000 ) ) ;
#977 = LINE ( 'NONE', #9405, #450 ) ;
#978 = ORIENTED_EDGE ( 'NONE', *, *, #4678, .F. ) ;
#979 = ORIENTED_EDGE ( 'NONE', *, *, #380, .T. ) ;
#980 = EDGE_CURVE ( 'NONE', #9670, #8498, #9312, .T. ) ;
#981 = EDGE_CURVE ( 'NONE', #7711, #5697, #2961, .T. ) ;
#982 = ORIENTED_EDGE ( 'NONE', *, *, #3275, .F. ) ;
#983 = DIRECTION ( 'NONE',  ( -0.000000000000000000, 0.000000000000000000, 1.000000000000000000 ) ) ;
#984 = DIRECTION ( 'NONE',  ( -0.000000000000000000, -0.000000000000000000, 1.000000000000000000 ) ) ;
#985 = CARTESIAN_POINT ( 'NONE',  ( 655.5503988948173628, 883.9481165441617350, 1292.224160490111444 ) ) ;
#986 = EDGE_CURVE ( 'NONE', #9182, #2292, #3062, .T. ) ;
#987 = DIRECTION ( 'NONE',  ( -1.000000000000000000, 0.000000000000000000, 0.000000000000000000 ) ) ;
#988 = EDGE_LOOP ( 'NONE', ( #6973, #4957, #2001, #319 ) ) ;
#989 = FACE_BOUND ( 'NONE', #7828, .T. ) ;
#990 = ORIENTED_EDGE ( 'NONE', *, *, #3585, .F. ) ;
#991 = AXIS2_PLACEMENT_3D ( 'NONE', #3786, #9851, #8393 ) ;
#992 = CARTESIAN_POINT ( 'NONE',  ( 654.8062128483022661, 876.1574225911800795, 1394.724160490111444 ) ) ;
#993 = EDGE_CURVE ( 'NONE', #127, #5178, #1548, .T. ) ;
#994 = DIRECTION ( 'NONE',  ( 0.000000000000000000, 0.000000000000000000, -1.000000000000000000 ) ) ;
#995 = EDGE_CURVE ( 'NONE', #4164, #6178, #1788, .T. ) ;
#996 = DIRECTION ( 'NONE',  ( 0.000000000000000000, -1.000000000000000000, 0.000000000000000000 ) ) ;
#997 = CARTESIAN_POINT ( 'NONE',  ( 117.0834226500410153, 907.9481165441591202, 6.870336072533178573 ) ) ;
#998 = DIRECTION ( 'NONE',  ( -0.000000000000000000, 0.000000000000000000, -1.000000000000000000 ) ) ;
#999 = CIRCLE ( 'NONE', #9795, 1.199999999999978861 ) ;
#1000 = LINE ( 'NONE', #7104, #8448 ) ;
#1001 = EDGE_CURVE ( 'NONE', #4629, #1608, #1498, .T. ) ;
#1002 = LINE ( 'NONE', #4856, #1030 ) ;
#1003 = CARTESIAN_POINT ( 'NONE',  ( 696.4598789993161745, 926.0657360681011596, 1388.224160490111444 ) ) ;
#1004 = ORIENTED_EDGE ( 'NONE', *, *, #3026, .T. ) ;
#1005 = CARTESIAN_POINT ( 'NONE',  ( 679.3461868845271283, 881.9481165441617350, 1378.224160490111444 ) ) ;
#1006 = DIRECTION ( 'NONE',  ( -0.000000000000000000, -0.000000000000000000, -1.000000000000000000 ) ) ;
#1007 = EDGE_CURVE ( 'NONE', #1446, #6382, #7380, .T. ) ;
#1008 = VERTEX_POINT ( 'NONE', #8257 ) ;
#1009 = CARTESIAN_POINT ( 'NONE',  ( 698.0612915166399262, 896.9076543138392026, 1388.299847207800667 ) ) ;
#1010 = EDGE_CURVE ( 'NONE', #5827, #6837, #6264, .T. ) ;
#1011 = CARTESIAN_POINT ( 'NONE',  ( 649.3044675363477154, 936.9334315995849920, 1388.224160490111444 ) ) ;
#1012 = FACE_OUTER_BOUND ( 'NONE', #29, .T. ) ;
#1013 = EDGE_CURVE ( 'NONE', #5892, #8180, #8360, .T. ) ;
#1014 = CARTESIAN_POINT ( 'NONE',  ( 656.0503988948174765, 924.9481165441617350, 1378.224160490111444 ) ) ;
#1015 = PLANE ( 'NONE',  #7957 ) ;
#1016 = CARTESIAN_POINT ( 'NONE',  ( 680.2584176050143014, 873.9927314782942176, 1377.854474522078590 ) ) ;
#1017 = ORIENTED_EDGE ( 'NONE', *, *, #6400, .F. ) ;
#1018 = ORIENTED_EDGE ( 'NONE', *, *, #5386, .T. ) ;
#1019 = ORIENTED_EDGE ( 'NONE', *, *, #3, .F. ) ;
#1020 = CIRCLE ( 'NONE', #5970, 1.200000000000089884 ) ;
#1021 = AXIS2_PLACEMENT_3D ( 'NONE', #3069, #4609, #6061 ) ;
#1022 = CARTESIAN_POINT ( 'NONE',  ( 661.5503988948173628, 888.9481165441617350, 1378.224160490111444 ) ) ;
#1023 = CARTESIAN_POINT ( 'NONE',  ( 738.3003988948194092, 907.9481165441648045, 1397.724160490111217 ) ) ;
#1024 = CARTESIAN_POINT ( 'NONE',  ( 654.8062128483076094, 939.7388104971430494, 1394.724160490111444 ) ) ;
#1025 = EDGE_LOOP ( 'NONE', ( #7663, #2669, #8474, #8303 ) ) ;
#1026 = FACE_OUTER_BOUND ( 'NONE', #6083, .T. ) ;
#1027 = DIRECTION ( 'NONE',  ( -1.000000000000000000, 0.000000000000000000, 0.000000000000000000 ) ) ;
#1028 = DIRECTION ( 'NONE',  ( 0.000000000000000000, -1.000000000000000000, 0.000000000000000000 ) ) ;
#1029 = ORIENTED_EDGE ( 'NONE', *, *, #9436, .F. ) ;
#1030 = VECTOR ( 'NONE', #41, 1000.000000000000000 ) ;
#1031 = VERTEX_POINT ( 'NONE', #5345 ) ;
#1032 = VERTEX_POINT ( 'NONE', #2611 ) ;
#1033 = CARTESIAN_POINT ( 'NONE',  ( 680.0503988948174765, 940.5105565633004971, 1377.298882909444728 ) ) ;
#1034 = CARTESIAN_POINT ( 'NONE',  ( 657.5503988948173628, 920.4481165441617350, 1298.224160490111444 ) ) ;
#1035 = CARTESIAN_POINT ( 'NONE',  ( 680.0597367582037123, 941.9986172587533702, 1377.368468536499677 ) ) ;
#1036 = VECTOR ( 'NONE', #4566, 1000.000000000000000 ) ;
#1037 = CARTESIAN_POINT ( 'NONE',  ( 646.3371954592226984, 929.1613199797616289, 1388.224160490111444 ) ) ;
#1038 = ORIENTED_EDGE ( 'NONE', *, *, #5004, .T. ) ;
#1039 = LINE ( 'NONE', #7249, #5454 ) ;
#1040 = VERTEX_POINT ( 'NONE', #2512 ) ;
#1041 = CARTESIAN_POINT ( 'NONE',  ( 655.2780497087708227, 942.0608493798149539, 1377.964750368441173 ) ) ;
#1042 = DIRECTION ( 'NONE',  ( 0.000000000000000000, 0.000000000000000000, 1.000000000000000000 ) ) ;
#1043 = VECTOR ( 'NONE', #2096, 1000.000000000000000 ) ;
#1044 = CARTESIAN_POINT ( 'NONE',  ( 639.2833703869875990, 889.3742365924731530, 1388.224160490111444 ) ) ;
#1045 = FACE_OUTER_BOUND ( 'NONE', #4775, .T. ) ;
#1046 = CIRCLE ( 'NONE', #6158, 1.000000000000000888 ) ;
#1047 = CARTESIAN_POINT ( 'NONE',  ( 701.8170374901436617, 919.7743576789134750, 1379.224160490111444 ) ) ;
#1048 = CARTESIAN_POINT ( 'NONE',  ( 677.5503988948173628, 923.9481165441617350, 1298.224160490111444 ) ) ;
#1049 = AXIS2_PLACEMENT_3D ( 'NONE', #2943, #3637, #2895 ) ;
#1050 = CARTESIAN_POINT ( 'NONE',  ( 697.7361003244271842, 917.9481165441652593, 1388.215381963068921 ) ) ;
#1051 = LINE ( 'NONE', #4053, #9060 ) ;
#1052 = EDGE_CURVE ( 'NONE', #6565, #8323, #1850, .T. ) ;
#1053 = ORIENTED_EDGE ( 'NONE', *, *, #6440, .F. ) ;
#1054 = CARTESIAN_POINT ( 'NONE',  ( 634.0178930272844582, 921.7189902600671303, 1377.888988763847919 ) ) ;
#1055 = AXIS2_PLACEMENT_3D ( 'NONE', #9626, #300, #9574 ) ;
#1056 = DIRECTION ( 'NONE',  ( -6.827871601444711146E-15, 1.000000000000000000, 0.000000000000000000 ) ) ;
#1057 = ORIENTED_EDGE ( 'NONE', *, *, #8367, .T. ) ;
#1058 = EDGE_CURVE ( 'NONE', #4093, #2892, #5141, .T. ) ;
#1059 = DIRECTION ( 'NONE',  ( -0.000000000000000000, -0.000000000000000000, -1.000000000000000000 ) ) ;
#1060 = CARTESIAN_POINT ( 'NONE',  ( 699.0470279418261725, 917.9481165441650319, 1389.386165144144798 ) ) ;
#1061 = DIRECTION ( 'NONE',  ( -0.000000000000000000, -0.000000000000000000, -1.000000000000000000 ) ) ;
#1062 = EDGE_CURVE ( 'NONE', #1160, #3072, #1801, .T. ) ;
#1063 = DIRECTION ( 'NONE',  ( 0.000000000000000000, 0.000000000000000000, 1.000000000000000000 ) ) ;
#1064 = EDGE_CURVE ( 'NONE', #5831, #6853, #3394, .T. ) ;
#1065 = DIRECTION ( 'NONE',  ( 0.000000000000000000, 0.000000000000000000, 1.000000000000000000 ) ) ;
#1066 = FACE_OUTER_BOUND ( 'NONE', #5768, .T. ) ;
#1067 = ADVANCED_FACE ( 'NONE', ( #4898 ), #5500, .F. ) ;
#1068 = ORIENTED_EDGE ( 'NONE', *, *, #6397, .F. ) ;
#1069 = ORIENTED_EDGE ( 'NONE', *, *, #2980, .F. ) ;
#1070 = VERTEX_POINT ( 'NONE', #7748 ) ;
#1071 = EDGE_CURVE ( 'NONE', #7872, #9812, #3862, .T. ) ;
#1072 = CIRCLE ( 'NONE', #6664, 0.9999999999998898659 ) ;
#1073 = AXIS2_PLACEMENT_3D ( 'NONE', #8929, #5856, #8734 ) ;
#1074 = CYLINDRICAL_SURFACE ( 'NONE', #7180, 0.8000000000000229150 ) ;
#1075 = DIRECTION ( 'NONE',  ( 0.000000000000000000, 0.000000000000000000, 1.000000000000000000 ) ) ;
#1076 = FACE_OUTER_BOUND ( 'NONE', #2346, .T. ) ;
#1077 = EDGE_LOOP ( 'NONE', ( #9344, #4376, #4872, #3797 ) ) ;
#1078 = DIRECTION ( 'NONE',  ( 0.000000000000000000, 0.000000000000000000, -1.000000000000000000 ) ) ;
#1079 = CARTESIAN_POINT ( 'NONE',  ( 647.5371954592177417, 886.7349131085608178, 1380.724160490111217 ) ) ;
#1080 = DIRECTION ( 'NONE',  ( 1.000000000000000000, -0.000000000000000000, -0.000000000000000000 ) ) ;
#1081 = VERTEX_POINT ( 'NONE', #4751 ) ;
#1082 = ORIENTED_EDGE ( 'NONE', *, *, #2153, .F. ) ;
#1083 = AXIS2_PLACEMENT_3D ( 'NONE', #7518, #8420, #799 ) ;
#1084 = ORIENTED_EDGE ( 'NONE', *, *, #1806, .F. ) ;
#1085 = LINE ( 'NONE', #6495, #2809 ) ;
#1086 = DIRECTION ( 'NONE',  ( -1.000000000000000000, 0.000000000000000000, 0.000000000000000000 ) ) ;
#1087 = CARTESIAN_POINT ( 'NONE',  ( 679.9958926681028970, 940.5555877674092926, 1377.556574627408509 ) ) ;
#1088 = AXIS2_PLACEMENT_3D ( 'NONE', #4471, #2382, #7527 ) ;
#1089 = CIRCLE ( 'NONE', #8613, 1.000000000000004441 ) ;
#1090 = CARTESIAN_POINT ( 'NONE',  ( 635.7927661964699837, 914.9481165441651456, 1399.724160490111444 ) ) ;
#1091 = ORIENTED_EDGE ( 'NONE', *, *, #2235, .T. ) ;
#1092 = CARTESIAN_POINT ( 'NONE',  ( 700.3080315931636051, 907.9481165441646908, 1397.724160490111217 ) ) ;
#1093 = ORIENTED_EDGE ( 'NONE', *, *, #7000, .T. ) ;
#1094 = CIRCLE ( 'NONE', #2379, 2.499999999999946709 ) ;
#1095 = DIRECTION ( 'NONE',  ( -0.2513983643950108982, 0.000000000000000000, -0.9678837029207143505 ) ) ;
#1096 = CARTESIAN_POINT ( 'NONE',  ( 639.2833703869922601, 926.5219964958492938, 1388.224160490111444 ) ) ;
#1097 = CIRCLE ( 'NONE', #1253, 2.000000000000001776 ) ;
#1098 = CIRCLE ( 'NONE', #5581, 1.000000000000000888 ) ;
#1099 = CARTESIAN_POINT ( 'NONE',  ( 683.5503988948173628, 888.9481165441617350, 1289.224160490111444 ) ) ;
#1100 = CARTESIAN_POINT ( 'NONE',  ( 658.5503988948194092, 940.7057492425150258, 1397.724160490111217 ) ) ;
#1101 = TOROIDAL_SURFACE ( 'NONE', #3190, 11.00000000000000355, 1.000000000000000000 ) ;
#1102 = DIRECTION ( 'NONE',  ( 1.000000000000000000, 0.000000000000000000, 0.000000000000000000 ) ) ;
#1103 = DIRECTION ( 'NONE',  ( 1.110223024625180206E-16, 1.000000000000000000, 0.000000000000000000 ) ) ;
#1104 = EDGE_LOOP ( 'NONE', ( #4990, #8483, #4293, #7882 ) ) ;
#1105 = CARTESIAN_POINT ( 'NONE',  ( 637.2019562629642451, 918.9481165442118709, 1388.257652405211047 ) ) ;
#1106 = DIRECTION ( 'NONE',  ( 0.3703672902754278629, -0.9238905593788629966, -0.09619929617543278300 ) ) ;
#1107 = EDGE_CURVE ( 'NONE', #8221, #2386, #6247, .T. ) ;
#1108 = DIRECTION ( 'NONE',  ( 0.000000000000000000, 0.000000000000000000, 1.000000000000000000 ) ) ;
#1109 = DIRECTION ( 'NONE',  ( -1.236786676975318686E-16, -1.000000000000000000, 0.000000000000000000 ) ) ;
#1110 = CIRCLE ( 'NONE', #4460, 1.000000000000000888 ) ;
#1111 = ORIENTED_EDGE ( 'NONE', *, *, #2475, .F. ) ;
#1112 = LINE ( 'NONE', #3471, #4718 ) ;
#1113 = CARTESIAN_POINT ( 'NONE',  ( 700.3080315931697442, 907.9481165441650319, 1399.724160490111444 ) ) ;
#1114 = DIRECTION ( 'NONE',  ( 1.000000000000000000, 3.358424649491096563E-15, -0.000000000000000000 ) ) ;
#1115 = CARTESIAN_POINT ( 'NONE',  ( 657.5503988948192955, 937.1981165441651456, 1388.224160490111444 ) ) ;
#1116 = CARTESIAN_POINT ( 'NONE',  ( 698.9478737635088237, 919.6128170965114350, 1388.530128310882219 ) ) ;
#1117 = CARTESIAN_POINT ( 'NONE',  ( 681.1204956240405863, 874.3328729503687100, 1378.286880860434621 ) ) ;
#1118 = ORIENTED_EDGE ( 'NONE', *, *, #9929, .F. ) ;
#1119 = ORIENTED_EDGE ( 'NONE', *, *, #2723, .T. ) ;
#1120 = EDGE_CURVE ( 'NONE', #9695, #4320, #2263, .T. ) ;
#1121 = ORIENTED_EDGE ( 'NONE', *, *, #884, .F. ) ;
#1122 = EDGE_CURVE ( 'NONE', #1418, #4545, #7849, .T. ) ;
#1123 = CARTESIAN_POINT ( 'NONE',  ( 674.5503988948140659, 876.1904838458079894, 1397.724160490111217 ) ) ;
#1124 = DIRECTION ( 'NONE',  ( -0.000000000000000000, -0.000000000000000000, -1.000000000000000000 ) ) ;
#1125 = DIRECTION ( 'NONE',  ( 1.000000000000000000, 4.440892098500622123E-13, 0.000000000000000000 ) ) ;
#1126 = ORIENTED_EDGE ( 'NONE', *, *, #6448, .T. ) ;
#1127 = FACE_OUTER_BOUND ( 'NONE', #520, .T. ) ;
#1128 = CARTESIAN_POINT ( 'NONE',  ( 680.3129794725042530, 881.6925542389748216, 1288.828626905492001 ) ) ;
#1129 = EDGE_CURVE ( 'NONE', #7131, #6512, #7099, .T. ) ;
#1130 = CARTESIAN_POINT ( 'NONE',  ( 698.9478737635038215, 896.2834159918118075, 1388.530128310882219 ) ) ;
#1131 = ORIENTED_EDGE ( 'NONE', *, *, #8224, .T. ) ;
#1132 = ORIENTED_EDGE ( 'NONE', *, *, #1814, .T. ) ;
#1133 = ADVANCED_FACE ( 'NONE', ( #6949 ), #3211, .F. ) ;
#1134 = ORIENTED_EDGE ( 'NONE', *, *, #6893, .T. ) ;
#1135 = CARTESIAN_POINT ( 'NONE',  ( 669.5503988948173628, 935.9481165441617350, 1285.224160490111672 ) ) ;
#1136 = DIRECTION ( 'NONE',  ( 0.000000000000000000, 0.000000000000000000, 1.000000000000000000 ) ) ;
#1137 = EDGE_CURVE ( 'NONE', #5437, #663, #8505, .T. ) ;
#1138 = CARTESIAN_POINT ( 'NONE',  ( 667.5503988948173628, 907.9481165441617350, 1288.224160490111444 ) ) ;
#1139 = DIRECTION ( 'NONE',  ( -1.000000000000000000, 0.000000000000000000, 0.000000000000000000 ) ) ;
#1140 = ORIENTED_EDGE ( 'NONE', *, *, #4729, .T. ) ;
#1141 = PLANE ( 'NONE',  #8989 ) ;
#1142 = ORIENTED_EDGE ( 'NONE', *, *, #1810, .T. ) ;
#1143 = EDGE_CURVE ( 'NONE', #6108, #7697, #3545, .T. ) ;
#1144 = CARTESIAN_POINT ( 'NONE',  ( 650.5503988948173628, 920.4481165441617350, 1378.224160490111444 ) ) ;
#1145 = CIRCLE ( 'NONE', #6734, 1.200000000000089884 ) ;
#1146 = EDGE_LOOP ( 'NONE', ( #3674, #3892, #7021, #4378 ) ) ;
#1147 = ADVANCED_FACE ( 'NONE', ( #7051 ), #2564, .F. ) ;
#1148 = LINE ( 'NONE', #7850, #736 ) ;
#1149 = LINE ( 'NONE', #2005, #1828 ) ;
#1150 = CIRCLE ( 'NONE', #2436, 1.000000000000000888 ) ;
#1151 = LINE ( 'NONE', #4198, #3815 ) ;
#1152 = CARTESIAN_POINT ( 'NONE',  ( 654.8142489003156470, 881.5925673027140874, 1288.956622770503600 ) ) ;
#1153 = AXIS2_PLACEMENT_3D ( 'NONE', #9249, #4580, #9903 ) ;
#1154 = ORIENTED_EDGE ( 'NONE', *, *, #6608, .F. ) ;
#1155 = VECTOR ( 'NONE', #9659, 1000.000000000000000 ) ;
#1156 = CARTESIAN_POINT ( 'NONE',  ( 678.0503988948173628, 888.9481165441617350, 1290.824160490111353 ) ) ;
#1157 = ORIENTED_EDGE ( 'NONE', *, *, #9215, .F. ) ;
#1158 = LINE ( 'NONE', #3609, #9668 ) ;
#1159 = CARTESIAN_POINT ( 'NONE',  ( 696.8003988948139522, 907.9481165441579833, 1400.724160490111217 ) ) ;
#1160 = VERTEX_POINT ( 'NONE', #7895 ) ;
#1161 = DIRECTION ( 'NONE',  ( 0.000000000000000000, 1.000000000000000000, 0.000000000000000000 ) ) ;
#1162 = VECTOR ( 'NONE', #7537, 1000.000000000000000 ) ;
#1163 = CARTESIAN_POINT ( 'NONE',  ( 667.5503988948173628, 907.9481165441617350, 1281.724160490111444 ) ) ;
#1164 = DIRECTION ( 'NONE',  ( 0.000000000000000000, -1.000000000000000000, 0.000000000000000000 ) ) ;
#1165 = CARTESIAN_POINT ( 'NONE',  ( 639.3003988948191818, 917.9481165441650319, 1388.745784350350050 ) ) ;
#1166 = EDGE_CURVE ( 'NONE', #774, #3285, #4824, .T. ) ;
#1167 = CARTESIAN_POINT ( 'NONE',  ( 661.5503988948173628, 888.9481165441617350, 1289.224160490111444 ) ) ;
#1168 = AXIS2_PLACEMENT_3D ( 'NONE', #4569, #2175, #757 ) ;
#1169 = DIRECTION ( 'NONE',  ( -1.000000000000000000, -6.483054158395074660E-15, 0.000000000000000000 ) ) ;
#1170 = VERTEX_POINT ( 'NONE', #240 ) ;
#1171 = ORIENTED_EDGE ( 'NONE', *, *, #4415, .F. ) ;
#1172 = ORIENTED_EDGE ( 'NONE', *, *, #7782, .T. ) ;
#1173 = VECTOR ( 'NONE', #2517, 1000.000000000000000 ) ;
#1174 = CARTESIAN_POINT ( 'NONE',  ( 653.6674201714132550, 874.4619193613596053, 1378.224160490111444 ) ) ;
#1175 = DIRECTION ( 'NONE',  ( -0.000000000000000000, -0.000000000000000000, 1.000000000000000000 ) ) ;
#1176 = VERTEX_POINT ( 'NONE', #3309 ) ;
#1177 = CARTESIAN_POINT ( 'NONE',  ( 699.3080315931637188, 907.9481165441580970, 1399.724160490111444 ) ) ;
#1178 = CARTESIAN_POINT ( 'NONE',  ( 680.2052450911571668, 874.7350178424095475, 1377.777122669761638 ) ) ;
#1179 = EDGE_CURVE ( 'NONE', #8599, #9330, #4339, .T. ) ;
#1180 = CARTESIAN_POINT ( 'NONE',  ( 634.9879588756787143, 921.4481165441617350, 1377.224160490111444 ) ) ;
#1181 = ORIENTED_EDGE ( 'NONE', *, *, #3224, .F. ) ;
#1182 = ORIENTED_EDGE ( 'NONE', *, *, #8409, .T. ) ;
#1183 = EDGE_LOOP ( 'NONE', ( #6618, #1644, #4626, #8866 ) ) ;
#1184 = AXIS2_PLACEMENT_3D ( 'NONE', #5203, #5155, #4501 ) ;
#1185 = EDGE_CURVE ( 'NONE', #7889, #1668, #1150, .T. ) ;
#1186 = DIRECTION ( 'NONE',  ( -0.000000000000000000, -0.000000000000000000, -1.000000000000000000 ) ) ;
#1187 = DIRECTION ( 'NONE',  ( -0.000000000000000000, -0.000000000000000000, -1.000000000000000000 ) ) ;
#1188 = CARTESIAN_POINT ( 'NONE',  ( 665.9283937854312398, 878.6981165441579833, 1397.724160490111217 ) ) ;
#1189 = ORIENTED_EDGE ( 'NONE', *, *, #6730, .T. ) ;
#1190 = AXIS2_PLACEMENT_3D ( 'NONE', #6155, #150, #4812 ) ;
#1191 = AXIS2_PLACEMENT_3D ( 'NONE', #5107, #6657, #3661 ) ;
#1192 = ORIENTED_EDGE ( 'NONE', *, *, #5151, .F. ) ;
#1193 = EDGE_CURVE ( 'NONE', #3149, #2059, #3597, .T. ) ;
#1194 = DIRECTION ( 'NONE',  ( 0.5277000697507949756, -0.8382993707466422917, -0.1370649531820222200 ) ) ;
#1195 = EDGE_CURVE ( 'NONE', #1295, #675, #387, .T. ) ;
#1196 = EDGE_LOOP ( 'NONE', ( #9833, #463, #5863, #8965 ) ) ;
#1197 = DIRECTION ( 'NONE',  ( -0.000000000000000000, 0.000000000000000000, 1.000000000000000000 ) ) ;
#1198 = EDGE_CURVE ( 'NONE', #5342, #3526, #434, .T. ) ;
#1199 = CARTESIAN_POINT ( 'NONE',  ( 655.0503988948174765, 920.4481165441617350, 1378.224160490111444 ) ) ;
#1200 = DIRECTION ( 'NONE',  ( 8.326672684688689830E-16, 1.000000000000000000, 0.000000000000000000 ) ) ;
#1201 = ORIENTED_EDGE ( 'NONE', *, *, #4729, .F. ) ;
#1202 = AXIS2_PLACEMENT_3D ( 'NONE', #9508, #8757, #8041 ) ;
#1203 = DIRECTION ( 'NONE',  ( 0.000000000000000000, 0.000000000000000000, 1.000000000000000000 ) ) ;
#1204 = AXIS2_PLACEMENT_3D ( 'NONE', #5017, #8063, #7319 ) ;
#1205 = ORIENTED_EDGE ( 'NONE', *, *, #2668, .F. ) ;
#1206 = CARTESIAN_POINT ( 'NONE',  ( 633.3357458071504880, 919.9249861453225776, 1378.181912860846296 ) ) ;
#1207 = CARTESIAN_POINT ( 'NONE',  ( 696.8003988948141796, 897.9373532658598833, 1388.830721334059490 ) ) ;
#1208 = VERTEX_POINT ( 'NONE', #6646 ) ;
#1209 = CARTESIAN_POINT ( 'NONE',  ( 667.5503988948144070, 900.9481165441579833, 1397.724160490111217 ) ) ;
#1210 = B_SPLINE_CURVE_WITH_KNOTS ( 'NONE', 3,
 ( #1128, #6391, #2496, #1684, #5683, #8751, #7985, #6287, #4174, #7781 ),
 .UNSPECIFIED., .F., .F.,
 ( 4, 2, 2, 2, 4 ),
 ( 0.003415857651789329548, 0.003736789269672042418, 0.004057720887554754421, 0.004378652505437467292, 0.004699584123320180162 ),
 .UNSPECIFIED. ) ;
#1211 = CARTESIAN_POINT ( 'NONE',  ( 701.8170374901436617, 919.7743576789137023, 1378.224160490111444 ) ) ;
#1212 =( NAMED_UNIT ( * ) SI_UNIT ( $, .STERADIAN. ) SOLID_ANGLE_UNIT ( ) );
#1213 = PLANE ( 'NONE',  #8528 ) ;
#1214 = CIRCLE ( 'NONE', #410, 2.499999999999946709 ) ;
#1215 = DIRECTION ( 'NONE',  ( -1.000000000000000000, 0.000000000000000000, 0.000000000000000000 ) ) ;
#1216 = DIRECTION ( 'NONE',  ( 0.000000000000000000, 0.000000000000000000, 1.000000000000000000 ) ) ;
#1217 = ORIENTED_EDGE ( 'NONE', *, *, #7483, .F. ) ;
#1218 = ORIENTED_EDGE ( 'NONE', *, *, #4062, .T. ) ;
#1219 = ORIENTED_EDGE ( 'NONE', *, *, #4790, .T. ) ;
#1220 = CARTESIAN_POINT ( 'NONE',  ( 654.0503988948173628, 940.5105565633002698, 1377.224160490111444 ) ) ;
#1221 = CARTESIAN_POINT ( 'NONE',  ( 654.4571176670740442, 874.1420999478773410, 1378.170335324678490 ) ) ;
#1222 = CARTESIAN_POINT ( 'NONE',  ( 700.3080315931697442, 907.9481165441650319, 1394.724160490111444 ) ) ;
#1223 = VERTEX_POINT ( 'NONE', #6456 ) ;
#1224 = CARTESIAN_POINT ( 'NONE',  ( 655.7090524410633634, 873.6866809774858211, 1377.502419111325025 ) ) ;
#1225 = CARTESIAN_POINT ( 'NONE',  ( 680.0503988948174765, 874.6267645307758585, 1377.299273556895514 ) ) ;
#1226 = DIRECTION ( 'NONE',  ( -6.800116025829082232E-15, 1.000000000000000000, 0.000000000000000000 ) ) ;
#1227 = ORIENTED_EDGE ( 'NONE', *, *, #2156, .T. ) ;
#1228 = VERTEX_POINT ( 'NONE', #9518 ) ;
#1229 = ORIENTED_EDGE ( 'NONE', *, *, #6693, .F. ) ;
#1230 = AXIS2_PLACEMENT_3D ( 'NONE', #2174, #7621, #2224 ) ;
#1231 = CARTESIAN_POINT ( 'NONE',  ( 669.0503988948173628, 888.9481165441617350, 1292.224160490111444 ) ) ;
#1232 = FACE_BOUND ( 'NONE', #7163, .T. ) ;
#1233 = DIRECTION ( 'NONE',  ( -0.000000000000000000, -0.000000000000000000, -1.000000000000000000 ) ) ;
#1234 = ORIENTED_EDGE ( 'NONE', *, *, #149, .T. ) ;
#1235 = CARTESIAN_POINT ( 'NONE',  ( 688.7636023304106629, 886.7349131085616136, 1390.724160490111444 ) ) ;
#1236 = EDGE_CURVE ( 'NONE', #3984, #5783, #788, .T. ) ;
#1237 = ORIENTED_EDGE ( 'NONE', *, *, #2341, .F. ) ;
#1238 = VECTOR ( 'NONE', #5564, 1000.000000000000000 ) ;
#1239 = LINE ( 'NONE', #1144, #8476 ) ;
#1240 = EDGE_CURVE ( 'NONE', #4500, #8889, #1239, .T. ) ;
#1241 = VERTEX_POINT ( 'NONE', #4292 ) ;
#1242 = CIRCLE ( 'NONE', #283, 1.199999999999978861 ) ;
#1243 = PLANE ( 'NONE',  #5810 ) ;
#1244 = EDGE_CURVE ( 'NONE', #6369, #4177, #2730, .T. ) ;
#1245 = AXIS2_PLACEMENT_3D ( 'NONE', #639, #35, #8410 ) ;
#1246 = EDGE_CURVE ( 'NONE', #8334, #7176, #7999, .T. ) ;
#1247 = FACE_OUTER_BOUND ( 'NONE', #7175, .T. ) ;
#1248 = CARTESIAN_POINT ( 'NONE',  ( 667.5283937854312626, 878.6981165441579833, 1397.724160490111217 ) ) ;
#1249 = AXIS2_PLACEMENT_3D ( 'NONE', #4152, #9431, #1762 ) ;
#1250 = EDGE_CURVE ( 'NONE', #5439, #2939, #2167, .T. ) ;
#1251 = VERTEX_POINT ( 'NONE', #6504 ) ;
#1252 = CARTESIAN_POINT ( 'NONE',  ( 680.9918582631161144, 941.6146049933827271, 1378.489159679076920 ) ) ;
#1253 = AXIS2_PLACEMENT_3D ( 'NONE', #5069, #4970, #8121 ) ;
#1254 = VERTEX_POINT ( 'NONE', #9565 ) ;
#1255 = CARTESIAN_POINT ( 'NONE',  ( 703.8003988948164533, 907.9481165441579833, 1388.224160490111444 ) ) ;
#1256 = EDGE_CURVE ( 'NONE', #5899, #3965, #5750, .T. ) ;
#1257 = VECTOR ( 'NONE', #720, 1000.000000000000000 ) ;
#1258 = CARTESIAN_POINT ( 'NONE',  ( 697.4847019600267686, 895.9481165441580970, 1394.724160490111444 ) ) ;
#1259 = CIRCLE ( 'NONE', #4135, 1.200000000000089884 ) ;
#1260 = ORIENTED_EDGE ( 'NONE', *, *, #4382, .F. ) ;
#1261 = CARTESIAN_POINT ( 'NONE',  ( 696.6535744619976640, 918.2534772022565903, 1388.224160490111444 ) ) ;
#1262 = DIRECTION ( 'NONE',  ( 0.000000000000000000, 0.000000000000000000, -1.000000000000000000 ) ) ;
#1263 = VECTOR ( 'NONE', #4554, 1000.000000000000000 ) ;
#1264 = EDGE_CURVE ( 'NONE', #8023, #108, #2887, .T. ) ;
#1265 =( BOUNDED_CURVE ( )  B_SPLINE_CURVE ( 3, ( #349, #5801, #489, #9671 ),
 .UNSPECIFIED., .F., .T. ) 
 B_SPLINE_CURVE_WITH_KNOTS ( ( 4, 4 ),
 ( 0.1347854551705763571, 0.7679184184171073957 ),
 .UNSPECIFIED. ) 
 CURVE ( )  GEOMETRIC_REPRESENTATION_ITEM ( )  RATIONAL_B_SPLINE_CURVE ( ( 1.000000000000000000, 0.9668732604941269182, 0.9668732604941269182, 1.000000000000000000 ) ) 
 REPRESENTATION_ITEM ( '' )  );
#1266 = DIRECTION ( 'NONE',  ( -0.000000000000000000, -0.000000000000000000, 1.000000000000000000 ) ) ;
#1267 = DIRECTION ( 'NONE',  ( -9.505334114941407284E-17, 1.000000000000000000, -0.000000000000000000 ) ) ;
#1268 = CARTESIAN_POINT ( 'NONE',  ( 669.5503988948173628, 935.9481165441617350, 1283.624160490111535 ) ) ;
#1269 = CARTESIAN_POINT ( 'NONE',  ( 654.9025048999625369, 881.4247473093039389, 1281.724160490111444 ) ) ;
#1270 = VERTEX_POINT ( 'NONE', #8766 ) ;
#1271 = ORIENTED_EDGE ( 'NONE', *, *, #2677, .F. ) ;
#1272 = ORIENTED_EDGE ( 'NONE', *, *, #7726, .T. ) ;
#1273 = VECTOR ( 'NONE', #3931, 1000.000000000000000 ) ;
#1274 = DIRECTION ( 'NONE',  ( 0.000000000000000000, -1.000000000000000000, 0.000000000000000000 ) ) ;
#1275 = CARTESIAN_POINT ( 'NONE',  ( 654.8903144899566087, 873.9805011888727222, 1378.837366153309858 ) ) ;
#1276 = VECTOR ( 'NONE', #1485, 1000.000000000000000 ) ;
#1277 = CARTESIAN_POINT ( 'NONE',  ( 674.5503988948140659, 878.6981165441579833, 1400.724160490111217 ) ) ;
#1278 = ORIENTED_EDGE ( 'NONE', *, *, #993, .F. ) ;
#1279 = DIRECTION ( 'NONE',  ( 6.800116025829082232E-15, -1.000000000000000000, 0.000000000000000000 ) ) ;
#1280 = CARTESIAN_POINT ( 'NONE',  ( 655.4599421150298895, 942.1235679656695083, 1379.224160479761167 ) ) ;
#1281 = DIRECTION ( 'NONE',  ( -0.000000000000000000, -0.000000000000000000, 1.000000000000000000 ) ) ;
#1282 = EDGE_LOOP ( 'NONE', ( #3719, #8147, #206, #2147 ) ) ;
#1283 = VERTEX_POINT ( 'NONE', #3546 ) ;
#1284 = EDGE_CURVE ( 'NONE', #8139, #4586, #4793, .T. ) ;
#1285 = EDGE_LOOP ( 'NONE', ( #7878, #4885, #4563 ) ) ;
#1286 = DIRECTION ( 'NONE',  ( 3.358424649491096957E-15, -1.000000000000000000, 9.011550524554839257E-16 ) ) ;
#1287 = DIRECTION ( 'NONE',  ( 1.000000000000000000, 0.000000000000000000, -0.000000000000000000 ) ) ;
#1288 = CARTESIAN_POINT ( 'NONE',  ( 699.3080315931696305, 907.9481165441650319, 1399.724160490111444 ) ) ;
#1289 = ORIENTED_EDGE ( 'NONE', *, *, #1537, .T. ) ;
#1290 = CARTESIAN_POINT ( 'NONE',  ( 635.1783743439596037, 896.6540743558074382, 1389.499852871917255 ) ) ;
#1291 = CARTESIAN_POINT ( 'NONE',  ( 636.6275656292677922, 919.2530635252305728, 1388.406844777599645 ) ) ;
#1292 = ORIENTED_EDGE ( 'NONE', *, *, #2550, .F. ) ;
#1293 = EDGE_CURVE ( 'NONE', #3502, #7551, #3368, .T. ) ;
#1294 = CARTESIAN_POINT ( 'NONE',  ( 666.5503988948173628, 923.9481165441617350, 1288.224160490111444 ) ) ;
#1295 = VERTEX_POINT ( 'NONE', #8049 ) ;
#1296 = CARTESIAN_POINT ( 'NONE',  ( 638.3003988948192955, 907.9481165441651456, 1400.724160490111217 ) ) ;
#1297 = DIRECTION ( 'NONE',  ( 1.193489751472043754E-14, 1.000000000000000000, 0.000000000000000000 ) ) ;
#1298 = CARTESIAN_POINT ( 'NONE',  ( 679.6590081978774833, 873.7800325837030186, 1378.271146773317696 ) ) ;
#1299 = ORIENTED_EDGE ( 'NONE', *, *, #7601, .F. ) ;
#1300 = LINE ( 'NONE', #8823, #6333 ) ;
#1301 = ORIENTED_EDGE ( 'NONE', *, *, #9475, .T. ) ;
#1302 = EDGE_CURVE ( 'NONE', #5, #8397, #4240, .T. ) ;
#1303 = CARTESIAN_POINT ( 'NONE',  ( 633.7333096657110900, 921.0049626033925279, 1378.831865526180081 ) ) ;
#1304 = DIRECTION ( 'NONE',  ( 4.752667057470703642E-17, -1.000000000000000000, 0.000000000000000000 ) ) ;
#1305 = AXIS2_PLACEMENT_3D ( 'NONE', #8566, #3160, #4000 ) ;
#1306 = CARTESIAN_POINT ( 'NONE',  ( 696.8003988948141796, 897.9481165441580970, 1388.745784350350050 ) ) ;
#1307 = LINE ( 'NONE', #6421, #5042 ) ;
#1308 = CARTESIAN_POINT ( 'NONE',  ( 670.9245366148077210, 936.2046555436927520, 1284.398968937325435 ) ) ;
#1309 = AXIS2_PLACEMENT_3D ( 'NONE', #6244, #3667, #5445 ) ;
#1310 = EDGE_CURVE ( 'NONE', #6937, #882, #8640, .T. ) ;
#1311 = FACE_OUTER_BOUND ( 'NONE', #8380, .T. ) ;
#1312 = CARTESIAN_POINT ( 'NONE',  ( 634.7927661964696426, 907.9481165441652593, 1396.124160490111308 ) ) ;
#1313 = PLANE ( 'NONE',  #5883 ) ;
#1314 = DIRECTION ( 'NONE',  ( -1.000000000000000000, 0.000000000000000000, 0.000000000000000000 ) ) ;
#1315 = ORIENTED_EDGE ( 'NONE', *, *, #1310, .T. ) ;
#1316 = ORIENTED_EDGE ( 'NONE', *, *, #5475, .F. ) ;
#1317 = AXIS2_PLACEMENT_3D ( 'NONE', #6850, #9911, #6091 ) ;
#1318 = EDGE_CURVE ( 'NONE', #2448, #7889, #9707, .T. ) ;
#1319 = ORIENTED_EDGE ( 'NONE', *, *, #4126, .T. ) ;
#1320 = DIRECTION ( 'NONE',  ( -0.000000000000000000, 1.000000000000000000, -0.000000000000000000 ) ) ;
#1321 = EDGE_CURVE ( 'NONE', #6183, #1032, #9757, .T. ) ;
#1322 = ADVANCED_FACE ( 'NONE', ( #2758 ), #5142, .F. ) ;
#1323 = CARTESIAN_POINT ( 'NONE',  ( 654.0503988948173628, 875.3856765250230865, 1378.224160490111444 ) ) ;
#1324 = AXIS2_PLACEMENT_3D ( 'NONE', #9604, #6486, #1125 ) ;
#1325 = CARTESIAN_POINT ( 'NONE',  ( 633.3743102744554108, 920.0342974238309353, 1379.212127583084111 ) ) ;
#1326 = ORIENTED_EDGE ( 'NONE', *, *, #2287, .F. ) ;
#1327 = LINE ( 'NONE', #8081, #2532 ) ;
#1328 = B_SPLINE_CURVE_WITH_KNOTS ( 'NONE', 3,
 ( #3017, #9126, #1410, #6663 ),
 .UNSPECIFIED., .F., .F.,
 ( 4, 4 ),
 ( 1.110223024625156540E-16, 0.0001400365935900122253 ),
 .UNSPECIFIED. ) ;
#1329 = DIRECTION ( 'NONE',  ( 1.000000000000000000, -3.091019250637537289E-15, 0.000000000000000000 ) ) ;
#1330 = ORIENTED_EDGE ( 'NONE', *, *, #1800, .F. ) ;
#1331 = ORIENTED_EDGE ( 'NONE', *, *, #5521, .F. ) ;
#1332 = ORIENTED_EDGE ( 'NONE', *, *, #7919, .T. ) ;
#1333 = FACE_OUTER_BOUND ( 'NONE', #3177, .T. ) ;
#1334 = CARTESIAN_POINT ( 'NONE',  ( 634.9879588756788280, 921.4481165441617350, 1388.224160490111444 ) ) ;
#1335 = DIRECTION ( 'NONE',  ( 1.387778780781469341E-16, 1.000000000000000000, -0.000000000000000000 ) ) ;
#1336 = VERTEX_POINT ( 'NONE', #4439 ) ;
#1337 = DIRECTION ( 'NONE',  ( 0.000000000000000000, 0.000000000000000000, 1.000000000000000000 ) ) ;
#1338 = CARTESIAN_POINT ( 'NONE',  ( 636.4452708064104627, 919.5225385116433472, 1388.454194082238246 ) ) ;
#1339 = CARTESIAN_POINT ( 'NONE',  ( 695.6894273792728427, 889.2349131085616136, 1390.724160490111444 ) ) ;
#1340 = ORIENTED_EDGE ( 'NONE', *, *, #8153, .F. ) ;
#1341 = CARTESIAN_POINT ( 'NONE',  ( 682.5503988948173628, 907.9481165441617350, 1288.224160490111444 ) ) ;
#1342 = B_SPLINE_CURVE_WITH_KNOTS ( 'NONE', 3,
 ( #5194, #5946, #5799, #2909, #7310, #3653, #9763, #8869, #7406, #5897, #1298, #2812, #486, #5847, #2145, #3603 ),
 .UNSPECIFIED., .F., .F.,
 ( 4, 2, 2, 2, 2, 2, 2, 4 ),
 ( 0.000000000000000000, 0.0004124699484726446598, 0.0008249398969452893197, 0.001237409845417934088, 0.001649879793890578639, 0.002474819690835516461, 0.002887289639307684831, 0.003299759587779852333 ),
 .UNSPECIFIED. ) ;
#1343 = CARTESIAN_POINT ( 'NONE',  ( 696.5357139502388009, 926.1940479026374078, 1388.716960580079558 ) ) ;
#1344 = AXIS2_PLACEMENT_3D ( 'NONE', #7459, #5759, #8975 ) ;
#1345 = CARTESIAN_POINT ( 'NONE',  ( 639.4113704103607461, 925.6613199797615152, 1388.224160490111444 ) ) ;
#1346 = ORIENTED_EDGE ( 'NONE', *, *, #2105, .F. ) ;
#1347 = VERTEX_POINT ( 'NONE', #9159 ) ;
#1348 = DIRECTION ( 'NONE',  ( 0.000000000000000000, 1.000000000000000000, 0.000000000000000000 ) ) ;
#1349 = VERTEX_POINT ( 'NONE', #8195 ) ;
#1350 = PLANE ( 'NONE',  #3905 ) ;
#1351 = CARTESIAN_POINT ( 'NONE',  ( 678.0503988948173628, 888.9481165441617350, 1288.224160490111444 ) ) ;
#1352 = TOROIDAL_SURFACE ( 'NONE', #4218, 2.000000000000000000, 1.000000000000000000 ) ;
#1353 = CARTESIAN_POINT ( 'NONE',  ( 655.5503988948173628, 897.9481165441617350, 1292.224160490111444 ) ) ;
#1354 = DIRECTION ( 'NONE',  ( -1.000000000000000000, 0.000000000000000000, 0.000000000000000000 ) ) ;
#1355 = CARTESIAN_POINT ( 'NONE',  ( 701.6225776359619886, 920.3436537577567833, 1377.806179695296805 ) ) ;
#1356 = ADVANCED_FACE ( 'NONE', ( #9203 ), #2902, .F. ) ;
#1357 = AXIS2_PLACEMENT_3D ( 'NONE', #7617, #9135, #6773 ) ;
#1358 = DIRECTION ( 'NONE',  ( 0.000000000000000000, -1.000000000000000000, 0.000000000000000000 ) ) ;
#1359 = CARTESIAN_POINT ( 'NONE',  ( 637.3579175484971984, 922.6844594648514430, 1388.224160490111444 ) ) ;
#1360 = DIRECTION ( 'NONE',  ( 0.000000000000000000, 0.000000000000000000, 1.000000000000000000 ) ) ;
#1361 = CARTESIAN_POINT ( 'NONE',  ( 672.5503988948173628, 937.9481165441617350, 1283.224160490111672 ) ) ;
#1362 = VERTEX_POINT ( 'NONE', #673 ) ;
#1363 = ORIENTED_EDGE ( 'NONE', *, *, #3645, .T. ) ;
#1364 = CIRCLE ( 'NONE', #3923, 2.000000000000001776 ) ;
#1365 = ORIENTED_EDGE ( 'NONE', *, *, #1543, .T. ) ;
#1366 = LINE ( 'NONE', #3028, #8569 ) ;
#1367 = EDGE_CURVE ( 'NONE', #5060, #2620, #5751, .T. ) ;
#1368 = VECTOR ( 'NONE', #8629, 1000.000000000000000 ) ;
#1369 = EDGE_CURVE ( 'NONE', #1081, #7431, #5332, .T. ) ;
#1370 = CARTESIAN_POINT ( 'NONE',  ( 654.0503988948173628, 880.9013780744462565, 1378.224160490111444 ) ) ;
#1371 = DIRECTION ( 'NONE',  ( 0.000000000000000000, -0.000000000000000000, 1.000000000000000000 ) ) ;
#1372 = CYLINDRICAL_SURFACE ( 'NONE', #844, 1.200000000000089884 ) ;
#1373 = VERTEX_POINT ( 'NONE', #3845 ) ;
#1374 = AXIS2_PLACEMENT_3D ( 'NONE', #4727, #2334, #5531 ) ;
#1375 = EDGE_CURVE ( 'NONE', #2130, #4069, #1445, .T. ) ;
#1376 = CARTESIAN_POINT ( 'NONE',  ( 680.0503988948174765, 944.1981165441617350, 1292.724160490111444 ) ) ;
#1377 = DIRECTION ( 'NONE',  ( -1.000000000000000000, 0.000000000000000000, 0.000000000000000000 ) ) ;
#1378 = ORIENTED_EDGE ( 'NONE', *, *, #5900, .F. ) ;
#1379 = ORIENTED_EDGE ( 'NONE', *, *, #9, .F. ) ;
#1380 = EDGE_CURVE ( 'NONE', #1608, #112, #6553, .T. ) ;
#1381 = AXIS2_PLACEMENT_3D ( 'NONE', #2253, #8359, #1497 ) ;
#1382 = VERTEX_POINT ( 'NONE', #9011 ) ;
#1383 = EDGE_CURVE ( 'NONE', #6353, #9116, #1435, .T. ) ;
#1384 = CARTESIAN_POINT ( 'NONE',  ( 703.8003988948173628, 924.9481165441617350, 1292.724160490111444 ) ) ;
#1385 = PLANE ( 'NONE',  #9114 ) ;
#1386 = DIRECTION ( 'NONE',  ( 1.000000000000000000, -1.387778780781469341E-16, 0.000000000000000000 ) ) ;
#1387 = CARTESIAN_POINT ( 'NONE',  ( 657.5503988948192955, 937.1981165441651456, 1394.724160490111444 ) ) ;
#1388 = ORIENTED_EDGE ( 'NONE', *, *, #441, .T. ) ;
#1389 = CARTESIAN_POINT ( 'NONE',  ( 636.2555026010061283, 897.4541816400715106, 1388.503484525195745 ) ) ;
#1390 = CARTESIAN_POINT ( 'NONE',  ( 636.4365020213290336, 920.3202095674209886, 1388.456471688752572 ) ) ;
#1391 = CARTESIAN_POINT ( 'NONE',  ( 634.7927661964642994, 897.9481165441582107, 1397.724160490111217 ) ) ;
#1392 = VERTEX_POINT ( 'NONE', #1339 ) ;
#1393 = LINE ( 'NONE', #1296, #1043 ) ;
#1394 = CIRCLE ( 'NONE', #5068, 1.200000000000089884 ) ;
#1395 = CARTESIAN_POINT ( 'NONE',  ( 679.5503988948173628, 920.4481165441617350, 1388.224160490111444 ) ) ;
#1396 = VECTOR ( 'NONE', #4980, 1000.000000000000000 ) ;
#1397 = DIRECTION ( 'NONE',  ( 1.000000000000000000, 0.000000000000000000, 0.000000000000000000 ) ) ;
#1398 = ORIENTED_EDGE ( 'NONE', *, *, #5465, .T. ) ;
#1399 = EDGE_LOOP ( 'NONE', ( #5121, #1943 ) ) ;
#1400 = DIRECTION ( 'NONE',  ( -5.899300269288732424E-15, 1.000000000000000000, 0.000000000000000000 ) ) ;
#1401 = CARTESIAN_POINT ( 'NONE',  ( 667.5283937854312626, 878.6981165441579833, 1397.724160490111217 ) ) ;
#1402 = CARTESIAN_POINT ( 'NONE',  ( 647.5371954592228576, 929.1613199797616289, 1390.724160490111444 ) ) ;
#1403 = EDGE_CURVE ( 'NONE', #508, #3006, #1533, .T. ) ;
#1404 = CARTESIAN_POINT ( 'NONE',  ( 680.0503988948173628, 923.9481165441617350, 1378.224160490111444 ) ) ;
#1405 = CARTESIAN_POINT ( 'NONE',  ( 651.5503988948173628, 917.9481165441617350, 1292.224160490111444 ) ) ;
#1406 = CARTESIAN_POINT ( 'NONE',  ( 701.8170374901436617, 919.7743576789134750, 1379.224160490111444 ) ) ;
#1407 = CIRCLE ( 'NONE', #121, 2.000000000000001776 ) ;
#1408 = FACE_OUTER_BOUND ( 'NONE', #7067, .T. ) ;
#1409 = EDGE_CURVE ( 'NONE', #8021, #5376, #6065, .T. ) ;
#1410 = CARTESIAN_POINT ( 'NONE',  ( 637.3444881943268001, 918.8554311691134444, 1388.224160490111444 ) ) ;
#1411 = AXIS2_PLACEMENT_3D ( 'NONE', #1648, #3952, #9218 ) ;
#1412 = DIRECTION ( 'NONE',  ( 0.000000000000000000, 0.000000000000000000, -1.000000000000000000 ) ) ;
#1413 = VECTOR ( 'NONE', #1890, 1000.000000000000000 ) ;
#1414 = CIRCLE ( 'NONE', #758, 1.600000000000045830 ) ;
#1415 = CARTESIAN_POINT ( 'NONE',  ( 738.3003988948194092, 907.9481165441578696, 1399.324160490111353 ) ) ;
#1416 = ORIENTED_EDGE ( 'NONE', *, *, #7773, .T. ) ;
#1417 = EDGE_LOOP ( 'NONE', ( #1192, #1786, #5526, #4308 ) ) ;
#1418 = VERTEX_POINT ( 'NONE', #2345 ) ;
#1419 = DIRECTION ( 'NONE',  ( -3.608224830031761912E-15, -1.000000000000000000, 2.703465157366451580E-15 ) ) ;
#1420 = VECTOR ( 'NONE', #845, 1000.000000000000000 ) ;
#1421 = CARTESIAN_POINT ( 'NONE',  ( 669.5503988948173628, 935.9481165441617350, 1283.624160490111535 ) ) ;
#1422 = EDGE_CURVE ( 'NONE', #8644, #9545, #7824, .T. ) ;
#1423 = CARTESIAN_POINT ( 'NONE',  ( 654.8879331730647664, 874.7405715706684077, 1377.774715909793713 ) ) ;
#1424 = LINE ( 'NONE', #3870, #6759 ) ;
#1425 = ORIENTED_EDGE ( 'NONE', *, *, #4299, .T. ) ;
#1426 = CARTESIAN_POINT ( 'NONE',  ( 666.5503988948173628, 938.9481165441617350, 1288.224160490111444 ) ) ;
#1427 = EDGE_CURVE ( 'NONE', #9642, #6353, #781, .T. ) ;
#1428 = CARTESIAN_POINT ( 'NONE',  ( 679.4892623647206165, 873.7205052722881646, 1377.890552483845795 ) ) ;
#1429 = ORIENTED_EDGE ( 'NONE', *, *, #2117, .F. ) ;
#1430 = ORIENTED_EDGE ( 'NONE', *, *, #5521, .T. ) ;
#1431 = EDGE_CURVE ( 'NONE', #2751, #9927, #628, .T. ) ;
#1432 = AXIS2_PLACEMENT_3D ( 'NONE', #7230, #9645, #6623 ) ;
#1433 = VERTEX_POINT ( 'NONE', #3742 ) ;
#1434 = DIRECTION ( 'NONE',  ( -0.000000000000000000, 1.000000000000000000, -0.000000000000000000 ) ) ;
#1435 = CIRCLE ( 'NONE', #9914, 0.9999999999999955591 ) ;
#1436 = DIRECTION ( 'NONE',  ( 4.297750687837143419E-16, -1.000000000000000000, -1.654634014816977461E-15 ) ) ;
#1437 = EDGE_CURVE ( 'NONE', #6929, #8957, #3693, .T. ) ;
#1438 = CARTESIAN_POINT ( 'NONE',  ( 679.5503988948173628, 897.9481165441617350, 1298.224160490111444 ) ) ;
#1439 = ADVANCED_FACE ( 'NONE', ( #2194 ), #6842, .F. ) ;
#1440 = DIRECTION ( 'NONE',  ( -0.000000000000000000, -0.000000000000000000, -1.000000000000000000 ) ) ;
#1441 = ORIENTED_EDGE ( 'NONE', *, *, #3744, .F. ) ;
#1442 = FACE_OUTER_BOUND ( 'NONE', #9708, .T. ) ;
#1443 = CARTESIAN_POINT ( 'NONE',  ( 638.4472233276359248, 897.6427558860665386, 1388.224160490111444 ) ) ;
#1444 = EDGE_CURVE ( 'NONE', #5296, #5770, #3045, .T. ) ;
#1445 = LINE ( 'NONE', #8398, #5264 ) ;
#1446 = VERTEX_POINT ( 'NONE', #6039 ) ;
#1447 = EDGE_CURVE ( 'NONE', #3684, #4228, #9110, .T. ) ;
#1448 = CARTESIAN_POINT ( 'NONE',  ( 650.5503988948173628, 907.9481165441617350, 1378.224160490111444 ) ) ;
#1449 = CARTESIAN_POINT ( 'NONE',  ( 639.4113704103607461, 925.6613199797615152, 1388.716960580079558 ) ) ;
#1450 = ADVANCED_FACE ( 'NONE', ( #4536 ), #7587, .T. ) ;
#1451 = LINE ( 'NONE', #6944, #3873 ) ;
#1452 = ORIENTED_EDGE ( 'NONE', *, *, #9251, .F. ) ;
#1453 = ORIENTED_EDGE ( 'NONE', *, *, #2852, .F. ) ;
#1454 = PLANE ( 'NONE',  #725 ) ;
#1455 = DIRECTION ( 'NONE',  ( -0.000000000000000000, -0.000000000000000000, -1.000000000000000000 ) ) ;
#1456 = DIRECTION ( 'NONE',  ( 1.000000000000000000, 3.358424649491096563E-15, -0.000000000000000000 ) ) ;
#1457 = ORIENTED_EDGE ( 'NONE', *, *, #7064, .F. ) ;
#1458 = LINE ( 'NONE', #3710, #384 ) ;
#1459 = CARTESIAN_POINT ( 'NONE',  ( 696.6535744619924344, 897.6427558860663112, 1388.224160490111444 ) ) ;
#1460 = CARTESIAN_POINT ( 'NONE',  ( 638.3335210352873901, 925.4801137222252692, 1388.224160490110989 ) ) ;
#1461 = DIRECTION ( 'NONE',  ( 1.000000000000000000, 0.000000000000000000, 0.000000000000000000 ) ) ;
#1462 = LINE ( 'NONE', #9178, #218 ) ;
#1463 = CARTESIAN_POINT ( 'NONE',  ( 677.5503988948173628, 923.9481165441617350, 1298.224160490111444 ) ) ;
#1464 = ORIENTED_EDGE ( 'NONE', *, *, #6120, .F. ) ;
#1465 = ORIENTED_EDGE ( 'NONE', *, *, #1185, .T. ) ;
#1466 = ORIENTED_EDGE ( 'NONE', *, *, #3779, .F. ) ;
#1467 = DIRECTION ( 'NONE',  ( -0.000000000000000000, 0.000000000000000000, -1.000000000000000000 ) ) ;
#1468 = DIRECTION ( 'NONE',  ( -0.000000000000000000, -0.000000000000000000, 1.000000000000000000 ) ) ;
#1469 = CARTESIAN_POINT ( 'NONE',  ( 699.4362470753635534, 895.4412951214854957, 1389.436713083565792 ) ) ;
#1470 = EDGE_LOOP ( 'NONE', ( #4740, #4395, #9786, #8477 ) ) ;
#1471 = TOROIDAL_SURFACE ( 'NONE', #2765, 11.00000000000000355, 1.000000000000000000 ) ;
#1472 = DIRECTION ( 'NONE',  ( -1.000000000000000000, 0.000000000000000000, 0.000000000000000000 ) ) ;
#1473 = CARTESIAN_POINT ( 'NONE',  ( 681.0503988948173628, 940.5105565633002698, 1292.724160490111444 ) ) ;
#1474 = ORIENTED_EDGE ( 'NONE', *, *, #7548, .T. ) ;
#1475 = ORIENTED_EDGE ( 'NONE', *, *, #8565, .T. ) ;
#1476 = ORIENTED_EDGE ( 'NONE', *, *, #1409, .T. ) ;
#1477 = LINE ( 'NONE', #5981, #9374 ) ;
#1478 = VECTOR ( 'NONE', #1233, 1000.000000000000000 ) ;
#1479 = DIRECTION ( 'NONE',  ( -1.000000000000000000, 0.000000000000000000, 0.000000000000000000 ) ) ;
#1480 = CYLINDRICAL_SURFACE ( 'NONE', #6847, 1.000000000000000888 ) ;
#1481 = CARTESIAN_POINT ( 'NONE',  ( 666.0503988948174765, 888.9481165441617350, 1290.824160490111353 ) ) ;
#1482 = ORIENTED_EDGE ( 'NONE', *, *, #8538, .T. ) ;
#1483 = LINE ( 'NONE', #2948, #1626 ) ;
#1484 = CARTESIAN_POINT ( 'NONE',  ( 699.5079818795503570, 920.0585091947870069, 1389.446029291908189 ) ) ;
#1485 = DIRECTION ( 'NONE',  ( 1.000000000000000000, 2.871417490858054344E-15, -0.000000000000000000 ) ) ;
#1486 = AXIS2_PLACEMENT_3D ( 'NONE', #5960, #5159, #8215 ) ;
#1487 = EDGE_LOOP ( 'NONE', ( #6405, #7982, #1057 ) ) ;
#1488 = EDGE_CURVE ( 'NONE', #4398, #935, #2569, .T. ) ;
#1489 = LINE ( 'NONE', #9112, #5834 ) ;
#1490 = DIRECTION ( 'NONE',  ( -0.000000000000000000, -0.000000000000000000, 1.000000000000000000 ) ) ;
#1491 = ADVANCED_FACE ( 'NONE', ( #5820 ), #6534, .T. ) ;
#1492 = CARTESIAN_POINT ( 'NONE',  ( 679.5503988948192955, 937.8824196093778482, 1394.724160490111444 ) ) ;
#1493 = EDGE_CURVE ( 'NONE', #2947, #2661, #1982, .T. ) ;
#1494 = ORIENTED_EDGE ( 'NONE', *, *, #694, .F. ) ;
#1495 = ORIENTED_EDGE ( 'NONE', *, *, #9210, .T. ) ;
#1496 = ADVANCED_FACE ( 'NONE', ( #5774 ), #8945, .F. ) ;
#1497 = DIRECTION ( 'NONE',  ( -1.000000000000000000, 0.000000000000000000, 0.000000000000000000 ) ) ;
#1498 = LINE ( 'NONE', #9023, #653 ) ;
#1499 = DIRECTION ( 'NONE',  ( -0.000000000000000000, -0.000000000000000000, 1.000000000000000000 ) ) ;
#1500 = EDGE_CURVE ( 'NONE', #2329, #1031, #7282, .T. ) ;
#1501 = EDGE_LOOP ( 'NONE', ( #2628, #616 ) ) ;
#1502 = AXIS2_PLACEMENT_3D ( 'NONE', #692, #2154, #4553 ) ;
#1503 = CIRCLE ( 'NONE', #9185, 10.00000000000000888 ) ;
#1504 = CARTESIAN_POINT ( 'NONE',  ( 646.3371954592175825, 886.7349131085609315, 1339.722160490111492 ) ) ;
#1505 = CARTESIAN_POINT ( 'NONE',  ( 701.0365960773423240, 921.8310952682344350, 1377.496219618869873 ) ) ;
#1506 = DIRECTION ( 'NONE',  ( 0.000000000000000000, 0.000000000000000000, -1.000000000000000000 ) ) ;
#1507 = CARTESIAN_POINT ( 'NONE',  ( 696.6535744619924344, 897.6427558860663112, 1388.224160490111444 ) ) ;
#1508 = AXIS2_PLACEMENT_3D ( 'NONE', #5236, #2340, #7686 ) ;
#1509 = FACE_OUTER_BOUND ( 'NONE', #7363, .T. ) ;
#1510 = LINE ( 'NONE', #4562, #5717 ) ;
#1511 = VERTEX_POINT ( 'NONE', #2786 ) ;
#1512 = ORIENTED_EDGE ( 'NONE', *, *, #8479, .T. ) ;
#1513 = VERTEX_POINT ( 'NONE', #4169 ) ;
#1514 = FACE_OUTER_BOUND ( 'NONE', #2672, .T. ) ;
#1515 = ADVANCED_FACE ( 'NONE', ( #2026 ), #2230, .T. ) ;
#1516 = DIRECTION ( 'NONE',  ( -0.000000000000000000, -0.000000000000000000, -1.000000000000000000 ) ) ;
#1517 = DIRECTION ( 'NONE',  ( 6.800116025829082232E-15, -1.000000000000000000, 0.000000000000000000 ) ) ;
#1518 = ORIENTED_EDGE ( 'NONE', *, *, #1064, .F. ) ;
#1519 = DIRECTION ( 'NONE',  ( -0.9678837029207191245, -6.581721479369976747E-15, -0.2513983643949918578 ) ) ;
#1520 = CARTESIAN_POINT ( 'NONE',  ( 655.0444884339668761, 941.9928421028157572, 1377.491440304758498 ) ) ;
#1521 = VECTOR ( 'NONE', #6187, 1000.000000000000000 ) ;
#1522 = ORIENTED_EDGE ( 'NONE', *, *, #754, .T. ) ;
#1523 = ORIENTED_EDGE ( 'NONE', *, *, #1686, .T. ) ;
#1524 = CARTESIAN_POINT ( 'NONE',  ( 631.8031956236089854, 944.1991165441650082, 1389.659927895952933 ) ) ;
#1525 = CARTESIAN_POINT ( 'NONE',  ( 679.5503988948173628, 917.9481165441617350, 1298.224160490111444 ) ) ;
#1526 = DIRECTION ( 'NONE',  ( 0.000000000000000000, 0.000000000000000000, 1.000000000000000000 ) ) ;
#1527 = CARTESIAN_POINT ( 'NONE',  ( 697.7698976535349402, 893.3744968789159202, 1388.224160490111217 ) ) ;
#1528 = ORIENTED_EDGE ( 'NONE', *, *, #3698, .F. ) ;
#1529 = CARTESIAN_POINT ( 'NONE',  ( 639.4113704103607461, 925.6613199797615152, 1388.716960580079558 ) ) ;
#1530 = CARTESIAN_POINT ( 'NONE',  ( 679.5503988948173628, 897.9481165441617350, 1298.224160490111444 ) ) ;
#1531 = AXIS2_PLACEMENT_3D ( 'NONE', #1863, #4905, #6465 ) ;
#1532 = EDGE_LOOP ( 'NONE', ( #3273, #5248, #2330, #9407, #4896, #8434 ) ) ;
#1533 = LINE ( 'NONE', #1391, #2237 ) ;
#1534 = ORIENTED_EDGE ( 'NONE', *, *, #6752, .F. ) ;
#1535 = DIRECTION ( 'NONE',  ( -0.000000000000000000, 0.000000000000000000, -1.000000000000000000 ) ) ;
#1536 = DIRECTION ( 'NONE',  ( 1.000000000000000000, -8.326672684688689830E-16, -0.000000000000000000 ) ) ;
#1537 = EDGE_CURVE ( 'NONE', #6558, #5898, #1882, .T. ) ;
#1538 = ORIENTED_EDGE ( 'NONE', *, *, #5038, .F. ) ;
#1539 = ORIENTED_EDGE ( 'NONE', *, *, #8347, .T. ) ;
#1540 = DIRECTION ( 'NONE',  ( 1.000000000000000000, 5.899300269288732424E-15, 0.000000000000000000 ) ) ;
#1541 = LINE ( 'NONE', #2356, #6898 ) ;
#1542 = FACE_OUTER_BOUND ( 'NONE', #6682, .T. ) ;
#1543 = EDGE_CURVE ( 'NONE', #1826, #8180, #7524, .T. ) ;
#1544 = AXIS2_PLACEMENT_3D ( 'NONE', #9321, #3164, #5502 ) ;
#1545 = CARTESIAN_POINT ( 'NONE',  ( 667.5503988948173628, 937.9481165441617350, 1283.224160490111672 ) ) ;
#1546 = VECTOR ( 'NONE', #7024, 1000.000000000000000 ) ;
#1547 = DIRECTION ( 'NONE',  ( -1.000000000000000000, -6.125368411725000433E-15, 0.000000000000000000 ) ) ;
#1548 = B_SPLINE_CURVE_WITH_KNOTS ( 'NONE', 3,
 ( #9068, #7651, #9864, #840, #2149, #9217, #4498, #6805, #2204, #3009, #6855, #5251, #6708, #9768, #2914, #8313 ),
 .UNSPECIFIED., .F., .F.,
 ( 4, 2, 2, 2, 2, 2, 2, 4 ),
 ( 0.000000000000000000, 0.0004153991862600385325, 0.0008307983725200770650, 0.001246197558780115597, 0.001661596745040154130, 0.002076995931300192662, 0.002492395117560231195, 0.003323193490080080144 ),
 .UNSPECIFIED. ) ;
#1549 = CARTESIAN_POINT ( 'NONE',  ( 701.0365960776196061, 921.8310952675659564, 1377.224160490111444 ) ) ;
#1550 = EDGE_CURVE ( 'NONE', #1668, #1511, #2983, .T. ) ;
#1551 = CARTESIAN_POINT ( 'NONE',  ( 637.3309001360983075, 922.3521249708356891, 1388.224160490111444 ) ) ;
#1552 = PLANE ( 'NONE',  #1907 ) ;
#1553 = CARTESIAN_POINT ( 'NONE',  ( 686.2636023304157789, 929.1613199797623110, 1339.722160490111492 ) ) ;
#1554 = CIRCLE ( 'NONE', #6360, 1.200000000000089884 ) ;
#1555 = LINE ( 'NONE', #7613, #3326 ) ;
#1556 = ORIENTED_EDGE ( 'NONE', *, *, #643, .F. ) ;
#1557 = ORIENTED_EDGE ( 'NONE', *, *, #6214, .T. ) ;
#1558 = ORIENTED_EDGE ( 'NONE', *, *, #8839, .T. ) ;
#1559 = CARTESIAN_POINT ( 'NONE',  ( 636.7119595946999198, 894.8888876473148457, 1388.384924267096721 ) ) ;
#1560 = EDGE_CURVE ( 'NONE', #7299, #1681, #6874, .T. ) ;
#1561 = CIRCLE ( 'NONE', #7328, 10.00000000000000888 ) ;
#1562 = VECTOR ( 'NONE', #4761, 1000.000000000000000 ) ;
#1563 = CARTESIAN_POINT ( 'NONE',  ( 655.7241577600656228, 873.6814779488354361, 1377.224160490110989 ) ) ;
#1564 = CARTESIAN_POINT ( 'NONE',  ( 681.0503988948173628, 880.9013780744462565, 1377.224160490111444 ) ) ;
#1565 = CIRCLE ( 'NONE', #9420, 0.8701425580486255029 ) ;
#1566 = ORIENTED_EDGE ( 'NONE', *, *, #5736, .F. ) ;
#1567 = FACE_OUTER_BOUND ( 'NONE', #4300, .T. ) ;
#1568 = FACE_OUTER_BOUND ( 'NONE', #4377, .T. ) ;
#1569 = AXIS2_PLACEMENT_3D ( 'NONE', #6863, #1360, #743 ) ;
#1570 = ORIENTED_EDGE ( 'NONE', *, *, #2188, .F. ) ;
#1571 = EDGE_CURVE ( 'NONE', #3401, #2130, #8308, .T. ) ;
#1572 = ORIENTED_EDGE ( 'NONE', *, *, #6881, .F. ) ;
#1573 = AXIS2_PLACEMENT_3D ( 'NONE', #4782, #7830, #972 ) ;
#1574 = ORIENTED_EDGE ( 'NONE', *, *, #2691, .F. ) ;
#1575 = CIRCLE ( 'NONE', #6694, 36.25000000000000711 ) ;
#1576 = CARTESIAN_POINT ( 'NONE',  ( 647.5371954592177417, 886.7349131085608178, 1390.724160490111444 ) ) ;
#1577 = CARTESIAN_POINT ( 'NONE',  ( 700.3080315931638324, 898.9481165441580970, 1397.724160490111217 ) ) ;
#1578 = CARTESIAN_POINT ( 'NONE',  ( 679.0503988948173628, 923.9481165441617350, 1377.224160490111444 ) ) ;
#1579 = DIRECTION ( 'NONE',  ( -1.000000000000000000, 0.000000000000000000, 0.000000000000000000 ) ) ;
#1580 = EDGE_LOOP ( 'NONE', ( #3269, #3620, #9255, #9902 ) ) ;
#1581 = DIRECTION ( 'NONE',  ( -0.9678837029207195686, 3.492342009461615743E-15, 0.2513983643949903035 ) ) ;
#1582 = LINE ( 'NONE', #1530, #5503 ) ;
#1583 = LINE ( 'NONE', #2396, #767 ) ;
#1584 = CIRCLE ( 'NONE', #2876, 3.000000000000002665 ) ;
#1585 = VERTEX_POINT ( 'NONE', #8326 ) ;
#1586 = ORIENTED_EDGE ( 'NONE', *, *, #1543, .F. ) ;
#1587 = ORIENTED_EDGE ( 'NONE', *, *, #2853, .F. ) ;
#1588 = DIRECTION ( 'NONE',  ( -0.000000000000000000, -0.000000000000000000, -1.000000000000000000 ) ) ;
#1589 = DIRECTION ( 'NONE',  ( 0.000000000000000000, 0.000000000000000000, 1.000000000000000000 ) ) ;
#1590 = FACE_OUTER_BOUND ( 'NONE', #9247, .T. ) ;
#1591 = ORIENTED_EDGE ( 'NONE', *, *, #7983, .F. ) ;
#1592 = DIRECTION ( 'NONE',  ( 1.000000000000000000, 0.000000000000000000, 0.000000000000000000 ) ) ;
#1593 = VERTEX_POINT ( 'NONE', #2933 ) ;
#1594 = AXIS2_PLACEMENT_3D ( 'NONE', #2093, #7303, #3501 ) ;
#1595 = CARTESIAN_POINT ( 'NONE',  ( 634.7927661964700974, 917.9481165441650319, 1374.668558774804069 ) ) ;
#1596 = CARTESIAN_POINT ( 'NONE',  ( 667.5503988948173628, 938.9481165441617350, 1287.224160490111672 ) ) ;
#1597 = CARTESIAN_POINT ( 'NONE',  ( 651.9646124571904693, 909.4481165441618487, 1288.224160490111444 ) ) ;
#1598 = DIRECTION ( 'NONE',  ( 1.000000000000000000, 6.483054158395074660E-15, 0.000000000000000000 ) ) ;
#1599 = FACE_OUTER_BOUND ( 'NONE', #8809, .T. ) ;
#1600 = CARTESIAN_POINT ( 'NONE',  ( 654.7878183171304727, 881.6925542389748216, 1288.828626905492001 ) ) ;
#1601 = CARTESIAN_POINT ( 'NONE',  ( 655.5503988948173628, 883.9481165441617350, 1292.224160490111444 ) ) ;
#1602 = EDGE_CURVE ( 'NONE', #1826, #731, #3033, .T. ) ;
#1603 = CYLINDRICAL_SURFACE ( 'NONE', #8246, 0.9999999999998898659 ) ;
#1604 = DIRECTION ( 'NONE',  ( 0.000000000000000000, 0.000000000000000000, 1.000000000000000000 ) ) ;
#1605 = FACE_OUTER_BOUND ( 'NONE', #4874, .T. ) ;
#1606 = VERTEX_POINT ( 'NONE', #5364 ) ;
#1607 = ORIENTED_EDGE ( 'NONE', *, *, #8870, .F. ) ;
#1608 = VERTEX_POINT ( 'NONE', #5971 ) ;
#1609 = ADVANCED_FACE ( 'NONE', ( #4621 ), #7669, .F. ) ;
#1610 = CARTESIAN_POINT ( 'NONE',  ( 697.7361003244217272, 897.9481165441582107, 1388.215381963068921 ) ) ;
#1611 = CARTESIAN_POINT ( 'NONE',  ( 697.7338201875276127, 897.0824942593123978, 1388.224160490111444 ) ) ;
#1612 = EDGE_CURVE ( 'NONE', #7911, #1223, #175, .T. ) ;
#1613 = DIRECTION ( 'NONE',  ( 1.000000000000000000, -3.091019250637537289E-15, 0.000000000000000000 ) ) ;
#1614 = VERTEX_POINT ( 'NONE', #3773 ) ;
#1615 = DIRECTION ( 'NONE',  ( -0.000000000000000000, -0.000000000000000000, -1.000000000000000000 ) ) ;
#1616 = CARTESIAN_POINT ( 'NONE',  ( 680.1013137655298806, 873.9331584030339855, 1377.556563663012639 ) ) ;
#1617 = ADVANCED_FACE ( 'NONE', ( #2269 ), #6068, .F. ) ;
#1618 = CIRCLE ( 'NONE', #1953, 2.000000000000001776 ) ;
#1619 = ORIENTED_EDGE ( 'NONE', *, *, #4538, .F. ) ;
#1620 = ORIENTED_EDGE ( 'NONE', *, *, #4726, .F. ) ;
#1621 = ORIENTED_EDGE ( 'NONE', *, *, #831, .T. ) ;
#1622 = EDGE_CURVE ( 'NONE', #6223, #8497, #8427, .T. ) ;
#1623 = AXIS2_PLACEMENT_3D ( 'NONE', #3705, #3109, #2303 ) ;
#1624 = DIRECTION ( 'NONE',  ( -1.000000000000000000, 3.063263675021908375E-15, 0.000000000000000000 ) ) ;
#1625 = FACE_BOUND ( 'NONE', #9377, .T. ) ;
#1626 = VECTOR ( 'NONE', #5986, 1000.000000000000000 ) ;
#1627 = DIRECTION ( 'NONE',  ( -1.000000000000000000, 3.580469254416132998E-15, -0.000000000000000000 ) ) ;
#1628 = CIRCLE ( 'NONE', #4831, 2.000000000000001776 ) ;
#1629 = CARTESIAN_POINT ( 'NONE',  ( 660.5503988948191818, 940.7057492425150258, 1399.724160490111444 ) ) ;
#1630 = ORIENTED_EDGE ( 'NONE', *, *, #4081, .T. ) ;
#1631 = DIRECTION ( 'NONE',  ( -4.315292527379336324E-16, 1.000000000000000000, -1.661387623040720367E-15 ) ) ;
#1632 = CARTESIAN_POINT ( 'NONE',  ( 697.7563095953066750, 897.0408019192099118, 1388.224160490111444 ) ) ;
#1633 = EDGE_CURVE ( 'NONE', #4082, #9670, #2124, .T. ) ;
#1634 = CARTESIAN_POINT ( 'NONE',  ( 671.5503988948173628, 938.9481165441617350, 1287.224160490111672 ) ) ;
#1635 = ORIENTED_EDGE ( 'NONE', *, *, #3390, .T. ) ;
#1636 = VERTEX_POINT ( 'NONE', #7115 ) ;
#1637 = ORIENTED_EDGE ( 'NONE', *, *, #5736, .T. ) ;
#1638 = VECTOR ( 'NONE', #9416, 1000.000000000000000 ) ;
#1639 = CARTESIAN_POINT ( 'NONE',  ( 634.7927661964636172, 907.9481165441582107, 1399.324160490111353 ) ) ;
#1640 = CARTESIAN_POINT ( 'NONE',  ( 680.0503988948173628, 940.5105565659649756, 1377.292540197815924 ) ) ;
#1641 = DIRECTION ( 'NONE',  ( 1.000000000000000000, 2.185014940664821480E-15, 0.000000000000000000 ) ) ;
#1642 = EDGE_LOOP ( 'NONE', ( #7302, #7975, #5274, #8030 ) ) ;
#1643 = FACE_OUTER_BOUND ( 'NONE', #2085, .T. ) ;
#1644 = ORIENTED_EDGE ( 'NONE', *, *, #5400, .F. ) ;
#1645 = VECTOR ( 'NONE', #8439, 1000.000000000000000 ) ;
#1646 = DIRECTION ( 'NONE',  ( 0.000000000000000000, 0.000000000000000000, 1.000000000000000000 ) ) ;
#1647 = CARTESIAN_POINT ( 'NONE',  ( 738.3003988948194092, 907.9481165441578696, 1399.324160490111353 ) ) ;
#1648 = CARTESIAN_POINT ( 'NONE',  ( 667.5503988948173628, 938.9481165441617350, 1287.224160490111672 ) ) ;
#1649 = CARTESIAN_POINT ( 'NONE',  ( 646.3371954592175825, 886.7349131085608178, 1388.224160490111444 ) ) ;
#1650 = CARTESIAN_POINT ( 'NONE',  ( 700.3080315931697442, 916.9481165441651456, 1397.724160490111217 ) ) ;
#1651 = AXIS2_PLACEMENT_3D ( 'NONE', #4969, #4211, #7968 ) ;
#1652 = LINE ( 'NONE', #6057, #2069 ) ;
#1653 = DIRECTION ( 'NONE',  ( 0.000000000000000000, 0.000000000000000000, 1.000000000000000000 ) ) ;
#1654 = DIRECTION ( 'NONE',  ( -0.000000000000000000, 0.000000000000000000, -1.000000000000000000 ) ) ;
#1655 = DIRECTION ( 'NONE',  ( -0.000000000000000000, -0.000000000000000000, -1.000000000000000000 ) ) ;
#1656 = CARTESIAN_POINT ( 'NONE',  ( 655.4503988948173401, 888.9481165441617350, 1288.224160490111444 ) ) ;
#1657 = ORIENTED_EDGE ( 'NONE', *, *, #1369, .F. ) ;
#1658 = VECTOR ( 'NONE', #1758, 1000.000000000000000 ) ;
#1659 = EDGE_LOOP ( 'NONE', ( #3833, #215, #9736, #5935 ) ) ;
#1660 = ORIENTED_EDGE ( 'NONE', *, *, #4864, .F. ) ;
#1661 = DIRECTION ( 'NONE',  ( -0.000000000000000000, -0.000000000000000000, 1.000000000000000000 ) ) ;
#1662 = EDGE_CURVE ( 'NONE', #8643, #1846, #7821, .T. ) ;
#1663 = ADVANCED_FACE ( 'NONE', ( #9442 ), #3324, .F. ) ;
#1664 = CIRCLE ( 'NONE', #8377, 1.000000000000000888 ) ;
#1665 = CIRCLE ( 'NONE', #4058, 0.9999999999998898659 ) ;
#1666 = CARTESIAN_POINT ( 'NONE',  ( 635.5338016365202520, 924.9481165441617350, 1292.724160490111444 ) ) ;
#1667 = CARTESIAN_POINT ( 'NONE',  ( 669.0503988948173628, 888.9481165441617350, 1290.824160490111353 ) ) ;
#1668 = VERTEX_POINT ( 'NONE', #8586 ) ;
#1669 = LINE ( 'NONE', #4018, #3341 ) ;
#1670 = CARTESIAN_POINT ( 'NONE',  ( 696.8003988948192955, 917.9481165441650319, 1389.005524610090561 ) ) ;
#1671 = ORIENTED_EDGE ( 'NONE', *, *, #58, .F. ) ;
#1672 = ORIENTED_EDGE ( 'NONE', *, *, #10, .F. ) ;
#1673 = ORIENTED_EDGE ( 'NONE', *, *, #4712, .F. ) ;
#1674 = AXIS2_PLACEMENT_3D ( 'NONE', #9585, #5667, #3277 ) ;
#1675 = EDGE_CURVE ( 'NONE', #571, #8950, #8480, .T. ) ;
#1676 = ADVANCED_FACE ( 'NONE', ( #9386 ), #7620, .T. ) ;
#1677 = FACE_OUTER_BOUND ( 'NONE', #1487, .T. ) ;
#1678 = DIRECTION ( 'NONE',  ( 0.000000000000000000, 0.000000000000000000, 1.000000000000000000 ) ) ;
#1679 = DIRECTION ( 'NONE',  ( 1.000000000000000000, -0.000000000000000000, -0.000000000000000000 ) ) ;
#1680 = CARTESIAN_POINT ( 'NONE',  ( 657.5503988948141796, 878.0138134789452806, 1388.224160490111444 ) ) ;
#1681 = VERTEX_POINT ( 'NONE', #7867 ) ;
#1682 = VECTOR ( 'NONE', #5440, 1000.000000000000000 ) ;
#1683 = LINE ( 'NONE', #3246, #7863 ) ;
#1684 = CARTESIAN_POINT ( 'NONE',  ( 680.3484029924718470, 881.9941999637649133, 1288.529056509802103 ) ) ;
#1685 = AXIS2_PLACEMENT_3D ( 'NONE', #1712, #7819, #7715 ) ;
#1686 = EDGE_CURVE ( 'NONE', #74, #6558, #2037, .T. ) ;
#1687 = PLANE ( 'NONE',  #3021 ) ;
#1688 = VERTEX_POINT ( 'NONE', #1611 ) ;
#1689 = ORIENTED_EDGE ( 'NONE', *, *, #1409, .F. ) ;
#1690 = ORIENTED_EDGE ( 'NONE', *, *, #7244, .T. ) ;
#1691 = AXIS2_PLACEMENT_3D ( 'NONE', #4526, #9101, #6634 ) ;
#1692 = CARTESIAN_POINT ( 'NONE',  ( 679.5503988948173628, 917.9481165441617350, 1292.224160490111444 ) ) ;
#1693 = CARTESIAN_POINT ( 'NONE',  ( 698.0905946609615285, 921.6849023596103052, 1388.307458414117036 ) ) ;
#1694 = AXIS2_PLACEMENT_3D ( 'NONE', #5344, #3753, #733 ) ;
#1695 = DIRECTION ( 'NONE',  ( -1.000000000000000000, -2.157259365049192566E-15, 0.000000000000000000 ) ) ;
#1696 = VERTEX_POINT ( 'NONE', #1666 ) ;
#1697 = DIRECTION ( 'NONE',  ( 1.236786676975318686E-16, 1.000000000000000000, 0.000000000000000000 ) ) ;
#1698 = ORIENTED_EDGE ( 'NONE', *, *, #7790, .F. ) ;
#1699 = DIRECTION ( 'NONE',  ( -1.000000000000000000, -6.483054158395074660E-15, 0.000000000000000000 ) ) ;
#1700 = DIRECTION ( 'NONE',  ( -1.000000000000000000, 0.000000000000000000, 0.000000000000000000 ) ) ;
#1701 = DIRECTION ( 'NONE',  ( 0.9237571636635063532, -0.3829787234042568711, -2.657448729155967794E-15 ) ) ;
#1702 = AXIS2_PLACEMENT_3D ( 'NONE', #4326, #9469, #6678 ) ;
#1703 = CARTESIAN_POINT ( 'NONE',  ( 665.9283937854312398, 937.1981165441652593, 1397.724160490111217 ) ) ;
#1704 = DIRECTION ( 'NONE',  ( 0.000000000000000000, -0.000000000000000000, -1.000000000000000000 ) ) ;
#1705 = CARTESIAN_POINT ( 'NONE',  ( 654.2054901087515191, 941.6525189183146267, 1378.579200832434481 ) ) ;
#1706 = DIRECTION ( 'NONE',  ( 3.608224830031761912E-15, 1.000000000000000000, 0.000000000000000000 ) ) ;
#1707 = DIRECTION ( 'NONE',  ( 0.000000000000000000, 0.000000000000000000, -1.000000000000000000 ) ) ;
#1708 = CYLINDRICAL_SURFACE ( 'NONE', #4285, 10.00000000000000888 ) ;
#1709 = ORIENTED_EDGE ( 'NONE', *, *, #881, .F. ) ;
#1710 = ORIENTED_EDGE ( 'NONE', *, *, #9597, .F. ) ;
#1711 = ORIENTED_EDGE ( 'NONE', *, *, #6881, .T. ) ;
#1712 = CARTESIAN_POINT ( 'NONE',  ( 686.2636023304107766, 886.7349131085616136, 1339.722160490111492 ) ) ;
#1713 = CARTESIAN_POINT ( 'NONE',  ( 635.7927661964699837, 916.9481165441651456, 1397.724160490111217 ) ) ;
#1714 = CARTESIAN_POINT ( 'NONE',  ( 667.5503988948173628, 919.4481165441617350, 1378.224160490111444 ) ) ;
#1715 = FACE_OUTER_BOUND ( 'NONE', #7688, .T. ) ;
#1716 = EDGE_CURVE ( 'NONE', #6512, #2271, #738, .T. ) ;
#1717 = B_SPLINE_CURVE_WITH_KNOTS ( 'NONE', 3,
 ( #3857, #8414, #4602, #1600 ),
 .UNSPECIFIED., .F., .F.,
 ( 4, 4 ),
 ( 0.002249519203683627861, 0.002615126746603377815 ),
 .UNSPECIFIED. ) ;
#1718 = DIRECTION ( 'NONE',  ( 1.110223024625180206E-16, 1.000000000000000000, 0.000000000000000000 ) ) ;
#1719 = DIRECTION ( 'NONE',  ( 1.000000000000000000, 6.827871601444711146E-15, 0.000000000000000000 ) ) ;
#1720 = ORIENTED_EDGE ( 'NONE', *, *, #115, .T. ) ;
#1721 = ORIENTED_EDGE ( 'NONE', *, *, #5653, .F. ) ;
#1722 = ORIENTED_EDGE ( 'NONE', *, *, #2106, .T. ) ;
#1723 = AXIS2_PLACEMENT_3D ( 'NONE', #1473, #3131, #711 ) ;
#1724 = CARTESIAN_POINT ( 'NONE',  ( 668.2503988948172946, 888.9481165441617350, 1290.824160490111353 ) ) ;
#1725 = DIRECTION ( 'NONE',  ( -0.000000000000000000, -0.000000000000000000, -1.000000000000000000 ) ) ;
#1726 = FACE_OUTER_BOUND ( 'NONE', #9733, .T. ) ;
#1727 = ADVANCED_FACE ( 'NONE', ( #106 ), #51, .T. ) ;
#1728 = DIRECTION ( 'NONE',  ( 0.000000000000000000, 1.000000000000000000, -0.000000000000000000 ) ) ;
#1729 = VERTEX_POINT ( 'NONE', #2525 ) ;
#1730 = CIRCLE ( 'NONE', #4119, 1.500000000000056843 ) ;
#1731 = CARTESIAN_POINT ( 'NONE',  ( 652.5503988948173628, 909.4481165441617350, 1288.224160490111444 ) ) ;
#1732 = CYLINDRICAL_SURFACE ( 'NONE', #5337, 3.000000000000002665 ) ;
#1733 = EDGE_CURVE ( 'NONE', #6332, #6656, #5992, .T. ) ;
#1734 = CIRCLE ( 'NONE', #7637, 1.200000000000089884 ) ;
#1735 = CARTESIAN_POINT ( 'NONE',  ( 699.6518287028774239, 896.9481165441580970, 1389.746155729068050 ) ) ;
#1736 = EDGE_LOOP ( 'NONE', ( #8878, #4035, #3775, #4266 ) ) ;
#1737 = ORIENTED_EDGE ( 'NONE', *, *, #262, .F. ) ;
#1738 = AXIS2_PLACEMENT_3D ( 'NONE', #4276, #8698, #472 ) ;
#1739 = VECTOR ( 'NONE', #9372, 1000.000000000000000 ) ;
#1740 = VERTEX_POINT ( 'NONE', #9336 ) ;
#1741 = DIRECTION ( 'NONE',  ( 0.000000000000000000, -0.000000000000000000, -1.000000000000000000 ) ) ;
#1742 = EDGE_CURVE ( 'NONE', #1270, #9254, #2842, .T. ) ;
#1743 = CYLINDRICAL_SURFACE ( 'NONE', #2968, 1.000000000000000888 ) ;
#1744 = EDGE_CURVE ( 'NONE', #8861, #5438, #8426, .T. ) ;
#1745 = VECTOR ( 'NONE', #3243, 1000.000000000000000 ) ;
#1746 = CARTESIAN_POINT ( 'NONE',  ( 679.8681235727051444, 942.0455929935478707, 1377.914005926973459 ) ) ;
#1747 = DIRECTION ( 'NONE',  ( 0.000000000000000000, -0.000000000000000000, 1.000000000000000000 ) ) ;
#1748 = AXIS2_PLACEMENT_3D ( 'NONE', #7246, #5136, #7347 ) ;
#1749 = VERTEX_POINT ( 'NONE', #964 ) ;
#1750 = EDGE_CURVE ( 'NONE', #4845, #5733, #9234, .T. ) ;
#1751 = CARTESIAN_POINT ( 'NONE',  ( 677.5503988948141796, 878.6981165441579833, 1394.724160490111444 ) ) ;
#1752 = ORIENTED_EDGE ( 'NONE', *, *, #8608, .T. ) ;
#1753 = DIRECTION ( 'NONE',  ( 0.000000000000000000, -0.000000000000000000, 1.000000000000000000 ) ) ;
#1754 = DIRECTION ( 'NONE',  ( 0.000000000000000000, 1.000000000000000000, 0.000000000000000000 ) ) ;
#1755 = EDGE_CURVE ( 'NONE', #8642, #1614, #4016, .T. ) ;
#1756 = AXIS2_PLACEMENT_3D ( 'NONE', #7080, #5583, #4122 ) ;
#1757 = CARTESIAN_POINT ( 'NONE',  ( 653.6674201714131414, 941.4343137269638646, 1388.224160490111444 ) ) ;
#1758 = DIRECTION ( 'NONE',  ( 1.000000000000000000, 0.000000000000000000, 0.000000000000000000 ) ) ;
#1759 = ADVANCED_FACE ( 'NONE', ( #3279 ), #857, .F. ) ;
#1760 = CARTESIAN_POINT ( 'NONE',  ( 634.0642017120152332, 921.8310952675660701, 1377.224160490111444 ) ) ;
#1761 = AXIS2_PLACEMENT_3D ( 'NONE', #3098, #7498, #7448 ) ;
#1762 = DIRECTION ( 'NONE',  ( 1.000000000000000000, 0.000000000000000000, 0.000000000000000000 ) ) ;
#1763 = DIRECTION ( 'NONE',  ( 0.000000000000000000, 0.000000000000000000, -1.000000000000000000 ) ) ;
#1764 = DIRECTION ( 'NONE',  ( 1.000000000000000000, 6.483054158395031272E-15, 0.000000000000000000 ) ) ;
#1765 = ORIENTED_EDGE ( 'NONE', *, *, #2918, .F. ) ;
#1766 = DIRECTION ( 'NONE',  ( -0.000000000000000000, 1.000000000000000000, 0.000000000000000000 ) ) ;
#1767 = LINE ( 'NONE', #3374, #2051 ) ;
#1768 = VERTEX_POINT ( 'NONE', #6968 ) ;
#1769 = ADVANCED_FACE ( 'NONE', ( #1012 ), #4064, .F. ) ;
#1770 = CARTESIAN_POINT ( 'NONE',  ( 660.5503988948140659, 875.1904838458079894, 1397.724160490111217 ) ) ;
#1771 = PLANE ( 'NONE',  #866 ) ;
#1772 = CARTESIAN_POINT ( 'NONE',  ( 695.8003988948140659, 907.9481165441579833, 1388.745784350350050 ) ) ;
#1773 = CARTESIAN_POINT ( 'NONE',  ( 696.8003988948141796, 897.9481165441579833, 1400.724160490111217 ) ) ;
#1774 = CARTESIAN_POINT ( 'NONE',  ( 649.8371954592176962, 879.8090880596993202, 1394.724160490111444 ) ) ;
#1775 = CYLINDRICAL_SURFACE ( 'NONE', #8770, 34.25000000000000000 ) ;
#1776 = ORIENTED_EDGE ( 'NONE', *, *, #6592, .T. ) ;
#1777 = VERTEX_POINT ( 'NONE', #2070 ) ;
#1778 = ORIENTED_EDGE ( 'NONE', *, *, #6203, .T. ) ;
#1779 = PLANE ( 'NONE',  #5258 ) ;
#1780 = CARTESIAN_POINT ( 'NONE',  ( 688.5503988948173628, 928.9481165441617350, 1292.724160490111444 ) ) ;
#1781 = DIRECTION ( 'NONE',  ( -0.9678837029207192355, -6.581721479369977536E-15, -0.2513983643949918578 ) ) ;
#1782 = ORIENTED_EDGE ( 'NONE', *, *, #2923, .F. ) ;
#1783 = LINE ( 'NONE', #9454, #6267 ) ;
#1784 = FACE_OUTER_BOUND ( 'NONE', #7797, .T. ) ;
#1785 = CARTESIAN_POINT ( 'NONE',  ( 679.3766400295691028, 942.2147551394880338, 1379.224160490111444 ) ) ;
#1786 = ORIENTED_EDGE ( 'NONE', *, *, #7118, .F. ) ;
#1787 = ORIENTED_EDGE ( 'NONE', *, *, #8208, .F. ) ;
#1788 = CIRCLE ( 'NONE', #494, 1.200000000000089884 ) ;
#1789 = EDGE_LOOP ( 'NONE', ( #1689, #2435 ) ) ;
#1790 = CARTESIAN_POINT ( 'NONE',  ( 679.8161269015336075, 940.7015098297862323, 1377.879819667751008 ) ) ;
#1791 = AXIS2_PLACEMENT_3D ( 'NONE', #1092, #7047, #7202 ) ;
#1792 = CARTESIAN_POINT ( 'NONE',  ( 667.5503988948173628, 907.9481165441617350, 1388.224160490111444 ) ) ;
#1793 = DIRECTION ( 'NONE',  ( 0.000000000000000000, 0.000000000000000000, 1.000000000000000000 ) ) ;
#1794 = ADVANCED_FACE ( 'NONE', ( #8118 ), #4111, .T. ) ;
#1795 = CARTESIAN_POINT ( 'NONE',  ( 696.8003988948192955, 914.9481165441650319, 1400.724160490111217 ) ) ;
#1796 = ORIENTED_EDGE ( 'NONE', *, *, #4962, .F. ) ;
#1797 = DIRECTION ( 'NONE',  ( -0.000000000000000000, -0.000000000000000000, -1.000000000000000000 ) ) ;
#1798 = ORIENTED_EDGE ( 'NONE', *, *, #5479, .T. ) ;
#1799 = CARTESIAN_POINT ( 'NONE',  ( 656.0503988948174765, 941.2694685575479525, 1378.224160490111444 ) ) ;
#1800 = EDGE_CURVE ( 'NONE', #2386, #7350, #2360, .T. ) ;
#1801 = LINE ( 'NONE', #1647, #2917 ) ;
#1802 = AXIS2_PLACEMENT_3D ( 'NONE', #4543, #4644, #7744 ) ;
#1803 = LINE ( 'NONE', #7256, #8101 ) ;
#1804 = FACE_OUTER_BOUND ( 'NONE', #6070, .T. ) ;
#1805 = EDGE_CURVE ( 'NONE', #1869, #9885, #4910, .T. ) ;
#1806 = EDGE_CURVE ( 'NONE', #662, #5917, #8268, .T. ) ;
#1807 = CARTESIAN_POINT ( 'NONE',  ( 655.5503988948139522, 878.0138134789452806, 1394.724160490111444 ) ) ;
#1808 = AXIS2_PLACEMENT_3D ( 'NONE', #6082, #4578, #3048 ) ;
#1809 = DIRECTION ( 'NONE',  ( 0.000000000000000000, -0.000000000000000000, 1.000000000000000000 ) ) ;
#1810 = EDGE_CURVE ( 'NONE', #6066, #8847, #5550, .T. ) ;
#1811 = CARTESIAN_POINT ( 'NONE',  ( 655.4621932227021261, 942.1243448770692339, 1379.224160490111444 ) ) ;
#1812 = FACE_OUTER_BOUND ( 'NONE', #3320, .T. ) ;
#1813 = CARTESIAN_POINT ( 'NONE',  ( 634.9429276715698052, 920.3936103174472692, 1377.556574627408509 ) ) ;
#1814 = EDGE_CURVE ( 'NONE', #6193, #5224, #1970, .T. ) ;
#1815 = PLANE ( 'NONE',  #8444 ) ;
#1816 = AXIS2_PLACEMENT_3D ( 'NONE', #8482, #3919, #9590 ) ;
#1817 = EDGE_LOOP ( 'NONE', ( #9459, #9134 ) ) ;
#1818 = CARTESIAN_POINT ( 'NONE',  ( 688.7636023304157789, 926.6613199797621974, 1390.724160490111444 ) ) ;
#1819 = DIRECTION ( 'NONE',  ( 1.000000000000000000, -4.996003610813204432E-15, 0.000000000000000000 ) ) ;
#1820 = CARTESIAN_POINT ( 'NONE',  ( 667.5503988948173628, 907.9481165441617350, 1379.224160490111444 ) ) ;
#1821 = DIRECTION ( 'NONE',  ( 0.000000000000000000, 0.000000000000000000, 1.000000000000000000 ) ) ;
#1822 = LINE ( 'NONE', #4870, #8776 ) ;
#1823 = CARTESIAN_POINT ( 'NONE',  ( 681.0503988948174765, 875.3856765250232002, 1378.224160490111444 ) ) ;
#1824 = ORIENTED_EDGE ( 'NONE', *, *, #8733, .T. ) ;
#1825 = ORIENTED_EDGE ( 'NONE', *, *, #6203, .F. ) ;
#1826 = VERTEX_POINT ( 'NONE', #8831 ) ;
#1827 = EDGE_CURVE ( 'NONE', #2533, #2267, #8593, .T. ) ;
#1828 = VECTOR ( 'NONE', #3366, 1000.000000000000000 ) ;
#1829 = DIRECTION ( 'NONE',  ( 1.000000000000000000, 0.000000000000000000, 0.000000000000000000 ) ) ;
#1830 = CARTESIAN_POINT ( 'NONE',  ( 638.3003988948141796, 897.9481165441580970, 1388.917769249138701 ) ) ;
#1831 = CARTESIAN_POINT ( 'NONE',  ( 697.6190865445671534, 918.6010380717646058, 1388.224160490111672 ) ) ;
#1832 = EDGE_LOOP ( 'NONE', ( #2898, #851, #3673, #5684 ) ) ;
#1833 = DIRECTION ( 'NONE',  ( 1.000000000000000000, 6.827871601444711146E-15, 0.000000000000000000 ) ) ;
#1834 = DIRECTION ( 'NONE',  ( -1.000000000000000000, 0.000000000000000000, 0.000000000000000000 ) ) ;
#1835 = DIRECTION ( 'NONE',  ( 0.000000000000000000, 0.000000000000000000, 1.000000000000000000 ) ) ;
#1836 = VERTEX_POINT ( 'NONE', #5116 ) ;
#1837 = AXIS2_PLACEMENT_3D ( 'NONE', #825, #3886, #6931 ) ;
#1838 = ORIENTED_EDGE ( 'NONE', *, *, #1864, .T. ) ;
#1839 = EDGE_LOOP ( 'NONE', ( #5414, #4302, #6769, #1878 ) ) ;
#1840 = DIRECTION ( 'NONE',  ( 0.000000000000000000, 0.000000000000000000, 1.000000000000000000 ) ) ;
#1841 = MANIFOLD_SOLID_BREP ( 'headpart_1-1-solid1', #9381 ) ;
#1842 = CARTESIAN_POINT ( 'NONE',  ( 657.0503988948174765, 888.9481165441617350, 1290.824160490111353 ) ) ;
#1843 = CARTESIAN_POINT ( 'NONE',  ( 679.3766400295691028, 942.2147551394880338, 1378.224160490111444 ) ) ;
#1844 = VECTOR ( 'NONE', #8375, 1000.000000000000000 ) ;
#1845 = DIRECTION ( 'NONE',  ( -0.000000000000000000, -0.000000000000000000, -1.000000000000000000 ) ) ;
#1846 = VERTEX_POINT ( 'NONE', #7219 ) ;
#1847 = DIRECTION ( 'NONE',  ( -0.000000000000000000, -0.000000000000000000, -1.000000000000000000 ) ) ;
#1848 = ORIENTED_EDGE ( 'NONE', *, *, #8233, .T. ) ;
#1849 = DIRECTION ( 'NONE',  ( 0.000000000000000000, 0.000000000000000000, -1.000000000000000000 ) ) ;
#1850 = LINE ( 'NONE', #290, #4180 ) ;
#1851 = CIRCLE ( 'NONE', #7278, 0.8000000000000229150 ) ;
#1852 = LINE ( 'NONE', #1757, #911 ) ;
#1853 = EDGE_CURVE ( 'NONE', #6630, #9494, #5913, .T. ) ;
#1854 = DIRECTION ( 'NONE',  ( 1.000000000000000000, -1.921270678177309696E-15, 0.000000000000000000 ) ) ;
#1855 = CIRCLE ( 'NONE', #5055, 0.9999999999998898659 ) ;
#1856 = CARTESIAN_POINT ( 'NONE',  ( 667.5503988948173628, 877.9481165441617350, 1284.724160490111444 ) ) ;
#1857 = DIRECTION ( 'NONE',  ( 0.000000000000000000, 0.000000000000000000, -1.000000000000000000 ) ) ;
#1858 = AXIS2_PLACEMENT_3D ( 'NONE', #2992, #9794, #5833 ) ;
#1859 = MANIFOLD_SOLID_BREP ( 'headpart_3-1-solid2', #7012 ) ;
#1860 = ADVANCED_FACE ( 'NONE', ( #9314 ), #4968, .F. ) ;
#1861 = VERTEX_POINT ( 'NONE', #5390 ) ;
#1862 = CARTESIAN_POINT ( 'NONE',  ( 635.7459791226395964, 919.1767046222453246, 1388.635828285804564 ) ) ;
#1863 = CARTESIAN_POINT ( 'NONE',  ( 646.3371954592175825, 886.7349131085609315, 1390.724160490111444 ) ) ;
#1864 = EDGE_CURVE ( 'NONE', #4278, #9132, #6762, .T. ) ;
#1865 = FACE_OUTER_BOUND ( 'NONE', #1832, .T. ) ;
#1866 = CIRCLE ( 'NONE', #7452, 0.9999999999998898659 ) ;
#1867 = ADVANCED_FACE ( 'NONE', ( #5207 ), #6713, .F. ) ;
#1868 = LINE ( 'NONE', #1656, #6200 ) ;
#1869 = VERTEX_POINT ( 'NONE', #3207 ) ;
#1870 = CARTESIAN_POINT ( 'NONE',  ( 683.5503988948173628, 910.4481165441617350, 1289.224160490111444 ) ) ;
#1871 = DIRECTION ( 'NONE',  ( 0.000000000000000000, -0.000000000000000000, -1.000000000000000000 ) ) ;
#1872 = ADVANCED_FACE ( 'NONE', ( #5911, #1643 ), #2924, .F. ) ;
#1873 =( LENGTH_UNIT ( ) NAMED_UNIT ( * ) SI_UNIT ( .MILLI., .METRE. ) );
#1874 = LINE ( 'NONE', #2776, #674 ) ;
#1875 = EDGE_CURVE ( 'NONE', #7697, #5138, #3898, .T. ) ;
#1876 = CARTESIAN_POINT ( 'NONE',  ( 647.5371954592228576, 929.1613199797616289, 1388.224160490111444 ) ) ;
#1877 = ORIENTED_EDGE ( 'NONE', *, *, #6887, .T. ) ;
#1878 = ORIENTED_EDGE ( 'NONE', *, *, #2142, .T. ) ;
#1879 = ADVANCED_FACE ( 'NONE', ( #8264 ), #2874, .F. ) ;
#1880 = ORIENTED_EDGE ( 'NONE', *, *, #6695, .T. ) ;
#1881 = VECTOR ( 'NONE', #544, 1000.000000000000000 ) ;
#1882 = CIRCLE ( 'NONE', #5861, 1.000000000000000888 ) ;
#1883 = CARTESIAN_POINT ( 'NONE',  ( 634.7927661964698700, 916.9481165441651456, 1397.724160490111217 ) ) ;
#1884 = CARTESIAN_POINT ( 'NONE',  ( 655.7241577605080920, 873.6814779486827547, 1377.496425023469328 ) ) ;
#1885 = CYLINDRICAL_SURFACE ( 'NONE', #7870, 1.000000000000067724 ) ;
#1886 = ORIENTED_EDGE ( 'NONE', *, *, #7848, .T. ) ;
#1887 = DIRECTION ( 'NONE',  ( 0.000000000000000000, 0.000000000000000000, -1.000000000000000000 ) ) ;
#1888 = LINE ( 'NONE', #4786, #2315 ) ;
#1889 = EDGE_CURVE ( 'NONE', #7176, #2940, #2600, .T. ) ;
#1890 = DIRECTION ( 'NONE',  ( -0.000000000000000000, 1.000000000000000000, -0.000000000000000000 ) ) ;
#1891 = VERTEX_POINT ( 'NONE', #3156 ) ;
#1892 = ORIENTED_EDGE ( 'NONE', *, *, #7978, .F. ) ;
#1893 = AXIS2_PLACEMENT_3D ( 'NONE', #4317, #5720, #1929 ) ;
#1894 = ORIENTED_EDGE ( 'NONE', *, *, #4103, .T. ) ;
#1895 = DIRECTION ( 'NONE',  ( 0.000000000000000000, -0.000000000000000000, -1.000000000000000000 ) ) ;
#1896 = CARTESIAN_POINT ( 'NONE',  ( 648.8371954592229258, 929.1613199797617426, 1388.224160490111444 ) ) ;
#1897 = DIRECTION ( 'NONE',  ( 1.000000000000000000, -1.921270678177309696E-15, 0.000000000000000000 ) ) ;
#1898 = AXIS2_PLACEMENT_3D ( 'NONE', #5577, #966, #3233 ) ;
#1899 = AXIS2_PLACEMENT_3D ( 'NONE', #6857, #9917, #9769 ) ;
#1900 = CARTESIAN_POINT ( 'NONE',  ( 669.5503988948173628, 939.9481165441617350, 1286.824160490111581 ) ) ;
#1901 = ORIENTED_EDGE ( 'NONE', *, *, #8735, .T. ) ;
#1902 = FACE_OUTER_BOUND ( 'NONE', #6141, .T. ) ;
#1903 = ORIENTED_EDGE ( 'NONE', *, *, #2417, .T. ) ;
#1904 = AXIS2_PLACEMENT_3D ( 'NONE', #1735, #4787, #3096 ) ;
#1905 = VECTOR ( 'NONE', #8276, 1000.000000000000000 ) ;
#1906 = DIRECTION ( 'NONE',  ( -0.000000000000000000, -0.000000000000000000, 1.000000000000000000 ) ) ;
#1907 = AXIS2_PLACEMENT_3D ( 'NONE', #6764, #9872, #3018 ) ;
#1908 = ORIENTED_EDGE ( 'NONE', *, *, #3166, .T. ) ;
#1909 = AXIS2_PLACEMENT_3D ( 'NONE', #3015, #7656, #3168 ) ;
#1910 = DIRECTION ( 'NONE',  ( -1.000000000000000000, 1.893515102561680783E-15, 0.000000000000000000 ) ) ;
#1911 = LINE ( 'NONE', #8914, #7891 ) ;
#1912 = AXIS2_PLACEMENT_3D ( 'NONE', #8155, #8868, #2859 ) ;
#1913 = CARTESIAN_POINT ( 'NONE',  ( 688.7636023304106629, 889.2349131085616136, 1390.724160490111444 ) ) ;
#1914 = ADVANCED_FACE ( 'NONE', ( #1408 ), #5158, .F. ) ;
#1915 = FACE_OUTER_BOUND ( 'NONE', #3850, .T. ) ;
#1916 = ORIENTED_EDGE ( 'NONE', *, *, #3702, .F. ) ;
#1917 = CARTESIAN_POINT ( 'NONE',  ( 637.6160958296067065, 917.9481165441651456, 1389.183265665989666 ) ) ;
#1918 = CARTESIAN_POINT ( 'NONE',  ( 700.3080315931697442, 897.9481165441654866, 1394.724160490111444 ) ) ;
#1919 = CARTESIAN_POINT ( 'NONE',  ( 654.7757943138194605, 882.1964147778388678, 1288.386290836110447 ) ) ;
#1920 = LINE ( 'NONE', #7316, #9728 ) ;
#1921 = VECTOR ( 'NONE', #6385, 1000.000000000000000 ) ;
#1922 = ORIENTED_EDGE ( 'NONE', *, *, #9870, .T. ) ;
#1923 = FACE_OUTER_BOUND ( 'NONE', #3899, .T. ) ;
#1924 = DIRECTION ( 'NONE',  ( -1.000000000000000000, 0.000000000000000000, -0.000000000000000000 ) ) ;
#1925 = ADVANCED_FACE ( 'NONE', ( #2405, #1311 ), #3714, .F. ) ;
#1926 = CARTESIAN_POINT ( 'NONE',  ( 637.3445278996902061, 897.0408755276200736, 1388.224160490111444 ) ) ;
#1927 = DIRECTION ( 'NONE',  ( -1.000000000000000000, 0.000000000000000000, 0.000000000000000000 ) ) ;
#1928 = CARTESIAN_POINT ( 'NONE',  ( 676.5503988948191818, 939.7057492425150258, 1374.668558774804069 ) ) ;
#1929 = DIRECTION ( 'NONE',  ( -1.000000000000000000, 1.110223024625180206E-16, 0.000000000000000000 ) ) ;
#1930 = ORIENTED_EDGE ( 'NONE', *, *, #3166, .F. ) ;
#1931 = EDGE_CURVE ( 'NONE', #8047, #5421, #2266, .T. ) ;
#1932 = ORIENTED_EDGE ( 'NONE', *, *, #1853, .T. ) ;
#1933 = ORIENTED_EDGE ( 'NONE', *, *, #209, .F. ) ;
#1934 = ADVANCED_FACE ( 'NONE', ( #7696 ), #2455, .F. ) ;
#1935 = DIRECTION ( 'NONE',  ( 4.996003610813204432E-15, 1.000000000000000000, 0.000000000000000000 ) ) ;
#1936 = CARTESIAN_POINT ( 'NONE',  ( 654.8413602481226690, 873.9931216155163156, 1377.855741388362276 ) ) ;
#1937 = CARTESIAN_POINT ( 'NONE',  ( 637.4654412844300850, 924.4471660757830023, 1388.994242710729168 ) ) ;
#1938 = ORIENTED_EDGE ( 'NONE', *, *, #7071, .T. ) ;
#1939 = EDGE_CURVE ( 'NONE', #3664, #1382, #8997, .T. ) ;
#1940 = CARTESIAN_POINT ( 'NONE',  ( 698.5730285034808276, 893.2879745929634510, 1389.230682896094095 ) ) ;
#1941 = CARTESIAN_POINT ( 'NONE',  ( 637.3309001360931916, 893.3761503160986877, 1388.224160490111672 ) ) ;
#1942 = CARTESIAN_POINT ( 'NONE',  ( 649.3044675363423721, 878.9628014887379095, 1390.724160490111444 ) ) ;
#1943 = ORIENTED_EDGE ( 'NONE', *, *, #9701, .T. ) ;
#1944 = VERTEX_POINT ( 'NONE', #6662 ) ;
#1945 = EDGE_CURVE ( 'NONE', #2044, #1976, #1618, .T. ) ;
#1946 = VERTEX_POINT ( 'NONE', #4092 ) ;
#1947 = CARTESIAN_POINT ( 'NONE',  ( 655.7241577600656228, 873.6814779488354361, 1281.724160490111444 ) ) ;
#1948 = CARTESIAN_POINT ( 'NONE',  ( 677.5503988948192955, 937.1981165441651456, 1397.724160490111217 ) ) ;
#1949 = DIRECTION ( 'NONE',  ( -0.000000000000000000, -0.000000000000000000, -1.000000000000000000 ) ) ;
#1950 = CARTESIAN_POINT ( 'NONE',  ( 636.1418321577202732, 897.3382225820254234, 1389.374728480527438 ) ) ;
#1951 = ORIENTED_EDGE ( 'NONE', *, *, #9090, .T. ) ;
#1952 = DIRECTION ( 'NONE',  ( -0.000000000000000000, 0.000000000000000000, -1.000000000000000000 ) ) ;
#1953 = AXIS2_PLACEMENT_3D ( 'NONE', #83, #9726, #2113 ) ;
#1954 = EDGE_LOOP ( 'NONE', ( #2585, #7048, #6633, #8561 ) ) ;
#1955 = LINE ( 'NONE', #5008, #5379 ) ;
#1956 = DIRECTION ( 'NONE',  ( 0.000000000000000000, -0.000000000000000000, -1.000000000000000000 ) ) ;
#1957 = AXIS2_PLACEMENT_3D ( 'NONE', #7509, #5395, #3853 ) ;
#1958 = FACE_OUTER_BOUND ( 'NONE', #4466, .T. ) ;
#1959 = DIRECTION ( 'NONE',  ( 1.000000000000000000, 0.000000000000000000, 0.000000000000000000 ) ) ;
#1960 = VECTOR ( 'NONE', #5682, 1000.000000000000000 ) ;
#1961 = ORIENTED_EDGE ( 'NONE', *, *, #6612, .T. ) ;
#1962 = AXIS2_PLACEMENT_3D ( 'NONE', #7454, #2956, #1959 ) ;
#1963 = DIRECTION ( 'NONE',  ( -1.000000000000000000, 0.000000000000000000, 0.000000000000000000 ) ) ;
#1964 = CARTESIAN_POINT ( 'NONE',  ( 638.3003988948139522, 907.9481165441582107, 1396.124160490111308 ) ) ;
#1965 = LINE ( 'NONE', #9629, #7005 ) ;
#1966 = ORIENTED_EDGE ( 'NONE', *, *, #9472, .T. ) ;
#1967 = DIRECTION ( 'NONE',  ( 0.000000000000000000, 0.000000000000000000, 1.000000000000000000 ) ) ;
#1968 = AXIS2_PLACEMENT_3D ( 'NONE', #9647, #5870, #3626 ) ;
#1969 = FACE_OUTER_BOUND ( 'NONE', #1077, .T. ) ;
#1970 = LINE ( 'NONE', #2732, #2999 ) ;
#1971 = CARTESIAN_POINT ( 'NONE',  ( 657.5503988948141796, 878.6981165441578696, 1397.724160490111217 ) ) ;
#1972 = CARTESIAN_POINT ( 'NONE',  ( 639.2833703869922601, 926.5219964958492938, 1388.224160490111444 ) ) ;
#1973 = AXIS2_PLACEMENT_3D ( 'NONE', #7766, #3181, #6375 ) ;
#1974 = FACE_OUTER_BOUND ( 'NONE', #9605, .T. ) ;
#1975 = ORIENTED_EDGE ( 'NONE', *, *, #5211, .F. ) ;
#1976 = VERTEX_POINT ( 'NONE', #5694 ) ;
#1977 = VERTEX_POINT ( 'NONE', #7144 ) ;
#1978 = ADVANCED_FACE ( 'NONE', ( #9513 ), #335, .F. ) ;
#1979 = EDGE_CURVE ( 'NONE', #3392, #960, #7845, .T. ) ;
#1980 = VECTOR ( 'NONE', #4558, 1000.000000000000000 ) ;
#1981 = CYLINDRICAL_SURFACE ( 'NONE', #6384, 3.000000000000002665 ) ;
#1982 = LINE ( 'NONE', #2079, #8104 ) ;
#1983 = CARTESIAN_POINT ( 'NONE',  ( 633.5115442757977462, 920.4154929547039501, 1379.128710254905172 ) ) ;
#1984 = ORIENTED_EDGE ( 'NONE', *, *, #8545, .T. ) ;
#1985 = DIRECTION ( 'NONE',  ( -0.000000000000000000, 0.000000000000000000, 1.000000000000000000 ) ) ;
#1986 = CARTESIAN_POINT ( 'NONE',  ( 680.1982928896723024, 881.4247473093039389, 1289.224160490111672 ) ) ;
#1987 = CARTESIAN_POINT ( 'NONE',  ( 667.5503988948173628, 938.9481165441617350, 1283.224160490111672 ) ) ;
#1988 = EDGE_LOOP ( 'NONE', ( #5979, #2996, #6379, #4176 ) ) ;
#1989 = ORIENTED_EDGE ( 'NONE', *, *, #8898, .T. ) ;
#1990 = EDGE_CURVE ( 'NONE', #862, #2165, #6406, .T. ) ;
#1991 = EDGE_CURVE ( 'NONE', #5138, #8109, #7218, .T. ) ;
#1992 = VERTEX_POINT ( 'NONE', #8763 ) ;
#1993 = AXIS2_PLACEMENT_3D ( 'NONE', #3014, #3806, #1547 ) ;
#1994 = EDGE_CURVE ( 'NONE', #812, #1251, #5646, .T. ) ;
#1995 = CARTESIAN_POINT ( 'NONE',  ( 655.7546109051077110, 881.9481165441617350, 1281.724160490111444 ) ) ;
#1996 = CARTESIAN_POINT ( 'NONE',  ( 665.2503988948174083, 888.9481165441617350, 1290.824160490111353 ) ) ;
#1997 = EDGE_CURVE ( 'NONE', #4989, #374, #6452, .T. ) ;
#1998 = CYLINDRICAL_SURFACE ( 'NONE', #2767, 1.000000000000067724 ) ;
#1999 = ORIENTED_EDGE ( 'NONE', *, *, #3698, .T. ) ;
#2000 = CARTESIAN_POINT ( 'NONE',  ( 636.7584219926832247, 897.7943372189497495, 1388.372856111780038 ) ) ;
#2001 = ORIENTED_EDGE ( 'NONE', *, *, #986, .T. ) ;
#2002 = DIRECTION ( 'NONE',  ( 0.000000000000000000, 1.000000000000000000, 0.000000000000000000 ) ) ;
#2003 = ORIENTED_EDGE ( 'NONE', *, *, #2482, .F. ) ;
#2004 = AXIS2_PLACEMENT_3D ( 'NONE', #4663, #2425, #5466 ) ;
#2005 = CARTESIAN_POINT ( 'NONE',  ( 635.7927661964637309, 900.9481165441580970, 1400.724160490111217 ) ) ;
#2006 = FACE_BOUND ( 'NONE', #7576, .T. ) ;
#2007 = LINE ( 'NONE', #8105, #3081 ) ;
#2008 = VERTEX_POINT ( 'NONE', #2561 ) ;
#2009 = VECTOR ( 'NONE', #7245, 1000.000000000000000 ) ;
#2010 = CARTESIAN_POINT ( 'NONE',  ( 680.2594092911301686, 941.8974928725024256, 1379.034994120877172 ) ) ;
#2011 = ORIENTED_EDGE ( 'NONE', *, *, #3752, .F. ) ;
#2012 = DIRECTION ( 'NONE',  ( 0.000000000000000000, 0.000000000000000000, 1.000000000000000000 ) ) ;
#2013 = LINE ( 'NONE', #6516, #8931 ) ;
#2014 = ORIENTED_EDGE ( 'NONE', *, *, #8791, .F. ) ;
#2015 = CARTESIAN_POINT ( 'NONE',  ( 683.1361853324442563, 909.4481165441618487, 1288.224160490111444 ) ) ;
#2016 = CARTESIAN_POINT ( 'NONE',  ( 701.5970856824063731, 920.4356462859734620, 1377.588855190039794 ) ) ;
#2017 = CARTESIAN_POINT ( 'NONE',  ( 700.3080315931697442, 897.9481165441654866, 1374.668558774804069 ) ) ;
#2018 = VECTOR ( 'NONE', #8675, 1000.000000000000000 ) ;
#2019 = DIRECTION ( 'NONE',  ( 1.000000000000000000, 0.000000000000000000, 0.000000000000000000 ) ) ;
#2020 = DIRECTION ( 'NONE',  ( -0.9678837029207191245, -2.087976182404212127E-15, 0.2513983643949918578 ) ) ;
#2021 = EDGE_LOOP ( 'NONE', ( #3631, #8230, #3477, #1710 ) ) ;
#2022 = ORIENTED_EDGE ( 'NONE', *, *, #2735, .T. ) ;
#2023 = ORIENTED_EDGE ( 'NONE', *, *, #9759, .F. ) ;
#2024 = DIRECTION ( 'NONE',  ( 0.000000000000000000, 0.000000000000000000, -1.000000000000000000 ) ) ;
#2025 = ADVANCED_FACE ( 'NONE', ( #989, #5602 ), #4042, .F. ) ;
#2026 = FACE_OUTER_BOUND ( 'NONE', #6471, .T. ) ;
#2027 = CARTESIAN_POINT ( 'NONE',  ( 667.5503988948141796, 907.9481165441582107, 1400.724160490111217 ) ) ;
#2028 = ORIENTED_EDGE ( 'NONE', *, *, #9718, .F. ) ;
#2029 = DIRECTION ( 'NONE',  ( -0.000000000000000000, -0.000000000000000000, -1.000000000000000000 ) ) ;
#2030 = CARTESIAN_POINT ( 'NONE',  ( 655.5715004888695603, 942.1620694425199645, 1378.181343827912542 ) ) ;
#2031 = DIRECTION ( 'NONE',  ( 1.000000000000000000, 0.000000000000000000, 0.000000000000000000 ) ) ;
#2032 = ORIENTED_EDGE ( 'NONE', *, *, #4430, .F. ) ;
#2033 = ADVANCED_FACE ( 'NONE', ( #1902 ), #1141, .F. ) ;
#2034 = EDGE_LOOP ( 'NONE', ( #227, #2739, #2930, #1093 ) ) ;
#2035 = VECTOR ( 'NONE', #91, 1000.000000000000000 ) ;
#2036 = ORIENTED_EDGE ( 'NONE', *, *, #7052, .F. ) ;
#2037 = CIRCLE ( 'NONE', #3319, 1.000000000000064615 ) ;
#2038 = CARTESIAN_POINT ( 'NONE',  ( 695.9408257436679150, 890.2349131085616136, 1387.749076877159041 ) ) ;
#2039 = DIRECTION ( 'NONE',  ( -1.921270678177309696E-15, -1.000000000000000000, 0.000000000000000000 ) ) ;
#2040 = EDGE_CURVE ( 'NONE', #126, #7551, #383, .T. ) ;
#2041 = LINE ( 'NONE', #1387, #1155 ) ;
#2042 = EDGE_LOOP ( 'NONE', ( #6594, #1782, #6669, #2839, #2978, #8711 ) ) ;
#2043 = LINE ( 'NONE', #5093, #3703 ) ;
#2044 = VERTEX_POINT ( 'NONE', #7890 ) ;
#2045 = AXIS2_PLACEMENT_3D ( 'NONE', #2779, #3568, #5812 ) ;
#2046 = DIRECTION ( 'NONE',  ( 0.8462865709611792076, 0.5327279228750537721, 0.000000000000000000 ) ) ;
#2047 = ORIENTED_EDGE ( 'NONE', *, *, #4795, .F. ) ;
#2048 = EDGE_CURVE ( 'NONE', #4489, #3393, #1039, .T. ) ;
#2049 = AXIS2_PLACEMENT_3D ( 'NONE', #659, #8329, #5317 ) ;
#2050 = CARTESIAN_POINT ( 'NONE',  ( 679.3766400295691028, 873.6814779488354361, 1388.224160490111444 ) ) ;
#2051 = VECTOR ( 'NONE', #7018, 1000.000000000000000 ) ;
#2052 = DIRECTION ( 'NONE',  ( 1.000000000000000000, -3.063263675021908375E-15, -0.000000000000000000 ) ) ;
#2053 = DIRECTION ( 'NONE',  ( -1.000000000000000000, 0.000000000000000000, 0.000000000000000000 ) ) ;
#2054 = VECTOR ( 'NONE', #902, 1000.000000000000000 ) ;
#2055 = ORIENTED_EDGE ( 'NONE', *, *, #9475, .F. ) ;
#2056 = ADVANCED_FACE ( 'NONE', ( #8562 ), #7796, .F. ) ;
#2057 = LINE ( 'NONE', #3418, #4567 ) ;
#2058 = CIRCLE ( 'NONE', #1569, 2.499999999999946709 ) ;
#2059 = VERTEX_POINT ( 'NONE', #6298 ) ;
#2060 = CARTESIAN_POINT ( 'NONE',  ( 655.0831454192060619, 882.6891523740938510, 1288.224160490111444 ) ) ;
#2061 = AXIS2_PLACEMENT_3D ( 'NONE', #8511, #4649, #9320 ) ;
#2062 = DIRECTION ( 'NONE',  ( 0.000000000000000000, -0.000000000000000000, -1.000000000000000000 ) ) ;
#2063 = EDGE_CURVE ( 'NONE', #5815, #5660, #2112, .T. ) ;
#2064 = AXIS2_PLACEMENT_3D ( 'NONE', #2367, #2973, #6213 ) ;
#2065 = VECTOR ( 'NONE', #3462, 1000.000000000000000 ) ;
#2066 = DIRECTION ( 'NONE',  ( 0.000000000000000000, 0.000000000000000000, -1.000000000000000000 ) ) ;
#2067 = LINE ( 'NONE', #5112, #3764 ) ;
#2068 = DIRECTION ( 'NONE',  ( 1.000000000000000000, 0.000000000000000000, 0.000000000000000000 ) ) ;
#2069 = VECTOR ( 'NONE', #3762, 1000.000000000000000 ) ;
#2070 = CARTESIAN_POINT ( 'NONE',  ( 637.6160958296067065, 917.9481165441651456, 1394.724160490111444 ) ) ;
#2071 = CARTESIAN_POINT ( 'NONE',  ( 645.1371954592226530, 929.1613199797616289, 1388.224160490111444 ) ) ;
#2072 = CIRCLE ( 'NONE', #5896, 1.600000000000045830 ) ;
#2073 = CARTESIAN_POINT ( 'NONE',  ( 635.7927661964637309, 897.9481165441580970, 1397.724160490111217 ) ) ;
#2074 = CARTESIAN_POINT ( 'NONE',  ( 657.5503988948192955, 937.8824196093778482, 1400.724160490111217 ) ) ;
#2075 = VERTEX_POINT ( 'NONE', #9365 ) ;
#2076 = ORIENTED_EDGE ( 'NONE', *, *, #4919, .T. ) ;
#2077 = ORIENTED_EDGE ( 'NONE', *, *, #5843, .F. ) ;
#2078 = DIRECTION ( 'NONE',  ( 0.000000000000000000, 1.000000000000000000, 0.000000000000000000 ) ) ;
#2079 = CARTESIAN_POINT ( 'NONE',  ( 686.2636023304157789, 929.1613199797623110, 1388.224160490111444 ) ) ;
#2080 = AXIS2_PLACEMENT_3D ( 'NONE', #4146, #7205, #5696 ) ;
#2081 = CARTESIAN_POINT ( 'NONE',  ( 633.9490894111909256, 921.5506418047887109, 1378.267705284464682 ) ) ;
#2082 = ORIENTED_EDGE ( 'NONE', *, *, #202, .F. ) ;
#2083 = CARTESIAN_POINT ( 'NONE',  ( 655.7241577600656228, 873.6814779488354361, 1377.224160490111444 ) ) ;
#2084 = CYLINDRICAL_SURFACE ( 'NONE', #4893, 1.199999999999978861 ) ;
#2085 = EDGE_LOOP ( 'NONE', ( #4579, #1, #8071, #436 ) ) ;
#2086 = ORIENTED_EDGE ( 'NONE', *, *, #9395, .T. ) ;
#2087 = EDGE_LOOP ( 'NONE', ( #7357, #1908, #8271, #1029 ) ) ;
#2088 = DIRECTION ( 'NONE',  ( 0.000000000000000000, 1.000000000000000000, 0.000000000000000000 ) ) ;
#2089 = DIRECTION ( 'NONE',  ( 0.000000000000000000, -0.000000000000000000, 1.000000000000000000 ) ) ;
#2090 = CARTESIAN_POINT ( 'NONE',  ( 688.7636023304157789, 929.1613199797623110, 1380.724160490111217 ) ) ;
#2091 = ORIENTED_EDGE ( 'NONE', *, *, #3158, .T. ) ;
#2092 = CARTESIAN_POINT ( 'NONE',  ( 637.3646974652065182, 896.9481165441580970, 1388.215381963068921 ) ) ;
#2093 = CARTESIAN_POINT ( 'NONE',  ( 650.5503988948173628, 888.9481165441617350, 1377.224160490111444 ) ) ;
#2094 = ORIENTED_EDGE ( 'NONE', *, *, #8395, .T. ) ;
#2095 = EDGE_CURVE ( 'NONE', #5791, #3375, #4895, .T. ) ;
#2096 = DIRECTION ( 'NONE',  ( -0.000000000000000000, 0.000000000000000000, -1.000000000000000000 ) ) ;
#2097 = DIRECTION ( 'NONE',  ( -0.000000000000000000, 0.000000000000000000, 1.000000000000000000 ) ) ;
#2098 = DIRECTION ( 'NONE',  ( -1.000000000000000000, 0.000000000000000000, 0.000000000000000000 ) ) ;
#2099 = ORIENTED_EDGE ( 'NONE', *, *, #1991, .F. ) ;
#2100 = ORIENTED_EDGE ( 'NONE', *, *, #325, .T. ) ;
#2101 = DIRECTION ( 'NONE',  ( -0.000000000000000000, -0.000000000000000000, -1.000000000000000000 ) ) ;
#2102 = ORIENTED_EDGE ( 'NONE', *, *, #2410, .T. ) ;
#2103 = DIRECTION ( 'NONE',  ( 4.996003610813204432E-15, 1.000000000000000000, 0.000000000000000000 ) ) ;
#2104 = CARTESIAN_POINT ( 'NONE',  ( 699.3080315931698578, 914.9481165441651456, 1397.724160490111217 ) ) ;
#2105 = EDGE_CURVE ( 'NONE', #8950, #4464, #4983, .T. ) ;
#2106 = EDGE_CURVE ( 'NONE', #2964, #181, #4654, .T. ) ;
#2107 = VECTOR ( 'NONE', #6146, 1000.000000000000000 ) ;
#2108 = VERTEX_POINT ( 'NONE', #4802 ) ;
#2109 = CARTESIAN_POINT ( 'NONE',  ( 683.5503988948173628, 888.9481165441617350, 1378.224160490111444 ) ) ;
#2110 = EDGE_CURVE ( 'NONE', #716, #8633, #9774, .T. ) ;
#2111 = CARTESIAN_POINT ( 'NONE',  ( 700.5168792363873536, 919.9388487827950485, 1378.097830879109551 ) ) ;
#2112 = CIRCLE ( 'NONE', #3235, 0.8000000000000229150 ) ;
#2113 = DIRECTION ( 'NONE',  ( 1.000000000000000000, 0.000000000000000000, 0.000000000000000000 ) ) ;
#2114 = EDGE_CURVE ( 'NONE', #4614, #6565, #3642, .T. ) ;
#2115 = DIRECTION ( 'NONE',  ( 0.000000000000000000, -0.000000000000000000, 1.000000000000000000 ) ) ;
#2116 = CARTESIAN_POINT ( 'NONE',  ( 696.8003988948192955, 907.9481165441649182, 1399.324160490111353 ) ) ;
#2117 = EDGE_CURVE ( 'NONE', #9625, #800, #8095, .T. ) ;
#2118 = DIRECTION ( 'NONE',  ( 0.000000000000000000, 0.000000000000000000, -1.000000000000000000 ) ) ;
#2119 = ORIENTED_EDGE ( 'NONE', *, *, #8167, .T. ) ;
#2120 = ORIENTED_EDGE ( 'NONE', *, *, #6772, .F. ) ;
#2121 = AXIS2_PLACEMENT_3D ( 'NONE', #6896, #28, #3104 ) ;
#2122 = DIRECTION ( 'NONE',  ( -0.000000000000000000, -0.000000000000000000, -1.000000000000000000 ) ) ;
#2123 = CARTESIAN_POINT ( 'NONE',  ( 654.8530230052597290, 881.5053095907948091, 1289.090454512907172 ) ) ;
#2124 = LINE ( 'NONE', #5468, #2521 ) ;
#2125 = AXIS2_PLACEMENT_3D ( 'NONE', #9351, #6979, #2442 ) ;
#2126 = CARTESIAN_POINT ( 'NONE',  ( 655.0503988948174765, 924.9481165441617350, 1281.724160490111444 ) ) ;
#2127 = ORIENTED_EDGE ( 'NONE', *, *, #9084, .F. ) ;
#2128 = DIRECTION ( 'NONE',  ( 1.000000000000000000, 0.000000000000000000, 0.000000000000000000 ) ) ;
#2129 = DIRECTION ( 'NONE',  ( 1.000000000000000000, -1.110223024625172318E-16, -0.000000000000000000 ) ) ;
#2130 = VERTEX_POINT ( 'NONE', #9618 ) ;
#2131 = ORIENTED_EDGE ( 'NONE', *, *, #8912, .T. ) ;
#2132 = ORIENTED_EDGE ( 'NONE', *, *, #9824, .T. ) ;
#2133 = CARTESIAN_POINT ( 'NONE',  ( 699.3410928477919697, 895.2039304976462972, 1389.424355391673544 ) ) ;
#2134 = DIRECTION ( 'NONE',  ( 7.049916206369731410E-15, 1.000000000000000000, 0.000000000000000000 ) ) ;
#2135 = DIRECTION ( 'NONE',  ( 0.000000000000000000, -1.000000000000000000, 0.000000000000000000 ) ) ;
#2136 = ORIENTED_EDGE ( 'NONE', *, *, #986, .F. ) ;
#2137 = CARTESIAN_POINT ( 'NONE',  ( 651.5503988948173628, 882.9481165441617350, 1288.224160490111444 ) ) ;
#2138 = CARTESIAN_POINT ( 'NONE',  ( 635.6385939725396383, 920.3901882190431252, 1389.440084088966387 ) ) ;
#2139 = DIRECTION ( 'NONE',  ( 3.608224830031761912E-15, 1.000000000000000000, -2.703465157366451580E-15 ) ) ;
#2140 = ORIENTED_EDGE ( 'NONE', *, *, #7848, .F. ) ;
#2141 = DIRECTION ( 'NONE',  ( 0.000000000000000000, 0.000000000000000000, -1.000000000000000000 ) ) ;
#2142 = EDGE_CURVE ( 'NONE', #7327, #8871, #1145, .T. ) ;
#2143 = DIRECTION ( 'NONE',  ( 1.000000000000000000, 0.000000000000000000, 0.000000000000000000 ) ) ;
#2144 = CIRCLE ( 'NONE', #5811, 2.000000000000001776 ) ;
#2145 = CARTESIAN_POINT ( 'NONE',  ( 679.3766400295691028, 873.6814779488354361, 1377.363138291585756 ) ) ;
#2146 = ORIENTED_EDGE ( 'NONE', *, *, #9266, .F. ) ;
#2147 = ORIENTED_EDGE ( 'NONE', *, *, #1444, .F. ) ;
#2148 = CARTESIAN_POINT ( 'NONE',  ( 667.5503988948141796, 907.9481165441579833, 1400.724160490111217 ) ) ;
#2149 = CARTESIAN_POINT ( 'NONE',  ( 701.0843241928918133, 921.7155387474358577, 1377.898675067870499 ) ) ;
#2150 = FACE_OUTER_BOUND ( 'NONE', #1025, .T. ) ;
#2151 = AXIS2_PLACEMENT_3D ( 'NONE', #3296, #3343, #2644 ) ;
#2152 = CARTESIAN_POINT ( 'NONE',  ( 699.5669961531145873, 924.9481165441617350, 1292.724160490111444 ) ) ;
#2153 = EDGE_CURVE ( 'NONE', #6565, #7872, #4961, .T. ) ;
#2154 = DIRECTION ( 'NONE',  ( -1.921270678177309696E-15, -1.000000000000000000, 0.000000000000000000 ) ) ;
#2155 = DIRECTION ( 'NONE',  ( -1.000000000000000000, 0.000000000000000000, 0.000000000000000000 ) ) ;
#2156 = EDGE_CURVE ( 'NONE', #1511, #2448, #177, .T. ) ;
#2157 = VECTOR ( 'NONE', #6699, 1000.000000000000000 ) ;
#2158 = CIRCLE ( 'NONE', #9048, 9.000000000000007105 ) ;
#2159 = DIRECTION ( 'NONE',  ( -0.000000000000000000, 0.000000000000000000, 1.000000000000000000 ) ) ;
#2160 = EDGE_CURVE ( 'NONE', #6343, #4725, #2043, .T. ) ;
#2161 = CARTESIAN_POINT ( 'NONE',  ( 638.6409187903221891, 926.0657360681004775, 1388.224160490111444 ) ) ;
#2162 = DIRECTION ( 'NONE',  ( 0.000000000000000000, -1.000000000000000000, 0.000000000000000000 ) ) ;
#2163 = CARTESIAN_POINT ( 'NONE',  ( 638.3003988948192955, 917.9481165441651456, 1397.724160490111217 ) ) ;
#2164 = VERTEX_POINT ( 'NONE', #9754 ) ;
#2165 = VERTEX_POINT ( 'NONE', #577 ) ;
#2166 = AXIS2_PLACEMENT_3D ( 'NONE', #1995, #2601, #2554 ) ;
#2167 =( BOUNDED_CURVE ( )  B_SPLINE_CURVE ( 3, ( #4340, #3455, #8911, #1096 ),
 .UNSPECIFIED., .F., .T. ) 
 B_SPLINE_CURVE_WITH_KNOTS ( ( 4, 4 ),
 ( 1.570796326794895004, 2.104995758574136566 ),
 .UNSPECIFIED. ) 
 CURVE ( )  GEOMETRIC_REPRESENTATION_ITEM ( )  RATIONAL_B_SPLINE_CURVE ( ( 1.000000000000000000, 0.9763602925206891214, 0.9763602925206891214, 1.000000000000000000 ) ) 
 REPRESENTATION_ITEM ( '' )  );
#2168 = VERTEX_POINT ( 'NONE', #6738 ) ;
#2169 = LINE ( 'NONE', #8223, #1844 ) ;
#2170 = ADVANCED_FACE ( 'NONE', ( #7494 ), #8149, .T. ) ;
#2171 = AXIS2_PLACEMENT_3D ( 'NONE', #7156, #249, #5561 ) ;
#2173 = EDGE_CURVE ( 'NONE', #1614, #6929, #3593, .T. ) ;
#2172 = CARTESIAN_POINT ( 'NONE',  ( 695.8174274026458761, 926.5219964958499759, 1388.224160490111444 ) ) ;
#2174 = CARTESIAN_POINT ( 'NONE',  ( 679.5503988948173628, 917.9481165441617350, 1298.224160490111444 ) ) ;
#2175 = DIRECTION ( 'NONE',  ( -1.000000000000000000, 4.996003610813204432E-15, -0.000000000000000000 ) ) ;
#2176 = ORIENTED_EDGE ( 'NONE', *, *, #5723, .F. ) ;
#2177 = VECTOR ( 'NONE', #1434, 1000.000000000000000 ) ;
#2178 = CARTESIAN_POINT ( 'NONE',  ( 635.6160958296067065, 919.9481165441651456, 1394.724160490111444 ) ) ;
#2179 = CARTESIAN_POINT ( 'NONE',  ( 654.1083953070369716, 941.6138543107635996, 1378.468614674829951 ) ) ;
#2180 = ADVANCED_FACE ( 'NONE', ( #5888 ), #6638, .F. ) ;
#2181 = ORIENTED_EDGE ( 'NONE', *, *, #9870, .F. ) ;
#2182 = ORIENTED_EDGE ( 'NONE', *, *, #9572, .F. ) ;
#2183 = CIRCLE ( 'NONE', #7764, 36.25000000000000711 ) ;
#2184 = ORIENTED_EDGE ( 'NONE', *, *, #3947, .T. ) ;
#2185 = ADVANCED_FACE ( 'NONE', ( #1442 ), #4532, .T. ) ;
#2186 = CARTESIAN_POINT ( 'NONE',  ( 679.0503988948173628, 941.2694685575479525, 1378.224160490111444 ) ) ;
#2187 = CARTESIAN_POINT ( 'NONE',  ( 699.3080315931698578, 914.9481165441651456, 1399.724160490111444 ) ) ;
#2188 = EDGE_CURVE ( 'NONE', #9653, #4544, #4183, .T. ) ;
#2189 = PLANE ( 'NONE',  #6211 ) ;
#2190 = LINE ( 'NONE', #3689, #1645 ) ;
#2191 = ORIENTED_EDGE ( 'NONE', *, *, #3648, .F. ) ;
#2192 = FACE_OUTER_BOUND ( 'NONE', #5513, .T. ) ;
#2193 = CARTESIAN_POINT ( 'NONE',  ( 635.7597049418415054, 920.6923025906768316, 1389.424355391673316 ) ) ;
#2194 = FACE_OUTER_BOUND ( 'NONE', #2929, .T. ) ;
#2195 = ORIENTED_EDGE ( 'NONE', *, *, #1750, .T. ) ;
#2196 = EDGE_CURVE ( 'NONE', #6027, #270, #6126, .T. ) ;
#2197 = DIRECTION ( 'NONE',  ( 4.996003610813204432E-15, 1.000000000000000000, 0.000000000000000000 ) ) ;
#2198 = AXIS2_PLACEMENT_3D ( 'NONE', #6099, #9173, #6410 ) ;
#2199 = CARTESIAN_POINT ( 'NONE',  ( 674.5503988948191818, 907.9481165441652593, 1397.724160490111217 ) ) ;
#2200 = DIRECTION ( 'NONE',  ( -9.592309208192977632E-17, -1.000000000000000000, 0.000000000000000000 ) ) ;
#2201 = ORIENTED_EDGE ( 'NONE', *, *, #7788, .T. ) ;
#2202 = EDGE_LOOP ( 'NONE', ( #6999, #3053, #6228, #2422, #7137, #5626, #8700, #701, #5638 ) ) ;
#2203 = CARTESIAN_POINT ( 'NONE',  ( 648.8371954592229258, 929.1613199797617426, 1339.722160490111492 ) ) ;
#2204 = CARTESIAN_POINT ( 'NONE',  ( 701.2548012689702546, 921.2930253302276924, 1378.579200832434481 ) ) ;
#2205 = DIRECTION ( 'NONE',  ( 0.000000000000000000, 0.000000000000000000, 1.000000000000000000 ) ) ;
#2206 = VECTOR ( 'NONE', #2217, 1000.000000000000000 ) ;
#2207 = DIRECTION ( 'NONE',  ( 0.000000000000000000, 0.000000000000000000, 1.000000000000000000 ) ) ;
#2208 = CARTESIAN_POINT ( 'NONE',  ( 646.3371954592226984, 929.1613199797616289, 1380.724160490111217 ) ) ;
#2209 = LINE ( 'NONE', #9125, #1420 ) ;
#2210 = CIRCLE ( 'NONE', #4441, 3.000000000000002665 ) ;
#2211 = CARTESIAN_POINT ( 'NONE',  ( 637.4233096180794291, 891.5284323174670362, 1388.200158027417729 ) ) ;
#2212 = TOROIDAL_SURFACE ( 'NONE', #5243, 2.000000000000000000, 1.000000000000000000 ) ;
#2213 = DIRECTION ( 'NONE',  ( -1.000000000000000000, 1.921270678177309696E-15, 0.000000000000000000 ) ) ;
#2214 = DIRECTION ( 'NONE',  ( 1.000000000000000000, 0.000000000000000000, 0.000000000000000000 ) ) ;
#2215 = VECTOR ( 'NONE', #2593, 1000.000000000000000 ) ;
#2216 = VECTOR ( 'NONE', #8859, 1000.000000000000000 ) ;
#2217 = DIRECTION ( 'NONE',  ( 0.000000000000000000, 0.000000000000000000, 1.000000000000000000 ) ) ;
#2218 = EDGE_LOOP ( 'NONE', ( #8947, #5295, #4537, #323 ) ) ;
#2219 = ORIENTED_EDGE ( 'NONE', *, *, #509, .T. ) ;
#2220 = ORIENTED_EDGE ( 'NONE', *, *, #4134, .F. ) ;
#2221 = FACE_BOUND ( 'NONE', #5593, .T. ) ;
#2222 = AXIS2_PLACEMENT_3D ( 'NONE', #7393, #4333, #4283 ) ;
#2223 = CARTESIAN_POINT ( 'NONE',  ( 687.5636023304157334, 929.1613199797623110, 1388.224160490111444 ) ) ;
#2224 = DIRECTION ( 'NONE',  ( 0.000000000000000000, -0.000000000000000000, 1.000000000000000000 ) ) ;
#2225 = CARTESIAN_POINT ( 'NONE',  ( 677.5503988948141796, 876.1904838458079894, 1397.724160490111217 ) ) ;
#2226 = ORIENTED_EDGE ( 'NONE', *, *, #9083, .F. ) ;
#2227 = DIRECTION ( 'NONE',  ( 1.000000000000000000, 0.000000000000000000, 0.000000000000000000 ) ) ;
#2228 = EDGE_CURVE ( 'NONE', #6178, #4164, #3552, .T. ) ;
#2229 = CARTESIAN_POINT ( 'NONE',  ( 654.1950628781285104, 941.6483866618120828, 1378.568082867014482 ) ) ;
#2230 =( BOUNDED_SURFACE ( )  B_SPLINE_SURFACE ( 3, 2, ( 
 ( #1323, #1174, #3531 ),
 ( #7980, #6485, #511 ),
 ( #7430, #5126, #7382 ),
 ( #4370, #419, #7231 ),
 ( #9602, #9550, #6674 ),
 ( #9688, #1221, #1275 ),
 ( #5678, #2743, #561 ),
 ( #8801, #8844, #6579 ),
 ( #8078, #4322, #5731 ),
 ( #7335, #1936, #2693 ),
 ( #3576, #6624, #3625 ),
 ( #2832, #2640, #4931 ),
 ( #5869, #8747, #1884 ),
 ( #9186, #6825, #1563 ) ),
 .UNSPECIFIED., .F., .F., .T. ) 
 B_SPLINE_SURFACE_WITH_KNOTS ( ( 4, 2, 2, 2, 2, 2, 4 ),
 ( 3, 3 ),
 ( 0.001572479549621707846, 0.002382047840847495782, 0.002786831986460389966, 0.003191616132073284151, 0.003596400277686178336, 0.004001184423299072521, 0.004810752714524860023 ),
 ( 0.000000000000000000, 1.000000000000000000 ),
 .UNSPECIFIED. ) 
 GEOMETRIC_REPRESENTATION_ITEM ( )  RATIONAL_B_SPLINE_SURFACE ( (
 ( 1.000000000000000000, 0.7071067811865475727, 1.000000000000000000),
 ( 1.000000000000000000, 0.7241452414106385183, 1.000000000000000000),
 ( 1.000000000000000000, 0.7394661459224453059, 1.000000000000000000),
 ( 1.000000000000000000, 0.7597123143392301436, 1.000000000000000000),
 ( 1.000000000000000000, 0.7658613605934635471, 1.000000000000000000),
 ( 1.000000000000000000, 0.7771366564037237579, 1.000000000000000000),
 ( 1.000000000000000000, 0.7823110838543724244, 1.000000000000000000),
 ( 1.000000000000000000, 0.7914679882932501576, 1.000000000000000000),
 ( 1.000000000000000000, 0.7954282869575340920, 1.000000000000000000),
 ( 1.000000000000000000, 0.8022751275674478988, 1.000000000000000000),
 ( 1.000000000000000000, 0.8051804201126713245, 1.000000000000000000),
 ( 1.000000000000000000, 0.8120336653028081830, 1.000000000000000000),
 ( 1.000000000000000000, 0.8143141872986443541, 1.000000000000000000),
 ( 1.000000000000000000, 0.8143221520846949391, 1.000000000000000000) ) ) 
 REPRESENTATION_ITEM ( '' )  SURFACE ( )  );
#2231 = ORIENTED_EDGE ( 'NONE', *, *, #751, .F. ) ;
#2232 = ORIENTED_EDGE ( 'NONE', *, *, #7479, .F. ) ;
#2233 = VECTOR ( 'NONE', #1935, 1000.000000000000000 ) ;
#2234 = EDGE_LOOP ( 'NONE', ( #7468, #2276, #1796, #2047, #3890 ) ) ;
#2235 = EDGE_CURVE ( 'NONE', #1336, #1861, #6981, .T. ) ;
#2236 = PLANE ( 'NONE',  #9544 ) ;
#2237 = VECTOR ( 'NONE', #9802, 1000.000000000000000 ) ;
#2238 = EDGE_CURVE ( 'NONE', #2271, #5687, #1483, .T. ) ;
#2239 = CARTESIAN_POINT ( 'NONE',  ( 695.6894273792728427, 890.2349131085616136, 1388.716960580079558 ) ) ;
#2240 = FACE_OUTER_BOUND ( 'NONE', #4483, .T. ) ;
#2241 = DIRECTION ( 'NONE',  ( -0.000000000000000000, 0.000000000000000000, -1.000000000000000000 ) ) ;
#2242 = ORIENTED_EDGE ( 'NONE', *, *, #7193, .T. ) ;
#2243 = CARTESIAN_POINT ( 'NONE',  ( 656.2503988948174083, 888.9481165441617350, 1290.824160490111353 ) ) ;
#2244 = CARTESIAN_POINT ( 'NONE',  ( 697.7698976535349402, 896.9475452512426727, 1388.224160490111444 ) ) ;
#2245 = ADVANCED_FACE ( 'NONE', ( #6179 ), #5326, .F. ) ;
#2246 = CARTESIAN_POINT ( 'NONE',  ( 638.3003988948192955, 917.9481165441651456, 1397.724160490111217 ) ) ;
#2247 = ORIENTED_EDGE ( 'NONE', *, *, #754, .F. ) ;
#2248 = CARTESIAN_POINT ( 'NONE',  ( 669.0503988948173628, 888.9481165441617350, 1290.824160490111353 ) ) ;
#2249 = LINE ( 'NONE', #6189, #8455 ) ;
#2250 = DIRECTION ( 'NONE',  ( -1.000000000000000000, 4.968248035197575518E-15, 0.000000000000000000 ) ) ;
#2251 = ORIENTED_EDGE ( 'NONE', *, *, #543, .T. ) ;
#2252 = ORIENTED_EDGE ( 'NONE', *, *, #3409, .F. ) ;
#2253 = CARTESIAN_POINT ( 'NONE',  ( 666.0503988948174765, 888.9481165441617350, 1288.224160490111444 ) ) ;
#2254 = DIRECTION ( 'NONE',  ( 0.000000000000000000, 0.000000000000000000, 1.000000000000000000 ) ) ;
#2255 = CARTESIAN_POINT ( 'NONE',  ( 641.3086507567329591, 889.2349131085609315, 1388.224160490111444 ) ) ;
#2256 = ORIENTED_EDGE ( 'NONE', *, *, #1889, .T. ) ;
#2257 = CARTESIAN_POINT ( 'NONE',  ( 667.5503988948173628, 889.5048929804447653, 1289.524160490111626 ) ) ;
#2258 = CARTESIAN_POINT ( 'NONE',  ( 680.1982928896723024, 881.4247473093039389, 1378.224160490111444 ) ) ;
#2259 = DIRECTION ( 'NONE',  ( -1.000000000000000000, 0.000000000000000000, 0.000000000000000000 ) ) ;
#2260 = CARTESIAN_POINT ( 'NONE',  ( 697.6190865445618101, 897.2951950165582957, 1388.224160490111444 ) ) ;
#2261 = CARTESIAN_POINT ( 'NONE',  ( 671.5503988948173628, 938.9481165441617350, 1287.224160490111672 ) ) ;
#2262 = CARTESIAN_POINT ( 'NONE',  ( 670.6949512090433245, 935.9481165441617350, 1284.106126501361587 ) ) ;
#2263 = CIRCLE ( 'NONE', #5460, 1.199999999999978861 ) ;
#2264 = EDGE_LOOP ( 'NONE', ( #81, #1752, #7832, #7125, #6683, #6890, #2344, #2928, #9595, #8475, #5382, #4615, #1539, #8897, #9364, #3926 ) ) ;
#2265 = ORIENTED_EDGE ( 'NONE', *, *, #8864, .T. ) ;
#2266 = CIRCLE ( 'NONE', #6256, 0.8000000000000229150 ) ;
#2267 = VERTEX_POINT ( 'NONE', #7685 ) ;
#2268 = LINE ( 'NONE', #8273, #2322 ) ;
#2269 = FACE_OUTER_BOUND ( 'NONE', #3840, .T. ) ;
#2270 = DIRECTION ( 'NONE',  ( 0.000000000000000000, 1.000000000000000000, -0.000000000000000000 ) ) ;
#2271 = VERTEX_POINT ( 'NONE', #7539 ) ;
#2272 = AXIS2_PLACEMENT_3D ( 'NONE', #7984, #2495, #272 ) ;
#2273 = CARTESIAN_POINT ( 'NONE',  ( 647.7503988948172946, 928.9481165441617350, 1292.724160490111444 ) ) ;
#2274 = AXIS2_PLACEMENT_3D ( 'NONE', #7141, #1747, #3255 ) ;
#2275 = CARTESIAN_POINT ( 'NONE',  ( 653.9546974015255500, 941.5520785237974906, 1378.252107421000346 ) ) ;
#2276 = ORIENTED_EDGE ( 'NONE', *, *, #70, .F. ) ;
#2277 = ORIENTED_EDGE ( 'NONE', *, *, #4603, .T. ) ;
#2278 = EDGE_LOOP ( 'NONE', ( #8, #8974, #4873, #9458, #763 ) ) ;
#2279 = ADVANCED_FACE ( 'NONE', ( #9198 ), #9058, .F. ) ;
#2280 = PRODUCT_CONTEXT ( 'NONE', #8259, 'mechanical' ) ;
#2281 = AXIS2_PLACEMENT_3D ( 'NONE', #6675, #7283, #8946 ) ;
#2282 = CARTESIAN_POINT ( 'NONE',  ( 646.3371954592175825, 886.7349131085608178, 1388.224160490111444 ) ) ;
#2283 = DIRECTION ( 'NONE',  ( 0.000000000000000000, -0.000000000000000000, -1.000000000000000000 ) ) ;
#2284 = DIRECTION ( 'NONE',  ( -1.000000000000000000, 0.000000000000000000, 0.000000000000000000 ) ) ;
#2285 = B_SPLINE_CURVE_WITH_KNOTS ( 'NONE', 3,
 ( #2161, #1460, #7562, #9030, #597, #8318, #742, #1359, #4605, #1551 ),
 .UNSPECIFIED., .F., .F.,
 ( 4, 2, 2, 2, 4 ),
 ( 0.000000000000000000, 0.001980956825173742566, 0.002971435237760458592, 0.003466674444053816171, 0.003961913650347173750 ),
 .UNSPECIFIED. ) ;
#2286 = ORIENTED_EDGE ( 'NONE', *, *, #7244, .F. ) ;
#2287 = EDGE_CURVE ( 'NONE', #1392, #3025, #2339, .T. ) ;
#2288 =( BOUNDED_CURVE ( )  B_SPLINE_CURVE ( 3, ( #6585, #1130, #7341, #4226 ),
 .UNSPECIFIED., .F., .T. ) 
 B_SPLINE_CURVE_WITH_KNOTS ( ( 4, 4 ),
 ( 2.760329711163502786, 4.678585213742365134 ),
 .UNSPECIFIED. ) 
 CURVE ( )  GEOMETRIC_REPRESENTATION_ITEM ( )  RATIONAL_B_SPLINE_CURVE ( ( 1.000000000000000000, 0.7161562043992756310, 0.7161562043992756310, 1.000000000000000000 ) ) 
 REPRESENTATION_ITEM ( '' )  );
#2289 = SPHERICAL_SURFACE ( 'NONE', #1837, 1.000000000000000000 ) ;
#2290 = ADVANCED_FACE ( 'NONE', ( #2192 ), #8298, .T. ) ;
#2291 = ADVANCED_FACE ( 'NONE', ( #6036 ), #5377, .T. ) ;
#2292 = VERTEX_POINT ( 'NONE', #2243 ) ;
#2293 = DIRECTION ( 'NONE',  ( -1.000000000000000000, 0.000000000000000000, 0.000000000000000000 ) ) ;
#2294 = VECTOR ( 'NONE', #2734, 1000.000000000000000 ) ;
#2295 = ORIENTED_EDGE ( 'NONE', *, *, #1383, .T. ) ;
#2296 = DIRECTION ( 'NONE',  ( -7.077671781985360323E-15, -1.000000000000000000, 0.000000000000000000 ) ) ;
#2297 = EDGE_CURVE ( 'NONE', #8633, #6630, #3241, .T. ) ;
#2298 = DIRECTION ( 'NONE',  ( 9.592309208192977632E-17, 1.000000000000000000, 0.000000000000000000 ) ) ;
#2299 = DIRECTION ( 'NONE',  ( -0.000000000000000000, -0.000000000000000000, -1.000000000000000000 ) ) ;
#2300 = EDGE_LOOP ( 'NONE', ( #2813, #4077, #8533 ) ) ;
#2301 = ORIENTED_EDGE ( 'NONE', *, *, #7168, .F. ) ;
#2302 = CARTESIAN_POINT ( 'NONE',  ( 667.5503988948192955, 907.9481165441652593, 1400.724160490111217 ) ) ;
#2303 = DIRECTION ( 'NONE',  ( -1.000000000000000000, 0.000000000000000000, 0.000000000000000000 ) ) ;
#2304 = CARTESIAN_POINT ( 'NONE',  ( 648.8371954592226984, 936.0871450286239224, 1390.724160490111444 ) ) ;
#2305 = ADVANCED_FACE ( 'NONE', ( #6888 ), #18, .T. ) ;
#2306 = B_SPLINE_CURVE_WITH_KNOTS ( 'NONE', 3,
 ( #7369, #6661, #6760, #5763, #8262, #5157, #497, #2775, #3562, #3666, #1308, #6712, #5114, #8211 ),
 .UNSPECIFIED., .F., .F.,
 ( 4, 2, 2, 2, 2, 2, 4 ),
 ( 0.000000000000000000, 0.0003383713389353871516, 0.0006767426778707743033, 0.001353485355740868595, 0.002030228033610963212, 0.002368599372545731989, 0.002706970711480500766 ),
 .UNSPECIFIED. ) ;
#2307 = CYLINDRICAL_SURFACE ( 'NONE', #5710, 1.000000000000000888 ) ;
#2308 = AXIS2_PLACEMENT_3D ( 'NONE', #8051, #7207, #7358 ) ;
#2309 = AXIS2_PLACEMENT_3D ( 'NONE', #1005, #6467, #5458 ) ;
#2310 = CARTESIAN_POINT ( 'NONE',  ( 700.1128389139558976, 921.4481165441617350, 1281.724160490111444 ) ) ;
#2311 = CARTESIAN_POINT ( 'NONE',  ( 701.6099625929967942, 920.4481165441617350, 1377.224160490112126 ) ) ;
#2312 = ADVANCED_FACE ( 'NONE', ( #4785 ), #9501, .F. ) ;
#2313 = CARTESIAN_POINT ( 'NONE',  ( 653.6825109234453066, 941.4405808923851282, 1377.502075922748190 ) ) ;
#2314 = CARTESIAN_POINT ( 'NONE',  ( 657.5503988948192955, 937.1981165441651456, 1388.224160490111444 ) ) ;
#2315 = VECTOR ( 'NONE', #5537, 1000.000000000000000 ) ;
#2316 = DIRECTION ( 'NONE',  ( -1.000000000000000000, 0.000000000000000000, -0.000000000000000000 ) ) ;
#2317 = CARTESIAN_POINT ( 'NONE',  ( 646.3371954592175825, 889.2349131085609315, 1339.722160490111492 ) ) ;
#2318 = ORIENTED_EDGE ( 'NONE', *, *, #6523, .T. ) ;
#2319 = ORIENTED_EDGE ( 'NONE', *, *, #5286, .F. ) ;
#2320 = ORIENTED_EDGE ( 'NONE', *, *, #5943, .F. ) ;
#2321 = FACE_OUTER_BOUND ( 'NONE', #5838, .T. ) ;
#2322 = VECTOR ( 'NONE', #3675, 1000.000000000000000 ) ;
#2323 = EDGE_CURVE ( 'NONE', #3889, #7633, #8019, .T. ) ;
#2324 = CARTESIAN_POINT ( 'NONE',  ( 654.8061666689407048, 874.7992588428891167, 1377.882484125550036 ) ) ;
#2325 = FACE_OUTER_BOUND ( 'NONE', #5637, .T. ) ;
#2326 = ORIENTED_EDGE ( 'NONE', *, *, #7906, .T. ) ;
#2327 = CARTESIAN_POINT ( 'NONE',  ( 677.5503988948192955, 937.8824196093778482, 1400.724160490111217 ) ) ;
#2328 = CARTESIAN_POINT ( 'NONE',  ( 655.2648040479468818, 940.6851443030125210, 1377.846387581843373 ) ) ;
#2329 = VERTEX_POINT ( 'NONE', #7780 ) ;
#2330 = ORIENTED_EDGE ( 'NONE', *, *, #1979, .T. ) ;
#2331 = ORIENTED_EDGE ( 'NONE', *, *, #9824, .F. ) ;
#2332 = VECTOR ( 'NONE', #7598, 1000.000000000000000 ) ;
#2333 = EDGE_CURVE ( 'NONE', #5725, #4365, #5463, .T. ) ;
#2334 = DIRECTION ( 'NONE',  ( -0.000000000000000000, 0.000000000000000000, 1.000000000000000000 ) ) ;
#2335 = DIRECTION ( 'NONE',  ( 0.000000000000000000, 0.000000000000000000, 1.000000000000000000 ) ) ;
#2336 = DIRECTION ( 'NONE',  ( 0.000000000000000000, -1.000000000000000000, 0.000000000000000000 ) ) ;
#2337 = FACE_OUTER_BOUND ( 'NONE', #22, .T. ) ;
#2338 = EDGE_LOOP ( 'NONE', ( #4495, #1711, #4847 ) ) ;
#2339 = LINE ( 'NONE', #671, #346 ) ;
#2340 = DIRECTION ( 'NONE',  ( -2.157259365049192566E-15, 1.000000000000000000, 0.000000000000000000 ) ) ;
#2341 = EDGE_CURVE ( 'NONE', #2702, #6542, #9316, .T. ) ;
#2342 = AXIS2_PLACEMENT_3D ( 'NONE', #4094, #9693, #567 ) ;
#2343 = CARTESIAN_POINT ( 'NONE',  ( 652.5503988948173628, 909.4481165441617350, 1288.224160490111444 ) ) ;
#2344 = ORIENTED_EDGE ( 'NONE', *, *, #4110, .T. ) ;
#2345 = CARTESIAN_POINT ( 'NONE',  ( 648.8371954592229258, 929.1613199797617426, 1390.724160490111444 ) ) ;
#2346 = EDGE_LOOP ( 'NONE', ( #165, #7638, #9764, #3718 ) ) ;
#2347 = DIRECTION ( 'NONE',  ( 0.000000000000000000, 0.000000000000000000, 1.000000000000000000 ) ) ;
#2348 = ADVANCED_FACE ( 'NONE', ( #2542 ), #7132, .F. ) ;
#2349 = DIRECTION ( 'NONE',  ( 1.000000000000000000, 0.000000000000000000, 0.000000000000000000 ) ) ;
#2350 = CARTESIAN_POINT ( 'NONE',  ( 648.8371954592175825, 886.7349131085610452, 1388.224160490111444 ) ) ;
#2351 = ORIENTED_EDGE ( 'NONE', *, *, #3752, .T. ) ;
#2352 = DIRECTION ( 'NONE',  ( 0.000000000000000000, 0.000000000000000000, 1.000000000000000000 ) ) ;
#2353 = VERTEX_POINT ( 'NONE', #3342 ) ;
#2354 = DIRECTION ( 'NONE',  ( 1.000000000000000000, 6.827871601444711146E-15, 0.000000000000000000 ) ) ;
#2355 = EDGE_CURVE ( 'NONE', #415, #4440, #4128, .T. ) ;
#2356 = CARTESIAN_POINT ( 'NONE',  ( 696.8003988948195229, 897.9481165441650319, 1400.724160490111217 ) ) ;
#2357 = DIRECTION ( 'NONE',  ( 0.000000000000000000, -1.000000000000000000, -0.000000000000000000 ) ) ;
#2358 = CIRCLE ( 'NONE', #7941, 1.000000000000000888 ) ;
#2359 = CARTESIAN_POINT ( 'NONE',  ( 638.3505920457678258, 897.7760176248797279, 1388.382212019190774 ) ) ;
#2360 = CIRCLE ( 'NONE', #3636, 2.000000000000001776 ) ;
#2361 = CARTESIAN_POINT ( 'NONE',  ( 657.5503988948173628, 923.9481165441617350, 1298.224160490111444 ) ) ;
#2362 = DIRECTION ( 'NONE',  ( -4.996003610813204432E-15, -1.000000000000000000, 0.000000000000000000 ) ) ;
#2363 = ADVANCED_FACE ( 'NONE', ( #1127 ), #7186, .T. ) ;
#2364 = CARTESIAN_POINT ( 'NONE',  ( 634.7927661964698700, 914.9481165441651456, 1397.724160490111217 ) ) ;
#2365 = ADVANCED_FACE ( 'NONE', ( #8546 ), #1471, .F. ) ;
#2366 = LINE ( 'NONE', #4102, #1368 ) ;
#2367 = CARTESIAN_POINT ( 'NONE',  ( 651.5503988948173628, 909.4481165441617350, 1288.224160490111444 ) ) ;
#2368 = EDGE_CURVE ( 'NONE', #837, #7029, #1783, .T. ) ;
#2369 = VECTOR ( 'NONE', #2383, 1000.000000000000000 ) ;
#2370 = LINE ( 'NONE', #9830, #3012 ) ;
#2371 = VERTEX_POINT ( 'NONE', #6390 ) ;
#2372 = EDGE_LOOP ( 'NONE', ( #2573, #6911, #5928, #3578, #1363, #5111 ) ) ;
#2373 = VERTEX_POINT ( 'NONE', #3985 ) ;
#2374 = CARTESIAN_POINT ( 'NONE',  ( 698.7098130557589002, 897.5621025957983647, 1389.342371003107701 ) ) ;
#2375 = VECTOR ( 'NONE', #2582, 1000.000000000000000 ) ;
#2376 = VECTOR ( 'NONE', #4499, 1000.000000000000000 ) ;
#2377 = DIRECTION ( 'NONE',  ( -0.6818181818181837661, -0.7315216790650473921, 0.000000000000000000 ) ) ;
#2378 = DIRECTION ( 'NONE',  ( 1.000000000000000000, 0.000000000000000000, 0.000000000000000000 ) ) ;
#2379 = AXIS2_PLACEMENT_3D ( 'NONE', #3551, #2764, #1397 ) ;
#2380 = VERTEX_POINT ( 'NONE', #4173 ) ;
#2381 =( BOUNDED_CURVE ( )  B_SPLINE_CURVE ( 3, ( #1443, #7733, #9200, #5285 ),
 .UNSPECIFIED., .F., .F. ) 
 B_SPLINE_CURVE_WITH_KNOTS ( ( 4, 4 ),
 ( 2.373674235172648306, 3.006807198419217286 ),
 .UNSPECIFIED. ) 
 CURVE ( )  GEOMETRIC_REPRESENTATION_ITEM ( )  RATIONAL_B_SPLINE_CURVE ( ( 1.000000000000000000, 0.9668732604941229214, 0.9668732604941229214, 1.000000000000000000 ) ) 
 REPRESENTATION_ITEM ( '' )  );
#2382 = DIRECTION ( 'NONE',  ( 0.000000000000000000, 1.000000000000000000, 0.000000000000000000 ) ) ;
#2383 = DIRECTION ( 'NONE',  ( -0.000000000000000000, -1.000000000000000000, -0.000000000000000000 ) ) ;
#2384 = AXIS2_PLACEMENT_3D ( 'NONE', #4262, #6477, #3566 ) ;
#2385 = ORIENTED_EDGE ( 'NONE', *, *, #6577, .F. ) ;
#2386 = VERTEX_POINT ( 'NONE', #7037 ) ;
#2387 = AXIS2_PLACEMENT_3D ( 'NONE', #1578, #2336, #6176 ) ;
#2388 = EDGE_LOOP ( 'NONE', ( #5215, #4084 ) ) ;
#2389 = CYLINDRICAL_SURFACE ( 'NONE', #6162, 3.000000000000002665 ) ;
#2390 = DIRECTION ( 'NONE',  ( 0.2513983643950108982, 0.000000000000000000, -0.9678837029207143505 ) ) ;
#2391 = DIRECTION ( 'NONE',  ( 1.236786676975587145E-16, 1.000000000000000000, 0.000000000000000000 ) ) ;
#2392 = DIRECTION ( 'NONE',  ( 1.000000000000000000, -1.921270678177309696E-15, 0.000000000000000000 ) ) ;
#2393 = VERTEX_POINT ( 'NONE', #7084 ) ;
#2394 = CARTESIAN_POINT ( 'NONE',  ( 635.6385939725341814, 895.5060448692811406, 1389.440084088966387 ) ) ;
#2395 = CARTESIAN_POINT ( 'NONE',  ( 649.3044675363477154, 936.9334315995849920, 1394.724160490111444 ) ) ;
#2396 = CARTESIAN_POINT ( 'NONE',  ( 671.5503988948173628, 937.9481165441617350, 1288.224160490111444 ) ) ;
#2397 = AXIS2_PLACEMENT_3D ( 'NONE', #219, #5430, #4829 ) ;
#2398 = ORIENTED_EDGE ( 'NONE', *, *, #9076, .F. ) ;
#2399 = EDGE_LOOP ( 'NONE', ( #828, #2500, #222, #6922 ) ) ;
#2400 = VERTEX_POINT ( 'NONE', #9301 ) ;
#2401 = CARTESIAN_POINT ( 'NONE',  ( 696.7502057438655356, 918.1202154634434009, 1388.382212019190774 ) ) ;
#2402 = DIRECTION ( 'NONE',  ( -1.000000000000000000, 0.000000000000000000, 0.000000000000000000 ) ) ;
#2403 = CARTESIAN_POINT ( 'NONE',  ( 698.3888381949283257, 894.8888876473153005, 1388.384924267096949 ) ) ;
#2404 = ORIENTED_EDGE ( 'NONE', *, *, #245, .F. ) ;
#2405 = FACE_BOUND ( 'NONE', #6918, .T. ) ;
#2406 = ORIENTED_EDGE ( 'NONE', *, *, #389, .T. ) ;
#2407 = CARTESIAN_POINT ( 'NONE',  ( 657.0503988948174765, 888.9481165441617350, 1290.824160490111353 ) ) ;
#2408 = CARTESIAN_POINT ( 'NONE',  ( 667.5503988948173628, 907.9481165441617350, 1378.224160490111444 ) ) ;
#2409 = CARTESIAN_POINT ( 'NONE',  ( 667.5503988948192955, 907.9481165441652593, 1388.224160490111444 ) ) ;
#2410 = EDGE_CURVE ( 'NONE', #6268, #9352, #5940, .T. ) ;
#2411 = DIRECTION ( 'NONE',  ( -1.000000000000000000, 0.000000000000000000, 0.000000000000000000 ) ) ;
#2412 = LINE ( 'NONE', #5556, #217 ) ;
#2413 = DIRECTION ( 'NONE',  ( -1.000000000000000000, 0.000000000000000000, 0.000000000000000000 ) ) ;
#2414 = DIRECTION ( 'NONE',  ( 0.000000000000000000, 0.000000000000000000, 1.000000000000000000 ) ) ;
#2415 = SPHERICAL_SURFACE ( 'NONE', #6291, 1.000000000000000000 ) ;
#2416 = DIRECTION ( 'NONE',  ( -0.000000000000000000, -0.000000000000000000, -1.000000000000000000 ) ) ;
#2417 = EDGE_CURVE ( 'NONE', #6217, #1608, #1683, .T. ) ;
#2418 = LINE ( 'NONE', #5562, #385 ) ;
#2419 = EDGE_CURVE ( 'NONE', #2292, #4319, #5397, .T. ) ;
#2420 = CARTESIAN_POINT ( 'NONE',  ( 639.1599720459655600, 925.6613199797615152, 1387.749076877159041 ) ) ;
#2421 = ORIENTED_EDGE ( 'NONE', *, *, #2682, .T. ) ;
#2422 = ORIENTED_EDGE ( 'NONE', *, *, #4421, .T. ) ;
#2423 = ADVANCED_FACE ( 'NONE', ( #1026 ), #8649, .T. ) ;
#2424 = ORIENTED_EDGE ( 'NONE', *, *, #4603, .F. ) ;
#2425 = DIRECTION ( 'NONE',  ( 1.000000000000000000, -0.000000000000000000, -0.000000000000000000 ) ) ;
#2426 = EDGE_CURVE ( 'NONE', #4886, #4838, #1407, .T. ) ;
#2427 = CARTESIAN_POINT ( 'NONE',  ( 651.5503988948173628, 888.9481165441617350, 1289.224160490111444 ) ) ;
#2428 = DIRECTION ( 'NONE',  ( 0.000000000000000000, -0.000000000000000000, -1.000000000000000000 ) ) ;
#2429 = EDGE_LOOP ( 'NONE', ( #7444, #5132, #5919, #563 ) ) ;
#2430 = CARTESIAN_POINT ( 'NONE',  ( 660.5503988948140659, 878.6981165441578696, 1397.724160490111217 ) ) ;
#2431 = CARTESIAN_POINT ( 'NONE',  ( 680.4343101209831275, 874.0647620200466008, 1378.977157126090106 ) ) ;
#2432 = AXIS2_PLACEMENT_3D ( 'NONE', #6641, #8959, #5839 ) ;
#2433 = ORIENTED_EDGE ( 'NONE', *, *, #9395, .F. ) ;
#2434 = ORIENTED_EDGE ( 'NONE', *, *, #7857, .T. ) ;
#2435 = ORIENTED_EDGE ( 'NONE', *, *, #3210, .F. ) ;
#2436 = AXIS2_PLACEMENT_3D ( 'NONE', #9270, #5448, #8509 ) ;
#2437 = LINE ( 'NONE', #8489, #4723 ) ;
#2438 = DIRECTION ( 'NONE',  ( -1.000000000000000000, -6.800116025829082232E-15, 0.000000000000000000 ) ) ;
#2439 = AXIS2_PLACEMENT_3D ( 'NONE', #7879, #4733, #6340 ) ;
#2440 = DIRECTION ( 'NONE',  ( -0.000000000000000000, -0.000000000000000000, -1.000000000000000000 ) ) ;
#2441 = VECTOR ( 'NONE', #7693, 1000.000000000000000 ) ;
#2442 = DIRECTION ( 'NONE',  ( 1.000000000000000000, 0.000000000000000000, -0.000000000000000000 ) ) ;
#2443 = ORIENTED_EDGE ( 'NONE', *, *, #944, .T. ) ;
#2444 = ADVANCED_FACE ( 'NONE', ( #9353 ), #2789, .F. ) ;
#2445 = DIRECTION ( 'NONE',  ( -1.000000000000000000, 0.000000000000000000, 0.000000000000000000 ) ) ;
#2446 = DIRECTION ( 'NONE',  ( 0.000000000000000000, 0.000000000000000000, -1.000000000000000000 ) ) ;
#2447 = DIRECTION ( 'NONE',  ( 1.000000000000000000, 0.000000000000000000, 0.000000000000000000 ) ) ;
#2448 = VERTEX_POINT ( 'NONE', #8948 ) ;
#2449 = EDGE_LOOP ( 'NONE', ( #9066, #3781, #7690, #2880, #413, #7110, #5997, #8243 ) ) ;
#2450 = ORIENTED_EDGE ( 'NONE', *, *, #7726, .F. ) ;
#2451 = CARTESIAN_POINT ( 'NONE',  ( 631.3003988948164533, 907.9481165441580970, 1394.724160490111444 ) ) ;
#2452 = CARTESIAN_POINT ( 'NONE',  ( 679.9767341994181606, 942.0108360675324093, 1377.750279814229089 ) ) ;
#2453 = CARTESIAN_POINT ( 'NONE',  ( 634.9879588756788280, 920.4481165441617350, 1281.724160490111444 ) ) ;
#2454 = ORIENTED_EDGE ( 'NONE', *, *, #2853, .T. ) ;
#2455 = CYLINDRICAL_SURFACE ( 'NONE', #498, 0.9999999999998898659 ) ;
#2456 = ORIENTED_EDGE ( 'NONE', *, *, #797, .T. ) ;
#2457 = VECTOR ( 'NONE', #5306, 1000.000000000000000 ) ;
#2458 = CARTESIAN_POINT ( 'NONE',  ( 679.6503988948173856, 888.9481165441617350, 1290.824160490111353 ) ) ;
#2459 = DIRECTION ( 'NONE',  ( 0.000000000000000000, 0.000000000000000000, 1.000000000000000000 ) ) ;
#2460 = DIRECTION ( 'NONE',  ( -0.000000000000000000, 0.000000000000000000, -1.000000000000000000 ) ) ;
#2461 = CARTESIAN_POINT ( 'NONE',  ( 634.7927661964696426, 907.9481165441651456, 1399.724160490111444 ) ) ;
#2462 = LINE ( 'NONE', #952, #4535 ) ;
#2463 = AXIS2_PLACEMENT_3D ( 'NONE', #2466, #96, #4707 ) ;
#2464 = DIRECTION ( 'NONE',  ( -1.000000000000000000, 0.000000000000000000, 0.000000000000000000 ) ) ;
#2465 = DIRECTION ( 'NONE',  ( -0.000000000000000000, -0.000000000000000000, 1.000000000000000000 ) ) ;
#2466 = CARTESIAN_POINT ( 'NONE',  ( 685.2636023304157789, 936.0871450286239224, 1388.224160490111444 ) ) ;
#2467 = CARTESIAN_POINT ( 'NONE',  ( 697.5042880314767899, 923.6444915314471018, 1388.224160490111899 ) ) ;
#2468 = DIRECTION ( 'NONE',  ( -1.000000000000000000, 0.000000000000000000, 0.000000000000000000 ) ) ;
#2469 = LINE ( 'NONE', #4817, #1238 ) ;
#2470 = ORIENTED_EDGE ( 'NONE', *, *, #8731, .T. ) ;
#2471 = AXIS2_PLACEMENT_3D ( 'NONE', #4600, #7606, #1354 ) ;
#2472 = ORIENTED_EDGE ( 'NONE', *, *, #7990, .F. ) ;
#2473 = ORIENTED_EDGE ( 'NONE', *, *, #1853, .F. ) ;
#2474 = EDGE_CURVE ( 'NONE', #9191, #4784, #5241, .T. ) ;
#2475 = EDGE_CURVE ( 'NONE', #9330, #5439, #1327, .T. ) ;
#2476 = AXIS2_PLACEMENT_3D ( 'NONE', #6907, #3117, #9225 ) ;
#2477 = DIRECTION ( 'NONE',  ( 0.000000000000000000, 0.000000000000000000, 1.000000000000000000 ) ) ;
#2478 = SPHERICAL_SURFACE ( 'NONE', #1816, 1.000000000000000000 ) ;
#2479 = CARTESIAN_POINT ( 'NONE',  ( 700.3080315931697442, 916.9481165441651456, 1374.668558774804069 ) ) ;
#2480 = FACE_BOUND ( 'NONE', #4839, .T. ) ;
#2481 = EDGE_LOOP ( 'NONE', ( #1017, #649, #537, #2146 ) ) ;
#2482 = EDGE_CURVE ( 'NONE', #4082, #3454, #6560, .T. ) ;
#2483 = ORIENTED_EDGE ( 'NONE', *, *, #3520, .T. ) ;
#2484 = EDGE_CURVE ( 'NONE', #5147, #1382, #3437, .T. ) ;
#2485 = ORIENTED_EDGE ( 'NONE', *, *, #2475, .T. ) ;
#2486 = VECTOR ( 'NONE', #606, 1000.000000000000000 ) ;
#2487 = ADVANCED_FACE ( 'NONE', ( #7385 ), #8135, .F. ) ;
#2488 = CARTESIAN_POINT ( 'NONE',  ( 657.5503988948173628, 920.4481165441617350, 1292.224160490111444 ) ) ;
#2489 = CYLINDRICAL_SURFACE ( 'NONE', #3823, 1.000000000000000888 ) ;
#2490 = DIRECTION ( 'NONE',  ( -1.000000000000000000, 0.000000000000000000, 0.000000000000000000 ) ) ;
#2491 = CARTESIAN_POINT ( 'NONE',  ( 646.5503988948173628, 928.9481165441617350, 1295.724160490111444 ) ) ;
#2492 = ORIENTED_EDGE ( 'NONE', *, *, #9766, .F. ) ;
#2493 = VECTOR ( 'NONE', #6043, 1000.000000000000000 ) ;
#2494 = ADVANCED_FACE ( 'NONE', ( #5129 ), #3628, .F. ) ;
#2495 = DIRECTION ( 'NONE',  ( -1.084202172485504681E-16, -1.000000000000000000, 0.000000000000000000 ) ) ;
#2496 = CARTESIAN_POINT ( 'NONE',  ( 680.3427547584361719, 881.8323008229549487, 1288.669672228742002 ) ) ;
#2497 = AXIS2_PLACEMENT_3D ( 'NONE', #1209, #6519, #407 ) ;
#2498 = PLANE ( 'NONE',  #9895 ) ;
#2499 = ORIENTED_EDGE ( 'NONE', *, *, #8107, .T. ) ;
#2500 = ORIENTED_EDGE ( 'NONE', *, *, #2228, .T. ) ;
#2501 = ADVANCED_FACE ( 'NONE', ( #2835 ), #5873, .F. ) ;
#2502 = VERTEX_POINT ( 'NONE', #9744 ) ;
#2503 =( BOUNDED_CURVE ( )  B_SPLINE_CURVE ( 3, ( #7593, #6047, #2403, #5294 ),
 .UNSPECIFIED., .F., .F. ) 
 B_SPLINE_CURVE_WITH_KNOTS ( ( 4, 4 ),
 ( 2.693548839627114777, 2.760329711163544530 ),
 .UNSPECIFIED. ) 
 CURVE ( )  GEOMETRIC_REPRESENTATION_ITEM ( )  RATIONAL_B_SPLINE_CURVE ( ( 1.000000000000000000, 0.9996283941275996288, 0.9996283941275996288, 1.000000000000000000 ) ) 
 REPRESENTATION_ITEM ( '' )  );
#2504 = CARTESIAN_POINT ( 'NONE',  ( 659.5503988948173628, 888.9481165441617350, 1288.224160490111444 ) ) ;
#2505 = CARTESIAN_POINT ( 'NONE',  ( 680.6072449540481557, 941.7652057732680078, 1378.831865526180081 ) ) ;
#2506 = CIRCLE ( 'NONE', #5845, 1.600000000000045830 ) ;
#2507 = CARTESIAN_POINT ( 'NONE',  ( 699.3080315931637188, 900.9481165441580970, 1399.724160490111444 ) ) ;
#2508 = VERTEX_POINT ( 'NONE', #2696 ) ;
#2509 = CARTESIAN_POINT ( 'NONE',  ( 666.0503988948174765, 888.9481165441617350, 1288.224160490111444 ) ) ;
#2510 = ORIENTED_EDGE ( 'NONE', *, *, #1750, .F. ) ;
#2511 = DIRECTION ( 'NONE',  ( -0.000000000000000000, -0.000000000000000000, -1.000000000000000000 ) ) ;
#2512 = CARTESIAN_POINT ( 'NONE',  ( 635.7927661964637309, 900.9481165441580970, 1400.724160490111217 ) ) ;
#2513 = DIRECTION ( 'NONE',  ( -1.190714193910480863E-14, -1.000000000000000000, 0.000000000000000000 ) ) ;
#2514 = CARTESIAN_POINT ( 'NONE',  ( 673.5503988948173628, 888.9481165441617350, 1289.224160490111444 ) ) ;
#2515 = CARTESIAN_POINT ( 'NONE',  ( 677.5503988948173628, 923.9481165441617350, 1292.224160490111444 ) ) ;
#2516 = PLANE ( 'NONE',  #2535 ) ;
#2517 = DIRECTION ( 'NONE',  ( 0.000000000000000000, -1.000000000000000000, 0.000000000000000000 ) ) ;
#2518 = FACE_OUTER_BOUND ( 'NONE', #4696, .T. ) ;
#2519 = CARTESIAN_POINT ( 'NONE',  ( 680.1982928896723024, 881.4247473093039389, 1281.724160490111444 ) ) ;
#2520 = VECTOR ( 'NONE', #7948, 1000.000000000000000 ) ;
#2521 = VECTOR ( 'NONE', #159, 1000.000000000000000 ) ;
#2522 = EDGE_LOOP ( 'NONE', ( #3544, #766, #7731, #8373 ) ) ;
#2523 = CARTESIAN_POINT ( 'NONE',  ( 698.3423757969450207, 897.7943372189497495, 1388.372856111780038 ) ) ;
#2524 = CARTESIAN_POINT ( 'NONE',  ( 636.7119595947049220, 921.0073454410082832, 1388.384924267096949 ) ) ;
#2525 = CARTESIAN_POINT ( 'NONE',  ( 632.3003988948173628, 907.9481165441617350, 1378.224160490111444 ) ) ;
#2526 = DIRECTION ( 'NONE',  ( 0.2513983643950108982, 0.000000000000000000, 0.9678837029207143505 ) ) ;
#2527 = AXIS2_PLACEMENT_3D ( 'NONE', #959, #1056, #8520 ) ;
#2528 = CYLINDRICAL_SURFACE ( 'NONE', #1898, 1.000000000000000888 ) ;
#2529 = DIRECTION ( 'NONE',  ( -1.000000000000000000, 0.000000000000000000, 0.000000000000000000 ) ) ;
#2530 = ORIENTED_EDGE ( 'NONE', *, *, #2040, .T. ) ;
#2531 = ORIENTED_EDGE ( 'NONE', *, *, #6450, .T. ) ;
#2532 = VECTOR ( 'NONE', #4373, 1000.000000000000114 ) ;
#2533 = VERTEX_POINT ( 'NONE', #2890 ) ;
#2534 = AXIS2_PLACEMENT_3D ( 'NONE', #688, #7653, #9069 ) ;
#2535 = AXIS2_PLACEMENT_3D ( 'NONE', #3463, #1857, #246 ) ;
#2536 = LINE ( 'NONE', #2587, #1273 ) ;
#2537 = EDGE_CURVE ( 'NONE', #7724, #3995, #8031, .T. ) ;
#2538 = CARTESIAN_POINT ( 'NONE',  ( 688.5503988948173628, 928.9481165441617350, 1292.724160490111444 ) ) ;
#2539 = CARTESIAN_POINT ( 'NONE',  ( 697.9196469331535582, 922.1777548932028594, 1388.263056406894066 ) ) ;
#2540 = EDGE_LOOP ( 'NONE', ( #214, #7942, #7329, #4659 ) ) ;
#2541 = VECTOR ( 'NONE', #6614, 1000.000000000000000 ) ;
#2542 = FACE_OUTER_BOUND ( 'NONE', #6094, .T. ) ;
#2543 = FACE_OUTER_BOUND ( 'NONE', #8255, .T. ) ;
#2544 = AXIS2_PLACEMENT_3D ( 'NONE', #8390, #5983, #6081 ) ;
#2545 = DIRECTION ( 'NONE',  ( -0.2513983643950108982, 0.000000000000000000, -0.9678837029207143505 ) ) ;
#2546 = ORIENTED_EDGE ( 'NONE', *, *, #4665, .T. ) ;
#2547 = ORIENTED_EDGE ( 'NONE', *, *, #2604, .F. ) ;
#2548 = EDGE_CURVE ( 'NONE', #2751, #812, #4767, .T. ) ;
#2549 = VECTOR ( 'NONE', #6342, 1000.000000000000000 ) ;
#2550 = EDGE_CURVE ( 'NONE', #8397, #2075, #5174, .T. ) ;
#2551 = ORIENTED_EDGE ( 'NONE', *, *, #77, .F. ) ;
#2552 = CARTESIAN_POINT ( 'NONE',  ( 655.0503988948174765, 874.6267645307755174, 1281.724160490111444 ) ) ;
#2553 = EDGE_CURVE ( 'NONE', #5831, #9640, #7402, .T. ) ;
#2554 = DIRECTION ( 'NONE',  ( -1.000000000000000000, 0.000000000000000000, 0.000000000000000000 ) ) ;
#2555 = VECTOR ( 'NONE', #8718, 1000.000000000000000 ) ;
#2556 = CARTESIAN_POINT ( 'NONE',  ( 679.5402901714186328, 940.9152366002413146, 1378.098335830236010 ) ) ;
#2557 = EDGE_CURVE ( 'NONE', #3393, #6029, #7157, .T. ) ;
#2558 = CARTESIAN_POINT ( 'NONE',  ( 637.6160958296067065, 919.9481165441651456, 1394.724160490111444 ) ) ;
#2559 = ORIENTED_EDGE ( 'NONE', *, *, #3231, .T. ) ;
#2560 = CIRCLE ( 'NONE', #9273, 1.000000000000022204 ) ;
#2561 = CARTESIAN_POINT ( 'NONE',  ( 634.7927661964633899, 907.9481165441582107, 1399.724160490111444 ) ) ;
#2562 = ORIENTED_EDGE ( 'NONE', *, *, #405, .T. ) ;
#2563 = LINE ( 'NONE', #992, #3468 ) ;
#2564 = PLANE ( 'NONE',  #5938 ) ;
#2565 = CIRCLE ( 'NONE', #2397, 1.000000000000000888 ) ;
#2566 = DIRECTION ( 'NONE',  ( -0.000000000000000000, 1.000000000000000000, -0.000000000000000000 ) ) ;
#2567 = LINE ( 'NONE', #5608, #6299 ) ;
#2568 = FACE_OUTER_BOUND ( 'NONE', #4862, .T. ) ;
#2569 = CIRCLE ( 'NONE', #9445, 1.000000000000000888 ) ;
#2570 = DIRECTION ( 'NONE',  ( -0.000000000000000000, -0.000000000000000000, -1.000000000000000000 ) ) ;
#2571 = CARTESIAN_POINT ( 'NONE',  ( 667.5503988948167944, 907.9481165441615076, 1394.724160490111444 ) ) ;
#2572 = LINE ( 'NONE', #9376, #5362 ) ;
#2573 = ORIENTED_EDGE ( 'NONE', *, *, #2105, .T. ) ;
#2574 = CARTESIAN_POINT ( 'NONE',  ( 634.0582738114171661, 921.8168210301228100, 1377.495088855538143 ) ) ;
#2575 = CARTESIAN_POINT ( 'NONE',  ( 636.4916584304274920, 922.5304754343094373, 1388.442145349122256 ) ) ;
#2576 = EDGE_CURVE ( 'NONE', #1070, #1241, #6042, .T. ) ;
#2577 = ORIENTED_EDGE ( 'NONE', *, *, #4876, .T. ) ;
#2578 = CARTESIAN_POINT ( 'NONE',  ( 697.8101843645209783, 897.9481165441580970, 1389.225536108108145 ) ) ;
#2579 = CARTESIAN_POINT ( 'NONE',  ( 637.0102031286768351, 921.6849023596096231, 1388.307458414117264 ) ) ;
#2580 = CARTESIAN_POINT ( 'NONE',  ( 638.3003988948192955, 917.9481165441651456, 1389.005524610090561 ) ) ;
#2581 = LINE ( 'NONE', #5621, #9496 ) ;
#2582 = DIRECTION ( 'NONE',  ( 0.000000000000000000, -0.000000000000000000, 1.000000000000000000 ) ) ;
#2583 = CARTESIAN_POINT ( 'NONE',  ( 679.8210013827301736, 873.8379757819787983, 1378.472962502044766 ) ) ;
#2584 = ORIENTED_EDGE ( 'NONE', *, *, #6464, .T. ) ;
#2585 = ORIENTED_EDGE ( 'NONE', *, *, #6396, .T. ) ;
#2586 = ORIENTED_EDGE ( 'NONE', *, *, #6020, .F. ) ;
#2587 = CARTESIAN_POINT ( 'NONE',  ( 677.5503988948192955, 937.1981165441652593, 1397.724160490111217 ) ) ;
#2588 = CYLINDRICAL_SURFACE ( 'NONE', #3188, 2.000000000000001776 ) ;
#2589 = FACE_OUTER_BOUND ( 'NONE', #514, .T. ) ;
#2590 = VERTEX_POINT ( 'NONE', #2273 ) ;
#2591 = CARTESIAN_POINT ( 'NONE',  ( 667.5283937854312626, 875.1904838458081031, 1397.724160490111217 ) ) ;
#2592 = CARTESIAN_POINT ( 'NONE',  ( 699.3080315931637188, 898.9481165441580970, 1374.668558774804069 ) ) ;
#2593 = DIRECTION ( 'NONE',  ( -4.968248035197575518E-15, -1.000000000000000000, 0.000000000000000000 ) ) ;
#2594 = ORIENTED_EDGE ( 'NONE', *, *, #7315, .T. ) ;
#2595 = ADVANCED_FACE ( 'NONE', ( #1567 ), #6877, .F. ) ;
#2596 = EDGE_LOOP ( 'NONE', ( #6329, #3431, #8458, #782 ) ) ;
#2597 = AXIS2_PLACEMENT_3D ( 'NONE', #1596, #6753, #4648 ) ;
#2598 = ORIENTED_EDGE ( 'NONE', *, *, #8164, .T. ) ;
#2599 = CARTESIAN_POINT ( 'NONE',  ( 666.5503988948173628, 937.9481165441617350, 1287.224160490111672 ) ) ;
#2600 = CIRCLE ( 'NONE', #8672, 1.000000000000067724 ) ;
#2601 = DIRECTION ( 'NONE',  ( 0.000000000000000000, 0.000000000000000000, -1.000000000000000000 ) ) ;
#2602 = EDGE_CURVE ( 'NONE', #3025, #9556, #3728, .T. ) ;
#2603 = CARTESIAN_POINT ( 'NONE',  ( 681.0002731294077876, 941.6112391832150479, 1378.479038051433236 ) ) ;
#2604 = EDGE_CURVE ( 'NONE', #4660, #5829, #6071, .T. ) ;
#2605 = DIRECTION ( 'NONE',  ( 0.000000000000000000, 0.000000000000000000, -1.000000000000000000 ) ) ;
#2606 = ORIENTED_EDGE ( 'NONE', *, *, #9033, .F. ) ;
#2607 = DIRECTION ( 'NONE',  ( -1.000000000000000000, 0.000000000000000000, 0.000000000000000000 ) ) ;
#2608 = VERTEX_POINT ( 'NONE', #3872 ) ;
#2609 = EDGE_CURVE ( 'NONE', #8784, #5263, #3130, .T. ) ;
#2610 = CARTESIAN_POINT ( 'NONE',  ( 638.3003988948141796, 900.9481165441580970, 1400.724160490111217 ) ) ;
#2611 = CARTESIAN_POINT ( 'NONE',  ( 696.5357139502388009, 926.1940479026374078, 1390.724160490111444 ) ) ;
#2612 = CIRCLE ( 'NONE', #9488, 1.000000000000000888 ) ;
#2613 = EDGE_CURVE ( 'NONE', #1362, #3100, #8381, .T. ) ;
#2614 = LINE ( 'NONE', #1099, #8266 ) ;
#2615 = PLANE ( 'NONE',  #7095 ) ;
#2616 = EDGE_CURVE ( 'NONE', #3995, #7041, #8611, .T. ) ;
#2617 = LINE ( 'NONE', #7055, #5097 ) ;
#2618 = VECTOR ( 'NONE', #5585, 1000.000000000000000 ) ;
#2619 = CARTESIAN_POINT ( 'NONE',  ( 677.5503988948173628, 923.9481165441617350, 1292.224160490111444 ) ) ;
#2620 = VERTEX_POINT ( 'NONE', #3080 ) ;
#2621 = CARTESIAN_POINT ( 'NONE',  ( 655.4503988948173401, 888.9481165441617350, 1288.224160490111444 ) ) ;
#2622 = ADVANCED_FACE ( 'NONE', ( #2986 ), #5974, .F. ) ;
#2623 = FACE_OUTER_BOUND ( 'NONE', #6218, .T. ) ;
#2624 = ORIENTED_EDGE ( 'NONE', *, *, #5275, .T. ) ;
#2625 = PLANE ( 'NONE',  #9828 ) ;
#2626 = DIRECTION ( 'NONE',  ( 0.000000000000000000, 0.000000000000000000, 1.000000000000000000 ) ) ;
#2627 = AXIS2_PLACEMENT_3D ( 'NONE', #258, #7170, #5572 ) ;
#2628 = ORIENTED_EDGE ( 'NONE', *, *, #3947, .F. ) ;
#2629 = DIRECTION ( 'NONE',  ( -8.326672684688689830E-16, -1.000000000000000000, -0.000000000000000000 ) ) ;
#2630 = DIRECTION ( 'NONE',  ( 0.000000000000000000, 1.000000000000000000, 0.000000000000000000 ) ) ;
#2631 = CARTESIAN_POINT ( 'NONE',  ( 636.1529240261249925, 896.2834159918115802, 1388.530128310882219 ) ) ;
#2632 = CARTESIAN_POINT ( 'NONE',  ( 699.3080315931637188, 897.9481165441580970, 1400.724160490111217 ) ) ;
#2633 = DIRECTION ( 'NONE',  ( -0.000000000000000000, 0.000000000000000000, 1.000000000000000000 ) ) ;
#2634 = VERTEX_POINT ( 'NONE', #5422 ) ;
#2635 = ORIENTED_EDGE ( 'NONE', *, *, #2843, .T. ) ;
#2636 = VERTEX_POINT ( 'NONE', #9886 ) ;
#2637 = AXIS2_PLACEMENT_3D ( 'NONE', #4754, #9371, #4704 ) ;
#2638 = AXIS2_PLACEMENT_3D ( 'NONE', #9227, #5356, #4327 ) ;
#2639 = CARTESIAN_POINT ( 'NONE',  ( 667.5503988948163396, 907.9481165441617350, 1394.724160490111444 ) ) ;
#2640 = CARTESIAN_POINT ( 'NONE',  ( 655.0077471844690535, 873.9299563535672632, 1377.562971550806424 ) ) ;
#2641 = CARTESIAN_POINT ( 'NONE',  ( 698.6091393586195863, 922.5304754345045239, 1388.442145349056091 ) ) ;
#2642 = ORIENTED_EDGE ( 'NONE', *, *, #6041, .T. ) ;
#2643 = CARTESIAN_POINT ( 'NONE',  ( 667.5503988948173628, 938.9481165441617350, 1287.224160490111672 ) ) ;
#2644 = DIRECTION ( 'NONE',  ( -1.000000000000000000, 0.000000000000000000, 0.000000000000000000 ) ) ;
#2645 = CYLINDRICAL_SURFACE ( 'NONE', #7807, 1.000000000000000888 ) ;
#2646 = ORIENTED_EDGE ( 'NONE', *, *, #3999, .F. ) ;
#2647 = AXIS2_PLACEMENT_3D ( 'NONE', #6463, #5889, #8960 ) ;
#2648 = EDGE_LOOP ( 'NONE', ( #5325, #9890, #3977, #6554 ) ) ;
#2649 = APPLICATION_CONTEXT ( 'automotive_design' ) ;
#2650 = ORIENTED_EDGE ( 'NONE', *, *, #8596, .F. ) ;
#2651 = SURFACE_SIDE_STYLE ('',( #3396 ) ) ;
#2652 = CARTESIAN_POINT ( 'NONE',  ( 686.2636023304107766, 879.8090880596993202, 1390.724160490111444 ) ) ;
#2653 = CARTESIAN_POINT ( 'NONE',  ( 679.8398205061439512, 940.6826013181524786, 1377.851599271329633 ) ) ;
#2654 = CIRCLE ( 'NONE', #3449, 2.000000000000001776 ) ;
#2655 = FACE_OUTER_BOUND ( 'NONE', #2695, .T. ) ;
#2656 = ORIENTED_EDGE ( 'NONE', *, *, #8661, .F. ) ;
#2657 = CARTESIAN_POINT ( 'NONE',  ( 738.3003988948194092, 907.9481165441578696, 1396.124160490111308 ) ) ;
#2658 = ORIENTED_EDGE ( 'NONE', *, *, #1284, .F. ) ;
#2659 = CARTESIAN_POINT ( 'NONE',  ( 695.6894273792777312, 925.6613199797623110, 1390.724160490111444 ) ) ;
#2660 = AXIS2_PLACEMENT_3D ( 'NONE', #4038, #1588, #5492 ) ;
#2661 = VERTEX_POINT ( 'NONE', #7573 ) ;
#2662 = EDGE_CURVE ( 'NONE', #7486, #9296, #596, .T. ) ;
#2663 = DIRECTION ( 'NONE',  ( 0.000000000000000000, 0.000000000000000000, 1.000000000000000000 ) ) ;
#2664 = DIRECTION ( 'NONE',  ( -1.921270678177309696E-15, -1.000000000000000000, 0.000000000000000000 ) ) ;
#2665 = CIRCLE ( 'NONE', #8411, 34.25000000000022737 ) ;
#2666 = CARTESIAN_POINT ( 'NONE',  ( 645.3503988948174310, 928.9481165441617350, 1295.724160490111444 ) ) ;
#2667 = LINE ( 'NONE', #3415, #7659 ) ;
#2668 = EDGE_CURVE ( 'NONE', #3596, #7078, #1730, .T. ) ;
#2669 = ORIENTED_EDGE ( 'NONE', *, *, #8077, .T. ) ;
#2670 = CARTESIAN_POINT ( 'NONE',  ( 698.3423757969502503, 918.1018958693733794, 1388.372856111780038 ) ) ;
#2671 = LINE ( 'NONE', #1918, #9697 ) ;
#2672 = EDGE_LOOP ( 'NONE', ( #8579, #5063, #5842, #9621 ) ) ;
#2673 = DIRECTION ( 'NONE',  ( -0.000000000000000000, 0.000000000000000000, 1.000000000000000000 ) ) ;
#2674 = VECTOR ( 'NONE', #4647, 1000.000000000000000 ) ;
#2675 = CARTESIAN_POINT ( 'NONE',  ( 635.7597049418413917, 920.6923025906768316, 1389.424355391673544 ) ) ;
#2676 = B_SPLINE_CURVE_WITH_KNOTS ( 'NONE', 3,
 ( #5921, #2123, #1152, #8671 ),
 .UNSPECIFIED., .F., .F.,
 ( 4, 4 ),
 ( -6.324558794753698177E-06, 0.0004849431674172254231 ),
 .UNSPECIFIED. ) ;
#2677 = EDGE_CURVE ( 'NONE', #6382, #882, #1561, .T. ) ;
#2678 = ORIENTED_EDGE ( 'NONE', *, *, #3333, .T. ) ;
#2679 = FACE_OUTER_BOUND ( 'NONE', #5853, .T. ) ;
#2680 = EDGE_CURVE ( 'NONE', #7390, #3380, #6726, .T. ) ;
#2681 = CARTESIAN_POINT ( 'NONE',  ( 681.0503988948173628, 880.9013780744462565, 1378.224160490111444 ) ) ;
#2682 = EDGE_CURVE ( 'NONE', #4565, #1170, #6115, .T. ) ;
#2683 = CARTESIAN_POINT ( 'NONE',  ( 638.3003988948192955, 907.9481165441644634, 1397.724160490111217 ) ) ;
#2684 = EDGE_CURVE ( 'NONE', #8323, #7531, #9725, .T. ) ;
#2685 = CARTESIAN_POINT ( 'NONE',  ( 636.4365020213238040, 895.5760235209022539, 1388.456471688753027 ) ) ;
#2686 = CARTESIAN_POINT ( 'NONE',  ( 637.3309001360987622, 918.9486878370805698, 1388.224160490111444 ) ) ;
#2687 = PLANE ( 'NONE',  #1893 ) ;
#2688 = ORIENTED_EDGE ( 'NONE', *, *, #8858, .F. ) ;
#2689 = EDGE_LOOP ( 'NONE', ( #6698, #5864, #978, #3086 ) ) ;
#2690 = ORIENTED_EDGE ( 'NONE', *, *, #3210, .T. ) ;
#2691 = EDGE_CURVE ( 'NONE', #3979, #5234, #7672, .T. ) ;
#2692 = AXIS2_PLACEMENT_3D ( 'NONE', #6325, #8637, #5620 ) ;
#2693 = CARTESIAN_POINT ( 'NONE',  ( 655.4346859675871428, 873.7826544714675947, 1378.255783344714700 ) ) ;
#2694 = LINE ( 'NONE', #5821, #3561 ) ;
#2695 = EDGE_LOOP ( 'NONE', ( #1534, #2773, #6820, #7337 ) ) ;
#2696 = CARTESIAN_POINT ( 'NONE',  ( 667.5503988948173628, 889.5048929804447653, 1290.824160490111353 ) ) ;
#2697 = CARTESIAN_POINT ( 'NONE',  ( 637.3309001360936463, 893.5441081174865303, 1388.224160490111444 ) ) ;
#2698 = DIRECTION ( 'NONE',  ( -1.000000000000000000, 0.000000000000000000, 0.000000000000000000 ) ) ;
#2699 = ORIENTED_EDGE ( 'NONE', *, *, #823, .F. ) ;
#2700 = ORIENTED_EDGE ( 'NONE', *, *, #1990, .F. ) ;
#2701 = CIRCLE ( 'NONE', #9085, 1.600000000000045830 ) ;
#2702 = VERTEX_POINT ( 'NONE', #54 ) ;
#2703 = SURFACE_STYLE_USAGE ( .BOTH. , #2651 ) ;
#2704 = CARTESIAN_POINT ( 'NONE',  ( 685.7963302532856460, 878.9628014887382506, 1394.724160490111444 ) ) ;
#2705 = PLANE ( 'NONE',  #7814 ) ;
#2706 = CIRCLE ( 'NONE', #5724, 36.25000000000000711 ) ;
#2707 = AXIS2_PLACEMENT_3D ( 'NONE', #3902, #2357, #4701 ) ;
#2708 = CYLINDRICAL_SURFACE ( 'NONE', #4504, 1.600000000000045830 ) ;
#2709 = ORIENTED_EDGE ( 'NONE', *, *, #3219, .T. ) ;
#2710 = DIRECTION ( 'NONE',  ( 1.000000000000000000, 0.000000000000000000, 0.000000000000000000 ) ) ;
#2711 = ORIENTED_EDGE ( 'NONE', *, *, #7965, .F. ) ;
#2712 = VECTOR ( 'NONE', #8806, 1000.000000000000000 ) ;
#2713 = CIRCLE ( 'NONE', #288, 1.600000000000045830 ) ;
#2714 = DIRECTION ( 'NONE',  ( -0.8462865709611792076, -0.5327279228750537721, 0.000000000000000000 ) ) ;
#2715 = VERTEX_POINT ( 'NONE', #2178 ) ;
#2716 = CIRCLE ( 'NONE', #8295, 1.600000000000045830 ) ;
#2717 = DIRECTION ( 'NONE',  ( -0.000000000000000000, -0.000000000000000000, -1.000000000000000000 ) ) ;
#2718 = CARTESIAN_POINT ( 'NONE',  ( 667.5283937854312626, 940.7057492425151395, 1397.724160490111217 ) ) ;
#2719 = CIRCLE ( 'NONE', #9582, 3.000000000000002665 ) ;
#2720 = CARTESIAN_POINT ( 'NONE',  ( 655.0503988948174765, 874.6267645307755174, 1378.224160490111444 ) ) ;
#2721 = CARTESIAN_POINT ( 'NONE',  ( 667.5283937854312626, 837.1981165441652593, 1397.724160490111217 ) ) ;
#2722 = ORIENTED_EDGE ( 'NONE', *, *, #1052, .T. ) ;
#2723 = EDGE_CURVE ( 'NONE', #2353, #6040, #1242, .T. ) ;
#2724 = CARTESIAN_POINT ( 'NONE',  ( 654.7546109051077110, 881.9481165441607118, 1288.569778240479309 ) ) ;
#2725 = CARTESIAN_POINT ( 'NONE',  ( 688.7636023304106629, 886.7349131085616136, 1390.724160490111444 ) ) ;
#2726 = AXIS2_PLACEMENT_3D ( 'NONE', #1334, #9700, #4381 ) ;
#2727 = EDGE_CURVE ( 'NONE', #7158, #6929, #2937, .T. ) ;
#2728 = ORIENTED_EDGE ( 'NONE', *, *, #615, .F. ) ;
#2729 = DIRECTION ( 'NONE',  ( 0.9678837029207192355, 2.114840351707763363E-15, 0.2513983643949918578 ) ) ;
#2730 = CIRCLE ( 'NONE', #6399, 1.000000000000000888 ) ;
#2731 = EDGE_CURVE ( 'NONE', #5488, #9019, #5623, .T. ) ;
#2732 = CARTESIAN_POINT ( 'NONE',  ( 699.6518287028774239, 897.9481165441580970, 1389.746155729068050 ) ) ;
#2733 = ADVANCED_FACE ( 'NONE', ( #8683 ), #1015, .F. ) ;
#2734 = DIRECTION ( 'NONE',  ( 1.000000000000000000, -8.326672684688689830E-16, 0.000000000000000000 ) ) ;
#2735 = EDGE_CURVE ( 'NONE', #6680, #6451, #3974, .T. ) ;
#2736 = CARTESIAN_POINT ( 'NONE',  ( 700.3080315931636051, 906.3481165441646681, 1397.724160490111217 ) ) ;
#2737 = CARTESIAN_POINT ( 'NONE',  ( 648.8371954592175825, 879.8090880596993202, 1390.724160490111444 ) ) ;
#2738 = ORIENTED_EDGE ( 'NONE', *, *, #2790, .T. ) ;
#2739 = ORIENTED_EDGE ( 'NONE', *, *, #9687, .T. ) ;
#2740 = EDGE_LOOP ( 'NONE', ( #9291, #6317, #4419, #5195 ) ) ;
#2741 = EDGE_CURVE ( 'NONE', #3694, #7531, #6971, .T. ) ;
#2742 = FACE_OUTER_BOUND ( 'NONE', #5273, .T. ) ;
#2743 = CARTESIAN_POINT ( 'NONE',  ( 654.5314483072563689, 874.1129344523438931, 1378.130916937034272 ) ) ;
#2744 = CARTESIAN_POINT ( 'NONE',  ( 686.2636023304107766, 886.7349131085616136, 1388.224160490111444 ) ) ;
#2745 = ORIENTED_EDGE ( 'NONE', *, *, #3110, .F. ) ;
#2746 = CARTESIAN_POINT ( 'NONE',  ( 655.4270324157921550, 873.7853668052299554, 1378.268129283426333 ) ) ;
#2747 = CARTESIAN_POINT ( 'NONE',  ( 699.5669961531145873, 924.9481165441617350, 1281.724160490111444 ) ) ;
#2748 = CARTESIAN_POINT ( 'NONE',  ( 695.2004442538851663, 889.2824787066916770, 1388.224160490111444 ) ) ;
#2749 = EDGE_LOOP ( 'NONE', ( #8357, #611, #1512, #3381, #715, #5003 ) ) ;
#2750 = ORIENTED_EDGE ( 'NONE', *, *, #8744, .T. ) ;
#2751 = VERTEX_POINT ( 'NONE', #9388 ) ;
#2752 = FACE_OUTER_BOUND ( 'NONE', #4083, .T. ) ;
#2753 = CARTESIAN_POINT ( 'NONE',  ( 677.5503988948141796, 878.0138134789452806, 1388.224160490111444 ) ) ;
#2754 = FACE_OUTER_BOUND ( 'NONE', #2399, .T. ) ;
#2755 = EDGE_LOOP ( 'NONE', ( #1068, #9675, #2658, #3124 ) ) ;
#2756 = CARTESIAN_POINT ( 'NONE',  ( 636.6275656292626763, 896.6431695630926697, 1388.406844777599645 ) ) ;
#2757 = ORIENTED_EDGE ( 'NONE', *, *, #4514, .F. ) ;
#2758 = FACE_OUTER_BOUND ( 'NONE', #4165, .T. ) ;
#2759 = AXIS2_PLACEMENT_3D ( 'NONE', #8213, #6143, #8506 ) ;
#2760 = ORIENTED_EDGE ( 'NONE', *, *, #6296, .F. ) ;
#2761 = CYLINDRICAL_SURFACE ( 'NONE', #4213, 1.000000000000067724 ) ;
#2762 = ADVANCED_FACE ( 'NONE', ( #3184 ), #7026, .F. ) ;
#2763 = LINE ( 'NONE', #3550, #9896 ) ;
#2764 = DIRECTION ( 'NONE',  ( 0.000000000000000000, 0.000000000000000000, 1.000000000000000000 ) ) ;
#2765 = AXIS2_PLACEMENT_3D ( 'NONE', #4079, #9402, #975 ) ;
#2766 = ORIENTED_EDGE ( 'NONE', *, *, #6754, .F. ) ;
#2767 = AXIS2_PLACEMENT_3D ( 'NONE', #7298, #575, #5886 ) ;
#2768 = DIRECTION ( 'NONE',  ( -0.000000000000000000, -0.000000000000000000, -1.000000000000000000 ) ) ;
#2769 = ORIENTED_EDGE ( 'NONE', *, *, #7168, .T. ) ;
#2770 = CARTESIAN_POINT ( 'NONE',  ( 634.7060088879197792, 920.0976981392941525, 1377.987220269825457 ) ) ;
#2771 = DIRECTION ( 'NONE',  ( 0.000000000000000000, -0.000000000000000000, -1.000000000000000000 ) ) ;
#2772 = ADVANCED_FACE ( 'NONE', ( #4772 ), #2528, .F. ) ;
#2773 = ORIENTED_EDGE ( 'NONE', *, *, #8085, .F. ) ;
#2774 = VECTOR ( 'NONE', #5076, 1000.000000000000000 ) ;
#2775 = CARTESIAN_POINT ( 'NONE',  ( 671.1506652276274281, 936.4484006325195651, 1284.998754080933168 ) ) ;
#2776 = CARTESIAN_POINT ( 'NONE',  ( 655.5503988948173628, 920.4481165441617350, 1292.224160490111444 ) ) ;
#2777 = CARTESIAN_POINT ( 'NONE',  ( 638.3003988948192955, 917.9481165441651456, 1400.724160490111217 ) ) ;
#2778 = VECTOR ( 'NONE', #2984, 1000.000000000000114 ) ;
#2779 = CARTESIAN_POINT ( 'NONE',  ( 649.8371954592176962, 879.8090880596993202, 1390.724160490111444 ) ) ;
#2780 = ORIENTED_EDGE ( 'NONE', *, *, #3280, .T. ) ;
#2781 = EDGE_LOOP ( 'NONE', ( #8062, #1671, #6245, #2076 ) ) ;
#2782 = EDGE_CURVE ( 'NONE', #837, #5876, #2706, .T. ) ;
#2783 = ORIENTED_EDGE ( 'NONE', *, *, #3041, .F. ) ;
#2784 = EDGE_CURVE ( 'NONE', #8047, #5815, #3327, .T. ) ;
#2785 = DIRECTION ( 'NONE',  ( -0.000000000000000000, -1.000000000000000000, 1.734723475976807094E-16 ) ) ;
#2786 = CARTESIAN_POINT ( 'NONE',  ( 677.5503988948192955, 939.7057492425150258, 1397.724160490111217 ) ) ;
#2787 = CARTESIAN_POINT ( 'NONE',  ( 636.5277692861527612, 922.6082584953597916, 1389.230682896094322 ) ) ;
#2788 = ORIENTED_EDGE ( 'NONE', *, *, #7050, .T. ) ;
#2789 = SPHERICAL_SURFACE ( 'NONE', #924, 1.000000000000000000 ) ;
#2790 = EDGE_CURVE ( 'NONE', #6656, #1992, #6425, .T. ) ;
#2791 = CARTESIAN_POINT ( 'NONE',  ( 700.3080315931697442, 907.9481165441646908, 1397.724160490111217 ) ) ;
#2792 = CARTESIAN_POINT ( 'NONE',  ( 681.0503988948173628, 880.9013780744462565, 1289.224160490111444 ) ) ;
#2793 = ORIENTED_EDGE ( 'NONE', *, *, #5832, .T. ) ;
#2794 = EDGE_LOOP ( 'NONE', ( #5154, #8287, #683, #1620 ) ) ;
#2795 = EDGE_CURVE ( 'NONE', #9231, #6778, #3179, .T. ) ;
#2796 = ORIENTED_EDGE ( 'NONE', *, *, #3036, .F. ) ;
#2797 = AXIS2_PLACEMENT_3D ( 'NONE', #843, #7805, #7753 ) ;
#2798 = AXIS2_PLACEMENT_3D ( 'NONE', #4303, #2673, #491 ) ;
#2799 = CARTESIAN_POINT ( 'NONE',  ( 634.7927661964698700, 907.9481165441644634, 1397.724160490111217 ) ) ;
#2800 = EDGE_CURVE ( 'NONE', #4107, #7345, #1822, .T. ) ;
#2801 = CARTESIAN_POINT ( 'NONE',  ( 683.5503988948173628, 917.9481165441617350, 1298.224160490111444 ) ) ;
#2802 = DIRECTION ( 'NONE',  ( -0.000000000000000000, -0.000000000000000000, -1.000000000000000000 ) ) ;
#2803 = ORIENTED_EDGE ( 'NONE', *, *, #1166, .F. ) ;
#2804 = AXIS2_PLACEMENT_3D ( 'NONE', #4936, #9455, #8547 ) ;
#2805 = ORIENTED_EDGE ( 'NONE', *, *, #8788, .T. ) ;
#2806 = EDGE_CURVE ( 'NONE', #6023, #1681, #2210, .T. ) ;
#2807 = DIRECTION ( 'NONE',  ( -0.000000000000000000, 0.000000000000000000, -1.000000000000000000 ) ) ;
#2808 = ORIENTED_EDGE ( 'NONE', *, *, #6772, .T. ) ;
#2809 = VECTOR ( 'NONE', #1895, 1000.000000000000000 ) ;
#2810 = CARTESIAN_POINT ( 'NONE',  ( 696.8003988948192955, 914.9481165441650319, 1397.724160490111217 ) ) ;
#2811 = DIRECTION ( 'NONE',  ( -0.000000000000000000, 0.000000000000000000, 1.000000000000000000 ) ) ;
#2812 = CARTESIAN_POINT ( 'NONE',  ( 679.4922427026677951, 873.7215429986738400, 1377.898943747048179 ) ) ;
#2813 = ORIENTED_EDGE ( 'NONE', *, *, #8632, .T. ) ;
#2814 = VECTOR ( 'NONE', #3002, 1000.000000000000000 ) ;
#2815 = CARTESIAN_POINT ( 'NONE',  ( 677.5503988948141796, 878.0138134789452806, 1394.724160490111444 ) ) ;
#2816 = VERTEX_POINT ( 'NONE', #7823 ) ;
#2817 = CARTESIAN_POINT ( 'NONE',  ( 634.5832788387377832, 919.9380078207630049, 1378.098335830236010 ) ) ;
#2818 = CARTESIAN_POINT ( 'NONE',  ( 638.5650838393994491, 926.1940479026366120, 1394.724160490111444 ) ) ;
#2819 = VERTEX_POINT ( 'NONE', #9340 ) ;
#2820 = CARTESIAN_POINT ( 'NONE',  ( 681.0503988948173628, 880.9013780744462565, 1377.224160490111444 ) ) ;
#2821 = VECTOR ( 'NONE', #6924, 1000.000000000000000 ) ;
#2822 = CARTESIAN_POINT ( 'NONE',  ( 697.7562698899433826, 918.8553575607030552, 1388.224160490111444 ) ) ;
#2823 =( NAMED_UNIT ( * ) PLANE_ANGLE_UNIT ( ) SI_UNIT ( $, .RADIAN. ) );
#2824 = DIRECTION ( 'NONE',  ( -0.000000000000000000, -0.000000000000000000, 1.000000000000000000 ) ) ;
#2825 = CIRCLE ( 'NONE', #5201, 1.600000000000045830 ) ;
#2826 = CARTESIAN_POINT ( 'NONE',  ( 638.5650838393947879, 889.7021851856858348, 1388.716960580079558 ) ) ;
#2827 = FACE_OUTER_BOUND ( 'NONE', #4713, .T. ) ;
#2828 = ORIENTED_EDGE ( 'NONE', *, *, #8092, .T. ) ;
#2829 = ORIENTED_EDGE ( 'NONE', *, *, #197, .F. ) ;
#2830 = EDGE_LOOP ( 'NONE', ( #7123, #9555, #1776, #4217 ) ) ;
#2831 = CYLINDRICAL_SURFACE ( 'NONE', #9437, 1.600000000000045830 ) ;
#2832 = CARTESIAN_POINT ( 'NONE',  ( 655.0222008424007072, 874.6460925735700584, 1377.495462798253357 ) ) ;
#2833 = CARTESIAN_POINT ( 'NONE',  ( 638.3003988948192955, 917.9481165441650319, 1388.745784350350050 ) ) ;
#2834 = ORIENTED_EDGE ( 'NONE', *, *, #2156, .F. ) ;
#2835 = FACE_OUTER_BOUND ( 'NONE', #1183, .T. ) ;
#2836 = FACE_OUTER_BOUND ( 'NONE', #6728, .T. ) ;
#2837 = ORIENTED_EDGE ( 'NONE', *, *, #9613, .F. ) ;
#2838 = EDGE_CURVE ( 'NONE', #1977, #1749, #6274, .T. ) ;
#2839 = ORIENTED_EDGE ( 'NONE', *, *, #6142, .F. ) ;
#2840 = VECTOR ( 'NONE', #4001, 1000.000000000000000 ) ;
#2841 = ORIENTED_EDGE ( 'NONE', *, *, #7852, .T. ) ;
#2842 = CIRCLE ( 'NONE', #3956, 1.000000000000000888 ) ;
#2843 = EDGE_CURVE ( 'NONE', #7093, #7872, #8283, .T. ) ;
#2844 = CARTESIAN_POINT ( 'NONE',  ( 688.7636023304157789, 926.6613199797621974, 1339.722160490111492 ) ) ;
#2845 = DIRECTION ( 'NONE',  ( -1.000000000000000000, 0.000000000000000000, 0.000000000000000000 ) ) ;
#2846 = DIRECTION ( 'NONE',  ( -1.893515102561680783E-15, -1.000000000000000000, -0.000000000000000000 ) ) ;
#2847 = EDGE_LOOP ( 'NONE', ( #1217, #8699, #813, #7191, #5189, #9051 ) ) ;
#2848 = CARTESIAN_POINT ( 'NONE',  ( 651.5503988948173628, 897.9481165441617350, 1298.224160490111444 ) ) ;
#2849 = CARTESIAN_POINT ( 'NONE',  ( 636.2555026010112442, 918.4420514482515046, 1388.503484525195745 ) ) ;
#2850 = ADVANCED_FACE ( 'NONE', ( #3921 ), #5472, .F. ) ;
#2851 = VECTOR ( 'NONE', #7722, 1000.000000000000000 ) ;
#2852 = EDGE_CURVE ( 'NONE', #2620, #5770, #1669, .T. ) ;
#2853 = EDGE_CURVE ( 'NONE', #3464, #5978, #3315, .T. ) ;
#2854 = VERTEX_POINT ( 'NONE', #7768 ) ;
#2855 = VECTOR ( 'NONE', #8280, 1000.000000000000000 ) ;
#2856 = DIRECTION ( 'NONE',  ( 1.000000000000000000, -3.608224830031761912E-15, -0.000000000000000000 ) ) ;
#2857 = EDGE_CURVE ( 'NONE', #1373, #4319, #5021, .T. ) ;
#2858 = VECTOR ( 'NONE', #99, 1000.000000000000000 ) ;
#2859 = DIRECTION ( 'NONE',  ( 1.000000000000000000, 0.000000000000000000, 0.000000000000000000 ) ) ;
#2860 = CARTESIAN_POINT ( 'NONE',  ( 699.3080315931637188, 897.9481165441580970, 1397.724160490111217 ) ) ;
#2861 = CIRCLE ( 'NONE', #9257, 36.25000000000000711 ) ;
#2862 = EDGE_LOOP ( 'NONE', ( #8753, #442, #3436, #433, #9804, #2863, #6394, #3237 ) ) ;
#2863 = ORIENTED_EDGE ( 'NONE', *, *, #5123, .T. ) ;
#2864 = CARTESIAN_POINT ( 'NONE',  ( 679.0503988948173628, 874.6267645307755174, 1388.224160490111444 ) ) ;
#2865 = AXIS2_PLACEMENT_3D ( 'NONE', #5719, #5118, #4316 ) ;
#2866 = ORIENTED_EDGE ( 'NONE', *, *, #1240, .F. ) ;
#2867 = CARTESIAN_POINT ( 'NONE',  ( 633.7742531426101777, 921.1103765632545901, 1378.750280050096308 ) ) ;
#2868 = VECTOR ( 'NONE', #8542, 1000.000000000000000 ) ;
#2869 = DIRECTION ( 'NONE',  ( 1.000000000000000000, 3.358424649491096563E-15, -0.000000000000000000 ) ) ;
#2870 = VECTOR ( 'NONE', #8354, 1000.000000000000000 ) ;
#2871 = ORIENTED_EDGE ( 'NONE', *, *, #8463, .T. ) ;
#2872 = FACE_BOUND ( 'NONE', #9391, .T. ) ;
#2873 = CARTESIAN_POINT ( 'NONE',  ( 701.7643517931867336, 919.9270149500930529, 1378.181343827798173 ) ) ;
#2874 = PLANE ( 'NONE',  #1309 ) ;
#2875 = CARTESIAN_POINT ( 'NONE',  ( 639.1599720459610126, 890.2349131085608178, 1387.749076877159041 ) ) ;
#2876 = AXIS2_PLACEMENT_3D ( 'NONE', #1123, #4930, #4168 ) ;
#2877 = CARTESIAN_POINT ( 'NONE',  ( 636.5692196653936890, 918.9744453176941761, 1388.421999573411313 ) ) ;
#2878 = FACE_OUTER_BOUND ( 'NONE', #6238, .T. ) ;
#2879 = ORIENTED_EDGE ( 'NONE', *, *, #8545, .F. ) ;
#2880 = ORIENTED_EDGE ( 'NONE', *, *, #4619, .T. ) ;
#2881 =( BOUNDED_SURFACE ( )  B_SPLINE_SURFACE ( 3, 2, ( 
 ( #2420, #3271, #5616 ),
 ( #4057, #6316, #6367 ),
 ( #9435, #2575, #5459 ),
 ( #5109, #3610, #2675 ) ),
 .UNSPECIFIED., .F., .F., .F. ) 
 B_SPLINE_SURFACE_WITH_KNOTS ( ( 4, 4 ),
 ( 3, 3 ),
 ( 2.579771943128742251, 2.760329711163542754 ),
 ( 0.000000000000000000, 1.000000000000000000 ),
 .UNSPECIFIED. ) 
 GEOMETRIC_REPRESENTATION_ITEM ( )  RATIONAL_B_SPLINE_SURFACE ( (
 ( 1.000000000000000000, 0.7787024655634147141, 1.000000000000000000),
 ( 1.000000000000000000, 0.7812904459744794972, 1.000000000000000000),
 ( 1.000000000000000000, 0.7834933915258073256, 1.000000000000000000),
 ( 1.000000000000000000, 0.7852855583897391245, 1.000000000000000000) ) ) 
 REPRESENTATION_ITEM ( '' )  SURFACE ( )  );
#2882 = EDGE_LOOP ( 'NONE', ( #5739, #3515, #4100, #8537 ) ) ;
#2883 = LINE ( 'NONE', #7839, #877 ) ;
#2884 = AXIS2_PLACEMENT_3D ( 'NONE', #8970, #7360, #6703 ) ;
#2885 = DIRECTION ( 'NONE',  ( 0.000000000000000000, -1.000000000000000000, 0.000000000000000000 ) ) ;
#2886 = CARTESIAN_POINT ( 'NONE',  ( 654.2796561891301508, 875.1984416738649770, 1378.204952693412679 ) ) ;
#2887 = CIRCLE ( 'NONE', #5429, 1.000000000000020650 ) ;
#2888 = LINE ( 'NONE', #2833, #2774 ) ;
#2889 = VERTEX_POINT ( 'NONE', #6572 ) ;
#2890 = CARTESIAN_POINT ( 'NONE',  ( 638.3003988948192955, 907.9481165441646908, 1396.124160490111308 ) ) ;
#2891 = LINE ( 'NONE', #8137, #7950 ) ;
#2892 = VERTEX_POINT ( 'NONE', #1268 ) ;
#2893 = ORIENTED_EDGE ( 'NONE', *, *, #6030, .F. ) ;
#2894 = EDGE_LOOP ( 'NONE', ( #9672, #3416, #7384, #3897 ) ) ;
#2895 = DIRECTION ( 'NONE',  ( -1.000000000000000000, -6.483054158395074660E-15, 0.000000000000000000 ) ) ;
#2896 = CARTESIAN_POINT ( 'NONE',  ( 654.0503988948173628, 940.5105565633002698, 1388.224160490111444 ) ) ;
#2897 = CYLINDRICAL_SURFACE ( 'NONE', #7400, 1.000000000000000888 ) ;
#2898 = ORIENTED_EDGE ( 'NONE', *, *, #3512, .F. ) ;
#2899 = CARTESIAN_POINT ( 'NONE',  ( 636.7521419173377808, 896.7551095699787993, 1388.374487300177861 ) ) ;
#2900 = DIRECTION ( 'NONE',  ( 0.000000000000000000, 1.000000000000000000, 0.000000000000000000 ) ) ;
#2901 = EDGE_CURVE ( 'NONE', #1373, #9182, #3658, .T. ) ;
#2902 = CYLINDRICAL_SURFACE ( 'NONE', #4310, 1.000000000000000888 ) ;
#2903 = ORIENTED_EDGE ( 'NONE', *, *, #7727, .F. ) ;
#2904 = ADVANCED_FACE ( 'NONE', ( #8792 ), #3475, .F. ) ;
#2905 = CARTESIAN_POINT ( 'NONE',  ( 667.5503988948173628, 907.9481165441617350, 1378.224160490111444 ) ) ;
#2906 = EDGE_CURVE ( 'NONE', #4228, #6656, #358, .T. ) ;
#2907 = ADVANCED_FACE ( 'NONE', ( #9593 ), #5860, .T. ) ;
#2908 = CARTESIAN_POINT ( 'NONE',  ( 641.3086507567380750, 926.6613199797615152, 1388.224160490111444 ) ) ;
#2909 = CARTESIAN_POINT ( 'NONE',  ( 680.9265420397169919, 874.2559854653816274, 1379.166482326310643 ) ) ;
#2910 = ORIENTED_EDGE ( 'NONE', *, *, #5701, .F. ) ;
#2911 = ORIENTED_EDGE ( 'NONE', *, *, #1997, .F. ) ;
#2912 = VECTOR ( 'NONE', #4948, 1000.000000000000000 ) ;
#2913 = DIRECTION ( 'NONE',  ( 0.000000000000000000, -0.000000000000000000, 1.000000000000000000 ) ) ;
#2914 = CARTESIAN_POINT ( 'NONE',  ( 701.7266272277248618, 920.0363222162769716, 1379.224160490111444 ) ) ;
#2915 = EDGE_CURVE ( 'NONE', #716, #4845, #502, .T. ) ;
#2916 = CYLINDRICAL_SURFACE ( 'NONE', #7959, 1.600000000000045830 ) ;
#2917 = VECTOR ( 'NONE', #8713, 1000.000000000000000 ) ;
#2918 = EDGE_CURVE ( 'NONE', #1585, #5733, #762, .T. ) ;
#2919 = CARTESIAN_POINT ( 'NONE',  ( 700.5338860426038536, 919.9172679793873613, 1378.115689690613408 ) ) ;
#2920 = CARTESIAN_POINT ( 'NONE',  ( 675.5503988948173628, 888.9481165441617350, 1292.224160490111444 ) ) ;
#2921 = CARTESIAN_POINT ( 'NONE',  ( 701.6325545883256609, 920.2987324555163013, 1379.175127747326769 ) ) ;
#2922 = VECTOR ( 'NONE', #9511, 1000.000000000000000 ) ;
#2923 = EDGE_CURVE ( 'NONE', #9116, #8784, #4267, .T. ) ;
#2924 = PLANE ( 'NONE',  #2759 ) ;
#2925 = LINE ( 'NONE', #7610, #1980 ) ;
#2926 = CARTESIAN_POINT ( 'NONE',  ( 655.0503988948174765, 924.9481165441617350, 1292.724160490111444 ) ) ;
#2927 = CARTESIAN_POINT ( 'NONE',  ( 634.7927661964638446, 917.9481165441577559, 1394.724160490111444 ) ) ;
#2928 = ORIENTED_EDGE ( 'NONE', *, *, #5400, .T. ) ;
#2929 = EDGE_LOOP ( 'NONE', ( #6491, #6551, #5771, #8150 ) ) ;
#2930 = ORIENTED_EDGE ( 'NONE', *, *, #1431, .T. ) ;
#2931 = CARTESIAN_POINT ( 'NONE',  ( 699.6518287028825398, 918.9481165441651456, 1389.746155729068050 ) ) ;
#2932 = CARTESIAN_POINT ( 'NONE',  ( 667.5503988948192955, 907.9481165441652593, 1390.724160490111444 ) ) ;
#2933 = CARTESIAN_POINT ( 'NONE',  ( 638.3003988948192955, 914.9481165441651456, 1400.724160490111217 ) ) ;
#2934 = VECTOR ( 'NONE', #9088, 1000.000000000000000 ) ;
#2935 = CARTESIAN_POINT ( 'NONE',  ( 699.4847019600267686, 895.9481165441580970, 1389.443005925729949 ) ) ;
#2936 = ORIENTED_EDGE ( 'NONE', *, *, #1500, .F. ) ;
#2937 = LINE ( 'NONE', #5222, #6679 ) ;
#2938 = LINE ( 'NONE', #516, #7926 ) ;
#2939 = VERTEX_POINT ( 'NONE', #1972 ) ;
#2940 = VERTEX_POINT ( 'NONE', #7274 ) ;
#2941 = ORIENTED_EDGE ( 'NONE', *, *, #7965, .T. ) ;
#2942 = VECTOR ( 'NONE', #1267, 1000.000000000000000 ) ;
#2943 = CARTESIAN_POINT ( 'NONE',  ( 667.5503988948141796, 907.9481165441579833, 1394.724160490111444 ) ) ;
#2944 = FACE_OUTER_BOUND ( 'NONE', #7313, .T. ) ;
#2945 = CYLINDRICAL_SURFACE ( 'NONE', #9425, 1.600000000000045830 ) ;
#2946 = CARTESIAN_POINT ( 'NONE',  ( 697.6387013953531095, 892.7294998951241496, 1388.224160490111444 ) ) ;
#2947 = VERTEX_POINT ( 'NONE', #7970 ) ;
#2948 = CARTESIAN_POINT ( 'NONE',  ( 657.5503988948141796, 876.1904838458081031, 1400.724160490111217 ) ) ;
#2949 = CARTESIAN_POINT ( 'NONE',  ( 635.6529708950265558, 919.4643742621170759, 1388.659986267000477 ) ) ;
#2950 = VECTOR ( 'NONE', #191, 1000.000000000000000 ) ;
#2951 = CARTESIAN_POINT ( 'NONE',  ( 639.3003988948142933, 917.9481165441579833, 1388.745784350350050 ) ) ;
#2952 = VERTEX_POINT ( 'NONE', #5766 ) ;
#2953 = CARTESIAN_POINT ( 'NONE',  ( 672.5503988948173628, 938.9481165441617350, 1288.224160490111444 ) ) ;
#2954 = DIRECTION ( 'NONE',  ( 0.000000000000000000, 0.000000000000000000, -1.000000000000000000 ) ) ;
#2955 = CIRCLE ( 'NONE', #1674, 1.000000000000000888 ) ;
#2956 = DIRECTION ( 'NONE',  ( 0.000000000000000000, -0.000000000000000000, -1.000000000000000000 ) ) ;
#2957 = EDGE_LOOP ( 'NONE', ( #8522, #3592, #6749, #3830 ) ) ;
#2958 = ORIENTED_EDGE ( 'NONE', *, *, #6943, .T. ) ;
#2959 = CARTESIAN_POINT ( 'NONE',  ( 667.5503988948173628, 938.9481165441617350, 1283.224160490111672 ) ) ;
#2960 = EDGE_CURVE ( 'NONE', #5645, #5998, #411, .T. ) ;
#2961 = LINE ( 'NONE', #6000, #3239 ) ;
#2962 = CYLINDRICAL_SURFACE ( 'NONE', #8620, 1.600000000000045830 ) ;
#2963 = VECTOR ( 'NONE', #7932, 1000.000000000000000 ) ;
#2964 = VERTEX_POINT ( 'NONE', #2736 ) ;
#2965 = DIRECTION ( 'NONE',  ( -1.000000000000000000, 0.000000000000000000, 0.000000000000000000 ) ) ;
#2966 = DIRECTION ( 'NONE',  ( -0.000000000000000000, -0.000000000000000000, -1.000000000000000000 ) ) ;
#2967 = EDGE_CURVE ( 'NONE', #9545, #8644, #1097, .T. ) ;
#2968 = AXIS2_PLACEMENT_3D ( 'NONE', #3301, #6293, #26 ) ;
#2969 = AXIS2_PLACEMENT_3D ( 'NONE', #5762, #8011, #4159 ) ;
#2970 = CARTESIAN_POINT ( 'NONE',  ( 667.5503988948163396, 907.9481165441582107, 1394.724160490111444 ) ) ;
#2971 = DIRECTION ( 'NONE',  ( -1.000000000000000000, 0.000000000000000000, 0.000000000000000000 ) ) ;
#2972 = EDGE_CURVE ( 'NONE', #4489, #7873, #8017, .T. ) ;
#2973 = DIRECTION ( 'NONE',  ( 0.000000000000000000, 1.000000000000000000, 0.000000000000000000 ) ) ;
#2974 = DIRECTION ( 'NONE',  ( 0.000000000000000000, 1.000000000000000000, 0.000000000000000000 ) ) ;
#2975 = EDGE_LOOP ( 'NONE', ( #1824, #5213, #1572, #5865 ) ) ;
#2976 = ORIENTED_EDGE ( 'NONE', *, *, #3834, .F. ) ;
#2977 = ADVANCED_FACE ( 'NONE', ( #551 ), #7166, .T. ) ;
#2978 = ORIENTED_EDGE ( 'NONE', *, *, #3868, .F. ) ;
#2979 = DIRECTION ( 'NONE',  ( 1.000000000000000000, 0.000000000000000000, 0.000000000000000000 ) ) ;
#2980 = EDGE_CURVE ( 'NONE', #3984, #716, #6255, .T. ) ;
#2981 = AXIS2_PLACEMENT_3D ( 'NONE', #8216, #6010, #796 ) ;
#2982 = CARTESIAN_POINT ( 'NONE',  ( 650.5503988948173628, 919.4481165441617350, 1377.224160490111444 ) ) ;
#2983 = LINE ( 'NONE', #655, #6824 ) ;
#2984 = DIRECTION ( 'NONE',  ( -0.9678837029207191245, 2.964882988802735572E-15, -0.2513983643949918578 ) ) ;
#2985 = ORIENTED_EDGE ( 'NONE', *, *, #9172, .F. ) ;
#2986 = FACE_OUTER_BOUND ( 'NONE', #8158, .T. ) ;
#2987 = CARTESIAN_POINT ( 'NONE',  ( 651.5503988948173628, 882.9481165441617350, 1281.724160490111444 ) ) ;
#2988 = ORIENTED_EDGE ( 'NONE', *, *, #1437, .T. ) ;
#2989 = ORIENTED_EDGE ( 'NONE', *, *, #1939, .T. ) ;
#2990 = VECTOR ( 'NONE', #2511, 1000.000000000000000 ) ;
#2991 = ORIENTED_EDGE ( 'NONE', *, *, #5465, .F. ) ;
#2992 = CARTESIAN_POINT ( 'NONE',  ( 657.5503988948141796, 876.1904838458081031, 1399.724160490111444 ) ) ;
#2993 = CARTESIAN_POINT ( 'NONE',  ( 699.4847019600267686, 895.9481165441580970, 1389.443005925729949 ) ) ;
#2994 = FACE_OUTER_BOUND ( 'NONE', #6868, .T. ) ;
#2995 = CARTESIAN_POINT ( 'NONE',  ( 697.7698976535351676, 893.5441081174875535, 1388.224160490111444 ) ) ;
#2996 = ORIENTED_EDGE ( 'NONE', *, *, #329, .F. ) ;
#2997 = DIRECTION ( 'NONE',  ( -1.000000000000000000, 0.000000000000000000, 0.000000000000000000 ) ) ;
#2998 = CARTESIAN_POINT ( 'NONE',  ( 655.7546109051077110, 882.9481165441617350, 1288.224160490111444 ) ) ;
#2999 = VECTOR ( 'NONE', #9539, 1000.000000000000114 ) ;
#3000 = DIRECTION ( 'NONE',  ( -1.000000000000000000, 0.000000000000000000, 0.000000000000000000 ) ) ;
#3001 = ORIENTED_EDGE ( 'NONE', *, *, #1560, .F. ) ;
#3002 = DIRECTION ( 'NONE',  ( 0.000000000000000000, 0.000000000000000000, -1.000000000000000000 ) ) ;
#3003 = LINE ( 'NONE', #8403, #2870 ) ;
#3004 = CIRCLE ( 'NONE', #8606, 1.600000000000045830 ) ;
#3005 = LINE ( 'NONE', #7645, #8680 ) ;
#3006 = VERTEX_POINT ( 'NONE', #2073 ) ;
#3007 = ORIENTED_EDGE ( 'NONE', *, *, #3354, .F. ) ;
#3008 = DIRECTION ( 'NONE',  ( 0.000000000000000000, 1.000000000000000000, 0.000000000000000000 ) ) ;
#3009 = CARTESIAN_POINT ( 'NONE',  ( 701.3308664679674393, 921.0992891324357288, 1378.759434641478492 ) ) ;
#3010 = CARTESIAN_POINT ( 'NONE',  ( 638.3003988948192955, 914.9481165441651456, 1397.724160490111217 ) ) ;
#3011 = VECTOR ( 'NONE', #6919, 1000.000000000000000 ) ;
#3012 = VECTOR ( 'NONE', #6910, 1000.000000000000000 ) ;
#3013 = CARTESIAN_POINT ( 'NONE',  ( 695.6894273792728427, 890.2349131085616136, 1388.716960580079558 ) ) ;
#3014 = CARTESIAN_POINT ( 'NONE',  ( 667.5503988948167944, 907.9481165441615076, 1394.724160490111444 ) ) ;
#3015 = CARTESIAN_POINT ( 'NONE',  ( 635.7927661964637309, 898.9481165441580970, 1400.724160490111217 ) ) ;
#3016 = VECTOR ( 'NONE', #6377, 1000.000000000000000 ) ;
#3017 = CARTESIAN_POINT ( 'NONE',  ( 637.3309001360987622, 918.9486878370805698, 1388.224160490111444 ) ) ;
#3018 = DIRECTION ( 'NONE',  ( 1.000000000000000000, 6.827871601444711146E-15, 0.000000000000000000 ) ) ;
#3019 = ADVANCED_FACE ( 'NONE', ( #8171 ), #1313, .F. ) ;
#3020 = FACE_OUTER_BOUND ( 'NONE', #6997, .T. ) ;
#3021 = AXIS2_PLACEMENT_3D ( 'NONE', #4736, #7784, #3487 ) ;
#3022 = VECTOR ( 'NONE', #1536, 1000.000000000000000 ) ;
#3023 = LINE ( 'NONE', #2317, #2206 ) ;
#3024 = VERTEX_POINT ( 'NONE', #6813 ) ;
#3025 = VERTEX_POINT ( 'NONE', #3670 ) ;
#3026 = EDGE_CURVE ( 'NONE', #7486, #6297, #4127, .T. ) ;
#3027 = ORIENTED_EDGE ( 'NONE', *, *, #9090, .F. ) ;
#3028 = CARTESIAN_POINT ( 'NONE',  ( 686.2636023304157789, 929.1613199797623110, 1390.724160490111444 ) ) ;
#3029 = CIRCLE ( 'NONE', #3662, 0.8000000000000229150 ) ;
#3030 = EDGE_CURVE ( 'NONE', #5421, #8047, #6845, .T. ) ;
#3031 = VECTOR ( 'NONE', #5041, 1000.000000000000000 ) ;
#3032 = EDGE_CURVE ( 'NONE', #7745, #4886, #5210, .T. ) ;
#3033 = LINE ( 'NONE', #9836, #3165 ) ;
#3034 = CARTESIAN_POINT ( 'NONE',  ( 654.0503988948173628, 940.5105565633002698, 1292.724160490111444 ) ) ;
#3035 = ORIENTED_EDGE ( 'NONE', *, *, #751, .T. ) ;
#3036 = EDGE_CURVE ( 'NONE', #4464, #3656, #4604, .T. ) ;
#3037 = DIRECTION ( 'NONE',  ( 1.000000000000000000, 0.000000000000000000, 0.000000000000000000 ) ) ;
#3038 = CARTESIAN_POINT ( 'NONE',  ( 655.1572611889251903, 940.5983937326027444, 1377.678863880492599 ) ) ;
#3039 = EDGE_LOOP ( 'NONE', ( #2226, #275, #4054, #5918 ) ) ;
#3040 = VERTEX_POINT ( 'NONE', #2926 ) ;
#3041 = EDGE_CURVE ( 'NONE', #7234, #5439, #5961, .T. ) ;
#3042 = AXIS2_PLACEMENT_3D ( 'NONE', #6121, #7580, #1479 ) ;
#3043 = EDGE_LOOP ( 'NONE', ( #5104, #1984, #7291, #7178 ) ) ;
#3044 = DIRECTION ( 'NONE',  ( 1.000000000000000000, 0.000000000000000000, 0.000000000000000000 ) ) ;
#3045 = CIRCLE ( 'NONE', #310, 2.499999999999946709 ) ;
#3046 = DIRECTION ( 'NONE',  ( -1.000000000000000000, 1.893515102561680783E-15, 0.000000000000000000 ) ) ;
#3047 = CARTESIAN_POINT ( 'NONE',  ( 654.0503988948173628, 880.9013780744462565, 1377.224160490111444 ) ) ;
#3048 = DIRECTION ( 'NONE',  ( -1.000000000000000000, 0.000000000000000000, 0.000000000000000000 ) ) ;
#3049 = ORIENTED_EDGE ( 'NONE', *, *, #1122, .T. ) ;
#3050 = EDGE_CURVE ( 'NONE', #7694, #1418, #2058, .T. ) ;
#3051 = DIRECTION ( 'NONE',  ( -0.000000000000000000, -0.000000000000000000, -1.000000000000000000 ) ) ;
#3052 = CARTESIAN_POINT ( 'NONE',  ( 698.7130752200974939, 919.6798217515624856, 1388.469141676230038 ) ) ;
#3053 = ORIENTED_EDGE ( 'NONE', *, *, #5281, .T. ) ;
#3054 = DIRECTION ( 'NONE',  ( -0.000000000000000000, 0.000000000000000000, 1.000000000000000000 ) ) ;
#3055 = ORIENTED_EDGE ( 'NONE', *, *, #5782, .F. ) ;
#3056 = DIRECTION ( 'NONE',  ( -0.000000000000000000, -0.000000000000000000, -1.000000000000000000 ) ) ;
#3057 = CARTESIAN_POINT ( 'NONE',  ( 680.2945849413308679, 939.7388104971430494, 1394.724160490111444 ) ) ;
#3058 = CYLINDRICAL_SURFACE ( 'NONE', #1802, 36.25000000000000711 ) ;
#3059 = EDGE_LOOP ( 'NONE', ( #5794, #4960, #2028, #9154 ) ) ;
#3060 = EDGE_LOOP ( 'NONE', ( #4698, #8284, #3785, #4815 ) ) ;
#3061 = DIRECTION ( 'NONE',  ( 9.592309208190295504E-17, 1.000000000000000000, 0.000000000000000000 ) ) ;
#3062 = LINE ( 'NONE', #7700, #5622 ) ;
#3063 = CARTESIAN_POINT ( 'NONE',  ( 667.5283937854312626, 837.1981165441652593, 1397.724160490111217 ) ) ;
#3064 = CARTESIAN_POINT ( 'NONE',  ( 638.3003988948192955, 907.9481165441651456, 1388.745784350350050 ) ) ;
#3065 = DIRECTION ( 'NONE',  ( 0.000000000000000000, 0.000000000000000000, -1.000000000000000000 ) ) ;
#3066 = CARTESIAN_POINT ( 'NONE',  ( 701.2161366614192275, 921.3901201319421261, 1378.468614674829951 ) ) ;
#3067 = CARTESIAN_POINT ( 'NONE',  ( 637.1811508564745736, 893.7184781951334571, 1388.263056406895657 ) ) ;
#3068 = DIRECTION ( 'NONE',  ( -1.000000000000000000, -6.827871601444711146E-15, 0.000000000000000000 ) ) ;
#3069 = CARTESIAN_POINT ( 'NONE',  ( 673.5503988948173628, 888.9481165441617350, 1292.224160490111444 ) ) ;
#3070 = CARTESIAN_POINT ( 'NONE',  ( 655.0503988948174765, 923.9481165441617350, 1378.224160490111444 ) ) ;
#3071 = EDGE_CURVE ( 'NONE', #8853, #9468, #4934, .T. ) ;
#3072 = VERTEX_POINT ( 'NONE', #3766 ) ;
#3073 = ORIENTED_EDGE ( 'NONE', *, *, #441, .F. ) ;
#3074 = ORIENTED_EDGE ( 'NONE', *, *, #8555, .F. ) ;
#3075 = LINE ( 'NONE', #4467, #8881 ) ;
#3076 = ADVANCED_FACE ( 'NONE', ( #42 ), #604, .T. ) ;
#3077 = CARTESIAN_POINT ( 'NONE',  ( 634.5670702588922722, 919.9174632559759175, 1378.115488122612305 ) ) ;
#3078 = DIRECTION ( 'NONE',  ( 0.000000000000000000, 0.000000000000000000, -1.000000000000000000 ) ) ;
#3079 = ORIENTED_EDGE ( 'NONE', *, *, #1062, .T. ) ;
#3080 = CARTESIAN_POINT ( 'NONE',  ( 686.2636023304107766, 886.7349131085616136, 1388.224160490111444 ) ) ;
#3081 = VECTOR ( 'NONE', #8307, 1000.000000000000000 ) ;
#3082 = CARTESIAN_POINT ( 'NONE',  ( 653.6674201714132550, 941.4343137269639783, 1377.224160490111444 ) ) ;
#3083 = ORIENTED_EDGE ( 'NONE', *, *, #509, .F. ) ;
#3084 = ORIENTED_EDGE ( 'NONE', *, *, #4491, .T. ) ;
#3085 = ADVANCED_FACE ( 'NONE', ( #8417, #7660 ), #1552, .T. ) ;
#3086 = ORIENTED_EDGE ( 'NONE', *, *, #7301, .F. ) ;
#3087 = SHAPE_DEFINITION_REPRESENTATION ( #8143, #5934 ) ;
#3088 = AXIS2_PLACEMENT_3D ( 'NONE', #1481, #5432, #3737 ) ;
#3089 = CARTESIAN_POINT ( 'NONE',  ( 677.5503988948192955, 937.1981165441651456, 1394.724160490111444 ) ) ;
#3090 = ADVANCED_FACE ( 'NONE', ( #8985 ), #598, .T. ) ;
#3091 = CYLINDRICAL_SURFACE ( 'NONE', #2544, 1.000000000000000888 ) ;
#3092 = FACE_OUTER_BOUND ( 'NONE', #4257, .T. ) ;
#3093 = ORIENTED_EDGE ( 'NONE', *, *, #9523, .F. ) ;
#3094 = CARTESIAN_POINT ( 'NONE',  ( 635.7597049418363895, 895.2039304976464109, 1389.424355391673316 ) ) ;
#3095 = CARTESIAN_POINT ( 'NONE',  ( 699.4478268946212438, 919.4643742621150295, 1388.659986266982287 ) ) ;
#3096 = DIRECTION ( 'NONE',  ( -0.2513983643950108982, 0.000000000000000000, 0.9678837029207143505 ) ) ;
#3097 = ORIENTED_EDGE ( 'NONE', *, *, #6339, .T. ) ;
#3098 = CARTESIAN_POINT ( 'NONE',  ( 661.5503988948173628, 888.9481165441617350, 1288.224160490111444 ) ) ;
#3099 = CIRCLE ( 'NONE', #5161, 1.200000000000089884 ) ;
#3100 = VERTEX_POINT ( 'NONE', #2116 ) ;
#3101 = EDGE_CURVE ( 'NONE', #2947, #4673, #1214, .T. ) ;
#3102 = CARTESIAN_POINT ( 'NONE',  ( 646.3371954592226984, 926.6613199797615152, 1339.722160490111492 ) ) ;
#3103 = EDGE_CURVE ( 'NONE', #382, #7093, #559, .T. ) ;
#3104 = DIRECTION ( 'NONE',  ( 1.000000000000000000, 0.000000000000000000, 0.000000000000000000 ) ) ;
#3105 = ORIENTED_EDGE ( 'NONE', *, *, #7497, .T. ) ;
#3106 = CARTESIAN_POINT ( 'NONE',  ( 666.0503988948174765, 888.9481165441617350, 1292.224160490111444 ) ) ;
#3107 = ORIENTED_EDGE ( 'NONE', *, *, #2557, .F. ) ;
#3108 = DIRECTION ( 'NONE',  ( -0.000000000000000000, 0.000000000000000000, 1.000000000000000000 ) ) ;
#3109 = DIRECTION ( 'NONE',  ( 0.000000000000000000, 0.000000000000000000, -1.000000000000000000 ) ) ;
#3110 = EDGE_CURVE ( 'NONE', #1008, #5876, #9075, .T. ) ;
#3111 = DIRECTION ( 'NONE',  ( -1.000000000000000000, 4.968248035197575518E-15, 0.000000000000000000 ) ) ;
#3112 = DIRECTION ( 'NONE',  ( 1.000000000000000000, 0.000000000000000000, 0.000000000000000000 ) ) ;
#3113 = CIRCLE ( 'NONE', #3904, 0.9999999999998898659 ) ;
#3114 = AXIS2_PLACEMENT_3D ( 'NONE', #5615, #8577, #4056 ) ;
#3115 = DIRECTION ( 'NONE',  ( 0.000000000000000000, 0.000000000000000000, 1.000000000000000000 ) ) ;
#3116 = CARTESIAN_POINT ( 'NONE',  ( 674.5503988948194092, 940.7057492425151395, 1399.724160490111444 ) ) ;
#3117 = DIRECTION ( 'NONE',  ( -1.734723475976805319E-15, 1.000000000000000000, 0.000000000000000000 ) ) ;
#3118 = CARTESIAN_POINT ( 'NONE',  ( 655.0503988948174765, 924.9481165441617350, 1377.224160490111444 ) ) ;
#3119 = CIRCLE ( 'NONE', #3748, 1.199999999999978861 ) ;
#3120 = PLANE ( 'NONE',  #2064 ) ;
#3121 = DIRECTION ( 'NONE',  ( 1.000000000000000000, -0.000000000000000000, -1.734723475976807094E-16 ) ) ;
#3122 = ORIENTED_EDGE ( 'NONE', *, *, #801, .F. ) ;
#3123 = ORIENTED_EDGE ( 'NONE', *, *, #10, .T. ) ;
#3124 = ORIENTED_EDGE ( 'NONE', *, *, #8525, .T. ) ;
#3125 = CARTESIAN_POINT ( 'NONE',  ( 683.5503988948173628, 919.4481165441617350, 1377.224160490111444 ) ) ;
#3126 = AXIS2_PLACEMENT_3D ( 'NONE', #6164, #4014, #6269 ) ;
#3127 = CARTESIAN_POINT ( 'NONE',  ( 638.3003988948192955, 917.9481165441651456, 1388.917769249138701 ) ) ;
#3128 = CARTESIAN_POINT ( 'NONE',  ( 699.3410928477920834, 895.2039304976464109, 1389.424355391673316 ) ) ;
#3129 = EDGE_LOOP ( 'NONE', ( #3672, #3307, #5489, #1464 ) ) ;
#3130 = LINE ( 'NONE', #3681, #3331 ) ;
#3131 = DIRECTION ( 'NONE',  ( 0.000000000000000000, 0.000000000000000000, 1.000000000000000000 ) ) ;
#3132 = CIRCLE ( 'NONE', #4881, 1.000000000000000888 ) ;
#3133 = ORIENTED_EDGE ( 'NONE', *, *, #1662, .F. ) ;
#3134 = ORIENTED_EDGE ( 'NONE', *, *, #6400, .T. ) ;
#3135 = CIRCLE ( 'NONE', #7292, 2.000000000000001776 ) ;
#3136 =( NAMED_UNIT ( * ) SI_UNIT ( $, .STERADIAN. ) SOLID_ANGLE_UNIT ( ) );
#3137 = CIRCLE ( 'NONE', #247, 1.600000000000045830 ) ;
#3138 = FACE_OUTER_BOUND ( 'NONE', #908, .T. ) ;
#3139 = CARTESIAN_POINT ( 'NONE',  ( 638.3003988948139522, 907.9481165441644634, 1397.724160490111217 ) ) ;
#3140 = CARTESIAN_POINT ( 'NONE',  ( 668.0015071467564667, 936.3938817173839197, 1284.772421266193987 ) ) ;
#3141 = ORIENTED_EDGE ( 'NONE', *, *, #3585, .T. ) ;
#3142 = DIRECTION ( 'NONE',  ( 0.000000000000000000, 0.000000000000000000, 1.000000000000000000 ) ) ;
#3143 = EDGE_CURVE ( 'NONE', #1511, #7724, #3460, .T. ) ;
#3144 = DIRECTION ( 'NONE',  ( 1.000000000000000000, 0.000000000000000000, 0.000000000000000000 ) ) ;
#3145 = AXIS2_PLACEMENT_3D ( 'NONE', #2407, #4750, #86 ) ;
#3146 = LINE ( 'NONE', #6985, #6532 ) ;
#3147 = ORIENTED_EDGE ( 'NONE', *, *, #9587, .T. ) ;
#3148 = ORIENTED_EDGE ( 'NONE', *, *, #2731, .T. ) ;
#3149 = VERTEX_POINT ( 'NONE', #4506 ) ;
#3150 = CARTESIAN_POINT ( 'NONE',  ( 686.2636023304107766, 886.7349131085616136, 1390.724160490111444 ) ) ;
#3151 = DIRECTION ( 'NONE',  ( 8.326672684688689830E-16, 1.000000000000000000, 0.000000000000000000 ) ) ;
#3152 = EDGE_CURVE ( 'NONE', #9019, #2164, #3135, .T. ) ;
#3153 = CARTESIAN_POINT ( 'NONE',  ( 655.0503988948174765, 924.9481165441617350, 1292.724160490111444 ) ) ;
#3154 = EDGE_CURVE ( 'NONE', #1688, #3024, #5290, .T. ) ;
#3155 = VERTEX_POINT ( 'NONE', #6060 ) ;
#3156 = CARTESIAN_POINT ( 'NONE',  ( 634.7927661964636172, 898.9481165441580970, 1397.724160490111217 ) ) ;
#3157 = ORIENTED_EDGE ( 'NONE', *, *, #9882, .T. ) ;
#3158 = EDGE_CURVE ( 'NONE', #490, #108, #4777, .T. ) ;
#3159 = DIRECTION ( 'NONE',  ( 4.297750687837143419E-16, -1.000000000000000000, 1.654634014816977461E-15 ) ) ;
#3160 = DIRECTION ( 'NONE',  ( -0.000000000000000000, -0.000000000000000000, -1.000000000000000000 ) ) ;
#3161 = LINE ( 'NONE', #5501, #8286 ) ;
#3162 = EDGE_CURVE ( 'NONE', #9866, #9747, #9279, .T. ) ;
#3163 = CIRCLE ( 'NONE', #9711, 1.199999999999978861 ) ;
#3164 = DIRECTION ( 'NONE',  ( -1.000000000000000000, 0.000000000000000000, 0.000000000000000000 ) ) ;
#3165 = VECTOR ( 'NONE', #1468, 1000.000000000000000 ) ;
#3166 = EDGE_CURVE ( 'NONE', #7633, #1513, #1051, .T. ) ;
#3167 = CARTESIAN_POINT ( 'NONE',  ( 636.4365020213289199, 920.3202095674209886, 1388.456471688752572 ) ) ;
#3168 = DIRECTION ( 'NONE',  ( 1.000000000000000000, 0.000000000000000000, 0.000000000000000000 ) ) ;
#3169 = CARTESIAN_POINT ( 'NONE',  ( 648.8371954592226984, 936.0871450286239224, 1390.724160490111444 ) ) ;
#3170 = DIRECTION ( 'NONE',  ( -0.9678837029207195686, -6.608585648673530745E-15, 0.2513983643949903035 ) ) ;
#3171 = DIRECTION ( 'NONE',  ( 0.000000000000000000, 0.000000000000000000, 1.000000000000000000 ) ) ;
#3172 = LINE ( 'NONE', #3767, #7738 ) ;
#3173 = CIRCLE ( 'NONE', #1723, 1.000000000000000888 ) ;
#3174 = DIRECTION ( 'NONE',  ( -1.236786676975318686E-16, -1.000000000000000000, 0.000000000000000000 ) ) ;
#3175 = ORIENTED_EDGE ( 'NONE', *, *, #7609, .T. ) ;
#3176 = ORIENTED_EDGE ( 'NONE', *, *, #4712, .T. ) ;
#3177 = EDGE_LOOP ( 'NONE', ( #7846, #8664, #5548, #7767, #750 ) ) ;
#3178 = CARTESIAN_POINT ( 'NONE',  ( 698.1350843444683960, 897.8671920835215587, 1389.267730910712316 ) ) ;
#3179 = CIRCLE ( 'NONE', #4277, 1.600000000000045830 ) ;
#3180 = DIRECTION ( 'NONE',  ( -0.000000000000000000, 0.000000000000000000, -1.000000000000000000 ) ) ;
#3181 = DIRECTION ( 'NONE',  ( -0.000000000000000000, -0.000000000000000000, -1.000000000000000000 ) ) ;
#3182 = CIRCLE ( 'NONE', #1249, 1.000000000000000888 ) ;
#3183 = ORIENTED_EDGE ( 'NONE', *, *, #6756, .T. ) ;
#3184 = FACE_OUTER_BOUND ( 'NONE', #9907, .T. ) ;
#3185 = CARTESIAN_POINT ( 'NONE',  ( 645.1371954592175371, 886.7349131085608178, 1388.224160490111444 ) ) ;
#3186 = EDGE_LOOP ( 'NONE', ( #7276, #8315 ) ) ;
#3187 = ORIENTED_EDGE ( 'NONE', *, *, #8212, .F. ) ;
#3188 = AXIS2_PLACEMENT_3D ( 'NONE', #7034, #2440, #2490 ) ;
#3189 = EDGE_LOOP ( 'NONE', ( #9758, #7036 ) ) ;
#3190 = AXIS2_PLACEMENT_3D ( 'NONE', #5292, #8453, #2402 ) ;
#3191 = CARTESIAN_POINT ( 'NONE',  ( 654.9025048999625369, 881.4247473093039389, 1289.224160490111672 ) ) ;
#3192 = CARTESIAN_POINT ( 'NONE',  ( 679.5503988948173628, 897.9481165441617350, 1298.224160490111444 ) ) ;
#3193 = CARTESIAN_POINT ( 'NONE',  ( 699.3693143602506552, 920.6219033151153326, 1388.639593400945159 ) ) ;
#3194 = ORIENTED_EDGE ( 'NONE', *, *, #7307, .T. ) ;
#3195 = CARTESIAN_POINT ( 'NONE',  ( 646.3371954592226984, 929.1613199797616289, 1388.224160490111444 ) ) ;
#3196 = LINE ( 'NONE', #6235, #8716 ) ;
#3197 = ADVANCED_FACE ( 'NONE', ( #2518 ), #7106, .F. ) ;
#3198 = FACE_OUTER_BOUND ( 'NONE', #2278, .T. ) ;
#3199 = CIRCLE ( 'NONE', #3042, 1.199999999999978861 ) ;
#3200 = ORIENTED_EDGE ( 'NONE', *, *, #8744, .F. ) ;
#3201 = EDGE_LOOP ( 'NONE', ( #6505, #8440, #1518, #759, #7529, #7736 ) ) ;
#3202 = ORIENTED_EDGE ( 'NONE', *, *, #7364, .F. ) ;
#3203 = CARTESIAN_POINT ( 'NONE',  ( 660.5503988948140659, 875.1904838458079894, 1399.724160490111444 ) ) ;
#3204 = CARTESIAN_POINT ( 'NONE',  ( 698.6642957683095574, 920.3202095674209886, 1388.456471688753027 ) ) ;
#3205 = CARTESIAN_POINT ( 'NONE',  ( 637.3669776021007465, 897.0824942593123978, 1388.224160490111444 ) ) ;
#3206 = ORIENTED_EDGE ( 'NONE', *, *, #4665, .F. ) ;
#3207 = CARTESIAN_POINT ( 'NONE',  ( 645.1371954592175371, 886.7349131085608178, 1390.724160490111444 ) ) ;
#3208 = ORIENTED_EDGE ( 'NONE', *, *, #70, .T. ) ;
#3209 = CARTESIAN_POINT ( 'NONE',  ( 667.5503988948192955, 907.9481165441652593, 1400.724160490111217 ) ) ;
#3210 = EDGE_CURVE ( 'NONE', #5376, #8021, #2825, .T. ) ;
#3211 = CYLINDRICAL_SURFACE ( 'NONE', #9147, 1.600000000000045830 ) ;
#3212 = LINE ( 'NONE', #6950, #5563 ) ;
#3213 = ADVANCED_FACE ( 'NONE', ( #7708 ), #5509, .T. ) ;
#3214 = CARTESIAN_POINT ( 'NONE',  ( 696.8003988948192955, 917.9588798224632455, 1388.830721334059490 ) ) ;
#3215 = CARTESIAN_POINT ( 'NONE',  ( 671.5503988948173628, 938.9481165441617350, 1288.224160490111444 ) ) ;
#3216 = CARTESIAN_POINT ( 'NONE',  ( 696.8003988948192955, 917.9481165441650319, 1400.724160490111217 ) ) ;
#3217 = FACE_BOUND ( 'NONE', #5072, .T. ) ;
#3218 = ADVANCED_FACE ( 'NONE', ( #151 ), #1603, .T. ) ;
#3219 = EDGE_CURVE ( 'NONE', #2854, #586, #4401, .T. ) ;
#3220 = DIRECTION ( 'NONE',  ( -1.000000000000000000, -6.483054158395074660E-15, 0.000000000000000000 ) ) ;
#3221 = CARTESIAN_POINT ( 'NONE',  ( 638.3003988948141796, 917.9481165441580970, 1400.724160490111217 ) ) ;
#3222 = CARTESIAN_POINT ( 'NONE',  ( 655.5503988948173628, 920.4481165441617350, 1292.224160490111444 ) ) ;
#3223 = DIRECTION ( 'NONE',  ( -1.000000000000000000, -3.358424649491096563E-15, 0.000000000000000000 ) ) ;
#3224 = EDGE_CURVE ( 'NONE', #4942, #1861, #7904, .T. ) ;
#3225 = ORIENTED_EDGE ( 'NONE', *, *, #6621, .F. ) ;
#3226 = ORIENTED_EDGE ( 'NONE', *, *, #2095, .F. ) ;
#3227 = ORIENTED_EDGE ( 'NONE', *, *, #2426, .T. ) ;
#3228 = CARTESIAN_POINT ( 'NONE',  ( 699.3548186669938787, 896.7195284660780317, 1388.635828285804564 ) ) ;
#3229 = EDGE_CURVE ( 'NONE', #5392, #1295, #2572, .T. ) ;
#3230 = CARTESIAN_POINT ( 'NONE',  ( 655.4140352584537368, 882.3644214325763642, 1289.224160490111444 ) ) ;
#3231 = EDGE_CURVE ( 'NONE', #4646, #415, #2366, .T. ) ;
#3232 = CYLINDRICAL_SURFACE ( 'NONE', #4363, 1.000000000000000888 ) ;
#3233 = DIRECTION ( 'NONE',  ( 1.000000000000000000, 0.000000000000000000, 0.000000000000000000 ) ) ;
#3234 = CARTESIAN_POINT ( 'NONE',  ( 680.1904465678509268, 874.7246554491902089, 1377.738877672760054 ) ) ;
#3235 = AXIS2_PLACEMENT_3D ( 'NONE', #6502, #1847, #5549 ) ;
#3236 = ORIENTED_EDGE ( 'NONE', *, *, #6249, .T. ) ;
#3237 = ORIENTED_EDGE ( 'NONE', *, *, #9199, .F. ) ;
#3238 = ORIENTED_EDGE ( 'NONE', *, *, #3779, .T. ) ;
#3239 = VECTOR ( 'NONE', #34, 1000.000000000000000 ) ;
#3240 = DIRECTION ( 'NONE',  ( -0.000000000000000000, -0.000000000000000000, -1.000000000000000000 ) ) ;
#3241 = CIRCLE ( 'NONE', #5784, 1.000000000000067724 ) ;
#3242 = EDGE_CURVE ( 'NONE', #1768, #7745, #6259, .T. ) ;
#3243 = DIRECTION ( 'NONE',  ( 0.000000000000000000, 0.000000000000000000, -1.000000000000000000 ) ) ;
#3244 = CARTESIAN_POINT ( 'NONE',  ( 695.6894273792728427, 890.2349131085616136, 1388.716960580079558 ) ) ;
#3245 = ORIENTED_EDGE ( 'NONE', *, *, #1500, .T. ) ;
#3246 = CARTESIAN_POINT ( 'NONE',  ( 667.5503988948192955, 907.9481165441650319, 1400.724160490111217 ) ) ;
#3247 = DIRECTION ( 'NONE',  ( 0.000000000000000000, 0.000000000000000000, -1.000000000000000000 ) ) ;
#3248 = DIRECTION ( 'NONE',  ( -1.000000000000000000, 1.921270678177309696E-15, 0.000000000000000000 ) ) ;
#3249 = ORIENTED_EDGE ( 'NONE', *, *, #4813, .T. ) ;
#3250 = ORIENTED_EDGE ( 'NONE', *, *, #9510, .T. ) ;
#3251 = ORIENTED_EDGE ( 'NONE', *, *, #7330, .F. ) ;
#3252 = AXIS2_PLACEMENT_3D ( 'NONE', #5269, #52, #7476 ) ;
#3253 = CARTESIAN_POINT ( 'NONE',  ( 647.5371954592177417, 886.7349131085608178, 1388.224160490111444 ) ) ;
#3254 = CARTESIAN_POINT ( 'NONE',  ( 680.0522793193892994, 942.0062041333081879, 1377.275511434099826 ) ) ;
#3255 = DIRECTION ( 'NONE',  ( -1.000000000000000000, -4.440892098500622123E-13, 0.000000000000000000 ) ) ;
#3256 = ORIENTED_EDGE ( 'NONE', *, *, #4739, .F. ) ;
#3257 = CARTESIAN_POINT ( 'NONE',  ( 669.8503988948173173, 888.9481165441617350, 1288.224160490111444 ) ) ;
#3258 = ORIENTED_EDGE ( 'NONE', *, *, #5240, .T. ) ;
#3259 = AXIS2_PLACEMENT_3D ( 'NONE', #7072, #7117, #1063 ) ;
#3260 = DIRECTION ( 'NONE',  ( 0.000000000000000000, -0.000000000000000000, 1.000000000000000000 ) ) ;
#3261 = DIRECTION ( 'NONE',  ( 4.014402029361098735E-15, -1.000000000000000000, 0.000000000000000000 ) ) ;
#3262 = B_SPLINE_CURVE_WITH_KNOTS ( 'NONE', 3,
 ( #2244, #4637, #1632, #9156 ),
 .UNSPECIFIED., .F., .F.,
 ( 4, 4 ),
 ( 0.000000000000000000, 0.0001400365935900590628 ),
 .UNSPECIFIED. ) ;
#3263 = DIRECTION ( 'NONE',  ( -0.8462865709611792076, 0.5327279228750537721, 0.000000000000000000 ) ) ;
#3264 = LINE ( 'NONE', #8622, #7737 ) ;
#3265 = DIRECTION ( 'NONE',  ( -0.000000000000000000, 0.000000000000000000, -1.000000000000000000 ) ) ;
#3266 = CARTESIAN_POINT ( 'NONE',  ( 696.8003988948139522, 907.9481165441645771, 1397.724160490111217 ) ) ;
#3267 = CARTESIAN_POINT ( 'NONE',  ( 680.0503988948173628, 920.4481165441617350, 1281.724160490111444 ) ) ;
#3268 = DIRECTION ( 'NONE',  ( -1.000000000000000000, 0.000000000000000000, 0.000000000000000000 ) ) ;
#3269 = ORIENTED_EDGE ( 'NONE', *, *, #8915, .F. ) ;
#3270 = DIRECTION ( 'NONE',  ( -1.000000000000000000, 0.000000000000000000, 0.000000000000000000 ) ) ;
#3271 = CARTESIAN_POINT ( 'NONE',  ( 638.5062536462359049, 926.1005908107447340, 1387.918873864101670 ) ) ;
#3272 = VECTOR ( 'NONE', #3761, 1000.000000000000000 ) ;
#3273 = ORIENTED_EDGE ( 'NONE', *, *, #3574, .F. ) ;
#3274 = ORIENTED_EDGE ( 'NONE', *, *, #9041, .T. ) ;
#3275 = EDGE_CURVE ( 'NONE', #1032, #9747, #2665, .T. ) ;
#3276 = CARTESIAN_POINT ( 'NONE',  ( 699.4478268946159005, 896.4318588262082130, 1388.659986266982287 ) ) ;
#3277 = DIRECTION ( 'NONE',  ( -1.000000000000000000, 0.000000000000000000, 0.000000000000000000 ) ) ;
#3278 = AXIS2_PLACEMENT_3D ( 'NONE', #578, #8245, #9059 ) ;
#3279 = FACE_OUTER_BOUND ( 'NONE', #7031, .T. ) ;
#3280 = EDGE_CURVE ( 'NONE', #569, #5214, #4758, .T. ) ;
#3281 = CYLINDRICAL_SURFACE ( 'NONE', #6916, 1.000000000000067724 ) ;
#3282 = DIRECTION ( 'NONE',  ( -1.000000000000000000, -2.843661915242425431E-15, 0.000000000000000000 ) ) ;
#3283 = FACE_BOUND ( 'NONE', #961, .T. ) ;
#3284 = ADVANCED_FACE ( 'NONE', ( #1812 ), #4857, .F. ) ;
#3285 = VERTEX_POINT ( 'NONE', #8469 ) ;
#3286 = ORIENTED_EDGE ( 'NONE', *, *, #8653, .F. ) ;
#3287 = ORIENTED_EDGE ( 'NONE', *, *, #4986, .T. ) ;
#3288 = VECTOR ( 'NONE', #1661, 1000.000000000000000 ) ;
#3289 = ADVANCED_FACE ( 'NONE', ( #6959 ), #4656, .F. ) ;
#3290 = DIRECTION ( 'NONE',  ( -3.469446951953617344E-15, 1.000000000000000000, 0.000000000000000000 ) ) ;
#3291 = DIRECTION ( 'NONE',  ( -1.000000000000000000, -3.358424649491096563E-15, 0.000000000000000000 ) ) ;
#3292 = DIRECTION ( 'NONE',  ( -0.2513983643950108982, 0.000000000000000000, 0.9678837029207143505 ) ) ;
#3293 = ORIENTED_EDGE ( 'NONE', *, *, #6148, .T. ) ;
#3294 = AXIS2_PLACEMENT_3D ( 'NONE', #9614, #428, #4282 ) ;
#3295 = CARTESIAN_POINT ( 'NONE',  ( 667.5503988948192955, 907.9481165441652593, 1400.724160490111217 ) ) ;
#3296 = CARTESIAN_POINT ( 'NONE',  ( 655.5503988948192955, 937.8824196093778482, 1394.724160490111444 ) ) ;
#3297 = EDGE_LOOP ( 'NONE', ( #9356, #6285, #3395 ) ) ;
#3298 = ORIENTED_EDGE ( 'NONE', *, *, #3519, .F. ) ;
#3299 = VERTEX_POINT ( 'NONE', #8775 ) ;
#3300 = CARTESIAN_POINT ( 'NONE',  ( 696.6535744619926618, 897.9481165441580970, 1388.224160490111444 ) ) ;
#3301 = CARTESIAN_POINT ( 'NONE',  ( 671.5503988948173628, 938.9481165441617350, 1288.224160490111444 ) ) ;
#3302 = CARTESIAN_POINT ( 'NONE',  ( 638.6409187903221891, 926.0657360681004775, 1388.224160490111444 ) ) ;
#3303 = VECTOR ( 'NONE', #1706, 1000.000000000000000 ) ;
#3304 = DIRECTION ( 'NONE',  ( -1.000000000000000000, -2.157259365049192566E-15, 0.000000000000000000 ) ) ;
#3305 = ORIENTED_EDGE ( 'NONE', *, *, #6523, .F. ) ;
#3306 = CARTESIAN_POINT ( 'NONE',  ( 651.5503988948173628, 919.4481165441617350, 1378.224160490111444 ) ) ;
#3307 = ORIENTED_EDGE ( 'NONE', *, *, #8735, .F. ) ;
#3308 = CARTESIAN_POINT ( 'NONE',  ( 672.5503988948173628, 934.9481165441617350, 1283.724160490111217 ) ) ;
#3309 = CARTESIAN_POINT ( 'NONE',  ( 655.0831454192060619, 882.6891523740938510, 1288.224160490111444 ) ) ;
#3310 = DIRECTION ( 'NONE',  ( -5.899300269288732424E-15, 1.000000000000000000, 0.000000000000000000 ) ) ;
#3311 = DIRECTION ( 'NONE',  ( -0.000000000000000000, -0.000000000000000000, -1.000000000000000000 ) ) ;
#3312 = LINE ( 'NONE', #244, #2555 ) ;
#3313 = DIRECTION ( 'NONE',  ( -0.000000000000000000, 1.000000000000000000, 0.000000000000000000 ) ) ;
#3314 = CARTESIAN_POINT ( 'NONE',  ( 678.0503988948173628, 888.9481165441617350, 1288.224160490111444 ) ) ;
#3315 =( BOUNDED_CURVE ( )  B_SPLINE_CURVE ( 3, ( #915, #161, #1116, #3523 ),
 .UNSPECIFIED., .F., .T. ) 
 B_SPLINE_CURVE_WITH_KNOTS ( ( 4, 4 ),
 ( 1.604600093437416275, 3.522855596016029711 ),
 .UNSPECIFIED. ) 
 CURVE ( )  GEOMETRIC_REPRESENTATION_ITEM ( )  RATIONAL_B_SPLINE_CURVE ( ( 1.000000000000000000, 0.7161562043993435767, 0.7161562043993435767, 1.000000000000000000 ) ) 
 REPRESENTATION_ITEM ( '' )  );
#3316 = CARTESIAN_POINT ( 'NONE',  ( 634.0642017120152332, 921.8310952675659564, 1377.224160490111444 ) ) ;
#3317 = CIRCLE ( 'NONE', #9233, 1.000000000000000888 ) ;
#3318 = FACE_OUTER_BOUND ( 'NONE', #636, .T. ) ;
#3319 = AXIS2_PLACEMENT_3D ( 'NONE', #3230, #6272, #2377 ) ;
#3320 = EDGE_LOOP ( 'NONE', ( #3422, #7625, #3141, #9284 ) ) ;
#3321 = CARTESIAN_POINT ( 'NONE',  ( 683.5503988948173628, 917.9481165441617350, 1298.224160490111444 ) ) ;
#3322 = FACE_OUTER_BOUND ( 'NONE', #8652, .T. ) ;
#3323 = EDGE_CURVE ( 'NONE', #3100, #6561, #4202, .T. ) ;
#3324 = CYLINDRICAL_SURFACE ( 'NONE', #6666, 1.600000000000045830 ) ;
#3325 = DIRECTION ( 'NONE',  ( -0.000000000000000000, -0.000000000000000000, -1.000000000000000000 ) ) ;
#3326 = VECTOR ( 'NONE', #8473, 1000.000000000000000 ) ;
#3327 = LINE ( 'NONE', #309, #6199 ) ;
#3328 = DIRECTION ( 'NONE',  ( 0.000000000000000000, -0.000000000000000000, 1.000000000000000000 ) ) ;
#3329 = EDGE_LOOP ( 'NONE', ( #9144, #5083, #1720, #8749 ) ) ;
#3330 = ORIENTED_EDGE ( 'NONE', *, *, #3820, .F. ) ;
#3331 = VECTOR ( 'NONE', #6779, 1000.000000000000000 ) ;
#3332 = ORIENTED_EDGE ( 'NONE', *, *, #7716, .T. ) ;
#3333 = EDGE_CURVE ( 'NONE', #716, #3940, #6807, .T. ) ;
#3334 = CIRCLE ( 'NONE', #1411, 0.9999999999998898659 ) ;
#3335 = EDGE_CURVE ( 'NONE', #5060, #5296, #1300, .T. ) ;
#3336 = AXIS2_PLACEMENT_3D ( 'NONE', #2932, #1653, #7429 ) ;
#3337 = CARTESIAN_POINT ( 'NONE',  ( 679.0503988948173628, 941.2694685575479525, 1379.224160490111444 ) ) ;
#3338 = FACE_OUTER_BOUND ( 'NONE', #3060, .T. ) ;
#3339 = DIRECTION ( 'NONE',  ( -1.000000000000000000, 0.000000000000000000, 0.000000000000000000 ) ) ;
#3340 = ORIENTED_EDGE ( 'NONE', *, *, #77, .T. ) ;
#3341 = VECTOR ( 'NONE', #1065, 1000.000000000000000 ) ;
#3342 = CARTESIAN_POINT ( 'NONE',  ( 668.7503988948174083, 877.9481165441617350, 1281.724160490111444 ) ) ;
#3343 = DIRECTION ( 'NONE',  ( 0.000000000000000000, 0.000000000000000000, -1.000000000000000000 ) ) ;
#3344 = EDGE_CURVE ( 'NONE', #2502, #4924, #1265, .T. ) ;
#3345 = CIRCLE ( 'NONE', #6539, 1.199999999999978861 ) ;
#3346 = LINE ( 'NONE', #4988, #5573 ) ;
#3347 = EDGE_LOOP ( 'NONE', ( #5738, #3635, #3249, #7945 ) ) ;
#3348 = ORIENTED_EDGE ( 'NONE', *, *, #9696, .T. ) ;
#3349 = AXIS2_PLACEMENT_3D ( 'NONE', #9303, #4638, #2447 ) ;
#3350 = CIRCLE ( 'NONE', #8943, 1.000000000000020650 ) ;
#3351 = VERTEX_POINT ( 'NONE', #3465 ) ;
#3352 = FACE_OUTER_BOUND ( 'NONE', #6013, .T. ) ;
#3353 = AXIS2_PLACEMENT_3D ( 'NONE', #7152, #296, #5558 ) ;
#3354 = EDGE_CURVE ( 'NONE', #382, #374, #4295, .T. ) ;
#3355 = CARTESIAN_POINT ( 'NONE',  ( 680.0466501549416307, 941.9914285344219707, 1377.585628425845471 ) ) ;
#3356 = DIRECTION ( 'NONE',  ( -1.000000000000000000, 0.000000000000000000, 0.000000000000000000 ) ) ;
#3357 = ORIENTED_EDGE ( 'NONE', *, *, #9813, .T. ) ;
#3358 = AXIS2_PLACEMENT_3D ( 'NONE', #2239, #1436, #3735 ) ;
#3359 = DIRECTION ( 'NONE',  ( 3.358424649491096563E-15, -1.000000000000000000, 0.000000000000000000 ) ) ;
#3360 = ORIENTED_EDGE ( 'NONE', *, *, #9882, .F. ) ;
#3361 = CARTESIAN_POINT ( 'NONE',  ( 654.4934512369887898, 941.7651634845584567, 1378.831719941567144 ) ) ;
#3362 = DIRECTION ( 'NONE',  ( 0.000000000000000000, -1.000000000000000000, 0.000000000000000000 ) ) ;
#3363 = EDGE_CURVE ( 'NONE', #4440, #5177, #1046, .T. ) ;
#3364 = VECTOR ( 'NONE', #7473, 1000.000000000000000 ) ;
#3365 = CARTESIAN_POINT ( 'NONE',  ( 635.7927661964635035, 907.9481165441582107, 1400.724160490111217 ) ) ;
#3366 = DIRECTION ( 'NONE',  ( -4.996003610813204432E-15, -1.000000000000000000, -0.000000000000000000 ) ) ;
#3367 = DIRECTION ( 'NONE',  ( -0.000000000000000000, -0.000000000000000000, -1.000000000000000000 ) ) ;
#3368 = CIRCLE ( 'NONE', #4151, 0.9999999999998898659 ) ;
#3369 = DIRECTION ( 'NONE',  ( -1.000000000000000000, 3.063263675021908375E-15, 0.000000000000000000 ) ) ;
#3370 = ORIENTED_EDGE ( 'NONE', *, *, #2110, .F. ) ;
#3371 = CARTESIAN_POINT ( 'NONE',  ( 698.3486558722959217, 919.1411235183444433, 1388.374487300177861 ) ) ;
#3372 = CARTESIAN_POINT ( 'NONE',  ( 634.9879588756788280, 920.4481165441617350, 1377.224160490111444 ) ) ;
#3373 = CARTESIAN_POINT ( 'NONE',  ( 633.4968557366856885, 920.4547046083224586, 1377.334603236834027 ) ) ;
#3374 = CARTESIAN_POINT ( 'NONE',  ( 679.5503988948173628, 917.9481165441617350, 1298.224160490111444 ) ) ;
#3375 = VERTEX_POINT ( 'NONE', #2815 ) ;
#3376 = FACE_OUTER_BOUND ( 'NONE', #9345, .T. ) ;
#3377 = DIRECTION ( 'NONE',  ( 0.000000000000000000, 0.000000000000000000, 1.000000000000000000 ) ) ;
#3378 = DIRECTION ( 'NONE',  ( -1.000000000000000000, 0.000000000000000000, 0.000000000000000000 ) ) ;
#3379 = CARTESIAN_POINT ( 'NONE',  ( 679.6646813417610247, 873.7821459150696910, 1378.253594856043264 ) ) ;
#3380 = VERTEX_POINT ( 'NONE', #3510 ) ;
#3381 = ORIENTED_EDGE ( 'NONE', *, *, #329, .T. ) ;
#3382 = ORIENTED_EDGE ( 'NONE', *, *, #7987, .T. ) ;
#3383 = B_SPLINE_CURVE_WITH_KNOTS ( 'NONE', 3,
 ( #495, #9123, #6003, #2919, #9025, #8260, #3559, #6609, #8925, #4455 ),
 .UNSPECIFIED., .F., .F.,
 ( 4, 2, 2, 2, 4 ),
 ( 0.000000000000000000, 0.0004410064815415253221, 0.0008820129630830506441, 0.001323019444624576020, 0.001764025926166101288 ),
 .UNSPECIFIED. ) ;
#3384 = CARTESIAN_POINT ( 'NONE',  ( 667.5503988948192955, 914.9481165441652593, 1397.724160490111217 ) ) ;
#3385 = CARTESIAN_POINT ( 'NONE',  ( 684.5503988948173628, 920.4481165441617350, 1281.724160490111444 ) ) ;
#3386 = DIRECTION ( 'NONE',  ( -1.000000000000000000, 0.000000000000000000, 0.000000000000000000 ) ) ;
#3387 = ORIENTED_EDGE ( 'NONE', *, *, #1994, .T. ) ;
#3388 = DIRECTION ( 'NONE',  ( -8.326672684688689830E-16, -1.000000000000000000, -0.000000000000000000 ) ) ;
#3389 = CYLINDRICAL_SURFACE ( 'NONE', #2151, 2.000000000000001776 ) ;
#3390 = EDGE_CURVE ( 'NONE', #8847, #581, #2057, .T. ) ;
#3391 = DIRECTION ( 'NONE',  ( -0.9281954438825664733, -0.3720930232558056217, 0.000000000000000000 ) ) ;
#3392 = VERTEX_POINT ( 'NONE', #8723 ) ;
#3393 = VERTEX_POINT ( 'NONE', #5849 ) ;
#3394 = CIRCLE ( 'NONE', #6424, 0.9999999999999955591 ) ;
#3395 = ORIENTED_EDGE ( 'NONE', *, *, #941, .F. ) ;
#3396 = SURFACE_STYLE_FILL_AREA ( #7138 ) ;
#3397 = ADVANCED_FACE ( 'NONE', ( #4959 ), #4348, .F. ) ;
#3398 = CARTESIAN_POINT ( 'NONE',  ( 660.5503988948140659, 907.9481165441578696, 1397.724160490111217 ) ) ;
#3399 = CARTESIAN_POINT ( 'NONE',  ( 680.0503988948173628, 940.5105565633002698, 1377.224160490111444 ) ) ;
#3400 = FACE_OUTER_BOUND ( 'NONE', #3864, .T. ) ;
#3401 = VERTEX_POINT ( 'NONE', #3372 ) ;
#3402 = DIRECTION ( 'NONE',  ( 0.000000000000000000, 0.000000000000000000, 1.000000000000000000 ) ) ;
#3403 = ORIENTED_EDGE ( 'NONE', *, *, #7500, .F. ) ;
#3404 = EDGE_CURVE ( 'NONE', #6223, #3604, #2506, .T. ) ;
#3405 = CARTESIAN_POINT ( 'NONE',  ( 654.3876640354544634, 941.7240786643349111, 1378.749943081988249 ) ) ;
#3406 = DIRECTION ( 'NONE',  ( 0.9678837029207191245, 2.114840351707762969E-15, 0.2513983643949918578 ) ) ;
#3407 = VECTOR ( 'NONE', #5547, 1000.000000000000000 ) ;
#3408 = ADVANCED_FACE ( 'NONE', ( #8872, #2623 ), #9529, .T. ) ;
#3409 = EDGE_CURVE ( 'NONE', #7342, #5488, #2671, .T. ) ;
#3410 = DIRECTION ( 'NONE',  ( 0.000000000000000000, -0.000000000000000000, -1.000000000000000000 ) ) ;
#3411 = LINE ( 'NONE', #342, #9031 ) ;
#3412 = ADVANCED_FACE ( 'NONE', ( #7263 ), #8408, .T. ) ;
#3413 = FACE_OUTER_BOUND ( 'NONE', #5144, .T. ) ;
#3414 = VECTOR ( 'NONE', #513, 1000.000000000000000 ) ;
#3415 = CARTESIAN_POINT ( 'NONE',  ( 660.5503988948140659, 875.1904838458079894, 1400.724160490111217 ) ) ;
#3416 = ORIENTED_EDGE ( 'NONE', *, *, #1744, .T. ) ;
#3417 = CARTESIAN_POINT ( 'NONE',  ( 698.0612915166451558, 918.9885787744840400, 1388.299847207800667 ) ) ;
#3418 = CARTESIAN_POINT ( 'NONE',  ( 649.3044675363425995, 878.9628014887381369, 1394.724160490111444 ) ) ;
#3419 = DIRECTION ( 'NONE',  ( 1.000000000000000000, 0.000000000000000000, 0.000000000000000000 ) ) ;
#3420 = CYLINDRICAL_SURFACE ( 'NONE', #5399, 1.200000000000089884 ) ;
#3421 = VECTOR ( 'NONE', #1517, 1000.000000000000000 ) ;
#3422 = ORIENTED_EDGE ( 'NONE', *, *, #941, .T. ) ;
#3423 = CARTESIAN_POINT ( 'NONE',  ( 703.0462038016340784, 925.6613199797623110, 1390.627811598873222 ) ) ;
#3424 = CARTESIAN_POINT ( 'NONE',  ( 635.7927661964699837, 914.9481165441651456, 1397.724160490111217 ) ) ;
#3425 = CARTESIAN_POINT ( 'NONE',  ( 646.3371954592175825, 886.7349131085608178, 1390.724160490111444 ) ) ;
#3426 = CARTESIAN_POINT ( 'NONE',  ( 636.5692196653888004, 896.9217877706287254, 1388.421999573411313 ) ) ;
#3427 = DIRECTION ( 'NONE',  ( -1.000000000000000000, 1.893515102561680783E-15, 0.000000000000000000 ) ) ;
#3428 = DIRECTION ( 'NONE',  ( -0.000000000000000000, 1.000000000000000000, -0.000000000000000000 ) ) ;
#3429 = VERTEX_POINT ( 'NONE', #4546 ) ;
#3430 = EDGE_LOOP ( 'NONE', ( #6398, #7622 ) ) ;
#3431 = ORIENTED_EDGE ( 'NONE', *, *, #6511, .T. ) ;
#3432 = AXIS2_PLACEMENT_3D ( 'NONE', #4852, #8717, #3549 ) ;
#3433 = CIRCLE ( 'NONE', #5664, 1.600000000000045830 ) ;
#3434 = DIRECTION ( 'NONE',  ( -0.000000000000000000, -0.000000000000000000, -1.000000000000000000 ) ) ;
#3435 = CARTESIAN_POINT ( 'NONE',  ( 634.0345148145472649, 921.7593065185287742, 1377.765350207175516 ) ) ;
#3436 = ORIENTED_EDGE ( 'NONE', *, *, #2160, .T. ) ;
#3437 = LINE ( 'NONE', #565, #3802 ) ;
#3438 = DIRECTION ( 'NONE',  ( 0.000000000000000000, 0.000000000000000000, -1.000000000000000000 ) ) ;
#3439 = CARTESIAN_POINT ( 'NONE',  ( 694.5090053846959108, 889.2349131085616136, 1388.224160490111444 ) ) ;
#3440 = ORIENTED_EDGE ( 'NONE', *, *, #7908, .F. ) ;
#3441 = AXIS2_PLACEMENT_3D ( 'NONE', #7866, #1819, #2630 ) ;
#3442 = ORIENTED_EDGE ( 'NONE', *, *, #532, .F. ) ;
#3443 = ORIENTED_EDGE ( 'NONE', *, *, #1058, .T. ) ;
#3444 = CARTESIAN_POINT ( 'NONE',  ( 679.8986563879486766, 940.6349717928324026, 1377.771683838874878 ) ) ;
#3445 = DIRECTION ( 'NONE',  ( 0.000000000000000000, -1.000000000000000000, 0.000000000000000000 ) ) ;
#3446 = AXIS2_PLACEMENT_3D ( 'NONE', #4796, #1535, #6991 ) ;
#3447 = CARTESIAN_POINT ( 'NONE',  ( 667.5503988948173628, 907.9481165441617350, 1378.224160490111444 ) ) ;
#3448 = EDGE_CURVE ( 'NONE', #5177, #960, #9717, .T. ) ;
#3449 = AXIS2_PLACEMENT_3D ( 'NONE', #4966, #2629, #7963 ) ;
#3450 = DIRECTION ( 'NONE',  ( 1.000000000000000000, 0.000000000000000000, 0.000000000000000000 ) ) ;
#3451 = ORIENTED_EDGE ( 'NONE', *, *, #1246, .F. ) ;
#3452 = DIRECTION ( 'NONE',  ( 1.000000000000000000, -1.921270678177309696E-15, 0.000000000000000000 ) ) ;
#3453 = EDGE_CURVE ( 'NONE', #3299, #4586, #7457, .T. ) ;
#3454 = VERTEX_POINT ( 'NONE', #5149 ) ;
#3455 = CARTESIAN_POINT ( 'NONE',  ( 640.5917924049376779, 926.6613199797614016, 1388.224160490111217 ) ) ;
#3456 = ORIENTED_EDGE ( 'NONE', *, *, #6306, .T. ) ;
#3457 = LINE ( 'NONE', #4899, #6984 ) ;
#3458 = CARTESIAN_POINT ( 'NONE',  ( 657.8211047843935830, 925.6613199797616289, 1383.935211392019028 ) ) ;
#3459 = EDGE_CURVE ( 'NONE', #9648, #9019, #7918, .T. ) ;
#3460 = CIRCLE ( 'NONE', #252, 3.000000000000002665 ) ;
#3461 = ADVANCED_FACE ( 'NONE', ( #9021 ), #4397, .T. ) ;
#3462 = DIRECTION ( 'NONE',  ( 1.000000000000000000, -0.000000000000000000, -0.000000000000000000 ) ) ;
#3463 = CARTESIAN_POINT ( 'NONE',  ( 667.5503988948173628, 907.9481165441617350, 1281.724160490111444 ) ) ;
#3464 = VERTEX_POINT ( 'NONE', #5901 ) ;
#3465 = CARTESIAN_POINT ( 'NONE',  ( 633.9879588756787143, 921.4481165441617350, 1377.224160490111444 ) ) ;
#3466 = CARTESIAN_POINT ( 'NONE',  ( 634.8159141208266192, 920.2375381554883234, 1377.851599271329633 ) ) ;
#3467 = EDGE_CURVE ( 'NONE', #4107, #764, #6493, .T. ) ;
#3468 = VECTOR ( 'NONE', #4045, 1000.000000000000000 ) ;
#3469 = CARTESIAN_POINT ( 'NONE',  ( 639.4113704103558575, 889.2349131085609315, 1390.724160490111444 ) ) ;
#3470 = ORIENTED_EDGE ( 'NONE', *, *, #2680, .T. ) ;
#3471 = CARTESIAN_POINT ( 'NONE',  ( 667.5503988948192955, 907.9481165441650319, 1400.724160490111217 ) ) ;
#3472 = CARTESIAN_POINT ( 'NONE',  ( 667.5503988948173628, 907.9481165441617350, 1379.224160490111444 ) ) ;
#3473 = DIRECTION ( 'NONE',  ( -1.000000000000000000, 0.000000000000000000, 0.000000000000000000 ) ) ;
#3474 = CARTESIAN_POINT ( 'NONE',  ( 639.2833703869875990, 889.3742365924731530, 1388.224160490111444 ) ) ;
#3475 = PLANE ( 'NONE',  #8450 ) ;
#3476 = LINE ( 'NONE', #2074, #9722 ) ;
#3477 = ORIENTED_EDGE ( 'NONE', *, *, #780, .F. ) ;
#3478 = ORIENTED_EDGE ( 'NONE', *, *, #4477, .T. ) ;
#3479 = ORIENTED_EDGE ( 'NONE', *, *, #3702, .T. ) ;
#3480 = VECTOR ( 'NONE', #593, 1000.000000000000000 ) ;
#3481 = CARTESIAN_POINT ( 'NONE',  ( 655.5503988948173628, 917.9481165441617350, 1292.224160490111444 ) ) ;
#3482 = DIRECTION ( 'NONE',  ( -1.000000000000000000, -6.800116025829082232E-15, 0.000000000000000000 ) ) ;
#3483 = CARTESIAN_POINT ( 'NONE',  ( 631.3003988948173628, 907.9481165441617350, 1379.224160490111444 ) ) ;
#3484 = ORIENTED_EDGE ( 'NONE', *, *, #6262, .F. ) ;
#3485 = CARTESIAN_POINT ( 'NONE',  ( 655.1811160768643276, 873.8735771568623250, 1378.584547762781995 ) ) ;
#3486 = CARTESIAN_POINT ( 'NONE',  ( 680.0503988948173628, 874.6267645307755174, 1377.224160490111444 ) ) ;
#3487 = DIRECTION ( 'NONE',  ( 0.000000000000000000, -0.000000000000000000, -1.000000000000000000 ) ) ;
#3488 = ORIENTED_EDGE ( 'NONE', *, *, #7344, .T. ) ;
#3489 = ORIENTED_EDGE ( 'NONE', *, *, #3152, .F. ) ;
#3490 = VECTOR ( 'NONE', #9179, 1000.000000000000000 ) ;
#3491 = ORIENTED_EDGE ( 'NONE', *, *, #8470, .T. ) ;
#3492 = CARTESIAN_POINT ( 'NONE',  ( 699.3080315931698578, 917.9481165441651456, 1397.724160490111217 ) ) ;
#3493 = FACE_BOUND ( 'NONE', #8297, .T. ) ;
#3494 = VECTOR ( 'NONE', #5524, 1000.000000000000000 ) ;
#3495 = CARTESIAN_POINT ( 'NONE',  ( 673.5503988948173628, 888.9481165441617350, 1292.224160490111444 ) ) ;
#3496 = EDGE_LOOP ( 'NONE', ( #1330, #6114 ) ) ;
#3497 = DIRECTION ( 'NONE',  ( 0.000000000000000000, 1.000000000000000000, -2.602085213965209163E-16 ) ) ;
#3498 = VERTEX_POINT ( 'NONE', #3607 ) ;
#3499 = CIRCLE ( 'NONE', #6204, 0.9999999999998898659 ) ;
#3500 = VECTOR ( 'NONE', #8771, 1000.000000000000000 ) ;
#3501 = DIRECTION ( 'NONE',  ( 0.000000000000000000, 0.000000000000000000, 1.000000000000000000 ) ) ;
#3502 = VERTEX_POINT ( 'NONE', #3799 ) ;
#3503 = AXIS2_PLACEMENT_3D ( 'NONE', #5534, #6283, #1075 ) ;
#3504 = CARTESIAN_POINT ( 'NONE',  ( 669.5503988948173628, 939.9481165441617350, 1283.624160490111535 ) ) ;
#3505 = CIRCLE ( 'NONE', #1748, 36.25000000000000711 ) ;
#3506 = CARTESIAN_POINT ( 'NONE',  ( 667.5503988948173628, 907.9481165441617350, 1379.224160490111444 ) ) ;
#3507 = CARTESIAN_POINT ( 'NONE',  ( 671.5503988948173628, 923.9481165441617350, 1282.224160490111444 ) ) ;
#3508 = ADVANCED_FACE ( 'NONE', ( #5999 ), #6655, .T. ) ;
#3509 = ORIENTED_EDGE ( 'NONE', *, *, #6873, .T. ) ;
#3510 = CARTESIAN_POINT ( 'NONE',  ( 671.5503988948173628, 938.9481165441617350, 1282.224160490111444 ) ) ;
#3511 = ORIENTED_EDGE ( 'NONE', *, *, #7064, .T. ) ;
#3512 = EDGE_CURVE ( 'NONE', #9294, #4565, #3611, .T. ) ;
#3513 = DIRECTION ( 'NONE',  ( 1.000000000000000000, 0.000000000000000000, 0.000000000000000000 ) ) ;
#3514 = CARTESIAN_POINT ( 'NONE',  ( 738.3003988948194092, 907.9481165441650319, 1396.124160490111308 ) ) ;
#3515 = ORIENTED_EDGE ( 'NONE', *, *, #6872, .T. ) ;
#3516 = LINE ( 'NONE', #8166, #6323 ) ;
#3517 = VECTOR ( 'NONE', #580, 1000.000000000000000 ) ;
#3518 = CARTESIAN_POINT ( 'NONE',  ( 701.2506690124677107, 921.3034525608505874, 1378.568082867014482 ) ) ;
#3519 = EDGE_CURVE ( 'NONE', #935, #3984, #8973, .T. ) ;
#3520 = EDGE_CURVE ( 'NONE', #2608, #6897, #9208, .T. ) ;
#3521 = CYLINDRICAL_SURFACE ( 'NONE', #9332, 1.000000000000000888 ) ;
#3522 = ADVANCED_FACE ( 'NONE', ( #9814 ), #8204, .T. ) ;
#3523 = CARTESIAN_POINT ( 'NONE',  ( 698.6642957683095574, 920.3202095674209886, 1388.456471688753027 ) ) ;
#3524 = CARTESIAN_POINT ( 'NONE',  ( 638.5650838393947879, 889.7021851856858348, 1388.716960580079558 ) ) ;
#3525 = ORIENTED_EDGE ( 'NONE', *, *, #6721, .T. ) ;
#3526 = VERTEX_POINT ( 'NONE', #8312 ) ;
#3527 = EDGE_CURVE ( 'NONE', #7390, #5829, #1855, .T. ) ;
#3528 = VERTEX_POINT ( 'NONE', #9067 ) ;
#3529 = ADVANCED_FACE ( 'NONE', ( #4497 ), #1454, .F. ) ;
#3530 = LINE ( 'NONE', #3575, #8141 ) ;
#3531 = CARTESIAN_POINT ( 'NONE',  ( 653.6674201714132550, 874.4619193613594916, 1379.224160490111444 ) ) ;
#3532 = CARTESIAN_POINT ( 'NONE',  ( 646.3371954592226984, 926.6613199797615152, 1388.224160490111444 ) ) ;
#3533 = ORIENTED_EDGE ( 'NONE', *, *, #3224, .T. ) ;
#3534 = CARTESIAN_POINT ( 'NONE',  ( 655.2696395675926624, 873.8416298465203909, 1378.485195176912612 ) ) ;
#3535 = FACE_OUTER_BOUND ( 'NONE', #216, .T. ) ;
#3536 = ORIENTED_EDGE ( 'NONE', *, *, #8870, .T. ) ;
#3537 = ORIENTED_EDGE ( 'NONE', *, *, #579, .F. ) ;
#3538 = ORIENTED_EDGE ( 'NONE', *, *, #1380, .T. ) ;
#3539 = DIRECTION ( 'NONE',  ( 0.000000000000000000, -0.000000000000000000, -1.000000000000000000 ) ) ;
#3540 = DIRECTION ( 'NONE',  ( 1.000000000000000000, 0.000000000000000000, 0.000000000000000000 ) ) ;
#3541 = CARTESIAN_POINT ( 'NONE',  ( 671.5503988948173628, 938.9481165441617350, 1287.224160490111672 ) ) ;
#3542 = ORIENTED_EDGE ( 'NONE', *, *, #7782, .F. ) ;
#3543 = CARTESIAN_POINT ( 'NONE',  ( 655.5812474595916228, 940.9316036919483395, 1378.115689690613635 ) ) ;
#3544 = ORIENTED_EDGE ( 'NONE', *, *, #6988, .T. ) ;
#3545 = CIRCLE ( 'NONE', #1305, 1.600000000000045830 ) ;
#3546 = CARTESIAN_POINT ( 'NONE',  ( 680.0503988948173628, 924.9481165441617350, 1377.224160490111444 ) ) ;
#3547 = VECTOR ( 'NONE', #3497, 1000.000000000000000 ) ;
#3548 = EDGE_LOOP ( 'NONE', ( #1172, #462, #1709 ) ) ;
#3549 = DIRECTION ( 'NONE',  ( -1.000000000000000000, 0.000000000000000000, 0.000000000000000000 ) ) ;
#3550 = CARTESIAN_POINT ( 'NONE',  ( 700.3080315931692894, 917.9481165441650319, 1397.724160490111217 ) ) ;
#3551 = CARTESIAN_POINT ( 'NONE',  ( 688.7636023304157789, 929.1613199797623110, 1390.724160490111444 ) ) ;
#3552 = CIRCLE ( 'NONE', #4503, 1.200000000000089884 ) ;
#3553 = VERTEX_POINT ( 'NONE', #6051 ) ;
#3554 = CIRCLE ( 'NONE', #2274, 1.000000000000000888 ) ;
#3555 = CARTESIAN_POINT ( 'NONE',  ( 680.3754287968978360, 941.8537981362612754, 1378.977202853106974 ) ) ;
#3556 = EDGE_LOOP ( 'NONE', ( #9300, #8524, #6494, #1069, #8432 ) ) ;
#3557 = DIRECTION ( 'NONE',  ( 0.000000000000000000, -0.000000000000000000, -1.000000000000000000 ) ) ;
#3558 = CYLINDRICAL_SURFACE ( 'NONE', #7160, 1.000000000000000888 ) ;
#3559 = CARTESIAN_POINT ( 'NONE',  ( 700.2382712235155395, 920.2951203129337046, 1377.773849178734963 ) ) ;
#3560 = CARTESIAN_POINT ( 'NONE',  ( 667.5283937854312626, 937.1981165441652593, 1397.724160490111217 ) ) ;
#3561 = VECTOR ( 'NONE', #7383, 1000.000000000000000 ) ;
#3562 = CARTESIAN_POINT ( 'NONE',  ( 671.0997031616582262, 936.3943246076811420, 1284.773601739619153 ) ) ;
#3563 = ADVANCED_FACE ( 'NONE', ( #9119 ), #5298, .F. ) ;
#3564 = SURFACE_SIDE_STYLE ('',( #499 ) ) ;
#3565 = LINE ( 'NONE', #4917, #7405 ) ;
#3566 = DIRECTION ( 'NONE',  ( -1.000000000000000000, 0.000000000000000000, 0.000000000000000000 ) ) ;
#3567 = CIRCLE ( 'NONE', #5481, 0.9999999999998898659 ) ;
#3568 = DIRECTION ( 'NONE',  ( -0.000000000000000000, -0.000000000000000000, -1.000000000000000000 ) ) ;
#3569 = ORIENTED_EDGE ( 'NONE', *, *, #9334, .T. ) ;
#3570 = ADVANCED_FACE ( 'NONE', ( #6096 ), #9170, .T. ) ;
#3571 = ORIENTED_EDGE ( 'NONE', *, *, #5168, .F. ) ;
#3572 = ORIENTED_EDGE ( 'NONE', *, *, #7118, .T. ) ;
#3573 = ADVANCED_FACE ( 'NONE', ( #6301 ), #3900, .F. ) ;
#3574 = EDGE_CURVE ( 'NONE', #882, #1846, #8618, .T. ) ;
#3575 = CARTESIAN_POINT ( 'NONE',  ( 651.5503988948173628, 897.9481165441617350, 1292.224160490111444 ) ) ;
#3576 = CARTESIAN_POINT ( 'NONE',  ( 654.9427817119642441, 874.7017794292041799, 1377.680399352543873 ) ) ;
#3577 = CARTESIAN_POINT ( 'NONE',  ( 633.4654712787820472, 920.2890448339036311, 1379.164628526198840 ) ) ;
#3578 = ORIENTED_EDGE ( 'NONE', *, *, #3648, .T. ) ;
#3579 = ADVANCED_FACE ( 'NONE', ( #239 ), #139, .T. ) ;
#3580 = CARTESIAN_POINT ( 'NONE',  ( 655.5503988948173628, 897.9481165441617350, 1298.224160490111444 ) ) ;
#3581 = FACE_OUTER_BOUND ( 'NONE', #2781, .T. ) ;
#3582 = FACE_OUTER_BOUND ( 'NONE', #6817, .T. ) ;
#3583 = ORIENTED_EDGE ( 'NONE', *, *, #8409, .F. ) ;
#3584 = ORIENTED_EDGE ( 'NONE', *, *, #3677, .F. ) ;
#3585 = EDGE_CURVE ( 'NONE', #3694, #5892, #1866, .T. ) ;
#3586 = ORIENTED_EDGE ( 'NONE', *, *, #1321, .T. ) ;
#3587 = AXIS2_PLACEMENT_3D ( 'NONE', #2208, #545, #6660 ) ;
#3588 = CIRCLE ( 'NONE', #7420, 2.000000000000001776 ) ;
#3589 = CARTESIAN_POINT ( 'NONE',  ( 697.6338988531131236, 891.4467514001302106, 1388.993875154014859 ) ) ;
#3590 = FACE_BOUND ( 'NONE', #6227, .T. ) ;
#3591 = CARTESIAN_POINT ( 'NONE',  ( 638.4472233276412680, 918.2534772022568177, 1388.224160490111444 ) ) ;
#3592 = ORIENTED_EDGE ( 'NONE', *, *, #2731, .F. ) ;
#3593 = LINE ( 'NONE', #2848, #3547 ) ;
#3594 = CARTESIAN_POINT ( 'NONE',  ( 698.6555269832283557, 919.5225385116433472, 1388.454194082238246 ) ) ;
#3595 = AXIS2_PLACEMENT_3D ( 'NONE', #5634, #7880, #1027 ) ;
#3596 = VERTEX_POINT ( 'NONE', #3308 ) ;
#3597 = LINE ( 'NONE', #8963, #8016 ) ;
#3598 = ORIENTED_EDGE ( 'NONE', *, *, #3162, .T. ) ;
#3599 = VECTOR ( 'NONE', #1059, 1000.000000000000000 ) ;
#3600 = DIRECTION ( 'NONE',  ( 0.000000000000000000, -0.000000000000000000, -1.000000000000000000 ) ) ;
#3601 = DIRECTION ( 'NONE',  ( 1.000000000000000000, 0.000000000000000000, 0.000000000000000000 ) ) ;
#3602 = EDGE_CURVE ( 'NONE', #4544, #9653, #8745, .T. ) ;
#3603 = CARTESIAN_POINT ( 'NONE',  ( 679.3766400295691028, 873.6814779488354361, 1377.224160490111444 ) ) ;
#3604 = VERTEX_POINT ( 'NONE', #2458 ) ;
#3605 = ORIENTED_EDGE ( 'NONE', *, *, #1321, .F. ) ;
#3606 = AXIS2_PLACEMENT_3D ( 'NONE', #6894, #8609, #6240 ) ;
#3607 = CARTESIAN_POINT ( 'NONE',  ( 680.0503988948173628, 940.5105565633002698, 1377.224160490111444 ) ) ;
#3608 = ORIENTED_EDGE ( 'NONE', *, *, #7602, .T. ) ;
#3609 = CARTESIAN_POINT ( 'NONE',  ( 667.5503988948173628, 888.3913401078787047, 1289.524160490111626 ) ) ;
#3610 = CARTESIAN_POINT ( 'NONE',  ( 635.7314834293880494, 920.6219033151153326, 1388.639593400945159 ) ) ;
#3611 = CIRCLE ( 'NONE', #7447, 2.000000000000001776 ) ;
#3612 = ORIENTED_EDGE ( 'NONE', *, *, #3639, .T. ) ;
#3613 = FACE_OUTER_BOUND ( 'NONE', #5477, .T. ) ;
#3614 = AXIS2_PLACEMENT_3D ( 'NONE', #769, #6174, #3929 ) ;
#3615 = CARTESIAN_POINT ( 'NONE',  ( 695.6894273792728427, 890.2349131085616136, 1390.724160490111444 ) ) ;
#3616 = CARTESIAN_POINT ( 'NONE',  ( 638.5650838393949016, 889.7021851856857211, 1388.716960580079785 ) ) ;
#3617 = CARTESIAN_POINT ( 'NONE',  ( 637.4654412844251965, 891.4490670125397855, 1388.994242710729168 ) ) ;
#3618 = CARTESIAN_POINT ( 'NONE',  ( 667.5503988948167944, 907.9481165441615076, 1394.724160490111444 ) ) ;
#3619 = ORIENTED_EDGE ( 'NONE', *, *, #7296, .F. ) ;
#3620 = ORIENTED_EDGE ( 'NONE', *, *, #6041, .F. ) ;
#3621 = DIRECTION ( 'NONE',  ( 8.049116928532400695E-16, 1.000000000000000000, -0.000000000000000000 ) ) ;
#3622 = ADVANCED_FACE ( 'NONE', ( #7747 ), #5552, .F. ) ;
#3623 = CARTESIAN_POINT ( 'NONE',  ( 696.5357139502339123, 889.7021851856865169, 1394.724160490111444 ) ) ;
#3624 = EDGE_CURVE ( 'NONE', #8385, #4838, #8585, .T. ) ;
#3625 = CARTESIAN_POINT ( 'NONE',  ( 655.5028174541299677, 873.7586209291164323, 1378.136638214710047 ) ) ;
#3626 = DIRECTION ( 'NONE',  ( -1.000000000000000000, 0.000000000000000000, 0.000000000000000000 ) ) ;
#3627 = VERTEX_POINT ( 'NONE', #6246 ) ;
#3628 = PLANE ( 'NONE',  #9880 ) ;
#3629 = EDGE_CURVE ( 'NONE', #7911, #4082, #6967, .T. ) ;
#3630 = CARTESIAN_POINT ( 'NONE',  ( 700.3080315931636051, 907.9481165441579833, 1374.668558774804069 ) ) ;
#3631 = ORIENTED_EDGE ( 'NONE', *, *, #7258, .F. ) ;
#3632 = ORIENTED_EDGE ( 'NONE', *, *, #5877, .T. ) ;
#3633 = EDGE_CURVE ( 'NONE', #3498, #2075, #5393, .T. ) ;
#3634 = TOROIDAL_SURFACE ( 'NONE', #4908, 35.25000000000000000, 1.000000000000000000 ) ;
#3635 = ORIENTED_EDGE ( 'NONE', *, *, #3101, .T. ) ;
#3636 = AXIS2_PLACEMENT_3D ( 'NONE', #9589, #5019, #3473 ) ;
#3637 = DIRECTION ( 'NONE',  ( 0.000000000000000000, 0.000000000000000000, 1.000000000000000000 ) ) ;
#3638 = DIRECTION ( 'NONE',  ( -0.000000000000000000, -0.000000000000000000, -1.000000000000000000 ) ) ;
#3639 = EDGE_CURVE ( 'NONE', #5733, #3819, #2563, .T. ) ;
#3640 = CARTESIAN_POINT ( 'NONE',  ( 679.5503988948173628, 920.4481165441617350, 1388.224160490111444 ) ) ;
#3641 = EDGE_LOOP ( 'NONE', ( #7837, #1621, #1574, #3208 ) ) ;
#3642 = LINE ( 'NONE', #480, #5932 ) ;
#3643 = CARTESIAN_POINT ( 'NONE',  ( 696.5357139502388009, 926.1940479026374078, 1388.716960580079558 ) ) ;
#3644 = CIRCLE ( 'NONE', #592, 0.8701425580486255029 ) ;
#3645 = EDGE_CURVE ( 'NONE', #6529, #571, #839, .T. ) ;
#3646 = DIRECTION ( 'NONE',  ( 0.000000000000000000, 0.000000000000000000, -1.000000000000000000 ) ) ;
#3647 = VERTEX_POINT ( 'NONE', #895 ) ;
#3648 = EDGE_CURVE ( 'NONE', #9877, #6529, #90, .T. ) ;
#3649 = VECTOR ( 'NONE', #8998, 1000.000000000000000 ) ;
#3650 = CARTESIAN_POINT ( 'NONE',  ( 669.1283937854312853, 837.1981165441652593, 1397.724160490111217 ) ) ;
#3651 = CIRCLE ( 'NONE', #7484, 3.000000000000002665 ) ;
#3652 = DIRECTION ( 'NONE',  ( 1.000000000000000000, 6.800116025829082232E-15, 0.000000000000000000 ) ) ;
#3653 = CARTESIAN_POINT ( 'NONE',  ( 680.5597433282464408, 874.1126884125494598, 1379.039146118398321 ) ) ;
#3654 = AXIS2_PLACEMENT_3D ( 'NONE', #7523, #7011, #148 ) ;
#3655 = ORIENTED_EDGE ( 'NONE', *, *, #9818, .T. ) ;
#3656 = VERTEX_POINT ( 'NONE', #9216 ) ;
#3657 = CARTESIAN_POINT ( 'NONE',  ( 703.8003988948166807, 907.9481165441650319, 1394.724160490111444 ) ) ;
#3658 = CIRCLE ( 'NONE', #2865, 0.8000000000000229150 ) ;
#3659 = ADVANCED_FACE ( 'NONE', ( #6356 ), #8459, .T. ) ;
#3660 = ORIENTED_EDGE ( 'NONE', *, *, #7919, .F. ) ;
#3661 = DIRECTION ( 'NONE',  ( 0.000000000000000000, 0.000000000000000000, 1.000000000000000000 ) ) ;
#3662 = AXIS2_PLACEMENT_3D ( 'NONE', #3736, #8438, #8241 ) ;
#3663 = DIRECTION ( 'NONE',  ( -1.000000000000000000, 0.000000000000000000, 0.000000000000000000 ) ) ;
#3664 = VERTEX_POINT ( 'NONE', #9421 ) ;
#3665 = FACE_OUTER_BOUND ( 'NONE', #2087, .T. ) ;
#3666 = CARTESIAN_POINT ( 'NONE',  ( 670.9745294424355961, 936.2590098768150710, 1284.487486268990779 ) ) ;
#3667 = DIRECTION ( 'NONE',  ( 0.000000000000000000, -1.000000000000000000, 0.000000000000000000 ) ) ;
#3668 = CARTESIAN_POINT ( 'NONE',  ( 673.5503988948173628, 888.9481165441617350, 1292.224160490111444 ) ) ;
#3669 = VECTOR ( 'NONE', #7681, 1000.000000000000000 ) ;
#3670 = CARTESIAN_POINT ( 'NONE',  ( 695.6894273792728427, 889.2349131085616136, 1388.716960580079558 ) ) ;
#3671 = DIRECTION ( 'NONE',  ( -0.000000000000000000, -0.000000000000000000, -1.000000000000000000 ) ) ;
#3672 = ORIENTED_EDGE ( 'NONE', *, *, #1244, .T. ) ;
#3673 = ORIENTED_EDGE ( 'NONE', *, *, #6628, .F. ) ;
#3674 = ORIENTED_EDGE ( 'NONE', *, *, #1612, .T. ) ;
#3675 = DIRECTION ( 'NONE',  ( -0.000000000000000000, -0.000000000000000000, -1.000000000000000000 ) ) ;
#3676 = CARTESIAN_POINT ( 'NONE',  ( 693.7921470329005160, 926.6613199797621974, 1388.224160490111444 ) ) ;
#3677 = EDGE_CURVE ( 'NONE', #415, #1031, #5604, .T. ) ;
#3678 = CARTESIAN_POINT ( 'NONE',  ( 634.7970056091928654, 920.2138445508779796, 1377.879819667751008 ) ) ;
#3679 = FACE_OUTER_BOUND ( 'NONE', #7284, .T. ) ;
#3680 = ORIENTED_EDGE ( 'NONE', *, *, #1250, .F. ) ;
#3681 = CARTESIAN_POINT ( 'NONE',  ( 637.3309001360985349, 944.1991165441651219, 1388.224160490111444 ) ) ;
#3682 = ORIENTED_EDGE ( 'NONE', *, *, #1302, .F. ) ;
#3683 = ORIENTED_EDGE ( 'NONE', *, *, #5338, .F. ) ;
#3684 = VERTEX_POINT ( 'NONE', #3852 ) ;
#3685 = CARTESIAN_POINT ( 'NONE',  ( 685.7963302532907619, 936.9334315995853331, 1390.724160490111444 ) ) ;
#3686 = CARTESIAN_POINT ( 'NONE',  ( 680.0503988948173628, 920.4481165441617350, 1378.224160490111444 ) ) ;
#3687 = CARTESIAN_POINT ( 'NONE',  ( 635.7597049418361621, 895.2039304976464109, 1394.724160490111444 ) ) ;
#3688 = EDGE_CURVE ( 'NONE', #5829, #5342, #6900, .T. ) ;
#3689 = CARTESIAN_POINT ( 'NONE',  ( 638.3003988948141796, 897.9481165441580970, 1400.724160490111217 ) ) ;
#3690 = ORIENTED_EDGE ( 'NONE', *, *, #888, .F. ) ;
#3691 = CARTESIAN_POINT ( 'NONE',  ( 655.2033951260452795, 940.6359888728595706, 1377.773849178734963 ) ) ;
#3692 = PLANE ( 'NONE',  #2647 ) ;
#3693 = LINE ( 'NONE', #9061, #7356 ) ;
#3694 = VERTEX_POINT ( 'NONE', #6948 ) ;
#3695 = EDGE_CURVE ( 'NONE', #8285, #2393, #8251, .T. ) ;
#3696 = LINE ( 'NONE', #1448, #7589 ) ;
#3697 = DIRECTION ( 'NONE',  ( -0.000000000000000000, -0.000000000000000000, -1.000000000000000000 ) ) ;
#3698 = EDGE_CURVE ( 'NONE', #5673, #181, #7386, .T. ) ;
#3699 = CARTESIAN_POINT ( 'NONE',  ( 658.5503988948140659, 875.1904838458079894, 1394.724160490111444 ) ) ;
#3700 = VERTEX_POINT ( 'NONE', #5926 ) ;
#3701 = ORIENTED_EDGE ( 'NONE', *, *, #3103, .T. ) ;
#3702 = EDGE_CURVE ( 'NONE', #1040, #4942, #8999, .T. ) ;
#3703 = VECTOR ( 'NONE', #432, 1000.000000000000000 ) ;
#3704 = CARTESIAN_POINT ( 'NONE',  ( 697.4847019600318845, 918.9481165441651456, 1389.183265665989666 ) ) ;
#3705 = CARTESIAN_POINT ( 'NONE',  ( 656.0503988948174765, 874.6267645307755174, 1281.724160490111444 ) ) ;
#3706 = DIRECTION ( 'NONE',  ( -0.9452865819400371183, 0.3262411347517687465, 0.000000000000000000 ) ) ;
#3707 = EDGE_CURVE ( 'NONE', #9035, #1254, #9790, .T. ) ;
#3708 = AXIS2_PLACEMENT_3D ( 'NONE', #7555, #6097, #9815 ) ;
#3709 = DIRECTION ( 'NONE',  ( -0.000000000000000000, -0.000000000000000000, -1.000000000000000000 ) ) ;
#3710 = CARTESIAN_POINT ( 'NONE',  ( 655.5503988948173628, 897.9481165441617350, 1298.224160490111444 ) ) ;
#3711 = DIRECTION ( 'NONE',  ( 0.000000000000000000, 0.000000000000000000, -1.000000000000000000 ) ) ;
#3712 = AXIS2_PLACEMENT_3D ( 'NONE', #4935, #170, #1887 ) ;
#3713 = VECTOR ( 'NONE', #4298, 1000.000000000000000 ) ;
#3714 = PLANE ( 'NONE',  #3865 ) ;
#3715 = CARTESIAN_POINT ( 'NONE',  ( 634.9879588756788280, 920.4481165441617350, 1281.724160490111444 ) ) ;
#3716 = DIRECTION ( 'NONE',  ( 0.000000000000000000, 1.000000000000000000, 0.000000000000000000 ) ) ;
#3717 = LINE ( 'NONE', #1463, #3490 ) ;
#3718 = ORIENTED_EDGE ( 'NONE', *, *, #9289, .F. ) ;
#3719 = ORIENTED_EDGE ( 'NONE', *, *, #3335, .F. ) ;
#3720 = AXIS2_PLACEMENT_3D ( 'NONE', #3495, #2802, #8956 ) ;
#3721 = ORIENTED_EDGE ( 'NONE', *, *, #5884, .F. ) ;
#3722 = DIRECTION ( 'NONE',  ( 1.000000000000000000, 0.000000000000000000, 0.000000000000000000 ) ) ;
#3723 = CARTESIAN_POINT ( 'NONE',  ( 635.6160958296067065, 919.9481165441651456, 1389.443005925729949 ) ) ;
#3724 = CARTESIAN_POINT ( 'NONE',  ( 655.0503988948174765, 874.6267645307759722, 1377.374599557698957 ) ) ;
#3725 = VECTOR ( 'NONE', #7464, 1000.000000000000000 ) ;
#3726 = CARTESIAN_POINT ( 'NONE',  ( 1218.017375139592332, 907.9481165441642361, 6.870336072533178573 ) ) ;
#3727 = ORIENTED_EDGE ( 'NONE', *, *, #7379, .F. ) ;
#3728 = LINE ( 'NONE', #2, #9248 ) ;
#3729 = CARTESIAN_POINT ( 'NONE',  ( 655.0413751573863692, 941.9942214375623735, 1377.446395894950911 ) ) ;
#3730 = ORIENTED_EDGE ( 'NONE', *, *, #3467, .F. ) ;
#3731 = ORIENTED_EDGE ( 'NONE', *, *, #9385, .F. ) ;
#3732 = ORIENTED_EDGE ( 'NONE', *, *, #6608, .T. ) ;
#3733 = VECTOR ( 'NONE', #1654, 1000.000000000000000 ) ;
#3734 = PLANE ( 'NONE',  #1691 ) ;
#3735 = DIRECTION ( 'NONE',  ( -0.9678837029207072451, 0.000000000000000000, -0.2513983643950379321 ) ) ;
#3736 = CARTESIAN_POINT ( 'NONE',  ( 678.0503988948173628, 888.9481165441617350, 1290.824160490111353 ) ) ;
#3737 = DIRECTION ( 'NONE',  ( -1.000000000000000000, 0.000000000000000000, 0.000000000000000000 ) ) ;
#3738 = ORIENTED_EDGE ( 'NONE', *, *, #7107, .T. ) ;
#3739 = CARTESIAN_POINT ( 'NONE',  ( 700.1128389139558976, 921.4481165441617350, 1388.224160490111444 ) ) ;
#3740 = CARTESIAN_POINT ( 'NONE',  ( 634.7927661964636172, 898.9481165441580970, 1374.668558774804069 ) ) ;
#3741 = AXIS2_PLACEMENT_3D ( 'NONE', #2310, #5255, #2965 ) ;
#3742 = CARTESIAN_POINT ( 'NONE',  ( 687.5636023304106175, 886.7349131085616136, 1388.224160490111444 ) ) ;
#3743 = ORIENTED_EDGE ( 'NONE', *, *, #801, .T. ) ;
#3744 = EDGE_CURVE ( 'NONE', #8249, #5712, #2183, .T. ) ;
#3745 = DIRECTION ( 'NONE',  ( 0.9678837029207199016, 3.223700316426116002E-15, -0.2513983643949895264 ) ) ;
#3746 = DIRECTION ( 'NONE',  ( 1.000000000000000000, 0.000000000000000000, 0.000000000000000000 ) ) ;
#3747 = ADVANCED_FACE ( 'NONE', ( #2836 ), #7480, .T. ) ;
#3748 = AXIS2_PLACEMENT_3D ( 'NONE', #7085, #3247, #1834 ) ;
#3749 = CYLINDRICAL_SURFACE ( 'NONE', #1317, 1.199999999999978861 ) ;
#3750 = ORIENTED_EDGE ( 'NONE', *, *, #6448, .F. ) ;
#3751 = ORIENTED_EDGE ( 'NONE', *, *, #3765, .F. ) ;
#3752 = EDGE_CURVE ( 'NONE', #8050, #1208, #8949, .T. ) ;
#3753 = DIRECTION ( 'NONE',  ( -1.000000000000000000, 3.091019250637537289E-15, 0.000000000000000000 ) ) ;
#3754 = CARTESIAN_POINT ( 'NONE',  ( 638.5650838393947879, 889.7021851856858348, 1390.724160490111444 ) ) ;
#3755 = CARTESIAN_POINT ( 'NONE',  ( 695.6894273792777312, 926.6613199797621974, 1390.724160490111444 ) ) ;
#3756 = EDGE_CURVE ( 'NONE', #2964, #1944, #2938, .T. ) ;
#3757 = TOROIDAL_SURFACE ( 'NONE', #3126, 2.000000000000000000, 1.000000000000000000 ) ;
#3758 = ADVANCED_FACE ( 'NONE', ( #3581 ), #2084, .F. ) ;
#3759 = EDGE_CURVE ( 'NONE', #1992, #2502, #9220, .T. ) ;
#3760 = EDGE_LOOP ( 'NONE', ( #5427, #176 ) ) ;
#3761 = DIRECTION ( 'NONE',  ( 0.000000000000000000, 0.000000000000000000, 1.000000000000000000 ) ) ;
#3762 = DIRECTION ( 'NONE',  ( -0.000000000000000000, 1.000000000000000000, -0.000000000000000000 ) ) ;
#3763 = TOROIDAL_SURFACE ( 'NONE', #6635, 2.000000000000000000, 1.000000000000000000 ) ;
#3764 = VECTOR ( 'NONE', #6566, 1000.000000000000000 ) ;
#3765 = EDGE_CURVE ( 'NONE', #2380, #1362, #7472, .T. ) ;
#3766 = CARTESIAN_POINT ( 'NONE',  ( 700.3080315931636051, 907.9481165441579833, 1399.324160490111353 ) ) ;
#3767 = CARTESIAN_POINT ( 'NONE',  ( 680.0503988948173628, 880.9013780744462565, 1378.224160490111444 ) ) ;
#3768 = CARTESIAN_POINT ( 'NONE',  ( 674.5503988948140659, 875.1904838458081031, 1399.724160490111444 ) ) ;
#3769 = EDGE_LOOP ( 'NONE', ( #1292, #2277, #519, #6818 ) ) ;
#3770 = ORIENTED_EDGE ( 'NONE', *, *, #3512, .T. ) ;
#3771 = AXIS2_PLACEMENT_3D ( 'NONE', #1231, #6348, #8857 ) ;
#3772 = CARTESIAN_POINT ( 'NONE',  ( 697.4847019600267686, 895.9481165441580970, 1394.724160490111444 ) ) ;
#3773 = CARTESIAN_POINT ( 'NONE',  ( 651.5503988948173628, 897.9481165441617350, 1298.224160490111444 ) ) ;
#3774 = DIRECTION ( 'NONE',  ( 1.893515102561680783E-15, 1.000000000000000000, 0.000000000000000000 ) ) ;
#3775 = ORIENTED_EDGE ( 'NONE', *, *, #4868, .F. ) ;
#3776 = CARTESIAN_POINT ( 'NONE',  ( 673.5503988948173628, 888.9481165441617350, 1288.224160490111444 ) ) ;
#3777 = CARTESIAN_POINT ( 'NONE',  ( 655.0628691529983598, 941.9948033317580212, 1377.588855190025242 ) ) ;
#3778 = ORIENTED_EDGE ( 'NONE', *, *, #7990, .T. ) ;
#3779 = EDGE_CURVE ( 'NONE', #7395, #426, #2891, .T. ) ;
#3780 = EDGE_LOOP ( 'NONE', ( #8937, #3440, #690, #1398 ) ) ;
#3781 = ORIENTED_EDGE ( 'NONE', *, *, #7504, .T. ) ;
#3782 = LINE ( 'NONE', #9149, #3669 ) ;
#3783 = CARTESIAN_POINT ( 'NONE',  ( 650.5503988948173628, 919.4481165441617350, 1378.224160490111444 ) ) ;
#3784 = CARTESIAN_POINT ( 'NONE',  ( 668.2847685651378242, 936.0849783335618213, 1284.240620798793998 ) ) ;
#3785 = ORIENTED_EDGE ( 'NONE', *, *, #4382, .T. ) ;
#3786 = CARTESIAN_POINT ( 'NONE',  ( 631.8031956236040969, 871.6971165441575522, 1389.659927895952933 ) ) ;
#3787 = CARTESIAN_POINT ( 'NONE',  ( 699.3410928477971993, 920.6923025906768316, 1389.424355391673316 ) ) ;
#3788 = AXIS2_PLACEMENT_3D ( 'NONE', #1545, #5555, #7702 ) ;
#3789 = VECTOR ( 'NONE', #8527, 1000.000000000000000 ) ;
#3790 = DIRECTION ( 'NONE',  ( 1.000000000000000000, 0.000000000000000000, 0.000000000000000000 ) ) ;
#3791 = EDGE_LOOP ( 'NONE', ( #9438, #2301, #1672, #7794 ) ) ;
#3792 = CARTESIAN_POINT ( 'NONE',  ( 639.4113704103607461, 926.6613199797615152, 1388.716960580079558 ) ) ;
#3793 = FACE_OUTER_BOUND ( 'NONE', #7666, .T. ) ;
#3794 = AXIS2_PLACEMENT_3D ( 'NONE', #6573, #5024, #1216 ) ;
#3795 = LINE ( 'NONE', #8503, #187 ) ;
#3796 = ADVANCED_FACE ( 'NONE', ( #5874 ), #9020, .T. ) ;
#3797 = ORIENTED_EDGE ( 'NONE', *, *, #37, .T. ) ;
#3798 = VERTEX_POINT ( 'NONE', #3185 ) ;
#3799 = CARTESIAN_POINT ( 'NONE',  ( 672.5503988948173628, 923.9481165441617350, 1287.224160490111672 ) ) ;
#3800 = CARTESIAN_POINT ( 'NONE',  ( 651.5503988948173628, 919.4481165441617350, 1281.724160490111444 ) ) ;
#3801 = CYLINDRICAL_SURFACE ( 'NONE', #1245, 1.200000000000089884 ) ;
#3802 = VECTOR ( 'NONE', #2029, 1000.000000000000000 ) ;
#3803 = EDGE_CURVE ( 'NONE', #7746, #2533, #5368, .T. ) ;
#3804 = CIRCLE ( 'NONE', #284, 2.000000000000001776 ) ;
#3805 = CARTESIAN_POINT ( 'NONE',  ( 696.8003988948192955, 917.9481165441650319, 1389.005524610090561 ) ) ;
#3806 = DIRECTION ( 'NONE',  ( 0.000000000000000000, 0.000000000000000000, -1.000000000000000000 ) ) ;
#3807 = VECTOR ( 'NONE', #2465, 1000.000000000000000 ) ;
#3808 = VECTOR ( 'NONE', #2019, 1000.000000000000000 ) ;
#3809 = EDGE_CURVE ( 'NONE', #7201, #7816, #7317, .T. ) ;
#3810 = CARTESIAN_POINT ( 'NONE',  ( 696.8003988948141796, 900.9481165441579833, 1400.724160490111217 ) ) ;
#3811 = VECTOR ( 'NONE', #3932, 1000.000000000000000 ) ;
#3812 = CARTESIAN_POINT ( 'NONE',  ( 660.5503988948140659, 876.1904838458081031, 1399.724160490111444 ) ) ;
#3813 = CARTESIAN_POINT ( 'NONE',  ( 666.3503988948174310, 877.9481165441617350, 1284.724160490111444 ) ) ;
#3814 = AXIS2_PLACEMENT_3D ( 'NONE', #6932, #71, #3843 ) ;
#3815 = VECTOR ( 'NONE', #3265, 1000.000000000000000 ) ;
#3816 = DIRECTION ( 'NONE',  ( -1.000000000000000000, 0.000000000000000000, 0.000000000000000000 ) ) ;
#3817 = ORIENTED_EDGE ( 'NONE', *, *, #7548, .F. ) ;
#3818 = ORIENTED_EDGE ( 'NONE', *, *, #1633, .T. ) ;
#3819 = VERTEX_POINT ( 'NONE', #7528 ) ;
#3820 = EDGE_CURVE ( 'NONE', #4989, #2075, #3173, .T. ) ;
#3821 = CARTESIAN_POINT ( 'NONE',  ( 657.5503988948192955, 939.7057492425151395, 1400.724160490111217 ) ) ;
#3822 = AXIS2_PLACEMENT_3D ( 'NONE', #3216, #4853, #7951 ) ;
#3823 = AXIS2_PLACEMENT_3D ( 'NONE', #7927, #6230, #1829 ) ;
#3824 = DIRECTION ( 'NONE',  ( -2.891205793294675368E-16, 0.000000000000000000, 1.000000000000000000 ) ) ;
#3825 = CARTESIAN_POINT ( 'NONE',  ( 654.7546109051077110, 881.9481165441617350, 1281.724160490111444 ) ) ;
#3826 = ORIENTED_EDGE ( 'NONE', *, *, #6644, .T. ) ;
#3827 = DIRECTION ( 'NONE',  ( 0.000000000000000000, -1.000000000000000000, 0.000000000000000000 ) ) ;
#3828 = CARTESIAN_POINT ( 'NONE',  ( 655.0503988949061522, 942.0076802423707250, 1377.274628000048097 ) ) ;
#3829 = EDGE_CURVE ( 'NONE', #2371, #5603, #6073, .T. ) ;
#3830 = ORIENTED_EDGE ( 'NONE', *, *, #8978, .F. ) ;
#3831 = ORIENTED_EDGE ( 'NONE', *, *, #8898, .F. ) ;
#3832 = AXIS2_PLACEMENT_3D ( 'NONE', #8054, #8253, #4446 ) ;
#3833 = ORIENTED_EDGE ( 'NONE', *, *, #8798, .F. ) ;
#3834 = EDGE_CURVE ( 'NONE', #4614, #3040, #4520, .T. ) ;
#3835 = DIRECTION ( 'NONE',  ( 1.000000000000000000, -2.551818697650954061E-13, 0.000000000000000000 ) ) ;
#3836 = AXIS2_PLACEMENT_3D ( 'NONE', #5287, #5989, #6696 ) ;
#3837 = DIRECTION ( 'NONE',  ( 1.000000000000000000, 0.000000000000000000, 0.000000000000000000 ) ) ;
#3838 = DIRECTION ( 'NONE',  ( 0.9678837029207191245, -2.991747158106287203E-15, -0.2513983643949918578 ) ) ;
#3839 = CARTESIAN_POINT ( 'NONE',  ( 668.1762611748268910, 936.2046555436926383, 1286.049352042897453 ) ) ;
#3840 = EDGE_LOOP ( 'NONE', ( #1838, #4818, #6063, #8549 ) ) ;
#3841 = CARTESIAN_POINT ( 'NONE',  ( 638.3003988948139522, 907.9481165441582107, 1400.724160490111217 ) ) ;
#3842 = CARTESIAN_POINT ( 'NONE',  ( 655.5503988948173628, 920.4481165441617350, 1292.224160490111444 ) ) ;
#3843 = DIRECTION ( 'NONE',  ( 1.000000000000000000, 6.483054158395074660E-15, 0.000000000000000000 ) ) ;
#3844 = ORIENTED_EDGE ( 'NONE', *, *, #1488, .F. ) ;
#3845 = CARTESIAN_POINT ( 'NONE',  ( 657.8503988948174310, 888.9481165441617350, 1292.224160490111444 ) ) ;
#3846 = ORIENTED_EDGE ( 'NONE', *, *, #4117, .T. ) ;
#3847 = DIRECTION ( 'NONE',  ( 1.000000000000000000, -1.193489751472043754E-14, -0.000000000000000000 ) ) ;
#3848 = DIRECTION ( 'NONE',  ( -9.592309208192977632E-17, -1.000000000000000000, 0.000000000000000000 ) ) ;
#3849 = DIRECTION ( 'NONE',  ( 1.000000000000000000, 0.000000000000000000, 0.000000000000000000 ) ) ;
#3850 = EDGE_LOOP ( 'NONE', ( #1019, #7779, #4034, #1522 ) ) ;
#3851 = ORIENTED_EDGE ( 'NONE', *, *, #6721, .F. ) ;
#3852 = CARTESIAN_POINT ( 'NONE',  ( 635.7927661964699837, 917.9481165441651456, 1397.724160490111217 ) ) ;
#3853 = DIRECTION ( 'NONE',  ( 1.000000000000000000, 0.000000000000000000, 0.000000000000000000 ) ) ;
#3854 = CYLINDRICAL_SURFACE ( 'NONE', #5726, 0.8000000000000229150 ) ;
#3855 = FACE_OUTER_BOUND ( 'NONE', #9419, .T. ) ;
#3856 = CARTESIAN_POINT ( 'NONE',  ( 651.5503988948173628, 909.4481165441617350, 1281.724160490111444 ) ) ;
#3857 = CARTESIAN_POINT ( 'NONE',  ( 654.7546109051077110, 881.9481165441607118, 1288.569778240479309 ) ) ;
#3858 = DIRECTION ( 'NONE',  ( -1.000000000000000000, 0.000000000000000000, 0.000000000000000000 ) ) ;
#3859 = CARTESIAN_POINT ( 'NONE',  ( 682.5503988948173628, 888.9481165441617350, 1289.224160490111444 ) ) ;
#3860 = DIRECTION ( 'NONE',  ( 1.000000000000000000, 4.042157604976727648E-15, 0.000000000000000000 ) ) ;
#3861 = CARTESIAN_POINT ( 'NONE',  ( 686.2636023304107766, 879.8090880596993202, 1388.224160490111444 ) ) ;
#3862 = CIRCLE ( 'NONE', #8669, 35.25000000000000000 ) ;
#3863 = ORIENTED_EDGE ( 'NONE', *, *, #7483, .T. ) ;
#3864 = EDGE_LOOP ( 'NONE', ( #2879, #1673, #6605, #4449 ) ) ;
#3865 = AXIS2_PLACEMENT_3D ( 'NONE', #9265, #2352, #7463 ) ;
#3866 = ORIENTED_EDGE ( 'NONE', *, *, #2795, .F. ) ;
#3867 = DIRECTION ( 'NONE',  ( -0.2513983643950108982, 0.000000000000000000, 0.9678837029207143505 ) ) ;
#3868 = EDGE_CURVE ( 'NONE', #1992, #1228, #6957, .T. ) ;
#3869 = CARTESIAN_POINT ( 'NONE',  ( 654.1653733930488670, 875.2903424084632888, 1378.224160490111217 ) ) ;
#3870 = CARTESIAN_POINT ( 'NONE',  ( 677.5503988948173628, 920.4481165441617350, 1298.224160490111444 ) ) ;
#3871 = ORIENTED_EDGE ( 'NONE', *, *, #9613, .T. ) ;
#3872 = CARTESIAN_POINT ( 'NONE',  ( 697.4847019600318845, 917.9481165441651456, 1389.183265665989666 ) ) ;
#3873 = VECTOR ( 'NONE', #2200, 1000.000000000000000 ) ;
#3874 = CARTESIAN_POINT ( 'NONE',  ( 655.0503988948174765, 924.9481165441617350, 1292.724160490111444 ) ) ;
#3875 = VERTEX_POINT ( 'NONE', #9142 ) ;
#3876 = ORIENTED_EDGE ( 'NONE', *, *, #1195, .T. ) ;
#3877 = EDGE_LOOP ( 'NONE', ( #3871, #8841 ) ) ;
#3878 = ADVANCED_FACE ( 'NONE', ( #1568 ), #4328, .T. ) ;
#3879 = ADVANCED_FACE ( 'NONE', ( #2480, #9492, #916, #5474, #8589, #3283, #4871 ), #4921, .T. ) ;
#3880 = CARTESIAN_POINT ( 'NONE',  ( 639.4113704103558575, 889.2349131085609315, 1390.724160490111444 ) ) ;
#3881 = PLANE ( 'NONE',  #9599 ) ;
#3882 = LINE ( 'NONE', #9055, #938 ) ;
#3883 = CYLINDRICAL_SURFACE ( 'NONE', #4511, 1.000000000000000888 ) ;
#3884 = EDGE_LOOP ( 'NONE', ( #6453, #6239, #4828, #3778 ) ) ;
#3885 = CARTESIAN_POINT ( 'NONE',  ( 637.6160958296015906, 896.9481165441580970, 1389.183265665989666 ) ) ;
#3886 = DIRECTION ( 'NONE',  ( 0.000000000000000000, 1.000000000000000000, -0.000000000000000000 ) ) ;
#3887 = ADVANCED_FACE ( 'NONE', ( #8532, #1066 ), #967, .T. ) ;
#3888 = CARTESIAN_POINT ( 'NONE',  ( 667.5503988948192955, 907.9481165441652593, 1394.724160490111444 ) ) ;
#3889 = VERTEX_POINT ( 'NONE', #1876 ) ;
#3890 = ORIENTED_EDGE ( 'NONE', *, *, #2297, .T. ) ;
#3891 = AXIS2_PLACEMENT_3D ( 'NONE', #4668, #2378, #9443 ) ;
#3892 = ORIENTED_EDGE ( 'NONE', *, *, #8612, .F. ) ;
#3893 =( BOUNDED_CURVE ( )  B_SPLINE_CURVE ( 3, ( #3723, #6774, #4416, #6955 ),
 .UNSPECIFIED., .F., .F. ) 
 B_SPLINE_CURVE_WITH_KNOTS ( ( 4, 4 ),
 ( 3.141592653589799777, 3.522855596016039925 ),
 .UNSPECIFIED. ) 
 CURVE ( )  GEOMETRIC_REPRESENTATION_ITEM ( )  RATIONAL_B_SPLINE_CURVE ( ( 1.000000000000000000, 0.9879231869197969695, 0.9879231869197969695, 1.000000000000000000 ) ) 
 REPRESENTATION_ITEM ( '' )  );
#3894 = PLANE ( 'NONE',  #3606 ) ;
#3895 = CARTESIAN_POINT ( 'NONE',  ( 660.5503988948140659, 876.1904838458081031, 1397.724160490111217 ) ) ;
#3896 = CARTESIAN_POINT ( 'NONE',  ( 655.0503988948174765, 940.5105565633002698, 1377.224160490111444 ) ) ;
#3897 = ORIENTED_EDGE ( 'NONE', *, *, #5165, .F. ) ;
#3898 = LINE ( 'NONE', #5496, #340 ) ;
#3899 = EDGE_LOOP ( 'NONE', ( #2551, #9000, #1607, #2936 ) ) ;
#3900 = PLANE ( 'NONE',  #3938 ) ;
#3901 = DIRECTION ( 'NONE',  ( -5.899300269288732424E-15, 1.000000000000000000, 0.000000000000000000 ) ) ;
#3902 = CARTESIAN_POINT ( 'NONE',  ( 667.5503988948173628, 923.9481165441617350, 1283.224160490111672 ) ) ;
#3903 = LINE ( 'NONE', #4753, #2035 ) ;
#3904 = AXIS2_PLACEMENT_3D ( 'NONE', #7150, #7899, #8818 ) ;
#3905 = AXIS2_PLACEMENT_3D ( 'NONE', #7314, #4399, #2103 ) ;
#3906 = DIRECTION ( 'NONE',  ( -1.000000000000000000, 0.000000000000000000, 0.000000000000000000 ) ) ;
#3907 = CARTESIAN_POINT ( 'NONE',  ( 696.8003988948144070, 897.8694284775283450, 1388.560533465116805 ) ) ;
#3908 = CARTESIAN_POINT ( 'NONE',  ( 689.7503988948174083, 928.9481165441617350, 1292.724160490111444 ) ) ;
#3909 = CARTESIAN_POINT ( 'NONE',  ( 677.5503988948192955, 937.1981165441651456, 1388.224160490111444 ) ) ;
#3910 = DIRECTION ( 'NONE',  ( 0.000000000000000000, 0.000000000000000000, 1.000000000000000000 ) ) ;
#3911 = DIRECTION ( 'NONE',  ( 0.000000000000000000, -1.000000000000000000, 0.000000000000000000 ) ) ;
#3912 = VERTEX_POINT ( 'NONE', #7174 ) ;
#3913 = ORIENTED_EDGE ( 'NONE', *, *, #2806, .T. ) ;
#3914 = ORIENTED_EDGE ( 'NONE', *, *, #4992, .T. ) ;
#3915 = CARTESIAN_POINT ( 'NONE',  ( 698.6642957683043278, 895.5760235209022539, 1388.456471688752572 ) ) ;
#3916 = CIRCLE ( 'NONE', #1357, 3.000000000000002665 ) ;
#3917 = EDGE_CURVE ( 'NONE', #7827, #9638, #3644, .T. ) ;
#3918 = CARTESIAN_POINT ( 'NONE',  ( 657.0503988948174765, 888.9481165441617350, 1288.224160490111444 ) ) ;
#3919 = DIRECTION ( 'NONE',  ( 0.000000000000000000, 1.000000000000000000, 0.000000000000000000 ) ) ;
#3920 = ORIENTED_EDGE ( 'NONE', *, *, #3110, .T. ) ;
#3921 = FACE_OUTER_BOUND ( 'NONE', #4583, .T. ) ;
#3922 = CARTESIAN_POINT ( 'NONE',  ( 680.1320680290344853, 873.9447509969182875, 1377.636952598292964 ) ) ;
#3923 = AXIS2_PLACEMENT_3D ( 'NONE', #4742, #3847, #9360 ) ;
#3924 = VERTEX_POINT ( 'NONE', #1670 ) ;
#3925 = EDGE_LOOP ( 'NONE', ( #2247, #8272 ) ) ;
#3926 = ORIENTED_EDGE ( 'NONE', *, *, #209, .T. ) ;
#3927 = AXIS2_PLACEMENT_3D ( 'NONE', #7465, #9177, #1412 ) ;
#3928 = EDGE_CURVE ( 'NONE', #4500, #7785, #5672, .T. ) ;
#3929 = DIRECTION ( 'NONE',  ( 1.000000000000000000, 0.000000000000000000, 0.000000000000000000 ) ) ;
#3930 = CIRCLE ( 'NONE', #2166, 1.000000000000000888 ) ;
#3931 = DIRECTION ( 'NONE',  ( -9.592309208192977632E-17, -1.000000000000000000, -0.000000000000000000 ) ) ;
#3932 = DIRECTION ( 'NONE',  ( -0.000000000000000000, 0.000000000000000000, 1.000000000000000000 ) ) ;
#3933 = ADVANCED_FACE ( 'NONE', ( #6276 ), #9341, .F. ) ;
#3934 = CARTESIAN_POINT ( 'NONE',  ( 699.3410928477970856, 920.6923025906769453, 1389.424355391673544 ) ) ;
#3935 = VERTEX_POINT ( 'NONE', #5578 ) ;
#3936 = DIRECTION ( 'NONE',  ( -0.000000000000000000, 0.000000000000000000, -1.000000000000000000 ) ) ;
#3937 = ADVANCED_FACE ( 'NONE', ( #8641 ), #1775, .F. ) ;
#3938 = AXIS2_PLACEMENT_3D ( 'NONE', #1595, #8508, #9367 ) ;
#3939 = DIRECTION ( 'NONE',  ( -0.9678837029207192355, -2.087976182404212522E-15, 0.2513983643949918578 ) ) ;
#3940 = VERTEX_POINT ( 'NONE', #7325 ) ;
#3941 = ORIENTED_EDGE ( 'NONE', *, *, #5226, .T. ) ;
#3942 = ORIENTED_EDGE ( 'NONE', *, *, #9526, .F. ) ;
#3943 = CARTESIAN_POINT ( 'NONE',  ( 696.6535744619976640, 918.2534772022565903, 1388.224160490111444 ) ) ;
#3944 = EDGE_CURVE ( 'NONE', #2816, #662, #5767, .T. ) ;
#3945 = DIRECTION ( 'NONE',  ( -0.000000000000000000, -0.000000000000000000, -1.000000000000000000 ) ) ;
#3946 = VERTEX_POINT ( 'NONE', #8885 ) ;
#3947 = EDGE_CURVE ( 'NONE', #4522, #1513, #7151, .T. ) ;
#3948 = CARTESIAN_POINT ( 'NONE',  ( 650.5503988948173628, 907.9481165441617350, 1377.224160490111444 ) ) ;
#3949 = EDGE_LOOP ( 'NONE', ( #4789, #9453, #5085, #7229 ) ) ;
#3950 = DIRECTION ( 'NONE',  ( 0.000000000000000000, 0.000000000000000000, 1.000000000000000000 ) ) ;
#3951 = CARTESIAN_POINT ( 'NONE',  ( 658.5503988948140659, 875.1904838458079894, 1374.668558774804069 ) ) ;
#3952 = DIRECTION ( 'NONE',  ( 0.000000000000000000, 1.000000000000000000, -0.000000000000000000 ) ) ;
#3953 = ADVANCED_FACE ( 'NONE', ( #2878 ), #7421, .F. ) ;
#3954 = CIRCLE ( 'NONE', #7783, 1.000000000000000888 ) ;
#3955 = CARTESIAN_POINT ( 'NONE',  ( 646.5503988948173628, 928.9481165441617350, 1292.724160490111444 ) ) ;
#3956 = AXIS2_PLACEMENT_3D ( 'NONE', #5571, #3180, #7717 ) ;
#3957 = PLANE ( 'NONE',  #2797 ) ;
#3958 = EDGE_CURVE ( 'NONE', #4164, #3285, #9732, .T. ) ;
#3959 = CARTESIAN_POINT ( 'NONE',  ( 646.5503988948173628, 928.9481165441617350, 1295.724160490111444 ) ) ;
#3960 = CARTESIAN_POINT ( 'NONE',  ( 694.5090053847009131, 926.6613199797624247, 1388.224160490111444 ) ) ;
#3961 = FACE_OUTER_BOUND ( 'NONE', #6962, .T. ) ;
#3962 = DIRECTION ( 'NONE',  ( 0.000000000000000000, 1.000000000000000000, 0.000000000000000000 ) ) ;
#3963 = CARTESIAN_POINT ( 'NONE',  ( 634.0352793974190035, 921.7611600826493259, 1377.758456222290988 ) ) ;
#3964 = FACE_OUTER_BOUND ( 'NONE', #1285, .T. ) ;
#3965 = VERTEX_POINT ( 'NONE', #2737 ) ;
#3966 = ORIENTED_EDGE ( 'NONE', *, *, #6123, .F. ) ;
#3967 = VERTEX_POINT ( 'NONE', #4410 ) ;
#3968 = AXIS2_PLACEMENT_3D ( 'NONE', #9238, #6024, #8430 ) ;
#3969 = CIRCLE ( 'NONE', #9881, 34.25000000000000000 ) ;
#3970 = CARTESIAN_POINT ( 'NONE',  ( 638.3003988948192955, 917.9588798224633592, 1388.830721334059490 ) ) ;
#3971 = FACE_OUTER_BOUND ( 'NONE', #7998, .T. ) ;
#3972 = AXIS2_PLACEMENT_3D ( 'NONE', #5635, #9554, #2698 ) ;
#3973 = AXIS2_PLACEMENT_3D ( 'NONE', #1345, #536, #5103 ) ;
#3974 = LINE ( 'NONE', #2632, #7802 ) ;
#3975 = CARTESIAN_POINT ( 'NONE',  ( 679.9100471330197024, 873.8700852472352381, 1378.574270603014384 ) ) ;
#3976 = ORIENTED_EDGE ( 'NONE', *, *, #9136, .T. ) ;
#3977 = ORIENTED_EDGE ( 'NONE', *, *, #939, .T. ) ;
#3978 = CIRCLE ( 'NONE', #8452, 1.600000000000045830 ) ;
#3979 = VERTEX_POINT ( 'NONE', #8835 ) ;
#3980 =( LENGTH_UNIT ( ) NAMED_UNIT ( * ) SI_UNIT ( .MILLI., .METRE. ) );
#3981 = CYLINDRICAL_SURFACE ( 'NONE', #1756, 1.000000000000000888 ) ;
#3982 = CARTESIAN_POINT ( 'NONE',  ( 738.3003988948194092, 907.9481165441648045, 1397.724160490111217 ) ) ;
#3983 = FACE_OUTER_BOUND ( 'NONE', #2481, .T. ) ;
#3984 = VERTEX_POINT ( 'NONE', #3524 ) ;
#3985 = CARTESIAN_POINT ( 'NONE',  ( 667.5503988948173628, 923.9481165441617350, 1282.224160490111444 ) ) ;
#3986 = CARTESIAN_POINT ( 'NONE',  ( 680.5946378053658918, 875.0216677535000827, 1378.122281715013514 ) ) ;
#3987 = DIRECTION ( 'NONE',  ( 0.000000000000000000, 0.000000000000000000, -1.000000000000000000 ) ) ;
#3988 = ORIENTED_EDGE ( 'NONE', *, *, #6016, .F. ) ;
#3989 = ORIENTED_EDGE ( 'NONE', *, *, #5723, .T. ) ;
#3990 = ORIENTED_EDGE ( 'NONE', *, *, #2557, .T. ) ;
#3991 = VECTOR ( 'NONE', #6552, 1000.000000000000000 ) ;
#3992 = ADVANCED_FACE ( 'NONE', ( #1974 ), #5162, .F. ) ;
#3993 = CARTESIAN_POINT ( 'NONE',  ( 666.5503988948173628, 934.9481165441617350, 1285.224160490111444 ) ) ;
#3994 = FACE_OUTER_BOUND ( 'NONE', #918, .T. ) ;
#3995 = VERTEX_POINT ( 'NONE', #8069 ) ;
#3996 = DIRECTION ( 'NONE',  ( 1.000000000000000000, 3.149568864184841062E-15, 0.000000000000000000 ) ) ;
#3997 = ORIENTED_EDGE ( 'NONE', *, *, #6464, .F. ) ;
#3998 = CARTESIAN_POINT ( 'NONE',  ( 680.0503988948173628, 940.5105565633002698, 1281.724160490111444 ) ) ;
#3999 = EDGE_CURVE ( 'NONE', #1433, #7469, #1554, .T. ) ;
#4000 = DIRECTION ( 'NONE',  ( -1.000000000000000000, 0.000000000000000000, 0.000000000000000000 ) ) ;
#4001 = DIRECTION ( 'NONE',  ( 1.236786676975318686E-16, 1.000000000000000000, 0.000000000000000000 ) ) ;
#4002 = LINE ( 'NONE', #9222, #2950 ) ;
#4003 = EDGE_CURVE ( 'NONE', #4592, #9001, #8219, .T. ) ;
#4004 = CARTESIAN_POINT ( 'NONE',  ( 677.5503988948192955, 937.1981165441651456, 1400.724160490111217 ) ) ;
#4005 = FACE_OUTER_BOUND ( 'NONE', #4645, .T. ) ;
#4006 = ADVANCED_FACE ( 'NONE', ( #7467, #2827 ), #5119, .T. ) ;
#4007 = CARTESIAN_POINT ( 'NONE',  ( 655.0503988948174765, 874.6267645307755174, 1377.224160490111444 ) ) ;
#4008 = CARTESIAN_POINT ( 'NONE',  ( 697.6387614682056437, 923.1665883058193458, 1388.224160490111899 ) ) ;
#4009 = FACE_OUTER_BOUND ( 'NONE', #7146, .T. ) ;
#4010 = EDGE_CURVE ( 'NONE', #581, #3965, #8924, .T. ) ;
#4011 = FACE_OUTER_BOUND ( 'NONE', #4413, .T. ) ;
#4012 = VERTEX_POINT ( 'NONE', #1269 ) ;
#4013 = ORIENTED_EDGE ( 'NONE', *, *, #9718, .T. ) ;
#4014 = DIRECTION ( 'NONE',  ( -8.049116928532400695E-16, -1.000000000000000000, 0.000000000000000000 ) ) ;
#4015 = DIRECTION ( 'NONE',  ( -1.000000000000000000, 0.000000000000000000, 0.000000000000000000 ) ) ;
#4016 = LINE ( 'NONE', #6167, #105 ) ;
#4017 = LINE ( 'NONE', #1773, #9016 ) ;
#4018 = CARTESIAN_POINT ( 'NONE',  ( 686.2636023304107766, 886.7349131085616136, 1339.722160490111492 ) ) ;
#4019 = CARTESIAN_POINT ( 'NONE',  ( 669.0503988948173628, 888.9481165441617350, 1288.224160490111444 ) ) ;
#4020 = MECHANICAL_DESIGN_GEOMETRIC_PRESENTATION_REPRESENTATION (  '', ( #819 ), #5297 ) ;
#4021 = ORIENTED_EDGE ( 'NONE', *, *, #2355, .T. ) ;
#4022 = ORIENTED_EDGE ( 'NONE', *, *, #2838, .T. ) ;
#4023 = ORIENTED_EDGE ( 'NONE', *, *, #9592, .F. ) ;
#4024 = ADVANCED_FACE ( 'NONE', ( #6667, #5070 ), #2687, .F. ) ;
#4025 = LINE ( 'NONE', #7876, #1921 ) ;
#4026 = AXIS2_PLACEMENT_3D ( 'NONE', #3739, #6792, #2997 ) ;
#4027 = DIRECTION ( 'NONE',  ( 0.000000000000000000, -1.000000000000000000, 0.000000000000000000 ) ) ;
#4028 = DIRECTION ( 'NONE',  ( 0.000000000000000000, 0.000000000000000000, -1.000000000000000000 ) ) ;
#4029 = ORIENTED_EDGE ( 'NONE', *, *, #3242, .F. ) ;
#4030 = DIRECTION ( 'NONE',  ( -1.000000000000000000, 0.000000000000000000, 0.000000000000000000 ) ) ;
#4031 = CARTESIAN_POINT ( 'NONE',  ( 680.9354437106961768, 875.2903584232637968, 1378.224160490111444 ) ) ;
#4032 = DIRECTION ( 'NONE',  ( -1.000000000000000000, 0.000000000000000000, 0.000000000000000000 ) ) ;
#4033 = ORIENTED_EDGE ( 'NONE', *, *, #250, .T. ) ;
#4034 = ORIENTED_EDGE ( 'NONE', *, *, #8153, .T. ) ;
#4035 = ORIENTED_EDGE ( 'NONE', *, *, #8347, .F. ) ;
#4036 = CIRCLE ( 'NONE', #3088, 0.8000000000000229150 ) ;
#4037 = CARTESIAN_POINT ( 'NONE',  ( 676.4503988948173401, 888.9481165441617350, 1288.224160490111444 ) ) ;
#4038 = CARTESIAN_POINT ( 'NONE',  ( 666.0503988948174765, 888.9481165441617350, 1288.224160490111444 ) ) ;
#4039 = CARTESIAN_POINT ( 'NONE',  ( 635.7927661964699837, 914.9481165441651456, 1397.724160490111217 ) ) ;
#4040 = LINE ( 'NONE', #7092, #5148 ) ;
#4041 = ORIENTED_EDGE ( 'NONE', *, *, #7052, .T. ) ;
#4042 = PLANE ( 'NONE',  #8013 ) ;
#4043 = VERTEX_POINT ( 'NONE', #4972 ) ;
#4044 = VECTOR ( 'NONE', #2428, 1000.000000000000000 ) ;
#4045 = DIRECTION ( 'NONE',  ( -0.000000000000000000, 0.000000000000000000, -1.000000000000000000 ) ) ;
#4046 = CARTESIAN_POINT ( 'NONE',  ( 648.8371954592229258, 929.1613199797617426, 1390.724160490111444 ) ) ;
#4047 = CARTESIAN_POINT ( 'NONE',  ( 671.5503988948173628, 938.9481165441617350, 1283.224160490111672 ) ) ;
#4048 = EDGE_CURVE ( 'NONE', #1336, #9267, #4438, .T. ) ;
#4049 = DIRECTION ( 'NONE',  ( -1.921270678177309696E-15, -1.000000000000000000, 0.000000000000000000 ) ) ;
#4050 = FACE_OUTER_BOUND ( 'NONE', #6087, .T. ) ;
#4051 = DIRECTION ( 'NONE',  ( 0.000000000000000000, 0.000000000000000000, -1.000000000000000000 ) ) ;
#4052 = DIRECTION ( 'NONE',  ( 0.000000000000000000, 0.000000000000000000, -1.000000000000000000 ) ) ;
#4053 = CARTESIAN_POINT ( 'NONE',  ( 645.1371954592226530, 929.1613199797616289, 1380.724160490111217 ) ) ;
#4054 = ORIENTED_EDGE ( 'NONE', *, *, #1622, .T. ) ;
#4055 = ADVANCED_FACE ( 'NONE', ( #8018, #7275 ), #9682, .T. ) ;
#4056 = DIRECTION ( 'NONE',  ( -1.000000000000000000, -5.551115123125777653E-14, 0.000000000000000000 ) ) ;
#4057 = CARTESIAN_POINT ( 'NONE',  ( 638.0938507876512631, 923.9676897694452009, 1388.025991489708076 ) ) ;
#4058 = AXIS2_PLACEMENT_3D ( 'NONE', #403, #9628, #2012 ) ;
#4059 = ORIENTED_EDGE ( 'NONE', *, *, #9272, .F. ) ;
#4060 = CARTESIAN_POINT ( 'NONE',  ( 697.7361003244218409, 896.9481165441580970, 1388.215381963068921 ) ) ;
#4061 = DIRECTION ( 'NONE',  ( -0.000000000000000000, 1.000000000000000000, -0.000000000000000000 ) ) ;
#4062 = EDGE_CURVE ( 'NONE', #7816, #4886, #3476, .T. ) ;
#4063 = AXIS2_PLACEMENT_3D ( 'NONE', #4533, #3144, #6180 ) ;
#4064 = PLANE ( 'NONE',  #9713 ) ;
#4065 = CARTESIAN_POINT ( 'NONE',  ( 671.5503988948173628, 923.9481165441617350, 1288.224160490111444 ) ) ;
#4066 = DIRECTION ( 'NONE',  ( 0.3262411347517687465, -0.9452865819400371183, 0.000000000000000000 ) ) ;
#4067 = CARTESIAN_POINT ( 'NONE',  ( 680.5646453882430933, 874.9994752485960134, 1378.100658806917636 ) ) ;
#4068 = ORIENTED_EDGE ( 'NONE', *, *, #5338, .T. ) ;
#4069 = VERTEX_POINT ( 'NONE', #8269 ) ;
#4070 = B_SPLINE_CURVE_WITH_KNOTS ( 'NONE', 3,
 ( #9922, #6103, #2313, #7013, #9326, #6363, #9278, #8575, #1705, #6210, #7707, #5508, #7858, #8468, #1811, #8673 ),
 .UNSPECIFIED., .F., .F.,
 ( 4, 2, 2, 2, 2, 2, 2, 4 ),
 ( 0.000000000000000000, 0.0004153991862600385325, 0.0008307983725200770650, 0.001246197558780115597, 0.001661596745040154130, 0.002076995931300192662, 0.002492395117560231195, 0.003323193490080080144 ),
 .UNSPECIFIED. ) ;
#4071 = ADVANCED_FACE ( 'NONE', ( #1605 ), #4462, .T. ) ;
#4072 = ORIENTED_EDGE ( 'NONE', *, *, #9533, .F. ) ;
#4073 = AXIS2_PLACEMENT_3D ( 'NONE', #557, #4182, #7243 ) ;
#4074 = DIRECTION ( 'NONE',  ( 0.000000000000000000, -1.000000000000000000, 0.000000000000000000 ) ) ;
#4075 = DIRECTION ( 'NONE',  ( -1.000000000000000000, -3.358424649491096563E-15, 0.000000000000000000 ) ) ;
#4076 = CARTESIAN_POINT ( 'NONE',  ( 679.5503988948173628, 897.9481165441617350, 1292.224160490111444 ) ) ;
#4077 = ORIENTED_EDGE ( 'NONE', *, *, #518, .T. ) ;
#4078 = AXIS2_PLACEMENT_3D ( 'NONE', #131, #2296, #5335 ) ;
#4079 = CARTESIAN_POINT ( 'NONE',  ( 673.5503988948173628, 888.9481165441617350, 1377.224160490111444 ) ) ;
#4080 = DIRECTION ( 'NONE',  ( -1.236786676975318686E-16, -1.000000000000000000, 0.000000000000000000 ) ) ;
#4081 = EDGE_CURVE ( 'NONE', #9546, #1336, #647, .T. ) ;
#4082 = VERTEX_POINT ( 'NONE', #9078 ) ;
#4083 = EDGE_LOOP ( 'NONE', ( #9611, #7770, #8070, #8767 ) ) ;
#4084 = ORIENTED_EDGE ( 'NONE', *, *, #1931, .F. ) ;
#4085 = CARTESIAN_POINT ( 'NONE',  ( 634.7927661964698700, 914.9481165441651456, 1399.724160490111444 ) ) ;
#4086 = VECTOR ( 'NONE', #8436, 1000.000000000000000 ) ;
#4087 = CARTESIAN_POINT ( 'NONE',  ( 696.8003988948141796, 897.9481165441579833, 1400.724160490111217 ) ) ;
#4088 = CARTESIAN_POINT ( 'NONE',  ( 680.0434586620293658, 940.5163209358105405, 1377.359624672794780 ) ) ;
#4089 = LINE ( 'NONE', #7888, #1638 ) ;
#4090 = ADVANCED_FACE ( 'NONE', ( #9130, #6062, #5309 ), #5411, .T. ) ;
#4091 = ORIENTED_EDGE ( 'NONE', *, *, #8612, .T. ) ;
#4092 = CARTESIAN_POINT ( 'NONE',  ( 677.5503988948173628, 923.9481165441617350, 1298.224160490111444 ) ) ;
#4093 = VERTEX_POINT ( 'NONE', #2262 ) ;
#4094 = CARTESIAN_POINT ( 'NONE',  ( 667.5503988948173628, 907.9481165441617350, 1388.224160490111444 ) ) ;
#4095 = DIRECTION ( 'NONE',  ( 1.000000000000000000, 0.000000000000000000, 0.000000000000000000 ) ) ;
#4096 = DIRECTION ( 'NONE',  ( 0.000000000000000000, 0.000000000000000000, -1.000000000000000000 ) ) ;
#4097 = CARTESIAN_POINT ( 'NONE',  ( 679.5503988948173628, 920.4481165441617350, 1292.224160490111444 ) ) ;
#4098 = CARTESIAN_POINT ( 'NONE',  ( 700.3080315931697442, 907.9481165441650319, 1374.668558774804069 ) ) ;
#4099 = CARTESIAN_POINT ( 'NONE',  ( 667.5503988948167944, 907.9481165441615076, 1394.724160490111444 ) ) ;
#4100 = ORIENTED_EDGE ( 'NONE', *, *, #4428, .T. ) ;
#4101 = CARTESIAN_POINT ( 'NONE',  ( 697.7361003244270705, 918.9481165441651456, 1388.215381963068921 ) ) ;
#4102 = CARTESIAN_POINT ( 'NONE',  ( 652.5503988948173628, 907.9481165441617350, 1288.224160490111444 ) ) ;
#4103 = EDGE_CURVE ( 'NONE', #6029, #8615, #1510, .T. ) ;
#4104 = CARTESIAN_POINT ( 'NONE',  ( 634.8784419796393195, 920.3147365092203245, 1377.740687713157740 ) ) ;
#4105 = CIRCLE ( 'NONE', #2198, 1.000000000000000888 ) ;
#4106 = LINE ( 'NONE', #4859, #1562 ) ;
#4107 = VERTEX_POINT ( 'NONE', #6012 ) ;
#4108 = CARTESIAN_POINT ( 'NONE',  ( 699.3693143602451983, 895.2743297732082510, 1388.639593400944932 ) ) ;
#4109 = CARTESIAN_POINT ( 'NONE',  ( 677.5503988948173628, 920.4481165441617350, 1292.224160490111444 ) ) ;
#4110 = EDGE_CURVE ( 'NONE', #5998, #7203, #1555, .T. ) ;
#4111 = CYLINDRICAL_SURFACE ( 'NONE', #1073, 1.000000000000000888 ) ;
#4112 = FACE_BOUND ( 'NONE', #136, .T. ) ;
#4113 = VECTOR ( 'NONE', #5357, 1000.000000000000000 ) ;
#4114 = CARTESIAN_POINT ( 'NONE',  ( 656.0503988948174765, 941.2694685575479525, 1379.224160490111444 ) ) ;
#4115 = CARTESIAN_POINT ( 'NONE',  ( 695.6894273792728427, 890.2349131085616136, 1388.224160490111444 ) ) ;
#4116 = ORIENTED_EDGE ( 'NONE', *, *, #1612, .F. ) ;
#4117 = EDGE_CURVE ( 'NONE', #3604, #6223, #2701, .T. ) ;
#4118 = ORIENTED_EDGE ( 'NONE', *, *, #7107, .F. ) ;
#4119 = AXIS2_PLACEMENT_3D ( 'NONE', #6828, #1472, #4571 ) ;
#4120 = VECTOR ( 'NONE', #2869, 1000.000000000000000 ) ;
#4121 = AXIS2_PLACEMENT_3D ( 'NONE', #6652, #9017, #9624 ) ;
#4122 = DIRECTION ( 'NONE',  ( -1.000000000000000000, 0.000000000000000000, 0.000000000000000000 ) ) ;
#4123 = CARTESIAN_POINT ( 'NONE',  ( 638.3003988948141796, 897.9160002470788413, 1388.745784350350050 ) ) ;
#4124 = CARTESIAN_POINT ( 'NONE',  ( 667.5503988948173628, 938.9481165441617350, 1283.224160490111672 ) ) ;
#4125 = ORIENTED_EDGE ( 'NONE', *, *, #202, .T. ) ;
#4126 = EDGE_CURVE ( 'NONE', #9716, #6827, #601, .T. ) ;
#4127 = CIRCLE ( 'NONE', #8126, 0.9999999999998898659 ) ;
#4128 = LINE ( 'NONE', #1731, #1960 ) ;
#4129 = CARTESIAN_POINT ( 'NONE',  ( 667.5503988948173628, 939.9481165441617350, 1283.224160490111672 ) ) ;
#4130 = CIRCLE ( 'NONE', #4294, 1.199999999999978861 ) ;
#4131 = DIRECTION ( 'NONE',  ( 0.000000000000000000, 0.000000000000000000, 1.000000000000000000 ) ) ;
#4132 = EDGE_LOOP ( 'NONE', ( #5026, #8184, #7277, #3079 ) ) ;
#4133 = EDGE_LOOP ( 'NONE', ( #9305, #4801, #1494, #6832 ) ) ;
#4134 = EDGE_CURVE ( 'NONE', #4627, #8350, #3023, .T. ) ;
#4135 = AXIS2_PLACEMENT_3D ( 'NONE', #4589, #1589, #3746 ) ;
#4136 = EDGE_LOOP ( 'NONE', ( #9139, #2102, #130, #9237 ) ) ;
#4137 =( NAMED_UNIT ( * ) PLANE_ANGLE_UNIT ( ) SI_UNIT ( $, .RADIAN. ) );
#4138 = CARTESIAN_POINT ( 'NONE',  ( 679.3461868845271283, 882.9481165441617350, 1288.224160490111444 ) ) ;
#4139 = CARTESIAN_POINT ( 'NONE',  ( 680.7126589139102180, 941.7242622963689200, 1378.750280050096308 ) ) ;
#4140 = CYLINDRICAL_SURFACE ( 'NONE', #354, 0.9999999999998898659 ) ;
#4141 = EDGE_LOOP ( 'NONE', ( #5184, #24, #7210, #7935 ) ) ;
#4142 = AXIS2_PLACEMENT_3D ( 'NONE', #818, #5931, #2335 ) ;
#4143 = DIRECTION ( 'NONE',  ( 0.000000000000000000, 1.000000000000000000, -0.000000000000000000 ) ) ;
#4144 = EDGE_LOOP ( 'NONE', ( #8824, #576, #8310, #6144 ) ) ;
#4145 = CARTESIAN_POINT ( 'NONE',  ( 655.1997829834627964, 942.0302722376700331, 1379.175127747326769 ) ) ;
#4146 = CARTESIAN_POINT ( 'NONE',  ( 681.0503988948173628, 920.4481165441617350, 1377.224160490111444 ) ) ;
#4147 = AXIS2_PLACEMENT_3D ( 'NONE', #9810, #440, #2098 ) ;
#4148 = DIRECTION ( 'NONE',  ( 1.000000000000000000, 0.000000000000000000, 0.000000000000000000 ) ) ;
#4149 = DIRECTION ( 'NONE',  ( 0.000000000000000000, 1.000000000000000000, 0.000000000000000000 ) ) ;
#4150 = DIRECTION ( 'NONE',  ( 0.000000000000000000, 0.000000000000000000, -1.000000000000000000 ) ) ;
#4151 = AXIS2_PLACEMENT_3D ( 'NONE', #5841, #5005, #529 ) ;
#4152 = CARTESIAN_POINT ( 'NONE',  ( 676.5503988948140659, 876.1904838458079894, 1397.724160490111217 ) ) ;
#4153 =( BOUNDED_CURVE ( )  B_SPLINE_CURVE ( 3, ( #8170, #3426, #2631, #2685 ),
 .UNSPECIFIED., .F., .F. ) 
 B_SPLINE_CURVE_WITH_KNOTS ( ( 4, 4 ),
 ( 1.604600093437624331, 3.522855596015952440 ),
 .UNSPECIFIED. ) 
 CURVE ( )  GEOMETRIC_REPRESENTATION_ITEM ( )  RATIONAL_B_SPLINE_CURVE ( ( 1.000000000000000000, 0.7161562043994214033, 0.7161562043994214033, 1.000000000000000000 ) ) 
 REPRESENTATION_ITEM ( '' )  );
#4154 = ORIENTED_EDGE ( 'NONE', *, *, #6446, .T. ) ;
#4155 = CARTESIAN_POINT ( 'NONE',  ( 680.7030914335942953, 941.7279903241685588, 1378.758129667181493 ) ) ;
#4156 = CARTESIAN_POINT ( 'NONE',  ( 655.7546109051077110, 882.9481165441617350, 1288.224160490111444 ) ) ;
#4157 = DIRECTION ( 'NONE',  ( -0.000000000000000000, -0.000000000000000000, 1.000000000000000000 ) ) ;
#4158 = ORIENTED_EDGE ( 'NONE', *, *, #5613, .T. ) ;
#4159 = DIRECTION ( 'NONE',  ( 0.000000000000000000, 0.000000000000000000, -1.000000000000000000 ) ) ;
#4160 = CARTESIAN_POINT ( 'NONE',  ( 697.4847019600318845, 917.9481165441651456, 1389.183265665989666 ) ) ;
#4161 = FACE_OUTER_BOUND ( 'NONE', #3059, .T. ) ;
#4162 = CARTESIAN_POINT ( 'NONE',  ( 657.8503988948174310, 888.9481165441617350, 1288.224160490111444 ) ) ;
#4163 = CARTESIAN_POINT ( 'NONE',  ( 680.3699160875567031, 874.0355019288858784, 1377.980219191977767 ) ) ;
#4164 = VERTEX_POINT ( 'NONE', #6866 ) ;
#4165 = EDGE_LOOP ( 'NONE', ( #6791, #3571, #1131, #3727 ) ) ;
#4166 = ORIENTED_EDGE ( 'NONE', *, *, #4487, .F. ) ;
#4167 = EDGE_CURVE ( 'NONE', #5791, #4662, #9408, .T. ) ;
#4168 = DIRECTION ( 'NONE',  ( -1.000000000000000000, 0.000000000000000000, 0.000000000000000000 ) ) ;
#4169 = CARTESIAN_POINT ( 'NONE',  ( 645.1371954592226530, 929.1613199797616289, 1390.724160490111444 ) ) ;
#4170 = CARTESIAN_POINT ( 'NONE',  ( 633.7705251148105390, 921.1008090829385537, 1378.758129667181493 ) ) ;
#4171 = ORIENTED_EDGE ( 'NONE', *, *, #4487, .T. ) ;
#4172 = VECTOR ( 'NONE', #4238, 1000.000000000000000 ) ;
#4173 = CARTESIAN_POINT ( 'NONE',  ( 700.3080315931697442, 907.9481165441649182, 1396.124160490111308 ) ) ;
#4174 = CARTESIAN_POINT ( 'NONE',  ( 680.0982398152294763, 882.6161306852698090, 1288.224160490111444 ) ) ;
#4175 = DIRECTION ( 'NONE',  ( 0.000000000000000000, 0.000000000000000000, 1.000000000000000000 ) ) ;
#4176 = ORIENTED_EDGE ( 'NONE', *, *, #2537, .F. ) ;
#4177 = VERTEX_POINT ( 'NONE', #3768 ) ;
#4178 = EDGE_CURVE ( 'NONE', #1946, #5319, #3717, .T. ) ;
#4179 = ADVANCED_FACE ( 'NONE', ( #5261 ), #438, .T. ) ;
#4180 = VECTOR ( 'NONE', #3362, 1000.000000000000000 ) ;
#4181 = ORIENTED_EDGE ( 'NONE', *, *, #7251, .T. ) ;
#4182 = DIRECTION ( 'NONE',  ( 0.000000000000000000, -0.000000000000000000, 1.000000000000000000 ) ) ;
#4183 = CIRCLE ( 'NONE', #9787, 1.600000000000045830 ) ;
#4184 = CYLINDRICAL_SURFACE ( 'NONE', #1202, 2.000000000000001776 ) ;
#4185 = VECTOR ( 'NONE', #7793, 1000.000000000000000 ) ;
#4186 = DIRECTION ( 'NONE',  ( 0.000000000000000000, 0.000000000000000000, 1.000000000000000000 ) ) ;
#4187 = EDGE_CURVE ( 'NONE', #7345, #3454, #4590, .T. ) ;
#4188 = CARTESIAN_POINT ( 'NONE',  ( 634.7927661964636172, 907.9481165441644634, 1397.724160490111217 ) ) ;
#4189 = ORIENTED_EDGE ( 'NONE', *, *, #8538, .F. ) ;
#4190 = CARTESIAN_POINT ( 'NONE',  ( 638.3003988948192955, 917.9481165441651456, 1400.724160490111217 ) ) ;
#4191 = ORIENTED_EDGE ( 'NONE', *, *, #558, .F. ) ;
#4192 = CARTESIAN_POINT ( 'NONE',  ( 639.4113704103558575, 890.2349131085608178, 1388.716960580079558 ) ) ;
#4193 = VECTOR ( 'NONE', #9153, 1000.000000000000000 ) ;
#4194 = ORIENTED_EDGE ( 'NONE', *, *, #7258, .T. ) ;
#4195 = B_SPLINE_CURVE_WITH_KNOTS ( 'NONE', 3,
 ( #8846, #9742, #1325, #3577, #1983, #8995, #6625, #7233, #4170, #9689, #2081, #368, #3435, #5127, #8179, #5732 ),
 .UNSPECIFIED., .F., .F.,
 ( 4, 2, 2, 2, 2, 2, 2, 4 ),
 ( 0.000000000000000000, 0.0004116866187589009163, 0.0008233732375178018327, 0.001235059856276702695, 0.001646746475035603665, 0.002470119712552968239, 0.002881806331311582980, 0.003293492950070198155 ),
 .UNSPECIFIED. ) ;
#4196 = DIRECTION ( 'NONE',  ( -0.000000000000000000, -0.000000000000000000, 1.000000000000000000 ) ) ;
#4197 = CARTESIAN_POINT ( 'NONE',  ( 638.3003988948139522, 906.3481165441644407, 1397.724160490111217 ) ) ;
#4198 = CARTESIAN_POINT ( 'NONE',  ( 639.4113704103607461, 926.6613199797615152, 1339.722160490111492 ) ) ;
#4199 = AXIS2_PLACEMENT_3D ( 'NONE', #3726, #3774, #8638 ) ;
#4200 = FACE_OUTER_BOUND ( 'NONE', #5383, .T. ) ;
#4201 = ORIENTED_EDGE ( 'NONE', *, *, #6700, .F. ) ;
#4202 = LINE ( 'NONE', #5105, #9853 ) ;
#4203 = VERTEX_POINT ( 'NONE', #3861 ) ;
#4204 = CARTESIAN_POINT ( 'NONE',  ( 633.9515779529848487, 921.5567675405250156, 1378.257214937919343 ) ) ;
#4205 = DIRECTION ( 'NONE',  ( -1.193489751472043754E-14, -1.000000000000000000, 0.000000000000000000 ) ) ;
#4206 = VECTOR ( 'NONE', #2824, 1000.000000000000000 ) ;
#4207 = ORIENTED_EDGE ( 'NONE', *, *, #4608, .F. ) ;
#4208 = CYLINDRICAL_SURFACE ( 'NONE', #2497, 3.000000000000002665 ) ;
#4209 = LINE ( 'NONE', #4109, #5988 ) ;
#4210 = FILL_AREA_STYLE_COLOUR ( '', #8181 ) ;
#4211 = DIRECTION ( 'NONE',  ( -0.000000000000000000, -0.000000000000000000, 1.000000000000000000 ) ) ;
#4212 = DIRECTION ( 'NONE',  ( 0.000000000000000000, -0.000000000000000000, 1.000000000000000000 ) ) ;
#4213 = AXIS2_PLACEMENT_3D ( 'NONE', #3458, #9622, #8002 ) ;
#4214 = CARTESIAN_POINT ( 'NONE',  ( 646.3371954592226984, 929.1613199797616289, 1380.724160490111217 ) ) ;
#4215 = EDGE_LOOP ( 'NONE', ( #6161, #7409, #6668, #4434 ) ) ;
#4216 = ORIENTED_EDGE ( 'NONE', *, *, #1052, .F. ) ;
#4217 = ORIENTED_EDGE ( 'NONE', *, *, #7058, .T. ) ;
#4218 = AXIS2_PLACEMENT_3D ( 'NONE', #3424, #5714, #9538 ) ;
#4219 = VECTOR ( 'NONE', #590, 1000.000000000000000 ) ;
#4220 = LINE ( 'NONE', #316, #2233 ) ;
#4221 = DIRECTION ( 'NONE',  ( -4.042157604976727648E-15, 1.000000000000000000, 0.000000000000000000 ) ) ;
#4222 = DIRECTION ( 'NONE',  ( -1.000000000000000000, 0.000000000000000000, 0.000000000000000000 ) ) ;
#4223 = ORIENTED_EDGE ( 'NONE', *, *, #5691, .T. ) ;
#4224 = CARTESIAN_POINT ( 'NONE',  ( 697.6353565052033900, 891.4490670125403540, 1388.994242710728940 ) ) ;
#4225 = CARTESIAN_POINT ( 'NONE',  ( 680.1150212172726697, 874.6715897732632357, 1377.584828802196625 ) ) ;
#4226 = CARTESIAN_POINT ( 'NONE',  ( 697.7698976535349402, 896.9475452512426727, 1388.224160490111444 ) ) ;
#4227 = ORIENTED_EDGE ( 'NONE', *, *, #9129, .F. ) ;
#4228 = VERTEX_POINT ( 'NONE', #2163 ) ;
#4229 = ORIENTED_EDGE ( 'NONE', *, *, #8208, .T. ) ;
#4230 = FACE_OUTER_BOUND ( 'NONE', #2202, .T. ) ;
#4231 = EDGE_CURVE ( 'NONE', #3946, #8642, #2370, .T. ) ;
#4232 = VECTOR ( 'NONE', #885, 1000.000000000000000 ) ;
#4233 = CARTESIAN_POINT ( 'NONE',  ( 663.5503988948173628, 888.9481165441617350, 1292.224160490111444 ) ) ;
#4234 = AXIS2_PLACEMENT_3D ( 'NONE', #6821, #6914, #2979 ) ;
#4235 = EDGE_CURVE ( 'NONE', #4043, #5437, #3004, .T. ) ;
#4236 = DIRECTION ( 'NONE',  ( 0.000000000000000000, 0.000000000000000000, -1.000000000000000000 ) ) ;
#4237 = ORIENTED_EDGE ( 'NONE', *, *, #1755, .T. ) ;
#4238 = DIRECTION ( 'NONE',  ( -1.000000000000000000, 1.084202172485504434E-16, -0.000000000000000000 ) ) ;
#4239 = ORIENTED_EDGE ( 'NONE', *, *, #8367, .F. ) ;
#4240 = LINE ( 'NONE', #482, #954 ) ;
#4241 = AXIS2_PLACEMENT_3D ( 'NONE', #9699, #7440, #7579 ) ;
#4242 = ORIENTED_EDGE ( 'NONE', *, *, #9817, .T. ) ;
#4243 = EDGE_CURVE ( 'NONE', #803, #7376, #4269, .T. ) ;
#4244 = EDGE_CURVE ( 'NONE', #1606, #586, #9875, .T. ) ;
#4245 = CARTESIAN_POINT ( 'NONE',  ( 117.0834226500410153, 907.9481165441591202, 6.870336072533178573 ) ) ;
#4246 = AXIS2_PLACEMENT_3D ( 'NONE', #7362, #443, #8057 ) ;
#4247 = EDGE_CURVE ( 'NONE', #6892, #1636, #2469, .T. ) ;
#4248 = LINE ( 'NONE', #1395, #9100 ) ;
#4249 = LINE ( 'NONE', #5146, #3713 ) ;
#4250 = ORIENTED_EDGE ( 'NONE', *, *, #9207, .T. ) ;
#4251 = ADVANCED_FACE ( 'NONE', ( #7063 ), #1708, .T. ) ;
#4252 = CARTESIAN_POINT ( 'NONE',  ( 679.6365797744866768, 942.1242051645235733, 1379.212127583084111 ) ) ;
#4253 = ORIENTED_EDGE ( 'NONE', *, *, #6460, .F. ) ;
#4254 = FACE_OUTER_BOUND ( 'NONE', #7030, .T. ) ;
#4255 = DIRECTION ( 'NONE',  ( 0.000000000000000000, 0.000000000000000000, 1.000000000000000000 ) ) ;
#4256 = ADVANCED_FACE ( 'NONE', ( #4711 ), #7109, .F. ) ;
#4257 = EDGE_LOOP ( 'NONE', ( #261, #9359, #8837 ) ) ;
#4258 = CARTESIAN_POINT ( 'NONE',  ( 649.3044675363425995, 878.9628014887380232, 1388.224160490111444 ) ) ;
#4259 = CARTESIAN_POINT ( 'NONE',  ( 701.6476689472746102, 920.2664673990469737, 1377.913206996598774 ) ) ;
#4260 = CARTESIAN_POINT ( 'NONE',  ( 637.3669776021007465, 897.0824942593123978, 1388.224160490111444 ) ) ;
#4261 = DIRECTION ( 'NONE',  ( -1.000000000000000000, 4.968248035197575518E-15, 0.000000000000000000 ) ) ;
#4262 = CARTESIAN_POINT ( 'NONE',  ( 655.5503988948139522, 878.0138134789452806, 1394.724160490111444 ) ) ;
#4263 = AXIS2_PLACEMENT_3D ( 'NONE', #2683, #1114, #1164 ) ;
#4264 = CARTESIAN_POINT ( 'NONE',  ( 639.6627687747509299, 889.2349131085609315, 1388.651662303613193 ) ) ;
#4265 = ORIENTED_EDGE ( 'NONE', *, *, #5715, .F. ) ;
#4266 = ORIENTED_EDGE ( 'NONE', *, *, #7415, .T. ) ;
#4267 =( BOUNDED_CURVE ( )  B_SPLINE_CURVE ( 3, ( #7418, #9542, #2877, #2686 ),
 .UNSPECIFIED., .F., .T. ) 
 B_SPLINE_CURVE_WITH_KNOTS ( ( 4, 4 ),
 ( 2.760329711163580058, 4.678585213742365134 ),
 .UNSPECIFIED. ) 
 CURVE ( )  GEOMETRIC_REPRESENTATION_ITEM ( )  RATIONAL_B_SPLINE_CURVE ( ( 1.000000000000000000, 0.7161562043992966142, 0.7161562043992966142, 1.000000000000000000 ) ) 
 REPRESENTATION_ITEM ( '' )  );
#4268 = ORIENTED_EDGE ( 'NONE', *, *, #4235, .T. ) ;
#4269 = CIRCLE ( 'NONE', #6672, 1.000000000000000888 ) ;
#4270 = DIRECTION ( 'NONE',  ( 0.000000000000000000, -0.000000000000000000, 1.000000000000000000 ) ) ;
#4271 = DIRECTION ( 'NONE',  ( 0.000000000000000000, 0.000000000000000000, -1.000000000000000000 ) ) ;
#4272 = LINE ( 'NONE', #2744, #5956 ) ;
#4273 = ORIENTED_EDGE ( 'NONE', *, *, #6403, .F. ) ;
#4274 = DIRECTION ( 'NONE',  ( 0.9678837029207072451, 0.000000000000000000, 0.2513983643950379321 ) ) ;
#4275 = DIRECTION ( 'NONE',  ( -0.000000000000000000, 0.000000000000000000, -1.000000000000000000 ) ) ;
#4276 = CARTESIAN_POINT ( 'NONE',  ( 667.5283937854312626, 940.7057492425151395, 1397.724160490111217 ) ) ;
#4277 = AXIS2_PLACEMENT_3D ( 'NONE', #7920, #7119, #4825 ) ;
#4278 = VERTEX_POINT ( 'NONE', #7759 ) ;
#4279 = EDGE_LOOP ( 'NONE', ( #8142, #8655, #3682, #7874 ) ) ;
#4280 = VECTOR ( 'NONE', #4595, 1000.000000000000000 ) ;
#4281 = ORIENTED_EDGE ( 'NONE', *, *, #6569, .T. ) ;
#4282 = DIRECTION ( 'NONE',  ( 0.000000000000000000, 0.000000000000000000, 1.000000000000000000 ) ) ;
#4283 = DIRECTION ( 'NONE',  ( -1.000000000000000000, 0.000000000000000000, 0.000000000000000000 ) ) ;
#4284 = AXIS2_PLACEMENT_3D ( 'NONE', #613, #6727, #1095 ) ;
#4285 = AXIS2_PLACEMENT_3D ( 'NONE', #8631, #1006, #8578 ) ;
#4286 = CYLINDRICAL_SURFACE ( 'NONE', #3720, 2.000000000000001776 ) ;
#4287 = ORIENTED_EDGE ( 'NONE', *, *, #7853, .T. ) ;
#4288 = CARTESIAN_POINT ( 'NONE',  ( 655.0503988948174765, 940.5105565633002698, 1377.224160490111444 ) ) ;
#4289 = ORIENTED_EDGE ( 'NONE', *, *, #9412, .F. ) ;
#4290 = VECTOR ( 'NONE', #9873, 1000.000000000000000 ) ;
#4291 = AXIS2_PLACEMENT_3D ( 'NONE', #8916, #8052, #9015 ) ;
#4292 = CARTESIAN_POINT ( 'NONE',  ( 639.4113704103607461, 926.6613199797615152, 1390.724160490111444 ) ) ;
#4293 = ORIENTED_EDGE ( 'NONE', *, *, #8553, .T. ) ;
#4294 = AXIS2_PLACEMENT_3D ( 'NONE', #8829, #1262, #5065 ) ;
#4295 = B_SPLINE_CURVE_WITH_KNOTS ( 'NONE', 3,
 ( #8108, #8920, #4252, #7212, #6416, #2010, #3555, #4301, #4155, #1252, #5659, #5059, #6604, #7956, #5758, #7312 ),
 .UNSPECIFIED., .F., .F.,
 ( 4, 2, 2, 2, 2, 2, 2, 4 ),
 ( 0.000000000000000000, 0.0004116866187589009163, 0.0008233732375178018327, 0.001235059856276702695, 0.001646746475035603665, 0.002470119712552968239, 0.002881806331311582980, 0.003293492950070198155 ),
 .UNSPECIFIED. ) ;
#4296 = CARTESIAN_POINT ( 'NONE',  ( 669.1283937854312853, 940.7057492425151395, 1397.724160490111217 ) ) ;
#4297 = FACE_OUTER_BOUND ( 'NONE', #9861, .T. ) ;
#4298 = DIRECTION ( 'NONE',  ( -0.000000000000000000, -0.000000000000000000, -1.000000000000000000 ) ) ;
#4299 = EDGE_CURVE ( 'NONE', #4544, #8021, #1868, .T. ) ;
#4300 = EDGE_LOOP ( 'NONE', ( #7304, #5973, #8384, #605, #7772, #1157, #4470 ) ) ;
#4301 = CARTESIAN_POINT ( 'NONE',  ( 680.5975639099048067, 941.7689403260153540, 1378.838753434478122 ) ) ;
#4302 = ORIENTED_EDGE ( 'NONE', *, *, #3999, .T. ) ;
#4303 = CARTESIAN_POINT ( 'NONE',  ( 657.0503988948174765, 888.9481165441617350, 1292.224160490111444 ) ) ;
#4304 = DIRECTION ( 'NONE',  ( -0.000000000000000000, -0.000000000000000000, -1.000000000000000000 ) ) ;
#4305 = AXIS2_PLACEMENT_3D ( 'NONE', #6175, #1678, #2438 ) ;
#4306 = ADVANCED_FACE ( 'NONE', ( #3318 ), #1815, .F. ) ;
#4307 = EDGE_CURVE ( 'NONE', #7469, #7327, #4106, .T. ) ;
#4308 = ORIENTED_EDGE ( 'NONE', *, *, #5836, .T. ) ;
#4309 = CARTESIAN_POINT ( 'NONE',  ( 655.5503988948173628, 920.4481165441617350, 1388.224160490111444 ) ) ;
#4310 = AXIS2_PLACEMENT_3D ( 'NONE', #2951, #2139, #2293 ) ;
#4311 = EDGE_CURVE ( 'NONE', #8950, #5178, #1089, .T. ) ;
#4312 = CARTESIAN_POINT ( 'NONE',  ( 667.5503988948173628, 907.9481165441617350, 1379.224160490111444 ) ) ;
#4313 = DIRECTION ( 'NONE',  ( -0.000000000000000000, 0.000000000000000000, 1.000000000000000000 ) ) ;
#4314 = ADVANCED_FACE ( 'NONE', ( #7161, #3964, #6419 ), #302, .F. ) ;
#4315 = LINE ( 'NONE', #7417, #2942 ) ;
#4316 = DIRECTION ( 'NONE',  ( 1.000000000000000000, 0.000000000000000000, 0.000000000000000000 ) ) ;
#4317 = CARTESIAN_POINT ( 'NONE',  ( 677.5503988948192955, 937.1981165441651456, 1400.724160490111217 ) ) ;
#4318 = ORIENTED_EDGE ( 'NONE', *, *, #2095, .T. ) ;
#4319 = VERTEX_POINT ( 'NONE', #5663 ) ;
#4320 = VERTEX_POINT ( 'NONE', #7710 ) ;
#4321 = DIRECTION ( 'NONE',  ( 1.000000000000000000, 6.125368411725000433E-15, 0.000000000000000000 ) ) ;
#4322 = CARTESIAN_POINT ( 'NONE',  ( 654.7305979269707450, 874.0356119139485145, 1377.980420209042904 ) ) ;
#4323 = LINE ( 'NONE', #4932, #9169 ) ;
#4324 = ORIENTED_EDGE ( 'NONE', *, *, #8157, .F. ) ;
#4325 = CARTESIAN_POINT ( 'NONE',  ( 688.7636023304106629, 889.2349131085616136, 1339.722160490111492 ) ) ;
#4326 = CARTESIAN_POINT ( 'NONE',  ( 697.4847019600267686, 895.9481165441580970, 1394.724160490111444 ) ) ;
#4327 = DIRECTION ( 'NONE',  ( -1.000000000000000000, 0.000000000000000000, -0.000000000000000000 ) ) ;
#4328 =( BOUNDED_SURFACE ( )  B_SPLINE_SURFACE ( 3, 2, ( 
 ( #4625, #8382, #5423 ),
 ( #7673, #4572, #5223 ),
 ( #7624, #8282, #761 ),
 ( #8485, #1616, #861 ),
 ( #6781, #3922, #1428 ),
 ( #4472, #661, #9840 ),
 ( #3234, #1016, #3379 ),
 ( #7224, #4163, #2583 ),
 ( #311, #360, #3975 ),
 ( #5525, #6426, #7825 ),
 ( #7871, #7921, #6378 ),
 ( #4067, #6225, #2431 ),
 ( #4826, #5624, #7769 ),
 ( #6328, #1117, #8685 ),
 ( #213, #7120, #9446 ),
 ( #1823, #9293, #4722 ) ),
 .UNSPECIFIED., .F., .F., .F. ) 
 B_SPLINE_SURFACE_WITH_KNOTS ( ( 4, 2, 2, 2, 2, 2, 2, 4 ),
 ( 3, 3 ),
 ( 0.001285576885051893398, 0.001690618831550582584, 0.002095660778049271769, 0.002500702724547961171, 0.002905744671046650573, 0.003310786617545339976, 0.003715828564044028944, 0.004525912457041407315 ),
 ( 0.000000000000000000, 1.000000000000000000 ),
 .UNSPECIFIED. ) 
 GEOMETRIC_REPRESENTATION_ITEM ( )  RATIONAL_B_SPLINE_SURFACE ( (
 ( 1.000000000000000000, 0.8143221520846949391, 1.000000000000000000),
 ( 1.000000000000000000, 0.8143187935233781038, 1.000000000000000000),
 ( 1.000000000000000000, 0.8137492190723109031, 1.000000000000000000),
 ( 1.000000000000000000, 0.8114755961375091919, 1.000000000000000000),
 ( 1.000000000000000000, 0.8097418986096061033, 1.000000000000000000),
 ( 1.000000000000000000, 0.8051691553869511075, 1.000000000000000000),
 ( 1.000000000000000000, 0.8023374144835887511, 1.000000000000000000),
 ( 1.000000000000000000, 0.7954469617816269933, 1.000000000000000000),
 ( 1.000000000000000000, 0.7914218997467170613, 1.000000000000000000),
 ( 1.000000000000000000, 0.7823235923114975066, 1.000000000000000000),
 ( 1.000000000000000000, 0.7771698510368293400, 1.000000000000000000),
 ( 1.000000000000000000, 0.7657934858695444325, 1.000000000000000000),
 ( 1.000000000000000000, 0.7596317499456891609, 1.000000000000000000),
 ( 1.000000000000000000, 0.7395346313078494660, 1.000000000000000000),
 ( 1.000000000000000000, 0.7239448924082059200, 1.000000000000000000),
 ( 1.000000000000000000, 0.7071067811865324737, 1.000000000000000000) ) ) 
 REPRESENTATION_ITEM ( '' )  SURFACE ( )  );
#4329 = ORIENTED_EDGE ( 'NONE', *, *, #5327, .F. ) ;
#4330 = ORIENTED_EDGE ( 'NONE', *, *, #5281, .F. ) ;
#4331 = ORIENTED_EDGE ( 'NONE', *, *, #5417, .F. ) ;
#4332 = FACE_BOUND ( 'NONE', #3760, .T. ) ;
#4333 = DIRECTION ( 'NONE',  ( 0.000000000000000000, 0.000000000000000000, -1.000000000000000000 ) ) ;
#4334 = CARTESIAN_POINT ( 'NONE',  ( 649.3044675363477154, 936.9334315995849920, 1390.724160490111444 ) ) ;
#4335 = ORIENTED_EDGE ( 'NONE', *, *, #7438, .T. ) ;
#4336 = CARTESIAN_POINT ( 'NONE',  ( 646.3371954592226984, 929.1613199797616289, 1339.722160490111492 ) ) ;
#4337 = CARTESIAN_POINT ( 'NONE',  ( 636.3909847338745749, 918.3341304925248778, 1389.342371003107701 ) ) ;
#4338 = ORIENTED_EDGE ( 'NONE', *, *, #4244, .T. ) ;
#4339 = CIRCLE ( 'NONE', #9783, 1.000000000000000888 ) ;
#4340 = CARTESIAN_POINT ( 'NONE',  ( 641.3086507567380750, 926.6613199797615152, 1388.224160490111444 ) ) ;
#4341 = MECHANICAL_DESIGN_GEOMETRIC_PRESENTATION_REPRESENTATION (  '', ( #9150 ), #8500 ) ;
#4342 = EDGE_LOOP ( 'NONE', ( #8996, #3511, #3134, #7740 ) ) ;
#4343 = PLANE ( 'NONE',  #8072 ) ;
#4344 = DIRECTION ( 'NONE',  ( 0.000000000000000000, 0.000000000000000000, 1.000000000000000000 ) ) ;
#4345 = CARTESIAN_POINT ( 'NONE',  ( 654.7322170766354930, 881.6328997535111966, 1289.224160490111672 ) ) ;
#4346 = ORIENTED_EDGE ( 'NONE', *, *, #810, .T. ) ;
#4347 = TOROIDAL_SURFACE ( 'NONE', #2121, 35.25000000000000000, 1.000000000000000000 ) ;
#4348 = CYLINDRICAL_SURFACE ( 'NONE', #1055, 1.199999999999978861 ) ;
#4349 = ORIENTED_EDGE ( 'NONE', *, *, #5240, .F. ) ;
#4350 = CARTESIAN_POINT ( 'NONE',  ( 634.2290468814311453, 919.4481165441617350, 1378.224160490111444 ) ) ;
#4351 = DIRECTION ( 'NONE',  ( 0.000000000000000000, 0.000000000000000000, -1.000000000000000000 ) ) ;
#4352 = EDGE_CURVE ( 'NONE', #6343, #8721, #1767, .T. ) ;
#4353 = ORIENTED_EDGE ( 'NONE', *, *, #9822, .F. ) ;
#4354 = EDGE_CURVE ( 'NONE', #5224, #5802, #6322, .T. ) ;
#4355 = DIRECTION ( 'NONE',  ( -1.110223024625180206E-16, -1.000000000000000000, -0.000000000000000000 ) ) ;
#4356 = CIRCLE ( 'NONE', #8027, 0.8000000000000229150 ) ;
#4357 = ADVANCED_FACE ( 'NONE', ( #4011 ), #9485, .F. ) ;
#4358 = DIRECTION ( 'NONE',  ( 0.000000000000000000, -1.000000000000000000, 0.000000000000000000 ) ) ;
#4359 = EDGE_CURVE ( 'NONE', #1585, #2271, #6961, .T. ) ;
#4360 = DIRECTION ( 'NONE',  ( -1.000000000000000000, -0.000000000000000000, -0.000000000000000000 ) ) ;
#4361 = ADVANCED_FACE ( 'NONE', ( #9281 ), #2881, .F. ) ;
#4362 = DIRECTION ( 'NONE',  ( -0.000000000000000000, -0.000000000000000000, -1.000000000000000000 ) ) ;
#4363 = AXIS2_PLACEMENT_3D ( 'NONE', #4720, #8587, #4869 ) ;
#4364 = DIRECTION ( 'NONE',  ( 0.000000000000000000, 0.000000000000000000, 1.000000000000000000 ) ) ;
#4365 = VERTEX_POINT ( 'NONE', #7265 ) ;
#4366 = ORIENTED_EDGE ( 'NONE', *, *, #5047, .T. ) ;
#4367 = ADVANCED_FACE ( 'NONE', ( #6563 ), #3558, .T. ) ;
#4369 = ADVANCED_FACE ( 'NONE', ( #8876, #8111 ), #7366, .F. ) ;
#4368 = CARTESIAN_POINT ( 'NONE',  ( 700.1128389139558976, 920.4481165441617350, 1281.724160490111444 ) ) ;
#4370 = CARTESIAN_POINT ( 'NONE',  ( 654.4799286800715663, 875.0424106509890407, 1378.129489421162134 ) ) ;
#4371 = DIRECTION ( 'NONE',  ( 1.000000000000000000, 0.000000000000000000, 0.000000000000000000 ) ) ;
#4372 = EDGE_LOOP ( 'NONE', ( #8979, #5752, #5674, #9535, #9664, #6670 ) ) ;
#4373 = DIRECTION ( 'NONE',  ( 0.9678837029207191245, 6.608585648673527589E-15, -0.2513983643949918578 ) ) ;
#4374 = CARTESIAN_POINT ( 'NONE',  ( 654.7148503180834496, 941.8498161865479688, 1378.971501269114697 ) ) ;
#4375 = ADVANCED_FACE ( 'NONE', ( #4909 ), #9580, .F. ) ;
#4376 = ORIENTED_EDGE ( 'NONE', *, *, #993, .T. ) ;
#4377 = EDGE_LOOP ( 'NONE', ( #5929, #120, #6118, #5990 ) ) ;
#4378 = ORIENTED_EDGE ( 'NONE', *, *, #5859, .F. ) ;
#4379 = CIRCLE ( 'NONE', #5179, 2.499999999999946709 ) ;
#4380 = CARTESIAN_POINT ( 'NONE',  ( 698.5740485500608656, 893.2905191249199106, 1389.230940108019695 ) ) ;
#4381 = DIRECTION ( 'NONE',  ( -1.000000000000000000, 0.000000000000000000, 0.000000000000000000 ) ) ;
#4382 = EDGE_CURVE ( 'NONE', #2636, #2380, #8923, .T. ) ;
#4383 = DIRECTION ( 'NONE',  ( 1.000000000000000000, -2.220446049250311061E-13, 0.000000000000000000 ) ) ;
#4384 = VERTEX_POINT ( 'NONE', #8977 ) ;
#4385 = CARTESIAN_POINT ( 'NONE',  ( 637.0395062729884330, 896.9076543138392026, 1388.299847207800667 ) ) ;
#4386 = FACE_OUTER_BOUND ( 'NONE', #2042, .T. ) ;
#4387 = VECTOR ( 'NONE', #6840, 1000.000000000000000 ) ;
#4388 = CARTESIAN_POINT ( 'NONE',  ( 636.6879003857242196, 920.3202095674209886, 1389.424355391673316 ) ) ;
#4389 = ORIENTED_EDGE ( 'NONE', *, *, #3688, .T. ) ;
#4390 = VECTOR ( 'NONE', #1419, 1000.000000000000000 ) ;
#4391 = DIRECTION ( 'NONE',  ( 0.000000000000000000, 0.000000000000000000, 1.000000000000000000 ) ) ;
#4392 = LINE ( 'NONE', #6601, #9429 ) ;
#4393 = CARTESIAN_POINT ( 'NONE',  ( 676.5503988948140659, 875.1904838458081031, 1397.724160490111217 ) ) ;
#4394 = ORIENTED_EDGE ( 'NONE', *, *, #2196, .F. ) ;
#4395 = ORIENTED_EDGE ( 'NONE', *, *, #8479, .F. ) ;
#4396 = VECTOR ( 'NONE', #4391, 1000.000000000000000 ) ;
#4397 = PLANE ( 'NONE',  #9541 ) ;
#4398 = VERTEX_POINT ( 'NONE', #3469 ) ;
#4399 = DIRECTION ( 'NONE',  ( 1.000000000000000000, -4.996003610813204432E-15, 0.000000000000000000 ) ) ;
#4400 = CARTESIAN_POINT ( 'NONE',  ( 678.0503988948173628, 888.9481165441617350, 1288.224160490111444 ) ) ;
#4401 = CIRCLE ( 'NONE', #7603, 1.000000000000000888 ) ;
#4402 = ORIENTED_EDGE ( 'NONE', *, *, #936, .F. ) ;
#4403 = CARTESIAN_POINT ( 'NONE',  ( 680.2945849413255246, 876.1574225911800795, 1388.224160490111444 ) ) ;
#4404 = AXIS2_PLACEMENT_3D ( 'NONE', #7139, #8089, #5598 ) ;
#4405 = CARTESIAN_POINT ( 'NONE',  ( 701.6130708836583381, 920.3746029582670189, 1377.750027085622150 ) ) ;
#4406 = DIRECTION ( 'NONE',  ( 0.000000000000000000, 0.000000000000000000, 1.000000000000000000 ) ) ;
#4407 = FACE_OUTER_BOUND ( 'NONE', #3556, .T. ) ;
#4408 = AXIS2_PLACEMENT_3D ( 'NONE', #2302, #1753, #2354 ) ;
#4409 = CARTESIAN_POINT ( 'NONE',  ( 666.0503988948174765, 888.9481165441617350, 1292.224160490111444 ) ) ;
#4410 = CARTESIAN_POINT ( 'NONE',  ( 647.7503988948172946, 928.9481165441617350, 1295.724160490111444 ) ) ;
#4411 = ORIENTED_EDGE ( 'NONE', *, *, #6754, .T. ) ;
#4412 = ORIENTED_EDGE ( 'NONE', *, *, #5530, .F. ) ;
#4413 = EDGE_LOOP ( 'NONE', ( #3738, #7860, #9044, #9832 ) ) ;
#4414 = CARTESIAN_POINT ( 'NONE',  ( 631.3003988948169081, 907.9481165441651456, 1394.724160490111444 ) ) ;
#4415 = EDGE_CURVE ( 'NONE', #1749, #5721, #2013, .T. ) ;
#4416 = CARTESIAN_POINT ( 'NONE',  ( 635.6645507142698079, 920.4549379668378606, 1389.436713083565792 ) ) ;
#4417 = CARTESIAN_POINT ( 'NONE',  ( 634.9352368699065892, 920.3842534995790174, 1377.582599116276469 ) ) ;
#4418 = DIRECTION ( 'NONE',  ( 1.000000000000000000, 0.000000000000000000, 0.000000000000000000 ) ) ;
#4419 = ORIENTED_EDGE ( 'NONE', *, *, #3280, .F. ) ;
#4420 = DIRECTION ( 'NONE',  ( 0.000000000000000000, 0.000000000000000000, -1.000000000000000000 ) ) ;
#4421 = EDGE_CURVE ( 'NONE', #8807, #6193, #5347, .T. ) ;
#4422 = CARTESIAN_POINT ( 'NONE',  ( 655.2320480399323515, 942.0453865966190961, 1377.913206996598774 ) ) ;
#4423 = ORIENTED_EDGE ( 'NONE', *, *, #2417, .F. ) ;
#4424 = ORIENTED_EDGE ( 'NONE', *, *, #6128, .T. ) ;
#4425 = VECTOR ( 'NONE', #9819, 1000.000000000000000 ) ;
#4426 = ORIENTED_EDGE ( 'NONE', *, *, #8337, .F. ) ;
#4427 = VECTOR ( 'NONE', #8994, 1000.000000000000000 ) ;
#4428 = EDGE_CURVE ( 'NONE', #8871, #7327, #1734, .T. ) ;
#4429 = CARTESIAN_POINT ( 'NONE',  ( 697.9196469331482149, 893.7184781951197010, 1388.263056406894066 ) ) ;
#4430 = EDGE_CURVE ( 'NONE', #2952, #8285, #3804, .T. ) ;
#4431 = DIRECTION ( 'NONE',  ( 0.000000000000000000, -0.000000000000000000, 1.000000000000000000 ) ) ;
#4432 = FACE_OUTER_BOUND ( 'NONE', #7456, .T. ) ;
#4433 = DIRECTION ( 'NONE',  ( 0.000000000000000000, 0.000000000000000000, 1.000000000000000000 ) ) ;
#4434 = ORIENTED_EDGE ( 'NONE', *, *, #6334, .F. ) ;
#4435 = CARTESIAN_POINT ( 'NONE',  ( 636.3909847338694590, 897.5621025957983647, 1389.342371003107701 ) ) ;
#4436 = CARTESIAN_POINT ( 'NONE',  ( 635.6342536901959193, 920.3463985085154491, 1388.664847878661476 ) ) ;
#4437 = EDGE_CURVE ( 'NONE', #8599, #1070, #8781, .T. ) ;
#4438 = CIRCLE ( 'NONE', #114, 1.600000000000045830 ) ;
#4439 = CARTESIAN_POINT ( 'NONE',  ( 638.3003988948139522, 907.9481165441582107, 1399.324160490111353 ) ) ;
#4440 = VERTEX_POINT ( 'NONE', #8162 ) ;
#4441 = AXIS2_PLACEMENT_3D ( 'NONE', #2430, #4670, #7721 ) ;
#4442 = FACE_OUTER_BOUND ( 'NONE', #7671, .T. ) ;
#4443 = CIRCLE ( 'NONE', #447, 1.000000000000000888 ) ;
#4444 = DIRECTION ( 'NONE',  ( -0.000000000000000000, -0.000000000000000000, -1.000000000000000000 ) ) ;
#4445 = CIRCLE ( 'NONE', #128, 1.000000000000000888 ) ;
#4446 = DIRECTION ( 'NONE',  ( 0.000000000000000000, 1.000000000000000000, 0.000000000000000000 ) ) ;
#4447 = VECTOR ( 'NONE', #9669, 1000.000000000000000 ) ;
#4448 = ORIENTED_EDGE ( 'NONE', *, *, #7306, .F. ) ;
#4449 = ORIENTED_EDGE ( 'NONE', *, *, #2967, .T. ) ;
#4450 = CARTESIAN_POINT ( 'NONE',  ( 638.5650838393947879, 889.7021851856858348, 1394.724160490111444 ) ) ;
#4451 = LINE ( 'NONE', #4548, #2107 ) ;
#4452 = VECTOR ( 'NONE', #4705, 1000.000000000000000 ) ;
#4453 = CARTESIAN_POINT ( 'NONE',  ( 658.5503988948194092, 939.7057492425151395, 1394.724160490111444 ) ) ;
#4454 = VECTOR ( 'NONE', #1490, 1000.000000000000000 ) ;
#4455 = CARTESIAN_POINT ( 'NONE',  ( 700.1128389139558976, 920.4481165441617350, 1377.224160490111444 ) ) ;
#4456 = CYLINDRICAL_SURFACE ( 'NONE', #1993, 36.25000000000000711 ) ;
#4457 = CARTESIAN_POINT ( 'NONE',  ( 697.7698976535402835, 918.9486878370805698, 1388.224160490111444 ) ) ;
#4458 = CARTESIAN_POINT ( 'NONE',  ( 678.0503988948173628, 888.9481165441617350, 1288.224160490111444 ) ) ;
#4459 = DIRECTION ( 'NONE',  ( -1.000000000000000000, 0.000000000000000000, 0.000000000000000000 ) ) ;
#4460 = AXIS2_PLACEMENT_3D ( 'NONE', #267, #3290, #971 ) ;
#4461 = DIRECTION ( 'NONE',  ( 0.000000000000000000, -0.000000000000000000, -1.000000000000000000 ) ) ;
#4462 = CYLINDRICAL_SURFACE ( 'NONE', #6525, 0.9999999999998898659 ) ;
#4463 = ORIENTED_EDGE ( 'NONE', *, *, #389, .F. ) ;
#4464 = VERTEX_POINT ( 'NONE', #8826 ) ;
#4465 = AXIS2_PLACEMENT_3D ( 'NONE', #339, #1952, #9663 ) ;
#4466 = EDGE_LOOP ( 'NONE', ( #369, #5800, #4412, #6135 ) ) ;
#4467 = CARTESIAN_POINT ( 'NONE',  ( 654.0503988948173628, 873.9214725721212744, 1378.224160490111444 ) ) ;
#4468 = CARTESIAN_POINT ( 'NONE',  ( 676.4503988948173401, 888.9481165441617350, 1290.824160490111353 ) ) ;
#4469 = PLANE ( 'NONE',  #4199 ) ;
#4470 = ORIENTED_EDGE ( 'NONE', *, *, #9342, .F. ) ;
#4471 = CARTESIAN_POINT ( 'NONE',  ( 656.0503988948174765, 924.9481165441617350, 1377.224160490111444 ) ) ;
#4472 = CARTESIAN_POINT ( 'NONE',  ( 680.1581451488991661, 874.7018703167010472, 1377.680653345422115 ) ) ;
#4473 = EDGE_LOOP ( 'NONE', ( #3536, #2082, #8504, #859 ) ) ;
#4474 = EDGE_CURVE ( 'NONE', #8887, #5625, #1965, .T. ) ;
#4475 = ORIENTED_EDGE ( 'NONE', *, *, #332, .F. ) ;
#4476 = ORIENTED_EDGE ( 'NONE', *, *, #8968, .T. ) ;
#4477 = EDGE_CURVE ( 'NONE', #1636, #7746, #492, .T. ) ;
#4478 = LINE ( 'NONE', #7532, #7121 ) ;
#4479 = EDGE_CURVE ( 'NONE', #7407, #5791, #1920, .T. ) ;
#4480 = CARTESIAN_POINT ( 'NONE',  ( 631.3003988948164533, 907.9481165441580970, 1388.224160490111444 ) ) ;
#4481 = DIRECTION ( 'NONE',  ( 0.000000000000000000, 1.000000000000000000, 0.000000000000000000 ) ) ;
#4482 = CARTESIAN_POINT ( 'NONE',  ( 668.3435494657013578, 936.0194188511793527, 1286.278419756684343 ) ) ;
#4483 = EDGE_LOOP ( 'NONE', ( #5478, #7455, #3913, #3001, #2958, #4022 ) ) ;
#4484 = ADVANCED_FACE ( 'NONE', ( #7214 ), #3420, .F. ) ;
#4485 = DIRECTION ( 'NONE',  ( 0.000000000000000000, -0.000000000000000000, -1.000000000000000000 ) ) ;
#4486 = FACE_OUTER_BOUND ( 'NONE', #3297, .T. ) ;
#4487 = EDGE_CURVE ( 'NONE', #1846, #4646, #5084, .T. ) ;
#4488 = CARTESIAN_POINT ( 'NONE',  ( 688.7636023304106629, 886.7349131085616136, 1390.724160490111444 ) ) ;
#4489 = VERTEX_POINT ( 'NONE', #1159 ) ;
#4490 = FACE_OUTER_BOUND ( 'NONE', #17, .T. ) ;
#4491 = EDGE_CURVE ( 'NONE', #8010, #2130, #8780, .T. ) ;
#4492 = DIRECTION ( 'NONE',  ( -1.000000000000000000, 8.326672684688689830E-16, 0.000000000000000000 ) ) ;
#4493 = DIRECTION ( 'NONE',  ( -1.000000000000000000, 0.000000000000000000, 0.000000000000000000 ) ) ;
#4494 = ORIENTED_EDGE ( 'NONE', *, *, #2735, .F. ) ;
#4495 = ORIENTED_EDGE ( 'NONE', *, *, #694, .T. ) ;
#4496 = AXIS2_PLACEMENT_3D ( 'NONE', #4190, #946, #3359 ) ;
#4497 = FACE_OUTER_BOUND ( 'NONE', #917, .T. ) ;
#4498 = CARTESIAN_POINT ( 'NONE',  ( 701.1574132129126156, 921.5362779472162629, 1378.264327335779626 ) ) ;
#4499 = DIRECTION ( 'NONE',  ( 0.000000000000000000, 0.000000000000000000, 1.000000000000000000 ) ) ;
#4500 = VERTEX_POINT ( 'NONE', #5153 ) ;
#4501 = DIRECTION ( 'NONE',  ( 1.000000000000000000, 0.000000000000000000, 0.000000000000000000 ) ) ;
#4502 = DIRECTION ( 'NONE',  ( 1.000000000000000000, 0.000000000000000000, 0.000000000000000000 ) ) ;
#4503 = AXIS2_PLACEMENT_3D ( 'NONE', #5434, #3936, #8494 ) ;
#4504 = AXIS2_PLACEMENT_3D ( 'NONE', #8044, #5183, #8146 ) ;
#4505 = DIRECTION ( 'NONE',  ( -0.000000000000000000, -1.000000000000000000, -0.000000000000000000 ) ) ;
#4506 = CARTESIAN_POINT ( 'NONE',  ( 683.5503988948173628, 910.4481165441617350, 1289.224160490111444 ) ) ;
#4507 = LINE ( 'NONE', #6766, #8710 ) ;
#4508 = DIRECTION ( 'NONE',  ( 0.000000000000000000, -0.000000000000000000, 1.000000000000000000 ) ) ;
#4509 = ORIENTED_EDGE ( 'NONE', *, *, #8395, .F. ) ;
#4510 = ORIENTED_EDGE ( 'NONE', *, *, #810, .F. ) ;
#4511 = AXIS2_PLACEMENT_3D ( 'NONE', #4634, #1440, #1579 ) ;
#4512 = ORIENTED_EDGE ( 'NONE', *, *, #1997, .T. ) ;
#4513 = CARTESIAN_POINT ( 'NONE',  ( 638.4472233276359248, 917.9481165441579833, 1388.224160490111444 ) ) ;
#4514 = EDGE_CURVE ( 'NONE', #7176, #6183, #5200, .T. ) ;
#4515 = CARTESIAN_POINT ( 'NONE',  ( 654.7609140071496086, 874.8320786270273857, 1377.930888382128614 ) ) ;
#4516 = AXIS2_PLACEMENT_3D ( 'NONE', #7516, #2115, #2259 ) ;
#4517 = CARTESIAN_POINT ( 'NONE',  ( 689.9636023304107084, 886.7349131085616136, 1388.224160490111444 ) ) ;
#4518 = ORIENTED_EDGE ( 'NONE', *, *, #5123, .F. ) ;
#4519 = DIRECTION ( 'NONE',  ( -1.000000000000000000, 0.000000000000000000, 0.000000000000000000 ) ) ;
#4520 = LINE ( 'NONE', #3874, #2369 ) ;
#4521 = ORIENTED_EDGE ( 'NONE', *, *, #3928, .F. ) ;
#4522 = VERTEX_POINT ( 'NONE', #1402 ) ;
#4523 = ORIENTED_EDGE ( 'NONE', *, *, #9526, .T. ) ;
#4524 = ADVANCED_FACE ( 'NONE', ( #6902 ), #3801, .F. ) ;
#4525 = ADVANCED_FACE ( 'NONE', ( #1542 ), #2212, .T. ) ;
#4526 = CARTESIAN_POINT ( 'NONE',  ( 677.5503988948192955, 940.7057492425150258, 1374.668558774804069 ) ) ;
#4527 = FACE_OUTER_BOUND ( 'NONE', #3129, .T. ) ;
#4528 =( BOUNDED_SURFACE ( )  B_SPLINE_SURFACE ( 3, 2, ( 
 ( #2038, #5930, #8144 ),
 ( #5881, #572, #3589 ),
 ( #4429, #8954, #4380 ),
 ( #9003, #7487, #2133 ) ),
 .UNSPECIFIED., .F., .F., .F. ) 
 B_SPLINE_SURFACE_WITH_KNOTS ( ( 4, 4 ),
 ( 3, 3 ),
 ( 2.579771943128740030, 2.760329711163542754 ),
 ( 0.000000000000000000, 1.000000000000000000 ),
 .UNSPECIFIED. ) 
 GEOMETRIC_REPRESENTATION_ITEM ( )  RATIONAL_B_SPLINE_SURFACE ( (
 ( 1.000000000000000000, 0.7787024655634454673, 1.000000000000000000),
 ( 1.000000000000000000, 0.7812904459744616226, 1.000000000000000000),
 ( 1.000000000000000000, 0.7834933915257895620, 1.000000000000000000),
 ( 1.000000000000000000, 0.7852855583897710989, 1.000000000000000000) ) ) 
 REPRESENTATION_ITEM ( '' )  SURFACE ( )  );
#4529 = DIRECTION ( 'NONE',  ( 0.000000000000000000, 0.000000000000000000, -1.000000000000000000 ) ) ;
#4530 = CARTESIAN_POINT ( 'NONE',  ( 696.7672767543458576, 890.4161193660978597, 1388.224160490110989 ) ) ;
#4531 = ORIENTED_EDGE ( 'NONE', *, *, #6030, .T. ) ;
#4532 = CYLINDRICAL_SURFACE ( 'NONE', #7542, 0.9999999999998898659 ) ;
#4533 = CARTESIAN_POINT ( 'NONE',  ( 651.5503988948173628, 888.9481165441617350, 1378.224160490111444 ) ) ;
#4534 = EDGE_CURVE ( 'NONE', #1944, #1160, #6841, .T. ) ;
#4535 = VECTOR ( 'NONE', #6359, 1000.000000000000000 ) ;
#4536 = FACE_OUTER_BOUND ( 'NONE', #930, .T. ) ;
#4537 = ORIENTED_EDGE ( 'NONE', *, *, #6988, .F. ) ;
#4538 = EDGE_CURVE ( 'NONE', #4228, #1593, #3651, .T. ) ;
#4539 = CARTESIAN_POINT ( 'NONE',  ( 680.0176523704286637, 882.6891523740937373, 1288.224160490111444 ) ) ;
#4540 = EDGE_CURVE ( 'NONE', #2947, #286, #6806, .T. ) ;
#4541 = DIRECTION ( 'NONE',  ( 1.000000000000000000, 0.000000000000000000, 0.000000000000000000 ) ) ;
#4542 = AXIS2_PLACEMENT_3D ( 'NONE', #3314, #9432, #3858 ) ;
#4543 = CARTESIAN_POINT ( 'NONE',  ( 667.5503988948173628, 907.9481165441617350, 1388.224160490111444 ) ) ;
#4544 = VERTEX_POINT ( 'NONE', #9816 ) ;
#4545 = VERTEX_POINT ( 'NONE', #2304 ) ;
#4546 = CARTESIAN_POINT ( 'NONE',  ( 687.3503988948174310, 928.9481165441617350, 1295.724160490111444 ) ) ;
#4547 = ADVANCED_FACE ( 'NONE', ( #5951 ), #2916, .F. ) ;
#4548 = CARTESIAN_POINT ( 'NONE',  ( 655.0503988948174765, 924.9481165441617350, 1292.724160490111444 ) ) ;
#4549 = CARTESIAN_POINT ( 'NONE',  ( 655.5503988948173628, 920.4481165441617350, 1292.224160490111444 ) ) ;
#4550 = CIRCLE ( 'NONE', #6794, 2.000000000000001776 ) ;
#4551 = EDGE_CURVE ( 'NONE', #7893, #6576, #4443, .T. ) ;
#4552 = CARTESIAN_POINT ( 'NONE',  ( 635.7927661964699837, 917.9481165441650319, 1399.724160490111444 ) ) ;
#4553 = DIRECTION ( 'NONE',  ( 1.000000000000000000, -1.921270678177309696E-15, 0.000000000000000000 ) ) ;
#4554 = DIRECTION ( 'NONE',  ( -0.000000000000000000, -0.000000000000000000, -1.000000000000000000 ) ) ;
#4555 = CIRCLE ( 'NONE', #241, 1.600000000000045830 ) ;
#4556 = ADVANCED_FACE ( 'NONE', ( #6147 ), #2962, .F. ) ;
#4557 = B_SPLINE_CURVE_WITH_KNOTS ( 'NONE', 3,
 ( #6489, #4031, #927, #3986, #7038, #9403, #1178, #4225, #8082, #9607, #1225, #3486 ),
 .UNSPECIFIED., .F., .F.,
 ( 4, 2, 2, 2, 2, 4 ),
 ( 0.000000000000000000, 0.0004452261789369777660, 0.0008904523578739555320, 0.001335678536810933244, 0.001558291626279760100, 0.001780904715748587172 ),
 .UNSPECIFIED. ) ;
#4558 = DIRECTION ( 'NONE',  ( -0.000000000000000000, 0.000000000000000000, -1.000000000000000000 ) ) ;
#4559 = CARTESIAN_POINT ( 'NONE',  ( 633.6894160207859841, 907.9481165441582107, 1388.224160490111444 ) ) ;
#4560 = DIRECTION ( 'NONE',  ( 3.091019250637537289E-15, 1.000000000000000000, 0.000000000000000000 ) ) ;
#4561 = EDGE_CURVE ( 'NONE', #6576, #9254, #7460, .T. ) ;
#4562 = CARTESIAN_POINT ( 'NONE',  ( 700.3080315931638324, 900.9481165441580970, 1399.724160490111444 ) ) ;
#4563 = ORIENTED_EDGE ( 'NONE', *, *, #9277, .T. ) ;
#4564 = ORIENTED_EDGE ( 'NONE', *, *, #4561, .F. ) ;
#4565 = VERTEX_POINT ( 'NONE', #6053 ) ;
#4566 = DIRECTION ( 'NONE',  ( -1.000000000000000000, -0.000000000000000000, -0.000000000000000000 ) ) ;
#4567 = VECTOR ( 'NONE', #5706, 1000.000000000000000 ) ;
#4568 = DIRECTION ( 'NONE',  ( 1.000000000000000000, -1.110223024625155531E-12, 0.000000000000000000 ) ) ;
#4569 = CARTESIAN_POINT ( 'NONE',  ( 634.7927661964636172, 900.9481165441580970, 1397.724160490111217 ) ) ;
#4570 = ORIENTED_EDGE ( 'NONE', *, *, #9696, .F. ) ;
#4571 = DIRECTION ( 'NONE',  ( 0.000000000000000000, 0.000000000000000000, 1.000000000000000000 ) ) ;
#4572 = CARTESIAN_POINT ( 'NONE',  ( 680.0503988994929614, 873.9140083397549006, 1377.309484303516001 ) ) ;
#4573 = EDGE_LOOP ( 'NONE', ( #8173, #1722, #9409, #5007 ) ) ;
#4574 = VERTEX_POINT ( 'NONE', #9121 ) ;
#4575 = EDGE_LOOP ( 'NONE', ( #7972, #9715, #8324, #9703 ) ) ;
#4576 = LINE ( 'NONE', #3880, #2821 ) ;
#4577 = CYLINDRICAL_SURFACE ( 'NONE', #2387, 0.9999999999998898659 ) ;
#4578 = DIRECTION ( 'NONE',  ( 4.968248035197575518E-15, 1.000000000000000000, 0.000000000000000000 ) ) ;
#4579 = ORIENTED_EDGE ( 'NONE', *, *, #9325, .T. ) ;
#4580 = DIRECTION ( 'NONE',  ( 0.000000000000000000, 0.000000000000000000, 1.000000000000000000 ) ) ;
#4581 = DIRECTION ( 'NONE',  ( -0.000000000000000000, 0.000000000000000000, 1.000000000000000000 ) ) ;
#4582 = CLOSED_SHELL ( 'NONE', ( #4597, #8933, #2622, #7474, #3019, #7490, #9337, #2595, #8962, #5893, #6018, #4925, #3937, #9888, #7933, #3529, #4024, #9461, #4256, #3461, #2170, #710, #9775, #2305, #744, #8169, #7973, #6761, #7618, #6923, #8025, #4361, #2245, #9157, #8842, #2444, #7122, #8029, #8605, #5455, #1978, #2904, #3570, #2423, #5169, #7592, #3659, #7674, #9729, #3573, #6078, #7179, #5444, #9894, #3887, #3085, #1439, #6767, #326, #493, #7069, #4525, #1794, #7126, #8281, #82, #2907, #4179, #6993, #8689, #1727, #6938, #3953, #4357, #4927, #6312 ) ) ;
#4583 = EDGE_LOOP ( 'NONE', ( #7884, #8328, #6314, #3187 ) ) ;
#4584 = AXIS2_PLACEMENT_3D ( 'NONE', #7916, #2477, #5419 ) ;
#4585 = CARTESIAN_POINT ( 'NONE',  ( 688.7636023304106629, 886.7349131085616136, 1388.224160490111444 ) ) ;
#4586 = VERTEX_POINT ( 'NONE', #9024 ) ;
#4587 =( BOUNDED_CURVE ( )  B_SPLINE_CURVE ( 3, ( #9608, #3439, #2748, #9503 ),
 .UNSPECIFIED., .F., .T. ) 
 B_SPLINE_CURVE_WITH_KNOTS ( ( 4, 4 ),
 ( 1.570796326794895004, 2.104995758574105036 ),
 .UNSPECIFIED. ) 
 CURVE ( )  GEOMETRIC_REPRESENTATION_ITEM ( )  RATIONAL_B_SPLINE_CURVE ( ( 1.000000000000000000, 0.9763602925206918970, 0.9763602925206918970, 1.000000000000000000 ) ) 
 REPRESENTATION_ITEM ( '' )  );
#4588 = LINE ( 'NONE', #3150, #1521 ) ;
#4589 = CARTESIAN_POINT ( 'NONE',  ( 646.3371954592226984, 929.1613199797616289, 1390.724160490111444 ) ) ;
#4590 = CIRCLE ( 'NONE', #1083, 36.25000000000000711 ) ;
#4591 = LINE ( 'NONE', #7549, #5630 ) ;
#4592 = VERTEX_POINT ( 'NONE', #2255 ) ;
#4593 = ORIENTED_EDGE ( 'NONE', *, *, #3520, .F. ) ;
#4594 = FACE_OUTER_BOUND ( 'NONE', #475, .T. ) ;
#4595 = DIRECTION ( 'NONE',  ( 0.000000000000000000, -0.000000000000000000, 1.000000000000000000 ) ) ;
#4596 = AXIS2_PLACEMENT_3D ( 'NONE', #3776, #9091, #2227 ) ;
#4597 = ADVANCED_FACE ( 'NONE', ( #2150 ), #8314, .F. ) ;
#4598 = AXIS2_PLACEMENT_3D ( 'NONE', #9721, #4964, #6658 ) ;
#4599 = DIRECTION ( 'NONE',  ( 0.000000000000000000, 0.000000000000000000, -1.000000000000000000 ) ) ;
#4600 = CARTESIAN_POINT ( 'NONE',  ( 667.5283937854312626, 875.1904838458081031, 1397.724160490111217 ) ) ;
#4601 = AXIS2_PLACEMENT_3D ( 'NONE', #2721, #1103, #8004 ) ;
#4602 = CARTESIAN_POINT ( 'NONE',  ( 654.7681071864299156, 881.7671214762970067, 1288.733171455015736 ) ) ;
#4603 = EDGE_CURVE ( 'NONE', #8397, #1283, #5300, .T. ) ;
#4604 = CIRCLE ( 'NONE', #9259, 35.25000000000000000 ) ;
#4605 = CARTESIAN_POINT ( 'NONE',  ( 637.3309001360984212, 922.5217362094072087, 1388.224160490111217 ) ) ;
#4606 = AXIS2_PLACEMENT_3D ( 'NONE', #3047, #6122, #62 ) ;
#4607 = CARTESIAN_POINT ( 'NONE',  ( 673.5503988948173628, 888.9481165441617350, 1289.224160490111444 ) ) ;
#4608 = EDGE_CURVE ( 'NONE', #8036, #6092, #791, .T. ) ;
#4609 = DIRECTION ( 'NONE',  ( -0.000000000000000000, -0.000000000000000000, -1.000000000000000000 ) ) ;
#4610 = VECTOR ( 'NONE', #5380, 1000.000000000000000 ) ;
#4611 = AXIS2_PLACEMENT_3D ( 'NONE', #7453, #7259, #2143 ) ;
#4612 = ADVANCED_FACE ( 'NONE', ( #735 ), #3854, .F. ) ;
#4613 = DIRECTION ( 'NONE',  ( -8.049116928532400695E-16, -1.000000000000000000, 0.000000000000000000 ) ) ;
#4614 = VERTEX_POINT ( 'NONE', #6709 ) ;
#4615 = ORIENTED_EDGE ( 'NONE', *, *, #7727, .T. ) ;
#4616 = EDGE_CURVE ( 'NONE', #4660, #1836, #3334, .T. ) ;
#4617 = ORIENTED_EDGE ( 'NONE', *, *, #1244, .F. ) ;
#4618 = CARTESIAN_POINT ( 'NONE',  ( 637.0102031286718329, 894.2113307287130510, 1388.307458414117036 ) ) ;
#4619 = EDGE_CURVE ( 'NONE', #5342, #2373, #7803, .T. ) ;
#4620 = AXIS2_PLACEMENT_3D ( 'NONE', #1220, #4270, #4979 ) ;
#4621 = FACE_OUTER_BOUND ( 'NONE', #7401, .T. ) ;
#4622 = DIRECTION ( 'NONE',  ( 0.000000000000000000, 0.000000000000000000, 1.000000000000000000 ) ) ;
#4623 = ORIENTED_EDGE ( 'NONE', *, *, #5952, .T. ) ;
#4624 = CARTESIAN_POINT ( 'NONE',  ( 660.5503988948191818, 939.7057492425151395, 1399.724160490111444 ) ) ;
#4625 = CARTESIAN_POINT ( 'NONE',  ( 680.0503988948173628, 874.6267645307755174, 1377.224160490111444 ) ) ;
#4626 = ORIENTED_EDGE ( 'NONE', *, *, #8037, .F. ) ;
#4627 = VERTEX_POINT ( 'NONE', #9271 ) ;
#4628 = AXIS2_PLACEMENT_3D ( 'NONE', #2982, #5969, #5218 ) ;
#4629 = VERTEX_POINT ( 'NONE', #897 ) ;
#4630 = PLANE ( 'NONE',  #5204 ) ;
#4631 = AXIS2_PLACEMENT_3D ( 'NONE', #9906, #7639, #5939 ) ;
#4632 = SPHERICAL_SURFACE ( 'NONE', #3358, 1.000000000000000000 ) ;
#4633 = FACE_BOUND ( 'NONE', #6770, .T. ) ;
#4634 = CARTESIAN_POINT ( 'NONE',  ( 654.0503988948173628, 880.9013780744462565, 1378.224160490111444 ) ) ;
#4635 = ORIENTED_EDGE ( 'NONE', *, *, #6644, .F. ) ;
#4636 = CARTESIAN_POINT ( 'NONE',  ( 635.6621460382593796, 896.4847061293633033, 1389.437025379143961 ) ) ;
#4637 = CARTESIAN_POINT ( 'NONE',  ( 697.7698976535351676, 896.9950232235206613, 1388.224160490111444 ) ) ;
#4638 = DIRECTION ( 'NONE',  ( 0.000000000000000000, 0.000000000000000000, 1.000000000000000000 ) ) ;
#4639 = ORIENTED_EDGE ( 'NONE', *, *, #4415, .T. ) ;
#4640 = ORIENTED_EDGE ( 'NONE', *, *, #69, .F. ) ;
#4641 = ORIENTED_EDGE ( 'NONE', *, *, #2114, .T. ) ;
#4642 = DIRECTION ( 'NONE',  ( -0.000000000000000000, -0.000000000000000000, -1.000000000000000000 ) ) ;
#4643 = CARTESIAN_POINT ( 'NONE',  ( 657.0503988948174765, 888.9481165441617350, 1288.224160490111444 ) ) ;
#4644 = DIRECTION ( 'NONE',  ( -0.000000000000000000, -0.000000000000000000, -1.000000000000000000 ) ) ;
#4645 = EDGE_LOOP ( 'NONE', ( #1466, #8405, #1365, #2584, #3225, #923, #1989, #3157, #2598, #8687, #3340, #6480, #6936, #6587, #3348, #6913, #8907, #7343, #7678 ) ) ;
#4646 = VERTEX_POINT ( 'NONE', #4752 ) ;
#4647 = DIRECTION ( 'NONE',  ( -0.000000000000000000, -1.000000000000000000, 0.000000000000000000 ) ) ;
#4648 = DIRECTION ( 'NONE',  ( 1.000000000000000000, 0.000000000000000000, 0.000000000000000000 ) ) ;
#4649 = DIRECTION ( 'NONE',  ( 0.000000000000000000, 1.000000000000000000, -0.000000000000000000 ) ) ;
#4650 = CYLINDRICAL_SURFACE ( 'NONE', #8425, 2.499999999999946709 ) ;
#4651 = DIRECTION ( 'NONE',  ( 0.000000000000000000, -0.000000000000000000, -1.000000000000000000 ) ) ;
#4652 = FACE_OUTER_BOUND ( 'NONE', #4764, .T. ) ;
#4653 = LINE ( 'NONE', #3169, #6368 ) ;
#4654 = CIRCLE ( 'NONE', #1791, 1.600000000000045830 ) ;
#4655 = CYLINDRICAL_SURFACE ( 'NONE', #4866, 1.000000000000000888 ) ;
#4656 = PLANE ( 'NONE',  #4246 ) ;
#4657 = FACE_OUTER_BOUND ( 'NONE', #893, .T. ) ;
#4658 = CARTESIAN_POINT ( 'NONE',  ( 681.0503988948173628, 880.9013780744462565, 1281.724160490111444 ) ) ;
#4659 = ORIENTED_EDGE ( 'NONE', *, *, #1122, .F. ) ;
#4660 = VERTEX_POINT ( 'NONE', #88 ) ;
#4661 = VECTOR ( 'NONE', #3402, 1000.000000000000000 ) ;
#4662 = VERTEX_POINT ( 'NONE', #8567 ) ;
#4663 = CARTESIAN_POINT ( 'NONE',  ( 667.5503988948173628, 938.9481165441617350, 1287.224160490111672 ) ) ;
#4664 = EDGE_CURVE ( 'NONE', #6117, #6892, #3161, .T. ) ;
#4665 = EDGE_CURVE ( 'NONE', #9294, #9866, #3969, .T. ) ;
#4666 = EDGE_CURVE ( 'NONE', #3502, #2816, #3212, .T. ) ;
#4667 = DIRECTION ( 'NONE',  ( -1.000000000000000000, 0.000000000000000000, 0.000000000000000000 ) ) ;
#4668 = CARTESIAN_POINT ( 'NONE',  ( 655.0503988948174765, 919.4481165441617350, 1377.224160490111444 ) ) ;
#4669 = EDGE_LOOP ( 'NONE', ( #7519, #2635, #1082, #6233 ) ) ;
#4670 = DIRECTION ( 'NONE',  ( 1.387778780781469341E-16, 1.000000000000000000, -0.000000000000000000 ) ) ;
#4671 = AXIS2_PLACEMENT_3D ( 'NONE', #3541, #7394, #4236 ) ;
#4672 = CARTESIAN_POINT ( 'NONE',  ( 655.0777642365681004, 941.9979899065492646, 1377.641138500299803 ) ) ;
#4673 = VERTEX_POINT ( 'NONE', #7701 ) ;
#4674 = ORIENTED_EDGE ( 'NONE', *, *, #8777, .T. ) ;
#4675 = EDGE_CURVE ( 'NONE', #3454, #1223, #9579, .T. ) ;
#4676 = B_SPLINE_CURVE_WITH_KNOTS ( 'NONE', 3,
 ( #6928, #4530, #9849, #9901, #6177, #2946, #8391, #6124, #1527, #2995 ),
 .UNSPECIFIED., .F., .F.,
 ( 4, 2, 2, 2, 4 ),
 ( 0.000000000000000000, 0.001980956825173755143, 0.002971435237760477674, 0.003466674444053838289, 0.003961913650347198904 ),
 .UNSPECIFIED. ) ;
#4677 = ORIENTED_EDGE ( 'NONE', *, *, #9436, .T. ) ;
#4678 = EDGE_CURVE ( 'NONE', #8643, #415, #874, .T. ) ;
#4679 = LINE ( 'NONE', #6976, #718 ) ;
#4680 = AXIS2_PLACEMENT_3D ( 'NONE', #8802, #1175, #4222 ) ;
#4681 = FACE_OUTER_BOUND ( 'NONE', #8953, .T. ) ;
#4682 = DIRECTION ( 'NONE',  ( 0.000000000000000000, 1.000000000000000000, 0.000000000000000000 ) ) ;
#4683 = CARTESIAN_POINT ( 'NONE',  ( 668.1764911721604676, 936.2044035444802148, 1284.398601270293511 ) ) ;
#4684 = ORIENTED_EDGE ( 'NONE', *, *, #9037, .T. ) ;
#4685 = EDGE_CURVE ( 'NONE', #7521, #6529, #7167, .T. ) ;
#4686 = CARTESIAN_POINT ( 'NONE',  ( 636.4365020213239177, 895.5760235209022539, 1388.456471688752572 ) ) ;
#4687 = LINE ( 'NONE', #2998, #4387 ) ;
#4688 = FACE_OUTER_BOUND ( 'NONE', #5082, .T. ) ;
#4689 = ORIENTED_EDGE ( 'NONE', *, *, #5226, .F. ) ;
#4690 = ORIENTED_EDGE ( 'NONE', *, *, #7601, .T. ) ;
#4691 = ORIENTED_EDGE ( 'NONE', *, *, #9122, .T. ) ;
#4692 = ADVANCED_FACE ( 'NONE', ( #841 ), #4577, .F. ) ;
#4693 = LINE ( 'NONE', #9260, #5517 ) ;
#4694 = FACE_OUTER_BOUND ( 'NONE', #5120, .T. ) ;
#4695 = DIRECTION ( 'NONE',  ( -1.000000000000000000, 0.000000000000000000, 0.000000000000000000 ) ) ;
#4696 = EDGE_LOOP ( 'NONE', ( #6599, #6028, #9400, #7424 ) ) ;
#4697 = DIRECTION ( 'NONE',  ( -0.000000000000000000, -0.000000000000000000, -1.000000000000000000 ) ) ;
#4698 = ORIENTED_EDGE ( 'NONE', *, *, #2613, .T. ) ;
#4699 = CARTESIAN_POINT ( 'NONE',  ( 639.4113704103558575, 890.2349131085608178, 1388.716960580079558 ) ) ;
#4700 = DIRECTION ( 'NONE',  ( -1.000000000000000000, -3.358424649491096563E-15, 0.000000000000000000 ) ) ;
#4701 = DIRECTION ( 'NONE',  ( 0.000000000000000000, 0.000000000000000000, 1.000000000000000000 ) ) ;
#4702 = CARTESIAN_POINT ( 'NONE',  ( 682.5503988948173628, 910.4481165441617350, 1281.724160490111444 ) ) ;
#4703 = AXIS2_PLACEMENT_3D ( 'NONE', #6562, #3557, #9532 ) ;
#4704 = DIRECTION ( 'NONE',  ( -1.000000000000000000, 0.000000000000000000, 0.000000000000000000 ) ) ;
#4705 = DIRECTION ( 'NONE',  ( 0.000000000000000000, 0.000000000000000000, 1.000000000000000000 ) ) ;
#4706 = LINE ( 'NONE', #9086, #3807 ) ;
#4707 = DIRECTION ( 'NONE',  ( -1.000000000000000000, -1.110223024625155531E-13, 0.000000000000000000 ) ) ;
#4708 = CARTESIAN_POINT ( 'NONE',  ( 697.3966573775642246, 923.9575569607893613, 1388.224160490111444 ) ) ;
#4709 = AXIS2_PLACEMENT_3D ( 'NONE', #3472, #4865, #4015 ) ;
#4710 = CARTESIAN_POINT ( 'NONE',  ( 633.4908351966381588, 920.4481165441617350, 1377.224160490112126 ) ) ;
#4711 = FACE_OUTER_BOUND ( 'NONE', #525, .T. ) ;
#4712 = EDGE_CURVE ( 'NONE', #4365, #5725, #9738, .T. ) ;
#4713 = EDGE_LOOP ( 'NONE', ( #3035, #809, #553, #3330 ) ) ;
#4714 = ORIENTED_EDGE ( 'NONE', *, *, #188, .F. ) ;
#4715 = EDGE_LOOP ( 'NONE', ( #6049, #4289, #9799, #5166 ) ) ;
#4716 = CARTESIAN_POINT ( 'NONE',  ( 699.4386517513689796, 896.4847061293633033, 1389.437025379143961 ) ) ;
#4717 = AXIS2_PLACEMENT_3D ( 'NONE', #2248, #3056, #7590 ) ;
#4718 = VECTOR ( 'NONE', #9584, 1000.000000000000000 ) ;
#4719 = DIRECTION ( 'NONE',  ( 1.921270678177309696E-15, 1.000000000000000000, -0.000000000000000000 ) ) ;
#4720 = CARTESIAN_POINT ( 'NONE',  ( 695.6894273792728427, 890.2349131085616136, 1394.724160490111444 ) ) ;
#4721 = VERTEX_POINT ( 'NONE', #668 ) ;
#4722 = CARTESIAN_POINT ( 'NONE',  ( 681.4333776182219253, 874.4619193613596053, 1379.224160490111444 ) ) ;
#4723 = VECTOR ( 'NONE', #1624, 1000.000000000000000 ) ;
#4724 = EDGE_LOOP ( 'NONE', ( #1657, #487, #9160, #254, #6933 ) ) ;
#4725 = VERTEX_POINT ( 'NONE', #1438 ) ;
#4726 = EDGE_CURVE ( 'NONE', #3006, #2854, #6789, .T. ) ;
#4727 = CARTESIAN_POINT ( 'NONE',  ( 667.5503988948173628, 907.9481165441617350, 1379.224160490111444 ) ) ;
#4728 = CARTESIAN_POINT ( 'NONE',  ( 679.0503988948173628, 923.9481165441617350, 1377.224160490111444 ) ) ;
#4729 = EDGE_CURVE ( 'NONE', #8098, #5697, #3029, .T. ) ;
#4730 = CARTESIAN_POINT ( 'NONE',  ( 657.5503988948192955, 937.8824196093778482, 1388.224160490111444 ) ) ;
#4731 = CARTESIAN_POINT ( 'NONE',  ( 697.6338988531222185, 924.4494816881865518, 1388.993875153965064 ) ) ;
#4732 = ORIENTED_EDGE ( 'NONE', *, *, #1010, .F. ) ;
#4733 = DIRECTION ( 'NONE',  ( 0.000000000000000000, 0.000000000000000000, -1.000000000000000000 ) ) ;
#4734 = CARTESIAN_POINT ( 'NONE',  ( 671.5503988948173628, 888.9481165441617350, 1292.224160490111444 ) ) ;
#4735 = AXIS2_PLACEMENT_3D ( 'NONE', #9268, #8564, #1699 ) ;
#4736 = CARTESIAN_POINT ( 'NONE',  ( 655.0503988948174765, 924.9481165441617350, 1292.724160490111444 ) ) ;
#4737 = EDGE_LOOP ( 'NONE', ( #8429, #1557, #2866, #4570 ) ) ;
#4738 = ORIENTED_EDGE ( 'NONE', *, *, #1810, .F. ) ;
#4739 = EDGE_CURVE ( 'NONE', #6266, #6382, #5570, .T. ) ;
#4740 = ORIENTED_EDGE ( 'NONE', *, *, #2616, .T. ) ;
#4741 = ADVANCED_FACE ( 'NONE', ( #4633, #2240 ), #2189, .F. ) ;
#4742 = CARTESIAN_POINT ( 'NONE',  ( 700.3080315931638324, 900.9481165441580970, 1397.724160490111217 ) ) ;
#4743 = UNCERTAINTY_MEASURE_WITH_UNIT (LENGTH_MEASURE( 1.000000000000000082E-05 ), #9634, 'distance_accuracy_value', 'NONE');
#4744 = CARTESIAN_POINT ( 'NONE',  ( 679.4835207450405505, 940.9580316094881027, 1378.127757673253200 ) ) ;
#4745 = EDGE_CURVE ( 'NONE', #1283, #3498, #7682, .T. ) ;
#4746 = DIRECTION ( 'NONE',  ( -1.000000000000000000, 4.996003610813204432E-15, -0.000000000000000000 ) ) ;
#4747 = ORIENTED_EDGE ( 'NONE', *, *, #2843, .F. ) ;
#4748 = DIRECTION ( 'NONE',  ( 0.000000000000000000, -0.000000000000000000, -1.000000000000000000 ) ) ;
#4749 = ORIENTED_EDGE ( 'NONE', *, *, #5394, .T. ) ;
#4750 = DIRECTION ( 'NONE',  ( -0.000000000000000000, -0.000000000000000000, -1.000000000000000000 ) ) ;
#4751 = CARTESIAN_POINT ( 'NONE',  ( 654.7546109051077110, 881.9481165441607118, 1288.569778240479309 ) ) ;
#4752 = CARTESIAN_POINT ( 'NONE',  ( 652.5503988948173628, 888.9481165441617350, 1288.224160490111444 ) ) ;
#4753 = CARTESIAN_POINT ( 'NONE',  ( 679.0503988948173628, 923.9481165441617350, 1378.224160490111444 ) ) ;
#4754 = CARTESIAN_POINT ( 'NONE',  ( 667.5503988948173628, 877.9481165441617350, 1281.724160490111444 ) ) ;
#4755 = CARTESIAN_POINT ( 'NONE',  ( 696.8003988948139522, 907.9481165441579833, 1400.724160490111217 ) ) ;
#4756 = CYLINDRICAL_SURFACE ( 'NONE', #8290, 1.200000000000089884 ) ;
#4757 = DIRECTION ( 'NONE',  ( -1.000000000000000000, 8.326672684688689830E-16, 0.000000000000000000 ) ) ;
#4758 = LINE ( 'NONE', #198, #2018 ) ;
#4759 = CARTESIAN_POINT ( 'NONE',  ( 687.5636023304157334, 929.1613199797623110, 1390.724160490111444 ) ) ;
#4760 = VECTOR ( 'NONE', #8431, 1000.000000000000000 ) ;
#4761 = DIRECTION ( 'NONE',  ( 0.000000000000000000, 0.000000000000000000, 1.000000000000000000 ) ) ;
#4762 = ORIENTED_EDGE ( 'NONE', *, *, #8839, .F. ) ;
#4763 = ORIENTED_EDGE ( 'NONE', *, *, #257, .F. ) ;
#4764 = EDGE_LOOP ( 'NONE', ( #9504, #4949, #1234, #9844 ) ) ;
#4765 = CARTESIAN_POINT ( 'NONE',  ( 674.5503988948194092, 940.7057492425151395, 1397.724160490111217 ) ) ;
#4766 = FACE_OUTER_BOUND ( 'NONE', #5316, .T. ) ;
#4767 = CIRCLE ( 'NONE', #444, 0.8000000000000229150 ) ;
#4768 = AXIS2_PLACEMENT_3D ( 'NONE', #448, #5852, #4351 ) ;
#4769 = CARTESIAN_POINT ( 'NONE',  ( 658.5503988948140659, 876.1904838458081031, 1394.724160490111444 ) ) ;
#4770 = DIRECTION ( 'NONE',  ( -0.000000000000000000, 0.000000000000000000, -1.000000000000000000 ) ) ;
#4771 = AXIS2_PLACEMENT_3D ( 'NONE', #5385, #2954, #6138 ) ;
#4772 = FACE_OUTER_BOUND ( 'NONE', #5172, .T. ) ;
#4773 = CARTESIAN_POINT ( 'NONE',  ( 667.5503988948173628, 907.9481165441617350, 1292.224160490111444 ) ) ;
#4774 = ORIENTED_EDGE ( 'NONE', *, *, #2857, .T. ) ;
#4775 = EDGE_LOOP ( 'NONE', ( #9734, #1091, #1181, #5592, #5722, #5586, #8863, #1189, #173 ) ) ;
#4776 = VECTOR ( 'NONE', #1679, 1000.000000000000000 ) ;
#4777 = B_SPLINE_CURVE_WITH_KNOTS ( 'NONE', 3,
 ( #4814, #7859, #848, #8576, #4008, #2467, #4708, #8518, #7757, #1003 ),
 .UNSPECIFIED., .F., .F.,
 ( 4, 2, 2, 2, 4 ),
 ( 6.753223014464259476E-16, 0.0004947317943105356301, 0.0009894635886203958022, 0.001978927177240436420, 0.003957854354480828604 ),
 .UNSPECIFIED. ) ;
#4778 = ORIENTED_EDGE ( 'NONE', *, *, #1827, .F. ) ;
#4779 = AXIS2_PLACEMENT_3D ( 'NONE', #429, #3638, #6591 ) ;
#4780 = CARTESIAN_POINT ( 'NONE',  ( 660.5503988948194092, 907.9481165441651456, 1397.724160490111217 ) ) ;
#4781 = FACE_OUTER_BOUND ( 'NONE', #2894, .T. ) ;
#4782 = CARTESIAN_POINT ( 'NONE',  ( 703.2976021660291508, 944.1991165441655767, 1389.659927895952933 ) ) ;
#4783 = CARTESIAN_POINT ( 'NONE',  ( 697.2466676110580011, 918.4078856874601797, 1388.224160490111672 ) ) ;
#4784 = VERTEX_POINT ( 'NONE', #820 ) ;
#4785 = FACE_OUTER_BOUND ( 'NONE', #1736, .T. ) ;
#4786 = CARTESIAN_POINT ( 'NONE',  ( 666.5503988948173628, 923.9481165441617350, 1282.224160490111444 ) ) ;
#4787 = DIRECTION ( 'NONE',  ( 0.9678837029207192355, 2.752334024379463436E-15, 0.2513983643949918578 ) ) ;
#4788 = CIRCLE ( 'NONE', #5418, 1.000000000000000888 ) ;
#4789 = ORIENTED_EDGE ( 'NONE', *, *, #5715, .T. ) ;
#4790 = EDGE_CURVE ( 'NONE', #2108, #7974, #9848, .T. ) ;
#4791 = ORIENTED_EDGE ( 'NONE', *, *, #2474, .F. ) ;
#4792 = ORIENTED_EDGE ( 'NONE', *, *, #7296, .T. ) ;
#4793 = CIRCLE ( 'NONE', #4465, 36.25000000000000711 ) ;
#4794 = CARTESIAN_POINT ( 'NONE',  ( 660.5503988948191818, 940.7057492425150258, 1397.724160490111217 ) ) ;
#4795 = EDGE_CURVE ( 'NONE', #8633, #8936, #3882, .T. ) ;
#4796 = CARTESIAN_POINT ( 'NONE',  ( 679.5503988948139522, 878.0138134789452806, 1394.724160490111444 ) ) ;
#4797 = CARTESIAN_POINT ( 'NONE',  ( 697.7698976535398288, 922.3521249708367122, 1388.224160490111444 ) ) ;
#4798 = EDGE_CURVE ( 'NONE', #9267, #862, #2716, .T. ) ;
#4799 = CARTESIAN_POINT ( 'NONE',  ( 649.8371954592228121, 936.0871450286239224, 1394.724160490111444 ) ) ;
#4800 = ADVANCED_FACE ( 'NONE', ( #2994 ), #3091, .T. ) ;
#4801 = ORIENTED_EDGE ( 'NONE', *, *, #7602, .F. ) ;
#4802 = CARTESIAN_POINT ( 'NONE',  ( 689.7503988948174083, 928.9481165441617350, 1295.724160490111444 ) ) ;
#4803 = ORIENTED_EDGE ( 'NONE', *, *, #5412, .F. ) ;
#4804 = ADVANCED_FACE ( 'NONE', ( #5280 ), #8340, .F. ) ;
#4805 = DIRECTION ( 'NONE',  ( -0.9678837029207072451, 0.000000000000000000, 0.2513983643950379321 ) ) ;
#4806 = DIRECTION ( 'NONE',  ( -1.000000000000000000, 0.000000000000000000, 0.000000000000000000 ) ) ;
#4807 = ADVANCED_FACE ( 'NONE', ( #4432 ), #9196, .T. ) ;
#4808 = DIRECTION ( 'NONE',  ( -1.000000000000000000, -0.000000000000000000, -0.000000000000000000 ) ) ;
#4809 = DIRECTION ( 'NONE',  ( 0.000000000000000000, 0.000000000000000000, 1.000000000000000000 ) ) ;
#4810 = DIRECTION ( 'NONE',  ( -1.000000000000000000, 0.000000000000000000, -0.000000000000000000 ) ) ;
#4811 = CARTESIAN_POINT ( 'NONE',  ( 666.5503988948173628, 934.9481165441617350, 1286.724160490111444 ) ) ;
#4812 = DIRECTION ( 'NONE',  ( 1.000000000000000000, 0.000000000000000000, 0.000000000000000000 ) ) ;
#4813 = EDGE_CURVE ( 'NONE', #4673, #2819, #621, .T. ) ;
#4814 = CARTESIAN_POINT ( 'NONE',  ( 697.7698976535398288, 922.3521249708367122, 1388.224160490111444 ) ) ;
#4815 = ORIENTED_EDGE ( 'NONE', *, *, #3765, .T. ) ;
#4816 = CARTESIAN_POINT ( 'NONE',  ( 646.3371954592175825, 886.7349131085608178, 1390.724160490111444 ) ) ;
#4817 = CARTESIAN_POINT ( 'NONE',  ( 634.7927661964700974, 917.9481165441650319, 1394.724160490111444 ) ) ;
#4818 = ORIENTED_EDGE ( 'NONE', *, *, #632, .F. ) ;
#4819 = DIRECTION ( 'NONE',  ( -8.326672684688689830E-16, -1.000000000000000000, -0.000000000000000000 ) ) ;
#4820 = LINE ( 'NONE', #8732, #7271 ) ;
#4821 = ADVANCED_FACE ( 'NONE', ( #9103 ), #1480, .F. ) ;
#4822 = CARTESIAN_POINT ( 'NONE',  ( 638.3003988948192955, 917.9802328412444012, 1388.745784350350050 ) ) ;
#4823 = DIRECTION ( 'NONE',  ( -1.000000000000000000, 8.326672684688689830E-16, 0.000000000000000000 ) ) ;
#4824 = CIRCLE ( 'NONE', #6093, 1.200000000000089884 ) ;
#4825 = DIRECTION ( 'NONE',  ( 0.000000000000000000, 0.000000000000000000, 1.000000000000000000 ) ) ;
#4826 = CARTESIAN_POINT ( 'NONE',  ( 680.6215884619097096, 875.0429670821265518, 1378.129795914549959 ) ) ;
#4827 = ORIENTED_EDGE ( 'NONE', *, *, #6142, .T. ) ;
#4828 = ORIENTED_EDGE ( 'NONE', *, *, #5272, .F. ) ;
#4829 = DIRECTION ( 'NONE',  ( -1.000000000000000000, 0.000000000000000000, -6.661338147750933184E-13 ) ) ;
#4830 = DIRECTION ( 'NONE',  ( -1.000000000000000000, 0.000000000000000000, 0.000000000000000000 ) ) ;
#4831 = AXIS2_PLACEMENT_3D ( 'NONE', #1492, #8355, #3849 ) ;
#4832 = DIRECTION ( 'NONE',  ( 0.2513983643950108982, 0.000000000000000000, -0.9678837029207143505 ) ) ;
#4833 = ORIENTED_EDGE ( 'NONE', *, *, #1107, .F. ) ;
#4834 = DIRECTION ( 'NONE',  ( -0.000000000000000000, 0.000000000000000000, -1.000000000000000000 ) ) ;
#4835 = LINE ( 'NONE', #4129, #6474 ) ;
#4836 = DIRECTION ( 'NONE',  ( 4.752667057470703642E-17, -1.000000000000000000, 0.000000000000000000 ) ) ;
#4837 = ORIENTED_EDGE ( 'NONE', *, *, #8653, .T. ) ;
#4838 = VERTEX_POINT ( 'NONE', #6835 ) ;
#4839 = EDGE_LOOP ( 'NONE', ( #1452, #8921 ) ) ;
#4840 = VECTOR ( 'NONE', #2392, 1000.000000000000000 ) ;
#4841 = CYLINDRICAL_SURFACE ( 'NONE', #548, 1.600000000000045830 ) ;
#4842 = DIRECTION ( 'NONE',  ( 0.000000000000000000, 0.000000000000000000, 1.000000000000000000 ) ) ;
#4843 = CARTESIAN_POINT ( 'NONE',  ( 680.2674580194814098, 941.8944831003802847, 1379.031354856918824 ) ) ;
#4844 = CYLINDRICAL_SURFACE ( 'NONE', #9161, 2.000000000000001776 ) ;
#4845 = VERTEX_POINT ( 'NONE', #3687 ) ;
#4846 = DIRECTION ( 'NONE',  ( 0.000000000000000000, 0.000000000000000000, -1.000000000000000000 ) ) ;
#4847 = ORIENTED_EDGE ( 'NONE', *, *, #7788, .F. ) ;
#4848 = CARTESIAN_POINT ( 'NONE',  ( 655.7241577600656228, 942.2147551394880338, 1379.224160490111444 ) ) ;
#4849 = CARTESIAN_POINT ( 'NONE',  ( 738.3003988948194092, 907.9481165441648045, 1397.724160490111217 ) ) ;
#4850 = ADVANCED_FACE ( 'NONE', ( #5323 ), #2945, .F. ) ;
#4851 = DIRECTION ( 'NONE',  ( -0.000000000000000000, -0.000000000000000000, -1.000000000000000000 ) ) ;
#4852 = CARTESIAN_POINT ( 'NONE',  ( 639.3003988948191818, 907.9481165441651456, 1388.745784350350050 ) ) ;
#4853 = DIRECTION ( 'NONE',  ( -3.063263675021908375E-15, -1.000000000000000000, 0.000000000000000000 ) ) ;
#4854 = CARTESIAN_POINT ( 'NONE',  ( 635.7597049418415054, 920.6923025906768316, 1389.424355391673316 ) ) ;
#4855 = EDGE_CURVE ( 'NONE', #270, #127, #1098, .T. ) ;
#4856 = CARTESIAN_POINT ( 'NONE',  ( 655.5503988948173628, 917.9481165441617350, 1298.224160490111444 ) ) ;
#4857 = CYLINDRICAL_SURFACE ( 'NONE', #9379, 0.9999999999998898659 ) ;
#4858 = CARTESIAN_POINT ( 'NONE',  ( 633.4998981802179969, 920.4574544075328504, 1377.368468536499222 ) ) ;
#4859 = CARTESIAN_POINT ( 'NONE',  ( 689.9636023304107084, 886.7349131085616136, 1380.724160490111217 ) ) ;
#4860 = CIRCLE ( 'NONE', #2637, 1.199999999999978861 ) ;
#4861 = AXIS2_PLACEMENT_3D ( 'NONE', #9280, #849, #8138 ) ;
#4862 = EDGE_LOOP ( 'NONE', ( #1018, #7526, #2132, #3293, #7538, #7762 ) ) ;
#4863 = DIRECTION ( 'NONE',  ( 1.000000000000000000, 2.185014940664821480E-15, 0.000000000000000000 ) ) ;
#4864 = EDGE_CURVE ( 'NONE', #6492, #2816, #7491, .T. ) ;
#4865 = DIRECTION ( 'NONE',  ( 0.000000000000000000, -0.000000000000000000, -1.000000000000000000 ) ) ;
#4866 = AXIS2_PLACEMENT_3D ( 'NONE', #6257, #4052, #248 ) ;
#4867 = CARTESIAN_POINT ( 'NONE',  ( 658.5503988948194092, 939.7057492425151395, 1400.724160490111217 ) ) ;
#4868 = EDGE_CURVE ( 'NONE', #6827, #2889, #5584, .T. ) ;
#4869 = DIRECTION ( 'NONE',  ( 1.000000000000000000, 0.000000000000000000, 0.000000000000000000 ) ) ;
#4870 = CARTESIAN_POINT ( 'NONE',  ( 631.3003988948173628, 907.9481165441617350, 1388.224160490111444 ) ) ;
#4871 = FACE_OUTER_BOUND ( 'NONE', #2264, .T. ) ;
#4872 = ORIENTED_EDGE ( 'NONE', *, *, #4311, .F. ) ;
#4873 = ORIENTED_EDGE ( 'NONE', *, *, #1814, .F. ) ;
#4874 = EDGE_LOOP ( 'NONE', ( #7675, #8972, #4166, #3133 ) ) ;
#4875 =( GEOMETRIC_REPRESENTATION_CONTEXT ( 3 ) GLOBAL_UNCERTAINTY_ASSIGNED_CONTEXT ( ( #6349 ) ) GLOBAL_UNIT_ASSIGNED_CONTEXT ( ( #8940, #4137, #9410 ) ) REPRESENTATION_CONTEXT ( 'NONE', 'WORKASPACE' ) );
#4876 = EDGE_CURVE ( 'NONE', #8050, #9596, #8128, .T. ) ;
#4877 = DIRECTION ( 'NONE',  ( 0.7315216790650497236, 0.6818181818181811016, -0.000000000000000000 ) ) ;
#4878 = CARTESIAN_POINT ( 'NONE',  ( 638.3003988948141796, 897.9373532658599970, 1388.830721334059490 ) ) ;
#4879 = CARTESIAN_POINT ( 'NONE',  ( 635.7927661964699837, 916.9481165441651456, 1374.668558774804069 ) ) ;
#4880 = ORIENTED_EDGE ( 'NONE', *, *, #7188, .T. ) ;
#4881 = AXIS2_PLACEMENT_3D ( 'NONE', #9568, #5894, #9014 ) ;
#4882 = DIRECTION ( 'NONE',  ( 0.000000000000000000, -0.000000000000000000, 1.000000000000000000 ) ) ;
#4883 = CARTESIAN_POINT ( 'NONE',  ( 665.9283937854312398, 837.1981165441652593, 1397.724160490111217 ) ) ;
#4884 = CARTESIAN_POINT ( 'NONE',  ( 639.4113704103607461, 925.6613199797615152, 1394.724160490111444 ) ) ;
#4885 = ORIENTED_EDGE ( 'NONE', *, *, #6086, .T. ) ;
#4886 = VERTEX_POINT ( 'NONE', #4730 ) ;
#4887 = AXIS2_PLACEMENT_3D ( 'NONE', #2148, #5198, #5250 ) ;
#4888 = ORIENTED_EDGE ( 'NONE', *, *, #3829, .T. ) ;
#4889 = DIRECTION ( 'NONE',  ( -3.330669073875468044E-15, 1.000000000000000000, 9.011550524554839257E-16 ) ) ;
#4890 = VECTOR ( 'NONE', #281, 1000.000000000000000 ) ;
#4891 = CARTESIAN_POINT ( 'NONE',  ( 696.5357139502339123, 889.7021851856865169, 1388.716960580079558 ) ) ;
#4892 = CARTESIAN_POINT ( 'NONE',  ( 679.1770754623059929, 941.1820302968017131, 1378.224160490111444 ) ) ;
#4893 = AXIS2_PLACEMENT_3D ( 'NONE', #5975, #7946, #1377 ) ;
#4894 = DIRECTION ( 'NONE',  ( -0.000000000000000000, -0.000000000000000000, -1.000000000000000000 ) ) ;
#4895 = LINE ( 'NONE', #1751, #6582 ) ;
#4896 = ORIENTED_EDGE ( 'NONE', *, *, #7301, .T. ) ;
#4897 = CARTESIAN_POINT ( 'NONE',  ( 655.1548616812226555, 942.0202952853064744, 1377.806179695297260 ) ) ;
#4898 = FACE_OUTER_BOUND ( 'NONE', #7481, .T. ) ;
#4899 = CARTESIAN_POINT ( 'NONE',  ( 667.5503988948173628, 937.9481165441617350, 1282.224160490111444 ) ) ;
#4900 = DIRECTION ( 'NONE',  ( -0.000000000000000000, -0.000000000000000000, 1.000000000000000000 ) ) ;
#4901 = CARTESIAN_POINT ( 'NONE',  ( 697.4847019600267686, 897.9481165441580970, 1389.183265665989666 ) ) ;
#4902 = CARTESIAN_POINT ( 'NONE',  ( 656.0503988948174765, 874.6267645307755174, 1388.224160490111444 ) ) ;
#4903 = ORIENTED_EDGE ( 'NONE', *, *, #8419, .T. ) ;
#4904 = CARTESIAN_POINT ( 'NONE',  ( 636.1418321577253892, 918.5580105062978191, 1389.374728480527438 ) ) ;
#4905 = DIRECTION ( 'NONE',  ( 0.000000000000000000, 0.000000000000000000, 1.000000000000000000 ) ) ;
#4906 = EDGE_CURVE ( 'NONE', #7974, #7988, #3345, .T. ) ;
#4907 = CARTESIAN_POINT ( 'NONE',  ( 685.2636023304106629, 879.8090880596993202, 1390.724160490111444 ) ) ;
#4908 = AXIS2_PLACEMENT_3D ( 'NONE', #391, #7896, #9567 ) ;
#4909 = FACE_OUTER_BOUND ( 'NONE', #872, .T. ) ;
#4910 = CIRCLE ( 'NONE', #584, 1.200000000000089884 ) ;
#4911 = EDGE_LOOP ( 'NONE', ( #4171, #8803, #313, #5164, #1523, #1556 ) ) ;
#4912 = CARTESIAN_POINT ( 'NONE',  ( 665.9283937854312398, 837.1981165441652593, 1397.724160490111217 ) ) ;
#4913 = CARTESIAN_POINT ( 'NONE',  ( 679.0503988948173628, 941.2694685575479525, 1378.224160490111444 ) ) ;
#4914 =( BOUNDED_CURVE ( )  B_SPLINE_CURVE ( 3, ( #2172, #8226, #3960, #3676 ),
 .UNSPECIFIED., .F., .F. ) 
 B_SPLINE_CURVE_WITH_KNOTS ( ( 4, 4 ),
 ( 1.036596895015722053, 1.570796326794951847 ),
 .UNSPECIFIED. ) 
 CURVE ( )  GEOMETRIC_REPRESENTATION_ITEM ( )  RATIONAL_B_SPLINE_CURVE ( ( 1.000000000000000000, 0.9763602925206901206, 0.9763602925206901206, 1.000000000000000000 ) ) 
 REPRESENTATION_ITEM ( '' )  );
#4915 = FILL_AREA_STYLE_COLOUR ( '', #9867 ) ;
#4916 = ADVANCED_FACE ( 'NONE', ( #268 ), #2588, .F. ) ;
#4917 = CARTESIAN_POINT ( 'NONE',  ( 666.5503988948173628, 938.9481165441617350, 1288.224160490111444 ) ) ;
#4918 = AXIS2_PLACEMENT_3D ( 'NONE', #8986, #6527, #9594 ) ;
#4919 = EDGE_CURVE ( 'NONE', #7988, #7974, #292, .T. ) ;
#4920 = DIRECTION ( 'NONE',  ( 1.893515102561680783E-15, 1.000000000000000000, 0.000000000000000000 ) ) ;
#4921 = PLANE ( 'NONE',  #9242 ) ;
#4922 = EDGE_LOOP ( 'NONE', ( #2398, #2646 ) ) ;
#4923 = ORIENTED_EDGE ( 'NONE', *, *, #7790, .T. ) ;
#4924 = VERTEX_POINT ( 'NONE', #8597 ) ;
#4925 = ADVANCED_FACE ( 'NONE', ( #1726 ), #7877, .T. ) ;
#4926 = VECTOR ( 'NONE', #4157, 1000.000000000000000 ) ;
#4927 = ADVANCED_FACE ( 'NONE', ( #3338 ), #220, .F. ) ;
#4928 = CIRCLE ( 'NONE', #3349, 1.000000000000000888 ) ;
#4929 = CIRCLE ( 'NONE', #4147, 1.000000000000000888 ) ;
#4930 = DIRECTION ( 'NONE',  ( 8.326672684688689830E-16, 1.000000000000000000, 0.000000000000000000 ) ) ;
#4931 = CARTESIAN_POINT ( 'NONE',  ( 655.6661617672864395, 873.7013543056460776, 1377.766765106928233 ) ) ;
#4932 = CARTESIAN_POINT ( 'NONE',  ( 677.5503988948192955, 940.7057492425150258, 1394.724160490111444 ) ) ;
#4933 = ORIENTED_EDGE ( 'NONE', *, *, #9049, .F. ) ;
#4934 = CIRCLE ( 'NONE', #9735, 1.000000000000000888 ) ;
#4935 = CARTESIAN_POINT ( 'NONE',  ( 677.5503988948173628, 920.4481165441617350, 1298.224160490111444 ) ) ;
#4936 = CARTESIAN_POINT ( 'NONE',  ( 699.3080315931698578, 916.9481165441651456, 1394.724160490111444 ) ) ;
#4937 = AXIS2_PLACEMENT_3D ( 'NONE', #546, #595, #2068 ) ;
#4938 = LINE ( 'NONE', #9651, #2712 ) ;
#4939 = ORIENTED_EDGE ( 'NONE', *, *, #643, .T. ) ;
#4940 = ORIENTED_EDGE ( 'NONE', *, *, #3624, .F. ) ;
#4941 = AXIS2_PLACEMENT_3D ( 'NONE', #485, #4344, #8103 ) ;
#4942 = VERTEX_POINT ( 'NONE', #8692 ) ;
#4943 = LINE ( 'NONE', #2652, #9841 ) ;
#4944 = FACE_OUTER_BOUND ( 'NONE', #5360, .T. ) ;
#4945 = DIRECTION ( 'NONE',  ( -1.398881011027695505E-14, -1.000000000000000000, 0.000000000000000000 ) ) ;
#4946 = ORIENTED_EDGE ( 'NONE', *, *, #8798, .T. ) ;
#4947 = AXIS2_PLACEMENT_3D ( 'NONE', #2282, #6834, #7488 ) ;
#4948 = DIRECTION ( 'NONE',  ( 1.000000000000000000, 0.000000000000000000, 0.000000000000000000 ) ) ;
#4949 = ORIENTED_EDGE ( 'NONE', *, *, #5151, .T. ) ;
#4950 = CARTESIAN_POINT ( 'NONE',  ( 674.5503988948140659, 876.1904838458079894, 1399.724160490111444 ) ) ;
#4951 = ORIENTED_EDGE ( 'NONE', *, *, #405, .F. ) ;
#4952 = CARTESIAN_POINT ( 'NONE',  ( 679.5503988948173628, 917.9481165441617350, 1292.224160490111444 ) ) ;
#4953 = CARTESIAN_POINT ( 'NONE',  ( 699.3080315931698578, 914.9481165441651456, 1400.724160490111217 ) ) ;
#4954 = EDGE_CURVE ( 'NONE', #112, #8446, #6231, .T. ) ;
#4955 = LINE ( 'NONE', #2666, #3500 ) ;
#4956 = DIRECTION ( 'NONE',  ( -1.000000000000000000, 0.000000000000000000, 0.000000000000000000 ) ) ;
#4957 = ORIENTED_EDGE ( 'NONE', *, *, #2901, .T. ) ;
#4958 = CARTESIAN_POINT ( 'NONE',  ( 698.7098130557641298, 918.3341304925248778, 1389.342371003107701 ) ) ;
#4959 = FACE_OUTER_BOUND ( 'NONE', #347, .T. ) ;
#4960 = ORIENTED_EDGE ( 'NONE', *, *, #9215, .T. ) ;
#4961 = B_SPLINE_CURVE_WITH_KNOTS ( 'NONE', 3,
 ( #4288, #6691, #8908, #3691, #7300, #8244, #3543, #6595, #7352, #9661 ),
 .UNSPECIFIED., .F., .F.,
 ( 4, 2, 2, 2, 4 ),
 ( 0.000000000000000000, 0.0004461646559869618866, 0.0008923293119739237732, 0.001338493967960885551, 0.001784658623947847546 ),
 .UNSPECIFIED. ) ;
#4962 = EDGE_CURVE ( 'NONE', #8936, #3979, #7348, .T. ) ;
#4963 = CARTESIAN_POINT ( 'NONE',  ( 633.2837602994910640, 919.7743576789134750, 1379.224160490111444 ) ) ;
#4964 = DIRECTION ( 'NONE',  ( 0.000000000000000000, -0.000000000000000000, 1.000000000000000000 ) ) ;
#4965 = ORIENTED_EDGE ( 'NONE', *, *, #4235, .F. ) ;
#4966 = CARTESIAN_POINT ( 'NONE',  ( 674.5503988948140659, 875.1904838458081031, 1397.724160490111217 ) ) ;
#4967 = FACE_BOUND ( 'NONE', #3189, .T. ) ;
#4968 = CYLINDRICAL_SURFACE ( 'NONE', #7057, 0.8000000000000229150 ) ;
#4969 = CARTESIAN_POINT ( 'NONE',  ( 656.0503988948174765, 924.9481165441617350, 1281.724160490111444 ) ) ;
#4970 = DIRECTION ( 'NONE',  ( 0.000000000000000000, 0.000000000000000000, -1.000000000000000000 ) ) ;
#4971 = ADVANCED_FACE ( 'NONE', ( #7182, #6432 ), #5629, .F. ) ;
#4972 = CARTESIAN_POINT ( 'NONE',  ( 668.4058465805914011, 935.9481165441617350, 1286.342194478861302 ) ) ;
#4973 = VERTEX_POINT ( 'NONE', #3385 ) ;
#4974 = ORIENTED_EDGE ( 'NONE', *, *, #4062, .F. ) ;
#4975 = EDGE_CURVE ( 'NONE', #4725, #9035, #5431, .T. ) ;
#4976 =( BOUNDED_SURFACE ( )  B_SPLINE_SURFACE ( 3, 2, ( 
 ( #251, #4710, #3316 ),
 ( #7758, #905, #6366 ),
 ( #9434, #7159, #2574 ),
 ( #8676, #3373, #3963 ),
 ( #1813, #4858, #1054 ),
 ( #4104, #9720, #4204 ),
 ( #3466, #540, #9673 ),
 ( #2770, #8161, #2867 ),
 ( #5903, #8825, #1303 ),
 ( #2817, #8059, #446 ),
 ( #5803, #8110, #5152 ),
 ( #5851, #6514, #8922 ),
 ( #5015, #1206, #7410 ),
 ( #4350, #8874, #4963 ) ),
 .UNSPECIFIED., .F., .F., .T. ) 
 B_SPLINE_SURFACE_WITH_KNOTS ( ( 4, 2, 2, 2, 2, 2, 4 ),
 ( 3, 3 ),
 ( 0.001269977243868803014, 0.001674424981671514354, 0.002078872719474225694, 0.002887768195079648374, 0.003292215932882359714, 0.003696663670685071054, 0.004505559146290493734 ),
 ( 0.000000000000000000, 1.000000000000000000 ),
 .UNSPECIFIED. ) 
 GEOMETRIC_REPRESENTATION_ITEM ( )  RATIONAL_B_SPLINE_SURFACE ( (
 ( 1.000000000000000000, 0.5554373396683935926, 1.000000000000000000),
 ( 1.000000000000000000, 0.5554397727320786737, 1.000000000000000000),
 ( 1.000000000000000000, 0.5568189362063652448, 1.000000000000000000),
 ( 1.000000000000000000, 0.5621084032705320199, 1.000000000000000000),
 ( 1.000000000000000000, 0.5660867106488907119, 1.000000000000000000),
 ( 1.000000000000000000, 0.5809537945753376897, 1.000000000000000000),
 ( 1.000000000000000000, 0.5950092155507455960, 1.000000000000000000),
 ( 1.000000000000000000, 0.6182159576235017884, 1.000000000000000000),
 ( 1.000000000000000000, 0.6264155182848621939, 1.000000000000000000),
 ( 1.000000000000000000, 0.6429870763740556106, 1.000000000000000000),
 ( 1.000000000000000000, 0.6513027582098374069, 1.000000000000000000),
 ( 1.000000000000000000, 0.6761448624492698567, 1.000000000000000000),
 ( 1.000000000000000000, 0.6925288202386933323, 1.000000000000000000),
 ( 1.000000000000000000, 0.7071067811865603403, 1.000000000000000000) ) ) 
 REPRESENTATION_ITEM ( '' )  SURFACE ( )  );
#4977 = EDGE_LOOP ( 'NONE', ( #6986, #4974, #7311, #5071 ) ) ;
#4978 = EDGE_CURVE ( 'NONE', #3100, #2636, #3978, .T. ) ;
#4979 = DIRECTION ( 'NONE',  ( 1.000000000000000000, 0.000000000000000000, 0.000000000000000000 ) ) ;
#4980 = DIRECTION ( 'NONE',  ( -0.000000000000000000, -0.000000000000000000, 1.000000000000000000 ) ) ;
#4981 = CARTESIAN_POINT ( 'NONE',  ( 631.3003988948164533, 907.9481165441580970, 1394.724160490111444 ) ) ;
#4982 = ORIENTED_EDGE ( 'NONE', *, *, #6982, .T. ) ;
#4983 = CIRCLE ( 'NONE', #8830, 35.25000000000000000 ) ;
#4984 = DIRECTION ( 'NONE',  ( 0.000000000000000000, -1.000000000000000000, 0.000000000000000000 ) ) ;
#4985 = CARTESIAN_POINT ( 'NONE',  ( 638.3335098052835974, 890.4161407603273801, 1388.224160490111672 ) ) ;
#4986 = EDGE_CURVE ( 'NONE', #5224, #2952, #7729, .T. ) ;
#4987 = ADVANCED_FACE ( 'NONE', ( #6978 ), #9588, .T. ) ;
#4988 = CARTESIAN_POINT ( 'NONE',  ( 637.3309001360936463, 871.6971165441576659, 1388.224160490111444 ) ) ;
#4989 = VERTEX_POINT ( 'NONE', #7414 ) ;
#4990 = ORIENTED_EDGE ( 'NONE', *, *, #1493, .F. ) ;
#4991 = CIRCLE ( 'NONE', #2597, 1.000000000000000888 ) ;
#4992 = EDGE_CURVE ( 'NONE', #6897, #3464, #4994, .T. ) ;
#4993 = ORIENTED_EDGE ( 'NONE', *, *, #8674, .T. ) ;
#4994 = B_SPLINE_CURVE_WITH_KNOTS ( 'NONE', 3,
 ( #9823, #2822, #5957, #4457 ),
 .UNSPECIFIED., .F., .F.,
 ( 4, 4 ),
 ( 1.110223024625156540E-16, 0.0001402090830970563885 ),
 .UNSPECIFIED. ) ;
#4995 = AXIS2_PLACEMENT_3D ( 'NONE', #2643, #7833, #5587 ) ;
#4996 = CARTESIAN_POINT ( 'NONE',  ( 657.5503988948192955, 937.1981165441651456, 1397.724160490111217 ) ) ;
#4997 = CIRCLE ( 'NONE', #7228, 1.000000000000000888 ) ;
#4998 = EDGE_CURVE ( 'NONE', #7493, #1392, #5885, .T. ) ;
#4999 = FACE_OUTER_BOUND ( 'NONE', #1196, .T. ) ;
#5000 = CARTESIAN_POINT ( 'NONE',  ( 649.8371954592228121, 936.0871450286239224, 1390.724160490111444 ) ) ;
#5001 = ORIENTED_EDGE ( 'NONE', *, *, #615, .T. ) ;
#5002 = CARTESIAN_POINT ( 'NONE',  ( 636.4452708064053468, 896.3736945766798954, 1388.454194082238246 ) ) ;
#5003 = ORIENTED_EDGE ( 'NONE', *, *, #1318, .T. ) ;
#5004 = EDGE_CURVE ( 'NONE', #2108, #3429, #4130, .T. ) ;
#5005 = DIRECTION ( 'NONE',  ( 0.000000000000000000, -1.000000000000000000, -0.000000000000000000 ) ) ;
#5006 = AXIS2_PLACEMENT_3D ( 'NONE', #4124, #1728, #7035 ) ;
#5007 = ORIENTED_EDGE ( 'NONE', *, *, #6324, .T. ) ;
#5008 = CARTESIAN_POINT ( 'NONE',  ( 657.5503988948192955, 937.1981165441651456, 1400.724160490111217 ) ) ;
#5009 = CARTESIAN_POINT ( 'NONE',  ( 669.5503988948173628, 935.9481165441617350, 1285.224160490111672 ) ) ;
#5010 = CARTESIAN_POINT ( 'NONE',  ( 698.5730285034858298, 922.6082584953601327, 1389.230682896094322 ) ) ;
#5011 = CIRCLE ( 'NONE', #9656, 1.000000000000000888 ) ;
#5012 = CARTESIAN_POINT ( 'NONE',  ( 667.5503988948173628, 907.9481165441617350, 1281.724160490111444 ) ) ;
#5013 = EDGE_LOOP ( 'NONE', ( #4423, #6586, #2251, #8124 ) ) ;
#5014 = CARTESIAN_POINT ( 'NONE',  ( 652.5503988948173628, 910.4481165441617350, 1281.724160490111444 ) ) ;
#5015 = CARTESIAN_POINT ( 'NONE',  ( 634.3164851421772710, 919.5747931116502514, 1378.224160490111444 ) ) ;
#5016 = ORIENTED_EDGE ( 'NONE', *, *, #1007, .T. ) ;
#5017 = CARTESIAN_POINT ( 'NONE',  ( 682.5503988948173628, 910.4481165441617350, 1378.224160490111444 ) ) ;
#5018 = CARTESIAN_POINT ( 'NONE',  ( 700.8717509082036941, 919.4481165441617350, 1378.224160490111444 ) ) ;
#5019 = DIRECTION ( 'NONE',  ( 0.000000000000000000, 0.000000000000000000, -1.000000000000000000 ) ) ;
#5020 = DIRECTION ( 'NONE',  ( 1.236786676975587145E-16, 1.000000000000000000, -0.000000000000000000 ) ) ;
#5021 = LINE ( 'NONE', #4162, #5404 ) ;
#5022 = AXIS2_PLACEMENT_3D ( 'NONE', #2109, #5505, #3115 ) ;
#5023 = PRODUCT ( 'headpart_1+3', 'headpart_1+3', '', ( #2280 ) ) ;
#5024 = DIRECTION ( 'NONE',  ( 0.000000000000000000, 1.000000000000000000, 0.000000000000000000 ) ) ;
#5025 = ORIENTED_EDGE ( 'NONE', *, *, #2323, .F. ) ;
#5026 = ORIENTED_EDGE ( 'NONE', *, *, #9649, .T. ) ;
#5027 = VECTOR ( 'NONE', #8601, 1000.000000000000000 ) ;
#5028 = CARTESIAN_POINT ( 'NONE',  ( 700.3080315931636051, 907.9481165441580970, 1399.724160490111444 ) ) ;
#5029 = DIRECTION ( 'NONE',  ( 0.000000000000000000, 0.000000000000000000, -1.000000000000000000 ) ) ;
#5030 = DIRECTION ( 'NONE',  ( 1.000000000000000000, 2.843661915242425431E-15, 0.000000000000000000 ) ) ;
#5031 = ORIENTED_EDGE ( 'NONE', *, *, #7330, .T. ) ;
#5032 = CARTESIAN_POINT ( 'NONE',  ( 655.7241577600657365, 873.6814779488356635, 1377.363328903415322 ) ) ;
#5033 = DIRECTION ( 'NONE',  ( -1.000000000000000000, 1.193489751472043754E-14, 0.000000000000000000 ) ) ;
#5034 = ORIENTED_EDGE ( 'NONE', *, *, #2782, .T. ) ;
#5035 = VECTOR ( 'NONE', #6347, 1000.000000000000000 ) ;
#5036 = ORIENTED_EDGE ( 'NONE', *, *, #5959, .T. ) ;
#5037 = VERTEX_POINT ( 'NONE', #8981 ) ;
#5038 = EDGE_CURVE ( 'NONE', #882, #3392, #8927, .T. ) ;
#5039 = CARTESIAN_POINT ( 'NONE',  ( 668.7503988948174083, 877.9481165441617350, 1284.724160490111444 ) ) ;
#5040 = CIRCLE ( 'NONE', #6321, 3.000000000000002665 ) ;
#5041 = DIRECTION ( 'NONE',  ( 0.000000000000000000, -1.000000000000000000, -8.673617379884035472E-17 ) ) ;
#5042 = VECTOR ( 'NONE', #8729, 1000.000000000000000 ) ;
#5043 = DIRECTION ( 'NONE',  ( 0.000000000000000000, 0.000000000000000000, 1.000000000000000000 ) ) ;
#5044 = ORIENTED_EDGE ( 'NONE', *, *, #6154, .T. ) ;
#5045 = CARTESIAN_POINT ( 'NONE',  ( 635.7597049418361621, 895.2039304976464109, 1389.424355391673316 ) ) ;
#5046 = ORIENTED_EDGE ( 'NONE', *, *, #6260, .T. ) ;
#5047 = EDGE_CURVE ( 'NONE', #8648, #7711, #5407, .T. ) ;
#5048 = EDGE_CURVE ( 'NONE', #663, #4093, #2306, .T. ) ;
#5049 = DIRECTION ( 'NONE',  ( 0.000000000000000000, 0.000000000000000000, -1.000000000000000000 ) ) ;
#5050 = CIRCLE ( 'NONE', #85, 1.000000000000000888 ) ;
#5051 = ADVANCED_FACE ( 'NONE', ( #1969 ), #8366, .T. ) ;
#5052 = EDGE_LOOP ( 'NONE', ( #8421, #1121 ) ) ;
#5053 = FACE_OUTER_BOUND ( 'NONE', #7550, .T. ) ;
#5054 = ADVANCED_FACE ( 'NONE', ( #8466 ), #8365, .T. ) ;
#5055 = AXIS2_PLACEMENT_3D ( 'NONE', #2959, #1348, #9767 ) ;
#5056 = FACE_OUTER_BOUND ( 'NONE', #802, .T. ) ;
#5057 = DIRECTION ( 'NONE',  ( 1.000000000000000000, 0.000000000000000000, 0.000000000000000000 ) ) ;
#5058 = ORIENTED_EDGE ( 'NONE', *, *, #4010, .T. ) ;
#5059 = CARTESIAN_POINT ( 'NONE',  ( 681.3183432881268118, 941.4818272738563110, 1377.897253525959286 ) ) ;
#5060 = VERTEX_POINT ( 'NONE', #901 ) ;
#5061 = CARTESIAN_POINT ( 'NONE',  ( 651.5503988948173628, 888.9481165441617350, 1377.224160490111444 ) ) ;
#5062 = DIRECTION ( 'NONE',  ( 0.000000000000000000, 0.000000000000000000, 1.000000000000000000 ) ) ;
#5063 = ORIENTED_EDGE ( 'NONE', *, *, #6702, .T. ) ;
#5064 = CARTESIAN_POINT ( 'NONE',  ( 648.8371954592175825, 886.7349131085610452, 1388.224160490111444 ) ) ;
#5065 = DIRECTION ( 'NONE',  ( -1.000000000000000000, 0.000000000000000000, 0.000000000000000000 ) ) ;
#5066 = FILL_AREA_STYLE ('',( #4210 ) ) ;
#5067 = PLANE ( 'NONE',  #5963 ) ;
#5068 = AXIS2_PLACEMENT_3D ( 'NONE', #1649, #899, #5401 ) ;
#5069 = CARTESIAN_POINT ( 'NONE',  ( 661.5503988948173628, 888.9481165441617350, 1288.224160490111444 ) ) ;
#5070 = FACE_OUTER_BOUND ( 'NONE', #6544, .T. ) ;
#5071 = ORIENTED_EDGE ( 'NONE', *, *, #6249, .F. ) ;
#5072 = EDGE_LOOP ( 'NONE', ( #4510, #3866 ) ) ;
#5073 = EDGE_LOOP ( 'NONE', ( #9188, #4689, #3509, #2805, #618 ) ) ;
#5074 = CARTESIAN_POINT ( 'NONE',  ( 738.3003988948194092, 907.9481165441648045, 1397.724160490111217 ) ) ;
#5075 = DIRECTION ( 'NONE',  ( 0.000000000000000000, 0.000000000000000000, 1.000000000000000000 ) ) ;
#5076 = DIRECTION ( 'NONE',  ( -3.358424649491096563E-15, 1.000000000000000000, -9.011550524554839257E-16 ) ) ;
#5077 = ORIENTED_EDGE ( 'NONE', *, *, #3335, .T. ) ;
#5078 = CARTESIAN_POINT ( 'NONE',  ( 655.6507174312220059, 873.7068981956233529, 1377.771377698992865 ) ) ;
#5079 = DIRECTION ( 'NONE',  ( 0.000000000000000000, -1.000000000000000000, 0.000000000000000000 ) ) ;
#5080 = FACE_OUTER_BOUND ( 'NONE', #2689, .T. ) ;
#5081 = AXIS2_PLACEMENT_3D ( 'NONE', #3295, #8696, #1833 ) ;
#5082 = EDGE_LOOP ( 'NONE', ( #3612, #397, #1635, #2893, #7293, #603, #6160, #2195 ) ) ;
#5083 = ORIENTED_EDGE ( 'NONE', *, *, #5528, .T. ) ;
#5084 = CIRCLE ( 'NONE', #4768, 0.9999999999998898659 ) ;
#5085 = ORIENTED_EDGE ( 'NONE', *, *, #2160, .F. ) ;
#5086 = CIRCLE ( 'NONE', #7640, 1.600000000000045830 ) ;
#5087 = FACE_OUTER_BOUND ( 'NONE', #8987, .T. ) ;
#5088 = DIRECTION ( 'NONE',  ( 0.000000000000000000, 1.000000000000000000, 0.000000000000000000 ) ) ;
#5089 = AXIS2_PLACEMENT_3D ( 'NONE', #1928, #9730, #1215 ) ;
#5090 = AXIS2_PLACEMENT_3D ( 'NONE', #4312, #3711, #2155 ) ;
#5091 = CARTESIAN_POINT ( 'NONE',  ( 698.6642957683044415, 895.5760235209022539, 1388.456471688752572 ) ) ;
#5092 = ORIENTED_EDGE ( 'NONE', *, *, #9805, .F. ) ;
#5093 = CARTESIAN_POINT ( 'NONE',  ( 679.5503988948173628, 917.9481165441617350, 1298.224160490111444 ) ) ;
#5094 = EDGE_CURVE ( 'NONE', #1081, #74, #1717, .T. ) ;
#5095 = EDGE_LOOP ( 'NONE', ( #4118, #8755, #1903, #3538, #7076 ) ) ;
#5096 = AXIS2_PLACEMENT_3D ( 'NONE', #8715, #2717, #4148 ) ;
#5097 = VECTOR ( 'NONE', #3367, 1000.000000000000000 ) ;
#5098 = DIRECTION ( 'NONE',  ( -1.000000000000000000, 0.000000000000000000, 0.000000000000000000 ) ) ;
#5099 = ORIENTED_EDGE ( 'NONE', *, *, #3032, .F. ) ;
#5100 = DIRECTION ( 'NONE',  ( -1.000000000000000000, 0.000000000000000000, 0.000000000000000000 ) ) ;
#5101 = ADVANCED_FACE ( 'NONE', ( #4652 ), #6905, .F. ) ;
#5102 = LINE ( 'NONE', #6651, #2065 ) ;
#5103 = DIRECTION ( 'NONE',  ( -1.000000000000000000, -2.551818697650954061E-13, 0.000000000000000000 ) ) ;
#5104 = ORIENTED_EDGE ( 'NONE', *, *, #2333, .F. ) ;
#5105 = CARTESIAN_POINT ( 'NONE',  ( 696.8003988948192955, 907.9481165441649182, 1400.724160490111217 ) ) ;
#5106 = ORIENTED_EDGE ( 'NONE', *, *, #5528, .F. ) ;
#5107 = CARTESIAN_POINT ( 'NONE',  ( 666.5503988948173628, 934.9481165441617350, 1285.224160490111444 ) ) ;
#5108 = EDGE_CURVE ( 'NONE', #8323, #3040, #2209, .T. ) ;
#5109 = CARTESIAN_POINT ( 'NONE',  ( 636.4365020213289199, 920.3202095674208749, 1388.456471688752799 ) ) ;
#5110 = AXIS2_PLACEMENT_3D ( 'NONE', #5996, #1200, #634 ) ;
#5111 = ORIENTED_EDGE ( 'NONE', *, *, #1675, .T. ) ;
#5112 = CARTESIAN_POINT ( 'NONE',  ( 655.5503988948173628, 920.4481165441617350, 1292.224160490111444 ) ) ;
#5113 = VECTOR ( 'NONE', #8247, 1000.000000000000000 ) ;
#5114 = CARTESIAN_POINT ( 'NONE',  ( 670.7572483239337089, 936.0194188511793527, 1284.169901223539000 ) ) ;
#5115 = EDGE_CURVE ( 'NONE', #803, #8254, #6810, .T. ) ;
#5116 = CARTESIAN_POINT ( 'NONE',  ( 667.5503988948173628, 938.9481165441617350, 1288.224160490111444 ) ) ;
#5117 = CARTESIAN_POINT ( 'NONE',  ( 655.7546109051077110, 881.9481165441617350, 1378.224160490111444 ) ) ;
#5118 = DIRECTION ( 'NONE',  ( -0.000000000000000000, 0.000000000000000000, 1.000000000000000000 ) ) ;
#5119 = PLANE ( 'NONE',  #9874 ) ;
#5120 = EDGE_LOOP ( 'NONE', ( #9013, #2547, #5485, #7136 ) ) ;
#5121 = ORIENTED_EDGE ( 'NONE', *, *, #3467, .T. ) ;
#5122 = VERTEX_POINT ( 'NONE', #3116 ) ;
#5123 = EDGE_CURVE ( 'NONE', #5998, #528, #5256, .T. ) ;
#5124 = FILL_AREA_STYLE_COLOUR ( '', #8396 ) ;
#5125 = LINE ( 'NONE', #8177, #5747 ) ;
#5126 = CARTESIAN_POINT ( 'NONE',  ( 653.9794022602545738, 874.3332337866777380, 1378.287071015024367 ) ) ;
#5127 = CARTESIAN_POINT ( 'NONE',  ( 634.0581015253476380, 921.8164066732711035, 1377.498852300739827 ) ) ;
#5128 = ORIENTED_EDGE ( 'NONE', *, *, #6154, .F. ) ;
#5129 = FACE_OUTER_BOUND ( 'NONE', #9197, .T. ) ;
#5130 = CARTESIAN_POINT ( 'NONE',  ( 655.7241577600656228, 942.2147551394880338, 1378.224160490111444 ) ) ;
#5131 = ORIENTED_EDGE ( 'NONE', *, *, #8470, .F. ) ;
#5132 = ORIENTED_EDGE ( 'NONE', *, *, #2110, .T. ) ;
#5133 = ADVANCED_FACE ( 'NONE', ( #6954 ), #6206, .T. ) ;
#5134 = EDGE_LOOP ( 'NONE', ( #7844, #2385, #932, #84, #5426 ) ) ;
#5135 = FACE_OUTER_BOUND ( 'NONE', #4279, .T. ) ;
#5136 = DIRECTION ( 'NONE',  ( -0.000000000000000000, 0.000000000000000000, 1.000000000000000000 ) ) ;
#5137 = FACE_OUTER_BOUND ( 'NONE', #9746, .T. ) ;
#5138 = VERTEX_POINT ( 'NONE', #693 ) ;
#5139 = CARTESIAN_POINT ( 'NONE',  ( 637.0556137636392577, 897.9079971457700822, 1388.295663443997000 ) ) ;
#5140 = CARTESIAN_POINT ( 'NONE',  ( 635.7772425119979971, 919.0969604791197298, 1389.422077785151941 ) ) ;
#5141 = CIRCLE ( 'NONE', #8176, 1.600000000000045830 ) ;
#5142 = CYLINDRICAL_SURFACE ( 'NONE', #2080, 0.9999999999998898659 ) ;
#5143 = AXIS2_PLACEMENT_3D ( 'NONE', #2509, #9467, #2607 ) ;
#5144 = EDGE_LOOP ( 'NONE', ( #3572, #4880 ) ) ;
#5145 = DIRECTION ( 'NONE',  ( 1.000000000000000000, -0.000000000000000000, 0.000000000000000000 ) ) ;
#5146 = CARTESIAN_POINT ( 'NONE',  ( 668.7503988948174083, 877.9481165441617350, 1284.724160490111444 ) ) ;
#5147 = VERTEX_POINT ( 'NONE', #5452 ) ;
#5148 = VECTOR ( 'NONE', #3304, 1000.000000000000000 ) ;
#5149 = CARTESIAN_POINT ( 'NONE',  ( 653.6674201714131414, 874.4619193613596053, 1379.224160490111444 ) ) ;
#5150 = ORIENTED_EDGE ( 'NONE', *, *, #5943, .T. ) ;
#5151 = EDGE_CURVE ( 'NONE', #3967, #2590, #8514, .T. ) ;
#5152 = CARTESIAN_POINT ( 'NONE',  ( 633.6040323385988131, 920.6651756688257819, 1379.031354856918824 ) ) ;
#5153 = CARTESIAN_POINT ( 'NONE',  ( 650.5503988948173628, 920.4481165441617350, 1281.724160490111444 ) ) ;
#5154 = ORIENTED_EDGE ( 'NONE', *, *, #7306, .T. ) ;
#5155 = DIRECTION ( 'NONE',  ( 1.921270678177309696E-15, 1.000000000000000000, -0.000000000000000000 ) ) ;
#5156 = AXIS2_PLACEMENT_3D ( 'NONE', #9616, #1335, #478 ) ;
#5157 = CARTESIAN_POINT ( 'NONE',  ( 671.0992906428784863, 936.3938817173839197, 1285.675899714029129 ) ) ;
#5158 = CYLINDRICAL_SURFACE ( 'NONE', #7534, 1.500000000000056843 ) ;
#5159 = DIRECTION ( 'NONE',  ( -0.000000000000000000, -0.000000000000000000, -1.000000000000000000 ) ) ;
#5160 = DIRECTION ( 'NONE',  ( 0.000000000000000000, -0.000000000000000000, 1.000000000000000000 ) ) ;
#5161 = AXIS2_PLACEMENT_3D ( 'NONE', #7025, #8682, #9339 ) ;
#5162 = CYLINDRICAL_SURFACE ( 'NONE', #3794, 0.9999999999998898659 ) ;
#5163 = EDGE_LOOP ( 'NONE', ( #7194, #3387, #6654, #630 ) ) ;
#5164 = ORIENTED_EDGE ( 'NONE', *, *, #5094, .T. ) ;
#5165 = EDGE_CURVE ( 'NONE', #8807, #3024, #9401, .T. ) ;
#5166 = ORIENTED_EDGE ( 'NONE', *, *, #9041, .F. ) ;
#5167 = DIRECTION ( 'NONE',  ( -4.042157604976728437E-15, 1.000000000000000000, 0.000000000000000000 ) ) ;
#5168 = EDGE_CURVE ( 'NONE', #3656, #9877, #1652, .T. ) ;
#5169 = ADVANCED_FACE ( 'NONE', ( #2568 ), #7855, .F. ) ;
#5170 = DIRECTION ( 'NONE',  ( 0.000000000000000000, 0.000000000000000000, -1.000000000000000000 ) ) ;
#5171 = DIRECTION ( 'NONE',  ( 1.000000000000000000, -1.110223024625155531E-13, 0.000000000000000000 ) ) ;
#5172 = EDGE_LOOP ( 'NONE', ( #1118, #1690, #3298, #3844 ) ) ;
#5173 =( BOUNDED_CURVE ( )  B_SPLINE_CURVE ( 3, ( #3474, #8736, #9635, #7372 ),
 .UNSPECIFIED., .F., .F. ) 
 B_SPLINE_CURVE_WITH_KNOTS ( ( 4, 4 ),
 ( 1.036596895015685638, 1.570796326794896114 ),
 .UNSPECIFIED. ) 
 CURVE ( )  GEOMETRIC_REPRESENTATION_ITEM ( )  RATIONAL_B_SPLINE_CURVE ( ( 1.000000000000000000, 0.9763602925206917860, 0.9763602925206917860, 1.000000000000000000 ) ) 
 REPRESENTATION_ITEM ( '' )  );
#5174 = LINE ( 'NONE', #1376, #7634 ) ;
#5175 = CARTESIAN_POINT ( 'NONE',  ( 655.7954442615729249, 941.0900748384921144, 1378.199644120240919 ) ) ;
#5176 = ORIENTED_EDGE ( 'NONE', *, *, #9687, .F. ) ;
#5177 = VERTEX_POINT ( 'NONE', #7900 ) ;
#5178 = VERTEX_POINT ( 'NONE', #1047 ) ;
#5179 = AXIS2_PLACEMENT_3D ( 'NONE', #484, #1197, #9474 ) ;
#5180 = AXIS2_PLACEMENT_3D ( 'NONE', #2261, #3910, #798 ) ;
#5181 = DIRECTION ( 'NONE',  ( 0.000000000000000000, -1.000000000000000000, 0.000000000000000000 ) ) ;
#5182 = DIRECTION ( 'NONE',  ( -1.000000000000000000, 0.000000000000000000, 0.000000000000000000 ) ) ;
#5183 = DIRECTION ( 'NONE',  ( -0.000000000000000000, 1.000000000000000000, -0.000000000000000000 ) ) ;
#5184 = ORIENTED_EDGE ( 'NONE', *, *, #9172, .T. ) ;
#5185 = CARTESIAN_POINT ( 'NONE',  ( 636.0537698478076436, 897.9481165441580970, 1389.386165144144798 ) ) ;
#5186 = CARTESIAN_POINT ( 'NONE',  ( 687.3503988948174310, 928.9481165441617350, 1292.724160490111444 ) ) ;
#5187 = VECTOR ( 'NONE', #963, 1000.000000000000000 ) ;
#5188 = DIRECTION ( 'NONE',  ( 0.9281954438825664733, -0.3720930232558056217, 0.000000000000000000 ) ) ;
#5189 = ORIENTED_EDGE ( 'NONE', *, *, #7777, .T. ) ;
#5190 = AXIS2_PLACEMENT_3D ( 'NONE', #8250, #3745, #8304 ) ;
#5191 = AXIS2_PLACEMENT_3D ( 'NONE', #453, #1161, #496 ) ;
#5192 = LINE ( 'NONE', #531, #883 ) ;
#5193 = CARTESIAN_POINT ( 'NONE',  ( 697.6353565052082786, 924.4471660757835707, 1388.994242710729168 ) ) ;
#5194 = CARTESIAN_POINT ( 'NONE',  ( 681.4333776182216980, 874.4619193613596053, 1379.224160490111444 ) ) ;
#5195 = ORIENTED_EDGE ( 'NONE', *, *, #9450, .T. ) ;
#5196 = ORIENTED_EDGE ( 'NONE', *, *, #4437, .F. ) ;
#5197 = CIRCLE ( 'NONE', #873, 0.8000000000000229150 ) ;
#5198 = DIRECTION ( 'NONE',  ( 0.000000000000000000, 0.000000000000000000, 1.000000000000000000 ) ) ;
#5199 = DIRECTION ( 'NONE',  ( -1.000000000000000000, 0.000000000000000000, 0.000000000000000000 ) ) ;
#5200 = LINE ( 'NONE', #3755, #9415 ) ;
#5201 = AXIS2_PLACEMENT_3D ( 'NONE', #6212, #2416, #6311 ) ;
#5202 = ORIENTED_EDGE ( 'NONE', *, *, #6819, .F. ) ;
#5203 = CARTESIAN_POINT ( 'NONE',  ( 635.7927661964637309, 907.9481165441582107, 1399.724160490111444 ) ) ;
#5204 = AXIS2_PLACEMENT_3D ( 'NONE', #1524, #116, #817 ) ;
#5205 = DIRECTION ( 'NONE',  ( -0.000000000000000000, 1.000000000000000000, -0.000000000000000000 ) ) ;
#5206 = ADVANCED_FACE ( 'NONE', ( #4050 ), #7103, .F. ) ;
#5207 = FACE_OUTER_BOUND ( 'NONE', #1146, .T. ) ;
#5208 = CARTESIAN_POINT ( 'NONE',  ( 695.8174274026412149, 889.3742365924738351, 1388.224160490111444 ) ) ;
#5209 = AXIS2_PLACEMENT_3D ( 'NONE', #5499, #3950, #6195 ) ;
#5210 = LINE ( 'NONE', #2314, #291 ) ;
#5211 = EDGE_CURVE ( 'NONE', #8422, #4093, #3312, .T. ) ;
#5212 = CARTESIAN_POINT ( 'NONE',  ( 674.5503988948194092, 939.7057492425150258, 1397.724160490111217 ) ) ;
#5213 = ORIENTED_EDGE ( 'NONE', *, *, #7734, .F. ) ;
#5214 = VERTEX_POINT ( 'NONE', #8625 ) ;
#5215 = ORIENTED_EDGE ( 'NONE', *, *, #3030, .F. ) ;
#5216 = DIRECTION ( 'NONE',  ( -0.000000000000000000, -1.000000000000000000, -0.000000000000000000 ) ) ;
#5217 = ADVANCED_FACE ( 'NONE', ( #3413 ), #147, .T. ) ;
#5218 = DIRECTION ( 'NONE',  ( -1.000000000000000000, 0.000000000000000000, 0.000000000000000000 ) ) ;
#5219 = CARTESIAN_POINT ( 'NONE',  ( 655.0503988948174765, 874.6267645307755174, 1377.224160490111444 ) ) ;
#5220 = CARTESIAN_POINT ( 'NONE',  ( 682.5503988948173628, 888.9481165441617350, 1288.224160490111444 ) ) ;
#5221 = EDGE_LOOP ( 'NONE', ( #2911, #708, #506, #3286 ) ) ;
#5222 = CARTESIAN_POINT ( 'NONE',  ( 655.5503988948173628, 917.9481165441617350, 1298.224160490111444 ) ) ;
#5223 = CARTESIAN_POINT ( 'NONE',  ( 679.3766400359693307, 873.6814779510443714, 1377.361116333882137 ) ) ;
#5224 = VERTEX_POINT ( 'NONE', #4901 ) ;
#5225 = ORIENTED_EDGE ( 'NONE', *, *, #869, .T. ) ;
#5226 = EDGE_CURVE ( 'NONE', #8342, #1362, #6307, .T. ) ;
#5227 = VECTOR ( 'NONE', #3310, 1000.000000000000000 ) ;
#5228 = ORIENTED_EDGE ( 'NONE', *, *, #8794, .T. ) ;
#5229 = LINE ( 'NONE', #8291, #2177 ) ;
#5230 = DIRECTION ( 'NONE',  ( 0.000000000000000000, -1.000000000000000000, 0.000000000000000000 ) ) ;
#5231 =( BOUNDED_CURVE ( )  B_SPLINE_CURVE ( 3, ( #8621, #9221, #2359, #6903 ),
 .UNSPECIFIED., .F., .T. ) 
 B_SPLINE_CURVE_WITH_KNOTS ( ( 4, 4 ),
 ( 0.2541247495556178126, 0.8028779083776226289 ),
 .UNSPECIFIED. ) 
 CURVE ( )  GEOMETRIC_REPRESENTATION_ITEM ( )  RATIONAL_B_SPLINE_CURVE ( ( 1.000000000000000000, 0.9750628656958830742, 0.9750628656958830742, 1.000000000000000000 ) ) 
 REPRESENTATION_ITEM ( '' )  );
#5232 = CARTESIAN_POINT ( 'NONE',  ( 689.7503988948174083, 928.9481165441617350, 1295.724160490111444 ) ) ;
#5233 = LINE ( 'NONE', #6790, #8684 ) ;
#5234 = VERTEX_POINT ( 'NONE', #8003 ) ;
#5235 = CARTESIAN_POINT ( 'NONE',  ( 636.3530575054467135, 895.8929202188470526, 1388.478145588980624 ) ) ;
#5236 = CARTESIAN_POINT ( 'NONE',  ( 646.3371954592175825, 889.2349131085609315, 1339.722160490111492 ) ) ;
#5237 = VECTOR ( 'NONE', #8739, 1000.000000000000000 ) ;
#5238 = DIRECTION ( 'NONE',  ( -1.000000000000000000, 0.000000000000000000, 0.000000000000000000 ) ) ;
#5239 = ORIENTED_EDGE ( 'NONE', *, *, #3404, .T. ) ;
#5240 = EDGE_CURVE ( 'NONE', #4464, #8678, #7652, .T. ) ;
#5241 = CIRCLE ( 'NONE', #6365, 1.000000000000000888 ) ;
#5242 = CARTESIAN_POINT ( 'NONE',  ( 655.5503988948173628, 920.4481165441617350, 1292.224160490111444 ) ) ;
#5243 = AXIS2_PLACEMENT_3D ( 'NONE', #2104, #3111, #7600 ) ;
#5244 = DIRECTION ( 'NONE',  ( -3.580469254416132998E-15, -1.000000000000000000, -2.703465157366451580E-15 ) ) ;
#5245 = AXIS2_PLACEMENT_3D ( 'NONE', #21, #3939, #2545 ) ;
#5246 = FACE_OUTER_BOUND ( 'NONE', #1417, .T. ) ;
#5247 = AXIS2_PLACEMENT_3D ( 'NONE', #3447, #574, #3540 ) ;
#5248 = ORIENTED_EDGE ( 'NONE', *, *, #5038, .T. ) ;
#5249 = ORIENTED_EDGE ( 'NONE', *, *, #6006, .F. ) ;
#5250 = DIRECTION ( 'NONE',  ( -1.000000000000000000, -6.800116025829082232E-15, 0.000000000000000000 ) ) ;
#5251 = CARTESIAN_POINT ( 'NONE',  ( 701.4562240215947213, 920.7727602660436332, 1378.977350184485658 ) ) ;
#5252 = VECTOR ( 'NONE', #5205, 1000.000000000000000 ) ;
#5253 = DIRECTION ( 'NONE',  ( -0.000000000000000000, -0.000000000000000000, -1.000000000000000000 ) ) ;
#5254 = EDGE_LOOP ( 'NONE', ( #4635, #2421, #298, #263, #5036, #6620 ) ) ;
#5255 = DIRECTION ( 'NONE',  ( 0.000000000000000000, 0.000000000000000000, -1.000000000000000000 ) ) ;
#5256 = LINE ( 'NONE', #6152, #7014 ) ;
#5257 = FACE_OUTER_BOUND ( 'NONE', #5446, .T. ) ;
#5258 = AXIS2_PLACEMENT_3D ( 'NONE', #117, #7829, #7181 ) ;
#5259 = CARTESIAN_POINT ( 'NONE',  ( 674.5503988948194092, 939.7057492425150258, 1397.724160490111217 ) ) ;
#5260 = CARTESIAN_POINT ( 'NONE',  ( 672.5503988948173628, 938.9481165441617350, 1283.224160490111672 ) ) ;
#5261 = FACE_OUTER_BOUND ( 'NONE', #9098, .T. ) ;
#5262 = ORIENTED_EDGE ( 'NONE', *, *, #6564, .F. ) ;
#5263 = VERTEX_POINT ( 'NONE', #5610 ) ;
#5264 = VECTOR ( 'NONE', #8302, 1000.000000000000000 ) ;
#5265 = EDGE_LOOP ( 'NONE', ( #9793, #4593, #6292, #2219, #1587 ) ) ;
#5266 = PLANE ( 'NONE',  #7751 ) ;
#5267 = LINE ( 'NONE', #1601, #5905 ) ;
#5268 = CARTESIAN_POINT ( 'NONE',  ( 634.9879588756788280, 920.4481165441617350, 1377.224160490111444 ) ) ;
#5269 = CARTESIAN_POINT ( 'NONE',  ( 646.3371954592175825, 886.7349131085609315, 1390.724160490111444 ) ) ;
#5270 = VERTEX_POINT ( 'NONE', #6361 ) ;
#5271 = DIRECTION ( 'NONE',  ( 0.000000000000000000, -0.000000000000000000, -1.000000000000000000 ) ) ;
#5272 = EDGE_CURVE ( 'NONE', #7521, #6297, #2617, .T. ) ;
#5273 = EDGE_LOOP ( 'NONE', ( #6659, #7087, #640, #6575 ) ) ;
#5274 = ORIENTED_EDGE ( 'NONE', *, *, #1991, .T. ) ;
#5275 = EDGE_CURVE ( 'NONE', #731, #5892, #9430, .T. ) ;
#5276 = EDGE_LOOP ( 'NONE', ( #8886, #3817, #3055, #7583 ) ) ;
#5277 = DIRECTION ( 'NONE',  ( -3.358424649491096957E-15, 1.000000000000000000, 0.000000000000000000 ) ) ;
#5278 = FACE_BOUND ( 'NONE', #8447, .T. ) ;
#5279 = ADVANCED_FACE ( 'NONE', ( #5655 ), #6412, .F. ) ;
#5280 = FACE_OUTER_BOUND ( 'NONE', #2847, .T. ) ;
#5281 = EDGE_CURVE ( 'NONE', #7761, #8861, #953, .T. ) ;
#5282 = CARTESIAN_POINT ( 'NONE',  ( 655.7241577600656228, 942.2147551394880338, 1379.224160490111444 ) ) ;
#5283 = ORIENTED_EDGE ( 'NONE', *, *, #9586, .F. ) ;
#5284 = CARTESIAN_POINT ( 'NONE',  ( 635.7314834293829335, 895.2743297732082510, 1388.639593400944932 ) ) ;
#5285 = CARTESIAN_POINT ( 'NONE',  ( 637.3669776021007465, 897.0824942593123978, 1388.224160490111444 ) ) ;
#5286 = EDGE_CURVE ( 'NONE', #5704, #1768, #344, .T. ) ;
#5287 = CARTESIAN_POINT ( 'NONE',  ( 635.7927661964695289, 907.9481165441651456, 1399.724160490111444 ) ) ;
#5288 = ORIENTED_EDGE ( 'NONE', *, *, #5412, .T. ) ;
#5289 = EDGE_CURVE ( 'NONE', #9267, #9811, #9524, .T. ) ;
#5290 =( BOUNDED_CURVE ( )  B_SPLINE_CURVE ( 3, ( #9127, #2260, #8369, #1507 ),
 .UNSPECIFIED., .F., .T. ) 
 B_SPLINE_CURVE_WITH_KNOTS ( ( 4, 4 ),
 ( 0.1347854551706632042, 0.7679184184170696481 ),
 .UNSPECIFIED. ) 
 CURVE ( )  GEOMETRIC_REPRESENTATION_ITEM ( )  RATIONAL_B_SPLINE_CURVE ( ( 1.000000000000000000, 0.9668732604941396858, 0.9668732604941396858, 1.000000000000000000 ) ) 
 REPRESENTATION_ITEM ( '' )  );
#5291 = LINE ( 'NONE', #8967, #2814 ) ;
#5292 = CARTESIAN_POINT ( 'NONE',  ( 661.5503988948173628, 888.9481165441617350, 1377.224160490111444 ) ) ;
#5293 = EDGE_CURVE ( 'NONE', #9167, #2400, #4955, .T. ) ;
#5294 = CARTESIAN_POINT ( 'NONE',  ( 698.6642957683044415, 895.5760235209022539, 1388.456471688752572 ) ) ;
#5295 = ORIENTED_EDGE ( 'NONE', *, *, #1129, .F. ) ;
#5296 = VERTEX_POINT ( 'NONE', #1913 ) ;
#5297 =( GEOMETRIC_REPRESENTATION_CONTEXT ( 3 ) GLOBAL_UNCERTAINTY_ASSIGNED_CONTEXT ( ( #4743 ) ) GLOBAL_UNIT_ASSIGNED_CONTEXT ( ( #9634, #2823, #30 ) ) REPRESENTATION_CONTEXT ( 'NONE', 'WORKASPACE' ) );
#5298 = CYLINDRICAL_SURFACE ( 'NONE', #1381, 0.8000000000000229150 ) ;
#5299 = DIRECTION ( 'NONE',  ( 1.000000000000000000, 0.000000000000000000, 0.000000000000000000 ) ) ;
#5300 = LINE ( 'NONE', #8361, #8120 ) ;
#5301 = DIRECTION ( 'NONE',  ( -0.000000000000000000, 0.000000000000000000, -1.000000000000000000 ) ) ;
#5302 = FACE_OUTER_BOUND ( 'NONE', #2975, .T. ) ;
#5303 = CARTESIAN_POINT ( 'NONE',  ( 701.0607332457423126, 921.7732238096250512, 1377.765580198968337 ) ) ;
#5304 = VECTOR ( 'NONE', #6930, 1000.000000000000000 ) ;
#5305 = CIRCLE ( 'NONE', #7545, 1.600000000000045830 ) ;
#5306 = DIRECTION ( 'NONE',  ( 1.000000000000000000, -1.921270678177309696E-15, 0.000000000000000000 ) ) ;
#5307 = DIRECTION ( 'NONE',  ( 1.000000000000000000, -4.968248035197575518E-15, -0.000000000000000000 ) ) ;
#5308 = PLANE ( 'NONE',  #6616 ) ;
#5309 = FACE_BOUND ( 'NONE', #2449, .T. ) ;
#5310 = VERTEX_POINT ( 'NONE', #1760 ) ;
#5311 = EDGE_LOOP ( 'NONE', ( #3680, #1111, #5741 ) ) ;
#5312 = AXIS2_PLACEMENT_3D ( 'NONE', #973, #9452, #5631 ) ;
#5313 = DIRECTION ( 'NONE',  ( -0.000000000000000000, -0.000000000000000000, 1.000000000000000000 ) ) ;
#5314 = CARTESIAN_POINT ( 'NONE',  ( 657.5503988948173628, 920.4481165441617350, 1298.224160490111444 ) ) ;
#5315 = FACE_OUTER_BOUND ( 'NONE', #7676, .T. ) ;
#5316 = EDGE_LOOP ( 'NONE', ( #5443, #4091, #1126, #6518, #8362, #2086 ) ) ;
#5317 = DIRECTION ( 'NONE',  ( -1.000000000000000000, 1.893515102561680783E-15, 0.000000000000000000 ) ) ;
#5318 = CARTESIAN_POINT ( 'NONE',  ( 653.8872078688420970, 941.5246427312287096, 1378.133567270669573 ) ) ;
#5319 = VERTEX_POINT ( 'NONE', #2515 ) ;
#5320 = ORIENTED_EDGE ( 'NONE', *, *, #2419, .F. ) ;
#5321 = ORIENTED_EDGE ( 'NONE', *, *, #6568, .T. ) ;
#5322 = LINE ( 'NONE', #6733, #6862 ) ;
#5323 = FACE_OUTER_BOUND ( 'NONE', #4132, .T. ) ;
#5324 = CARTESIAN_POINT ( 'NONE',  ( 699.3410928477920834, 895.2039304976464109, 1394.724160490111444 ) ) ;
#5325 = ORIENTED_EDGE ( 'NONE', *, *, #7377, .T. ) ;
#5326 = SPHERICAL_SURFACE ( 'NONE', #7225, 1.000000000000000000 ) ;
#5327 = EDGE_CURVE ( 'NONE', #1241, #9330, #1151, .T. ) ;
#5328 = CARTESIAN_POINT ( 'NONE',  ( 699.4386517513743229, 919.4115269589600530, 1389.437025379143961 ) ) ;
#5329 = ORIENTED_EDGE ( 'NONE', *, *, #4167, .T. ) ;
#5330 = CIRCLE ( 'NONE', #1184, 1.000000000000000888 ) ;
#5331 = TOROIDAL_SURFACE ( 'NONE', #1957, 2.000000000000000000, 1.000000000000000000 ) ;
#5332 = LINE ( 'NONE', #23, #467 ) ;
#5333 = ORIENTED_EDGE ( 'NONE', *, *, #195, .T. ) ;
#5334 = EDGE_CURVE ( 'NONE', #9753, #112, #6253, .T. ) ;
#5335 = DIRECTION ( 'NONE',  ( 1.000000000000000000, 0.000000000000000000, 0.000000000000000000 ) ) ;
#5336 = FACE_OUTER_BOUND ( 'NONE', #5541, .T. ) ;
#5337 = AXIS2_PLACEMENT_3D ( 'NONE', #8650, #4080, #171 ) ;
#5338 = EDGE_CURVE ( 'NONE', #8023, #361, #488, .T. ) ;
#5339 = CARTESIAN_POINT ( 'NONE',  ( 699.3080315931698578, 914.9481165441651456, 1397.724160490111217 ) ) ;
#5340 = ADVANCED_FACE ( 'NONE', ( #1247 ), #7359, .T. ) ;
#5341 = ORIENTED_EDGE ( 'NONE', *, *, #7862, .F. ) ;
#5342 = VERTEX_POINT ( 'NONE', #9712 ) ;
#5343 = EDGE_CURVE ( 'NONE', #3819, #7135, #7969, .T. ) ;
#5344 = CARTESIAN_POINT ( 'NONE',  ( 667.5503988948141796, 900.9481165441580970, 1397.724160490111217 ) ) ;
#5345 = CARTESIAN_POINT ( 'NONE',  ( 682.5503988948173628, 909.4481165441617350, 1288.224160490111444 ) ) ;
#5346 = CARTESIAN_POINT ( 'NONE',  ( 658.5503988948194092, 940.7057492425150258, 1374.668558774804069 ) ) ;
#5347 =( BOUNDED_CURVE ( )  B_SPLINE_CURVE ( 3, ( #8060, #1207, #5904, #351 ),
 .UNSPECIFIED., .F., .F. ) 
 B_SPLINE_CURVE_WITH_KNOTS ( ( 4, 4 ),
 ( 4.458264230828933528, 4.712388980384687898 ),
 .UNSPECIFIED. ) 
 CURVE ( )  GEOMETRIC_REPRESENTATION_ITEM ( )  RATIONAL_B_SPLINE_CURVE ( ( 1.000000000000000000, 0.9946256208567332280, 0.9946256208567332280, 1.000000000000000000 ) ) 
 REPRESENTATION_ITEM ( '' )  );
#5348 = AXIS2_PLACEMENT_3D ( 'NONE', #3772, #1467, #3722 ) ;
#5349 = ADVANCED_FACE ( 'NONE', ( #5056 ), #8252, .T. ) ;
#5350 = CYLINDRICAL_SURFACE ( 'NONE', #1544, 0.9999999999998898659 ) ;
#5351 = DIRECTION ( 'NONE',  ( 0.000000000000000000, 1.000000000000000000, -2.602085213965209163E-16 ) ) ;
#5352 = CARTESIAN_POINT ( 'NONE',  ( 700.1128389136991927, 920.4481165441617350, 1377.360190054644136 ) ) ;
#5353 = CIRCLE ( 'NONE', #8568, 3.000000000000002665 ) ;
#5354 = LINE ( 'NONE', #2970, #2457 ) ;
#5355 = DIRECTION ( 'NONE',  ( 0.000000000000000000, 0.000000000000000000, -1.000000000000000000 ) ) ;
#5356 = DIRECTION ( 'NONE',  ( 0.000000000000000000, 0.000000000000000000, -1.000000000000000000 ) ) ;
#5357 = DIRECTION ( 'NONE',  ( 1.000000000000000000, 3.358424649491096563E-15, -0.000000000000000000 ) ) ;
#5358 = ORIENTED_EDGE ( 'NONE', *, *, #9313, .F. ) ;
#5359 = ORIENTED_EDGE ( 'NONE', *, *, #3527, .F. ) ;
#5360 = EDGE_LOOP ( 'NONE', ( #3569, #183, #1388, #102, #8893, #4674, #2559, #7712 ) ) ;
#5361 = LINE ( 'NONE', #4513, #4390 ) ;
#5362 = VECTOR ( 'NONE', #5614, 1000.000000000000000 ) ;
#5363 = EDGE_CURVE ( 'NONE', #528, #6989, #4248, .T. ) ;
#5364 = CARTESIAN_POINT ( 'NONE',  ( 634.7927661964636172, 907.9481165441582107, 1394.724160490111444 ) ) ;
#5365 = DIRECTION ( 'NONE',  ( -1.000000000000000000, 0.000000000000000000, 0.000000000000000000 ) ) ;
#5366 = ORIENTED_EDGE ( 'NONE', *, *, #6996, .T. ) ;
#5367 = DIRECTION ( 'NONE',  ( 0.000000000000000000, -0.000000000000000000, 1.000000000000000000 ) ) ;
#5368 = LINE ( 'NONE', #9239, #4760 ) ;
#5369 = ORIENTED_EDGE ( 'NONE', *, *, #9766, .T. ) ;
#5370 = VERTEX_POINT ( 'NONE', #439 ) ;
#5371 = EDGE_LOOP ( 'NONE', ( #9204, #229, #702, #5776, #1877 ) ) ;
#5372 = CARTESIAN_POINT ( 'NONE',  ( 699.3080315931637188, 898.9481165441580970, 1397.724160490111217 ) ) ;
#5373 = FACE_OUTER_BOUND ( 'NONE', #3949, .T. ) ;
#5374 = DIRECTION ( 'NONE',  ( 0.000000000000000000, -0.000000000000000000, -1.000000000000000000 ) ) ;
#5375 = CARTESIAN_POINT ( 'NONE',  ( 667.9506674428459974, 936.4478300929041552, 1284.994988792911954 ) ) ;
#5376 = VERTEX_POINT ( 'NONE', #9623 ) ;
#5377 = PLANE ( 'NONE',  #991 ) ;
#5378 = CARTESIAN_POINT ( 'NONE',  ( 648.8371954592226984, 936.0871450286239224, 1388.224160490111444 ) ) ;
#5379 = VECTOR ( 'NONE', #4096, 1000.000000000000000 ) ;
#5380 = DIRECTION ( 'NONE',  ( -0.000000000000000000, -1.000000000000000000, -0.000000000000000000 ) ) ;
#5381 = ORIENTED_EDGE ( 'NONE', *, *, #225, .T. ) ;
#5382 = ORIENTED_EDGE ( 'NONE', *, *, #7648, .T. ) ;
#5383 = EDGE_LOOP ( 'NONE', ( #8333, #8356, #6173, #8203 ) ) ;
#5384 = LINE ( 'NONE', #8451, #7750 ) ;
#5385 = CARTESIAN_POINT ( 'NONE',  ( 634.9879588756788280, 921.4481165441617350, 1281.724160490111444 ) ) ;
#5386 = EDGE_CURVE ( 'NONE', #9552, #9648, #2763, .T. ) ;
#5387 = AXIS2_PLACEMENT_3D ( 'NONE', #5212, #4613, #7662 ) ;
#5388 = FACE_OUTER_BOUND ( 'NONE', #8094, .T. ) ;
#5389 = ORIENTED_EDGE ( 'NONE', *, *, #3071, .T. ) ;
#5390 = CARTESIAN_POINT ( 'NONE',  ( 638.3003988948141796, 907.9481165441582107, 1400.724160490111217 ) ) ;
#5391 = EDGE_CURVE ( 'NONE', #9449, #7029, #6376, .T. ) ;
#5392 = VERTEX_POINT ( 'NONE', #8969 ) ;
#5393 = LINE ( 'NONE', #3998, #9548 ) ;
#5394 = EDGE_CURVE ( 'NONE', #8498, #7911, #583, .T. ) ;
#5395 = DIRECTION ( 'NONE',  ( 0.000000000000000000, 0.000000000000000000, 1.000000000000000000 ) ) ;
#5396 = DIRECTION ( 'NONE',  ( -1.000000000000000000, -6.483054158395074660E-15, 0.000000000000000000 ) ) ;
#5397 = CIRCLE ( 'NONE', #753, 0.8000000000000229150 ) ;
#5398 = EDGE_CURVE ( 'NONE', #9079, #8678, #1575, .T. ) ;
#5399 = AXIS2_PLACEMENT_3D ( 'NONE', #6607, #9674, #6468 ) ;
#5400 = EDGE_CURVE ( 'NONE', #7203, #1254, #5102, .T. ) ;
#5401 = DIRECTION ( 'NONE',  ( -1.000000000000000000, 0.000000000000000000, 0.000000000000000000 ) ) ;
#5402 = DIRECTION ( 'NONE',  ( -0.000000000000000000, 0.000000000000000000, 1.000000000000000000 ) ) ;
#5403 = CIRCLE ( 'NONE', #307, 1.600000000000045830 ) ;
#5404 = VECTOR ( 'NONE', #4362, 1000.000000000000000 ) ;
#5405 = ADVANCED_FACE ( 'NONE', ( #6509 ), #5796, .F. ) ;
#5406 = CYLINDRICAL_SURFACE ( 'NONE', #6393, 34.25000000000000000 ) ;
#5407 = CIRCLE ( 'NONE', #4937, 0.8000000000000229150 ) ;
#5408 = CARTESIAN_POINT ( 'NONE',  ( 667.5503988948192955, 907.9481165441652593, 1390.724160490111444 ) ) ;
#5409 = PLANE ( 'NONE',  #9581 ) ;
#5410 = AXIS2_PLACEMENT_3D ( 'NONE', #3895, #3151, #4492 ) ;
#5411 = PLANE ( 'NONE',  #6994 ) ;
#5412 = EDGE_CURVE ( 'NONE', #4662, #6503, #5895, .T. ) ;
#5413 = EDGE_LOOP ( 'NONE', ( #5805, #6075, #3084, #164 ) ) ;
#5414 = ORIENTED_EDGE ( 'NONE', *, *, #6872, .F. ) ;
#5415 = EDGE_LOOP ( 'NONE', ( #3175, #5288, #1901, #2326, #6548, #7437 ) ) ;
#5416 = LINE ( 'NONE', #910, #6313 ) ;
#5417 = EDGE_CURVE ( 'NONE', #6643, #5673, #4392, .T. ) ;
#5418 = AXIS2_PLACEMENT_3D ( 'NONE', #2187, #2134, #5182 ) ;
#5419 = DIRECTION ( 'NONE',  ( -1.000000000000000000, -6.483054158395074660E-15, 0.000000000000000000 ) ) ;
#5420 = LINE ( 'NONE', #5857, #2294 ) ;
#5421 = VERTEX_POINT ( 'NONE', #5846 ) ;
#5422 = CARTESIAN_POINT ( 'NONE',  ( 653.6674201714131414, 941.4343137269638646, 1377.224160490111444 ) ) ;
#5423 = CARTESIAN_POINT ( 'NONE',  ( 679.3766400295691028, 873.6814779488354361, 1377.224160490111444 ) ) ;
#5424 = ORIENTED_EDGE ( 'NONE', *, *, #454, .T. ) ;
#5425 = ADVANCED_FACE ( 'NONE', ( #2006, #9570, #4297 ), #9666, .T. ) ;
#5426 = ORIENTED_EDGE ( 'NONE', *, *, #1602, .F. ) ;
#5427 = ORIENTED_EDGE ( 'NONE', *, *, #9145, .F. ) ;
#5428 = CYLINDRICAL_SURFACE ( 'NONE', #3614, 2.000000000000001776 ) ;
#5429 = AXIS2_PLACEMENT_3D ( 'NONE', #8097, #7355, #2714 ) ;
#5430 = DIRECTION ( 'NONE',  ( -1.893515102561680783E-15, -1.000000000000000000, -0.000000000000000000 ) ) ;
#5431 = LINE ( 'NONE', #3192, #4776 ) ;
#5432 = DIRECTION ( 'NONE',  ( -0.000000000000000000, -0.000000000000000000, -1.000000000000000000 ) ) ;
#5433 = EDGE_LOOP ( 'NONE', ( #9192, #5176 ) ) ;
#5434 = CARTESIAN_POINT ( 'NONE',  ( 688.7636023304157789, 929.1613199797623110, 1388.224160490111444 ) ) ;
#5435 = CARTESIAN_POINT ( 'NONE',  ( 646.3371954592226984, 926.6613199797615152, 1390.724160490111444 ) ) ;
#5436 = FACE_OUTER_BOUND ( 'NONE', #6466, .T. ) ;
#5437 = VERTEX_POINT ( 'NONE', #9761 ) ;
#5438 = VERTEX_POINT ( 'NONE', #8820 ) ;
#5439 = VERTEX_POINT ( 'NONE', #2908 ) ;
#5440 = DIRECTION ( 'NONE',  ( 0.000000000000000000, 0.000000000000000000, -1.000000000000000000 ) ) ;
#5441 = CARTESIAN_POINT ( 'NONE',  ( 669.0503988948173628, 888.9481165441617350, 1288.224160490111444 ) ) ;
#5442 = CARTESIAN_POINT ( 'NONE',  ( 699.3080315931637188, 897.9481165441580970, 1394.724160490111444 ) ) ;
#5443 = ORIENTED_EDGE ( 'NONE', *, *, #9084, .T. ) ;
#5444 = ADVANCED_FACE ( 'NONE', ( #1958 ), #5945, .T. ) ;
#5445 = DIRECTION ( 'NONE',  ( 0.000000000000000000, -0.000000000000000000, -1.000000000000000000 ) ) ;
#5446 = EDGE_LOOP ( 'NONE', ( #7248, #6870, #4273, #1154, #5780 ) ) ;
#5447 = DIRECTION ( 'NONE',  ( 1.000000000000000000, 0.000000000000000000, 0.000000000000000000 ) ) ;
#5448 = DIRECTION ( 'NONE',  ( -0.000000000000000000, -0.000000000000000000, -1.000000000000000000 ) ) ;
#5449 = CARTESIAN_POINT ( 'NONE',  ( 654.0503988948173628, 875.3856765250230865, 1379.224160490111444 ) ) ;
#5450 = DIRECTION ( 'NONE',  ( 0.000000000000000000, 0.000000000000000000, -1.000000000000000000 ) ) ;
#5451 = DIRECTION ( 'NONE',  ( 0.000000000000000000, -1.000000000000000000, 0.000000000000000000 ) ) ;
#5452 = CARTESIAN_POINT ( 'NONE',  ( 680.3685807129992327, 881.6328997535111966, 1377.224160490111444 ) ) ;
#5453 = CARTESIAN_POINT ( 'NONE',  ( 696.8003988948192955, 917.9481165441650319, 1400.724160490111217 ) ) ;
#5454 = VECTOR ( 'NONE', #3452, 1000.000000000000000 ) ;
#5455 = ADVANCED_FACE ( 'NONE', ( #7591 ), #729, .F. ) ;
#5456 = FACE_OUTER_BOUND ( 'NONE', #3548, .T. ) ;
#5457 = DIRECTION ( 'NONE',  ( -1.000000000000000000, 0.000000000000000000, 0.000000000000000000 ) ) ;
#5458 = DIRECTION ( 'NONE',  ( -1.000000000000000000, 0.000000000000000000, 0.000000000000000000 ) ) ;
#5459 = CARTESIAN_POINT ( 'NONE',  ( 636.5267492395728368, 922.6057139634041278, 1389.230940108058348 ) ) ;
#5460 = AXIS2_PLACEMENT_3D ( 'NONE', #896, #5650, #4806 ) ;
#5461 = ORIENTED_EDGE ( 'NONE', *, *, #3050, .T. ) ;
#5462 = VERTEX_POINT ( 'NONE', #7692 ) ;
#5463 = CIRCLE ( 'NONE', #2439, 2.000000000000001776 ) ;
#5464 = ORIENTED_EDGE ( 'NONE', *, *, #936, .T. ) ;
#5465 = EDGE_CURVE ( 'NONE', #8599, #5632, #3350, .T. ) ;
#5466 = DIRECTION ( 'NONE',  ( 0.000000000000000000, 0.000000000000000000, 1.000000000000000000 ) ) ;
#5467 = VECTOR ( 'NONE', #5837, 1000.000000000000000 ) ;
#5468 = CARTESIAN_POINT ( 'NONE',  ( 655.7241577600656228, 873.6814779488354361, 1388.224160490111444 ) ) ;
#5469 = ADVANCED_FACE ( 'NONE', ( #3793 ), #27, .F. ) ;
#5470 = CARTESIAN_POINT ( 'NONE',  ( 696.5357139502339123, 889.7021851856866306, 1390.724160490111444 ) ) ;
#5471 = ORIENTED_EDGE ( 'NONE', *, *, #1071, .F. ) ;
#5472 = CYLINDRICAL_SURFACE ( 'NONE', #5569, 1.600000000000045830 ) ;
#5473 = CIRCLE ( 'NONE', #5156, 3.000000000000002665 ) ;
#5474 = FACE_BOUND ( 'NONE', #7725, .T. ) ;
#5475 = EDGE_CURVE ( 'NONE', #7785, #5579, #7333, .T. ) ;
#5476 = EDGE_LOOP ( 'NONE', ( #1591, #31, #2985 ) ) ;
#5477 = EDGE_LOOP ( 'NONE', ( #9181, #2656, #6414, #3990, #9158 ) ) ;
#5478 = ORIENTED_EDGE ( 'NONE', *, *, #5532, .F. ) ;
#5479 = EDGE_CURVE ( 'NONE', #9779, #9294, #8305, .T. ) ;
#5480 = CARTESIAN_POINT ( 'NONE',  ( 681.0503988948173628, 880.9013780744462565, 1378.224160490111444 ) ) ;
#5481 = AXIS2_PLACEMENT_3D ( 'NONE', #8416, #4505, #5914 ) ;
#5482 = DIRECTION ( 'NONE',  ( -0.6818181818181837661, 0.7315216790650473921, 0.000000000000000000 ) ) ;
#5483 = CARTESIAN_POINT ( 'NONE',  ( 638.3003988948141796, 897.9481165441580970, 1389.005524610090561 ) ) ;
#5484 = CARTESIAN_POINT ( 'NONE',  ( 696.5357139502385735, 926.1940479026375215, 1388.716960580079785 ) ) ;
#5485 = ORIENTED_EDGE ( 'NONE', *, *, #944, .F. ) ;
#5486 = CARTESIAN_POINT ( 'NONE',  ( 678.8503988948173173, 888.9481165441617350, 1290.824160490111353 ) ) ;
#5487 = DIRECTION ( 'NONE',  ( -1.000000000000000000, -4.752667057470703642E-17, 0.000000000000000000 ) ) ;
#5488 = VERTEX_POINT ( 'NONE', #7643 ) ;
#5489 = ORIENTED_EDGE ( 'NONE', *, *, #6306, .F. ) ;
#5490 = CIRCLE ( 'NONE', #2463, 1.000000000000000888 ) ;
#5491 = ORIENTED_EDGE ( 'NONE', *, *, #7237, .F. ) ;
#5492 = DIRECTION ( 'NONE',  ( -1.000000000000000000, 0.000000000000000000, 0.000000000000000000 ) ) ;
#5493 = CARTESIAN_POINT ( 'NONE',  ( 679.6372329596557620, 942.1248182517293799, 1379.224160483295918 ) ) ;
#5494 = DIRECTION ( 'NONE',  ( -0.000000000000000000, -0.000000000000000000, -1.000000000000000000 ) ) ;
#5495 = ORIENTED_EDGE ( 'NONE', *, *, #1437, .F. ) ;
#5496 = CARTESIAN_POINT ( 'NONE',  ( 664.4503988948173401, 888.9481165441617350, 1288.224160490111444 ) ) ;
#5497 = VECTOR ( 'NONE', #739, 1000.000000000000000 ) ;
#5498 = ORIENTED_EDGE ( 'NONE', *, *, #3624, .T. ) ;
#5499 = CARTESIAN_POINT ( 'NONE',  ( 667.5503988948141796, 907.9481165441579833, 1400.724160490111217 ) ) ;
#5500 = CYLINDRICAL_SURFACE ( 'NONE', #815, 1.600000000000045830 ) ;
#5501 = CARTESIAN_POINT ( 'NONE',  ( 634.7927661964698700, 916.9481165441651456, 1374.668558774804069 ) ) ;
#5502 = DIRECTION ( 'NONE',  ( 0.000000000000000000, 0.000000000000000000, 1.000000000000000000 ) ) ;
#5503 = VECTOR ( 'NONE', #9250, 1000.000000000000000 ) ;
#5504 = AXIS2_PLACEMENT_3D ( 'NONE', #4907, #9328, #6315 ) ;
#5505 = DIRECTION ( 'NONE',  ( -1.000000000000000000, 0.000000000000000000, 0.000000000000000000 ) ) ;
#5506 = DIRECTION ( 'NONE',  ( 0.000000000000000000, -0.000000000000000000, -1.000000000000000000 ) ) ;
#5507 = LINE ( 'NONE', #8516, #2054 ) ;
#5508 = CARTESIAN_POINT ( 'NONE',  ( 654.7257551729355782, 941.8539416709388661, 1378.977350184485658 ) ) ;
#5509 = SPHERICAL_SURFACE ( 'NONE', #8737, 1.000000000000000000 ) ;
#5510 = VECTOR ( 'NONE', #5313, 1000.000000000000000 ) ;
#5511 = FACE_OUTER_BOUND ( 'NONE', #539, .T. ) ;
#5512 = CARTESIAN_POINT ( 'NONE',  ( 666.8503988948173173, 888.9481165441617350, 1290.824160490111353 ) ) ;
#5513 = EDGE_LOOP ( 'NONE', ( #3831, #3942, #8134, #4394 ) ) ;
#5514 = ORIENTED_EDGE ( 'NONE', *, *, #3390, .F. ) ;
#5515 = ORIENTED_EDGE ( 'NONE', *, *, #9287, .T. ) ;
#5516 = CARTESIAN_POINT ( 'NONE',  ( 698.8452951886222309, 897.4541816400715106, 1388.503484525195745 ) ) ;
#5517 = VECTOR ( 'NONE', #984, 1000.000000000000000 ) ;
#5518 = B_SPLINE_CURVE_WITH_KNOTS ( 'NONE', 3,
 ( #2697, #1941, #7339, #7288, #5735, #8805, #6538, #471, #4985, #8032 ),
 .UNSPECIFIED., .F., .F.,
 ( 4, 2, 2, 2, 4 ),
 ( 6.753223014464259476E-16, 0.0004947317943106257273, 0.0009894635886205759966, 0.001978927177240796809, 0.003957854354480926616 ),
 .UNSPECIFIED. ) ;
#5519 = ADVANCED_FACE ( 'NONE', ( #6848 ), #768, .T. ) ;
#5520 = CIRCLE ( 'NONE', #714, 1.000000000000000888 ) ;
#5521 = EDGE_CURVE ( 'NONE', #9747, #6912, #5575, .T. ) ;
#5522 = DIRECTION ( 'NONE',  ( -1.000000000000000000, 0.000000000000000000, 0.000000000000000000 ) ) ;
#5523 = FACE_OUTER_BOUND ( 'NONE', #5415, .T. ) ;
#5524 = DIRECTION ( 'NONE',  ( -0.000000000000000000, 0.000000000000000000, -1.000000000000000000 ) ) ;
#5525 = CARTESIAN_POINT ( 'NONE',  ( 680.4038607810597341, 874.8790440487724709, 1377.989833939270966 ) ) ;
#5526 = ORIENTED_EDGE ( 'NONE', *, *, #5293, .T. ) ;
#5527 = ORIENTED_EDGE ( 'NONE', *, *, #4798, .T. ) ;
#5528 = EDGE_CURVE ( 'NONE', #8853, #6369, #679, .T. ) ;
#5529 = VECTOR ( 'NONE', #9915, 1000.000000000000000 ) ;
#5530 = EDGE_CURVE ( 'NONE', #1208, #7724, #9859, .T. ) ;
#5531 = DIRECTION ( 'NONE',  ( -1.000000000000000000, 3.062684205862500216E-15, 0.000000000000000000 ) ) ;
#5532 = EDGE_CURVE ( 'NONE', #8951, #1749, #2249, .T. ) ;
#5533 = CARTESIAN_POINT ( 'NONE',  ( 697.4847019600267686, 896.9481165441580970, 1389.183265665989666 ) ) ;
#5534 = CARTESIAN_POINT ( 'NONE',  ( 671.5503988948173628, 923.9481165441617350, 1283.224160490111672 ) ) ;
#5535 = CARTESIAN_POINT ( 'NONE',  ( 697.6774881714852654, 924.3678007703405228, 1388.200158026311328 ) ) ;
#5536 = ORIENTED_EDGE ( 'NONE', *, *, #5530, .T. ) ;
#5537 = DIRECTION ( 'NONE',  ( -1.000000000000000000, -0.000000000000000000, -0.000000000000000000 ) ) ;
#5538 = ADVANCED_FACE ( 'NONE', ( #5336 ), #1101, .F. ) ;
#5539 = AXIS2_PLACEMENT_3D ( 'NONE', #7798, #948, #5447 ) ;
#5540 = CARTESIAN_POINT ( 'NONE',  ( 635.5338016365202520, 924.9481165441617350, 1281.724160490111444 ) ) ;
#5541 = EDGE_LOOP ( 'NONE', ( #1315, #1271, #3256, #2127 ) ) ;
#5542 = ORIENTED_EDGE ( 'NONE', *, *, #2482, .T. ) ;
#5543 = ORIENTED_EDGE ( 'NONE', *, *, #1318, .F. ) ;
#5544 = LINE ( 'NONE', #3102, #9537 ) ;
#5545 = UNCERTAINTY_MEASURE_WITH_UNIT (LENGTH_MEASURE( 1.000000000000000082E-05 ), #1873, 'distance_accuracy_value', 'NONE');
#5546 = CARTESIAN_POINT ( 'NONE',  ( 680.3842178339250495, 941.8504740489429423, 1378.972511172312124 ) ) ;
#5547 = DIRECTION ( 'NONE',  ( 0.000000000000000000, -0.000000000000000000, 1.000000000000000000 ) ) ;
#5548 = ORIENTED_EDGE ( 'NONE', *, *, #2553, .F. ) ;
#5549 = DIRECTION ( 'NONE',  ( -1.000000000000000000, 0.000000000000000000, 0.000000000000000000 ) ) ;
#5550 = CIRCLE ( 'NONE', #7309, 1.000000000000000888 ) ;
#5551 = ORIENTED_EDGE ( 'NONE', *, *, #1744, .F. ) ;
#5552 = SPHERICAL_SURFACE ( 'NONE', #6165, 1.000000000000000000 ) ;
#5553 = DIRECTION ( 'NONE',  ( 0.000000000000000000, 1.000000000000000000, 0.000000000000000000 ) ) ;
#5554 = EDGE_CURVE ( 'NONE', #1836, #126, #633, .T. ) ;
#5555 = DIRECTION ( 'NONE',  ( -0.000000000000000000, -1.000000000000000000, 0.000000000000000000 ) ) ;
#5556 = CARTESIAN_POINT ( 'NONE',  ( 635.5338016365201383, 924.9481165441617350, 1388.224160490111444 ) ) ;
#5557 = VECTOR ( 'NONE', #3428, 1000.000000000000000 ) ;
#5558 = DIRECTION ( 'NONE',  ( 0.000000000000000000, 0.000000000000000000, -1.000000000000000000 ) ) ;
#5559 = FACE_OUTER_BOUND ( 'NONE', #9315, .T. ) ;
#5560 = LINE ( 'NONE', #7105, #9338 ) ;
#5561 = DIRECTION ( 'NONE',  ( -1.000000000000000000, 0.000000000000000000, 0.000000000000000000 ) ) ;
#5562 = CARTESIAN_POINT ( 'NONE',  ( 659.5503988948173628, 888.9481165441617350, 1292.224160490111444 ) ) ;
#5563 = VECTOR ( 'NONE', #7749, 1000.000000000000000 ) ;
#5564 = DIRECTION ( 'NONE',  ( -1.190714193910480863E-14, -1.000000000000000000, 0.000000000000000000 ) ) ;
#5565 = AXIS2_PLACEMENT_3D ( 'NONE', #9324, #8573, #1704 ) ;
#5566 = ORIENTED_EDGE ( 'NONE', *, *, #6730, .F. ) ;
#5567 = CARTESIAN_POINT ( 'NONE',  ( 697.8988415266695711, 896.9481165441114854, 1388.257652405211275 ) ) ;
#5568 = DIRECTION ( 'NONE',  ( -1.193489751472043754E-14, -1.000000000000000000, 0.000000000000000000 ) ) ;
#5569 = AXIS2_PLACEMENT_3D ( 'NONE', #9444, #1718, #3378 ) ;
#5570 = CIRCLE ( 'NONE', #4606, 1.000000000000064615 ) ;
#5571 = CARTESIAN_POINT ( 'NONE',  ( 658.5503988948194092, 939.7057492425151395, 1397.724160490111217 ) ) ;
#5572 = DIRECTION ( 'NONE',  ( 3.580469254416132998E-15, 1.000000000000000000, 0.000000000000000000 ) ) ;
#5573 = VECTOR ( 'NONE', #1226, 1000.000000000000000 ) ;
#5574 = EDGE_CURVE ( 'NONE', #8592, #8816, #3003, .T. ) ;
#5575 = CIRCLE ( 'NONE', #5890, 1.000000000000000888 ) ;
#5576 = EDGE_CURVE ( 'NONE', #1513, #4522, #1259, .T. ) ;
#5577 = CARTESIAN_POINT ( 'NONE',  ( 639.4113704103558575, 890.2349131085608178, 1394.724160490111444 ) ) ;
#5578 = CARTESIAN_POINT ( 'NONE',  ( 637.3309001360936463, 893.5441081174865303, 1388.224160490111444 ) ) ;
#5579 = VERTEX_POINT ( 'NONE', #78 ) ;
#5580 = ORIENTED_EDGE ( 'NONE', *, *, #547, .T. ) ;
#5581 = AXIS2_PLACEMENT_3D ( 'NONE', #9298, #6336, #7776 ) ;
#5582 = ORIENTED_EDGE ( 'NONE', *, *, #678, .F. ) ;
#5583 = DIRECTION ( 'NONE',  ( -0.000000000000000000, -0.000000000000000000, -1.000000000000000000 ) ) ;
#5584 = LINE ( 'NONE', #9350, #1745 ) ;
#5585 = DIRECTION ( 'NONE',  ( 0.000000000000000000, 0.000000000000000000, 1.000000000000000000 ) ) ;
#5586 = ORIENTED_EDGE ( 'NONE', *, *, #4962, .T. ) ;
#5587 = DIRECTION ( 'NONE',  ( 0.000000000000000000, 0.000000000000000000, 1.000000000000000000 ) ) ;
#5588 = DIRECTION ( 'NONE',  ( -1.000000000000000000, 0.000000000000000000, 0.000000000000000000 ) ) ;
#5589 = ADVANCED_FACE ( 'NONE', ( #6045 ), #784, .F. ) ;
#5590 = CARTESIAN_POINT ( 'NONE',  ( 699.3410928477971993, 920.6923025906768316, 1389.424355391673316 ) ) ;
#5591 = CIRCLE ( 'NONE', #8799, 0.9999999999998898659 ) ;
#5592 = ORIENTED_EDGE ( 'NONE', *, *, #9313, .T. ) ;
#5593 = EDGE_LOOP ( 'NONE', ( #6990, #461 ) ) ;
#5594 = ORIENTED_EDGE ( 'NONE', *, *, #1107, .T. ) ;
#5595 = AXIS2_PLACEMENT_3D ( 'NONE', #8348, #3646, #5238 ) ;
#5596 = LINE ( 'NONE', #4414, #5510 ) ;
#5597 = EDGE_CURVE ( 'NONE', #3627, #8721, #5995, .T. ) ;
#5598 = DIRECTION ( 'NONE',  ( -1.000000000000000000, 0.000000000000000000, 0.000000000000000000 ) ) ;
#5599 = CARTESIAN_POINT ( 'NONE',  ( 679.3057394457350711, 941.0897813012937831, 1378.199419855176075 ) ) ;
#5600 = DIRECTION ( 'NONE',  ( 0.000000000000000000, -1.000000000000000000, 0.000000000000000000 ) ) ;
#5601 = ORIENTED_EDGE ( 'NONE', *, *, #3409, .T. ) ;
#5602 = FACE_OUTER_BOUND ( 'NONE', #6429, .T. ) ;
#5603 = VERTEX_POINT ( 'NONE', #9463 ) ;
#5604 = LINE ( 'NONE', #7650, #5692 ) ;
#5605 = DIRECTION ( 'NONE',  ( -0.9281954438825664733, 0.3720930232558056217, 0.000000000000000000 ) ) ;
#5606 = ADVANCED_FACE ( 'NONE', ( #331 ), #8695, .T. ) ;
#5607 = FACE_OUTER_BOUND ( 'NONE', #5413, .T. ) ;
#5608 = CARTESIAN_POINT ( 'NONE',  ( 656.0503988948174765, 941.9747605162021955, 1378.224160490111444 ) ) ;
#5609 = ADVANCED_FACE ( 'NONE', ( #4694 ), #940, .T. ) ;
#5610 = CARTESIAN_POINT ( 'NONE',  ( 637.3309001360983075, 922.3521249708356891, 1388.224160490111444 ) ) ;
#5611 = FACE_OUTER_BOUND ( 'NONE', #988, .T. ) ;
#5612 = CARTESIAN_POINT ( 'NONE',  ( 650.5503988948173628, 919.4481165441617350, 1377.224160490111444 ) ) ;
#5613 = EDGE_CURVE ( 'NONE', #5978, #490, #9464, .T. ) ;
#5614 = DIRECTION ( 'NONE',  ( 0.000000000000000000, 0.000000000000000000, 1.000000000000000000 ) ) ;
#5615 = CARTESIAN_POINT ( 'NONE',  ( 637.6160958296015906, 895.9481165441580970, 1394.724160490111444 ) ) ;
#5616 = CARTESIAN_POINT ( 'NONE',  ( 638.5650838393994491, 926.1940479026367257, 1388.716960580079785 ) ) ;
#5617 = EDGE_LOOP ( 'NONE', ( #5580, #4324, #6899, #8449 ) ) ;
#5618 = DIRECTION ( 'NONE',  ( 8.049116928532400695E-16, 1.000000000000000000, -0.000000000000000000 ) ) ;
#5619 = CARTESIAN_POINT ( 'NONE',  ( 699.3410928477971993, 920.6923025906768316, 1389.424355391673316 ) ) ;
#5620 = DIRECTION ( 'NONE',  ( -1.000000000000000000, 0.000000000000000000, 0.000000000000000000 ) ) ;
#5621 = CARTESIAN_POINT ( 'NONE',  ( 671.5503988948173628, 939.9481165441617350, 1288.224160490111444 ) ) ;
#5622 = VECTOR ( 'NONE', #1455, 1000.000000000000000 ) ;
#5623 = LINE ( 'NONE', #2479, #2375 ) ;
#5624 = CARTESIAN_POINT ( 'NONE',  ( 680.8765276466361911, 874.2345751791015118, 1378.251367173692870 ) ) ;
#5625 = VERTEX_POINT ( 'NONE', #134 ) ;
#5626 = ORIENTED_EDGE ( 'NONE', *, *, #8596, .T. ) ;
#5627 = ORIENTED_EDGE ( 'NONE', *, *, #5900, .T. ) ;
#5628 = CARTESIAN_POINT ( 'NONE',  ( 679.5503988948173628, 883.9481165441617350, 1292.224160490111444 ) ) ;
#5629 = PLANE ( 'NONE',  #8628 ) ;
#5630 = VECTOR ( 'NONE', #4695, 1000.000000000000000 ) ;
#5631 = DIRECTION ( 'NONE',  ( 0.000000000000000000, 1.000000000000000000, 0.000000000000000000 ) ) ;
#5632 = VERTEX_POINT ( 'NONE', #3302 ) ;
#5633 = DIRECTION ( 'NONE',  ( -0.000000000000000000, -0.000000000000000000, -1.000000000000000000 ) ) ;
#5634 = CARTESIAN_POINT ( 'NONE',  ( 684.5503988948173628, 919.4481165441617350, 1281.724160490111444 ) ) ;
#5635 = CARTESIAN_POINT ( 'NONE',  ( 667.5283937854312626, 937.1981165441652593, 1397.724160490111217 ) ) ;
#5636 = ORIENTED_EDGE ( 'NONE', *, *, #9394, .T. ) ;
#5637 = EDGE_LOOP ( 'NONE', ( #3997, #6632, #9460, #2424, #8423 ) ) ;
#5638 = ORIENTED_EDGE ( 'NONE', *, *, #4534, .F. ) ;
#5639 = AXIS2_PLACEMENT_3D ( 'NONE', #3244, #6284, #3292 ) ;
#5640 = CARTESIAN_POINT ( 'NONE',  ( 680.0503988948173628, 940.5105565633002698, 1377.224160490111444 ) ) ;
#5641 = DIRECTION ( 'NONE',  ( -1.000000000000000000, 0.000000000000000000, 0.000000000000000000 ) ) ;
#5642 = CARTESIAN_POINT ( 'NONE',  ( 679.9459389396174629, 942.0202914708182789, 1377.806246354081850 ) ) ;
#5643 = EDGE_CURVE ( 'NONE', #6346, #8005, #6533, .T. ) ;
#5644 = LINE ( 'NONE', #381, #2922 ) ;
#5645 = VERTEX_POINT ( 'NONE', #985 ) ;
#5646 = LINE ( 'NONE', #3257, #9633 ) ;
#5647 = EDGE_LOOP ( 'NONE', ( #8654, #5543, #2834, #9285 ) ) ;
#5648 = AXIS2_PLACEMENT_3D ( 'NONE', #656, #4622, #7571 ) ;
#5649 = CARTESIAN_POINT ( 'NONE',  ( 655.1239124807123062, 942.0107885330027102, 1377.750027085621696 ) ) ;
#5650 = DIRECTION ( 'NONE',  ( 0.000000000000000000, 0.000000000000000000, -1.000000000000000000 ) ) ;
#5651 = CARTESIAN_POINT ( 'NONE',  ( 686.2636023304157789, 929.1613199797623110, 1390.724160490111444 ) ) ;
#5652 = PLANE ( 'NONE',  #2308 ) ;
#5653 = EDGE_CURVE ( 'NONE', #3684, #4629, #2719, .T. ) ;
#5654 = ADVANCED_FACE ( 'NONE', ( #5835 ), #7994, .F. ) ;
#5655 = FACE_OUTER_BOUND ( 'NONE', #9057, .T. ) ;
#5656 = DIRECTION ( 'NONE',  ( -1.000000000000000000, 0.000000000000000000, 0.000000000000000000 ) ) ;
#5657 = ORIENTED_EDGE ( 'NONE', *, *, #5952, .F. ) ;
#5658 = CARTESIAN_POINT ( 'NONE',  ( 635.7314834293881631, 920.6219033151151052, 1388.639593400944932 ) ) ;
#5659 = CARTESIAN_POINT ( 'NONE',  ( 681.1529241554443388, 941.5494260277885132, 1378.267705284464682 ) ) ;
#5660 = VERTEX_POINT ( 'NONE', #1996 ) ;
#5661 = CARTESIAN_POINT ( 'NONE',  ( 667.5503988948173628, 907.9481165441617350, 1292.724160490111444 ) ) ;
#5662 = ADVANCED_FACE ( 'NONE', ( #8905 ), #9751, .T. ) ;
#5663 = CARTESIAN_POINT ( 'NONE',  ( 657.8503988948174310, 888.9481165441617350, 1290.824160490111353 ) ) ;
#5664 = AXIS2_PLACEMENT_3D ( 'NONE', #958, #7813, #8519 ) ;
#5665 = ORIENTED_EDGE ( 'NONE', *, *, #9210, .F. ) ;
#5666 = CARTESIAN_POINT ( 'NONE',  ( 696.8003988948141796, 897.9160002470787276, 1388.745784350350050 ) ) ;
#5667 = DIRECTION ( 'NONE',  ( -0.000000000000000000, -0.000000000000000000, -1.000000000000000000 ) ) ;
#5668 = VECTOR ( 'NONE', #672, 1000.000000000000000 ) ;
#5669 = SURFACE_SIDE_STYLE ('',( #6522 ) ) ;
#5670 = CARTESIAN_POINT ( 'NONE',  ( 664.4503988948173401, 888.9481165441617350, 1290.824160490111353 ) ) ;
#5671 = DIRECTION ( 'NONE',  ( 1.000000000000000000, 6.125368411725000433E-15, 0.000000000000000000 ) ) ;
#5672 = LINE ( 'NONE', #7971, #5237 ) ;
#5673 = VERTEX_POINT ( 'NONE', #477 ) ;
#5674 = ORIENTED_EDGE ( 'NONE', *, *, #7500, .T. ) ;
#5675 = ORIENTED_EDGE ( 'NONE', *, *, #9424, .F. ) ;
#5676 = CIRCLE ( 'NONE', #4234, 1.000000000000000888 ) ;
#5677 = CARTESIAN_POINT ( 'NONE',  ( 666.0503988948174765, 888.9481165441617350, 1290.824160490111353 ) ) ;
#5678 = CARTESIAN_POINT ( 'NONE',  ( 654.6968035471215899, 874.8791405932477119, 1377.989984416293282 ) ) ;
#5679 = LINE ( 'NONE', #7929, #7232 ) ;
#5680 = EDGE_LOOP ( 'NONE', ( #7020, #406, #3238, #7375 ) ) ;
#5681 = VECTOR ( 'NONE', #7789, 1000.000000000000000 ) ;
#5682 = DIRECTION ( 'NONE',  ( 0.000000000000000000, 0.000000000000000000, -1.000000000000000000 ) ) ;
#5683 = CARTESIAN_POINT ( 'NONE',  ( 680.3414774067597364, 882.0815221625312006, 1288.464667242468067 ) ) ;
#5684 = ORIENTED_EDGE ( 'NONE', *, *, #2682, .F. ) ;
#5685 = EDGE_LOOP ( 'NONE', ( #8406, #6640, #73, #4125, #7568, #7627 ) ) ;
#5686 = VECTOR ( 'NONE', #2213, 1000.000000000000000 ) ;
#5687 = VERTEX_POINT ( 'NONE', #8758 ) ;
#5688 = CIRCLE ( 'NONE', #4404, 1.000000000000000888 ) ;
#5689 = DIRECTION ( 'NONE',  ( -3.330669073875467649E-15, 1.000000000000000000, 0.000000000000000000 ) ) ;
#5690 = CARTESIAN_POINT ( 'NONE',  ( 667.5503988948173628, 938.9481165441617350, 1288.224160490111444 ) ) ;
#5691 = EDGE_CURVE ( 'NONE', #270, #2168, #6546, .T. ) ;
#5692 = VECTOR ( 'NONE', #789, 1000.000000000000000 ) ;
#5693 = CYLINDRICAL_SURFACE ( 'NONE', #6906, 2.000000000000001776 ) ;
#5694 = CARTESIAN_POINT ( 'NONE',  ( 697.4847019600318845, 917.9481165441651456, 1394.724160490111444 ) ) ;
#5695 = EDGE_LOOP ( 'NONE', ( #9905, #8160 ) ) ;
#5696 = DIRECTION ( 'NONE',  ( 0.000000000000000000, 0.000000000000000000, -1.000000000000000000 ) ) ;
#5697 = VERTEX_POINT ( 'NONE', #7295 ) ;
#5698 = DIRECTION ( 'NONE',  ( -0.000000000000000000, 1.000000000000000000, -0.000000000000000000 ) ) ;
#5699 = FACE_OUTER_BOUND ( 'NONE', #5311, .T. ) ;
#5700 = DIRECTION ( 'NONE',  ( -0.000000000000000000, -0.000000000000000000, -1.000000000000000000 ) ) ;
#5701 = EDGE_CURVE ( 'NONE', #5697, #8098, #7808, .T. ) ;
#5702 = CYLINDRICAL_SURFACE ( 'NONE', #8122, 1.000000000000000888 ) ;
#5703 = ADVANCED_FACE ( 'NONE', ( #4999 ), #6498, .T. ) ;
#5704 = VERTEX_POINT ( 'NONE', #1948 ) ;
#5705 = CARTESIAN_POINT ( 'NONE',  ( 698.1350843444737393, 918.0290410048016838, 1389.267730910712316 ) ) ;
#5706 = DIRECTION ( 'NONE',  ( 0.000000000000000000, -0.000000000000000000, 1.000000000000000000 ) ) ;
#5707 = ORIENTED_EDGE ( 'NONE', *, *, #780, .T. ) ;
#5708 = ADVANCED_FACE ( 'NONE', ( #9658 ), #2705, .F. ) ;
#5709 = CARTESIAN_POINT ( 'NONE',  ( 654.9679794383190483, 882.5847984708248077, 1288.224160490111444 ) ) ;
#5710 = AXIS2_PLACEMENT_3D ( 'NONE', #4552, #2513, #3112 ) ;
#5711 = DIRECTION ( 'NONE',  ( -1.000000000000000000, 0.000000000000000000, 0.000000000000000000 ) ) ;
#5712 = VERTEX_POINT ( 'NONE', #8190 ) ;
#5713 = DIRECTION ( 'NONE',  ( -1.000000000000000000, 0.000000000000000000, 0.000000000000000000 ) ) ;
#5714 = DIRECTION ( 'NONE',  ( 1.000000000000000000, -1.190714193910480863E-14, -0.000000000000000000 ) ) ;
#5715 = EDGE_CURVE ( 'NONE', #8721, #9035, #7442, .T. ) ;
#5716 = CARTESIAN_POINT ( 'NONE',  ( 699.3410928477971993, 920.6923025906768316, 1394.724160490111444 ) ) ;
#5717 = VECTOR ( 'NONE', #44, 1000.000000000000000 ) ;
#5718 = ADVANCED_FACE ( 'NONE', ( #3493, #3590, #5882, #8042, #4944, #1232 ), #8145, .F. ) ;
#5719 = CARTESIAN_POINT ( 'NONE',  ( 657.0503988948174765, 888.9481165441617350, 1292.224160490111444 ) ) ;
#5720 = DIRECTION ( 'NONE',  ( 1.110223024625180206E-16, 1.000000000000000000, 0.000000000000000000 ) ) ;
#5721 = VERTEX_POINT ( 'NONE', #2753 ) ;
#5722 = ORIENTED_EDGE ( 'NONE', *, *, #7059, .T. ) ;
#5723 = EDGE_CURVE ( 'NONE', #8678, #5178, #3505, .T. ) ;
#5724 = AXIS2_PLACEMENT_3D ( 'NONE', #8531, #8639, #5671 ) ;
#5725 = VERTEX_POINT ( 'NONE', #4233 ) ;
#5726 = AXIS2_PLACEMENT_3D ( 'NONE', #4400, #591, #3663 ) ;
#5727 = ADVANCED_FACE ( 'NONE', ( #5787 ), #379, .F. ) ;
#5728 = AXIS2_PLACEMENT_3D ( 'NONE', #2792, #4131, #2031 ) ;
#5729 = CIRCLE ( 'NONE', #4628, 1.000000000000000888 ) ;
#5730 = CARTESIAN_POINT ( 'NONE',  ( 666.3503988948174310, 877.9481165441617350, 1281.724160490111444 ) ) ;
#5731 = CARTESIAN_POINT ( 'NONE',  ( 655.2793903582106623, 873.8381231716869024, 1378.473349103130886 ) ) ;
#5732 = CARTESIAN_POINT ( 'NONE',  ( 634.0642017120152332, 921.8310952675660701, 1377.224160490111444 ) ) ;
#5733 = VERTEX_POINT ( 'NONE', #8811 ) ;
#5734 = CARTESIAN_POINT ( 'NONE',  ( 699.3410928477920834, 895.2039304976464109, 1389.424355391673316 ) ) ;
#5735 = CARTESIAN_POINT ( 'NONE',  ( 637.4620363214279450, 892.7296447825043515, 1388.224160490111444 ) ) ;
#5736 = EDGE_CURVE ( 'NONE', #732, #8221, #943, .T. ) ;
#5737 = CARTESIAN_POINT ( 'NONE',  ( 634.7927661964698700, 914.9481165441651456, 1400.724160490111217 ) ) ;
#5738 = ORIENTED_EDGE ( 'NONE', *, *, #4540, .F. ) ;
#5739 = ORIENTED_EDGE ( 'NONE', *, *, #9076, .T. ) ;
#5740 = AXIS2_PLACEMENT_3D ( 'NONE', #2199, #3848, #4541 ) ;
#5741 = ORIENTED_EDGE ( 'NONE', *, *, #7908, .T. ) ;
#5742 = CARTESIAN_POINT ( 'NONE',  ( 677.5503988948141796, 875.1904838458081031, 1397.724160490111217 ) ) ;
#5743 = CARTESIAN_POINT ( 'NONE',  ( 658.6503988948174992, 888.9481165441617350, 1290.824160490111353 ) ) ;
#5744 = CARTESIAN_POINT ( 'NONE',  ( 117.0834226500410153, 907.9481165441591202, 6.870336072533178573 ) ) ;
#5745 = CARTESIAN_POINT ( 'NONE',  ( 634.7927661964698700, 916.9481165441651456, 1394.724160490111444 ) ) ;
#5746 = EDGE_LOOP ( 'NONE', ( #474, #1038 ) ) ;
#5747 = VECTOR ( 'NONE', #2024, 1000.000000000000000 ) ;
#5748 = CARTESIAN_POINT ( 'NONE',  ( 637.2019562629590155, 896.9481165441114854, 1388.257652405211047 ) ) ;
#5749 = ORIENTED_EDGE ( 'NONE', *, *, #1310, .F. ) ;
#5750 = LINE ( 'NONE', #9620, #7195 ) ;
#5751 = CIRCLE ( 'NONE', #9118, 2.499999999999946709 ) ;
#5752 = ORIENTED_EDGE ( 'NONE', *, *, #4726, .T. ) ;
#5753 = CARTESIAN_POINT ( 'NONE',  ( 648.8371954592229258, 929.1613199797617426, 1388.224160490111444 ) ) ;
#5754 = LINE ( 'NONE', #8100, #7419 ) ;
#5755 = CARTESIAN_POINT ( 'NONE',  ( 633.6894160207862114, 892.6827009762462239, 1388.224160490111444 ) ) ;
#5756 = CYLINDRICAL_SURFACE ( 'NONE', #4601, 1.600000000000045830 ) ;
#5757 = ORIENTED_EDGE ( 'NONE', *, *, #7000, .F. ) ;
#5758 = CARTESIAN_POINT ( 'NONE',  ( 681.4333776182214706, 941.4343137269634099, 1377.362926811234502 ) ) ;
#5759 = DIRECTION ( 'NONE',  ( 0.000000000000000000, 0.000000000000000000, -1.000000000000000000 ) ) ;
#5760 = DIRECTION ( 'NONE',  ( 1.000000000000000000, 0.000000000000000000, 0.000000000000000000 ) ) ;
#5761 = ORIENTED_EDGE ( 'NONE', *, *, #2838, .F. ) ;
#5762 = CARTESIAN_POINT ( 'NONE',  ( 671.5503988948173628, 938.9481165441617350, 1283.224160490111672 ) ) ;
#5763 = CARTESIAN_POINT ( 'NONE',  ( 670.9243066174742580, 936.2044035444799874, 1286.049719709928468 ) ) ;
#5764 = ADVANCED_FACE ( 'NONE', ( #522 ), #6637, .T. ) ;
#5765 = SURFACE_STYLE_USAGE ( .BOTH. , #5669 ) ;
#5766 = CARTESIAN_POINT ( 'NONE',  ( 697.4847019600267686, 897.9481165441580970, 1394.724160490111444 ) ) ;
#5767 = LINE ( 'NONE', #1361, #5557 ) ;
#5768 = EDGE_LOOP ( 'NONE', ( #5461, #3049, #4982, #6771, #481, #334 ) ) ;
#5769 = ADVANCED_FACE ( 'NONE', ( #2944, #5278 ), #719, .F. ) ;
#5770 = VERTEX_POINT ( 'NONE', #7630 ) ;
#5771 = ORIENTED_EDGE ( 'NONE', *, *, #6148, .F. ) ;
#5772 = ADVANCED_FACE ( 'NONE', ( #5373 ), #3881, .F. ) ;
#5773 = CYLINDRICAL_SURFACE ( 'NONE', #8934, 0.8000000000000229150 ) ;
#5774 = FACE_OUTER_BOUND ( 'NONE', #9393, .T. ) ;
#5775 = DIRECTION ( 'NONE',  ( 5.871544693673103510E-15, -1.000000000000000000, 0.000000000000000000 ) ) ;
#5776 = ORIENTED_EDGE ( 'NONE', *, *, #1733, .F. ) ;
#5777 = ADVANCED_FACE ( 'NONE', ( #6788 ), #1385, .T. ) ;
#5778 = CARTESIAN_POINT ( 'NONE',  ( 679.5503988948173628, 897.9481165441617350, 1298.224160490111444 ) ) ;
#5779 = DIRECTION ( 'NONE',  ( -1.000000000000000000, -2.871417490858054344E-15, 0.000000000000000000 ) ) ;
#5780 = ORIENTED_EDGE ( 'NONE', *, *, #6296, .T. ) ;
#5781 = ORIENTED_EDGE ( 'NONE', *, *, #1755, .F. ) ;
#5782 = EDGE_CURVE ( 'NONE', #1992, #1777, #5322, .T. ) ;
#5783 = VERTEX_POINT ( 'NONE', #9796 ) ;
#5784 = AXIS2_PLACEMENT_3D ( 'NONE', #3885, #1581, #775 ) ;
#5785 = CYLINDRICAL_SURFACE ( 'NONE', #9214, 1.600000000000045830 ) ;
#5786 = AXIS2_PLACEMENT_3D ( 'NONE', #9860, #80, #4493 ) ;
#5787 = FACE_OUTER_BOUND ( 'NONE', #1642, .T. ) ;
#5788 = LINE ( 'NONE', #430, #5467 ) ;
#5789 = ORIENTED_EDGE ( 'NONE', *, *, #9587, .F. ) ;
#5790 = CARTESIAN_POINT ( 'NONE',  ( 635.7459791226345942, 896.7195284660780317, 1388.635828285804564 ) ) ;
#5791 = VERTEX_POINT ( 'NONE', #9054 ) ;
#5792 = DIRECTION ( 'NONE',  ( -0.000000000000000000, -0.000000000000000000, -1.000000000000000000 ) ) ;
#5793 = CIRCLE ( 'NONE', #6598, 1.000000000000000888 ) ;
#5794 = ORIENTED_EDGE ( 'NONE', *, *, #7222, .F. ) ;
#5795 = DIRECTION ( 'NONE',  ( 1.000000000000000000, 2.843661915242425431E-15, 0.000000000000000000 ) ) ;
#5796 = CYLINDRICAL_SURFACE ( 'NONE', #1912, 1.000000000000000888 ) ;
#5797 = EDGE_CURVE ( 'NONE', #1636, #6588, #5982, .T. ) ;
#5798 = VECTOR ( 'NONE', #9187, 1000.000000000000000 ) ;
#5799 = CARTESIAN_POINT ( 'NONE',  ( 681.1783282434522562, 874.3570396973090055, 1379.212629342860055 ) ) ;
#5800 = ORIENTED_EDGE ( 'NONE', *, *, #3143, .T. ) ;
#5801 = CARTESIAN_POINT ( 'NONE',  ( 637.4817112450714376, 918.6010380717648331, 1388.224160490111672 ) ) ;
#5802 = VERTEX_POINT ( 'NONE', #2993 ) ;
#5803 = CARTESIAN_POINT ( 'NONE',  ( 634.5404838294909950, 919.8812383943849227, 1378.127757673253200 ) ) ;
#5804 = DIRECTION ( 'NONE',  ( 1.000000000000000000, 0.000000000000000000, 0.000000000000000000 ) ) ;
#5805 = ORIENTED_EDGE ( 'NONE', *, *, #5877, .F. ) ;
#5806 = CARTESIAN_POINT ( 'NONE',  ( 687.5636023304106175, 886.7349131085616136, 1390.724160490111444 ) ) ;
#5807 = CARTESIAN_POINT ( 'NONE',  ( 700.4345617820224561, 920.0464945437123561, 1378.027940216342586 ) ) ;
#5808 = PRESENTATION_STYLE_ASSIGNMENT (( #5765 ) ) ;
#5809 = DIRECTION ( 'NONE',  ( -1.000000000000000000, 0.000000000000000000, 0.000000000000000000 ) ) ;
#5810 = AXIS2_PLACEMENT_3D ( 'NONE', #4245, #2664, #1854 ) ;
#5811 = AXIS2_PLACEMENT_3D ( 'NONE', #8630, #7958, #2468 ) ;
#5812 = DIRECTION ( 'NONE',  ( -1.000000000000000000, 4.440892098500622123E-13, 0.000000000000000000 ) ) ;
#5813 =( BOUNDED_CURVE ( )  B_SPLINE_CURVE ( 3, ( #5619, #8584, #1060, #4160 ),
 .UNSPECIFIED., .F., .F. ) 
 B_SPLINE_CURVE_WITH_KNOTS ( ( 4, 4 ),
 ( 2.760329711163560074, 4.712388980384805137 ),
 .UNSPECIFIED. ) 
 CURVE ( )  GEOMETRIC_REPRESENTATION_ITEM ( )  RATIONAL_B_SPLINE_CURVE ( ( 1.000000000000000000, 0.7068770171521194801, 0.7068770171521194801, 1.000000000000000000 ) ) 
 REPRESENTATION_ITEM ( '' )  );
#5814 = ORIENTED_EDGE ( 'NONE', *, *, #1256, .F. ) ;
#5815 = VERTEX_POINT ( 'NONE', #7533 ) ;
#5816 = ORIENTED_EDGE ( 'NONE', *, *, #7254, .F. ) ;
#5817 = ADVANCED_FACE ( 'NONE', ( #4527 ), #8306, .T. ) ;
#5818 = CIRCLE ( 'NONE', #3278, 10.00000000000000888 ) ;
#5819 = DIRECTION ( 'NONE',  ( -1.000000000000000000, 0.000000000000000000, 0.000000000000000000 ) ) ;
#5820 = FACE_OUTER_BOUND ( 'NONE', #5871, .T. ) ;
#5821 = CARTESIAN_POINT ( 'NONE',  ( 651.5503988948173628, 910.4481165441617350, 1378.224160490111444 ) ) ;
#5822 = ADVANCED_FACE ( 'NONE', ( #8437 ), #4632, .F. ) ;
#5823 = ORIENTED_EDGE ( 'NONE', *, *, #8481, .F. ) ;
#5824 = CARTESIAN_POINT ( 'NONE',  ( 653.9237472187978710, 874.3556492188994298, 1379.224160490111899 ) ) ;
#5825 = DIRECTION ( 'NONE',  ( 1.000000000000000000, -4.968248035197575518E-15, -0.000000000000000000 ) ) ;
#5826 = CARTESIAN_POINT ( 'NONE',  ( 638.3003988948141796, 897.9481165441580970, 1397.724160490111217 ) ) ;
#5827 = VERTEX_POINT ( 'NONE', #8338 ) ;
#5828 = AXIS2_PLACEMENT_3D ( 'NONE', #6671, #1741, #8175 ) ;
#5829 = VERTEX_POINT ( 'NONE', #9005 ) ;
#5830 = EDGE_CURVE ( 'NONE', #1170, #1668, #13, .T. ) ;
#5831 = VERTEX_POINT ( 'NONE', #9898 ) ;
#5832 = EDGE_CURVE ( 'NONE', #9241, #2164, #4788, .T. ) ;
#5833 = DIRECTION ( 'NONE',  ( 0.000000000000000000, 1.000000000000000000, 0.000000000000000000 ) ) ;
#5834 = VECTOR ( 'NONE', #9857, 1000.000000000000000 ) ;
#5835 = FACE_OUTER_BOUND ( 'NONE', #2372, .T. ) ;
#5836 = EDGE_CURVE ( 'NONE', #2400, #2590, #3199, .T. ) ;
#5837 = DIRECTION ( 'NONE',  ( 0.000000000000000000, 0.000000000000000000, 1.000000000000000000 ) ) ;
#5838 = EDGE_LOOP ( 'NONE', ( #8374, #9047, #7077, #199, #2483 ) ) ;
#5839 = DIRECTION ( 'NONE',  ( 1.000000000000000000, 0.000000000000000000, 0.000000000000000000 ) ) ;
#5840 = VERTEX_POINT ( 'NONE', #1577 ) ;
#5841 = CARTESIAN_POINT ( 'NONE',  ( 671.5503988948173628, 923.9481165441617350, 1287.224160490111672 ) ) ;
#5842 = ORIENTED_EDGE ( 'NONE', *, *, #7432, .T. ) ;
#5843 = EDGE_CURVE ( 'NONE', #3656, #9079, #2560, .T. ) ;
#5844 = DIRECTION ( 'NONE',  ( 0.000000000000000000, 1.000000000000000000, 0.000000000000000000 ) ) ;
#5845 = AXIS2_PLACEMENT_3D ( 'NONE', #1156, #2768, #9482 ) ;
#5846 = CARTESIAN_POINT ( 'NONE',  ( 665.2503988948174083, 888.9481165441617350, 1292.224160490111444 ) ) ;
#5847 = CARTESIAN_POINT ( 'NONE',  ( 679.3913741469143588, 873.6865531388451700, 1377.499357602611553 ) ) ;
#5848 = ORIENTED_EDGE ( 'NONE', *, *, #1889, .F. ) ;
#5849 = CARTESIAN_POINT ( 'NONE',  ( 699.3080315931637188, 907.9481165441580970, 1400.724160490111217 ) ) ;
#5850 = ORIENTED_EDGE ( 'NONE', *, *, #5782, .T. ) ;
#5851 = CARTESIAN_POINT ( 'NONE',  ( 634.4087341376853146, 919.7034570950794432, 1378.199419855176075 ) ) ;
#5852 = DIRECTION ( 'NONE',  ( -0.000000000000000000, -1.000000000000000000, 0.000000000000000000 ) ) ;
#5853 = EDGE_LOOP ( 'NONE', ( #968, #5848, #3451 ) ) ;
#5854 = CARTESIAN_POINT ( 'NONE',  ( 660.5503988948140659, 876.1904838458081031, 1400.724160490111217 ) ) ;
#5855 = CARTESIAN_POINT ( 'NONE',  ( 701.4520985372035966, 920.7836651208957619, 1378.971501269114697 ) ) ;
#5856 = DIRECTION ( 'NONE',  ( -0.000000000000000000, 0.000000000000000000, -1.000000000000000000 ) ) ;
#5857 = CARTESIAN_POINT ( 'NONE',  ( 657.5503988948141796, 875.1904838458081031, 1394.724160490111444 ) ) ;
#5858 = CIRCLE ( 'NONE', #7142, 1.199999999999978861 ) ;
#5859 = EDGE_CURVE ( 'NONE', #7911, #1446, #3782, .T. ) ;
#5860 = CYLINDRICAL_SURFACE ( 'NONE', #5089, 1.000000000000000888 ) ;
#5861 = AXIS2_PLACEMENT_3D ( 'NONE', #8228, #1516, #4568 ) ;
#5862 = CARTESIAN_POINT ( 'NONE',  ( 667.5503988948173628, 907.9481165441617350, 1388.224160490111444 ) ) ;
#5863 = ORIENTED_EDGE ( 'NONE', *, *, #6072, .F. ) ;
#5864 = ORIENTED_EDGE ( 'NONE', *, *, #2355, .F. ) ;
#5865 = ORIENTED_EDGE ( 'NONE', *, *, #1195, .F. ) ;
#5866 = VECTOR ( 'NONE', #3121, 1000.000000000000000 ) ;
#5867 = DIRECTION ( 'NONE',  ( -0.000000000000000000, 0.000000000000000000, -1.000000000000000000 ) ) ;
#5868 = EDGE_CURVE ( 'NONE', #9566, #3798, #6059, .T. ) ;
#5869 = CARTESIAN_POINT ( 'NONE',  ( 655.0503988948174765, 874.6267645306545546, 1377.360292756990248 ) ) ;
#5870 = DIRECTION ( 'NONE',  ( -1.110223024625180206E-16, -1.000000000000000000, -0.000000000000000000 ) ) ;
#5871 = EDGE_LOOP ( 'NONE', ( #2036, #835, #1698, #4331, #5879, #9240, #304, #8762, #2492, #2456, #3226, #5329, #65, #9295, #6975, #7818, #2510, #6879, #3403, #2709, #9856 ) ) ;
#5872 =( BOUNDED_CURVE ( )  B_SPLINE_CURVE ( 3, ( #2935, #9931, #1469, #3128 ),
 .UNSPECIFIED., .F., .F. ) 
 B_SPLINE_CURVE_WITH_KNOTS ( ( 4, 4 ),
 ( 3.141592653589799777, 3.522855596015999069 ),
 .UNSPECIFIED. ) 
 CURVE ( )  GEOMETRIC_REPRESENTATION_ITEM ( )  RATIONAL_B_SPLINE_CURVE ( ( 1.000000000000000000, 0.9879231869197996341, 0.9879231869197996341, 1.000000000000000000 ) ) 
 REPRESENTATION_ITEM ( '' )  );
#5873 = PLANE ( 'NONE',  #9093 ) ;
#5874 = FACE_OUTER_BOUND ( 'NONE', #4669, .T. ) ;
#5875 = AXIS2_PLACEMENT_3D ( 'NONE', #4325, #1279, #7433 ) ;
#5876 = VERTEX_POINT ( 'NONE', #4480 ) ;
#5877 = EDGE_CURVE ( 'NONE', #7345, #1729, #5591, .T. ) ;
#5878 = ORIENTED_EDGE ( 'NONE', *, *, #2188, .T. ) ;
#5879 = ORIENTED_EDGE ( 'NONE', *, *, #9272, .T. ) ;
#5880 = VECTOR ( 'NONE', #5656, 1000.000000000000000 ) ;
#5881 = CARTESIAN_POINT ( 'NONE',  ( 697.0069470020100653, 891.9285433189223795, 1388.025991489715580 ) ) ;
#5882 = FACE_BOUND ( 'NONE', #1789, .T. ) ;
#5883 = AXIS2_PLACEMENT_3D ( 'NONE', #6665, #4920, #3427 ) ;
#5884 = EDGE_CURVE ( 'NONE', #6266, #1446, #1110, .T. ) ;
#5885 = CIRCLE ( 'NONE', #456, 1.000000000000000888 ) ;
#5886 = DIRECTION ( 'NONE',  ( 0.2513983643950108982, 0.000000000000000000, 0.9678837029207143505 ) ) ;
#5887 = ORIENTED_EDGE ( 'NONE', *, *, #3162, .F. ) ;
#5888 = FACE_OUTER_BOUND ( 'NONE', #6653, .T. ) ;
#5889 = DIRECTION ( 'NONE',  ( 0.000000000000000000, 1.000000000000000000, -1.445602896647340297E-15 ) ) ;
#5890 = AXIS2_PLACEMENT_3D ( 'NONE', #9909, #6090, #7547 ) ;
#5891 = DIRECTION ( 'NONE',  ( 1.000000000000000000, -2.220446049250311061E-13, 0.000000000000000000 ) ) ;
#5892 = VERTEX_POINT ( 'NONE', #4728 ) ;
#5893 = ADVANCED_FACE ( 'NONE', ( #8541 ), #1779, .T. ) ;
#5894 = DIRECTION ( 'NONE',  ( -0.000000000000000000, -0.000000000000000000, -1.000000000000000000 ) ) ;
#5895 = LINE ( 'NONE', #6701, #9263 ) ;
#5896 = AXIS2_PLACEMENT_3D ( 'NONE', #5677, #8746, #5819 ) ;
#5897 = CARTESIAN_POINT ( 'NONE',  ( 679.8219355755186371, 873.8377847483524192, 1378.494025253954760 ) ) ;
#5898 = VERTEX_POINT ( 'NONE', #3191 ) ;
#5899 = VERTEX_POINT ( 'NONE', #6335 ) ;
#5900 = EDGE_CURVE ( 'NONE', #5147, #9877, #143, .T. ) ;
#5901 = CARTESIAN_POINT ( 'NONE',  ( 697.7698976535402835, 918.9486878370805698, 1388.224160490111444 ) ) ;
#5902 = ORIENTED_EDGE ( 'NONE', *, *, #950, .F. ) ;
#5903 = CARTESIAN_POINT ( 'NONE',  ( 634.6661948855305582, 920.0464451460629789, 1378.028013009121423 ) ) ;
#5904 = CARTESIAN_POINT ( 'NONE',  ( 696.8003988948141796, 897.9481165441579833, 1388.917769249138701 ) ) ;
#5905 = VECTOR ( 'NONE', #7706, 1000.000000000000000 ) ;
#5906 = ADVANCED_FACE ( 'NONE', ( #4781 ), #2489, .F. ) ;
#5907 = DIRECTION ( 'NONE',  ( 1.000000000000000000, -7.771561172376088715E-13, 0.000000000000000000 ) ) ;
#5908 = FACE_OUTER_BOUND ( 'NONE', #5685, .T. ) ;
#5909 = AXIS2_PLACEMENT_3D ( 'NONE', #466, #5075, #3482 ) ;
#5910 = DIRECTION ( 'NONE',  ( -1.000000000000000000, -2.220446049250311061E-13, 0.000000000000000000 ) ) ;
#5912 = ADVANCED_FACE ( 'NONE', ( #3138 ), #7775, .T. ) ;
#5911 = FACE_BOUND ( 'NONE', #3877, .T. ) ;
#5913 = B_SPLINE_CURVE_WITH_KNOTS ( 'NONE', 3,
 ( #4260, #1926, #408, #8882 ),
 .UNSPECIFIED., .F., .F.,
 ( 4, 4 ),
 ( 0.000000000000000000, 0.0001402090830971144746 ),
 .UNSPECIFIED. ) ;
#5914 = DIRECTION ( 'NONE',  ( 0.000000000000000000, 0.000000000000000000, 1.000000000000000000 ) ) ;
#5915 = DIRECTION ( 'NONE',  ( 1.000000000000000000, 0.000000000000000000, 0.000000000000000000 ) ) ;
#5916 = DIRECTION ( 'NONE',  ( -1.000000000000000000, 0.000000000000000000, 0.000000000000000000 ) ) ;
#5917 = VERTEX_POINT ( 'NONE', #8595 ) ;
#5918 = ORIENTED_EDGE ( 'NONE', *, *, #6123, .T. ) ;
#5919 = ORIENTED_EDGE ( 'NONE', *, *, #9219, .F. ) ;
#5920 = CARTESIAN_POINT ( 'NONE',  ( 679.6272889518144211, 940.8492634296351298, 1378.050856443670000 ) ) ;
#5921 = CARTESIAN_POINT ( 'NONE',  ( 654.9025048999625369, 881.4247473093039389, 1289.224160490111672 ) ) ;
#5922 = CARTESIAN_POINT ( 'NONE',  ( 676.4503988948173401, 888.9481165441617350, 1288.224160490111444 ) ) ;
#5923 = DIRECTION ( 'NONE',  ( -0.000000000000000000, 0.000000000000000000, -1.000000000000000000 ) ) ;
#5924 = ORIENTED_EDGE ( 'NONE', *, *, #2960, .F. ) ;
#5925 = CARTESIAN_POINT ( 'NONE',  ( 660.5503988948191818, 939.7057492425151395, 1400.724160490111217 ) ) ;
#5926 = CARTESIAN_POINT ( 'NONE',  ( 665.9283937854312398, 940.7057492425151395, 1397.724160490111217 ) ) ;
#5927 = ORIENTED_EDGE ( 'NONE', *, *, #2287, .T. ) ;
#5928 = ORIENTED_EDGE ( 'NONE', *, *, #5168, .T. ) ;
#5929 = ORIENTED_EDGE ( 'NONE', *, *, #6460, .T. ) ;
#5930 = CARTESIAN_POINT ( 'NONE',  ( 696.5945441433976839, 889.7956422775783949, 1387.918873864101897 ) ) ;
#5931 = DIRECTION ( 'NONE',  ( -1.000000000000000000, -0.000000000000000000, -0.000000000000000000 ) ) ;
#5932 = VECTOR ( 'NONE', #9704, 1000.000000000000000 ) ;
#5933 = CARTESIAN_POINT ( 'NONE',  ( 677.5503988948192955, 939.7057492425150258, 1399.724160490111444 ) ) ;
#5934 = ADVANCED_BREP_SHAPE_REPRESENTATION ( 'headpart_1+3', ( #1841, #8460, #1859, #7449 ), #894 ) ;
#5935 = ORIENTED_EDGE ( 'NONE', *, *, #7553, .T. ) ;
#5936 = DIRECTION ( 'NONE',  ( 1.000000000000000000, 0.000000000000000000, 0.000000000000000000 ) ) ;
#5937 = CARTESIAN_POINT ( 'NONE',  ( 636.9657134451650791, 918.0290410048016838, 1389.267730910712316 ) ) ;
#5938 = AXIS2_PLACEMENT_3D ( 'NONE', #186, #8666, #3261 ) ;
#5939 = DIRECTION ( 'NONE',  ( -1.000000000000000000, 0.000000000000000000, 0.000000000000000000 ) ) ;
#5940 = CIRCLE ( 'NONE', #8349, 1.600000000000045830 ) ;
#5941 = ORIENTED_EDGE ( 'NONE', *, *, #4978, .F. ) ;
#5942 = CIRCLE ( 'NONE', #9789, 36.25000000000000711 ) ;
#5943 = EDGE_CURVE ( 'NONE', #9812, #382, #9910, .T. ) ;
#5944 = LINE ( 'NONE', #5242, #8239 ) ;
#5945 = CYLINDRICAL_SURFACE ( 'NONE', #5740, 3.000000000000002665 ) ;
#5946 = CARTESIAN_POINT ( 'NONE',  ( 681.3053158513538392, 874.4088264772975663, 1379.224160490111899 ) ) ;
#5947 = ORIENTED_EDGE ( 'NONE', *, *, #6814, .F. ) ;
#5948 = ORIENTED_EDGE ( 'NONE', *, *, #4998, .T. ) ;
#5949 = CARTESIAN_POINT ( 'NONE',  ( 651.5503988948173628, 888.9481165441617350, 1281.724160490111444 ) ) ;
#5950 = DIRECTION ( 'NONE',  ( -1.000000000000000000, 0.000000000000000000, 0.000000000000000000 ) ) ;
#5951 = FACE_OUTER_BOUND ( 'NONE', #4136, .T. ) ;
#5952 = EDGE_CURVE ( 'NONE', #490, #3464, #4025, .T. ) ;
#5953 = ADVANCED_FACE ( 'NONE', ( #9397 ), #1074, .F. ) ;
#5954 = FACE_OUTER_BOUND ( 'NONE', #3769, .T. ) ;
#5955 = CARTESIAN_POINT ( 'NONE',  ( 700.8717509082036941, 919.4481165441617350, 1378.224160490111444 ) ) ;
#5956 = VECTOR ( 'NONE', #5775, 1000.000000000000000 ) ;
#5957 = CARTESIAN_POINT ( 'NONE',  ( 697.7698976535398288, 918.9012821021235595, 1388.224160490111444 ) ) ;
#5958 = DIRECTION ( 'NONE',  ( -1.000000000000000000, 0.000000000000000000, 0.000000000000000000 ) ) ;
#5959 = EDGE_CURVE ( 'NONE', #1511, #5704, #2536, .T. ) ;
#5960 = CARTESIAN_POINT ( 'NONE',  ( 655.7546109051077110, 881.9481165441617350, 1378.224160490111444 ) ) ;
#5961 = LINE ( 'NONE', #8267, #6209 ) ;
#5962 = ADVANCED_FACE ( 'NONE', ( #921 ), #3981, .T. ) ;
#5963 = AXIS2_PLACEMENT_3D ( 'NONE', #8119, #8883, #8015 ) ;
#5964 = DIRECTION ( 'NONE',  ( -4.996003610813204432E-15, -1.000000000000000000, 0.000000000000000000 ) ) ;
#5965 = ORIENTED_EDGE ( 'NONE', *, *, #6520, .F. ) ;
#5966 = ORIENTED_EDGE ( 'NONE', *, *, #566, .F. ) ;
#5967 = ORIENTED_EDGE ( 'NONE', *, *, #1264, .T. ) ;
#5968 = CARTESIAN_POINT ( 'NONE',  ( 638.5650838393994491, 926.1940479026366120, 1388.716960580079558 ) ) ;
#5969 = DIRECTION ( 'NONE',  ( -0.000000000000000000, -0.000000000000000000, 1.000000000000000000 ) ) ;
#5970 = AXIS2_PLACEMENT_3D ( 'NONE', #6305, #4651, #8571 ) ;
#5971 = CARTESIAN_POINT ( 'NONE',  ( 635.7927661964697563, 907.9481165441651456, 1400.724160490111217 ) ) ;
#5972 = CARTESIAN_POINT ( 'NONE',  ( 637.6160958296067065, 919.9481165441651456, 1394.724160490111444 ) ) ;
#5973 = ORIENTED_EDGE ( 'NONE', *, *, #4477, .F. ) ;
#5974 = CYLINDRICAL_SURFACE ( 'NONE', #3968, 1.200000000000089884 ) ;
#5975 = CARTESIAN_POINT ( 'NONE',  ( 688.5503988948173628, 928.9481165441617350, 1295.724160490111444 ) ) ;
#5976 = ADVANCED_FACE ( 'NONE', ( #8490 ), #166, .T. ) ;
#5977 = EDGE_LOOP ( 'NONE', ( #53, #8838, #4903, #9480 ) ) ;
#5978 = VERTEX_POINT ( 'NONE', #9244 ) ;
#5979 = ORIENTED_EDGE ( 'NONE', *, *, #257, .T. ) ;
#5980 = AXIS2_PLACEMENT_3D ( 'NONE', #2514, #7007, #6151 ) ;
#5981 = CARTESIAN_POINT ( 'NONE',  ( 638.3003988948192955, 917.9481165441651456, 1400.724160490111217 ) ) ;
#5982 = LINE ( 'NONE', #667, #7654 ) ;
#5983 = DIRECTION ( 'NONE',  ( 1.193489751472043754E-14, 1.000000000000000000, 0.000000000000000000 ) ) ;
#5984 = CARTESIAN_POINT ( 'NONE',  ( 668.1265041232836666, 936.2587534666630518, 1284.487066755903697 ) ) ;
#5985 = ORIENTED_EDGE ( 'NONE', *, *, #6020, .T. ) ;
#5986 = DIRECTION ( 'NONE',  ( -0.000000000000000000, 0.000000000000000000, 1.000000000000000000 ) ) ;
#5987 = CARTESIAN_POINT ( 'NONE',  ( 698.0451840259917162, 917.9882359425564573, 1388.295663444003594 ) ) ;
#5988 = VECTOR ( 'NONE', #4061, 1000.000000000000000 ) ;
#5989 = DIRECTION ( 'NONE',  ( -1.893515102561680783E-15, -1.000000000000000000, -0.000000000000000000 ) ) ;
#5990 = ORIENTED_EDGE ( 'NONE', *, *, #5843, .T. ) ;
#5991 = AXIS2_PLACEMENT_3D ( 'NONE', #6497, #5641, #6445 ) ;
#5992 =( BOUNDED_CURVE ( )  B_SPLINE_CURVE ( 3, ( #4822, #3970, #3127, #2580 ),
 .UNSPECIFIED., .F., .T. ) 
 B_SPLINE_CURVE_WITH_KNOTS ( ( 4, 4 ),
 ( 4.458264230828933528, 4.712388980384687898 ),
 .UNSPECIFIED. ) 
 CURVE ( )  GEOMETRIC_REPRESENTATION_ITEM ( )  RATIONAL_B_SPLINE_CURVE ( ( 1.000000000000000000, 0.9946256208567332280, 0.9946256208567332280, 1.000000000000000000 ) ) 
 REPRESENTATION_ITEM ( '' )  );
#5993 = AXIS2_PLACEMENT_3D ( 'NONE', #3560, #4355, #8926 ) ;
#5994 = DIRECTION ( 'NONE',  ( -1.000000000000000000, 1.893515102561680783E-15, 0.000000000000000000 ) ) ;
#5995 = LINE ( 'NONE', #9063, #4454 ) ;
#5996 = CARTESIAN_POINT ( 'NONE',  ( 660.5503988948140659, 876.1904838458081031, 1397.724160490111217 ) ) ;
#5997 = ORIENTED_EDGE ( 'NONE', *, *, #4666, .F. ) ;
#5998 = VERTEX_POINT ( 'NONE', #5628 ) ;
#5999 = FACE_OUTER_BOUND ( 'NONE', #8279, .T. ) ;
#6000 = CARTESIAN_POINT ( 'NONE',  ( 677.2503988948172946, 888.9481165441617350, 1288.224160490111444 ) ) ;
#6001 = DIRECTION ( 'NONE',  ( -1.000000000000000000, 0.000000000000000000, 0.000000000000000000 ) ) ;
#6002 = AXIS2_PLACEMENT_3D ( 'NONE', #7408, #6854, #538 ) ;
#6003 = CARTESIAN_POINT ( 'NONE',  ( 700.7025874730062469, 919.6888217447515217, 1378.202418324698783 ) ) ;
#6004 = DIRECTION ( 'NONE',  ( -0.000000000000000000, 0.000000000000000000, -1.000000000000000000 ) ) ;
#6005 = CARTESIAN_POINT ( 'NONE',  ( 701.1269250818843375, 921.6113075701370008, 1378.133567270669573 ) ) ;
#6006 = EDGE_CURVE ( 'NONE', #7714, #3502, #9349, .T. ) ;
#6007 = EDGE_CURVE ( 'NONE', #5224, #1688, #6549, .T. ) ;
#6008 = CARTESIAN_POINT ( 'NONE',  ( 656.0503988948174765, 941.2694685575479525, 1378.224160490111444 ) ) ;
#6009 = VECTOR ( 'NONE', #7699, 1000.000000000000000 ) ;
#6010 = DIRECTION ( 'NONE',  ( -0.000000000000000000, -0.000000000000000000, 1.000000000000000000 ) ) ;
#6011 = CARTESIAN_POINT ( 'NONE',  ( 638.3003988948141796, 897.9481165441580970, 1400.724160490111217 ) ) ;
#6012 = CARTESIAN_POINT ( 'NONE',  ( 631.3003988948173628, 907.9481165441617350, 1388.224160490111444 ) ) ;
#6013 = EDGE_LOOP ( 'NONE', ( #945, #2032, #8096, #6014 ) ) ;
#6014 = ORIENTED_EDGE ( 'NONE', *, *, #4354, .T. ) ;
#6015 = EDGE_LOOP ( 'NONE', ( #7046, #4564, #589, #9038 ) ) ;
#6016 = EDGE_CURVE ( 'NONE', #8592, #5214, #2565, .T. ) ;
#6017 = CARTESIAN_POINT ( 'NONE',  ( 680.0503988948173628, 924.9481165441617350, 1378.224160490111444 ) ) ;
#6018 = ADVANCED_FACE ( 'NONE', ( #7128, #1625, #4681 ), #7728, .T. ) ;
#6020 = EDGE_CURVE ( 'NONE', #9625, #2371, #5125, .T. ) ;
#6019 = LINE ( 'NONE', #5453, #8148 ) ;
#6021 = CARTESIAN_POINT ( 'NONE',  ( 634.9810919438642713, 920.4398508363884730, 1377.371632354591156 ) ) ;
#6022 = CARTESIAN_POINT ( 'NONE',  ( 701.4113817688472636, 907.9481165441650319, 1388.224160490111444 ) ) ;
#6023 = VERTEX_POINT ( 'NONE', #510 ) ;
#6024 = DIRECTION ( 'NONE',  ( 0.000000000000000000, 0.000000000000000000, 1.000000000000000000 ) ) ;
#6025 = CARTESIAN_POINT ( 'NONE',  ( 655.0503988948174765, 940.5105565630435649, 1377.360190054643681 ) ) ;
#6026 = ADVANCED_FACE ( 'NONE', ( #8944 ), #2831, .F. ) ;
#6027 = VERTEX_POINT ( 'NONE', #4368 ) ;
#6028 = ORIENTED_EDGE ( 'NONE', *, *, #1143, .F. ) ;
#6029 = VERTEX_POINT ( 'NONE', #5028 ) ;
#6030 = EDGE_CURVE ( 'NONE', #935, #581, #7503, .T. ) ;
#6031 = DIRECTION ( 'NONE',  ( 1.000000000000000000, 2.185014940664821480E-15, 0.000000000000000000 ) ) ;
#6032 = CARTESIAN_POINT ( 'NONE',  ( 681.0503988948173628, 875.3856765250230865, 1379.224160490111444 ) ) ;
#6033 = CARTESIAN_POINT ( 'NONE',  ( 688.7636023304157789, 926.6613199797621974, 1339.722160490111492 ) ) ;
#6034 = CARTESIAN_POINT ( 'NONE',  ( 672.5503988948173628, 934.9481165441617350, 1286.724160490111444 ) ) ;
#6035 = ORIENTED_EDGE ( 'NONE', *, *, #6943, .F. ) ;
#6036 = FACE_OUTER_BOUND ( 'NONE', #2300, .T. ) ;
#6037 = DIRECTION ( 'NONE',  ( 0.000000000000000000, 0.000000000000000000, -1.000000000000000000 ) ) ;
#6038 = AXIS2_PLACEMENT_3D ( 'NONE', #2791, #5825, #5079 ) ;
#6039 = CARTESIAN_POINT ( 'NONE',  ( 655.0503988948174765, 880.9013780744462565, 1377.224160490111444 ) ) ;
#6040 = VERTEX_POINT ( 'NONE', #5730 ) ;
#6041 = EDGE_CURVE ( 'NONE', #7279, #2008, #4220, .T. ) ;
#6042 = CIRCLE ( 'NONE', #8441, 1.000000000000000888 ) ;
#6043 = DIRECTION ( 'NONE',  ( -0.000000000000000000, -0.000000000000000000, 1.000000000000000000 ) ) ;
#6044 = AXIS2_PLACEMENT_3D ( 'NONE', #7960, #404, #4205 ) ;
#6045 = FACE_OUTER_BOUND ( 'NONE', #5163, .T. ) ;
#6046 = AXIS2_PLACEMENT_3D ( 'NONE', #1634, #878, #7039 ) ;
#6047 = CARTESIAN_POINT ( 'NONE',  ( 698.0905946609565262, 894.2113307287138468, 1388.307458414117264 ) ) ;
#6048 = VECTOR ( 'NONE', #395, 1000.000000000000000 ) ;
#6049 = ORIENTED_EDGE ( 'NONE', *, *, #4474, .F. ) ;
#6050 = EDGE_LOOP ( 'NONE', ( #3442, #388, #2769 ) ) ;
#6051 = CARTESIAN_POINT ( 'NONE',  ( 634.0642017120152332, 921.8310952675660701, 1281.724160490111444 ) ) ;
#6052 = DIRECTION ( 'NONE',  ( -0.000000000000000000, 0.000000000000000000, -1.000000000000000000 ) ) ;
#6053 = CARTESIAN_POINT ( 'NONE',  ( 677.5503988948192955, 937.8824196093778482, 1388.224160490111444 ) ) ;
#6054 = AXIS2_PLACEMENT_3D ( 'NONE', #1138, #4186, #1287 ) ;
#6055 = DIRECTION ( 'NONE',  ( 1.000000000000000000, 0.000000000000000000, 0.000000000000000000 ) ) ;
#6056 = LINE ( 'NONE', #9724, #9347 ) ;
#6057 = CARTESIAN_POINT ( 'NONE',  ( 681.0503988948173628, 907.9481165441617350, 1378.224160490111444 ) ) ;
#6058 = CARTESIAN_POINT ( 'NONE',  ( 657.5503988948192955, 937.8824196093778482, 1394.724160490111444 ) ) ;
#6059 = CIRCLE ( 'NONE', #4947, 1.200000000000089884 ) ;
#6060 = CARTESIAN_POINT ( 'NONE',  ( 638.4472233276359248, 897.6427558860665386, 1388.224160490111444 ) ) ;
#6061 = DIRECTION ( 'NONE',  ( -1.000000000000000000, 0.000000000000000000, 0.000000000000000000 ) ) ;
#6062 = FACE_OUTER_BOUND ( 'NONE', #236, .T. ) ;
#6063 = ORIENTED_EDGE ( 'NONE', *, *, #9706, .F. ) ;
#6064 = ORIENTED_EDGE ( 'NONE', *, *, #7924, .F. ) ;
#6065 = CIRCLE ( 'NONE', #4631, 1.600000000000045830 ) ;
#6066 = VERTEX_POINT ( 'NONE', #8076 ) ;
#6067 = CARTESIAN_POINT ( 'NONE',  ( 696.6535744619973229, 907.9481165441649182, 1388.224160490111444 ) ) ;
#6068 = PLANE ( 'NONE',  #8764 ) ;
#6069 = CARTESIAN_POINT ( 'NONE',  ( 646.3371954592175825, 886.7349131085608178, 1380.724160490111217 ) ) ;
#6070 = EDGE_LOOP ( 'NONE', ( #9406, #2828, #2808, #4521 ) ) ;
#6071 = LINE ( 'NONE', #1426, #2855 ) ;
#6072 = EDGE_CURVE ( 'NONE', #6565, #2634, #7977, .T. ) ;
#6073 = LINE ( 'NONE', #2987, #2851 ) ;
#6074 = ORIENTED_EDGE ( 'NONE', *, *, #4538, .T. ) ;
#6075 = ORIENTED_EDGE ( 'NONE', *, *, #9818, .F. ) ;
#6076 = ORIENTED_EDGE ( 'NONE', *, *, #4003, .T. ) ;
#6077 = EDGE_CURVE ( 'NONE', #8957, #651, #3530, .T. ) ;
#6078 = ADVANCED_FACE ( 'NONE', ( #6431 ), #1981, .T. ) ;
#6079 = ADVANCED_FACE ( 'NONE', ( #6484 ), #7979, .T. ) ;
#6080 = DIRECTION ( 'NONE',  ( 9.592309208192977632E-17, 1.000000000000000000, 0.000000000000000000 ) ) ;
#6081 = DIRECTION ( 'NONE',  ( -1.000000000000000000, 0.000000000000000000, 0.000000000000000000 ) ) ;
#6082 = CARTESIAN_POINT ( 'NONE',  ( 699.3080315931696305, 897.9481165441654866, 1399.724160490111444 ) ) ;
#6083 = EDGE_LOOP ( 'NONE', ( #5536, #6802, #979, #2351 ) ) ;
#6084 = DIRECTION ( 'NONE',  ( -1.000000000000000000, 0.000000000000000000, 0.000000000000000000 ) ) ;
#6085 = CARTESIAN_POINT ( 'NONE',  ( 666.8503988948174310, 888.9481165441617350, 1292.224160490111444 ) ) ;
#6086 = EDGE_CURVE ( 'NONE', #7697, #2508, #2072, .T. ) ;
#6087 = EDGE_LOOP ( 'NONE', ( #9573, #2318, #1119, #2728 ) ) ;
#6088 = ORIENTED_EDGE ( 'NONE', *, *, #6339, .F. ) ;
#6089 = DIRECTION ( 'NONE',  ( 1.000000000000000000, -4.996003610813204432E-15, 0.000000000000000000 ) ) ;
#6090 = DIRECTION ( 'NONE',  ( -0.000000000000000000, -0.000000000000000000, -1.000000000000000000 ) ) ;
#6091 = DIRECTION ( 'NONE',  ( -1.000000000000000000, 0.000000000000000000, 0.000000000000000000 ) ) ;
#6092 = VERTEX_POINT ( 'NONE', #3481 ) ;
#6093 = AXIS2_PLACEMENT_3D ( 'NONE', #6302, #1042, #4095 ) ;
#6094 = EDGE_LOOP ( 'NONE', ( #4888, #402, #1429, #5985 ) ) ;
#6095 = VECTOR ( 'NONE', #9418, 1000.000000000000000 ) ;
#6096 = FACE_OUTER_BOUND ( 'NONE', #5013, .T. ) ;
#6097 = DIRECTION ( 'NONE',  ( -1.000000000000000000, -0.000000000000000000, 0.000000000000000000 ) ) ;
#6098 = DIRECTION ( 'NONE',  ( -1.000000000000000000, 0.000000000000000000, 0.000000000000000000 ) ) ;
#6099 = CARTESIAN_POINT ( 'NONE',  ( 681.0503988948173628, 880.9013780744462565, 1377.224160490111444 ) ) ;
#6100 = LINE ( 'NONE', #2257, #3272 ) ;
#6101 = CARTESIAN_POINT ( 'NONE',  ( 701.6099625930263528, 920.4481165441027315, 1377.274628000025132 ) ) ;
#6102 = VECTOR ( 'NONE', #5494, 1000.000000000000000 ) ;
#6103 = CARTESIAN_POINT ( 'NONE',  ( 653.6674201714128003, 941.4343137269636372, 1377.363128475863505 ) ) ;
#6104 = DIRECTION ( 'NONE',  ( 1.000000000000000000, 0.000000000000000000, 0.000000000000000000 ) ) ;
#6105 = CARTESIAN_POINT ( 'NONE',  ( 688.5503988948173628, 928.9481165441617350, 1295.724160490111444 ) ) ;
#6106 = DIRECTION ( 'NONE',  ( -0.000000000000000000, -0.000000000000000000, -1.000000000000000000 ) ) ;
#6107 = ORIENTED_EDGE ( 'NONE', *, *, #132, .F. ) ;
#6108 = VERTEX_POINT ( 'NONE', #8131 ) ;
#6109 = ORIENTED_EDGE ( 'NONE', *, *, #7050, .F. ) ;
#6110 = CARTESIAN_POINT ( 'NONE',  ( 700.3080315931638324, 900.9481165441580970, 1399.724160490111444 ) ) ;
#6111 = CARTESIAN_POINT ( 'NONE',  ( 634.2290468814311453, 919.4481165441617350, 1378.224160490111444 ) ) ;
#6112 = VECTOR ( 'NONE', #1821, 1000.000000000000000 ) ;
#6113 = CARTESIAN_POINT ( 'NONE',  ( 657.5503988948141796, 878.6981165441579833, 1388.224160490111444 ) ) ;
#6114 = ORIENTED_EDGE ( 'NONE', *, *, #8163, .F. ) ;
#6115 = LINE ( 'NONE', #2327, #7003 ) ;
#6116 = CARTESIAN_POINT ( 'NONE',  ( 637.6160958296067065, 917.9481165441651456, 1389.183265665989666 ) ) ;
#6117 = VERTEX_POINT ( 'NONE', #1883 ) ;
#6118 = ORIENTED_EDGE ( 'NONE', *, *, #8224, .F. ) ;
#6119 = EDGE_LOOP ( 'NONE', ( #9448, #1880, #8919, #7647, #8855 ) ) ;
#6120 = EDGE_CURVE ( 'NONE', #6369, #7407, #1584, .T. ) ;
#6121 = CARTESIAN_POINT ( 'NONE',  ( 646.5503988948173628, 928.9481165441617350, 1292.724160490111444 ) ) ;
#6122 = DIRECTION ( 'NONE',  ( -0.7315216790650497236, 0.6818181818181811016, 0.000000000000000000 ) ) ;
#6123 = EDGE_CURVE ( 'NONE', #8497, #111, #5086, .T. ) ;
#6124 = CARTESIAN_POINT ( 'NONE',  ( 697.7428802411357083, 893.2117736234717995, 1388.224160490111444 ) ) ;
#6125 = ORIENTED_EDGE ( 'NONE', *, *, #7504, .F. ) ;
#6126 = LINE ( 'NONE', #7732, #5304 ) ;
#6127 = LINE ( 'NONE', #3740, #542 ) ;
#6128 = EDGE_CURVE ( 'NONE', #8109, #1740, #1414, .T. ) ;
#6129 = CARTESIAN_POINT ( 'NONE',  ( 695.6894273792777312, 925.6613199797623110, 1394.724160490111444 ) ) ;
#6130 = ORIENTED_EDGE ( 'NONE', *, *, #8534, .T. ) ;
#6131 = AXIS2_PLACEMENT_3D ( 'NONE', #8513, #3311, #3906 ) ;
#6132 = CIRCLE ( 'NONE', #9515, 1.200000000000089884 ) ;
#6133 = DIRECTION ( 'NONE',  ( -0.000000000000000000, -0.000000000000000000, -1.000000000000000000 ) ) ;
#6134 =( BOUNDED_CURVE ( )  B_SPLINE_CURVE ( 3, ( #8424, #1559, #4618, #652 ),
 .UNSPECIFIED., .F., .F. ) 
 B_SPLINE_CURVE_WITH_KNOTS ( ( 4, 4 ),
 ( 3.522855596016031932, 3.589636467552495880 ),
 .UNSPECIFIED. ) 
 CURVE ( )  GEOMETRIC_REPRESENTATION_ITEM ( )  RATIONAL_B_SPLINE_CURVE ( ( 1.000000000000000000, 0.9996283941275994067, 0.9996283941275994067, 1.000000000000000000 ) ) 
 REPRESENTATION_ITEM ( '' )  );
#6135 = ORIENTED_EDGE ( 'NONE', *, *, #7251, .F. ) ;
#6136 = LINE ( 'NONE', #7090, #8730 ) ;
#6137 = ADVANCED_FACE ( 'NONE', ( #2742 ), #5773, .F. ) ;
#6138 = DIRECTION ( 'NONE',  ( -1.000000000000000000, 0.000000000000000000, 0.000000000000000000 ) ) ;
#6139 = AXIS2_PLACEMENT_3D ( 'NONE', #8848, #5033, #5568 ) ;
#6140 = CARTESIAN_POINT ( 'NONE',  ( 700.3080315931638324, 898.9481165441580970, 1394.724160490111444 ) ) ;
#6141 = EDGE_LOOP ( 'NONE', ( #2530, #2406, #9211, #8707 ) ) ;
#6142 = EDGE_CURVE ( 'NONE', #1228, #6353, #3893, .T. ) ;
#6143 = DIRECTION ( 'NONE',  ( -1.000000000000000000, 0.000000000000000000, 0.000000000000000000 ) ) ;
#6144 = ORIENTED_EDGE ( 'NONE', *, *, #5394, .F. ) ;
#6145 = CARTESIAN_POINT ( 'NONE',  ( 666.5503988948173628, 937.9481165441617350, 1283.224160490111672 ) ) ;
#6146 = DIRECTION ( 'NONE',  ( -1.000000000000000000, 0.000000000000000000, 0.000000000000000000 ) ) ;
#6147 = FACE_OUTER_BOUND ( 'NONE', #3039, .T. ) ;
#6148 = EDGE_CURVE ( 'NONE', #1976, #2608, #94, .T. ) ;
#6149 = VECTOR ( 'NONE', #4889, 1000.000000000000000 ) ;
#6150 = CARTESIAN_POINT ( 'NONE',  ( 696.4598789993161745, 926.0657360681011596, 1388.224160490111444 ) ) ;
#6151 = DIRECTION ( 'NONE',  ( 1.000000000000000000, 0.000000000000000000, 0.000000000000000000 ) ) ;
#6152 = CARTESIAN_POINT ( 'NONE',  ( 679.5503988948173628, 883.9481165441617350, 1292.224160490111444 ) ) ;
#6153 = CIRCLE ( 'NONE', #2660, 1.600000000000045830 ) ;
#6154 = EDGE_CURVE ( 'NONE', #9640, #7493, #6722, .T. ) ;
#6155 = CARTESIAN_POINT ( 'NONE',  ( 679.5503988948139522, 878.0138134789452806, 1388.224160490111444 ) ) ;
#6156 = DIRECTION ( 'NONE',  ( -1.000000000000000000, 0.000000000000000000, 0.000000000000000000 ) ) ;
#6157 = DIRECTION ( 'NONE',  ( -0.000000000000000000, -0.000000000000000000, -1.000000000000000000 ) ) ;
#6158 = AXIS2_PLACEMENT_3D ( 'NONE', #5014, #6513, #1963 ) ;
#6159 = CARTESIAN_POINT ( 'NONE',  ( 669.5503988948173628, 935.9481165441617350, 1285.224160490111672 ) ) ;
#6160 = ORIENTED_EDGE ( 'NONE', *, *, #2915, .T. ) ;
#6161 = ORIENTED_EDGE ( 'NONE', *, *, #4178, .F. ) ;
#6162 = AXIS2_PLACEMENT_3D ( 'NONE', #4780, #9897, #7774 ) ;
#6163 = ORIENTED_EDGE ( 'NONE', *, *, #1447, .T. ) ;
#6164 = CARTESIAN_POINT ( 'NONE',  ( 660.5503988948191818, 939.7057492425151395, 1397.724160490111217 ) ) ;
#6165 = AXIS2_PLACEMENT_3D ( 'NONE', #4699, #3159, #4805 ) ;
#6166 = EDGE_CURVE ( 'NONE', #9552, #3924, #6019, .T. ) ;
#6167 = CARTESIAN_POINT ( 'NONE',  ( 655.5503988948173628, 897.9481165441617350, 1298.224160490111444 ) ) ;
#6168 = CARTESIAN_POINT ( 'NONE',  ( 697.7698976535349402, 871.6971165441581206, 1388.224160490111444 ) ) ;
#6169 = ORIENTED_EDGE ( 'NONE', *, *, #3354, .T. ) ;
#6170 = CARTESIAN_POINT ( 'NONE',  ( 639.4113704103607461, 925.6613199797615152, 1390.724160490111444 ) ) ;
#6171 = CARTESIAN_POINT ( 'NONE',  ( 653.6674201707446628, 941.4343137266866961, 1377.496219618869418 ) ) ;
#6172 = ORIENTED_EDGE ( 'NONE', *, *, #5868, .F. ) ;
#6173 = ORIENTED_EDGE ( 'NONE', *, *, #8849, .T. ) ;
#6174 = DIRECTION ( 'NONE',  ( -0.000000000000000000, 0.000000000000000000, -1.000000000000000000 ) ) ;
#6175 = CARTESIAN_POINT ( 'NONE',  ( 667.5503988948141796, 907.9481165441579833, 1400.724160490111217 ) ) ;
#6176 = DIRECTION ( 'NONE',  ( 0.000000000000000000, 0.000000000000000000, -1.000000000000000000 ) ) ;
#6177 = CARTESIAN_POINT ( 'NONE',  ( 697.5051621608048436, 892.2547114825226799, 1388.224160490111899 ) ) ;
#6178 = VERTEX_POINT ( 'NONE', #2223 ) ;
#6179 = FACE_OUTER_BOUND ( 'NONE', #3780, .T. ) ;
#6180 = DIRECTION ( 'NONE',  ( 0.000000000000000000, 0.000000000000000000, -1.000000000000000000 ) ) ;
#6181 = AXIS2_PLACEMENT_3D ( 'NONE', #8464, #951, #3263 ) ;
#6182 = FACE_OUTER_BOUND ( 'NONE', #8507, .T. ) ;
#6183 = VERTEX_POINT ( 'NONE', #9042 ) ;
#6184 = AXIS2_PLACEMENT_3D ( 'NONE', #6475, #1266, #7169 ) ;
#6185 = ORIENTED_EDGE ( 'NONE', *, *, #8419, .F. ) ;
#6186 = EDGE_LOOP ( 'NONE', ( #4189, #4366, #7626, #8020 ) ) ;
#6187 = DIRECTION ( 'NONE',  ( 5.871544693673103510E-15, -1.000000000000000000, 0.000000000000000000 ) ) ;
#6188 = EDGE_CURVE ( 'NONE', #8058, #4545, #4653, .T. ) ;
#6189 = CARTESIAN_POINT ( 'NONE',  ( 657.5503988948141796, 878.6981165441579833, 1388.224160490111444 ) ) ;
#6190 = CARTESIAN_POINT ( 'NONE',  ( 631.3003988948169081, 907.9481165441651456, 1394.724160490111444 ) ) ;
#6191 = ORIENTED_EDGE ( 'NONE', *, *, #7906, .F. ) ;
#6192 = DIRECTION ( 'NONE',  ( -0.000000000000000000, -0.000000000000000000, -1.000000000000000000 ) ) ;
#6193 = VERTEX_POINT ( 'NONE', #9835 ) ;
#6194 =( BOUNDED_SURFACE ( )  B_SPLINE_SURFACE ( 3, 2, ( 
 ( #3915, #4108, #962 ),
 ( #7022, #6966, #207 ),
 ( #7865, #8634, #7763 ),
 ( #8679, #3276, #4716 ),
 ( #158, #3228, #9439 ),
 ( #7164, #103, #9383 ),
 ( #255, #5516, #2374 ),
 ( #1009, #2523, #3178 ),
 ( #5567, #8583, #2578 ),
 ( #4060, #1610, #7068 ) ),
 .UNSPECIFIED., .F., .F., .F. ) 
 B_SPLINE_SURFACE_WITH_KNOTS ( ( 4, 2, 2, 2, 4 ),
 ( 3, 3 ),
 ( 2.760329711163541422, 3.248344528468828152, 3.736359345774115326, 4.224374163079402500, 4.712388980384689674 ),
 ( 0.000000000000000000, 1.000000000000000000 ),
 .UNSPECIFIED. ) 
 GEOMETRIC_REPRESENTATION_ITEM ( )  RATIONAL_B_SPLINE_SURFACE ( (
 ( 1.000000000000000000, 0.7852855583897422331, 1.000000000000000000),
 ( 1.000000000000000000, 0.7901463764914300469, 1.000000000000000000),
 ( 1.000000000000000000, 0.7919370015653526274, 1.000000000000000000),
 ( 1.000000000000000000, 0.7891811224427147664, 1.000000000000000000),
 ( 1.000000000000000000, 0.7846180608899918640, 1.000000000000000000),
 ( 1.000000000000000000, 0.7698773865473896860, 1.000000000000000000),
 ( 1.000000000000000000, 0.7596996968894235147, 1.000000000000000000),
 ( 1.000000000000000000, 0.7355420884665703207, 1.000000000000000000),
 ( 1.000000000000000000, 0.7215803408557461829, 1.000000000000000000),
 ( 1.000000000000000000, 0.7071067811865475727, 1.000000000000000000) ) ) 
 REPRESENTATION_ITEM ( '' )  SURFACE ( )  );
#6195 = DIRECTION ( 'NONE',  ( -1.000000000000000000, -6.800116025829082232E-15, 0.000000000000000000 ) ) ;
#6196 = EDGE_CURVE ( 'NONE', #5060, #9556, #5507, .T. ) ;
#6197 = DIRECTION ( 'NONE',  ( -1.000000000000000000, 0.000000000000000000, 0.000000000000000000 ) ) ;
#6198 = CARTESIAN_POINT ( 'NONE',  ( 652.5503988948173628, 909.4481165441617350, 1288.224160490111444 ) ) ;
#6199 = VECTOR ( 'NONE', #6224, 1000.000000000000000 ) ;
#6200 = VECTOR ( 'NONE', #253, 1000.000000000000000 ) ;
#6201 = CARTESIAN_POINT ( 'NONE',  ( 701.0365960776194925, 921.8310952675660701, 1377.224160490111444 ) ) ;
#6202 = PLANE ( 'NONE',  #8539 ) ;
#6203 = EDGE_CURVE ( 'NONE', #2892, #9231, #8467, .T. ) ;
#6204 = AXIS2_PLACEMENT_3D ( 'NONE', #1987, #1080, #4175 ) ;
#6205 = AXIS2_PLACEMENT_3D ( 'NONE', #396, #3313, #4051 ) ;
#6206 = CYLINDRICAL_SURFACE ( 'NONE', #6856, 1.000000000000000888 ) ;
#6207 = CARTESIAN_POINT ( 'NONE',  ( 638.3003988948192955, 907.9481165441651456, 1400.724160490111217 ) ) ;
#6208 = EDGE_CURVE ( 'NONE', #6876, #1070, #7009, .T. ) ;
#6209 = VECTOR ( 'NONE', #3068, 1000.000000000000000 ) ;
#6210 = CARTESIAN_POINT ( 'NONE',  ( 654.3992263065434827, 941.7285841173118115, 1378.759434641478492 ) ) ;
#6211 = AXIS2_PLACEMENT_3D ( 'NONE', #9899, #771, #1386 ) ;
#6212 = CARTESIAN_POINT ( 'NONE',  ( 657.0503988948174765, 888.9481165441617350, 1288.224160490111444 ) ) ;
#6213 = DIRECTION ( 'NONE',  ( 0.000000000000000000, -0.000000000000000000, 1.000000000000000000 ) ) ;
#6214 = EDGE_CURVE ( 'NONE', #3392, #8889, #5729, .T. ) ;
#6215 = AXIS2_PLACEMENT_3D ( 'NONE', #1199, #533, #6556 ) ;
#6216 = CARTESIAN_POINT ( 'NONE',  ( 700.8717509082036941, 919.4481165441617350, 1379.224160490111444 ) ) ;
#6217 = VERTEX_POINT ( 'NONE', #6207 ) ;
#6218 = EDGE_LOOP ( 'NONE', ( #556, #6279, #9094, #4531, #5058, #5814 ) ) ;
#6219 = ORIENTED_EDGE ( 'NONE', *, *, #7983, .T. ) ;
#6220 = PLANE ( 'NONE',  #1685 ) ;
#6221 = CARTESIAN_POINT ( 'NONE',  ( 655.5503988948173628, 897.9481165441617350, 1298.224160490111444 ) ) ;
#6222 = CARTESIAN_POINT ( 'NONE',  ( 635.4489690867510490, 896.9481165441580970, 1389.746155729068050 ) ) ;
#6223 = VERTEX_POINT ( 'NONE', #4468 ) ;
#6224 = DIRECTION ( 'NONE',  ( -0.000000000000000000, -0.000000000000000000, -1.000000000000000000 ) ) ;
#6225 = CARTESIAN_POINT ( 'NONE',  ( 680.7971700062328182, 874.2028775275088037, 1378.230632189713106 ) ) ;
#6226 = ORIENTED_EDGE ( 'NONE', *, *, #8040, .T. ) ;
#6227 = EDGE_LOOP ( 'NONE', ( #3093, #7864, #2099 ) ) ;
#6228 = ORIENTED_EDGE ( 'NONE', *, *, #60, .T. ) ;
#6229 = APPLICATION_PROTOCOL_DEFINITION ( 'draft international standard', 'automotive_design', 1998, #2649 ) ;
#6230 = DIRECTION ( 'NONE',  ( 3.330669073875468044E-15, -1.000000000000000000, -9.011550524554839257E-16 ) ) ;
#6231 = LINE ( 'NONE', #6387, #2868 ) ;
#6232 = PLANE ( 'NONE',  #2125 ) ;
#6233 = ORIENTED_EDGE ( 'NONE', *, *, #6072, .T. ) ;
#6234 = DIRECTION ( 'NONE',  ( 0.000000000000000000, -0.000000000000000000, 1.000000000000000000 ) ) ;
#6235 = CARTESIAN_POINT ( 'NONE',  ( 633.5237549227769023, 920.4481165441617350, 1377.224160490111444 ) ) ;
#6236 = CYLINDRICAL_SURFACE ( 'NONE', #1904, 1.000000000000067724 ) ;
#6237 = ORIENTED_EDGE ( 'NONE', *, *, #8163, .T. ) ;
#6238 = EDGE_LOOP ( 'NONE', ( #1930, #4411, #4677, #2184 ) ) ;
#6239 = ORIENTED_EDGE ( 'NONE', *, *, #9033, .T. ) ;
#6240 = DIRECTION ( 'NONE',  ( -9.592309208192977632E-17, -1.000000000000000000, 0.000000000000000000 ) ) ;
#6241 = CARTESIAN_POINT ( 'NONE',  ( 698.3888381949334416, 921.0073454410085105, 1388.384924267096721 ) ) ;
#6242 = DIRECTION ( 'NONE',  ( -0.000000000000000000, 0.000000000000000000, -1.000000000000000000 ) ) ;
#6243 = ORIENTED_EDGE ( 'NONE', *, *, #2153, .T. ) ;
#6244 = CARTESIAN_POINT ( 'NONE',  ( 655.5503988948173628, 883.9481165441617350, 1292.224160490111444 ) ) ;
#6245 = ORIENTED_EDGE ( 'NONE', *, *, #6811, .T. ) ;
#6246 = CARTESIAN_POINT ( 'NONE',  ( 683.5503988948173628, 917.9481165441617350, 1292.224160490111444 ) ) ;
#6247 = LINE ( 'NONE', #7947, #7541 ) ;
#6248 = DIRECTION ( 'NONE',  ( 0.3829787234041951982, 0.9237571636635316663, 0.000000000000000000 ) ) ;
#6249 = EDGE_CURVE ( 'NONE', #4838, #7201, #4706, .T. ) ;
#6250 = CYLINDRICAL_SURFACE ( 'NONE', #3788, 0.9999999999998898659 ) ;
#6251 = EDGE_CURVE ( 'NONE', #5645, #5625, #5267, .T. ) ;
#6252 = DIRECTION ( 'NONE',  ( 1.000000000000000000, 0.000000000000000000, 0.000000000000000000 ) ) ;
#6253 = LINE ( 'NONE', #9323, #8301 ) ;
#6254 = FACE_OUTER_BOUND ( 'NONE', #7083, .T. ) ;
#6255 =( BOUNDED_CURVE ( )  B_SPLINE_CURVE ( 3, ( #2826, #3617, #8932, #8738 ),
 .UNSPECIFIED., .F., .T. ) 
 B_SPLINE_CURVE_WITH_KNOTS ( ( 4, 4 ),
 ( 2.579771943128725820, 2.760329711163556521 ),
 .UNSPECIFIED. ) 
 CURVE ( )  GEOMETRIC_REPRESENTATION_ITEM ( )  RATIONAL_B_SPLINE_CURVE ( ( 1.000000000000000000, 0.9972850857271217118, 0.9972850857271217118, 1.000000000000000000 ) ) 
 REPRESENTATION_ITEM ( '' )  );
#6256 = AXIS2_PLACEMENT_3D ( 'NONE', #3106, #2159, #1592 ) ;
#6257 = CARTESIAN_POINT ( 'NONE',  ( 685.2636023304157789, 936.0871450286239224, 1394.724160490111444 ) ) ;
#6258 = ADVANCED_FACE ( 'NONE', ( #9276 ), #7754, .T. ) ;
#6259 = LINE ( 'NONE', #3909, #8900 ) ;
#6260 = EDGE_CURVE ( 'NONE', #2940, #8334, #4914, .T. ) ;
#6261 = DIRECTION ( 'NONE',  ( 0.000000000000000000, -0.000000000000000000, 1.000000000000000000 ) ) ;
#6262 = EDGE_CURVE ( 'NONE', #7883, #7493, #129, .T. ) ;
#6263 = CARTESIAN_POINT ( 'NONE',  ( 699.4847019600266549, 897.1196894194118840, 1389.443005925729949 ) ) ;
#6264 = CIRCLE ( 'NONE', #6740, 1.600000000000045830 ) ;
#6265 = ORIENTED_EDGE ( 'NONE', *, *, #4906, .T. ) ;
#6266 = VERTEX_POINT ( 'NONE', #1370 ) ;
#6267 = VECTOR ( 'NONE', #6234, 1000.000000000000000 ) ;
#6268 = VERTEX_POINT ( 'NONE', #9740 ) ;
#6269 = DIRECTION ( 'NONE',  ( 1.000000000000000000, -8.049116928532400695E-16, 0.000000000000000000 ) ) ;
#6270 = AXIS2_PLACEMENT_3D ( 'NONE', #5339, #2250, #9209 ) ;
#6271 = ADVANCED_FACE ( 'NONE', ( #3217, #6254 ), #608, .F. ) ;
#6272 = DIRECTION ( 'NONE',  ( -0.7315216790650497236, 0.6818181818181812126, 0.000000000000000000 ) ) ;
#6273 = LINE ( 'NONE', #211, #4044 ) ;
#6274 = LINE ( 'NONE', #7869, #3494 ) ;
#6275 = VECTOR ( 'NONE', #7336, 1000.000000000000000 ) ;
#6276 = FACE_OUTER_BOUND ( 'NONE', #2034, .T. ) ;
#6277 = ORIENTED_EDGE ( 'NONE', *, *, #454, .F. ) ;
#6278 = EDGE_LOOP ( 'NONE', ( #7255, #4774, #3147, #2136 ) ) ;
#6279 = ORIENTED_EDGE ( 'NONE', *, *, #6822, .T. ) ;
#6280 = CARTESIAN_POINT ( 'NONE',  ( 0.000000000000000000, 0.000000000000000000, 0.000000000000000000 ) ) ;
#6281 = CIRCLE ( 'NONE', #1651, 1.000000000000000888 ) ;
#6282 = DIRECTION ( 'NONE',  ( -1.000000000000000000, 0.000000000000000000, 0.000000000000000000 ) ) ;
#6283 = DIRECTION ( 'NONE',  ( 0.000000000000000000, -1.000000000000000000, -0.000000000000000000 ) ) ;
#6284 = DIRECTION ( 'NONE',  ( 0.9678837029207195686, 6.581721479369979903E-15, 0.2513983643949903035 ) ) ;
#6285 = ORIENTED_EDGE ( 'NONE', *, *, #2684, .T. ) ;
#6286 = CARTESIAN_POINT ( 'NONE',  ( 655.5503988948192955, 937.8824196093778482, 1388.224160490111444 ) ) ;
#6287 = CARTESIAN_POINT ( 'NONE',  ( 680.1647351805523840, 882.5316451315824224, 1288.242083568197131 ) ) ;
#6288 = CYLINDRICAL_SURFACE ( 'NONE', #3814, 34.25000000000000000 ) ;
#6289 = ORIENTED_EDGE ( 'NONE', *, *, #7604, .F. ) ;
#6290 = ORIENTED_EDGE ( 'NONE', *, *, #5289, .T. ) ;
#6291 = AXIS2_PLACEMENT_3D ( 'NONE', #5612, #196, #8627 ) ;
#6292 = ORIENTED_EDGE ( 'NONE', *, *, #8387, .F. ) ;
#6293 = DIRECTION ( 'NONE',  ( 0.000000000000000000, 0.000000000000000000, -1.000000000000000000 ) ) ;
#6294 = CARTESIAN_POINT ( 'NONE',  ( 681.3212726107227581, 941.4806224116946396, 1377.888988763847919 ) ) ;
#6295 = DIRECTION ( 'NONE',  ( 0.000000000000000000, 0.000000000000000000, -1.000000000000000000 ) ) ;
#6296 = EDGE_CURVE ( 'NONE', #5898, #74, #2676, .T. ) ;
#6297 = VERTEX_POINT ( 'NONE', #560 ) ;
#6298 = CARTESIAN_POINT ( 'NONE',  ( 683.5503988948173628, 910.4481165441617350, 1281.724160490111444 ) ) ;
#6299 = VECTOR ( 'NONE', #793, 1000.000000000000000 ) ;
#6300 = VERTEX_POINT ( 'NONE', #194 ) ;
#6301 = FACE_OUTER_BOUND ( 'NONE', #6783, .T. ) ;
#6302 = CARTESIAN_POINT ( 'NONE',  ( 688.7636023304157789, 929.1613199797623110, 1390.724160490111444 ) ) ;
#6303 = CYLINDRICAL_SURFACE ( 'NONE', #6515, 34.25000000000000000 ) ;
#6304 = CIRCLE ( 'NONE', #3595, 1.000000000000000888 ) ;
#6305 = CARTESIAN_POINT ( 'NONE',  ( 688.7636023304106629, 886.7349131085616136, 1388.224160490111444 ) ) ;
#6306 = EDGE_CURVE ( 'NONE', #7407, #6503, #3182, .T. ) ;
#6307 = LINE ( 'NONE', #4098, #8136 ) ;
#6308 = ADVANCED_FACE ( 'NONE', ( #5611 ), #6510, .F. ) ;
#6309 = LINE ( 'NONE', #1048, #8958 ) ;
#6310 = CARTESIAN_POINT ( 'NONE',  ( 680.3129794725042530, 881.6925542389748216, 1288.828626905492001 ) ) ;
#6311 = DIRECTION ( 'NONE',  ( -1.000000000000000000, 0.000000000000000000, 0.000000000000000000 ) ) ;
#6312 = ADVANCED_FACE ( 'NONE', ( #4200 ), #5756, .F. ) ;
#6313 = VECTOR ( 'NONE', #7912, 1000.000000000000000 ) ;
#6314 = ORIENTED_EDGE ( 'NONE', *, *, #1010, .T. ) ;
#6315 = DIRECTION ( 'NONE',  ( -1.000000000000000000, 2.220446049250311061E-13, 0.000000000000000000 ) ) ;
#6316 = CARTESIAN_POINT ( 'NONE',  ( 637.4233096176718618, 924.3678007711795317, 1388.200158026990721 ) ) ;
#6317 = ORIENTED_EDGE ( 'NONE', *, *, #6016, .T. ) ;
#6318 = ORIENTED_EDGE ( 'NONE', *, *, #3143, .F. ) ;
#6319 = FACE_OUTER_BOUND ( 'NONE', #1470, .T. ) ;
#6320 = ADVANCED_FACE ( 'NONE', ( #5559 ), #7261, .F. ) ;
#6321 = AXIS2_PLACEMENT_3D ( 'NONE', #7993, #9558, #9411 ) ;
#6322 =( BOUNDED_CURVE ( )  B_SPLINE_CURVE ( 3, ( #8727, #850, #6263, #154 ),
 .UNSPECIFIED., .F., .F. ) 
 B_SPLINE_CURVE_WITH_KNOTS ( ( 4, 4 ),
 ( 1.570796326794903219, 3.141592653589799777 ),
 .UNSPECIFIED. ) 
 CURVE ( )  GEOMETRIC_REPRESENTATION_ITEM ( )  RATIONAL_B_SPLINE_CURVE ( ( 1.000000000000000000, 0.8047378541243649375, 0.8047378541243649375, 1.000000000000000000 ) ) 
 REPRESENTATION_ITEM ( '' )  );
#6323 = VECTOR ( 'NONE', #7368, 1000.000000000000000 ) ;
#6324 = EDGE_CURVE ( 'NONE', #7761, #1944, #2713, .T. ) ;
#6325 = CARTESIAN_POINT ( 'NONE',  ( 688.5503988948173628, 928.9481165441617350, 1295.724160490111444 ) ) ;
#6326 = DIRECTION ( 'NONE',  ( 8.326672684688689830E-16, 1.000000000000000000, 0.000000000000000000 ) ) ;
#6327 = DIRECTION ( 'NONE',  ( -0.000000000000000000, 0.000000000000000000, -1.000000000000000000 ) ) ;
#6328 = CARTESIAN_POINT ( 'NONE',  ( 680.7990703282482627, 875.1808154128854085, 1378.200403077330293 ) ) ;
#6329 = ORIENTED_EDGE ( 'NONE', *, *, #7777, .F. ) ;
#6330 = ADVANCED_FACE ( 'NONE', ( #4005 ), #2516, .T. ) ;
#6331 = ORIENTED_EDGE ( 'NONE', *, *, #3229, .T. ) ;
#6332 = VERTEX_POINT ( 'NONE', #9571 ) ;
#6333 = VECTOR ( 'NONE', #6559, 1000.000000000000000 ) ;
#6334 = EDGE_CURVE ( 'NONE', #5319, #4278, #8626, .T. ) ;
#6335 = CARTESIAN_POINT ( 'NONE',  ( 648.8371954592175825, 886.7349131085610452, 1390.724160490111444 ) ) ;
#6336 = DIRECTION ( 'NONE',  ( -0.000000000000000000, 0.000000000000000000, 1.000000000000000000 ) ) ;
#6337 = DIRECTION ( 'NONE',  ( -0.000000000000000000, 0.000000000000000000, -1.000000000000000000 ) ) ;
#6338 = ORIENTED_EDGE ( 'NONE', *, *, #3344, .T. ) ;
#6339 = EDGE_CURVE ( 'NONE', #108, #2940, #1565, .T. ) ;
#6340 = DIRECTION ( 'NONE',  ( -1.000000000000000000, 0.000000000000000000, 0.000000000000000000 ) ) ;
#6341 = CARTESIAN_POINT ( 'NONE',  ( 679.0503988948173628, 923.9481165441617350, 1281.724160490111444 ) ) ;
#6342 = DIRECTION ( 'NONE',  ( 1.000000000000000000, -8.049116928532400695E-16, 0.000000000000000000 ) ) ;
#6343 = VERTEX_POINT ( 'NONE', #8772 ) ;
#6344 = EDGE_LOOP ( 'NONE', ( #8688, #4792, #9876, #6782 ) ) ;
#6345 = EDGE_CURVE ( 'NONE', #1681, #8853, #2667, .T. ) ;
#6346 = VERTEX_POINT ( 'NONE', #4811 ) ;
#6347 = DIRECTION ( 'NONE',  ( -1.236786676975318686E-16, -1.000000000000000000, -0.000000000000000000 ) ) ;
#6348 = DIRECTION ( 'NONE',  ( -0.000000000000000000, 0.000000000000000000, 1.000000000000000000 ) ) ;
#6349 = UNCERTAINTY_MEASURE_WITH_UNIT (LENGTH_MEASURE( 1.000000000000000082E-05 ), #8940, 'distance_accuracy_value', 'NONE');
#6350 = CARTESIAN_POINT ( 'NONE',  ( 680.0503988948172491, 942.0076802423413938, 1377.224160490112126 ) ) ;
#6351 = CARTESIAN_POINT ( 'NONE',  ( 677.5503988948173628, 920.4481165441617350, 1298.224160490111444 ) ) ;
#6352 = AXIS2_PLACEMENT_3D ( 'NONE', #3013, #5301, #6055 ) ;
#6353 = VERTEX_POINT ( 'NONE', #4854 ) ;
#6354 = CARTESIAN_POINT ( 'NONE',  ( 657.8503988948173173, 888.9481165441617350, 1290.824160490111353 ) ) ;
#6355 = ORIENTED_EDGE ( 'NONE', *, *, #7910, .T. ) ;
#6356 = FACE_OUTER_BOUND ( 'NONE', #4342, .T. ) ;
#6357 = DIRECTION ( 'NONE',  ( 0.000000000000000000, 0.000000000000000000, 1.000000000000000000 ) ) ;
#6358 = CARTESIAN_POINT ( 'NONE',  ( 679.5503988948173628, 917.9481165441617350, 1298.224160490111444 ) ) ;
#6359 = DIRECTION ( 'NONE',  ( 1.000000000000000000, 0.000000000000000000, 0.000000000000000000 ) ) ;
#6360 = AXIS2_PLACEMENT_3D ( 'NONE', #6478, #8123, #1314 ) ;
#6361 = CARTESIAN_POINT ( 'NONE',  ( 635.7927661964699837, 917.9481165441651456, 1394.724160490111444 ) ) ;
#6362 = DIRECTION ( 'NONE',  ( 0.000000000000000000, 1.000000000000000000, 0.000000000000000000 ) ) ;
#6363 = CARTESIAN_POINT ( 'NONE',  ( 653.8934417171565201, 941.5271811628726937, 1378.145551514029421 ) ) ;
#6364 = DIRECTION ( 'NONE',  ( 0.000000000000000000, 0.000000000000000000, 1.000000000000000000 ) ) ;
#6365 = AXIS2_PLACEMENT_3D ( 'NONE', #6677, #1985, #9650 ) ;
#6366 = CARTESIAN_POINT ( 'NONE',  ( 634.0642017092934566, 921.8310952610007689, 1377.360919905478113 ) ) ;
#6367 = CARTESIAN_POINT ( 'NONE',  ( 637.4668989365221705, 924.4494816881961015, 1388.993875154014404 ) ) ;
#6368 = VECTOR ( 'NONE', #2414, 1000.000000000000000 ) ;
#6369 = VERTEX_POINT ( 'NONE', #8821 ) ;
#6370 = LINE ( 'NONE', #1818, #68 ) ;
#6371 = FACE_OUTER_BOUND ( 'NONE', #8331, .T. ) ;
#6372 = AXIS2_PLACEMENT_3D ( 'NONE', #4409, #9777, #6104 ) ;
#6373 = AXIS2_PLACEMENT_3D ( 'NONE', #9398, #7081, #9498 ) ;
#6374 = DIRECTION ( 'NONE',  ( -0.000000000000000000, -0.000000000000000000, -1.000000000000000000 ) ) ;
#6375 = DIRECTION ( 'NONE',  ( 1.000000000000000000, 0.000000000000000000, 0.000000000000000000 ) ) ;
#6376 = CIRCLE ( 'NONE', #4941, 36.25000000000000711 ) ;
#6377 = DIRECTION ( 'NONE',  ( -1.000000000000000000, -0.000000000000000000, -0.000000000000000000 ) ) ;
#6378 = CARTESIAN_POINT ( 'NONE',  ( 680.2098373625195791, 873.9802567356153986, 1378.836993077751458 ) ) ;
#6379 = ORIENTED_EDGE ( 'NONE', *, *, #2616, .F. ) ;
#6380 = ORIENTED_EDGE ( 'NONE', *, *, #2235, .F. ) ;
#6381 = AXIS2_PLACEMENT_3D ( 'NONE', #1856, #5700, #2464 ) ;
#6382 = VERTEX_POINT ( 'NONE', #7901 ) ;
#6383 = ADVANCED_FACE ( 'NONE', ( #6413 ), #5702, .T. ) ;
#6384 = AXIS2_PLACEMENT_3D ( 'NONE', #3384, #9497, #2078 ) ;
#6385 = DIRECTION ( 'NONE',  ( 6.827871601444711146E-15, -1.000000000000000000, 0.000000000000000000 ) ) ;
#6386 = ADVANCED_FACE ( 'NONE', ( #1915 ), #4756, .F. ) ;
#6387 = CARTESIAN_POINT ( 'NONE',  ( 634.7927661964698700, 914.9481165441651456, 1399.724160490111444 ) ) ;
#6388 = CARTESIAN_POINT ( 'NONE',  ( 655.5503988948173628, 917.9481165441617350, 1298.224160490111444 ) ) ;
#6389 = ORIENTED_EDGE ( 'NONE', *, *, #5597, .T. ) ;
#6390 = CARTESIAN_POINT ( 'NONE',  ( 679.3461868845271283, 882.9481165441617350, 1281.724160490111444 ) ) ;
#6391 = CARTESIAN_POINT ( 'NONE',  ( 680.3302421038260945, 881.7578587994343025, 1288.745028847407866 ) ) ;
#6392 = CARTESIAN_POINT ( 'NONE',  ( 684.5503988948173628, 919.4481165441617350, 1378.224160490111444 ) ) ;
#6393 = AXIS2_PLACEMENT_3D ( 'NONE', #2571, #1763, #3220 ) ;
#6394 = ORIENTED_EDGE ( 'NONE', *, *, #5363, .T. ) ;
#6395 = ORIENTED_EDGE ( 'NONE', *, *, #4619, .F. ) ;
#6396 = EDGE_CURVE ( 'NONE', #9132, #1946, #6309, .T. ) ;
#6397 = EDGE_CURVE ( 'NONE', #3299, #6588, #2861, .T. ) ;
#6398 = ORIENTED_EDGE ( 'NONE', *, *, #4919, .F. ) ;
#6399 = AXIS2_PLACEMENT_3D ( 'NONE', #4950, #8865, #2002 ) ;
#6400 = EDGE_CURVE ( 'NONE', #9241, #6830, #1000, .T. ) ;
#6401 = DIRECTION ( 'NONE',  ( 1.000000000000000000, 3.330669073875467649E-15, 0.000000000000000000 ) ) ;
#6402 = CARTESIAN_POINT ( 'NONE',  ( 680.0592485608004836, 941.9920604181045292, 1377.484837583998114 ) ) ;
#6403 = EDGE_CURVE ( 'NONE', #4012, #7431, #7190, .T. ) ;
#6404 = DIRECTION ( 'NONE',  ( -1.000000000000000000, 0.000000000000000000, 0.000000000000000000 ) ) ;
#6405 = ORIENTED_EDGE ( 'NONE', *, *, #2923, .T. ) ;
#6406 = LINE ( 'NONE', #2657, #6095 ) ;
#6407 = ORIENTED_EDGE ( 'NONE', *, *, #9289, .T. ) ;
#6408 = CARTESIAN_POINT ( 'NONE',  ( 655.5596666561840493, 940.9145968857317257, 1378.097830879109551 ) ) ;
#6409 = CARTESIAN_POINT ( 'NONE',  ( 738.3003988948194092, 907.9481165441648045, 1397.724160490111217 ) ) ;
#6410 = DIRECTION ( 'NONE',  ( -1.000000000000000000, 0.000000000000000000, 0.000000000000000000 ) ) ;
#6411 = CARTESIAN_POINT ( 'NONE',  ( 679.3766400295691028, 873.6814779488354361, 1377.224160490111444 ) ) ;
#6412 = CYLINDRICAL_SURFACE ( 'NONE', #451, 2.000000000000001776 ) ;
#6413 = FACE_OUTER_BOUND ( 'NONE', #4144, .T. ) ;
#6414 = ORIENTED_EDGE ( 'NONE', *, *, #2048, .T. ) ;
#6415 = CARTESIAN_POINT ( 'NONE',  ( 666.5503988948173628, 934.9481165441617350, 1283.724160490111217 ) ) ;
#6416 = CARTESIAN_POINT ( 'NONE',  ( 680.0177753053595779, 941.9869711631814653, 1379.128710254905172 ) ) ;
#6417 = ORIENTED_EDGE ( 'NONE', *, *, #9597, .T. ) ;
#6418 = DIRECTION ( 'NONE',  ( -0.000000000000000000, -0.000000000000000000, -1.000000000000000000 ) ) ;
#6419 = FACE_BOUND ( 'NONE', #7989, .T. ) ;
#6420 = ORIENTED_EDGE ( 'NONE', *, *, #1137, .F. ) ;
#6421 = CARTESIAN_POINT ( 'NONE',  ( 700.3080315931636051, 907.9481165441579833, 1374.668558774804069 ) ) ;
#6422 = CARTESIAN_POINT ( 'NONE',  ( 693.7921470329005160, 926.6613199797621974, 1388.224160490111444 ) ) ;
#6423 = DIRECTION ( 'NONE',  ( -1.000000000000000000, 0.000000000000000000, 0.000000000000000000 ) ) ;
#6424 = AXIS2_PLACEMENT_3D ( 'NONE', #9422, #7002, #5605 ) ;
#6425 = LINE ( 'NONE', #8588, #6838 ) ;
#6426 = CARTESIAN_POINT ( 'NONE',  ( 680.5691499817867225, 874.1128573057872018, 1378.130748662035558 ) ) ;
#6427 = AXIS2_PLACEMENT_3D ( 'NONE', #549, #1358, #6946 ) ;
#6428 = EDGE_LOOP ( 'NONE', ( #2014, #3537 ) ) ;
#6429 = EDGE_LOOP ( 'NONE', ( #8765, #5878 ) ) ;
#6430 = EDGE_LOOP ( 'NONE', ( #1004, #2606, #9630, #4229, #7290 ) ) ;
#6431 = FACE_OUTER_BOUND ( 'NONE', #6462, .T. ) ;
#6432 = FACE_BOUND ( 'NONE', #5052, .T. ) ;
#6433 = CIRCLE ( 'NONE', #6270, 3.000000000000002665 ) ;
#6434 = CARTESIAN_POINT ( 'NONE',  ( 658.5503988948140659, 875.1904838458079894, 1397.724160490111217 ) ) ;
#6435 = ORIENTED_EDGE ( 'NONE', *, *, #8112, .T. ) ;
#6436 = DIRECTION ( 'NONE',  ( -1.000000000000000000, 0.000000000000000000, 0.000000000000000000 ) ) ;
#6437 = CARTESIAN_POINT ( 'NONE',  ( 667.5503988948173628, 889.5048929804447653, 1288.224160490111444 ) ) ;
#6438 = CARTESIAN_POINT ( 'NONE',  ( 679.5503988948173628, 883.9481165441617350, 1388.224160490111444 ) ) ;
#6439 = ORIENTED_EDGE ( 'NONE', *, *, #9342, .T. ) ;
#6440 = EDGE_CURVE ( 'NONE', #6837, #5827, #5403, .T. ) ;
#6441 = ORIENTED_EDGE ( 'NONE', *, *, #190, .F. ) ;
#6442 = ORIENTED_EDGE ( 'NONE', *, *, #4243, .F. ) ;
#6443 = AXIS2_PLACEMENT_3D ( 'NONE', #4879, #6337, #3339 ) ;
#6444 = CARTESIAN_POINT ( 'NONE',  ( 679.5197456066316590, 940.9314451800868255, 1378.115488122612078 ) ) ;
#6445 = DIRECTION ( 'NONE',  ( 0.000000000000000000, 0.000000000000000000, 1.000000000000000000 ) ) ;
#6446 = EDGE_CURVE ( 'NONE', #286, #2819, #1094, .T. ) ;
#6447 = CARTESIAN_POINT ( 'NONE',  ( 680.0503988956282910, 942.0076802416213013, 1377.250055896605090 ) ) ;
#6448 = EDGE_CURVE ( 'NONE', #1223, #1729, #8783, .T. ) ;
#6449 = LINE ( 'NONE', #2453, #6102 ) ;
#6450 = EDGE_CURVE ( 'NONE', #3596, #8005, #6602, .T. ) ;
#6451 = VERTEX_POINT ( 'NONE', #2860 ) ;
#6452 = LINE ( 'NONE', #9563, #4661 ) ;
#6453 = ORIENTED_EDGE ( 'NONE', *, *, #2484, .T. ) ;
#6454 = VECTOR ( 'NONE', #1613, 1000.000000000000000 ) ;
#6455 = CARTESIAN_POINT ( 'NONE',  ( 655.4005864284914651, 940.7923279846772857, 1377.987051786382835 ) ) ;
#6456 = CARTESIAN_POINT ( 'NONE',  ( 654.0503988948173628, 875.3856765250230865, 1378.224160490111444 ) ) ;
#6457 = EDGE_CURVE ( 'NONE', #2939, #5632, #6684, .T. ) ;
#6458 = LINE ( 'NONE', #5753, #5227 ) ;
#6459 = DIRECTION ( 'NONE',  ( -1.000000000000000000, 3.580469254416132998E-15, -0.000000000000000000 ) ) ;
#6460 = EDGE_CURVE ( 'NONE', #9079, #9191, #1342, .T. ) ;
#6461 = CARTESIAN_POINT ( 'NONE',  ( 646.5503988948173628, 928.9481165441617350, 1295.724160490111444 ) ) ;
#6462 = EDGE_LOOP ( 'NONE', ( #9743, #9781, #6574, #1619 ) ) ;
#6463 = CARTESIAN_POINT ( 'NONE',  ( 655.5503988948173628, 917.9481165441617350, 1298.224160490111444 ) ) ;
#6464 = EDGE_CURVE ( 'NONE', #8180, #5370, #4929, .T. ) ;
#6465 = DIRECTION ( 'NONE',  ( -1.000000000000000000, -6.800116025829082232E-15, 0.000000000000000000 ) ) ;
#6466 = EDGE_LOOP ( 'NONE', ( #2450, #5675, #6980 ) ) ;
#6467 = DIRECTION ( 'NONE',  ( -0.000000000000000000, -0.000000000000000000, -1.000000000000000000 ) ) ;
#6468 = DIRECTION ( 'NONE',  ( 1.000000000000000000, 0.000000000000000000, 0.000000000000000000 ) ) ;
#6469 = CIRCLE ( 'NONE', #2471, 1.600000000000045830 ) ;
#6470 = CIRCLE ( 'NONE', #50, 36.25000000000000711 ) ;
#6471 = EDGE_LOOP ( 'NONE', ( #5542, #9306, #4116, #9893 ) ) ;
#6472 = DIRECTION ( 'NONE',  ( 1.110223024625180206E-16, 1.000000000000000000, 0.000000000000000000 ) ) ;
#6473 = DIRECTION ( 'NONE',  ( 1.000000000000000000, 0.000000000000000000, 0.000000000000000000 ) ) ;
#6474 = VECTOR ( 'NONE', #976, 1000.000000000000000 ) ;
#6475 = CARTESIAN_POINT ( 'NONE',  ( 671.5503988948173628, 938.9481165441617350, 1283.224160490111672 ) ) ;
#6476 = FACE_OUTER_BOUND ( 'NONE', #2862, .T. ) ;
#6477 = DIRECTION ( 'NONE',  ( -0.000000000000000000, -0.000000000000000000, -1.000000000000000000 ) ) ;
#6478 = CARTESIAN_POINT ( 'NONE',  ( 688.7636023304106629, 886.7349131085616136, 1388.224160490111444 ) ) ;
#6479 = ORIENTED_EDGE ( 'NONE', *, *, #3574, .T. ) ;
#6480 = ORIENTED_EDGE ( 'NONE', *, *, #9037, .F. ) ;
#6481 = CIRCLE ( 'NONE', #3294, 0.9999999999998898659 ) ;
#6482 = EDGE_LOOP ( 'NONE', ( #7595, #9002, #3721 ) ) ;
#6483 = STYLED_ITEM ( 'NONE', ( #8756 ), #8460 ) ;
#6484 = FACE_OUTER_BOUND ( 'NONE', #6344, .T. ) ;
#6485 = CARTESIAN_POINT ( 'NONE',  ( 653.8152985350861854, 874.4006107511722803, 1378.271221964862207 ) ) ;
#6486 = DIRECTION ( 'NONE',  ( -0.000000000000000000, 0.000000000000000000, 1.000000000000000000 ) ) ;
#6487 = ORIENTED_EDGE ( 'NONE', *, *, #5211, .T. ) ;
#6488 = DIRECTION ( 'NONE',  ( 0.000000000000000000, 0.000000000000000000, -1.000000000000000000 ) ) ;
#6489 = CARTESIAN_POINT ( 'NONE',  ( 681.0503988948173628, 875.3856765250230865, 1378.224160490111444 ) ) ;
#6490 = DIRECTION ( 'NONE',  ( 1.000000000000000000, 0.000000000000000000, 0.000000000000000000 ) ) ;
#6491 = ORIENTED_EDGE ( 'NONE', *, *, #7773, .F. ) ;
#6492 = VERTEX_POINT ( 'NONE', #3507 ) ;
#6493 = CIRCLE ( 'NONE', #6002, 36.25000000000000711 ) ;
#6494 = ORIENTED_EDGE ( 'NONE', *, *, #3333, .F. ) ;
#6495 = CARTESIAN_POINT ( 'NONE',  ( 680.0503988948173628, 874.6267645307755174, 1281.724160490111444 ) ) ;
#6496 = CIRCLE ( 'NONE', #6647, 36.25000000000000711 ) ;
#6497 = CARTESIAN_POINT ( 'NONE',  ( 672.5503988948173628, 934.9481165441617350, 1285.224160490111444 ) ) ;
#6498 = CYLINDRICAL_SURFACE ( 'NONE', #9109, 1.000000000000000888 ) ;
#6499 = VECTOR ( 'NONE', #8712, 1000.000000000000000 ) ;
#6500 = CYLINDRICAL_SURFACE ( 'NONE', #9491, 1.200000000000089884 ) ;
#6501 = ORIENTED_EDGE ( 'NONE', *, *, #1198, .T. ) ;
#6502 = CARTESIAN_POINT ( 'NONE',  ( 666.0503988948174765, 888.9481165441617350, 1290.824160490111353 ) ) ;
#6503 = VERTEX_POINT ( 'NONE', #4393 ) ;
#6504 = CARTESIAN_POINT ( 'NONE',  ( 669.8503988948173173, 888.9481165441617350, 1290.824160490111353 ) ) ;
#6505 = ORIENTED_EDGE ( 'NONE', *, *, #8040, .F. ) ;
#6506 = EDGE_CURVE ( 'NONE', #2165, #9811, #600, .T. ) ;
#6507 = CARTESIAN_POINT ( 'NONE',  ( 674.5503988948194092, 939.7057492425150258, 1399.724160490111444 ) ) ;
#6508 = CARTESIAN_POINT ( 'NONE',  ( 678.0503988948173628, 888.9481165441617350, 1292.224160490111444 ) ) ;
#6509 = FACE_OUTER_BOUND ( 'NONE', #2021, .T. ) ;
#6510 = CYLINDRICAL_SURFACE ( 'NONE', #6843, 0.8000000000000229150 ) ;
#6511 = EDGE_CURVE ( 'NONE', #5687, #8853, #9441, .T. ) ;
#6512 = VERTEX_POINT ( 'NONE', #3699 ) ;
#6513 = DIRECTION ( 'NONE',  ( 0.000000000000000000, 0.000000000000000000, -1.000000000000000000 ) ) ;
#6514 = CARTESIAN_POINT ( 'NONE',  ( 633.3831971193181971, 920.0610791602077825, 1378.105044178669459 ) ) ;
#6515 = AXIS2_PLACEMENT_3D ( 'NONE', #8412, #6952, #1598 ) ;
#6516 = CARTESIAN_POINT ( 'NONE',  ( 677.5503988948141796, 878.6981165441579833, 1388.224160490111444 ) ) ;
#6517 = ADVANCED_FACE ( 'NONE', ( #8918 ), #6747, .T. ) ;
#6518 = ORIENTED_EDGE ( 'NONE', *, *, #9404, .T. ) ;
#6519 = DIRECTION ( 'NONE',  ( -1.000000000000000000, -2.843661915242425431E-15, 0.000000000000000000 ) ) ;
#6520 = EDGE_CURVE ( 'NONE', #6542, #9670, #5942, .T. ) ;
#6521 = CARTESIAN_POINT ( 'NONE',  ( 646.3371954592175825, 889.2349131085609315, 1390.724160490111444 ) ) ;
#6522 = SURFACE_STYLE_FILL_AREA ( #5066 ) ;
#6523 = EDGE_CURVE ( 'NONE', #9695, #2353, #4249, .T. ) ;
#6524 = FACE_OUTER_BOUND ( 'NONE', #9133, .T. ) ;
#6525 = AXIS2_PLACEMENT_3D ( 'NONE', #8371, #2974, #748 ) ;
#6526 = CARTESIAN_POINT ( 'NONE',  ( 638.3003988948192955, 917.9481165441651456, 1400.724160490111217 ) ) ;
#6527 = DIRECTION ( 'NONE',  ( 0.000000000000000000, 0.000000000000000000, 1.000000000000000000 ) ) ;
#6528 = ORIENTED_EDGE ( 'NONE', *, *, #8376, .T. ) ;
#6529 = VERTEX_POINT ( 'NONE', #6557 ) ;
#6530 = AXIS2_PLACEMENT_3D ( 'NONE', #4624, #9140, #3827 ) ;
#6531 = ORIENTED_EDGE ( 'NONE', *, *, #1367, .F. ) ;
#6532 = VECTOR ( 'NONE', #7735, 1000.000000000000000 ) ;
#6533 = CIRCLE ( 'NONE', #7017, 1.500000000000056843 ) ;
#6534 = PLANE ( 'NONE',  #5909 ) ;
#6535 = CARTESIAN_POINT ( 'NONE',  ( 675.5503988948173628, 888.9481165441617350, 1288.224160490111444 ) ) ;
#6536 = ORIENTED_EDGE ( 'NONE', *, *, #6208, .F. ) ;
#6537 = CARTESIAN_POINT ( 'NONE',  ( 654.1758389312896043, 874.2546205207662524, 1379.178661019218907 ) ) ;
#6538 = CARTESIAN_POINT ( 'NONE',  ( 637.7041404120691368, 891.9386761275336539, 1388.224160490111672 ) ) ;
#6539 = AXIS2_PLACEMENT_3D ( 'NONE', #2538, #922, #8646 ) ;
#6540 = DIRECTION ( 'NONE',  ( -0.3703672902754278629, 0.9238905593788629966, -0.09619929617543278300 ) ) ;
#6541 = EDGE_LOOP ( 'NONE', ( #3194, #2022, #1558, #3105, #1132, #3287 ) ) ;
#6542 = VERTEX_POINT ( 'NONE', #8201 ) ;
#6543 = AXIS2_PLACEMENT_3D ( 'NONE', #8091, #8955, #9559 ) ;
#6544 = EDGE_LOOP ( 'NONE', ( #4029, #2319, #4181, #2011, #2577, #8456 ) ) ;
#6545 = DIRECTION ( 'NONE',  ( 1.000000000000000000, -1.193489751472043754E-14, -0.000000000000000000 ) ) ;
#6546 = LINE ( 'NONE', #9615, #2216 ) ;
#6547 = CARTESIAN_POINT ( 'NONE',  ( 651.5503988948173628, 917.9481165441617350, 1298.224160490111444 ) ) ;
#6548 = ORIENTED_EDGE ( 'NONE', *, *, #8720, .T. ) ;
#6549 = CIRCLE ( 'NONE', #7351, 1.000000000000067724 ) ;
#6550 = CARTESIAN_POINT ( 'NONE',  ( 637.6160958296015906, 897.9481165441580970, 1389.183265665989666 ) ) ;
#6551 = ORIENTED_EDGE ( 'NONE', *, *, #8387, .T. ) ;
#6552 = DIRECTION ( 'NONE',  ( -0.000000000000000000, -0.000000000000000000, 1.000000000000000000 ) ) ;
#6553 = CIRCLE ( 'NONE', #3836, 1.000000000000000888 ) ;
#6554 = ORIENTED_EDGE ( 'NONE', *, *, #8472, .F. ) ;
#6555 = CARTESIAN_POINT ( 'NONE',  ( 645.3503988948174310, 928.9481165441617350, 1295.724160490111444 ) ) ;
#6556 = DIRECTION ( 'NONE',  ( -0.000000000000000000, 0.000000000000000000, 1.000000000000000000 ) ) ;
#6557 = CARTESIAN_POINT ( 'NONE',  ( 684.5503988948173628, 888.9481165441617350, 1378.224160490111444 ) ) ;
#6558 = VERTEX_POINT ( 'NONE', #4345 ) ;
#6559 = DIRECTION ( 'NONE',  ( 0.000000000000000000, 0.000000000000000000, 1.000000000000000000 ) ) ;
#6560 = B_SPLINE_CURVE_WITH_KNOTS ( 'NONE', 3,
 ( #2083, #5032, #1224, #5078, #9691, #7338, #2746, #3534, #3485, #515, #6583, #370, #9606, #6537, #5824, #8894 ),
 .UNSPECIFIED., .F., .F.,
 ( 4, 2, 2, 2, 2, 2, 2, 4 ),
 ( 0.000000000000000000, 0.0004159832385131043728, 0.0008319664770262087455, 0.001247949715539313281, 0.001663932954052417491, 0.002079916192565521918, 0.002495899431078626562, 0.003327865908104721358 ),
 .UNSPECIFIED. ) ;
#6561 = VERTEX_POINT ( 'NONE', #8156 ) ;
#6562 = CARTESIAN_POINT ( 'NONE',  ( 667.5503988948141796, 907.9481165441579833, 1388.224160490111444 ) ) ;
#6563 = FACE_OUTER_BOUND ( 'NONE', #2218, .T. ) ;
#6564 = EDGE_CURVE ( 'NONE', #181, #7761, #2007, .T. ) ;
#6565 = VERTEX_POINT ( 'NONE', #3896 ) ;
#6566 = DIRECTION ( 'NONE',  ( 4.752667057470703642E-17, -1.000000000000000000, 0.000000000000000000 ) ) ;
#6567 = CARTESIAN_POINT ( 'NONE',  ( 701.7176872866588155, 920.0608185278246083, 1378.105381297090162 ) ) ;
#6568 = EDGE_CURVE ( 'NONE', #7176, #8023, #8189, .T. ) ;
#6569 = EDGE_CURVE ( 'NONE', #9684, #1418, #3005, .T. ) ;
#6570 = DIRECTION ( 'NONE',  ( 0.000000000000000000, 0.000000000000000000, -1.000000000000000000 ) ) ;
#6571 = EDGE_CURVE ( 'NONE', #9241, #9648, #6433, .T. ) ;
#6572 = CARTESIAN_POINT ( 'NONE',  ( 677.5503988948173628, 920.4481165441617350, 1292.224160490111444 ) ) ;
#6573 = CARTESIAN_POINT ( 'NONE',  ( 656.0503988948174765, 923.9481165441617350, 1377.224160490111444 ) ) ;
#6574 = ORIENTED_EDGE ( 'NONE', *, *, #543, .F. ) ;
#6575 = ORIENTED_EDGE ( 'NONE', *, *, #6592, .F. ) ;
#6576 = VERTEX_POINT ( 'NONE', #135 ) ;
#6577 = EDGE_CURVE ( 'NONE', #3040, #7395, #9262, .T. ) ;
#6578 = DIRECTION ( 'NONE',  ( -1.000000000000000000, 0.000000000000000000, 0.000000000000000000 ) ) ;
#6579 = CARTESIAN_POINT ( 'NONE',  ( 655.1917396180049309, 873.8697245405336389, 1378.573300550270687 ) ) ;
#6580 = CARTESIAN_POINT ( 'NONE',  ( 689.9636023304107084, 886.7349131085616136, 1390.724160490111444 ) ) ;
#6581 = VERTEX_POINT ( 'NONE', #2350 ) ;
#6582 = VECTOR ( 'NONE', #1697, 1000.000000000000000 ) ;
#6583 = CARTESIAN_POINT ( 'NONE',  ( 654.8786292602467256, 873.9848598870783007, 1378.845607889392568 ) ) ;
#6584 = LINE ( 'NONE', #9553, #6942 ) ;
#6585 = CARTESIAN_POINT ( 'NONE',  ( 698.6642957683044415, 895.5760235209022539, 1388.456471688752572 ) ) ;
#6586 = ORIENTED_EDGE ( 'NONE', *, *, #9805, .T. ) ;
#6587 = ORIENTED_EDGE ( 'NONE', *, *, #3448, .T. ) ;
#6588 = VERTEX_POINT ( 'NONE', #6190 ) ;
#6589 = AXIS2_PLACEMENT_3D ( 'NONE', #925, #1078, #4030 ) ;
#6590 = FACE_OUTER_BOUND ( 'NONE', #2749, .T. ) ;
#6591 = DIRECTION ( 'NONE',  ( -1.000000000000000000, 0.000000000000000000, 0.000000000000000000 ) ) ;
#6592 = EDGE_CURVE ( 'NONE', #5421, #5660, #785, .T. ) ;
#6593 = DIRECTION ( 'NONE',  ( -1.000000000000000000, 0.000000000000000000, 0.000000000000000000 ) ) ;
#6594 = ORIENTED_EDGE ( 'NONE', *, *, #7852, .F. ) ;
#6595 = CARTESIAN_POINT ( 'NONE',  ( 655.8096936942278035, 941.1003051223503917, 1378.202418324699011 ) ) ;
#6596 = VERTEX_POINT ( 'NONE', #681 ) ;
#6597 = DIRECTION ( 'NONE',  ( 1.000000000000000000, 0.000000000000000000, 0.000000000000000000 ) ) ;
#6598 = AXIS2_PLACEMENT_3D ( 'NONE', #5000, #1949, #4383 ) ;
#6599 = ORIENTED_EDGE ( 'NONE', *, *, #1875, .F. ) ;
#6600 = DIRECTION ( 'NONE',  ( 0.000000000000000000, -0.000000000000000000, -1.000000000000000000 ) ) ;
#6601 = CARTESIAN_POINT ( 'NONE',  ( 700.3080315931636051, 897.9481165441582107, 1394.724160490111444 ) ) ;
#6602 = LINE ( 'NONE', #9714, #4447 ) ;
#6603 = ORIENTED_EDGE ( 'NONE', *, *, #6520, .T. ) ;
#6604 = CARTESIAN_POINT ( 'NONE',  ( 681.3615888691841747, 941.4640006244313781, 1377.765350207175516 ) ) ;
#6605 = ORIENTED_EDGE ( 'NONE', *, *, #747, .T. ) ;
#6606 = DIRECTION ( 'NONE',  ( -0.000000000000000000, -0.000000000000000000, -1.000000000000000000 ) ) ;
#6607 = CARTESIAN_POINT ( 'NONE',  ( 688.7636023304106629, 886.7349131085616136, 1380.724160490111217 ) ) ;
#6608 = EDGE_CURVE ( 'NONE', #5898, #4012, #890, .T. ) ;
#6609 = CARTESIAN_POINT ( 'NONE',  ( 700.1417442466166676, 920.4134542206641072, 1377.520295947360182 ) ) ;
#6610 = LINE ( 'NONE', #5064, #8559 ) ;
#6611 = CARTESIAN_POINT ( 'NONE',  ( 701.7258503163252499, 920.0385733239489809, 1379.224160479761167 ) ) ;
#6612 = EDGE_CURVE ( 'NONE', #5462, #6853, #2503, .T. ) ;
#6613 = CARTESIAN_POINT ( 'NONE',  ( 696.8003988948139522, 907.9481165441576422, 1396.124160490111308 ) ) ;
#6614 = DIRECTION ( 'NONE',  ( 3.330669073875468044E-15, -1.000000000000000000, 0.000000000000000000 ) ) ;
#6615 = CIRCLE ( 'NONE', #5980, 10.00000000000000888 ) ;
#6616 = AXIS2_PLACEMENT_3D ( 'NONE', #6105, #7661, #2316 ) ;
#6617 = DIRECTION ( 'NONE',  ( 1.000000000000000000, -3.608224830031761912E-15, -0.000000000000000000 ) ) ;
#6618 = ORIENTED_EDGE ( 'NONE', *, *, #3707, .T. ) ;
#6619 = ORIENTED_EDGE ( 'NONE', *, *, #1001, .F. ) ;
#6620 = ORIENTED_EDGE ( 'NONE', *, *, #5286, .T. ) ;
#6621 = EDGE_CURVE ( 'NONE', #8249, #5370, #4591, .T. ) ;
#6622 = AXIS2_PLACEMENT_3D ( 'NONE', #2592, #273, #224 ) ;
#6623 = DIRECTION ( 'NONE',  ( -1.000000000000000000, -6.483054158395031272E-15, 0.000000000000000000 ) ) ;
#6624 = CARTESIAN_POINT ( 'NONE',  ( 654.8904198083753272, 873.9744451777299901, 1377.785260111033949 ) ) ;
#6625 = CARTESIAN_POINT ( 'NONE',  ( 633.6447173027179360, 920.7731464462423219, 1378.977202853106974 ) ) ;
#6626 = ORIENTED_EDGE ( 'NONE', *, *, #9385, .T. ) ;
#6627 = DIRECTION ( 'NONE',  ( 0.000000000000000000, -0.000000000000000000, -1.000000000000000000 ) ) ;
#6628 = EDGE_CURVE ( 'NONE', #1170, #9779, #1628, .T. ) ;
#6629 = DIRECTION ( 'NONE',  ( -1.000000000000000000, 0.000000000000000000, 0.000000000000000000 ) ) ;
#6630 = VERTEX_POINT ( 'NONE', #3205 ) ;
#6631 = VECTOR ( 'NONE', #7426, 1000.000000000000000 ) ;
#6632 = ORIENTED_EDGE ( 'NONE', *, *, #1013, .F. ) ;
#6633 = ORIENTED_EDGE ( 'NONE', *, *, #4126, .F. ) ;
#6634 = DIRECTION ( 'NONE',  ( 1.000000000000000000, -8.049116928532400695E-16, 0.000000000000000000 ) ) ;
#6635 = AXIS2_PLACEMENT_3D ( 'NONE', #8198, #6089, #2197 ) ;
#6636 = ADVANCED_FACE ( 'NONE', ( #5388 ), #4347, .T. ) ;
#6637 = CYLINDRICAL_SURFACE ( 'NONE', #2726, 1.000000000000000888 ) ;
#6638 =( BOUNDED_SURFACE ( )  B_SPLINE_SURFACE ( 3, 2, ( 
 ( #2092, #9008, #6550 ),
 ( #5748, #5139, #8193 ),
 ( #4385, #2000, #7445 ),
 ( #2899, #1389, #4435 ),
 ( #2756, #9800, #1950 ),
 ( #5002, #5790, #8046 ),
 ( #8862, #6839, #4636 ),
 ( #5235, #7635, #8442 ),
 ( #875, #9107, #2394 ),
 ( #4686, #5284, #3094 ) ),
 .UNSPECIFIED., .F., .F., .T. ) 
 B_SPLINE_SURFACE_WITH_KNOTS ( ( 4, 2, 2, 2, 4 ),
 ( 3, 3 ),
 ( 1.570796326794890341, 2.058811144100175738, 2.546825961405461136, 3.034840778710746534, 3.522855596016031487 ),
 ( 0.000000000000000000, 1.000000000000000000 ),
 .UNSPECIFIED. ) 
 GEOMETRIC_REPRESENTATION_ITEM ( )  RATIONAL_B_SPLINE_SURFACE ( (
 ( 1.000000000000000000, 0.7071067811865475727, 1.000000000000000000),
 ( 1.000000000000000000, 0.7215803408557408538, 1.000000000000000000),
 ( 1.000000000000000000, 0.7355420884665703207, 1.000000000000000000),
 ( 1.000000000000000000, 0.7596996968894235147, 1.000000000000000000),
 ( 1.000000000000000000, 0.7698773865473896860, 1.000000000000000000),
 ( 1.000000000000000000, 0.7846180608899918640, 1.000000000000000000),
 ( 1.000000000000000000, 0.7891811224480536069, 1.000000000000000000),
 ( 1.000000000000000000, 0.7919370015600137869, 1.000000000000000000),
 ( 1.000000000000000000, 0.7901463764954351765, 1.000000000000000000),
 ( 1.000000000000000000, 0.7852855583897422331, 1.000000000000000000) ) ) 
 REPRESENTATION_ITEM ( '' )  SURFACE ( )  );
#6639 = CARTESIAN_POINT ( 'NONE',  ( 686.2636023304156652, 936.0871450286239224, 1390.724160490111444 ) ) ;
#6640 = ORIENTED_EDGE ( 'NONE', *, *, #8292, .T. ) ;
#6641 = CARTESIAN_POINT ( 'NONE',  ( 676.5503988948191818, 939.7057492425150258, 1397.724160490111217 ) ) ;
#6642 = CARTESIAN_POINT ( 'NONE',  ( 637.3646974652116342, 918.9481165441651456, 1388.215381963068921 ) ) ;
#6643 = VERTEX_POINT ( 'NONE', #6140 ) ;
#6644 = EDGE_CURVE ( 'NONE', #4565, #1768, #1451, .T. ) ;
#6645 = VECTOR ( 'NONE', #3008, 1000.000000000000000 ) ;
#6646 = CARTESIAN_POINT ( 'NONE',  ( 674.5503988948194092, 937.1981165441652593, 1400.724160490111217 ) ) ;
#6647 = AXIS2_PLACEMENT_3D ( 'NONE', #1792, #4842, #8704 ) ;
#6648 = ORIENTED_EDGE ( 'NONE', *, *, #6756, .F. ) ;
#6649 = LINE ( 'NONE', #2050, #4396 ) ;
#6650 = VECTOR ( 'NONE', #7061, 1000.000000000000000 ) ;
#6651 = CARTESIAN_POINT ( 'NONE',  ( 679.5503988948173628, 897.9481165441617350, 1292.224160490111444 ) ) ;
#6652 = CARTESIAN_POINT ( 'NONE',  ( 655.7546109051077110, 881.9481165441617350, 1281.724160490111444 ) ) ;
#6653 = EDGE_LOOP ( 'NONE', ( #2473, #7720, #3370, #2678, #8220 ) ) ;
#6654 = ORIENTED_EDGE ( 'NONE', *, *, #7536, .T. ) ;
#6655 = PLANE ( 'NONE',  #4887 ) ;
#6656 = VERTEX_POINT ( 'NONE', #8454 ) ;
#6657 = DIRECTION ( 'NONE',  ( -1.000000000000000000, 0.000000000000000000, 0.000000000000000000 ) ) ;
#6658 = DIRECTION ( 'NONE',  ( 1.000000000000000000, 0.000000000000000000, -0.000000000000000000 ) ) ;
#6659 = ORIENTED_EDGE ( 'NONE', *, *, #3030, .T. ) ;
#6660 = DIRECTION ( 'NONE',  ( 1.000000000000000000, 0.000000000000000000, 0.000000000000000000 ) ) ;
#6661 = CARTESIAN_POINT ( 'NONE',  ( 670.7571961139356063, 936.0193590941050843, 1286.278473205036335 ) ) ;
#6662 = CARTESIAN_POINT ( 'NONE',  ( 696.8003988948139522, 906.3481165441645544, 1397.724160490111217 ) ) ;
#6663 = CARTESIAN_POINT ( 'NONE',  ( 637.3669776021058624, 918.8137388290108447, 1388.224160490111444 ) ) ;
#6664 = AXIS2_PLACEMENT_3D ( 'NONE', #4047, #242, #2663 ) ;
#6665 = CARTESIAN_POINT ( 'NONE',  ( 1218.017375139592332, 907.9481165441642361, 6.870336072533178573 ) ) ;
#6666 = AXIS2_PLACEMENT_3D ( 'NONE', #3918, #6374, #5522 ) ;
#6667 = FACE_BOUND ( 'NONE', #6428, .T. ) ;
#6668 = ORIENTED_EDGE ( 'NONE', *, *, #1864, .F. ) ;
#6669 = ORIENTED_EDGE ( 'NONE', *, *, #1383, .F. ) ;
#6670 = ORIENTED_EDGE ( 'NONE', *, *, #7059, .F. ) ;
#6671 = CARTESIAN_POINT ( 'NONE',  ( 667.5503988948141796, 907.9481165441579833, 1388.224160490111444 ) ) ;
#6672 = AXIS2_PLACEMENT_3D ( 'NONE', #4658, #9778, #700 ) ;
#6673 = CARTESIAN_POINT ( 'NONE',  ( 697.4847019600318845, 917.9481165441651456, 1400.724160490111217 ) ) ;
#6674 = CARTESIAN_POINT ( 'NONE',  ( 654.6678179238371058, 874.0642599515423399, 1378.976356659528847 ) ) ;
#6675 = CARTESIAN_POINT ( 'NONE',  ( 639.4113704103558575, 890.2349131085608178, 1388.716960580079558 ) ) ;
#6676 = ORIENTED_EDGE ( 'NONE', *, *, #9510, .F. ) ;
#6677 = CARTESIAN_POINT ( 'NONE',  ( 679.0503988948173628, 874.6267645307755174, 1377.224160490111444 ) ) ;
#6678 = DIRECTION ( 'NONE',  ( -1.000000000000000000, -1.110223024625155531E-13, 0.000000000000000000 ) ) ;
#6679 = VECTOR ( 'NONE', #7172, 1000.000000000000000 ) ;
#6680 = VERTEX_POINT ( 'NONE', #5442 ) ;
#6681 = ADVANCED_FACE ( 'NONE', ( #1590 ), #3058, .T. ) ;
#6682 = EDGE_LOOP ( 'NONE', ( #2793, #3489, #9050, #9765 ) ) ;
#6683 = ORIENTED_EDGE ( 'NONE', *, *, #8858, .T. ) ;
#6684 = CIRCLE ( 'NONE', #3973, 0.8701425580486255029 ) ;
#6685 = LINE ( 'NONE', #9846, #8740 ) ;
#6686 = CARTESIAN_POINT ( 'NONE',  ( 669.5503988948173628, 935.9481165441617350, 1285.224160490111672 ) ) ;
#6687 = AXIS2_PLACEMENT_3D ( 'NONE', #4607, #6715, #5915 ) ;
#6688 = VECTOR ( 'NONE', #4481, 1000.000000000000000 ) ;
#6689 = FACE_OUTER_BOUND ( 'NONE', #1988, .T. ) ;
#6690 = ORIENTED_EDGE ( 'NONE', *, *, #2609, .F. ) ;
#6691 = CARTESIAN_POINT ( 'NONE',  ( 655.0503988948170218, 940.5105565633003835, 1377.373614760815599 ) ) ;
#6692 = CARTESIAN_POINT ( 'NONE',  ( 636.3759446968133489, 920.1691477919092677, 1388.472200863951684 ) ) ;
#6693 = EDGE_CURVE ( 'NONE', #1032, #8023, #9115, .T. ) ;
#6694 = AXIS2_PLACEMENT_3D ( 'NONE', #3506, #2811, #3601 ) ;
#6695 = EDGE_CURVE ( 'NONE', #4673, #8334, #3795, .T. ) ;
#6696 = DIRECTION ( 'NONE',  ( -1.000000000000000000, 0.000000000000000000, 0.000000000000000000 ) ) ;
#6697 = ADVANCED_FACE ( 'NONE', ( #5246 ), #3749, .F. ) ;
#6698 = ORIENTED_EDGE ( 'NONE', *, *, #3363, .F. ) ;
#6699 = DIRECTION ( 'NONE',  ( 1.110223024625180206E-16, 1.000000000000000000, 0.000000000000000000 ) ) ;
#6700 = EDGE_CURVE ( 'NONE', #4627, #4592, #9166, .T. ) ;
#6701 = CARTESIAN_POINT ( 'NONE',  ( 676.5503988948140659, 875.1904838458081031, 1374.668558774804069 ) ) ;
#6702 = EDGE_CURVE ( 'NONE', #8285, #5802, #4089, .T. ) ;
#6703 = DIRECTION ( 'NONE',  ( -1.000000000000000000, 0.000000000000000000, 0.000000000000000000 ) ) ;
#6704 = ORIENTED_EDGE ( 'NONE', *, *, #1945, .T. ) ;
#6705 = ORIENTED_EDGE ( 'NONE', *, *, #1733, .T. ) ;
#6706 = DIRECTION ( 'NONE',  ( 0.000000000000000000, 0.000000000000000000, -1.000000000000000000 ) ) ;
#6707 = EDGE_LOOP ( 'NONE', ( #3456, #4803, #8493, #138 ) ) ;
#6708 = CARTESIAN_POINT ( 'NONE',  ( 701.4999336173896154, 920.6567139126824486, 1379.035250360575446 ) ) ;
#6709 = CARTESIAN_POINT ( 'NONE',  ( 655.0503988948174765, 940.5105565633002698, 1292.724160490111444 ) ) ;
#6710 = ORIENTED_EDGE ( 'NONE', *, *, #1571, .T. ) ;
#6711 = CARTESIAN_POINT ( 'NONE',  ( 638.3003988948141796, 897.9481165441580970, 1389.005524610090561 ) ) ;
#6712 = CARTESIAN_POINT ( 'NONE',  ( 670.8161409319676523, 936.0851032144665851, 1284.240751791919138 ) ) ;
#6713 = CYLINDRICAL_SURFACE ( 'NONE', #6427, 0.9999999999998898659 ) ;
#6714 = CARTESIAN_POINT ( 'NONE',  ( 635.7597049418362758, 895.2039304976462972, 1389.424355391673544 ) ) ;
#6715 = DIRECTION ( 'NONE',  ( 0.000000000000000000, 0.000000000000000000, 1.000000000000000000 ) ) ;
#6716 = DIRECTION ( 'NONE',  ( -1.000000000000000000, 0.000000000000000000, 0.000000000000000000 ) ) ;
#6717 = ORIENTED_EDGE ( 'NONE', *, *, #6693, .T. ) ;
#6718 = EDGE_LOOP ( 'NONE', ( #7262, #5341, #1331, #5887 ) ) ;
#6719 = ORIENTED_EDGE ( 'NONE', *, *, #7536, .F. ) ;
#6720 = DIRECTION ( 'NONE',  ( 0.000000000000000000, 0.000000000000000000, 1.000000000000000000 ) ) ;
#6721 = EDGE_CURVE ( 'NONE', #3912, #8615, #4997, .T. ) ;
#6722 = LINE ( 'NONE', #3623, #7961 ) ;
#6723 = CARTESIAN_POINT ( 'NONE',  ( 634.3994006622385768, 919.6904528618258610, 1378.201925489224777 ) ) ;
#6724 = FACE_OUTER_BOUND ( 'NONE', #7925, .T. ) ;
#6725 = ORIENTED_EDGE ( 'NONE', *, *, #5554, .F. ) ;
#6726 = LINE ( 'NONE', #7623, #8117 ) ;
#6727 = DIRECTION ( 'NONE',  ( 0.9678837029207192355, 3.250564485729664478E-15, -0.2513983643949920244 ) ) ;
#6728 = EDGE_LOOP ( 'NONE', ( #45, #9925, #3989, #1278, #4523, #1441, #4691, #2231, #4512, #3007, #3701, #9527, #5333, #9627, #9609, #727, #156, #3251, #3655, #8778 ) ) ;
#6729 = ORIENTED_EDGE ( 'NONE', *, *, #1071, .T. ) ;
#6730 = EDGE_CURVE ( 'NONE', #5234, #862, #5644, .T. ) ;
#6731 = ORIENTED_EDGE ( 'NONE', *, *, #6873, .F. ) ;
#6732 = DIRECTION ( 'NONE',  ( -1.000000000000000000, 1.190714193910480863E-14, 0.000000000000000000 ) ) ;
#6733 = CARTESIAN_POINT ( 'NONE',  ( 637.6160958296067065, 917.9481165441651456, 1400.724160490111217 ) ) ;
#6734 = AXIS2_PLACEMENT_3D ( 'NONE', #1235, #1337, #5936 ) ;
#6735 = DIRECTION ( 'NONE',  ( -1.000000000000000000, 0.000000000000000000, 0.000000000000000000 ) ) ;
#6736 = CARTESIAN_POINT ( 'NONE',  ( 699.3080315931698578, 914.9481165441651456, 1400.724160490111217 ) ) ;
#6737 = ORIENTED_EDGE ( 'NONE', *, *, #3688, .F. ) ;
#6738 = CARTESIAN_POINT ( 'NONE',  ( 684.5503988948173628, 920.4481165441617350, 1377.224160490111444 ) ) ;
#6739 = FACE_OUTER_BOUND ( 'NONE', #5265, .T. ) ;
#6740 = AXIS2_PLACEMENT_3D ( 'NONE', #1401, #9120, #5299 ) ;
#6741 = CARTESIAN_POINT ( 'NONE',  ( 635.7597049418415054, 920.6923025906768316, 1394.724160490111444 ) ) ;
#6742 = ORIENTED_EDGE ( 'NONE', *, *, #5334, .T. ) ;
#6743 = EDGE_CURVE ( 'NONE', #8909, #375, #8614, .T. ) ;
#6744 = CARTESIAN_POINT ( 'NONE',  ( 1218.017375139592332, 907.9481165441642361, 6.870336072533178573 ) ) ;
#6745 = ADVANCED_FACE ( 'NONE', ( #3400 ), #5693, .F. ) ;
#6746 = DIRECTION ( 'NONE',  ( -1.000000000000000000, 0.000000000000000000, 0.000000000000000000 ) ) ;
#6747 = CYLINDRICAL_SURFACE ( 'NONE', #1962, 1.000000000000000888 ) ;
#6748 = EDGE_LOOP ( 'NONE', ( #6731, #7930, #7520, #1457 ) ) ;
#6749 = ORIENTED_EDGE ( 'NONE', *, *, #8167, .F. ) ;
#6750 = CIRCLE ( 'NONE', #1968, 3.000000000000002665 ) ;
#6751 = DIRECTION ( 'NONE',  ( 0.2513983643950108982, 0.000000000000000000, -0.9678837029207143505 ) ) ;
#6752 = EDGE_CURVE ( 'NONE', #8385, #8058, #3554, .T. ) ;
#6753 = DIRECTION ( 'NONE',  ( 0.000000000000000000, -0.000000000000000000, 1.000000000000000000 ) ) ;
#6754 = EDGE_CURVE ( 'NONE', #7633, #3889, #9319, .T. ) ;
#6755 = DIRECTION ( 'NONE',  ( 0.000000000000000000, -1.000000000000000000, 0.000000000000000000 ) ) ;
#6756 = EDGE_CURVE ( 'NONE', #9811, #9546, #5305, .T. ) ;
#6757 = CARTESIAN_POINT ( 'NONE',  ( 688.5503988948173628, 928.9481165441617350, 1295.724160490111444 ) ) ;
#6758 = DIRECTION ( 'NONE',  ( 0.000000000000000000, 0.000000000000000000, 1.000000000000000000 ) ) ;
#6759 = VECTOR ( 'NONE', #7670, 1000.000000000000000 ) ;
#6760 = CARTESIAN_POINT ( 'NONE',  ( 670.8160292244967877, 936.0849783335615939, 1286.207700181428663 ) ) ;
#6761 = ADVANCED_FACE ( 'NONE', ( #2655 ), #285, .F. ) ;
#6762 = LINE ( 'NONE', #9212, #650 ) ;
#6763 = CARTESIAN_POINT ( 'NONE',  ( 638.0938507875862342, 891.9285433188866818, 1388.025991489723992 ) ) ;
#6764 = CARTESIAN_POINT ( 'NONE',  ( 688.7636023304157789, 929.1613199797623110, 1390.724160490111444 ) ) ;
#6765 = CIRCLE ( 'NONE', #9809, 1.000000000000067724 ) ;
#6766 = CARTESIAN_POINT ( 'NONE',  ( 657.5503988948173628, 920.4481165441617350, 1298.224160490111444 ) ) ;
#6767 = ADVANCED_FACE ( 'NONE', ( #9310 ), #4844, .F. ) ;
#6768 = DIRECTION ( 'NONE',  ( -0.000000000000000000, 1.000000000000000000, 0.000000000000000000 ) ) ;
#6769 = ORIENTED_EDGE ( 'NONE', *, *, #4307, .T. ) ;
#6770 = EDGE_LOOP ( 'NONE', ( #1053, #4732 ) ) ;
#6771 = ORIENTED_EDGE ( 'NONE', *, *, #6208, .T. ) ;
#6772 = EDGE_CURVE ( 'NONE', #3401, #7785, #6449, .T. ) ;
#6773 = DIRECTION ( 'NONE',  ( 0.000000000000000000, 1.000000000000000000, 0.000000000000000000 ) ) ;
#6774 = CARTESIAN_POINT ( 'NONE',  ( 635.6160958296067065, 920.2038435307640611, 1389.443005925729949 ) ) ;
#6775 = AXIS2_PLACEMENT_3D ( 'NONE', #1504, #6859, #9071 ) ;
#6776 = CARTESIAN_POINT ( 'NONE',  ( 634.9548708509749986, 920.4080947832550237, 1377.513516045888309 ) ) ;
#6777 = CARTESIAN_POINT ( 'NONE',  ( 699.6518287028825398, 917.9481165441651456, 1389.746155729068050 ) ) ;
#6778 = VERTEX_POINT ( 'NONE', #1900 ) ;
#6779 = DIRECTION ( 'NONE',  ( -6.827871601444711146E-15, 1.000000000000000000, 0.000000000000000000 ) ) ;
#6780 = EDGE_CURVE ( 'NONE', #4629, #8446, #8510, .T. ) ;
#6781 = CARTESIAN_POINT ( 'NONE',  ( 680.1051566499667160, 874.6647152380704711, 1377.557356487393008 ) ) ;
#6782 = ORIENTED_EDGE ( 'NONE', *, *, #2368, .T. ) ;
#6783 = EDGE_LOOP ( 'NONE', ( #2023, #6742, #8486, #3382, #9655, #9304, #3478 ) ) ;
#6784 = ORIENTED_EDGE ( 'NONE', *, *, #153, .T. ) ;
#6785 = VECTOR ( 'NONE', #3438, 1000.000000000000000 ) ;
#6786 = AXIS2_PLACEMENT_3D ( 'NONE', #1553, #3860, #517 ) ;
#6787 = CARTESIAN_POINT ( 'NONE',  ( 657.5503988948173628, 920.4481165441617350, 1298.224160490111444 ) ) ;
#6788 = FACE_OUTER_BOUND ( 'NONE', #5977, .T. ) ;
#6789 = LINE ( 'NONE', #6927, #7966 ) ;
#6790 = CARTESIAN_POINT ( 'NONE',  ( 687.5636023304157334, 929.1613199797623110, 1380.724160490111217 ) ) ;
#6791 = ORIENTED_EDGE ( 'NONE', *, *, #188, .T. ) ;
#6792 = DIRECTION ( 'NONE',  ( -0.000000000000000000, -0.000000000000000000, -1.000000000000000000 ) ) ;
#6793 = PLANE ( 'NONE',  #1508 ) ;
#6794 = AXIS2_PLACEMENT_3D ( 'NONE', #1770, #4819, #7112 ) ;
#6795 = DIRECTION ( 'NONE',  ( -0.3703672902754279739, -0.9238905593788623305, 0.09619929617543877820 ) ) ;
#6796 = ORIENTED_EDGE ( 'NONE', *, *, #9586, .T. ) ;
#6797 = CIRCLE ( 'NONE', #5991, 1.500000000000056843 ) ;
#6798 = CIRCLE ( 'NONE', #3741, 1.000000000000000888 ) ;
#6799 = FACE_OUTER_BOUND ( 'NONE', #101, .T. ) ;
#6800 = DIRECTION ( 'NONE',  ( 1.000000000000000000, -1.387778780781469341E-16, 0.000000000000000000 ) ) ;
#6801 = EDGE_LOOP ( 'NONE', ( #2220, #863, #6076, #7506, #9850 ) ) ;
#6802 = ORIENTED_EDGE ( 'NONE', *, *, #2537, .T. ) ;
#6803 = CIRCLE ( 'NONE', #1374, 36.25000000000000711 ) ;
#6804 = DIRECTION ( 'NONE',  ( -1.000000000000000000, 0.000000000000000000, 0.000000000000000000 ) ) ;
#6805 = CARTESIAN_POINT ( 'NONE',  ( 701.2199629157296386, 921.3805400162618753, 1378.480324238130379 ) ) ;
#6806 = LINE ( 'NONE', #8207, #2376 ) ;
#6807 = CIRCLE ( 'NONE', #79, 0.9999999999999955591 ) ;
#6808 = ORIENTED_EDGE ( 'NONE', *, *, #9817, .F. ) ;
#6809 = CYLINDRICAL_SURFACE ( 'NONE', #534, 0.9999999999998898659 ) ;
#6810 = LINE ( 'NONE', #2258, #4452 ) ;
#6811 = EDGE_CURVE ( 'NONE', #3429, #7988, #180, .T. ) ;
#6812 = CARTESIAN_POINT ( 'NONE',  ( 638.5062536462313574, 889.7956422775775991, 1387.918873864101670 ) ) ;
#6813 = CARTESIAN_POINT ( 'NONE',  ( 696.6535744619924344, 897.6427558860663112, 1388.224160490111444 ) ) ;
#6814 = EDGE_CURVE ( 'NONE', #1777, #5270, #7843, .T. ) ;
#6815 = CARTESIAN_POINT ( 'NONE',  ( 661.5503988948173628, 888.9481165441617350, 1289.224160490111444 ) ) ;
#6816 = ADVANCED_FACE ( 'NONE', ( #3994 ), #4140, .T. ) ;
#6817 = EDGE_LOOP ( 'NONE', ( #3584, #4021, #4684, #3245 ) ) ;
#6818 = ORIENTED_EDGE ( 'NONE', *, *, #3633, .T. ) ;
#6819 = EDGE_CURVE ( 'NONE', #5579, #3553, #2612, .T. ) ;
#6820 = ORIENTED_EDGE ( 'NONE', *, *, #6982, .F. ) ;
#6821 = CARTESIAN_POINT ( 'NONE',  ( 681.0503988948173628, 940.5105565633003835, 1377.224160490111444 ) ) ;
#6822 = EDGE_CURVE ( 'NONE', #8350, #4398, #4040, .T. ) ;
#6823 = CIRCLE ( 'NONE', #6181, 1.000000000000020650 ) ;
#6824 = VECTOR ( 'NONE', #1371, 1000.000000000000000 ) ;
#6825 = CARTESIAN_POINT ( 'NONE',  ( 655.0503988948173628, 873.9140083379758153, 1377.224160490111444 ) ) ;
#6826 = LINE ( 'NONE', #6022, #2934 ) ;
#6827 = VERTEX_POINT ( 'NONE', #6351 ) ;
#6828 = CARTESIAN_POINT ( 'NONE',  ( 672.5503988948173628, 934.9481165441617350, 1285.224160490111444 ) ) ;
#6829 = CARTESIAN_POINT ( 'NONE',  ( 635.6160958296067065, 918.7765436689114722, 1389.443005925729949 ) ) ;
#6830 = VERTEX_POINT ( 'NONE', #1795 ) ;
#6831 = ORIENTED_EDGE ( 'NONE', *, *, #1427, .F. ) ;
#6832 = ORIENTED_EDGE ( 'NONE', *, *, #9325, .F. ) ;
#6833 = FACE_OUTER_BOUND ( 'NONE', #8813, .T. ) ;
#6834 = DIRECTION ( 'NONE',  ( 0.000000000000000000, -0.000000000000000000, -1.000000000000000000 ) ) ;
#6835 = CARTESIAN_POINT ( 'NONE',  ( 654.8062128483076094, 939.7388104971430494, 1388.224160490111444 ) ) ;
#6836 = CARTESIAN_POINT ( 'NONE',  ( 738.3003988948194092, 907.9481165441650319, 1399.324160490111353 ) ) ;
#6837 = VERTEX_POINT ( 'NONE', #1188 ) ;
#6838 = VECTOR ( 'NONE', #9292, 1000.000000000000114 ) ;
#6839 = CARTESIAN_POINT ( 'NONE',  ( 635.6529708950213262, 896.4318588262062804, 1388.659986267000477 ) ) ;
#6840 = DIRECTION ( 'NONE',  ( -0.000000000000000000, -0.000000000000000000, 1.000000000000000000 ) ) ;
#6841 = CIRCLE ( 'NONE', #1899, 1.600000000000045830 ) ;
#6842 = CYLINDRICAL_SURFACE ( 'NONE', #5595, 2.000000000000001776 ) ;
#6843 = AXIS2_PLACEMENT_3D ( 'NONE', #9478, #345, #4956 ) ;
#6844 = ORIENTED_EDGE ( 'NONE', *, *, #8667, .F. ) ;
#6845 = CIRCLE ( 'NONE', #6372, 0.8000000000000229150 ) ;
#6846 = LINE ( 'NONE', #1341, #7441 ) ;
#6847 = AXIS2_PLACEMENT_3D ( 'NONE', #3783, #4529, #7581 ) ;
#6848 = FACE_OUTER_BOUND ( 'NONE', #2522, .T. ) ;
#6849 = AXIS2_PLACEMENT_3D ( 'NONE', #6129, #3987, #4032 ) ;
#6850 = CARTESIAN_POINT ( 'NONE',  ( 646.5503988948173628, 928.9481165441617350, 1295.724160490111444 ) ) ;
#6851 = AXIS2_PLACEMENT_3D ( 'NONE', #5441, #3697, #6746 ) ;
#6852 = ORIENTED_EDGE ( 'NONE', *, *, #4048, .T. ) ;
#6853 = VERTEX_POINT ( 'NONE', #5091 ) ;
#6854 = DIRECTION ( 'NONE',  ( 0.000000000000000000, 0.000000000000000000, 1.000000000000000000 ) ) ;
#6855 = CARTESIAN_POINT ( 'NONE',  ( 701.3718912500213492, 920.9935417571510925, 1378.839930262186499 ) ) ;
#6856 = AXIS2_PLACEMENT_3D ( 'NONE', #9223, #2362, #4502 ) ;
#6857 = CARTESIAN_POINT ( 'NONE',  ( 696.8003988948139522, 907.9481165441645771, 1397.724160490111217 ) ) ;
#6858 = CARTESIAN_POINT ( 'NONE',  ( 696.8003988948192955, 917.9481165441650319, 1388.917769249138701 ) ) ;
#6859 = DIRECTION ( 'NONE',  ( 0.000000000000000000, 0.000000000000000000, 1.000000000000000000 ) ) ;
#6860 = CARTESIAN_POINT ( 'NONE',  ( 701.5965037882256183, 920.4571402815925012, 1377.446395894936131 ) ) ;
#6861 = CARTESIAN_POINT ( 'NONE',  ( 685.7963302532856460, 878.9628014887382506, 1390.724160490111444 ) ) ;
#6862 = VECTOR ( 'NONE', #4431, 1000.000000000000000 ) ;
#6863 = CARTESIAN_POINT ( 'NONE',  ( 646.3371954592226984, 929.1613199797616289, 1390.724160490111444 ) ) ;
#6864 = ADVANCED_FACE ( 'NONE', ( #5137 ), #2708, .F. ) ;
#6865 = CARTESIAN_POINT ( 'NONE',  ( 669.0503988948173628, 888.9481165441617350, 1288.224160490111444 ) ) ;
#6866 = CARTESIAN_POINT ( 'NONE',  ( 689.9636023304158243, 929.1613199797623110, 1388.224160490111444 ) ) ;
#6867 = ORIENTED_EDGE ( 'NONE', *, *, #3958, .F. ) ;
#6868 = EDGE_LOOP ( 'NONE', ( #3107, #2140, #3525, #7239 ) ) ;
#6869 = AXIS2_PLACEMENT_3D ( 'NONE', #726, #5029, #367 ) ;
#6870 = ORIENTED_EDGE ( 'NONE', *, *, #1369, .T. ) ;
#6871 = DIRECTION ( 'NONE',  ( -1.000000000000000000, -6.800116025829082232E-15, 0.000000000000000000 ) ) ;
#6872 = EDGE_CURVE ( 'NONE', #1433, #8871, #5788, .T. ) ;
#6873 = EDGE_CURVE ( 'NONE', #8342, #7143, #8022, .T. ) ;
#6874 = LINE ( 'NONE', #609, #7466 ) ;
#6875 = DIRECTION ( 'NONE',  ( 0.000000000000000000, -1.000000000000000000, 0.000000000000000000 ) ) ;
#6876 = VERTEX_POINT ( 'NONE', #4334 ) ;
#6877 = PLANE ( 'NONE',  #2049 ) ;
#6878 = CARTESIAN_POINT ( 'NONE',  ( 655.0409183549193131, 942.0008984755035044, 1377.328164709366092 ) ) ;
#6879 = ORIENTED_EDGE ( 'NONE', *, *, #806, .T. ) ;
#6880 = ORIENTED_EDGE ( 'NONE', *, *, #5115, .F. ) ;
#6881 = EDGE_CURVE ( 'NONE', #675, #9089, #8840, .T. ) ;
#6882 = ORIENTED_EDGE ( 'NONE', *, *, #9752, .F. ) ;
#6883 = DIRECTION ( 'NONE',  ( 8.326672684688689830E-16, 1.000000000000000000, 0.000000000000000000 ) ) ;
#6884 = DIRECTION ( 'NONE',  ( 0.000000000000000000, -1.000000000000000000, 0.000000000000000000 ) ) ;
#6885 = FACE_OUTER_BOUND ( 'NONE', #6748, .T. ) ;
#6886 = ORIENTED_EDGE ( 'NONE', *, *, #2967, .F. ) ;
#6887 = EDGE_CURVE ( 'NONE', #6332, #4924, #8902, .T. ) ;
#6888 = FACE_OUTER_BOUND ( 'NONE', #3347, .T. ) ;
#6889 = CYLINDRICAL_SURFACE ( 'NONE', #6849, 1.000000000000000888 ) ;
#6890 = ORIENTED_EDGE ( 'NONE', *, *, #2960, .T. ) ;
#6891 = DIRECTION ( 'NONE',  ( 0.000000000000000000, -1.445602896647340297E-15, -1.000000000000000000 ) ) ;
#6892 = VERTEX_POINT ( 'NONE', #5745 ) ;
#6893 = EDGE_CURVE ( 'NONE', #7893, #7816, #2041, .T. ) ;
#6894 = CARTESIAN_POINT ( 'NONE',  ( 677.5503988948192955, 937.1981165441651456, 1400.724160490111217 ) ) ;
#6895 = DIRECTION ( 'NONE',  ( -0.5277000697507708837, -0.8382993707466581679, 0.1370649531820186395 ) ) ;
#6896 = CARTESIAN_POINT ( 'NONE',  ( 667.5503988948173628, 907.9481165441617350, 1379.224160490111444 ) ) ;
#6897 = VERTEX_POINT ( 'NONE', #9560 ) ;
#6898 = VECTOR ( 'NONE', #638, 1000.000000000000000 ) ;
#6899 = ORIENTED_EDGE ( 'NONE', *, *, #8794, .F. ) ;
#6900 = LINE ( 'NONE', #6145, #2674 ) ;
#6901 = DIRECTION ( 'NONE',  ( -0.000000000000000000, -0.000000000000000000, 1.000000000000000000 ) ) ;
#6902 = FACE_OUTER_BOUND ( 'NONE', #1839, .T. ) ;
#6903 = CARTESIAN_POINT ( 'NONE',  ( 638.4472233276359248, 897.6427558860665386, 1388.224160490111444 ) ) ;
#6904 = FACE_OUTER_BOUND ( 'NONE', #5221, .T. ) ;
#6905 = CYLINDRICAL_SURFACE ( 'NONE', #133, 1.199999999999978861 ) ;
#6906 = AXIS2_PLACEMENT_3D ( 'NONE', #7940, #4894, #3356 ) ;
#6907 = CARTESIAN_POINT ( 'NONE',  ( 684.5503988948173628, 919.4481165441617350, 1377.224160490111444 ) ) ;
#6908 = DIRECTION ( 'NONE',  ( 1.000000000000000000, 0.000000000000000000, 0.000000000000000000 ) ) ;
#6909 = CARTESIAN_POINT ( 'NONE',  ( 635.7597049418361621, 895.2039304976464109, 1389.424355391673316 ) ) ;
#6910 = DIRECTION ( 'NONE',  ( -0.000000000000000000, -0.000000000000000000, 1.000000000000000000 ) ) ;
#6911 = ORIENTED_EDGE ( 'NONE', *, *, #3036, .T. ) ;
#6912 = VERTEX_POINT ( 'NONE', #6639 ) ;
#6913 = ORIENTED_EDGE ( 'NONE', *, *, #3928, .T. ) ;
#6914 = DIRECTION ( 'NONE',  ( 0.000000000000000000, -0.000000000000000000, 1.000000000000000000 ) ) ;
#6915 = DIRECTION ( 'NONE',  ( 1.000000000000000000, 0.000000000000000000, 0.000000000000000000 ) ) ;
#6916 = AXIS2_PLACEMENT_3D ( 'NONE', #6222, #7822, #2526 ) ;
#6917 = DIRECTION ( 'NONE',  ( 0.000000000000000000, 0.000000000000000000, 1.000000000000000000 ) ) ;
#6918 = EDGE_LOOP ( 'NONE', ( #2910, #1201 ) ) ;
#6919 = DIRECTION ( 'NONE',  ( 3.608224830031761912E-15, 1.000000000000000000, -2.703465157366451580E-15 ) ) ;
#6920 = CARTESIAN_POINT ( 'NONE',  ( 655.5503988948192955, 937.8824196093778482, 1394.724160490111444 ) ) ;
#6921 = ORIENTED_EDGE ( 'NONE', *, *, #6120, .T. ) ;
#6922 = ORIENTED_EDGE ( 'NONE', *, *, #7604, .T. ) ;
#6923 = ADVANCED_FACE ( 'NONE', ( #9702 ), #1998, .F. ) ;
#6924 = DIRECTION ( 'NONE',  ( 0.000000000000000000, 0.000000000000000000, 1.000000000000000000 ) ) ;
#6925 = DIRECTION ( 'NONE',  ( -1.000000000000000000, 8.326672684688689830E-16, 0.000000000000000000 ) ) ;
#6926 = ADVANCED_FACE ( 'NONE', ( #8812 ), #4286, .F. ) ;
#6927 = CARTESIAN_POINT ( 'NONE',  ( 635.7927661964637309, 897.9481165441580970, 1400.724160490111217 ) ) ;
#6928 = CARTESIAN_POINT ( 'NONE',  ( 696.4598789993115133, 889.8304970202226514, 1388.224160490111444 ) ) ;
#6929 = VERTEX_POINT ( 'NONE', #6547 ) ;
#6930 = DIRECTION ( 'NONE',  ( 0.000000000000000000, 0.000000000000000000, 1.000000000000000000 ) ) ;
#6931 = DIRECTION ( 'NONE',  ( 0.000000000000000000, 0.000000000000000000, 1.000000000000000000 ) ) ;
#6932 = CARTESIAN_POINT ( 'NONE',  ( 667.5503988948163396, 907.9481165441617350, 1394.724160490111444 ) ) ;
#6933 = ORIENTED_EDGE ( 'NONE', *, *, #9692, .F. ) ;
#6934 = CIRCLE ( 'NONE', #8217, 1.600000000000045830 ) ;
#6935 = CIRCLE ( 'NONE', #8218, 1.000000000000000888 ) ;
#6936 = ORIENTED_EDGE ( 'NONE', *, *, #3363, .T. ) ;
#6937 = VERTEX_POINT ( 'NONE', #7349 ) ;
#6938 = ADVANCED_FACE ( 'NONE', ( #2754 ), #6500, .F. ) ;
#6939 = CARTESIAN_POINT ( 'NONE',  ( 688.7636023304106629, 889.2349131085616136, 1390.724160490111444 ) ) ;
#6940 = EDGE_CURVE ( 'NONE', #764, #8678, #8906, .T. ) ;
#6941 = CARTESIAN_POINT ( 'NONE',  ( 667.5503988948173628, 937.9481165441617350, 1288.224160490111444 ) ) ;
#6942 = VECTOR ( 'NONE', #4275, 1000.000000000000000 ) ;
#6943 = EDGE_CURVE ( 'NONE', #7299, #1977, #5473, .T. ) ;
#6944 = CARTESIAN_POINT ( 'NONE',  ( 677.5503988948192955, 937.1981165441651456, 1388.224160490111444 ) ) ;
#6945 = ORIENTED_EDGE ( 'NONE', *, *, #831, .F. ) ;
#6946 = DIRECTION ( 'NONE',  ( 0.000000000000000000, 0.000000000000000000, -1.000000000000000000 ) ) ;
#6947 = ORIENTED_EDGE ( 'NONE', *, *, #9577, .F. ) ;
#6948 = CARTESIAN_POINT ( 'NONE',  ( 679.0503988948173628, 924.9481165441617350, 1378.224160490111444 ) ) ;
#6949 = FACE_OUTER_BOUND ( 'NONE', #9719, .T. ) ;
#6950 = CARTESIAN_POINT ( 'NONE',  ( 672.5503988948173628, 923.9481165441617350, 1288.224160490111444 ) ) ;
#6951 = CIRCLE ( 'NONE', #2004, 0.9999999999998898659 ) ;
#6952 = DIRECTION ( 'NONE',  ( -0.000000000000000000, 0.000000000000000000, -1.000000000000000000 ) ) ;
#6953 = LINE ( 'NONE', #9322, #691 ) ;
#6954 = FACE_OUTER_BOUND ( 'NONE', #1580, .T. ) ;
#6955 = CARTESIAN_POINT ( 'NONE',  ( 635.7597049418415054, 920.6923025906768316, 1389.424355391673316 ) ) ;
#6956 = AXIS2_PLACEMENT_3D ( 'NONE', #2810, #6459, #5844 ) ;
#6957 =( BOUNDED_CURVE ( )  B_SPLINE_CURVE ( 3, ( #6116, #9190, #6829, #9092 ),
 .UNSPECIFIED., .F., .T. ) 
 B_SPLINE_CURVE_WITH_KNOTS ( ( 4, 4 ),
 ( 1.570796326794903441, 3.141592653589799777 ),
 .UNSPECIFIED. ) 
 CURVE ( )  GEOMETRIC_REPRESENTATION_ITEM ( )  RATIONAL_B_SPLINE_CURVE ( ( 1.000000000000000000, 0.8047378541243650485, 0.8047378541243650485, 1.000000000000000000 ) ) 
 REPRESENTATION_ITEM ( '' )  );
#6958 = DIRECTION ( 'NONE',  ( -1.000000000000000000, 1.190714193910480863E-14, 0.000000000000000000 ) ) ;
#6959 = FACE_OUTER_BOUND ( 'NONE', #1954, .T. ) ;
#6960 = FACE_OUTER_BOUND ( 'NONE', #5746, .T. ) ;
#6961 = LINE ( 'NONE', #203, #2858 ) ;
#6962 = EDGE_LOOP ( 'NONE', ( #9842, #5498, #3236, #8814, #7954, #7097, #362, #6536 ) ) ;
#6963 = ORIENTED_EDGE ( 'NONE', *, *, #1493, .T. ) ;
#6964 = AXIS2_PLACEMENT_3D ( 'NONE', #3398, #7391, #619 ) ;
#6965 = ORIENTED_EDGE ( 'NONE', *, *, #2901, .F. ) ;
#6966 = CARTESIAN_POINT ( 'NONE',  ( 699.4665440994381242, 895.5498345798102946, 1388.664847878661931 ) ) ;
#6967 = CIRCLE ( 'NONE', #5539, 1.000000000000000888 ) ;
#6968 = CARTESIAN_POINT ( 'NONE',  ( 677.5503988948192955, 937.1981165441651456, 1388.224160490111444 ) ) ;
#6969 = FACE_OUTER_BOUND ( 'NONE', #2234, .T. ) ;
#6970 = EDGE_LOOP ( 'NONE', ( #5283, #9018, #1425, #1476 ) ) ;
#6971 = LINE ( 'NONE', #212, #3016 ) ;
#6972 = CARTESIAN_POINT ( 'NONE',  ( 655.0503988948173628, 942.0076802423411664, 1377.224160490112126 ) ) ;
#6973 = ORIENTED_EDGE ( 'NONE', *, *, #2857, .F. ) ;
#6974 = EDGE_LOOP ( 'NONE', ( #5495, #880, #7477, #7530 ) ) ;
#6975 = ORIENTED_EDGE ( 'NONE', *, *, #4359, .F. ) ;
#6976 = CARTESIAN_POINT ( 'NONE',  ( 680.0503988948173628, 920.4481165441617350, 1281.724160490111444 ) ) ;
#6977 = DIRECTION ( 'NONE',  ( 0.9452865819400353420, -0.3262411347517739646, 0.000000000000000000 ) ) ;
#6978 = FACE_OUTER_BOUND ( 'NONE', #7241, .T. ) ;
#6979 = DIRECTION ( 'NONE',  ( 0.000000000000000000, 0.000000000000000000, 1.000000000000000000 ) ) ;
#6980 = ORIENTED_EDGE ( 'NONE', *, *, #4003, .F. ) ;
#6981 = LINE ( 'NONE', #3841, #184 ) ;
#6982 = EDGE_CURVE ( 'NONE', #4545, #6876, #5793, .T. ) ;
#6983 = FACE_BOUND ( 'NONE', #6974, .T. ) ;
#6984 = VECTOR ( 'NONE', #2566, 1000.000000000000000 ) ;
#6985 = CARTESIAN_POINT ( 'NONE',  ( 672.5503988948173628, 934.9481165441617350, 1286.724160490111444 ) ) ;
#6986 = ORIENTED_EDGE ( 'NONE', *, *, #2426, .F. ) ;
#6987 = VECTOR ( 'NONE', #9784, 1000.000000000000000 ) ;
#6988 = EDGE_CURVE ( 'NONE', #5687, #7131, #512, .T. ) ;
#6989 = VERTEX_POINT ( 'NONE', #3640 ) ;
#6990 = ORIENTED_EDGE ( 'NONE', *, *, #2142, .F. ) ;
#6991 = DIRECTION ( 'NONE',  ( 1.000000000000000000, 0.000000000000000000, 0.000000000000000000 ) ) ;
#6992 = CARTESIAN_POINT ( 'NONE',  ( 679.0503988948173628, 941.2694685575479525, 1378.224160490111444 ) ) ;
#6993 = ADVANCED_FACE ( 'NONE', ( #6689 ), #2897, .T. ) ;
#6994 = AXIS2_PLACEMENT_3D ( 'NONE', #3070, #6768, #4508 ) ;
#6995 = CARTESIAN_POINT ( 'NONE',  ( 665.2503988948174083, 888.9481165441617350, 1288.224160490111444 ) ) ;
#6996 = EDGE_CURVE ( 'NONE', #2393, #5831, #7492, .T. ) ;
#6997 = EDGE_LOOP ( 'NONE', ( #1566, #2131, #6237, #4833 ) ) ;
#6998 = DIRECTION ( 'NONE',  ( 0.000000000000000000, 0.000000000000000000, -1.000000000000000000 ) ) ;
#6999 = ORIENTED_EDGE ( 'NONE', *, *, #6324, .F. ) ;
#7000 = EDGE_CURVE ( 'NONE', #9927, #1251, #4356, .T. ) ;
#7001 = DIRECTION ( 'NONE',  ( 1.000000000000000000, 6.827871601444711146E-15, 0.000000000000000000 ) ) ;
#7002 = DIRECTION ( 'NONE',  ( 0.3703672902754279739, 0.9238905593788623305, 0.09619929617543877820 ) ) ;
#7003 = VECTOR ( 'NONE', #5367, 1000.000000000000000 ) ;
#7004 = EDGE_CURVE ( 'NONE', #9638, #5462, #4676, .T. ) ;
#7005 = VECTOR ( 'NONE', #1304, 1000.000000000000000 ) ;
#7006 = DIRECTION ( 'NONE',  ( -1.000000000000000000, 0.000000000000000000, 0.000000000000000000 ) ) ;
#7007 = DIRECTION ( 'NONE',  ( 0.000000000000000000, 0.000000000000000000, 1.000000000000000000 ) ) ;
#7008 = AXIS2_PLACEMENT_3D ( 'NONE', #3888, #226, #8445 ) ;
#7009 = CIRCLE ( 'NONE', #3336, 34.24999999999977973 ) ;
#7010 = CARTESIAN_POINT ( 'NONE',  ( 696.8003988948141796, 897.9160002470787276, 1388.745784350350050 ) ) ;
#7011 = DIRECTION ( 'NONE',  ( 0.000000000000000000, 0.000000000000000000, 1.000000000000000000 ) ) ;
#7012 = CLOSED_SHELL ( 'NONE', ( #2850, #1067, #4850, #4484, #7427, #8536, #8961, #9151, #5708, #9131, #6079, #1491, #5425, #2291, #336, #5340, #140, #4306, #4741, #4804, #2487, #8714, #146, #1147, #8043, #8966, #5279, #9456, #2762, #5405, #5906, #414, #8701, #9808, #5822, #7198, #399, #3622, #7806, #2180, #7557, #1356, #9644, #2733, #3508, #3579, #626, #9205, #5912, #864, #7514, #4375, #8819, #3412, #9709, #8099, #8526, #3408, #9869, #9600, #2772, #7544, #5133, #9392, #5054, #8102, #8274, #4800, #4367, #5519, #9762, #5817, #6517, #6386, #4524, #6026, #1133, #4547 ) ) ;
#7013 = CARTESIAN_POINT ( 'NONE',  ( 653.7405233812977485, 941.4645427140958418, 1377.770097742651615 ) ) ;
#7014 = VECTOR ( 'NONE', #7704, 1000.000000000000000 ) ;
#7015 = DIRECTION ( 'NONE',  ( -1.000000000000000000, 0.000000000000000000, 0.000000000000000000 ) ) ;
#7016 = DIRECTION ( 'NONE',  ( -0.000000000000000000, -0.000000000000000000, -1.000000000000000000 ) ) ;
#7017 = AXIS2_PLACEMENT_3D ( 'NONE', #3993, #8610, #1793 ) ;
#7018 = DIRECTION ( 'NONE',  ( 1.000000000000000000, -0.000000000000000000, -0.000000000000000000 ) ) ;
#7019 = ORIENTED_EDGE ( 'NONE', *, *, #980, .T. ) ;
#7020 = ORIENTED_EDGE ( 'NONE', *, *, #939, .F. ) ;
#7021 = ORIENTED_EDGE ( 'NONE', *, *, #5884, .T. ) ;
#7022 = CARTESIAN_POINT ( 'NONE',  ( 698.7248530928195578, 895.7270852964126107, 1388.472200863951457 ) ) ;
#7023 = AXIS2_PLACEMENT_3D ( 'NONE', #868, #4877, #5482 ) ;
#7024 = DIRECTION ( 'NONE',  ( 1.000000000000000000, -0.000000000000000000, 0.000000000000000000 ) ) ;
#7025 = CARTESIAN_POINT ( 'NONE',  ( 688.7636023304157789, 929.1613199797623110, 1390.724160490111444 ) ) ;
#7026 = CYLINDRICAL_SURFACE ( 'NONE', #7321, 1.000000000000000888 ) ;
#7027 = VECTOR ( 'NONE', #6597, 1000.000000000000000 ) ;
#7028 = DIRECTION ( 'NONE',  ( 1.000000000000000000, 0.000000000000000000, 0.000000000000000000 ) ) ;
#7029 = VERTEX_POINT ( 'NONE', #622 ) ;
#7030 = EDGE_LOOP ( 'NONE', ( #9486, #416, #4338, #9749, #7192, #2642, #6528, #6648 ) ) ;
#7031 = EDGE_LOOP ( 'NONE', ( #8045, #1219, #6265, #7450 ) ) ;
#7032 = ADVANCED_FACE ( 'NONE', ( #64 ), #3883, .F. ) ;
#7033 = DIRECTION ( 'NONE',  ( -1.000000000000000000, 0.000000000000000000, 0.000000000000000000 ) ) ;
#7034 = CARTESIAN_POINT ( 'NONE',  ( 661.5503988948173628, 888.9481165441617350, 1292.224160490111444 ) ) ;
#7035 = DIRECTION ( 'NONE',  ( 0.000000000000000000, 0.000000000000000000, 1.000000000000000000 ) ) ;
#7036 = ORIENTED_EDGE ( 'NONE', *, *, #2723, .F. ) ;
#7037 = CARTESIAN_POINT ( 'NONE',  ( 671.5503988948173628, 888.9481165441617350, 1288.224160490111444 ) ) ;
#7038 = CARTESIAN_POINT ( 'NONE',  ( 680.4851492956127004, 874.9390152808141465, 1378.059198151885994 ) ) ;
#7039 = DIRECTION ( 'NONE',  ( 0.000000000000000000, 0.000000000000000000, 1.000000000000000000 ) ) ;
#7040 = ORIENTED_EDGE ( 'NONE', *, *, #7315, .F. ) ;
#7041 = VERTEX_POINT ( 'NONE', #1629 ) ;
#7042 = EDGE_LOOP ( 'NONE', ( #7482, #5225, #8939, #5369, #5366, #8197, #5044, #3484 ) ) ;
#7043 = FACE_OUTER_BOUND ( 'NONE', #4575, .T. ) ;
#7044 = CARTESIAN_POINT ( 'NONE',  ( 679.6487274967186067, 940.8323205534485396, 1378.028013009121423 ) ) ;
#7045 = CARTESIAN_POINT ( 'NONE',  ( 634.9879588756788280, 921.4481165441617350, 1281.724160490111444 ) ) ;
#7046 = ORIENTED_EDGE ( 'NONE', *, *, #1742, .T. ) ;
#7047 = DIRECTION ( 'NONE',  ( 1.000000000000000000, -1.193489751472043754E-14, -0.000000000000000000 ) ) ;
#7048 = ORIENTED_EDGE ( 'NONE', *, *, #7415, .F. ) ;
#7049 = DIRECTION ( 'NONE',  ( -0.000000000000000000, -0.000000000000000000, -1.000000000000000000 ) ) ;
#7050 = EDGE_CURVE ( 'NONE', #8422, #4043, #8875, .T. ) ;
#7051 = FACE_OUTER_BOUND ( 'NONE', #1659, .T. ) ;
#7052 = EDGE_CURVE ( 'NONE', #9449, #1606, #7632, .T. ) ;
#7053 = CARTESIAN_POINT ( 'NONE',  ( 679.6503988948173856, 888.9481165441617350, 1288.224160490111444 ) ) ;
#7054 = CARTESIAN_POINT ( 'NONE',  ( 683.5503988948173628, 897.9481165441617350, 1298.224160490111444 ) ) ;
#7055 = CARTESIAN_POINT ( 'NONE',  ( 683.5503988948173628, 888.9481165441617350, 1378.224160490111444 ) ) ;
#7056 = DIRECTION ( 'NONE',  ( 1.000000000000000000, 0.000000000000000000, 0.000000000000000000 ) ) ;
#7057 = AXIS2_PLACEMENT_3D ( 'NONE', #4458, #6192, #5958 ) ;
#7058 = EDGE_CURVE ( 'NONE', #5660, #5815, #4036, .T. ) ;
#7059 = EDGE_CURVE ( 'NONE', #508, #8936, #2190, .T. ) ;
#7060 = CARTESIAN_POINT ( 'NONE',  ( 680.1982928896723024, 881.4247473093039389, 1289.224160490111672 ) ) ;
#7061 = DIRECTION ( 'NONE',  ( -0.000000000000000000, -0.000000000000000000, 1.000000000000000000 ) ) ;
#7062 = CYLINDRICAL_SURFACE ( 'NONE', #535, 2.000000000000001776 ) ;
#7063 = FACE_OUTER_BOUND ( 'NONE', #3884, .T. ) ;
#7064 = EDGE_CURVE ( 'NONE', #7143, #9241, #8296, .T. ) ;
#7065 = ORIENTED_EDGE ( 'NONE', *, *, #9394, .F. ) ;
#7066 = AXIS2_PLACEMENT_3D ( 'NONE', #66, #320, #8750 ) ;
#7067 = EDGE_LOOP ( 'NONE', ( #1205, #2531, #713, #8795 ) ) ;
#7068 = CARTESIAN_POINT ( 'NONE',  ( 697.4847019600267686, 897.9481165441580970, 1389.183265665989666 ) ) ;
#7069 = ADVANCED_FACE ( 'NONE', ( #6885 ), #669, .T. ) ;
#7070 = DIRECTION ( 'NONE',  ( 0.000000000000000000, 0.000000000000000000, -1.000000000000000000 ) ) ;
#7071 = EDGE_CURVE ( 'NONE', #6178, #774, #5233, .T. ) ;
#7072 = CARTESIAN_POINT ( 'NONE',  ( 667.5503988948173628, 923.9481165441617350, 1287.224160490111672 ) ) ;
#7073 = DIRECTION ( 'NONE',  ( -0.000000000000000000, 0.000000000000000000, 1.000000000000000000 ) ) ;
#7074 = CIRCLE ( 'NONE', #8358, 1.000000000000000888 ) ;
#7075 = DIRECTION ( 'NONE',  ( -0.000000000000000000, -0.000000000000000000, -1.000000000000000000 ) ) ;
#7076 = ORIENTED_EDGE ( 'NONE', *, *, #5334, .F. ) ;
#7077 = ORIENTED_EDGE ( 'NONE', *, *, #153, .F. ) ;
#7078 = VERTEX_POINT ( 'NONE', #6034 ) ;
#7079 = AXIS2_PLACEMENT_3D ( 'NONE', #1564, #2270, #7525 ) ;
#7080 = CARTESIAN_POINT ( 'NONE',  ( 634.9879588756788280, 921.4481165441617350, 1388.224160490111444 ) ) ;
#7081 = DIRECTION ( 'NONE',  ( -1.110223024625180206E-16, -1.000000000000000000, -0.000000000000000000 ) ) ;
#7082 = LINE ( 'NONE', #9399, #2618 ) ;
#7083 = EDGE_LOOP ( 'NONE', ( #623, #6331, #3876, #3608 ) ) ;
#7084 = CARTESIAN_POINT ( 'NONE',  ( 699.3410928477920834, 895.2039304976464109, 1394.724160490111444 ) ) ;
#7085 = CARTESIAN_POINT ( 'NONE',  ( 667.5503988948173628, 877.9481165441617350, 1284.724160490111444 ) ) ;
#7086 = CARTESIAN_POINT ( 'NONE',  ( 674.5503988948194092, 940.7057492425151395, 1399.724160490111444 ) ) ;
#7087 = ORIENTED_EDGE ( 'NONE', *, *, #2784, .T. ) ;
#7088 = ORIENTED_EDGE ( 'NONE', *, *, #2333, .T. ) ;
#7089 = EDGE_LOOP ( 'NONE', ( #6277, #4993, #1316, #2120 ) ) ;
#7090 = CARTESIAN_POINT ( 'NONE',  ( 701.0365960776194925, 921.8310952675660701, 1388.224160490111444 ) ) ;
#7091 = CARTESIAN_POINT ( 'NONE',  ( 681.1590498911807572, 941.5469374859942491, 1378.257214937919343 ) ) ;
#7092 = CARTESIAN_POINT ( 'NONE',  ( 646.3371954592175825, 889.2349131085609315, 1390.724160490111444 ) ) ;
#7093 = VERTEX_POINT ( 'NONE', #5282 ) ;
#7094 = DIRECTION ( 'NONE',  ( 1.000000000000000000, 0.000000000000000000, -0.000000000000000000 ) ) ;
#7095 = AXIS2_PLACEMENT_3D ( 'NONE', #5009, #4149, #8867 ) ;
#7096 = CIRCLE ( 'NONE', #2798, 0.8000000000000229150 ) ;
#7097 = ORIENTED_EDGE ( 'NONE', *, *, #7254, .T. ) ;
#7098 = DIRECTION ( 'NONE',  ( 1.000000000000000000, 0.000000000000000000, 0.000000000000000000 ) ) ;
#7099 = LINE ( 'NONE', #3951, #7854 ) ;
#7100 = CARTESIAN_POINT ( 'NONE',  ( 667.5503988948173628, 938.9481165441617350, 1283.224160490111672 ) ) ;
#7101 = VECTOR ( 'NONE', #6037, 1000.000000000000000 ) ;
#7102 = DIRECTION ( 'NONE',  ( -1.000000000000000000, 0.000000000000000000, 0.000000000000000000 ) ) ;
#7103 = CYLINDRICAL_SURFACE ( 'NONE', #6381, 1.199999999999978861 ) ;
#7104 = CARTESIAN_POINT ( 'NONE',  ( 696.8003988948192955, 914.9481165441650319, 1400.724160490111217 ) ) ;
#7105 = CARTESIAN_POINT ( 'NONE',  ( 660.5503988948140659, 875.1904838458079894, 1399.724160490111444 ) ) ;
#7106 = CYLINDRICAL_SURFACE ( 'NONE', #2171, 1.600000000000045830 ) ;
#7107 = EDGE_CURVE ( 'NONE', #2267, #9753, #7582, .T. ) ;
#7108 = CARTESIAN_POINT ( 'NONE',  ( 669.8503988948173173, 888.9481165441617350, 1292.224160490111444 ) ) ;
#7109 = PLANE ( 'NONE',  #2527 ) ;
#7110 = ORIENTED_EDGE ( 'NONE', *, *, #4864, .T. ) ;
#7111 = ADVANCED_FACE ( 'NONE', ( #3092 ), #7130, .T. ) ;
#7112 = DIRECTION ( 'NONE',  ( -1.000000000000000000, 0.000000000000000000, 0.000000000000000000 ) ) ;
#7113 = AXIS2_PLACEMENT_3D ( 'NONE', #2905, #3600, #5100 ) ;
#7114 = CARTESIAN_POINT ( 'NONE',  ( 637.3309001360983075, 922.3521249708356891, 1388.224160490111444 ) ) ;
#7115 = CARTESIAN_POINT ( 'NONE',  ( 634.7927661964696426, 907.9481165441652593, 1394.724160490111444 ) ) ;
#7116 = ADVANCED_FACE ( 'NONE', ( #2337 ), #6232, .F. ) ;
#7117 = DIRECTION ( 'NONE',  ( 0.000000000000000000, -1.000000000000000000, -0.000000000000000000 ) ) ;
#7118 = EDGE_CURVE ( 'NONE', #9167, #3967, #32, .T. ) ;
#7119 = DIRECTION ( 'NONE',  ( 0.000000000000000000, 1.000000000000000000, 0.000000000000000000 ) ) ;
#7120 = CARTESIAN_POINT ( 'NONE',  ( 681.2873862391703597, 874.4013930726107446, 1378.270621444897870 ) ) ;
#7121 = VECTOR ( 'NONE', #665, 1000.000000000000000 ) ;
#7122 = ADVANCED_FACE ( 'NONE', ( #2589 ), #9921, .F. ) ;
#7123 = ORIENTED_EDGE ( 'NONE', *, *, #2784, .F. ) ;
#7124 = EDGE_LOOP ( 'NONE', ( #5381, #5228, #1084 ) ) ;
#7125 = ORIENTED_EDGE ( 'NONE', *, *, #20, .F. ) ;
#7126 = ADVANCED_FACE ( 'NONE', ( #1076 ), #8543, .T. ) ;
#7127 = AXIS2_PLACEMENT_3D ( 'NONE', #2864, #2101, #6804 ) ;
#7128 = FACE_BOUND ( 'NONE', #1817, .T. ) ;
#7129 = DIRECTION ( 'NONE',  ( 0.000000000000000000, -1.000000000000000000, 0.000000000000000000 ) ) ;
#7130 = SPHERICAL_SURFACE ( 'NONE', #5006, 1.000000000000000000 ) ;
#7131 = VERTEX_POINT ( 'NONE', #6434 ) ;
#7132 = PLANE ( 'NONE',  #2272 ) ;
#7133 = DIRECTION ( 'NONE',  ( -1.000000000000000000, 0.000000000000000000, 0.000000000000000000 ) ) ;
#7134 = FACE_OUTER_BOUND ( 'NONE', #9331, .T. ) ;
#7135 = VERTEX_POINT ( 'NONE', #1680 ) ;
#7136 = ORIENTED_EDGE ( 'NONE', *, *, #3229, .F. ) ;
#7137 = ORIENTED_EDGE ( 'NONE', *, *, #7497, .F. ) ;
#7138 = FILL_AREA_STYLE ('',( #5124 ) ) ;
#7139 = CARTESIAN_POINT ( 'NONE',  ( 650.5503988948173628, 919.4481165441617350, 1281.724160490111444 ) ) ;
#7140 = CARTESIAN_POINT ( 'NONE',  ( 681.4333776182215843, 941.4343137269638646, 1377.224160490111444 ) ) ;
#7141 = CARTESIAN_POINT ( 'NONE',  ( 649.8371954592228121, 936.0871450286239224, 1388.224160490111444 ) ) ;
#7142 = AXIS2_PLACEMENT_3D ( 'NONE', #6757, #2066, #8165 ) ;
#7143 = VERTEX_POINT ( 'NONE', #221 ) ;
#7144 = CARTESIAN_POINT ( 'NONE',  ( 677.5503988948141796, 878.6981165441579833, 1397.724160490111217 ) ) ;
#7145 = AXIS2_PLACEMENT_3D ( 'NONE', #4867, #8681, #4667 ) ;
#7146 = EDGE_LOOP ( 'NONE', ( #9619, #5424, #6710, #9686, #5031 ) ) ;
#7147 = CARTESIAN_POINT ( 'NONE',  ( 654.8315238425218467, 941.8938063284433611, 1379.030573962591689 ) ) ;
#7148 = CARTESIAN_POINT ( 'NONE',  ( 639.4113704103607461, 925.6613199797615152, 1388.716960580079558 ) ) ;
#7149 = LINE ( 'NONE', #6358, #2520 ) ;
#7150 = CARTESIAN_POINT ( 'NONE',  ( 684.5503988948173628, 919.4481165441617350, 1377.224160490111444 ) ) ;
#7151 = CIRCLE ( 'NONE', #4918, 1.200000000000089884 ) ;
#7152 = CARTESIAN_POINT ( 'NONE',  ( 702.8003988948173628, 907.9481165441617350, 1379.224160490111444 ) ) ;
#7153 = DIRECTION ( 'NONE',  ( 0.000000000000000000, 0.000000000000000000, 1.000000000000000000 ) ) ;
#7154 = ORIENTED_EDGE ( 'NONE', *, *, #1800, .T. ) ;
#7155 = CARTESIAN_POINT ( 'NONE',  ( 697.8988415266738912, 918.9481165442118709, 1388.257652405211047 ) ) ;
#7156 = CARTESIAN_POINT ( 'NONE',  ( 666.0503988948174765, 888.9481165441617350, 1288.224160490111444 ) ) ;
#7157 = CIRCLE ( 'NONE', #9414, 1.000000000000000888 ) ;
#7158 = VERTEX_POINT ( 'NONE', #6388 ) ;
#7159 = CARTESIAN_POINT ( 'NONE',  ( 633.4923113056785269, 920.4499969687336716, 1377.275511434099599 ) ) ;
#7160 = AXIS2_PLACEMENT_3D ( 'NONE', #9534, #2771, #5804 ) ;
#7161 = FACE_BOUND ( 'NONE', #3186, .T. ) ;
#7162 =( BOUNDED_CURVE ( )  B_SPLINE_CURVE ( 3, ( #8079, #2787, #1937, #468 ),
 .UNSPECIFIED., .F., .F. ) 
 B_SPLINE_CURVE_WITH_KNOTS ( ( 4, 4 ),
 ( 3.522855596016045254, 3.703413364050845313 ),
 .UNSPECIFIED. ) 
 CURVE ( )  GEOMETRIC_REPRESENTATION_ITEM ( )  RATIONAL_B_SPLINE_CURVE ( ( 1.000000000000000000, 0.9972850857271227110, 0.9972850857271227110, 1.000000000000000000 ) ) 
 REPRESENTATION_ITEM ( '' )  );
#7163 = EDGE_LOOP ( 'NONE', ( #6886, #8535 ) ) ;
#7164 = CARTESIAN_POINT ( 'NONE',  ( 698.4732321603655691, 896.6431695630926697, 1388.406844777599645 ) ) ;
#7165 = CYLINDRICAL_SURFACE ( 'NONE', #8225, 1.000000000000000888 ) ;
#7166 = TOROIDAL_SURFACE ( 'NONE', #9423, 9.000000000000001776, 1.000000000000000000 ) ;
#7167 = CIRCLE ( 'NONE', #2061, 0.9999999999998898659 ) ;
#7168 = EDGE_CURVE ( 'NONE', #3025, #7827, #8515, .T. ) ;
#7169 = DIRECTION ( 'NONE',  ( -1.000000000000000000, 0.000000000000000000, 0.000000000000000000 ) ) ;
#7170 = DIRECTION ( 'NONE',  ( 1.000000000000000000, -3.580469254416132998E-15, 0.000000000000000000 ) ) ;
#7171 = VECTOR ( 'NONE', #8502, 1000.000000000000000 ) ;
#7172 = DIRECTION ( 'NONE',  ( -1.000000000000000000, -0.000000000000000000, -0.000000000000000000 ) ) ;
#7173 = EDGE_CURVE ( 'NONE', #8816, #6897, #8187, .T. ) ;
#7174 = CARTESIAN_POINT ( 'NONE',  ( 699.3080315931637188, 900.9481165441580970, 1400.724160490111217 ) ) ;
#7175 = EDGE_LOOP ( 'NONE', ( #7250, #4335, #1961 ) ) ;
#7176 = VERTEX_POINT ( 'NONE', #7831 ) ;
#7177 = EDGE_CURVE ( 'NONE', #4721, #8582, #5679, .T. ) ;
#7178 = ORIENTED_EDGE ( 'NONE', *, *, #747, .F. ) ;
#7179 = ADVANCED_FACE ( 'NONE', ( #3983 ), #8693, .T. ) ;
#7180 = AXIS2_PLACEMENT_3D ( 'NONE', #9451, #1725, #7033 ) ;
#7181 = DIRECTION ( 'NONE',  ( 1.000000000000000000, 6.827871601444711146E-15, 0.000000000000000000 ) ) ;
#7182 = FACE_OUTER_BOUND ( 'NONE', #9683, .T. ) ;
#7183 = DIRECTION ( 'NONE',  ( -0.000000000000000000, -0.000000000000000000, 1.000000000000000000 ) ) ;
#7184 = ORIENTED_EDGE ( 'NONE', *, *, #7364, .T. ) ;
#7185 = B_SPLINE_CURVE_WITH_KNOTS ( 'NONE', 3,
 ( #4913, #376, #8656, #6444, #5920, #1790, #3444, #231, #9507, #328, #1033, #5640 ),
 .UNSPECIFIED., .F., .F.,
 ( 4, 2, 2, 2, 2, 4 ),
 ( 0.000000000000000000, 0.0004427202727832435470, 0.0008854405455664870941, 0.001328160818349730533, 0.001549520954741132267, 0.001770881091132533785 ),
 .UNSPECIFIED. ) ;
#7186 = SPHERICAL_SURFACE ( 'NONE', #4995, 1.000000000000000000 ) ;
#7187 = CARTESIAN_POINT ( 'NONE',  ( 631.3003988948169081, 907.9481165441651456, 1388.224160490111444 ) ) ;
#7188 = EDGE_CURVE ( 'NONE', #3967, #9167, #999, .T. ) ;
#7189 = FACE_OUTER_BOUND ( 'NONE', #8852, .T. ) ;
#7190 = CIRCLE ( 'NONE', #4121, 1.000000000000000888 ) ;
#7191 = ORIENTED_EDGE ( 'NONE', *, *, #2238, .T. ) ;
#7192 = ORIENTED_EDGE ( 'NONE', *, *, #7479, .T. ) ;
#7193 = EDGE_CURVE ( 'NONE', #6558, #6382, #7082, .T. ) ;
#7194 = ORIENTED_EDGE ( 'NONE', *, *, #2548, .T. ) ;
#7195 = VECTOR ( 'NONE', #8815, 1000.000000000000000 ) ;
#7196 = LINE ( 'NONE', #2599, #6631 ) ;
#7197 = FACE_OUTER_BOUND ( 'NONE', #2596, .T. ) ;
#7198 = ADVANCED_FACE ( 'NONE', ( #8748 ), #1885, .F. ) ;
#7199 = CARTESIAN_POINT ( 'NONE',  ( 679.3766400295691028, 942.2147551394880338, 1379.224160490111444 ) ) ;
#7200 = CARTESIAN_POINT ( 'NONE',  ( 667.5503988948173628, 937.9481165441617350, 1287.224160490111672 ) ) ;
#7201 = VERTEX_POINT ( 'NONE', #1024 ) ;
#7202 = DIRECTION ( 'NONE',  ( 0.000000000000000000, -1.000000000000000000, 0.000000000000000000 ) ) ;
#7203 = VERTEX_POINT ( 'NONE', #4076 ) ;
#7204 = CARTESIAN_POINT ( 'NONE',  ( 667.5503988948173628, 907.9481165441617350, 1281.724160490111444 ) ) ;
#7205 = DIRECTION ( 'NONE',  ( 0.000000000000000000, -1.000000000000000000, 0.000000000000000000 ) ) ;
#7206 = LINE ( 'NONE', #341, #9099 ) ;
#7207 = DIRECTION ( 'NONE',  ( -1.000000000000000000, 3.608224830031761912E-15, 0.000000000000000000 ) ) ;
#7208 = CARTESIAN_POINT ( 'NONE',  ( 680.0503988948173628, 923.9481165441617350, 1377.224160490111444 ) ) ;
#7209 = DIRECTION ( 'NONE',  ( -1.000000000000000000, -3.827728046476431091E-13, 0.000000000000000000 ) ) ;
#7210 = ORIENTED_EDGE ( 'NONE', *, *, #37, .F. ) ;
#7211 = CARTESIAN_POINT ( 'NONE',  ( 635.5928159100884614, 920.0585091947870069, 1389.446029291908189 ) ) ;
#7212 = CARTESIAN_POINT ( 'NONE',  ( 679.8913271845590316, 942.0330441601970506, 1379.164628526198840 ) ) ;
#7213 = CARTESIAN_POINT ( 'NONE',  ( 703.8003988948173628, 907.9481165441617350, 1388.224160490111444 ) ) ;
#7214 = FACE_OUTER_BOUND ( 'NONE', #2882, .T. ) ;
#7215 = ORIENTED_EDGE ( 'NONE', *, *, #3275, .T. ) ;
#7216 = DIRECTION ( 'NONE',  ( 4.014402029361098735E-15, -1.000000000000000000, 0.000000000000000000 ) ) ;
#7217 = LINE ( 'NONE', #256, #392 ) ;
#7218 = CIRCLE ( 'NONE', #5143, 1.600000000000045830 ) ;
#7219 = CARTESIAN_POINT ( 'NONE',  ( 651.5503988948173628, 888.9481165441617350, 1289.224160490111672 ) ) ;
#7220 = DIRECTION ( 'NONE',  ( -3.358424649491096957E-15, 1.000000000000000000, -9.011550524554839257E-16 ) ) ;
#7221 = CIRCLE ( 'NONE', #3708, 0.9999999999998898659 ) ;
#7222 = EDGE_CURVE ( 'NONE', #169, #6332, #2888, .T. ) ;
#7223 = DIRECTION ( 'NONE',  ( 0.000000000000000000, 0.000000000000000000, 1.000000000000000000 ) ) ;
#7224 = CARTESIAN_POINT ( 'NONE',  ( 680.2664504487313479, 874.7789451827899256, 1377.848561496395405 ) ) ;
#7225 = AXIS2_PLACEMENT_3D ( 'NONE', #1529, #1631, #723 ) ;
#7226 = ORIENTED_EDGE ( 'NONE', *, *, #4998, .F. ) ;
#7227 = ORIENTED_EDGE ( 'NONE', *, *, #9813, .F. ) ;
#7228 = AXIS2_PLACEMENT_3D ( 'NONE', #2507, #9465, #987 ) ;
#7229 = ORIENTED_EDGE ( 'NONE', *, *, #4352, .T. ) ;
#7230 = CARTESIAN_POINT ( 'NONE',  ( 667.5503988948141796, 907.9481165441579833, 1390.724160490111444 ) ) ;
#7231 = CARTESIAN_POINT ( 'NONE',  ( 654.5508502267834956, 874.1089154487315227, 1379.034818353322635 ) ) ;
#7232 = VECTOR ( 'NONE', #7183, 1000.000000000000000 ) ;
#7233 = CARTESIAN_POINT ( 'NONE',  ( 633.7295751129640848, 920.9952815592492925, 1378.838753434478122 ) ) ;
#7234 = VERTEX_POINT ( 'NONE', #3532 ) ;
#7235 = DIRECTION ( 'NONE',  ( 5.406930314732906907E-16, 1.000000000000000000, -0.000000000000000000 ) ) ;
#7236 = LINE ( 'NONE', #1079, #5027 ) ;
#7237 = EDGE_CURVE ( 'NONE', #7889, #6576, #4323, .T. ) ;
#7238 = LINE ( 'NONE', #372, #2215 ) ;
#7239 = ORIENTED_EDGE ( 'NONE', *, *, #4103, .F. ) ;
#7240 = ORIENTED_EDGE ( 'NONE', *, *, #4081, .F. ) ;
#7241 = EDGE_LOOP ( 'NONE', ( #4747, #8140, #2320, #5471 ) ) ;
#7242 = CIRCLE ( 'NONE', #4680, 1.000000000000000888 ) ;
#7243 = DIRECTION ( 'NONE',  ( 1.000000000000000000, 0.000000000000000000, 0.000000000000000000 ) ) ;
#7244 = EDGE_CURVE ( 'NONE', #9001, #3984, #666, .T. ) ;
#7245 = DIRECTION ( 'NONE',  ( -0.000000000000000000, 0.000000000000000000, -1.000000000000000000 ) ) ;
#7246 = CARTESIAN_POINT ( 'NONE',  ( 667.5503988948173628, 907.9481165441617350, 1379.224160490111444 ) ) ;
#7247 = CARTESIAN_POINT ( 'NONE',  ( 680.2945849413255246, 876.1574225911800795, 1394.724160490111444 ) ) ;
#7248 = ORIENTED_EDGE ( 'NONE', *, *, #5094, .F. ) ;
#7249 = CARTESIAN_POINT ( 'NONE',  ( 667.5503988948141796, 907.9481165441582107, 1400.724160490111217 ) ) ;
#7250 = ORIENTED_EDGE ( 'NONE', *, *, #523, .T. ) ;
#7251 = EDGE_CURVE ( 'NONE', #5704, #1208, #6750, .T. ) ;
#7252 = AXIS2_PLACEMENT_3D ( 'NONE', #1667, #3325, #913 ) ;
#7253 = CARTESIAN_POINT ( 'NONE',  ( 695.4380290148825452, 926.6613199797621974, 1388.651662303613193 ) ) ;
#7254 = EDGE_CURVE ( 'NONE', #6353, #8599, #7162, .T. ) ;
#7255 = ORIENTED_EDGE ( 'NONE', *, *, #886, .T. ) ;
#7256 = CARTESIAN_POINT ( 'NONE',  ( 655.5503988948173628, 920.4481165441617350, 1292.224160490111444 ) ) ;
#7257 = LINE ( 'NONE', #393, #398 ) ;
#7258 = EDGE_CURVE ( 'NONE', #204, #4203, #193, .T. ) ;
#7259 = DIRECTION ( 'NONE',  ( -0.000000000000000000, 0.000000000000000000, 1.000000000000000000 ) ) ;
#7260 = CIRCLE ( 'NONE', #7569, 3.000000000000002665 ) ;
#7261 = SPHERICAL_SURFACE ( 'NONE', #6205, 1.000000000000000000 ) ;
#7262 = ORIENTED_EDGE ( 'NONE', *, *, #7902, .F. ) ;
#7263 = FACE_OUTER_BOUND ( 'NONE', #6, .T. ) ;
#7264 = CARTESIAN_POINT ( 'NONE',  ( 639.3003988948140659, 907.9481165441582107, 1388.745784350350050 ) ) ;
#7265 = CARTESIAN_POINT ( 'NONE',  ( 659.5503988948173628, 888.9481165441617350, 1292.224160490111444 ) ) ;
#7266 = CIRCLE ( 'NONE', #2476, 1.000000000000000888 ) ;
#7267 = CIRCLE ( 'NONE', #1191, 1.500000000000056843 ) ;
#7268 = ORIENTED_EDGE ( 'NONE', *, *, #4187, .F. ) ;
#7269 = DIRECTION ( 'NONE',  ( -0.000000000000000000, -0.000000000000000000, -1.000000000000000000 ) ) ;
#7270 = LINE ( 'NONE', #9384, #5187 ) ;
#7271 = VECTOR ( 'NONE', #1871, 1000.000000000000000 ) ;
#7272 = FILL_AREA_STYLE ('',( #4915 ) ) ;
#7273 = CARTESIAN_POINT ( 'NONE',  ( 646.3371954592226984, 926.6613199797615152, 1390.724160490111444 ) ) ;
#7274 = CARTESIAN_POINT ( 'NONE',  ( 695.8174274026458761, 926.5219964958499759, 1388.224160490111444 ) ) ;
#7275 = FACE_OUTER_BOUND ( 'NONE', #1399, .T. ) ;
#7276 = ORIENTED_EDGE ( 'NONE', *, *, #7058, .F. ) ;
#7277 = ORIENTED_EDGE ( 'NONE', *, *, #4534, .T. ) ;
#7278 = AXIS2_PLACEMENT_3D ( 'NONE', #6508, #9665, #7949 ) ;
#7279 = VERTEX_POINT ( 'NONE', #8892 ) ;
#7280 = CIRCLE ( 'NONE', #2969, 0.9999999999998898659 ) ;
#7281 = DIRECTION ( 'NONE',  ( -0.000000000000000000, 0.000000000000000000, -1.000000000000000000 ) ) ;
#7282 = LINE ( 'NONE', #8891, #1396 ) ;
#7283 = DIRECTION ( 'NONE',  ( -0.000000000000000000, 0.000000000000000000, -1.000000000000000000 ) ) ;
#7284 = EDGE_LOOP ( 'NONE', ( #8035, #5627, #4714 ) ) ;
#7285 = CIRCLE ( 'NONE', #1049, 34.25000000000000000 ) ;
#7286 =( BOUNDED_CURVE ( )  B_SPLINE_CURVE ( 3, ( #7642, #7741, #2401, #3943 ),
 .UNSPECIFIED., .F., .F. ) 
 B_SPLINE_CURVE_WITH_KNOTS ( ( 4, 4 ),
 ( 0.2541247495556178126, 0.8028779083775845482 ),
 .UNSPECIFIED. ) 
 CURVE ( )  GEOMETRIC_REPRESENTATION_ITEM ( )  RATIONAL_B_SPLINE_CURVE ( ( 1.000000000000000000, 0.9750628656958865159, 0.9750628656958865159, 1.000000000000000000 ) ) 
 REPRESENTATION_ITEM ( '' )  );
#7287 = CARTESIAN_POINT ( 'NONE',  ( 696.5357139502339123, 889.7021851856865169, 1388.716960580079558 ) ) ;
#7288 = CARTESIAN_POINT ( 'NONE',  ( 637.4218156412279086, 892.8898349662048304, 1388.224160490111444 ) ) ;
#7289 = CYLINDRICAL_SURFACE ( 'NONE', #9256, 0.9999999999998898659 ) ;
#7290 = ORIENTED_EDGE ( 'NONE', *, *, #2662, .F. ) ;
#7291 = ORIENTED_EDGE ( 'NONE', *, *, #1422, .T. ) ;
#7292 = AXIS2_PLACEMENT_3D ( 'NONE', #7563, #5307, #696 ) ;
#7293 = ORIENTED_EDGE ( 'NONE', *, *, #3519, .T. ) ;
#7294 = CARTESIAN_POINT ( 'NONE',  ( 700.3080315931636051, 907.9481165441646908, 1397.724160490111217 ) ) ;
#7295 = CARTESIAN_POINT ( 'NONE',  ( 677.2503988948172946, 888.9481165441617350, 1290.824160490111353 ) ) ;
#7296 = EDGE_CURVE ( 'NONE', #9449, #5876, #420, .T. ) ;
#7297 = VECTOR ( 'NONE', #338, 1000.000000000000000 ) ;
#7298 = CARTESIAN_POINT ( 'NONE',  ( 635.4489690867561649, 918.9481165441651456, 1389.746155729068050 ) ) ;
#7299 = VERTEX_POINT ( 'NONE', #1277 ) ;
#7300 = CARTESIAN_POINT ( 'NONE',  ( 655.2848799324755191, 940.7016865308592060, 1377.880238247333182 ) ) ;
#7301 = EDGE_CURVE ( 'NONE', #5177, #8643, #2694, .T. ) ;
#7302 = ORIENTED_EDGE ( 'NONE', *, *, #6086, .F. ) ;
#7303 = DIRECTION ( 'NONE',  ( 0.000000000000000000, 1.000000000000000000, 0.000000000000000000 ) ) ;
#7304 = ORIENTED_EDGE ( 'NONE', *, *, #3803, .F. ) ;
#7305 = CARTESIAN_POINT ( 'NONE',  ( 656.2503988948174083, 888.9481165441617350, 1292.224160490111444 ) ) ;
#7306 = EDGE_CURVE ( 'NONE', #3006, #1891, #9012, .T. ) ;
#7307 = EDGE_CURVE ( 'NONE', #2952, #6680, #8133, .T. ) ;
#7308 = DIRECTION ( 'NONE',  ( -9.505334114941407284E-17, 1.000000000000000000, -0.000000000000000000 ) ) ;
#7309 = AXIS2_PLACEMENT_3D ( 'NONE', #7967, #4313, #7371 ) ;
#7310 = CARTESIAN_POINT ( 'NONE',  ( 680.8009349211399694, 874.2064133498618048, 1379.131425763438301 ) ) ;
#7311 = ORIENTED_EDGE ( 'NONE', *, *, #3809, .F. ) ;
#7312 = CARTESIAN_POINT ( 'NONE',  ( 681.4333776182216980, 941.4343137269638646, 1377.224160490111444 ) ) ;
#7313 = EDGE_LOOP ( 'NONE', ( #664, #2837, #7684, #8084 ) ) ;
#7314 = CARTESIAN_POINT ( 'NONE',  ( 634.7927661964638446, 917.9481165441577559, 1374.668558774804069 ) ) ;
#7315 = EDGE_CURVE ( 'NONE', #276, #1861, #9551, .T. ) ;
#7316 = CARTESIAN_POINT ( 'NONE',  ( 677.5503988948141796, 876.1904838458079894, 1400.724160490111217 ) ) ;
#7317 = CIRCLE ( 'NONE', #7792, 2.000000000000001776 ) ;
#7318 = ORIENTED_EDGE ( 'NONE', *, *, #4474, .T. ) ;
#7319 = DIRECTION ( 'NONE',  ( -1.000000000000000000, 0.000000000000000000, 0.000000000000000000 ) ) ;
#7320 = CARTESIAN_POINT ( 'NONE',  ( 700.3210063890130641, 920.1915730210196216, 1377.896121678229974 ) ) ;
#7321 = AXIS2_PLACEMENT_3D ( 'NONE', #1774, #6327, #259 ) ;
#7322 = CARTESIAN_POINT ( 'NONE',  ( 672.5503988948173628, 938.9481165441617350, 1287.224160490111672 ) ) ;
#7323 = B_SPLINE_CURVE_WITH_KNOTS ( 'NONE', 3,
 ( #2060, #5709, #8779, #1919, #9578, #2724 ),
 .UNSPECIFIED., .F., .F.,
 ( 4, 2, 4 ),
 ( 0.001334358369045218328, 0.001791938786364423095, 0.002249519203683627861 ),
 .UNSPECIFIED. ) ;
#7324 = CARTESIAN_POINT ( 'NONE',  ( 696.8003988948141796, 897.9481165441579833, 1400.724160490111217 ) ) ;
#7325 = CARTESIAN_POINT ( 'NONE',  ( 636.4365020213238040, 895.5760235209022539, 1388.456471688753027 ) ) ;
#7326 = ORIENTED_EDGE ( 'NONE', *, *, #7952, .T. ) ;
#7327 = VERTEX_POINT ( 'NONE', #6580 ) ;
#7328 = AXIS2_PLACEMENT_3D ( 'NONE', #7478, #5271, #4519 ) ;
#7329 = ORIENTED_EDGE ( 'NONE', *, *, #6188, .T. ) ;
#7330 = EDGE_CURVE ( 'NONE', #8010, #5310, #4195, .T. ) ;
#7331 = AXIS2_PLACEMENT_3D ( 'NONE', #7411, #541, #3706 ) ;
#7332 = CIRCLE ( 'NONE', #8623, 0.9999999999999955591 ) ;
#7333 = CIRCLE ( 'NONE', #4771, 1.000000000000000888 ) ;
#7334 = CARTESIAN_POINT ( 'NONE',  ( 666.0503988948174765, 888.9481165441617350, 1288.224160490111444 ) ) ;
#7335 = CARTESIAN_POINT ( 'NONE',  ( 654.9096557137440868, 874.7251499765145581, 1377.739971918002993 ) ) ;
#7336 = DIRECTION ( 'NONE',  ( -0.000000000000000000, 0.000000000000000000, -1.000000000000000000 ) ) ;
#7337 = ORIENTED_EDGE ( 'NONE', *, *, #6188, .F. ) ;
#7338 = CARTESIAN_POINT ( 'NONE',  ( 655.4964969362422380, 873.7608464550171448, 1378.148740921299122 ) ) ;
#7339 = CARTESIAN_POINT ( 'NONE',  ( 637.3576491227897804, 893.2133584119836769, 1388.224160490111444 ) ) ;
#7340 = AXIS2_PLACEMENT_3D ( 'NONE', #7631, #9245, #6735 ) ;
#7341 = CARTESIAN_POINT ( 'NONE',  ( 698.5315781242397861, 896.9217877706294075, 1388.421999573411313 ) ) ;
#7342 = VERTEX_POINT ( 'NONE', #1222 ) ;
#7343 = ORIENTED_EDGE ( 'NONE', *, *, #6819, .T. ) ;
#7344 = EDGE_CURVE ( 'NONE', #2168, #8582, #7242, .T. ) ;
#7345 = VERTEX_POINT ( 'NONE', #3483 ) ;
#7346 = CARTESIAN_POINT ( 'NONE',  ( 635.7597049418415054, 920.6923025906768316, 1394.724160490111444 ) ) ;
#7347 = DIRECTION ( 'NONE',  ( 1.000000000000000000, 0.000000000000000000, 0.000000000000000000 ) ) ;
#7348 =( BOUNDED_CURVE ( )  B_SPLINE_CURVE ( 3, ( #5483, #1830, #4878, #4123 ),
 .UNSPECIFIED., .F., .F. ) 
 B_SPLINE_CURVE_WITH_KNOTS ( ( 4, 4 ),
 ( 4.712388980384691450, 4.966513729940445820 ),
 .UNSPECIFIED. ) 
 CURVE ( )  GEOMETRIC_REPRESENTATION_ITEM ( )  RATIONAL_B_SPLINE_CURVE ( ( 1.000000000000000000, 0.9946256208567332280, 0.9946256208567332280, 1.000000000000000000 ) ) 
 REPRESENTATION_ITEM ( '' )  );
#7349 = CARTESIAN_POINT ( 'NONE',  ( 650.5503988948173628, 888.9481165441617350, 1378.224160490111444 ) ) ;
#7350 = VERTEX_POINT ( 'NONE', #6535 ) ;
#7351 = AXIS2_PLACEMENT_3D ( 'NONE', #5533, #8645, #2390 ) ;
#7352 = CARTESIAN_POINT ( 'NONE',  ( 655.9281113695063823, 941.1850598252425470, 1378.224160490111672 ) ) ;
#7353 = ORIENTED_EDGE ( 'NONE', *, *, #4675, .F. ) ;
#7354 = EDGE_CURVE ( 'NONE', #2620, #4203, #4272, .T. ) ;
#7355 = DIRECTION ( 'NONE',  ( -0.5277000697507949756, 0.8382993707466422917, -0.1370649531820222200 ) ) ;
#7356 = VECTOR ( 'NONE', #6891, 1000.000000000000000 ) ;
#7357 = ORIENTED_EDGE ( 'NONE', *, *, #2323, .T. ) ;
#7358 = DIRECTION ( 'NONE',  ( -3.608224830031761912E-15, -1.000000000000000000, 0.000000000000000000 ) ) ;
#7359 = PLANE ( 'NONE',  #4291 ) ;
#7360 = DIRECTION ( 'NONE',  ( 0.000000000000000000, -0.000000000000000000, -1.000000000000000000 ) ) ;
#7361 = ORIENTED_EDGE ( 'NONE', *, *, #8903, .F. ) ;
#7362 = CARTESIAN_POINT ( 'NONE',  ( 677.5503988948173628, 920.4481165441617350, 1298.224160490111444 ) ) ;
#7363 = EDGE_LOOP ( 'NONE', ( #9213, #7641, #3976, #6729 ) ) ;
#7364 = EDGE_CURVE ( 'NONE', #8592, #4586, #6826, .T. ) ;
#7365 = DIRECTION ( 'NONE',  ( 1.921270678177309696E-15, 1.000000000000000000, -0.000000000000000000 ) ) ;
#7366 = PLANE ( 'NONE',  #4598 ) ;
#7367 = DIRECTION ( 'NONE',  ( -1.000000000000000000, 0.000000000000000000, 0.000000000000000000 ) ) ;
#7368 = DIRECTION ( 'NONE',  ( -1.000000000000000000, -2.843661915242425431E-15, -0.000000000000000000 ) ) ;
#7369 = CARTESIAN_POINT ( 'NONE',  ( 670.6949512090433245, 935.9481165441617350, 1286.342194478861302 ) ) ;
#7370 = EDGE_CURVE ( 'NONE', #5899, #8350, #7552, .T. ) ;
#7371 = DIRECTION ( 'NONE',  ( 1.000000000000000000, 1.110223024625155531E-13, 0.000000000000000000 ) ) ;
#7372 = CARTESIAN_POINT ( 'NONE',  ( 641.3086507567329591, 889.2349131085609315, 1388.224160490111444 ) ) ;
#7373 = DIRECTION ( 'NONE',  ( 1.000000000000000000, 2.871417490858054344E-15, 0.000000000000000000 ) ) ;
#7374 = CARTESIAN_POINT ( 'NONE',  ( 638.3003988948139522, 907.9481165441644634, 1397.724160490111217 ) ) ;
#7375 = ORIENTED_EDGE ( 'NONE', *, *, #9096, .F. ) ;
#7376 = VERTEX_POINT ( 'NONE', #9884 ) ;
#7377 = EDGE_CURVE ( 'NONE', #1349, #4614, #7074, .T. ) ;
#7378 = ORIENTED_EDGE ( 'NONE', *, *, #8376, .F. ) ;
#7379 = EDGE_CURVE ( 'NONE', #469, #4784, #610, .T. ) ;
#7380 = CIRCLE ( 'NONE', #11, 1.000000000000000888 ) ;
#7381 = DIRECTION ( 'NONE',  ( -1.000000000000000000, -3.358424649491096563E-15, 0.000000000000000000 ) ) ;
#7382 = CARTESIAN_POINT ( 'NONE',  ( 654.1830608797193918, 874.2517375133471660, 1379.177220347047296 ) ) ;
#7383 = DIRECTION ( 'NONE',  ( -0.000000000000000000, -0.000000000000000000, 1.000000000000000000 ) ) ;
#7384 = ORIENTED_EDGE ( 'NONE', *, *, #8463, .F. ) ;
#7385 = FACE_OUTER_BOUND ( 'NONE', #7507, .T. ) ;
#7386 = LINE ( 'NONE', #3630, #7297 ) ;
#7387 = PLANE ( 'NONE',  #6786 ) ;
#7388 = ORIENTED_EDGE ( 'NONE', *, *, #8346, .T. ) ;
#7389 = ORIENTED_EDGE ( 'NONE', *, *, #2368, .F. ) ;
#7390 = VERTEX_POINT ( 'NONE', #8229 ) ;
#7391 = DIRECTION ( 'NONE',  ( 1.236786676975586898E-16, 1.000000000000000000, 0.000000000000000000 ) ) ;
#7392 = VECTOR ( 'NONE', #2299, 1000.000000000000000 ) ;
#7393 = CARTESIAN_POINT ( 'NONE',  ( 673.5503988948173628, 888.9481165441617350, 1292.224160490111444 ) ) ;
#7394 = DIRECTION ( 'NONE',  ( 1.000000000000000000, 0.000000000000000000, 0.000000000000000000 ) ) ;
#7395 = VERTEX_POINT ( 'NONE', #2126 ) ;
#7396 = DIRECTION ( 'NONE',  ( 0.000000000000000000, 0.000000000000000000, 1.000000000000000000 ) ) ;
#7397 = CARTESIAN_POINT ( 'NONE',  ( 699.0555138801731800, 918.6665602981701113, 1388.558086782754117 ) ) ;
#7398 = ORIENTED_EDGE ( 'NONE', *, *, #687, .F. ) ;
#7399 = CARTESIAN_POINT ( 'NONE',  ( 667.5503988948173628, 939.9481165441617350, 1287.224160490111672 ) ) ;
#7400 = AXIS2_PLACEMENT_3D ( 'NONE', #5933, #9006, #2135 ) ;
#7401 = EDGE_LOOP ( 'NONE', ( #6389, #7936, #8563, #4033 ) ) ;
#7402 =( BOUNDED_CURVE ( )  B_SPLINE_CURVE ( 3, ( #5734, #1940, #4224, #7287 ),
 .UNSPECIFIED., .F., .T. ) 
 B_SPLINE_CURVE_WITH_KNOTS ( ( 4, 4 ),
 ( 3.522855596016043034, 3.703413364050847978 ),
 .UNSPECIFIED. ) 
 CURVE ( )  GEOMETRIC_REPRESENTATION_ITEM ( )  RATIONAL_B_SPLINE_CURVE ( ( 1.000000000000000000, 0.9972850857271225999, 0.9972850857271225999, 1.000000000000000000 ) ) 
 REPRESENTATION_ITEM ( '' )  );
#7403 = CARTESIAN_POINT ( 'NONE',  ( 655.0503988948174765, 923.9481165441617350, 1378.224160490111444 ) ) ;
#7404 = CARTESIAN_POINT ( 'NONE',  ( 699.3410928477971993, 920.6923025906768316, 1389.424355391673316 ) ) ;
#7405 = VECTOR ( 'NONE', #4360, 1000.000000000000000 ) ;
#7406 = CARTESIAN_POINT ( 'NONE',  ( 680.1134941519670747, 873.9445601199979592, 1378.763543383118986 ) ) ;
#7407 = VERTEX_POINT ( 'NONE', #2225 ) ;
#7408 = CARTESIAN_POINT ( 'NONE',  ( 667.5503988948173628, 907.9481165441617350, 1388.224160490111444 ) ) ;
#7409 = ORIENTED_EDGE ( 'NONE', *, *, #6396, .F. ) ;
#7410 = CARTESIAN_POINT ( 'NONE',  ( 633.3736971872497179, 920.0349506089999068, 1379.224160483295918 ) ) ;
#7411 = CARTESIAN_POINT ( 'NONE',  ( 634.2290468814311453, 919.4481165441617350, 1379.224160490111444 ) ) ;
#7412 = LINE ( 'NONE', #1353, #3480 ) ;
#7413 = DIRECTION ( 'NONE',  ( 1.000000000000000000, 0.000000000000000000, 0.000000000000000000 ) ) ;
#7414 = CARTESIAN_POINT ( 'NONE',  ( 681.4333776182216980, 941.4343137269638646, 1292.724160490111444 ) ) ;
#7415 = EDGE_CURVE ( 'NONE', #6827, #1946, #1424, .T. ) ;
#7416 = DIRECTION ( 'NONE',  ( 0.6818181818181837661, -0.7315216790650473921, 0.000000000000000000 ) ) ;
#7417 = CARTESIAN_POINT ( 'NONE',  ( 679.5503988948173628, 920.4481165441617350, 1292.224160490111444 ) ) ;
#7418 = CARTESIAN_POINT ( 'NONE',  ( 636.4365020213289199, 920.3202095674209886, 1388.456471688752572 ) ) ;
#7419 = VECTOR ( 'NONE', #8769, 1000.000000000000000 ) ;
#7420 = AXIS2_PLACEMENT_3D ( 'NONE', #7907, #9484, #3419 ) ;
#7421 = CYLINDRICAL_SURFACE ( 'NONE', #8435, 1.200000000000089884 ) ;
#7422 = ORIENTED_EDGE ( 'NONE', *, *, #2048, .F. ) ;
#7423 = ADVANCED_FACE ( 'NONE', ( #3679 ), #9785, .F. ) ;
#7424 = ORIENTED_EDGE ( 'NONE', *, *, #9523, .T. ) ;
#7425 = ORIENTED_EDGE ( 'NONE', *, *, #881, .T. ) ;
#7426 = DIRECTION ( 'NONE',  ( 0.000000000000000000, 1.000000000000000000, -0.000000000000000000 ) ) ;
#7427 = ADVANCED_FACE ( 'NONE', ( #5315 ), #1372, .F. ) ;
#7428 = EDGE_CURVE ( 'NONE', #2608, #3924, #8327, .T. ) ;
#7429 = DIRECTION ( 'NONE',  ( 1.000000000000000000, 6.483054158395116469E-15, 0.000000000000000000 ) ) ;
#7430 = CARTESIAN_POINT ( 'NONE',  ( 654.3011069639147763, 875.1812927977056233, 1378.200690419689181 ) ) ;
#7431 = VERTEX_POINT ( 'NONE', #3825 ) ;
#7432 = EDGE_CURVE ( 'NONE', #5802, #5831, #5872, .T. ) ;
#7433 = DIRECTION ( 'NONE',  ( 1.000000000000000000, 6.800116025829082232E-15, 0.000000000000000000 ) ) ;
#7434 = CARTESIAN_POINT ( 'NONE',  ( 683.5503988948173628, 897.9481165441617350, 1298.224160490111444 ) ) ;
#7435 = ORIENTED_EDGE ( 'NONE', *, *, #4745, .F. ) ;
#7436 = AXIS2_PLACEMENT_3D ( 'NONE', #2931, #8325, #3867 ) ;
#7437 = ORIENTED_EDGE ( 'NONE', *, *, #1129, .T. ) ;
#7438 = EDGE_CURVE ( 'NONE', #3528, #5462, #9138, .T. ) ;
#7439 = ORIENTED_EDGE ( 'NONE', *, *, #5115, .T. ) ;
#7440 = DIRECTION ( 'NONE',  ( 0.000000000000000000, 0.000000000000000000, -1.000000000000000000 ) ) ;
#7441 = VECTOR ( 'NONE', #631, 1000.000000000000000 ) ;
#7442 = LINE ( 'NONE', #2801, #3031 ) ;
#7443 = CARTESIAN_POINT ( 'NONE',  ( 658.5503988948140659, 876.1904838458081031, 1397.724160490111217 ) ) ;
#7444 = ORIENTED_EDGE ( 'NONE', *, *, #2915, .F. ) ;
#7445 = CARTESIAN_POINT ( 'NONE',  ( 636.9657134451599632, 897.8671920835215587, 1389.267730910712316 ) ) ;
#7446 = CARTESIAN_POINT ( 'NONE',  ( 633.2837602994910640, 919.7743576789134750, 1379.224160490111444 ) ) ;
#7447 = AXIS2_PLACEMENT_3D ( 'NONE', #637, #2913, #8256 ) ;
#7448 = DIRECTION ( 'NONE',  ( -1.000000000000000000, 0.000000000000000000, 0.000000000000000000 ) ) ;
#7449 = AXIS2_PLACEMENT_3D ( 'NONE', #6280, #717, #3044 ) ;
#7450 = ORIENTED_EDGE ( 'NONE', *, *, #6811, .F. ) ;
#7451 = DIRECTION ( 'NONE',  ( -1.000000000000000000, -0.000000000000000000, -0.000000000000000000 ) ) ;
#7452 = AXIS2_PLACEMENT_3D ( 'NONE', #9317, #8665, #1646 ) ;
#7453 = CARTESIAN_POINT ( 'NONE',  ( 655.5503988948139522, 878.0138134789452806, 1388.224160490111444 ) ) ;
#7454 = CARTESIAN_POINT ( 'NONE',  ( 676.5503988948140659, 876.1904838458079894, 1400.724160490111217 ) ) ;
#7455 = ORIENTED_EDGE ( 'NONE', *, *, #8227, .F. ) ;
#7456 = EDGE_LOOP ( 'NONE', ( #9506, #4223, #5515, #3360 ) ) ;
#7457 = LINE ( 'NONE', #3657, #2332 ) ;
#7458 = ORIENTED_EDGE ( 'NONE', *, *, #3645, .F. ) ;
#7459 = CARTESIAN_POINT ( 'NONE',  ( 667.5503988948173628, 907.9481165441617350, 1281.724160490111444 ) ) ;
#7460 = LINE ( 'NONE', #5346, #4280 ) ;
#7461 = LINE ( 'NONE', #9771, #4425 ) ;
#7462 = CARTESIAN_POINT ( 'NONE',  ( 701.3263610149905389, 921.1108514035246344, 1378.749943081988249 ) ) ;
#7463 = DIRECTION ( 'NONE',  ( 1.000000000000000000, 0.000000000000000000, -0.000000000000000000 ) ) ;
#7464 = DIRECTION ( 'NONE',  ( 1.193489751472043754E-14, 1.000000000000000000, -0.000000000000000000 ) ) ;
#7465 = CARTESIAN_POINT ( 'NONE',  ( 671.5503988948173628, 937.9481165441617350, 1283.224160490111672 ) ) ;
#7466 = VECTOR ( 'NONE', #9137, 1000.000000000000000 ) ;
#7467 = FACE_BOUND ( 'NONE', #3430, .T. ) ;
#7468 = ORIENTED_EDGE ( 'NONE', *, *, #8056, .F. ) ;
#7469 = VERTEX_POINT ( 'NONE', #4517 ) ;
#7470 = EDGE_LOOP ( 'NONE', ( #8741, #7616, #568, #1721 ) ) ;
#7471 = CARTESIAN_POINT ( 'NONE',  ( 688.7636023304106629, 886.7349131085616136, 1390.724160490111444 ) ) ;
#7472 = CIRCLE ( 'NONE', #6038, 1.600000000000045830 ) ;
#7473 = DIRECTION ( 'NONE',  ( -0.000000000000000000, 0.000000000000000000, -1.000000000000000000 ) ) ;
#7474 = ADVANCED_FACE ( 'NONE', ( #6724 ), #9043, .F. ) ;
#7475 = CARTESIAN_POINT ( 'NONE',  ( 634.8635436461468089, 920.2963740372930488, 1377.771683838874424 ) ) ;
#7476 = DIRECTION ( 'NONE',  ( -1.000000000000000000, 0.000000000000000000, 0.000000000000000000 ) ) ;
#7477 = ORIENTED_EDGE ( 'NONE', *, *, #9472, .F. ) ;
#7478 = CARTESIAN_POINT ( 'NONE',  ( 661.5503988948173628, 888.9481165441617350, 1377.224160490111444 ) ) ;
#7479 = EDGE_CURVE ( 'NONE', #1891, #7279, #8200, .T. ) ;
#7480 = CYLINDRICAL_SURFACE ( 'NONE', #2342, 36.25000000000000711 ) ;
#7481 = EDGE_LOOP ( 'NONE', ( #6852, #6290, #3183, #1630 ) ) ;
#7482 = ORIENTED_EDGE ( 'NONE', *, *, #9643, .T. ) ;
#7483 = EDGE_CURVE ( 'NONE', #7135, #8951, #808, .T. ) ;
#7484 = AXIS2_PLACEMENT_3D ( 'NONE', #3010, #1456, #6755 ) ;
#7485 = ADVANCED_FACE ( 'NONE', ( #2325 ), #8428, .F. ) ;
#7486 = VERTEX_POINT ( 'NONE', #5220 ) ;
#7487 = CARTESIAN_POINT ( 'NONE',  ( 699.3693143602454256, 895.2743297732081373, 1388.639593400945614 ) ) ;
#7488 = DIRECTION ( 'NONE',  ( -1.000000000000000000, 0.000000000000000000, 0.000000000000000000 ) ) ;
#7489 = CARTESIAN_POINT ( 'NONE',  ( 680.0503988948173628, 920.4481165441617350, 1378.224160490111444 ) ) ;
#7490 = ADVANCED_FACE ( 'NONE', ( #8278 ), #4469, .F. ) ;
#7491 = CIRCLE ( 'NONE', #3503, 0.9999999999998898659 ) ;
#7492 = LINE ( 'NONE', #5324, #838 ) ;
#7493 = VERTEX_POINT ( 'NONE', #5470 ) ;
#7494 = FACE_OUTER_BOUND ( 'NONE', #8694, .T. ) ;
#7495 = FACE_OUTER_BOUND ( 'NONE', #7838, .T. ) ;
#7496 = VECTOR ( 'NONE', #7502, 1000.000000000000000 ) ;
#7497 = EDGE_CURVE ( 'NONE', #3647, #6193, #4017, .T. ) ;
#7498 = DIRECTION ( 'NONE',  ( 0.000000000000000000, 0.000000000000000000, -1.000000000000000000 ) ) ;
#7499 = ORIENTED_EDGE ( 'NONE', *, *, #6251, .F. ) ;
#7500 = EDGE_CURVE ( 'NONE', #2854, #3875, #7917, .T. ) ;
#7501 = DIRECTION ( 'NONE',  ( -0.000000000000000000, -0.000000000000000000, 1.000000000000000000 ) ) ;
#7502 = DIRECTION ( 'NONE',  ( 0.000000000000000000, 0.000000000000000000, -1.000000000000000000 ) ) ;
#7503 = CIRCLE ( 'NONE', #1432, 34.25000000000022737 ) ;
#7504 = EDGE_CURVE ( 'NONE', #126, #3526, #9803, .T. ) ;
#7505 = DIRECTION ( 'NONE',  ( 1.387778780781469341E-16, 1.000000000000000000, -0.000000000000000000 ) ) ;
#7506 = ORIENTED_EDGE ( 'NONE', *, *, #9929, .T. ) ;
#7507 = EDGE_LOOP ( 'NONE', ( #230, #5077, #3250, #5927, #8988 ) ) ;
#7508 = DIRECTION ( 'NONE',  ( 0.9678837029207195686, -3.465477840158064112E-15, 0.2513983643949903035 ) ) ;
#7509 = CARTESIAN_POINT ( 'NONE',  ( 654.0503988948173628, 880.9013780744462565, 1289.224160490111444 ) ) ;
#7510 = DIRECTION ( 'NONE',  ( -0.000000000000000000, -0.000000000000000000, -1.000000000000000000 ) ) ;
#7511 = ORIENTED_EDGE ( 'NONE', *, *, #6752, .T. ) ;
#7512 = FACE_OUTER_BOUND ( 'NONE', #670, .T. ) ;
#7513 = CARTESIAN_POINT ( 'NONE',  ( 701.4960886790989889, 920.6669915964572510, 1379.030573962591689 ) ) ;
#7514 = ADVANCED_FACE ( 'NONE', ( #4112, #5523 ), #858, .F. ) ;
#7515 = DIRECTION ( 'NONE',  ( -0.2513983643950108982, 0.000000000000000000, 0.9678837029207143505 ) ) ;
#7516 = CARTESIAN_POINT ( 'NONE',  ( 646.3371954592226984, 929.1613199797616289, 1388.224160490111444 ) ) ;
#7517 = DIRECTION ( 'NONE',  ( 9.592309208190295504E-17, 1.000000000000000000, 0.000000000000000000 ) ) ;
#7518 = CARTESIAN_POINT ( 'NONE',  ( 667.5503988948173628, 907.9481165441617350, 1379.224160490111444 ) ) ;
#7519 = ORIENTED_EDGE ( 'NONE', *, *, #7897, .T. ) ;
#7520 = ORIENTED_EDGE ( 'NONE', *, *, #5832, .F. ) ;
#7521 = VERTEX_POINT ( 'NONE', #8529 ) ;
#7522 = CARTESIAN_POINT ( 'NONE',  ( 651.5503988948173628, 910.4481165441617350, 1289.224160490111444 ) ) ;
#7523 = CARTESIAN_POINT ( 'NONE',  ( 667.5503988948141796, 907.9481165441579833, 1390.724160490111444 ) ) ;
#7524 = LINE ( 'NONE', #9741, #6987 ) ;
#7525 = DIRECTION ( 'NONE',  ( 1.000000000000000000, 0.000000000000000000, 0.000000000000000000 ) ) ;
#7526 = ORIENTED_EDGE ( 'NONE', *, *, #8978, .T. ) ;
#7527 = DIRECTION ( 'NONE',  ( 0.000000000000000000, 0.000000000000000000, 1.000000000000000000 ) ) ;
#7528 = CARTESIAN_POINT ( 'NONE',  ( 654.8062128483022661, 876.1574225911800795, 1388.224160490111444 ) ) ;
#7529 = ORIENTED_EDGE ( 'NONE', *, *, #4354, .F. ) ;
#7530 = ORIENTED_EDGE ( 'NONE', *, *, #6077, .F. ) ;
#7531 = VERTEX_POINT ( 'NONE', #1014 ) ;
#7532 = CARTESIAN_POINT ( 'NONE',  ( 657.5503988948192955, 940.7057492425150258, 1397.724160490111217 ) ) ;
#7533 = CARTESIAN_POINT ( 'NONE',  ( 666.8503988948174310, 888.9481165441617350, 1290.824160490111353 ) ) ;
#7534 = AXIS2_PLACEMENT_3D ( 'NONE', #8457, #9029, #4406 ) ;
#7535 = CARTESIAN_POINT ( 'NONE',  ( 680.0503988948173628, 941.9747605162021955, 1377.224160490111444 ) ) ;
#7536 = EDGE_CURVE ( 'NONE', #1251, #9927, #8690, .T. ) ;
#7537 = DIRECTION ( 'NONE',  ( 4.968248035197575518E-15, 1.000000000000000000, -0.000000000000000000 ) ) ;
#7538 = ORIENTED_EDGE ( 'NONE', *, *, #7428, .T. ) ;
#7539 = CARTESIAN_POINT ( 'NONE',  ( 657.5503988948141796, 876.1904838458081031, 1394.724160490111444 ) ) ;
#7540 = DIRECTION ( 'NONE',  ( 1.110223024625180206E-16, 1.000000000000000000, 0.000000000000000000 ) ) ;
#7541 = VECTOR ( 'NONE', #9368, 1000.000000000000000 ) ;
#7542 = AXIS2_PLACEMENT_3D ( 'NONE', #8344, #7584, #824 ) ;
#7543 = ORIENTED_EDGE ( 'NONE', *, *, #4551, .T. ) ;
#7544 = ADVANCED_FACE ( 'NONE', ( #160 ), #3232, .F. ) ;
#7545 = AXIS2_PLACEMENT_3D ( 'NONE', #4188, #4746, #8760 ) ;
#7546 = DIRECTION ( 'NONE',  ( 1.893515102561680783E-15, 1.000000000000000000, 0.000000000000000000 ) ) ;
#7547 = DIRECTION ( 'NONE',  ( 1.000000000000000000, 2.220446049250311061E-13, 0.000000000000000000 ) ) ;
#7548 = EDGE_CURVE ( 'NONE', #1777, #2715, #39, .T. ) ;
#7549 = CARTESIAN_POINT ( 'NONE',  ( 703.8003988948173628, 924.9481165441617350, 1281.724160490111444 ) ) ;
#7550 = EDGE_LOOP ( 'NONE', ( #7240, #7378, #8392, #2594, #6380 ) ) ;
#7551 = VERTEX_POINT ( 'NONE', #4065 ) ;
#7552 = CIRCLE ( 'NONE', #3252, 2.499999999999946709 ) ;
#7553 = EDGE_CURVE ( 'NONE', #3965, #6066, #6273, .T. ) ;
#7554 = CARTESIAN_POINT ( 'NONE',  ( 657.5503988948192955, 937.1981165441651456, 1400.724160490111217 ) ) ;
#7555 = CARTESIAN_POINT ( 'NONE',  ( 656.0503988948174765, 924.9481165441617350, 1377.224160490111444 ) ) ;
#7556 = DIRECTION ( 'NONE',  ( 1.110223024625180206E-16, 1.000000000000000000, 0.000000000000000000 ) ) ;
#7557 = ADVANCED_FACE ( 'NONE', ( #6969 ), #3281, .F. ) ;
#7558 = ORIENTED_EDGE ( 'NONE', *, *, #8292, .F. ) ;
#7559 = DIRECTION ( 'NONE',  ( 0.000000000000000000, 0.000000000000000000, 1.000000000000000000 ) ) ;
#7560 = CIRCLE ( 'NONE', #4516, 2.499999999999946709 ) ;
#7561 = CARTESIAN_POINT ( 'NONE',  ( 700.1128389139560113, 920.4481165441617350, 1377.224160490111444 ) ) ;
#7562 = CARTESIAN_POINT ( 'NONE',  ( 638.0564049364244283, 924.8807406798543980, 1388.224160490111217 ) ) ;
#7563 = CARTESIAN_POINT ( 'NONE',  ( 700.3080315931697442, 914.9481165441651456, 1397.724160490111217 ) ) ;
#7564 = DIRECTION ( 'NONE',  ( -0.000000000000000000, 1.000000000000000000, -0.000000000000000000 ) ) ;
#7565 = DIRECTION ( 'NONE',  ( 0.000000000000000000, 1.000000000000000000, 0.000000000000000000 ) ) ;
#7566 = ORIENTED_EDGE ( 'NONE', *, *, #9424, .T. ) ;
#7567 = ORIENTED_EDGE ( 'NONE', *, *, #9251, .T. ) ;
#7568 = ORIENTED_EDGE ( 'NONE', *, *, #1193, .T. ) ;
#7569 = AXIS2_PLACEMENT_3D ( 'NONE', #7851, #8465, #7655 ) ;
#7570 = CARTESIAN_POINT ( 'NONE',  ( 654.5060228412939978, 875.0217613521190287, 1378.122447233000003 ) ) ;
#7571 = DIRECTION ( 'NONE',  ( 1.000000000000000000, 0.000000000000000000, 0.000000000000000000 ) ) ;
#7572 = ORIENTED_EDGE ( 'NONE', *, *, #1602, .T. ) ;
#7573 = CARTESIAN_POINT ( 'NONE',  ( 686.2636023304156652, 936.0871450286239224, 1388.224160490111444 ) ) ;
#7574 = CARTESIAN_POINT ( 'NONE',  ( 655.0785363971007200, 940.5340278792335766, 1377.494870344335595 ) ) ;
#7575 = ORIENTED_EDGE ( 'NONE', *, *, #1250, .T. ) ;
#7576 = EDGE_LOOP ( 'NONE', ( #6172, #6107 ) ) ;
#7577 = ORIENTED_EDGE ( 'NONE', *, *, #8056, .T. ) ;
#7578 = AXIS2_PLACEMENT_3D ( 'NONE', #1713, #3377, #6473 ) ;
#7579 = DIRECTION ( 'NONE',  ( -1.000000000000000000, 0.000000000000000000, 0.000000000000000000 ) ) ;
#7580 = DIRECTION ( 'NONE',  ( 0.000000000000000000, 0.000000000000000000, -1.000000000000000000 ) ) ;
#7581 = DIRECTION ( 'NONE',  ( -1.000000000000000000, 0.000000000000000000, 0.000000000000000000 ) ) ;
#7582 = LINE ( 'NONE', #6836, #4193 ) ;
#7583 = ORIENTED_EDGE ( 'NONE', *, *, #3868, .T. ) ;
#7584 = DIRECTION ( 'NONE',  ( 0.000000000000000000, -1.000000000000000000, 0.000000000000000000 ) ) ;
#7585 = CARTESIAN_POINT ( 'NONE',  ( 699.4622038170991800, 920.3901882190426704, 1389.440084088966387 ) ) ;
#7586 = AXIS2_PLACEMENT_3D ( 'NONE', #4794, #3621, #9737 ) ;
#7587 = PLANE ( 'NONE',  #6869 ) ;
#7588 = ORIENTED_EDGE ( 'NONE', *, *, #3453, .F. ) ;
#7589 = VECTOR ( 'NONE', #8154, 1000.000000000000000 ) ;
#7590 = DIRECTION ( 'NONE',  ( -1.000000000000000000, 0.000000000000000000, 0.000000000000000000 ) ) ;
#7591 = FACE_OUTER_BOUND ( 'NONE', #2740, .T. ) ;
#7592 = ADVANCED_FACE ( 'NONE', ( #3971 ), #9387, .F. ) ;
#7593 = CARTESIAN_POINT ( 'NONE',  ( 697.7698976535351676, 893.5441081174875535, 1388.224160490111444 ) ) ;
#7594 = ORIENTED_EDGE ( 'NONE', *, *, #3917, .T. ) ;
#7595 = ORIENTED_EDGE ( 'NONE', *, *, #4739, .T. ) ;
#7596 = ADVANCED_FACE ( 'NONE', ( #1715 ), #7868, .F. ) ;
#7597 =( BOUNDED_SURFACE ( )  B_SPLINE_SURFACE ( 3, 2, ( 
 ( #1390, #5658, #2193 ),
 ( #6692, #4436, #2138 ),
 ( #8722, #8194, #7211 ),
 ( #9528, #2949, #9705 ),
 ( #1338, #1862, #5140 ),
 ( #1291, #625, #4904 ),
 ( #7903, #2849, #4337 ),
 ( #9755, #7955, #5937 ),
 ( #1105, #9009, #9481 ),
 ( #6642, #348, #1917 ) ),
 .UNSPECIFIED., .F., .F., .F. ) 
 B_SPLINE_SURFACE_WITH_KNOTS ( ( 4, 2, 2, 2, 4 ),
 ( 3, 3 ),
 ( 2.760329711163541422, 3.248344528468828152, 3.736359345774115326, 4.224374163079402500, 4.712388980384689674 ),
 ( 0.000000000000000000, 1.000000000000000000 ),
 .UNSPECIFIED. ) 
 GEOMETRIC_REPRESENTATION_ITEM ( )  RATIONAL_B_SPLINE_SURFACE ( (
 ( 1.000000000000000000, 0.7852855583897422331, 1.000000000000000000),
 ( 1.000000000000000000, 0.7901463764954351765, 1.000000000000000000),
 ( 1.000000000000000000, 0.7919370015600137869, 1.000000000000000000),
 ( 1.000000000000000000, 0.7891811224480536069, 1.000000000000000000),
 ( 1.000000000000000000, 0.7846180608899918640, 1.000000000000000000),
 ( 1.000000000000000000, 0.7698773865473896860, 1.000000000000000000),
 ( 1.000000000000000000, 0.7596996968894235147, 1.000000000000000000),
 ( 1.000000000000000000, 0.7355420884665703207, 1.000000000000000000),
 ( 1.000000000000000000, 0.7215803408557408538, 1.000000000000000000),
 ( 1.000000000000000000, 0.7071067811865475727, 1.000000000000000000) ) ) 
 REPRESENTATION_ITEM ( '' )  SURFACE ( )  );
#7598 = DIRECTION ( 'NONE',  ( 0.000000000000000000, 0.000000000000000000, -1.000000000000000000 ) ) ;
#7599 = CARTESIAN_POINT ( 'NONE',  ( 688.7636023304157789, 929.1613199797623110, 1388.224160490111444 ) ) ;
#7600 = DIRECTION ( 'NONE',  ( -4.968248035197575518E-15, -1.000000000000000000, 0.000000000000000000 ) ) ;
#7601 = EDGE_CURVE ( 'NONE', #5214, #2636, #7719, .T. ) ;
#7602 = EDGE_CURVE ( 'NONE', #675, #5917, #2581, .T. ) ;
#7603 = AXIS2_PLACEMENT_3D ( 'NONE', #957, #1655, #3268 ) ;
#7604 = EDGE_CURVE ( 'NONE', #3285, #774, #3099, .T. ) ;
#7605 = CARTESIAN_POINT ( 'NONE',  ( 667.5503988948173628, 923.9481165441617350, 1288.224160490111444 ) ) ;
#7606 = DIRECTION ( 'NONE',  ( -8.326672684688689830E-16, -1.000000000000000000, -0.000000000000000000 ) ) ;
#7607 = ADVANCED_FACE ( 'NONE', ( #308 ), #2478, .F. ) ;
#7608 = CARTESIAN_POINT ( 'NONE',  ( 700.1363102298892045, 920.4199790418784914, 1377.494870344335595 ) ) ;
#7609 = EDGE_CURVE ( 'NONE', #6512, #4662, #5420, .T. ) ;
#7610 = CARTESIAN_POINT ( 'NONE',  ( 686.2636023304156652, 936.0871450286239224, 1339.722160490111492 ) ) ;
#7611 = CARTESIAN_POINT ( 'NONE',  ( 667.5503988948173628, 907.9481165441617350, 1378.224160490111444 ) ) ;
#7612 = DIRECTION ( 'NONE',  ( 0.000000000000000000, -0.000000000000000000, -1.000000000000000000 ) ) ;
#7613 = CARTESIAN_POINT ( 'NONE',  ( 679.5503988948173628, 920.4481165441617350, 1292.224160490111444 ) ) ;
#7614 = ORIENTED_EDGE ( 'NONE', *, *, #3158, .F. ) ;
#7615 = EDGE_LOOP ( 'NONE', ( #2796, #3258, #8237, #2077 ) ) ;
#7616 = ORIENTED_EDGE ( 'NONE', *, *, #7987, .F. ) ;
#7617 = CARTESIAN_POINT ( 'NONE',  ( 696.8003988948141796, 900.9481165441579833, 1397.724160490111217 ) ) ;
#7618 = ADVANCED_FACE ( 'NONE', ( #4161 ), #3521, .F. ) ;
#7619 = AXIS2_PLACEMENT_3D ( 'NONE', #1404, #7367, #2207 ) ;
#7620 = TOROIDAL_SURFACE ( 'NONE', #7944, 35.25000000000000000, 1.000000000000000000 ) ;
#7621 = DIRECTION ( 'NONE',  ( 0.000000000000000000, 1.000000000000000000, 0.000000000000000000 ) ) ;
#7622 = ORIENTED_EDGE ( 'NONE', *, *, #4906, .F. ) ;
#7623 = CARTESIAN_POINT ( 'NONE',  ( 666.5503988948173628, 938.9481165441617350, 1282.224160490111444 ) ) ;
#7624 = CARTESIAN_POINT ( 'NONE',  ( 680.0573593660184315, 874.6315598131674278, 1377.359859259410086 ) ) ;
#7625 = ORIENTED_EDGE ( 'NONE', *, *, #2741, .F. ) ;
#7626 = ORIENTED_EDGE ( 'NONE', *, *, #981, .T. ) ;
#7627 = ORIENTED_EDGE ( 'NONE', *, *, #364, .F. ) ;
#7628 = AXIS2_PLACEMENT_3D ( 'NONE', #4019, #7075, #2529 ) ;
#7629 = LINE ( 'NONE', #2488, #4086 ) ;
#7630 = CARTESIAN_POINT ( 'NONE',  ( 686.2636023304107766, 886.7349131085616136, 1390.724160490111444 ) ) ;
#7631 = CARTESIAN_POINT ( 'NONE',  ( 661.5503988948173628, 888.9481165441617350, 1292.224160490111444 ) ) ;
#7632 = LINE ( 'NONE', #8341, #4840 ) ;
#7633 = VERTEX_POINT ( 'NONE', #2071 ) ;
#7634 = VECTOR ( 'NONE', #7235, 1000.000000000000000 ) ;
#7635 = CARTESIAN_POINT ( 'NONE',  ( 635.5975210862876565, 895.8489719366348254, 1388.674388814748227 ) ) ;
#7636 = CARTESIAN_POINT ( 'NONE',  ( 698.6642957683096711, 920.3202095674209886, 1388.456471688752572 ) ) ;
#7637 = AXIS2_PLACEMENT_3D ( 'NONE', #2725, #5062, #5760 ) ;
#7638 = ORIENTED_EDGE ( 'NONE', *, *, #4664, .F. ) ;
#7639 = DIRECTION ( 'NONE',  ( -0.000000000000000000, -0.000000000000000000, -1.000000000000000000 ) ) ;
#7640 = AXIS2_PLACEMENT_3D ( 'NONE', #366, #8890, #9549 ) ;
#7641 = ORIENTED_EDGE ( 'NONE', *, *, #2741, .T. ) ;
#7642 = CARTESIAN_POINT ( 'NONE',  ( 696.8003988948192955, 917.9802328412442876, 1388.745784350350050 ) ) ;
#7643 = CARTESIAN_POINT ( 'NONE',  ( 700.3080315931697442, 916.9481165441651456, 1394.724160490111444 ) ) ;
#7644 = AXIS2_PLACEMENT_3D ( 'NONE', #6865, #6157, #8370 ) ;
#7645 = CARTESIAN_POINT ( 'NONE',  ( 648.8371954592229258, 929.1613199797617426, 1339.722160490111492 ) ) ;
#7646 = VECTOR ( 'NONE', #5506, 1000.000000000000000 ) ;
#7647 = ORIENTED_EDGE ( 'NONE', *, *, #4514, .T. ) ;
#7648 = EDGE_CURVE ( 'NONE', #9562, #5037, #4315, .T. ) ;
#7649 = ORIENTED_EDGE ( 'NONE', *, *, #9, .T. ) ;
#7650 = CARTESIAN_POINT ( 'NONE',  ( 651.5503988948173628, 909.4481165441617350, 1288.224160490111444 ) ) ;
#7651 = CARTESIAN_POINT ( 'NONE',  ( 701.0365960776194925, 921.8310952675660701, 1377.363128475863505 ) ) ;
#7652 = CIRCLE ( 'NONE', #3353, 0.9999999999998898659 ) ;
#7653 = DIRECTION ( 'NONE',  ( 1.110223024625180206E-16, 1.000000000000000000, 0.000000000000000000 ) ) ;
#7654 = VECTOR ( 'NONE', #3046, 1000.000000000000000 ) ;
#7655 = DIRECTION ( 'NONE',  ( 0.000000000000000000, -1.000000000000000000, 0.000000000000000000 ) ) ;
#7656 = DIRECTION ( 'NONE',  ( 0.000000000000000000, -0.000000000000000000, -1.000000000000000000 ) ) ;
#7657 = ADVANCED_FACE ( 'NONE', ( #357 ), #550, .T. ) ;
#7658 = CARTESIAN_POINT ( 'NONE',  ( 636.4365020213238040, 895.5760235209022539, 1388.456471688752799 ) ) ;
#7659 = VECTOR ( 'NONE', #8719, 1000.000000000000000 ) ;
#7660 = FACE_OUTER_BOUND ( 'NONE', #9694, .T. ) ;
#7661 = DIRECTION ( 'NONE',  ( 0.000000000000000000, 0.000000000000000000, -1.000000000000000000 ) ) ;
#7662 = DIRECTION ( 'NONE',  ( 1.000000000000000000, -8.049116928532400695E-16, 0.000000000000000000 ) ) ;
#7663 = ORIENTED_EDGE ( 'NONE', *, *, #8791, .T. ) ;
#7664 = EDGE_LOOP ( 'NONE', ( #1319, #9512, #2903, #682, #9660, #3731, #1933, #9229 ) ) ;
#7665 = VECTOR ( 'NONE', #3406, 1000.000000000000114 ) ;
#7666 = EDGE_LOOP ( 'NONE', ( #1570, #6796, #2690, #9516 ) ) ;
#7667 = EDGE_CURVE ( 'NONE', #7395, #1826, #6281, .T. ) ;
#7668 = CARTESIAN_POINT ( 'NONE',  ( 655.5503988948173628, 897.9481165441617350, 1298.224160490111444 ) ) ;
#7669 = PLANE ( 'NONE',  #1230 ) ;
#7670 = DIRECTION ( 'NONE',  ( -0.000000000000000000, 1.000000000000000000, -0.000000000000000000 ) ) ;
#7671 = EDGE_LOOP ( 'NONE', ( #1260, #1299, #3988, #7184, #7588, #9283, #6064 ) ) ;
#7672 = LINE ( 'NONE', #811, #3011 ) ;
#7673 = CARTESIAN_POINT ( 'NONE',  ( 680.0503988948173628, 874.6267645329346578, 1377.292638412025099 ) ) ;
#7674 = ADVANCED_FACE ( 'NONE', ( #6524 ), #1213, .F. ) ;
#7675 = ORIENTED_EDGE ( 'NONE', *, *, #4678, .T. ) ;
#7676 = EDGE_LOOP ( 'NONE', ( #8873, #879, #8270, #1340 ) ) ;
#7677 = ADVANCED_FACE ( 'NONE', ( #6476 ), #5067, .F. ) ;
#7678 = ORIENTED_EDGE ( 'NONE', *, *, #816, .T. ) ;
#7679 = EDGE_CURVE ( 'NONE', #9494, #3940, #4153, .T. ) ;
#7680 =( NAMED_UNIT ( * ) PLANE_ANGLE_UNIT ( ) SI_UNIT ( $, .RADIAN. ) );
#7681 = DIRECTION ( 'NONE',  ( 0.000000000000000000, 1.000000000000000000, 0.000000000000000000 ) ) ;
#7682 = LINE ( 'NONE', #7535, #6688 ) ;
#7683 = CARTESIAN_POINT ( 'NONE',  ( 667.9501325620076386, 936.4484006325196788, 1285.449566899290630 ) ) ;
#7684 = ORIENTED_EDGE ( 'NONE', *, *, #378, .T. ) ;
#7685 = CARTESIAN_POINT ( 'NONE',  ( 638.3003988948192955, 907.9481165441651456, 1399.324160490111353 ) ) ;
#7686 = DIRECTION ( 'NONE',  ( -1.000000000000000000, -2.157259365049192566E-15, 0.000000000000000000 ) ) ;
#7687 = CARTESIAN_POINT ( 'NONE',  ( 681.4333776182216980, 941.4343137269638646, 1377.224160490111444 ) ) ;
#7688 = EDGE_LOOP ( 'NONE', ( #9652, #421, #3542, #324 ) ) ;
#7689 = ORIENTED_EDGE ( 'NONE', *, *, #1444, .T. ) ;
#7690 = ORIENTED_EDGE ( 'NONE', *, *, #1198, .F. ) ;
#7691 = CARTESIAN_POINT ( 'NONE',  ( 655.0503988948174765, 880.9013780744462565, 1378.224160490111444 ) ) ;
#7692 = CARTESIAN_POINT ( 'NONE',  ( 697.7698976535351676, 893.5441081174875535, 1388.224160490111444 ) ) ;
#7693 = DIRECTION ( 'NONE',  ( 0.000000000000000000, 0.000000000000000000, -1.000000000000000000 ) ) ;
#7694 = VERTEX_POINT ( 'NONE', #7273 ) ;
#7695 = VECTOR ( 'NONE', #9171, 1000.000000000000000 ) ;
#7696 = FACE_OUTER_BOUND ( 'NONE', #8796, .T. ) ;
#7697 = VERTEX_POINT ( 'NONE', #5670 ) ;
#7698 = AXIS2_PLACEMENT_3D ( 'NONE', #8616, #4143, #2710 ) ;
#7699 = DIRECTION ( 'NONE',  ( 0.000000000000000000, 1.000000000000000000, -0.000000000000000000 ) ) ;
#7700 = CARTESIAN_POINT ( 'NONE',  ( 656.2503988948174083, 888.9481165441617350, 1288.224160490111444 ) ) ;
#7701 = CARTESIAN_POINT ( 'NONE',  ( 688.7636023304157789, 926.6613199797621974, 1388.224160490111444 ) ) ;
#7702 = DIRECTION ( 'NONE',  ( 0.000000000000000000, 0.000000000000000000, -1.000000000000000000 ) ) ;
#7703 = FACE_OUTER_BOUND ( 'NONE', #8552, .T. ) ;
#7704 = DIRECTION ( 'NONE',  ( -0.000000000000000000, -0.000000000000000000, 1.000000000000000000 ) ) ;
#7705 = VECTOR ( 'NONE', #834, 1000.000000000000000 ) ;
#7706 = DIRECTION ( 'NONE',  ( -0.000000000000000000, -0.000000000000000000, 1.000000000000000000 ) ) ;
#7707 = CARTESIAN_POINT ( 'NONE',  ( 654.5049736818284600, 941.7696088993658350, 1378.839930262186499 ) ) ;
#7708 = FACE_OUTER_BOUND ( 'NONE', #7124, .T. ) ;
#7709 = PLANE ( 'NONE',  #2638 ) ;
#7710 = CARTESIAN_POINT ( 'NONE',  ( 666.3503988948174310, 877.9481165441617350, 1284.724160490111444 ) ) ;
#7711 = VERTEX_POINT ( 'NONE', #409 ) ;
#7712 = ORIENTED_EDGE ( 'NONE', *, *, #3677, .T. ) ;
#7713 = VECTOR ( 'NONE', #5030, 1000.000000000000000 ) ;
#7714 = VERTEX_POINT ( 'NONE', #7322 ) ;
#7715 = DIRECTION ( 'NONE',  ( 5.871544693673103510E-15, -1.000000000000000000, 0.000000000000000000 ) ) ;
#7716 = EDGE_CURVE ( 'NONE', #1283, #5892, #5011, .T. ) ;
#7717 = DIRECTION ( 'NONE',  ( -1.000000000000000000, 0.000000000000000000, 0.000000000000000000 ) ) ;
#7718 = AXIS2_PLACEMENT_3D ( 'NONE', #5117, #9540, #6423 ) ;
#7719 = LINE ( 'NONE', #9290, #6112 ) ;
#7720 = ORIENTED_EDGE ( 'NONE', *, *, #2297, .F. ) ;
#7721 = DIRECTION ( 'NONE',  ( 1.000000000000000000, 0.000000000000000000, 0.000000000000000000 ) ) ;
#7722 = DIRECTION ( 'NONE',  ( -1.000000000000000000, 1.084202172485504434E-16, -0.000000000000000000 ) ) ;
#7723 = ORIENTED_EDGE ( 'NONE', *, *, #2972, .T. ) ;
#7724 = VERTEX_POINT ( 'NONE', #459 ) ;
#7725 = EDGE_LOOP ( 'NONE', ( #9358, #6965 ) ) ;
#7726 = EDGE_CURVE ( 'NONE', #279, #4592, #5173, .T. ) ;
#7727 = EDGE_CURVE ( 'NONE', #5037, #2889, #1874, .T. ) ;
#7728 = PLANE ( 'NONE',  #778 ) ;
#7729 = LINE ( 'NONE', #870, #3811 ) ;
#7730 = CARTESIAN_POINT ( 'NONE',  ( 698.5740485500648447, 922.6057139634066289, 1389.230940108029017 ) ) ;
#7731 = ORIENTED_EDGE ( 'NONE', *, *, #3071, .F. ) ;
#7732 = CARTESIAN_POINT ( 'NONE',  ( 700.1128389139558976, 920.4481165441617350, 1378.224160490111444 ) ) ;
#7733 = CARTESIAN_POINT ( 'NONE',  ( 637.8541301785757014, 897.4883474008631765, 1388.224160490111444 ) ) ;
#7734 = EDGE_CURVE ( 'NONE', #9089, #1836, #3565, .T. ) ;
#7735 = DIRECTION ( 'NONE',  ( -1.000000000000000000, -0.000000000000000000, -0.000000000000000000 ) ) ;
#7736 = ORIENTED_EDGE ( 'NONE', *, *, #6007, .T. ) ;
#7737 = VECTOR ( 'NONE', #5451, 1000.000000000000000 ) ;
#7738 = VECTOR ( 'NONE', #1281, 1000.000000000000000 ) ;
#7739 = ORIENTED_EDGE ( 'NONE', *, *, #4479, .T. ) ;
#7740 = ORIENTED_EDGE ( 'NONE', *, *, #950, .T. ) ;
#7741 = CARTESIAN_POINT ( 'NONE',  ( 696.8003988948192955, 918.0268046107945565, 1388.560533465116578 ) ) ;
#7742 = CARTESIAN_POINT ( 'NONE',  ( 679.9018085383656853, 942.0299703730637475, 1379.174679219192285 ) ) ;
#7743 = CIRCLE ( 'NONE', #3441, 3.000000000000002665 ) ;
#7744 = DIRECTION ( 'NONE',  ( -1.000000000000000000, 0.000000000000000000, 0.000000000000000000 ) ) ;
#7745 = VERTEX_POINT ( 'NONE', #1115 ) ;
#7746 = VERTEX_POINT ( 'NONE', #1312 ) ;
#7747 = FACE_OUTER_BOUND ( 'NONE', #9080, .T. ) ;
#7748 = CARTESIAN_POINT ( 'NONE',  ( 638.5650838393994491, 926.1940479026364983, 1390.724160490111444 ) ) ;
#7749 = DIRECTION ( 'NONE',  ( 0.000000000000000000, 0.000000000000000000, -1.000000000000000000 ) ) ;
#7750 = VECTOR ( 'NONE', #4642, 1000.000000000000000 ) ;
#7751 = AXIS2_PLACEMENT_3D ( 'NONE', #7471, #6720, #6871 ) ;
#7752 = DIRECTION ( 'NONE',  ( -1.000000000000000000, 0.000000000000000000, 0.000000000000000000 ) ) ;
#7753 = DIRECTION ( 'NONE',  ( 0.000000000000000000, 0.000000000000000000, -1.000000000000000000 ) ) ;
#7754 = CYLINDRICAL_SURFACE ( 'NONE', #9731, 0.9999999999998898659 ) ;
#7755 = CIRCLE ( 'NONE', #8248, 0.8701425580486255029 ) ;
#7756 = CARTESIAN_POINT ( 'NONE',  ( 700.3080315931697442, 907.9481165441650319, 1374.668558774804069 ) ) ;
#7757 = CARTESIAN_POINT ( 'NONE',  ( 696.7672879843496503, 925.4800923279957487, 1388.224160490111217 ) ) ;
#7758 = CARTESIAN_POINT ( 'NONE',  ( 634.9879588730142359, 920.4481165441617350, 1377.292540197815924 ) ) ;
#7759 = CARTESIAN_POINT ( 'NONE',  ( 657.5503988948173628, 923.9481165441617350, 1292.224160490111444 ) ) ;
#7760 = ORIENTED_EDGE ( 'NONE', *, *, #9649, .F. ) ;
#7761 = VERTEX_POINT ( 'NONE', #6613 ) ;
#7762 = ORIENTED_EDGE ( 'NONE', *, *, #6166, .F. ) ;
#7763 = CARTESIAN_POINT ( 'NONE',  ( 699.5079818795450137, 895.8377238935362357, 1389.446029291908189 ) ) ;
#7764 = AXIS2_PLACEMENT_3D ( 'NONE', #7204, #1849, #6629 ) ;
#7765 = DIRECTION ( 'NONE',  ( 1.000000000000000000, 0.000000000000000000, 0.000000000000000000 ) ) ;
#7766 = CARTESIAN_POINT ( 'NONE',  ( 637.6160958296067065, 919.9481165441651456, 1394.724160490111444 ) ) ;
#7767 = ORIENTED_EDGE ( 'NONE', *, *, #1064, .T. ) ;
#7768 = CARTESIAN_POINT ( 'NONE',  ( 635.7927661964637309, 897.9481165441580970, 1394.724160490111444 ) ) ;
#7769 = CARTESIAN_POINT ( 'NONE',  ( 680.5514270823429115, 874.1094876650829519, 1379.035431338976196 ) ) ;
#7770 = ORIENTED_EDGE ( 'NONE', *, *, #9083, .T. ) ;
#7771 = ORIENTED_EDGE ( 'NONE', *, *, #4247, .F. ) ;
#7772 = ORIENTED_EDGE ( 'NONE', *, *, #823, .T. ) ;
#7773 = EDGE_CURVE ( 'NONE', #361, #2044, #9680, .T. ) ;
#7774 = DIRECTION ( 'NONE',  ( -1.000000000000000000, 0.000000000000000000, 0.000000000000000000 ) ) ;
#7775 = PLANE ( 'NONE',  #4305 ) ;
#7776 = DIRECTION ( 'NONE',  ( 1.000000000000000000, 0.000000000000000000, 0.000000000000000000 ) ) ;
#7777 = EDGE_CURVE ( 'NONE', #5687, #6023, #8832, .T. ) ;
#7778 = CARTESIAN_POINT ( 'NONE',  ( 697.7338201875327286, 918.8137388290108447, 1388.224160490111444 ) ) ;
#7779 = ORIENTED_EDGE ( 'NONE', *, *, #132, .T. ) ;
#7780 = CARTESIAN_POINT ( 'NONE',  ( 682.5503988948173628, 909.4481165441617350, 1281.724160490111444 ) ) ;
#7781 = CARTESIAN_POINT ( 'NONE',  ( 680.0176523704286637, 882.6891523740937373, 1288.224160490111444 ) ) ;
#7782 = EDGE_CURVE ( 'NONE', #4069, #8889, #7875, .T. ) ;
#7783 = AXIS2_PLACEMENT_3D ( 'NONE', #6507, #9473, #996 ) ;
#7784 = DIRECTION ( 'NONE',  ( 0.000000000000000000, -1.000000000000000000, 0.000000000000000000 ) ) ;
#7785 = VERTEX_POINT ( 'NONE', #3715 ) ;
#7786 = ORIENTED_EDGE ( 'NONE', *, *, #4010, .F. ) ;
#7787 = ORIENTED_EDGE ( 'NONE', *, *, #2341, .T. ) ;
#7788 = EDGE_CURVE ( 'NONE', #7714, #9089, #3567, .T. ) ;
#7789 = DIRECTION ( 'NONE',  ( -0.000000000000000000, 1.000000000000000000, -0.000000000000000000 ) ) ;
#7790 = EDGE_CURVE ( 'NONE', #5673, #7029, #5354, .T. ) ;
#7791 = CARTESIAN_POINT ( 'NONE',  ( 679.8219667776379538, 942.0611151076927854, 1377.965494099281614 ) ) ;
#7792 = AXIS2_PLACEMENT_3D ( 'NONE', #6920, #9046, #55 ) ;
#7793 = DIRECTION ( 'NONE',  ( -1.000000000000000000, -2.871417490858054344E-15, 0.000000000000000000 ) ) ;
#7794 = ORIENTED_EDGE ( 'NONE', *, *, #89, .T. ) ;
#7795 = EDGE_CURVE ( 'NONE', #5632, #5263, #2285, .T. ) ;
#7796 = SPHERICAL_SURFACE ( 'NONE', #7698, 1.000000000000000000 ) ;
#7797 = EDGE_LOOP ( 'NONE', ( #4059, #9146, #4353, #4494 ) ) ;
#7798 = CARTESIAN_POINT ( 'NONE',  ( 656.0503988948174765, 874.6267645307755174, 1377.224160490111444 ) ) ;
#7799 = CARTESIAN_POINT ( 'NONE',  ( 669.5503988948173628, 935.9481165441617350, 1285.224160490111672 ) ) ;
#7800 = CARTESIAN_POINT ( 'NONE',  ( 651.5503988948173628, 910.4481165441617350, 1289.224160490111444 ) ) ;
#7801 = ADVANCED_FACE ( 'NONE', ( #5257 ), #695, .T. ) ;
#7802 = VECTOR ( 'NONE', #7073, 1000.000000000000000 ) ;
#7803 = CIRCLE ( 'NONE', #2707, 0.9999999999998898659 ) ;
#7804 = CARTESIAN_POINT ( 'NONE',  ( 638.4472233276410407, 907.9481165441651456, 1388.224160490111444 ) ) ;
#7805 = DIRECTION ( 'NONE',  ( 0.000000000000000000, -1.000000000000000000, -0.000000000000000000 ) ) ;
#7806 = ADVANCED_FACE ( 'NONE', ( #4407 ), #8581, .F. ) ;
#7807 = AXIS2_PLACEMENT_3D ( 'NONE', #4884, #8851, #8033 ) ;
#7808 = CIRCLE ( 'NONE', #4779, 0.8000000000000229150 ) ;
#7809 = DIRECTION ( 'NONE',  ( -0.000000000000000000, 0.000000000000000000, -1.000000000000000000 ) ) ;
#7810 = CARTESIAN_POINT ( 'NONE',  ( 646.3371954592175825, 886.7349131085608178, 1380.724160490111217 ) ) ;
#7811 = LINE ( 'NONE', #3267, #1173 ) ;
#7812 = CARTESIAN_POINT ( 'NONE',  ( 685.7963302532907619, 936.9334315995851057, 1394.724160490111444 ) ) ;
#7813 = DIRECTION ( 'NONE',  ( 0.000000000000000000, 1.000000000000000000, 0.000000000000000000 ) ) ;
#7814 = AXIS2_PLACEMENT_3D ( 'NONE', #5744, #2039, #1897 ) ;
#7815 = CARTESIAN_POINT ( 'NONE',  ( 738.3003988948194092, 907.9481165441648045, 1397.724160490111217 ) ) ;
#7816 = VERTEX_POINT ( 'NONE', #6058 ) ;
#7817 = EDGE_LOOP ( 'NONE', ( #2700, #5566, #6945, #3920, #3619, #4041, #5582 ) ) ;
#7818 = ORIENTED_EDGE ( 'NONE', *, *, #2918, .T. ) ;
#7819 = DIRECTION ( 'NONE',  ( -1.000000000000000000, -5.871544693673103510E-15, 0.000000000000000000 ) ) ;
#7820 = CARTESIAN_POINT ( 'NONE',  ( 667.5503988948173628, 907.9481165441617350, 1378.224160490111444 ) ) ;
#7821 = LINE ( 'NONE', #2427, #3789 ) ;
#7822 = DIRECTION ( 'NONE',  ( 0.9678837029207192355, -2.991747158106287597E-15, -0.2513983643949918578 ) ) ;
#7823 = CARTESIAN_POINT ( 'NONE',  ( 672.5503988948173628, 923.9481165441617350, 1283.224160490111672 ) ) ;
#7824 = CIRCLE ( 'NONE', #1761, 2.000000000000001776 ) ;
#7825 = CARTESIAN_POINT ( 'NONE',  ( 680.1036183765792202, 873.9409143321432794, 1378.755507389162858 ) ) ;
#7826 = ORIENTED_EDGE ( 'NONE', *, *, #3050, .F. ) ;
#7827 = VERTEX_POINT ( 'NONE', #5208 ) ;
#7828 = EDGE_LOOP ( 'NONE', ( #5320, #5789 ) ) ;
#7829 = DIRECTION ( 'NONE',  ( 0.000000000000000000, -0.000000000000000000, 1.000000000000000000 ) ) ;
#7830 = DIRECTION ( 'NONE',  ( -0.2513983643949918578, -1.716515752902214054E-15, 0.9678837029207191245 ) ) ;
#7831 = CARTESIAN_POINT ( 'NONE',  ( 695.6894273792777312, 926.6613199797621974, 1388.716960580079558 ) ) ;
#7832 = ORIENTED_EDGE ( 'NONE', *, *, #6077, .T. ) ;
#7833 = DIRECTION ( 'NONE',  ( 0.000000000000000000, 1.000000000000000000, -0.000000000000000000 ) ) ;
#7834 = LINE ( 'NONE', #371, #6785 ) ;
#7835 = CARTESIAN_POINT ( 'NONE',  ( 680.2945849413255246, 876.1574225911800795, 1394.724160490111444 ) ) ;
#7836 = ORIENTED_EDGE ( 'NONE', *, *, #9692, .T. ) ;
#7837 = ORIENTED_EDGE ( 'NONE', *, *, #8565, .F. ) ;
#7838 = EDGE_LOOP ( 'NONE', ( #2988, #8521, #2711, #9791 ) ) ;
#7839 = CARTESIAN_POINT ( 'NONE',  ( 657.5503988948141796, 878.0138134789452806, 1400.724160490111217 ) ) ;
#7840 = LINE ( 'NONE', #6939, #4232 ) ;
#7841 = UNCERTAINTY_MEASURE_WITH_UNIT (LENGTH_MEASURE( 1.000000000000000082E-05 ), #3980, 'distance_accuracy_value', 'NONE');
#7842 = DIRECTION ( 'NONE',  ( 1.000000000000000000, 0.000000000000000000, 0.000000000000000000 ) ) ;
#7843 = LINE ( 'NONE', #8560, #4185 ) ;
#7844 = ORIENTED_EDGE ( 'NONE', *, *, #7667, .F. ) ;
#7845 = LINE ( 'NONE', #3306, #9307 ) ;
#7846 = ORIENTED_EDGE ( 'NONE', *, *, #7004, .F. ) ;
#7847 = CARTESIAN_POINT ( 'NONE',  ( 673.5503988948173628, 888.9481165441617350, 1378.224160490111444 ) ) ;
#7848 = EDGE_CURVE ( 'NONE', #3912, #3393, #9871, .T. ) ;
#7849 = LINE ( 'NONE', #4046, #9476 ) ;
#7850 = CARTESIAN_POINT ( 'NONE',  ( 667.5503988948167944, 907.9481165441650319, 1394.724160490111444 ) ) ;
#7851 = CARTESIAN_POINT ( 'NONE',  ( 699.3080315931637188, 900.9481165441580970, 1397.724160490111217 ) ) ;
#7852 = EDGE_CURVE ( 'NONE', #8784, #2502, #1328, .T. ) ;
#7853 = EDGE_CURVE ( 'NONE', #7234, #9684, #7560, .T. ) ;
#7854 = VECTOR ( 'NONE', #141, 1000.000000000000000 ) ;
#7855 = PLANE ( 'NONE',  #3822 ) ;
#7856 = DIRECTION ( 'NONE',  ( -1.000000000000000000, 0.000000000000000000, 0.000000000000000000 ) ) ;
#7857 = EDGE_CURVE ( 'NONE', #8221, #732, #205, .T. ) ;
#7858 = CARTESIAN_POINT ( 'NONE',  ( 654.8418015262965355, 941.8976512667339875, 1379.035250360575446 ) ) ;
#7859 = CARTESIAN_POINT ( 'NONE',  ( 697.7698976535403972, 922.5200827722243275, 1388.224160490111217 ) ) ;
#7860 = ORIENTED_EDGE ( 'NONE', *, *, #9759, .T. ) ;
#7861 = DIRECTION ( 'NONE',  ( 1.000000000000000000, 0.000000000000000000, 0.000000000000000000 ) ) ;
#7862 = EDGE_CURVE ( 'NONE', #6912, #2661, #2925, .T. ) ;
#7863 = VECTOR ( 'NONE', #122, 1000.000000000000000 ) ;
#7864 = ORIENTED_EDGE ( 'NONE', *, *, #6128, .F. ) ;
#7865 = CARTESIAN_POINT ( 'NONE',  ( 698.7477402841816456, 895.8929202188470526, 1388.478145588980624 ) ) ;
#7866 = CARTESIAN_POINT ( 'NONE',  ( 635.7927661964637309, 900.9481165441580970, 1397.724160490111217 ) ) ;
#7867 = CARTESIAN_POINT ( 'NONE',  ( 660.5503988948140659, 878.6981165441578696, 1400.724160490111217 ) ) ;
#7868 = CYLINDRICAL_SURFACE ( 'NONE', #3891, 0.9999999999998898659 ) ;
#7869 = CARTESIAN_POINT ( 'NONE',  ( 677.5503988948141796, 878.6981165441579833, 1400.724160490111217 ) ) ;
#7870 = AXIS2_PLACEMENT_3D ( 'NONE', #8647, #1781, #4832 ) ;
#7871 = CARTESIAN_POINT ( 'NONE',  ( 680.4555051835826589, 874.9173011438290359, 1378.030576785114363 ) ) ;
#7872 = VERTEX_POINT ( 'NONE', #6008 ) ;
#7873 = VERTEX_POINT ( 'NONE', #3810 ) ;
#7874 = ORIENTED_EDGE ( 'NONE', *, *, #9122, .F. ) ;
#7875 = CIRCLE ( 'NONE', #8523, 0.9999999999998898659 ) ;
#7876 = CARTESIAN_POINT ( 'NONE',  ( 697.7698976535396014, 944.1991165441655767, 1388.224160490111444 ) ) ;
#7877 = PLANE ( 'NONE',  #1573 ) ;
#7878 = ORIENTED_EDGE ( 'NONE', *, *, #1143, .T. ) ;
#7879 = CARTESIAN_POINT ( 'NONE',  ( 661.5503988948173628, 888.9481165441617350, 1292.224160490111444 ) ) ;
#7880 = DIRECTION ( 'NONE',  ( -0.000000000000000000, -0.000000000000000000, 1.000000000000000000 ) ) ;
#7881 = CARTESIAN_POINT ( 'NONE',  ( 698.4128974039147124, 920.3202095674209886, 1389.424355391673316 ) ) ;
#7882 = ORIENTED_EDGE ( 'NONE', *, *, #7862, .T. ) ;
#7883 = VERTEX_POINT ( 'NONE', #6861 ) ;
#7884 = ORIENTED_EDGE ( 'NONE', *, *, #8903, .T. ) ;
#7885 = CARTESIAN_POINT ( 'NONE',  ( 668.4058465805914011, 935.9481165441617350, 1284.106126501361587 ) ) ;
#7886 = LINE ( 'NONE', #1034, #4890 ) ;
#7887 = DIRECTION ( 'NONE',  ( 0.000000000000000000, 1.000000000000000000, 0.000000000000000000 ) ) ;
#7888 = CARTESIAN_POINT ( 'NONE',  ( 699.4847019600267686, 895.9481165441580970, 1394.724160490111444 ) ) ;
#7889 = VERTEX_POINT ( 'NONE', #645 ) ;
#7890 = CARTESIAN_POINT ( 'NONE',  ( 699.3410928477971993, 920.6923025906768316, 1394.724160490111444 ) ) ;
#7891 = VECTOR ( 'NONE', #5795, 1000.000000000000000 ) ;
#7892 = CIRCLE ( 'NONE', #3114, 2.000000000000001776 ) ;
#7893 = VERTEX_POINT ( 'NONE', #9074 ) ;
#7894 = CARTESIAN_POINT ( 'NONE',  ( 655.4376969111398239, 942.1154049360030740, 1378.105381297090389 ) ) ;
#7895 = CARTESIAN_POINT ( 'NONE',  ( 696.8003988948139522, 907.9481165441579833, 1399.324160490111353 ) ) ;
#7896 = DIRECTION ( 'NONE',  ( 0.000000000000000000, -0.000000000000000000, -1.000000000000000000 ) ) ;
#7897 = EDGE_CURVE ( 'NONE', #2634, #7093, #4070, .T. ) ;
#7898 = AXIS2_PLACEMENT_3D ( 'NONE', #321, #2446, #7133 ) ;
#7899 = DIRECTION ( 'NONE',  ( -1.000000000000000000, 0.000000000000000000, 0.000000000000000000 ) ) ;
#7900 = CARTESIAN_POINT ( 'NONE',  ( 651.5503988948173628, 910.4481165441617350, 1281.724160490111444 ) ) ;
#7901 = CARTESIAN_POINT ( 'NONE',  ( 654.7322170766354930, 881.6328997535111966, 1377.224160490111444 ) ) ;
#7902 = EDGE_CURVE ( 'NONE', #2661, #9866, #5490, .T. ) ;
#7903 = CARTESIAN_POINT ( 'NONE',  ( 636.7521419173428967, 919.1411235183444433, 1388.374487300177861 ) ) ;
#7904 = LINE ( 'NONE', #3221, #3303 ) ;
#7905 = CIRCLE ( 'NONE', #705, 2.000000000000001776 ) ;
#7906 = EDGE_CURVE ( 'NONE', #4177, #9468, #5560, .T. ) ;
#7907 = CARTESIAN_POINT ( 'NONE',  ( 637.6160958296067065, 919.9481165441651456, 1394.724160490111444 ) ) ;
#7908 = EDGE_CURVE ( 'NONE', #9330, #2939, #6765, .T. ) ;
#7909 = DIRECTION ( 'NONE',  ( -0.9452865819400371183, -0.3262411347517687465, 0.000000000000000000 ) ) ;
#7910 = EDGE_CURVE ( 'NONE', #7376, #2702, #7811, .T. ) ;
#7911 = VERTEX_POINT ( 'NONE', #4007 ) ;
#7912 = DIRECTION ( 'NONE',  ( 0.000000000000000000, -0.000000000000000000, -1.000000000000000000 ) ) ;
#7913 = CIRCLE ( 'NONE', #4717, 1.600000000000045830 ) ;
#7914 = CARTESIAN_POINT ( 'NONE',  ( 636.4365020213289199, 920.3202095674209886, 1388.456471688752572 ) ) ;
#7915 = ADVANCED_FACE ( 'NONE', ( #5456 ), #2415, .F. ) ;
#7916 = CARTESIAN_POINT ( 'NONE',  ( 667.5503988948141796, 907.9481165441579833, 1394.724160490111444 ) ) ;
#7917 = LINE ( 'NONE', #107, #6454 ) ;
#7918 = CIRCLE ( 'NONE', #889, 1.000000000000000888 ) ;
#7919 = EDGE_CURVE ( 'NONE', #8254, #3664, #8263, .T. ) ;
#7920 = CARTESIAN_POINT ( 'NONE',  ( 669.5503988948173628, 939.9481165441617350, 1285.224160490111672 ) ) ;
#7921 = CARTESIAN_POINT ( 'NONE',  ( 680.6432493351466064, 874.1419288339935747, 1378.170186839812231 ) ) ;
#7922 = ORIENTED_EDGE ( 'NONE', *, *, #4311, .T. ) ;
#7923 = ORIENTED_EDGE ( 'NONE', *, *, #2173, .T. ) ;
#7924 = EDGE_CURVE ( 'NONE', #2380, #7342, #9375, .T. ) ;
#7925 = EDGE_LOOP ( 'NONE', ( #3122, #947, #4827, #6831 ) ) ;
#7926 = VECTOR ( 'NONE', #8183, 1000.000000000000000 ) ;
#7927 = CARTESIAN_POINT ( 'NONE',  ( 695.8003988948142933, 897.9481165441580970, 1388.745784350350050 ) ) ;
#7928 = CARTESIAN_POINT ( 'NONE',  ( 666.5503988948173628, 937.9481165441617350, 1288.224160490111444 ) ) ;
#7929 = CARTESIAN_POINT ( 'NONE',  ( 683.5503988948173628, 919.4481165441617350, 1378.224160490111444 ) ) ;
#7930 = ORIENTED_EDGE ( 'NONE', *, *, #573, .F. ) ;
#7931 = DIRECTION ( 'NONE',  ( -1.000000000000000000, 0.000000000000000000, 0.000000000000000000 ) ) ;
#7932 = DIRECTION ( 'NONE',  ( 1.110223024625180206E-16, 1.000000000000000000, 0.000000000000000000 ) ) ;
#7933 = ADVANCED_FACE ( 'NONE', ( #3961 ), #5406, .F. ) ;
#7934 = LINE ( 'NONE', #5737, #8129 ) ;
#7935 = ORIENTED_EDGE ( 'NONE', *, *, #1675, .F. ) ;
#7936 = ORIENTED_EDGE ( 'NONE', *, *, #4352, .F. ) ;
#7937 = EDGE_LOOP ( 'NONE', ( #5464, #352, #7836, #9926, #648, #9311, #6355, #7787, #6603, #7019, #8073 ) ) ;
#7938 = CARTESIAN_POINT ( 'NONE',  ( 680.0503988948173628, 924.9481165441617350, 1292.724160490111444 ) ) ;
#7939 = CARTESIAN_POINT ( 'NONE',  ( 696.4598789993115133, 889.8304970202226514, 1388.224160490111444 ) ) ;
#7940 = CARTESIAN_POINT ( 'NONE',  ( 661.5503988948173628, 888.9481165441617350, 1292.224160490111444 ) ) ;
#7941 = AXIS2_PLACEMENT_3D ( 'NONE', #7100, #4196, #9426 ) ;
#7942 = ORIENTED_EDGE ( 'NONE', *, *, #262, .T. ) ;
#7943 = CARTESIAN_POINT ( 'NONE',  ( 667.5503988948173628, 907.9481165441617350, 1378.224160490111444 ) ) ;
#7944 = AXIS2_PLACEMENT_3D ( 'NONE', #1820, #9288, #6915 ) ;
#7945 = ORIENTED_EDGE ( 'NONE', *, *, #6446, .F. ) ;
#7946 = DIRECTION ( 'NONE',  ( -0.000000000000000000, -0.000000000000000000, -1.000000000000000000 ) ) ;
#7947 = CARTESIAN_POINT ( 'NONE',  ( 671.5503988948173628, 888.9481165441617350, 1292.224160490111444 ) ) ;
#7948 = DIRECTION ( 'NONE',  ( -0.000000000000000000, -0.000000000000000000, 1.000000000000000000 ) ) ;
#7949 = DIRECTION ( 'NONE',  ( 1.000000000000000000, 0.000000000000000000, 0.000000000000000000 ) ) ;
#7950 = VECTOR ( 'NONE', #9745, 1000.000000000000000 ) ;
#7951 = DIRECTION ( 'NONE',  ( 1.000000000000000000, -3.063263675021908375E-15, 0.000000000000000000 ) ) ;
#7952 = EDGE_CURVE ( 'NONE', #5721, #8909, #680, .T. ) ;
#7953 = CARTESIAN_POINT ( 'NONE',  ( 695.6894273792777312, 925.6613199797623110, 1388.224160490111444 ) ) ;
#7954 = ORIENTED_EDGE ( 'NONE', *, *, #1427, .T. ) ;
#7955 = CARTESIAN_POINT ( 'NONE',  ( 636.7584219926884543, 918.1018958693733794, 1388.372856111780038 ) ) ;
#7956 = CARTESIAN_POINT ( 'NONE',  ( 681.4186890239265040, 941.4404139136314598, 1377.498852300739827 ) ) ;
#7957 = AXIS2_PLACEMENT_3D ( 'NONE', #9490, #109, #3282 ) ;
#7958 = DIRECTION ( 'NONE',  ( -0.000000000000000000, -0.000000000000000000, -1.000000000000000000 ) ) ;
#7959 = AXIS2_PLACEMENT_3D ( 'NONE', #3063, #7556, #6098 ) ;
#7960 = CARTESIAN_POINT ( 'NONE',  ( 700.3080315931636051, 897.9481165441582107, 1374.668558774804069 ) ) ;
#7961 = VECTOR ( 'NONE', #654, 1000.000000000000000 ) ;
#7962 = ORIENTED_EDGE ( 'NONE', *, *, #8337, .T. ) ;
#7963 = DIRECTION ( 'NONE',  ( -1.000000000000000000, 0.000000000000000000, 0.000000000000000000 ) ) ;
#7964 = CARTESIAN_POINT ( 'NONE',  ( 699.4847019600267686, 895.9481165441580970, 1394.724160490111444 ) ) ;
#7965 = EDGE_CURVE ( 'NONE', #7158, #6092, #1002, .T. ) ;
#7966 = VECTOR ( 'NONE', #5374, 1000.000000000000000 ) ;
#7967 = CARTESIAN_POINT ( 'NONE',  ( 649.8371954592176962, 879.8090880596993202, 1388.224160490111444 ) ) ;
#7968 = DIRECTION ( 'NONE',  ( -1.000000000000000000, 0.000000000000000000, 0.000000000000000000 ) ) ;
#7969 = CIRCLE ( 'NONE', #4611, 2.000000000000001776 ) ;
#7970 = CARTESIAN_POINT ( 'NONE',  ( 686.2636023304157789, 929.1613199797623110, 1388.224160490111444 ) ) ;
#7971 = CARTESIAN_POINT ( 'NONE',  ( 655.0503988948174765, 920.4481165441617350, 1281.724160490111444 ) ) ;
#7972 = ORIENTED_EDGE ( 'NONE', *, *, #7952, .F. ) ;
#7973 = ADVANCED_FACE ( 'NONE', ( #795 ), #4655, .F. ) ;
#7974 = VERTEX_POINT ( 'NONE', #3908 ) ;
#7975 = ORIENTED_EDGE ( 'NONE', *, *, #1875, .T. ) ;
#7976 = PRODUCT_RELATED_PRODUCT_CATEGORY ( 'part', '', ( #5023 ) ) ;
#7977 = CIRCLE ( 'NONE', #4620, 1.000000000000000888 ) ;
#7978 = EDGE_CURVE ( 'NONE', #111, #8497, #9827, .T. ) ;
#7979 = CYLINDRICAL_SURFACE ( 'NONE', #303, 36.25000000000000711 ) ;
#7980 = CARTESIAN_POINT ( 'NONE',  ( 654.1761845575479128, 875.2813780488346538, 1378.224160490111444 ) ) ;
#7981 = DIRECTION ( 'NONE',  ( -1.000000000000000000, 8.049116928532400695E-16, 0.000000000000000000 ) ) ;
#7982 = ORIENTED_EDGE ( 'NONE', *, *, #2609, .T. ) ;
#7983 = EDGE_CURVE ( 'NONE', #8582, #571, #7266, .T. ) ;
#7984 = CARTESIAN_POINT ( 'NONE',  ( 651.5503988948173628, 882.9481165441617350, 1288.224160490111444 ) ) ;
#7985 = CARTESIAN_POINT ( 'NONE',  ( 680.2661747464028394, 882.3532699216173114, 1288.307248600550338 ) ) ;
#7986 = DIRECTION ( 'NONE',  ( 0.000000000000000000, 0.000000000000000000, -1.000000000000000000 ) ) ;
#7987 = EDGE_CURVE ( 'NONE', #8446, #6117, #228, .T. ) ;
#7988 = VERTEX_POINT ( 'NONE', #5186 ) ;
#7989 = EDGE_LOOP ( 'NONE', ( #5757, #6719 ) ) ;
#7990 = EDGE_CURVE ( 'NONE', #7521, #5147, #5818, .T. ) ;
#7991 = ORIENTED_EDGE ( 'NONE', *, *, #7004, .T. ) ;
#7992 = LINE ( 'NONE', #3300, #6149 ) ;
#7993 = CARTESIAN_POINT ( 'NONE',  ( 660.5503988948191818, 939.7057492425151395, 1397.724160490111217 ) ) ;
#7994 = PLANE ( 'NONE',  #5247 ) ;
#7995 = DIRECTION ( 'NONE',  ( 0.000000000000000000, 0.000000000000000000, -1.000000000000000000 ) ) ;
#7996 = ORIENTED_EDGE ( 'NONE', *, *, #5048, .F. ) ;
#7997 = DIRECTION ( 'NONE',  ( 0.000000000000000000, 0.000000000000000000, -1.000000000000000000 ) ) ;
#7998 = EDGE_LOOP ( 'NONE', ( #5941, #602, #5902, #9264, #8591, #6784, #2780, #4690 ) ) ;
#7999 = LINE ( 'NONE', #7253, #7665 ) ;
#8000 = ORIENTED_EDGE ( 'NONE', *, *, #1537, .F. ) ;
#8001 = DIRECTION ( 'NONE',  ( 1.000000000000000000, -0.000000000000000000, -0.000000000000000000 ) ) ;
#8002 = DIRECTION ( 'NONE',  ( -0.2513983643950108982, 0.000000000000000000, -0.9678837029207143505 ) ) ;
#8003 = CARTESIAN_POINT ( 'NONE',  ( 638.3003988948139522, 907.9481165441582107, 1388.745784350350050 ) ) ;
#8004 = DIRECTION ( 'NONE',  ( -1.000000000000000000, 0.000000000000000000, 0.000000000000000000 ) ) ;
#8005 = VERTEX_POINT ( 'NONE', #6415 ) ;
#8006 = CARTESIAN_POINT ( 'NONE',  ( 698.4732321603709124, 919.2530635252305728, 1388.406844777599645 ) ) ;
#8007 = DIRECTION ( 'NONE',  ( 4.968248035197575518E-15, 1.000000000000000000, 0.000000000000000000 ) ) ;
#8008 = CARTESIAN_POINT ( 'NONE',  ( 701.4113817688472636, 907.9481165441650319, 1388.224160490111444 ) ) ;
#8009 = CARTESIAN_POINT ( 'NONE',  ( 634.7927661964696426, 907.9481165441652593, 1374.668558774804069 ) ) ;
#8010 = VERTEX_POINT ( 'NONE', #7446 ) ;
#8011 = DIRECTION ( 'NONE',  ( 1.000000000000000000, -0.000000000000000000, 0.000000000000000000 ) ) ;
#8012 = FACE_OUTER_BOUND ( 'NONE', #7937, .T. ) ;
#8013 = AXIS2_PLACEMENT_3D ( 'NONE', #6354, #8708, #7094 ) ;
#8014 = DIRECTION ( 'NONE',  ( 0.000000000000000000, 0.000000000000000000, 1.000000000000000000 ) ) ;
#8015 = DIRECTION ( 'NONE',  ( -9.505334114941407284E-17, 1.000000000000000000, 0.000000000000000000 ) ) ;
#8016 = VECTOR ( 'NONE', #5049, 1000.000000000000000 ) ;
#8017 = LINE ( 'NONE', #7324, #2541 ) ;
#8018 = FACE_BOUND ( 'NONE', #4715, .T. ) ;
#8019 = CIRCLE ( 'NONE', #658, 1.200000000000089884 ) ;
#8020 = ORIENTED_EDGE ( 'NONE', *, *, #5701, .T. ) ;
#8021 = VERTEX_POINT ( 'NONE', #2621 ) ;
#8022 = CIRCLE ( 'NONE', #830, 1.000000000000000888 ) ;
#8023 = VERTEX_POINT ( 'NONE', #3643 ) ;
#8024 = ADVANCED_FACE ( 'NONE', ( #7495 ), #3692, .F. ) ;
#8025 = ADVANCED_FACE ( 'NONE', ( #4386 ), #7597, .F. ) ;
#8026 = CARTESIAN_POINT ( 'NONE',  ( 639.4113704103558575, 890.2349131085608178, 1390.724160490111444 ) ) ;
#8027 = AXIS2_PLACEMENT_3D ( 'NONE', #8492, #9056, #2284 ) ;
#8028 = CARTESIAN_POINT ( 'NONE',  ( 635.7927661964637309, 898.9481165441580970, 1397.724160490111217 ) ) ;
#8029 = ADVANCED_FACE ( 'NONE', ( #6739 ), #435, .F. ) ;
#8030 = ORIENTED_EDGE ( 'NONE', *, *, #8982, .T. ) ;
#8031 = LINE ( 'NONE', #5925, #3649 ) ;
#8032 = CARTESIAN_POINT ( 'NONE',  ( 638.6409187903173006, 889.8304970202219693, 1388.224160490111444 ) ) ;
#8033 = DIRECTION ( 'NONE',  ( -1.000000000000000000, 0.000000000000000000, 0.000000000000000000 ) ) ;
#8034 = EDGE_CURVE ( 'NONE', #5603, #800, #4687, .T. ) ;
#8035 = ORIENTED_EDGE ( 'NONE', *, *, #8850, .F. ) ;
#8036 = VERTEX_POINT ( 'NONE', #3842 ) ;
#8037 = EDGE_CURVE ( 'NONE', #4725, #7203, #1582, .T. ) ;
#8038 = EDGE_CURVE ( 'NONE', #586, #1891, #6127, .T. ) ;
#8039 = ORIENTED_EDGE ( 'NONE', *, *, #8982, .F. ) ;
#8040 = EDGE_CURVE ( 'NONE', #3528, #1688, #3262, .T. ) ;
#8041 = DIRECTION ( 'NONE',  ( 1.000000000000000000, 0.000000000000000000, 0.000000000000000000 ) ) ;
#8042 = FACE_BOUND ( 'NONE', #3496, .T. ) ;
#8043 = ADVANCED_FACE ( 'NONE', ( #776 ), #6793, .T. ) ;
#8044 = CARTESIAN_POINT ( 'NONE',  ( 669.5503988948173628, 935.9481165441617350, 1285.224160490111672 ) ) ;
#8045 = ORIENTED_EDGE ( 'NONE', *, *, #5004, .F. ) ;
#8046 = CARTESIAN_POINT ( 'NONE',  ( 635.7772425119928812, 896.7992726092035127, 1389.422077785151941 ) ) ;
#8047 = VERTEX_POINT ( 'NONE', #6085 ) ;
#8048 = AXIS2_PLACEMENT_3D ( 'NONE', #3668, #1506, #4459 ) ;
#8049 = CARTESIAN_POINT ( 'NONE',  ( 667.5503988948173628, 939.9481165441617350, 1287.224160490111672 ) ) ;
#8050 = VERTEX_POINT ( 'NONE', #19 ) ;
#8051 = CARTESIAN_POINT ( 'NONE',  ( 638.3003988948141796, 917.9481165441580970, 1400.724160490111217 ) ) ;
#8052 = DIRECTION ( 'NONE',  ( -0.2513983643949918578, -1.709538046589603361E-15, 0.9678837029207191245 ) ) ;
#8053 = CIRCLE ( 'NONE', #9514, 34.25000000000000000 ) ;
#8054 = CARTESIAN_POINT ( 'NONE',  ( 634.7927661964636172, 907.9481165441644634, 1397.724160490111217 ) ) ;
#8055 = EDGE_LOOP ( 'NONE', ( #8662, #6619, #174, #9845 ) ) ;
#8056 = EDGE_CURVE ( 'NONE', #3155, #6630, #2381, .T. ) ;
#8057 = DIRECTION ( 'NONE',  ( 1.000000000000000000, 0.000000000000000000, -1.734723475976807341E-16 ) ) ;
#8058 = VERTEX_POINT ( 'NONE', #5378 ) ;
#8059 = CARTESIAN_POINT ( 'NONE',  ( 633.4529224454312271, 920.2658412220491755, 1377.914005926973459 ) ) ;
#8060 = CARTESIAN_POINT ( 'NONE',  ( 696.8003988948141796, 897.9160002470787276, 1388.745784350350050 ) ) ;
#8061 = AXIS2_PLACEMENT_3D ( 'NONE', #2364, #6958, #2900 ) ;
#8062 = ORIENTED_EDGE ( 'NONE', *, *, #4790, .F. ) ;
#8063 = DIRECTION ( 'NONE',  ( 0.000000000000000000, 0.000000000000000000, -1.000000000000000000 ) ) ;
#8064 = CARTESIAN_POINT ( 'NONE',  ( 700.5596558578316717, 919.8821213107263475, 1378.127367225590660 ) ) ;
#8065 = DIRECTION ( 'NONE',  ( 1.000000000000000000, 0.000000000000000000, 0.000000000000000000 ) ) ;
#8066 = CARTESIAN_POINT ( 'NONE',  ( 650.5503988948173628, 919.4481165441617350, 1377.224160490111444 ) ) ;
#8067 = ADVANCED_FACE ( 'NONE', ( #4486 ), #2289, .F. ) ;
#8068 = CARTESIAN_POINT ( 'NONE',  ( 655.5503988948173628, 883.9481165441617350, 1292.224160490111444 ) ) ;
#8069 = CARTESIAN_POINT ( 'NONE',  ( 660.5503988948191818, 939.7057492425151395, 1400.724160490111217 ) ) ;
#8070 = ORIENTED_EDGE ( 'NONE', *, *, #7978, .T. ) ;
#8071 = ORIENTED_EDGE ( 'NONE', *, *, #4666, .T. ) ;
#8072 = AXIS2_PLACEMENT_3D ( 'NONE', #6744, #7546, #5994 ) ;
#8073 = ORIENTED_EDGE ( 'NONE', *, *, #9533, .T. ) ;
#8074 = AXIS2_PLACEMENT_3D ( 'NONE', #3423, #2729, #9676 ) ;
#8075 = ADVANCED_FACE ( 'NONE', ( #6983, #9302 ), #8443, .F. ) ;
#8076 = CARTESIAN_POINT ( 'NONE',  ( 648.8371954592175825, 879.8090880596993202, 1388.224160490111444 ) ) ;
#8077 = EDGE_CURVE ( 'NONE', #4574, #9202, #9852, .T. ) ;
#8078 = CARTESIAN_POINT ( 'NONE',  ( 654.8341499158873376, 874.7790885065068096, 1377.848754796031244 ) ) ;
#8079 = CARTESIAN_POINT ( 'NONE',  ( 635.7597049418415054, 920.6923025906768316, 1389.424355391673316 ) ) ;
#8080 = ORIENTED_EDGE ( 'NONE', *, *, #532, .T. ) ;
#8081 = CARTESIAN_POINT ( 'NONE',  ( 657.8211047843935830, 926.6613199797616289, 1383.935211392019028 ) ) ;
#8082 = CARTESIAN_POINT ( 'NONE',  ( 680.0908085546424218, 874.6547497104238573, 1377.514884060611394 ) ) ;
#8083 = CARTESIAN_POINT ( 'NONE',  ( 683.5503988948173628, 917.9481165441617350, 1292.224160490111444 ) ) ;
#8084 = ORIENTED_EDGE ( 'NONE', *, *, #5643, .T. ) ;
#8085 = EDGE_CURVE ( 'NONE', #6876, #8385, #8495, .T. ) ;
#8086 = ORIENTED_EDGE ( 'NONE', *, *, #5289, .F. ) ;
#8087 = AXIS2_PLACEMENT_3D ( 'NONE', #3704, #7508, #6751 ) ;
#8088 = ORIENTED_EDGE ( 'NONE', *, *, #2677, .T. ) ;
#8089 = DIRECTION ( 'NONE',  ( -0.000000000000000000, -0.000000000000000000, 1.000000000000000000 ) ) ;
#8090 = EDGE_CURVE ( 'NONE', #7694, #1241, #9108, .T. ) ;
#8091 = CARTESIAN_POINT ( 'NONE',  ( 666.0503988948174765, 888.9481165441617350, 1288.224160490111444 ) ) ;
#8092 = EDGE_CURVE ( 'NONE', #8889, #3401, #3196, .T. ) ;
#8093 = CARTESIAN_POINT ( 'NONE',  ( 703.8003988948173628, 907.9481165441617350, 1388.224160490111444 ) ) ;
#8094 = EDGE_LOOP ( 'NONE', ( #4349, #1346, #7922, #2176 ) ) ;
#8095 = LINE ( 'NONE', #2137, #4172 ) ;
#8096 = ORIENTED_EDGE ( 'NONE', *, *, #4986, .F. ) ;
#8097 = CARTESIAN_POINT ( 'NONE',  ( 695.6894273792777312, 925.6613199797623110, 1388.716960580079558 ) ) ;
#8098 = VERTEX_POINT ( 'NONE', #5486 ) ;
#8099 = ADVANCED_FACE ( 'NONE', ( #2543 ), #1732, .T. ) ;
#8100 = CARTESIAN_POINT ( 'NONE',  ( 638.3003988948192955, 907.9481165441651456, 1400.724160490111217 ) ) ;
#8101 = VECTOR ( 'NONE', #4808, 1000.000000000000000 ) ;
#8102 = ADVANCED_FACE ( 'NONE', ( #1784 ), #9502, .T. ) ;
#8103 = DIRECTION ( 'NONE',  ( -1.000000000000000000, -6.125368411725000433E-15, 0.000000000000000000 ) ) ;
#8104 = VECTOR ( 'NONE', #4221, 1000.000000000000000 ) ;
#8105 = CARTESIAN_POINT ( 'NONE',  ( 738.3003988948194092, 907.9481165441578696, 1396.124160490111308 ) ) ;
#8106 = ORIENTED_EDGE ( 'NONE', *, *, #8674, .F. ) ;
#8107 = EDGE_CURVE ( 'NONE', #6492, #2373, #1888, .T. ) ;
#8108 = CARTESIAN_POINT ( 'NONE',  ( 679.3766400295691028, 942.2147551394880338, 1379.224160490111444 ) ) ;
#8109 = VERTEX_POINT ( 'NONE', #6437 ) ;
#8110 = CARTESIAN_POINT ( 'NONE',  ( 633.4374003312789227, 920.2196844269902840, 1377.965494099265925 ) ) ;
#8111 = FACE_OUTER_BOUND ( 'NONE', #2648, .T. ) ;
#8112 = EDGE_CURVE ( 'NONE', #4320, #9695, #3119, .T. ) ;
#8113 = AXIS2_PLACEMENT_3D ( 'NONE', #260, #3328, #1719 ) ;
#8114 = ORIENTED_EDGE ( 'NONE', *, *, #981, .F. ) ;
#8115 = CARTESIAN_POINT ( 'NONE',  ( 683.5503988948173628, 909.8623301065347277, 1288.638374052484551 ) ) ;
#8116 = DIRECTION ( 'NONE',  ( -0.000000000000000000, -0.000000000000000000, -1.000000000000000000 ) ) ;
#8117 = VECTOR ( 'NONE', #760, 1000.000000000000000 ) ;
#8118 = FACE_OUTER_BOUND ( 'NONE', #2957, .T. ) ;
#8119 = CARTESIAN_POINT ( 'NONE',  ( 679.5503988948173628, 920.4481165441617350, 1292.224160490111444 ) ) ;
#8120 = VECTOR ( 'NONE', #1499, 1000.000000000000000 ) ;
#8121 = DIRECTION ( 'NONE',  ( -1.000000000000000000, 0.000000000000000000, 0.000000000000000000 ) ) ;
#8122 = AXIS2_PLACEMENT_3D ( 'NONE', #4902, #2570, #7856 ) ;
#8123 = DIRECTION ( 'NONE',  ( 0.000000000000000000, -0.000000000000000000, -1.000000000000000000 ) ) ;
#8124 = ORIENTED_EDGE ( 'NONE', *, *, #1001, .T. ) ;
#8125 = ORIENTED_EDGE ( 'NONE', *, *, #8090, .T. ) ;
#8126 = AXIS2_PLACEMENT_3D ( 'NONE', #3859, #2162, #5355 ) ;
#8127 = ORIENTED_EDGE ( 'NONE', *, *, #5859, .T. ) ;
#8128 = CIRCLE ( 'NONE', #6373, 3.000000000000002665 ) ;
#8129 = VECTOR ( 'NONE', #5779, 1000.000000000000000 ) ;
#8130 = VECTOR ( 'NONE', #2298, 1000.000000000000000 ) ;
#8131 = CARTESIAN_POINT ( 'NONE',  ( 667.5503988948173628, 888.3913401078787047, 1290.824160490111353 ) ) ;
#8132 = CARTESIAN_POINT ( 'NONE',  ( 684.5503988948173628, 919.4481165441617350, 1378.224160490111444 ) ) ;
#8133 = LINE ( 'NONE', #562, #7713 ) ;
#8134 = ORIENTED_EDGE ( 'NONE', *, *, #4855, .F. ) ;
#8135 = PLANE ( 'NONE',  #5875 ) ;
#8136 = VECTOR ( 'NONE', #998, 1000.000000000000000 ) ;
#8137 = CARTESIAN_POINT ( 'NONE',  ( 655.0503988948174765, 924.9481165441617350, 1281.724160490111444 ) ) ;
#8138 = DIRECTION ( 'NONE',  ( -1.000000000000000000, 0.000000000000000000, 0.000000000000000000 ) ) ;
#8139 = VERTEX_POINT ( 'NONE', #7187 ) ;
#8140 = ORIENTED_EDGE ( 'NONE', *, *, #3103, .F. ) ;
#8141 = VECTOR ( 'NONE', #2785, 1000.000000000000000 ) ;
#8142 = ORIENTED_EDGE ( 'NONE', *, *, #6621, .T. ) ;
#8143 = PRODUCT_DEFINITION_SHAPE ( 'NONE', 'NONE',  #7 ) ;
#8144 = CARTESIAN_POINT ( 'NONE',  ( 696.5357139502339123, 889.7021851856864032, 1388.716960580079785 ) ) ;
#8145 = PLANE ( 'NONE',  #6054 ) ;
#8146 = DIRECTION ( 'NONE',  ( 0.000000000000000000, 0.000000000000000000, 1.000000000000000000 ) ) ;
#8147 = ORIENTED_EDGE ( 'NONE', *, *, #1367, .T. ) ;
#8148 = VECTOR ( 'NONE', #8993, 1000.000000000000000 ) ;
#8149 = CYLINDRICAL_SURFACE ( 'NONE', #8836, 2.499999999999946709 ) ;
#8150 = ORIENTED_EDGE ( 'NONE', *, *, #1945, .F. ) ;
#8151 = CARTESIAN_POINT ( 'NONE',  ( 676.5503988948191818, 940.7057492425151395, 1374.668558774804069 ) ) ;
#8152 = EDGE_LOOP ( 'NONE', ( #1825, #9390, #7996, #6420, #3357, #4346 ) ) ;
#8153 = EDGE_CURVE ( 'NONE', #9566, #9885, #7236, .T. ) ;
#8154 = DIRECTION ( 'NONE',  ( 0.000000000000000000, -1.000000000000000000, 0.000000000000000000 ) ) ;
#8155 = CARTESIAN_POINT ( 'NONE',  ( 685.2636023304106629, 879.8090880596993202, 1394.724160490111444 ) ) ;
#8156 = CARTESIAN_POINT ( 'NONE',  ( 696.8003988948192955, 907.9481165441649182, 1400.724160490111217 ) ) ;
#8157 = EDGE_CURVE ( 'NONE', #5917, #5392, #4835, .T. ) ;
#8158 = EDGE_LOOP ( 'NONE', ( #363, #1938, #703, #6867 ) ) ;
#8159 = CARTESIAN_POINT ( 'NONE',  ( 636.6879003857188764, 895.5760235209022539, 1389.424355391673316 ) ) ;
#8160 = ORIENTED_EDGE ( 'NONE', *, *, #149, .F. ) ;
#8161 = CARTESIAN_POINT ( 'NONE',  ( 633.4876793714466885, 920.3744518487626465, 1377.750279814243868 ) ) ;
#8162 = CARTESIAN_POINT ( 'NONE',  ( 652.5503988948173628, 909.4481165441617350, 1281.724160490111444 ) ) ;
#8163 = EDGE_CURVE ( 'NONE', #7350, #2386, #9357, .T. ) ;
#8164 = EDGE_CURVE ( 'NONE', #4973, #4721, #6304, .T. ) ;
#8165 = DIRECTION ( 'NONE',  ( -1.000000000000000000, 0.000000000000000000, 0.000000000000000000 ) ) ;
#8166 = CARTESIAN_POINT ( 'NONE',  ( 696.8003988948141796, 897.9481165441579833, 1397.724160490111217 ) ) ;
#8167 = EDGE_CURVE ( 'NONE', #1347, #5488, #697, .T. ) ;
#8168 = CARTESIAN_POINT ( 'NONE',  ( 701.6631317304708091, 920.2204657302160058, 1377.964750368441173 ) ) ;
#8169 = ADVANCED_FACE ( 'NONE', ( #9354 ), #3389, .F. ) ;
#8170 = CARTESIAN_POINT ( 'NONE',  ( 637.3309001360931916, 896.9475452512426727, 1388.224160490111444 ) ) ;
#8171 = FACE_OUTER_BOUND ( 'NONE', #5095, .T. ) ;
#8172 = DIRECTION ( 'NONE',  ( -0.000000000000000000, 0.000000000000000000, -1.000000000000000000 ) ) ;
#8173 = ORIENTED_EDGE ( 'NONE', *, *, #3756, .F. ) ;
#8174 = ORIENTED_EDGE ( 'NONE', *, *, #5417, .T. ) ;
#8175 = DIRECTION ( 'NONE',  ( 1.000000000000000000, 6.483054158395074660E-15, 0.000000000000000000 ) ) ;
#8176 = AXIS2_PLACEMENT_3D ( 'NONE', #7799, #1754, #6357 ) ;
#8177 = CARTESIAN_POINT ( 'NONE',  ( 679.3461868845271283, 882.9481165441617350, 1288.224160490111444 ) ) ;
#8178 = DIRECTION ( 'NONE',  ( -1.000000000000000000, 0.000000000000000000, 0.000000000000000000 ) ) ;
#8179 = CARTESIAN_POINT ( 'NONE',  ( 634.0642017120151195, 921.8310952675656154, 1377.362926811234502 ) ) ;
#8180 = VERTEX_POINT ( 'NONE', #6341 ) ;
#8181 = COLOUR_RGB ( '',0.7921568627450980005, 0.8196078431372548767, 0.9333333333333333481 ) ;
#8182 = CARTESIAN_POINT ( 'NONE',  ( 695.6894273792777312, 925.6613199797623110, 1388.716960580079558 ) ) ;
#8183 = DIRECTION ( 'NONE',  ( -1.000000000000000000, -3.358424649491096563E-15, 0.000000000000000000 ) ) ;
#8184 = ORIENTED_EDGE ( 'NONE', *, *, #3756, .T. ) ;
#8185 = ORIENTED_EDGE ( 'NONE', *, *, #7553, .F. ) ;
#8186 = ORIENTED_EDGE ( 'NONE', *, *, #6940, .F. ) ;
#8187 =( BOUNDED_CURVE ( )  B_SPLINE_CURVE ( 3, ( #9499, #4783, #1831, #7778 ),
 .UNSPECIFIED., .F., .F. ) 
 B_SPLINE_CURVE_WITH_KNOTS ( ( 4, 4 ),
 ( 2.373674235172685609, 3.006807198419350957 ),
 .UNSPECIFIED. ) 
 CURVE ( )  GEOMETRIC_REPRESENTATION_ITEM ( )  RATIONAL_B_SPLINE_CURVE ( ( 1.000000000000000000, 0.9668732604941128184, 0.9668732604941128184, 1.000000000000000000 ) ) 
 REPRESENTATION_ITEM ( '' )  );
#8188 = CARTESIAN_POINT ( 'NONE',  ( 680.2945849413308679, 939.7388104971430494, 1394.724160490111444 ) ) ;
#8189 = CIRCLE ( 'NONE', #5786, 1.000000000000000888 ) ;
#8190 = CARTESIAN_POINT ( 'NONE',  ( 701.0365960776194925, 921.8310952675660701, 1281.724160490111444 ) ) ;
#8191 = CARTESIAN_POINT ( 'NONE',  ( 638.3505920457729417, 918.1202154634436283, 1388.382212019191002 ) ) ;
#8192 = ORIENTED_EDGE ( 'NONE', *, *, #8346, .F. ) ;
#8193 = CARTESIAN_POINT ( 'NONE',  ( 637.2906134251068124, 897.9481165441580970, 1389.225536108108145 ) ) ;
#8194 = CARTESIAN_POINT ( 'NONE',  ( 635.5975210862929998, 920.0472611516886445, 1388.674388814748227 ) ) ;
#8195 = CARTESIAN_POINT ( 'NONE',  ( 653.6674201714131414, 941.4343137269638646, 1292.724160490111444 ) ) ;
#8196 = AXIS2_PLACEMENT_3D ( 'NONE', #2491, #871, #168 ) ;
#8197 = ORIENTED_EDGE ( 'NONE', *, *, #2553, .T. ) ;
#8198 = CARTESIAN_POINT ( 'NONE',  ( 635.7927661964637309, 900.9481165441580970, 1397.724160490111217 ) ) ;
#8199 = DIRECTION ( 'NONE',  ( 0.000000000000000000, 0.000000000000000000, -1.000000000000000000 ) ) ;
#8200 = CIRCLE ( 'NONE', #1168, 2.000000000000001776 ) ;
#8201 = CARTESIAN_POINT ( 'NONE',  ( 679.3766400295691028, 873.6814779488354361, 1281.724160490111444 ) ) ;
#8202 = ORIENTED_EDGE ( 'NONE', *, *, #2484, .F. ) ;
#8203 = ORIENTED_EDGE ( 'NONE', *, *, #9145, .T. ) ;
#8204 = CYLINDRICAL_SURFACE ( 'NONE', #7127, 1.000000000000000888 ) ;
#8205 = ORIENTED_EDGE ( 'NONE', *, *, #3944, .F. ) ;
#8206 = LINE ( 'NONE', #8008, #4219 ) ;
#8207 = CARTESIAN_POINT ( 'NONE',  ( 686.2636023304157789, 929.1613199797623110, 1339.722160490111492 ) ) ;
#8208 = EDGE_CURVE ( 'NONE', #3664, #9296, #1210, .T. ) ;
#8209 = CARTESIAN_POINT ( 'NONE',  ( 681.0503988948173628, 880.9013780744462565, 1289.224160490111672 ) ) ;
#8210 = CARTESIAN_POINT ( 'NONE',  ( 650.5503988948173628, 920.4481165441617350, 1377.224160490111444 ) ) ;
#8211 = CARTESIAN_POINT ( 'NONE',  ( 670.6949512090433245, 935.9481165441617350, 1284.106126501361587 ) ) ;
#8212 = EDGE_CURVE ( 'NONE', #9352, #6837, #8697, .T. ) ;
#8213 = CARTESIAN_POINT ( 'NONE',  ( 672.5503988948173628, 937.9481165441617350, 1288.224160490111444 ) ) ;
#8214 = EDGE_CURVE ( 'NONE', #2715, #1228, #7834, .T. ) ;
#8215 = DIRECTION ( 'NONE',  ( -1.000000000000000000, 0.000000000000000000, 0.000000000000000000 ) ) ;
#8216 = CARTESIAN_POINT ( 'NONE',  ( 667.5503988948173628, 907.9481165441617350, 1379.224160490111444 ) ) ;
#8217 = AXIS2_PLACEMENT_3D ( 'NONE', #2718, #294, #9521 ) ;
#8218 = AXIS2_PLACEMENT_3D ( 'NONE', #7264, #7365, #3513 ) ;
#8219 = LINE ( 'NONE', #4264, #9569 ) ;
#8220 = ORIENTED_EDGE ( 'NONE', *, *, #7679, .F. ) ;
#8221 = VERTEX_POINT ( 'NONE', #4734 ) ;
#8222 = ORIENTED_EDGE ( 'NONE', *, *, #9277, .F. ) ;
#8223 = CARTESIAN_POINT ( 'NONE',  ( 648.8371954592175825, 886.7349131085610452, 1339.722160490111492 ) ) ;
#8224 = EDGE_CURVE ( 'NONE', #3656, #4784, #4557, .T. ) ;
#8225 = AXIS2_PLACEMENT_3D ( 'NONE', #2681, #8786, #208 ) ;
#8227 = EDGE_CURVE ( 'NONE', #6023, #8951, #6584, .T. ) ;
#8226 = CARTESIAN_POINT ( 'NONE',  ( 695.2004442538902822, 926.6137543816324751, 1388.224160490111444 ) ) ;
#8228 = CARTESIAN_POINT ( 'NONE',  ( 654.0503988948173628, 880.9013780744462565, 1289.224160490111672 ) ) ;
#8229 = CARTESIAN_POINT ( 'NONE',  ( 667.5503988948173628, 938.9481165441617350, 1282.224160490111444 ) ) ;
#8230 = ORIENTED_EDGE ( 'NONE', *, *, #9643, .F. ) ;
#8231 = DIRECTION ( 'NONE',  ( -0.000000000000000000, 0.000000000000000000, 1.000000000000000000 ) ) ;
#8232 = CARTESIAN_POINT ( 'NONE',  ( 655.6163941282527503, 940.9573735071760439, 1378.127367225590660 ) ) ;
#8233 = EDGE_CURVE ( 'NONE', #3935, #5783, #5518, .T. ) ;
#8234 = ORIENTED_EDGE ( 'NONE', *, *, #8733, .F. ) ;
#8235 = PRESENTATION_LAYER_ASSIGNMENT (  '', '', ( #6483 ) ) ;
#8236 = ORIENTED_EDGE ( 'NONE', *, *, #7795, .F. ) ;
#8237 = ORIENTED_EDGE ( 'NONE', *, *, #5398, .F. ) ;
#8238 = CARTESIAN_POINT ( 'NONE',  ( 634.7927661964698700, 907.9481165441652593, 1399.324160490111353 ) ) ;
#8239 = VECTOR ( 'NONE', #7501, 1000.000000000000000 ) ;
#8240 = DIRECTION ( 'NONE',  ( -0.9237571636635073524, -0.3829787234042544286, -0.000000000000000000 ) ) ;
#8241 = DIRECTION ( 'NONE',  ( -1.000000000000000000, 0.000000000000000000, 0.000000000000000000 ) ) ;
#8242 = CARTESIAN_POINT ( 'NONE',  ( 638.3003988948192955, 917.9802328412444012, 1388.745784350350050 ) ) ;
#8243 = ORIENTED_EDGE ( 'NONE', *, *, #1293, .T. ) ;
#8244 = CARTESIAN_POINT ( 'NONE',  ( 655.4752745292477130, 940.8506316958688558, 1378.052224056122441 ) ) ;
#8245 = DIRECTION ( 'NONE',  ( 0.000000000000000000, -0.000000000000000000, -1.000000000000000000 ) ) ;
#8246 = AXIS2_PLACEMENT_3D ( 'NONE', #9433, #5457, #97 ) ;
#8247 = DIRECTION ( 'NONE',  ( 0.000000000000000000, 0.000000000000000000, -1.000000000000000000 ) ) ;
#8248 = AXIS2_PLACEMENT_3D ( 'NONE', #61, #8594, #3835 ) ;
#8249 = VERTEX_POINT ( 'NONE', #2747 ) ;
#8250 = CARTESIAN_POINT ( 'NONE',  ( 639.4113704103558575, 890.2349131085608178, 1388.716960580079558 ) ) ;
#8251 = CIRCLE ( 'NONE', #1702, 2.000000000000001776 ) ;
#8252 = PLANE ( 'NONE',  #6215 ) ;
#8253 = DIRECTION ( 'NONE',  ( -1.000000000000000000, 4.996003610813204432E-15, -0.000000000000000000 ) ) ;
#8254 = VERTEX_POINT ( 'NONE', #1986 ) ;
#8255 = EDGE_LOOP ( 'NONE', ( #473, #6921, #3583, #6035 ) ) ;
#8256 = DIRECTION ( 'NONE',  ( -1.000000000000000000, 0.000000000000000000, 0.000000000000000000 ) ) ;
#8257 = CARTESIAN_POINT ( 'NONE',  ( 638.4472233276359248, 907.9481165441582107, 1388.224160490111444 ) ) ;
#8258 = DIRECTION ( 'NONE',  ( 4.752667057470703642E-17, -1.000000000000000000, 0.000000000000000000 ) ) ;
#8259 = APPLICATION_CONTEXT ( 'automotive_design' ) ;
#8260 = CARTESIAN_POINT ( 'NONE',  ( 700.3039688815148338, 920.2136355065036923, 1377.880238247333182 ) ) ;
#8261 = CARTESIAN_POINT ( 'NONE',  ( 657.5503988948141796, 878.6981165441579833, 1388.224160490111444 ) ) ;
#8262 = CARTESIAN_POINT ( 'NONE',  ( 670.9742936663511728, 936.2587534666630518, 1285.961254224319418 ) ) ;
#8263 = B_SPLINE_CURVE_WITH_KNOTS ( 'NONE', 3,
 ( #7060, #8517, #847, #6310 ),
 .UNSPECIFIED., .F., .F.,
 ( 4, 4 ),
 ( -6.324558794753698177E-06, 0.0004849431674172254231 ),
 .UNSPECIFIED. ) ;
#8264 = FACE_OUTER_BOUND ( 'NONE', #9417, .T. ) ;
#8265 = CARTESIAN_POINT ( 'NONE',  ( 699.3080315931637188, 914.9481165441580970, 1400.724160490111217 ) ) ;
#8266 = VECTOR ( 'NONE', #5698, 1000.000000000000000 ) ;
#8267 = CARTESIAN_POINT ( 'NONE',  ( 646.3371954592226984, 926.6613199797615152, 1388.224160490111444 ) ) ;
#8268 = CIRCLE ( 'NONE', #6184, 1.000000000000000888 ) ;
#8269 = CARTESIAN_POINT ( 'NONE',  ( 650.5503988948173628, 919.4481165441617350, 1378.224160490111444 ) ) ;
#8270 = ORIENTED_EDGE ( 'NONE', *, *, #1805, .T. ) ;
#8271 = ORIENTED_EDGE ( 'NONE', *, *, #5576, .T. ) ;
#8272 = ORIENTED_EDGE ( 'NONE', *, *, #1805, .F. ) ;
#8273 = CARTESIAN_POINT ( 'NONE',  ( 663.5503988948173628, 888.9481165441617350, 1292.224160490111444 ) ) ;
#8274 = ADVANCED_FACE ( 'NONE', ( #3535 ), #9194, .T. ) ;
#8275 = AXIS2_PLACEMENT_3D ( 'NONE', #9924, #6106, #6716 ) ;
#8276 = DIRECTION ( 'NONE',  ( -0.000000000000000000, 1.000000000000000000, -0.000000000000000000 ) ) ;
#8277 = CARTESIAN_POINT ( 'NONE',  ( 654.9249018331846628, 874.7143871570133342, 1377.714380523496629 ) ) ;
#8278 = FACE_OUTER_BOUND ( 'NONE', #5073, .T. ) ;
#8279 = EDGE_LOOP ( 'NONE', ( #7422, #7723, #4250, #1886 ) ) ;
#8280 = DIRECTION ( 'NONE',  ( -0.000000000000000000, -0.000000000000000000, -1.000000000000000000 ) ) ;
#8281 = ADVANCED_FACE ( 'NONE', ( #423 ), #1352, .T. ) ;
#8282 = CARTESIAN_POINT ( 'NONE',  ( 680.0608205885345114, 873.9179166041681128, 1377.393350023576886 ) ) ;
#8283 = CIRCLE ( 'NONE', #9575, 1.000000000000004441 ) ;
#8284 = ORIENTED_EDGE ( 'NONE', *, *, #4978, .T. ) ;
#8285 = VERTEX_POINT ( 'NONE', #7964 ) ;
#8286 = VECTOR ( 'NONE', #2460, 1000.000000000000000 ) ;
#8287 = ORIENTED_EDGE ( 'NONE', *, *, #8038, .F. ) ;
#8288 = ADVANCED_FACE ( 'NONE', ( #3322 ), #7165, .F. ) ;
#8289 = CIRCLE ( 'NONE', #3972, 1.600000000000045830 ) ;
#8290 = AXIS2_PLACEMENT_3D ( 'NONE', #7810, #955, #7056 ) ;
#8291 = CARTESIAN_POINT ( 'NONE',  ( 669.5503988948173628, 935.9481165441617350, 1286.824160490111581 ) ) ;
#8292 = EDGE_CURVE ( 'NONE', #8582, #7521, #7270, .T. ) ;
#8293 = DIRECTION ( 'NONE',  ( 0.000000000000000000, 0.000000000000000000, -1.000000000000000000 ) ) ;
#8294 = DIRECTION ( 'NONE',  ( 1.000000000000000000, -1.236786676975587145E-16, 0.000000000000000000 ) ) ;
#8295 = AXIS2_PLACEMENT_3D ( 'NONE', #3139, #15, #6884 ) ;
#8296 = LINE ( 'NONE', #6736, #1162 ) ;
#8297 = EDGE_LOOP ( 'NONE', ( #3966, #1892 ) ) ;
#8298 = CYLINDRICAL_SURFACE ( 'NONE', #4026, 1.000000000000000888 ) ;
#8299 = CARTESIAN_POINT ( 'NONE',  ( 699.4665440994435812, 920.3463985085126069, 1388.664847878661931 ) ) ;
#8300 = EDGE_CURVE ( 'NONE', #3684, #6117, #8386, .T. ) ;
#8301 = VECTOR ( 'NONE', #8572, 1000.000000000000000 ) ;
#8302 = DIRECTION ( 'NONE',  ( 1.000000000000000000, -0.000000000000000000, -0.000000000000000000 ) ) ;
#8303 = ORIENTED_EDGE ( 'NONE', *, *, #8849, .F. ) ;
#8304 = DIRECTION ( 'NONE',  ( 0.2513983643950108982, 0.000000000000000000, 0.9678837029207143505 ) ) ;
#8305 = LINE ( 'NONE', #3057, #7496 ) ;
#8306 = TOROIDAL_SURFACE ( 'NONE', #464, 2.000000000000000000, 1.000000000000000000 ) ;
#8307 = DIRECTION ( 'NONE',  ( -1.000000000000000000, -3.358424649491096563E-15, 0.000000000000000000 ) ) ;
#8308 = B_SPLINE_CURVE_WITH_KNOTS ( 'NONE', 3,
 ( #5268, #756, #6021, #6776, #4417, #7475, #3678, #9930, #3077, #6723, #9087, #6111 ),
 .UNSPECIFIED., .F., .F.,
 ( 4, 2, 2, 2, 2, 4 ),
 ( 0.000000000000000000, 0.0002204818980107528547, 0.0004409637960215057094, 0.0008819275920434500871, 0.001322891388065394573, 0.001763855184087338842 ),
 .UNSPECIFIED. ) ;
#8309 = ORIENTED_EDGE ( 'NONE', *, *, #9162, .T. ) ;
#8310 = ORIENTED_EDGE ( 'NONE', *, *, #3629, .F. ) ;
#8311 = VECTOR ( 'NONE', #2807, 1000.000000000000000 ) ;
#8312 = CARTESIAN_POINT ( 'NONE',  ( 666.5503988948173628, 923.9481165441617350, 1287.224160490111672 ) ) ;
#8313 = CARTESIAN_POINT ( 'NONE',  ( 701.8170374901436617, 919.7743576789134750, 1379.224160490111444 ) ) ;
#8314 = CYLINDRICAL_SURFACE ( 'NONE', #2534, 1.600000000000045830 ) ;
#8315 = ORIENTED_EDGE ( 'NONE', *, *, #2063, .F. ) ;
#8316 = CYLINDRICAL_SURFACE ( 'NONE', #3587, 1.200000000000089884 ) ;
#8317 = CARTESIAN_POINT ( 'NONE',  ( 696.7502057438606471, 897.7760176248797279, 1388.382212019191002 ) ) ;
#8318 = CARTESIAN_POINT ( 'NONE',  ( 637.4620963942803655, 923.1667331931989793, 1388.224160490111444 ) ) ;
#8319 = DIRECTION ( 'NONE',  ( -8.049116928532400695E-16, -1.000000000000000000, 0.000000000000000000 ) ) ;
#8320 = CARTESIAN_POINT ( 'NONE',  ( 670.6949512090433245, 935.9481165441617350, 1286.342194478861302 ) ) ;
#8321 = CARTESIAN_POINT ( 'NONE',  ( 678.0503988948173628, 888.9481165441617350, 1290.824160490111353 ) ) ;
#8322 = ORIENTED_EDGE ( 'NONE', *, *, #573, .T. ) ;
#8323 = VERTEX_POINT ( 'NONE', #306 ) ;
#8324 = ORIENTED_EDGE ( 'NONE', *, *, #797, .F. ) ;
#8325 = DIRECTION ( 'NONE',  ( -0.9678837029207192355, 2.964882988802735967E-15, -0.2513983643949918578 ) ) ;
#8326 = CARTESIAN_POINT ( 'NONE',  ( 657.5503988948141796, 878.0138134789452806, 1394.724160490111444 ) ) ;
#8327 = LINE ( 'NONE', #6777, #2778 ) ;
#8328 = ORIENTED_EDGE ( 'NONE', *, *, #9282, .T. ) ;
#8329 = DIRECTION ( 'NONE',  ( 1.893515102561680783E-15, 1.000000000000000000, 0.000000000000000000 ) ) ;
#8330 = CARTESIAN_POINT ( 'NONE',  ( 655.1900750643389983, 940.6250726764799310, 1377.738133956182992 ) ) ;
#8331 = EDGE_LOOP ( 'NONE', ( #7268, #3632, #3750, #7353 ) ) ;
#8332 = ADVANCED_FACE ( 'NONE', ( #4766 ), #8635, .T. ) ;
#8333 = ORIENTED_EDGE ( 'NONE', *, *, #8077, .F. ) ;
#8334 = VERTEX_POINT ( 'NONE', #6422 ) ;
#8335 = ADVANCED_FACE ( 'NONE', ( #4967, #8012 ), #1771, .T. ) ;
#8336 = FACE_OUTER_BOUND ( 'NONE', #6119, .T. ) ;
#8337 = EDGE_CURVE ( 'NONE', #1040, #3006, #7743, .T. ) ;
#8338 = CARTESIAN_POINT ( 'NONE',  ( 669.1283937854312853, 878.6981165441579833, 1397.724160490111217 ) ) ;
#8339 = PRESENTATION_LAYER_ASSIGNMENT (  '', '', ( #9150 ) ) ;
#8340 = PLANE ( 'NONE',  #8941 ) ;
#8341 = CARTESIAN_POINT ( 'NONE',  ( 667.5503988948163396, 907.9481165441582107, 1394.724160490111444 ) ) ;
#8342 = VERTEX_POINT ( 'NONE', #1113 ) ;
#8343 = ADVANCED_FACE ( 'NONE', ( #6371 ), #9040, .T. ) ;
#8344 = CARTESIAN_POINT ( 'NONE',  ( 671.5503988948173628, 937.9481165441617350, 1287.224160490111672 ) ) ;
#8345 = CARTESIAN_POINT ( 'NONE',  ( 699.5032767033366099, 920.0472611516865982, 1388.674388814766417 ) ) ;
#8346 = EDGE_CURVE ( 'NONE', #663, #4043, #7217, .T. ) ;
#8347 = EDGE_CURVE ( 'NONE', #2889, #5319, #4209, .T. ) ;
#8348 = CARTESIAN_POINT ( 'NONE',  ( 697.4847019600321119, 919.9481165441651456, 1394.724160490111444 ) ) ;
#8349 = AXIS2_PLACEMENT_3D ( 'NONE', #2591, #3388, #6436 ) ;
#8350 = VERTEX_POINT ( 'NONE', #6521 ) ;
#8351 = VECTOR ( 'NONE', #3945, 1000.000000000000000 ) ;
#8352 = LINE ( 'NONE', #3650, #2157 ) ;
#8353 = EDGE_CURVE ( 'NONE', #731, #8323, #2955, .T. ) ;
#8354 = DIRECTION ( 'NONE',  ( 3.580469254416132998E-15, 1.000000000000000000, 2.703465157366451580E-15 ) ) ;
#8355 = DIRECTION ( 'NONE',  ( -0.000000000000000000, -0.000000000000000000, -1.000000000000000000 ) ) ;
#8356 = ORIENTED_EDGE ( 'NONE', *, *, #579, .T. ) ;
#8357 = ORIENTED_EDGE ( 'NONE', *, *, #7237, .T. ) ;
#8358 = AXIS2_PLACEMENT_3D ( 'NONE', #3034, #9837, #5171 ) ;
#8359 = DIRECTION ( 'NONE',  ( -0.000000000000000000, -0.000000000000000000, -1.000000000000000000 ) ) ;
#8360 = LINE ( 'NONE', #734, #7695 ) ;
#8361 = CARTESIAN_POINT ( 'NONE',  ( 680.0503988948173628, 924.9481165441617350, 1378.224160490111444 ) ) ;
#8362 = ORIENTED_EDGE ( 'NONE', *, *, #1375, .T. ) ;
#8363 = DIRECTION ( 'NONE',  ( 1.000000000000000000, 0.000000000000000000, 0.000000000000000000 ) ) ;
#8364 = AXIS2_PLACEMENT_3D ( 'NONE', #9236, #6326, #4823 ) ;
#8365 = CYLINDRICAL_SURFACE ( 'NONE', #1909, 1.000000000000000888 ) ;
#8366 =( BOUNDED_SURFACE ( )  B_SPLINE_SURFACE ( 3, 2, ( 
 ( #5018, #1211, #1406 ),
 ( #9632, #2873, #6611 ),
 ( #9677, #6567, #2921 ),
 ( #8064, #8168, #7513 ),
 ( #2111, #4259, #5855 ),
 ( #5807, #1355, #9773 ),
 ( #9027, #4405, #7462 ),
 ( #7320, #455, #3518 ),
 ( #8880, #2016, #3066 ),
 ( #40, #740, #93 ),
 ( #794, #6860, #6005 ),
 ( #7608, #9072, #5303 ),
 ( #5352, #6101, #1505 ),
 ( #7561, #2311, #1549 ) ),
 .UNSPECIFIED., .F., .F., .F. ) 
 B_SPLINE_SURFACE_WITH_KNOTS ( ( 4, 2, 2, 2, 2, 2, 4 ),
 ( 3, 3 ),
 ( 0.001465373342347130528, 0.002274056780695981814, 0.002678398499870407456, 0.003082740219044833099, 0.003487081938219258742, 0.003891423657393684385, 0.004700107095742535671 ),
 ( 0.000000000000000000, 1.000000000000000000 ),
 .UNSPECIFIED. ) 
 GEOMETRIC_REPRESENTATION_ITEM ( )  RATIONAL_B_SPLINE_SURFACE ( (
 ( 1.000000000000000000, 0.7071067811865232589, 1.000000000000000000),
 ( 1.000000000000000000, 0.6923052679610461890, 1.000000000000000000),
 ( 1.000000000000000000, 0.6762027680336681890, 1.000000000000000000),
 ( 1.000000000000000000, 0.6511773833240921405, 1.000000000000000000),
 ( 1.000000000000000000, 0.6428605041404459319, 1.000000000000000000),
 ( 1.000000000000000000, 0.6264060082325700884, 1.000000000000000000),
 ( 1.000000000000000000, 0.6181795203690703122, 1.000000000000000000),
 ( 1.000000000000000000, 0.6026353313915591148, 1.000000000000000000),
 ( 1.000000000000000000, 0.5953395675597624725, 1.000000000000000000),
 ( 1.000000000000000000, 0.5820223942703232067, 1.000000000000000000),
 ( 1.000000000000000000, 0.5759559295209120133, 1.000000000000000000),
 ( 1.000000000000000000, 0.5611153758046887319, 1.000000000000000000),
 ( 1.000000000000000000, 0.5553817492362728148, 1.000000000000000000),
 ( 1.000000000000000000, 0.5554373396683935926, 1.000000000000000000) ) ) 
 REPRESENTATION_ITEM ( '' )  SURFACE ( )  );
#8367 = EDGE_CURVE ( 'NONE', #5263, #9116, #9612, .T. ) ;
#8368 = CARTESIAN_POINT ( 'NONE',  ( 637.4668989365321750, 891.4467514001033805, 1388.993875154184252 ) ) ;
#8369 = CARTESIAN_POINT ( 'NONE',  ( 697.2466676110526578, 897.4883474008629491, 1388.224160490111444 ) ) ;
#8370 = DIRECTION ( 'NONE',  ( -1.000000000000000000, 0.000000000000000000, 0.000000000000000000 ) ) ;
#8371 = CARTESIAN_POINT ( 'NONE',  ( 652.5503988948173628, 907.9481165441617350, 1289.224160490111444 ) ) ;
#8372 = ORIENTED_EDGE ( 'NONE', *, *, #9471, .F. ) ;
#8373 = ORIENTED_EDGE ( 'NONE', *, *, #6511, .F. ) ;
#8374 = ORIENTED_EDGE ( 'NONE', *, *, #7173, .F. ) ;
#8375 = DIRECTION ( 'NONE',  ( 0.000000000000000000, 0.000000000000000000, 1.000000000000000000 ) ) ;
#8376 = EDGE_CURVE ( 'NONE', #2008, #9546, #4820, .T. ) ;
#8377 = AXIS2_PLACEMENT_3D ( 'NONE', #38, #4809, #6252 ) ;
#8378 = CIRCLE ( 'NONE', #5504, 1.000000000000000888 ) ;
#8379 = DIRECTION ( 'NONE',  ( -1.000000000000000000, 0.000000000000000000, -2.891205793294675368E-16 ) ) ;
#8380 = EDGE_LOOP ( 'NONE', ( #5239, #3846 ) ) ;
#8381 = LINE ( 'NONE', #9839, #8928 ) ;
#8382 = CARTESIAN_POINT ( 'NONE',  ( 680.0503988948172491, 873.9140083379758153, 1377.224160490111672 ) ) ;
#8383 = EDGE_LOOP ( 'NONE', ( #6479, #4939, #2242, #8088 ) ) ;
#8384 = ORIENTED_EDGE ( 'NONE', *, *, #5797, .T. ) ;
#8385 = VERTEX_POINT ( 'NONE', #1011 ) ;
#8386 = CIRCLE ( 'NONE', #7578, 1.000000000000000888 ) ;
#8387 = EDGE_CURVE ( 'NONE', #361, #2608, #5813, .T. ) ;
#8388 = CARTESIAN_POINT ( 'NONE',  ( 685.7963302532907619, 936.9334315995852194, 1388.224160490111444 ) ) ;
#8389 = DIRECTION ( 'NONE',  ( 0.000000000000000000, -1.000000000000000000, -8.673617379884035472E-17 ) ) ;
#8390 = CARTESIAN_POINT ( 'NONE',  ( 699.3080315931637188, 897.9481165441582107, 1399.724160490111444 ) ) ;
#8391 = CARTESIAN_POINT ( 'NONE',  ( 697.6787506029639871, 892.8889007455867386, 1388.224160490111672 ) ) ;
#8392 = ORIENTED_EDGE ( 'NONE', *, *, #8915, .T. ) ;
#8393 = DIRECTION ( 'NONE',  ( -0.9678837029207191245, -6.581721479369976747E-15, 0.2513983643949918578 ) ) ;
#8394 = CARTESIAN_POINT ( 'NONE',  ( 699.3693143602507689, 920.6219033151151052, 1388.639593400944932 ) ) ;
#8395 = EDGE_CURVE ( 'NONE', #9812, #3498, #7185, .T. ) ;
#8396 = COLOUR_RGB ( '',0.7921568627450980005, 0.8196078431372548767, 0.9333333333333333481 ) ;
#8397 = VERTEX_POINT ( 'NONE', #7938 ) ;
#8398 = CARTESIAN_POINT ( 'NONE',  ( 650.5503988948173628, 919.4481165441617350, 1378.224160490111444 ) ) ;
#8399 = ORIENTED_EDGE ( 'NONE', *, *, #1179, .T. ) ;
#8400 = CIRCLE ( 'NONE', #4078, 1.000000000000000888 ) ;
#8401 = CARTESIAN_POINT ( 'NONE',  ( 693.7921470328956275, 889.2349131085616136, 1388.224160490111444 ) ) ;
#8402 = EDGE_CURVE ( 'NONE', #3819, #8847, #8550, .T. ) ;
#8403 = CARTESIAN_POINT ( 'NONE',  ( 696.6535744619975503, 897.9481165441651456, 1388.224160490111444 ) ) ;
#8404 = CARTESIAN_POINT ( 'NONE',  ( 654.9025048999625369, 881.4247473093039389, 1378.224160490111444 ) ) ;
#8405 = ORIENTED_EDGE ( 'NONE', *, *, #7667, .T. ) ;
#8406 = ORIENTED_EDGE ( 'NONE', *, *, #7177, .T. ) ;
#8407 = CIRCLE ( 'NONE', #3771, 0.8000000000000229150 ) ;
#8408 = CYLINDRICAL_SURFACE ( 'NONE', #1694, 3.000000000000002665 ) ;
#8409 = EDGE_CURVE ( 'NONE', #1977, #7407, #280, .T. ) ;
#8410 = DIRECTION ( 'NONE',  ( 1.000000000000000000, 0.000000000000000000, 0.000000000000000000 ) ) ;
#8411 = AXIS2_PLACEMENT_3D ( 'NONE', #5408, #3171, #1764 ) ;
#8412 = CARTESIAN_POINT ( 'NONE',  ( 667.5503988948163396, 907.9481165441617350, 1394.724160490111444 ) ) ;
#8413 = DIRECTION ( 'NONE',  ( 1.000000000000000000, 6.483054158395074660E-15, 0.000000000000000000 ) ) ;
#8414 = CARTESIAN_POINT ( 'NONE',  ( 654.7546109051078247, 881.8534248678975018, 1288.648286472288646 ) ) ;
#8415 = ADVANCED_FACE ( 'NONE', ( #8703 ), #4841, .F. ) ;
#8416 = CARTESIAN_POINT ( 'NONE',  ( 671.5503988948173628, 938.9481165441617350, 1287.224160490111672 ) ) ;
#8417 = FACE_BOUND ( 'NONE', #8822, .T. ) ;
#8418 = FACE_OUTER_BOUND ( 'NONE', #1104, .T. ) ;
#8419 = EDGE_CURVE ( 'NONE', #4784, #2702, #1085, .T. ) ;
#8420 = DIRECTION ( 'NONE',  ( -0.000000000000000000, 0.000000000000000000, 1.000000000000000000 ) ) ;
#8421 = ORIENTED_EDGE ( 'NONE', *, *, #5643, .F. ) ;
#8422 = VERTEX_POINT ( 'NONE', #7885 ) ;
#8423 = ORIENTED_EDGE ( 'NONE', *, *, #8659, .F. ) ;
#8424 = CARTESIAN_POINT ( 'NONE',  ( 636.4365020213238040, 895.5760235209022539, 1388.456471688753027 ) ) ;
#8425 = AXIS2_PLACEMENT_3D ( 'NONE', #9274, #737, #2411 ) ;
#8426 = CIRCLE ( 'NONE', #266, 1.000000000000000888 ) ;
#8427 = LINE ( 'NONE', #5922, #4427 ) ;
#8428 = CYLINDRICAL_SURFACE ( 'NONE', #5648, 1.000000000000000888 ) ;
#8429 = ORIENTED_EDGE ( 'NONE', *, *, #1979, .F. ) ;
#8430 = DIRECTION ( 'NONE',  ( 1.000000000000000000, 0.000000000000000000, 0.000000000000000000 ) ) ;
#8431 = DIRECTION ( 'NONE',  ( 1.000000000000000000, 3.358424649491096563E-15, -0.000000000000000000 ) ) ;
#8432 = ORIENTED_EDGE ( 'NONE', *, *, #1236, .T. ) ;
#8433 = ORIENTED_EDGE ( 'NONE', *, *, #1013, .T. ) ;
#8434 = ORIENTED_EDGE ( 'NONE', *, *, #1662, .T. ) ;
#8435 = AXIS2_PLACEMENT_3D ( 'NONE', #4214, #4364, #8793 ) ;
#8436 = DIRECTION ( 'NONE',  ( -0.000000000000000000, 1.000000000000000000, -0.000000000000000000 ) ) ;
#8437 = FACE_OUTER_BOUND ( 'NONE', #3791, .T. ) ;
#8438 = DIRECTION ( 'NONE',  ( -0.000000000000000000, -0.000000000000000000, -1.000000000000000000 ) ) ;
#8439 = DIRECTION ( 'NONE',  ( -0.000000000000000000, 0.000000000000000000, -1.000000000000000000 ) ) ;
#8440 = ORIENTED_EDGE ( 'NONE', *, *, #523, .F. ) ;
#8441 = AXIS2_PLACEMENT_3D ( 'NONE', #6170, #9045, #9189 ) ;
#8442 = CARTESIAN_POINT ( 'NONE',  ( 635.5928159100833454, 895.8377238935362357, 1389.446029291908189 ) ) ;
#8443 = PLANE ( 'NONE',  #4063 ) ;
#8444 = AXIS2_PLACEMENT_3D ( 'NONE', #906, #8677, #3174 ) ;
#8445 = DIRECTION ( 'NONE',  ( 1.000000000000000000, 6.483054158395074660E-15, 0.000000000000000000 ) ) ;
#8446 = VERTEX_POINT ( 'NONE', #4085 ) ;
#8447 = EDGE_LOOP ( 'NONE', ( #1975, #2788, #8192, #264 ) ) ;
#8448 = VECTOR ( 'NONE', #3369, 1000.000000000000000 ) ;
#8449 = ORIENTED_EDGE ( 'NONE', *, *, #2680, .F. ) ;
#8450 = AXIS2_PLACEMENT_3D ( 'NONE', #6526, #9636, #7373 ) ;
#8451 = CARTESIAN_POINT ( 'NONE',  ( 658.6503988948174992, 888.9481165441617350, 1288.224160490111444 ) ) ;
#8452 = AXIS2_PLACEMENT_3D ( 'NONE', #118, #1627, #4682 ) ;
#8453 = DIRECTION ( 'NONE',  ( 0.000000000000000000, -0.000000000000000000, -1.000000000000000000 ) ) ;
#8454 = CARTESIAN_POINT ( 'NONE',  ( 638.3003988948192955, 917.9481165441651456, 1389.005524610090561 ) ) ;
#8455 = VECTOR ( 'NONE', #6800, 1000.000000000000000 ) ;
#8456 = ORIENTED_EDGE ( 'NONE', *, *, #190, .T. ) ;
#8457 = CARTESIAN_POINT ( 'NONE',  ( 672.5503988948173628, 934.9481165441617350, 1285.224160490111444 ) ) ;
#8458 = ORIENTED_EDGE ( 'NONE', *, *, #6345, .F. ) ;
#8459 = PLANE ( 'NONE',  #898 ) ;
#8460 = MANIFOLD_SOLID_BREP ( 'headpart_3-1-solid1', #4582 ) ;
#8461 = DIRECTION ( 'NONE',  ( -1.000000000000000000, 3.330669073875466592E-13, 0.000000000000000000 ) ) ;
#8462 = CARTESIAN_POINT ( 'NONE',  ( 651.5503988948173628, 909.8623301065347277, 1288.638374052484551 ) ) ;
#8463 = EDGE_CURVE ( 'NONE', #3024, #5438, #7992, .T. ) ;
#8464 = CARTESIAN_POINT ( 'NONE',  ( 695.6894273792728427, 890.2349131085616136, 1388.716960580079558 ) ) ;
#8465 = DIRECTION ( 'NONE',  ( -1.000000000000000000, 1.193489751472043754E-14, 0.000000000000000000 ) ) ;
#8466 = FACE_OUTER_BOUND ( 'NONE', #2794, .T. ) ;
#8467 = LINE ( 'NONE', #1421, #1905 ) ;
#8468 = CARTESIAN_POINT ( 'NONE',  ( 655.2070489340479753, 942.0328878000059376, 1379.176619388285644 ) ) ;
#8469 = CARTESIAN_POINT ( 'NONE',  ( 689.9636023304158243, 929.1613199797623110, 1390.724160490111444 ) ) ;
#8470 = EDGE_CURVE ( 'NONE', #3526, #4660, #7196, .T. ) ;
#8471 = CYLINDRICAL_SURFACE ( 'NONE', #1021, 2.000000000000001776 ) ;
#8472 = EDGE_CURVE ( 'NONE', #1349, #1696, #9362, .T. ) ;
#8473 = DIRECTION ( 'NONE',  ( -9.505334114941407284E-17, 1.000000000000000000, -0.000000000000000000 ) ) ;
#8474 = ORIENTED_EDGE ( 'NONE', *, *, #504, .T. ) ;
#8475 = ORIENTED_EDGE ( 'NONE', *, *, #250, .F. ) ;
#8476 = VECTOR ( 'NONE', #1906, 1000.000000000000000 ) ;
#8477 = ORIENTED_EDGE ( 'NONE', *, *, #9639, .F. ) ;
#8478 = CARTESIAN_POINT ( 'NONE',  ( 703.8003988948173628, 907.9481165441617350, 1379.224160490111444 ) ) ;
#8479 = EDGE_CURVE ( 'NONE', #9254, #7041, #9678, .T. ) ;
#8480 = LINE ( 'NONE', #1714, #1546 ) ;
#8481 = EDGE_CURVE ( 'NONE', #7135, #1585, #2883, .T. ) ;
#8482 = CARTESIAN_POINT ( 'NONE',  ( 654.0503988948173628, 880.9013780744462565, 1377.224160490111444 ) ) ;
#8483 = ORIENTED_EDGE ( 'NONE', *, *, #4540, .T. ) ;
#8484 = CARTESIAN_POINT ( 'NONE',  ( 667.5503988948173628, 877.9481165441617350, 1281.724160490111444 ) ) ;
#8485 = CARTESIAN_POINT ( 'NONE',  ( 680.0845459757305207, 874.6504004360555200, 1377.491872649786728 ) ) ;
#8486 = ORIENTED_EDGE ( 'NONE', *, *, #4954, .T. ) ;
#8487 = ORIENTED_EDGE ( 'NONE', *, *, #9522, .T. ) ;
#8488 = ORIENTED_EDGE ( 'NONE', *, *, #225, .F. ) ;
#8489 = CARTESIAN_POINT ( 'NONE',  ( 696.8003988948192955, 917.9481165441650319, 1394.724160490111444 ) ) ;
#8490 = FACE_OUTER_BOUND ( 'NONE', #8383, .T. ) ;
#8491 = DIRECTION ( 'NONE',  ( 1.000000000000000000, -0.000000000000000000, 0.000000000000000000 ) ) ;
#8492 = CARTESIAN_POINT ( 'NONE',  ( 669.0503988948173628, 888.9481165441617350, 1290.824160490111353 ) ) ;
#8493 = ORIENTED_EDGE ( 'NONE', *, *, #4167, .F. ) ;
#8494 = DIRECTION ( 'NONE',  ( -1.000000000000000000, 0.000000000000000000, 0.000000000000000000 ) ) ;
#8495 = LINE ( 'NONE', #2395, #7101 ) ;
#8496 = SPHERICAL_SURFACE ( 'NONE', #6046, 1.000000000000000000 ) ;
#8497 = VERTEX_POINT ( 'NONE', #4037 ) ;
#8498 = VERTEX_POINT ( 'NONE', #2552 ) ;
#8499 = ORIENTED_EDGE ( 'NONE', *, *, #6506, .T. ) ;
#8500 =( GEOMETRIC_REPRESENTATION_CONTEXT ( 3 ) GLOBAL_UNCERTAINTY_ASSIGNED_CONTEXT ( ( #5545 ) ) GLOBAL_UNIT_ASSIGNED_CONTEXT ( ( #1873, #9679, #1212 ) ) REPRESENTATION_CONTEXT ( 'NONE', 'WORKASPACE' ) );
#8501 = CYLINDRICAL_SURFACE ( 'NONE', #3446, 2.000000000000001776 ) ;
#8502 = DIRECTION ( 'NONE',  ( 0.000000000000000000, -1.000000000000000000, 0.000000000000000000 ) ) ;
#8503 = CARTESIAN_POINT ( 'NONE',  ( 688.7636023304157789, 926.6613199797621974, 1388.224160490111444 ) ) ;
#8504 = ORIENTED_EDGE ( 'NONE', *, *, #3026, .F. ) ;
#8505 = CIRCLE ( 'NONE', #8992, 1.600000000000045830 ) ;
#8506 = DIRECTION ( 'NONE',  ( 0.000000000000000000, 0.000000000000000000, 1.000000000000000000 ) ) ;
#8507 = EDGE_LOOP ( 'NONE', ( #2688, #163, #4476, #2941, #4207, #6626, #7318, #7499 ) ) ;
#8508 = DIRECTION ( 'NONE',  ( 1.000000000000000000, -1.190714193910480863E-14, -0.000000000000000000 ) ) ;
#8509 = DIRECTION ( 'NONE',  ( 1.000000000000000000, 0.000000000000000000, 0.000000000000000000 ) ) ;
#8510 = CIRCLE ( 'NONE', #25, 1.000000000000000888 ) ;
#8511 = CARTESIAN_POINT ( 'NONE',  ( 684.5503988948173628, 888.9481165441617350, 1377.224160490111444 ) ) ;
#8512 = CARTESIAN_POINT ( 'NONE',  ( 700.3080315931636051, 907.9481165441579833, 1396.124160490111308 ) ) ;
#8513 = CARTESIAN_POINT ( 'NONE',  ( 681.0503988948173628, 940.5105565633002698, 1388.224160490111444 ) ) ;
#8514 = LINE ( 'NONE', #9920, #1263 ) ;
#8515 = CIRCLE ( 'NONE', #5639, 1.000000000000067724 ) ;
#8516 = CARTESIAN_POINT ( 'NONE',  ( 688.7636023304106629, 889.2349131085616136, 1388.224160490111444 ) ) ;
#8517 = CARTESIAN_POINT ( 'NONE',  ( 680.2477747843751104, 881.5053095907948091, 1289.090454512907172 ) ) ;
#8518 = CARTESIAN_POINT ( 'NONE',  ( 697.0439298454790560, 924.8815304358821550, 1388.224160490111899 ) ) ;
#8519 = DIRECTION ( 'NONE',  ( 0.000000000000000000, 0.000000000000000000, 1.000000000000000000 ) ) ;
#8520 = DIRECTION ( 'NONE',  ( -1.000000000000000000, -6.827871601444711146E-15, 0.000000000000000000 ) ) ;
#8521 = ORIENTED_EDGE ( 'NONE', *, *, #8608, .F. ) ;
#8522 = ORIENTED_EDGE ( 'NONE', *, *, #3459, .T. ) ;
#8523 = AXIS2_PLACEMENT_3D ( 'NONE', #8066, #8984, #9727 ) ;
#8524 = ORIENTED_EDGE ( 'NONE', *, *, #8632, .F. ) ;
#8525 = EDGE_CURVE ( 'NONE', #8139, #6588, #5596, .T. ) ;
#8526 = ADVANCED_FACE ( 'NONE', ( #2221, #9082 ), #5266, .T. ) ;
#8527 = DIRECTION ( 'NONE',  ( 0.000000000000000000, -1.000000000000000000, -0.000000000000000000 ) ) ;
#8528 = AXIS2_PLACEMENT_3D ( 'NONE', #2017, #4261, #8789 ) ;
#8529 = CARTESIAN_POINT ( 'NONE',  ( 683.5503988948173628, 888.9481165441617350, 1377.224160490111444 ) ) ;
#8530 = ORIENTED_EDGE ( 'NONE', *, *, #2800, .T. ) ;
#8531 = CARTESIAN_POINT ( 'NONE',  ( 667.5503988948163396, 907.9481165441617350, 1388.224160490111444 ) ) ;
#8532 = FACE_BOUND ( 'NONE', #1501, .T. ) ;
#8533 = ORIENTED_EDGE ( 'NONE', *, *, #7679, .T. ) ;
#8534 = EDGE_CURVE ( 'NONE', #1270, #7893, #752, .T. ) ;
#8535 = ORIENTED_EDGE ( 'NONE', *, *, #1422, .F. ) ;
#8536 = ADVANCED_FACE ( 'NONE', ( #1514 ), #804, .F. ) ;
#8537 = ORIENTED_EDGE ( 'NONE', *, *, #4307, .F. ) ;
#8538 = EDGE_CURVE ( 'NONE', #8648, #8098, #9879, .T. ) ;
#8539 = AXIS2_PLACEMENT_3D ( 'NONE', #997, #4049, #243 ) ;
#8540 = DIRECTION ( 'NONE',  ( 0.000000000000000000, 0.000000000000000000, 1.000000000000000000 ) ) ;
#8541 = FACE_OUTER_BOUND ( 'NONE', #312, .T. ) ;
#8542 = DIRECTION ( 'NONE',  ( 1.190714193910480863E-14, 1.000000000000000000, 0.000000000000000000 ) ) ;
#8543 = CYLINDRICAL_SURFACE ( 'NONE', #6443, 1.000000000000000888 ) ;
#8544 = ORIENTED_EDGE ( 'NONE', *, *, #3242, .T. ) ;
#8545 = EDGE_CURVE ( 'NONE', #5725, #8644, #2268, .T. ) ;
#8546 = FACE_OUTER_BOUND ( 'NONE', #9180, .T. ) ;
#8547 = DIRECTION ( 'NONE',  ( 1.000000000000000000, 0.000000000000000000, 0.000000000000000000 ) ) ;
#8548 = FACE_OUTER_BOUND ( 'NONE', #5680, .T. ) ;
#8549 = ORIENTED_EDGE ( 'NONE', *, *, #9854, .T. ) ;
#8550 = CIRCLE ( 'NONE', #5828, 34.25000000000000000 ) ;
#8551 = CIRCLE ( 'NONE', #5180, 1.000000000000000888 ) ;
#8552 = EDGE_LOOP ( 'NONE', ( #5262, #1528, #4923, #7389, #2562, #5551, #4330 ) ) ;
#8553 = EDGE_CURVE ( 'NONE', #286, #6912, #1366, .T. ) ;
#8554 = ORIENTED_EDGE ( 'NONE', *, *, #3032, .T. ) ;
#8555 = EDGE_CURVE ( 'NONE', #6581, #5899, #2169, .T. ) ;
#8556 = CARTESIAN_POINT ( 'NONE',  ( 696.8003988948192955, 917.9481165441650319, 1397.724160490111217 ) ) ;
#8557 = PRODUCT_DEFINITION_CONTEXT ( 'detailed design', #2649, 'design' ) ;
#8558 = CARTESIAN_POINT ( 'NONE',  ( 679.6633615108769391, 942.1153183196760210, 1378.105044178641037 ) ) ;
#8559 = VECTOR ( 'NONE', #7216, 1000.000000000000000 ) ;
#8560 = CARTESIAN_POINT ( 'NONE',  ( 638.3003988948192955, 917.9481165441651456, 1394.724160490111444 ) ) ;
#8561 = ORIENTED_EDGE ( 'NONE', *, *, #632, .T. ) ;
#8562 = FACE_OUTER_BOUND ( 'NONE', #5476, .T. ) ;
#8563 = ORIENTED_EDGE ( 'NONE', *, *, #200, .F. ) ;
#8564 = DIRECTION ( 'NONE',  ( -0.000000000000000000, 0.000000000000000000, -1.000000000000000000 ) ) ;
#8565 = EDGE_CURVE ( 'NONE', #1008, #3155, #5361, .T. ) ;
#8566 = CARTESIAN_POINT ( 'NONE',  ( 666.0503988948174765, 888.9481165441617350, 1290.824160490111353 ) ) ;
#8567 = CARTESIAN_POINT ( 'NONE',  ( 676.5503988948140659, 875.1904838458081031, 1394.724160490111444 ) ) ;
#8568 = AXIS2_PLACEMENT_3D ( 'NONE', #582, #2856, #728 ) ;
#8569 = VECTOR ( 'NONE', #5167, 1000.000000000000000 ) ;
#8570 = LINE ( 'NONE', #144, #2840 ) ;
#8571 = DIRECTION ( 'NONE',  ( -1.000000000000000000, 0.000000000000000000, 0.000000000000000000 ) ) ;
#8572 = DIRECTION ( 'NONE',  ( 0.000000000000000000, 0.000000000000000000, 1.000000000000000000 ) ) ;
#8573 = DIRECTION ( 'NONE',  ( 0.000000000000000000, -1.000000000000000000, 0.000000000000000000 ) ) ;
#8574 = AXIS2_PLACEMENT_3D ( 'NONE', #1384, #5181, #3539 ) ;
#8575 = CARTESIAN_POINT ( 'NONE',  ( 654.1179754227179046, 941.6176805650741244, 1378.480324238130379 ) ) ;
#8576 = CARTESIAN_POINT ( 'NONE',  ( 697.6789821484054528, 923.0063981221184122, 1388.224160490111217 ) ) ;
#8577 = DIRECTION ( 'NONE',  ( -0.000000000000000000, -0.000000000000000000, -1.000000000000000000 ) ) ;
#8578 = DIRECTION ( 'NONE',  ( -1.000000000000000000, 0.000000000000000000, 0.000000000000000000 ) ) ;
#8579 = ORIENTED_EDGE ( 'NONE', *, *, #3695, .F. ) ;
#8580 = ORIENTED_EDGE ( 'NONE', *, *, #4616, .T. ) ;
#8581 =( BOUNDED_SURFACE ( )  B_SPLINE_SURFACE ( 3, 2, ( 
 ( #7658, #9176, #6714 ),
 ( #3067, #9825, #9776 ),
 ( #6763, #2211, #8368 ),
 ( #2875, #6812, #3616 ) ),
 .UNSPECIFIED., .F., .F., .F. ) 
 B_SPLINE_SURFACE_WITH_KNOTS ( ( 4, 4 ),
 ( 3, 3 ),
 ( 3.522855596016030155, 3.703413364050859524 ),
 ( 0.000000000000000000, 1.000000000000000000 ),
 .UNSPECIFIED. ) 
 GEOMETRIC_REPRESENTATION_ITEM ( )  RATIONAL_B_SPLINE_SURFACE ( (
 ( 1.000000000000000000, 0.7852855583897391245, 1.000000000000000000),
 ( 1.000000000000000000, 0.7834933915258021075, 1.000000000000000000),
 ( 1.000000000000000000, 0.7812904459745019237, 1.000000000000000000),
 ( 1.000000000000000000, 0.7787024655634147141, 1.000000000000000000) ) ) 
 REPRESENTATION_ITEM ( '' )  SURFACE ( )  );
#8582 = VERTEX_POINT ( 'NONE', #3125 ) ;
#8583 = CARTESIAN_POINT ( 'NONE',  ( 698.0451840259871688, 897.9079971457666716, 1388.295663444003594 ) ) ;
#8584 = CARTESIAN_POINT ( 'NONE',  ( 699.9224234456740987, 919.2421587325160317, 1389.499852871917028 ) ) ;
#8585 = CIRCLE ( 'NONE', #4735, 34.25000000000000000 ) ;
#8586 = CARTESIAN_POINT ( 'NONE',  ( 677.5503988948192955, 939.7057492425150258, 1394.724160490111444 ) ) ;
#8587 = DIRECTION ( 'NONE',  ( -0.000000000000000000, 0.000000000000000000, -1.000000000000000000 ) ) ;
#8588 = CARTESIAN_POINT ( 'NONE',  ( 635.4489690867561649, 917.9481165441651456, 1389.746155729068050 ) ) ;
#8589 = FACE_BOUND ( 'NONE', #8702, .T. ) ;
#8590 = EDGE_LOOP ( 'NONE', ( #6487, #3443, #2750 ) ) ;
#8591 = ORIENTED_EDGE ( 'NONE', *, *, #6166, .T. ) ;
#8592 = VERTEX_POINT ( 'NONE', #6067 ) ;
#8593 = CIRCLE ( 'NONE', #4263, 1.600000000000045830 ) ;
#8594 = DIRECTION ( 'NONE',  ( -0.000000000000000000, 0.000000000000000000, 1.000000000000000000 ) ) ;
#8595 = CARTESIAN_POINT ( 'NONE',  ( 671.5503988948173628, 939.9481165441617350, 1283.224160490111672 ) ) ;
#8596 = EDGE_CURVE ( 'NONE', #3647, #7873, #3916, .T. ) ;
#8597 = CARTESIAN_POINT ( 'NONE',  ( 638.4472233276412680, 918.2534772022568177, 1388.224160490111444 ) ) ;
#8598 = CARTESIAN_POINT ( 'NONE',  ( 695.9408257436725762, 925.6613199797623110, 1387.749076877159041 ) ) ;
#8599 = VERTEX_POINT ( 'NONE', #5968 ) ;
#8600 = DIRECTION ( 'NONE',  ( -1.000000000000000000, 0.000000000000000000, 0.000000000000000000 ) ) ;
#8601 = DIRECTION ( 'NONE',  ( 0.000000000000000000, 0.000000000000000000, 1.000000000000000000 ) ) ;
#8602 = LINE ( 'NONE', #777, #8942 ) ;
#8603 = ORIENTED_EDGE ( 'NONE', *, *, #8976, .T. ) ;
#8604 = ORIENTED_EDGE ( 'NONE', *, *, #2906, .F. ) ;
#8605 = ADVANCED_FACE ( 'NONE', ( #2321 ), #9782, .F. ) ;
#8606 = AXIS2_PLACEMENT_3D ( 'NONE', #6159, #7565, #9228 ) ;
#8607 = ORIENTED_EDGE ( 'NONE', *, *, #4134, .T. ) ;
#8608 = EDGE_CURVE ( 'NONE', #6092, #8957, #8991, .T. ) ;
#8609 = DIRECTION ( 'NONE',  ( -1.000000000000000000, 9.592309208192977632E-17, 0.000000000000000000 ) ) ;
#8610 = DIRECTION ( 'NONE',  ( -1.000000000000000000, 0.000000000000000000, 0.000000000000000000 ) ) ;
#8611 = CIRCLE ( 'NONE', #6530, 1.000000000000000888 ) ;
#8612 = EDGE_CURVE ( 'NONE', #6266, #1223, #3075, .T. ) ;
#8613 = AXIS2_PLACEMENT_3D ( 'NONE', #6216, #9329, #7909 ) ;
#8614 = LINE ( 'NONE', #7247, #3407 ) ;
#8615 = VERTEX_POINT ( 'NONE', #6110 ) ;
#8616 = CARTESIAN_POINT ( 'NONE',  ( 684.5503988948173628, 919.4481165441617350, 1377.224160490111444 ) ) ;
#8617 = ORIENTED_EDGE ( 'NONE', *, *, #9592, .T. ) ;
#8618 = LINE ( 'NONE', #33, #2990 ) ;
#8619 = DIRECTION ( 'NONE',  ( 0.000000000000000000, 0.000000000000000000, -1.000000000000000000 ) ) ;
#8620 = AXIS2_PLACEMENT_3D ( 'NONE', #1351, #7510, #6001 ) ;
#8621 = CARTESIAN_POINT ( 'NONE',  ( 638.3003988948141796, 897.9160002470788413, 1388.745784350350050 ) ) ;
#8622 = CARTESIAN_POINT ( 'NONE',  ( 671.5503988948173628, 937.9481165441617350, 1282.224160490111444 ) ) ;
#8623 = AXIS2_PLACEMENT_3D ( 'NONE', #7881, #6540, #3391 ) ;
#8624 = VECTOR ( 'NONE', #8670, 1000.000000000000000 ) ;
#8625 = CARTESIAN_POINT ( 'NONE',  ( 696.8003988948192955, 907.9481165441649182, 1388.745784350350050 ) ) ;
#8626 = LINE ( 'NONE', #2619, #5880 ) ;
#8627 = DIRECTION ( 'NONE',  ( -1.000000000000000000, 0.000000000000000000, 0.000000000000000000 ) ) ;
#8628 = AXIS2_PLACEMENT_3D ( 'NONE', #7928, #8491, #317 ) ;
#8629 = DIRECTION ( 'NONE',  ( 0.000000000000000000, 1.000000000000000000, 0.000000000000000000 ) ) ;
#8630 = CARTESIAN_POINT ( 'NONE',  ( 679.5503988948139522, 878.0138134789452806, 1394.724160490111444 ) ) ;
#8631 = CARTESIAN_POINT ( 'NONE',  ( 673.5503988948173628, 888.9481165441617350, 1378.224160490111444 ) ) ;
#8632 = EDGE_CURVE ( 'NONE', #3940, #3935, #6134, .T. ) ;
#8633 = VERTEX_POINT ( 'NONE', #9183 ) ;
#8634 = CARTESIAN_POINT ( 'NONE',  ( 699.5032767033313803, 895.8489719366368718, 1388.674388814766417 ) ) ;
#8635 = PLANE ( 'NONE',  #8877 ) ;
#8636 = AXIS2_PLACEMENT_3D ( 'NONE', #3337, #6977, #9297 ) ;
#8637 = DIRECTION ( 'NONE',  ( -0.000000000000000000, -0.000000000000000000, -1.000000000000000000 ) ) ;
#8638 = DIRECTION ( 'NONE',  ( -1.000000000000000000, 1.893515102561680783E-15, 0.000000000000000000 ) ) ;
#8639 = DIRECTION ( 'NONE',  ( 0.000000000000000000, -0.000000000000000000, -1.000000000000000000 ) ) ;
#8640 = CIRCLE ( 'NONE', #1594, 0.9999999999998898659 ) ;
#8641 = FACE_OUTER_BOUND ( 'NONE', #9095, .T. ) ;
#8642 = VERTEX_POINT ( 'NONE', #7668 ) ;
#8643 = VERTEX_POINT ( 'NONE', #7522 ) ;
#8644 = VERTEX_POINT ( 'NONE', #9834 ) ;
#8645 = DIRECTION ( 'NONE',  ( -0.9678837029207192355, -3.223700316426113636E-15, -0.2513983643949920244 ) ) ;
#8646 = DIRECTION ( 'NONE',  ( -1.000000000000000000, 0.000000000000000000, 0.000000000000000000 ) ) ;
#8647 = CARTESIAN_POINT ( 'NONE',  ( 677.2796930052397784, 890.2349131085614999, 1383.935211392019028 ) ) ;
#8648 = VERTEX_POINT ( 'NONE', #704 ) ;
#8649 = PLANE ( 'NONE',  #5081 ) ;
#8650 = CARTESIAN_POINT ( 'NONE',  ( 674.5503988948140659, 907.9481165441579833, 1397.724160490111217 ) ) ;
#8651 = CARTESIAN_POINT ( 'NONE',  ( 683.5503988948173628, 888.9481165441617350, 1281.724160490111444 ) ) ;
#8652 = EDGE_LOOP ( 'NONE', ( #8202, #9062, #7398, #6442, #7439, #7649 ) ) ;
#8653 = EDGE_CURVE ( 'NONE', #374, #3498, #5676, .T. ) ;
#8654 = ORIENTED_EDGE ( 'NONE', *, *, #1185, .F. ) ;
#8655 = ORIENTED_EDGE ( 'NONE', *, *, #8659, .T. ) ;
#8656 = CARTESIAN_POINT ( 'NONE',  ( 679.2927352124816025, 941.0991147767407483, 1378.201925489224777 ) ) ;
#8657 = LINE ( 'NONE', #2704, #2009 ) ;
#8658 = CARTESIAN_POINT ( 'NONE',  ( 680.0163959256993849, 940.5386810207377266, 1377.491308356231457 ) ) ;
#8659 = EDGE_CURVE ( 'NONE', #5370, #8397, #48, .T. ) ;
#8660 = DIRECTION ( 'NONE',  ( 0.000000000000000000, 0.000000000000000000, -1.000000000000000000 ) ) ;
#8661 = EDGE_CURVE ( 'NONE', #4489, #1160, #5416, .T. ) ;
#8662 = ORIENTED_EDGE ( 'NONE', *, *, #1380, .F. ) ;
#8663 = CARTESIAN_POINT ( 'NONE',  ( 666.5503988948173628, 937.9481165441617350, 1288.224160490111444 ) ) ;
#8664 = ORIENTED_EDGE ( 'NONE', *, *, #89, .F. ) ;
#8665 = DIRECTION ( 'NONE',  ( 1.000000000000000000, -0.000000000000000000, -1.734723475976805319E-15 ) ) ;
#8666 = DIRECTION ( 'NONE',  ( -1.000000000000000000, -4.014402029361098735E-15, 0.000000000000000000 ) ) ;
#8667 = EDGE_CURVE ( 'NONE', #5122, #2448, #7905, .T. ) ;
#8668 = LINE ( 'NONE', #3856, #1658 ) ;
#8669 = AXIS2_PLACEMENT_3D ( 'NONE', #2408, #994, #1700 ) ;
#8670 = DIRECTION ( 'NONE',  ( 1.000000000000000000, 0.000000000000000000, 0.000000000000000000 ) ) ;
#8671 = CARTESIAN_POINT ( 'NONE',  ( 654.7878183171304727, 881.6925542389748216, 1288.828626905492001 ) ) ;
#8672 = AXIS2_PLACEMENT_3D ( 'NONE', #892, #8983, #7515 ) ;
#8673 = CARTESIAN_POINT ( 'NONE',  ( 655.7241577600656228, 942.2147551394880338, 1379.224160490111444 ) ) ;
#8674 = EDGE_CURVE ( 'NONE', #3351, #5579, #9232, .T. ) ;
#8675 = DIRECTION ( 'NONE',  ( -3.580469254416132998E-15, -1.000000000000000000, -2.703465157366451580E-15 ) ) ;
#8676 = CARTESIAN_POINT ( 'NONE',  ( 634.9598344182414849, 920.4141135750437570, 1377.491308356231457 ) ) ;
#8677 = DIRECTION ( 'NONE',  ( -1.000000000000000000, 1.236786676975318686E-16, 0.000000000000000000 ) ) ;
#8678 = VERTEX_POINT ( 'NONE', #8478 ) ;
#8679 = CARTESIAN_POINT ( 'NONE',  ( 698.7130752200921506, 896.2164113367607570, 1388.469141676230038 ) ) ;
#8680 = VECTOR ( 'NONE', #9064, 1000.000000000000000 ) ;
#8681 = DIRECTION ( 'NONE',  ( -0.000000000000000000, 0.000000000000000000, -1.000000000000000000 ) ) ;
#8682 = DIRECTION ( 'NONE',  ( 0.000000000000000000, 0.000000000000000000, 1.000000000000000000 ) ) ;
#8683 = FACE_OUTER_BOUND ( 'NONE', #6541, .T. ) ;
#8684 = VECTOR ( 'NONE', #16, 1000.000000000000000 ) ;
#8685 = CARTESIAN_POINT ( 'NONE',  ( 680.9164607084795762, 874.2512465858283122, 1379.176645664573698 ) ) ;
#8686 = ORIENTED_EDGE ( 'NONE', *, *, #8912, .F. ) ;
#8687 = ORIENTED_EDGE ( 'NONE', *, *, #364, .T. ) ;
#8688 = ORIENTED_EDGE ( 'NONE', *, *, #5391, .F. ) ;
#8689 = ADVANCED_FACE ( 'NONE', ( #6319 ), #3757, .T. ) ;
#8690 = CIRCLE ( 'NONE', #7252, 0.8000000000000229150 ) ;
#8691 = CARTESIAN_POINT ( 'NONE',  ( 672.5503988948173628, 937.9481165441617350, 1287.224160490111672 ) ) ;
#8692 = CARTESIAN_POINT ( 'NONE',  ( 638.3003988948141796, 900.9481165441580970, 1400.724160490111217 ) ) ;
#8693 = CYLINDRICAL_SURFACE ( 'NONE', #5312, 3.000000000000002665 ) ;
#8694 = EDGE_LOOP ( 'NONE', ( #6947, #4287, #4281, #7826 ) ) ;
#8695 =( BOUNDED_SURFACE ( )  B_SPLINE_SURFACE ( 3, 2, ( 
 ( #3399, #6350, #7140 ),
 ( #1640, #6447, #282 ),
 ( #4088, #3254, #9309 ),
 ( #8658, #9413, #9509 ),
 ( #1087, #1035, #6294 ),
 ( #179, #6402, #7091 ),
 ( #2653, #3355, #2603 ),
 ( #9361, #2452, #4139 ),
 ( #7044, #5642, #2505 ),
 ( #2556, #1746, #5546 ),
 ( #4744, #7791, #4843 ),
 ( #5599, #8558, #7742 ),
 ( #4892, #8705, #5493 ),
 ( #6992, #1843, #7199 ) ),
 .UNSPECIFIED., .F., .F., .F. ) 
 B_SPLINE_SURFACE_WITH_KNOTS ( ( 4, 2, 2, 2, 2, 2, 4 ),
 ( 3, 3 ),
 ( 0.001269977243868803014, 0.001674424981671514354, 0.002078872719474225694, 0.002887768195079648374, 0.003292215932882359714, 0.003696663670685071054, 0.004505559146290493734 ),
 ( 0.000000000000000000, 1.000000000000000000 ),
 .UNSPECIFIED. ) 
 GEOMETRIC_REPRESENTATION_ITEM ( )  RATIONAL_B_SPLINE_SURFACE ( (
 ( 1.000000000000000000, 0.5554373396682871222, 1.000000000000000000),
 ( 1.000000000000000000, 0.5554397727342366142, 1.000000000000000000),
 ( 1.000000000000000000, 0.5568189362036317647, 1.000000000000000000),
 ( 1.000000000000000000, 0.5621084032733101310, 1.000000000000000000),
 ( 1.000000000000000000, 0.5660867106530580450, 1.000000000000000000),
 ( 1.000000000000000000, 0.5809537945671846559, 1.000000000000000000),
 ( 1.000000000000000000, 0.5950092155507794578, 1.000000000000000000),
 ( 1.000000000000000000, 0.6182159576235132237, 1.000000000000000000),
 ( 1.000000000000000000, 0.6264155182848524239, 1.000000000000000000),
 ( 1.000000000000000000, 0.6429870763740458406, 1.000000000000000000),
 ( 1.000000000000000000, 0.6513027582128615434, 1.000000000000000000),
 ( 1.000000000000000000, 0.6761448624432254695, 1.000000000000000000),
 ( 1.000000000000000000, 0.6925288202432478002, 1.000000000000000000),
 ( 1.000000000000000000, 0.7071067811865475727, 1.000000000000000000) ) ) 
 REPRESENTATION_ITEM ( '' )  SURFACE ( )  );
#8696 = DIRECTION ( 'NONE',  ( 0.000000000000000000, -0.000000000000000000, 1.000000000000000000 ) ) ;
#8697 = LINE ( 'NONE', #4883, #2963 ) ;
#8698 = DIRECTION ( 'NONE',  ( 8.049116928532400695E-16, 1.000000000000000000, -0.000000000000000000 ) ) ;
#8699 = ORIENTED_EDGE ( 'NONE', *, *, #8481, .T. ) ;
#8700 = ORIENTED_EDGE ( 'NONE', *, *, #2972, .F. ) ;
#8701 = ADVANCED_FACE ( 'NONE', ( #854 ), #6194, .F. ) ;
#8702 = EDGE_LOOP ( 'NONE', ( #2434, #1637 ) ) ;
#8703 = FACE_OUTER_BOUND ( 'NONE', #8152, .T. ) ;
#8704 = DIRECTION ( 'NONE',  ( 1.000000000000000000, 0.000000000000000000, 0.000000000000000000 ) ) ;
#8705 = CARTESIAN_POINT ( 'NONE',  ( 679.5272684959395519, 942.1627696318424796, 1378.181912860748525 ) ) ;
#8706 = CARTESIAN_POINT ( 'NONE',  ( 687.3503988948174310, 928.9481165441617350, 1295.724160490111444 ) ) ;
#8707 = ORIENTED_EDGE ( 'NONE', *, *, #5554, .T. ) ;
#8708 = DIRECTION ( 'NONE',  ( 0.000000000000000000, 0.000000000000000000, 1.000000000000000000 ) ) ;
#8709 = CIRCLE ( 'NONE', #49, 11.00000000000001066 ) ;
#8710 = VECTOR ( 'NONE', #7564, 1000.000000000000000 ) ;
#8711 = ORIENTED_EDGE ( 'NONE', *, *, #3759, .T. ) ;
#8712 = DIRECTION ( 'NONE',  ( 0.000000000000000000, 0.000000000000000000, -1.000000000000000000 ) ) ;
#8713 = DIRECTION ( 'NONE',  ( 1.000000000000000000, 3.358424649491096563E-15, -0.000000000000000000 ) ) ;
#8714 = ADVANCED_FACE ( 'NONE', ( #9286 ), #6220, .T. ) ;
#8715 = CARTESIAN_POINT ( 'NONE',  ( 635.7927661964699837, 916.9481165441651456, 1394.724160490111444 ) ) ;
#8716 = VECTOR ( 'NONE', #5588, 1000.000000000000000 ) ;
#8717 = DIRECTION ( 'NONE',  ( -1.893515102561680783E-15, -1.000000000000000000, -0.000000000000000000 ) ) ;
#8718 = DIRECTION ( 'NONE',  ( 1.000000000000000000, 0.000000000000000000, 0.000000000000000000 ) ) ;
#8719 = DIRECTION ( 'NONE',  ( -1.236786676975587145E-16, -1.000000000000000000, 0.000000000000000000 ) ) ;
#8720 = EDGE_CURVE ( 'NONE', #9468, #7131, #4550, .T. ) ;
#8721 = VERTEX_POINT ( 'NONE', #3321 ) ;
#8722 = CARTESIAN_POINT ( 'NONE',  ( 636.3530575054518295, 920.0033128694761899, 1388.478145588980624 ) ) ;
#8723 = CARTESIAN_POINT ( 'NONE',  ( 651.5503988948173628, 919.4481165441617350, 1377.224160490111444 ) ) ;
#8724 = VECTOR ( 'NONE', #2122, 1000.000000000000000 ) ;
#8725 = ORIENTED_EDGE ( 'NONE', *, *, #7222, .T. ) ;
#8726 = CARTESIAN_POINT ( 'NONE',  ( 656.0503988948174765, 923.9481165441617350, 1377.224160490111444 ) ) ;
#8727 = CARTESIAN_POINT ( 'NONE',  ( 697.4847019600267686, 897.9481165441580970, 1389.183265665989666 ) ) ;
#8728 = ORIENTED_EDGE ( 'NONE', *, *, #7193, .F. ) ;
#8729 = DIRECTION ( 'NONE',  ( 0.000000000000000000, 0.000000000000000000, 1.000000000000000000 ) ) ;
#8730 = VECTOR ( 'NONE', #76, 1000.000000000000000 ) ;
#8731 = EDGE_CURVE ( 'NONE', #2819, #6183, #6370, .T. ) ;
#8732 = CARTESIAN_POINT ( 'NONE',  ( 634.7927661964636172, 907.9481165441582107, 1374.668558774804069 ) ) ;
#8733 = EDGE_CURVE ( 'NONE', #1295, #1836, #6951, .T. ) ;
#8734 = DIRECTION ( 'NONE',  ( -1.000000000000000000, 0.000000000000000000, 0.000000000000000000 ) ) ;
#8735 = EDGE_CURVE ( 'NONE', #6503, #4177, #2654, .T. ) ;
#8736 = CARTESIAN_POINT ( 'NONE',  ( 639.9003535357434203, 889.2824787066908812, 1388.224160490111672 ) ) ;
#8737 = AXIS2_PLACEMENT_3D ( 'NONE', #904, #3962, #7015 ) ;
#8738 = CARTESIAN_POINT ( 'NONE',  ( 635.7597049418361621, 895.2039304976464109, 1389.424355391673316 ) ) ;
#8739 = DIRECTION ( 'NONE',  ( -1.000000000000000000, 0.000000000000000000, 0.000000000000000000 ) ) ;
#8740 = VECTOR ( 'NONE', #1286, 1000.000000000000000 ) ;
#8741 = ORIENTED_EDGE ( 'NONE', *, *, #8300, .T. ) ;
#8742 = ORIENTED_EDGE ( 'NONE', *, *, #8968, .F. ) ;
#8743 = ORIENTED_EDGE ( 'NONE', *, *, #2410, .F. ) ;
#8744 = EDGE_CURVE ( 'NONE', #2892, #8422, #9530, .T. ) ;
#8745 = CIRCLE ( 'NONE', #3145, 1.600000000000045830 ) ;
#8746 = DIRECTION ( 'NONE',  ( -0.000000000000000000, -0.000000000000000000, -1.000000000000000000 ) ) ;
#8747 = CARTESIAN_POINT ( 'NONE',  ( 655.0503988951350038, 873.9140083378549662, 1377.393804789499654 ) ) ;
#8748 = FACE_OUTER_BOUND ( 'NONE', #6050, .T. ) ;
#8749 = ORIENTED_EDGE ( 'NONE', *, *, #1560, .T. ) ;
#8750 = DIRECTION ( 'NONE',  ( 1.000000000000000000, 0.000000000000000000, 0.000000000000000000 ) ) ;
#8751 = CARTESIAN_POINT ( 'NONE',  ( 680.3006449027079725, 882.2602225745247324, 1288.354161176221623 ) ) ;
#8752 = LINE ( 'NONE', #8083, #1413 ) ;
#8753 = ORIENTED_EDGE ( 'NONE', *, *, #7648, .F. ) ;
#8754 = ORIENTED_EDGE ( 'NONE', *, *, #5327, .T. ) ;
#8755 = ORIENTED_EDGE ( 'NONE', *, *, #9165, .F. ) ;
#8756 = PRESENTATION_STYLE_ASSIGNMENT (( #2703 ) ) ;
#8757 = DIRECTION ( 'NONE',  ( -0.000000000000000000, 0.000000000000000000, -1.000000000000000000 ) ) ;
#8758 = CARTESIAN_POINT ( 'NONE',  ( 657.5503988948141796, 876.1904838458081031, 1397.724160490111217 ) ) ;
#8759 =( BOUNDED_CURVE ( )  B_SPLINE_CURVE ( 3, ( #3805, #6858, #3214, #9918 ),
 .UNSPECIFIED., .F., .T. ) 
 B_SPLINE_CURVE_WITH_KNOTS ( ( 4, 4 ),
 ( 4.712388980384691450, 4.966513729940445820 ),
 .UNSPECIFIED. ) 
 CURVE ( )  GEOMETRIC_REPRESENTATION_ITEM ( )  RATIONAL_B_SPLINE_CURVE ( ( 1.000000000000000000, 0.9946256208567332280, 0.9946256208567332280, 1.000000000000000000 ) ) 
 REPRESENTATION_ITEM ( '' )  );
#8760 = DIRECTION ( 'NONE',  ( 0.000000000000000000, 1.000000000000000000, 0.000000000000000000 ) ) ;
#8761 = VECTOR ( 'NONE', #8001, 1000.000000000000000 ) ;
#8762 = ORIENTED_EDGE ( 'NONE', *, *, #3695, .T. ) ;
#8763 = CARTESIAN_POINT ( 'NONE',  ( 637.6160958296067065, 917.9481165441651456, 1389.183265665989666 ) ) ;
#8764 = AXIS2_PLACEMENT_3D ( 'NONE', #5314, #8379, #3824 ) ;
#8765 = ORIENTED_EDGE ( 'NONE', *, *, #3602, .T. ) ;
#8766 = CARTESIAN_POINT ( 'NONE',  ( 657.5503988948192955, 939.7057492425151395, 1397.724160490111217 ) ) ;
#8767 = ORIENTED_EDGE ( 'NONE', *, *, #1622, .F. ) ;
#8768 = CARTESIAN_POINT ( 'NONE',  ( 685.7963302532856460, 878.9628014887382506, 1388.224160490111444 ) ) ;
#8769 = DIRECTION ( 'NONE',  ( -0.000000000000000000, 0.000000000000000000, -1.000000000000000000 ) ) ;
#8770 = AXIS2_PLACEMENT_3D ( 'NONE', #3618, #2118, #1169 ) ;
#8771 = DIRECTION ( 'NONE',  ( -0.000000000000000000, -0.000000000000000000, -1.000000000000000000 ) ) ;
#8772 = CARTESIAN_POINT ( 'NONE',  ( 679.5503988948173628, 917.9481165441617350, 1298.224160490111444 ) ) ;
#8773 = EDGE_LOOP ( 'NONE', ( #6169, #4837, #4509, #5150 ) ) ;
#8774 = CARTESIAN_POINT ( 'NONE',  ( 698.8452951886273468, 918.4420514482515046, 1388.503484525195745 ) ) ;
#8775 = CARTESIAN_POINT ( 'NONE',  ( 703.8003988948166807, 907.9481165441650319, 1394.724160490111444 ) ) ;
#8776 = VECTOR ( 'NONE', #1615, 1000.000000000000000 ) ;
#8777 = EDGE_CURVE ( 'NONE', #1176, #4646, #2158, .T. ) ;
#8778 = ORIENTED_EDGE ( 'NONE', *, *, #2800, .F. ) ;
#8779 = CARTESIAN_POINT ( 'NONE',  ( 654.8820891372361075, 882.4564861900086044, 1288.261436768729254 ) ) ;
#8780 = CIRCLE ( 'NONE', #7331, 1.000000000000004441 ) ;
#8781 = LINE ( 'NONE', #2818, #4926 ) ;
#8782 = CIRCLE ( 'NONE', #7008, 34.25000000000000000 ) ;
#8783 = CIRCLE ( 'NONE', #2884, 35.25000000000000000 ) ;
#8784 = VERTEX_POINT ( 'NONE', #8879 ) ;
#8785 = CYLINDRICAL_SURFACE ( 'NONE', #1204, 1.000000000000000888 ) ;
#8786 = DIRECTION ( 'NONE',  ( -0.000000000000000000, -0.000000000000000000, -1.000000000000000000 ) ) ;
#8787 = SURFACE_STYLE_USAGE ( .BOTH. , #3564 ) ;
#8788 = EDGE_CURVE ( 'NONE', #7143, #6561, #1112, .T. ) ;
#8789 = DIRECTION ( 'NONE',  ( -4.968248035197575518E-15, -1.000000000000000000, 0.000000000000000000 ) ) ;
#8790 = AXIS2_PLACEMENT_3D ( 'NONE', #9807, #5244, #2349 ) ;
#8791 = EDGE_CURVE ( 'NONE', #9117, #4574, #401, .T. ) ;
#8792 = FACE_OUTER_BOUND ( 'NONE', #155, .T. ) ;
#8793 = DIRECTION ( 'NONE',  ( 1.000000000000000000, 0.000000000000000000, 0.000000000000000000 ) ) ;
#8794 = EDGE_CURVE ( 'NONE', #3380, #5917, #7280, .T. ) ;
#8795 = ORIENTED_EDGE ( 'NONE', *, *, #378, .F. ) ;
#8796 = EDGE_LOOP ( 'NONE', ( #7425, #1538, #5749, #2433 ) ) ;
#8797 = ORIENTED_EDGE ( 'NONE', *, *, #1137, .T. ) ;
#8798 = EDGE_CURVE ( 'NONE', #6581, #6066, #6610, .T. ) ;
#8799 = AXIS2_PLACEMENT_3D ( 'NONE', #620, #5230, #8293 ) ;
#8800 = DIRECTION ( 'NONE',  ( -1.000000000000000000, -6.827871601444711146E-15, 0.000000000000000000 ) ) ;
#8801 = CARTESIAN_POINT ( 'NONE',  ( 654.7915335218675636, 874.8098181125483279, 1377.898730519849096 ) ) ;
#8802 = CARTESIAN_POINT ( 'NONE',  ( 684.5503988948173628, 919.4481165441617350, 1377.224160490111444 ) ) ;
#8803 = ORIENTED_EDGE ( 'NONE', *, *, #8777, .F. ) ;
#8804 = DIRECTION ( 'NONE',  ( 0.000000000000000000, -1.000000000000000000, -0.000000000000000000 ) ) ;
#8805 = CARTESIAN_POINT ( 'NONE',  ( 637.5965097581566852, 892.2517415568763681, 1388.224160490111899 ) ) ;
#8806 = DIRECTION ( 'NONE',  ( 0.000000000000000000, 0.000000000000000000, 1.000000000000000000 ) ) ;
#8807 = VERTEX_POINT ( 'NONE', #5666 ) ;
#8808 = ORIENTED_EDGE ( 'NONE', *, *, #1403, .F. ) ;
#8809 = EDGE_LOOP ( 'NONE', ( #7388, #4268, #8797 ) ) ;
#8810 = DIRECTION ( 'NONE',  ( -0.000000000000000000, -0.000000000000000000, -1.000000000000000000 ) ) ;
#8811 = CARTESIAN_POINT ( 'NONE',  ( 654.8062128483022661, 876.1574225911800795, 1394.724160490111444 ) ) ;
#8812 = FACE_OUTER_BOUND ( 'NONE', #9610, .T. ) ;
#8813 = EDGE_LOOP ( 'NONE', ( #483, #8971, #6808, #9583 ) ) ;
#8814 = ORIENTED_EDGE ( 'NONE', *, *, #332, .T. ) ;
#8815 = DIRECTION ( 'NONE',  ( 4.014402029361099523E-15, -1.000000000000000000, 0.000000000000000000 ) ) ;
#8816 = VERTEX_POINT ( 'NONE', #1261 ) ;
#8817 = LINE ( 'NONE', #4952, #8761 ) ;
#8818 = DIRECTION ( 'NONE',  ( 0.000000000000000000, 0.000000000000000000, 1.000000000000000000 ) ) ;
#8819 = ADVANCED_FACE ( 'NONE', ( #3376 ), #4208, .T. ) ;
#8820 = CARTESIAN_POINT ( 'NONE',  ( 696.6535744619924344, 907.9481165441579833, 1388.224160490111444 ) ) ;
#8821 = CARTESIAN_POINT ( 'NONE',  ( 674.5503988948140659, 876.1904838458079894, 1400.724160490111217 ) ) ;
#8822 = EDGE_LOOP ( 'NONE', ( #6289, #2803 ) ) ;
#8823 = CARTESIAN_POINT ( 'NONE',  ( 688.7636023304106629, 889.2349131085616136, 1339.722160490111492 ) ) ;
#8824 = ORIENTED_EDGE ( 'NONE', *, *, #980, .F. ) ;
#8825 = CARTESIAN_POINT ( 'NONE',  ( 633.4782239681608189, 920.3436565889617214, 1377.806246354081850 ) ) ;
#8826 = CARTESIAN_POINT ( 'NONE',  ( 702.8003988948173628, 907.9481165441617350, 1378.224160490111444 ) ) ;
#8827 = ORIENTED_EDGE ( 'NONE', *, *, #2727, .F. ) ;
#8828 = LINE ( 'NONE', #4912, #9843 ) ;
#8829 = CARTESIAN_POINT ( 'NONE',  ( 688.5503988948173628, 928.9481165441617350, 1295.724160490111444 ) ) ;
#8830 = AXIS2_PLACEMENT_3D ( 'NONE', #7943, #4748, #3996 ) ;
#8831 = CARTESIAN_POINT ( 'NONE',  ( 656.0503988948174765, 923.9481165441617350, 1281.724160490111444 ) ) ;
#8832 = LINE ( 'NONE', #1971, #9175 ) ;
#8833 = CIRCLE ( 'NONE', #343, 1.000000000000000888 ) ;
#8834 = DIRECTION ( 'NONE',  ( 0.000000000000000000, 0.000000000000000000, -1.000000000000000000 ) ) ;
#8835 = CARTESIAN_POINT ( 'NONE',  ( 638.3003988948141796, 897.9160002470788413, 1388.745784350350050 ) ) ;
#8836 = AXIS2_PLACEMENT_3D ( 'NONE', #4336, #7396, #526 ) ;
#8837 = ORIENTED_EDGE ( 'NONE', *, *, #271, .F. ) ;
#8838 = ORIENTED_EDGE ( 'NONE', *, *, #7379, .T. ) ;
#8839 = EDGE_CURVE ( 'NONE', #6451, #3647, #3516, .T. ) ;
#8840 = CIRCLE ( 'NONE', #4671, 0.9999999999998898659 ) ;
#8841 = ORIENTED_EDGE ( 'NONE', *, *, #2668, .T. ) ;
#8842 = ADVANCED_FACE ( 'NONE', ( #2679 ), #353, .F. ) ;
#8843 = CARTESIAN_POINT ( 'NONE',  ( 701.4113817688473773, 923.2135321120770186, 1388.224160490111444 ) ) ;
#8844 = CARTESIAN_POINT ( 'NONE',  ( 654.6682546453114355, 874.0596713007432754, 1378.035628443377391 ) ) ;
#8845 = AXIS2_PLACEMENT_3D ( 'NONE', #7443, #5043, #8860 ) ;
#8846 = CARTESIAN_POINT ( 'NONE',  ( 633.2837602994910640, 919.7743576789134750, 1379.224160490111444 ) ) ;
#8847 = VERTEX_POINT ( 'NONE', #4258 ) ;
#8848 = CARTESIAN_POINT ( 'NONE',  ( 699.3080315931637188, 900.9481165441580970, 1397.724160490111217 ) ) ;
#8849 = EDGE_CURVE ( 'NONE', #9117, #3700, #8828, .T. ) ;
#8850 = EDGE_CURVE ( 'NONE', #5147, #469, #5520, .T. ) ;
#8851 = DIRECTION ( 'NONE',  ( 0.000000000000000000, 0.000000000000000000, -1.000000000000000000 ) ) ;
#8852 = EDGE_LOOP ( 'NONE', ( #5196, #8399, #4329, #657 ) ) ;
#8853 = VERTEX_POINT ( 'NONE', #5854 ) ;
#8854 = ADVANCED_FACE ( 'NONE', ( #1923 ), #8785, .T. ) ;
#8855 = ORIENTED_EDGE ( 'NONE', *, *, #8731, .F. ) ;
#8856 = AXIS2_PLACEMENT_3D ( 'NONE', #5972, #3078, #5365 ) ;
#8857 = DIRECTION ( 'NONE',  ( 1.000000000000000000, 0.000000000000000000, 0.000000000000000000 ) ) ;
#8858 = EDGE_CURVE ( 'NONE', #3946, #5645, #2067, .T. ) ;
#8859 = DIRECTION ( 'NONE',  ( -1.000000000000000000, 0.000000000000000000, 0.000000000000000000 ) ) ;
#8860 = DIRECTION ( 'NONE',  ( -1.000000000000000000, 0.000000000000000000, 0.000000000000000000 ) ) ;
#8861 = VERTEX_POINT ( 'NONE', #9631 ) ;
#8862 = CARTESIAN_POINT ( 'NONE',  ( 636.3877225695360949, 896.2164113367607570, 1388.469141676230038 ) ) ;
#8863 = ORIENTED_EDGE ( 'NONE', *, *, #2691, .T. ) ;
#8864 = EDGE_CURVE ( 'NONE', #3072, #6029, #1307, .T. ) ;
#8865 = DIRECTION ( 'NONE',  ( 1.000000000000000000, -1.006139616066541804E-15, 0.000000000000000000 ) ) ;
#8866 = ORIENTED_EDGE ( 'NONE', *, *, #4975, .T. ) ;
#8867 = DIRECTION ( 'NONE',  ( 0.000000000000000000, -0.000000000000000000, 1.000000000000000000 ) ) ;
#8868 = DIRECTION ( 'NONE',  ( -0.000000000000000000, 0.000000000000000000, -1.000000000000000000 ) ) ;
#8869 = CARTESIAN_POINT ( 'NONE',  ( 680.2198506580457433, 873.9839919692342391, 1378.844051828556985 ) ) ;
#8870 = EDGE_CURVE ( 'NONE', #1031, #3149, #9224, .T. ) ;
#8871 = VERTEX_POINT ( 'NONE', #5806 ) ;
#8872 = FACE_BOUND ( 'NONE', #3925, .T. ) ;
#8873 = ORIENTED_EDGE ( 'NONE', *, *, #5868, .T. ) ;
#8874 = CARTESIAN_POINT ( 'NONE',  ( 633.2837602994910640, 919.7743576789135886, 1378.224160490111672 ) ) ;
#8875 = B_SPLINE_CURVE_WITH_KNOTS ( 'NONE', 3,
 ( #773, #721, #3784, #4683, #5984, #3140, #5375, #7683, #821, #9798, #3839, #9105, #4482, #9246 ),
 .UNSPECIFIED., .F., .F.,
 ( 4, 2, 2, 2, 2, 2, 4 ),
 ( 0.000000000000000000, 0.0003383713389347794563, 0.0006767426778695589127, 0.001353485355739675539, 0.002030228033609792274, 0.002368599372545128739, 0.002706970711480465638 ),
 .UNSPECIFIED. ) ;
#8876 = FACE_BOUND ( 'NONE', #5695, .T. ) ;
#8877 = AXIS2_PLACEMENT_3D ( 'NONE', #7820, #355, #1924 ) ;
#8878 = ORIENTED_EDGE ( 'NONE', *, *, #4178, .T. ) ;
#8879 = CARTESIAN_POINT ( 'NONE',  ( 637.3309001360987622, 918.9486878370805698, 1388.224160490111444 ) ) ;
#8880 = CARTESIAN_POINT ( 'NONE',  ( 700.2874266536681489, 920.2337113910322159, 1377.846387581843373 ) ) ;
#8881 = VECTOR ( 'NONE', #5216, 1000.000000000000000 ) ;
#8882 = CARTESIAN_POINT ( 'NONE',  ( 637.3309001360931916, 896.9475452512426727, 1388.224160490111444 ) ) ;
#8883 = DIRECTION ( 'NONE',  ( 1.000000000000000000, 9.505334114941407284E-17, 0.000000000000000000 ) ) ;
#8884 = CARTESIAN_POINT ( 'NONE',  ( 635.7597049418361621, 895.2039304976464109, 1394.724160490111444 ) ) ;
#8885 = CARTESIAN_POINT ( 'NONE',  ( 655.5503988948173628, 897.9481165441617350, 1292.224160490111444 ) ) ;
#8886 = ORIENTED_EDGE ( 'NONE', *, *, #8214, .F. ) ;
#8887 = VERTEX_POINT ( 'NONE', #4309 ) ;
#8888 = AXIS2_PLACEMENT_3D ( 'NONE', #4087, #6401, #5689 ) ;
#8889 = VERTEX_POINT ( 'NONE', #8210 ) ;
#8890 = DIRECTION ( 'NONE',  ( -0.000000000000000000, -0.000000000000000000, -1.000000000000000000 ) ) ;
#8891 = CARTESIAN_POINT ( 'NONE',  ( 682.5503988948173628, 909.4481165441617350, 1288.224160490111444 ) ) ;
#8892 = CARTESIAN_POINT ( 'NONE',  ( 634.7927661964636172, 900.9481165441580970, 1399.724160490111444 ) ) ;
#8893 = ORIENTED_EDGE ( 'NONE', *, *, #8910, .T. ) ;
#8894 = CARTESIAN_POINT ( 'NONE',  ( 653.6674201714131414, 874.4619193613596053, 1379.224160490111444 ) ) ;
#8895 = CARTESIAN_POINT ( 'NONE',  ( 655.9219467779836350, 941.1808047270670841, 1378.224160490111444 ) ) ;
#8896 = CARTESIAN_POINT ( 'NONE',  ( 697.7698976535398288, 922.3521249708367122, 1388.224160490111444 ) ) ;
#8897 = ORIENTED_EDGE ( 'NONE', *, *, #6334, .T. ) ;
#8898 = EDGE_CURVE ( 'NONE', #5712, #6027, #6798, .T. ) ;
#8899 = ORIENTED_EDGE ( 'NONE', *, *, #8112, .F. ) ;
#8900 = VECTOR ( 'NONE', #9327, 1000.000000000000000 ) ;
#8901 = ORIENTED_EDGE ( 'NONE', *, *, #1236, .F. ) ;
#8902 =( BOUNDED_CURVE ( )  B_SPLINE_CURVE ( 3, ( #8242, #524, #8191, #3591 ),
 .UNSPECIFIED., .F., .F. ) 
 B_SPLINE_CURVE_WITH_KNOTS ( ( 4, 4 ),
 ( 3.395717403145413815, 3.944470561967418298 ),
 .UNSPECIFIED. ) 
 CURVE ( )  GEOMETRIC_REPRESENTATION_ITEM ( )  RATIONAL_B_SPLINE_CURVE ( ( 1.000000000000000000, 0.9750628656958832963, 0.9750628656958832963, 1.000000000000000000 ) ) 
 REPRESENTATION_ITEM ( '' )  );
#8903 = EDGE_CURVE ( 'NONE', #9352, #6268, #6469, .T. ) ;
#8904 = DIRECTION ( 'NONE',  ( 2.185014940664821480E-15, -1.000000000000000000, 0.000000000000000000 ) ) ;
#8905 = FACE_OUTER_BOUND ( 'NONE', #8590, .T. ) ;
#8906 = LINE ( 'NONE', #8093, #1478 ) ;
#8907 = ORIENTED_EDGE ( 'NONE', *, *, #5475, .T. ) ;
#8908 = CARTESIAN_POINT ( 'NONE',  ( 655.0850612183153316, 940.5394618959608124, 1377.520295947360637 ) ) ;
#8909 = VERTEX_POINT ( 'NONE', #4403 ) ;
#8910 = EDGE_CURVE ( 'NONE', #800, #1176, #9184, .T. ) ;
#8911 = CARTESIAN_POINT ( 'NONE',  ( 639.9003535357483088, 926.6137543816315656, 1388.224160490111217 ) ) ;
#8912 = EDGE_CURVE ( 'NONE', #732, #7350, #9026, .T. ) ;
#8913 = ORIENTED_EDGE ( 'NONE', *, *, #2795, .T. ) ;
#8914 = CARTESIAN_POINT ( 'NONE',  ( 700.3080315931638324, 900.9481165441580970, 1400.724160490111217 ) ) ;
#8915 = EDGE_CURVE ( 'NONE', #2008, #276, #5330, .T. ) ;
#8916 = CARTESIAN_POINT ( 'NONE',  ( 703.2976021660242623, 871.6971165441581206, 1389.659927895952933 ) ) ;
#8917 = AXIS2_PLACEMENT_3D ( 'NONE', #4769, #1061, #912 ) ;
#8918 = FACE_OUTER_BOUND ( 'NONE', #6707, .T. ) ;
#8919 = ORIENTED_EDGE ( 'NONE', *, *, #1246, .T. ) ;
#8920 = CARTESIAN_POINT ( 'NONE',  ( 679.5074943949812223, 942.1695941507731504, 1379.224160490111899 ) ) ;
#8921 = ORIENTED_EDGE ( 'NONE', *, *, #5047, .F. ) ;
#8922 = CARTESIAN_POINT ( 'NONE',  ( 633.4685450659153503, 920.2995261877100575, 1379.174679219192285 ) ) ;
#8923 = LINE ( 'NONE', #3514, #4120 ) ;
#8924 = CIRCLE ( 'NONE', #2045, 1.000000000000000888 ) ;
#8925 = CARTESIAN_POINT ( 'NONE',  ( 700.1128389139561250, 920.4481165441621897, 1377.373614760815826 ) ) ;
#8926 = DIRECTION ( 'NONE',  ( -1.000000000000000000, 0.000000000000000000, 0.000000000000000000 ) ) ;
#8927 = LINE ( 'NONE', #642, #5252 ) ;
#8928 = VECTOR ( 'NONE', #612, 1000.000000000000000 ) ;
#8929 = CARTESIAN_POINT ( 'NONE',  ( 699.3080315931698578, 916.9481165441651456, 1400.724160490111217 ) ) ;
#8930 = CARTESIAN_POINT ( 'NONE',  ( 679.0503988948173628, 924.9481165441617350, 1377.224160490111444 ) ) ;
#8931 = VECTOR ( 'NONE', #1109, 1000.000000000000000 ) ;
#8932 = CARTESIAN_POINT ( 'NONE',  ( 636.5277692861476453, 893.2879745929632236, 1389.230682896094095 ) ) ;
#8933 = ADVANCED_FACE ( 'NONE', ( #3665 ), #8316, .F. ) ;
#8934 = AXIS2_PLACEMENT_3D ( 'NONE', #7334, #465, #6578 ) ;
#8935 = DIRECTION ( 'NONE',  ( 1.000000000000000000, 0.000000000000000000, -0.000000000000000000 ) ) ;
#8936 = VERTEX_POINT ( 'NONE', #6711 ) ;
#8937 = ORIENTED_EDGE ( 'NONE', *, *, #6457, .F. ) ;
#8938 = VECTOR ( 'NONE', #8834, 1000.000000000000000 ) ;
#8939 = ORIENTED_EDGE ( 'NONE', *, *, #6743, .T. ) ;
#8940 =( LENGTH_UNIT ( ) NAMED_UNIT ( * ) SI_UNIT ( .MILLI., .METRE. ) );
#8941 = AXIS2_PLACEMENT_3D ( 'NONE', #9152, #8294, #2391 ) ;
#8942 = VECTOR ( 'NONE', #3248, 1000.000000000000000 ) ;
#8943 = AXIS2_PLACEMENT_3D ( 'NONE', #1449, #6895, #833 ) ;
#8944 = FACE_OUTER_BOUND ( 'NONE', #4573, .T. ) ;
#8945 = CYLINDRICAL_SURFACE ( 'NONE', #9396, 1.000000000000000888 ) ;
#8946 = DIRECTION ( 'NONE',  ( 1.000000000000000000, 0.000000000000000000, 0.000000000000000000 ) ) ;
#8947 = ORIENTED_EDGE ( 'NONE', *, *, #1716, .F. ) ;
#8948 = CARTESIAN_POINT ( 'NONE',  ( 676.5503988948191818, 940.7057492425151395, 1397.724160490111217 ) ) ;
#8949 = LINE ( 'NONE', #9517, #9858 ) ;
#8950 = VERTEX_POINT ( 'NONE', #5955 ) ;
#8951 = VERTEX_POINT ( 'NONE', #8261 ) ;
#8952 = VECTOR ( 'NONE', #4074, 1000.000000000000000 ) ;
#8953 = EDGE_LOOP ( 'NONE', ( #2699, #113, #3202, #238, #969, #3914, #5657, #2091, #3097, #5046, #9193, #9838, #6963, #445, #3206, #3770, #3826, #8544, #8554, #3227, #4940, #7511, #1737, #9143, #505, #7575, #46, #822, #6690, #2841, #6338, #4013 ) ) ;
#8954 = CARTESIAN_POINT ( 'NONE',  ( 698.6091393589520067, 893.3657576539352476, 1388.442145348608847 ) ) ;
#8955 = DIRECTION ( 'NONE',  ( -0.000000000000000000, -0.000000000000000000, -1.000000000000000000 ) ) ;
#8956 = DIRECTION ( 'NONE',  ( -1.000000000000000000, 0.000000000000000000, 0.000000000000000000 ) ) ;
#8957 = VERTEX_POINT ( 'NONE', #1405 ) ;
#8958 = VECTOR ( 'NONE', #9373, 1000.000000000000000 ) ;
#8959 = DIRECTION ( 'NONE',  ( 0.000000000000000000, 0.000000000000000000, 1.000000000000000000 ) ) ;
#8960 = DIRECTION ( 'NONE',  ( 0.000000000000000000, 1.445602896647340297E-15, 1.000000000000000000 ) ) ;
#8961 = ADVANCED_FACE ( 'NONE', ( #3613 ), #9772, .F. ) ;
#8962 = ADVANCED_FACE ( 'NONE', ( #9868 ), #4456, .T. ) ;
#8963 = CARTESIAN_POINT ( 'NONE',  ( 683.5503988948173628, 910.4481165441617350, 1378.224160490111444 ) ) ;
#8964 = AXIS2_PLACEMENT_3D ( 'NONE', #2659, #5792, #5891 ) ;
#8965 = ORIENTED_EDGE ( 'NONE', *, *, #2114, .F. ) ;
#8966 = ADVANCED_FACE ( 'NONE', ( #7512 ), #641, .T. ) ;
#8967 = CARTESIAN_POINT ( 'NONE',  ( 684.5503988948173628, 920.4481165441617350, 1378.224160490111444 ) ) ;
#8968 = EDGE_CURVE ( 'NONE', #8642, #7158, #1458, .T. ) ;
#8969 = CARTESIAN_POINT ( 'NONE',  ( 667.5503988948173628, 939.9481165441617350, 1283.224160490111672 ) ) ;
#8970 = CARTESIAN_POINT ( 'NONE',  ( 667.5503988948173628, 907.9481165441617350, 1378.224160490111444 ) ) ;
#8971 = ORIENTED_EDGE ( 'NONE', *, *, #9639, .T. ) ;
#8972 = ORIENTED_EDGE ( 'NONE', *, *, #3231, .F. ) ;
#8973 = LINE ( 'NONE', #4450, #5529 ) ;
#8974 = ORIENTED_EDGE ( 'NONE', *, *, #6007, .F. ) ;
#8975 = DIRECTION ( 'NONE',  ( -1.000000000000000000, 0.000000000000000000, 0.000000000000000000 ) ) ;
#8976 = EDGE_CURVE ( 'NONE', #2044, #9779, #8053, .T. ) ;
#8977 = CARTESIAN_POINT ( 'NONE',  ( 686.2636023304107766, 879.8090880596993202, 1390.724160490111444 ) ) ;
#8978 = EDGE_CURVE ( 'NONE', #9648, #1347, #6056, .T. ) ;
#8979 = ORIENTED_EDGE ( 'NONE', *, *, #1403, .T. ) ;
#8980 = PLANE ( 'NONE',  #5022 ) ;
#8981 = CARTESIAN_POINT ( 'NONE',  ( 679.5503988948173628, 920.4481165441617350, 1292.224160490111444 ) ) ;
#8982 = EDGE_CURVE ( 'NONE', #8109, #2508, #6100, .T. ) ;
#8983 = DIRECTION ( 'NONE',  ( -0.9678837029207199016, -3.250564485729666844E-15, -0.2513983643949895264 ) ) ;
#8984 = DIRECTION ( 'NONE',  ( -1.000000000000000000, 0.000000000000000000, 0.000000000000000000 ) ) ;
#8985 = FACE_OUTER_BOUND ( 'NONE', #157, .T. ) ;
#8986 = CARTESIAN_POINT ( 'NONE',  ( 646.3371954592226984, 929.1613199797616289, 1390.724160490111444 ) ) ;
#8987 = EDGE_LOOP ( 'NONE', ( #5389, #6191, #4617, #5106 ) ) ;
#8988 = ORIENTED_EDGE ( 'NONE', *, *, #2602, .T. ) ;
#8989 = AXIS2_PLACEMENT_3D ( 'NONE', #8663, #4846, #237 ) ;
#8990 = ADVANCED_FACE ( 'NONE', ( #5302 ), #6809, .T. ) ;
#8991 = LINE ( 'NONE', #9039, #1036 ) ;
#8992 = AXIS2_PLACEMENT_3D ( 'NONE', #9318, #5553, #2459 ) ;
#8993 = DIRECTION ( 'NONE',  ( 0.000000000000000000, 0.000000000000000000, -1.000000000000000000 ) ) ;
#8994 = DIRECTION ( 'NONE',  ( -0.000000000000000000, -0.000000000000000000, -1.000000000000000000 ) ) ;
#8995 = CARTESIAN_POINT ( 'NONE',  ( 633.6010225664765585, 920.6571269404746545, 1379.034994120877172 ) ) ;
#8996 = ORIENTED_EDGE ( 'NONE', *, *, #8788, .F. ) ;
#8997 = CIRCLE ( 'NONE', #9479, 1.000000000000064615 ) ;
#8998 = DIRECTION ( 'NONE',  ( -1.000000000000000000, 8.049116928532400695E-16, -0.000000000000000000 ) ) ;
#8999 = LINE ( 'NONE', #2610, #417 ) ;
#9000 = ORIENTED_EDGE ( 'NONE', *, *, #1193, .F. ) ;
#9001 = VERTEX_POINT ( 'NONE', #9174 ) ;
#9002 = ORIENTED_EDGE ( 'NONE', *, *, #1007, .F. ) ;
#9003 = CARTESIAN_POINT ( 'NONE',  ( 698.6642957683044415, 895.5760235209022539, 1388.456471688752799 ) ) ;
#9004 = VECTOR ( 'NONE', #1845, 1000.000000000000000 ) ;
#9005 = CARTESIAN_POINT ( 'NONE',  ( 666.5503988948173628, 938.9481165441617350, 1283.224160490111672 ) ) ;
#9006 = DIRECTION ( 'NONE',  ( -1.000000000000000000, 8.049116928532400695E-16, 0.000000000000000000 ) ) ;
#9007 = ORIENTED_EDGE ( 'NONE', *, *, #6397, .T. ) ;
#9008 = CARTESIAN_POINT ( 'NONE',  ( 637.3646974652065182, 897.9481165441582107, 1388.215381963068921 ) ) ;
#9009 = CARTESIAN_POINT ( 'NONE',  ( 637.0556137636444873, 917.9882359425531604, 1388.295663443997000 ) ) ;
#9010 = ADVANCED_FACE ( 'NONE', ( #2872, #5908 ), #8980, .F. ) ;
#9011 = CARTESIAN_POINT ( 'NONE',  ( 680.3685807129992327, 881.6328997535111966, 1289.224160490111672 ) ) ;
#9012 = CIRCLE ( 'NONE', #359, 1.000000000000000888 ) ;
#9013 = ORIENTED_EDGE ( 'NONE', *, *, #271, .T. ) ;
#9014 = DIRECTION ( 'NONE',  ( -1.000000000000000000, 0.000000000000000000, 0.000000000000000000 ) ) ;
#9015 = DIRECTION ( 'NONE',  ( -0.9678837029207191245, -6.581721479369976747E-15, -0.2513983643949918578 ) ) ;
#9016 = VECTOR ( 'NONE', #4770, 1000.000000000000000 ) ;
#9017 = DIRECTION ( 'NONE',  ( 0.000000000000000000, 0.000000000000000000, -1.000000000000000000 ) ) ;
#9018 = ORIENTED_EDGE ( 'NONE', *, *, #3602, .F. ) ;
#9019 = VERTEX_POINT ( 'NONE', #1650 ) ;
#9020 =( BOUNDED_SURFACE ( )  B_SPLINE_SURFACE ( 3, 2, ( 
 ( #1799, #5130, #4848 ),
 ( #8895, #2030, #1280 ),
 ( #5175, #7894, #4145 ),
 ( #8232, #1041, #7147 ),
 ( #6408, #4422, #4374 ),
 ( #289, #4897, #3361 ),
 ( #6455, #5649, #3405 ),
 ( #9887, #4672, #2229 ),
 ( #2328, #3777, #2179 ),
 ( #8330, #1520, #2275 ),
 ( #3038, #3729, #5318 ),
 ( #7574, #6878, #4 ),
 ( #6025, #3828, #6171 ),
 ( #110, #6972, #3082 ) ),
 .UNSPECIFIED., .F., .F., .T. ) 
 B_SPLINE_SURFACE_WITH_KNOTS ( ( 4, 2, 2, 2, 2, 2, 4 ),
 ( 3, 3 ),
 ( 0.001465373342347130528, 0.002274056780695981814, 0.002678398499870407456, 0.003082740219044833099, 0.003487081938219258742, 0.003891423657393684385, 0.004700107095742535671 ),
 ( 0.000000000000000000, 1.000000000000000000 ),
 .UNSPECIFIED. ) 
 GEOMETRIC_REPRESENTATION_ITEM ( )  RATIONAL_B_SPLINE_SURFACE ( (
 ( 1.000000000000000000, 0.7071067811865475727, 1.000000000000000000),
 ( 1.000000000000000000, 0.6923052679611644278, 1.000000000000000000),
 ( 1.000000000000000000, 0.6762027680335006563, 1.000000000000000000),
 ( 1.000000000000000000, 0.6511773833241738529, 1.000000000000000000),
 ( 1.000000000000000000, 0.6428605041371050488, 1.000000000000000000),
 ( 1.000000000000000000, 0.6264060082358132719, 1.000000000000000000),
 ( 1.000000000000000000, 0.6181795203726688781, 1.000000000000000000),
 ( 1.000000000000000000, 0.6026353313879605489, 1.000000000000000000),
 ( 1.000000000000000000, 0.5953395675578825319, 1.000000000000000000),
 ( 1.000000000000000000, 0.5820223942722031474, 1.000000000000000000),
 ( 1.000000000000000000, 0.5759559295233581677, 1.000000000000000000),
 ( 1.000000000000000000, 0.5611153757999784997, 1.000000000000000000),
 ( 1.000000000000000000, 0.5553817492398317457, 1.000000000000000000),
 ( 1.000000000000000000, 0.5554373396683935926, 1.000000000000000000) ) ) 
 REPRESENTATION_ITEM ( '' )  SURFACE ( )  );
#9021 = FACE_OUTER_BOUND ( 'NONE', #2540, .T. ) ;
#9022 = ADVANCED_FACE ( 'NONE', ( #1804 ), #3957, .T. ) ;
#9023 = CARTESIAN_POINT ( 'NONE',  ( 635.7927661964697563, 900.9481165441651456, 1400.724160490111217 ) ) ;
#9024 = CARTESIAN_POINT ( 'NONE',  ( 703.8003988948166807, 907.9481165441650319, 1388.224160490111444 ) ) ;
#9025 = CARTESIAN_POINT ( 'NONE',  ( 700.4529140465245973, 920.0232409097316122, 1378.052224056121986 ) ) ;
#9026 = LINE ( 'NONE', #2920, #5497 ) ;
#9027 = CARTESIAN_POINT ( 'NONE',  ( 700.3946103353329136, 920.0979290104877464, 1377.987051786382835 ) ) ;
#9028 = ADVANCED_FACE ( 'NONE', ( #6904 ), #900, .T. ) ;
#9029 = DIRECTION ( 'NONE',  ( -1.000000000000000000, -0.000000000000000000, -0.000000000000000000 ) ) ;
#9030 = CARTESIAN_POINT ( 'NONE',  ( 637.7026904306878805, 923.9535456591430602, 1388.224160490111444 ) ) ;
#9031 = VECTOR ( 'NONE', #6600, 1000.000000000000000 ) ;
#9032 = CIRCLE ( 'NONE', #1344, 36.25000000000000711 ) ;
#9033 = EDGE_CURVE ( 'NONE', #1382, #6297, #6615, .T. ) ;
#9034 = CARTESIAN_POINT ( 'NONE',  ( 677.5503988948173628, 920.4481165441617350, 1298.224160490111444 ) ) ;
#9035 = VERTEX_POINT ( 'NONE', #7054 ) ;
#9036 = ORIENTED_EDGE ( 'NONE', *, *, #3154, .T. ) ;
#9037 = EDGE_CURVE ( 'NONE', #4440, #2329, #8668, .T. ) ;
#9038 = ORIENTED_EDGE ( 'NONE', *, *, #8534, .F. ) ;
#9039 = CARTESIAN_POINT ( 'NONE',  ( 655.5503988948173628, 917.9481165441617350, 1292.224160490111444 ) ) ;
#9040 = TOROIDAL_SURFACE ( 'NONE', #4709, 35.25000000000000000, 1.000000000000000000 ) ;
#9041 = EDGE_CURVE ( 'NONE', #5625, #528, #2462, .T. ) ;
#9042 = CARTESIAN_POINT ( 'NONE',  ( 695.6894273792777312, 926.6613199797621974, 1390.724160490111444 ) ) ;
#9043 = CYLINDRICAL_SURFACE ( 'NONE', #8856, 2.000000000000001776 ) ;
#9044 = ORIENTED_EDGE ( 'NONE', *, *, #3803, .T. ) ;
#9045 = DIRECTION ( 'NONE',  ( -0.000000000000000000, -0.000000000000000000, -1.000000000000000000 ) ) ;
#9046 = DIRECTION ( 'NONE',  ( -0.000000000000000000, -0.000000000000000000, -1.000000000000000000 ) ) ;
#9047 = ORIENTED_EDGE ( 'NONE', *, *, #9450, .F. ) ;
#9048 = AXIS2_PLACEMENT_3D ( 'NONE', #9536, #7269, #7413 ) ;
#9049 = EDGE_CURVE ( 'NONE', #5310, #3351, #1664, .T. ) ;
#9050 = ORIENTED_EDGE ( 'NONE', *, *, #3459, .F. ) ;
#9051 = ORIENTED_EDGE ( 'NONE', *, *, #8227, .T. ) ;
#9052 = CARTESIAN_POINT ( 'NONE',  ( 634.7927661964636172, 906.3481165441644407, 1397.724160490111217 ) ) ;
#9053 = PRODUCT_DEFINITION_FORMATION_WITH_SPECIFIED_SOURCE ( 'ä»', '', #5023, .NOT_KNOWN. ) ;
#9054 = CARTESIAN_POINT ( 'NONE',  ( 677.5503988948141796, 876.1904838458079894, 1394.724160490111444 ) ) ;
#9055 = CARTESIAN_POINT ( 'NONE',  ( 635.4489690867510490, 897.9481165441580970, 1389.746155729068050 ) ) ;
#9056 = DIRECTION ( 'NONE',  ( -0.000000000000000000, -0.000000000000000000, -1.000000000000000000 ) ) ;
#9057 = EDGE_LOOP ( 'NONE', ( #425, #9690, #1765, #5823 ) ) ;
#9058 = CYLINDRICAL_SURFACE ( 'NONE', #1153, 1.000000000000000888 ) ;
#9059 = DIRECTION ( 'NONE',  ( 1.000000000000000000, 0.000000000000000000, 0.000000000000000000 ) ) ;
#9060 = VECTOR ( 'NONE', #6364, 1000.000000000000000 ) ;
#9061 = CARTESIAN_POINT ( 'NONE',  ( 651.5503988948173628, 917.9481165441617350, 1298.224160490111444 ) ) ;
#9062 = ORIENTED_EDGE ( 'NONE', *, *, #8850, .T. ) ;
#9063 = CARTESIAN_POINT ( 'NONE',  ( 683.5503988948173628, 917.9481165441617350, 1298.224160490111444 ) ) ;
#9064 = DIRECTION ( 'NONE',  ( 0.000000000000000000, 0.000000000000000000, 1.000000000000000000 ) ) ;
#9065 = ORIENTED_EDGE ( 'NONE', *, *, #5597, .F. ) ;
#9066 = ORIENTED_EDGE ( 'NONE', *, *, #2040, .F. ) ;
#9067 = CARTESIAN_POINT ( 'NONE',  ( 697.7698976535349402, 896.9475452512426727, 1388.224160490111444 ) ) ;
#9068 = CARTESIAN_POINT ( 'NONE',  ( 701.0365960776194925, 921.8310952675660701, 1377.224160490111444 ) ) ;
#9069 = DIRECTION ( 'NONE',  ( -1.000000000000000000, 0.000000000000000000, 0.000000000000000000 ) ) ;
#9070 = LINE ( 'NONE', #1306, #1881 ) ;
#9071 = DIRECTION ( 'NONE',  ( -1.000000000000000000, 0.000000000000000000, 0.000000000000000000 ) ) ;
#9072 = CARTESIAN_POINT ( 'NONE',  ( 701.6031808261442393, 920.4575970840594437, 1377.328164709396788 ) ) ;
#9073 = EDGE_CURVE ( 'NONE', #6040, #2353, #4860, .T. ) ;
#9074 = CARTESIAN_POINT ( 'NONE',  ( 657.5503988948192955, 939.7057492425151395, 1394.724160490111444 ) ) ;
#9075 = LINE ( 'NONE', #4559, #5686 ) ;
#9076 = EDGE_CURVE ( 'NONE', #7469, #1433, #1020, .T. ) ;
#9077 = DIRECTION ( 'NONE',  ( -1.000000000000000000, 3.091019250637537289E-15, 0.000000000000000000 ) ) ;
#9078 = CARTESIAN_POINT ( 'NONE',  ( 655.7241577600656228, 873.6814779488354361, 1377.224160490111444 ) ) ;
#9079 = VERTEX_POINT ( 'NONE', #9427 ) ;
#9080 = EDGE_LOOP ( 'NONE', ( #2181, #8901, #2286, #7566 ) ) ;
#9081 = ORIENTED_EDGE ( 'NONE', *, *, #5532, .T. ) ;
#9082 = FACE_OUTER_BOUND ( 'NONE', #614, .T. ) ;
#9083 = EDGE_CURVE ( 'NONE', #3604, #111, #6953, .T. ) ;
#9084 = EDGE_CURVE ( 'NONE', #6937, #6266, #8709, .T. ) ;
#9085 = AXIS2_PLACEMENT_3D ( 'NONE', #8321, #3671, #3816 ) ;
#9086 = CARTESIAN_POINT ( 'NONE',  ( 654.8062128483076094, 939.7388104971430494, 1394.724160490111444 ) ) ;
#9087 = CARTESIAN_POINT ( 'NONE',  ( 634.3134633176269972, 919.5704152305180514, 1378.224160490110989 ) ) ;
#9088 = DIRECTION ( 'NONE',  ( 1.000000000000000000, -1.893515102561680783E-15, 0.000000000000000000 ) ) ;
#9089 = VERTEX_POINT ( 'NONE', #3215 ) ;
#9090 = EDGE_CURVE ( 'NONE', #6451, #3912, #7260, .T. ) ;
#9091 = DIRECTION ( 'NONE',  ( -0.000000000000000000, -0.000000000000000000, -1.000000000000000000 ) ) ;
#9092 = CARTESIAN_POINT ( 'NONE',  ( 635.6160958296067065, 919.9481165441651456, 1389.443005925729949 ) ) ;
#9093 = AXIS2_PLACEMENT_3D ( 'NONE', #5778, #8804, #6488 ) ;
#9094 = ORIENTED_EDGE ( 'NONE', *, *, #1488, .T. ) ;
#9095 = EDGE_LOOP ( 'NONE', ( #1798, #2546, #3598, #982, #6717, #4068, #1416, #8603 ) ) ;
#9096 = EDGE_CURVE ( 'NONE', #1696, #426, #2412, .T. ) ;
#9097 = VECTOR ( 'NONE', #4255, 1000.000000000000000 ) ;
#9098 = EDGE_LOOP ( 'NONE', ( #1227, #6844, #4763, #6318 ) ) ;
#9099 = VECTOR ( 'NONE', #3410, 1000.000000000000000 ) ;
#9100 = VECTOR ( 'NONE', #7308, 1000.000000000000000 ) ;
#9101 = DIRECTION ( 'NONE',  ( -8.049116928532400695E-16, -1.000000000000000000, 0.000000000000000000 ) ) ;
#9102 = CARTESIAN_POINT ( 'NONE',  ( 674.5503988948140659, 876.1904838458079894, 1397.724160490111217 ) ) ;
#9103 = FACE_OUTER_BOUND ( 'NONE', #4737, .T. ) ;
#9104 = AXIS2_PLACEMENT_3D ( 'NONE', #1780, #167, #4830 ) ;
#9105 = CARTESIAN_POINT ( 'NONE',  ( 668.2846568576669597, 936.0851032144662440, 1286.207569188303751 ) ) ;
#9106 = ORIENTED_EDGE ( 'NONE', *, *, #9822, .T. ) ;
#9107 = CARTESIAN_POINT ( 'NONE',  ( 635.6342536901909170, 895.5498345798080209, 1388.664847878661476 ) ) ;
#9108 = LINE ( 'NONE', #5435, #5668 ) ;
#9109 = AXIS2_PLACEMENT_3D ( 'NONE', #2896, #1187, #2845 ) ;
#9110 = LINE ( 'NONE', #2246, #1276 ) ;
#9111 = ORIENTED_EDGE ( 'NONE', *, *, #8164, .F. ) ;
#9112 = CARTESIAN_POINT ( 'NONE',  ( 635.7927661964699837, 917.9481165441651456, 1400.724160490111217 ) ) ;
#9113 = CARTESIAN_POINT ( 'NONE',  ( 674.5503988948140659, 876.1904838458079894, 1400.724160490111217 ) ) ;
#9114 = AXIS2_PLACEMENT_3D ( 'NONE', #3686, #3837, #9847 ) ;
#9115 = LINE ( 'NONE', #730, #2441 ) ;
#9116 = VERTEX_POINT ( 'NONE', #3167 ) ;
#9117 = VERTEX_POINT ( 'NONE', #1703 ) ;
#9118 = AXIS2_PLACEMENT_3D ( 'NONE', #4585, #3054, #3790 ) ;
#9119 = FACE_OUTER_BOUND ( 'NONE', #2830, .T. ) ;
#9120 = DIRECTION ( 'NONE',  ( 1.387778780781469341E-16, 1.000000000000000000, -0.000000000000000000 ) ) ;
#9121 = CARTESIAN_POINT ( 'NONE',  ( 669.1283937854312853, 937.1981165441652593, 1397.724160490111217 ) ) ;
#9122 = EDGE_CURVE ( 'NONE', #8249, #5, #4002, .T. ) ;
#9123 = CARTESIAN_POINT ( 'NONE',  ( 700.7873421758979475, 919.5704040694727155, 1378.224160490111444 ) ) ;
#9124 = CARTESIAN_POINT ( 'NONE',  ( 667.5503988948173628, 938.9481165441617350, 1287.224160490111672 ) ) ;
#9125 = CARTESIAN_POINT ( 'NONE',  ( 655.0503988948174765, 924.9481165441617350, 1281.724160490111444 ) ) ;
#9126 = CARTESIAN_POINT ( 'NONE',  ( 637.3309001360983075, 918.9012098648025813, 1388.224160490111444 ) ) ;
#9127 = CARTESIAN_POINT ( 'NONE',  ( 697.7338201875276127, 897.0824942593123978, 1388.224160490111444 ) ) ;
#9128 = CARTESIAN_POINT ( 'NONE',  ( 651.5503988948173628, 897.9481165441617350, 1292.224160490111444 ) ) ;
#9129 = EDGE_CURVE ( 'NONE', #3380, #6492, #3264, .T. ) ;
#9130 = FACE_BOUND ( 'NONE', #4215, .T. ) ;
#9131 = ADVANCED_FACE ( 'NONE', ( #7703 ), #6202, .F. ) ;
#9132 = VERTEX_POINT ( 'NONE', #2361 ) ;
#9133 = EDGE_LOOP ( 'NONE', ( #3751, #853, #5601, #3148, #9230, #8322, #3941 ) ) ;
#9134 = ORIENTED_EDGE ( 'NONE', *, *, #2228, .F. ) ;
#9135 = DIRECTION ( 'NONE',  ( -1.000000000000000000, -3.330669073875467649E-15, -0.000000000000000000 ) ) ;
#9136 = EDGE_CURVE ( 'NONE', #7531, #7872, #2567, .T. ) ;
#9137 = DIRECTION ( 'NONE',  ( -1.000000000000000000, 1.387778780781461206E-16, 0.000000000000000000 ) ) ;
#9138 = LINE ( 'NONE', #6168, #3421 ) ;
#9139 = ORIENTED_EDGE ( 'NONE', *, *, #9282, .F. ) ;
#9140 = DIRECTION ( 'NONE',  ( -1.000000000000000000, 9.783840404509128904E-16, 0.000000000000000000 ) ) ;
#9141 = ADVANCED_FACE ( 'NONE', ( #1599 ), #2615, .T. ) ;
#9142 = CARTESIAN_POINT ( 'NONE',  ( 637.6160958296015906, 897.9481165441580970, 1394.724160490111444 ) ) ;
#9143 = ORIENTED_EDGE ( 'NONE', *, *, #7853, .F. ) ;
#9144 = ORIENTED_EDGE ( 'NONE', *, *, #6345, .T. ) ;
#9145 = EDGE_CURVE ( 'NONE', #3700, #9202, #6934, .T. ) ;
#9146 = ORIENTED_EDGE ( 'NONE', *, *, #325, .F. ) ;
#9147 = AXIS2_PLACEMENT_3D ( 'NONE', #4849, #949, #87 ) ;
#9148 = APPLICATION_PROTOCOL_DEFINITION ( 'draft international standard', 'automotive_design', 1998, #8259 ) ;
#9149 = CARTESIAN_POINT ( 'NONE',  ( 655.0503988948174765, 880.9013780744462565, 1377.224160490111444 ) ) ;
#9150 = STYLED_ITEM ( 'NONE', ( #457 ), #1841 ) ;
#9151 = ADVANCED_FACE ( 'NONE', ( #5053 ), #1243, .F. ) ;
#9152 = CARTESIAN_POINT ( 'NONE',  ( 657.5503988948141796, 878.6981165441579833, 1400.724160490111217 ) ) ;
#9153 = DIRECTION ( 'NONE',  ( -1.000000000000000000, -3.358424649491096563E-15, 0.000000000000000000 ) ) ;
#9154 = ORIENTED_EDGE ( 'NONE', *, *, #6887, .F. ) ;
#9155 = CARTESIAN_POINT ( 'NONE',  ( 657.0503988948174765, 888.9481165441617350, 1290.824160490111353 ) ) ;
#9156 = CARTESIAN_POINT ( 'NONE',  ( 697.7338201875276127, 897.0824942593123978, 1388.224160490111444 ) ) ;
#9157 = ADVANCED_FACE ( 'NONE', ( #5699 ), #2761, .F. ) ;
#9158 = ORIENTED_EDGE ( 'NONE', *, *, #8864, .F. ) ;
#9159 = CARTESIAN_POINT ( 'NONE',  ( 699.3080315931698578, 917.9481165441651456, 1394.724160490111444 ) ) ;
#9160 = ORIENTED_EDGE ( 'NONE', *, *, #8910, .F. ) ;
#9161 = AXIS2_PLACEMENT_3D ( 'NONE', #2558, #2605, #9363 ) ;
#9162 = EDGE_CURVE ( 'NONE', #276, #1040, #1149, .T. ) ;
#9163 = CARTESIAN_POINT ( 'NONE',  ( 647.5371954592228576, 929.1613199797616289, 1380.724160490111217 ) ) ;
#9164 = CARTESIAN_POINT ( 'NONE',  ( 674.5503988948194092, 940.7057492425151395, 1400.724160490111217 ) ) ;
#9165 = EDGE_CURVE ( 'NONE', #6217, #2267, #5754, .T. ) ;
#9166 = LINE ( 'NONE', #942, #9641 ) ;
#9167 = VERTEX_POINT ( 'NONE', #6555 ) ;
#9168 = ORIENTED_EDGE ( 'NONE', *, *, #9136, .F. ) ;
#9169 = VECTOR ( 'NONE', #7981, 1000.000000000000000 ) ;
#9170 = PLANE ( 'NONE',  #4408 ) ;
#9171 = DIRECTION ( 'NONE',  ( 0.000000000000000000, 0.000000000000000000, -1.000000000000000000 ) ) ;
#9172 = EDGE_CURVE ( 'NONE', #571, #2168, #3113, .T. ) ;
#9173 = DIRECTION ( 'NONE',  ( 3.469446951953617344E-15, 1.000000000000000000, -0.000000000000000000 ) ) ;
#9174 = CARTESIAN_POINT ( 'NONE',  ( 639.4113704103558575, 889.2349131085609315, 1388.716960580079558 ) ) ;
#9175 = VECTOR ( 'NONE', #5020, 1000.000000000000000 ) ;
#9176 = CARTESIAN_POINT ( 'NONE',  ( 635.7314834293829335, 895.2743297732080237, 1388.639593400945159 ) ) ;
#9177 = DIRECTION ( 'NONE',  ( 0.000000000000000000, -1.000000000000000000, 0.000000000000000000 ) ) ;
#9178 = CARTESIAN_POINT ( 'NONE',  ( 634.7927661964636172, 907.9481165441582107, 1374.668558774804069 ) ) ;
#9179 = DIRECTION ( 'NONE',  ( 0.000000000000000000, 0.000000000000000000, -1.000000000000000000 ) ) ;
#9180 = EDGE_LOOP ( 'NONE', ( #9493, #2191, #1378, #2472 ) ) ;
#9181 = ORIENTED_EDGE ( 'NONE', *, *, #1062, .F. ) ;
#9182 = VERTEX_POINT ( 'NONE', #7305 ) ;
#9183 = CARTESIAN_POINT ( 'NONE',  ( 637.6160958296015906, 897.9481165441580970, 1389.183265665989666 ) ) ;
#9184 = CIRCLE ( 'NONE', #9820, 1.000000000000000888 ) ;
#9185 = AXIS2_PLACEMENT_3D ( 'NONE', #6815, #1604, #2214 ) ;
#9186 = CARTESIAN_POINT ( 'NONE',  ( 655.0503988948174765, 874.6267645307755174, 1377.224160490111217 ) ) ;
#9187 = DIRECTION ( 'NONE',  ( 1.236786676975587145E-16, 1.000000000000000000, 0.000000000000000000 ) ) ;
#9188 = ORIENTED_EDGE ( 'NONE', *, *, #2613, .F. ) ;
#9189 = DIRECTION ( 'NONE',  ( 1.000000000000000000, 0.000000000000000000, 0.000000000000000000 ) ) ;
#9190 = CARTESIAN_POINT ( 'NONE',  ( 636.4445229543526921, 917.9481165441650319, 1389.335417987451592 ) ) ;
#9191 = VERTEX_POINT ( 'NONE', #6411 ) ;
#9192 = ORIENTED_EDGE ( 'NONE', *, *, #2548, .F. ) ;
#9193 = ORIENTED_EDGE ( 'NONE', *, *, #6695, .F. ) ;
#9194 = TOROIDAL_SURFACE ( 'NONE', #6139, 2.000000000000000000, 1.000000000000000000 ) ;
#9195 = DIRECTION ( 'NONE',  ( 0.3829787234041951982, -0.9237571636635316663, 0.000000000000000000 ) ) ;
#9196 = PLANE ( 'NONE',  #765 ) ;
#9197 = EDGE_LOOP ( 'NONE', ( #1966, #5781, #749, #9495 ) ) ;
#9198 = FACE_OUTER_BOUND ( 'NONE', #5134, .T. ) ;
#9199 = EDGE_CURVE ( 'NONE', #5037, #6989, #437, .T. ) ;
#9200 = CARTESIAN_POINT ( 'NONE',  ( 637.4817112450664354, 897.2951950165585231, 1388.224160490111444 ) ) ;
#9201 = LINE ( 'NONE', #8651, #4610 ) ;
#9202 = VERTEX_POINT ( 'NONE', #4296 ) ;
#9203 = FACE_OUTER_BOUND ( 'NONE', #3641, .T. ) ;
#9204 = ORIENTED_EDGE ( 'NONE', *, *, #3344, .F. ) ;
#9205 = ADVANCED_FACE ( 'NONE', ( #1045 ), #5652, .F. ) ;
#9206 = LINE ( 'NONE', #7691, #1682 ) ;
#9207 = EDGE_CURVE ( 'NONE', #7873, #3912, #1911, .T. ) ;
#9208 = CIRCLE ( 'NONE', #8087, 1.000000000000067724 ) ;
#9209 = DIRECTION ( 'NONE',  ( 0.000000000000000000, -1.000000000000000000, 0.000000000000000000 ) ) ;
#9210 = EDGE_CURVE ( 'NONE', #6581, #4627, #4379, .T. ) ;
#9211 = ORIENTED_EDGE ( 'NONE', *, *, #7734, .T. ) ;
#9212 = CARTESIAN_POINT ( 'NONE',  ( 657.5503988948173628, 923.9481165441617350, 1298.224160490111444 ) ) ;
#9213 = ORIENTED_EDGE ( 'NONE', *, *, #69, .T. ) ;
#9214 = AXIS2_PLACEMENT_3D ( 'NONE', #9462, #8810, #476 ) ;
#9215 = EDGE_CURVE ( 'NONE', #169, #72, #855, .T. ) ;
#9216 = CARTESIAN_POINT ( 'NONE',  ( 681.0503988948173628, 875.3856765250230865, 1378.224160490111444 ) ) ;
#9217 = CARTESIAN_POINT ( 'NONE',  ( 701.1294635135283215, 921.6050737218226914, 1378.145551514029421 ) ) ;
#9218 = DIRECTION ( 'NONE',  ( 0.000000000000000000, 0.000000000000000000, 1.000000000000000000 ) ) ;
#9219 = EDGE_CURVE ( 'NONE', #3875, #8633, #3411, .T. ) ;
#9220 = CIRCLE ( 'NONE', #4284, 1.000000000000067724 ) ;
#9221 = CARTESIAN_POINT ( 'NONE',  ( 638.3003988948140659, 897.8694284775285723, 1388.560533465117032 ) ) ;
#9222 = CARTESIAN_POINT ( 'NONE',  ( 699.5669961531145873, 924.9481165441617350, 1388.224160490111444 ) ) ;
#9223 = CARTESIAN_POINT ( 'NONE',  ( 635.7927661964637309, 917.9481165441577559, 1399.724160490111444 ) ) ;
#9224 =( BOUNDED_CURVE ( )  B_SPLINE_CURVE ( 3, ( #9487, #2015, #8115, #1870 ),
 .UNSPECIFIED., .F., .F. ) 
 B_SPLINE_CURVE_WITH_KNOTS ( ( 4, 4 ),
 ( 0.000000000000000000, 1.570796326794896558 ),
 .UNSPECIFIED. ) 
 CURVE ( )  GEOMETRIC_REPRESENTATION_ITEM ( )  RATIONAL_B_SPLINE_CURVE ( ( 1.000000000000000000, 0.8047378541243649375, 0.8047378541243649375, 1.000000000000000000 ) ) 
 REPRESENTATION_ITEM ( '' )  );
#9225 = DIRECTION ( 'NONE',  ( -1.000000000000000000, 0.000000000000000000, 0.000000000000000000 ) ) ;
#9226 = DIRECTION ( 'NONE',  ( 0.000000000000000000, 0.000000000000000000, 1.000000000000000000 ) ) ;
#9227 = CARTESIAN_POINT ( 'NONE',  ( 667.5503988948173628, 907.9481165441617350, 1378.224160490111444 ) ) ;
#9228 = DIRECTION ( 'NONE',  ( 0.000000000000000000, 0.000000000000000000, 1.000000000000000000 ) ) ;
#9229 = ORIENTED_EDGE ( 'NONE', *, *, #9706, .T. ) ;
#9230 = ORIENTED_EDGE ( 'NONE', *, *, #3152, .T. ) ;
#9231 = VERTEX_POINT ( 'NONE', #3504 ) ;
#9232 = LINE ( 'NONE', #9335, #3599 ) ;
#9233 = AXIS2_PLACEMENT_3D ( 'NONE', #4702, #4599, #7752 ) ;
#9234 = CIRCLE ( 'NONE', #4584, 34.25000000000000000 ) ;
#9235 = DIRECTION ( 'NONE',  ( -0.000000000000000000, 2.602085213965209163E-16, 1.000000000000000000 ) ) ;
#9236 = CARTESIAN_POINT ( 'NONE',  ( 657.5503988948141796, 875.1904838458081031, 1374.668558774804069 ) ) ;
#9237 = ORIENTED_EDGE ( 'NONE', *, *, #6440, .T. ) ;
#9238 = CARTESIAN_POINT ( 'NONE',  ( 688.7636023304157789, 929.1613199797623110, 1380.724160490111217 ) ) ;
#9239 = CARTESIAN_POINT ( 'NONE',  ( 738.3003988948194092, 907.9481165441650319, 1396.124160490111308 ) ) ;
#9240 = ORIENTED_EDGE ( 'NONE', *, *, #7307, .F. ) ;
#9241 = VERTEX_POINT ( 'NONE', #4953 ) ;
#9242 = AXIS2_PLACEMENT_3D ( 'NONE', #4773, #9389, #7028 ) ;
#9243 = DIRECTION ( 'NONE',  ( -1.000000000000000000, 0.000000000000000000, 0.000000000000000000 ) ) ;
#9244 = CARTESIAN_POINT ( 'NONE',  ( 698.6642957683095574, 920.3202095674209886, 1388.456471688753027 ) ) ;
#9245 = DIRECTION ( 'NONE',  ( 0.000000000000000000, 0.000000000000000000, -1.000000000000000000 ) ) ;
#9246 = CARTESIAN_POINT ( 'NONE',  ( 668.4058465805914011, 935.9481165441617350, 1286.342194478861302 ) ) ;
#9247 = EDGE_LOOP ( 'NONE', ( #8186, #3730, #8530, #9343, #2003, #3818, #5965, #5636, #4253, #919 ) ) ;
#9248 = VECTOR ( 'NONE', #1519, 1000.000000000000114 ) ;
#9249 = CARTESIAN_POINT ( 'NONE',  ( 656.0503988948174765, 924.9481165441617350, 1378.224160490111444 ) ) ;
#9250 = DIRECTION ( 'NONE',  ( 0.000000000000000000, 0.000000000000000000, -1.000000000000000000 ) ) ;
#9251 = EDGE_CURVE ( 'NONE', #7711, #8648, #1851, .T. ) ;
#9252 = AXIS2_PLACEMENT_3D ( 'NONE', #5512, #2626, #9380 ) ;
#9253 = FACE_OUTER_BOUND ( 'NONE', #2338, .T. ) ;
#9254 = VERTEX_POINT ( 'NONE', #1100 ) ;
#9255 = ORIENTED_EDGE ( 'NONE', *, *, #9522, .F. ) ;
#9256 = AXIS2_PLACEMENT_3D ( 'NONE', #9457, #1028, #7986 ) ;
#9257 = AXIS2_PLACEMENT_3D ( 'NONE', #4099, #7153, #297 ) ;
#9258 = ORIENTED_EDGE ( 'NONE', *, *, #6251, .T. ) ;
#9259 = AXIS2_PLACEMENT_3D ( 'NONE', #7611, #4461, #6908 ) ;
#9260 = CARTESIAN_POINT ( 'NONE',  ( 651.5503988948173628, 897.9481165441617350, 1298.224160490111444 ) ) ;
#9261 = DIRECTION ( 'NONE',  ( -1.000000000000000000, 0.000000000000000000, 0.000000000000000000 ) ) ;
#9262 = LINE ( 'NONE', #3153, #8351 ) ;
#9263 = VECTOR ( 'NONE', #2097, 1000.000000000000000 ) ;
#9264 = ORIENTED_EDGE ( 'NONE', *, *, #9266, .T. ) ;
#9265 = CARTESIAN_POINT ( 'NONE',  ( 678.8503988948173173, 888.9481165441617350, 1290.824160490111353 ) ) ;
#9266 = EDGE_CURVE ( 'NONE', #6830, #9552, #9685, .T. ) ;
#9267 = VERTEX_POINT ( 'NONE', #4197 ) ;
#9268 = CARTESIAN_POINT ( 'NONE',  ( 667.5503988948192955, 907.9481165441652593, 1388.224160490111444 ) ) ;
#9269 = EDGE_CURVE ( 'NONE', #3375, #5721, #7257, .T. ) ;
#9270 = CARTESIAN_POINT ( 'NONE',  ( 676.5503988948191818, 939.7057492425150258, 1394.724160490111444 ) ) ;
#9271 = CARTESIAN_POINT ( 'NONE',  ( 646.3371954592175825, 889.2349131085609315, 1388.224160490111444 ) ) ;
#9272 = EDGE_CURVE ( 'NONE', #6643, #6680, #3132, .T. ) ;
#9273 = AXIS2_PLACEMENT_3D ( 'NONE', #6032, #8240, #9195 ) ;
#9274 = CARTESIAN_POINT ( 'NONE',  ( 688.7636023304106629, 886.7349131085616136, 1339.722160490111492 ) ) ;
#9275 = CARTESIAN_POINT ( 'NONE',  ( 661.5503988948173628, 888.9481165441617350, 1378.224160490111444 ) ) ;
#9276 = FACE_OUTER_BOUND ( 'NONE', #4473, .T. ) ;
#9277 = EDGE_CURVE ( 'NONE', #2508, #6108, #7913, .T. ) ;
#9278 = CARTESIAN_POINT ( 'NONE',  ( 653.9622374917628349, 941.5551308622568740, 1378.264327335779626 ) ) ;
#9279 = LINE ( 'NONE', #7812, #6650 ) ;
#9280 = CARTESIAN_POINT ( 'NONE',  ( 652.5503988948173628, 910.4481165441617350, 1288.224160490111444 ) ) ;
#9281 = FACE_OUTER_BOUND ( 'NONE', #337, .T. ) ;
#9282 = EDGE_CURVE ( 'NONE', #6268, #5827, #8352, .T. ) ;
#9283 = ORIENTED_EDGE ( 'NONE', *, *, #245, .T. ) ;
#9284 = ORIENTED_EDGE ( 'NONE', *, *, #5275, .F. ) ;
#9285 = ORIENTED_EDGE ( 'NONE', *, *, #1550, .F. ) ;
#9286 = FACE_OUTER_BOUND ( 'NONE', #9576, .T. ) ;
#9287 = EDGE_CURVE ( 'NONE', #2168, #4973, #5291, .T. ) ;
#9288 = DIRECTION ( 'NONE',  ( -0.000000000000000000, 0.000000000000000000, 1.000000000000000000 ) ) ;
#9289 = EDGE_CURVE ( 'NONE', #5270, #3684, #1489, .T. ) ;
#9290 = CARTESIAN_POINT ( 'NONE',  ( 696.8003988948192955, 907.9481165441649182, 1400.724160490111217 ) ) ;
#9291 = ORIENTED_EDGE ( 'NONE', *, *, #5574, .F. ) ;
#9292 = DIRECTION ( 'NONE',  ( -0.9678837029207191245, -2.779198193683013884E-15, 0.2513983643949918578 ) ) ;
#9293 = CARTESIAN_POINT ( 'NONE',  ( 681.4333776182218116, 874.4619193613596053, 1378.224160490111672 ) ) ;
#9294 = VERTEX_POINT ( 'NONE', #9806 ) ;
#9295 = ORIENTED_EDGE ( 'NONE', *, *, #1716, .T. ) ;
#9296 = VERTEX_POINT ( 'NONE', #4539 ) ;
#9297 = DIRECTION ( 'NONE',  ( 0.3262411347517687465, 0.9452865819400371183, 0.000000000000000000 ) ) ;
#9298 = CARTESIAN_POINT ( 'NONE',  ( 700.1128389139558976, 921.4481165441617350, 1377.224160490111444 ) ) ;
#9299 = CARTESIAN_POINT ( 'NONE',  ( 696.5945441434023451, 926.1005908107456435, 1387.918873864101897 ) ) ;
#9300 = ORIENTED_EDGE ( 'NONE', *, *, #8233, .F. ) ;
#9301 = CARTESIAN_POINT ( 'NONE',  ( 645.3503988948174310, 928.9481165441617350, 1292.724160490111444 ) ) ;
#9302 = FACE_OUTER_BOUND ( 'NONE', #1532, .T. ) ;
#9303 = CARTESIAN_POINT ( 'NONE',  ( 679.3461868845271283, 881.9481165441617350, 1288.224160490111444 ) ) ;
#9304 = ORIENTED_EDGE ( 'NONE', *, *, #4247, .T. ) ;
#9305 = ORIENTED_EDGE ( 'NONE', *, *, #1806, .T. ) ;
#9306 = ORIENTED_EDGE ( 'NONE', *, *, #4675, .T. ) ;
#9307 = VECTOR ( 'NONE', #7997, 1000.000000000000000 ) ;
#9308 = FACE_OUTER_BOUND ( 'NONE', #5254, .T. ) ;
#9309 = CARTESIAN_POINT ( 'NONE',  ( 681.4191033807784379, 941.4402416275619316, 1377.495088855538143 ) ) ;
#9310 = FACE_OUTER_BOUND ( 'NONE', #5276, .T. ) ;
#9311 = ORIENTED_EDGE ( 'NONE', *, *, #4243, .T. ) ;
#9312 = CIRCLE ( 'NONE', #1623, 1.000000000000000888 ) ;
#9313 = EDGE_CURVE ( 'NONE', #4942, #508, #5353, .T. ) ;
#9314 = FACE_OUTER_BOUND ( 'NONE', #909, .T. ) ;
#9315 = EDGE_LOOP ( 'NONE', ( #8617, #3332, #990 ) ) ;
#9316 = CIRCLE ( 'NONE', #6589, 1.000000000000000888 ) ;
#9317 = CARTESIAN_POINT ( 'NONE',  ( 679.0503988948173628, 924.9481165441617350, 1377.224160490111444 ) ) ;
#9318 = CARTESIAN_POINT ( 'NONE',  ( 669.5503988948173628, 935.9481165441617350, 1285.224160490111672 ) ) ;
#9319 = CIRCLE ( 'NONE', #660, 1.200000000000089884 ) ;
#9320 = DIRECTION ( 'NONE',  ( 0.000000000000000000, 0.000000000000000000, 1.000000000000000000 ) ) ;
#9321 = CARTESIAN_POINT ( 'NONE',  ( 680.0503988948173628, 919.4481165441617350, 1377.224160490111444 ) ) ;
#9322 = CARTESIAN_POINT ( 'NONE',  ( 679.6503988948173856, 888.9481165441617350, 1288.224160490111444 ) ) ;
#9323 = CARTESIAN_POINT ( 'NONE',  ( 634.7927661964696426, 907.9481165441652593, 1374.668558774804069 ) ) ;
#9324 = CARTESIAN_POINT ( 'NONE',  ( 667.5503988948173628, 939.9481165441617350, 1288.224160490111444 ) ) ;
#9325 = EDGE_CURVE ( 'NONE', #662, #7714, #9760, .T. ) ;
#9326 = CARTESIAN_POINT ( 'NONE',  ( 653.7829766915433538, 941.4820418422361854, 1377.898675067870499 ) ) ;
#9327 = DIRECTION ( 'NONE',  ( -1.000000000000000000, 1.110223024625180206E-16, 0.000000000000000000 ) ) ;
#9328 = DIRECTION ( 'NONE',  ( -0.000000000000000000, -0.000000000000000000, -1.000000000000000000 ) ) ;
#9329 = DIRECTION ( 'NONE',  ( 0.3262411347517739646, -0.9452865819400353420, -0.000000000000000000 ) ) ;
#9330 = VERTEX_POINT ( 'NONE', #3792 ) ;
#9331 = EDGE_LOOP ( 'NONE', ( #1379, #1332, #2989 ) ) ;
#9332 = AXIS2_PLACEMENT_3D ( 'NONE', #1165, #7220, #5809 ) ;
#9333 = ORIENTED_EDGE ( 'NONE', *, *, #1990, .T. ) ;
#9334 = EDGE_CURVE ( 'NONE', #1031, #7486, #6846, .T. ) ;
#9335 = CARTESIAN_POINT ( 'NONE',  ( 633.9879588756788280, 921.4481165441617350, 1388.224160490111444 ) ) ;
#9336 = CARTESIAN_POINT ( 'NONE',  ( 667.5503988948173628, 888.3913401078787047, 1288.224160490111444 ) ) ;
#9337 = ADVANCED_FACE ( 'NONE', ( #4442 ), #4343, .F. ) ;
#9338 = VECTOR ( 'NONE', #4757, 1000.000000000000000 ) ;
#9339 = DIRECTION ( 'NONE',  ( 1.000000000000000000, 0.000000000000000000, 0.000000000000000000 ) ) ;
#9340 = CARTESIAN_POINT ( 'NONE',  ( 688.7636023304157789, 926.6613199797621974, 1390.724160490111444 ) ) ;
#9341 = CYLINDRICAL_SURFACE ( 'NONE', #7628, 0.8000000000000229150 ) ;
#9342 = EDGE_CURVE ( 'NONE', #2533, #169, #1393, .T. ) ;
#9343 = ORIENTED_EDGE ( 'NONE', *, *, #4187, .T. ) ;
#9344 = ORIENTED_EDGE ( 'NONE', *, *, #4855, .T. ) ;
#9345 = EDGE_LOOP ( 'NONE', ( #4762, #1951, #9698, #2650 ) ) ;
#9346 = ADVANCED_FACE ( 'NONE', ( #4490 ), #9908, .T. ) ;
#9347 = VECTOR ( 'NONE', #6004, 1000.000000000000000 ) ;
#9348 = DIRECTION ( 'NONE',  ( -1.000000000000000000, -0.000000000000000000, -0.000000000000000000 ) ) ;
#9349 = LINE ( 'NONE', #8691, #8952 ) ;
#9350 = CARTESIAN_POINT ( 'NONE',  ( 677.5503988948173628, 920.4481165441617350, 1298.224160490111444 ) ) ;
#9351 = CARTESIAN_POINT ( 'NONE',  ( 666.5503988948173628, 937.9481165441617350, 1282.224160490111444 ) ) ;
#9352 = VERTEX_POINT ( 'NONE', #9710 ) ;
#9353 = FACE_OUTER_BOUND ( 'NONE', #9891, .T. ) ;
#9354 = FACE_OUTER_BOUND ( 'NONE', #4977, .T. ) ;
#9355 = DIRECTION ( 'NONE',  ( -0.000000000000000000, 1.000000000000000000, -0.000000000000000000 ) ) ;
#9356 = ORIENTED_EDGE ( 'NONE', *, *, #8353, .T. ) ;
#9357 = CIRCLE ( 'NONE', #7898, 2.000000000000001776 ) ;
#9358 = ORIENTED_EDGE ( 'NONE', *, *, #886, .F. ) ;
#9359 = ORIENTED_EDGE ( 'NONE', *, *, #3527, .T. ) ;
#9360 = DIRECTION ( 'NONE',  ( 0.000000000000000000, -1.000000000000000000, 0.000000000000000000 ) ) ;
#9361 = CARTESIAN_POINT ( 'NONE',  ( 679.6999804899497803, 940.7925065510594322, 1377.987220269825457 ) ) ;
#9362 = CIRCLE ( 'NONE', #4073, 36.25000000000000711 ) ;
#9363 = DIRECTION ( 'NONE',  ( -1.000000000000000000, 0.000000000000000000, 0.000000000000000000 ) ) ;
#9364 = ORIENTED_EDGE ( 'NONE', *, *, #9854, .F. ) ;
#9365 = CARTESIAN_POINT ( 'NONE',  ( 680.0503988948173628, 940.5105565633002698, 1292.724160490111444 ) ) ;
#9366 = ORIENTED_EDGE ( 'NONE', *, *, #9572, .T. ) ;
#9367 = DIRECTION ( 'NONE',  ( 1.190714193910480863E-14, 1.000000000000000000, 0.000000000000000000 ) ) ;
#9368 = DIRECTION ( 'NONE',  ( -0.000000000000000000, -0.000000000000000000, -1.000000000000000000 ) ) ;
#9369 = CIRCLE ( 'NONE', #7113, 35.25000000000000000 ) ;
#9370 = FACE_OUTER_BOUND ( 'NONE', #1282, .T. ) ;
#9371 = DIRECTION ( 'NONE',  ( 0.000000000000000000, 0.000000000000000000, -1.000000000000000000 ) ) ;
#9372 = DIRECTION ( 'NONE',  ( -1.000000000000000000, -3.358424649491096563E-15, 0.000000000000000000 ) ) ;
#9373 = DIRECTION ( 'NONE',  ( 1.000000000000000000, -0.000000000000000000, -1.734723475976807094E-16 ) ) ;
#9374 = VECTOR ( 'NONE', #5277, 1000.000000000000000 ) ;
#9375 = LINE ( 'NONE', #7756, #3733 ) ;
#9376 = CARTESIAN_POINT ( 'NONE',  ( 667.5503988948173628, 939.9481165441617350, 1288.224160490111444 ) ) ;
#9377 = EDGE_LOOP ( 'NONE', ( #5025, #2766 ) ) ;
#9378 = CARTESIAN_POINT ( 'NONE',  ( 675.5503988948173628, 888.9481165441617350, 1292.224160490111444 ) ) ;
#9379 = AXIS2_PLACEMENT_3D ( 'NONE', #3118, #6156, #9226 ) ;
#9380 = DIRECTION ( 'NONE',  ( 1.000000000000000000, 0.000000000000000000, -0.000000000000000000 ) ) ;
#9381 = CLOSED_SHELL ( 'NONE', ( #6864, #1759, #5101, #5206, #1676, #8343, #5764, #7801, #9654, #1860, #5589, #5727, #6137, #5469, #5953, #689, #4916, #3747, #1914, #5769, #9028, #4090, #8075, #6330, #9022, #4251, #5349, #5777, #8335, #6681, #4807, #8332, #5976, #5654, #4055, #9010, #676, #9346, #12, #390, #741, #7677, #1879, #3879, #6745, #6926, #2348, #5718, #629, #4971, #2033, #1872, #7116, #2312, #3289, #1617, #5772, #1609, #2501, #1769, #2494, #8024, #4821, #7032, #1496, #8288, #6308, #2025, #1663, #3563, #4314, #3197, #627, #3933, #4612, #1925, #4556, #6271, #63, #7111, #6816, #5609, #3218, #3090, #2363, #3213, #8990, #9483, #394, #2185, #8854, #6258, #805, #3076, #500, #685, #4071, #931, #7657, #2977, #7596, #5962, #7915, #814, #1934, #277, #6383, #5538, #1515, #7607, #1867, #2056, #2290, #95, #458, #5051, #2365, #3522, #6636, #7423, #3878, #1322, #5703, #4987, #3796, #5606, #3992, #2279, #7485, #4692, #8067, #6320, #3284, #9770, #4006, #449, #4369, #3397, #1450, #6697, #5217, #3758, #699, #5662, #9141, #8415 ) ) ;
#9382 = ORIENTED_EDGE ( 'NONE', *, *, #4616, .F. ) ;
#9383 = CARTESIAN_POINT ( 'NONE',  ( 698.9589656319080859, 897.3382225820254234, 1389.374728480527438 ) ) ;
#9384 = CARTESIAN_POINT ( 'NONE',  ( 683.5503988948173628, 888.9481165441617350, 1377.224160490111444 ) ) ;
#9385 = EDGE_CURVE ( 'NONE', #8036, #8887, #5944, .T. ) ;
#9386 = FACE_OUTER_BOUND ( 'NONE', #7615, .T. ) ;
#9387 = PLANE ( 'NONE',  #2627 ) ;
#9388 = CARTESIAN_POINT ( 'NONE',  ( 668.2503988948172946, 888.9481165441617350, 1292.224160490111444 ) ) ;
#9389 = DIRECTION ( 'NONE',  ( -0.000000000000000000, 0.000000000000000000, 1.000000000000000000 ) ) ;
#9390 = ORIENTED_EDGE ( 'NONE', *, *, #1058, .F. ) ;
#9391 = EDGE_LOOP ( 'NONE', ( #554, #4265, #9065, #4191 ) ) ;
#9392 = ADVANCED_FACE ( 'NONE', ( #6799 ), #3763, .T. ) ;
#9393 = EDGE_LOOP ( 'NONE', ( #9598, #3488, #100, #9111 ) ) ;
#9394 = EDGE_CURVE ( 'NONE', #6542, #9191, #6649, .T. ) ;
#9395 = EDGE_CURVE ( 'NONE', #4069, #6937, #3696, .T. ) ;
#9396 = AXIS2_PLACEMENT_3D ( 'NONE', #8132, #4271, #8178 ) ;
#9397 = FACE_OUTER_BOUND ( 'NONE', #6278, .T. ) ;
#9398 = CARTESIAN_POINT ( 'NONE',  ( 660.5503988948191818, 937.1981165441651456, 1397.724160490111217 ) ) ;
#9399 = CARTESIAN_POINT ( 'NONE',  ( 654.7322170766354930, 881.6328997535111966, 1378.224160490111444 ) ) ;
#9400 = ORIENTED_EDGE ( 'NONE', *, *, #888, .T. ) ;
#9401 =( BOUNDED_CURVE ( )  B_SPLINE_CURVE ( 3, ( #7010, #3907, #8317, #1459 ),
 .UNSPECIFIED., .F., .F. ) 
 B_SPLINE_CURVE_WITH_KNOTS ( ( 4, 4 ),
 ( 3.395717403145413815, 3.944470561967418298 ),
 .UNSPECIFIED. ) 
 CURVE ( )  GEOMETRIC_REPRESENTATION_ITEM ( )  RATIONAL_B_SPLINE_CURVE ( ( 1.000000000000000000, 0.9750628656958832963, 0.9750628656958832963, 1.000000000000000000 ) ) 
 REPRESENTATION_ITEM ( '' )  );
#9402 = DIRECTION ( 'NONE',  ( -0.000000000000000000, 0.000000000000000000, 1.000000000000000000 ) ) ;
#9403 = CARTESIAN_POINT ( 'NONE',  ( 680.2909630689980531, 874.7960746795258729, 1377.887524818701650 ) ) ;
#9404 = EDGE_CURVE ( 'NONE', #1729, #2130, #9369, .T. ) ;
#9405 = CARTESIAN_POINT ( 'NONE',  ( 660.5503988948191818, 937.1981165441651456, 1400.724160490111217 ) ) ;
#9406 = ORIENTED_EDGE ( 'NONE', *, *, #1240, .T. ) ;
#9407 = ORIENTED_EDGE ( 'NONE', *, *, #3448, .F. ) ;
#9408 = CIRCLE ( 'NONE', #8275, 1.000000000000000888 ) ;
#9409 = ORIENTED_EDGE ( 'NONE', *, *, #6564, .T. ) ;
#9410 =( NAMED_UNIT ( * ) SI_UNIT ( $, .STERADIAN. ) SOLID_ANGLE_UNIT ( ) );
#9411 = DIRECTION ( 'NONE',  ( 1.000000000000000000, 0.000000000000000000, 0.000000000000000000 ) ) ;
#9412 = EDGE_CURVE ( 'NONE', #6989, #8887, #5192, .T. ) ;
#9413 = CARTESIAN_POINT ( 'NONE',  ( 680.0569869589783139, 942.0016597022861333, 1377.334603236833800 ) ) ;
#9414 = AXIS2_PLACEMENT_3D ( 'NONE', #1177, #709, #3037 ) ;
#9415 = VECTOR ( 'NONE', #2205, 1000.000000000000000 ) ;
#9416 = DIRECTION ( 'NONE',  ( -0.000000000000000000, 0.000000000000000000, -1.000000000000000000 ) ) ;
#9417 = EDGE_LOOP ( 'NONE', ( #3274, #4518, #5924, #9258 ) ) ;
#9418 = DIRECTION ( 'NONE',  ( -1.000000000000000000, -3.358424649491096563E-15, 0.000000000000000000 ) ) ;
#9419 = EDGE_LOOP ( 'NONE', ( #5359, #2829, #6395, #6737 ) ) ;
#9420 = AXIS2_PLACEMENT_3D ( 'NONE', #7953, #1809, #7209 ) ;
#9421 = CARTESIAN_POINT ( 'NONE',  ( 680.3129794725042530, 881.6925542389748216, 1288.828626905492001 ) ) ;
#9422 = CARTESIAN_POINT ( 'NONE',  ( 698.4128974039094828, 895.5760235209022539, 1389.424355391673316 ) ) ;
#9423 = AXIS2_PLACEMENT_3D ( 'NONE', #1167, #7223, #9681 ) ;
#9424 = EDGE_CURVE ( 'NONE', #9001, #279, #712, .T. ) ;
#9425 = AXIS2_PLACEMENT_3D ( 'NONE', #3982, #3291, #4027 ) ;
#9426 = DIRECTION ( 'NONE',  ( -1.000000000000000000, 0.000000000000000000, 0.000000000000000000 ) ) ;
#9427 = CARTESIAN_POINT ( 'NONE',  ( 681.4333776182216980, 874.4619193613596053, 1379.224160490111444 ) ) ;
#9428 = CIRCLE ( 'NONE', #5096, 1.000000000000000888 ) ;
#9429 = VECTOR ( 'NONE', #1297, 1000.000000000000000 ) ;
#9430 = LINE ( 'NONE', #7208, #8624 ) ;
#9431 = DIRECTION ( 'NONE',  ( 0.000000000000000000, -0.000000000000000000, -1.000000000000000000 ) ) ;
#9432 = DIRECTION ( 'NONE',  ( -0.000000000000000000, -0.000000000000000000, -1.000000000000000000 ) ) ;
#9433 = CARTESIAN_POINT ( 'NONE',  ( 667.5503988948173628, 938.9481165441617350, 1283.224160490111672 ) ) ;
#9434 = CARTESIAN_POINT ( 'NONE',  ( 634.9821945031686710, 920.4411763113736242, 1377.359624672794780 ) ) ;
#9435 = CARTESIAN_POINT ( 'NONE',  ( 637.1811508563177995, 922.1777548932323043, 1388.263056406937494 ) ) ;
#9436 = EDGE_CURVE ( 'NONE', #3889, #4522, #677, .T. ) ;
#9437 = AXIS2_PLACEMENT_3D ( 'NONE', #5074, #7381, #1274 ) ;
#9438 = ORIENTED_EDGE ( 'NONE', *, *, #3917, .F. ) ;
#9439 = CARTESIAN_POINT ( 'NONE',  ( 699.3235552776354780, 896.7992726092035127, 1389.422077785151941 ) ) ;
#9440 = DIRECTION ( 'NONE',  ( -1.000000000000000000, -0.000000000000000000, -0.000000000000000000 ) ) ;
#9441 = CIRCLE ( 'NONE', #5110, 3.000000000000002665 ) ;
#9442 = FACE_OUTER_BOUND ( 'NONE', #6970, .T. ) ;
#9443 = DIRECTION ( 'NONE',  ( 0.000000000000000000, 0.000000000000000000, -1.000000000000000000 ) ) ;
#9444 = CARTESIAN_POINT ( 'NONE',  ( 667.5283937854312626, 837.1981165441652593, 1397.724160490111217 ) ) ;
#9445 = AXIS2_PLACEMENT_3D ( 'NONE', #8026, #1124, #9646 ) ;
#9446 = CARTESIAN_POINT ( 'NONE',  ( 681.1780327129339412, 874.3560564033208493, 1379.224160486351366 ) ) ;
#9447 = ORIENTED_EDGE ( 'NONE', *, *, #1686, .F. ) ;
#9448 = ORIENTED_EDGE ( 'NONE', *, *, #4813, .F. ) ;
#9449 = VERTEX_POINT ( 'NONE', #2451 ) ;
#9450 = EDGE_CURVE ( 'NONE', #569, #8816, #7286, .T. ) ;
#9451 = CARTESIAN_POINT ( 'NONE',  ( 657.0503988948174765, 888.9481165441617350, 1288.224160490111444 ) ) ;
#9452 = DIRECTION ( 'NONE',  ( 1.000000000000000000, -3.063263675021908375E-15, 0.000000000000000000 ) ) ;
#9453 = ORIENTED_EDGE ( 'NONE', *, *, #4975, .F. ) ;
#9454 = CARTESIAN_POINT ( 'NONE',  ( 703.8003988948164533, 907.9481165441579833, 1394.724160490111444 ) ) ;
#9455 = DIRECTION ( 'NONE',  ( -0.000000000000000000, -0.000000000000000000, -1.000000000000000000 ) ) ;
#9456 = ADVANCED_FACE ( 'NONE', ( #7043 ), #8501, .F. ) ;
#9457 = CARTESIAN_POINT ( 'NONE',  ( 684.5503988948173628, 907.9481165441617350, 1377.224160490111444 ) ) ;
#9458 = ORIENTED_EDGE ( 'NONE', *, *, #4421, .F. ) ;
#9459 = ORIENTED_EDGE ( 'NONE', *, *, #995, .F. ) ;
#9460 = ORIENTED_EDGE ( 'NONE', *, *, #7716, .F. ) ;
#9461 = ADVANCED_FACE ( 'NONE', ( #9308 ), #3894, .F. ) ;
#9462 = CARTESIAN_POINT ( 'NONE',  ( 678.0503988948173628, 888.9481165441617350, 1288.224160490111444 ) ) ;
#9463 = CARTESIAN_POINT ( 'NONE',  ( 655.7546109051077110, 882.9481165441617350, 1281.724160490111444 ) ) ;
#9464 =( BOUNDED_CURVE ( )  B_SPLINE_CURVE ( 3, ( #3204, #6241, #1693, #4797 ),
 .UNSPECIFIED., .F., .F. ) 
 B_SPLINE_CURVE_WITH_KNOTS ( ( 4, 4 ),
 ( 3.522855596016029711, 3.589636467552493215 ),
 .UNSPECIFIED. ) 
 CURVE ( )  GEOMETRIC_REPRESENTATION_ITEM ( )  RATIONAL_B_SPLINE_CURVE ( ( 1.000000000000000000, 0.9996283941275994067, 0.9996283941275994067, 1.000000000000000000 ) ) 
 REPRESENTATION_ITEM ( '' )  );
#9465 = DIRECTION ( 'NONE',  ( 1.401656568589258397E-14, 1.000000000000000000, 0.000000000000000000 ) ) ;
#9466 = ORIENTED_EDGE ( 'NONE', *, *, #8402, .F. ) ;
#9467 = DIRECTION ( 'NONE',  ( -0.000000000000000000, -0.000000000000000000, -1.000000000000000000 ) ) ;
#9468 = VERTEX_POINT ( 'NONE', #3203 ) ;
#9469 = DIRECTION ( 'NONE',  ( -0.000000000000000000, -0.000000000000000000, -1.000000000000000000 ) ) ;
#9470 = DIRECTION ( 'NONE',  ( 0.000000000000000000, -1.000000000000000000, 0.000000000000000000 ) ) ;
#9471 = EDGE_CURVE ( 'NONE', #5770, #4384, #4588, .T. ) ;
#9472 = EDGE_CURVE ( 'NONE', #651, #1614, #4693, .T. ) ;
#9473 = DIRECTION ( 'NONE',  ( -1.000000000000000000, 9.783840404509128904E-16, 0.000000000000000000 ) ) ;
#9474 = DIRECTION ( 'NONE',  ( 1.000000000000000000, 4.440892098500720825E-14, 0.000000000000000000 ) ) ;
#9475 = EDGE_CURVE ( 'NONE', #1446, #6300, #9206, .T. ) ;
#9476 = VECTOR ( 'NONE', #3901, 1000.000000000000000 ) ;
#9477 = DIRECTION ( 'NONE',  ( 0.000000000000000000, 0.000000000000000000, -1.000000000000000000 ) ) ;
#9478 = CARTESIAN_POINT ( 'NONE',  ( 657.0503988948174765, 888.9481165441617350, 1288.224160490111444 ) ) ;
#9479 = AXIS2_PLACEMENT_3D ( 'NONE', #836, #137, #7416 ) ;
#9480 = ORIENTED_EDGE ( 'NONE', *, *, #7910, .F. ) ;
#9481 = CARTESIAN_POINT ( 'NONE',  ( 637.2906134251121557, 917.9481165441651456, 1389.225536108108145 ) ) ;
#9482 = DIRECTION ( 'NONE',  ( -1.000000000000000000, 0.000000000000000000, 0.000000000000000000 ) ) ;
#9483 = ADVANCED_FACE ( 'NONE', ( #937 ), #1743, .T. ) ;
#9484 = DIRECTION ( 'NONE',  ( -0.000000000000000000, -0.000000000000000000, -1.000000000000000000 ) ) ;
#9485 = CYLINDRICAL_SURFACE ( 'NONE', #755, 1.600000000000045830 ) ;
#9486 = ORIENTED_EDGE ( 'NONE', *, *, #6506, .F. ) ;
#9487 = CARTESIAN_POINT ( 'NONE',  ( 682.5503988948173628, 909.4481165441617350, 1288.224160490111444 ) ) ;
#9488 = AXIS2_PLACEMENT_3D ( 'NONE', #7045, #8660, #1139 ) ;
#9489 = DIRECTION ( 'NONE',  ( -1.000000000000000000, 0.000000000000000000, -0.000000000000000000 ) ) ;
#9490 = CARTESIAN_POINT ( 'NONE',  ( 696.8003988948141796, 897.9481165441579833, 1400.724160490111217 ) ) ;
#9491 = AXIS2_PLACEMENT_3D ( 'NONE', #2090, #4433, #3450 ) ;
#9492 = FACE_BOUND ( 'NONE', #5433, .T. ) ;
#9493 = ORIENTED_EDGE ( 'NONE', *, *, #4685, .T. ) ;
#9494 = VERTEX_POINT ( 'NONE', #783 ) ;
#9495 = ORIENTED_EDGE ( 'NONE', *, *, #20, .T. ) ;
#9496 = VECTOR ( 'NONE', #965, 1000.000000000000000 ) ;
#9497 = DIRECTION ( 'NONE',  ( 1.000000000000000000, 2.871417490858054344E-15, 0.000000000000000000 ) ) ;
#9498 = DIRECTION ( 'NONE',  ( -1.000000000000000000, 0.000000000000000000, 0.000000000000000000 ) ) ;
#9499 = CARTESIAN_POINT ( 'NONE',  ( 696.6535744619976640, 918.2534772022565903, 1388.224160490111444 ) ) ;
#9500 = ORIENTED_EDGE ( 'NONE', *, *, #869, .F. ) ;
#9501 = PLANE ( 'NONE',  #3712 ) ;
#9502 = CYLINDRICAL_SURFACE ( 'NONE', #6622, 1.000000000000000888 ) ;
#9503 = CARTESIAN_POINT ( 'NONE',  ( 695.8174274026412149, 889.3742365924738351, 1388.224160490111444 ) ) ;
#9504 = ORIENTED_EDGE ( 'NONE', *, *, #7188, .F. ) ;
#9505 = ORIENTED_EDGE ( 'NONE', *, *, #9129, .T. ) ;
#9506 = ORIENTED_EDGE ( 'NONE', *, *, #2196, .T. ) ;
#9507 = CARTESIAN_POINT ( 'NONE',  ( 680.0103771339106515, 940.5436445880044403, 1377.513516045888309 ) ) ;
#9508 = CARTESIAN_POINT ( 'NONE',  ( 697.4847019600267686, 895.9481165441580970, 1394.724160490111444 ) ) ;
#9509 = CARTESIAN_POINT ( 'NONE',  ( 681.3634424333049537, 941.4632360415600942, 1377.758456222290988 ) ) ;
#9510 = EDGE_CURVE ( 'NONE', #5296, #1392, #7840, .T. ) ;
#9511 = DIRECTION ( 'NONE',  ( 0.000000000000000000, 0.000000000000000000, 1.000000000000000000 ) ) ;
#9512 = ORIENTED_EDGE ( 'NONE', *, *, #4868, .T. ) ;
#9513 = FACE_OUTER_BOUND ( 'NONE', #327, .T. ) ;
#9514 = AXIS2_PLACEMENT_3D ( 'NONE', #9821, #7559, #8413 ) ;
#9515 = AXIS2_PLACEMENT_3D ( 'NONE', #4816, #1108, #7861 ) ;
#9516 = ORIENTED_EDGE ( 'NONE', *, *, #4299, .F. ) ;
#9517 = CARTESIAN_POINT ( 'NONE',  ( 677.5503988948192955, 937.1981165441651456, 1400.724160490111217 ) ) ;
#9518 = CARTESIAN_POINT ( 'NONE',  ( 635.6160958296067065, 919.9481165441651456, 1389.443005925729949 ) ) ;
#9519 = ORIENTED_EDGE ( 'NONE', *, *, #6262, .T. ) ;
#9520 = FACE_OUTER_BOUND ( 'NONE', #9662, .T. ) ;
#9521 = DIRECTION ( 'NONE',  ( 1.000000000000000000, 0.000000000000000000, 0.000000000000000000 ) ) ;
#9522 = EDGE_CURVE ( 'NONE', #1040, #7279, #8400, .T. ) ;
#9523 = EDGE_CURVE ( 'NONE', #1740, #5138, #6153, .T. ) ;
#9524 = LINE ( 'NONE', #192, #1739 ) ;
#9525 = DIRECTION ( 'NONE',  ( -1.000000000000000000, -3.330669073875467649E-15, -0.000000000000000000 ) ) ;
#9526 = EDGE_CURVE ( 'NONE', #127, #5712, #6136, .T. ) ;
#9527 = ORIENTED_EDGE ( 'NONE', *, *, #7897, .F. ) ;
#9528 = CARTESIAN_POINT ( 'NONE',  ( 636.3877225695412108, 919.6798217515624856, 1388.469141676230038 ) ) ;
#9529 = PLANE ( 'NONE',  #1531 ) ;
#9530 = CIRCLE ( 'NONE', #5191, 1.600000000000045830 ) ;
#9531 = ORIENTED_EDGE ( 'NONE', *, *, #4685, .F. ) ;
#9532 = DIRECTION ( 'NONE',  ( 1.000000000000000000, 6.483054158395074660E-15, 0.000000000000000000 ) ) ;
#9533 = EDGE_CURVE ( 'NONE', #8498, #6300, #232, .T. ) ;
#9534 = CARTESIAN_POINT ( 'NONE',  ( 658.5503988948140659, 876.1904838458081031, 1374.668558774804069 ) ) ;
#9535 = ORIENTED_EDGE ( 'NONE', *, *, #9219, .T. ) ;
#9536 = CARTESIAN_POINT ( 'NONE',  ( 661.5503988948173628, 888.9481165441617350, 1288.224160490111444 ) ) ;
#9537 = VECTOR ( 'NONE', #2347, 1000.000000000000000 ) ;
#9538 = DIRECTION ( 'NONE',  ( 1.190714193910480863E-14, 1.000000000000000000, 0.000000000000000000 ) ) ;
#9539 = DIRECTION ( 'NONE',  ( 0.9678837029207191245, 2.752334024379463436E-15, 0.2513983643949918578 ) ) ;
#9540 = DIRECTION ( 'NONE',  ( -0.000000000000000000, -0.000000000000000000, -1.000000000000000000 ) ) ;
#9541 = AXIS2_PLACEMENT_3D ( 'NONE', #2203, #1540, #1400 ) ;
#9542 = CARTESIAN_POINT ( 'NONE',  ( 636.1529240261299947, 919.6128170965114350, 1388.530128310881992 ) ) ;
#9543 = DIRECTION ( 'NONE',  ( -0.000000000000000000, 0.000000000000000000, -1.000000000000000000 ) ) ;
#9544 = AXIS2_PLACEMENT_3D ( 'NONE', #2844, #8904, #6031 ) ;
#9545 = VERTEX_POINT ( 'NONE', #2504 ) ;
#9546 = VERTEX_POINT ( 'NONE', #1639 ) ;
#9547 = ORIENTED_EDGE ( 'NONE', *, *, #5343, .T. ) ;
#9548 = VECTOR ( 'NONE', #7049, 1000.000000000000000 ) ;
#9549 = DIRECTION ( 'NONE',  ( -1.000000000000000000, 0.000000000000000000, 0.000000000000000000 ) ) ;
#9550 = CARTESIAN_POINT ( 'NONE',  ( 654.3045477663374641, 874.2025126983846803, 1378.230291835650178 ) ) ;
#9551 = LINE ( 'NONE', #2027, #3414 ) ;
#9552 = VERTEX_POINT ( 'NONE', #8556 ) ;
#9553 = CARTESIAN_POINT ( 'NONE',  ( 657.5503988948141796, 878.6981165441579833, 1400.724160490111217 ) ) ;
#9554 = DIRECTION ( 'NONE',  ( -1.110223024625180206E-16, -1.000000000000000000, -0.000000000000000000 ) ) ;
#9555 = ORIENTED_EDGE ( 'NONE', *, *, #1931, .T. ) ;
#9556 = VERTEX_POINT ( 'NONE', #8401 ) ;
#9557 = ORIENTED_EDGE ( 'NONE', *, *, #2106, .F. ) ;
#9558 = DIRECTION ( 'NONE',  ( -8.049116928532400695E-16, -1.000000000000000000, 0.000000000000000000 ) ) ;
#9559 = DIRECTION ( 'NONE',  ( -1.000000000000000000, 0.000000000000000000, 0.000000000000000000 ) ) ;
#9560 = CARTESIAN_POINT ( 'NONE',  ( 697.7338201875327286, 918.8137388290108447, 1388.224160490111444 ) ) ;
#9561 = AXIS2_PLACEMENT_3D ( 'NONE', #8209, #3709, #5907 ) ;
#9562 = VERTEX_POINT ( 'NONE', #1692 ) ;
#9563 = CARTESIAN_POINT ( 'NONE',  ( 681.4333776182216980, 941.4343137269638646, 1388.224160490111444 ) ) ;
#9564 = ORIENTED_EDGE ( 'NONE', *, *, #7354, .F. ) ;
#9565 = CARTESIAN_POINT ( 'NONE',  ( 683.5503988948173628, 897.9481165441617350, 1292.224160490111444 ) ) ;
#9566 = VERTEX_POINT ( 'NONE', #3253 ) ;
#9567 = DIRECTION ( 'NONE',  ( -1.000000000000000000, 0.000000000000000000, 0.000000000000000000 ) ) ;
#9568 = CARTESIAN_POINT ( 'NONE',  ( 699.3080315931637188, 898.9481165441580970, 1394.724160490111444 ) ) ;
#9569 = VECTOR ( 'NONE', #2020, 1000.000000000000114 ) ;
#9570 = FACE_BOUND ( 'NONE', #4922, .T. ) ;
#9571 = CARTESIAN_POINT ( 'NONE',  ( 638.3003988948192955, 917.9802328412444012, 1388.745784350350050 ) ) ;
#9572 = EDGE_CURVE ( 'NONE', #8615, #5840, #1364, .T. ) ;
#9573 = ORIENTED_EDGE ( 'NONE', *, *, #1120, .F. ) ;
#9574 = DIRECTION ( 'NONE',  ( -1.000000000000000000, 0.000000000000000000, 0.000000000000000000 ) ) ;
#9575 = AXIS2_PLACEMENT_3D ( 'NONE', #4114, #860, #4066 ) ;
#9576 = EDGE_LOOP ( 'NONE', ( #1453, #779, #6417, #8372 ) ) ;
#9577 = EDGE_CURVE ( 'NONE', #7234, #7694, #5544, .T. ) ;
#9578 = CARTESIAN_POINT ( 'NONE',  ( 654.7546109051075973, 882.0666290244978427, 1288.471520340252482 ) ) ;
#9579 = CIRCLE ( 'NONE', #928, 1.000000000000022204 ) ;
#9580 = PLANE ( 'NONE',  #6044 ) ;
#9581 = AXIS2_PLACEMENT_3D ( 'NONE', #6011, #4560, #9077 ) ;
#9582 = AXIS2_PLACEMENT_3D ( 'NONE', #4039, #233, #7887 ) ;
#9583 = ORIENTED_EDGE ( 'NONE', *, *, #4876, .F. ) ;
#9584 = DIRECTION ( 'NONE',  ( -1.000000000000000000, 1.893515102561680783E-15, 0.000000000000000000 ) ) ;
#9585 = CARTESIAN_POINT ( 'NONE',  ( 656.0503988948174765, 924.9481165441617350, 1377.224160490111444 ) ) ;
#9586 = EDGE_CURVE ( 'NONE', #9653, #5376, #5384, .T. ) ;
#9587 = EDGE_CURVE ( 'NONE', #4319, #2292, #5197, .T. ) ;
#9588 = TOROIDAL_SURFACE ( 'NONE', #5090, 35.25000000000000000, 1.000000000000000000 ) ;
#9589 = CARTESIAN_POINT ( 'NONE',  ( 673.5503988948173628, 888.9481165441617350, 1288.224160490111444 ) ) ;
#9590 = DIRECTION ( 'NONE',  ( -1.000000000000000000, 0.000000000000000000, 0.000000000000000000 ) ) ;
#9591 = AXIS2_PLACEMENT_3D ( 'NONE', #5755, #8199, #3652 ) ;
#9592 = EDGE_CURVE ( 'NONE', #3694, #1283, #6481, .T. ) ;
#9593 = FACE_OUTER_BOUND ( 'NONE', #5647, .T. ) ;
#9594 = DIRECTION ( 'NONE',  ( 1.000000000000000000, 0.000000000000000000, 0.000000000000000000 ) ) ;
#9595 = ORIENTED_EDGE ( 'NONE', *, *, #558, .T. ) ;
#9596 = VERTEX_POINT ( 'NONE', #4996 ) ;
#9597 = EDGE_CURVE ( 'NONE', #4203, #4384, #4943, .T. ) ;
#9598 = ORIENTED_EDGE ( 'NONE', *, *, #9287, .F. ) ;
#9599 = AXIS2_PLACEMENT_3D ( 'NONE', #1525, #770, #8389 ) ;
#9600 = ADVANCED_FACE ( 'NONE', ( #3352 ), #4184, .F. ) ;
#9601 = DIRECTION ( 'NONE',  ( -1.000000000000000000, 0.000000000000000000, 0.000000000000000000 ) ) ;
#9602 = CARTESIAN_POINT ( 'NONE',  ( 654.5367991809895329, 874.9989870303073758, 1378.100258574177587 ) ) ;
#9603 = AXIS2_PLACEMENT_3D ( 'NONE', #4192, #1194, #2046 ) ;
#9604 = CARTESIAN_POINT ( 'NONE',  ( 685.2636023304106629, 879.8090880596993202, 1388.224160490111444 ) ) ;
#9605 = EDGE_LOOP ( 'NONE', ( #6243, #9168, #974, #4216 ) ) ;
#9606 = CARTESIAN_POINT ( 'NONE',  ( 654.5405012514009968, 874.1128971650599624, 1379.039464855752840 ) ) ;
#9607 = CARTESIAN_POINT ( 'NONE',  ( 680.0587512833119490, 874.6325171600913109, 1377.372379348550567 ) ) ;
#9608 = CARTESIAN_POINT ( 'NONE',  ( 693.7921470328956275, 889.2349131085616136, 1388.224160490111444 ) ) ;
#9609 = ORIENTED_EDGE ( 'NONE', *, *, #9096, .T. ) ;
#9610 = EDGE_LOOP ( 'NONE', ( #8686, #587, #5594, #7154 ) ) ;
#9611 = ORIENTED_EDGE ( 'NONE', *, *, #4117, .F. ) ;
#9612 =( BOUNDED_CURVE ( )  B_SPLINE_CURVE ( 3, ( #7114, #2579, #2524, #7914 ),
 .UNSPECIFIED., .F., .F. ) 
 B_SPLINE_CURVE_WITH_KNOTS ( ( 4, 4 ),
 ( 2.693548839627112113, 2.760329711163541866 ),
 .UNSPECIFIED. ) 
 CURVE ( )  GEOMETRIC_REPRESENTATION_ITEM ( )  RATIONAL_B_SPLINE_CURVE ( ( 1.000000000000000000, 0.9996283941275996288, 0.9996283941275996288, 1.000000000000000000 ) ) 
 REPRESENTATION_ITEM ( '' )  );
#9613 = EDGE_CURVE ( 'NONE', #7078, #3596, #6797, .T. ) ;
#9614 = CARTESIAN_POINT ( 'NONE',  ( 679.0503988948173628, 924.9481165441617350, 1377.224160490111444 ) ) ;
#9615 = CARTESIAN_POINT ( 'NONE',  ( 680.0503988948173628, 920.4481165441617350, 1377.224160490111444 ) ) ;
#9616 = CARTESIAN_POINT ( 'NONE',  ( 674.5503988948140659, 878.6981165441579833, 1397.724160490111217 ) ) ;
#9617 = ORIENTED_EDGE ( 'NONE', *, *, #8553, .F. ) ;
#9618 = CARTESIAN_POINT ( 'NONE',  ( 634.2290468814311453, 919.4481165441617350, 1378.224160490111444 ) ) ;
#9619 = ORIENTED_EDGE ( 'NONE', *, *, #9049, .T. ) ;
#9620 = CARTESIAN_POINT ( 'NONE',  ( 648.8371954592175825, 886.7349131085610452, 1390.724160490111444 ) ) ;
#9621 = ORIENTED_EDGE ( 'NONE', *, *, #6996, .F. ) ;
#9622 = DIRECTION ( 'NONE',  ( 0.9678837029207192355, 6.608585648673528378E-15, -0.2513983643949918578 ) ) ;
#9623 = CARTESIAN_POINT ( 'NONE',  ( 658.6503988948174992, 888.9481165441617350, 1288.224160490111444 ) ) ;
#9624 = DIRECTION ( 'NONE',  ( -1.000000000000000000, 0.000000000000000000, 0.000000000000000000 ) ) ;
#9625 = VERTEX_POINT ( 'NONE', #4138 ) ;
#9626 = CARTESIAN_POINT ( 'NONE',  ( 667.5503988948173628, 877.9481165441617350, 1284.724160490111444 ) ) ;
#9627 = ORIENTED_EDGE ( 'NONE', *, *, #8472, .T. ) ;
#9628 = DIRECTION ( 'NONE',  ( 0.000000000000000000, 1.000000000000000000, 0.000000000000000000 ) ) ;
#9629 = CARTESIAN_POINT ( 'NONE',  ( 655.5503988948173628, 920.4481165441617350, 1388.224160490111444 ) ) ;
#9630 = ORIENTED_EDGE ( 'NONE', *, *, #1939, .F. ) ;
#9631 = CARTESIAN_POINT ( 'NONE',  ( 696.8003988948139522, 907.9481165441579833, 1388.745784350350050 ) ) ;
#9632 = CARTESIAN_POINT ( 'NONE',  ( 700.7830870777228256, 919.5765686609952354, 1378.224160490111444 ) ) ;
#9633 = VECTOR ( 'NONE', #1797, 1000.000000000000000 ) ;
#9634 =( LENGTH_UNIT ( ) NAMED_UNIT ( * ) SI_UNIT ( .MILLI., .METRE. ) );
#9635 = CARTESIAN_POINT ( 'NONE',  ( 640.5917924049325620, 889.2349131085608178, 1388.224160490111672 ) ) ;
#9636 = DIRECTION ( 'NONE',  ( 2.871417490858054344E-15, -1.000000000000000000, 0.000000000000000000 ) ) ;
#9637 = CARTESIAN_POINT ( 'NONE',  ( 667.5503988948173628, 907.9481165441617350, 1292.724160490111444 ) ) ;
#9638 = VERTEX_POINT ( 'NONE', #7939 ) ;
#9639 = EDGE_CURVE ( 'NONE', #3995, #1270, #5040, .T. ) ;
#9640 = VERTEX_POINT ( 'NONE', #4891 ) ;
#9641 = VECTOR ( 'NONE', #1695, 1000.000000000000000 ) ;
#9642 = VERTEX_POINT ( 'NONE', #7346 ) ;
#9643 = EDGE_CURVE ( 'NONE', #7883, #204, #8657, .T. ) ;
#9644 = ADVANCED_FACE ( 'NONE', ( #4230 ), #377, .F. ) ;
#9645 = DIRECTION ( 'NONE',  ( 0.000000000000000000, 0.000000000000000000, 1.000000000000000000 ) ) ;
#9646 = DIRECTION ( 'NONE',  ( -1.000000000000000000, 2.220446049250311061E-13, 0.000000000000000000 ) ) ;
#9647 = CARTESIAN_POINT ( 'NONE',  ( 674.5503988948194092, 937.1981165441652593, 1397.724160490111217 ) ) ;
#9648 = VERTEX_POINT ( 'NONE', #3492 ) ;
#9649 = EDGE_CURVE ( 'NONE', #3072, #2964, #4555, .T. ) ;
#9650 = DIRECTION ( 'NONE',  ( 1.000000000000000000, 0.000000000000000000, 0.000000000000000000 ) ) ;
#9651 = CARTESIAN_POINT ( 'NONE',  ( 634.0642017120152332, 921.8310952675660701, 1388.224160490111444 ) ) ;
#9652 = ORIENTED_EDGE ( 'NONE', *, *, #1571, .F. ) ;
#9653 = VERTEX_POINT ( 'NONE', #5743 ) ;
#9654 = ADVANCED_FACE ( 'NONE', ( #2752 ), #5785, .F. ) ;
#9655 = ORIENTED_EDGE ( 'NONE', *, *, #4664, .T. ) ;
#9656 = AXIS2_PLACEMENT_3D ( 'NONE', #8930, #6570, #1927 ) ;
#9657 = PLANE ( 'NONE',  #8574 ) ;
#9658 = FACE_OUTER_BOUND ( 'NONE', #7817, .T. ) ;
#9659 = DIRECTION ( 'NONE',  ( -9.592309208190295504E-17, -1.000000000000000000, 0.000000000000000000 ) ) ;
#9660 = ORIENTED_EDGE ( 'NONE', *, *, #9412, .T. ) ;
#9661 = CARTESIAN_POINT ( 'NONE',  ( 656.0503988948174765, 941.2694685575479525, 1378.224160490111444 ) ) ;
#9662 = EDGE_LOOP ( 'NONE', ( #2757, #5321, #1229, #3605 ) ) ;
#9663 = DIRECTION ( 'NONE',  ( -1.000000000000000000, -6.125368411725000433E-15, 0.000000000000000000 ) ) ;
#9664 = ORIENTED_EDGE ( 'NONE', *, *, #4795, .T. ) ;
#9665 = DIRECTION ( 'NONE',  ( -0.000000000000000000, 0.000000000000000000, 1.000000000000000000 ) ) ;
#9666 = PLANE ( 'NONE',  #9591 ) ;
#9667 = VECTOR ( 'NONE', #4900, 1000.000000000000000 ) ;
#9668 = VECTOR ( 'NONE', #6606, 1000.000000000000000 ) ;
#9669 = DIRECTION ( 'NONE',  ( -1.000000000000000000, -0.000000000000000000, -0.000000000000000000 ) ) ;
#9670 = VERTEX_POINT ( 'NONE', #1947 ) ;
#9671 = CARTESIAN_POINT ( 'NONE',  ( 638.4472233276412680, 918.2534772022568177, 1388.224160490111444 ) ) ;
#9672 = ORIENTED_EDGE ( 'NONE', *, *, #60, .F. ) ;
#9673 = CARTESIAN_POINT ( 'NONE',  ( 633.8872762557640499, 921.3979907787521597, 1378.479038051433236 ) ) ;
#9674 = DIRECTION ( 'NONE',  ( 0.000000000000000000, 0.000000000000000000, 1.000000000000000000 ) ) ;
#9675 = ORIENTED_EDGE ( 'NONE', *, *, #3453, .T. ) ;
#9676 = DIRECTION ( 'NONE',  ( 0.2513983643950108982, 0.000000000000000000, -0.9678837029207143505 ) ) ;
#9677 = CARTESIAN_POINT ( 'NONE',  ( 700.6923571891477422, 919.7030711774062866, 1378.199644120240919 ) ) ;
#9678 = CIRCLE ( 'NONE', #7586, 2.000000000000001776 ) ;
#9679 =( NAMED_UNIT ( * ) PLANE_ANGLE_UNIT ( ) SI_UNIT ( $, .RADIAN. ) );
#9680 = LINE ( 'NONE', #5716, #4206 ) ;
#9681 = DIRECTION ( 'NONE',  ( 1.000000000000000000, 0.000000000000000000, 0.000000000000000000 ) ) ;
#9682 = PLANE ( 'NONE',  #920 ) ;
#9683 = EDGE_LOOP ( 'NONE', ( #6501, #3491, #530, #4389 ) ) ;
#9684 = VERTEX_POINT ( 'NONE', #1896 ) ;
#9685 = CIRCLE ( 'NONE', #6956, 3.000000000000002665 ) ;
#9686 = ORIENTED_EDGE ( 'NONE', *, *, #4491, .F. ) ;
#9687 = EDGE_CURVE ( 'NONE', #812, #2751, #8407, .T. ) ;
#9688 = CARTESIAN_POINT ( 'NONE',  ( 654.6449785465985087, 874.9175388534981721, 1378.030763322353096 ) ) ;
#9689 = CARTESIAN_POINT ( 'NONE',  ( 633.8839104455968254, 921.3895759124606002, 1378.489159679076920 ) ) ;
#9690 = ORIENTED_EDGE ( 'NONE', *, *, #3639, .F. ) ;
#9691 = CARTESIAN_POINT ( 'NONE',  ( 655.6079671194517005, 873.7217478810126750, 1377.900556852869386 ) ) ;
#9692 = EDGE_CURVE ( 'NONE', #7431, #5603, #3930, .T. ) ;
#9693 = DIRECTION ( 'NONE',  ( -0.000000000000000000, -0.000000000000000000, -1.000000000000000000 ) ) ;
#9694 = EDGE_LOOP ( 'NONE', ( #4154, #2470, #3586, #7215, #1430, #9617 ) ) ;
#9695 = VERTEX_POINT ( 'NONE', #5039 ) ;
#9696 = EDGE_CURVE ( 'NONE', #960, #4500, #5688, .T. ) ;
#9697 = VECTOR ( 'NONE', #8007, 1000.000000000000000 ) ;
#9698 = ORIENTED_EDGE ( 'NONE', *, *, #9207, .F. ) ;
#9699 = CARTESIAN_POINT ( 'NONE',  ( 679.3461868845271283, 881.9481165441617350, 1281.724160490111444 ) ) ;
#9700 = DIRECTION ( 'NONE',  ( -0.000000000000000000, -0.000000000000000000, -1.000000000000000000 ) ) ;
#9701 = EDGE_CURVE ( 'NONE', #764, #4107, #6496, .T. ) ;
#9702 = FACE_OUTER_BOUND ( 'NONE', #5371, .T. ) ;
#9703 = ORIENTED_EDGE ( 'NONE', *, *, #6743, .F. ) ;
#9704 = DIRECTION ( 'NONE',  ( 0.000000000000000000, 0.000000000000000000, 1.000000000000000000 ) ) ;
#9705 = CARTESIAN_POINT ( 'NONE',  ( 635.6621460382643818, 919.4115269589600530, 1389.437025379143961 ) ) ;
#9706 = EDGE_CURVE ( 'NONE', #6596, #9716, #7886, .T. ) ;
#9707 = LINE ( 'NONE', #8151, #8311 ) ;
#9708 = EDGE_LOOP ( 'NONE', ( #2201, #4463, #9913, #5249 ) ) ;
#9709 = ADVANCED_FACE ( 'NONE', ( #7197 ), #330, .T. ) ;
#9710 = CARTESIAN_POINT ( 'NONE',  ( 665.9283937854312398, 875.1904838458081031, 1397.724160490111217 ) ) ;
#9711 = AXIS2_PLACEMENT_3D ( 'NONE', #3955, #5450, #7006 ) ;
#9712 = CARTESIAN_POINT ( 'NONE',  ( 666.5503988948173628, 923.9481165441617350, 1283.224160490111672 ) ) ;
#9713 = AXIS2_PLACEMENT_3D ( 'NONE', #6221, #9235, #356 ) ;
#9714 = CARTESIAN_POINT ( 'NONE',  ( 672.5503988948173628, 934.9481165441617350, 1283.724160490111217 ) ) ;
#9715 = ORIENTED_EDGE ( 'NONE', *, *, #9269, .F. ) ;
#9716 = VERTEX_POINT ( 'NONE', #6787 ) ;
#9717 = LINE ( 'NONE', #5949, #6645 ) ;
#9718 = EDGE_CURVE ( 'NONE', #4924, #72, #6685, .T. ) ;
#9719 = EDGE_LOOP ( 'NONE', ( #8086, #5527, #9333, #8499 ) ) ;
#9720 = CARTESIAN_POINT ( 'NONE',  ( 633.5064550208891205, 920.4569662101744143, 1377.484837583997205 ) ) ;
#9721 = CARTESIAN_POINT ( 'NONE',  ( 667.5503988948173628, 907.9481165441617350, 1292.724160490111444 ) ) ;
#9722 = VECTOR ( 'NONE', #8172, 1000.000000000000000 ) ;
#9723 = PLANE ( 'NONE',  #7619 ) ;
#9724 = CARTESIAN_POINT ( 'NONE',  ( 699.3080315931698578, 917.9481165441651456, 1400.724160490111217 ) ) ;
#9725 = CIRCLE ( 'NONE', #1088, 0.9999999999998898659 ) ;
#9726 = DIRECTION ( 'NONE',  ( -0.000000000000000000, -0.000000000000000000, -1.000000000000000000 ) ) ;
#9727 = DIRECTION ( 'NONE',  ( 0.000000000000000000, 0.000000000000000000, 1.000000000000000000 ) ) ;
#9728 = VECTOR ( 'NONE', #2062, 1000.000000000000000 ) ;
#9729 = ADVANCED_FACE ( 'NONE', ( #4332, #6590 ), #3734, .F. ) ;
#9730 = DIRECTION ( 'NONE',  ( -0.000000000000000000, 0.000000000000000000, -1.000000000000000000 ) ) ;
#9731 = AXIS2_PLACEMENT_3D ( 'NONE', #846, #2885, #5170 ) ;
#9732 = LINE ( 'NONE', #552, #278 ) ;
#9733 = EDGE_LOOP ( 'NONE', ( #4158, #4623, #2454 ) ) ;
#9734 = ORIENTED_EDGE ( 'NONE', *, *, #4048, .F. ) ;
#9735 = AXIS2_PLACEMENT_3D ( 'NONE', #3812, #646, #3716 ) ;
#9736 = ORIENTED_EDGE ( 'NONE', *, *, #1256, .T. ) ;
#9737 = DIRECTION ( 'NONE',  ( 1.000000000000000000, 0.000000000000000000, 0.000000000000000000 ) ) ;
#9738 = CIRCLE ( 'NONE', #7340, 2.000000000000001776 ) ;
#9739 = AXIS2_PLACEMENT_3D ( 'NONE', #5690, #887, #7842 ) ;
#9740 = CARTESIAN_POINT ( 'NONE',  ( 669.1283937854312853, 875.1904838458081031, 1397.724160490111217 ) ) ;
#9741 = CARTESIAN_POINT ( 'NONE',  ( 680.0503988948173628, 923.9481165441617350, 1281.724160490111444 ) ) ;
#9742 = CARTESIAN_POINT ( 'NONE',  ( 633.3289212882058337, 919.9052120443255944, 1379.224160490111899 ) ) ;
#9743 = ORIENTED_EDGE ( 'NONE', *, *, #1447, .F. ) ;
#9744 = CARTESIAN_POINT ( 'NONE',  ( 637.3669776021058624, 918.8137388290108447, 1388.224160490111444 ) ) ;
#9745 = DIRECTION ( 'NONE',  ( -1.000000000000000000, 0.000000000000000000, 0.000000000000000000 ) ) ;
#9746 = EDGE_LOOP ( 'NONE', ( #3200, #1778, #8913, #7227, #4965, #6109 ) ) ;
#9747 = VERTEX_POINT ( 'NONE', #3685 ) ;
#9748 = VECTOR ( 'NONE', #6080, 1000.000000000000000 ) ;
#9749 = ORIENTED_EDGE ( 'NONE', *, *, #8038, .T. ) ;
#9750 = CYLINDRICAL_SURFACE ( 'NONE', #1858, 1.000000000000000888 ) ;
#9751 = PLANE ( 'NONE',  #934 ) ;
#9752 = EDGE_CURVE ( 'NONE', #2371, #803, #564, .T. ) ;
#9753 = VERTEX_POINT ( 'NONE', #8238 ) ;
#9754 = CARTESIAN_POINT ( 'NONE',  ( 700.3080315931697442, 914.9481165441651456, 1399.724160490111444 ) ) ;
#9755 = CARTESIAN_POINT ( 'NONE',  ( 637.0395062729935489, 918.9885787744840400, 1388.299847207800667 ) ) ;
#9756 = DIRECTION ( 'NONE',  ( 0.000000000000000000, 0.000000000000000000, 1.000000000000000000 ) ) ;
#9757 = CIRCLE ( 'NONE', #8964, 1.000000000000000888 ) ;
#9758 = ORIENTED_EDGE ( 'NONE', *, *, #9073, .F. ) ;
#9759 = EDGE_CURVE ( 'NONE', #9753, #7746, #3137, .T. ) ;
#9760 = LINE ( 'NONE', #2953, #2493 ) ;
#9761 = CARTESIAN_POINT ( 'NONE',  ( 669.5503988948173628, 935.9481165441617350, 1286.824160490111581 ) ) ;
#9762 = ADVANCED_FACE ( 'NONE', ( #5087 ), #9750, .T. ) ;
#9763 = CARTESIAN_POINT ( 'NONE',  ( 680.4433913276044450, 874.0682181935166000, 1378.981949181191112 ) ) ;
#9764 = ORIENTED_EDGE ( 'NONE', *, *, #8300, .F. ) ;
#9765 = ORIENTED_EDGE ( 'NONE', *, *, #6571, .F. ) ;
#9766 = EDGE_CURVE ( 'NONE', #375, #2393, #7285, .T. ) ;
#9767 = DIRECTION ( 'NONE',  ( 0.000000000000000000, 0.000000000000000000, 1.000000000000000000 ) ) ;
#9768 = CARTESIAN_POINT ( 'NONE',  ( 701.6351701506614518, 920.2914665049311225, 1379.176619388285644 ) ) ;
#9769 = DIRECTION ( 'NONE',  ( 0.000000000000000000, 1.000000000000000000, 0.000000000000000000 ) ) ;
#9770 = ADVANCED_FACE ( 'NONE', ( #5135 ), #9657, .F. ) ;
#9771 = CARTESIAN_POINT ( 'NONE',  ( 645.1371954592175371, 886.7349131085608178, 1380.724160490111217 ) ) ;
#9772 = PLANE ( 'NONE',  #1502 ) ;
#9773 = CARTESIAN_POINT ( 'NONE',  ( 701.3674458352140846, 921.0050642019903080, 1378.831719941567144 ) ) ;
#9774 =( BOUNDED_CURVE ( )  B_SPLINE_CURVE ( 3, ( #5045, #1290, #5185, #624 ),
 .UNSPECIFIED., .F., .T. ) 
 B_SPLINE_CURVE_WITH_KNOTS ( ( 4, 4 ),
 ( 2.760329711163600486, 4.712388980384696779 ),
 .UNSPECIFIED. ) 
 CURVE ( )  GEOMETRIC_REPRESENTATION_ITEM ( )  RATIONAL_B_SPLINE_CURVE ( ( 1.000000000000000000, 0.7068770171521606693, 0.7068770171521606693, 1.000000000000000000 ) ) 
 REPRESENTATION_ITEM ( '' )  );
#9775 = ADVANCED_FACE ( 'NONE', ( #8336 ), #2236, .T. ) ;
#9776 = CARTESIAN_POINT ( 'NONE',  ( 636.5267492395637419, 893.2905191249288919, 1389.230940108030381 ) ) ;
#9777 = DIRECTION ( 'NONE',  ( -0.000000000000000000, 0.000000000000000000, 1.000000000000000000 ) ) ;
#9778 = DIRECTION ( 'NONE',  ( -0.000000000000000000, -0.000000000000000000, 1.000000000000000000 ) ) ;
#9779 = VERTEX_POINT ( 'NONE', #8188 ) ;
#9780 = ORIENTED_EDGE ( 'NONE', *, *, #7438, .F. ) ;
#9781 = ORIENTED_EDGE ( 'NONE', *, *, #5653, .T. ) ;
#9782 = CYLINDRICAL_SURFACE ( 'NONE', #7436, 1.000000000000067724 ) ;
#9783 = AXIS2_PLACEMENT_3D ( 'NONE', #7148, #8619, #6197 ) ;
#9784 = DIRECTION ( 'NONE',  ( 1.000000000000000000, -0.000000000000000000, -0.000000000000000000 ) ) ;
#9785 = SPHERICAL_SURFACE ( 'NONE', #7079, 1.000000000000000000 ) ;
#9786 = ORIENTED_EDGE ( 'NONE', *, *, #1742, .F. ) ;
#9787 = AXIS2_PLACEMENT_3D ( 'NONE', #9155, #3051, #6084 ) ;
#9788 = DIRECTION ( 'NONE',  ( -1.000000000000000000, 0.000000000000000000, 0.000000000000000000 ) ) ;
#9789 = AXIS2_PLACEMENT_3D ( 'NONE', #5012, #585, #2053 ) ;
#9790 = LINE ( 'NONE', #7434, #6499 ) ;
#9791 = ORIENTED_EDGE ( 'NONE', *, *, #2727, .T. ) ;
#9792 = ORIENTED_EDGE ( 'NONE', *, *, #1264, .F. ) ;
#9793 = ORIENTED_EDGE ( 'NONE', *, *, #4992, .F. ) ;
#9794 = DIRECTION ( 'NONE',  ( 1.000000000000000000, -8.326672684688689830E-16, 0.000000000000000000 ) ) ;
#9795 = AXIS2_PLACEMENT_3D ( 'NONE', #318, #4028, #3386 ) ;
#9796 = CARTESIAN_POINT ( 'NONE',  ( 638.6409187903173006, 889.8304970202219693, 1388.224160490111444 ) ) ;
#9797 = DIRECTION ( 'NONE',  ( 0.000000000000000000, -1.000000000000000000, 0.000000000000000000 ) ) ;
#9798 = CARTESIAN_POINT ( 'NONE',  ( 668.1262683471989021, 936.2590098768151847, 1285.960834711232565 ) ) ;
#9799 = ORIENTED_EDGE ( 'NONE', *, *, #5363, .F. ) ;
#9800 = CARTESIAN_POINT ( 'NONE',  ( 636.0452839094604087, 897.2296727901532449, 1388.558086782754117 ) ) ;
#9801 = CARTESIAN_POINT ( 'NONE',  ( 697.4847019600321119, 917.9481165441651456, 1389.183265665989666 ) ) ;
#9802 = DIRECTION ( 'NONE',  ( -1.000000000000000000, 3.091019250637537289E-15, -0.000000000000000000 ) ) ;
#9803 = CIRCLE ( 'NONE', #3259, 0.9999999999998898659 ) ;
#9804 = ORIENTED_EDGE ( 'NONE', *, *, #4110, .F. ) ;
#9805 = EDGE_CURVE ( 'NONE', #6217, #1593, #1477, .T. ) ;
#9806 = CARTESIAN_POINT ( 'NONE',  ( 680.2945849413308679, 939.7388104971430494, 1388.224160490111444 ) ) ;
#9807 = CARTESIAN_POINT ( 'NONE',  ( 695.8003988948194092, 897.9481165441651456, 1388.745784350350050 ) ) ;
#9808 = ADVANCED_FACE ( 'NONE', ( #1333 ), #4528, .F. ) ;
#9809 = AXIS2_PLACEMENT_3D ( 'NONE', #956, #3170, #903 ) ;
#9810 = CARTESIAN_POINT ( 'NONE',  ( 679.0503988948173628, 924.9481165441617350, 1281.724160490111444 ) ) ;
#9811 = VERTEX_POINT ( 'NONE', #9052 ) ;
#9812 = VERTEX_POINT ( 'NONE', #2186 ) ;
#9813 = EDGE_CURVE ( 'NONE', #5437, #6778, #5229, .T. ) ;
#9814 = FACE_OUTER_BOUND ( 'NONE', #56, .T. ) ;
#9815 = DIRECTION ( 'NONE',  ( 0.000000000000000000, 0.000000000000000000, -1.000000000000000000 ) ) ;
#9816 = CARTESIAN_POINT ( 'NONE',  ( 655.4503988948173401, 888.9481165441617350, 1290.824160490111353 ) ) ;
#9817 = EDGE_CURVE ( 'NONE', #9596, #1270, #4478, .T. ) ;
#9818 = EDGE_CURVE ( 'NONE', #8010, #7345, #6803, .T. ) ;
#9819 = DIRECTION ( 'NONE',  ( 0.000000000000000000, 0.000000000000000000, 1.000000000000000000 ) ) ;
#9820 = AXIS2_PLACEMENT_3D ( 'NONE', #9919, #6758, #594 ) ;
#9821 = CARTESIAN_POINT ( 'NONE',  ( 667.5503988948192955, 907.9481165441652593, 1394.724160490111444 ) ) ;
#9822 = EDGE_CURVE ( 'NONE', #6451, #5840, #5050, .T. ) ;
#9823 = CARTESIAN_POINT ( 'NONE',  ( 697.7338201875327286, 918.8137388290108447, 1388.224160490111444 ) ) ;
#9824 = EDGE_CURVE ( 'NONE', #1347, #1976, #2437, .T. ) ;
#9825 = CARTESIAN_POINT ( 'NONE',  ( 636.4916584305308334, 893.3657576539078491, 1388.442145349065186 ) ) ;
#9826 = CARTESIAN_POINT ( 'NONE',  ( 688.7636023304157789, 929.1613199797623110, 1388.224160490111444 ) ) ;
#9827 = CIRCLE ( 'NONE', #4542, 1.600000000000045830 ) ;
#9828 = AXIS2_PLACEMENT_3D ( 'NONE', #3222, #1766, #6261 ) ;
#9829 = LINE ( 'NONE', #3813, #4290 ) ;
#9830 = CARTESIAN_POINT ( 'NONE',  ( 655.5503988948173628, 897.9481165441617350, 1298.224160490111444 ) ) ;
#9831 = ORIENTED_EDGE ( 'NONE', *, *, #315, .T. ) ;
#9832 = ORIENTED_EDGE ( 'NONE', *, *, #1827, .T. ) ;
#9833 = ORIENTED_EDGE ( 'NONE', *, *, #7377, .F. ) ;
#9834 = CARTESIAN_POINT ( 'NONE',  ( 663.5503988948173628, 888.9481165441617350, 1288.224160490111444 ) ) ;
#9835 = CARTESIAN_POINT ( 'NONE',  ( 696.8003988948141796, 897.9481165441579833, 1389.005524610090561 ) ) ;
#9836 = CARTESIAN_POINT ( 'NONE',  ( 656.0503988948174765, 923.9481165441617350, 1378.224160490111444 ) ) ;
#9837 = DIRECTION ( 'NONE',  ( -0.000000000000000000, 0.000000000000000000, -1.000000000000000000 ) ) ;
#9838 = ORIENTED_EDGE ( 'NONE', *, *, #3101, .F. ) ;
#9839 = CARTESIAN_POINT ( 'NONE',  ( 738.3003988948194092, 907.9481165441650319, 1399.324160490111353 ) ) ;
#9840 = CARTESIAN_POINT ( 'NONE',  ( 679.5982457985101064, 873.7587143950066775, 1378.137146201562018 ) ) ;
#9841 = VECTOR ( 'NONE', #1136, 1000.000000000000000 ) ;
#9842 = ORIENTED_EDGE ( 'NONE', *, *, #8085, .T. ) ;
#9843 = VECTOR ( 'NONE', #6472, 1000.000000000000000 ) ;
#9844 = ORIENTED_EDGE ( 'NONE', *, *, #5293, .F. ) ;
#9845 = ORIENTED_EDGE ( 'NONE', *, *, #4954, .F. ) ;
#9846 = CARTESIAN_POINT ( 'NONE',  ( 638.4472233276410407, 917.9481165441650319, 1388.224160490111444 ) ) ;
#9847 = DIRECTION ( 'NONE',  ( 0.000000000000000000, 0.000000000000000000, -1.000000000000000000 ) ) ;
#9848 = LINE ( 'NONE', #5232, #1257 ) ;
#9849 = CARTESIAN_POINT ( 'NONE',  ( 697.0443928532087057, 891.0154924084683898, 1388.224160490111217 ) ) ;
#9850 = ORIENTED_EDGE ( 'NONE', *, *, #6822, .F. ) ;
#9851 = DIRECTION ( 'NONE',  ( 0.2513983643949918578, 1.709538046589603361E-15, 0.9678837029207191245 ) ) ;
#9852 = LINE ( 'NONE', #123, #59 ) ;
#9853 = VECTOR ( 'NONE', #1203, 1000.000000000000000 ) ;
#9854 = EDGE_CURVE ( 'NONE', #6596, #4278, #7629, .T. ) ;
#9855 = CARTESIAN_POINT ( 'NONE',  ( 668.2503988948172946, 888.9481165441617350, 1288.224160490111444 ) ) ;
#9856 = ORIENTED_EDGE ( 'NONE', *, *, #4244, .F. ) ;
#9857 = DIRECTION ( 'NONE',  ( 0.000000000000000000, -0.000000000000000000, 1.000000000000000000 ) ) ;
#9858 = VECTOR ( 'NONE', #2129, 1000.000000000000000 ) ;
#9859 = LINE ( 'NONE', #9164, #8130 ) ;
#9860 = CARTESIAN_POINT ( 'NONE',  ( 695.6894273792777312, 925.6613199797623110, 1388.716960580079558 ) ) ;
#9861 = EDGE_LOOP ( 'NONE', ( #4951, #5034, #2745, #1475, #7577, #1932, #9912, #1848, #1922, #1272, #4201, #5665, #4946, #1142, #9466, #9547, #3863, #9081, #4639, #7326, #9500, #4194, #9564, #6531, #521, #8080, #7594, #7991, #9780, #6226, #9036, #2871 ) ) ;
#9862 = EDGE_LOOP ( 'NONE', ( #5128, #3123, #1326, #7226 ) ) ;
#9863 = DIRECTION ( 'NONE',  ( 1.000000000000000000, -9.592309208190295504E-17, 0.000000000000000000 ) ) ;
#9864 = CARTESIAN_POINT ( 'NONE',  ( 701.0428632430407561, 921.8160045155337912, 1377.502075922748190 ) ) ;
#9865 = DIRECTION ( 'NONE',  ( 1.000000000000000000, 0.000000000000000000, 0.000000000000000000 ) ) ;
#9866 = VERTEX_POINT ( 'NONE', #8388 ) ;
#9867 = COLOUR_RGB ( '',0.7921568627450980005, 0.8196078431372548767, 0.9333333333333333481 ) ;
#9868 = FACE_OUTER_BOUND ( 'NONE', #2755, .T. ) ;
#9869 = ADVANCED_FACE ( 'NONE', ( #867 ), #5428, .F. ) ;
#9870 = EDGE_CURVE ( 'NONE', #5783, #279, #7755, .T. ) ;
#9871 = LINE ( 'NONE', #8265, #3725 ) ;
#9872 = DIRECTION ( 'NONE',  ( 0.000000000000000000, -0.000000000000000000, 1.000000000000000000 ) ) ;
#9873 = DIRECTION ( 'NONE',  ( -0.000000000000000000, -0.000000000000000000, -1.000000000000000000 ) ) ;
#9874 = AXIS2_PLACEMENT_3D ( 'NONE', #9637, #9543, #5916 ) ;
#9875 = LINE ( 'NONE', #2927, #746 ) ;
#9876 = ORIENTED_EDGE ( 'NONE', *, *, #2782, .F. ) ;
#9877 = VERTEX_POINT ( 'NONE', #5480 ) ;
#9878 = ORIENTED_EDGE ( 'NONE', *, *, #5108, .T. ) ;
#9879 = LINE ( 'NONE', #9928, #8724 ) ;
#9880 = AXIS2_PLACEMENT_3D ( 'NONE', #3580, #4984, #6627 ) ;
#9881 = AXIS2_PLACEMENT_3D ( 'NONE', #2409, #142, #5396 ) ;
#9882 = EDGE_CURVE ( 'NONE', #6027, #4973, #4679, .T. ) ;
#9883 = CARTESIAN_POINT ( 'NONE',  ( 655.0158643933307303, 874.6504338942019103, 1377.521079085958036 ) ) ;
#9884 = CARTESIAN_POINT ( 'NONE',  ( 680.0503988948173628, 880.9013780744462565, 1281.724160490111444 ) ) ;
#9885 = VERTEX_POINT ( 'NONE', #1576 ) ;
#9886 = CARTESIAN_POINT ( 'NONE',  ( 696.8003988948192955, 907.9481165441649182, 1396.124160490111308 ) ) ;
#9887 = CARTESIAN_POINT ( 'NONE',  ( 655.3069424179594762, 940.7187240383574363, 1377.896121678229974 ) ) ;
#9888 = ADVANCED_FACE ( 'NONE', ( #1677 ), #4630, .T. ) ;
#9889 = VECTOR ( 'NONE', #4212, 1000.000000000000000 ) ;
#9890 = ORIENTED_EDGE ( 'NONE', *, *, #3834, .T. ) ;
#9891 = EDGE_LOOP ( 'NONE', ( #6088, #9792, #314, #2256 ) ) ;
#9892 = AXIS2_PLACEMENT_3D ( 'NONE', #1023, #4075, #7129 ) ;
#9893 = ORIENTED_EDGE ( 'NONE', *, *, #3629, .T. ) ;
#9894 = ADVANCED_FACE ( 'NONE', ( #6833 ), #2389, .T. ) ;
#9895 = AXIS2_PLACEMENT_3D ( 'NONE', #826, #5487, #4836 ) ;
#9896 = VECTOR ( 'NONE', #2052, 1000.000000000000000 ) ;
#9897 = DIRECTION ( 'NONE',  ( 9.592309208190295504E-17, 1.000000000000000000, 0.000000000000000000 ) ) ;
#9898 = CARTESIAN_POINT ( 'NONE',  ( 699.3410928477920834, 895.2039304976464109, 1389.424355391673316 ) ) ;
#9899 = CARTESIAN_POINT ( 'NONE',  ( 657.5503988948141796, 878.6981165441579833, 1400.724160490111217 ) ) ;
#9900 = VECTOR ( 'NONE', #1526, 1000.000000000000000 ) ;
#9901 = CARTESIAN_POINT ( 'NONE',  ( 697.3981073589452535, 891.9426874291799550, 1388.224160490111444 ) ) ;
#9902 = ORIENTED_EDGE ( 'NONE', *, *, #9162, .F. ) ;
#9903 = DIRECTION ( 'NONE',  ( 1.000000000000000000, 0.000000000000000000, 0.000000000000000000 ) ) ;
#9904 = CARTESIAN_POINT ( 'NONE',  ( 698.7248530928250148, 920.1691477919101771, 1388.472200863951457 ) ) ;
#9905 = ORIENTED_EDGE ( 'NONE', *, *, #5836, .F. ) ;
#9906 = CARTESIAN_POINT ( 'NONE',  ( 657.0503988948174765, 888.9481165441617350, 1288.224160490111444 ) ) ;
#9907 = EDGE_LOOP ( 'NONE', ( #4738, #8185, #7786, #5514 ) ) ;
#9908 = PLANE ( 'NONE',  #555 ) ;
#9909 = CARTESIAN_POINT ( 'NONE',  ( 685.2636023304157789, 936.0871450286239224, 1390.724160490111444 ) ) ;
#9910 = CIRCLE ( 'NONE', #8636, 1.000000000000004441 ) ;
#9911 = DIRECTION ( 'NONE',  ( -0.000000000000000000, -0.000000000000000000, -1.000000000000000000 ) ) ;
#9912 = ORIENTED_EDGE ( 'NONE', *, *, #518, .F. ) ;
#9913 = ORIENTED_EDGE ( 'NONE', *, *, #1293, .F. ) ;
#9914 = AXIS2_PLACEMENT_3D ( 'NONE', #4388, #6795, #5188 ) ;
#9915 = DIRECTION ( 'NONE',  ( -0.000000000000000000, 0.000000000000000000, -1.000000000000000000 ) ) ;
#9916 = DIRECTION ( 'NONE',  ( -1.190714193910480863E-14, -1.000000000000000000, -0.000000000000000000 ) ) ;
#9917 = DIRECTION ( 'NONE',  ( -1.000000000000000000, -3.330669073875467649E-15, -0.000000000000000000 ) ) ;
#9918 = CARTESIAN_POINT ( 'NONE',  ( 696.8003988948192955, 917.9802328412442876, 1388.745784350350050 ) ) ;
#9919 = CARTESIAN_POINT ( 'NONE',  ( 655.7546109051077110, 881.9481165441617350, 1288.224160490111444 ) ) ;
#9920 = CARTESIAN_POINT ( 'NONE',  ( 647.7503988948172946, 928.9481165441617350, 1295.724160490111444 ) ) ;
#9921 =( BOUNDED_SURFACE ( )  B_SPLINE_SURFACE ( 3, 2, ( 
 ( #119, #3193, #3934 ),
 ( #2539, #2641, #7730 ),
 ( #269, #5535, #4731 ),
 ( #8598, #9299, #5484 ) ),
 .UNSPECIFIED., .F., .F., .T. ) 
 B_SPLINE_SURFACE_WITH_KNOTS ( ( 4, 4 ),
 ( 3, 3 ),
 ( 3.522855596016030155, 3.703413364050856416 ),
 ( 0.000000000000000000, 1.000000000000000000 ),
 .UNSPECIFIED. ) 
 GEOMETRIC_REPRESENTATION_ITEM ( )  RATIONAL_B_SPLINE_SURFACE ( (
 ( 1.000000000000000000, 0.7852855583897391245, 1.000000000000000000),
 ( 1.000000000000000000, 0.7834933915258276427, 1.000000000000000000),
 ( 1.000000000000000000, 0.7812904459744596242, 1.000000000000000000),
 ( 1.000000000000000000, 0.7787024655634297021, 1.000000000000000000) ) ) 
 REPRESENTATION_ITEM ( '' )  SURFACE ( )  );
#9922 = CARTESIAN_POINT ( 'NONE',  ( 653.6674201714131414, 941.4343137269638646, 1377.224160490111444 ) ) ;
#9923 = CARTESIAN_POINT ( 'NONE',  ( 671.5503988948173628, 939.9481165441617350, 1287.224160490111672 ) ) ;
#9924 = CARTESIAN_POINT ( 'NONE',  ( 676.5503988948140659, 876.1904838458079894, 1394.724160490111444 ) ) ;
#9925 = ORIENTED_EDGE ( 'NONE', *, *, #6940, .T. ) ;
#9926 = ORIENTED_EDGE ( 'NONE', *, *, #3829, .F. ) ;
#9927 = VERTEX_POINT ( 'NONE', #1724 ) ;
#9928 = CARTESIAN_POINT ( 'NONE',  ( 678.8503988948173173, 888.9481165441617350, 1288.224160490111444 ) ) ;
#9929 = EDGE_CURVE ( 'NONE', #9001, #4398, #4576, .T. ) ;
#9930 = CARTESIAN_POINT ( 'NONE',  ( 634.6492520093438543, 920.0250066011587933, 1378.050856443670000 ) ) ;
#9931 = CARTESIAN_POINT ( 'NONE',  ( 699.4847019600267686, 895.6923895575592951, 1389.443005925729949 ) ) ;
ENDSEC;
END-ISO-10303-21;
